id;value;datetime
1293;21863.41666666667;2024-01-01T00:00:00+01:00
1293;21200.66666666667;2024-01-01T01:00:00+01:00
1293;20033.08333333333;2024-01-01T02:00:00+01:00
1293;18867.66666666667;2024-01-01T03:00:00+01:00
1293;18137.16666666667;2024-01-01T04:00:00+01:00
1293;17881.16666666667;2024-01-01T05:00:00+01:00
1293;18059.16666666667;2024-01-01T06:00:00+01:00
1293;18429.33333333333;2024-01-01T07:00:00+01:00
1293;18439.33333333333;2024-01-01T08:00:00+01:00
1293;18739.5;2024-01-01T09:00:00+01:00
1293;19864.83333333333;2024-01-01T10:00:00+01:00
1293;21004.58333333333;2024-01-01T11:00:00+01:00
1293;21181.83333333333;2024-01-01T12:00:00+01:00
1293;21358.83333333333;2024-01-01T13:00:00+01:00
1293;21436.66666666667;2024-01-01T14:00:00+01:00
1293;20749.25;2024-01-01T15:00:00+01:00
1293;20887.33333333333;2024-01-01T16:00:00+01:00
1293;22228.75;2024-01-01T17:00:00+01:00
1293;24787.91666666667;2024-01-01T18:00:00+01:00
1293;26178.91666666667;2024-01-01T19:00:00+01:00
1293;27187.33333333333;2024-01-01T20:00:00+01:00
1293;27455.08333333333;2024-01-01T21:00:00+01:00
1293;25878.75;2024-01-01T22:00:00+01:00
1293;23516.41666666667;2024-01-01T23:00:00+01:00
1293;21444.41666666667;2024-01-02T00:00:00+01:00
1293;19714.25;2024-01-02T01:00:00+01:00
1293;18741.66666666667;2024-01-02T02:00:00+01:00
1293;18329.41666666667;2024-01-02T03:00:00+01:00
1293;18326.16666666667;2024-01-02T04:00:00+01:00
1293;19013.16666666667;2024-01-02T05:00:00+01:00
1293;21676.25;2024-01-02T06:00:00+01:00
1293;25308.83333333333;2024-01-02T07:00:00+01:00
1293;28070.33333333333;2024-01-02T08:00:00+01:00
1293;29815.0;2024-01-02T09:00:00+01:00
1293;30574.25;2024-01-02T10:00:00+01:00
1293;30354.91666666667;2024-01-02T11:00:00+01:00
1293;30383.91666666667;2024-01-02T12:00:00+01:00
1293;30866.08333333333;2024-01-02T13:00:00+01:00
1293;30977.0;2024-01-02T14:00:00+01:00
1293;30559.08333333333;2024-01-02T15:00:00+01:00
1293;30437.08333333333;2024-01-02T16:00:00+01:00
1293;31033.0;2024-01-02T17:00:00+01:00
1293;32441.16666666667;2024-01-02T18:00:00+01:00
1293;32815.41666666667;2024-01-02T19:00:00+01:00
1293;33395.41666666667;2024-01-02T20:00:00+01:00
1293;32888.25;2024-01-02T21:00:00+01:00
1293;30019.16666666667;2024-01-02T22:00:00+01:00
1293;26954.16666666667;2024-01-02T23:00:00+01:00
1293;24783.33333333333;2024-01-03T00:00:00+01:00
1293;22885.08333333333;2024-01-03T01:00:00+01:00
1293;21645.75;2024-01-03T02:00:00+01:00
1293;21093.75;2024-01-03T03:00:00+01:00
1293;20938.25;2024-01-03T04:00:00+01:00
1293;21512.5;2024-01-03T05:00:00+01:00
1293;23729.25;2024-01-03T06:00:00+01:00
1293;26788.58333333333;2024-01-03T07:00:00+01:00
1293;29448.41666666667;2024-01-03T08:00:00+01:00
1293;31009.08333333333;2024-01-03T09:00:00+01:00
1293;31638.66666666667;2024-01-03T10:00:00+01:00
1293;31149.25;2024-01-03T11:00:00+01:00
1293;30680.16666666667;2024-01-03T12:00:00+01:00
1293;31102.08333333333;2024-01-03T13:00:00+01:00
1293;31047.16666666667;2024-01-03T14:00:00+01:00
1293;30381.83333333333;2024-01-03T15:00:00+01:00
1293;30184.58333333333;2024-01-03T16:00:00+01:00
1293;30578.33333333333;2024-01-03T17:00:00+01:00
1293;31860.58333333333;2024-01-03T18:00:00+01:00
1293;32367.0;2024-01-03T19:00:00+01:00
1293;32871.0;2024-01-03T20:00:00+01:00
1293;32380.91666666667;2024-01-03T21:00:00+01:00
1293;29852.91666666667;2024-01-03T22:00:00+01:00
1293;27054.0;2024-01-03T23:00:00+01:00
1293;24927.83333333333;2024-01-04T00:00:00+01:00
1293;23017.08333333333;2024-01-04T01:00:00+01:00
1293;21817.25;2024-01-04T02:00:00+01:00
1293;21257.5;2024-01-04T03:00:00+01:00
1293;21056.83333333333;2024-01-04T04:00:00+01:00
1293;21567.08333333333;2024-01-04T05:00:00+01:00
1293;23920.0;2024-01-04T06:00:00+01:00
1293;27105.0;2024-01-04T07:00:00+01:00
1293;29434.25;2024-01-04T08:00:00+01:00
1293;31065.41666666667;2024-01-04T09:00:00+01:00
1293;31603.83333333333;2024-01-04T10:00:00+01:00
1293;31566.66666666667;2024-01-04T11:00:00+01:00
1293;31562.41666666667;2024-01-04T12:00:00+01:00
1293;31921.58333333333;2024-01-04T13:00:00+01:00
1293;31786.58333333333;2024-01-04T14:00:00+01:00
1293;31078.58333333333;2024-01-04T15:00:00+01:00
1293;30851.16666666667;2024-01-04T16:00:00+01:00
1293;31051.41666666667;2024-01-04T17:00:00+01:00
1293;32079.58333333333;2024-01-04T18:00:00+01:00
1293;32525.16666666667;2024-01-04T19:00:00+01:00
1293;33023.58333333334;2024-01-04T20:00:00+01:00
1293;32481.33333333333;2024-01-04T21:00:00+01:00
1293;29822.0;2024-01-04T22:00:00+01:00
1293;27002.5;2024-01-04T23:00:00+01:00
1293;24882.75;2024-01-05T00:00:00+01:00
1293;22988.16666666667;2024-01-05T01:00:00+01:00
1293;21780.83333333333;2024-01-05T02:00:00+01:00
1293;21035.16666666667;2024-01-05T03:00:00+01:00
1293;20837.33333333333;2024-01-05T04:00:00+01:00
1293;21348.91666666667;2024-01-05T05:00:00+01:00
1293;23280.5;2024-01-05T06:00:00+01:00
1293;26289.41666666667;2024-01-05T07:00:00+01:00
1293;28490.0;2024-01-05T08:00:00+01:00
1293;30070.75;2024-01-05T09:00:00+01:00
1293;30321.5;2024-01-05T10:00:00+01:00
1293;30087.16666666667;2024-01-05T11:00:00+01:00
1293;30031.75;2024-01-05T12:00:00+01:00
1293;30070.58333333333;2024-01-05T13:00:00+01:00
1293;29797.58333333333;2024-01-05T14:00:00+01:00
1293;28900.08333333333;2024-01-05T15:00:00+01:00
1293;28612.16666666667;2024-01-05T16:00:00+01:00
1293;28891.16666666667;2024-01-05T17:00:00+01:00
1293;29732.58333333333;2024-01-05T18:00:00+01:00
1293;29878.25;2024-01-05T19:00:00+01:00
1293;30191.16666666667;2024-01-05T20:00:00+01:00
1293;29917.25;2024-01-05T21:00:00+01:00
1293;28011.16666666667;2024-01-05T22:00:00+01:00
1293;25902.41666666667;2024-01-05T23:00:00+01:00
1293;24205.25;2024-01-06T00:00:00+01:00
1293;22319.0;2024-01-06T01:00:00+01:00
1293;20907.66666666667;2024-01-06T02:00:00+01:00
1293;20054.91666666667;2024-01-06T03:00:00+01:00
1293;19647.91666666667;2024-01-06T04:00:00+01:00
1293;19586.08333333333;2024-01-06T05:00:00+01:00
1293;19933.33333333333;2024-01-06T06:00:00+01:00
1293;20609.41666666667;2024-01-06T07:00:00+01:00
1293;21343.16666666667;2024-01-06T08:00:00+01:00
1293;22753.16666666667;2024-01-06T09:00:00+01:00
1293;24271.0;2024-01-06T10:00:00+01:00
1293;24625.33333333333;2024-01-06T11:00:00+01:00
1293;24527.75;2024-01-06T12:00:00+01:00
1293;24652.25;2024-01-06T13:00:00+01:00
1293;24354.08333333333;2024-01-06T14:00:00+01:00
1293;23449.16666666667;2024-01-06T15:00:00+01:00
1293;23652.83333333333;2024-01-06T16:00:00+01:00
1293;24477.5;2024-01-06T17:00:00+01:00
1293;26566.16666666667;2024-01-06T18:00:00+01:00
1293;27611.5;2024-01-06T19:00:00+01:00
1293;28357.0;2024-01-06T20:00:00+01:00
1293;28743.33333333333;2024-01-06T21:00:00+01:00
1293;27496.08333333333;2024-01-06T22:00:00+01:00
1293;25613.58333333333;2024-01-06T23:00:00+01:00
1293;23742.0;2024-01-07T00:00:00+01:00
1293;21834.91666666667;2024-01-07T01:00:00+01:00
1293;20473.83333333333;2024-01-07T02:00:00+01:00
1293;19668.66666666667;2024-01-07T03:00:00+01:00
1293;19230.83333333333;2024-01-07T04:00:00+01:00
1293;19350.16666666667;2024-01-07T05:00:00+01:00
1293;19875.58333333333;2024-01-07T06:00:00+01:00
1293;20867.5;2024-01-07T07:00:00+01:00
1293;21762.08333333333;2024-01-07T08:00:00+01:00
1293;23142.58333333333;2024-01-07T09:00:00+01:00
1293;24423.25;2024-01-07T10:00:00+01:00
1293;24766.25;2024-01-07T11:00:00+01:00
1293;24766.58333333333;2024-01-07T12:00:00+01:00
1293;25237.41666666667;2024-01-07T13:00:00+01:00
1293;25835.58333333333;2024-01-07T14:00:00+01:00
1293;25261.33333333333;2024-01-07T15:00:00+01:00
1293;25184.0;2024-01-07T16:00:00+01:00
1293;26104.16666666667;2024-01-07T17:00:00+01:00
1293;28979.33333333333;2024-01-07T18:00:00+01:00
1293;30585.41666666667;2024-01-07T19:00:00+01:00
1293;31776.41666666667;2024-01-07T20:00:00+01:00
1293;31885.16666666667;2024-01-07T21:00:00+01:00
1293;29675.25;2024-01-07T22:00:00+01:00
1293;26742.75;2024-01-07T23:00:00+01:00
1293;24327.33333333333;2024-01-08T00:00:00+01:00
1293;22521.58333333333;2024-01-08T01:00:00+01:00
1293;21536.5;2024-01-08T02:00:00+01:00
1293;21210.25;2024-01-08T03:00:00+01:00
1293;21246.66666666667;2024-01-08T04:00:00+01:00
1293;22084.25;2024-01-08T05:00:00+01:00
1293;25299.33333333333;2024-01-08T06:00:00+01:00
1293;30479.5;2024-01-08T07:00:00+01:00
1293;34005.58333333334;2024-01-08T08:00:00+01:00
1293;34735.58333333334;2024-01-08T09:00:00+01:00
1293;34249.5;2024-01-08T10:00:00+01:00
1293;33462.25;2024-01-08T11:00:00+01:00
1293;32958.75;2024-01-08T12:00:00+01:00
1293;32769.91666666667;2024-01-08T13:00:00+01:00
1293;32824.33333333334;2024-01-08T14:00:00+01:00
1293;33041.33333333334;2024-01-08T15:00:00+01:00
1293;33391.75;2024-01-08T16:00:00+01:00
1293;34505.16666666667;2024-01-08T17:00:00+01:00
1293;36127.66666666667;2024-01-08T18:00:00+01:00
1293;37185.25;2024-01-08T19:00:00+01:00
1293;37863.66666666667;2024-01-08T20:00:00+01:00
1293;36887.25;2024-01-08T21:00:00+01:00
1293;33140.0;2024-01-08T22:00:00+01:00
1293;29485.5;2024-01-08T23:00:00+01:00
1293;27125.83333333333;2024-01-09T00:00:00+01:00
1293;25182.33333333333;2024-01-09T01:00:00+01:00
1293;23993.83333333333;2024-01-09T02:00:00+01:00
1293;23453.5;2024-01-09T03:00:00+01:00
1293;23446.33333333333;2024-01-09T04:00:00+01:00
1293;24125.66666666667;2024-01-09T05:00:00+01:00
1293;27074.91666666667;2024-01-09T06:00:00+01:00
1293;31845.66666666667;2024-01-09T07:00:00+01:00
1293;34838.58333333334;2024-01-09T08:00:00+01:00
1293;35525.08333333334;2024-01-09T09:00:00+01:00
1293;35592.41666666667;2024-01-09T10:00:00+01:00
1293;35016.91666666667;2024-01-09T11:00:00+01:00
1293;34752.33333333334;2024-01-09T12:00:00+01:00
1293;35010.33333333334;2024-01-09T13:00:00+01:00
1293;34995.08333333334;2024-01-09T14:00:00+01:00
1293;34769.5;2024-01-09T15:00:00+01:00
1293;34747.91666666667;2024-01-09T16:00:00+01:00
1293;35327.5;2024-01-09T17:00:00+01:00
1293;36656.08333333334;2024-01-09T18:00:00+01:00
1293;37538.75;2024-01-09T19:00:00+01:00
1293;37994.33333333334;2024-01-09T20:00:00+01:00
1293;36962.58333333334;2024-01-09T21:00:00+01:00
1293;33300.25;2024-01-09T22:00:00+01:00
1293;29565.16666666667;2024-01-09T23:00:00+01:00
1293;27237.08333333333;2024-01-10T00:00:00+01:00
1293;25283.41666666667;2024-01-10T01:00:00+01:00
1293;23947.16666666667;2024-01-10T02:00:00+01:00
1293;23495.58333333333;2024-01-10T03:00:00+01:00
1293;23481.58333333333;2024-01-10T04:00:00+01:00
1293;24164.75;2024-01-10T05:00:00+01:00
1293;27132.58333333333;2024-01-10T06:00:00+01:00
1293;31890.75;2024-01-10T07:00:00+01:00
1293;34768.58333333334;2024-01-10T08:00:00+01:00
1293;35647.25;2024-01-10T09:00:00+01:00
1293;36121.66666666667;2024-01-10T10:00:00+01:00
1293;36085.58333333334;2024-01-10T11:00:00+01:00
1293;35980.0;2024-01-10T12:00:00+01:00
1293;36189.58333333334;2024-01-10T13:00:00+01:00
1293;35849.83333333334;2024-01-10T14:00:00+01:00
1293;35321.91666666667;2024-01-10T15:00:00+01:00
1293;34986.75;2024-01-10T16:00:00+01:00
1293;35210.33333333334;2024-01-10T17:00:00+01:00
1293;36350.0;2024-01-10T18:00:00+01:00
1293;37335.33333333334;2024-01-10T19:00:00+01:00
1293;37836.0;2024-01-10T20:00:00+01:00
1293;36553.16666666667;2024-01-10T21:00:00+01:00
1293;33011.08333333334;2024-01-10T22:00:00+01:00
1293;29344.0;2024-01-10T23:00:00+01:00
1293;27036.5;2024-01-11T00:00:00+01:00
1293;25229.83333333333;2024-01-11T01:00:00+01:00
1293;24012.08333333333;2024-01-11T02:00:00+01:00
1293;23528.41666666667;2024-01-11T03:00:00+01:00
1293;23376.16666666667;2024-01-11T04:00:00+01:00
1293;24068.0;2024-01-11T05:00:00+01:00
1293;27046.75;2024-01-11T06:00:00+01:00
1293;31807.0;2024-01-11T07:00:00+01:00
1293;34741.66666666667;2024-01-11T08:00:00+01:00
1293;35413.0;2024-01-11T09:00:00+01:00
1293;35433.5;2024-01-11T10:00:00+01:00
1293;34485.08333333334;2024-01-11T11:00:00+01:00
1293;33816.83333333334;2024-01-11T12:00:00+01:00
1293;33824.75;2024-01-11T13:00:00+01:00
1293;33461.41666666667;2024-01-11T14:00:00+01:00
1293;33227.0;2024-01-11T15:00:00+01:00
1293;33368.91666666667;2024-01-11T16:00:00+01:00
1293;34228.25;2024-01-11T17:00:00+01:00
1293;36061.16666666667;2024-01-11T18:00:00+01:00
1293;37332.16666666667;2024-01-11T19:00:00+01:00
1293;38012.16666666667;2024-01-11T20:00:00+01:00
1293;36982.41666666667;2024-01-11T21:00:00+01:00
1293;33713.16666666667;2024-01-11T22:00:00+01:00
1293;29954.16666666667;2024-01-11T23:00:00+01:00
1293;27620.83333333333;2024-01-12T00:00:00+01:00
1293;25577.41666666667;2024-01-12T01:00:00+01:00
1293;24492.83333333333;2024-01-12T02:00:00+01:00
1293;24116.91666666667;2024-01-12T03:00:00+01:00
1293;23979.33333333333;2024-01-12T04:00:00+01:00
1293;24581.0;2024-01-12T05:00:00+01:00
1293;27667.5;2024-01-12T06:00:00+01:00
1293;32512.33333333333;2024-01-12T07:00:00+01:00
1293;35343.5;2024-01-12T08:00:00+01:00
1293;35959.91666666667;2024-01-12T09:00:00+01:00
1293;35676.25;2024-01-12T10:00:00+01:00
1293;34736.08333333334;2024-01-12T11:00:00+01:00
1293;34131.5;2024-01-12T12:00:00+01:00
1293;33574.83333333334;2024-01-12T13:00:00+01:00
1293;33023.83333333334;2024-01-12T14:00:00+01:00
1293;32566.83333333333;2024-01-12T15:00:00+01:00
1293;32893.33333333334;2024-01-12T16:00:00+01:00
1293;33433.66666666667;2024-01-12T17:00:00+01:00
1293;35212.33333333334;2024-01-12T18:00:00+01:00
1293;36197.83333333334;2024-01-12T19:00:00+01:00
1293;36396.75;2024-01-12T20:00:00+01:00
1293;35562.91666666667;2024-01-12T21:00:00+01:00
1293;32754.66666666667;2024-01-12T22:00:00+01:00
1293;29758.58333333333;2024-01-12T23:00:00+01:00
1293;27688.5;2024-01-13T00:00:00+01:00
1293;25671.58333333333;2024-01-13T01:00:00+01:00
1293;24387.75;2024-01-13T02:00:00+01:00
1293;23347.08333333333;2024-01-13T03:00:00+01:00
1293;22898.66666666667;2024-01-13T04:00:00+01:00
1293;22777.0;2024-01-13T05:00:00+01:00
1293;23374.83333333333;2024-01-13T06:00:00+01:00
1293;24932.0;2024-01-13T07:00:00+01:00
1293;26703.0;2024-01-13T08:00:00+01:00
1293;28945.66666666667;2024-01-13T09:00:00+01:00
1293;30264.25;2024-01-13T10:00:00+01:00
1293;30305.41666666667;2024-01-13T11:00:00+01:00
1293;29865.41666666667;2024-01-13T12:00:00+01:00
1293;29957.33333333333;2024-01-13T13:00:00+01:00
1293;29988.58333333333;2024-01-13T14:00:00+01:00
1293;29373.16666666667;2024-01-13T15:00:00+01:00
1293;29032.33333333333;2024-01-13T16:00:00+01:00
1293;29295.83333333333;2024-01-13T17:00:00+01:00
1293;30894.91666666667;2024-01-13T18:00:00+01:00
1293;31708.25;2024-01-13T19:00:00+01:00
1293;32043.83333333333;2024-01-13T20:00:00+01:00
1293;31689.25;2024-01-13T21:00:00+01:00
1293;29672.5;2024-01-13T22:00:00+01:00
1293;27366.58333333333;2024-01-13T23:00:00+01:00
1293;25229.0;2024-01-14T00:00:00+01:00
1293;23175.41666666667;2024-01-14T01:00:00+01:00
1293;21734.75;2024-01-14T02:00:00+01:00
1293;20882.83333333333;2024-01-14T03:00:00+01:00
1293;20353.08333333333;2024-01-14T04:00:00+01:00
1293;20384.41666666667;2024-01-14T05:00:00+01:00
1293;20707.58333333333;2024-01-14T06:00:00+01:00
1293;21563.91666666667;2024-01-14T07:00:00+01:00
1293;22434.41666666667;2024-01-14T08:00:00+01:00
1293;24259.66666666667;2024-01-14T09:00:00+01:00
1293;26148.33333333333;2024-01-14T10:00:00+01:00
1293;27095.08333333333;2024-01-14T11:00:00+01:00
1293;27445.75;2024-01-14T12:00:00+01:00
1293;28110.0;2024-01-14T13:00:00+01:00
1293;28434.41666666667;2024-01-14T14:00:00+01:00
1293;27339.66666666667;2024-01-14T15:00:00+01:00
1293;26740.75;2024-01-14T16:00:00+01:00
1293;26986.33333333333;2024-01-14T17:00:00+01:00
1293;28951.16666666667;2024-01-14T18:00:00+01:00
1293;30448.91666666667;2024-01-14T19:00:00+01:00
1293;31294.83333333333;2024-01-14T20:00:00+01:00
1293;30807.83333333333;2024-01-14T21:00:00+01:00
1293;28912.75;2024-01-14T22:00:00+01:00
1293;26395.91666666667;2024-01-14T23:00:00+01:00
1293;24076.5;2024-01-15T00:00:00+01:00
1293;22619.5;2024-01-15T01:00:00+01:00
1293;21716.75;2024-01-15T02:00:00+01:00
1293;21286.16666666667;2024-01-15T03:00:00+01:00
1293;21379.91666666667;2024-01-15T04:00:00+01:00
1293;22308.25;2024-01-15T05:00:00+01:00
1293;25660.66666666667;2024-01-15T06:00:00+01:00
1293;30415.16666666667;2024-01-15T07:00:00+01:00
1293;33394.25;2024-01-15T08:00:00+01:00
1293;34060.33333333334;2024-01-15T09:00:00+01:00
1293;34429.41666666667;2024-01-15T10:00:00+01:00
1293;34237.91666666667;2024-01-15T11:00:00+01:00
1293;34254.75;2024-01-15T12:00:00+01:00
1293;34367.91666666667;2024-01-15T13:00:00+01:00
1293;33979.91666666667;2024-01-15T14:00:00+01:00
1293;33208.0;2024-01-15T15:00:00+01:00
1293;32794.58333333334;2024-01-15T16:00:00+01:00
1293;32993.41666666667;2024-01-15T17:00:00+01:00
1293;34156.5;2024-01-15T18:00:00+01:00
1293;35173.83333333334;2024-01-15T19:00:00+01:00
1293;35621.16666666667;2024-01-15T20:00:00+01:00
1293;34589.16666666667;2024-01-15T21:00:00+01:00
1293;31224.41666666667;2024-01-15T22:00:00+01:00
1293;27773.5;2024-01-15T23:00:00+01:00
1293;25866.75;2024-01-16T00:00:00+01:00
1293;24183.0;2024-01-16T01:00:00+01:00
1293;23156.91666666667;2024-01-16T02:00:00+01:00
1293;22652.83333333333;2024-01-16T03:00:00+01:00
1293;22607.91666666667;2024-01-16T04:00:00+01:00
1293;23387.83333333333;2024-01-16T05:00:00+01:00
1293;26187.75;2024-01-16T06:00:00+01:00
1293;30751.41666666667;2024-01-16T07:00:00+01:00
1293;33161.91666666667;2024-01-16T08:00:00+01:00
1293;33416.66666666667;2024-01-16T09:00:00+01:00
1293;33277.91666666667;2024-01-16T10:00:00+01:00
1293;33117.91666666667;2024-01-16T11:00:00+01:00
1293;33160.0;2024-01-16T12:00:00+01:00
1293;33224.41666666667;2024-01-16T13:00:00+01:00
1293;33017.41666666667;2024-01-16T14:00:00+01:00
1293;32687.58333333333;2024-01-16T15:00:00+01:00
1293;32320.83333333333;2024-01-16T16:00:00+01:00
1293;32636.75;2024-01-16T17:00:00+01:00
1293;33962.5;2024-01-16T18:00:00+01:00
1293;35049.66666666667;2024-01-16T19:00:00+01:00
1293;35596.91666666667;2024-01-16T20:00:00+01:00
1293;34409.75;2024-01-16T21:00:00+01:00
1293;30746.25;2024-01-16T22:00:00+01:00
1293;27505.16666666667;2024-01-16T23:00:00+01:00
1293;25838.33333333333;2024-01-17T00:00:00+01:00
1293;24291.0;2024-01-17T01:00:00+01:00
1293;23150.41666666667;2024-01-17T02:00:00+01:00
1293;22742.33333333333;2024-01-17T03:00:00+01:00
1293;22672.41666666667;2024-01-17T04:00:00+01:00
1293;23253.5;2024-01-17T05:00:00+01:00
1293;26032.83333333333;2024-01-17T06:00:00+01:00
1293;30245.66666666667;2024-01-17T07:00:00+01:00
1293;32538.25;2024-01-17T08:00:00+01:00
1293;32880.0;2024-01-17T09:00:00+01:00
1293;32739.58333333333;2024-01-17T10:00:00+01:00
1293;32181.75;2024-01-17T11:00:00+01:00
1293;32213.16666666667;2024-01-17T12:00:00+01:00
1293;32375.66666666667;2024-01-17T13:00:00+01:00
1293;31638.33333333333;2024-01-17T14:00:00+01:00
1293;30873.33333333333;2024-01-17T15:00:00+01:00
1293;30909.16666666667;2024-01-17T16:00:00+01:00
1293;31420.58333333333;2024-01-17T17:00:00+01:00
1293;32881.25;2024-01-17T18:00:00+01:00
1293;34267.08333333334;2024-01-17T19:00:00+01:00
1293;34881.33333333334;2024-01-17T20:00:00+01:00
1293;34031.83333333334;2024-01-17T21:00:00+01:00
1293;30768.16666666667;2024-01-17T22:00:00+01:00
1293;27641.16666666667;2024-01-17T23:00:00+01:00
1293;25666.83333333333;2024-01-18T00:00:00+01:00
1293;23995.16666666667;2024-01-18T01:00:00+01:00
1293;23175.08333333333;2024-01-18T02:00:00+01:00
1293;22681.16666666667;2024-01-18T03:00:00+01:00
1293;22688.41666666667;2024-01-18T04:00:00+01:00
1293;23165.5;2024-01-18T05:00:00+01:00
1293;26073.33333333333;2024-01-18T06:00:00+01:00
1293;30192.41666666667;2024-01-18T07:00:00+01:00
1293;32305.58333333333;2024-01-18T08:00:00+01:00
1293;32377.08333333333;2024-01-18T09:00:00+01:00
1293;31821.5;2024-01-18T10:00:00+01:00
1293;31155.0;2024-01-18T11:00:00+01:00
1293;30900.16666666667;2024-01-18T12:00:00+01:00
1293;30963.08333333333;2024-01-18T13:00:00+01:00
1293;30808.75;2024-01-18T14:00:00+01:00
1293;30457.08333333333;2024-01-18T15:00:00+01:00
1293;30703.75;2024-01-18T16:00:00+01:00
1293;31072.08333333333;2024-01-18T17:00:00+01:00
1293;32393.58333333333;2024-01-18T18:00:00+01:00
1293;33580.58333333334;2024-01-18T19:00:00+01:00
1293;34250.91666666667;2024-01-18T20:00:00+01:00
1293;33353.66666666667;2024-01-18T21:00:00+01:00
1293;30278.25;2024-01-18T22:00:00+01:00
1293;27333.83333333333;2024-01-18T23:00:00+01:00
1293;25769.25;2024-01-19T00:00:00+01:00
1293;24156.25;2024-01-19T01:00:00+01:00
1293;22992.16666666667;2024-01-19T02:00:00+01:00
1293;22775.5;2024-01-19T03:00:00+01:00
1293;22669.33333333333;2024-01-19T04:00:00+01:00
1293;23045.08333333333;2024-01-19T05:00:00+01:00
1293;25980.41666666667;2024-01-19T06:00:00+01:00
1293;30190.41666666667;2024-01-19T07:00:00+01:00
1293;32383.0;2024-01-19T08:00:00+01:00
1293;33356.41666666667;2024-01-19T09:00:00+01:00
1293;34183.91666666667;2024-01-19T10:00:00+01:00
1293;34615.25;2024-01-19T11:00:00+01:00
1293;34864.25;2024-01-19T12:00:00+01:00
1293;34830.33333333334;2024-01-19T13:00:00+01:00
1293;34154.91666666667;2024-01-19T14:00:00+01:00
1293;33275.66666666667;2024-01-19T15:00:00+01:00
1293;32740.33333333333;2024-01-19T16:00:00+01:00
1293;32818.83333333334;2024-01-19T17:00:00+01:00
1293;33757.58333333334;2024-01-19T18:00:00+01:00
1293;34576.66666666667;2024-01-19T19:00:00+01:00
1293;34646.16666666667;2024-01-19T20:00:00+01:00
1293;33501.16666666667;2024-01-19T21:00:00+01:00
1293;30642.75;2024-01-19T22:00:00+01:00
1293;27973.75;2024-01-19T23:00:00+01:00
1293;26384.0;2024-01-20T00:00:00+01:00
1293;24499.16666666667;2024-01-20T01:00:00+01:00
1293;23109.16666666667;2024-01-20T02:00:00+01:00
1293;22355.08333333333;2024-01-20T03:00:00+01:00
1293;21897.33333333333;2024-01-20T04:00:00+01:00
1293;21900.75;2024-01-20T05:00:00+01:00
1293;22535.0;2024-01-20T06:00:00+01:00
1293;24039.83333333333;2024-01-20T07:00:00+01:00
1293;25789.58333333333;2024-01-20T08:00:00+01:00
1293;27864.25;2024-01-20T09:00:00+01:00
1293;29037.91666666667;2024-01-20T10:00:00+01:00
1293;28733.58333333333;2024-01-20T11:00:00+01:00
1293;27956.25;2024-01-20T12:00:00+01:00
1293;27754.33333333333;2024-01-20T13:00:00+01:00
1293;27696.41666666667;2024-01-20T14:00:00+01:00
1293;27099.58333333333;2024-01-20T15:00:00+01:00
1293;26849.08333333333;2024-01-20T16:00:00+01:00
1293;27524.41666666667;2024-01-20T17:00:00+01:00
1293;29157.41666666667;2024-01-20T18:00:00+01:00
1293;30494.58333333333;2024-01-20T19:00:00+01:00
1293;30909.91666666667;2024-01-20T20:00:00+01:00
1293;30735.33333333333;2024-01-20T21:00:00+01:00
1293;28716.83333333333;2024-01-20T22:00:00+01:00
1293;26493.91666666667;2024-01-20T23:00:00+01:00
1293;24799.91666666667;2024-01-21T00:00:00+01:00
1293;22900.58333333333;2024-01-21T01:00:00+01:00
1293;21652.41666666667;2024-01-21T02:00:00+01:00
1293;20974.75;2024-01-21T03:00:00+01:00
1293;20529.33333333333;2024-01-21T04:00:00+01:00
1293;20367.08333333333;2024-01-21T05:00:00+01:00
1293;20843.41666666667;2024-01-21T06:00:00+01:00
1293;21837.58333333333;2024-01-21T07:00:00+01:00
1293;22853.58333333333;2024-01-21T08:00:00+01:00
1293;24288.91666666667;2024-01-21T09:00:00+01:00
1293;25673.33333333333;2024-01-21T10:00:00+01:00
1293;25601.25;2024-01-21T11:00:00+01:00
1293;25255.33333333333;2024-01-21T12:00:00+01:00
1293;25407.41666666667;2024-01-21T13:00:00+01:00
1293;25542.16666666667;2024-01-21T14:00:00+01:00
1293;24844.83333333333;2024-01-21T15:00:00+01:00
1293;24702.16666666667;2024-01-21T16:00:00+01:00
1293;25584.58333333333;2024-01-21T17:00:00+01:00
1293;27642.66666666667;2024-01-21T18:00:00+01:00
1293;29649.16666666667;2024-01-21T19:00:00+01:00
1293;30795.66666666667;2024-01-21T20:00:00+01:00
1293;30999.25;2024-01-21T21:00:00+01:00
1293;29046.83333333333;2024-01-21T22:00:00+01:00
1293;26517.33333333333;2024-01-21T23:00:00+01:00
1293;24272.08333333333;2024-01-22T00:00:00+01:00
1293;22668.25;2024-01-22T01:00:00+01:00
1293;21645.25;2024-01-22T02:00:00+01:00
1293;21189.0;2024-01-22T03:00:00+01:00
1293;21269.83333333333;2024-01-22T04:00:00+01:00
1293;22167.58333333333;2024-01-22T05:00:00+01:00
1293;25449.5;2024-01-22T06:00:00+01:00
1293;30433.08333333333;2024-01-22T07:00:00+01:00
1293;33307.25;2024-01-22T08:00:00+01:00
1293;33783.75;2024-01-22T09:00:00+01:00
1293;33262.83333333334;2024-01-22T10:00:00+01:00
1293;32429.41666666667;2024-01-22T11:00:00+01:00
1293;31801.5;2024-01-22T12:00:00+01:00
1293;31586.75;2024-01-22T13:00:00+01:00
1293;31143.58333333333;2024-01-22T14:00:00+01:00
1293;30674.66666666667;2024-01-22T15:00:00+01:00
1293;30825.33333333333;2024-01-22T16:00:00+01:00
1293;31381.5;2024-01-22T17:00:00+01:00
1293;33170.16666666667;2024-01-22T18:00:00+01:00
1293;35015.25;2024-01-22T19:00:00+01:00
1293;35759.33333333334;2024-01-22T20:00:00+01:00
1293;34880.33333333334;2024-01-22T21:00:00+01:00
1293;31361.16666666667;2024-01-22T22:00:00+01:00
1293;27970.25;2024-01-22T23:00:00+01:00
1293;25924.33333333333;2024-01-23T00:00:00+01:00
1293;24320.66666666667;2024-01-23T01:00:00+01:00
1293;23234.5;2024-01-23T02:00:00+01:00
1293;22760.41666666667;2024-01-23T03:00:00+01:00
1293;22768.0;2024-01-23T04:00:00+01:00
1293;23462.75;2024-01-23T05:00:00+01:00
1293;26597.91666666667;2024-01-23T06:00:00+01:00
1293;31051.5;2024-01-23T07:00:00+01:00
1293;33596.08333333334;2024-01-23T08:00:00+01:00
1293;33650.16666666667;2024-01-23T09:00:00+01:00
1293;32995.25;2024-01-23T10:00:00+01:00
1293;31939.41666666667;2024-01-23T11:00:00+01:00
1293;31136.41666666667;2024-01-23T12:00:00+01:00
1293;30792.66666666667;2024-01-23T13:00:00+01:00
1293;30412.16666666667;2024-01-23T14:00:00+01:00
1293;30063.75;2024-01-23T15:00:00+01:00
1293;30400.75;2024-01-23T16:00:00+01:00
1293;31028.16666666667;2024-01-23T17:00:00+01:00
1293;32695.0;2024-01-23T18:00:00+01:00
1293;34570.33333333334;2024-01-23T19:00:00+01:00
1293;35362.25;2024-01-23T20:00:00+01:00
1293;34622.5;2024-01-23T21:00:00+01:00
1293;31172.66666666667;2024-01-23T22:00:00+01:00
1293;28004.5;2024-01-23T23:00:00+01:00
1293;25925.08333333333;2024-01-24T00:00:00+01:00
1293;24337.33333333333;2024-01-24T01:00:00+01:00
1293;23210.16666666667;2024-01-24T02:00:00+01:00
1293;22754.83333333333;2024-01-24T03:00:00+01:00
1293;22632.25;2024-01-24T04:00:00+01:00
1293;23348.25;2024-01-24T05:00:00+01:00
1293;26292.16666666667;2024-01-24T06:00:00+01:00
1293;31004.75;2024-01-24T07:00:00+01:00
1293;33201.25;2024-01-24T08:00:00+01:00
1293;33030.66666666667;2024-01-24T09:00:00+01:00
1293;32072.25;2024-01-24T10:00:00+01:00
1293;31200.25;2024-01-24T11:00:00+01:00
1293;30437.75;2024-01-24T12:00:00+01:00
1293;30176.91666666667;2024-01-24T13:00:00+01:00
1293;29649.83333333333;2024-01-24T14:00:00+01:00
1293;29410.66666666667;2024-01-24T15:00:00+01:00
1293;29577.41666666667;2024-01-24T16:00:00+01:00
1293;30117.75;2024-01-24T17:00:00+01:00
1293;31831.0;2024-01-24T18:00:00+01:00
1293;33828.0;2024-01-24T19:00:00+01:00
1293;34729.75;2024-01-24T20:00:00+01:00
1293;33879.16666666667;2024-01-24T21:00:00+01:00
1293;30757.08333333333;2024-01-24T22:00:00+01:00
1293;27789.91666666667;2024-01-24T23:00:00+01:00
1293;25908.16666666667;2024-01-25T00:00:00+01:00
1293;24060.25;2024-01-25T01:00:00+01:00
1293;22869.58333333333;2024-01-25T02:00:00+01:00
1293;22526.75;2024-01-25T03:00:00+01:00
1293;22457.41666666667;2024-01-25T04:00:00+01:00
1293;23149.5;2024-01-25T05:00:00+01:00
1293;26094.58333333333;2024-01-25T06:00:00+01:00
1293;30555.25;2024-01-25T07:00:00+01:00
1293;32695.83333333333;2024-01-25T08:00:00+01:00
1293;32602.16666666667;2024-01-25T09:00:00+01:00
1293;31731.5;2024-01-25T10:00:00+01:00
1293;30751.91666666667;2024-01-25T11:00:00+01:00
1293;30064.91666666667;2024-01-25T12:00:00+01:00
1293;29806.5;2024-01-25T13:00:00+01:00
1293;29397.41666666667;2024-01-25T14:00:00+01:00
1293;29228.75;2024-01-25T15:00:00+01:00
1293;29701.58333333333;2024-01-25T16:00:00+01:00
1293;30222.08333333333;2024-01-25T17:00:00+01:00
1293;31798.91666666667;2024-01-25T18:00:00+01:00
1293;33534.16666666667;2024-01-25T19:00:00+01:00
1293;34181.91666666667;2024-01-25T20:00:00+01:00
1293;33345.83333333334;2024-01-25T21:00:00+01:00
1293;30207.16666666667;2024-01-25T22:00:00+01:00
1293;27299.58333333333;2024-01-25T23:00:00+01:00
1293;25495.66666666667;2024-01-26T00:00:00+01:00
1293;23963.66666666667;2024-01-26T01:00:00+01:00
1293;23009.0;2024-01-26T02:00:00+01:00
1293;22501.41666666667;2024-01-26T03:00:00+01:00
1293;22510.58333333333;2024-01-26T04:00:00+01:00
1293;23173.75;2024-01-26T05:00:00+01:00
1293;26023.75;2024-01-26T06:00:00+01:00
1293;30407.16666666667;2024-01-26T07:00:00+01:00
1293;32525.41666666667;2024-01-26T08:00:00+01:00
1293;32314.25;2024-01-26T09:00:00+01:00
1293;31587.75;2024-01-26T10:00:00+01:00
1293;30766.66666666667;2024-01-26T11:00:00+01:00
1293;29973.91666666667;2024-01-26T12:00:00+01:00
1293;29663.75;2024-01-26T13:00:00+01:00
1293;29086.33333333333;2024-01-26T14:00:00+01:00
1293;28708.33333333333;2024-01-26T15:00:00+01:00
1293;28769.75;2024-01-26T16:00:00+01:00
1293;29386.91666666667;2024-01-26T17:00:00+01:00
1293;30868.25;2024-01-26T18:00:00+01:00
1293;32446.58333333333;2024-01-26T19:00:00+01:00
1293;32862.91666666667;2024-01-26T20:00:00+01:00
1293;32117.66666666667;2024-01-26T21:00:00+01:00
1293;29374.58333333333;2024-01-26T22:00:00+01:00
1293;26799.5;2024-01-26T23:00:00+01:00
1293;25186.08333333333;2024-01-27T00:00:00+01:00
1293;23485.83333333333;2024-01-27T01:00:00+01:00
1293;22255.91666666667;2024-01-27T02:00:00+01:00
1293;21545.58333333333;2024-01-27T03:00:00+01:00
1293;21241.5;2024-01-27T04:00:00+01:00
1293;21141.75;2024-01-27T05:00:00+01:00
1293;21703.08333333333;2024-01-27T06:00:00+01:00
1293;23311.91666666667;2024-01-27T07:00:00+01:00
1293;24781.66666666667;2024-01-27T08:00:00+01:00
1293;26497.58333333333;2024-01-27T09:00:00+01:00
1293;26914.08333333333;2024-01-27T10:00:00+01:00
1293;26175.83333333333;2024-01-27T11:00:00+01:00
1293;25564.66666666667;2024-01-27T12:00:00+01:00
1293;25372.66666666667;2024-01-27T13:00:00+01:00
1293;25061.25;2024-01-27T14:00:00+01:00
1293;24483.83333333333;2024-01-27T15:00:00+01:00
1293;24318.66666666667;2024-01-27T16:00:00+01:00
1293;24791.0;2024-01-27T17:00:00+01:00
1293;26454.66666666667;2024-01-27T18:00:00+01:00
1293;28119.33333333333;2024-01-27T19:00:00+01:00
1293;28655.16666666667;2024-01-27T20:00:00+01:00
1293;28642.83333333333;2024-01-27T21:00:00+01:00
1293;26819.0;2024-01-27T22:00:00+01:00
1293;24782.0;2024-01-27T23:00:00+01:00
1293;22964.08333333333;2024-01-28T00:00:00+01:00
1293;21510.41666666667;2024-01-28T01:00:00+01:00
1293;20266.16666666667;2024-01-28T02:00:00+01:00
1293;19617.75;2024-01-28T03:00:00+01:00
1293;19301.83333333333;2024-01-28T04:00:00+01:00
1293;19254.25;2024-01-28T05:00:00+01:00
1293;19655.91666666667;2024-01-28T06:00:00+01:00
1293;20514.08333333333;2024-01-28T07:00:00+01:00
1293;21511.16666666667;2024-01-28T08:00:00+01:00
1293;23001.33333333333;2024-01-28T09:00:00+01:00
1293;23857.83333333333;2024-01-28T10:00:00+01:00
1293;23866.25;2024-01-28T11:00:00+01:00
1293;23426.75;2024-01-28T12:00:00+01:00
1293;23610.41666666667;2024-01-28T13:00:00+01:00
1293;23718.58333333333;2024-01-28T14:00:00+01:00
1293;22920.91666666667;2024-01-28T15:00:00+01:00
1293;22855.5;2024-01-28T16:00:00+01:00
1293;23642.25;2024-01-28T17:00:00+01:00
1293;25823.08333333333;2024-01-28T18:00:00+01:00
1293;27978.0;2024-01-28T19:00:00+01:00
1293;29022.41666666667;2024-01-28T20:00:00+01:00
1293;28834.66666666667;2024-01-28T21:00:00+01:00
1293;26893.5;2024-01-28T22:00:00+01:00
1293;24367.0;2024-01-28T23:00:00+01:00
1293;22378.83333333333;2024-01-29T00:00:00+01:00
1293;21152.66666666667;2024-01-29T01:00:00+01:00
1293;20309.5;2024-01-29T02:00:00+01:00
1293;19967.0;2024-01-29T03:00:00+01:00
1293;20053.5;2024-01-29T04:00:00+01:00
1293;20985.91666666667;2024-01-29T05:00:00+01:00
1293;24210.08333333333;2024-01-29T06:00:00+01:00
1293;28673.33333333333;2024-01-29T07:00:00+01:00
1293;31222.5;2024-01-29T08:00:00+01:00
1293;31736.16666666667;2024-01-29T09:00:00+01:00
1293;31676.0;2024-01-29T10:00:00+01:00
1293;30959.58333333333;2024-01-29T11:00:00+01:00
1293;30313.66666666667;2024-01-29T12:00:00+01:00
1293;29730.41666666667;2024-01-29T13:00:00+01:00
1293;30115.16666666667;2024-01-29T14:00:00+01:00
1293;30513.66666666667;2024-01-29T15:00:00+01:00
1293;30068.25;2024-01-29T16:00:00+01:00
1293;30478.75;2024-01-29T17:00:00+01:00
1293;31645.08333333333;2024-01-29T18:00:00+01:00
1293;33357.58333333334;2024-01-29T19:00:00+01:00
1293;34164.41666666667;2024-01-29T20:00:00+01:00
1293;33202.83333333334;2024-01-29T21:00:00+01:00
1293;29953.0;2024-01-29T22:00:00+01:00
1293;26800.66666666667;2024-01-29T23:00:00+01:00
1293;24955.25;2024-01-30T00:00:00+01:00
1293;23388.58333333333;2024-01-30T01:00:00+01:00
1293;22353.83333333333;2024-01-30T02:00:00+01:00
1293;21936.08333333333;2024-01-30T03:00:00+01:00
1293;21949.0;2024-01-30T04:00:00+01:00
1293;22618.08333333333;2024-01-30T05:00:00+01:00
1293;25669.66666666667;2024-01-30T06:00:00+01:00
1293;29885.25;2024-01-30T07:00:00+01:00
1293;32259.5;2024-01-30T08:00:00+01:00
1293;32554.66666666667;2024-01-30T09:00:00+01:00
1293;32468.5;2024-01-30T10:00:00+01:00
1293;31868.58333333333;2024-01-30T11:00:00+01:00
1293;31245.66666666667;2024-01-30T12:00:00+01:00
1293;31026.66666666667;2024-01-30T13:00:00+01:00
1293;30371.91666666667;2024-01-30T14:00:00+01:00
1293;29876.58333333333;2024-01-30T15:00:00+01:00
1293;29880.0;2024-01-30T16:00:00+01:00
1293;30374.83333333333;2024-01-30T17:00:00+01:00
1293;31688.75;2024-01-30T18:00:00+01:00
1293;33522.41666666667;2024-01-30T19:00:00+01:00
1293;34275.91666666667;2024-01-30T20:00:00+01:00
1293;33496.5;2024-01-30T21:00:00+01:00
1293;30268.41666666667;2024-01-30T22:00:00+01:00
1293;27150.66666666667;2024-01-30T23:00:00+01:00
1293;25366.08333333333;2024-01-31T00:00:00+01:00
1293;23826.41666666667;2024-01-31T01:00:00+01:00
1293;22730.91666666667;2024-01-31T02:00:00+01:00
1293;22361.33333333333;2024-01-31T03:00:00+01:00
1293;22367.91666666667;2024-01-31T04:00:00+01:00
1293;23076.41666666667;2024-01-31T05:00:00+01:00
1293;26067.33333333333;2024-01-31T06:00:00+01:00
1293;30364.08333333333;2024-01-31T07:00:00+01:00
1293;32453.33333333333;2024-01-31T08:00:00+01:00
1293;32835.41666666667;2024-01-31T09:00:00+01:00
1293;32709.08333333333;2024-01-31T10:00:00+01:00
1293;32004.66666666667;2024-01-31T11:00:00+01:00
1293;31365.16666666667;2024-01-31T12:00:00+01:00
1293;31015.58333333333;2024-01-31T13:00:00+01:00
1293;30236.08333333333;2024-01-31T14:00:00+01:00
1293;29713.25;2024-01-31T15:00:00+01:00
1293;29809.91666666667;2024-01-31T16:00:00+01:00
1293;30261.66666666667;2024-01-31T17:00:00+01:00
1293;31573.91666666667;2024-01-31T18:00:00+01:00
1293;33522.58333333334;2024-01-31T19:00:00+01:00
1293;34348.41666666667;2024-01-31T20:00:00+01:00
1293;33587.0;2024-01-31T21:00:00+01:00
1293;30455.75;2024-01-31T22:00:00+01:00
1293;27135.33333333333;2024-01-31T23:00:00+01:00
1293;25311.41666666667;2024-02-01T00:00:00+01:00
1293;23694.33333333333;2024-02-01T01:00:00+01:00
1293;22731.83333333333;2024-02-01T02:00:00+01:00
1293;22302.16666666667;2024-02-01T03:00:00+01:00
1293;22243.75;2024-02-01T04:00:00+01:00
1293;22929.91666666667;2024-02-01T05:00:00+01:00
1293;25872.08333333333;2024-02-01T06:00:00+01:00
1293;30237.5;2024-02-01T07:00:00+01:00
1293;32345.75;2024-02-01T08:00:00+01:00
1293;32314.66666666667;2024-02-01T09:00:00+01:00
1293;31480.25;2024-02-01T10:00:00+01:00
1293;30276.91666666667;2024-02-01T11:00:00+01:00
1293;29629.58333333333;2024-02-01T12:00:00+01:00
1293;29250.58333333333;2024-02-01T13:00:00+01:00
1293;28874.16666666667;2024-02-01T14:00:00+01:00
1293;28798.33333333333;2024-02-01T15:00:00+01:00
1293;28910.16666666667;2024-02-01T16:00:00+01:00
1293;29477.08333333333;2024-02-01T17:00:00+01:00
1293;31118.41666666667;2024-02-01T18:00:00+01:00
1293;33203.66666666667;2024-02-01T19:00:00+01:00
1293;34276.75;2024-02-01T20:00:00+01:00
1293;33239.33333333334;2024-02-01T21:00:00+01:00
1293;30296.08333333333;2024-02-01T22:00:00+01:00
1293;27279.83333333333;2024-02-01T23:00:00+01:00
1293;25275.33333333333;2024-02-02T00:00:00+01:00
1293;23650.0;2024-02-02T01:00:00+01:00
1293;22624.83333333333;2024-02-02T02:00:00+01:00
1293;22173.75;2024-02-02T03:00:00+01:00
1293;22100.91666666667;2024-02-02T04:00:00+01:00
1293;22806.33333333333;2024-02-02T05:00:00+01:00
1293;25714.58333333333;2024-02-02T06:00:00+01:00
1293;30368.0;2024-02-02T07:00:00+01:00
1293;32286.33333333333;2024-02-02T08:00:00+01:00
1293;32359.91666666667;2024-02-02T09:00:00+01:00
1293;31420.25;2024-02-02T10:00:00+01:00
1293;30216.75;2024-02-02T11:00:00+01:00
1293;29333.0;2024-02-02T12:00:00+01:00
1293;28959.58333333333;2024-02-02T13:00:00+01:00
1293;28338.16666666667;2024-02-02T14:00:00+01:00
1293;27988.41666666667;2024-02-02T15:00:00+01:00
1293;28290.83333333333;2024-02-02T16:00:00+01:00
1293;28870.66666666667;2024-02-02T17:00:00+01:00
1293;30307.83333333333;2024-02-02T18:00:00+01:00
1293;32200.41666666667;2024-02-02T19:00:00+01:00
1293;32788.5;2024-02-02T20:00:00+01:00
1293;32125.33333333333;2024-02-02T21:00:00+01:00
1293;29542.08333333333;2024-02-02T22:00:00+01:00
1293;27064.66666666667;2024-02-02T23:00:00+01:00
1293;25380.66666666667;2024-02-03T00:00:00+01:00
1293;23630.08333333333;2024-02-03T01:00:00+01:00
1293;22377.83333333333;2024-02-03T02:00:00+01:00
1293;21658.75;2024-02-03T03:00:00+01:00
1293;21380.83333333333;2024-02-03T04:00:00+01:00
1293;21171.66666666667;2024-02-03T05:00:00+01:00
1293;21807.83333333333;2024-02-03T06:00:00+01:00
1293;23294.33333333333;2024-02-03T07:00:00+01:00
1293;24920.5;2024-02-03T08:00:00+01:00
1293;26364.25;2024-02-03T09:00:00+01:00
1293;27031.58333333333;2024-02-03T10:00:00+01:00
1293;26518.5;2024-02-03T11:00:00+01:00
1293;25637.5;2024-02-03T12:00:00+01:00
1293;25240.25;2024-02-03T13:00:00+01:00
1293;24920.41666666667;2024-02-03T14:00:00+01:00
1293;24527.91666666667;2024-02-03T15:00:00+01:00
1293;24263.25;2024-02-03T16:00:00+01:00
1293;24553.75;2024-02-03T17:00:00+01:00
1293;26252.33333333333;2024-02-03T18:00:00+01:00
1293;28362.41666666667;2024-02-03T19:00:00+01:00
1293;29196.16666666667;2024-02-03T20:00:00+01:00
1293;29187.0;2024-02-03T21:00:00+01:00
1293;27205.08333333333;2024-02-03T22:00:00+01:00
1293;25148.0;2024-02-03T23:00:00+01:00
1293;23334.0;2024-02-04T00:00:00+01:00
1293;21645.08333333333;2024-02-04T01:00:00+01:00
1293;20529.58333333333;2024-02-04T02:00:00+01:00
1293;19756.0;2024-02-04T03:00:00+01:00
1293;19539.83333333333;2024-02-04T04:00:00+01:00
1293;19671.41666666667;2024-02-04T05:00:00+01:00
1293;20018.25;2024-02-04T06:00:00+01:00
1293;20937.58333333333;2024-02-04T07:00:00+01:00
1293;21705.75;2024-02-04T08:00:00+01:00
1293;23002.25;2024-02-04T09:00:00+01:00
1293;23965.58333333333;2024-02-04T10:00:00+01:00
1293;23827.16666666667;2024-02-04T11:00:00+01:00
1293;23255.41666666667;2024-02-04T12:00:00+01:00
1293;23332.33333333333;2024-02-04T13:00:00+01:00
1293;23362.41666666667;2024-02-04T14:00:00+01:00
1293;22634.66666666667;2024-02-04T15:00:00+01:00
1293;22455.08333333333;2024-02-04T16:00:00+01:00
1293;23278.33333333333;2024-02-04T17:00:00+01:00
1293;25362.33333333333;2024-02-04T18:00:00+01:00
1293;28131.58333333333;2024-02-04T19:00:00+01:00
1293;29406.41666666667;2024-02-04T20:00:00+01:00
1293;29466.58333333333;2024-02-04T21:00:00+01:00
1293;27788.08333333333;2024-02-04T22:00:00+01:00
1293;25196.5;2024-02-04T23:00:00+01:00
1293;23218.16666666667;2024-02-05T00:00:00+01:00
1293;21780.41666666667;2024-02-05T01:00:00+01:00
1293;20842.0;2024-02-05T02:00:00+01:00
1293;20544.25;2024-02-05T03:00:00+01:00
1293;20671.5;2024-02-05T04:00:00+01:00
1293;21407.83333333333;2024-02-05T05:00:00+01:00
1293;24812.0;2024-02-05T06:00:00+01:00
1293;29707.0;2024-02-05T07:00:00+01:00
1293;32267.25;2024-02-05T08:00:00+01:00
1293;32448.08333333333;2024-02-05T09:00:00+01:00
1293;31722.5;2024-02-05T10:00:00+01:00
1293;30774.75;2024-02-05T11:00:00+01:00
1293;29920.5;2024-02-05T12:00:00+01:00
1293;29733.16666666667;2024-02-05T13:00:00+01:00
1293;29379.08333333333;2024-02-05T14:00:00+01:00
1293;29132.66666666667;2024-02-05T15:00:00+01:00
1293;29384.5;2024-02-05T16:00:00+01:00
1293;30289.66666666667;2024-02-05T17:00:00+01:00
1293;31616.5;2024-02-05T18:00:00+01:00
1293;33609.33333333334;2024-02-05T19:00:00+01:00
1293;34383.91666666667;2024-02-05T20:00:00+01:00
1293;33728.25;2024-02-05T21:00:00+01:00
1293;30475.33333333333;2024-02-05T22:00:00+01:00
1293;27361.5;2024-02-05T23:00:00+01:00
1293;25304.08333333333;2024-02-06T00:00:00+01:00
1293;23719.16666666667;2024-02-06T01:00:00+01:00
1293;22634.66666666667;2024-02-06T02:00:00+01:00
1293;22234.33333333333;2024-02-06T03:00:00+01:00
1293;22157.91666666667;2024-02-06T04:00:00+01:00
1293;22904.08333333333;2024-02-06T05:00:00+01:00
1293;25789.83333333333;2024-02-06T06:00:00+01:00
1293;30108.91666666667;2024-02-06T07:00:00+01:00
1293;32364.08333333333;2024-02-06T08:00:00+01:00
1293;32627.25;2024-02-06T09:00:00+01:00
1293;32238.58333333333;2024-02-06T10:00:00+01:00
1293;31430.58333333333;2024-02-06T11:00:00+01:00
1293;30635.16666666667;2024-02-06T12:00:00+01:00
1293;30177.66666666667;2024-02-06T13:00:00+01:00
1293;29661.58333333333;2024-02-06T14:00:00+01:00
1293;29234.25;2024-02-06T15:00:00+01:00
1293;29257.08333333333;2024-02-06T16:00:00+01:00
1293;29771.33333333333;2024-02-06T17:00:00+01:00
1293;31019.25;2024-02-06T18:00:00+01:00
1293;33491.41666666667;2024-02-06T19:00:00+01:00
1293;34462.5;2024-02-06T20:00:00+01:00
1293;33694.41666666667;2024-02-06T21:00:00+01:00
1293;30517.08333333333;2024-02-06T22:00:00+01:00
1293;27264.0;2024-02-06T23:00:00+01:00
1293;25238.83333333333;2024-02-07T00:00:00+01:00
1293;23720.25;2024-02-07T01:00:00+01:00
1293;22758.66666666667;2024-02-07T02:00:00+01:00
1293;22453.41666666667;2024-02-07T03:00:00+01:00
1293;22482.91666666667;2024-02-07T04:00:00+01:00
1293;23095.25;2024-02-07T05:00:00+01:00
1293;25915.91666666667;2024-02-07T06:00:00+01:00
1293;30532.83333333333;2024-02-07T07:00:00+01:00
1293;32561.08333333333;2024-02-07T08:00:00+01:00
1293;32701.5;2024-02-07T09:00:00+01:00
1293;32075.66666666667;2024-02-07T10:00:00+01:00
1293;31448.75;2024-02-07T11:00:00+01:00
1293;30820.33333333333;2024-02-07T12:00:00+01:00
1293;30888.0;2024-02-07T13:00:00+01:00
1293;30581.83333333333;2024-02-07T14:00:00+01:00
1293;30266.75;2024-02-07T15:00:00+01:00
1293;30193.0;2024-02-07T16:00:00+01:00
1293;30597.08333333333;2024-02-07T17:00:00+01:00
1293;31778.58333333333;2024-02-07T18:00:00+01:00
1293;33972.91666666667;2024-02-07T19:00:00+01:00
1293;35028.41666666667;2024-02-07T20:00:00+01:00
1293;33968.83333333334;2024-02-07T21:00:00+01:00
1293;30885.83333333333;2024-02-07T22:00:00+01:00
1293;27638.16666666667;2024-02-07T23:00:00+01:00
1293;25614.66666666667;2024-02-08T00:00:00+01:00
1293;24090.83333333333;2024-02-08T01:00:00+01:00
1293;23103.5;2024-02-08T02:00:00+01:00
1293;22758.08333333333;2024-02-08T03:00:00+01:00
1293;22684.75;2024-02-08T04:00:00+01:00
1293;23370.75;2024-02-08T05:00:00+01:00
1293;26047.33333333333;2024-02-08T06:00:00+01:00
1293;30297.41666666667;2024-02-08T07:00:00+01:00
1293;32221.08333333333;2024-02-08T08:00:00+01:00
1293;32253.33333333333;2024-02-08T09:00:00+01:00
1293;31970.58333333333;2024-02-08T10:00:00+01:00
1293;31641.75;2024-02-08T11:00:00+01:00
1293;31445.25;2024-02-08T12:00:00+01:00
1293;31728.25;2024-02-08T13:00:00+01:00
1293;31700.25;2024-02-08T14:00:00+01:00
1293;31480.91666666667;2024-02-08T15:00:00+01:00
1293;31383.41666666667;2024-02-08T16:00:00+01:00
1293;31724.5;2024-02-08T17:00:00+01:00
1293;32628.5;2024-02-08T18:00:00+01:00
1293;34161.08333333334;2024-02-08T19:00:00+01:00
1293;34862.25;2024-02-08T20:00:00+01:00
1293;33779.08333333334;2024-02-08T21:00:00+01:00
1293;30803.91666666667;2024-02-08T22:00:00+01:00
1293;27625.0;2024-02-08T23:00:00+01:00
1293;25615.25;2024-02-09T00:00:00+01:00
1293;24119.66666666667;2024-02-09T01:00:00+01:00
1293;23255.25;2024-02-09T02:00:00+01:00
1293;22780.75;2024-02-09T03:00:00+01:00
1293;22714.66666666667;2024-02-09T04:00:00+01:00
1293;23208.25;2024-02-09T05:00:00+01:00
1293;25657.41666666667;2024-02-09T06:00:00+01:00
1293;30007.91666666667;2024-02-09T07:00:00+01:00
1293;31957.58333333333;2024-02-09T08:00:00+01:00
1293;32711.66666666667;2024-02-09T09:00:00+01:00
1293;33100.16666666667;2024-02-09T10:00:00+01:00
1293;33004.25;2024-02-09T11:00:00+01:00
1293;33139.58333333334;2024-02-09T12:00:00+01:00
1293;33189.25;2024-02-09T13:00:00+01:00
1293;32537.5;2024-02-09T14:00:00+01:00
1293;31594.33333333333;2024-02-09T15:00:00+01:00
1293;31022.66666666667;2024-02-09T16:00:00+01:00
1293;31043.41666666667;2024-02-09T17:00:00+01:00
1293;31765.75;2024-02-09T18:00:00+01:00
1293;33106.16666666667;2024-02-09T19:00:00+01:00
1293;33338.91666666667;2024-02-09T20:00:00+01:00
1293;32375.91666666667;2024-02-09T21:00:00+01:00
1293;29743.91666666667;2024-02-09T22:00:00+01:00
1293;27153.75;2024-02-09T23:00:00+01:00
1293;25648.5;2024-02-10T00:00:00+01:00
1293;23952.08333333333;2024-02-10T01:00:00+01:00
1293;22709.08333333333;2024-02-10T02:00:00+01:00
1293;21966.08333333333;2024-02-10T03:00:00+01:00
1293;21545.33333333333;2024-02-10T04:00:00+01:00
1293;21432.33333333333;2024-02-10T05:00:00+01:00
1293;22004.83333333333;2024-02-10T06:00:00+01:00
1293;23314.0;2024-02-10T07:00:00+01:00
1293;24573.5;2024-02-10T08:00:00+01:00
1293;26372.25;2024-02-10T09:00:00+01:00
1293;27221.83333333333;2024-02-10T10:00:00+01:00
1293;27181.83333333333;2024-02-10T11:00:00+01:00
1293;27060.25;2024-02-10T12:00:00+01:00
1293;27436.41666666667;2024-02-10T13:00:00+01:00
1293;26856.66666666667;2024-02-10T14:00:00+01:00
1293;25887.91666666667;2024-02-10T15:00:00+01:00
1293;25209.16666666667;2024-02-10T16:00:00+01:00
1293;25561.66666666667;2024-02-10T17:00:00+01:00
1293;26901.91666666667;2024-02-10T18:00:00+01:00
1293;29006.25;2024-02-10T19:00:00+01:00
1293;29841.41666666667;2024-02-10T20:00:00+01:00
1293;29652.25;2024-02-10T21:00:00+01:00
1293;27687.58333333333;2024-02-10T22:00:00+01:00
1293;25726.41666666667;2024-02-10T23:00:00+01:00
1293;23836.75;2024-02-11T00:00:00+01:00
1293;22167.41666666667;2024-02-11T01:00:00+01:00
1293;20914.33333333333;2024-02-11T02:00:00+01:00
1293;20352.66666666667;2024-02-11T03:00:00+01:00
1293;20034.08333333333;2024-02-11T04:00:00+01:00
1293;20122.0;2024-02-11T05:00:00+01:00
1293;20470.33333333333;2024-02-11T06:00:00+01:00
1293;21092.08333333333;2024-02-11T07:00:00+01:00
1293;21832.5;2024-02-11T08:00:00+01:00
1293;23601.16666666667;2024-02-11T09:00:00+01:00
1293;25320.75;2024-02-11T10:00:00+01:00
1293;26149.58333333333;2024-02-11T11:00:00+01:00
1293;26314.25;2024-02-11T12:00:00+01:00
1293;26863.0;2024-02-11T13:00:00+01:00
1293;26917.75;2024-02-11T14:00:00+01:00
1293;25720.83333333333;2024-02-11T15:00:00+01:00
1293;25207.25;2024-02-11T16:00:00+01:00
1293;25375.33333333333;2024-02-11T17:00:00+01:00
1293;26801.41666666667;2024-02-11T18:00:00+01:00
1293;28964.08333333333;2024-02-11T19:00:00+01:00
1293;30074.0;2024-02-11T20:00:00+01:00
1293;30165.16666666667;2024-02-11T21:00:00+01:00
1293;28390.91666666667;2024-02-11T22:00:00+01:00
1293;25839.5;2024-02-11T23:00:00+01:00
1293;23744.25;2024-02-12T00:00:00+01:00
1293;22242.25;2024-02-12T01:00:00+01:00
1293;21271.5;2024-02-12T02:00:00+01:00
1293;20969.5;2024-02-12T03:00:00+01:00
1293;21036.5;2024-02-12T04:00:00+01:00
1293;21844.08333333333;2024-02-12T05:00:00+01:00
1293;24754.75;2024-02-12T06:00:00+01:00
1293;29028.66666666667;2024-02-12T07:00:00+01:00
1293;31055.33333333333;2024-02-12T08:00:00+01:00
1293;31780.33333333333;2024-02-12T09:00:00+01:00
1293;31478.58333333333;2024-02-12T10:00:00+01:00
1293;30498.66666666667;2024-02-12T11:00:00+01:00
1293;29922.75;2024-02-12T12:00:00+01:00
1293;29775.33333333333;2024-02-12T13:00:00+01:00
1293;29104.5;2024-02-12T14:00:00+01:00
1293;28359.16666666667;2024-02-12T15:00:00+01:00
1293;28080.0;2024-02-12T16:00:00+01:00
1293;28718.75;2024-02-12T17:00:00+01:00
1293;30031.83333333333;2024-02-12T18:00:00+01:00
1293;32532.83333333333;2024-02-12T19:00:00+01:00
1293;33490.25;2024-02-12T20:00:00+01:00
1293;32772.0;2024-02-12T21:00:00+01:00
1293;29787.58333333333;2024-02-12T22:00:00+01:00
1293;26803.66666666667;2024-02-12T23:00:00+01:00
1293;24897.16666666667;2024-02-13T00:00:00+01:00
1293;23357.83333333333;2024-02-13T01:00:00+01:00
1293;22332.83333333333;2024-02-13T02:00:00+01:00
1293;21954.5;2024-02-13T03:00:00+01:00
1293;21949.91666666667;2024-02-13T04:00:00+01:00
1293;22666.08333333333;2024-02-13T05:00:00+01:00
1293;25294.08333333333;2024-02-13T06:00:00+01:00
1293;29308.5;2024-02-13T07:00:00+01:00
1293;30775.16666666667;2024-02-13T08:00:00+01:00
1293;30923.5;2024-02-13T09:00:00+01:00
1293;30384.41666666667;2024-02-13T10:00:00+01:00
1293;29663.16666666667;2024-02-13T11:00:00+01:00
1293;29005.41666666667;2024-02-13T12:00:00+01:00
1293;28988.66666666667;2024-02-13T13:00:00+01:00
1293;28627.58333333333;2024-02-13T14:00:00+01:00
1293;28063.16666666667;2024-02-13T15:00:00+01:00
1293;28002.0;2024-02-13T16:00:00+01:00
1293;28730.91666666667;2024-02-13T17:00:00+01:00
1293;29934.66666666667;2024-02-13T18:00:00+01:00
1293;32249.58333333333;2024-02-13T19:00:00+01:00
1293;33330.0;2024-02-13T20:00:00+01:00
1293;32509.5;2024-02-13T21:00:00+01:00
1293;29504.66666666667;2024-02-13T22:00:00+01:00
1293;26719.25;2024-02-13T23:00:00+01:00
1293;24929.41666666667;2024-02-14T00:00:00+01:00
1293;23420.16666666667;2024-02-14T01:00:00+01:00
1293;22428.16666666667;2024-02-14T02:00:00+01:00
1293;22077.91666666667;2024-02-14T03:00:00+01:00
1293;21956.33333333333;2024-02-14T04:00:00+01:00
1293;22539.0;2024-02-14T05:00:00+01:00
1293;25467.75;2024-02-14T06:00:00+01:00
1293;29475.41666666667;2024-02-14T07:00:00+01:00
1293;30870.66666666667;2024-02-14T08:00:00+01:00
1293;31039.41666666667;2024-02-14T09:00:00+01:00
1293;30521.66666666667;2024-02-14T10:00:00+01:00
1293;29885.83333333333;2024-02-14T11:00:00+01:00
1293;29451.58333333333;2024-02-14T12:00:00+01:00
1293;29139.0;2024-02-14T13:00:00+01:00
1293;29075.5;2024-02-14T14:00:00+01:00
1293;29016.75;2024-02-14T15:00:00+01:00
1293;28934.41666666667;2024-02-14T16:00:00+01:00
1293;29467.08333333333;2024-02-14T17:00:00+01:00
1293;30277.91666666667;2024-02-14T18:00:00+01:00
1293;32110.5;2024-02-14T19:00:00+01:00
1293;33019.66666666667;2024-02-14T20:00:00+01:00
1293;32220.16666666667;2024-02-14T21:00:00+01:00
1293;29640.75;2024-02-14T22:00:00+01:00
1293;26697.41666666667;2024-02-14T23:00:00+01:00
1293;24805.58333333333;2024-02-15T00:00:00+01:00
1293;23422.58333333333;2024-02-15T01:00:00+01:00
1293;22475.66666666667;2024-02-15T02:00:00+01:00
1293;22044.91666666667;2024-02-15T03:00:00+01:00
1293;21968.33333333333;2024-02-15T04:00:00+01:00
1293;22516.41666666667;2024-02-15T05:00:00+01:00
1293;25466.83333333333;2024-02-15T06:00:00+01:00
1293;29465.16666666667;2024-02-15T07:00:00+01:00
1293;31022.41666666667;2024-02-15T08:00:00+01:00
1293;31264.66666666667;2024-02-15T09:00:00+01:00
1293;30923.58333333333;2024-02-15T10:00:00+01:00
1293;30464.0;2024-02-15T11:00:00+01:00
1293;29916.91666666667;2024-02-15T12:00:00+01:00
1293;30178.25;2024-02-15T13:00:00+01:00
1293;30461.83333333333;2024-02-15T14:00:00+01:00
1293;30487.75;2024-02-15T15:00:00+01:00
1293;30424.58333333333;2024-02-15T16:00:00+01:00
1293;30545.25;2024-02-15T17:00:00+01:00
1293;30977.25;2024-02-15T18:00:00+01:00
1293;32947.08333333334;2024-02-15T19:00:00+01:00
1293;33786.33333333334;2024-02-15T20:00:00+01:00
1293;32662.83333333333;2024-02-15T21:00:00+01:00
1293;29644.08333333333;2024-02-15T22:00:00+01:00
1293;26768.91666666667;2024-02-15T23:00:00+01:00
1293;25212.16666666667;2024-02-16T00:00:00+01:00
1293;23761.91666666667;2024-02-16T01:00:00+01:00
1293;22733.41666666667;2024-02-16T02:00:00+01:00
1293;22293.58333333333;2024-02-16T03:00:00+01:00
1293;22159.33333333333;2024-02-16T04:00:00+01:00
1293;22908.75;2024-02-16T05:00:00+01:00
1293;25536.16666666667;2024-02-16T06:00:00+01:00
1293;29411.75;2024-02-16T07:00:00+01:00
1293;31030.16666666667;2024-02-16T08:00:00+01:00
1293;31042.16666666667;2024-02-16T09:00:00+01:00
1293;30610.83333333333;2024-02-16T10:00:00+01:00
1293;30155.58333333333;2024-02-16T11:00:00+01:00
1293;29650.16666666667;2024-02-16T12:00:00+01:00
1293;29721.83333333333;2024-02-16T13:00:00+01:00
1293;29296.91666666667;2024-02-16T14:00:00+01:00
1293;28666.75;2024-02-16T15:00:00+01:00
1293;28286.66666666667;2024-02-16T16:00:00+01:00
1293;28647.58333333333;2024-02-16T17:00:00+01:00
1293;29498.91666666667;2024-02-16T18:00:00+01:00
1293;31638.83333333333;2024-02-16T19:00:00+01:00
1293;32223.5;2024-02-16T20:00:00+01:00
1293;31392.66666666667;2024-02-16T21:00:00+01:00
1293;28732.16666666667;2024-02-16T22:00:00+01:00
1293;26296.83333333333;2024-02-16T23:00:00+01:00
1293;24866.16666666667;2024-02-17T00:00:00+01:00
1293;23366.5;2024-02-17T01:00:00+01:00
1293;22198.16666666667;2024-02-17T02:00:00+01:00
1293;21536.08333333333;2024-02-17T03:00:00+01:00
1293;21081.33333333333;2024-02-17T04:00:00+01:00
1293;20818.66666666667;2024-02-17T05:00:00+01:00
1293;21353.41666666667;2024-02-17T06:00:00+01:00
1293;22732.83333333333;2024-02-17T07:00:00+01:00
1293;23982.66666666667;2024-02-17T08:00:00+01:00
1293;25409.66666666667;2024-02-17T09:00:00+01:00
1293;25573.91666666667;2024-02-17T10:00:00+01:00
1293;24940.5;2024-02-17T11:00:00+01:00
1293;24389.58333333333;2024-02-17T12:00:00+01:00
1293;24127.08333333333;2024-02-17T13:00:00+01:00
1293;23840.66666666667;2024-02-17T14:00:00+01:00
1293;23115.5;2024-02-17T15:00:00+01:00
1293;22812.66666666667;2024-02-17T16:00:00+01:00
1293;23355.66666666667;2024-02-17T17:00:00+01:00
1293;24827.33333333333;2024-02-17T18:00:00+01:00
1293;26955.25;2024-02-17T19:00:00+01:00
1293;27744.33333333333;2024-02-17T20:00:00+01:00
1293;27719.41666666667;2024-02-17T21:00:00+01:00
1293;25975.33333333333;2024-02-17T22:00:00+01:00
1293;23997.5;2024-02-17T23:00:00+01:00
1293;22523.25;2024-02-18T00:00:00+01:00
1293;21039.25;2024-02-18T01:00:00+01:00
1293;19990.25;2024-02-18T02:00:00+01:00
1293;19426.91666666667;2024-02-18T03:00:00+01:00
1293;19173.08333333333;2024-02-18T04:00:00+01:00
1293;19326.16666666667;2024-02-18T05:00:00+01:00
1293;19759.16666666667;2024-02-18T06:00:00+01:00
1293;20548.75;2024-02-18T07:00:00+01:00
1293;21060.75;2024-02-18T08:00:00+01:00
1293;22135.08333333333;2024-02-18T09:00:00+01:00
1293;22986.33333333333;2024-02-18T10:00:00+01:00
1293;22855.41666666667;2024-02-18T11:00:00+01:00
1293;22544.0;2024-02-18T12:00:00+01:00
1293;22670.33333333333;2024-02-18T13:00:00+01:00
1293;22678.16666666667;2024-02-18T14:00:00+01:00
1293;21992.16666666667;2024-02-18T15:00:00+01:00
1293;21968.08333333333;2024-02-18T16:00:00+01:00
1293;22320.91666666667;2024-02-18T17:00:00+01:00
1293;24123.83333333333;2024-02-18T18:00:00+01:00
1293;26910.08333333333;2024-02-18T19:00:00+01:00
1293;28469.83333333333;2024-02-18T20:00:00+01:00
1293;28406.83333333333;2024-02-18T21:00:00+01:00
1293;26619.25;2024-02-18T22:00:00+01:00
1293;24412.41666666667;2024-02-18T23:00:00+01:00
1293;22423.33333333333;2024-02-19T00:00:00+01:00
1293;21159.58333333333;2024-02-19T01:00:00+01:00
1293;20414.91666666667;2024-02-19T02:00:00+01:00
1293;19974.08333333333;2024-02-19T03:00:00+01:00
1293;19943.58333333333;2024-02-19T04:00:00+01:00
1293;20776.16666666667;2024-02-19T05:00:00+01:00
1293;24020.41666666667;2024-02-19T06:00:00+01:00
1293;28449.33333333333;2024-02-19T07:00:00+01:00
1293;30363.33333333333;2024-02-19T08:00:00+01:00
1293;30126.33333333333;2024-02-19T09:00:00+01:00
1293;29233.25;2024-02-19T10:00:00+01:00
1293;28135.5;2024-02-19T11:00:00+01:00
1293;27844.58333333333;2024-02-19T12:00:00+01:00
1293;27813.41666666667;2024-02-19T13:00:00+01:00
1293;27359.66666666667;2024-02-19T14:00:00+01:00
1293;27020.83333333333;2024-02-19T15:00:00+01:00
1293;27188.91666666667;2024-02-19T16:00:00+01:00
1293;27883.58333333333;2024-02-19T17:00:00+01:00
1293;29078.16666666667;2024-02-19T18:00:00+01:00
1293;31842.16666666667;2024-02-19T19:00:00+01:00
1293;32975.75;2024-02-19T20:00:00+01:00
1293;32310.91666666667;2024-02-19T21:00:00+01:00
1293;29206.75;2024-02-19T22:00:00+01:00
1293;26048.91666666667;2024-02-19T23:00:00+01:00
1293;24365.16666666667;2024-02-20T00:00:00+01:00
1293;22891.08333333333;2024-02-20T01:00:00+01:00
1293;22068.91666666667;2024-02-20T02:00:00+01:00
1293;21701.41666666667;2024-02-20T03:00:00+01:00
1293;21818.83333333333;2024-02-20T04:00:00+01:00
1293;22525.41666666667;2024-02-20T05:00:00+01:00
1293;25345.91666666667;2024-02-20T06:00:00+01:00
1293;29458.75;2024-02-20T07:00:00+01:00
1293;31032.66666666667;2024-02-20T08:00:00+01:00
1293;30245.58333333333;2024-02-20T09:00:00+01:00
1293;29486.91666666667;2024-02-20T10:00:00+01:00
1293;28263.75;2024-02-20T11:00:00+01:00
1293;27807.5;2024-02-20T12:00:00+01:00
1293;27514.83333333333;2024-02-20T13:00:00+01:00
1293;27138.91666666667;2024-02-20T14:00:00+01:00
1293;26922.83333333333;2024-02-20T15:00:00+01:00
1293;27222.58333333333;2024-02-20T16:00:00+01:00
1293;28070.41666666667;2024-02-20T17:00:00+01:00
1293;29274.33333333333;2024-02-20T18:00:00+01:00
1293;31779.16666666667;2024-02-20T19:00:00+01:00
1293;33042.58333333334;2024-02-20T20:00:00+01:00
1293;32148.91666666667;2024-02-20T21:00:00+01:00
1293;29155.41666666667;2024-02-20T22:00:00+01:00
1293;26255.58333333333;2024-02-20T23:00:00+01:00
1293;24566.66666666667;2024-02-21T00:00:00+01:00
1293;23334.66666666667;2024-02-21T01:00:00+01:00
1293;22442.41666666667;2024-02-21T02:00:00+01:00
1293;22082.0;2024-02-21T03:00:00+01:00
1293;21983.91666666667;2024-02-21T04:00:00+01:00
1293;22695.08333333333;2024-02-21T05:00:00+01:00
1293;25463.83333333333;2024-02-21T06:00:00+01:00
1293;29640.66666666667;2024-02-21T07:00:00+01:00
1293;31011.25;2024-02-21T08:00:00+01:00
1293;30847.41666666667;2024-02-21T09:00:00+01:00
1293;29509.25;2024-02-21T10:00:00+01:00
1293;28941.08333333333;2024-02-21T11:00:00+01:00
1293;28797.58333333333;2024-02-21T12:00:00+01:00
1293;28922.0;2024-02-21T13:00:00+01:00
1293;28812.83333333333;2024-02-21T14:00:00+01:00
1293;28531.25;2024-02-21T15:00:00+01:00
1293;28707.25;2024-02-21T16:00:00+01:00
1293;29501.58333333333;2024-02-21T17:00:00+01:00
1293;30575.75;2024-02-21T18:00:00+01:00
1293;32933.33333333334;2024-02-21T19:00:00+01:00
1293;33797.25;2024-02-21T20:00:00+01:00
1293;33007.75;2024-02-21T21:00:00+01:00
1293;29831.83333333333;2024-02-21T22:00:00+01:00
1293;26815.25;2024-02-21T23:00:00+01:00
1293;24903.25;2024-02-22T00:00:00+01:00
1293;23573.16666666667;2024-02-22T01:00:00+01:00
1293;22509.83333333333;2024-02-22T02:00:00+01:00
1293;22168.75;2024-02-22T03:00:00+01:00
1293;22111.0;2024-02-22T04:00:00+01:00
1293;22687.08333333333;2024-02-22T05:00:00+01:00
1293;25456.83333333333;2024-02-22T06:00:00+01:00
1293;29490.66666666667;2024-02-22T07:00:00+01:00
1293;30741.33333333333;2024-02-22T08:00:00+01:00
1293;30555.58333333333;2024-02-22T09:00:00+01:00
1293;29560.0;2024-02-22T10:00:00+01:00
1293;29275.91666666667;2024-02-22T11:00:00+01:00
1293;29497.58333333333;2024-02-22T12:00:00+01:00
1293;29884.25;2024-02-22T13:00:00+01:00
1293;30090.58333333333;2024-02-22T14:00:00+01:00
1293;29826.33333333333;2024-02-22T15:00:00+01:00
1293;29510.91666666667;2024-02-22T16:00:00+01:00
1293;29660.41666666667;2024-02-22T17:00:00+01:00
1293;30499.5;2024-02-22T18:00:00+01:00
1293;32570.41666666667;2024-02-22T19:00:00+01:00
1293;33479.91666666667;2024-02-22T20:00:00+01:00
1293;32413.0;2024-02-22T21:00:00+01:00
1293;29463.16666666667;2024-02-22T22:00:00+01:00
1293;26597.33333333333;2024-02-22T23:00:00+01:00
1293;24909.5;2024-02-23T00:00:00+01:00
1293;23447.91666666667;2024-02-23T01:00:00+01:00
1293;22431.5;2024-02-23T02:00:00+01:00
1293;22206.0;2024-02-23T03:00:00+01:00
1293;21974.75;2024-02-23T04:00:00+01:00
1293;22712.58333333333;2024-02-23T05:00:00+01:00
1293;25478.58333333333;2024-02-23T06:00:00+01:00
1293;29299.91666666667;2024-02-23T07:00:00+01:00
1293;30848.75;2024-02-23T08:00:00+01:00
1293;30726.16666666667;2024-02-23T09:00:00+01:00
1293;29724.91666666667;2024-02-23T10:00:00+01:00
1293;29099.25;2024-02-23T11:00:00+01:00
1293;29213.33333333333;2024-02-23T12:00:00+01:00
1293;29278.66666666667;2024-02-23T13:00:00+01:00
1293;28842.75;2024-02-23T14:00:00+01:00
1293;28307.16666666667;2024-02-23T15:00:00+01:00
1293;28375.25;2024-02-23T16:00:00+01:00
1293;28975.5;2024-02-23T17:00:00+01:00
1293;29978.75;2024-02-23T18:00:00+01:00
1293;32325.08333333333;2024-02-23T19:00:00+01:00
1293;33092.58333333334;2024-02-23T20:00:00+01:00
1293;32168.0;2024-02-23T21:00:00+01:00
1293;29326.16666666667;2024-02-23T22:00:00+01:00
1293;26669.5;2024-02-23T23:00:00+01:00
1293;25195.08333333333;2024-02-24T00:00:00+01:00
1293;23589.58333333333;2024-02-24T01:00:00+01:00
1293;22350.25;2024-02-24T02:00:00+01:00
1293;21608.33333333333;2024-02-24T03:00:00+01:00
1293;21428.91666666667;2024-02-24T04:00:00+01:00
1293;21411.16666666667;2024-02-24T05:00:00+01:00
1293;22088.83333333333;2024-02-24T06:00:00+01:00
1293;23445.58333333333;2024-02-24T07:00:00+01:00
1293;24603.41666666667;2024-02-24T08:00:00+01:00
1293;26188.66666666667;2024-02-24T09:00:00+01:00
1293;26932.75;2024-02-24T10:00:00+01:00
1293;26663.08333333333;2024-02-24T11:00:00+01:00
1293;26115.83333333333;2024-02-24T12:00:00+01:00
1293;26249.33333333333;2024-02-24T13:00:00+01:00
1293;25930.16666666667;2024-02-24T14:00:00+01:00
1293;25027.25;2024-02-24T15:00:00+01:00
1293;24645.16666666667;2024-02-24T16:00:00+01:00
1293;25203.58333333333;2024-02-24T17:00:00+01:00
1293;26671.91666666667;2024-02-24T18:00:00+01:00
1293;29051.66666666667;2024-02-24T19:00:00+01:00
1293;30183.08333333333;2024-02-24T20:00:00+01:00
1293;30101.33333333333;2024-02-24T21:00:00+01:00
1293;27870.66666666667;2024-02-24T22:00:00+01:00
1293;25574.0;2024-02-24T23:00:00+01:00
1293;23537.83333333333;2024-02-25T00:00:00+01:00
1293;21955.0;2024-02-25T01:00:00+01:00
1293;20825.75;2024-02-25T02:00:00+01:00
1293;20132.75;2024-02-25T03:00:00+01:00
1293;19773.0;2024-02-25T04:00:00+01:00
1293;19908.58333333333;2024-02-25T05:00:00+01:00
1293;20371.5;2024-02-25T06:00:00+01:00
1293;21105.66666666667;2024-02-25T07:00:00+01:00
1293;21694.33333333333;2024-02-25T08:00:00+01:00
1293;23397.33333333333;2024-02-25T09:00:00+01:00
1293;25002.58333333333;2024-02-25T10:00:00+01:00
1293;25457.66666666667;2024-02-25T11:00:00+01:00
1293;25841.91666666667;2024-02-25T12:00:00+01:00
1293;26482.33333333333;2024-02-25T13:00:00+01:00
1293;26471.58333333333;2024-02-25T14:00:00+01:00
1293;25223.83333333333;2024-02-25T15:00:00+01:00
1293;24582.66666666667;2024-02-25T16:00:00+01:00
1293;24641.25;2024-02-25T17:00:00+01:00
1293;25761.5;2024-02-25T18:00:00+01:00
1293;28181.91666666667;2024-02-25T19:00:00+01:00
1293;29623.58333333333;2024-02-25T20:00:00+01:00
1293;29421.5;2024-02-25T21:00:00+01:00
1293;27485.41666666667;2024-02-25T22:00:00+01:00
1293;25079.25;2024-02-25T23:00:00+01:00
1293;23173.16666666667;2024-02-26T00:00:00+01:00
1293;21810.0;2024-02-26T01:00:00+01:00
1293;20820.66666666667;2024-02-26T02:00:00+01:00
1293;20462.58333333333;2024-02-26T03:00:00+01:00
1293;20534.75;2024-02-26T04:00:00+01:00
1293;21480.91666666667;2024-02-26T05:00:00+01:00
1293;24691.08333333333;2024-02-26T06:00:00+01:00
1293;29160.91666666667;2024-02-26T07:00:00+01:00
1293;31031.33333333333;2024-02-26T08:00:00+01:00
1293;31572.41666666667;2024-02-26T09:00:00+01:00
1293;31626.25;2024-02-26T10:00:00+01:00
1293;31152.16666666667;2024-02-26T11:00:00+01:00
1293;30822.91666666667;2024-02-26T12:00:00+01:00
1293;30642.75;2024-02-26T13:00:00+01:00
1293;30263.5;2024-02-26T14:00:00+01:00
1293;29992.91666666667;2024-02-26T15:00:00+01:00
1293;30174.41666666667;2024-02-26T16:00:00+01:00
1293;30510.66666666667;2024-02-26T17:00:00+01:00
1293;31386.75;2024-02-26T18:00:00+01:00
1293;33700.91666666667;2024-02-26T19:00:00+01:00
1293;34833.58333333334;2024-02-26T20:00:00+01:00
1293;33776.41666666667;2024-02-26T21:00:00+01:00
1293;30490.75;2024-02-26T22:00:00+01:00
1293;27345.5;2024-02-26T23:00:00+01:00
1293;25442.41666666667;2024-02-27T00:00:00+01:00
1293;23986.08333333333;2024-02-27T01:00:00+01:00
1293;22870.66666666667;2024-02-27T02:00:00+01:00
1293;22462.33333333333;2024-02-27T03:00:00+01:00
1293;22420.91666666667;2024-02-27T04:00:00+01:00
1293;23167.91666666667;2024-02-27T05:00:00+01:00
1293;26138.33333333333;2024-02-27T06:00:00+01:00
1293;30364.16666666667;2024-02-27T07:00:00+01:00
1293;32165.75;2024-02-27T08:00:00+01:00
1293;32098.41666666667;2024-02-27T09:00:00+01:00
1293;31221.0;2024-02-27T10:00:00+01:00
1293;30392.91666666667;2024-02-27T11:00:00+01:00
1293;29906.33333333333;2024-02-27T12:00:00+01:00
1293;29765.41666666667;2024-02-27T13:00:00+01:00
1293;29489.58333333333;2024-02-27T14:00:00+01:00
1293;29235.25;2024-02-27T15:00:00+01:00
1293;29347.33333333333;2024-02-27T16:00:00+01:00
1293;30031.16666666667;2024-02-27T17:00:00+01:00
1293;30996.58333333333;2024-02-27T18:00:00+01:00
1293;33739.5;2024-02-27T19:00:00+01:00
1293;34879.91666666667;2024-02-27T20:00:00+01:00
1293;34092.58333333334;2024-02-27T21:00:00+01:00
1293;30989.08333333333;2024-02-27T22:00:00+01:00
1293;27889.66666666667;2024-02-27T23:00:00+01:00
1293;25995.16666666667;2024-02-28T00:00:00+01:00
1293;24435.91666666667;2024-02-28T01:00:00+01:00
1293;23406.16666666667;2024-02-28T02:00:00+01:00
1293;22850.75;2024-02-28T03:00:00+01:00
1293;22828.0;2024-02-28T04:00:00+01:00
1293;23196.0;2024-02-28T05:00:00+01:00
1293;25916.5;2024-02-28T06:00:00+01:00
1293;29590.41666666667;2024-02-28T07:00:00+01:00
1293;31300.5;2024-02-28T08:00:00+01:00
1293;31243.66666666667;2024-02-28T09:00:00+01:00
1293;30724.66666666667;2024-02-28T10:00:00+01:00
1293;29888.0;2024-02-28T11:00:00+01:00
1293;29095.41666666667;2024-02-28T12:00:00+01:00
1293;28597.41666666667;2024-02-28T13:00:00+01:00
1293;28049.75;2024-02-28T14:00:00+01:00
1293;27641.16666666667;2024-02-28T15:00:00+01:00
1293;27677.33333333333;2024-02-28T16:00:00+01:00
1293;28482.41666666667;2024-02-28T17:00:00+01:00
1293;29602.91666666667;2024-02-28T18:00:00+01:00
1293;32521.75;2024-02-28T19:00:00+01:00
1293;34037.16666666667;2024-02-28T20:00:00+01:00
1293;33196.83333333334;2024-02-28T21:00:00+01:00
1293;30192.33333333333;2024-02-28T22:00:00+01:00
1293;27077.0;2024-02-28T23:00:00+01:00
1293;25428.91666666667;2024-02-29T00:00:00+01:00
1293;23812.83333333333;2024-02-29T01:00:00+01:00
1293;22854.83333333333;2024-02-29T02:00:00+01:00
1293;22528.91666666667;2024-02-29T03:00:00+01:00
1293;22452.83333333333;2024-02-29T04:00:00+01:00
1293;23185.25;2024-02-29T05:00:00+01:00
1293;26050.66666666667;2024-02-29T06:00:00+01:00
1293;30113.5;2024-02-29T07:00:00+01:00
1293;31722.66666666667;2024-02-29T08:00:00+01:00
1293;31187.75;2024-02-29T09:00:00+01:00
1293;30067.41666666667;2024-02-29T10:00:00+01:00
1293;29407.75;2024-02-29T11:00:00+01:00
1293;28887.66666666667;2024-02-29T12:00:00+01:00
1293;28999.08333333333;2024-02-29T13:00:00+01:00
1293;28737.33333333333;2024-02-29T14:00:00+01:00
1293;28384.83333333333;2024-02-29T15:00:00+01:00
1293;28404.33333333333;2024-02-29T16:00:00+01:00
1293;29412.58333333333;2024-02-29T17:00:00+01:00
1293;30617.16666666667;2024-02-29T18:00:00+01:00
1293;33332.5;2024-02-29T19:00:00+01:00
1293;34613.16666666667;2024-02-29T20:00:00+01:00
1293;33738.0;2024-02-29T21:00:00+01:00
1293;30645.41666666667;2024-02-29T22:00:00+01:00
1293;27545.83333333333;2024-02-29T23:00:00+01:00
1293;25597.75;2024-03-01T00:00:00+01:00
1293;24105.16666666667;2024-03-01T01:00:00+01:00
1293;23001.25;2024-03-01T02:00:00+01:00
1293;22557.08333333333;2024-03-01T03:00:00+01:00
1293;22469.75;2024-03-01T04:00:00+01:00
1293;23159.16666666667;2024-03-01T05:00:00+01:00
1293;26148.25;2024-03-01T06:00:00+01:00
1293;30325.08333333333;2024-03-01T07:00:00+01:00
1293;31965.08333333333;2024-03-01T08:00:00+01:00
1293;31314.5;2024-03-01T09:00:00+01:00
1293;30347.5;2024-03-01T10:00:00+01:00
1293;29413.75;2024-03-01T11:00:00+01:00
1293;28820.08333333333;2024-03-01T12:00:00+01:00
1293;28750.41666666667;2024-03-01T13:00:00+01:00
1293;28289.58333333333;2024-03-01T14:00:00+01:00
1293;27792.58333333333;2024-03-01T15:00:00+01:00
1293;27846.41666666667;2024-03-01T16:00:00+01:00
1293;28727.25;2024-03-01T17:00:00+01:00
1293;29981.91666666667;2024-03-01T18:00:00+01:00
1293;32576.08333333333;2024-03-01T19:00:00+01:00
1293;33575.0;2024-03-01T20:00:00+01:00
1293;32695.33333333333;2024-03-01T21:00:00+01:00
1293;29850.58333333333;2024-03-01T22:00:00+01:00
1293;27234.33333333333;2024-03-01T23:00:00+01:00
1293;25659.0;2024-03-02T00:00:00+01:00
1293;23936.33333333333;2024-03-02T01:00:00+01:00
1293;22584.25;2024-03-02T02:00:00+01:00
1293;21928.75;2024-03-02T03:00:00+01:00
1293;21492.5;2024-03-02T04:00:00+01:00
1293;21332.0;2024-03-02T05:00:00+01:00
1293;21891.91666666667;2024-03-02T06:00:00+01:00
1293;23148.0;2024-03-02T07:00:00+01:00
1293;24355.41666666667;2024-03-02T08:00:00+01:00
1293;26179.58333333333;2024-03-02T09:00:00+01:00
1293;27071.75;2024-03-02T10:00:00+01:00
1293;27342.0;2024-03-02T11:00:00+01:00
1293;27345.91666666667;2024-03-02T12:00:00+01:00
1293;28016.58333333333;2024-03-02T13:00:00+01:00
1293;27811.16666666667;2024-03-02T14:00:00+01:00
1293;26871.83333333333;2024-03-02T15:00:00+01:00
1293;26289.33333333333;2024-03-02T16:00:00+01:00
1293;26475.16666666667;2024-03-02T17:00:00+01:00
1293;27426.91666666667;2024-03-02T18:00:00+01:00
1293;29266.58333333333;2024-03-02T19:00:00+01:00
1293;30172.66666666667;2024-03-02T20:00:00+01:00
1293;29928.08333333333;2024-03-02T21:00:00+01:00
1293;27813.58333333333;2024-03-02T22:00:00+01:00
1293;25619.66666666667;2024-03-02T23:00:00+01:00
1293;23652.16666666667;2024-03-03T00:00:00+01:00
1293;21808.91666666667;2024-03-03T01:00:00+01:00
1293;20647.5;2024-03-03T02:00:00+01:00
1293;20013.66666666667;2024-03-03T03:00:00+01:00
1293;19730.83333333333;2024-03-03T04:00:00+01:00
1293;19688.16666666667;2024-03-03T05:00:00+01:00
1293;20066.25;2024-03-03T06:00:00+01:00
1293;20716.16666666667;2024-03-03T07:00:00+01:00
1293;21448.75;2024-03-03T08:00:00+01:00
1293;22795.16666666667;2024-03-03T09:00:00+01:00
1293;24031.16666666667;2024-03-03T10:00:00+01:00
1293;24016.83333333333;2024-03-03T11:00:00+01:00
1293;23808.91666666667;2024-03-03T12:00:00+01:00
1293;24560.58333333333;2024-03-03T13:00:00+01:00
1293;24693.5;2024-03-03T14:00:00+01:00
1293;23601.33333333333;2024-03-03T15:00:00+01:00
1293;23266.58333333333;2024-03-03T16:00:00+01:00
1293;23913.41666666667;2024-03-03T17:00:00+01:00
1293;25535.58333333333;2024-03-03T18:00:00+01:00
1293;28582.58333333333;2024-03-03T19:00:00+01:00
1293;30560.75;2024-03-03T20:00:00+01:00
1293;30520.5;2024-03-03T21:00:00+01:00
1293;28543.75;2024-03-03T22:00:00+01:00
1293;25871.16666666667;2024-03-03T23:00:00+01:00
1293;23842.91666666667;2024-03-04T00:00:00+01:00
1293;22214.33333333333;2024-03-04T01:00:00+01:00
1293;21336.58333333333;2024-03-04T02:00:00+01:00
1293;20908.58333333333;2024-03-04T03:00:00+01:00
1293;21026.16666666667;2024-03-04T04:00:00+01:00
1293;21896.91666666667;2024-03-04T05:00:00+01:00
1293;25251.66666666667;2024-03-04T06:00:00+01:00
1293;29717.08333333333;2024-03-04T07:00:00+01:00
1293;31857.66666666667;2024-03-04T08:00:00+01:00
1293;32130.66666666667;2024-03-04T09:00:00+01:00
1293;31948.0;2024-03-04T10:00:00+01:00
1293;31434.75;2024-03-04T11:00:00+01:00
1293;31320.33333333333;2024-03-04T12:00:00+01:00
1293;31382.83333333333;2024-03-04T13:00:00+01:00
1293;31232.16666666667;2024-03-04T14:00:00+01:00
1293;31048.08333333333;2024-03-04T15:00:00+01:00
1293;30696.66666666667;2024-03-04T16:00:00+01:00
1293;30858.75;2024-03-04T17:00:00+01:00
1293;31196.66666666667;2024-03-04T18:00:00+01:00
1293;33542.41666666667;2024-03-04T19:00:00+01:00
1293;35214.0;2024-03-04T20:00:00+01:00
1293;34463.75;2024-03-04T21:00:00+01:00
1293;31136.91666666667;2024-03-04T22:00:00+01:00
1293;27849.08333333333;2024-03-04T23:00:00+01:00
1293;25716.75;2024-03-05T00:00:00+01:00
1293;23998.83333333333;2024-03-05T01:00:00+01:00
1293;23044.75;2024-03-05T02:00:00+01:00
1293;22667.41666666667;2024-03-05T03:00:00+01:00
1293;22595.83333333333;2024-03-05T04:00:00+01:00
1293;23255.75;2024-03-05T05:00:00+01:00
1293;26206.66666666667;2024-03-05T06:00:00+01:00
1293;30386.66666666667;2024-03-05T07:00:00+01:00
1293;32007.5;2024-03-05T08:00:00+01:00
1293;31300.08333333333;2024-03-05T09:00:00+01:00
1293;30089.75;2024-03-05T10:00:00+01:00
1293;29171.16666666667;2024-03-05T11:00:00+01:00
1293;28720.83333333333;2024-03-05T12:00:00+01:00
1293;28316.91666666667;2024-03-05T13:00:00+01:00
1293;27893.0;2024-03-05T14:00:00+01:00
1293;27476.41666666667;2024-03-05T15:00:00+01:00
1293;27620.75;2024-03-05T16:00:00+01:00
1293;28709.0;2024-03-05T17:00:00+01:00
1293;29801.83333333333;2024-03-05T18:00:00+01:00
1293;32501.25;2024-03-05T19:00:00+01:00
1293;34445.66666666667;2024-03-05T20:00:00+01:00
1293;34120.08333333334;2024-03-05T21:00:00+01:00
1293;30901.66666666667;2024-03-05T22:00:00+01:00
1293;27947.58333333333;2024-03-05T23:00:00+01:00
1293;25893.5;2024-03-06T00:00:00+01:00
1293;24420.41666666667;2024-03-06T01:00:00+01:00
1293;23397.41666666667;2024-03-06T02:00:00+01:00
1293;22955.58333333333;2024-03-06T03:00:00+01:00
1293;22931.25;2024-03-06T04:00:00+01:00
1293;23655.5;2024-03-06T05:00:00+01:00
1293;26484.75;2024-03-06T06:00:00+01:00
1293;30661.16666666667;2024-03-06T07:00:00+01:00
1293;32228.5;2024-03-06T08:00:00+01:00
1293;31652.25;2024-03-06T09:00:00+01:00
1293;30694.16666666667;2024-03-06T10:00:00+01:00
1293;29537.83333333333;2024-03-06T11:00:00+01:00
1293;28817.83333333333;2024-03-06T12:00:00+01:00
1293;28692.25;2024-03-06T13:00:00+01:00
1293;28272.91666666667;2024-03-06T14:00:00+01:00
1293;27959.33333333333;2024-03-06T15:00:00+01:00
1293;28400.25;2024-03-06T16:00:00+01:00
1293;29359.41666666667;2024-03-06T17:00:00+01:00
1293;30303.5;2024-03-06T18:00:00+01:00
1293;32698.91666666667;2024-03-06T19:00:00+01:00
1293;34485.75;2024-03-06T20:00:00+01:00
1293;34064.91666666667;2024-03-06T21:00:00+01:00
1293;30952.33333333333;2024-03-06T22:00:00+01:00
1293;27831.75;2024-03-06T23:00:00+01:00
1293;25745.25;2024-03-07T00:00:00+01:00
1293;24161.16666666667;2024-03-07T01:00:00+01:00
1293;23054.58333333333;2024-03-07T02:00:00+01:00
1293;22625.66666666667;2024-03-07T03:00:00+01:00
1293;22399.75;2024-03-07T04:00:00+01:00
1293;23236.25;2024-03-07T05:00:00+01:00
1293;26141.66666666667;2024-03-07T06:00:00+01:00
1293;30153.58333333333;2024-03-07T07:00:00+01:00
1293;31756.91666666667;2024-03-07T08:00:00+01:00
1293;31236.33333333333;2024-03-07T09:00:00+01:00
1293;30536.83333333333;2024-03-07T10:00:00+01:00
1293;30343.08333333333;2024-03-07T11:00:00+01:00
1293;30391.83333333333;2024-03-07T12:00:00+01:00
1293;30606.91666666667;2024-03-07T13:00:00+01:00
1293;30691.75;2024-03-07T14:00:00+01:00
1293;30479.75;2024-03-07T15:00:00+01:00
1293;30427.25;2024-03-07T16:00:00+01:00
1293;30847.5;2024-03-07T17:00:00+01:00
1293;31272.25;2024-03-07T18:00:00+01:00
1293;33646.16666666667;2024-03-07T19:00:00+01:00
1293;34973.58333333334;2024-03-07T20:00:00+01:00
1293;34187.5;2024-03-07T21:00:00+01:00
1293;30962.08333333333;2024-03-07T22:00:00+01:00
1293;27835.83333333333;2024-03-07T23:00:00+01:00
1293;25792.5;2024-03-08T00:00:00+01:00
1293;24407.66666666667;2024-03-08T01:00:00+01:00
1293;23328.83333333333;2024-03-08T02:00:00+01:00
1293;22987.25;2024-03-08T03:00:00+01:00
1293;22830.08333333333;2024-03-08T04:00:00+01:00
1293;23496.41666666667;2024-03-08T05:00:00+01:00
1293;26469.33333333333;2024-03-08T06:00:00+01:00
1293;30334.41666666667;2024-03-08T07:00:00+01:00
1293;32218.5;2024-03-08T08:00:00+01:00
1293;32046.5;2024-03-08T09:00:00+01:00
1293;31670.83333333333;2024-03-08T10:00:00+01:00
1293;31161.16666666667;2024-03-08T11:00:00+01:00
1293;30799.08333333333;2024-03-08T12:00:00+01:00
1293;30723.41666666667;2024-03-08T13:00:00+01:00
1293;29980.25;2024-03-08T14:00:00+01:00
1293;29346.41666666667;2024-03-08T15:00:00+01:00
1293;29274.75;2024-03-08T16:00:00+01:00
1293;29866.58333333333;2024-03-08T17:00:00+01:00
1293;30774.58333333333;2024-03-08T18:00:00+01:00
1293;32946.91666666667;2024-03-08T19:00:00+01:00
1293;33785.41666666667;2024-03-08T20:00:00+01:00
1293;33117.75;2024-03-08T21:00:00+01:00
1293;30309.33333333333;2024-03-08T22:00:00+01:00
1293;27721.58333333333;2024-03-08T23:00:00+01:00
1293;25880.75;2024-03-09T00:00:00+01:00
1293;24147.25;2024-03-09T01:00:00+01:00
1293;22738.16666666667;2024-03-09T02:00:00+01:00
1293;21892.0;2024-03-09T03:00:00+01:00
1293;21549.25;2024-03-09T04:00:00+01:00
1293;21525.16666666667;2024-03-09T05:00:00+01:00
1293;22109.33333333333;2024-03-09T06:00:00+01:00
1293;23278.5;2024-03-09T07:00:00+01:00
1293;24860.08333333333;2024-03-09T08:00:00+01:00
1293;27411.41666666667;2024-03-09T09:00:00+01:00
1293;29193.0;2024-03-09T10:00:00+01:00
1293;29539.58333333333;2024-03-09T11:00:00+01:00
1293;29852.16666666667;2024-03-09T12:00:00+01:00
1293;30324.75;2024-03-09T13:00:00+01:00
1293;29733.58333333333;2024-03-09T14:00:00+01:00
1293;28209.5;2024-03-09T15:00:00+01:00
1293;27089.33333333333;2024-03-09T16:00:00+01:00
1293;26741.25;2024-03-09T17:00:00+01:00
1293;27458.58333333333;2024-03-09T18:00:00+01:00
1293;29497.33333333333;2024-03-09T19:00:00+01:00
1293;30807.91666666667;2024-03-09T20:00:00+01:00
1293;30678.41666666667;2024-03-09T21:00:00+01:00
1293;28368.08333333333;2024-03-09T22:00:00+01:00
1293;26021.66666666667;2024-03-09T23:00:00+01:00
1293;24066.0;2024-03-10T00:00:00+01:00
1293;21960.91666666667;2024-03-10T01:00:00+01:00
1293;20711.0;2024-03-10T02:00:00+01:00
1293;19948.5;2024-03-10T03:00:00+01:00
1293;19747.25;2024-03-10T04:00:00+01:00
1293;19654.25;2024-03-10T05:00:00+01:00
1293;20337.66666666667;2024-03-10T06:00:00+01:00
1293;20703.41666666667;2024-03-10T07:00:00+01:00
1293;21400.75;2024-03-10T08:00:00+01:00
1293;22965.0;2024-03-10T09:00:00+01:00
1293;23877.33333333333;2024-03-10T10:00:00+01:00
1293;24065.75;2024-03-10T11:00:00+01:00
1293;24393.25;2024-03-10T12:00:00+01:00
1293;25166.25;2024-03-10T13:00:00+01:00
1293;24903.66666666667;2024-03-10T14:00:00+01:00
1293;23692.66666666667;2024-03-10T15:00:00+01:00
1293;23193.08333333333;2024-03-10T16:00:00+01:00
1293;23725.16666666667;2024-03-10T17:00:00+01:00
1293;25319.41666666667;2024-03-10T18:00:00+01:00
1293;28355.16666666667;2024-03-10T19:00:00+01:00
1293;30437.41666666667;2024-03-10T20:00:00+01:00
1293;30535.41666666667;2024-03-10T21:00:00+01:00
1293;28538.66666666667;2024-03-10T22:00:00+01:00
1293;25835.0;2024-03-10T23:00:00+01:00
1293;23712.41666666667;2024-03-11T00:00:00+01:00
1293;22219.33333333333;2024-03-11T01:00:00+01:00
1293;21358.91666666667;2024-03-11T02:00:00+01:00
1293;20973.5;2024-03-11T03:00:00+01:00
1293;20989.5;2024-03-11T04:00:00+01:00
1293;22028.33333333333;2024-03-11T05:00:00+01:00
1293;25491.58333333333;2024-03-11T06:00:00+01:00
1293;29751.91666666667;2024-03-11T07:00:00+01:00
1293;31392.41666666667;2024-03-11T08:00:00+01:00
1293;30815.33333333333;2024-03-11T09:00:00+01:00
1293;29969.66666666667;2024-03-11T10:00:00+01:00
1293;29221.0;2024-03-11T11:00:00+01:00
1293;28720.08333333333;2024-03-11T12:00:00+01:00
1293;28824.25;2024-03-11T13:00:00+01:00
1293;28609.58333333333;2024-03-11T14:00:00+01:00
1293;28513.75;2024-03-11T15:00:00+01:00
1293;28607.16666666667;2024-03-11T16:00:00+01:00
1293;29203.58333333333;2024-03-11T17:00:00+01:00
1293;30328.41666666667;2024-03-11T18:00:00+01:00
1293;32776.66666666667;2024-03-11T19:00:00+01:00
1293;34436.66666666667;2024-03-11T20:00:00+01:00
1293;33590.83333333334;2024-03-11T21:00:00+01:00
1293;30305.58333333333;2024-03-11T22:00:00+01:00
1293;27485.25;2024-03-11T23:00:00+01:00
1293;25363.41666666667;2024-03-12T00:00:00+01:00
1293;23809.0;2024-03-12T01:00:00+01:00
1293;22820.33333333333;2024-03-12T02:00:00+01:00
1293;22472.66666666667;2024-03-12T03:00:00+01:00
1293;22542.08333333333;2024-03-12T04:00:00+01:00
1293;23303.41666666667;2024-03-12T05:00:00+01:00
1293;26004.58333333333;2024-03-12T06:00:00+01:00
1293;29589.83333333333;2024-03-12T07:00:00+01:00
1293;31098.16666666667;2024-03-12T08:00:00+01:00
1293;30711.58333333333;2024-03-12T09:00:00+01:00
1293;29847.33333333333;2024-03-12T10:00:00+01:00
1293;28623.5;2024-03-12T11:00:00+01:00
1293;28101.08333333333;2024-03-12T12:00:00+01:00
1293;28086.16666666667;2024-03-12T13:00:00+01:00
1293;27791.25;2024-03-12T14:00:00+01:00
1293;27550.66666666667;2024-03-12T15:00:00+01:00
1293;27663.91666666667;2024-03-12T16:00:00+01:00
1293;28407.58333333333;2024-03-12T17:00:00+01:00
1293;29520.5;2024-03-12T18:00:00+01:00
1293;32051.66666666667;2024-03-12T19:00:00+01:00
1293;34000.25;2024-03-12T20:00:00+01:00
1293;33436.16666666667;2024-03-12T21:00:00+01:00
1293;30427.91666666667;2024-03-12T22:00:00+01:00
1293;27421.5;2024-03-12T23:00:00+01:00
1293;25575.0;2024-03-13T00:00:00+01:00
1293;24159.41666666667;2024-03-13T01:00:00+01:00
1293;23246.91666666667;2024-03-13T02:00:00+01:00
1293;22936.91666666667;2024-03-13T03:00:00+01:00
1293;22735.33333333333;2024-03-13T04:00:00+01:00
1293;23401.66666666667;2024-03-13T05:00:00+01:00
1293;26059.75;2024-03-13T06:00:00+01:00
1293;29732.83333333333;2024-03-13T07:00:00+01:00
1293;31302.66666666667;2024-03-13T08:00:00+01:00
1293;30661.58333333333;2024-03-13T09:00:00+01:00
1293;29549.08333333333;2024-03-13T10:00:00+01:00
1293;28821.75;2024-03-13T11:00:00+01:00
1293;28187.16666666667;2024-03-13T12:00:00+01:00
1293;28143.91666666667;2024-03-13T13:00:00+01:00
1293;27818.16666666667;2024-03-13T14:00:00+01:00
1293;27441.83333333333;2024-03-13T15:00:00+01:00
1293;27497.08333333333;2024-03-13T16:00:00+01:00
1293;28465.58333333333;2024-03-13T17:00:00+01:00
1293;29521.83333333333;2024-03-13T18:00:00+01:00
1293;31939.25;2024-03-13T19:00:00+01:00
1293;33846.91666666667;2024-03-13T20:00:00+01:00
1293;33221.33333333334;2024-03-13T21:00:00+01:00
1293;30214.41666666667;2024-03-13T22:00:00+01:00
1293;27544.0;2024-03-13T23:00:00+01:00
1293;25617.0;2024-03-14T00:00:00+01:00
1293;24124.83333333333;2024-03-14T01:00:00+01:00
1293;23178.16666666667;2024-03-14T02:00:00+01:00
1293;22781.08333333333;2024-03-14T03:00:00+01:00
1293;22757.41666666667;2024-03-14T04:00:00+01:00
1293;23515.0;2024-03-14T05:00:00+01:00
1293;26378.66666666667;2024-03-14T06:00:00+01:00
1293;29713.0;2024-03-14T07:00:00+01:00
1293;30724.0;2024-03-14T08:00:00+01:00
1293;30206.91666666667;2024-03-14T09:00:00+01:00
1293;29066.83333333333;2024-03-14T10:00:00+01:00
1293;28205.91666666667;2024-03-14T11:00:00+01:00
1293;28077.16666666667;2024-03-14T12:00:00+01:00
1293;28448.33333333333;2024-03-14T13:00:00+01:00
1293;28417.75;2024-03-14T14:00:00+01:00
1293;28075.0;2024-03-14T15:00:00+01:00
1293;28326.33333333333;2024-03-14T16:00:00+01:00
1293;29129.75;2024-03-14T17:00:00+01:00
1293;29927.83333333333;2024-03-14T18:00:00+01:00
1293;31917.83333333333;2024-03-14T19:00:00+01:00
1293;33567.33333333334;2024-03-14T20:00:00+01:00
1293;33005.33333333334;2024-03-14T21:00:00+01:00
1293;30008.41666666667;2024-03-14T22:00:00+01:00
1293;27402.91666666667;2024-03-14T23:00:00+01:00
1293;25482.58333333333;2024-03-15T00:00:00+01:00
1293;23965.83333333333;2024-03-15T01:00:00+01:00
1293;22924.66666666667;2024-03-15T02:00:00+01:00
1293;22602.41666666667;2024-03-15T03:00:00+01:00
1293;22531.5;2024-03-15T04:00:00+01:00
1293;23280.08333333333;2024-03-15T05:00:00+01:00
1293;26047.58333333333;2024-03-15T06:00:00+01:00
1293;29343.16666666667;2024-03-15T07:00:00+01:00
1293;30441.91666666667;2024-03-15T08:00:00+01:00
1293;30026.66666666667;2024-03-15T09:00:00+01:00
1293;29194.25;2024-03-15T10:00:00+01:00
1293;28219.5;2024-03-15T11:00:00+01:00
1293;27972.41666666667;2024-03-15T12:00:00+01:00
1293;28004.66666666667;2024-03-15T13:00:00+01:00
1293;27602.91666666667;2024-03-15T14:00:00+01:00
1293;27226.25;2024-03-15T15:00:00+01:00
1293;27122.58333333333;2024-03-15T16:00:00+01:00
1293;27800.58333333333;2024-03-15T17:00:00+01:00
1293;28583.0;2024-03-15T18:00:00+01:00
1293;30429.41666666667;2024-03-15T19:00:00+01:00
1293;31660.75;2024-03-15T20:00:00+01:00
1293;31046.41666666667;2024-03-15T21:00:00+01:00
1293;28510.75;2024-03-15T22:00:00+01:00
1293;26383.25;2024-03-15T23:00:00+01:00
1293;24978.91666666667;2024-03-16T00:00:00+01:00
1293;23550.66666666667;2024-03-16T01:00:00+01:00
1293;22389.41666666667;2024-03-16T02:00:00+01:00
1293;21800.91666666667;2024-03-16T03:00:00+01:00
1293;21405.25;2024-03-16T04:00:00+01:00
1293;21394.58333333333;2024-03-16T05:00:00+01:00
1293;21978.75;2024-03-16T06:00:00+01:00
1293;22778.25;2024-03-16T07:00:00+01:00
1293;23753.75;2024-03-16T08:00:00+01:00
1293;24976.66666666667;2024-03-16T09:00:00+01:00
1293;25275.08333333333;2024-03-16T10:00:00+01:00
1293;24780.91666666667;2024-03-16T11:00:00+01:00
1293;24167.25;2024-03-16T12:00:00+01:00
1293;23998.41666666667;2024-03-16T13:00:00+01:00
1293;23688.91666666667;2024-03-16T14:00:00+01:00
1293;23112.16666666667;2024-03-16T15:00:00+01:00
1293;22841.83333333333;2024-03-16T16:00:00+01:00
1293;23418.83333333333;2024-03-16T17:00:00+01:00
1293;24578.75;2024-03-16T18:00:00+01:00
1293;26839.41666666667;2024-03-16T19:00:00+01:00
1293;27870.25;2024-03-16T20:00:00+01:00
1293;27645.75;2024-03-16T21:00:00+01:00
1293;25839.58333333333;2024-03-16T22:00:00+01:00
1293;23968.25;2024-03-16T23:00:00+01:00
1293;22617.41666666667;2024-03-17T00:00:00+01:00
1293;21194.66666666667;2024-03-17T01:00:00+01:00
1293;20328.66666666667;2024-03-17T02:00:00+01:00
1293;19765.66666666667;2024-03-17T03:00:00+01:00
1293;19492.0;2024-03-17T04:00:00+01:00
1293;19546.5;2024-03-17T05:00:00+01:00
1293;19929.91666666667;2024-03-17T06:00:00+01:00
1293;20139.66666666667;2024-03-17T07:00:00+01:00
1293;20558.66666666667;2024-03-17T08:00:00+01:00
1293;21623.0;2024-03-17T09:00:00+01:00
1293;22085.91666666667;2024-03-17T10:00:00+01:00
1293;21885.16666666667;2024-03-17T11:00:00+01:00
1293;21709.08333333333;2024-03-17T12:00:00+01:00
1293;22154.5;2024-03-17T13:00:00+01:00
1293;22167.41666666667;2024-03-17T14:00:00+01:00
1293;21452.0;2024-03-17T15:00:00+01:00
1293;21400.41666666667;2024-03-17T16:00:00+01:00
1293;22009.16666666667;2024-03-17T17:00:00+01:00
1293;23324.75;2024-03-17T18:00:00+01:00
1293;25525.25;2024-03-17T19:00:00+01:00
1293;27385.58333333333;2024-03-17T20:00:00+01:00
1293;27421.08333333333;2024-03-17T21:00:00+01:00
1293;25869.16666666667;2024-03-17T22:00:00+01:00
1293;23880.41666666667;2024-03-17T23:00:00+01:00
1293;22467.25;2024-03-18T00:00:00+01:00
1293;21313.66666666667;2024-03-18T01:00:00+01:00
1293;20482.33333333333;2024-03-18T02:00:00+01:00
1293;20143.08333333333;2024-03-18T03:00:00+01:00
1293;20196.66666666667;2024-03-18T04:00:00+01:00
1293;20970.33333333333;2024-03-18T05:00:00+01:00
1293;23645.5;2024-03-18T06:00:00+01:00
1293;26392.08333333333;2024-03-18T07:00:00+01:00
1293;27435.08333333333;2024-03-18T08:00:00+01:00
1293;27606.66666666667;2024-03-18T09:00:00+01:00
1293;27006.91666666667;2024-03-18T10:00:00+01:00
1293;26464.91666666667;2024-03-18T11:00:00+01:00
1293;26515.75;2024-03-18T12:00:00+01:00
1293;26634.08333333333;2024-03-18T13:00:00+01:00
1293;26585.58333333333;2024-03-18T14:00:00+01:00
1293;26195.58333333333;2024-03-18T15:00:00+01:00
1293;26133.33333333333;2024-03-18T16:00:00+01:00
1293;26865.33333333333;2024-03-18T17:00:00+01:00
1293;27593.41666666667;2024-03-18T18:00:00+01:00
1293;29565.08333333333;2024-03-18T19:00:00+01:00
1293;31280.25;2024-03-18T20:00:00+01:00
1293;30586.41666666667;2024-03-18T21:00:00+01:00
1293;27645.16666666667;2024-03-18T22:00:00+01:00
1293;25011.16666666667;2024-03-18T23:00:00+01:00
1293;23607.0;2024-03-19T00:00:00+01:00
1293;22438.0;2024-03-19T01:00:00+01:00
1293;21494.58333333333;2024-03-19T02:00:00+01:00
1293;21153.75;2024-03-19T03:00:00+01:00
1293;21220.83333333333;2024-03-19T04:00:00+01:00
1293;21791.25;2024-03-19T05:00:00+01:00
1293;23799.66666666667;2024-03-19T06:00:00+01:00
1293;25904.16666666667;2024-03-19T07:00:00+01:00
1293;26917.25;2024-03-19T08:00:00+01:00
1293;26979.5;2024-03-19T09:00:00+01:00
1293;26405.75;2024-03-19T10:00:00+01:00
1293;25816.33333333333;2024-03-19T11:00:00+01:00
1293;26026.5;2024-03-19T12:00:00+01:00
1293;25955.16666666667;2024-03-19T13:00:00+01:00
1293;25719.83333333333;2024-03-19T14:00:00+01:00
1293;25472.83333333333;2024-03-19T15:00:00+01:00
1293;25690.91666666667;2024-03-19T16:00:00+01:00
1293;26423.33333333333;2024-03-19T17:00:00+01:00
1293;27099.41666666667;2024-03-19T18:00:00+01:00
1293;28924.66666666667;2024-03-19T19:00:00+01:00
1293;30493.66666666667;2024-03-19T20:00:00+01:00
1293;29611.5;2024-03-19T21:00:00+01:00
1293;27070.33333333333;2024-03-19T22:00:00+01:00
1293;24671.33333333333;2024-03-19T23:00:00+01:00
1293;23310.08333333333;2024-03-20T00:00:00+01:00
1293;22199.0;2024-03-20T01:00:00+01:00
1293;21222.58333333333;2024-03-20T02:00:00+01:00
1293;20881.75;2024-03-20T03:00:00+01:00
1293;20887.5;2024-03-20T04:00:00+01:00
1293;21566.66666666667;2024-03-20T05:00:00+01:00
1293;24266.91666666667;2024-03-20T06:00:00+01:00
1293;27189.41666666667;2024-03-20T07:00:00+01:00
1293;28525.08333333333;2024-03-20T08:00:00+01:00
1293;28129.91666666667;2024-03-20T09:00:00+01:00
1293;27564.33333333333;2024-03-20T10:00:00+01:00
1293;27055.66666666667;2024-03-20T11:00:00+01:00
1293;27361.0;2024-03-20T12:00:00+01:00
1293;27572.33333333333;2024-03-20T13:00:00+01:00
1293;27407.83333333333;2024-03-20T14:00:00+01:00
1293;27199.33333333333;2024-03-20T15:00:00+01:00
1293;27378.5;2024-03-20T16:00:00+01:00
1293;27755.25;2024-03-20T17:00:00+01:00
1293;28136.83333333333;2024-03-20T18:00:00+01:00
1293;29855.33333333333;2024-03-20T19:00:00+01:00
1293;31494.58333333333;2024-03-20T20:00:00+01:00
1293;30654.41666666667;2024-03-20T21:00:00+01:00
1293;27979.83333333333;2024-03-20T22:00:00+01:00
1293;25285.83333333333;2024-03-20T23:00:00+01:00
1293;23864.08333333333;2024-03-21T00:00:00+01:00
1293;22734.83333333333;2024-03-21T01:00:00+01:00
1293;22013.25;2024-03-21T02:00:00+01:00
1293;21585.41666666667;2024-03-21T03:00:00+01:00
1293;21519.41666666667;2024-03-21T04:00:00+01:00
1293;22239.5;2024-03-21T05:00:00+01:00
1293;24736.75;2024-03-21T06:00:00+01:00
1293;27533.33333333333;2024-03-21T07:00:00+01:00
1293;28684.0;2024-03-21T08:00:00+01:00
1293;28242.33333333333;2024-03-21T09:00:00+01:00
1293;27620.66666666667;2024-03-21T10:00:00+01:00
1293;27040.83333333333;2024-03-21T11:00:00+01:00
1293;26966.75;2024-03-21T12:00:00+01:00
1293;26987.91666666667;2024-03-21T13:00:00+01:00
1293;27076.08333333333;2024-03-21T14:00:00+01:00
1293;26778.16666666667;2024-03-21T15:00:00+01:00
1293;26912.25;2024-03-21T16:00:00+01:00
1293;27661.0;2024-03-21T17:00:00+01:00
1293;28540.66666666667;2024-03-21T18:00:00+01:00
1293;30676.66666666667;2024-03-21T19:00:00+01:00
1293;32167.83333333333;2024-03-21T20:00:00+01:00
1293;31290.58333333333;2024-03-21T21:00:00+01:00
1293;28416.0;2024-03-21T22:00:00+01:00
1293;25755.41666666667;2024-03-21T23:00:00+01:00
1293;24504.16666666667;2024-03-22T00:00:00+01:00
1293;23360.25;2024-03-22T01:00:00+01:00
1293;22414.58333333333;2024-03-22T02:00:00+01:00
1293;22170.25;2024-03-22T03:00:00+01:00
1293;22058.83333333333;2024-03-22T04:00:00+01:00
1293;22623.58333333333;2024-03-22T05:00:00+01:00
1293;24998.25;2024-03-22T06:00:00+01:00
1293;27709.91666666667;2024-03-22T07:00:00+01:00
1293;28659.5;2024-03-22T08:00:00+01:00
1293;28318.66666666667;2024-03-22T09:00:00+01:00
1293;27840.0;2024-03-22T10:00:00+01:00
1293;27245.75;2024-03-22T11:00:00+01:00
1293;26922.33333333333;2024-03-22T12:00:00+01:00
1293;27037.08333333333;2024-03-22T13:00:00+01:00
1293;26889.58333333333;2024-03-22T14:00:00+01:00
1293;26605.66666666667;2024-03-22T15:00:00+01:00
1293;26697.66666666667;2024-03-22T16:00:00+01:00
1293;27354.58333333333;2024-03-22T17:00:00+01:00
1293;28201.0;2024-03-22T18:00:00+01:00
1293;29866.0;2024-03-22T19:00:00+01:00
1293;30719.25;2024-03-22T20:00:00+01:00
1293;29757.91666666667;2024-03-22T21:00:00+01:00
1293;27183.58333333333;2024-03-22T22:00:00+01:00
1293;24874.83333333333;2024-03-22T23:00:00+01:00
1293;23413.91666666667;2024-03-23T00:00:00+01:00
1293;22095.25;2024-03-23T01:00:00+01:00
1293;21028.5;2024-03-23T02:00:00+01:00
1293;20412.75;2024-03-23T03:00:00+01:00
1293;20114.91666666667;2024-03-23T04:00:00+01:00
1293;19924.5;2024-03-23T05:00:00+01:00
1293;20370.41666666667;2024-03-23T06:00:00+01:00
1293;20872.16666666667;2024-03-23T07:00:00+01:00
1293;22098.25;2024-03-23T08:00:00+01:00
1293;23398.41666666667;2024-03-23T09:00:00+01:00
1293;23779.16666666667;2024-03-23T10:00:00+01:00
1293;23026.25;2024-03-23T11:00:00+01:00
1293;22729.16666666667;2024-03-23T12:00:00+01:00
1293;22765.66666666667;2024-03-23T13:00:00+01:00
1293;22443.41666666667;2024-03-23T14:00:00+01:00
1293;21659.16666666667;2024-03-23T15:00:00+01:00
1293;21829.83333333333;2024-03-23T16:00:00+01:00
1293;22582.08333333333;2024-03-23T17:00:00+01:00
1293;23624.25;2024-03-23T18:00:00+01:00
1293;25420.33333333333;2024-03-23T19:00:00+01:00
1293;26790.83333333333;2024-03-23T20:00:00+01:00
1293;26549.33333333333;2024-03-23T21:00:00+01:00
1293;24598.5;2024-03-23T22:00:00+01:00
1293;22812.91666666667;2024-03-23T23:00:00+01:00
1293;21250.58333333333;2024-03-24T00:00:00+01:00
1293;19941.0;2024-03-24T01:00:00+01:00
1293;18930.08333333333;2024-03-24T02:00:00+01:00
1293;18418.0;2024-03-24T03:00:00+01:00
1293;18091.08333333333;2024-03-24T04:00:00+01:00
1293;18187.08333333333;2024-03-24T05:00:00+01:00
1293;18464.91666666667;2024-03-24T06:00:00+01:00
1293;18480.66666666667;2024-03-24T07:00:00+01:00
1293;19441.66666666667;2024-03-24T08:00:00+01:00
1293;20595.66666666667;2024-03-24T09:00:00+01:00
1293;21270.66666666667;2024-03-24T10:00:00+01:00
1293;21295.5;2024-03-24T11:00:00+01:00
1293;21243.25;2024-03-24T12:00:00+01:00
1293;21574.91666666667;2024-03-24T13:00:00+01:00
1293;21666.33333333333;2024-03-24T14:00:00+01:00
1293;20812.16666666667;2024-03-24T15:00:00+01:00
1293;20883.41666666667;2024-03-24T16:00:00+01:00
1293;21657.75;2024-03-24T17:00:00+01:00
1293;22852.41666666667;2024-03-24T18:00:00+01:00
1293;24710.25;2024-03-24T19:00:00+01:00
1293;26555.25;2024-03-24T20:00:00+01:00
1293;26580.66666666667;2024-03-24T21:00:00+01:00
1293;25076.08333333333;2024-03-24T22:00:00+01:00
1293;23371.58333333333;2024-03-24T23:00:00+01:00
1293;21956.5;2024-03-25T00:00:00+01:00
1293;20740.66666666667;2024-03-25T01:00:00+01:00
1293;20094.08333333333;2024-03-25T02:00:00+01:00
1293;19837.16666666667;2024-03-25T03:00:00+01:00
1293;19887.25;2024-03-25T04:00:00+01:00
1293;20602.75;2024-03-25T05:00:00+01:00
1293;23193.08333333333;2024-03-25T06:00:00+01:00
1293;25610.16666666667;2024-03-25T07:00:00+01:00
1293;27665.33333333333;2024-03-25T08:00:00+01:00
1293;29068.16666666667;2024-03-25T09:00:00+01:00
1293;29536.08333333333;2024-03-25T10:00:00+01:00
1293;29773.83333333333;2024-03-25T11:00:00+01:00
1293;29952.66666666667;2024-03-25T12:00:00+01:00
1293;30306.25;2024-03-25T13:00:00+01:00
1293;30128.0;2024-03-25T14:00:00+01:00
1293;29450.66666666667;2024-03-25T15:00:00+01:00
1293;28914.41666666667;2024-03-25T16:00:00+01:00
1293;28765.0;2024-03-25T17:00:00+01:00
1293;28750.5;2024-03-25T18:00:00+01:00
1293;30240.66666666667;2024-03-25T19:00:00+01:00
1293;31569.16666666667;2024-03-25T20:00:00+01:00
1293;30787.66666666667;2024-03-25T21:00:00+01:00
1293;28182.91666666667;2024-03-25T22:00:00+01:00
1293;25707.16666666667;2024-03-25T23:00:00+01:00
1293;24145.33333333333;2024-03-26T00:00:00+01:00
1293;22859.16666666667;2024-03-26T01:00:00+01:00
1293;21882.08333333333;2024-03-26T02:00:00+01:00
1293;21478.5;2024-03-26T03:00:00+01:00
1293;21463.91666666667;2024-03-26T04:00:00+01:00
1293;22037.16666666667;2024-03-26T05:00:00+01:00
1293;24203.33333333333;2024-03-26T06:00:00+01:00
1293;26550.58333333333;2024-03-26T07:00:00+01:00
1293;28302.16666666667;2024-03-26T08:00:00+01:00
1293;29003.83333333333;2024-03-26T09:00:00+01:00
1293;28866.66666666667;2024-03-26T10:00:00+01:00
1293;28771.41666666667;2024-03-26T11:00:00+01:00
1293;28962.25;2024-03-26T12:00:00+01:00
1293;29341.83333333333;2024-03-26T13:00:00+01:00
1293;28897.16666666667;2024-03-26T14:00:00+01:00
1293;28162.5;2024-03-26T15:00:00+01:00
1293;28091.83333333333;2024-03-26T16:00:00+01:00
1293;28696.41666666667;2024-03-26T17:00:00+01:00
1293;29357.5;2024-03-26T18:00:00+01:00
1293;31341.08333333333;2024-03-26T19:00:00+01:00
1293;33029.41666666667;2024-03-26T20:00:00+01:00
1293;32246.5;2024-03-26T21:00:00+01:00
1293;29606.33333333333;2024-03-26T22:00:00+01:00
1293;26973.66666666667;2024-03-26T23:00:00+01:00
1293;25024.08333333333;2024-03-27T00:00:00+01:00
1293;23467.25;2024-03-27T01:00:00+01:00
1293;22189.41666666667;2024-03-27T02:00:00+01:00
1293;21644.83333333333;2024-03-27T03:00:00+01:00
1293;21441.75;2024-03-27T04:00:00+01:00
1293;22107.0;2024-03-27T05:00:00+01:00
1293;24357.08333333333;2024-03-27T06:00:00+01:00
1293;26708.75;2024-03-27T07:00:00+01:00
1293;28234.83333333333;2024-03-27T08:00:00+01:00
1293;28881.08333333333;2024-03-27T09:00:00+01:00
1293;28724.25;2024-03-27T10:00:00+01:00
1293;28473.41666666667;2024-03-27T11:00:00+01:00
1293;28457.5;2024-03-27T12:00:00+01:00
1293;28638.08333333333;2024-03-27T13:00:00+01:00
1293;28326.83333333333;2024-03-27T14:00:00+01:00
1293;27860.58333333333;2024-03-27T15:00:00+01:00
1293;27625.41666666667;2024-03-27T16:00:00+01:00
1293;28092.58333333333;2024-03-27T17:00:00+01:00
1293;28804.0;2024-03-27T18:00:00+01:00
1293;30127.91666666667;2024-03-27T19:00:00+01:00
1293;31370.91666666667;2024-03-27T20:00:00+01:00
1293;30761.25;2024-03-27T21:00:00+01:00
1293;28122.58333333333;2024-03-27T22:00:00+01:00
1293;25390.0;2024-03-27T23:00:00+01:00
1293;23739.33333333333;2024-03-28T00:00:00+01:00
1293;22103.08333333333;2024-03-28T01:00:00+01:00
1293;20954.0;2024-03-28T02:00:00+01:00
1293;20403.66666666667;2024-03-28T03:00:00+01:00
1293;20050.16666666667;2024-03-28T04:00:00+01:00
1293;20244.41666666667;2024-03-28T05:00:00+01:00
1293;21240.66666666667;2024-03-28T06:00:00+01:00
1293;21997.08333333333;2024-03-28T07:00:00+01:00
1293;22708.08333333333;2024-03-28T08:00:00+01:00
1293;23708.83333333333;2024-03-28T09:00:00+01:00
1293;24259.5;2024-03-28T10:00:00+01:00
1293;24508.91666666667;2024-03-28T11:00:00+01:00
1293;24439.91666666667;2024-03-28T12:00:00+01:00
1293;24824.83333333333;2024-03-28T13:00:00+01:00
1293;24826.33333333333;2024-03-28T14:00:00+01:00
1293;23913.58333333333;2024-03-28T15:00:00+01:00
1293;23516.33333333333;2024-03-28T16:00:00+01:00
1293;23866.66666666667;2024-03-28T17:00:00+01:00
1293;24911.91666666667;2024-03-28T18:00:00+01:00
1293;26615.91666666667;2024-03-28T19:00:00+01:00
1293;27937.91666666667;2024-03-28T20:00:00+01:00
1293;27734.66666666667;2024-03-28T21:00:00+01:00
1293;25867.33333333333;2024-03-28T22:00:00+01:00
1293;23938.5;2024-03-28T23:00:00+01:00
1293;22349.16666666667;2024-03-29T00:00:00+01:00
1293;20870.58333333333;2024-03-29T01:00:00+01:00
1293;19811.83333333333;2024-03-29T02:00:00+01:00
1293;19082.83333333333;2024-03-29T03:00:00+01:00
1293;18814.16666666667;2024-03-29T04:00:00+01:00
1293;18987.0;2024-03-29T05:00:00+01:00
1293;19388.41666666667;2024-03-29T06:00:00+01:00
1293;19341.75;2024-03-29T07:00:00+01:00
1293;19928.25;2024-03-29T08:00:00+01:00
1293;21198.25;2024-03-29T09:00:00+01:00
1293;22330.83333333333;2024-03-29T10:00:00+01:00
1293;22855.66666666667;2024-03-29T11:00:00+01:00
1293;23103.25;2024-03-29T12:00:00+01:00
1293;23262.66666666667;2024-03-29T13:00:00+01:00
1293;23239.41666666667;2024-03-29T14:00:00+01:00
1293;22377.75;2024-03-29T15:00:00+01:00
1293;21855.33333333333;2024-03-29T16:00:00+01:00
1293;21831.25;2024-03-29T17:00:00+01:00
1293;22890.25;2024-03-29T18:00:00+01:00
1293;24593.66666666667;2024-03-29T19:00:00+01:00
1293;26231.33333333333;2024-03-29T20:00:00+01:00
1293;26330.5;2024-03-29T21:00:00+01:00
1293;24985.91666666667;2024-03-29T22:00:00+01:00
1293;23263.66666666667;2024-03-29T23:00:00+01:00
1293;21919.33333333333;2024-03-30T00:00:00+01:00
1293;20480.33333333333;2024-03-30T01:00:00+01:00
1293;19444.75;2024-03-30T02:00:00+01:00
1293;18784.91666666667;2024-03-30T03:00:00+01:00
1293;18552.08333333333;2024-03-30T04:00:00+01:00
1293;18727.91666666667;2024-03-30T05:00:00+01:00
1293;19358.66666666667;2024-03-30T06:00:00+01:00
1293;19754.75;2024-03-30T07:00:00+01:00
1293;20539.83333333333;2024-03-30T08:00:00+01:00
1293;21922.83333333333;2024-03-30T09:00:00+01:00
1293;22980.0;2024-03-30T10:00:00+01:00
1293;23349.91666666667;2024-03-30T11:00:00+01:00
1293;23597.75;2024-03-30T12:00:00+01:00
1293;24234.91666666667;2024-03-30T13:00:00+01:00
1293;24414.16666666667;2024-03-30T14:00:00+01:00
1293;23504.16666666667;2024-03-30T15:00:00+01:00
1293;23312.25;2024-03-30T16:00:00+01:00
1293;23639.5;2024-03-30T17:00:00+01:00
1293;24316.41666666667;2024-03-30T18:00:00+01:00
1293;25828.75;2024-03-30T19:00:00+01:00
1293;27503.16666666667;2024-03-30T20:00:00+01:00
1293;27407.5;2024-03-30T21:00:00+01:00
1293;25641.16666666667;2024-03-30T22:00:00+01:00
1293;23562.0;2024-03-30T23:00:00+01:00
1293;21893.41666666667;2024-03-31T00:00:00+01:00
1293;20195.66666666667;2024-03-31T01:00:00+01:00
1293;19074.33333333333;2024-03-31T03:00:00+02:00
1293;18361.08333333333;2024-03-31T04:00:00+02:00
1293;18262.08333333333;2024-03-31T05:00:00+02:00
1293;18573.91666666667;2024-03-31T06:00:00+02:00
1293;19167.08333333333;2024-03-31T07:00:00+02:00
1293;19324.08333333333;2024-03-31T08:00:00+02:00
1293;20481.91666666667;2024-03-31T09:00:00+02:00
1293;21988.58333333333;2024-03-31T10:00:00+02:00
1293;23175.66666666667;2024-03-31T11:00:00+02:00
1293;23968.08333333333;2024-03-31T12:00:00+02:00
1293;24296.66666666667;2024-03-31T13:00:00+02:00
1293;24131.75;2024-03-31T14:00:00+02:00
1293;23141.5;2024-03-31T15:00:00+02:00
1293;22246.16666666667;2024-03-31T16:00:00+02:00
1293;22149.5;2024-03-31T17:00:00+02:00
1293;22348.5;2024-03-31T18:00:00+02:00
1293;23452.25;2024-03-31T19:00:00+02:00
1293;25938.16666666667;2024-03-31T20:00:00+02:00
1293;27915.16666666667;2024-03-31T21:00:00+02:00
1293;26635.33333333333;2024-03-31T22:00:00+02:00
1293;24179.41666666667;2024-03-31T23:00:00+02:00
1293;21840.25;2024-04-01T00:00:00+02:00
1293;20056.58333333333;2024-04-01T01:00:00+02:00
1293;19008.66666666667;2024-04-01T02:00:00+02:00
1293;18342.91666666667;2024-04-01T03:00:00+02:00
1293;18264.41666666667;2024-04-01T04:00:00+02:00
1293;18610.41666666667;2024-04-01T05:00:00+02:00
1293;20339.0;2024-04-01T06:00:00+02:00
1293;22877.0;2024-04-01T07:00:00+02:00
1293;24333.75;2024-04-01T08:00:00+02:00
1293;24999.41666666667;2024-04-01T09:00:00+02:00
1293;24859.25;2024-04-01T10:00:00+02:00
1293;24204.58333333333;2024-04-01T11:00:00+02:00
1293;23789.0;2024-04-01T12:00:00+02:00
1293;23573.08333333333;2024-04-01T13:00:00+02:00
1293;23538.91666666667;2024-04-01T14:00:00+02:00
1293;22821.5;2024-04-01T15:00:00+02:00
1293;22091.08333333333;2024-04-01T16:00:00+02:00
1293;22268.58333333333;2024-04-01T17:00:00+02:00
1293;23221.33333333333;2024-04-01T18:00:00+02:00
1293;25202.58333333333;2024-04-01T19:00:00+02:00
1293;28080.66666666667;2024-04-01T20:00:00+02:00
1293;30437.25;2024-04-01T21:00:00+02:00
1293;28542.58333333333;2024-04-01T22:00:00+02:00
1293;25839.25;2024-04-01T23:00:00+02:00
1293;23697.75;2024-04-02T00:00:00+02:00
1293;22122.5;2024-04-02T01:00:00+02:00
1293;21016.16666666667;2024-04-02T02:00:00+02:00
1293;20586.08333333333;2024-04-02T03:00:00+02:00
1293;20458.16666666667;2024-04-02T04:00:00+02:00
1293;21129.91666666667;2024-04-02T05:00:00+02:00
1293;24057.16666666667;2024-04-02T06:00:00+02:00
1293;27926.66666666667;2024-04-02T07:00:00+02:00
1293;30038.33333333333;2024-04-02T08:00:00+02:00
1293;30166.75;2024-04-02T09:00:00+02:00
1293;29758.25;2024-04-02T10:00:00+02:00
1293;29175.0;2024-04-02T11:00:00+02:00
1293;28719.58333333333;2024-04-02T12:00:00+02:00
1293;28213.5;2024-04-02T13:00:00+02:00
1293;27911.83333333333;2024-04-02T14:00:00+02:00
1293;27305.33333333333;2024-04-02T15:00:00+02:00
1293;27075.33333333333;2024-04-02T16:00:00+02:00
1293;27662.58333333333;2024-04-02T17:00:00+02:00
1293;28007.41666666667;2024-04-02T18:00:00+02:00
1293;29092.16666666667;2024-04-02T19:00:00+02:00
1293;31515.91666666667;2024-04-02T20:00:00+02:00
1293;32855.25;2024-04-02T21:00:00+02:00
1293;30272.08333333333;2024-04-02T22:00:00+02:00
1293;27364.41666666667;2024-04-02T23:00:00+02:00
1293;25316.33333333333;2024-04-03T00:00:00+02:00
1293;23604.5;2024-04-03T01:00:00+02:00
1293;22359.83333333333;2024-04-03T02:00:00+02:00
1293;21753.33333333333;2024-04-03T03:00:00+02:00
1293;21575.33333333333;2024-04-03T04:00:00+02:00
1293;22238.33333333333;2024-04-03T05:00:00+02:00
1293;24867.0;2024-04-03T06:00:00+02:00
1293;28430.66666666667;2024-04-03T07:00:00+02:00
1293;30333.41666666667;2024-04-03T08:00:00+02:00
1293;30269.08333333333;2024-04-03T09:00:00+02:00
1293;29449.33333333333;2024-04-03T10:00:00+02:00
1293;28300.5;2024-04-03T11:00:00+02:00
1293;27809.33333333333;2024-04-03T12:00:00+02:00
1293;27742.25;2024-04-03T13:00:00+02:00
1293;27101.58333333333;2024-04-03T14:00:00+02:00
1293;26048.08333333333;2024-04-03T15:00:00+02:00
1293;25420.16666666667;2024-04-03T16:00:00+02:00
1293;25754.5;2024-04-03T17:00:00+02:00
1293;26453.41666666667;2024-04-03T18:00:00+02:00
1293;27842.75;2024-04-03T19:00:00+02:00
1293;30264.75;2024-04-03T20:00:00+02:00
1293;32018.08333333333;2024-04-03T21:00:00+02:00
1293;29556.25;2024-04-03T22:00:00+02:00
1293;26631.66666666667;2024-04-03T23:00:00+02:00
1293;24640.16666666667;2024-04-04T00:00:00+02:00
1293;23208.5;2024-04-04T01:00:00+02:00
1293;22305.5;2024-04-04T02:00:00+02:00
1293;21886.08333333333;2024-04-04T03:00:00+02:00
1293;21759.16666666667;2024-04-04T04:00:00+02:00
1293;22559.16666666667;2024-04-04T05:00:00+02:00
1293;24905.66666666667;2024-04-04T06:00:00+02:00
1293;28255.0;2024-04-04T07:00:00+02:00
1293;29667.5;2024-04-04T08:00:00+02:00
1293;29434.66666666667;2024-04-04T09:00:00+02:00
1293;28264.0;2024-04-04T10:00:00+02:00
1293;27082.83333333333;2024-04-04T11:00:00+02:00
1293;26239.08333333333;2024-04-04T12:00:00+02:00
1293;25805.83333333333;2024-04-04T13:00:00+02:00
1293;25249.75;2024-04-04T14:00:00+02:00
1293;24806.25;2024-04-04T15:00:00+02:00
1293;24724.5;2024-04-04T16:00:00+02:00
1293;25430.91666666667;2024-04-04T17:00:00+02:00
1293;26159.91666666667;2024-04-04T18:00:00+02:00
1293;27768.0;2024-04-04T19:00:00+02:00
1293;30127.58333333333;2024-04-04T20:00:00+02:00
1293;31670.08333333333;2024-04-04T21:00:00+02:00
1293;29288.16666666667;2024-04-04T22:00:00+02:00
1293;26337.66666666667;2024-04-04T23:00:00+02:00
1293;24591.66666666667;2024-04-05T00:00:00+02:00
1293;23244.08333333333;2024-04-05T01:00:00+02:00
1293;21929.41666666667;2024-04-05T02:00:00+02:00
1293;21246.58333333333;2024-04-05T03:00:00+02:00
1293;21244.66666666667;2024-04-05T04:00:00+02:00
1293;21872.25;2024-04-05T05:00:00+02:00
1293;24327.83333333333;2024-04-05T06:00:00+02:00
1293;27740.66666666667;2024-04-05T07:00:00+02:00
1293;29322.66666666667;2024-04-05T08:00:00+02:00
1293;29057.33333333333;2024-04-05T09:00:00+02:00
1293;28439.25;2024-04-05T10:00:00+02:00
1293;27513.0;2024-04-05T11:00:00+02:00
1293;26985.66666666667;2024-04-05T12:00:00+02:00
1293;26219.08333333333;2024-04-05T13:00:00+02:00
1293;25676.66666666667;2024-04-05T14:00:00+02:00
1293;24559.5;2024-04-05T15:00:00+02:00
1293;24110.91666666667;2024-04-05T16:00:00+02:00
1293;24512.33333333333;2024-04-05T17:00:00+02:00
1293;25504.58333333333;2024-04-05T18:00:00+02:00
1293;26739.91666666667;2024-04-05T19:00:00+02:00
1293;28511.83333333333;2024-04-05T20:00:00+02:00
1293;29704.91666666667;2024-04-05T21:00:00+02:00
1293;27711.75;2024-04-05T22:00:00+02:00
1293;25479.33333333333;2024-04-05T23:00:00+02:00
1293;23858.66666666667;2024-04-06T00:00:00+02:00
1293;22370.75;2024-04-06T01:00:00+02:00
1293;21265.66666666667;2024-04-06T02:00:00+02:00
1293;20443.16666666667;2024-04-06T03:00:00+02:00
1293;20158.91666666667;2024-04-06T04:00:00+02:00
1293;19982.5;2024-04-06T05:00:00+02:00
1293;20483.66666666667;2024-04-06T06:00:00+02:00
1293;21479.41666666667;2024-04-06T07:00:00+02:00
1293;22420.83333333333;2024-04-06T08:00:00+02:00
1293;23444.66666666667;2024-04-06T09:00:00+02:00
1293;24101.66666666667;2024-04-06T10:00:00+02:00
1293;23771.83333333333;2024-04-06T11:00:00+02:00
1293;23659.08333333333;2024-04-06T12:00:00+02:00
1293;23356.91666666667;2024-04-06T13:00:00+02:00
1293;22945.5;2024-04-06T14:00:00+02:00
1293;21973.25;2024-04-06T15:00:00+02:00
1293;21532.25;2024-04-06T16:00:00+02:00
1293;21745.16666666667;2024-04-06T17:00:00+02:00
1293;22803.5;2024-04-06T18:00:00+02:00
1293;24019.91666666667;2024-04-06T19:00:00+02:00
1293;25795.41666666667;2024-04-06T20:00:00+02:00
1293;27136.83333333333;2024-04-06T21:00:00+02:00
1293;25609.75;2024-04-06T22:00:00+02:00
1293;23833.33333333333;2024-04-06T23:00:00+02:00
1293;22309.41666666667;2024-04-07T00:00:00+02:00
1293;20891.75;2024-04-07T01:00:00+02:00
1293;19836.16666666667;2024-04-07T02:00:00+02:00
1293;19002.66666666667;2024-04-07T03:00:00+02:00
1293;18526.33333333333;2024-04-07T04:00:00+02:00
1293;18464.25;2024-04-07T05:00:00+02:00
1293;18821.5;2024-04-07T06:00:00+02:00
1293;19508.5;2024-04-07T07:00:00+02:00
1293;19693.16666666667;2024-04-07T08:00:00+02:00
1293;20977.25;2024-04-07T09:00:00+02:00
1293;21869.58333333333;2024-04-07T10:00:00+02:00
1293;22243.5;2024-04-07T11:00:00+02:00
1293;22394.41666666667;2024-04-07T12:00:00+02:00
1293;22105.08333333333;2024-04-07T13:00:00+02:00
1293;21821.91666666667;2024-04-07T14:00:00+02:00
1293;20199.08333333333;2024-04-07T15:00:00+02:00
1293;19560.33333333333;2024-04-07T16:00:00+02:00
1293;20530.58333333333;2024-04-07T17:00:00+02:00
1293;21464.75;2024-04-07T18:00:00+02:00
1293;23074.91666666667;2024-04-07T19:00:00+02:00
1293;25309.75;2024-04-07T20:00:00+02:00
1293;27141.41666666667;2024-04-07T21:00:00+02:00
1293;25951.66666666667;2024-04-07T22:00:00+02:00
1293;23956.25;2024-04-07T23:00:00+02:00
1293;22352.33333333333;2024-04-08T00:00:00+02:00
1293;20960.16666666667;2024-04-08T01:00:00+02:00
1293;20201.41666666667;2024-04-08T02:00:00+02:00
1293;19656.16666666667;2024-04-08T03:00:00+02:00
1293;19627.91666666667;2024-04-08T04:00:00+02:00
1293;20268.66666666667;2024-04-08T05:00:00+02:00
1293;22986.83333333333;2024-04-08T06:00:00+02:00
1293;26384.58333333333;2024-04-08T07:00:00+02:00
1293;27912.83333333333;2024-04-08T08:00:00+02:00
1293;28090.83333333333;2024-04-08T09:00:00+02:00
1293;27773.75;2024-04-08T10:00:00+02:00
1293;26688.91666666667;2024-04-08T11:00:00+02:00
1293;26489.25;2024-04-08T12:00:00+02:00
1293;26372.25;2024-04-08T13:00:00+02:00
1293;25956.16666666667;2024-04-08T14:00:00+02:00
1293;25242.25;2024-04-08T15:00:00+02:00
1293;25323.0;2024-04-08T16:00:00+02:00
1293;25470.33333333333;2024-04-08T17:00:00+02:00
1293;26037.41666666667;2024-04-08T18:00:00+02:00
1293;27395.0;2024-04-08T19:00:00+02:00
1293;29438.33333333333;2024-04-08T20:00:00+02:00
1293;30574.66666666667;2024-04-08T21:00:00+02:00
1293;27983.66666666667;2024-04-08T22:00:00+02:00
1293;25104.25;2024-04-08T23:00:00+02:00
1293;23131.33333333333;2024-04-09T00:00:00+02:00
1293;21828.83333333333;2024-04-09T01:00:00+02:00
1293;20962.08333333333;2024-04-09T02:00:00+02:00
1293;20416.58333333333;2024-04-09T03:00:00+02:00
1293;20329.66666666667;2024-04-09T04:00:00+02:00
1293;21126.33333333333;2024-04-09T05:00:00+02:00
1293;23542.91666666667;2024-04-09T06:00:00+02:00
1293;27347.08333333333;2024-04-09T07:00:00+02:00
1293;28944.08333333333;2024-04-09T08:00:00+02:00
1293;28386.58333333333;2024-04-09T09:00:00+02:00
1293;27093.25;2024-04-09T10:00:00+02:00
1293;26511.83333333333;2024-04-09T11:00:00+02:00
1293;25939.41666666667;2024-04-09T12:00:00+02:00
1293;25684.58333333333;2024-04-09T13:00:00+02:00
1293;25109.58333333333;2024-04-09T14:00:00+02:00
1293;24276.16666666667;2024-04-09T15:00:00+02:00
1293;23817.83333333333;2024-04-09T16:00:00+02:00
1293;24325.41666666667;2024-04-09T17:00:00+02:00
1293;25383.33333333333;2024-04-09T18:00:00+02:00
1293;27276.5;2024-04-09T19:00:00+02:00
1293;29869.91666666667;2024-04-09T20:00:00+02:00
1293;31154.0;2024-04-09T21:00:00+02:00
1293;28544.25;2024-04-09T22:00:00+02:00
1293;25872.25;2024-04-09T23:00:00+02:00
1293;24361.16666666667;2024-04-10T00:00:00+02:00
1293;22995.58333333333;2024-04-10T01:00:00+02:00
1293;22098.16666666667;2024-04-10T02:00:00+02:00
1293;21721.16666666667;2024-04-10T03:00:00+02:00
1293;21452.75;2024-04-10T04:00:00+02:00
1293;22198.66666666667;2024-04-10T05:00:00+02:00
1293;24807.83333333333;2024-04-10T06:00:00+02:00
1293;28382.66666666667;2024-04-10T07:00:00+02:00
1293;29878.25;2024-04-10T08:00:00+02:00
1293;29244.5;2024-04-10T09:00:00+02:00
1293;27795.83333333333;2024-04-10T10:00:00+02:00
1293;26447.66666666667;2024-04-10T11:00:00+02:00
1293;25660.16666666667;2024-04-10T12:00:00+02:00
1293;25261.16666666667;2024-04-10T13:00:00+02:00
1293;24762.66666666667;2024-04-10T14:00:00+02:00
1293;24037.41666666667;2024-04-10T15:00:00+02:00
1293;23819.5;2024-04-10T16:00:00+02:00
1293;24176.0;2024-04-10T17:00:00+02:00
1293;25209.58333333333;2024-04-10T18:00:00+02:00
1293;26967.25;2024-04-10T19:00:00+02:00
1293;29251.5;2024-04-10T20:00:00+02:00
1293;30834.0;2024-04-10T21:00:00+02:00
1293;28305.66666666667;2024-04-10T22:00:00+02:00
1293;25585.33333333333;2024-04-10T23:00:00+02:00
1293;23866.83333333333;2024-04-11T00:00:00+02:00
1293;22578.58333333333;2024-04-11T01:00:00+02:00
1293;21623.25;2024-04-11T02:00:00+02:00
1293;21244.0;2024-04-11T03:00:00+02:00
1293;21036.83333333333;2024-04-11T04:00:00+02:00
1293;21686.08333333333;2024-04-11T05:00:00+02:00
1293;24187.08333333333;2024-04-11T06:00:00+02:00
1293;27632.33333333333;2024-04-11T07:00:00+02:00
1293;29212.33333333333;2024-04-11T08:00:00+02:00
1293;28785.83333333333;2024-04-11T09:00:00+02:00
1293;27543.33333333333;2024-04-11T10:00:00+02:00
1293;26391.75;2024-04-11T11:00:00+02:00
1293;25892.08333333333;2024-04-11T12:00:00+02:00
1293;25613.91666666667;2024-04-11T13:00:00+02:00
1293;24971.41666666667;2024-04-11T14:00:00+02:00
1293;24532.91666666667;2024-04-11T15:00:00+02:00
1293;24150.0;2024-04-11T16:00:00+02:00
1293;25024.83333333333;2024-04-11T17:00:00+02:00
1293;25953.25;2024-04-11T18:00:00+02:00
1293;27491.91666666667;2024-04-11T19:00:00+02:00
1293;29365.58333333333;2024-04-11T20:00:00+02:00
1293;30877.41666666667;2024-04-11T21:00:00+02:00
1293;28458.75;2024-04-11T22:00:00+02:00
1293;26065.5;2024-04-11T23:00:00+02:00
1293;24465.33333333333;2024-04-12T00:00:00+02:00
1293;23269.16666666667;2024-04-12T01:00:00+02:00
1293;22366.16666666667;2024-04-12T02:00:00+02:00
1293;21963.25;2024-04-12T03:00:00+02:00
1293;21806.16666666667;2024-04-12T04:00:00+02:00
1293;22421.08333333333;2024-04-12T05:00:00+02:00
1293;24908.83333333333;2024-04-12T06:00:00+02:00
1293;28060.66666666667;2024-04-12T07:00:00+02:00
1293;29138.66666666667;2024-04-12T08:00:00+02:00
1293;28973.08333333333;2024-04-12T09:00:00+02:00
1293;27700.58333333333;2024-04-12T10:00:00+02:00
1293;26751.41666666667;2024-04-12T11:00:00+02:00
1293;26103.41666666667;2024-04-12T12:00:00+02:00
1293;25723.0;2024-04-12T13:00:00+02:00
1293;24754.08333333333;2024-04-12T14:00:00+02:00
1293;24139.0;2024-04-12T15:00:00+02:00
1293;24456.5;2024-04-12T16:00:00+02:00
1293;25159.91666666667;2024-04-12T17:00:00+02:00
1293;25586.83333333333;2024-04-12T18:00:00+02:00
1293;26894.75;2024-04-12T19:00:00+02:00
1293;27822.41666666667;2024-04-12T20:00:00+02:00
1293;29279.5;2024-04-12T21:00:00+02:00
1293;27217.0;2024-04-12T22:00:00+02:00
1293;24862.66666666667;2024-04-12T23:00:00+02:00
1293;23947.41666666667;2024-04-13T00:00:00+02:00
1293;22623.58333333333;2024-04-13T01:00:00+02:00
1293;21639.25;2024-04-13T02:00:00+02:00
1293;20958.33333333333;2024-04-13T03:00:00+02:00
1293;20605.58333333333;2024-04-13T04:00:00+02:00
1293;20433.33333333333;2024-04-13T05:00:00+02:00
1293;21024.08333333333;2024-04-13T06:00:00+02:00
1293;21833.83333333333;2024-04-13T07:00:00+02:00
1293;22763.16666666667;2024-04-13T08:00:00+02:00
1293;23708.66666666667;2024-04-13T09:00:00+02:00
1293;23587.08333333333;2024-04-13T10:00:00+02:00
1293;22653.75;2024-04-13T11:00:00+02:00
1293;22193.66666666667;2024-04-13T12:00:00+02:00
1293;22113.66666666667;2024-04-13T13:00:00+02:00
1293;21600.66666666667;2024-04-13T14:00:00+02:00
1293;20551.0;2024-04-13T15:00:00+02:00
1293;20034.75;2024-04-13T16:00:00+02:00
1293;20809.5;2024-04-13T17:00:00+02:00
1293;22288.41666666667;2024-04-13T18:00:00+02:00
1293;23946.58333333333;2024-04-13T19:00:00+02:00
1293;24654.91666666667;2024-04-13T20:00:00+02:00
1293;26367.25;2024-04-13T21:00:00+02:00
1293;25112.0;2024-04-13T22:00:00+02:00
1293;23287.25;2024-04-13T23:00:00+02:00
1293;21881.5;2024-04-14T00:00:00+02:00
1293;20430.33333333333;2024-04-14T01:00:00+02:00
1293;19516.0;2024-04-14T02:00:00+02:00
1293;18984.58333333333;2024-04-14T03:00:00+02:00
1293;18652.58333333333;2024-04-14T04:00:00+02:00
1293;18694.5;2024-04-14T05:00:00+02:00
1293;19141.25;2024-04-14T06:00:00+02:00
1293;19469.33333333333;2024-04-14T07:00:00+02:00
1293;19757.33333333333;2024-04-14T08:00:00+02:00
1293;20064.66666666667;2024-04-14T09:00:00+02:00
1293;20353.75;2024-04-14T10:00:00+02:00
1293;20180.91666666667;2024-04-14T11:00:00+02:00
1293;19932.0;2024-04-14T12:00:00+02:00
1293;20077.58333333333;2024-04-14T13:00:00+02:00
1293;19991.41666666667;2024-04-14T14:00:00+02:00
1293;18824.16666666667;2024-04-14T15:00:00+02:00
1293;18414.58333333333;2024-04-14T16:00:00+02:00
1293;19090.25;2024-04-14T17:00:00+02:00
1293;20292.0;2024-04-14T18:00:00+02:00
1293;22350.25;2024-04-14T19:00:00+02:00
1293;24425.58333333333;2024-04-14T20:00:00+02:00
1293;26741.91666666667;2024-04-14T21:00:00+02:00
1293;25747.83333333333;2024-04-14T22:00:00+02:00
1293;23625.75;2024-04-14T23:00:00+02:00
1293;22145.83333333333;2024-04-15T00:00:00+02:00
1293;21025.66666666667;2024-04-15T01:00:00+02:00
1293;20199.08333333333;2024-04-15T02:00:00+02:00
1293;19774.33333333333;2024-04-15T03:00:00+02:00
1293;19563.83333333333;2024-04-15T04:00:00+02:00
1293;20391.08333333333;2024-04-15T05:00:00+02:00
1293;23173.5;2024-04-15T06:00:00+02:00
1293;26524.66666666667;2024-04-15T07:00:00+02:00
1293;27828.08333333333;2024-04-15T08:00:00+02:00
1293;27734.41666666667;2024-04-15T09:00:00+02:00
1293;27232.25;2024-04-15T10:00:00+02:00
1293;26300.08333333333;2024-04-15T11:00:00+02:00
1293;26264.58333333333;2024-04-15T12:00:00+02:00
1293;26381.58333333333;2024-04-15T13:00:00+02:00
1293;25779.08333333333;2024-04-15T14:00:00+02:00
1293;24732.33333333333;2024-04-15T15:00:00+02:00
1293;24287.0;2024-04-15T16:00:00+02:00
1293;25192.08333333333;2024-04-15T17:00:00+02:00
1293;25824.75;2024-04-15T18:00:00+02:00
1293;27346.83333333333;2024-04-15T19:00:00+02:00
1293;29194.91666666667;2024-04-15T20:00:00+02:00
1293;30671.0;2024-04-15T21:00:00+02:00
1293;28123.91666666667;2024-04-15T22:00:00+02:00
1293;25348.41666666667;2024-04-15T23:00:00+02:00
1293;23842.25;2024-04-16T00:00:00+02:00
1293;22708.58333333333;2024-04-16T01:00:00+02:00
1293;21615.41666666667;2024-04-16T02:00:00+02:00
1293;21201.66666666667;2024-04-16T03:00:00+02:00
1293;20878.25;2024-04-16T04:00:00+02:00
1293;21658.66666666667;2024-04-16T05:00:00+02:00
1293;24176.08333333333;2024-04-16T06:00:00+02:00
1293;27179.41666666667;2024-04-16T07:00:00+02:00
1293;28462.91666666667;2024-04-16T08:00:00+02:00
1293;27990.83333333333;2024-04-16T09:00:00+02:00
1293;27378.25;2024-04-16T10:00:00+02:00
1293;26793.66666666667;2024-04-16T11:00:00+02:00
1293;26366.5;2024-04-16T12:00:00+02:00
1293;26232.0;2024-04-16T13:00:00+02:00
1293;25797.5;2024-04-16T14:00:00+02:00
1293;25150.5;2024-04-16T15:00:00+02:00
1293;24849.0;2024-04-16T16:00:00+02:00
1293;25412.16666666667;2024-04-16T17:00:00+02:00
1293;26266.5;2024-04-16T18:00:00+02:00
1293;27717.5;2024-04-16T19:00:00+02:00
1293;29566.41666666667;2024-04-16T20:00:00+02:00
1293;30826.75;2024-04-16T21:00:00+02:00
1293;28054.25;2024-04-16T22:00:00+02:00
1293;25282.58333333333;2024-04-16T23:00:00+02:00
1293;23828.5;2024-04-17T00:00:00+02:00
1293;22733.41666666667;2024-04-17T01:00:00+02:00
1293;21858.16666666667;2024-04-17T02:00:00+02:00
1293;21501.66666666667;2024-04-17T03:00:00+02:00
1293;21376.41666666667;2024-04-17T04:00:00+02:00
1293;21837.5;2024-04-17T05:00:00+02:00
1293;24164.08333333333;2024-04-17T06:00:00+02:00
1293;27199.41666666667;2024-04-17T07:00:00+02:00
1293;28329.41666666667;2024-04-17T08:00:00+02:00
1293;27911.08333333333;2024-04-17T09:00:00+02:00
1293;26941.66666666667;2024-04-17T10:00:00+02:00
1293;26137.16666666667;2024-04-17T11:00:00+02:00
1293;25758.75;2024-04-17T12:00:00+02:00
1293;25581.08333333333;2024-04-17T13:00:00+02:00
1293;25099.0;2024-04-17T14:00:00+02:00
1293;24361.33333333333;2024-04-17T15:00:00+02:00
1293;24049.41666666667;2024-04-17T16:00:00+02:00
1293;24789.41666666667;2024-04-17T17:00:00+02:00
1293;25700.91666666667;2024-04-17T18:00:00+02:00
1293;27055.33333333333;2024-04-17T19:00:00+02:00
1293;29025.16666666667;2024-04-17T20:00:00+02:00
1293;30258.75;2024-04-17T21:00:00+02:00
1293;27785.08333333333;2024-04-17T22:00:00+02:00
1293;25091.75;2024-04-17T23:00:00+02:00
1293;23856.91666666667;2024-04-18T00:00:00+02:00
1293;22621.0;2024-04-18T01:00:00+02:00
1293;21766.66666666667;2024-04-18T02:00:00+02:00
1293;21281.58333333333;2024-04-18T03:00:00+02:00
1293;21236.08333333333;2024-04-18T04:00:00+02:00
1293;21938.41666666667;2024-04-18T05:00:00+02:00
1293;24257.08333333333;2024-04-18T06:00:00+02:00
1293;27213.25;2024-04-18T07:00:00+02:00
1293;28268.0;2024-04-18T08:00:00+02:00
1293;27798.91666666667;2024-04-18T09:00:00+02:00
1293;26964.66666666667;2024-04-18T10:00:00+02:00
1293;26340.58333333333;2024-04-18T11:00:00+02:00
1293;26043.33333333333;2024-04-18T12:00:00+02:00
1293;25865.91666666667;2024-04-18T13:00:00+02:00
1293;25214.75;2024-04-18T14:00:00+02:00
1293;24672.0;2024-04-18T15:00:00+02:00
1293;24459.91666666667;2024-04-18T16:00:00+02:00
1293;25266.25;2024-04-18T17:00:00+02:00
1293;25978.5;2024-04-18T18:00:00+02:00
1293;27347.91666666667;2024-04-18T19:00:00+02:00
1293;29152.66666666667;2024-04-18T20:00:00+02:00
1293;30854.58333333333;2024-04-18T21:00:00+02:00
1293;28359.16666666667;2024-04-18T22:00:00+02:00
1293;25720.58333333333;2024-04-18T23:00:00+02:00
1293;24297.16666666667;2024-04-19T00:00:00+02:00
1293;23169.08333333333;2024-04-19T01:00:00+02:00
1293;22197.33333333333;2024-04-19T02:00:00+02:00
1293;21792.83333333333;2024-04-19T03:00:00+02:00
1293;21602.0;2024-04-19T04:00:00+02:00
1293;22115.75;2024-04-19T05:00:00+02:00
1293;24499.25;2024-04-19T06:00:00+02:00
1293;27664.25;2024-04-19T07:00:00+02:00
1293;28869.41666666667;2024-04-19T08:00:00+02:00
1293;28818.75;2024-04-19T09:00:00+02:00
1293;28308.5;2024-04-19T10:00:00+02:00
1293;27683.08333333333;2024-04-19T11:00:00+02:00
1293;27126.16666666667;2024-04-19T12:00:00+02:00
1293;26723.0;2024-04-19T13:00:00+02:00
1293;25999.58333333333;2024-04-19T14:00:00+02:00
1293;24942.25;2024-04-19T15:00:00+02:00
1293;24534.91666666667;2024-04-19T16:00:00+02:00
1293;25006.25;2024-04-19T17:00:00+02:00
1293;25656.75;2024-04-19T18:00:00+02:00
1293;27004.25;2024-04-19T19:00:00+02:00
1293;28115.41666666667;2024-04-19T20:00:00+02:00
1293;29481.0;2024-04-19T21:00:00+02:00
1293;27488.16666666667;2024-04-19T22:00:00+02:00
1293;25250.5;2024-04-19T23:00:00+02:00
1293;23869.58333333333;2024-04-20T00:00:00+02:00
1293;22449.75;2024-04-20T01:00:00+02:00
1293;21348.5;2024-04-20T02:00:00+02:00
1293;20872.41666666667;2024-04-20T03:00:00+02:00
1293;20462.25;2024-04-20T04:00:00+02:00
1293;20403.41666666667;2024-04-20T05:00:00+02:00
1293;21161.08333333333;2024-04-20T06:00:00+02:00
1293;21930.75;2024-04-20T07:00:00+02:00
1293;22805.08333333333;2024-04-20T08:00:00+02:00
1293;23816.33333333333;2024-04-20T09:00:00+02:00
1293;23991.83333333333;2024-04-20T10:00:00+02:00
1293;23570.25;2024-04-20T11:00:00+02:00
1293;23084.58333333333;2024-04-20T12:00:00+02:00
1293;23131.58333333333;2024-04-20T13:00:00+02:00
1293;22446.0;2024-04-20T14:00:00+02:00
1293;21538.16666666667;2024-04-20T15:00:00+02:00
1293;20916.75;2024-04-20T16:00:00+02:00
1293;21248.91666666667;2024-04-20T17:00:00+02:00
1293;22219.08333333333;2024-04-20T18:00:00+02:00
1293;23285.83333333333;2024-04-20T19:00:00+02:00
1293;24815.08333333333;2024-04-20T20:00:00+02:00
1293;26729.0;2024-04-20T21:00:00+02:00
1293;25400.16666666667;2024-04-20T22:00:00+02:00
1293;23627.0;2024-04-20T23:00:00+02:00
1293;21835.0;2024-04-21T00:00:00+02:00
1293;20510.41666666667;2024-04-21T01:00:00+02:00
1293;19462.33333333333;2024-04-21T02:00:00+02:00
1293;18960.08333333333;2024-04-21T03:00:00+02:00
1293;18670.16666666667;2024-04-21T04:00:00+02:00
1293;18550.41666666667;2024-04-21T05:00:00+02:00
1293;18989.0;2024-04-21T06:00:00+02:00
1293;19297.91666666667;2024-04-21T07:00:00+02:00
1293;19657.33333333333;2024-04-21T08:00:00+02:00
1293;20670.16666666667;2024-04-21T09:00:00+02:00
1293;20983.58333333333;2024-04-21T10:00:00+02:00
1293;20958.91666666667;2024-04-21T11:00:00+02:00
1293;20464.66666666667;2024-04-21T12:00:00+02:00
1293;20307.83333333333;2024-04-21T13:00:00+02:00
1293;19992.75;2024-04-21T14:00:00+02:00
1293;18859.25;2024-04-21T15:00:00+02:00
1293;18560.25;2024-04-21T16:00:00+02:00
1293;19223.66666666667;2024-04-21T17:00:00+02:00
1293;20448.83333333333;2024-04-21T18:00:00+02:00
1293;22374.75;2024-04-21T19:00:00+02:00
1293;24597.16666666667;2024-04-21T20:00:00+02:00
1293;26634.91666666667;2024-04-21T21:00:00+02:00
1293;25823.66666666667;2024-04-21T22:00:00+02:00
1293;23776.91666666667;2024-04-21T23:00:00+02:00
1293;22133.16666666667;2024-04-22T00:00:00+02:00
1293;20822.25;2024-04-22T01:00:00+02:00
1293;20045.16666666667;2024-04-22T02:00:00+02:00
1293;19664.91666666667;2024-04-22T03:00:00+02:00
1293;19631.83333333333;2024-04-22T04:00:00+02:00
1293;20339.08333333333;2024-04-22T05:00:00+02:00
1293;23087.83333333333;2024-04-22T06:00:00+02:00
1293;26336.91666666667;2024-04-22T07:00:00+02:00
1293;27741.41666666667;2024-04-22T08:00:00+02:00
1293;27665.0;2024-04-22T09:00:00+02:00
1293;26947.75;2024-04-22T10:00:00+02:00
1293;26036.25;2024-04-22T11:00:00+02:00
1293;25530.16666666667;2024-04-22T12:00:00+02:00
1293;25371.41666666667;2024-04-22T13:00:00+02:00
1293;25075.83333333333;2024-04-22T14:00:00+02:00
1293;24550.75;2024-04-22T15:00:00+02:00
1293;24352.25;2024-04-22T16:00:00+02:00
1293;24771.0;2024-04-22T17:00:00+02:00
1293;25639.0;2024-04-22T18:00:00+02:00
1293;27209.08333333333;2024-04-22T19:00:00+02:00
1293;29248.33333333333;2024-04-22T20:00:00+02:00
1293;30731.83333333333;2024-04-22T21:00:00+02:00
1293;28432.41666666667;2024-04-22T22:00:00+02:00
1293;25648.91666666667;2024-04-22T23:00:00+02:00
1293;23893.58333333333;2024-04-23T00:00:00+02:00
1293;22762.75;2024-04-23T01:00:00+02:00
1293;21706.91666666667;2024-04-23T02:00:00+02:00
1293;21427.08333333333;2024-04-23T03:00:00+02:00
1293;21233.75;2024-04-23T04:00:00+02:00
1293;21789.16666666667;2024-04-23T05:00:00+02:00
1293;24165.83333333333;2024-04-23T06:00:00+02:00
1293;26902.83333333333;2024-04-23T07:00:00+02:00
1293;28128.16666666667;2024-04-23T08:00:00+02:00
1293;27909.25;2024-04-23T09:00:00+02:00
1293;27255.33333333333;2024-04-23T10:00:00+02:00
1293;26720.5;2024-04-23T11:00:00+02:00
1293;26371.08333333333;2024-04-23T12:00:00+02:00
1293;26480.41666666667;2024-04-23T13:00:00+02:00
1293;26131.58333333333;2024-04-23T14:00:00+02:00
1293;25817.5;2024-04-23T15:00:00+02:00
1293;25432.25;2024-04-23T16:00:00+02:00
1293;25762.75;2024-04-23T17:00:00+02:00
1293;26282.0;2024-04-23T18:00:00+02:00
1293;27588.58333333333;2024-04-23T19:00:00+02:00
1293;29673.08333333333;2024-04-23T20:00:00+02:00
1293;31238.41666666667;2024-04-23T21:00:00+02:00
1293;28833.58333333333;2024-04-23T22:00:00+02:00
1293;25976.58333333333;2024-04-23T23:00:00+02:00
1293;24234.5;2024-04-24T00:00:00+02:00
1293;22838.5;2024-04-24T01:00:00+02:00
1293;21969.25;2024-04-24T02:00:00+02:00
1293;21618.75;2024-04-24T03:00:00+02:00
1293;21555.66666666667;2024-04-24T04:00:00+02:00
1293;22189.41666666667;2024-04-24T05:00:00+02:00
1293;24725.08333333333;2024-04-24T06:00:00+02:00
1293;27931.25;2024-04-24T07:00:00+02:00
1293;29221.41666666667;2024-04-24T08:00:00+02:00
1293;28944.16666666667;2024-04-24T09:00:00+02:00
1293;28207.25;2024-04-24T10:00:00+02:00
1293;27494.41666666667;2024-04-24T11:00:00+02:00
1293;27063.25;2024-04-24T12:00:00+02:00
1293;26910.5;2024-04-24T13:00:00+02:00
1293;26234.58333333333;2024-04-24T14:00:00+02:00
1293;25589.5;2024-04-24T15:00:00+02:00
1293;25099.83333333333;2024-04-24T16:00:00+02:00
1293;25665.66666666667;2024-04-24T17:00:00+02:00
1293;26434.66666666667;2024-04-24T18:00:00+02:00
1293;27909.33333333333;2024-04-24T19:00:00+02:00
1293;29728.41666666667;2024-04-24T20:00:00+02:00
1293;31202.75;2024-04-24T21:00:00+02:00
1293;28739.75;2024-04-24T22:00:00+02:00
1293;25998.91666666667;2024-04-24T23:00:00+02:00
1293;24332.16666666667;2024-04-25T00:00:00+02:00
1293;23092.75;2024-04-25T01:00:00+02:00
1293;22202.0;2024-04-25T02:00:00+02:00
1293;21867.16666666667;2024-04-25T03:00:00+02:00
1293;21877.58333333333;2024-04-25T04:00:00+02:00
1293;22434.0;2024-04-25T05:00:00+02:00
1293;24854.58333333333;2024-04-25T06:00:00+02:00
1293;27615.25;2024-04-25T07:00:00+02:00
1293;29299.75;2024-04-25T08:00:00+02:00
1293;29564.83333333333;2024-04-25T09:00:00+02:00
1293;29215.25;2024-04-25T10:00:00+02:00
1293;28902.66666666667;2024-04-25T11:00:00+02:00
1293;28607.91666666667;2024-04-25T12:00:00+02:00
1293;28496.5;2024-04-25T13:00:00+02:00
1293;28306.83333333333;2024-04-25T14:00:00+02:00
1293;27660.58333333333;2024-04-25T15:00:00+02:00
1293;27409.08333333333;2024-04-25T16:00:00+02:00
1293;27800.25;2024-04-25T17:00:00+02:00
1293;27799.33333333333;2024-04-25T18:00:00+02:00
1293;28824.58333333333;2024-04-25T19:00:00+02:00
1293;30022.91666666667;2024-04-25T20:00:00+02:00
1293;30913.58333333333;2024-04-25T21:00:00+02:00
1293;28681.08333333333;2024-04-25T22:00:00+02:00
1293;26032.83333333333;2024-04-25T23:00:00+02:00
1293;24491.91666666667;2024-04-26T00:00:00+02:00
1293;23213.91666666667;2024-04-26T01:00:00+02:00
1293;22387.16666666667;2024-04-26T02:00:00+02:00
1293;21978.5;2024-04-26T03:00:00+02:00
1293;21856.08333333333;2024-04-26T04:00:00+02:00
1293;22281.16666666667;2024-04-26T05:00:00+02:00
1293;24613.58333333333;2024-04-26T06:00:00+02:00
1293;27278.33333333333;2024-04-26T07:00:00+02:00
1293;28600.08333333333;2024-04-26T08:00:00+02:00
1293;28831.75;2024-04-26T09:00:00+02:00
1293;28428.91666666667;2024-04-26T10:00:00+02:00
1293;27826.91666666667;2024-04-26T11:00:00+02:00
1293;27836.16666666667;2024-04-26T12:00:00+02:00
1293;27956.33333333333;2024-04-26T13:00:00+02:00
1293;27423.66666666667;2024-04-26T14:00:00+02:00
1293;26691.75;2024-04-26T15:00:00+02:00
1293;26328.0;2024-04-26T16:00:00+02:00
1293;26531.66666666667;2024-04-26T17:00:00+02:00
1293;26891.33333333333;2024-04-26T18:00:00+02:00
1293;27876.33333333333;2024-04-26T19:00:00+02:00
1293;28980.58333333333;2024-04-26T20:00:00+02:00
1293;30047.08333333333;2024-04-26T21:00:00+02:00
1293;27937.83333333333;2024-04-26T22:00:00+02:00
1293;25790.5;2024-04-26T23:00:00+02:00
1293;24468.25;2024-04-27T00:00:00+02:00
1293;23024.41666666667;2024-04-27T01:00:00+02:00
1293;21830.75;2024-04-27T02:00:00+02:00
1293;21295.25;2024-04-27T03:00:00+02:00
1293;20907.66666666667;2024-04-27T04:00:00+02:00
1293;20692.91666666667;2024-04-27T05:00:00+02:00
1293;21313.75;2024-04-27T06:00:00+02:00
1293;21915.83333333333;2024-04-27T07:00:00+02:00
1293;23271.33333333333;2024-04-27T08:00:00+02:00
1293;24936.58333333333;2024-04-27T09:00:00+02:00
1293;25799.41666666667;2024-04-27T10:00:00+02:00
1293;25651.91666666667;2024-04-27T11:00:00+02:00
1293;25493.83333333333;2024-04-27T12:00:00+02:00
1293;25530.33333333333;2024-04-27T13:00:00+02:00
1293;24594.75;2024-04-27T14:00:00+02:00
1293;23361.0;2024-04-27T15:00:00+02:00
1293;22589.58333333333;2024-04-27T16:00:00+02:00
1293;22398.83333333333;2024-04-27T17:00:00+02:00
1293;23084.66666666667;2024-04-27T18:00:00+02:00
1293;23819.66666666667;2024-04-27T19:00:00+02:00
1293;24988.5;2024-04-27T20:00:00+02:00
1293;26778.5;2024-04-27T21:00:00+02:00
1293;25588.91666666667;2024-04-27T22:00:00+02:00
1293;23721.0;2024-04-27T23:00:00+02:00
1293;22110.33333333333;2024-04-28T00:00:00+02:00
1293;20770.5;2024-04-28T01:00:00+02:00
1293;19668.75;2024-04-28T02:00:00+02:00
1293;19082.33333333333;2024-04-28T03:00:00+02:00
1293;18861.91666666667;2024-04-28T04:00:00+02:00
1293;18944.25;2024-04-28T05:00:00+02:00
1293;19206.08333333333;2024-04-28T06:00:00+02:00
1293;19338.25;2024-04-28T07:00:00+02:00
1293;19855.75;2024-04-28T08:00:00+02:00
1293;21290.83333333333;2024-04-28T09:00:00+02:00
1293;22243.16666666667;2024-04-28T10:00:00+02:00
1293;22636.33333333333;2024-04-28T11:00:00+02:00
1293;22906.91666666667;2024-04-28T12:00:00+02:00
1293;23333.91666666667;2024-04-28T13:00:00+02:00
1293;23036.75;2024-04-28T14:00:00+02:00
1293;21629.58333333333;2024-04-28T15:00:00+02:00
1293;20968.25;2024-04-28T16:00:00+02:00
1293;21214.08333333333;2024-04-28T17:00:00+02:00
1293;22399.41666666667;2024-04-28T18:00:00+02:00
1293;23417.0;2024-04-28T19:00:00+02:00
1293;24866.5;2024-04-28T20:00:00+02:00
1293;27100.58333333333;2024-04-28T21:00:00+02:00
1293;26273.16666666667;2024-04-28T22:00:00+02:00
1293;24102.58333333333;2024-04-28T23:00:00+02:00
1293;22336.16666666667;2024-04-29T00:00:00+02:00
1293;20961.25;2024-04-29T01:00:00+02:00
1293;20041.83333333333;2024-04-29T02:00:00+02:00
1293;19814.5;2024-04-29T03:00:00+02:00
1293;19709.75;2024-04-29T04:00:00+02:00
1293;20361.5;2024-04-29T05:00:00+02:00
1293;23340.91666666667;2024-04-29T06:00:00+02:00
1293;26612.5;2024-04-29T07:00:00+02:00
1293;28377.66666666667;2024-04-29T08:00:00+02:00
1293;29105.83333333333;2024-04-29T09:00:00+02:00
1293;29303.0;2024-04-29T10:00:00+02:00
1293;29342.83333333333;2024-04-29T11:00:00+02:00
1293;28886.91666666667;2024-04-29T12:00:00+02:00
1293;29018.91666666667;2024-04-29T13:00:00+02:00
1293;28745.25;2024-04-29T14:00:00+02:00
1293;27972.91666666667;2024-04-29T15:00:00+02:00
1293;27496.16666666667;2024-04-29T16:00:00+02:00
1293;27795.75;2024-04-29T17:00:00+02:00
1293;27692.41666666667;2024-04-29T18:00:00+02:00
1293;28154.41666666667;2024-04-29T19:00:00+02:00
1293;29442.08333333333;2024-04-29T20:00:00+02:00
1293;30471.25;2024-04-29T21:00:00+02:00
1293;28172.91666666667;2024-04-29T22:00:00+02:00
1293;25309.5;2024-04-29T23:00:00+02:00
1293;23340.41666666667;2024-04-30T00:00:00+02:00
1293;22050.33333333333;2024-04-30T01:00:00+02:00
1293;21066.41666666667;2024-04-30T02:00:00+02:00
1293;20644.83333333333;2024-04-30T03:00:00+02:00
1293;20647.91666666667;2024-04-30T04:00:00+02:00
1293;21276.25;2024-04-30T05:00:00+02:00
1293;23798.66666666667;2024-04-30T06:00:00+02:00
1293;26900.08333333333;2024-04-30T07:00:00+02:00
1293;28641.16666666667;2024-04-30T08:00:00+02:00
1293;28949.33333333333;2024-04-30T09:00:00+02:00
1293;28507.08333333333;2024-04-30T10:00:00+02:00
1293;27979.75;2024-04-30T11:00:00+02:00
1293;27537.5;2024-04-30T12:00:00+02:00
1293;27581.16666666667;2024-04-30T13:00:00+02:00
1293;27307.25;2024-04-30T14:00:00+02:00
1293;26869.25;2024-04-30T15:00:00+02:00
1293;26417.66666666667;2024-04-30T16:00:00+02:00
1293;26478.41666666667;2024-04-30T17:00:00+02:00
1293;26560.5;2024-04-30T18:00:00+02:00
1293;27367.83333333333;2024-04-30T19:00:00+02:00
1293;28469.91666666667;2024-04-30T20:00:00+02:00
1293;29564.0;2024-04-30T21:00:00+02:00
1293;27549.5;2024-04-30T22:00:00+02:00
1293;24993.83333333333;2024-04-30T23:00:00+02:00
1293;23247.25;2024-05-01T00:00:00+02:00
1293;21884.83333333333;2024-05-01T01:00:00+02:00
1293;20716.16666666667;2024-05-01T02:00:00+02:00
1293;19973.83333333333;2024-05-01T03:00:00+02:00
1293;19644.66666666667;2024-05-01T04:00:00+02:00
1293;19311.41666666667;2024-05-01T05:00:00+02:00
1293;19426.41666666667;2024-05-01T06:00:00+02:00
1293;19560.66666666667;2024-05-01T07:00:00+02:00
1293;20116.83333333333;2024-05-01T08:00:00+02:00
1293;21485.75;2024-05-01T09:00:00+02:00
1293;22044.91666666667;2024-05-01T10:00:00+02:00
1293;22174.58333333333;2024-05-01T11:00:00+02:00
1293;22493.33333333333;2024-05-01T12:00:00+02:00
1293;22729.41666666667;2024-05-01T13:00:00+02:00
1293;22481.08333333333;2024-05-01T14:00:00+02:00
1293;20852.08333333333;2024-05-01T15:00:00+02:00
1293;19936.0;2024-05-01T16:00:00+02:00
1293;20204.08333333333;2024-05-01T17:00:00+02:00
1293;20973.66666666667;2024-05-01T18:00:00+02:00
1293;22461.66666666667;2024-05-01T19:00:00+02:00
1293;24204.08333333333;2024-05-01T20:00:00+02:00
1293;26283.75;2024-05-01T21:00:00+02:00
1293;25585.83333333333;2024-05-01T22:00:00+02:00
1293;23457.08333333333;2024-05-01T23:00:00+02:00
1293;21581.75;2024-05-02T00:00:00+02:00
1293;20334.41666666667;2024-05-02T01:00:00+02:00
1293;19575.0;2024-05-02T02:00:00+02:00
1293;19198.83333333333;2024-05-02T03:00:00+02:00
1293;19262.25;2024-05-02T04:00:00+02:00
1293;19815.66666666667;2024-05-02T05:00:00+02:00
1293;22389.5;2024-05-02T06:00:00+02:00
1293;25014.41666666667;2024-05-02T07:00:00+02:00
1293;26492.08333333333;2024-05-02T08:00:00+02:00
1293;26672.91666666667;2024-05-02T09:00:00+02:00
1293;26276.75;2024-05-02T10:00:00+02:00
1293;25929.33333333333;2024-05-02T11:00:00+02:00
1293;25590.08333333333;2024-05-02T12:00:00+02:00
1293;25747.25;2024-05-02T13:00:00+02:00
1293;25449.0;2024-05-02T14:00:00+02:00
1293;25321.91666666667;2024-05-02T15:00:00+02:00
1293;25039.16666666667;2024-05-02T16:00:00+02:00
1293;24980.41666666667;2024-05-02T17:00:00+02:00
1293;25312.58333333333;2024-05-02T18:00:00+02:00
1293;26466.25;2024-05-02T19:00:00+02:00
1293;28393.0;2024-05-02T20:00:00+02:00
1293;30280.25;2024-05-02T21:00:00+02:00
1293;28347.5;2024-05-02T22:00:00+02:00
1293;25467.58333333333;2024-05-02T23:00:00+02:00
1293;23758.0;2024-05-03T00:00:00+02:00
1293;22401.66666666667;2024-05-03T01:00:00+02:00
1293;21404.5;2024-05-03T02:00:00+02:00
1293;20928.75;2024-05-03T03:00:00+02:00
1293;20791.0;2024-05-03T04:00:00+02:00
1293;21304.25;2024-05-03T05:00:00+02:00
1293;23515.83333333333;2024-05-03T06:00:00+02:00
1293;26126.66666666667;2024-05-03T07:00:00+02:00
1293;27457.5;2024-05-03T08:00:00+02:00
1293;27471.75;2024-05-03T09:00:00+02:00
1293;27231.16666666667;2024-05-03T10:00:00+02:00
1293;26728.41666666667;2024-05-03T11:00:00+02:00
1293;26462.83333333333;2024-05-03T12:00:00+02:00
1293;26396.16666666667;2024-05-03T13:00:00+02:00
1293;25868.75;2024-05-03T14:00:00+02:00
1293;25342.41666666667;2024-05-03T15:00:00+02:00
1293;24920.08333333333;2024-05-03T16:00:00+02:00
1293;25178.25;2024-05-03T17:00:00+02:00
1293;25791.08333333333;2024-05-03T18:00:00+02:00
1293;26632.33333333333;2024-05-03T19:00:00+02:00
1293;27851.91666666667;2024-05-03T20:00:00+02:00
1293;29386.16666666667;2024-05-03T21:00:00+02:00
1293;27835.91666666667;2024-05-03T22:00:00+02:00
1293;25663.08333333333;2024-05-03T23:00:00+02:00
1293;24086.0;2024-05-04T00:00:00+02:00
1293;22539.0;2024-05-04T01:00:00+02:00
1293;21275.83333333333;2024-05-04T02:00:00+02:00
1293;20660.25;2024-05-04T03:00:00+02:00
1293;20464.66666666667;2024-05-04T04:00:00+02:00
1293;20482.25;2024-05-04T05:00:00+02:00
1293;21085.58333333333;2024-05-04T06:00:00+02:00
1293;21521.75;2024-05-04T07:00:00+02:00
1293;22627.41666666667;2024-05-04T08:00:00+02:00
1293;23820.33333333333;2024-05-04T09:00:00+02:00
1293;24340.41666666667;2024-05-04T10:00:00+02:00
1293;24052.0;2024-05-04T11:00:00+02:00
1293;23410.75;2024-05-04T12:00:00+02:00
1293;23337.08333333333;2024-05-04T13:00:00+02:00
1293;22684.75;2024-05-04T14:00:00+02:00
1293;21596.0;2024-05-04T15:00:00+02:00
1293;21086.83333333333;2024-05-04T16:00:00+02:00
1293;21351.41666666667;2024-05-04T17:00:00+02:00
1293;22388.0;2024-05-04T18:00:00+02:00
1293;23642.0;2024-05-04T19:00:00+02:00
1293;24812.25;2024-05-04T20:00:00+02:00
1293;26521.25;2024-05-04T21:00:00+02:00
1293;25731.33333333333;2024-05-04T22:00:00+02:00
1293;23788.41666666667;2024-05-04T23:00:00+02:00
1293;22212.58333333333;2024-05-05T00:00:00+02:00
1293;20905.0;2024-05-05T01:00:00+02:00
1293;19847.08333333333;2024-05-05T02:00:00+02:00
1293;19319.5;2024-05-05T03:00:00+02:00
1293;18853.16666666667;2024-05-05T04:00:00+02:00
1293;18841.66666666667;2024-05-05T05:00:00+02:00
1293;19193.66666666667;2024-05-05T06:00:00+02:00
1293;19038.33333333333;2024-05-05T07:00:00+02:00
1293;19681.91666666667;2024-05-05T08:00:00+02:00
1293;20865.58333333333;2024-05-05T09:00:00+02:00
1293;21812.08333333333;2024-05-05T10:00:00+02:00
1293;21929.0;2024-05-05T11:00:00+02:00
1293;21916.91666666667;2024-05-05T12:00:00+02:00
1293;21992.83333333333;2024-05-05T13:00:00+02:00
1293;21529.0;2024-05-05T14:00:00+02:00
1293;20401.08333333333;2024-05-05T15:00:00+02:00
1293;20609.66666666667;2024-05-05T16:00:00+02:00
1293;21169.33333333333;2024-05-05T17:00:00+02:00
1293;22201.16666666667;2024-05-05T18:00:00+02:00
1293;23276.66666666667;2024-05-05T19:00:00+02:00
1293;24623.33333333333;2024-05-05T20:00:00+02:00
1293;26521.33333333333;2024-05-05T21:00:00+02:00
1293;25670.16666666667;2024-05-05T22:00:00+02:00
1293;23641.66666666667;2024-05-05T23:00:00+02:00
1293;22052.5;2024-05-06T00:00:00+02:00
1293;20646.25;2024-05-06T01:00:00+02:00
1293;19983.08333333333;2024-05-06T02:00:00+02:00
1293;19644.66666666667;2024-05-06T03:00:00+02:00
1293;19593.16666666667;2024-05-06T04:00:00+02:00
1293;20130.91666666667;2024-05-06T05:00:00+02:00
1293;22767.75;2024-05-06T06:00:00+02:00
1293;25887.83333333333;2024-05-06T07:00:00+02:00
1293;27666.0;2024-05-06T08:00:00+02:00
1293;27922.91666666667;2024-05-06T09:00:00+02:00
1293;27708.41666666667;2024-05-06T10:00:00+02:00
1293;27329.58333333333;2024-05-06T11:00:00+02:00
1293;27070.66666666667;2024-05-06T12:00:00+02:00
1293;27191.66666666667;2024-05-06T13:00:00+02:00
1293;26647.91666666667;2024-05-06T14:00:00+02:00
1293;26240.08333333333;2024-05-06T15:00:00+02:00
1293;25663.75;2024-05-06T16:00:00+02:00
1293;25801.83333333333;2024-05-06T17:00:00+02:00
1293;25969.66666666667;2024-05-06T18:00:00+02:00
1293;26888.83333333333;2024-05-06T19:00:00+02:00
1293;28554.66666666667;2024-05-06T20:00:00+02:00
1293;29911.58333333333;2024-05-06T21:00:00+02:00
1293;28020.08333333333;2024-05-06T22:00:00+02:00
1293;25235.08333333333;2024-05-06T23:00:00+02:00
1293;23399.5;2024-05-07T00:00:00+02:00
1293;22177.91666666667;2024-05-07T01:00:00+02:00
1293;21358.5;2024-05-07T02:00:00+02:00
1293;20918.91666666667;2024-05-07T03:00:00+02:00
1293;20933.08333333333;2024-05-07T04:00:00+02:00
1293;21381.75;2024-05-07T05:00:00+02:00
1293;23792.66666666667;2024-05-07T06:00:00+02:00
1293;26490.41666666667;2024-05-07T07:00:00+02:00
1293;27682.75;2024-05-07T08:00:00+02:00
1293;27501.08333333333;2024-05-07T09:00:00+02:00
1293;26800.33333333333;2024-05-07T10:00:00+02:00
1293;26223.5;2024-05-07T11:00:00+02:00
1293;25923.41666666667;2024-05-07T12:00:00+02:00
1293;26180.41666666667;2024-05-07T13:00:00+02:00
1293;25860.58333333333;2024-05-07T14:00:00+02:00
1293;25164.66666666667;2024-05-07T15:00:00+02:00
1293;24741.75;2024-05-07T16:00:00+02:00
1293;25209.58333333333;2024-05-07T17:00:00+02:00
1293;26126.08333333333;2024-05-07T18:00:00+02:00
1293;27088.0;2024-05-07T19:00:00+02:00
1293;28609.16666666667;2024-05-07T20:00:00+02:00
1293;30253.41666666667;2024-05-07T21:00:00+02:00
1293;28326.83333333333;2024-05-07T22:00:00+02:00
1293;25641.08333333333;2024-05-07T23:00:00+02:00
1293;23864.75;2024-05-08T00:00:00+02:00
1293;22809.66666666667;2024-05-08T01:00:00+02:00
1293;21959.25;2024-05-08T02:00:00+02:00
1293;21360.91666666667;2024-05-08T03:00:00+02:00
1293;21233.08333333333;2024-05-08T04:00:00+02:00
1293;21943.08333333333;2024-05-08T05:00:00+02:00
1293;24348.5;2024-05-08T06:00:00+02:00
1293;26986.66666666667;2024-05-08T07:00:00+02:00
1293;28005.91666666667;2024-05-08T08:00:00+02:00
1293;27995.33333333333;2024-05-08T09:00:00+02:00
1293;27388.75;2024-05-08T10:00:00+02:00
1293;26794.58333333333;2024-05-08T11:00:00+02:00
1293;26722.91666666667;2024-05-08T12:00:00+02:00
1293;26843.16666666667;2024-05-08T13:00:00+02:00
1293;26326.75;2024-05-08T14:00:00+02:00
1293;25733.5;2024-05-08T15:00:00+02:00
1293;25529.66666666667;2024-05-08T16:00:00+02:00
1293;25923.5;2024-05-08T17:00:00+02:00
1293;26386.0;2024-05-08T18:00:00+02:00
1293;27285.75;2024-05-08T19:00:00+02:00
1293;28743.5;2024-05-08T20:00:00+02:00
1293;29936.33333333333;2024-05-08T21:00:00+02:00
1293;27905.75;2024-05-08T22:00:00+02:00
1293;25560.33333333333;2024-05-08T23:00:00+02:00
1293;24279.91666666667;2024-05-09T00:00:00+02:00
1293;22995.41666666667;2024-05-09T01:00:00+02:00
1293;21916.58333333333;2024-05-09T02:00:00+02:00
1293;21573.58333333333;2024-05-09T03:00:00+02:00
1293;21460.33333333333;2024-05-09T04:00:00+02:00
1293;21907.83333333333;2024-05-09T05:00:00+02:00
1293;24302.25;2024-05-09T06:00:00+02:00
1293;26828.91666666667;2024-05-09T07:00:00+02:00
1293;27943.25;2024-05-09T08:00:00+02:00
1293;27752.16666666667;2024-05-09T09:00:00+02:00
1293;27256.91666666667;2024-05-09T10:00:00+02:00
1293;26623.91666666667;2024-05-09T11:00:00+02:00
1293;26644.0;2024-05-09T12:00:00+02:00
1293;26821.08333333333;2024-05-09T13:00:00+02:00
1293;26376.16666666667;2024-05-09T14:00:00+02:00
1293;25874.08333333333;2024-05-09T15:00:00+02:00
1293;25707.08333333333;2024-05-09T16:00:00+02:00
1293;25948.41666666667;2024-05-09T17:00:00+02:00
1293;26409.58333333333;2024-05-09T18:00:00+02:00
1293;27432.83333333333;2024-05-09T19:00:00+02:00
1293;28670.5;2024-05-09T20:00:00+02:00
1293;29766.41666666667;2024-05-09T21:00:00+02:00
1293;28002.41666666667;2024-05-09T22:00:00+02:00
1293;25589.16666666667;2024-05-09T23:00:00+02:00
1293;24157.33333333333;2024-05-10T00:00:00+02:00
1293;22926.91666666667;2024-05-10T01:00:00+02:00
1293;21948.91666666667;2024-05-10T02:00:00+02:00
1293;21547.41666666667;2024-05-10T03:00:00+02:00
1293;21455.0;2024-05-10T04:00:00+02:00
1293;21867.91666666667;2024-05-10T05:00:00+02:00
1293;23857.41666666667;2024-05-10T06:00:00+02:00
1293;26238.75;2024-05-10T07:00:00+02:00
1293;27442.16666666667;2024-05-10T08:00:00+02:00
1293;27492.0;2024-05-10T09:00:00+02:00
1293;26951.16666666667;2024-05-10T10:00:00+02:00
1293;26641.58333333333;2024-05-10T11:00:00+02:00
1293;26290.16666666667;2024-05-10T12:00:00+02:00
1293;25969.83333333333;2024-05-10T13:00:00+02:00
1293;25532.58333333333;2024-05-10T14:00:00+02:00
1293;24866.33333333333;2024-05-10T15:00:00+02:00
1293;24908.08333333333;2024-05-10T16:00:00+02:00
1293;25458.83333333333;2024-05-10T17:00:00+02:00
1293;26125.16666666667;2024-05-10T18:00:00+02:00
1293;26800.58333333333;2024-05-10T19:00:00+02:00
1293;27590.91666666667;2024-05-10T20:00:00+02:00
1293;28381.08333333333;2024-05-10T21:00:00+02:00
1293;27046.83333333333;2024-05-10T22:00:00+02:00
1293;24883.5;2024-05-10T23:00:00+02:00
1293;23691.16666666667;2024-05-11T00:00:00+02:00
1293;22387.16666666667;2024-05-11T01:00:00+02:00
1293;21256.16666666667;2024-05-11T02:00:00+02:00
1293;20660.83333333333;2024-05-11T03:00:00+02:00
1293;20259.75;2024-05-11T04:00:00+02:00
1293;20095.16666666667;2024-05-11T05:00:00+02:00
1293;20485.58333333333;2024-05-11T06:00:00+02:00
1293;20951.0;2024-05-11T07:00:00+02:00
1293;22073.08333333333;2024-05-11T08:00:00+02:00
1293;23235.16666666667;2024-05-11T09:00:00+02:00
1293;23701.25;2024-05-11T10:00:00+02:00
1293;23361.75;2024-05-11T11:00:00+02:00
1293;22753.33333333333;2024-05-11T12:00:00+02:00
1293;22716.0;2024-05-11T13:00:00+02:00
1293;22124.41666666667;2024-05-11T14:00:00+02:00
1293;21127.83333333333;2024-05-11T15:00:00+02:00
1293;20548.83333333333;2024-05-11T16:00:00+02:00
1293;21735.16666666667;2024-05-11T17:00:00+02:00
1293;22644.08333333333;2024-05-11T18:00:00+02:00
1293;23655.33333333333;2024-05-11T19:00:00+02:00
1293;24494.0;2024-05-11T20:00:00+02:00
1293;25912.25;2024-05-11T21:00:00+02:00
1293;25090.08333333333;2024-05-11T22:00:00+02:00
1293;23257.33333333333;2024-05-11T23:00:00+02:00
1293;21764.83333333333;2024-05-12T00:00:00+02:00
1293;20490.0;2024-05-12T01:00:00+02:00
1293;19454.0;2024-05-12T02:00:00+02:00
1293;18999.0;2024-05-12T03:00:00+02:00
1293;18726.08333333333;2024-05-12T04:00:00+02:00
1293;18601.83333333333;2024-05-12T05:00:00+02:00
1293;18781.91666666667;2024-05-12T06:00:00+02:00
1293;18741.66666666667;2024-05-12T07:00:00+02:00
1293;19155.83333333333;2024-05-12T08:00:00+02:00
1293;20199.33333333333;2024-05-12T09:00:00+02:00
1293;20826.33333333333;2024-05-12T10:00:00+02:00
1293;20824.0;2024-05-12T11:00:00+02:00
1293;20677.0;2024-05-12T12:00:00+02:00
1293;20954.0;2024-05-12T13:00:00+02:00
1293;20725.66666666667;2024-05-12T14:00:00+02:00
1293;19728.66666666667;2024-05-12T15:00:00+02:00
1293;19254.66666666667;2024-05-12T16:00:00+02:00
1293;20178.08333333333;2024-05-12T17:00:00+02:00
1293;21491.58333333333;2024-05-12T18:00:00+02:00
1293;22487.16666666667;2024-05-12T19:00:00+02:00
1293;23837.16666666667;2024-05-12T20:00:00+02:00
1293;25705.66666666667;2024-05-12T21:00:00+02:00
1293;25302.91666666667;2024-05-12T22:00:00+02:00
1293;23317.08333333333;2024-05-12T23:00:00+02:00
1293;21782.33333333333;2024-05-13T00:00:00+02:00
1293;20614.16666666667;2024-05-13T01:00:00+02:00
1293;19820.25;2024-05-13T02:00:00+02:00
1293;19522.33333333333;2024-05-13T03:00:00+02:00
1293;19487.0;2024-05-13T04:00:00+02:00
1293;20254.16666666667;2024-05-13T05:00:00+02:00
1293;22810.91666666667;2024-05-13T06:00:00+02:00
1293;25399.33333333333;2024-05-13T07:00:00+02:00
1293;27024.25;2024-05-13T08:00:00+02:00
1293;27222.5;2024-05-13T09:00:00+02:00
1293;26902.16666666667;2024-05-13T10:00:00+02:00
1293;26713.25;2024-05-13T11:00:00+02:00
1293;26553.08333333333;2024-05-13T12:00:00+02:00
1293;26752.66666666667;2024-05-13T13:00:00+02:00
1293;26423.16666666667;2024-05-13T14:00:00+02:00
1293;25986.0;2024-05-13T15:00:00+02:00
1293;26114.66666666667;2024-05-13T16:00:00+02:00
1293;26804.75;2024-05-13T17:00:00+02:00
1293;27287.25;2024-05-13T18:00:00+02:00
1293;28142.91666666667;2024-05-13T19:00:00+02:00
1293;29185.0;2024-05-13T20:00:00+02:00
1293;30094.58333333333;2024-05-13T21:00:00+02:00
1293;28213.83333333333;2024-05-13T22:00:00+02:00
1293;25532.16666666667;2024-05-13T23:00:00+02:00
1293;24146.66666666667;2024-05-14T00:00:00+02:00
1293;22982.33333333333;2024-05-14T01:00:00+02:00
1293;22021.33333333333;2024-05-14T02:00:00+02:00
1293;21738.83333333333;2024-05-14T03:00:00+02:00
1293;21476.0;2024-05-14T04:00:00+02:00
1293;21940.58333333333;2024-05-14T05:00:00+02:00
1293;24100.41666666667;2024-05-14T06:00:00+02:00
1293;26423.75;2024-05-14T07:00:00+02:00
1293;28066.0;2024-05-14T08:00:00+02:00
1293;28373.08333333333;2024-05-14T09:00:00+02:00
1293;28149.33333333333;2024-05-14T10:00:00+02:00
1293;27696.0;2024-05-14T11:00:00+02:00
1293;27672.0;2024-05-14T12:00:00+02:00
1293;27418.0;2024-05-14T13:00:00+02:00
1293;26682.58333333333;2024-05-14T14:00:00+02:00
1293;25591.66666666667;2024-05-14T15:00:00+02:00
1293;25312.33333333333;2024-05-14T16:00:00+02:00
1293;25863.41666666667;2024-05-14T17:00:00+02:00
1293;26536.33333333333;2024-05-14T18:00:00+02:00
1293;27605.0;2024-05-14T19:00:00+02:00
1293;28838.5;2024-05-14T20:00:00+02:00
1293;29726.08333333333;2024-05-14T21:00:00+02:00
1293;27908.58333333333;2024-05-14T22:00:00+02:00
1293;25353.83333333333;2024-05-14T23:00:00+02:00
1293;24153.0;2024-05-15T00:00:00+02:00
1293;22779.0;2024-05-15T01:00:00+02:00
1293;21907.08333333333;2024-05-15T02:00:00+02:00
1293;21523.25;2024-05-15T03:00:00+02:00
1293;21234.41666666667;2024-05-15T04:00:00+02:00
1293;21697.5;2024-05-15T05:00:00+02:00
1293;23639.75;2024-05-15T06:00:00+02:00
1293;25808.5;2024-05-15T07:00:00+02:00
1293;27134.5;2024-05-15T08:00:00+02:00
1293;27562.75;2024-05-15T09:00:00+02:00
1293;27420.58333333333;2024-05-15T10:00:00+02:00
1293;27150.83333333333;2024-05-15T11:00:00+02:00
1293;27084.83333333333;2024-05-15T12:00:00+02:00
1293;26955.08333333333;2024-05-15T13:00:00+02:00
1293;26460.0;2024-05-15T14:00:00+02:00
1293;25747.75;2024-05-15T15:00:00+02:00
1293;25224.58333333333;2024-05-15T16:00:00+02:00
1293;25386.83333333333;2024-05-15T17:00:00+02:00
1293;25927.5;2024-05-15T18:00:00+02:00
1293;26967.33333333333;2024-05-15T19:00:00+02:00
1293;28228.16666666667;2024-05-15T20:00:00+02:00
1293;29220.5;2024-05-15T21:00:00+02:00
1293;27702.75;2024-05-15T22:00:00+02:00
1293;25165.08333333333;2024-05-15T23:00:00+02:00
1293;23699.25;2024-05-16T00:00:00+02:00
1293;22358.75;2024-05-16T01:00:00+02:00
1293;21642.83333333333;2024-05-16T02:00:00+02:00
1293;21357.83333333333;2024-05-16T03:00:00+02:00
1293;21260.0;2024-05-16T04:00:00+02:00
1293;21651.66666666667;2024-05-16T05:00:00+02:00
1293;23953.75;2024-05-16T06:00:00+02:00
1293;26396.08333333333;2024-05-16T07:00:00+02:00
1293;27775.33333333333;2024-05-16T08:00:00+02:00
1293;27609.41666666667;2024-05-16T09:00:00+02:00
1293;27246.58333333333;2024-05-16T10:00:00+02:00
1293;27297.58333333333;2024-05-16T11:00:00+02:00
1293;27414.58333333333;2024-05-16T12:00:00+02:00
1293;27444.75;2024-05-16T13:00:00+02:00
1293;27009.5;2024-05-16T14:00:00+02:00
1293;26210.08333333333;2024-05-16T15:00:00+02:00
1293;26147.41666666667;2024-05-16T16:00:00+02:00
1293;26240.33333333333;2024-05-16T17:00:00+02:00
1293;26477.83333333333;2024-05-16T18:00:00+02:00
1293;27319.5;2024-05-16T19:00:00+02:00
1293;28689.25;2024-05-16T20:00:00+02:00
1293;29752.5;2024-05-16T21:00:00+02:00
1293;28093.75;2024-05-16T22:00:00+02:00
1293;25609.66666666667;2024-05-16T23:00:00+02:00
1293;24134.5;2024-05-17T00:00:00+02:00
1293;22904.25;2024-05-17T01:00:00+02:00
1293;21996.25;2024-05-17T02:00:00+02:00
1293;21665.33333333333;2024-05-17T03:00:00+02:00
1293;21513.41666666667;2024-05-17T04:00:00+02:00
1293;21867.58333333333;2024-05-17T05:00:00+02:00
1293;23727.66666666667;2024-05-17T06:00:00+02:00
1293;26157.66666666667;2024-05-17T07:00:00+02:00
1293;27431.41666666667;2024-05-17T08:00:00+02:00
1293;27624.41666666667;2024-05-17T09:00:00+02:00
1293;27455.08333333333;2024-05-17T10:00:00+02:00
1293;27118.5;2024-05-17T11:00:00+02:00
1293;27280.0;2024-05-17T12:00:00+02:00
1293;27056.08333333333;2024-05-17T13:00:00+02:00
1293;26679.75;2024-05-17T14:00:00+02:00
1293;25579.16666666667;2024-05-17T15:00:00+02:00
1293;25143.25;2024-05-17T16:00:00+02:00
1293;25289.83333333333;2024-05-17T17:00:00+02:00
1293;25757.5;2024-05-17T18:00:00+02:00
1293;26562.25;2024-05-17T19:00:00+02:00
1293;27112.25;2024-05-17T20:00:00+02:00
1293;28227.83333333333;2024-05-17T21:00:00+02:00
1293;27047.25;2024-05-17T22:00:00+02:00
1293;24958.25;2024-05-17T23:00:00+02:00
1293;23633.58333333333;2024-05-18T00:00:00+02:00
1293;22328.08333333333;2024-05-18T01:00:00+02:00
1293;21337.91666666667;2024-05-18T02:00:00+02:00
1293;20668.83333333333;2024-05-18T03:00:00+02:00
1293;20368.25;2024-05-18T04:00:00+02:00
1293;20219.25;2024-05-18T05:00:00+02:00
1293;20648.75;2024-05-18T06:00:00+02:00
1293;21103.91666666667;2024-05-18T07:00:00+02:00
1293;22294.58333333333;2024-05-18T08:00:00+02:00
1293;23514.5;2024-05-18T09:00:00+02:00
1293;23851.75;2024-05-18T10:00:00+02:00
1293;23840.5;2024-05-18T11:00:00+02:00
1293;23652.41666666667;2024-05-18T12:00:00+02:00
1293;23445.25;2024-05-18T13:00:00+02:00
1293;23134.75;2024-05-18T14:00:00+02:00
1293;21906.75;2024-05-18T15:00:00+02:00
1293;21622.0;2024-05-18T16:00:00+02:00
1293;21739.16666666667;2024-05-18T17:00:00+02:00
1293;22426.91666666667;2024-05-18T18:00:00+02:00
1293;23231.33333333333;2024-05-18T19:00:00+02:00
1293;24043.91666666667;2024-05-18T20:00:00+02:00
1293;25549.25;2024-05-18T21:00:00+02:00
1293;25040.58333333333;2024-05-18T22:00:00+02:00
1293;23196.16666666667;2024-05-18T23:00:00+02:00
1293;21682.66666666667;2024-05-19T00:00:00+02:00
1293;20388.5;2024-05-19T01:00:00+02:00
1293;19391.41666666667;2024-05-19T02:00:00+02:00
1293;18833.83333333333;2024-05-19T03:00:00+02:00
1293;18548.33333333333;2024-05-19T04:00:00+02:00
1293;18566.25;2024-05-19T05:00:00+02:00
1293;18727.16666666667;2024-05-19T06:00:00+02:00
1293;18649.58333333333;2024-05-19T07:00:00+02:00
1293;19232.33333333333;2024-05-19T08:00:00+02:00
1293;20275.08333333333;2024-05-19T09:00:00+02:00
1293;21121.08333333333;2024-05-19T10:00:00+02:00
1293;21268.5;2024-05-19T11:00:00+02:00
1293;21599.91666666667;2024-05-19T12:00:00+02:00
1293;21944.66666666667;2024-05-19T13:00:00+02:00
1293;21650.25;2024-05-19T14:00:00+02:00
1293;20253.33333333333;2024-05-19T15:00:00+02:00
1293;19636.75;2024-05-19T16:00:00+02:00
1293;20909.41666666667;2024-05-19T17:00:00+02:00
1293;21600.83333333333;2024-05-19T18:00:00+02:00
1293;22678.75;2024-05-19T19:00:00+02:00
1293;23832.33333333333;2024-05-19T20:00:00+02:00
1293;25469.08333333333;2024-05-19T21:00:00+02:00
1293;25344.0;2024-05-19T22:00:00+02:00
1293;23263.83333333333;2024-05-19T23:00:00+02:00
1293;21865.25;2024-05-20T00:00:00+02:00
1293;20593.0;2024-05-20T01:00:00+02:00
1293;19806.41666666667;2024-05-20T02:00:00+02:00
1293;19557.33333333333;2024-05-20T03:00:00+02:00
1293;19519.66666666667;2024-05-20T04:00:00+02:00
1293;20119.83333333333;2024-05-20T05:00:00+02:00
1293;22431.5;2024-05-20T06:00:00+02:00
1293;25013.25;2024-05-20T07:00:00+02:00
1293;26445.08333333333;2024-05-20T08:00:00+02:00
1293;26791.66666666667;2024-05-20T09:00:00+02:00
1293;26441.0;2024-05-20T10:00:00+02:00
1293;26099.83333333333;2024-05-20T11:00:00+02:00
1293;26324.25;2024-05-20T12:00:00+02:00
1293;26711.25;2024-05-20T13:00:00+02:00
1293;26273.66666666667;2024-05-20T14:00:00+02:00
1293;25456.41666666667;2024-05-20T15:00:00+02:00
1293;25159.5;2024-05-20T16:00:00+02:00
1293;25428.41666666667;2024-05-20T17:00:00+02:00
1293;25893.33333333333;2024-05-20T18:00:00+02:00
1293;26776.08333333333;2024-05-20T19:00:00+02:00
1293;27869.5;2024-05-20T20:00:00+02:00
1293;29294.25;2024-05-20T21:00:00+02:00
1293;27772.66666666667;2024-05-20T22:00:00+02:00
1293;25137.25;2024-05-20T23:00:00+02:00
1293;23406.33333333333;2024-05-21T00:00:00+02:00
1293;22226.83333333333;2024-05-21T01:00:00+02:00
1293;21311.75;2024-05-21T02:00:00+02:00
1293;20984.58333333333;2024-05-21T03:00:00+02:00
1293;20878.75;2024-05-21T04:00:00+02:00
1293;21386.25;2024-05-21T05:00:00+02:00
1293;23446.58333333333;2024-05-21T06:00:00+02:00
1293;26035.5;2024-05-21T07:00:00+02:00
1293;27303.75;2024-05-21T08:00:00+02:00
1293;27177.41666666667;2024-05-21T09:00:00+02:00
1293;26867.91666666667;2024-05-21T10:00:00+02:00
1293;26645.66666666667;2024-05-21T11:00:00+02:00
1293;26794.25;2024-05-21T12:00:00+02:00
1293;27054.58333333333;2024-05-21T13:00:00+02:00
1293;26710.91666666667;2024-05-21T14:00:00+02:00
1293;25906.5;2024-05-21T15:00:00+02:00
1293;25576.75;2024-05-21T16:00:00+02:00
1293;26091.83333333333;2024-05-21T17:00:00+02:00
1293;26523.75;2024-05-21T18:00:00+02:00
1293;27273.5;2024-05-21T19:00:00+02:00
1293;28211.41666666667;2024-05-21T20:00:00+02:00
1293;29406.08333333333;2024-05-21T21:00:00+02:00
1293;27864.16666666667;2024-05-21T22:00:00+02:00
1293;25207.41666666667;2024-05-21T23:00:00+02:00
1293;23703.91666666667;2024-05-22T00:00:00+02:00
1293;22439.33333333333;2024-05-22T01:00:00+02:00
1293;21535.0;2024-05-22T02:00:00+02:00
1293;21252.83333333333;2024-05-22T03:00:00+02:00
1293;21227.5;2024-05-22T04:00:00+02:00
1293;21683.83333333333;2024-05-22T05:00:00+02:00
1293;23833.33333333333;2024-05-22T06:00:00+02:00
1293;26464.58333333333;2024-05-22T07:00:00+02:00
1293;27760.08333333333;2024-05-22T08:00:00+02:00
1293;27740.66666666667;2024-05-22T09:00:00+02:00
1293;27454.66666666667;2024-05-22T10:00:00+02:00
1293;27133.58333333333;2024-05-22T11:00:00+02:00
1293;26984.33333333333;2024-05-22T12:00:00+02:00
1293;27200.58333333333;2024-05-22T13:00:00+02:00
1293;26999.83333333333;2024-05-22T14:00:00+02:00
1293;26226.0;2024-05-22T15:00:00+02:00
1293;25822.5;2024-05-22T16:00:00+02:00
1293;26046.33333333333;2024-05-22T17:00:00+02:00
1293;26421.91666666667;2024-05-22T18:00:00+02:00
1293;27564.75;2024-05-22T19:00:00+02:00
1293;28789.58333333333;2024-05-22T20:00:00+02:00
1293;28931.16666666667;2024-05-22T21:00:00+02:00
1293;27443.83333333333;2024-05-22T22:00:00+02:00
1293;24802.41666666667;2024-05-22T23:00:00+02:00
1293;23499.83333333333;2024-05-23T00:00:00+02:00
1293;22529.5;2024-05-23T01:00:00+02:00
1293;21691.91666666667;2024-05-23T02:00:00+02:00
1293;21346.83333333333;2024-05-23T03:00:00+02:00
1293;21324.5;2024-05-23T04:00:00+02:00
1293;21907.66666666667;2024-05-23T05:00:00+02:00
1293;23977.0;2024-05-23T06:00:00+02:00
1293;26350.33333333333;2024-05-23T07:00:00+02:00
1293;27550.5;2024-05-23T08:00:00+02:00
1293;27579.91666666667;2024-05-23T09:00:00+02:00
1293;27166.41666666667;2024-05-23T10:00:00+02:00
1293;26666.08333333333;2024-05-23T11:00:00+02:00
1293;26618.75;2024-05-23T12:00:00+02:00
1293;26754.58333333333;2024-05-23T13:00:00+02:00
1293;26409.16666666667;2024-05-23T14:00:00+02:00
1293;25618.58333333333;2024-05-23T15:00:00+02:00
1293;25530.83333333333;2024-05-23T16:00:00+02:00
1293;26082.83333333333;2024-05-23T17:00:00+02:00
1293;26649.91666666667;2024-05-23T18:00:00+02:00
1293;27693.08333333333;2024-05-23T19:00:00+02:00
1293;28808.5;2024-05-23T20:00:00+02:00
1293;29623.0;2024-05-23T21:00:00+02:00
1293;28172.83333333333;2024-05-23T22:00:00+02:00
1293;25667.08333333333;2024-05-23T23:00:00+02:00
1293;23948.83333333333;2024-05-24T00:00:00+02:00
1293;22742.91666666667;2024-05-24T01:00:00+02:00
1293;21945.91666666667;2024-05-24T02:00:00+02:00
1293;21513.83333333333;2024-05-24T03:00:00+02:00
1293;21450.58333333333;2024-05-24T04:00:00+02:00
1293;21970.41666666667;2024-05-24T05:00:00+02:00
1293;23748.91666666667;2024-05-24T06:00:00+02:00
1293;26197.33333333333;2024-05-24T07:00:00+02:00
1293;27553.5;2024-05-24T08:00:00+02:00
1293;27743.5;2024-05-24T09:00:00+02:00
1293;27425.33333333333;2024-05-24T10:00:00+02:00
1293;27108.41666666667;2024-05-24T11:00:00+02:00
1293;26984.66666666667;2024-05-24T12:00:00+02:00
1293;26704.33333333333;2024-05-24T13:00:00+02:00
1293;26135.58333333333;2024-05-24T14:00:00+02:00
1293;25423.75;2024-05-24T15:00:00+02:00
1293;25081.33333333333;2024-05-24T16:00:00+02:00
1293;25646.16666666667;2024-05-24T17:00:00+02:00
1293;26095.16666666667;2024-05-24T18:00:00+02:00
1293;26757.58333333333;2024-05-24T19:00:00+02:00
1293;27644.16666666667;2024-05-24T20:00:00+02:00
1293;28409.25;2024-05-24T21:00:00+02:00
1293;27524.16666666667;2024-05-24T22:00:00+02:00
1293;25341.33333333333;2024-05-24T23:00:00+02:00
1293;23880.0;2024-05-25T00:00:00+02:00
1293;22521.16666666667;2024-05-25T01:00:00+02:00
1293;21585.91666666667;2024-05-25T02:00:00+02:00
1293;20891.16666666667;2024-05-25T03:00:00+02:00
1293;20570.83333333333;2024-05-25T04:00:00+02:00
1293;20345.91666666667;2024-05-25T05:00:00+02:00
1293;20641.66666666667;2024-05-25T06:00:00+02:00
1293;21183.41666666667;2024-05-25T07:00:00+02:00
1293;22295.75;2024-05-25T08:00:00+02:00
1293;23188.5;2024-05-25T09:00:00+02:00
1293;23713.16666666667;2024-05-25T10:00:00+02:00
1293;23529.58333333333;2024-05-25T11:00:00+02:00
1293;23507.33333333333;2024-05-25T12:00:00+02:00
1293;23336.0;2024-05-25T13:00:00+02:00
1293;22768.83333333333;2024-05-25T14:00:00+02:00
1293;21894.83333333333;2024-05-25T15:00:00+02:00
1293;21342.91666666667;2024-05-25T16:00:00+02:00
1293;21787.25;2024-05-25T17:00:00+02:00
1293;22642.66666666667;2024-05-25T18:00:00+02:00
1293;23584.33333333333;2024-05-25T19:00:00+02:00
1293;24429.66666666667;2024-05-25T20:00:00+02:00
1293;25581.41666666667;2024-05-25T21:00:00+02:00
1293;25217.16666666667;2024-05-25T22:00:00+02:00
1293;23531.41666666667;2024-05-25T23:00:00+02:00
1293;21946.75;2024-05-26T00:00:00+02:00
1293;20466.58333333333;2024-05-26T01:00:00+02:00
1293;19602.08333333333;2024-05-26T02:00:00+02:00
1293;19041.5;2024-05-26T03:00:00+02:00
1293;18639.33333333333;2024-05-26T04:00:00+02:00
1293;18561.66666666667;2024-05-26T05:00:00+02:00
1293;18602.91666666667;2024-05-26T06:00:00+02:00
1293;18534.41666666667;2024-05-26T07:00:00+02:00
1293;19158.16666666667;2024-05-26T08:00:00+02:00
1293;20154.08333333333;2024-05-26T09:00:00+02:00
1293;20562.58333333333;2024-05-26T10:00:00+02:00
1293;20645.66666666667;2024-05-26T11:00:00+02:00
1293;20607.75;2024-05-26T12:00:00+02:00
1293;20998.0;2024-05-26T13:00:00+02:00
1293;21004.33333333333;2024-05-26T14:00:00+02:00
1293;19731.16666666667;2024-05-26T15:00:00+02:00
1293;19302.5;2024-05-26T16:00:00+02:00
1293;19963.58333333333;2024-05-26T17:00:00+02:00
1293;21534.41666666667;2024-05-26T18:00:00+02:00
1293;22755.41666666667;2024-05-26T19:00:00+02:00
1293;23964.58333333333;2024-05-26T20:00:00+02:00
1293;25702.16666666667;2024-05-26T21:00:00+02:00
1293;25803.66666666667;2024-05-26T22:00:00+02:00
1293;23741.66666666667;2024-05-26T23:00:00+02:00
1293;22189.33333333333;2024-05-27T00:00:00+02:00
1293;21046.58333333333;2024-05-27T01:00:00+02:00
1293;20229.83333333333;2024-05-27T02:00:00+02:00
1293;19946.58333333333;2024-05-27T03:00:00+02:00
1293;19945.41666666667;2024-05-27T04:00:00+02:00
1293;20545.5;2024-05-27T05:00:00+02:00
1293;23092.08333333333;2024-05-27T06:00:00+02:00
1293;25820.33333333333;2024-05-27T07:00:00+02:00
1293;27311.41666666667;2024-05-27T08:00:00+02:00
1293;27634.08333333333;2024-05-27T09:00:00+02:00
1293;27570.41666666667;2024-05-27T10:00:00+02:00
1293;27480.41666666667;2024-05-27T11:00:00+02:00
1293;27613.58333333333;2024-05-27T12:00:00+02:00
1293;27530.25;2024-05-27T13:00:00+02:00
1293;26921.83333333333;2024-05-27T14:00:00+02:00
1293;26214.41666666667;2024-05-27T15:00:00+02:00
1293;25968.08333333333;2024-05-27T16:00:00+02:00
1293;26563.25;2024-05-27T17:00:00+02:00
1293;27186.75;2024-05-27T18:00:00+02:00
1293;28101.58333333333;2024-05-27T19:00:00+02:00
1293;29034.75;2024-05-27T20:00:00+02:00
1293;29708.91666666667;2024-05-27T21:00:00+02:00
1293;28185.25;2024-05-27T22:00:00+02:00
1293;25484.33333333333;2024-05-27T23:00:00+02:00
1293;24332.75;2024-05-28T00:00:00+02:00
1293;23280.58333333333;2024-05-28T01:00:00+02:00
1293;22391.5;2024-05-28T02:00:00+02:00
1293;21999.58333333333;2024-05-28T03:00:00+02:00
1293;21686.16666666667;2024-05-28T04:00:00+02:00
1293;22204.83333333333;2024-05-28T05:00:00+02:00
1293;24307.25;2024-05-28T06:00:00+02:00
1293;26294.25;2024-05-28T07:00:00+02:00
1293;27617.91666666667;2024-05-28T08:00:00+02:00
1293;27829.41666666667;2024-05-28T09:00:00+02:00
1293;27527.16666666667;2024-05-28T10:00:00+02:00
1293;27320.08333333333;2024-05-28T11:00:00+02:00
1293;27310.08333333333;2024-05-28T12:00:00+02:00
1293;27451.08333333333;2024-05-28T13:00:00+02:00
1293;27158.66666666667;2024-05-28T14:00:00+02:00
1293;26528.33333333333;2024-05-28T15:00:00+02:00
1293;26512.33333333333;2024-05-28T16:00:00+02:00
1293;27302.08333333333;2024-05-28T17:00:00+02:00
1293;27863.58333333333;2024-05-28T18:00:00+02:00
1293;28881.83333333333;2024-05-28T19:00:00+02:00
1293;29767.08333333333;2024-05-28T20:00:00+02:00
1293;30365.75;2024-05-28T21:00:00+02:00
1293;28956.58333333333;2024-05-28T22:00:00+02:00
1293;26418.66666666667;2024-05-28T23:00:00+02:00
1293;24793.08333333333;2024-05-29T00:00:00+02:00
1293;23497.16666666667;2024-05-29T01:00:00+02:00
1293;22747.75;2024-05-29T02:00:00+02:00
1293;22336.25;2024-05-29T03:00:00+02:00
1293;22218.33333333333;2024-05-29T04:00:00+02:00
1293;22666.41666666667;2024-05-29T05:00:00+02:00
1293;24496.16666666667;2024-05-29T06:00:00+02:00
1293;26779.83333333333;2024-05-29T07:00:00+02:00
1293;28177.5;2024-05-29T08:00:00+02:00
1293;28159.0;2024-05-29T09:00:00+02:00
1293;27936.83333333333;2024-05-29T10:00:00+02:00
1293;27812.5;2024-05-29T11:00:00+02:00
1293;28133.08333333333;2024-05-29T12:00:00+02:00
1293;28515.91666666667;2024-05-29T13:00:00+02:00
1293;28137.41666666667;2024-05-29T14:00:00+02:00
1293;27635.25;2024-05-29T15:00:00+02:00
1293;27667.41666666667;2024-05-29T16:00:00+02:00
1293;28324.5;2024-05-29T17:00:00+02:00
1293;28755.16666666667;2024-05-29T18:00:00+02:00
1293;29533.66666666667;2024-05-29T19:00:00+02:00
1293;30286.16666666667;2024-05-29T20:00:00+02:00
1293;30872.16666666667;2024-05-29T21:00:00+02:00
1293;29412.91666666667;2024-05-29T22:00:00+02:00
1293;26609.16666666667;2024-05-29T23:00:00+02:00
1293;25013.66666666667;2024-05-30T00:00:00+02:00
1293;23781.41666666667;2024-05-30T01:00:00+02:00
1293;22941.75;2024-05-30T02:00:00+02:00
1293;22478.91666666667;2024-05-30T03:00:00+02:00
1293;22218.91666666667;2024-05-30T04:00:00+02:00
1293;22610.16666666667;2024-05-30T05:00:00+02:00
1293;24454.25;2024-05-30T06:00:00+02:00
1293;26564.41666666667;2024-05-30T07:00:00+02:00
1293;27842.16666666667;2024-05-30T08:00:00+02:00
1293;27887.58333333333;2024-05-30T09:00:00+02:00
1293;27985.75;2024-05-30T10:00:00+02:00
1293;28065.41666666667;2024-05-30T11:00:00+02:00
1293;28122.5;2024-05-30T12:00:00+02:00
1293;28341.91666666667;2024-05-30T13:00:00+02:00
1293;28212.0;2024-05-30T14:00:00+02:00
1293;27384.91666666667;2024-05-30T15:00:00+02:00
1293;27158.66666666667;2024-05-30T16:00:00+02:00
1293;27892.16666666667;2024-05-30T17:00:00+02:00
1293;28781.58333333333;2024-05-30T18:00:00+02:00
1293;29424.5;2024-05-30T19:00:00+02:00
1293;30195.83333333333;2024-05-30T20:00:00+02:00
1293;30729.33333333333;2024-05-30T21:00:00+02:00
1293;29604.33333333333;2024-05-30T22:00:00+02:00
1293;27103.0;2024-05-30T23:00:00+02:00
1293;25541.5;2024-05-31T00:00:00+02:00
1293;24159.91666666667;2024-05-31T01:00:00+02:00
1293;23292.91666666667;2024-05-31T02:00:00+02:00
1293;22672.0;2024-05-31T03:00:00+02:00
1293;22419.33333333333;2024-05-31T04:00:00+02:00
1293;22975.66666666667;2024-05-31T05:00:00+02:00
1293;24696.16666666667;2024-05-31T06:00:00+02:00
1293;26905.16666666667;2024-05-31T07:00:00+02:00
1293;28052.0;2024-05-31T08:00:00+02:00
1293;28254.75;2024-05-31T09:00:00+02:00
1293;27997.41666666667;2024-05-31T10:00:00+02:00
1293;27727.91666666667;2024-05-31T11:00:00+02:00
1293;27984.83333333333;2024-05-31T12:00:00+02:00
1293;28083.91666666667;2024-05-31T13:00:00+02:00
1293;27558.58333333333;2024-05-31T14:00:00+02:00
1293;26925.41666666667;2024-05-31T15:00:00+02:00
1293;26788.25;2024-05-31T16:00:00+02:00
1293;27251.75;2024-05-31T17:00:00+02:00
1293;27883.08333333333;2024-05-31T18:00:00+02:00
1293;28562.25;2024-05-31T19:00:00+02:00
1293;29052.33333333333;2024-05-31T20:00:00+02:00
1293;29259.83333333333;2024-05-31T21:00:00+02:00
1293;27983.41666666667;2024-05-31T22:00:00+02:00
1293;25881.83333333333;2024-05-31T23:00:00+02:00
1293;24603.91666666667;2024-06-01T00:00:00+02:00
1293;23328.83333333333;2024-06-01T01:00:00+02:00
1293;22303.0;2024-06-01T02:00:00+02:00
1293;21624.75;2024-06-01T03:00:00+02:00
1293;21059.75;2024-06-01T04:00:00+02:00
1293;20843.5;2024-06-01T05:00:00+02:00
1293;21201.75;2024-06-01T06:00:00+02:00
1293;21712.08333333333;2024-06-01T07:00:00+02:00
1293;22647.91666666667;2024-06-01T08:00:00+02:00
1293;23854.75;2024-06-01T09:00:00+02:00
1293;24402.08333333333;2024-06-01T10:00:00+02:00
1293;24172.83333333333;2024-06-01T11:00:00+02:00
1293;24009.25;2024-06-01T12:00:00+02:00
1293;24249.08333333333;2024-06-01T13:00:00+02:00
1293;23842.33333333333;2024-06-01T14:00:00+02:00
1293;22730.0;2024-06-01T15:00:00+02:00
1293;22167.66666666667;2024-06-01T16:00:00+02:00
1293;22582.08333333333;2024-06-01T17:00:00+02:00
1293;23451.08333333333;2024-06-01T18:00:00+02:00
1293;24901.58333333333;2024-06-01T19:00:00+02:00
1293;25761.25;2024-06-01T20:00:00+02:00
1293;26354.33333333333;2024-06-01T21:00:00+02:00
1293;25629.33333333333;2024-06-01T22:00:00+02:00
1293;23959.41666666667;2024-06-01T23:00:00+02:00
1293;22581.08333333333;2024-06-02T00:00:00+02:00
1293;21344.33333333333;2024-06-02T01:00:00+02:00
1293;20334.33333333333;2024-06-02T02:00:00+02:00
1293;19808.08333333333;2024-06-02T03:00:00+02:00
1293;19431.5;2024-06-02T04:00:00+02:00
1293;19255.0;2024-06-02T05:00:00+02:00
1293;19458.66666666667;2024-06-02T06:00:00+02:00
1293;19357.16666666667;2024-06-02T07:00:00+02:00
1293;20001.25;2024-06-02T08:00:00+02:00
1293;20521.58333333333;2024-06-02T09:00:00+02:00
1293;21249.16666666667;2024-06-02T10:00:00+02:00
1293;21162.83333333333;2024-06-02T11:00:00+02:00
1293;21520.58333333333;2024-06-02T12:00:00+02:00
1293;21838.0;2024-06-02T13:00:00+02:00
1293;21706.08333333333;2024-06-02T14:00:00+02:00
1293;20748.16666666667;2024-06-02T15:00:00+02:00
1293;20394.91666666667;2024-06-02T16:00:00+02:00
1293;20834.08333333333;2024-06-02T17:00:00+02:00
1293;22097.58333333333;2024-06-02T18:00:00+02:00
1293;23434.33333333333;2024-06-02T19:00:00+02:00
1293;24933.5;2024-06-02T20:00:00+02:00
1293;26299.25;2024-06-02T21:00:00+02:00
1293;26390.58333333333;2024-06-02T22:00:00+02:00
1293;24581.41666666667;2024-06-02T23:00:00+02:00
1293;22781.33333333333;2024-06-03T00:00:00+02:00
1293;21526.75;2024-06-03T01:00:00+02:00
1293;20694.75;2024-06-03T02:00:00+02:00
1293;20433.58333333333;2024-06-03T03:00:00+02:00
1293;20432.25;2024-06-03T04:00:00+02:00
1293;21064.66666666667;2024-06-03T05:00:00+02:00
1293;23389.0;2024-06-03T06:00:00+02:00
1293;25943.5;2024-06-03T07:00:00+02:00
1293;27565.66666666667;2024-06-03T08:00:00+02:00
1293;27739.08333333333;2024-06-03T09:00:00+02:00
1293;27632.5;2024-06-03T10:00:00+02:00
1293;27743.66666666667;2024-06-03T11:00:00+02:00
1293;27850.0;2024-06-03T12:00:00+02:00
1293;28235.83333333333;2024-06-03T13:00:00+02:00
1293;28011.0;2024-06-03T14:00:00+02:00
1293;27400.91666666667;2024-06-03T15:00:00+02:00
1293;27064.41666666667;2024-06-03T16:00:00+02:00
1293;27381.0;2024-06-03T17:00:00+02:00
1293;27708.33333333333;2024-06-03T18:00:00+02:00
1293;28527.83333333333;2024-06-03T19:00:00+02:00
1293;29393.83333333333;2024-06-03T20:00:00+02:00
1293;29688.41666666667;2024-06-03T21:00:00+02:00
1293;28488.5;2024-06-03T22:00:00+02:00
1293;25953.16666666667;2024-06-03T23:00:00+02:00
1293;24721.0;2024-06-04T00:00:00+02:00
1293;23515.33333333333;2024-06-04T01:00:00+02:00
1293;22530.25;2024-06-04T02:00:00+02:00
1293;22025.58333333333;2024-06-04T03:00:00+02:00
1293;21920.41666666667;2024-06-04T04:00:00+02:00
1293;22200.0;2024-06-04T05:00:00+02:00
1293;23892.66666666667;2024-06-04T06:00:00+02:00
1293;26172.16666666667;2024-06-04T07:00:00+02:00
1293;27575.91666666667;2024-06-04T08:00:00+02:00
1293;27480.75;2024-06-04T09:00:00+02:00
1293;27427.16666666667;2024-06-04T10:00:00+02:00
1293;27440.25;2024-06-04T11:00:00+02:00
1293;27771.58333333333;2024-06-04T12:00:00+02:00
1293;28077.33333333333;2024-06-04T13:00:00+02:00
1293;27903.91666666667;2024-06-04T14:00:00+02:00
1293;27467.5;2024-06-04T15:00:00+02:00
1293;27580.5;2024-06-04T16:00:00+02:00
1293;28085.33333333333;2024-06-04T17:00:00+02:00
1293;28190.0;2024-06-04T18:00:00+02:00
1293;28860.25;2024-06-04T19:00:00+02:00
1293;29708.91666666667;2024-06-04T20:00:00+02:00
1293;30088.91666666667;2024-06-04T21:00:00+02:00
1293;28606.91666666667;2024-06-04T22:00:00+02:00
1293;26152.58333333333;2024-06-04T23:00:00+02:00
1293;24678.83333333333;2024-06-05T00:00:00+02:00
1293;23547.16666666667;2024-06-05T01:00:00+02:00
1293;22693.0;2024-06-05T02:00:00+02:00
1293;22164.75;2024-06-05T03:00:00+02:00
1293;22042.91666666667;2024-06-05T04:00:00+02:00
1293;22498.08333333333;2024-06-05T05:00:00+02:00
1293;24387.25;2024-06-05T06:00:00+02:00
1293;26722.66666666667;2024-06-05T07:00:00+02:00
1293;28092.83333333333;2024-06-05T08:00:00+02:00
1293;28353.0;2024-06-05T09:00:00+02:00
1293;28453.08333333333;2024-06-05T10:00:00+02:00
1293;28553.25;2024-06-05T11:00:00+02:00
1293;28796.0;2024-06-05T12:00:00+02:00
1293;29103.16666666667;2024-06-05T13:00:00+02:00
1293;28681.5;2024-06-05T14:00:00+02:00
1293;28255.5;2024-06-05T15:00:00+02:00
1293;28238.41666666667;2024-06-05T16:00:00+02:00
1293;28853.16666666667;2024-06-05T17:00:00+02:00
1293;29350.5;2024-06-05T18:00:00+02:00
1293;29989.5;2024-06-05T19:00:00+02:00
1293;30505.5;2024-06-05T20:00:00+02:00
1293;30752.91666666667;2024-06-05T21:00:00+02:00
1293;29369.91666666667;2024-06-05T22:00:00+02:00
1293;27008.91666666667;2024-06-05T23:00:00+02:00
1293;25442.83333333333;2024-06-06T00:00:00+02:00
1293;24109.75;2024-06-06T01:00:00+02:00
1293;22975.58333333333;2024-06-06T02:00:00+02:00
1293;22618.91666666667;2024-06-06T03:00:00+02:00
1293;22430.16666666667;2024-06-06T04:00:00+02:00
1293;22783.66666666667;2024-06-06T05:00:00+02:00
1293;24655.5;2024-06-06T06:00:00+02:00
1293;26918.41666666667;2024-06-06T07:00:00+02:00
1293;28240.66666666667;2024-06-06T08:00:00+02:00
1293;28701.0;2024-06-06T09:00:00+02:00
1293;28961.0;2024-06-06T10:00:00+02:00
1293;29031.75;2024-06-06T11:00:00+02:00
1293;29481.91666666667;2024-06-06T12:00:00+02:00
1293;30024.0;2024-06-06T13:00:00+02:00
1293;29815.83333333333;2024-06-06T14:00:00+02:00
1293;29264.5;2024-06-06T15:00:00+02:00
1293;29154.25;2024-06-06T16:00:00+02:00
1293;29612.66666666667;2024-06-06T17:00:00+02:00
1293;30052.41666666667;2024-06-06T18:00:00+02:00
1293;30575.16666666667;2024-06-06T19:00:00+02:00
1293;31214.41666666667;2024-06-06T20:00:00+02:00
1293;31243.08333333333;2024-06-06T21:00:00+02:00
1293;29932.83333333333;2024-06-06T22:00:00+02:00
1293;27354.08333333333;2024-06-06T23:00:00+02:00
1293;25746.66666666667;2024-06-07T00:00:00+02:00
1293;24317.5;2024-06-07T01:00:00+02:00
1293;23372.08333333333;2024-06-07T02:00:00+02:00
1293;22966.0;2024-06-07T03:00:00+02:00
1293;22743.66666666667;2024-06-07T04:00:00+02:00
1293;23008.58333333333;2024-06-07T05:00:00+02:00
1293;24943.75;2024-06-07T06:00:00+02:00
1293;27325.08333333333;2024-06-07T07:00:00+02:00
1293;28736.5;2024-06-07T08:00:00+02:00
1293;29291.66666666667;2024-06-07T09:00:00+02:00
1293;29629.58333333333;2024-06-07T10:00:00+02:00
1293;29717.41666666667;2024-06-07T11:00:00+02:00
1293;29908.83333333333;2024-06-07T12:00:00+02:00
1293;30290.58333333333;2024-06-07T13:00:00+02:00
1293;29819.75;2024-06-07T14:00:00+02:00
1293;29193.58333333333;2024-06-07T15:00:00+02:00
1293;28869.58333333333;2024-06-07T16:00:00+02:00
1293;29264.33333333333;2024-06-07T17:00:00+02:00
1293;29544.41666666667;2024-06-07T18:00:00+02:00
1293;29820.66666666667;2024-06-07T19:00:00+02:00
1293;29824.16666666667;2024-06-07T20:00:00+02:00
1293;29874.08333333333;2024-06-07T21:00:00+02:00
1293;28632.25;2024-06-07T22:00:00+02:00
1293;26374.41666666667;2024-06-07T23:00:00+02:00
1293;25069.41666666667;2024-06-08T00:00:00+02:00
1293;23850.41666666667;2024-06-08T01:00:00+02:00
1293;22678.08333333333;2024-06-08T02:00:00+02:00
1293;22035.83333333333;2024-06-08T03:00:00+02:00
1293;21689.25;2024-06-08T04:00:00+02:00
1293;21510.25;2024-06-08T05:00:00+02:00
1293;21645.91666666667;2024-06-08T06:00:00+02:00
1293;22061.58333333333;2024-06-08T07:00:00+02:00
1293;23178.83333333333;2024-06-08T08:00:00+02:00
1293;24670.0;2024-06-08T09:00:00+02:00
1293;25654.33333333333;2024-06-08T10:00:00+02:00
1293;25802.75;2024-06-08T11:00:00+02:00
1293;25749.25;2024-06-08T12:00:00+02:00
1293;26025.5;2024-06-08T13:00:00+02:00
1293;25843.66666666667;2024-06-08T14:00:00+02:00
1293;24691.0;2024-06-08T15:00:00+02:00
1293;23912.91666666667;2024-06-08T16:00:00+02:00
1293;23856.0;2024-06-08T17:00:00+02:00
1293;24458.0;2024-06-08T18:00:00+02:00
1293;24959.58333333333;2024-06-08T19:00:00+02:00
1293;25516.33333333333;2024-06-08T20:00:00+02:00
1293;26182.91666666667;2024-06-08T21:00:00+02:00
1293;25657.0;2024-06-08T22:00:00+02:00
1293;23849.66666666667;2024-06-08T23:00:00+02:00
1293;22561.83333333333;2024-06-09T00:00:00+02:00
1293;21296.91666666667;2024-06-09T01:00:00+02:00
1293;20391.16666666667;2024-06-09T02:00:00+02:00
1293;19957.33333333333;2024-06-09T03:00:00+02:00
1293;19433.83333333333;2024-06-09T04:00:00+02:00
1293;19359.91666666667;2024-06-09T05:00:00+02:00
1293;19460.25;2024-06-09T06:00:00+02:00
1293;19404.25;2024-06-09T07:00:00+02:00
1293;19951.66666666667;2024-06-09T08:00:00+02:00
1293;20698.5;2024-06-09T09:00:00+02:00
1293;21543.75;2024-06-09T10:00:00+02:00
1293;21700.91666666667;2024-06-09T11:00:00+02:00
1293;21838.33333333333;2024-06-09T12:00:00+02:00
1293;22500.91666666667;2024-06-09T13:00:00+02:00
1293;22535.41666666667;2024-06-09T14:00:00+02:00
1293;21170.91666666667;2024-06-09T15:00:00+02:00
1293;20598.75;2024-06-09T16:00:00+02:00
1293;21012.91666666667;2024-06-09T17:00:00+02:00
1293;22017.16666666667;2024-06-09T18:00:00+02:00
1293;22889.33333333333;2024-06-09T19:00:00+02:00
1293;24137.33333333333;2024-06-09T20:00:00+02:00
1293;25545.66666666667;2024-06-09T21:00:00+02:00
1293;26027.08333333333;2024-06-09T22:00:00+02:00
1293;24253.75;2024-06-09T23:00:00+02:00
1293;22660.0;2024-06-10T00:00:00+02:00
1293;21496.83333333333;2024-06-10T01:00:00+02:00
1293;20701.58333333333;2024-06-10T02:00:00+02:00
1293;20373.25;2024-06-10T03:00:00+02:00
1293;20277.5;2024-06-10T04:00:00+02:00
1293;20841.25;2024-06-10T05:00:00+02:00
1293;23230.08333333333;2024-06-10T06:00:00+02:00
1293;25905.83333333333;2024-06-10T07:00:00+02:00
1293;27601.75;2024-06-10T08:00:00+02:00
1293;28288.25;2024-06-10T09:00:00+02:00
1293;28446.5;2024-06-10T10:00:00+02:00
1293;28342.5;2024-06-10T11:00:00+02:00
1293;28457.41666666667;2024-06-10T12:00:00+02:00
1293;28404.66666666667;2024-06-10T13:00:00+02:00
1293;28005.16666666667;2024-06-10T14:00:00+02:00
1293;26973.83333333333;2024-06-10T15:00:00+02:00
1293;26682.16666666667;2024-06-10T16:00:00+02:00
1293;27112.16666666667;2024-06-10T17:00:00+02:00
1293;27286.0;2024-06-10T18:00:00+02:00
1293;27831.08333333333;2024-06-10T19:00:00+02:00
1293;28687.33333333333;2024-06-10T20:00:00+02:00
1293;29058.5;2024-06-10T21:00:00+02:00
1293;27887.16666666667;2024-06-10T22:00:00+02:00
1293;25466.33333333333;2024-06-10T23:00:00+02:00
1293;23883.5;2024-06-11T00:00:00+02:00
1293;22676.83333333333;2024-06-11T01:00:00+02:00
1293;21868.66666666667;2024-06-11T02:00:00+02:00
1293;21418.91666666667;2024-06-11T03:00:00+02:00
1293;21430.41666666667;2024-06-11T04:00:00+02:00
1293;21874.91666666667;2024-06-11T05:00:00+02:00
1293;23754.83333333333;2024-06-11T06:00:00+02:00
1293;26346.25;2024-06-11T07:00:00+02:00
1293;27933.5;2024-06-11T08:00:00+02:00
1293;28402.33333333333;2024-06-11T09:00:00+02:00
1293;28337.91666666667;2024-06-11T10:00:00+02:00
1293;28493.16666666667;2024-06-11T11:00:00+02:00
1293;28585.0;2024-06-11T12:00:00+02:00
1293;28494.5;2024-06-11T13:00:00+02:00
1293;27903.08333333333;2024-06-11T14:00:00+02:00
1293;26929.91666666667;2024-06-11T15:00:00+02:00
1293;26704.25;2024-06-11T16:00:00+02:00
1293;27102.58333333333;2024-06-11T17:00:00+02:00
1293;27307.58333333333;2024-06-11T18:00:00+02:00
1293;27828.41666666667;2024-06-11T19:00:00+02:00
1293;28635.33333333333;2024-06-11T20:00:00+02:00
1293;29018.66666666667;2024-06-11T21:00:00+02:00
1293;27945.08333333333;2024-06-11T22:00:00+02:00
1293;25450.83333333333;2024-06-11T23:00:00+02:00
1293;23830.58333333333;2024-06-12T00:00:00+02:00
1293;22696.91666666667;2024-06-12T01:00:00+02:00
1293;21927.5;2024-06-12T02:00:00+02:00
1293;21449.66666666667;2024-06-12T03:00:00+02:00
1293;21420.41666666667;2024-06-12T04:00:00+02:00
1293;21819.58333333333;2024-06-12T05:00:00+02:00
1293;23688.83333333333;2024-06-12T06:00:00+02:00
1293;26085.33333333333;2024-06-12T07:00:00+02:00
1293;27418.66666666667;2024-06-12T08:00:00+02:00
1293;27820.91666666667;2024-06-12T09:00:00+02:00
1293;27860.66666666667;2024-06-12T10:00:00+02:00
1293;27662.33333333333;2024-06-12T11:00:00+02:00
1293;27830.75;2024-06-12T12:00:00+02:00
1293;28133.08333333333;2024-06-12T13:00:00+02:00
1293;27712.16666666667;2024-06-12T14:00:00+02:00
1293;27294.5;2024-06-12T15:00:00+02:00
1293;26805.75;2024-06-12T16:00:00+02:00
1293;26481.41666666667;2024-06-12T17:00:00+02:00
1293;26937.83333333333;2024-06-12T18:00:00+02:00
1293;27590.91666666667;2024-06-12T19:00:00+02:00
1293;28632.66666666667;2024-06-12T20:00:00+02:00
1293;29069.33333333333;2024-06-12T21:00:00+02:00
1293;27837.58333333333;2024-06-12T22:00:00+02:00
1293;25412.25;2024-06-12T23:00:00+02:00
1293;23797.83333333333;2024-06-13T00:00:00+02:00
1293;22638.75;2024-06-13T01:00:00+02:00
1293;21651.83333333333;2024-06-13T02:00:00+02:00
1293;21203.33333333333;2024-06-13T03:00:00+02:00
1293;21141.08333333333;2024-06-13T04:00:00+02:00
1293;21457.25;2024-06-13T05:00:00+02:00
1293;23266.75;2024-06-13T06:00:00+02:00
1293;25572.58333333333;2024-06-13T07:00:00+02:00
1293;26932.0;2024-06-13T08:00:00+02:00
1293;26774.25;2024-06-13T09:00:00+02:00
1293;26264.41666666667;2024-06-13T10:00:00+02:00
1293;26155.33333333333;2024-06-13T11:00:00+02:00
1293;26218.0;2024-06-13T12:00:00+02:00
1293;26375.08333333333;2024-06-13T13:00:00+02:00
1293;25901.66666666667;2024-06-13T14:00:00+02:00
1293;25189.16666666667;2024-06-13T15:00:00+02:00
1293;25052.0;2024-06-13T16:00:00+02:00
1293;26204.83333333333;2024-06-13T17:00:00+02:00
1293;26796.83333333333;2024-06-13T18:00:00+02:00
1293;27936.58333333333;2024-06-13T19:00:00+02:00
1293;28910.75;2024-06-13T20:00:00+02:00
1293;29226.08333333333;2024-06-13T21:00:00+02:00
1293;28208.25;2024-06-13T22:00:00+02:00
1293;25855.58333333333;2024-06-13T23:00:00+02:00
1293;24280.25;2024-06-14T00:00:00+02:00
1293;22929.75;2024-06-14T01:00:00+02:00
1293;22160.16666666667;2024-06-14T02:00:00+02:00
1293;21704.75;2024-06-14T03:00:00+02:00
1293;21568.25;2024-06-14T04:00:00+02:00
1293;21874.08333333333;2024-06-14T05:00:00+02:00
1293;23868.25;2024-06-14T06:00:00+02:00
1293;26166.91666666667;2024-06-14T07:00:00+02:00
1293;27545.16666666667;2024-06-14T08:00:00+02:00
1293;27922.41666666667;2024-06-14T09:00:00+02:00
1293;27696.25;2024-06-14T10:00:00+02:00
1293;27726.83333333333;2024-06-14T11:00:00+02:00
1293;28088.5;2024-06-14T12:00:00+02:00
1293;28472.58333333333;2024-06-14T13:00:00+02:00
1293;27991.91666666667;2024-06-14T14:00:00+02:00
1293;27091.16666666667;2024-06-14T15:00:00+02:00
1293;26877.41666666667;2024-06-14T16:00:00+02:00
1293;27383.0;2024-06-14T17:00:00+02:00
1293;28000.33333333333;2024-06-14T18:00:00+02:00
1293;28565.5;2024-06-14T19:00:00+02:00
1293;29090.91666666667;2024-06-14T20:00:00+02:00
1293;29108.83333333333;2024-06-14T21:00:00+02:00
1293;28226.83333333333;2024-06-14T22:00:00+02:00
1293;26139.58333333333;2024-06-14T23:00:00+02:00
1293;24654.83333333333;2024-06-15T00:00:00+02:00
1293;23323.08333333333;2024-06-15T01:00:00+02:00
1293;22170.75;2024-06-15T02:00:00+02:00
1293;21379.66666666667;2024-06-15T03:00:00+02:00
1293;20933.91666666667;2024-06-15T04:00:00+02:00
1293;20696.0;2024-06-15T05:00:00+02:00
1293;20941.66666666667;2024-06-15T06:00:00+02:00
1293;21322.83333333333;2024-06-15T07:00:00+02:00
1293;22462.66666666667;2024-06-15T08:00:00+02:00
1293;23725.58333333333;2024-06-15T09:00:00+02:00
1293;24149.75;2024-06-15T10:00:00+02:00
1293;23952.41666666667;2024-06-15T11:00:00+02:00
1293;23798.41666666667;2024-06-15T12:00:00+02:00
1293;23919.0;2024-06-15T13:00:00+02:00
1293;23336.0;2024-06-15T14:00:00+02:00
1293;22182.33333333333;2024-06-15T15:00:00+02:00
1293;21760.41666666667;2024-06-15T16:00:00+02:00
1293;22306.5;2024-06-15T17:00:00+02:00
1293;23512.0;2024-06-15T18:00:00+02:00
1293;24511.25;2024-06-15T19:00:00+02:00
1293;25221.66666666667;2024-06-15T20:00:00+02:00
1293;25835.16666666667;2024-06-15T21:00:00+02:00
1293;25608.16666666667;2024-06-15T22:00:00+02:00
1293;23932.41666666667;2024-06-15T23:00:00+02:00
1293;22381.58333333333;2024-06-16T00:00:00+02:00
1293;20991.16666666667;2024-06-16T01:00:00+02:00
1293;20099.0;2024-06-16T02:00:00+02:00
1293;19534.83333333333;2024-06-16T03:00:00+02:00
1293;19197.08333333333;2024-06-16T04:00:00+02:00
1293;19096.25;2024-06-16T05:00:00+02:00
1293;19215.33333333333;2024-06-16T06:00:00+02:00
1293;19072.58333333333;2024-06-16T07:00:00+02:00
1293;19176.83333333333;2024-06-16T08:00:00+02:00
1293;19352.16666666667;2024-06-16T09:00:00+02:00
1293;19479.25;2024-06-16T10:00:00+02:00
1293;20567.25;2024-06-16T11:00:00+02:00
1293;20871.25;2024-06-16T12:00:00+02:00
1293;21297.0;2024-06-16T13:00:00+02:00
1293;21347.58333333333;2024-06-16T14:00:00+02:00
1293;20448.08333333333;2024-06-16T15:00:00+02:00
1293;20136.66666666667;2024-06-16T16:00:00+02:00
1293;20889.08333333333;2024-06-16T17:00:00+02:00
1293;22039.83333333333;2024-06-16T18:00:00+02:00
1293;23317.83333333333;2024-06-16T19:00:00+02:00
1293;24597.0;2024-06-16T20:00:00+02:00
1293;25905.25;2024-06-16T21:00:00+02:00
1293;26371.83333333333;2024-06-16T22:00:00+02:00
1293;24519.66666666667;2024-06-16T23:00:00+02:00
1293;22706.83333333333;2024-06-17T00:00:00+02:00
1293;21362.0;2024-06-17T01:00:00+02:00
1293;20579.41666666667;2024-06-17T02:00:00+02:00
1293;20261.25;2024-06-17T03:00:00+02:00
1293;20339.91666666667;2024-06-17T04:00:00+02:00
1293;20860.58333333333;2024-06-17T05:00:00+02:00
1293;23299.83333333333;2024-06-17T06:00:00+02:00
1293;26107.75;2024-06-17T07:00:00+02:00
1293;27482.08333333333;2024-06-17T08:00:00+02:00
1293;28305.33333333333;2024-06-17T09:00:00+02:00
1293;28412.0;2024-06-17T10:00:00+02:00
1293;28336.16666666667;2024-06-17T11:00:00+02:00
1293;28652.83333333333;2024-06-17T12:00:00+02:00
1293;28804.75;2024-06-17T13:00:00+02:00
1293;28583.25;2024-06-17T14:00:00+02:00
1293;27870.16666666667;2024-06-17T15:00:00+02:00
1293;27952.91666666667;2024-06-17T16:00:00+02:00
1293;28722.25;2024-06-17T17:00:00+02:00
1293;28914.5;2024-06-17T18:00:00+02:00
1293;29613.58333333333;2024-06-17T19:00:00+02:00
1293;30472.66666666667;2024-06-17T20:00:00+02:00
1293;30534.41666666667;2024-06-17T21:00:00+02:00
1293;29265.5;2024-06-17T22:00:00+02:00
1293;26891.08333333333;2024-06-17T23:00:00+02:00
1293;25381.0;2024-06-18T00:00:00+02:00
1293;24078.66666666667;2024-06-18T01:00:00+02:00
1293;23225.41666666667;2024-06-18T02:00:00+02:00
1293;22768.33333333333;2024-06-18T03:00:00+02:00
1293;22411.5;2024-06-18T04:00:00+02:00
1293;22790.75;2024-06-18T05:00:00+02:00
1293;24435.5;2024-06-18T06:00:00+02:00
1293;26739.75;2024-06-18T07:00:00+02:00
1293;28254.5;2024-06-18T08:00:00+02:00
1293;28915.08333333333;2024-06-18T09:00:00+02:00
1293;29116.66666666667;2024-06-18T10:00:00+02:00
1293;29066.33333333333;2024-06-18T11:00:00+02:00
1293;29094.25;2024-06-18T12:00:00+02:00
1293;29420.41666666667;2024-06-18T13:00:00+02:00
1293;28919.16666666667;2024-06-18T14:00:00+02:00
1293;28377.5;2024-06-18T15:00:00+02:00
1293;28220.66666666667;2024-06-18T16:00:00+02:00
1293;28675.0;2024-06-18T17:00:00+02:00
1293;28937.25;2024-06-18T18:00:00+02:00
1293;29349.08333333333;2024-06-18T19:00:00+02:00
1293;29908.08333333333;2024-06-18T20:00:00+02:00
1293;30145.66666666667;2024-06-18T21:00:00+02:00
1293;29019.58333333333;2024-06-18T22:00:00+02:00
1293;26664.25;2024-06-18T23:00:00+02:00
1293;25009.5;2024-06-19T00:00:00+02:00
1293;23726.5;2024-06-19T01:00:00+02:00
1293;22750.91666666667;2024-06-19T02:00:00+02:00
1293;22313.25;2024-06-19T03:00:00+02:00
1293;22160.08333333333;2024-06-19T04:00:00+02:00
1293;22614.16666666667;2024-06-19T05:00:00+02:00
1293;24433.91666666667;2024-06-19T06:00:00+02:00
1293;26732.08333333333;2024-06-19T07:00:00+02:00
1293;28028.91666666667;2024-06-19T08:00:00+02:00
1293;28388.33333333333;2024-06-19T09:00:00+02:00
1293;28387.75;2024-06-19T10:00:00+02:00
1293;28418.58333333333;2024-06-19T11:00:00+02:00
1293;28687.58333333333;2024-06-19T12:00:00+02:00
1293;29127.83333333333;2024-06-19T13:00:00+02:00
1293;28698.25;2024-06-19T14:00:00+02:00
1293;28063.08333333333;2024-06-19T15:00:00+02:00
1293;27828.66666666667;2024-06-19T16:00:00+02:00
1293;28138.41666666667;2024-06-19T17:00:00+02:00
1293;28220.25;2024-06-19T18:00:00+02:00
1293;28699.5;2024-06-19T19:00:00+02:00
1293;29378.33333333333;2024-06-19T20:00:00+02:00
1293;29607.0;2024-06-19T21:00:00+02:00
1293;28603.5;2024-06-19T22:00:00+02:00
1293;26133.08333333333;2024-06-19T23:00:00+02:00
1293;24560.33333333333;2024-06-20T00:00:00+02:00
1293;23351.41666666667;2024-06-20T01:00:00+02:00
1293;22479.08333333333;2024-06-20T02:00:00+02:00
1293;22075.33333333333;2024-06-20T03:00:00+02:00
1293;21842.08333333333;2024-06-20T04:00:00+02:00
1293;22309.33333333333;2024-06-20T05:00:00+02:00
1293;24158.91666666667;2024-06-20T06:00:00+02:00
1293;26417.33333333333;2024-06-20T07:00:00+02:00
1293;27877.0;2024-06-20T08:00:00+02:00
1293;28230.83333333333;2024-06-20T09:00:00+02:00
1293;28629.25;2024-06-20T10:00:00+02:00
1293;28670.83333333333;2024-06-20T11:00:00+02:00
1293;28738.91666666667;2024-06-20T12:00:00+02:00
1293;29007.91666666667;2024-06-20T13:00:00+02:00
1293;28349.91666666667;2024-06-20T14:00:00+02:00
1293;27443.5;2024-06-20T15:00:00+02:00
1293;27053.83333333333;2024-06-20T16:00:00+02:00
1293;27144.41666666667;2024-06-20T17:00:00+02:00
1293;27235.25;2024-06-20T18:00:00+02:00
1293;27730.41666666667;2024-06-20T19:00:00+02:00
1293;28817.0;2024-06-20T20:00:00+02:00
1293;29111.41666666667;2024-06-20T21:00:00+02:00
1293;28174.91666666667;2024-06-20T22:00:00+02:00
1293;26034.33333333333;2024-06-20T23:00:00+02:00
1293;24581.41666666667;2024-06-21T00:00:00+02:00
1293;23270.08333333333;2024-06-21T01:00:00+02:00
1293;22326.91666666667;2024-06-21T02:00:00+02:00
1293;21838.58333333333;2024-06-21T03:00:00+02:00
1293;21695.75;2024-06-21T04:00:00+02:00
1293;22004.91666666667;2024-06-21T05:00:00+02:00
1293;23757.66666666667;2024-06-21T06:00:00+02:00
1293;25877.83333333333;2024-06-21T07:00:00+02:00
1293;27035.16666666667;2024-06-21T08:00:00+02:00
1293;27359.16666666667;2024-06-21T09:00:00+02:00
1293;27414.75;2024-06-21T10:00:00+02:00
1293;27538.16666666667;2024-06-21T11:00:00+02:00
1293;27537.58333333333;2024-06-21T12:00:00+02:00
1293;27607.75;2024-06-21T13:00:00+02:00
1293;27194.16666666667;2024-06-21T14:00:00+02:00
1293;26445.5;2024-06-21T15:00:00+02:00
1293;26166.75;2024-06-21T16:00:00+02:00
1293;26679.16666666667;2024-06-21T17:00:00+02:00
1293;27290.25;2024-06-21T18:00:00+02:00
1293;27981.16666666667;2024-06-21T19:00:00+02:00
1293;28422.75;2024-06-21T20:00:00+02:00
1293;28400.5;2024-06-21T21:00:00+02:00
1293;27561.33333333333;2024-06-21T22:00:00+02:00
1293;25705.33333333333;2024-06-21T23:00:00+02:00
1293;24284.33333333333;2024-06-22T00:00:00+02:00
1293;22942.16666666667;2024-06-22T01:00:00+02:00
1293;21855.75;2024-06-22T02:00:00+02:00
1293;21201.66666666667;2024-06-22T03:00:00+02:00
1293;20748.58333333333;2024-06-22T04:00:00+02:00
1293;20556.08333333333;2024-06-22T05:00:00+02:00
1293;20745.66666666667;2024-06-22T06:00:00+02:00
1293;21089.16666666667;2024-06-22T07:00:00+02:00
1293;22029.16666666667;2024-06-22T08:00:00+02:00
1293;23036.16666666667;2024-06-22T09:00:00+02:00
1293;24115.83333333333;2024-06-22T10:00:00+02:00
1293;24335.08333333333;2024-06-22T11:00:00+02:00
1293;24362.25;2024-06-22T12:00:00+02:00
1293;24831.16666666667;2024-06-22T13:00:00+02:00
1293;24801.25;2024-06-22T14:00:00+02:00
1293;24084.75;2024-06-22T15:00:00+02:00
1293;23733.83333333333;2024-06-22T16:00:00+02:00
1293;24078.25;2024-06-22T17:00:00+02:00
1293;24689.66666666667;2024-06-22T18:00:00+02:00
1293;25283.91666666667;2024-06-22T19:00:00+02:00
1293;25757.83333333333;2024-06-22T20:00:00+02:00
1293;26236.41666666667;2024-06-22T21:00:00+02:00
1293;25904.66666666667;2024-06-22T22:00:00+02:00
1293;24302.25;2024-06-22T23:00:00+02:00
1293;22630.91666666667;2024-06-23T00:00:00+02:00
1293;21345.08333333333;2024-06-23T01:00:00+02:00
1293;20418.33333333333;2024-06-23T02:00:00+02:00
1293;19892.5;2024-06-23T03:00:00+02:00
1293;19421.58333333333;2024-06-23T04:00:00+02:00
1293;19292.41666666667;2024-06-23T05:00:00+02:00
1293;19312.5;2024-06-23T06:00:00+02:00
1293;19226.75;2024-06-23T07:00:00+02:00
1293;19789.58333333333;2024-06-23T08:00:00+02:00
1293;20787.58333333333;2024-06-23T09:00:00+02:00
1293;21373.5;2024-06-23T10:00:00+02:00
1293;21663.33333333333;2024-06-23T11:00:00+02:00
1293;21875.08333333333;2024-06-23T12:00:00+02:00
1293;22169.16666666667;2024-06-23T13:00:00+02:00
1293;22380.0;2024-06-23T14:00:00+02:00
1293;21468.41666666667;2024-06-23T15:00:00+02:00
1293;21234.5;2024-06-23T16:00:00+02:00
1293;21648.08333333333;2024-06-23T17:00:00+02:00
1293;22621.16666666667;2024-06-23T18:00:00+02:00
1293;23938.16666666667;2024-06-23T19:00:00+02:00
1293;24880.91666666667;2024-06-23T20:00:00+02:00
1293;25589.58333333333;2024-06-23T21:00:00+02:00
1293;25872.83333333333;2024-06-23T22:00:00+02:00
1293;24276.83333333333;2024-06-23T23:00:00+02:00
1293;22759.33333333333;2024-06-24T00:00:00+02:00
1293;21764.41666666667;2024-06-24T01:00:00+02:00
1293;20999.91666666667;2024-06-24T02:00:00+02:00
1293;20493.91666666667;2024-06-24T03:00:00+02:00
1293;20396.08333333333;2024-06-24T04:00:00+02:00
1293;20720.0;2024-06-24T05:00:00+02:00
1293;22185.0;2024-06-24T06:00:00+02:00
1293;23666.5;2024-06-24T07:00:00+02:00
1293;24877.08333333333;2024-06-24T08:00:00+02:00
1293;25958.58333333333;2024-06-24T09:00:00+02:00
1293;26529.0;2024-06-24T10:00:00+02:00
1293;26535.25;2024-06-24T11:00:00+02:00
1293;26748.16666666667;2024-06-24T12:00:00+02:00
1293;27392.25;2024-06-24T13:00:00+02:00
1293;27268.0;2024-06-24T14:00:00+02:00
1293;26375.33333333333;2024-06-24T15:00:00+02:00
1293;25989.0;2024-06-24T16:00:00+02:00
1293;26544.25;2024-06-24T17:00:00+02:00
1293;27249.58333333333;2024-06-24T18:00:00+02:00
1293;28060.91666666667;2024-06-24T19:00:00+02:00
1293;28961.08333333333;2024-06-24T20:00:00+02:00
1293;29264.66666666667;2024-06-24T21:00:00+02:00
1293;28679.58333333333;2024-06-24T22:00:00+02:00
1293;26754.75;2024-06-24T23:00:00+02:00
1293;25177.33333333333;2024-06-25T00:00:00+02:00
1293;23718.58333333333;2024-06-25T01:00:00+02:00
1293;22685.91666666667;2024-06-25T02:00:00+02:00
1293;22269.08333333333;2024-06-25T03:00:00+02:00
1293;22154.25;2024-06-25T04:00:00+02:00
1293;22520.5;2024-06-25T05:00:00+02:00
1293;24464.91666666667;2024-06-25T06:00:00+02:00
1293;26750.83333333333;2024-06-25T07:00:00+02:00
1293;28354.16666666667;2024-06-25T08:00:00+02:00
1293;29363.66666666667;2024-06-25T09:00:00+02:00
1293;29622.91666666667;2024-06-25T10:00:00+02:00
1293;29870.5;2024-06-25T11:00:00+02:00
1293;30227.0;2024-06-25T12:00:00+02:00
1293;30565.5;2024-06-25T13:00:00+02:00
1293;30528.58333333333;2024-06-25T14:00:00+02:00
1293;30219.75;2024-06-25T15:00:00+02:00
1293;30131.91666666667;2024-06-25T16:00:00+02:00
1293;30603.83333333333;2024-06-25T17:00:00+02:00
1293;30793.83333333333;2024-06-25T18:00:00+02:00
1293;31050.66666666667;2024-06-25T19:00:00+02:00
1293;31318.58333333333;2024-06-25T20:00:00+02:00
1293;31425.83333333333;2024-06-25T21:00:00+02:00
1293;30475.25;2024-06-25T22:00:00+02:00
1293;28222.08333333333;2024-06-25T23:00:00+02:00
1293;26531.25;2024-06-26T00:00:00+02:00
1293;25105.16666666667;2024-06-26T01:00:00+02:00
1293;24014.83333333333;2024-06-26T02:00:00+02:00
1293;23502.08333333333;2024-06-26T03:00:00+02:00
1293;23327.58333333333;2024-06-26T04:00:00+02:00
1293;23530.41666666667;2024-06-26T05:00:00+02:00
1293;25206.0;2024-06-26T06:00:00+02:00
1293;27372.25;2024-06-26T07:00:00+02:00
1293;28834.58333333333;2024-06-26T08:00:00+02:00
1293;29677.41666666667;2024-06-26T09:00:00+02:00
1293;29957.75;2024-06-26T10:00:00+02:00
1293;30208.75;2024-06-26T11:00:00+02:00
1293;30257.66666666667;2024-06-26T12:00:00+02:00
1293;30748.66666666667;2024-06-26T13:00:00+02:00
1293;30598.91666666667;2024-06-26T14:00:00+02:00
1293;30173.08333333333;2024-06-26T15:00:00+02:00
1293;29871.83333333333;2024-06-26T16:00:00+02:00
1293;30104.5;2024-06-26T17:00:00+02:00
1293;30183.66666666667;2024-06-26T18:00:00+02:00
1293;30376.0;2024-06-26T19:00:00+02:00
1293;30861.33333333333;2024-06-26T20:00:00+02:00
1293;30902.08333333333;2024-06-26T21:00:00+02:00
1293;29904.83333333333;2024-06-26T22:00:00+02:00
1293;27635.83333333333;2024-06-26T23:00:00+02:00
1293;25872.5;2024-06-27T00:00:00+02:00
1293;24493.16666666667;2024-06-27T01:00:00+02:00
1293;23466.58333333333;2024-06-27T02:00:00+02:00
1293;22956.66666666667;2024-06-27T03:00:00+02:00
1293;22896.41666666667;2024-06-27T04:00:00+02:00
1293;23348.58333333333;2024-06-27T05:00:00+02:00
1293;25190.08333333333;2024-06-27T06:00:00+02:00
1293;27348.5;2024-06-27T07:00:00+02:00
1293;28746.08333333333;2024-06-27T08:00:00+02:00
1293;29617.41666666667;2024-06-27T09:00:00+02:00
1293;29915.08333333333;2024-06-27T10:00:00+02:00
1293;30065.33333333333;2024-06-27T11:00:00+02:00
1293;30498.58333333333;2024-06-27T12:00:00+02:00
1293;30964.5;2024-06-27T13:00:00+02:00
1293;30690.5;2024-06-27T14:00:00+02:00
1293;30015.75;2024-06-27T15:00:00+02:00
1293;29830.0;2024-06-27T16:00:00+02:00
1293;30187.16666666667;2024-06-27T17:00:00+02:00
1293;30331.41666666667;2024-06-27T18:00:00+02:00
1293;30678.08333333333;2024-06-27T19:00:00+02:00
1293;31060.16666666667;2024-06-27T20:00:00+02:00
1293;31261.66666666667;2024-06-27T21:00:00+02:00
1293;30260.5;2024-06-27T22:00:00+02:00
1293;27965.5;2024-06-27T23:00:00+02:00
1293;26291.25;2024-06-28T00:00:00+02:00
1293;24954.75;2024-06-28T01:00:00+02:00
1293;23824.08333333333;2024-06-28T02:00:00+02:00
1293;23322.5;2024-06-28T03:00:00+02:00
1293;23077.91666666667;2024-06-28T04:00:00+02:00
1293;23501.25;2024-06-28T05:00:00+02:00
1293;25266.0;2024-06-28T06:00:00+02:00
1293;27414.16666666667;2024-06-28T07:00:00+02:00
1293;28910.16666666667;2024-06-28T08:00:00+02:00
1293;29737.25;2024-06-28T09:00:00+02:00
1293;30055.5;2024-06-28T10:00:00+02:00
1293;30498.83333333333;2024-06-28T11:00:00+02:00
1293;30763.33333333333;2024-06-28T12:00:00+02:00
1293;30984.66666666667;2024-06-28T13:00:00+02:00
1293;30631.33333333333;2024-06-28T14:00:00+02:00
1293;29528.41666666667;2024-06-28T15:00:00+02:00
1293;29202.5;2024-06-28T16:00:00+02:00
1293;29332.25;2024-06-28T17:00:00+02:00
1293;29334.41666666667;2024-06-28T18:00:00+02:00
1293;29512.33333333333;2024-06-28T19:00:00+02:00
1293;29786.75;2024-06-28T20:00:00+02:00
1293;29598.08333333333;2024-06-28T21:00:00+02:00
1293;28534.58333333333;2024-06-28T22:00:00+02:00
1293;26566.25;2024-06-28T23:00:00+02:00
1293;25252.58333333333;2024-06-29T00:00:00+02:00
1293;24016.0;2024-06-29T01:00:00+02:00
1293;23077.91666666667;2024-06-29T02:00:00+02:00
1293;22468.41666666667;2024-06-29T03:00:00+02:00
1293;22016.83333333333;2024-06-29T04:00:00+02:00
1293;21890.5;2024-06-29T05:00:00+02:00
1293;21987.08333333333;2024-06-29T06:00:00+02:00
1293;22325.91666666667;2024-06-29T07:00:00+02:00
1293;23613.0;2024-06-29T08:00:00+02:00
1293;25149.58333333333;2024-06-29T09:00:00+02:00
1293;26070.83333333333;2024-06-29T10:00:00+02:00
1293;26325.5;2024-06-29T11:00:00+02:00
1293;26088.5;2024-06-29T12:00:00+02:00
1293;26070.16666666667;2024-06-29T13:00:00+02:00
1293;25714.5;2024-06-29T14:00:00+02:00
1293;24838.08333333333;2024-06-29T15:00:00+02:00
1293;24211.66666666667;2024-06-29T16:00:00+02:00
1293;24347.41666666667;2024-06-29T17:00:00+02:00
1293;24874.25;2024-06-29T18:00:00+02:00
1293;25556.5;2024-06-29T19:00:00+02:00
1293;26230.91666666667;2024-06-29T20:00:00+02:00
1293;26804.66666666667;2024-06-29T21:00:00+02:00
1293;26560.91666666667;2024-06-29T22:00:00+02:00
1293;24915.25;2024-06-29T23:00:00+02:00
1293;23134.08333333333;2024-06-30T00:00:00+02:00
1293;21766.0;2024-06-30T01:00:00+02:00
1293;20890.66666666667;2024-06-30T02:00:00+02:00
1293;20179.5;2024-06-30T03:00:00+02:00
1293;19894.08333333333;2024-06-30T04:00:00+02:00
1293;19750.41666666667;2024-06-30T05:00:00+02:00
1293;19766.33333333333;2024-06-30T06:00:00+02:00
1293;19811.0;2024-06-30T07:00:00+02:00
1293;20500.66666666667;2024-06-30T08:00:00+02:00
1293;21540.91666666667;2024-06-30T09:00:00+02:00
1293;22506.75;2024-06-30T10:00:00+02:00
1293;22978.25;2024-06-30T11:00:00+02:00
1293;23358.66666666667;2024-06-30T12:00:00+02:00
1293;23746.75;2024-06-30T13:00:00+02:00
1293;23795.91666666667;2024-06-30T14:00:00+02:00
1293;22677.08333333333;2024-06-30T15:00:00+02:00
1293;22626.41666666667;2024-06-30T16:00:00+02:00
1293;22877.41666666667;2024-06-30T17:00:00+02:00
1293;23610.0;2024-06-30T18:00:00+02:00
1293;24699.83333333333;2024-06-30T19:00:00+02:00
1293;25726.16666666667;2024-06-30T20:00:00+02:00
1293;26643.66666666667;2024-06-30T21:00:00+02:00
1293;26910.08333333333;2024-06-30T22:00:00+02:00
1293;25441.25;2024-06-30T23:00:00+02:00
1293;23575.08333333333;2024-07-01T00:00:00+02:00
1293;22255.91666666667;2024-07-01T01:00:00+02:00
1293;21387.41666666667;2024-07-01T02:00:00+02:00
1293;20959.25;2024-07-01T03:00:00+02:00
1293;20755.66666666667;2024-07-01T04:00:00+02:00
1293;21283.58333333333;2024-07-01T05:00:00+02:00
1293;23491.41666666667;2024-07-01T06:00:00+02:00
1293;25820.33333333333;2024-07-01T07:00:00+02:00
1293;27462.83333333333;2024-07-01T08:00:00+02:00
1293;28308.16666666667;2024-07-01T09:00:00+02:00
1293;28747.08333333333;2024-07-01T10:00:00+02:00
1293;28521.0;2024-07-01T11:00:00+02:00
1293;28569.83333333333;2024-07-01T12:00:00+02:00
1293;28831.16666666667;2024-07-01T13:00:00+02:00
1293;28318.08333333333;2024-07-01T14:00:00+02:00
1293;27728.66666666667;2024-07-01T15:00:00+02:00
1293;27259.83333333333;2024-07-01T16:00:00+02:00
1293;27455.33333333333;2024-07-01T17:00:00+02:00
1293;28008.25;2024-07-01T18:00:00+02:00
1293;28836.75;2024-07-01T19:00:00+02:00
1293;29760.66666666667;2024-07-01T20:00:00+02:00
1293;30161.5;2024-07-01T21:00:00+02:00
1293;29283.16666666667;2024-07-01T22:00:00+02:00
1293;27104.25;2024-07-01T23:00:00+02:00
1293;25470.75;2024-07-02T00:00:00+02:00
1293;24062.75;2024-07-02T01:00:00+02:00
1293;23147.0;2024-07-02T02:00:00+02:00
1293;22715.91666666667;2024-07-02T03:00:00+02:00
1293;22592.0;2024-07-02T04:00:00+02:00
1293;22937.0;2024-07-02T05:00:00+02:00
1293;24733.58333333333;2024-07-02T06:00:00+02:00
1293;26729.5;2024-07-02T07:00:00+02:00
1293;27862.25;2024-07-02T08:00:00+02:00
1293;28340.75;2024-07-02T09:00:00+02:00
1293;28373.91666666667;2024-07-02T10:00:00+02:00
1293;28389.33333333333;2024-07-02T11:00:00+02:00
1293;28631.5;2024-07-02T12:00:00+02:00
1293;29182.5;2024-07-02T13:00:00+02:00
1293;28992.16666666667;2024-07-02T14:00:00+02:00
1293;28215.33333333333;2024-07-02T15:00:00+02:00
1293;28018.75;2024-07-02T16:00:00+02:00
1293;28558.33333333333;2024-07-02T17:00:00+02:00
1293;29100.83333333333;2024-07-02T18:00:00+02:00
1293;29898.16666666667;2024-07-02T19:00:00+02:00
1293;30617.33333333333;2024-07-02T20:00:00+02:00
1293;30928.0;2024-07-02T21:00:00+02:00
1293;29959.75;2024-07-02T22:00:00+02:00
1293;27826.5;2024-07-02T23:00:00+02:00
1293;26485.5;2024-07-03T00:00:00+02:00
1293;25025.75;2024-07-03T01:00:00+02:00
1293;23801.25;2024-07-03T02:00:00+02:00
1293;23244.08333333333;2024-07-03T03:00:00+02:00
1293;23074.41666666667;2024-07-03T04:00:00+02:00
1293;23360.58333333333;2024-07-03T05:00:00+02:00
1293;25262.08333333333;2024-07-03T06:00:00+02:00
1293;27254.83333333333;2024-07-03T07:00:00+02:00
1293;28355.83333333333;2024-07-03T08:00:00+02:00
1293;28819.83333333333;2024-07-03T09:00:00+02:00
1293;29197.58333333333;2024-07-03T10:00:00+02:00
1293;29282.41666666667;2024-07-03T11:00:00+02:00
1293;29664.83333333333;2024-07-03T12:00:00+02:00
1293;30106.75;2024-07-03T13:00:00+02:00
1293;30011.41666666667;2024-07-03T14:00:00+02:00
1293;29380.66666666667;2024-07-03T15:00:00+02:00
1293;29261.41666666667;2024-07-03T16:00:00+02:00
1293;29655.08333333333;2024-07-03T17:00:00+02:00
1293;30015.58333333333;2024-07-03T18:00:00+02:00
1293;30750.58333333333;2024-07-03T19:00:00+02:00
1293;31394.5;2024-07-03T20:00:00+02:00
1293;31750.08333333333;2024-07-03T21:00:00+02:00
1293;31175.83333333333;2024-07-03T22:00:00+02:00
1293;28854.75;2024-07-03T23:00:00+02:00
1293;27177.5;2024-07-04T00:00:00+02:00
1293;25535.66666666667;2024-07-04T01:00:00+02:00
1293;24361.08333333333;2024-07-04T02:00:00+02:00
1293;23772.66666666667;2024-07-04T03:00:00+02:00
1293;23503.66666666667;2024-07-04T04:00:00+02:00
1293;23761.25;2024-07-04T05:00:00+02:00
1293;25573.66666666667;2024-07-04T06:00:00+02:00
1293;27756.33333333333;2024-07-04T07:00:00+02:00
1293;28795.41666666667;2024-07-04T08:00:00+02:00
1293;29548.91666666667;2024-07-04T09:00:00+02:00
1293;29933.33333333333;2024-07-04T10:00:00+02:00
1293;30242.08333333333;2024-07-04T11:00:00+02:00
1293;30852.5;2024-07-04T12:00:00+02:00
1293;31554.91666666667;2024-07-04T13:00:00+02:00
1293;31538.5;2024-07-04T14:00:00+02:00
1293;30956.75;2024-07-04T15:00:00+02:00
1293;30847.5;2024-07-04T16:00:00+02:00
1293;31367.75;2024-07-04T17:00:00+02:00
1293;31954.08333333333;2024-07-04T18:00:00+02:00
1293;32566.83333333333;2024-07-04T19:00:00+02:00
1293;32874.58333333334;2024-07-04T20:00:00+02:00
1293;32898.08333333334;2024-07-04T21:00:00+02:00
1293;31995.91666666667;2024-07-04T22:00:00+02:00
1293;29615.58333333333;2024-07-04T23:00:00+02:00
1293;28174.33333333333;2024-07-05T00:00:00+02:00
1293;26495.5;2024-07-05T01:00:00+02:00
1293;25264.16666666667;2024-07-05T02:00:00+02:00
1293;24630.83333333333;2024-07-05T03:00:00+02:00
1293;24329.25;2024-07-05T04:00:00+02:00
1293;24488.41666666667;2024-07-05T05:00:00+02:00
1293;26181.66666666667;2024-07-05T06:00:00+02:00
1293;28307.33333333333;2024-07-05T07:00:00+02:00
1293;29595.58333333333;2024-07-05T08:00:00+02:00
1293;30280.75;2024-07-05T09:00:00+02:00
1293;30635.58333333333;2024-07-05T10:00:00+02:00
1293;30957.83333333333;2024-07-05T11:00:00+02:00
1293;31288.58333333333;2024-07-05T12:00:00+02:00
1293;31811.08333333333;2024-07-05T13:00:00+02:00
1293;31577.83333333333;2024-07-05T14:00:00+02:00
1293;30903.83333333333;2024-07-05T15:00:00+02:00
1293;30692.66666666667;2024-07-05T16:00:00+02:00
1293;31182.5;2024-07-05T17:00:00+02:00
1293;31670.16666666667;2024-07-05T18:00:00+02:00
1293;32095.16666666667;2024-07-05T19:00:00+02:00
1293;32046.08333333333;2024-07-05T20:00:00+02:00
1293;31812.25;2024-07-05T21:00:00+02:00
1293;30662.33333333333;2024-07-05T22:00:00+02:00
1293;28646.5;2024-07-05T23:00:00+02:00
1293;27163.66666666667;2024-07-06T00:00:00+02:00
1293;25626.66666666667;2024-07-06T01:00:00+02:00
1293;24246.33333333333;2024-07-06T02:00:00+02:00
1293;23447.75;2024-07-06T03:00:00+02:00
1293;23035.66666666667;2024-07-06T04:00:00+02:00
1293;22833.0;2024-07-06T05:00:00+02:00
1293;23030.5;2024-07-06T06:00:00+02:00
1293;23347.5;2024-07-06T07:00:00+02:00
1293;24240.41666666667;2024-07-06T08:00:00+02:00
1293;25510.0;2024-07-06T09:00:00+02:00
1293;26493.75;2024-07-06T10:00:00+02:00
1293;26697.33333333333;2024-07-06T11:00:00+02:00
1293;26599.25;2024-07-06T12:00:00+02:00
1293;26750.33333333333;2024-07-06T13:00:00+02:00
1293;26288.33333333333;2024-07-06T14:00:00+02:00
1293;25417.75;2024-07-06T15:00:00+02:00
1293;24870.08333333333;2024-07-06T16:00:00+02:00
1293;25277.91666666667;2024-07-06T17:00:00+02:00
1293;26056.5;2024-07-06T18:00:00+02:00
1293;27157.33333333333;2024-07-06T19:00:00+02:00
1293;27707.5;2024-07-06T20:00:00+02:00
1293;28012.0;2024-07-06T21:00:00+02:00
1293;27588.91666666667;2024-07-06T22:00:00+02:00
1293;25907.91666666667;2024-07-06T23:00:00+02:00
1293;24380.75;2024-07-07T00:00:00+02:00
1293;22904.75;2024-07-07T01:00:00+02:00
1293;21908.83333333333;2024-07-07T02:00:00+02:00
1293;21080.91666666667;2024-07-07T03:00:00+02:00
1293;20718.58333333333;2024-07-07T04:00:00+02:00
1293;20570.58333333333;2024-07-07T05:00:00+02:00
1293;20584.33333333333;2024-07-07T06:00:00+02:00
1293;20397.58333333333;2024-07-07T07:00:00+02:00
1293;20957.75;2024-07-07T08:00:00+02:00
1293;21779.0;2024-07-07T09:00:00+02:00
1293;22380.0;2024-07-07T10:00:00+02:00
1293;22518.16666666667;2024-07-07T11:00:00+02:00
1293;22781.83333333333;2024-07-07T12:00:00+02:00
1293;23331.41666666667;2024-07-07T13:00:00+02:00
1293;23437.0;2024-07-07T14:00:00+02:00
1293;22582.25;2024-07-07T15:00:00+02:00
1293;22077.91666666667;2024-07-07T16:00:00+02:00
1293;22782.5;2024-07-07T17:00:00+02:00
1293;24019.25;2024-07-07T18:00:00+02:00
1293;25097.08333333333;2024-07-07T19:00:00+02:00
1293;25885.25;2024-07-07T20:00:00+02:00
1293;26882.5;2024-07-07T21:00:00+02:00
1293;27463.16666666667;2024-07-07T22:00:00+02:00
1293;25842.91666666667;2024-07-07T23:00:00+02:00
1293;24124.25;2024-07-08T00:00:00+02:00
1293;22811.41666666667;2024-07-08T01:00:00+02:00
1293;21842.08333333333;2024-07-08T02:00:00+02:00
1293;21277.08333333333;2024-07-08T03:00:00+02:00
1293;21185.08333333333;2024-07-08T04:00:00+02:00
1293;21835.91666666667;2024-07-08T05:00:00+02:00
1293;24117.66666666667;2024-07-08T06:00:00+02:00
1293;26606.83333333333;2024-07-08T07:00:00+02:00
1293;28147.33333333333;2024-07-08T08:00:00+02:00
1293;28875.66666666667;2024-07-08T09:00:00+02:00
1293;29126.0;2024-07-08T10:00:00+02:00
1293;29316.58333333333;2024-07-08T11:00:00+02:00
1293;29419.0;2024-07-08T12:00:00+02:00
1293;29800.75;2024-07-08T13:00:00+02:00
1293;29885.33333333333;2024-07-08T14:00:00+02:00
1293;29304.16666666667;2024-07-08T15:00:00+02:00
1293;29153.58333333333;2024-07-08T16:00:00+02:00
1293;29486.58333333333;2024-07-08T17:00:00+02:00
1293;29993.08333333333;2024-07-08T18:00:00+02:00
1293;30739.41666666667;2024-07-08T19:00:00+02:00
1293;31065.33333333333;2024-07-08T20:00:00+02:00
1293;31349.08333333333;2024-07-08T21:00:00+02:00
1293;30502.41666666667;2024-07-08T22:00:00+02:00
1293;28254.08333333333;2024-07-08T23:00:00+02:00
1293;26551.41666666667;2024-07-09T00:00:00+02:00
1293;25059.66666666667;2024-07-09T01:00:00+02:00
1293;23938.0;2024-07-09T02:00:00+02:00
1293;23405.5;2024-07-09T03:00:00+02:00
1293;23143.08333333333;2024-07-09T04:00:00+02:00
1293;23472.41666666667;2024-07-09T05:00:00+02:00
1293;25318.75;2024-07-09T06:00:00+02:00
1293;27426.75;2024-07-09T07:00:00+02:00
1293;28755.0;2024-07-09T08:00:00+02:00
1293;29595.75;2024-07-09T09:00:00+02:00
1293;29920.08333333333;2024-07-09T10:00:00+02:00
1293;30235.33333333333;2024-07-09T11:00:00+02:00
1293;30506.0;2024-07-09T12:00:00+02:00
1293;31067.58333333333;2024-07-09T13:00:00+02:00
1293;31070.16666666667;2024-07-09T14:00:00+02:00
1293;30590.66666666667;2024-07-09T15:00:00+02:00
1293;30384.83333333333;2024-07-09T16:00:00+02:00
1293;30984.25;2024-07-09T17:00:00+02:00
1293;31210.25;2024-07-09T18:00:00+02:00
1293;31828.08333333333;2024-07-09T19:00:00+02:00
1293;32419.5;2024-07-09T20:00:00+02:00
1293;31956.25;2024-07-09T21:00:00+02:00
1293;30710.33333333333;2024-07-09T22:00:00+02:00
1293;28678.83333333333;2024-07-09T23:00:00+02:00
1293;27247.5;2024-07-10T00:00:00+02:00
1293;25676.41666666667;2024-07-10T01:00:00+02:00
1293;24441.75;2024-07-10T02:00:00+02:00
1293;23963.5;2024-07-10T03:00:00+02:00
1293;23724.5;2024-07-10T04:00:00+02:00
1293;24071.5;2024-07-10T05:00:00+02:00
1293;25899.08333333333;2024-07-10T06:00:00+02:00
1293;28030.41666666667;2024-07-10T07:00:00+02:00
1293;29539.08333333333;2024-07-10T08:00:00+02:00
1293;30387.75;2024-07-10T09:00:00+02:00
1293;30770.75;2024-07-10T10:00:00+02:00
1293;31260.5;2024-07-10T11:00:00+02:00
1293;31804.08333333333;2024-07-10T12:00:00+02:00
1293;32267.25;2024-07-10T13:00:00+02:00
1293;32198.0;2024-07-10T14:00:00+02:00
1293;31815.66666666667;2024-07-10T15:00:00+02:00
1293;31869.5;2024-07-10T16:00:00+02:00
1293;32302.5;2024-07-10T17:00:00+02:00
1293;32846.08333333334;2024-07-10T18:00:00+02:00
1293;33663.16666666667;2024-07-10T19:00:00+02:00
1293;33966.91666666667;2024-07-10T20:00:00+02:00
1293;33925.0;2024-07-10T21:00:00+02:00
1293;32289.33333333333;2024-07-10T22:00:00+02:00
1293;29716.91666666667;2024-07-10T23:00:00+02:00
1293;27789.83333333333;2024-07-11T00:00:00+02:00
1293;26410.16666666667;2024-07-11T01:00:00+02:00
1293;25479.0;2024-07-11T02:00:00+02:00
1293;24868.83333333333;2024-07-11T03:00:00+02:00
1293;24667.5;2024-07-11T04:00:00+02:00
1293;24927.66666666667;2024-07-11T05:00:00+02:00
1293;26746.33333333333;2024-07-11T06:00:00+02:00
1293;28735.0;2024-07-11T07:00:00+02:00
1293;30265.08333333333;2024-07-11T08:00:00+02:00
1293;31319.5;2024-07-11T09:00:00+02:00
1293;31951.33333333333;2024-07-11T10:00:00+02:00
1293;32461.66666666667;2024-07-11T11:00:00+02:00
1293;33085.08333333334;2024-07-11T12:00:00+02:00
1293;33520.25;2024-07-11T13:00:00+02:00
1293;33750.33333333334;2024-07-11T14:00:00+02:00
1293;33343.08333333334;2024-07-11T15:00:00+02:00
1293;33249.41666666667;2024-07-11T16:00:00+02:00
1293;33609.33333333334;2024-07-11T17:00:00+02:00
1293;33765.58333333334;2024-07-11T18:00:00+02:00
1293;34320.41666666667;2024-07-11T19:00:00+02:00
1293;34518.33333333334;2024-07-11T20:00:00+02:00
1293;34159.83333333334;2024-07-11T21:00:00+02:00
1293;33185.66666666667;2024-07-11T22:00:00+02:00
1293;30785.66666666667;2024-07-11T23:00:00+02:00
1293;28951.83333333333;2024-07-12T00:00:00+02:00
1293;27122.41666666667;2024-07-12T01:00:00+02:00
1293;25806.91666666667;2024-07-12T02:00:00+02:00
1293;25167.58333333333;2024-07-12T03:00:00+02:00
1293;24738.08333333333;2024-07-12T04:00:00+02:00
1293;24971.58333333333;2024-07-12T05:00:00+02:00
1293;26989.5;2024-07-12T06:00:00+02:00
1293;28901.58333333333;2024-07-12T07:00:00+02:00
1293;30242.0;2024-07-12T08:00:00+02:00
1293;31397.08333333333;2024-07-12T09:00:00+02:00
1293;32001.83333333333;2024-07-12T10:00:00+02:00
1293;32500.83333333333;2024-07-12T11:00:00+02:00
1293;33049.33333333334;2024-07-12T12:00:00+02:00
1293;33291.33333333334;2024-07-12T13:00:00+02:00
1293;33014.33333333334;2024-07-12T14:00:00+02:00
1293;32445.83333333333;2024-07-12T15:00:00+02:00
1293;32232.58333333333;2024-07-12T16:00:00+02:00
1293;32306.0;2024-07-12T17:00:00+02:00
1293;32623.41666666667;2024-07-12T18:00:00+02:00
1293;32765.33333333333;2024-07-12T19:00:00+02:00
1293;32851.5;2024-07-12T20:00:00+02:00
1293;32365.25;2024-07-12T21:00:00+02:00
1293;31378.75;2024-07-12T22:00:00+02:00
1293;29210.91666666667;2024-07-12T23:00:00+02:00
1293;27757.75;2024-07-13T00:00:00+02:00
1293;26137.5;2024-07-13T01:00:00+02:00
1293;24798.75;2024-07-13T02:00:00+02:00
1293;23986.91666666667;2024-07-13T03:00:00+02:00
1293;23354.08333333333;2024-07-13T04:00:00+02:00
1293;22887.75;2024-07-13T05:00:00+02:00
1293;23177.5;2024-07-13T06:00:00+02:00
1293;23443.41666666667;2024-07-13T07:00:00+02:00
1293;24330.66666666667;2024-07-13T08:00:00+02:00
1293;25753.41666666667;2024-07-13T09:00:00+02:00
1293;26737.5;2024-07-13T10:00:00+02:00
1293;26843.66666666667;2024-07-13T11:00:00+02:00
1293;27046.58333333333;2024-07-13T12:00:00+02:00
1293;27490.75;2024-07-13T13:00:00+02:00
1293;27190.25;2024-07-13T14:00:00+02:00
1293;26633.08333333333;2024-07-13T15:00:00+02:00
1293;26118.16666666667;2024-07-13T16:00:00+02:00
1293;26324.0;2024-07-13T17:00:00+02:00
1293;27061.66666666667;2024-07-13T18:00:00+02:00
1293;27718.75;2024-07-13T19:00:00+02:00
1293;28291.16666666667;2024-07-13T20:00:00+02:00
1293;28610.83333333333;2024-07-13T21:00:00+02:00
1293;28367.66666666667;2024-07-13T22:00:00+02:00
1293;26576.66666666667;2024-07-13T23:00:00+02:00
1293;24839.83333333333;2024-07-14T00:00:00+02:00
1293;23473.25;2024-07-14T01:00:00+02:00
1293;22338.41666666667;2024-07-14T02:00:00+02:00
1293;21526.83333333333;2024-07-14T03:00:00+02:00
1293;21093.58333333333;2024-07-14T04:00:00+02:00
1293;20974.58333333333;2024-07-14T05:00:00+02:00
1293;20969.75;2024-07-14T06:00:00+02:00
1293;20708.91666666667;2024-07-14T07:00:00+02:00
1293;21206.41666666667;2024-07-14T08:00:00+02:00
1293;22105.75;2024-07-14T09:00:00+02:00
1293;22881.75;2024-07-14T10:00:00+02:00
1293;23141.66666666667;2024-07-14T11:00:00+02:00
1293;23458.75;2024-07-14T12:00:00+02:00
1293;24153.08333333333;2024-07-14T13:00:00+02:00
1293;24685.75;2024-07-14T14:00:00+02:00
1293;24154.16666666667;2024-07-14T15:00:00+02:00
1293;24085.83333333333;2024-07-14T16:00:00+02:00
1293;25040.16666666667;2024-07-14T17:00:00+02:00
1293;26231.83333333333;2024-07-14T18:00:00+02:00
1293;27354.83333333333;2024-07-14T19:00:00+02:00
1293;28194.91666666667;2024-07-14T20:00:00+02:00
1293;28416.33333333333;2024-07-14T21:00:00+02:00
1293;28381.83333333333;2024-07-14T22:00:00+02:00
1293;26979.5;2024-07-14T23:00:00+02:00
1293;25789.08333333333;2024-07-15T00:00:00+02:00
1293;24123.0;2024-07-15T01:00:00+02:00
1293;22897.25;2024-07-15T02:00:00+02:00
1293;22274.58333333333;2024-07-15T03:00:00+02:00
1293;22026.0;2024-07-15T04:00:00+02:00
1293;22524.08333333333;2024-07-15T05:00:00+02:00
1293;25040.83333333333;2024-07-15T06:00:00+02:00
1293;27400.91666666667;2024-07-15T07:00:00+02:00
1293;29042.66666666667;2024-07-15T08:00:00+02:00
1293;30105.08333333333;2024-07-15T09:00:00+02:00
1293;30857.41666666667;2024-07-15T10:00:00+02:00
1293;31203.58333333333;2024-07-15T11:00:00+02:00
1293;31639.41666666667;2024-07-15T12:00:00+02:00
1293;32082.16666666667;2024-07-15T13:00:00+02:00
1293;32232.08333333333;2024-07-15T14:00:00+02:00
1293;31770.33333333333;2024-07-15T15:00:00+02:00
1293;31719.91666666667;2024-07-15T16:00:00+02:00
1293;32038.25;2024-07-15T17:00:00+02:00
1293;32321.33333333333;2024-07-15T18:00:00+02:00
1293;32826.08333333334;2024-07-15T19:00:00+02:00
1293;33122.58333333334;2024-07-15T20:00:00+02:00
1293;33067.91666666667;2024-07-15T21:00:00+02:00
1293;32131.33333333333;2024-07-15T22:00:00+02:00
1293;29636.08333333333;2024-07-15T23:00:00+02:00
1293;28014.41666666667;2024-07-16T00:00:00+02:00
1293;26289.25;2024-07-16T01:00:00+02:00
1293;25085.91666666667;2024-07-16T02:00:00+02:00
1293;24459.33333333333;2024-07-16T03:00:00+02:00
1293;24123.41666666667;2024-07-16T04:00:00+02:00
1293;24308.0;2024-07-16T05:00:00+02:00
1293;26186.25;2024-07-16T06:00:00+02:00
1293;28233.08333333333;2024-07-16T07:00:00+02:00
1293;29705.33333333333;2024-07-16T08:00:00+02:00
1293;30800.66666666667;2024-07-16T09:00:00+02:00
1293;31312.25;2024-07-16T10:00:00+02:00
1293;31562.0;2024-07-16T11:00:00+02:00
1293;31947.08333333333;2024-07-16T12:00:00+02:00
1293;32409.08333333333;2024-07-16T13:00:00+02:00
1293;32227.33333333333;2024-07-16T14:00:00+02:00
1293;31841.25;2024-07-16T15:00:00+02:00
1293;31568.08333333333;2024-07-16T16:00:00+02:00
1293;31876.58333333333;2024-07-16T17:00:00+02:00
1293;31969.91666666667;2024-07-16T18:00:00+02:00
1293;32644.5;2024-07-16T19:00:00+02:00
1293;32891.16666666667;2024-07-16T20:00:00+02:00
1293;32908.5;2024-07-16T21:00:00+02:00
1293;32031.41666666667;2024-07-16T22:00:00+02:00
1293;29641.25;2024-07-16T23:00:00+02:00
1293;28127.58333333333;2024-07-17T00:00:00+02:00
1293;26534.83333333333;2024-07-17T01:00:00+02:00
1293;25364.66666666667;2024-07-17T02:00:00+02:00
1293;24665.66666666667;2024-07-17T03:00:00+02:00
1293;24274.41666666667;2024-07-17T04:00:00+02:00
1293;24572.58333333333;2024-07-17T05:00:00+02:00
1293;26352.16666666667;2024-07-17T06:00:00+02:00
1293;28387.75;2024-07-17T07:00:00+02:00
1293;29834.0;2024-07-17T08:00:00+02:00
1293;30878.0;2024-07-17T09:00:00+02:00
1293;31295.33333333333;2024-07-17T10:00:00+02:00
1293;31682.75;2024-07-17T11:00:00+02:00
1293;32310.08333333333;2024-07-17T12:00:00+02:00
1293;32932.33333333334;2024-07-17T13:00:00+02:00
1293;32935.58333333334;2024-07-17T14:00:00+02:00
1293;32602.41666666667;2024-07-17T15:00:00+02:00
1293;32337.0;2024-07-17T16:00:00+02:00
1293;32623.41666666667;2024-07-17T17:00:00+02:00
1293;32911.0;2024-07-17T18:00:00+02:00
1293;33398.66666666667;2024-07-17T19:00:00+02:00
1293;33489.0;2024-07-17T20:00:00+02:00
1293;33483.83333333334;2024-07-17T21:00:00+02:00
1293;32612.66666666667;2024-07-17T22:00:00+02:00
1293;30261.25;2024-07-17T23:00:00+02:00
1293;28608.16666666667;2024-07-18T00:00:00+02:00
1293;27072.5;2024-07-18T01:00:00+02:00
1293;25761.0;2024-07-18T02:00:00+02:00
1293;25149.08333333333;2024-07-18T03:00:00+02:00
1293;24701.41666666667;2024-07-18T04:00:00+02:00
1293;24940.58333333333;2024-07-18T05:00:00+02:00
1293;26822.5;2024-07-18T06:00:00+02:00
1293;28707.41666666667;2024-07-18T07:00:00+02:00
1293;30132.33333333333;2024-07-18T08:00:00+02:00
1293;31454.33333333333;2024-07-18T09:00:00+02:00
1293;31983.75;2024-07-18T10:00:00+02:00
1293;32567.91666666667;2024-07-18T11:00:00+02:00
1293;33258.5;2024-07-18T12:00:00+02:00
1293;34215.58333333334;2024-07-18T13:00:00+02:00
1293;34627.58333333334;2024-07-18T14:00:00+02:00
1293;34275.41666666667;2024-07-18T15:00:00+02:00
1293;34169.75;2024-07-18T16:00:00+02:00
1293;34204.66666666667;2024-07-18T17:00:00+02:00
1293;34059.25;2024-07-18T18:00:00+02:00
1293;34247.91666666667;2024-07-18T19:00:00+02:00
1293;34245.5;2024-07-18T20:00:00+02:00
1293;34218.08333333334;2024-07-18T21:00:00+02:00
1293;33362.41666666667;2024-07-18T22:00:00+02:00
1293;30955.25;2024-07-18T23:00:00+02:00
1293;29257.25;2024-07-19T00:00:00+02:00
1293;27502.83333333333;2024-07-19T01:00:00+02:00
1293;26279.91666666667;2024-07-19T02:00:00+02:00
1293;25644.25;2024-07-19T03:00:00+02:00
1293;25178.66666666667;2024-07-19T04:00:00+02:00
1293;25355.66666666667;2024-07-19T05:00:00+02:00
1293;27307.16666666667;2024-07-19T06:00:00+02:00
1293;29086.83333333333;2024-07-19T07:00:00+02:00
1293;29443.91666666667;2024-07-19T08:00:00+02:00
1293;30416.75;2024-07-19T09:00:00+02:00
1293;32073.33333333333;2024-07-19T10:00:00+02:00
1293;33122.08333333334;2024-07-19T11:00:00+02:00
1293;33965.25;2024-07-19T12:00:00+02:00
1293;34886.25;2024-07-19T13:00:00+02:00
1293;34924.33333333334;2024-07-19T14:00:00+02:00
1293;34384.5;2024-07-19T15:00:00+02:00
1293;33924.16666666667;2024-07-19T16:00:00+02:00
1293;34186.08333333334;2024-07-19T17:00:00+02:00
1293;34397.25;2024-07-19T18:00:00+02:00
1293;34660.0;2024-07-19T19:00:00+02:00
1293;34496.5;2024-07-19T20:00:00+02:00
1293;34036.41666666667;2024-07-19T21:00:00+02:00
1293;32964.91666666667;2024-07-19T22:00:00+02:00
1293;30653.5;2024-07-19T23:00:00+02:00
1293;29216.41666666667;2024-07-20T00:00:00+02:00
1293;27306.08333333333;2024-07-20T01:00:00+02:00
1293;25772.08333333333;2024-07-20T02:00:00+02:00
1293;24820.41666666667;2024-07-20T03:00:00+02:00
1293;24098.41666666667;2024-07-20T04:00:00+02:00
1293;23672.16666666667;2024-07-20T05:00:00+02:00
1293;23720.91666666667;2024-07-20T06:00:00+02:00
1293;23888.41666666667;2024-07-20T07:00:00+02:00
1293;24736.41666666667;2024-07-20T08:00:00+02:00
1293;26114.08333333333;2024-07-20T09:00:00+02:00
1293;27685.08333333333;2024-07-20T10:00:00+02:00
1293;28347.75;2024-07-20T11:00:00+02:00
1293;28706.83333333333;2024-07-20T12:00:00+02:00
1293;29171.41666666667;2024-07-20T13:00:00+02:00
1293;29466.16666666667;2024-07-20T14:00:00+02:00
1293;29424.08333333333;2024-07-20T15:00:00+02:00
1293;29111.08333333333;2024-07-20T16:00:00+02:00
1293;29479.83333333333;2024-07-20T17:00:00+02:00
1293;29913.41666666667;2024-07-20T18:00:00+02:00
1293;30623.25;2024-07-20T19:00:00+02:00
1293;30722.66666666667;2024-07-20T20:00:00+02:00
1293;30895.5;2024-07-20T21:00:00+02:00
1293;30282.08333333333;2024-07-20T22:00:00+02:00
1293;28343.58333333333;2024-07-20T23:00:00+02:00
1293;26501.41666666667;2024-07-21T00:00:00+02:00
1293;24798.08333333333;2024-07-21T01:00:00+02:00
1293;23467.58333333333;2024-07-21T02:00:00+02:00
1293;22645.25;2024-07-21T03:00:00+02:00
1293;22018.08333333333;2024-07-21T04:00:00+02:00
1293;21752.66666666667;2024-07-21T05:00:00+02:00
1293;21706.16666666667;2024-07-21T06:00:00+02:00
1293;21436.83333333333;2024-07-21T07:00:00+02:00
1293;21893.5;2024-07-21T08:00:00+02:00
1293;22856.16666666667;2024-07-21T09:00:00+02:00
1293;23625.66666666667;2024-07-21T10:00:00+02:00
1293;24067.5;2024-07-21T11:00:00+02:00
1293;24500.66666666667;2024-07-21T12:00:00+02:00
1293;25116.25;2024-07-21T13:00:00+02:00
1293;25451.33333333333;2024-07-21T14:00:00+02:00
1293;25132.41666666667;2024-07-21T15:00:00+02:00
1293;24800.66666666667;2024-07-21T16:00:00+02:00
1293;25229.08333333333;2024-07-21T17:00:00+02:00
1293;26127.58333333333;2024-07-21T18:00:00+02:00
1293;27199.0;2024-07-21T19:00:00+02:00
1293;27977.0;2024-07-21T20:00:00+02:00
1293;28912.0;2024-07-21T21:00:00+02:00
1293;29362.91666666667;2024-07-21T22:00:00+02:00
1293;27586.08333333333;2024-07-21T23:00:00+02:00
1293;25992.91666666667;2024-07-22T00:00:00+02:00
1293;24401.58333333333;2024-07-22T01:00:00+02:00
1293;23150.41666666667;2024-07-22T02:00:00+02:00
1293;22471.83333333333;2024-07-22T03:00:00+02:00
1293;22254.83333333333;2024-07-22T04:00:00+02:00
1293;22730.33333333333;2024-07-22T05:00:00+02:00
1293;24970.91666666667;2024-07-22T06:00:00+02:00
1293;27126.41666666667;2024-07-22T07:00:00+02:00
1293;28668.91666666667;2024-07-22T08:00:00+02:00
1293;29629.41666666667;2024-07-22T09:00:00+02:00
1293;30293.33333333333;2024-07-22T10:00:00+02:00
1293;30741.0;2024-07-22T11:00:00+02:00
1293;31065.0;2024-07-22T12:00:00+02:00
1293;31659.75;2024-07-22T13:00:00+02:00
1293;31750.5;2024-07-22T14:00:00+02:00
1293;31363.33333333333;2024-07-22T15:00:00+02:00
1293;31439.91666666667;2024-07-22T16:00:00+02:00
1293;31990.58333333333;2024-07-22T17:00:00+02:00
1293;32318.25;2024-07-22T18:00:00+02:00
1293;32799.41666666667;2024-07-22T19:00:00+02:00
1293;32951.41666666667;2024-07-22T20:00:00+02:00
1293;32967.5;2024-07-22T21:00:00+02:00
1293;32073.0;2024-07-22T22:00:00+02:00
1293;29795.91666666667;2024-07-22T23:00:00+02:00
1293;28106.0;2024-07-23T00:00:00+02:00
1293;26336.33333333333;2024-07-23T01:00:00+02:00
1293;25115.66666666667;2024-07-23T02:00:00+02:00
1293;24350.58333333333;2024-07-23T03:00:00+02:00
1293;24060.25;2024-07-23T04:00:00+02:00
1293;24259.66666666667;2024-07-23T05:00:00+02:00
1293;26195.25;2024-07-23T06:00:00+02:00
1293;28183.75;2024-07-23T07:00:00+02:00
1293;29659.91666666667;2024-07-23T08:00:00+02:00
1293;30858.66666666667;2024-07-23T09:00:00+02:00
1293;31547.83333333333;2024-07-23T10:00:00+02:00
1293;32132.08333333333;2024-07-23T11:00:00+02:00
1293;32792.75;2024-07-23T12:00:00+02:00
1293;33565.0;2024-07-23T13:00:00+02:00
1293;33920.25;2024-07-23T14:00:00+02:00
1293;33683.58333333334;2024-07-23T15:00:00+02:00
1293;33585.0;2024-07-23T16:00:00+02:00
1293;33811.16666666667;2024-07-23T17:00:00+02:00
1293;34050.16666666667;2024-07-23T18:00:00+02:00
1293;34480.91666666667;2024-07-23T19:00:00+02:00
1293;34572.66666666667;2024-07-23T20:00:00+02:00
1293;34422.08333333334;2024-07-23T21:00:00+02:00
1293;33618.91666666667;2024-07-23T22:00:00+02:00
1293;31106.66666666667;2024-07-23T23:00:00+02:00
1293;29503.5;2024-07-24T00:00:00+02:00
1293;27544.75;2024-07-24T01:00:00+02:00
1293;26209.33333333333;2024-07-24T02:00:00+02:00
1293;25456.75;2024-07-24T03:00:00+02:00
1293;25074.41666666667;2024-07-24T04:00:00+02:00
1293;25270.75;2024-07-24T05:00:00+02:00
1293;27123.16666666667;2024-07-24T06:00:00+02:00
1293;29149.75;2024-07-24T07:00:00+02:00
1293;30562.66666666667;2024-07-24T08:00:00+02:00
1293;31682.66666666667;2024-07-24T09:00:00+02:00
1293;32525.75;2024-07-24T10:00:00+02:00
1293;33108.66666666667;2024-07-24T11:00:00+02:00
1293;33907.91666666667;2024-07-24T12:00:00+02:00
1293;34756.41666666667;2024-07-24T13:00:00+02:00
1293;34933.0;2024-07-24T14:00:00+02:00
1293;34554.5;2024-07-24T15:00:00+02:00
1293;34454.58333333334;2024-07-24T16:00:00+02:00
1293;34659.66666666667;2024-07-24T17:00:00+02:00
1293;34768.83333333334;2024-07-24T18:00:00+02:00
1293;34971.33333333334;2024-07-24T19:00:00+02:00
1293;35038.08333333334;2024-07-24T20:00:00+02:00
1293;35030.66666666667;2024-07-24T21:00:00+02:00
1293;34033.58333333334;2024-07-24T22:00:00+02:00
1293;31676.41666666667;2024-07-24T23:00:00+02:00
1293;29898.66666666667;2024-07-25T00:00:00+02:00
1293;27930.33333333333;2024-07-25T01:00:00+02:00
1293;26417.91666666667;2024-07-25T02:00:00+02:00
1293;25527.16666666667;2024-07-25T03:00:00+02:00
1293;25003.08333333333;2024-07-25T04:00:00+02:00
1293;24938.0;2024-07-25T05:00:00+02:00
1293;26183.16666666667;2024-07-25T06:00:00+02:00
1293;27448.5;2024-07-25T07:00:00+02:00
1293;28505.66666666667;2024-07-25T08:00:00+02:00
1293;29474.66666666667;2024-07-25T09:00:00+02:00
1293;30250.25;2024-07-25T10:00:00+02:00
1293;30994.5;2024-07-25T11:00:00+02:00
1293;31655.83333333333;2024-07-25T12:00:00+02:00
1293;32393.33333333333;2024-07-25T13:00:00+02:00
1293;32870.41666666667;2024-07-25T14:00:00+02:00
1293;32540.75;2024-07-25T15:00:00+02:00
1293;32494.75;2024-07-25T16:00:00+02:00
1293;32836.75;2024-07-25T17:00:00+02:00
1293;32972.83333333334;2024-07-25T18:00:00+02:00
1293;33354.08333333334;2024-07-25T19:00:00+02:00
1293;33442.0;2024-07-25T20:00:00+02:00
1293;33453.75;2024-07-25T21:00:00+02:00
1293;32542.33333333333;2024-07-25T22:00:00+02:00
1293;30472.66666666667;2024-07-25T23:00:00+02:00
1293;29016.83333333333;2024-07-26T00:00:00+02:00
1293;27202.58333333333;2024-07-26T01:00:00+02:00
1293;25800.75;2024-07-26T02:00:00+02:00
1293;25083.66666666667;2024-07-26T03:00:00+02:00
1293;24809.75;2024-07-26T04:00:00+02:00
1293;24928.33333333333;2024-07-26T05:00:00+02:00
1293;26648.91666666667;2024-07-26T06:00:00+02:00
1293;28267.58333333333;2024-07-26T07:00:00+02:00
1293;29473.83333333333;2024-07-26T08:00:00+02:00
1293;30777.08333333333;2024-07-26T09:00:00+02:00
1293;31278.58333333333;2024-07-26T10:00:00+02:00
1293;31829.66666666667;2024-07-26T11:00:00+02:00
1293;32435.16666666667;2024-07-26T12:00:00+02:00
1293;32973.91666666667;2024-07-26T13:00:00+02:00
1293;33071.91666666667;2024-07-26T14:00:00+02:00
1293;32555.41666666667;2024-07-26T15:00:00+02:00
1293;32436.25;2024-07-26T16:00:00+02:00
1293;32686.33333333333;2024-07-26T17:00:00+02:00
1293;32859.33333333334;2024-07-26T18:00:00+02:00
1293;33247.0;2024-07-26T19:00:00+02:00
1293;33073.75;2024-07-26T20:00:00+02:00
1293;32698.41666666667;2024-07-26T21:00:00+02:00
1293;31665.41666666667;2024-07-26T22:00:00+02:00
1293;29478.75;2024-07-26T23:00:00+02:00
1293;28258.75;2024-07-27T00:00:00+02:00
1293;26652.25;2024-07-27T01:00:00+02:00
1293;25185.0;2024-07-27T02:00:00+02:00
1293;24291.41666666667;2024-07-27T03:00:00+02:00
1293;23659.33333333333;2024-07-27T04:00:00+02:00
1293;23373.83333333333;2024-07-27T05:00:00+02:00
1293;23643.25;2024-07-27T06:00:00+02:00
1293;23797.25;2024-07-27T07:00:00+02:00
1293;24809.66666666667;2024-07-27T08:00:00+02:00
1293;26164.75;2024-07-27T09:00:00+02:00
1293;27232.0;2024-07-27T10:00:00+02:00
1293;27637.41666666667;2024-07-27T11:00:00+02:00
1293;28191.75;2024-07-27T12:00:00+02:00
1293;28914.58333333333;2024-07-27T13:00:00+02:00
1293;29223.75;2024-07-27T14:00:00+02:00
1293;29122.58333333333;2024-07-27T15:00:00+02:00
1293;28958.08333333333;2024-07-27T16:00:00+02:00
1293;28967.58333333333;2024-07-27T17:00:00+02:00
1293;29687.58333333333;2024-07-27T18:00:00+02:00
1293;30298.16666666667;2024-07-27T19:00:00+02:00
1293;30709.5;2024-07-27T20:00:00+02:00
1293;31045.08333333333;2024-07-27T21:00:00+02:00
1293;30411.5;2024-07-27T22:00:00+02:00
1293;28344.83333333333;2024-07-27T23:00:00+02:00
1293;26510.25;2024-07-28T00:00:00+02:00
1293;24985.33333333333;2024-07-28T01:00:00+02:00
1293;23671.25;2024-07-28T02:00:00+02:00
1293;22821.58333333333;2024-07-28T03:00:00+02:00
1293;22230.75;2024-07-28T04:00:00+02:00
1293;21936.33333333333;2024-07-28T05:00:00+02:00
1293;22066.41666666667;2024-07-28T06:00:00+02:00
1293;21745.41666666667;2024-07-28T07:00:00+02:00
1293;22147.25;2024-07-28T08:00:00+02:00
1293;23165.83333333333;2024-07-28T09:00:00+02:00
1293;24116.08333333333;2024-07-28T10:00:00+02:00
1293;25218.33333333333;2024-07-28T11:00:00+02:00
1293;25750.5;2024-07-28T12:00:00+02:00
1293;26773.66666666667;2024-07-28T13:00:00+02:00
1293;27620.5;2024-07-28T14:00:00+02:00
1293;27440.58333333333;2024-07-28T15:00:00+02:00
1293;27445.25;2024-07-28T16:00:00+02:00
1293;27906.16666666667;2024-07-28T17:00:00+02:00
1293;28785.16666666667;2024-07-28T18:00:00+02:00
1293;29425.91666666667;2024-07-28T19:00:00+02:00
1293;29995.08333333333;2024-07-28T20:00:00+02:00
1293;30879.83333333333;2024-07-28T21:00:00+02:00
1293;31225.66666666667;2024-07-28T22:00:00+02:00
1293;29470.66666666667;2024-07-28T23:00:00+02:00
1293;27598.75;2024-07-29T00:00:00+02:00
1293;25842.08333333333;2024-07-29T01:00:00+02:00
1293;24433.16666666667;2024-07-29T02:00:00+02:00
1293;23695.08333333333;2024-07-29T03:00:00+02:00
1293;23416.66666666667;2024-07-29T04:00:00+02:00
1293;23786.58333333333;2024-07-29T05:00:00+02:00
1293;26169.25;2024-07-29T06:00:00+02:00
1293;28564.16666666667;2024-07-29T07:00:00+02:00
1293;30188.25;2024-07-29T08:00:00+02:00
1293;31930.75;2024-07-29T09:00:00+02:00
1293;32782.5;2024-07-29T10:00:00+02:00
1293;33385.33333333334;2024-07-29T11:00:00+02:00
1293;34034.41666666667;2024-07-29T12:00:00+02:00
1293;34890.5;2024-07-29T13:00:00+02:00
1293;35136.16666666667;2024-07-29T14:00:00+02:00
1293;34818.33333333334;2024-07-29T15:00:00+02:00
1293;34887.58333333334;2024-07-29T16:00:00+02:00
1293;35071.08333333334;2024-07-29T17:00:00+02:00
1293;35256.58333333334;2024-07-29T18:00:00+02:00
1293;35166.41666666667;2024-07-29T19:00:00+02:00
1293;34898.5;2024-07-29T20:00:00+02:00
1293;34786.16666666667;2024-07-29T21:00:00+02:00
1293;33517.66666666667;2024-07-29T22:00:00+02:00
1293;31024.66666666667;2024-07-29T23:00:00+02:00
1293;29382.0;2024-07-30T00:00:00+02:00
1293;27617.91666666667;2024-07-30T01:00:00+02:00
1293;26212.5;2024-07-30T02:00:00+02:00
1293;25443.66666666667;2024-07-30T03:00:00+02:00
1293;25092.5;2024-07-30T04:00:00+02:00
1293;25411.91666666667;2024-07-30T05:00:00+02:00
1293;27563.08333333333;2024-07-30T06:00:00+02:00
1293;29527.33333333333;2024-07-30T07:00:00+02:00
1293;30723.5;2024-07-30T08:00:00+02:00
1293;31909.33333333333;2024-07-30T09:00:00+02:00
1293;32970.91666666667;2024-07-30T10:00:00+02:00
1293;34045.08333333334;2024-07-30T11:00:00+02:00
1293;34660.58333333334;2024-07-30T12:00:00+02:00
1293;35497.66666666667;2024-07-30T13:00:00+02:00
1293;35830.5;2024-07-30T14:00:00+02:00
1293;35618.5;2024-07-30T15:00:00+02:00
1293;35524.66666666667;2024-07-30T16:00:00+02:00
1293;35709.83333333334;2024-07-30T17:00:00+02:00
1293;35580.91666666667;2024-07-30T18:00:00+02:00
1293;35660.91666666667;2024-07-30T19:00:00+02:00
1293;35455.33333333334;2024-07-30T20:00:00+02:00
1293;35337.0;2024-07-30T21:00:00+02:00
1293;34477.91666666667;2024-07-30T22:00:00+02:00
1293;32105.33333333333;2024-07-30T23:00:00+02:00
1293;30188.08333333333;2024-07-31T00:00:00+02:00
1293;28228.41666666667;2024-07-31T01:00:00+02:00
1293;26696.91666666667;2024-07-31T02:00:00+02:00
1293;25801.08333333333;2024-07-31T03:00:00+02:00
1293;25372.41666666667;2024-07-31T04:00:00+02:00
1293;25128.25;2024-07-31T05:00:00+02:00
1293;26643.83333333333;2024-07-31T06:00:00+02:00
1293;28416.83333333333;2024-07-31T07:00:00+02:00
1293;29660.33333333333;2024-07-31T08:00:00+02:00
1293;31228.16666666667;2024-07-31T09:00:00+02:00
1293;32193.5;2024-07-31T10:00:00+02:00
1293;32998.25;2024-07-31T11:00:00+02:00
1293;33884.08333333334;2024-07-31T12:00:00+02:00
1293;34757.91666666667;2024-07-31T13:00:00+02:00
1293;35116.16666666667;2024-07-31T14:00:00+02:00
1293;34808.58333333334;2024-07-31T15:00:00+02:00
1293;34724.0;2024-07-31T16:00:00+02:00
1293;34996.08333333334;2024-07-31T17:00:00+02:00
1293;35190.16666666667;2024-07-31T18:00:00+02:00
1293;35428.25;2024-07-31T19:00:00+02:00
1293;35507.0;2024-07-31T20:00:00+02:00
1293;35428.66666666667;2024-07-31T21:00:00+02:00
1293;34432.83333333334;2024-07-31T22:00:00+02:00
1293;31939.41666666667;2024-07-31T23:00:00+02:00
1293;30130.33333333333;2024-08-01T00:00:00+02:00
1293;28212.58333333333;2024-08-01T01:00:00+02:00
1293;26787.33333333333;2024-08-01T02:00:00+02:00
1293;25981.25;2024-08-01T03:00:00+02:00
1293;25380.5;2024-08-01T04:00:00+02:00
1293;25481.41666666667;2024-08-01T05:00:00+02:00
1293;27102.66666666667;2024-08-01T06:00:00+02:00
1293;29022.0;2024-08-01T07:00:00+02:00
1293;30107.0;2024-08-01T08:00:00+02:00
1293;31508.0;2024-08-01T09:00:00+02:00
1293;32510.58333333333;2024-08-01T10:00:00+02:00
1293;33233.66666666667;2024-08-01T11:00:00+02:00
1293;34251.5;2024-08-01T12:00:00+02:00
1293;35295.58333333334;2024-08-01T13:00:00+02:00
1293;35648.83333333334;2024-08-01T14:00:00+02:00
1293;35373.33333333334;2024-08-01T15:00:00+02:00
1293;35315.66666666667;2024-08-01T16:00:00+02:00
1293;35422.91666666667;2024-08-01T17:00:00+02:00
1293;35636.58333333334;2024-08-01T18:00:00+02:00
1293;35596.0;2024-08-01T19:00:00+02:00
1293;35502.83333333334;2024-08-01T20:00:00+02:00
1293;35204.58333333334;2024-08-01T21:00:00+02:00
1293;34033.0;2024-08-01T22:00:00+02:00
1293;31766.33333333333;2024-08-01T23:00:00+02:00
1293;30081.0;2024-08-02T00:00:00+02:00
1293;28209.08333333333;2024-08-02T01:00:00+02:00
1293;26686.5;2024-08-02T02:00:00+02:00
1293;25809.0;2024-08-02T03:00:00+02:00
1293;25455.58333333333;2024-08-02T04:00:00+02:00
1293;25473.08333333333;2024-08-02T05:00:00+02:00
1293;27071.83333333333;2024-08-02T06:00:00+02:00
1293;28749.58333333333;2024-08-02T07:00:00+02:00
1293;30090.75;2024-08-02T08:00:00+02:00
1293;31248.66666666667;2024-08-02T09:00:00+02:00
1293;32162.0;2024-08-02T10:00:00+02:00
1293;32784.5;2024-08-02T11:00:00+02:00
1293;33412.25;2024-08-02T12:00:00+02:00
1293;34104.91666666667;2024-08-02T13:00:00+02:00
1293;34171.16666666667;2024-08-02T14:00:00+02:00
1293;33322.41666666667;2024-08-02T15:00:00+02:00
1293;33251.5;2024-08-02T16:00:00+02:00
1293;33502.5;2024-08-02T17:00:00+02:00
1293;33616.83333333334;2024-08-02T18:00:00+02:00
1293;33489.58333333334;2024-08-02T19:00:00+02:00
1293;33086.41666666667;2024-08-02T20:00:00+02:00
1293;32725.25;2024-08-02T21:00:00+02:00
1293;31126.08333333333;2024-08-02T22:00:00+02:00
1293;29234.0;2024-08-02T23:00:00+02:00
1293;27789.16666666667;2024-08-03T00:00:00+02:00
1293;26040.91666666667;2024-08-03T01:00:00+02:00
1293;25255.41666666667;2024-08-03T02:00:00+02:00
1293;24301.66666666667;2024-08-03T03:00:00+02:00
1293;23551.25;2024-08-03T04:00:00+02:00
1293;23160.58333333333;2024-08-03T05:00:00+02:00
1293;23525.0;2024-08-03T06:00:00+02:00
1293;23639.75;2024-08-03T07:00:00+02:00
1293;24358.08333333333;2024-08-03T08:00:00+02:00
1293;25413.5;2024-08-03T09:00:00+02:00
1293;26371.83333333333;2024-08-03T10:00:00+02:00
1293;26922.66666666667;2024-08-03T11:00:00+02:00
1293;27394.58333333333;2024-08-03T12:00:00+02:00
1293;28148.08333333333;2024-08-03T13:00:00+02:00
1293;28515.58333333333;2024-08-03T14:00:00+02:00
1293;28310.75;2024-08-03T15:00:00+02:00
1293;28215.0;2024-08-03T16:00:00+02:00
1293;28566.16666666667;2024-08-03T17:00:00+02:00
1293;29143.0;2024-08-03T18:00:00+02:00
1293;29795.58333333333;2024-08-03T19:00:00+02:00
1293;30298.91666666667;2024-08-03T20:00:00+02:00
1293;30661.91666666667;2024-08-03T21:00:00+02:00
1293;30167.0;2024-08-03T22:00:00+02:00
1293;28314.41666666667;2024-08-03T23:00:00+02:00
1293;26579.16666666667;2024-08-04T00:00:00+02:00
1293;25056.66666666667;2024-08-04T01:00:00+02:00
1293;23760.41666666667;2024-08-04T02:00:00+02:00
1293;22936.66666666667;2024-08-04T03:00:00+02:00
1293;22235.08333333333;2024-08-04T04:00:00+02:00
1293;22108.33333333333;2024-08-04T05:00:00+02:00
1293;22259.5;2024-08-04T06:00:00+02:00
1293;21900.08333333333;2024-08-04T07:00:00+02:00
1293;22064.75;2024-08-04T08:00:00+02:00
1293;22727.58333333333;2024-08-04T09:00:00+02:00
1293;23867.25;2024-08-04T10:00:00+02:00
1293;24675.25;2024-08-04T11:00:00+02:00
1293;25489.91666666667;2024-08-04T12:00:00+02:00
1293;26498.16666666667;2024-08-04T13:00:00+02:00
1293;27070.75;2024-08-04T14:00:00+02:00
1293;27014.0;2024-08-04T15:00:00+02:00
1293;26842.16666666667;2024-08-04T16:00:00+02:00
1293;27216.25;2024-08-04T17:00:00+02:00
1293;27957.0;2024-08-04T18:00:00+02:00
1293;28806.75;2024-08-04T19:00:00+02:00
1293;29488.41666666667;2024-08-04T20:00:00+02:00
1293;30565.25;2024-08-04T21:00:00+02:00
1293;30727.0;2024-08-04T22:00:00+02:00
1293;28935.16666666667;2024-08-04T23:00:00+02:00
1293;27028.75;2024-08-05T00:00:00+02:00
1293;25342.41666666667;2024-08-05T01:00:00+02:00
1293;24005.08333333333;2024-08-05T02:00:00+02:00
1293;23135.5;2024-08-05T03:00:00+02:00
1293;22731.41666666667;2024-08-05T04:00:00+02:00
1293;22983.33333333333;2024-08-05T05:00:00+02:00
1293;24903.83333333333;2024-08-05T06:00:00+02:00
1293;26783.83333333333;2024-08-05T07:00:00+02:00
1293;28084.91666666667;2024-08-05T08:00:00+02:00
1293;29427.41666666667;2024-08-05T09:00:00+02:00
1293;30250.5;2024-08-05T10:00:00+02:00
1293;30780.33333333333;2024-08-05T11:00:00+02:00
1293;31490.75;2024-08-05T12:00:00+02:00
1293;32536.75;2024-08-05T13:00:00+02:00
1293;32969.5;2024-08-05T14:00:00+02:00
1293;32664.16666666667;2024-08-05T15:00:00+02:00
1293;32435.58333333333;2024-08-05T16:00:00+02:00
1293;32762.33333333333;2024-08-05T17:00:00+02:00
1293;33039.58333333334;2024-08-05T18:00:00+02:00
1293;33110.16666666667;2024-08-05T19:00:00+02:00
1293;33055.16666666667;2024-08-05T20:00:00+02:00
1293;33362.66666666667;2024-08-05T21:00:00+02:00
1293;32264.5;2024-08-05T22:00:00+02:00
1293;29830.58333333333;2024-08-05T23:00:00+02:00
1293;28003.16666666667;2024-08-06T00:00:00+02:00
1293;26193.58333333333;2024-08-06T01:00:00+02:00
1293;24970.58333333333;2024-08-06T02:00:00+02:00
1293;24226.16666666667;2024-08-06T03:00:00+02:00
1293;23756.41666666667;2024-08-06T04:00:00+02:00
1293;23878.08333333333;2024-08-06T05:00:00+02:00
1293;25526.0;2024-08-06T06:00:00+02:00
1293;27277.5;2024-08-06T07:00:00+02:00
1293;28371.0;2024-08-06T08:00:00+02:00
1293;29481.58333333333;2024-08-06T09:00:00+02:00
1293;30116.83333333333;2024-08-06T10:00:00+02:00
1293;30674.66666666667;2024-08-06T11:00:00+02:00
1293;31675.75;2024-08-06T12:00:00+02:00
1293;32649.83333333333;2024-08-06T13:00:00+02:00
1293;33027.58333333334;2024-08-06T14:00:00+02:00
1293;32749.5;2024-08-06T15:00:00+02:00
1293;32580.75;2024-08-06T16:00:00+02:00
1293;32826.25;2024-08-06T17:00:00+02:00
1293;33073.41666666667;2024-08-06T18:00:00+02:00
1293;33261.91666666667;2024-08-06T19:00:00+02:00
1293;33363.58333333334;2024-08-06T20:00:00+02:00
1293;34068.5;2024-08-06T21:00:00+02:00
1293;32839.66666666667;2024-08-06T22:00:00+02:00
1293;30577.25;2024-08-06T23:00:00+02:00
1293;28771.33333333333;2024-08-07T00:00:00+02:00
1293;26959.41666666667;2024-08-07T01:00:00+02:00
1293;25578.83333333333;2024-08-07T02:00:00+02:00
1293;24669.75;2024-08-07T03:00:00+02:00
1293;24157.08333333333;2024-08-07T04:00:00+02:00
1293;24252.75;2024-08-07T05:00:00+02:00
1293;25901.33333333333;2024-08-07T06:00:00+02:00
1293;27634.91666666667;2024-08-07T07:00:00+02:00
1293;28531.41666666667;2024-08-07T08:00:00+02:00
1293;29236.91666666667;2024-08-07T09:00:00+02:00
1293;30325.66666666667;2024-08-07T10:00:00+02:00
1293;30775.0;2024-08-07T11:00:00+02:00
1293;31632.0;2024-08-07T12:00:00+02:00
1293;32553.58333333333;2024-08-07T13:00:00+02:00
1293;32811.66666666667;2024-08-07T14:00:00+02:00
1293;32586.16666666667;2024-08-07T15:00:00+02:00
1293;32495.08333333333;2024-08-07T16:00:00+02:00
1293;32646.75;2024-08-07T17:00:00+02:00
1293;32926.5;2024-08-07T18:00:00+02:00
1293;33116.75;2024-08-07T19:00:00+02:00
1293;33402.16666666667;2024-08-07T20:00:00+02:00
1293;33790.33333333334;2024-08-07T21:00:00+02:00
1293;32645.33333333333;2024-08-07T22:00:00+02:00
1293;30287.16666666667;2024-08-07T23:00:00+02:00
1293;28409.25;2024-08-08T00:00:00+02:00
1293;26727.33333333333;2024-08-08T01:00:00+02:00
1293;25253.33333333333;2024-08-08T02:00:00+02:00
1293;24325.08333333333;2024-08-08T03:00:00+02:00
1293;23907.33333333333;2024-08-08T04:00:00+02:00
1293;23988.0;2024-08-08T05:00:00+02:00
1293;25486.5;2024-08-08T06:00:00+02:00
1293;27173.25;2024-08-08T07:00:00+02:00
1293;28229.41666666667;2024-08-08T08:00:00+02:00
1293;29473.08333333333;2024-08-08T09:00:00+02:00
1293;30310.75;2024-08-08T10:00:00+02:00
1293;30827.33333333333;2024-08-08T11:00:00+02:00
1293;31745.08333333333;2024-08-08T12:00:00+02:00
1293;32754.16666666667;2024-08-08T13:00:00+02:00
1293;33216.58333333334;2024-08-08T14:00:00+02:00
1293;32893.0;2024-08-08T15:00:00+02:00
1293;32711.75;2024-08-08T16:00:00+02:00
1293;32909.16666666667;2024-08-08T17:00:00+02:00
1293;33275.75;2024-08-08T18:00:00+02:00
1293;33485.25;2024-08-08T19:00:00+02:00
1293;33763.16666666667;2024-08-08T20:00:00+02:00
1293;34053.33333333334;2024-08-08T21:00:00+02:00
1293;32870.75;2024-08-08T22:00:00+02:00
1293;30679.41666666667;2024-08-08T23:00:00+02:00
1293;28860.25;2024-08-09T00:00:00+02:00
1293;27072.91666666667;2024-08-09T01:00:00+02:00
1293;25672.08333333333;2024-08-09T02:00:00+02:00
1293;24723.91666666667;2024-08-09T03:00:00+02:00
1293;24089.0;2024-08-09T04:00:00+02:00
1293;24100.16666666667;2024-08-09T05:00:00+02:00
1293;25727.16666666667;2024-08-09T06:00:00+02:00
1293;27349.41666666667;2024-08-09T07:00:00+02:00
1293;28501.41666666667;2024-08-09T08:00:00+02:00
1293;29777.25;2024-08-09T09:00:00+02:00
1293;30415.41666666667;2024-08-09T10:00:00+02:00
1293;31006.41666666667;2024-08-09T11:00:00+02:00
1293;31546.16666666667;2024-08-09T12:00:00+02:00
1293;32590.66666666667;2024-08-09T13:00:00+02:00
1293;32968.08333333334;2024-08-09T14:00:00+02:00
1293;32694.08333333333;2024-08-09T15:00:00+02:00
1293;32502.66666666667;2024-08-09T16:00:00+02:00
1293;32758.66666666667;2024-08-09T17:00:00+02:00
1293;33202.25;2024-08-09T18:00:00+02:00
1293;33526.08333333334;2024-08-09T19:00:00+02:00
1293;33572.16666666667;2024-08-09T20:00:00+02:00
1293;33387.58333333334;2024-08-09T21:00:00+02:00
1293;32057.5;2024-08-09T22:00:00+02:00
1293;29869.58333333333;2024-08-09T23:00:00+02:00
1293;28596.16666666667;2024-08-10T00:00:00+02:00
1293;26831.33333333333;2024-08-10T01:00:00+02:00
1293;25297.66666666667;2024-08-10T02:00:00+02:00
1293;24201.58333333333;2024-08-10T03:00:00+02:00
1293;23555.75;2024-08-10T04:00:00+02:00
1293;23299.25;2024-08-10T05:00:00+02:00
1293;23583.41666666667;2024-08-10T06:00:00+02:00
1293;23786.91666666667;2024-08-10T07:00:00+02:00
1293;24223.0;2024-08-10T08:00:00+02:00
1293;25339.33333333333;2024-08-10T09:00:00+02:00
1293;26559.16666666667;2024-08-10T10:00:00+02:00
1293;27380.25;2024-08-10T11:00:00+02:00
1293;28073.33333333333;2024-08-10T12:00:00+02:00
1293;28970.0;2024-08-10T13:00:00+02:00
1293;29730.41666666667;2024-08-10T14:00:00+02:00
1293;29531.08333333333;2024-08-10T15:00:00+02:00
1293;29389.33333333333;2024-08-10T16:00:00+02:00
1293;29749.25;2024-08-10T17:00:00+02:00
1293;30330.41666666667;2024-08-10T18:00:00+02:00
1293;31007.08333333333;2024-08-10T19:00:00+02:00
1293;31248.91666666667;2024-08-10T20:00:00+02:00
1293;31929.33333333333;2024-08-10T21:00:00+02:00
1293;30832.66666666667;2024-08-10T22:00:00+02:00
1293;28954.5;2024-08-10T23:00:00+02:00
1293;27116.25;2024-08-11T00:00:00+02:00
1293;25293.91666666667;2024-08-11T01:00:00+02:00
1293;24040.5;2024-08-11T02:00:00+02:00
1293;23104.0;2024-08-11T03:00:00+02:00
1293;22550.58333333333;2024-08-11T04:00:00+02:00
1293;22127.75;2024-08-11T05:00:00+02:00
1293;22197.75;2024-08-11T06:00:00+02:00
1293;21980.66666666667;2024-08-11T07:00:00+02:00
1293;22075.83333333333;2024-08-11T08:00:00+02:00
1293;22881.91666666667;2024-08-11T09:00:00+02:00
1293;23968.5;2024-08-11T10:00:00+02:00
1293;24687.75;2024-08-11T11:00:00+02:00
1293;25506.25;2024-08-11T12:00:00+02:00
1293;26574.16666666667;2024-08-11T13:00:00+02:00
1293;27240.75;2024-08-11T14:00:00+02:00
1293;27261.66666666667;2024-08-11T15:00:00+02:00
1293;27284.16666666667;2024-08-11T16:00:00+02:00
1293;27813.08333333333;2024-08-11T17:00:00+02:00
1293;28527.0;2024-08-11T18:00:00+02:00
1293;29298.91666666667;2024-08-11T19:00:00+02:00
1293;30005.75;2024-08-11T20:00:00+02:00
1293;31053.33333333333;2024-08-11T21:00:00+02:00
1293;30847.25;2024-08-11T22:00:00+02:00
1293;28844.16666666667;2024-08-11T23:00:00+02:00
1293;26841.75;2024-08-12T00:00:00+02:00
1293;25259.58333333333;2024-08-12T01:00:00+02:00
1293;24113.83333333333;2024-08-12T02:00:00+02:00
1293;23291.91666666667;2024-08-12T03:00:00+02:00
1293;23017.58333333333;2024-08-12T04:00:00+02:00
1293;23122.0;2024-08-12T05:00:00+02:00
1293;24676.0;2024-08-12T06:00:00+02:00
1293;26201.16666666667;2024-08-12T07:00:00+02:00
1293;27419.83333333333;2024-08-12T08:00:00+02:00
1293;28780.5;2024-08-12T09:00:00+02:00
1293;29599.5;2024-08-12T10:00:00+02:00
1293;30246.5;2024-08-12T11:00:00+02:00
1293;31030.75;2024-08-12T12:00:00+02:00
1293;32028.58333333333;2024-08-12T13:00:00+02:00
1293;32516.25;2024-08-12T14:00:00+02:00
1293;32243.5;2024-08-12T15:00:00+02:00
1293;32212.0;2024-08-12T16:00:00+02:00
1293;32567.0;2024-08-12T17:00:00+02:00
1293;32766.75;2024-08-12T18:00:00+02:00
1293;32683.91666666667;2024-08-12T19:00:00+02:00
1293;32656.75;2024-08-12T20:00:00+02:00
1293;33125.5;2024-08-12T21:00:00+02:00
1293;31725.58333333333;2024-08-12T22:00:00+02:00
1293;29368.33333333333;2024-08-12T23:00:00+02:00
1293;27632.0;2024-08-13T00:00:00+02:00
1293;25893.16666666667;2024-08-13T01:00:00+02:00
1293;24633.25;2024-08-13T02:00:00+02:00
1293;23973.58333333333;2024-08-13T03:00:00+02:00
1293;23680.08333333333;2024-08-13T04:00:00+02:00
1293;23712.08333333333;2024-08-13T05:00:00+02:00
1293;25010.83333333333;2024-08-13T06:00:00+02:00
1293;26455.75;2024-08-13T07:00:00+02:00
1293;27323.25;2024-08-13T08:00:00+02:00
1293;28697.25;2024-08-13T09:00:00+02:00
1293;29287.08333333333;2024-08-13T10:00:00+02:00
1293;30079.33333333333;2024-08-13T11:00:00+02:00
1293;30941.66666666667;2024-08-13T12:00:00+02:00
1293;31800.16666666667;2024-08-13T13:00:00+02:00
1293;32240.75;2024-08-13T14:00:00+02:00
1293;31728.0;2024-08-13T15:00:00+02:00
1293;31091.08333333333;2024-08-13T16:00:00+02:00
1293;31049.5;2024-08-13T17:00:00+02:00
1293;30933.91666666667;2024-08-13T18:00:00+02:00
1293;30711.5;2024-08-13T19:00:00+02:00
1293;30857.91666666667;2024-08-13T20:00:00+02:00
1293;31429.25;2024-08-13T21:00:00+02:00
1293;29909.16666666667;2024-08-13T22:00:00+02:00
1293;27753.41666666667;2024-08-13T23:00:00+02:00
1293;26284.33333333333;2024-08-14T00:00:00+02:00
1293;24896.0;2024-08-14T01:00:00+02:00
1293;23859.0;2024-08-14T02:00:00+02:00
1293;23146.25;2024-08-14T03:00:00+02:00
1293;22656.41666666667;2024-08-14T04:00:00+02:00
1293;22852.5;2024-08-14T05:00:00+02:00
1293;24255.16666666667;2024-08-14T06:00:00+02:00
1293;25805.75;2024-08-14T07:00:00+02:00
1293;26783.66666666667;2024-08-14T08:00:00+02:00
1293;27575.58333333333;2024-08-14T09:00:00+02:00
1293;28197.58333333333;2024-08-14T10:00:00+02:00
1293;28488.0;2024-08-14T11:00:00+02:00
1293;29003.25;2024-08-14T12:00:00+02:00
1293;29672.0;2024-08-14T13:00:00+02:00
1293;30119.08333333333;2024-08-14T14:00:00+02:00
1293;29118.58333333333;2024-08-14T15:00:00+02:00
1293;28628.41666666667;2024-08-14T16:00:00+02:00
1293;28727.41666666667;2024-08-14T17:00:00+02:00
1293;28541.25;2024-08-14T18:00:00+02:00
1293;28712.16666666667;2024-08-14T19:00:00+02:00
1293;28979.91666666667;2024-08-14T20:00:00+02:00
1293;29604.25;2024-08-14T21:00:00+02:00
1293;28245.5;2024-08-14T22:00:00+02:00
1293;26363.41666666667;2024-08-14T23:00:00+02:00
1293;25026.41666666667;2024-08-15T00:00:00+02:00
1293;23809.91666666667;2024-08-15T01:00:00+02:00
1293;22673.58333333333;2024-08-15T02:00:00+02:00
1293;21847.83333333333;2024-08-15T03:00:00+02:00
1293;21409.75;2024-08-15T04:00:00+02:00
1293;21203.41666666667;2024-08-15T05:00:00+02:00
1293;21492.16666666667;2024-08-15T06:00:00+02:00
1293;21654.66666666667;2024-08-15T07:00:00+02:00
1293;21767.91666666667;2024-08-15T08:00:00+02:00
1293;22342.66666666667;2024-08-15T09:00:00+02:00
1293;22712.83333333333;2024-08-15T10:00:00+02:00
1293;22972.41666666667;2024-08-15T11:00:00+02:00
1293;23318.41666666667;2024-08-15T12:00:00+02:00
1293;24006.91666666667;2024-08-15T13:00:00+02:00
1293;24433.25;2024-08-15T14:00:00+02:00
1293;24099.83333333333;2024-08-15T15:00:00+02:00
1293;24022.91666666667;2024-08-15T16:00:00+02:00
1293;24375.41666666667;2024-08-15T17:00:00+02:00
1293;25036.83333333333;2024-08-15T18:00:00+02:00
1293;25942.16666666667;2024-08-15T19:00:00+02:00
1293;26547.75;2024-08-15T20:00:00+02:00
1293;27808.75;2024-08-15T21:00:00+02:00
1293;27452.66666666667;2024-08-15T22:00:00+02:00
1293;25779.41666666667;2024-08-15T23:00:00+02:00
1293;24315.0;2024-08-16T00:00:00+02:00
1293;22811.25;2024-08-16T01:00:00+02:00
1293;21850.75;2024-08-16T02:00:00+02:00
1293;21165.66666666667;2024-08-16T03:00:00+02:00
1293;20831.0;2024-08-16T04:00:00+02:00
1293;20884.41666666667;2024-08-16T05:00:00+02:00
1293;21975.25;2024-08-16T06:00:00+02:00
1293;23111.75;2024-08-16T07:00:00+02:00
1293;23781.0;2024-08-16T08:00:00+02:00
1293;24568.66666666667;2024-08-16T09:00:00+02:00
1293;25103.08333333333;2024-08-16T10:00:00+02:00
1293;25590.25;2024-08-16T11:00:00+02:00
1293;25854.0;2024-08-16T12:00:00+02:00
1293;26643.33333333333;2024-08-16T13:00:00+02:00
1293;27343.91666666667;2024-08-16T14:00:00+02:00
1293;26839.75;2024-08-16T15:00:00+02:00
1293;26790.58333333333;2024-08-16T16:00:00+02:00
1293;27237.16666666667;2024-08-16T17:00:00+02:00
1293;27906.75;2024-08-16T18:00:00+02:00
1293;28410.08333333333;2024-08-16T19:00:00+02:00
1293;28877.08333333333;2024-08-16T20:00:00+02:00
1293;29581.5;2024-08-16T21:00:00+02:00
1293;28548.25;2024-08-16T22:00:00+02:00
1293;26606.16666666667;2024-08-16T23:00:00+02:00
1293;25506.33333333333;2024-08-17T00:00:00+02:00
1293;24161.66666666667;2024-08-17T01:00:00+02:00
1293;22944.5;2024-08-17T02:00:00+02:00
1293;21983.25;2024-08-17T03:00:00+02:00
1293;21436.0;2024-08-17T04:00:00+02:00
1293;21157.83333333333;2024-08-17T05:00:00+02:00
1293;21534.08333333333;2024-08-17T06:00:00+02:00
1293;21906.83333333333;2024-08-17T07:00:00+02:00
1293;22363.66666666667;2024-08-17T08:00:00+02:00
1293;23406.0;2024-08-17T09:00:00+02:00
1293;24467.08333333333;2024-08-17T10:00:00+02:00
1293;24932.08333333333;2024-08-17T11:00:00+02:00
1293;25383.08333333333;2024-08-17T12:00:00+02:00
1293;26108.16666666667;2024-08-17T13:00:00+02:00
1293;26503.91666666667;2024-08-17T14:00:00+02:00
1293;26395.91666666667;2024-08-17T15:00:00+02:00
1293;26256.41666666667;2024-08-17T16:00:00+02:00
1293;26588.41666666667;2024-08-17T17:00:00+02:00
1293;27451.58333333333;2024-08-17T18:00:00+02:00
1293;27949.58333333333;2024-08-17T19:00:00+02:00
1293;28518.5;2024-08-17T20:00:00+02:00
1293;29752.41666666667;2024-08-17T21:00:00+02:00
1293;28519.5;2024-08-17T22:00:00+02:00
1293;26619.75;2024-08-17T23:00:00+02:00
1293;25066.66666666667;2024-08-18T00:00:00+02:00
1293;23671.91666666667;2024-08-18T01:00:00+02:00
1293;22486.25;2024-08-18T02:00:00+02:00
1293;21643.25;2024-08-18T03:00:00+02:00
1293;21027.41666666667;2024-08-18T04:00:00+02:00
1293;20816.5;2024-08-18T05:00:00+02:00
1293;20848.91666666667;2024-08-18T06:00:00+02:00
1293;20905.91666666667;2024-08-18T07:00:00+02:00
1293;20954.16666666667;2024-08-18T08:00:00+02:00
1293;21728.16666666667;2024-08-18T09:00:00+02:00
1293;22712.0;2024-08-18T10:00:00+02:00
1293;23335.83333333333;2024-08-18T11:00:00+02:00
1293;24165.5;2024-08-18T12:00:00+02:00
1293;25266.41666666667;2024-08-18T13:00:00+02:00
1293;25860.33333333333;2024-08-18T14:00:00+02:00
1293;25492.75;2024-08-18T15:00:00+02:00
1293;25207.75;2024-08-18T16:00:00+02:00
1293;25519.25;2024-08-18T17:00:00+02:00
1293;26267.5;2024-08-18T18:00:00+02:00
1293;26812.0;2024-08-18T19:00:00+02:00
1293;27490.25;2024-08-18T20:00:00+02:00
1293;29112.08333333333;2024-08-18T21:00:00+02:00
1293;28821.58333333333;2024-08-18T22:00:00+02:00
1293;27038.08333333333;2024-08-18T23:00:00+02:00
1293;25464.83333333333;2024-08-19T00:00:00+02:00
1293;23890.5;2024-08-19T01:00:00+02:00
1293;22576.66666666667;2024-08-19T02:00:00+02:00
1293;21908.25;2024-08-19T03:00:00+02:00
1293;21676.5;2024-08-19T04:00:00+02:00
1293;21947.33333333333;2024-08-19T05:00:00+02:00
1293;23745.0;2024-08-19T06:00:00+02:00
1293;25454.5;2024-08-19T07:00:00+02:00
1293;26466.83333333333;2024-08-19T08:00:00+02:00
1293;27538.83333333333;2024-08-19T09:00:00+02:00
1293;27980.83333333333;2024-08-19T10:00:00+02:00
1293;28256.0;2024-08-19T11:00:00+02:00
1293;28688.41666666667;2024-08-19T12:00:00+02:00
1293;29595.66666666667;2024-08-19T13:00:00+02:00
1293;30082.08333333333;2024-08-19T14:00:00+02:00
1293;29828.91666666667;2024-08-19T15:00:00+02:00
1293;29763.08333333333;2024-08-19T16:00:00+02:00
1293;30284.08333333333;2024-08-19T17:00:00+02:00
1293;30824.16666666667;2024-08-19T18:00:00+02:00
1293;31008.33333333333;2024-08-19T19:00:00+02:00
1293;31376.41666666667;2024-08-19T20:00:00+02:00
1293;32157.58333333333;2024-08-19T21:00:00+02:00
1293;30812.33333333333;2024-08-19T22:00:00+02:00
1293;28539.91666666667;2024-08-19T23:00:00+02:00
1293;27055.25;2024-08-20T00:00:00+02:00
1293;25462.5;2024-08-20T01:00:00+02:00
1293;24287.25;2024-08-20T02:00:00+02:00
1293;23523.41666666667;2024-08-20T03:00:00+02:00
1293;23273.08333333333;2024-08-20T04:00:00+02:00
1293;23383.41666666667;2024-08-20T05:00:00+02:00
1293;24804.0;2024-08-20T06:00:00+02:00
1293;26449.08333333333;2024-08-20T07:00:00+02:00
1293;27237.08333333333;2024-08-20T08:00:00+02:00
1293;28345.0;2024-08-20T09:00:00+02:00
1293;28707.16666666667;2024-08-20T10:00:00+02:00
1293;28962.25;2024-08-20T11:00:00+02:00
1293;29718.33333333333;2024-08-20T12:00:00+02:00
1293;30615.66666666667;2024-08-20T13:00:00+02:00
1293;31079.08333333333;2024-08-20T14:00:00+02:00
1293;30799.75;2024-08-20T15:00:00+02:00
1293;30608.0;2024-08-20T16:00:00+02:00
1293;31179.75;2024-08-20T17:00:00+02:00
1293;31511.0;2024-08-20T18:00:00+02:00
1293;31886.16666666667;2024-08-20T19:00:00+02:00
1293;32136.83333333333;2024-08-20T20:00:00+02:00
1293;32879.41666666667;2024-08-20T21:00:00+02:00
1293;31194.5;2024-08-20T22:00:00+02:00
1293;28928.75;2024-08-20T23:00:00+02:00
1293;27407.08333333333;2024-08-21T00:00:00+02:00
1293;26027.91666666667;2024-08-21T01:00:00+02:00
1293;24630.75;2024-08-21T02:00:00+02:00
1293;23920.75;2024-08-21T03:00:00+02:00
1293;23673.91666666667;2024-08-21T04:00:00+02:00
1293;23745.91666666667;2024-08-21T05:00:00+02:00
1293;25301.0;2024-08-21T06:00:00+02:00
1293;27039.66666666667;2024-08-21T07:00:00+02:00
1293;27836.5;2024-08-21T08:00:00+02:00
1293;28919.75;2024-08-21T09:00:00+02:00
1293;29444.66666666667;2024-08-21T10:00:00+02:00
1293;29797.58333333333;2024-08-21T11:00:00+02:00
1293;30326.83333333333;2024-08-21T12:00:00+02:00
1293;31336.25;2024-08-21T13:00:00+02:00
1293;31674.0;2024-08-21T14:00:00+02:00
1293;31178.83333333333;2024-08-21T15:00:00+02:00
1293;31135.66666666667;2024-08-21T16:00:00+02:00
1293;31443.16666666667;2024-08-21T17:00:00+02:00
1293;31632.41666666667;2024-08-21T18:00:00+02:00
1293;31848.66666666667;2024-08-21T19:00:00+02:00
1293;32020.33333333333;2024-08-21T20:00:00+02:00
1293;32749.08333333333;2024-08-21T21:00:00+02:00
1293;31081.58333333333;2024-08-21T22:00:00+02:00
1293;28799.25;2024-08-21T23:00:00+02:00
1293;27396.5;2024-08-22T00:00:00+02:00
1293;25896.16666666667;2024-08-22T01:00:00+02:00
1293;24717.08333333333;2024-08-22T02:00:00+02:00
1293;23985.08333333333;2024-08-22T03:00:00+02:00
1293;23562.0;2024-08-22T04:00:00+02:00
1293;23651.75;2024-08-22T05:00:00+02:00
1293;25181.66666666667;2024-08-22T06:00:00+02:00
1293;26728.25;2024-08-22T07:00:00+02:00
1293;27760.08333333333;2024-08-22T08:00:00+02:00
1293;28900.0;2024-08-22T09:00:00+02:00
1293;29592.33333333333;2024-08-22T10:00:00+02:00
1293;29988.91666666667;2024-08-22T11:00:00+02:00
1293;30448.33333333333;2024-08-22T12:00:00+02:00
1293;31372.41666666667;2024-08-22T13:00:00+02:00
1293;31972.58333333333;2024-08-22T14:00:00+02:00
1293;31588.41666666667;2024-08-22T15:00:00+02:00
1293;31624.58333333333;2024-08-22T16:00:00+02:00
1293;31886.08333333333;2024-08-22T17:00:00+02:00
1293;32157.58333333333;2024-08-22T18:00:00+02:00
1293;32064.91666666667;2024-08-22T19:00:00+02:00
1293;32330.91666666667;2024-08-22T20:00:00+02:00
1293;33058.0;2024-08-22T21:00:00+02:00
1293;31323.0;2024-08-22T22:00:00+02:00
1293;29039.41666666667;2024-08-22T23:00:00+02:00
1293;27496.16666666667;2024-08-23T00:00:00+02:00
1293;25957.33333333333;2024-08-23T01:00:00+02:00
1293;24779.83333333333;2024-08-23T02:00:00+02:00
1293;23990.25;2024-08-23T03:00:00+02:00
1293;23565.0;2024-08-23T04:00:00+02:00
1293;23567.0;2024-08-23T05:00:00+02:00
1293;25015.08333333333;2024-08-23T06:00:00+02:00
1293;26875.66666666667;2024-08-23T07:00:00+02:00
1293;27612.58333333333;2024-08-23T08:00:00+02:00
1293;28727.83333333333;2024-08-23T09:00:00+02:00
1293;29675.91666666667;2024-08-23T10:00:00+02:00
1293;30154.25;2024-08-23T11:00:00+02:00
1293;30663.66666666667;2024-08-23T12:00:00+02:00
1293;31637.0;2024-08-23T13:00:00+02:00
1293;31857.25;2024-08-23T14:00:00+02:00
1293;31457.5;2024-08-23T15:00:00+02:00
1293;31210.66666666667;2024-08-23T16:00:00+02:00
1293;31511.33333333333;2024-08-23T17:00:00+02:00
1293;31919.33333333333;2024-08-23T18:00:00+02:00
1293;32131.58333333333;2024-08-23T19:00:00+02:00
1293;32079.58333333333;2024-08-23T20:00:00+02:00
1293;32400.33333333333;2024-08-23T21:00:00+02:00
1293;30559.58333333333;2024-08-23T22:00:00+02:00
1293;28466.75;2024-08-23T23:00:00+02:00
1293;27116.16666666667;2024-08-24T00:00:00+02:00
1293;25735.0;2024-08-24T01:00:00+02:00
1293;24444.5;2024-08-24T02:00:00+02:00
1293;23553.58333333333;2024-08-24T03:00:00+02:00
1293;23053.83333333333;2024-08-24T04:00:00+02:00
1293;22693.75;2024-08-24T05:00:00+02:00
1293;23031.83333333333;2024-08-24T06:00:00+02:00
1293;23440.58333333333;2024-08-24T07:00:00+02:00
1293;23909.41666666667;2024-08-24T08:00:00+02:00
1293;25208.75;2024-08-24T09:00:00+02:00
1293;26368.75;2024-08-24T10:00:00+02:00
1293;26868.08333333333;2024-08-24T11:00:00+02:00
1293;27337.08333333333;2024-08-24T12:00:00+02:00
1293;28089.91666666667;2024-08-24T13:00:00+02:00
1293;28488.5;2024-08-24T14:00:00+02:00
1293;28150.41666666667;2024-08-24T15:00:00+02:00
1293;27891.91666666667;2024-08-24T16:00:00+02:00
1293;28395.83333333333;2024-08-24T17:00:00+02:00
1293;28908.58333333333;2024-08-24T18:00:00+02:00
1293;29497.25;2024-08-24T19:00:00+02:00
1293;29873.5;2024-08-24T20:00:00+02:00
1293;30688.0;2024-08-24T21:00:00+02:00
1293;29247.66666666667;2024-08-24T22:00:00+02:00
1293;27331.91666666667;2024-08-24T23:00:00+02:00
1293;25768.83333333333;2024-08-25T00:00:00+02:00
1293;24354.75;2024-08-25T01:00:00+02:00
1293;23123.16666666667;2024-08-25T02:00:00+02:00
1293;22348.16666666667;2024-08-25T03:00:00+02:00
1293;21969.08333333333;2024-08-25T04:00:00+02:00
1293;21722.5;2024-08-25T05:00:00+02:00
1293;21945.5;2024-08-25T06:00:00+02:00
1293;21880.58333333333;2024-08-25T07:00:00+02:00
1293;21777.16666666667;2024-08-25T08:00:00+02:00
1293;22511.41666666667;2024-08-25T09:00:00+02:00
1293;23077.08333333333;2024-08-25T10:00:00+02:00
1293;23575.25;2024-08-25T11:00:00+02:00
1293;24345.41666666667;2024-08-25T12:00:00+02:00
1293;25439.0;2024-08-25T13:00:00+02:00
1293;26202.91666666667;2024-08-25T14:00:00+02:00
1293;25956.58333333333;2024-08-25T15:00:00+02:00
1293;25753.58333333333;2024-08-25T16:00:00+02:00
1293;26129.33333333333;2024-08-25T17:00:00+02:00
1293;26688.33333333333;2024-08-25T18:00:00+02:00
1293;27217.33333333333;2024-08-25T19:00:00+02:00
1293;28030.25;2024-08-25T20:00:00+02:00
1293;29673.16666666667;2024-08-25T21:00:00+02:00
1293;29047.08333333333;2024-08-25T22:00:00+02:00
1293;27160.83333333333;2024-08-25T23:00:00+02:00
1293;25610.5;2024-08-26T00:00:00+02:00
1293;24042.25;2024-08-26T01:00:00+02:00
1293;22981.33333333333;2024-08-26T02:00:00+02:00
1293;22367.08333333333;2024-08-26T03:00:00+02:00
1293;22113.83333333333;2024-08-26T04:00:00+02:00
1293;22474.41666666667;2024-08-26T05:00:00+02:00
1293;24552.83333333333;2024-08-26T06:00:00+02:00
1293;26845.66666666667;2024-08-26T07:00:00+02:00
1293;28055.0;2024-08-26T08:00:00+02:00
1293;29384.16666666667;2024-08-26T09:00:00+02:00
1293;29962.33333333333;2024-08-26T10:00:00+02:00
1293;30318.58333333333;2024-08-26T11:00:00+02:00
1293;30944.0;2024-08-26T12:00:00+02:00
1293;31618.25;2024-08-26T13:00:00+02:00
1293;31776.25;2024-08-26T14:00:00+02:00
1293;31336.25;2024-08-26T15:00:00+02:00
1293;31222.66666666667;2024-08-26T16:00:00+02:00
1293;31649.33333333333;2024-08-26T17:00:00+02:00
1293;31914.75;2024-08-26T18:00:00+02:00
1293;32023.58333333333;2024-08-26T19:00:00+02:00
1293;32298.25;2024-08-26T20:00:00+02:00
1293;33223.75;2024-08-26T21:00:00+02:00
1293;31348.16666666667;2024-08-26T22:00:00+02:00
1293;29084.91666666667;2024-08-26T23:00:00+02:00
1293;27463.16666666667;2024-08-27T00:00:00+02:00
1293;26043.66666666667;2024-08-27T01:00:00+02:00
1293;24887.33333333333;2024-08-27T02:00:00+02:00
1293;24257.25;2024-08-27T03:00:00+02:00
1293;23945.91666666667;2024-08-27T04:00:00+02:00
1293;24217.5;2024-08-27T05:00:00+02:00
1293;26020.08333333333;2024-08-27T06:00:00+02:00
1293;28015.5;2024-08-27T07:00:00+02:00
1293;29060.0;2024-08-27T08:00:00+02:00
1293;30154.41666666667;2024-08-27T09:00:00+02:00
1293;30742.08333333333;2024-08-27T10:00:00+02:00
1293;31204.75;2024-08-27T11:00:00+02:00
1293;31738.5;2024-08-27T12:00:00+02:00
1293;32492.58333333333;2024-08-27T13:00:00+02:00
1293;32680.66666666667;2024-08-27T14:00:00+02:00
1293;32374.08333333333;2024-08-27T15:00:00+02:00
1293;32392.08333333333;2024-08-27T16:00:00+02:00
1293;32671.83333333333;2024-08-27T17:00:00+02:00
1293;32931.58333333334;2024-08-27T18:00:00+02:00
1293;33081.91666666667;2024-08-27T19:00:00+02:00
1293;33266.41666666667;2024-08-27T20:00:00+02:00
1293;34027.75;2024-08-27T21:00:00+02:00
1293;32142.41666666667;2024-08-27T22:00:00+02:00
1293;29818.16666666667;2024-08-27T23:00:00+02:00
1293;28209.91666666667;2024-08-28T00:00:00+02:00
1293;26657.83333333333;2024-08-28T01:00:00+02:00
1293;25516.5;2024-08-28T02:00:00+02:00
1293;24797.41666666667;2024-08-28T03:00:00+02:00
1293;24414.0;2024-08-28T04:00:00+02:00
1293;24650.08333333333;2024-08-28T05:00:00+02:00
1293;26427.08333333333;2024-08-28T06:00:00+02:00
1293;28514.66666666667;2024-08-28T07:00:00+02:00
1293;29513.33333333333;2024-08-28T08:00:00+02:00
1293;30697.75;2024-08-28T09:00:00+02:00
1293;31310.58333333333;2024-08-28T10:00:00+02:00
1293;31944.41666666667;2024-08-28T11:00:00+02:00
1293;32568.16666666667;2024-08-28T12:00:00+02:00
1293;33162.25;2024-08-28T13:00:00+02:00
1293;33330.08333333334;2024-08-28T14:00:00+02:00
1293;32905.91666666667;2024-08-28T15:00:00+02:00
1293;32753.25;2024-08-28T16:00:00+02:00
1293;33057.41666666667;2024-08-28T17:00:00+02:00
1293;33175.91666666667;2024-08-28T18:00:00+02:00
1293;33209.91666666667;2024-08-28T19:00:00+02:00
1293;33396.5;2024-08-28T20:00:00+02:00
1293;34208.0;2024-08-28T21:00:00+02:00
1293;32140.08333333333;2024-08-28T22:00:00+02:00
1293;29660.75;2024-08-28T23:00:00+02:00
1293;27878.58333333333;2024-08-29T00:00:00+02:00
1293;26484.41666666667;2024-08-29T01:00:00+02:00
1293;25385.75;2024-08-29T02:00:00+02:00
1293;24590.66666666667;2024-08-29T03:00:00+02:00
1293;24248.75;2024-08-29T04:00:00+02:00
1293;24491.08333333333;2024-08-29T05:00:00+02:00
1293;26290.25;2024-08-29T06:00:00+02:00
1293;28420.25;2024-08-29T07:00:00+02:00
1293;29688.41666666667;2024-08-29T08:00:00+02:00
1293;30935.5;2024-08-29T09:00:00+02:00
1293;31674.91666666667;2024-08-29T10:00:00+02:00
1293;31825.08333333333;2024-08-29T11:00:00+02:00
1293;32284.33333333333;2024-08-29T12:00:00+02:00
1293;32771.16666666667;2024-08-29T13:00:00+02:00
1293;32893.33333333334;2024-08-29T14:00:00+02:00
1293;32477.16666666667;2024-08-29T15:00:00+02:00
1293;32152.83333333333;2024-08-29T16:00:00+02:00
1293;32161.41666666667;2024-08-29T17:00:00+02:00
1293;32192.66666666667;2024-08-29T18:00:00+02:00
1293;32249.16666666667;2024-08-29T19:00:00+02:00
1293;32777.0;2024-08-29T20:00:00+02:00
1293;33597.66666666667;2024-08-29T21:00:00+02:00
1293;31532.41666666667;2024-08-29T22:00:00+02:00
1293;29158.75;2024-08-29T23:00:00+02:00
1293;27583.41666666667;2024-08-30T00:00:00+02:00
1293;26186.58333333333;2024-08-30T01:00:00+02:00
1293;24819.83333333333;2024-08-30T02:00:00+02:00
1293;24128.08333333333;2024-08-30T03:00:00+02:00
1293;23790.66666666667;2024-08-30T04:00:00+02:00
1293;24025.91666666667;2024-08-30T05:00:00+02:00
1293;25807.33333333333;2024-08-30T06:00:00+02:00
1293;27883.83333333333;2024-08-30T07:00:00+02:00
1293;28909.75;2024-08-30T08:00:00+02:00
1293;30017.75;2024-08-30T09:00:00+02:00
1293;30684.58333333333;2024-08-30T10:00:00+02:00
1293;31306.83333333333;2024-08-30T11:00:00+02:00
1293;31778.16666666667;2024-08-30T12:00:00+02:00
1293;32450.91666666667;2024-08-30T13:00:00+02:00
1293;32361.0;2024-08-30T14:00:00+02:00
1293;31719.66666666667;2024-08-30T15:00:00+02:00
1293;31642.25;2024-08-30T16:00:00+02:00
1293;31797.5;2024-08-30T17:00:00+02:00
1293;31926.5;2024-08-30T18:00:00+02:00
1293;31672.66666666667;2024-08-30T19:00:00+02:00
1293;31866.0;2024-08-30T20:00:00+02:00
1293;32462.5;2024-08-30T21:00:00+02:00
1293;30078.25;2024-08-30T22:00:00+02:00
1293;27929.08333333333;2024-08-30T23:00:00+02:00
1293;26611.0;2024-08-31T00:00:00+02:00
1293;25446.0;2024-08-31T01:00:00+02:00
1293;24274.58333333333;2024-08-31T02:00:00+02:00
1293;23456.83333333333;2024-08-31T03:00:00+02:00
1293;22943.58333333333;2024-08-31T04:00:00+02:00
1293;22647.75;2024-08-31T05:00:00+02:00
1293;22885.5;2024-08-31T06:00:00+02:00
1293;23441.0;2024-08-31T07:00:00+02:00
1293;23805.25;2024-08-31T08:00:00+02:00
1293;25113.33333333333;2024-08-31T09:00:00+02:00
1293;26122.33333333333;2024-08-31T10:00:00+02:00
1293;26612.83333333333;2024-08-31T11:00:00+02:00
1293;27264.75;2024-08-31T12:00:00+02:00
1293;27698.83333333333;2024-08-31T13:00:00+02:00
1293;27904.08333333333;2024-08-31T14:00:00+02:00
1293;27525.5;2024-08-31T15:00:00+02:00
1293;27230.83333333333;2024-08-31T16:00:00+02:00
1293;27545.91666666667;2024-08-31T17:00:00+02:00
1293;28079.41666666667;2024-08-31T18:00:00+02:00
1293;28296.83333333333;2024-08-31T19:00:00+02:00
1293;28832.41666666667;2024-08-31T20:00:00+02:00
1293;29832.58333333333;2024-08-31T21:00:00+02:00
1293;28177.33333333333;2024-08-31T22:00:00+02:00
1293;26422.16666666667;2024-08-31T23:00:00+02:00
1293;24956.91666666667;2024-09-01T00:00:00+02:00
1293;23609.5;2024-09-01T01:00:00+02:00
1293;22617.66666666667;2024-09-01T02:00:00+02:00
1293;21915.0;2024-09-01T03:00:00+02:00
1293;21555.0;2024-09-01T04:00:00+02:00
1293;21304.75;2024-09-01T05:00:00+02:00
1293;21525.91666666667;2024-09-01T06:00:00+02:00
1293;21730.58333333333;2024-09-01T07:00:00+02:00
1293;21761.75;2024-09-01T08:00:00+02:00
1293;22628.66666666667;2024-09-01T09:00:00+02:00
1293;23470.75;2024-09-01T10:00:00+02:00
1293;23035.41666666667;2024-09-01T11:00:00+02:00
1293;22626.58333333333;2024-09-01T12:00:00+02:00
1293;23675.5;2024-09-01T13:00:00+02:00
1293;25849.91666666667;2024-09-01T14:00:00+02:00
1293;25263.25;2024-09-01T15:00:00+02:00
1293;25105.5;2024-09-01T16:00:00+02:00
1293;25612.0;2024-09-01T17:00:00+02:00
1293;26524.0;2024-09-01T18:00:00+02:00
1293;26984.91666666667;2024-09-01T19:00:00+02:00
1293;27827.91666666667;2024-09-01T20:00:00+02:00
1293;29312.83333333333;2024-09-01T21:00:00+02:00
1293;28466.33333333333;2024-09-01T22:00:00+02:00
1293;26535.16666666667;2024-09-01T23:00:00+02:00
1293;24981.91666666667;2024-09-02T00:00:00+02:00
1293;23672.58333333333;2024-09-02T01:00:00+02:00
1293;22708.25;2024-09-02T02:00:00+02:00
1293;22359.58333333333;2024-09-02T03:00:00+02:00
1293;22176.25;2024-09-02T04:00:00+02:00
1293;22693.58333333333;2024-09-02T05:00:00+02:00
1293;24957.66666666667;2024-09-02T06:00:00+02:00
1293;27810.75;2024-09-02T07:00:00+02:00
1293;29236.33333333333;2024-09-02T08:00:00+02:00
1293;30157.66666666667;2024-09-02T09:00:00+02:00
1293;30926.83333333333;2024-09-02T10:00:00+02:00
1293;31259.91666666667;2024-09-02T11:00:00+02:00
1293;31784.08333333333;2024-09-02T12:00:00+02:00
1293;32503.83333333333;2024-09-02T13:00:00+02:00
1293;32436.41666666667;2024-09-02T14:00:00+02:00
1293;31928.41666666667;2024-09-02T15:00:00+02:00
1293;31955.33333333333;2024-09-02T16:00:00+02:00
1293;32464.58333333333;2024-09-02T17:00:00+02:00
1293;32568.83333333333;2024-09-02T18:00:00+02:00
1293;32073.25;2024-09-02T19:00:00+02:00
1293;32586.08333333333;2024-09-02T20:00:00+02:00
1293;33129.75;2024-09-02T21:00:00+02:00
1293;30537.83333333333;2024-09-02T22:00:00+02:00
1293;28427.83333333333;2024-09-02T23:00:00+02:00
1293;26699.41666666667;2024-09-03T00:00:00+02:00
1293;25425.08333333333;2024-09-03T01:00:00+02:00
1293;24303.0;2024-09-03T02:00:00+02:00
1293;23752.58333333333;2024-09-03T03:00:00+02:00
1293;23487.16666666667;2024-09-03T04:00:00+02:00
1293;23790.91666666667;2024-09-03T05:00:00+02:00
1293;25775.5;2024-09-03T06:00:00+02:00
1293;28225.75;2024-09-03T07:00:00+02:00
1293;29581.91666666667;2024-09-03T08:00:00+02:00
1293;30784.41666666667;2024-09-03T09:00:00+02:00
1293;31391.41666666667;2024-09-03T10:00:00+02:00
1293;32079.66666666667;2024-09-03T11:00:00+02:00
1293;32265.66666666667;2024-09-03T12:00:00+02:00
1293;32406.0;2024-09-03T13:00:00+02:00
1293;31949.33333333333;2024-09-03T14:00:00+02:00
1293;31119.0;2024-09-03T15:00:00+02:00
1293;30812.41666666667;2024-09-03T16:00:00+02:00
1293;30890.16666666667;2024-09-03T17:00:00+02:00
1293;31004.58333333333;2024-09-03T18:00:00+02:00
1293;31104.25;2024-09-03T19:00:00+02:00
1293;32039.58333333333;2024-09-03T20:00:00+02:00
1293;32478.75;2024-09-03T21:00:00+02:00
1293;29583.0;2024-09-03T22:00:00+02:00
1293;27254.16666666667;2024-09-03T23:00:00+02:00
1293;25673.33333333333;2024-09-04T00:00:00+02:00
1293;24317.83333333333;2024-09-04T01:00:00+02:00
1293;23423.08333333333;2024-09-04T02:00:00+02:00
1293;22944.91666666667;2024-09-04T03:00:00+02:00
1293;22787.75;2024-09-04T04:00:00+02:00
1293;23105.58333333333;2024-09-04T05:00:00+02:00
1293;25263.41666666667;2024-09-04T06:00:00+02:00
1293;27878.16666666667;2024-09-04T07:00:00+02:00
1293;28975.08333333333;2024-09-04T08:00:00+02:00
1293;30130.75;2024-09-04T09:00:00+02:00
1293;30517.41666666667;2024-09-04T10:00:00+02:00
1293;30702.08333333333;2024-09-04T11:00:00+02:00
1293;30631.0;2024-09-04T12:00:00+02:00
1293;30962.5;2024-09-04T13:00:00+02:00
1293;30326.33333333333;2024-09-04T14:00:00+02:00
1293;29113.66666666667;2024-09-04T15:00:00+02:00
1293;28828.16666666667;2024-09-04T16:00:00+02:00
1293;29098.5;2024-09-04T17:00:00+02:00
1293;29420.66666666667;2024-09-04T18:00:00+02:00
1293;29804.16666666667;2024-09-04T19:00:00+02:00
1293;30674.41666666667;2024-09-04T20:00:00+02:00
1293;31406.33333333333;2024-09-04T21:00:00+02:00
1293;28802.41666666667;2024-09-04T22:00:00+02:00
1293;26577.16666666667;2024-09-04T23:00:00+02:00
1293;25032.08333333333;2024-09-05T00:00:00+02:00
1293;23730.41666666667;2024-09-05T01:00:00+02:00
1293;22933.75;2024-09-05T02:00:00+02:00
1293;22491.83333333333;2024-09-05T03:00:00+02:00
1293;22298.0;2024-09-05T04:00:00+02:00
1293;22596.33333333333;2024-09-05T05:00:00+02:00
1293;24592.91666666667;2024-09-05T06:00:00+02:00
1293;27342.83333333333;2024-09-05T07:00:00+02:00
1293;28249.5;2024-09-05T08:00:00+02:00
1293;28866.75;2024-09-05T09:00:00+02:00
1293;28979.83333333333;2024-09-05T10:00:00+02:00
1293;29121.58333333333;2024-09-05T11:00:00+02:00
1293;29454.16666666667;2024-09-05T12:00:00+02:00
1293;29746.25;2024-09-05T13:00:00+02:00
1293;29560.16666666667;2024-09-05T14:00:00+02:00
1293;29048.16666666667;2024-09-05T15:00:00+02:00
1293;29182.5;2024-09-05T16:00:00+02:00
1293;29532.33333333333;2024-09-05T17:00:00+02:00
1293;29911.58333333333;2024-09-05T18:00:00+02:00
1293;30241.58333333333;2024-09-05T19:00:00+02:00
1293;31083.0;2024-09-05T20:00:00+02:00
1293;31544.5;2024-09-05T21:00:00+02:00
1293;29231.33333333333;2024-09-05T22:00:00+02:00
1293;26870.08333333333;2024-09-05T23:00:00+02:00
1293;25432.66666666667;2024-09-06T00:00:00+02:00
1293;24303.91666666667;2024-09-06T01:00:00+02:00
1293;23264.58333333333;2024-09-06T02:00:00+02:00
1293;22778.66666666667;2024-09-06T03:00:00+02:00
1293;22622.83333333333;2024-09-06T04:00:00+02:00
1293;22873.25;2024-09-06T05:00:00+02:00
1293;24858.16666666667;2024-09-06T06:00:00+02:00
1293;27395.83333333333;2024-09-06T07:00:00+02:00
1293;28634.5;2024-09-06T08:00:00+02:00
1293;29420.83333333333;2024-09-06T09:00:00+02:00
1293;29713.0;2024-09-06T10:00:00+02:00
1293;29606.16666666667;2024-09-06T11:00:00+02:00
1293;29722.58333333333;2024-09-06T12:00:00+02:00
1293;30022.16666666667;2024-09-06T13:00:00+02:00
1293;29458.08333333333;2024-09-06T14:00:00+02:00
1293;28539.5;2024-09-06T15:00:00+02:00
1293;28160.75;2024-09-06T16:00:00+02:00
1293;28883.08333333333;2024-09-06T17:00:00+02:00
1293;29197.91666666667;2024-09-06T18:00:00+02:00
1293;29612.75;2024-09-06T19:00:00+02:00
1293;30460.91666666667;2024-09-06T20:00:00+02:00
1293;30924.5;2024-09-06T21:00:00+02:00
1293;28571.91666666667;2024-09-06T22:00:00+02:00
1293;26324.16666666667;2024-09-06T23:00:00+02:00
1293;24914.5;2024-09-07T00:00:00+02:00
1293;23800.08333333333;2024-09-07T01:00:00+02:00
1293;22652.33333333333;2024-09-07T02:00:00+02:00
1293;21926.33333333333;2024-09-07T03:00:00+02:00
1293;21540.08333333333;2024-09-07T04:00:00+02:00
1293;21303.41666666667;2024-09-07T05:00:00+02:00
1293;21703.33333333333;2024-09-07T06:00:00+02:00
1293;22417.0;2024-09-07T07:00:00+02:00
1293;22848.41666666667;2024-09-07T08:00:00+02:00
1293;23923.66666666667;2024-09-07T09:00:00+02:00
1293;24630.25;2024-09-07T10:00:00+02:00
1293;24892.25;2024-09-07T11:00:00+02:00
1293;25011.58333333333;2024-09-07T12:00:00+02:00
1293;25396.33333333333;2024-09-07T13:00:00+02:00
1293;25238.58333333333;2024-09-07T14:00:00+02:00
1293;24535.41666666667;2024-09-07T15:00:00+02:00
1293;24400.08333333333;2024-09-07T16:00:00+02:00
1293;24773.58333333333;2024-09-07T17:00:00+02:00
1293;25499.58333333333;2024-09-07T18:00:00+02:00
1293;26027.33333333333;2024-09-07T19:00:00+02:00
1293;26907.66666666667;2024-09-07T20:00:00+02:00
1293;27711.91666666667;2024-09-07T21:00:00+02:00
1293;26065.41666666667;2024-09-07T22:00:00+02:00
1293;24330.25;2024-09-07T23:00:00+02:00
1293;22918.75;2024-09-08T00:00:00+02:00
1293;21666.33333333333;2024-09-08T01:00:00+02:00
1293;20801.16666666667;2024-09-08T02:00:00+02:00
1293;20348.41666666667;2024-09-08T03:00:00+02:00
1293;20063.16666666667;2024-09-08T04:00:00+02:00
1293;19851.66666666667;2024-09-08T05:00:00+02:00
1293;20198.16666666667;2024-09-08T06:00:00+02:00
1293;20582.83333333333;2024-09-08T07:00:00+02:00
1293;20807.16666666667;2024-09-08T08:00:00+02:00
1293;21557.08333333333;2024-09-08T09:00:00+02:00
1293;22263.66666666667;2024-09-08T10:00:00+02:00
1293;22547.33333333333;2024-09-08T11:00:00+02:00
1293;22643.08333333333;2024-09-08T12:00:00+02:00
1293;23063.0;2024-09-08T13:00:00+02:00
1293;22906.0;2024-09-08T14:00:00+02:00
1293;21947.5;2024-09-08T15:00:00+02:00
1293;21532.91666666667;2024-09-08T16:00:00+02:00
1293;22122.83333333333;2024-09-08T17:00:00+02:00
1293;23304.58333333333;2024-09-08T18:00:00+02:00
1293;24660.33333333333;2024-09-08T19:00:00+02:00
1293;26140.5;2024-09-08T20:00:00+02:00
1293;27363.25;2024-09-08T21:00:00+02:00
1293;26107.66666666667;2024-09-08T22:00:00+02:00
1293;24242.58333333333;2024-09-08T23:00:00+02:00
1293;22718.0;2024-09-09T00:00:00+02:00
1293;21651.41666666667;2024-09-09T01:00:00+02:00
1293;20870.41666666667;2024-09-09T02:00:00+02:00
1293;20501.5;2024-09-09T03:00:00+02:00
1293;20343.16666666667;2024-09-09T04:00:00+02:00
1293;20876.91666666667;2024-09-09T05:00:00+02:00
1293;23256.5;2024-09-09T06:00:00+02:00
1293;26248.41666666667;2024-09-09T07:00:00+02:00
1293;27602.25;2024-09-09T08:00:00+02:00
1293;27818.66666666667;2024-09-09T09:00:00+02:00
1293;27900.58333333333;2024-09-09T10:00:00+02:00
1293;27926.33333333333;2024-09-09T11:00:00+02:00
1293;28118.08333333333;2024-09-09T12:00:00+02:00
1293;28411.25;2024-09-09T13:00:00+02:00
1293;28418.0;2024-09-09T14:00:00+02:00
1293;27856.58333333333;2024-09-09T15:00:00+02:00
1293;27807.58333333333;2024-09-09T16:00:00+02:00
1293;28440.66666666667;2024-09-09T17:00:00+02:00
1293;28923.75;2024-09-09T18:00:00+02:00
1293;29521.5;2024-09-09T19:00:00+02:00
1293;30745.33333333333;2024-09-09T20:00:00+02:00
1293;31247.91666666667;2024-09-09T21:00:00+02:00
1293;28700.75;2024-09-09T22:00:00+02:00
1293;26397.58333333333;2024-09-09T23:00:00+02:00
1293;24706.33333333333;2024-09-10T00:00:00+02:00
1293;23481.08333333333;2024-09-10T01:00:00+02:00
1293;22670.66666666667;2024-09-10T02:00:00+02:00
1293;22148.83333333333;2024-09-10T03:00:00+02:00
1293;22081.41666666667;2024-09-10T04:00:00+02:00
1293;22464.33333333333;2024-09-10T05:00:00+02:00
1293;24519.16666666667;2024-09-10T06:00:00+02:00
1293;27444.66666666667;2024-09-10T07:00:00+02:00
1293;28674.08333333333;2024-09-10T08:00:00+02:00
1293;28970.08333333333;2024-09-10T09:00:00+02:00
1293;28894.0;2024-09-10T10:00:00+02:00
1293;28713.08333333333;2024-09-10T11:00:00+02:00
1293;28676.33333333333;2024-09-10T12:00:00+02:00
1293;29191.5;2024-09-10T13:00:00+02:00
1293;28809.08333333333;2024-09-10T14:00:00+02:00
1293;28212.08333333333;2024-09-10T15:00:00+02:00
1293;28132.91666666667;2024-09-10T16:00:00+02:00
1293;28777.16666666667;2024-09-10T17:00:00+02:00
1293;29388.25;2024-09-10T18:00:00+02:00
1293;30144.08333333333;2024-09-10T19:00:00+02:00
1293;31588.91666666667;2024-09-10T20:00:00+02:00
1293;31909.33333333333;2024-09-10T21:00:00+02:00
1293;29064.25;2024-09-10T22:00:00+02:00
1293;26462.0;2024-09-10T23:00:00+02:00
1293;25155.33333333333;2024-09-11T00:00:00+02:00
1293;23980.41666666667;2024-09-11T01:00:00+02:00
1293;23011.91666666667;2024-09-11T02:00:00+02:00
1293;22554.91666666667;2024-09-11T03:00:00+02:00
1293;22349.33333333333;2024-09-11T04:00:00+02:00
1293;22538.41666666667;2024-09-11T05:00:00+02:00
1293;24452.16666666667;2024-09-11T06:00:00+02:00
1293;27092.75;2024-09-11T07:00:00+02:00
1293;27875.41666666667;2024-09-11T08:00:00+02:00
1293;28140.08333333333;2024-09-11T09:00:00+02:00
1293;27984.33333333333;2024-09-11T10:00:00+02:00
1293;27997.75;2024-09-11T11:00:00+02:00
1293;27962.58333333333;2024-09-11T12:00:00+02:00
1293;28296.0;2024-09-11T13:00:00+02:00
1293;28060.58333333333;2024-09-11T14:00:00+02:00
1293;27303.41666666667;2024-09-11T15:00:00+02:00
1293;27238.16666666667;2024-09-11T16:00:00+02:00
1293;28019.41666666667;2024-09-11T17:00:00+02:00
1293;28463.41666666667;2024-09-11T18:00:00+02:00
1293;28876.83333333333;2024-09-11T19:00:00+02:00
1293;30282.58333333333;2024-09-11T20:00:00+02:00
1293;30733.75;2024-09-11T21:00:00+02:00
1293;28258.5;2024-09-11T22:00:00+02:00
1293;25902.5;2024-09-11T23:00:00+02:00
1293;24617.91666666667;2024-09-12T00:00:00+02:00
1293;23539.66666666667;2024-09-12T01:00:00+02:00
1293;22727.33333333333;2024-09-12T02:00:00+02:00
1293;22400.25;2024-09-12T03:00:00+02:00
1293;22229.08333333333;2024-09-12T04:00:00+02:00
1293;22610.66666666667;2024-09-12T05:00:00+02:00
1293;24771.25;2024-09-12T06:00:00+02:00
1293;27827.0;2024-09-12T07:00:00+02:00
1293;28982.16666666667;2024-09-12T08:00:00+02:00
1293;29308.66666666667;2024-09-12T09:00:00+02:00
1293;29275.16666666667;2024-09-12T10:00:00+02:00
1293;29449.83333333333;2024-09-12T11:00:00+02:00
1293;29809.08333333333;2024-09-12T12:00:00+02:00
1293;29848.41666666667;2024-09-12T13:00:00+02:00
1293;29486.5;2024-09-12T14:00:00+02:00
1293;29028.41666666667;2024-09-12T15:00:00+02:00
1293;28778.5;2024-09-12T16:00:00+02:00
1293;29298.41666666667;2024-09-12T17:00:00+02:00
1293;29511.25;2024-09-12T18:00:00+02:00
1293;30004.41666666667;2024-09-12T19:00:00+02:00
1293;31379.41666666667;2024-09-12T20:00:00+02:00
1293;31748.41666666667;2024-09-12T21:00:00+02:00
1293;28797.25;2024-09-12T22:00:00+02:00
1293;26405.58333333333;2024-09-12T23:00:00+02:00
1293;25006.91666666667;2024-09-13T00:00:00+02:00
1293;23900.41666666667;2024-09-13T01:00:00+02:00
1293;22955.91666666667;2024-09-13T02:00:00+02:00
1293;22421.16666666667;2024-09-13T03:00:00+02:00
1293;22236.5;2024-09-13T04:00:00+02:00
1293;22480.58333333333;2024-09-13T05:00:00+02:00
1293;24710.91666666667;2024-09-13T06:00:00+02:00
1293;27559.75;2024-09-13T07:00:00+02:00
1293;28532.58333333333;2024-09-13T08:00:00+02:00
1293;28596.25;2024-09-13T09:00:00+02:00
1293;28465.41666666667;2024-09-13T10:00:00+02:00
1293;27990.16666666667;2024-09-13T11:00:00+02:00
1293;27904.0;2024-09-13T12:00:00+02:00
1293;27932.5;2024-09-13T13:00:00+02:00
1293;27148.41666666667;2024-09-13T14:00:00+02:00
1293;26353.91666666667;2024-09-13T15:00:00+02:00
1293;26289.08333333333;2024-09-13T16:00:00+02:00
1293;26944.58333333333;2024-09-13T17:00:00+02:00
1293;27816.83333333333;2024-09-13T18:00:00+02:00
1293;28429.33333333333;2024-09-13T19:00:00+02:00
1293;29789.25;2024-09-13T20:00:00+02:00
1293;29905.91666666667;2024-09-13T21:00:00+02:00
1293;27301.91666666667;2024-09-13T22:00:00+02:00
1293;25116.58333333333;2024-09-13T23:00:00+02:00
1293;24045.08333333333;2024-09-14T00:00:00+02:00
1293;22769.66666666667;2024-09-14T01:00:00+02:00
1293;21925.91666666667;2024-09-14T02:00:00+02:00
1293;21244.83333333333;2024-09-14T03:00:00+02:00
1293;20798.75;2024-09-14T04:00:00+02:00
1293;20642.0;2024-09-14T05:00:00+02:00
1293;21123.25;2024-09-14T06:00:00+02:00
1293;22052.83333333333;2024-09-14T07:00:00+02:00
1293;22672.41666666667;2024-09-14T08:00:00+02:00
1293;23698.66666666667;2024-09-14T09:00:00+02:00
1293;24502.58333333333;2024-09-14T10:00:00+02:00
1293;24647.33333333333;2024-09-14T11:00:00+02:00
1293;24462.0;2024-09-14T12:00:00+02:00
1293;24409.66666666667;2024-09-14T13:00:00+02:00
1293;23920.83333333333;2024-09-14T14:00:00+02:00
1293;22941.41666666667;2024-09-14T15:00:00+02:00
1293;22655.75;2024-09-14T16:00:00+02:00
1293;22924.41666666667;2024-09-14T17:00:00+02:00
1293;24004.33333333333;2024-09-14T18:00:00+02:00
1293;24893.5;2024-09-14T19:00:00+02:00
1293;26207.16666666667;2024-09-14T20:00:00+02:00
1293;26885.5;2024-09-14T21:00:00+02:00
1293;25150.25;2024-09-14T22:00:00+02:00
1293;23477.75;2024-09-14T23:00:00+02:00
1293;22249.33333333333;2024-09-15T00:00:00+02:00
1293;21109.16666666667;2024-09-15T01:00:00+02:00
1293;20366.16666666667;2024-09-15T02:00:00+02:00
1293;19669.91666666667;2024-09-15T03:00:00+02:00
1293;19373.41666666667;2024-09-15T04:00:00+02:00
1293;19288.33333333333;2024-09-15T05:00:00+02:00
1293;19511.58333333333;2024-09-15T06:00:00+02:00
1293;20048.75;2024-09-15T07:00:00+02:00
1293;20093.58333333333;2024-09-15T08:00:00+02:00
1293;20689.91666666667;2024-09-15T09:00:00+02:00
1293;21268.83333333333;2024-09-15T10:00:00+02:00
1293;21123.0;2024-09-15T11:00:00+02:00
1293;21003.83333333333;2024-09-15T12:00:00+02:00
1293;21465.41666666667;2024-09-15T13:00:00+02:00
1293;21630.0;2024-09-15T14:00:00+02:00
1293;20751.83333333333;2024-09-15T15:00:00+02:00
1293;20617.66666666667;2024-09-15T16:00:00+02:00
1293;21469.66666666667;2024-09-15T17:00:00+02:00
1293;22924.75;2024-09-15T18:00:00+02:00
1293;24283.16666666667;2024-09-15T19:00:00+02:00
1293;26503.25;2024-09-15T20:00:00+02:00
1293;27491.33333333333;2024-09-15T21:00:00+02:00
1293;25948.83333333333;2024-09-15T22:00:00+02:00
1293;23947.25;2024-09-15T23:00:00+02:00
1293;22471.0;2024-09-16T00:00:00+02:00
1293;21234.91666666667;2024-09-16T01:00:00+02:00
1293;20609.91666666667;2024-09-16T02:00:00+02:00
1293;20387.33333333333;2024-09-16T03:00:00+02:00
1293;20252.91666666667;2024-09-16T04:00:00+02:00
1293;20841.83333333333;2024-09-16T05:00:00+02:00
1293;23419.5;2024-09-16T06:00:00+02:00
1293;26718.16666666667;2024-09-16T07:00:00+02:00
1293;28146.16666666667;2024-09-16T08:00:00+02:00
1293;28180.66666666667;2024-09-16T09:00:00+02:00
1293;27867.33333333333;2024-09-16T10:00:00+02:00
1293;27615.0;2024-09-16T11:00:00+02:00
1293;27773.83333333333;2024-09-16T12:00:00+02:00
1293;28081.91666666667;2024-09-16T13:00:00+02:00
1293;27785.08333333333;2024-09-16T14:00:00+02:00
1293;27591.91666666667;2024-09-16T15:00:00+02:00
1293;27630.5;2024-09-16T16:00:00+02:00
1293;28464.83333333333;2024-09-16T17:00:00+02:00
1293;29299.08333333333;2024-09-16T18:00:00+02:00
1293;29872.58333333333;2024-09-16T19:00:00+02:00
1293;31696.33333333333;2024-09-16T20:00:00+02:00
1293;31740.33333333333;2024-09-16T21:00:00+02:00
1293;28581.91666666667;2024-09-16T22:00:00+02:00
1293;26043.83333333333;2024-09-16T23:00:00+02:00
1293;24457.58333333333;2024-09-17T00:00:00+02:00
1293;23293.58333333333;2024-09-17T01:00:00+02:00
1293;22599.66666666667;2024-09-17T02:00:00+02:00
1293;22116.16666666667;2024-09-17T03:00:00+02:00
1293;21967.66666666667;2024-09-17T04:00:00+02:00
1293;22506.5;2024-09-17T05:00:00+02:00
1293;24762.75;2024-09-17T06:00:00+02:00
1293;27856.08333333333;2024-09-17T07:00:00+02:00
1293;28703.25;2024-09-17T08:00:00+02:00
1293;28968.33333333333;2024-09-17T09:00:00+02:00
1293;28645.75;2024-09-17T10:00:00+02:00
1293;28329.5;2024-09-17T11:00:00+02:00
1293;28308.91666666667;2024-09-17T12:00:00+02:00
1293;28212.08333333333;2024-09-17T13:00:00+02:00
1293;27694.0;2024-09-17T14:00:00+02:00
1293;27277.83333333333;2024-09-17T15:00:00+02:00
1293;27568.25;2024-09-17T16:00:00+02:00
1293;28265.5;2024-09-17T17:00:00+02:00
1293;28940.08333333333;2024-09-17T18:00:00+02:00
1293;29663.0;2024-09-17T19:00:00+02:00
1293;31235.91666666667;2024-09-17T20:00:00+02:00
1293;31224.08333333333;2024-09-17T21:00:00+02:00
1293;28211.41666666667;2024-09-17T22:00:00+02:00
1293;25788.16666666667;2024-09-17T23:00:00+02:00
1293;24443.66666666667;2024-09-18T00:00:00+02:00
1293;23418.58333333333;2024-09-18T01:00:00+02:00
1293;22536.66666666667;2024-09-18T02:00:00+02:00
1293;22217.33333333333;2024-09-18T03:00:00+02:00
1293;22025.16666666667;2024-09-18T04:00:00+02:00
1293;22404.0;2024-09-18T05:00:00+02:00
1293;24686.83333333333;2024-09-18T06:00:00+02:00
1293;27826.66666666667;2024-09-18T07:00:00+02:00
1293;28950.33333333333;2024-09-18T08:00:00+02:00
1293;29200.75;2024-09-18T09:00:00+02:00
1293;28975.16666666667;2024-09-18T10:00:00+02:00
1293;28733.75;2024-09-18T11:00:00+02:00
1293;28945.08333333333;2024-09-18T12:00:00+02:00
1293;29321.25;2024-09-18T13:00:00+02:00
1293;28899.0;2024-09-18T14:00:00+02:00
1293;28202.75;2024-09-18T15:00:00+02:00
1293;28108.5;2024-09-18T16:00:00+02:00
1293;28426.16666666667;2024-09-18T17:00:00+02:00
1293;28642.33333333333;2024-09-18T18:00:00+02:00
1293;29243.41666666667;2024-09-18T19:00:00+02:00
1293;30994.41666666667;2024-09-18T20:00:00+02:00
1293;30848.75;2024-09-18T21:00:00+02:00
1293;28064.58333333333;2024-09-18T22:00:00+02:00
1293;25560.0;2024-09-18T23:00:00+02:00
1293;24261.08333333333;2024-09-19T00:00:00+02:00
1293;23201.0;2024-09-19T01:00:00+02:00
1293;22374.66666666667;2024-09-19T02:00:00+02:00
1293;22004.08333333333;2024-09-19T03:00:00+02:00
1293;21867.5;2024-09-19T04:00:00+02:00
1293;22344.75;2024-09-19T05:00:00+02:00
1293;24490.5;2024-09-19T06:00:00+02:00
1293;27805.83333333333;2024-09-19T07:00:00+02:00
1293;29057.25;2024-09-19T08:00:00+02:00
1293;29325.91666666667;2024-09-19T09:00:00+02:00
1293;29438.83333333333;2024-09-19T10:00:00+02:00
1293;29311.91666666667;2024-09-19T11:00:00+02:00
1293;29512.91666666667;2024-09-19T12:00:00+02:00
1293;29582.83333333333;2024-09-19T13:00:00+02:00
1293;28890.75;2024-09-19T14:00:00+02:00
1293;28300.41666666667;2024-09-19T15:00:00+02:00
1293;28092.5;2024-09-19T16:00:00+02:00
1293;28580.25;2024-09-19T17:00:00+02:00
1293;28740.83333333333;2024-09-19T18:00:00+02:00
1293;29257.83333333333;2024-09-19T19:00:00+02:00
1293;31019.83333333333;2024-09-19T20:00:00+02:00
1293;30721.58333333333;2024-09-19T21:00:00+02:00
1293;27789.91666666667;2024-09-19T22:00:00+02:00
1293;25421.91666666667;2024-09-19T23:00:00+02:00
1293;23928.66666666667;2024-09-20T00:00:00+02:00
1293;22866.5;2024-09-20T01:00:00+02:00
1293;22217.25;2024-09-20T02:00:00+02:00
1293;21863.0;2024-09-20T03:00:00+02:00
1293;21740.41666666667;2024-09-20T04:00:00+02:00
1293;22054.16666666667;2024-09-20T05:00:00+02:00
1293;24184.08333333333;2024-09-20T06:00:00+02:00
1293;27569.0;2024-09-20T07:00:00+02:00
1293;28873.66666666667;2024-09-20T08:00:00+02:00
1293;29249.58333333333;2024-09-20T09:00:00+02:00
1293;29323.58333333333;2024-09-20T10:00:00+02:00
1293;29115.33333333333;2024-09-20T11:00:00+02:00
1293;29366.83333333333;2024-09-20T12:00:00+02:00
1293;29207.16666666667;2024-09-20T13:00:00+02:00
1293;28645.58333333333;2024-09-20T14:00:00+02:00
1293;27895.0;2024-09-20T15:00:00+02:00
1293;27560.83333333333;2024-09-20T16:00:00+02:00
1293;27812.0;2024-09-20T17:00:00+02:00
1293;27925.25;2024-09-20T18:00:00+02:00
1293;28446.83333333333;2024-09-20T19:00:00+02:00
1293;29955.0;2024-09-20T20:00:00+02:00
1293;29734.0;2024-09-20T21:00:00+02:00
1293;27029.16666666667;2024-09-20T22:00:00+02:00
1293;24888.08333333333;2024-09-20T23:00:00+02:00
1293;23578.33333333333;2024-09-21T00:00:00+02:00
1293;22401.16666666667;2024-09-21T01:00:00+02:00
1293;21631.58333333333;2024-09-21T02:00:00+02:00
1293;21064.33333333333;2024-09-21T03:00:00+02:00
1293;20674.91666666667;2024-09-21T04:00:00+02:00
1293;20460.5;2024-09-21T05:00:00+02:00
1293;20956.83333333333;2024-09-21T06:00:00+02:00
1293;21969.83333333333;2024-09-21T07:00:00+02:00
1293;22887.25;2024-09-21T08:00:00+02:00
1293;24212.83333333333;2024-09-21T09:00:00+02:00
1293;25302.33333333333;2024-09-21T10:00:00+02:00
1293;25653.5;2024-09-21T11:00:00+02:00
1293;25582.66666666667;2024-09-21T12:00:00+02:00
1293;25857.41666666667;2024-09-21T13:00:00+02:00
1293;25168.33333333333;2024-09-21T14:00:00+02:00
1293;23857.25;2024-09-21T15:00:00+02:00
1293;23182.16666666667;2024-09-21T16:00:00+02:00
1293;23258.58333333333;2024-09-21T17:00:00+02:00
1293;23877.0;2024-09-21T18:00:00+02:00
1293;24554.41666666667;2024-09-21T19:00:00+02:00
1293;26223.5;2024-09-21T20:00:00+02:00
1293;26502.91666666667;2024-09-21T21:00:00+02:00
1293;24774.75;2024-09-21T22:00:00+02:00
1293;23046.66666666667;2024-09-21T23:00:00+02:00
1293;21802.08333333333;2024-09-22T00:00:00+02:00
1293;20517.25;2024-09-22T01:00:00+02:00
1293;19645.16666666667;2024-09-22T02:00:00+02:00
1293;19034.25;2024-09-22T03:00:00+02:00
1293;18790.75;2024-09-22T04:00:00+02:00
1293;18840.33333333333;2024-09-22T05:00:00+02:00
1293;19160.83333333333;2024-09-22T06:00:00+02:00
1293;19809.41666666667;2024-09-22T07:00:00+02:00
1293;20066.41666666667;2024-09-22T08:00:00+02:00
1293;21225.41666666667;2024-09-22T09:00:00+02:00
1293;21996.58333333333;2024-09-22T10:00:00+02:00
1293;22444.5;2024-09-22T11:00:00+02:00
1293;22456.91666666667;2024-09-22T12:00:00+02:00
1293;22852.75;2024-09-22T13:00:00+02:00
1293;22887.66666666667;2024-09-22T14:00:00+02:00
1293;21726.16666666667;2024-09-22T15:00:00+02:00
1293;21356.0;2024-09-22T16:00:00+02:00
1293;21683.16666666667;2024-09-22T17:00:00+02:00
1293;22517.83333333333;2024-09-22T18:00:00+02:00
1293;23537.66666666667;2024-09-22T19:00:00+02:00
1293;25721.58333333333;2024-09-22T20:00:00+02:00
1293;26421.25;2024-09-22T21:00:00+02:00
1293;24850.5;2024-09-22T22:00:00+02:00
1293;22884.91666666667;2024-09-22T23:00:00+02:00
1293;21509.0;2024-09-23T00:00:00+02:00
1293;20541.41666666667;2024-09-23T01:00:00+02:00
1293;19825.08333333333;2024-09-23T02:00:00+02:00
1293;19505.08333333333;2024-09-23T03:00:00+02:00
1293;19528.0;2024-09-23T04:00:00+02:00
1293;20194.83333333333;2024-09-23T05:00:00+02:00
1293;22818.91666666667;2024-09-23T06:00:00+02:00
1293;26292.58333333333;2024-09-23T07:00:00+02:00
1293;27718.33333333333;2024-09-23T08:00:00+02:00
1293;27889.5;2024-09-23T09:00:00+02:00
1293;28035.5;2024-09-23T10:00:00+02:00
1293;27400.08333333333;2024-09-23T11:00:00+02:00
1293;27254.75;2024-09-23T12:00:00+02:00
1293;27486.66666666667;2024-09-23T13:00:00+02:00
1293;27078.58333333333;2024-09-23T14:00:00+02:00
1293;26349.33333333333;2024-09-23T15:00:00+02:00
1293;26313.0;2024-09-23T16:00:00+02:00
1293;26891.83333333333;2024-09-23T17:00:00+02:00
1293;27640.08333333333;2024-09-23T18:00:00+02:00
1293;28428.0;2024-09-23T19:00:00+02:00
1293;30598.75;2024-09-23T20:00:00+02:00
1293;30488.5;2024-09-23T21:00:00+02:00
1293;27281.08333333333;2024-09-23T22:00:00+02:00
1293;24865.08333333333;2024-09-23T23:00:00+02:00
1293;23545.33333333333;2024-09-24T00:00:00+02:00
1293;22420.75;2024-09-24T01:00:00+02:00
1293;21601.25;2024-09-24T02:00:00+02:00
1293;21111.16666666667;2024-09-24T03:00:00+02:00
1293;20909.0;2024-09-24T04:00:00+02:00
1293;21278.91666666667;2024-09-24T05:00:00+02:00
1293;23503.33333333333;2024-09-24T06:00:00+02:00
1293;26762.25;2024-09-24T07:00:00+02:00
1293;27833.5;2024-09-24T08:00:00+02:00
1293;28020.75;2024-09-24T09:00:00+02:00
1293;27803.25;2024-09-24T10:00:00+02:00
1293;27477.16666666667;2024-09-24T11:00:00+02:00
1293;27277.83333333333;2024-09-24T12:00:00+02:00
1293;27524.75;2024-09-24T13:00:00+02:00
1293;27402.91666666667;2024-09-24T14:00:00+02:00
1293;26767.08333333333;2024-09-24T15:00:00+02:00
1293;26446.83333333333;2024-09-24T16:00:00+02:00
1293;26944.75;2024-09-24T17:00:00+02:00
1293;27357.91666666667;2024-09-24T18:00:00+02:00
1293;28311.91666666667;2024-09-24T19:00:00+02:00
1293;30623.25;2024-09-24T20:00:00+02:00
1293;30364.83333333333;2024-09-24T21:00:00+02:00
1293;27382.91666666667;2024-09-24T22:00:00+02:00
1293;24878.91666666667;2024-09-24T23:00:00+02:00
1293;23430.58333333333;2024-09-25T00:00:00+02:00
1293;22316.08333333333;2024-09-25T01:00:00+02:00
1293;21442.16666666667;2024-09-25T02:00:00+02:00
1293;21258.33333333333;2024-09-25T03:00:00+02:00
1293;21209.33333333333;2024-09-25T04:00:00+02:00
1293;21687.33333333333;2024-09-25T05:00:00+02:00
1293;24169.41666666667;2024-09-25T06:00:00+02:00
1293;27488.91666666667;2024-09-25T07:00:00+02:00
1293;28887.5;2024-09-25T08:00:00+02:00
1293;29202.75;2024-09-25T09:00:00+02:00
1293;28941.91666666667;2024-09-25T10:00:00+02:00
1293;28725.75;2024-09-25T11:00:00+02:00
1293;28846.41666666667;2024-09-25T12:00:00+02:00
1293;29111.91666666667;2024-09-25T13:00:00+02:00
1293;28735.5;2024-09-25T14:00:00+02:00
1293;28386.5;2024-09-25T15:00:00+02:00
1293;28402.41666666667;2024-09-25T16:00:00+02:00
1293;28737.08333333333;2024-09-25T17:00:00+02:00
1293;29168.08333333333;2024-09-25T18:00:00+02:00
1293;30165.0;2024-09-25T19:00:00+02:00
1293;32294.41666666667;2024-09-25T20:00:00+02:00
1293;31777.58333333333;2024-09-25T21:00:00+02:00
1293;28947.0;2024-09-25T22:00:00+02:00
1293;26356.25;2024-09-25T23:00:00+02:00
1293;24724.0;2024-09-26T00:00:00+02:00
1293;23562.25;2024-09-26T01:00:00+02:00
1293;22719.58333333333;2024-09-26T02:00:00+02:00
1293;22394.08333333333;2024-09-26T03:00:00+02:00
1293;22200.16666666667;2024-09-26T04:00:00+02:00
1293;22444.41666666667;2024-09-26T05:00:00+02:00
1293;24979.66666666667;2024-09-26T06:00:00+02:00
1293;28500.83333333333;2024-09-26T07:00:00+02:00
1293;29699.83333333333;2024-09-26T08:00:00+02:00
1293;30134.75;2024-09-26T09:00:00+02:00
1293;30099.33333333333;2024-09-26T10:00:00+02:00
1293;29753.33333333333;2024-09-26T11:00:00+02:00
1293;29791.0;2024-09-26T12:00:00+02:00
1293;29899.91666666667;2024-09-26T13:00:00+02:00
1293;29163.5;2024-09-26T14:00:00+02:00
1293;28188.66666666667;2024-09-26T15:00:00+02:00
1293;28325.33333333333;2024-09-26T16:00:00+02:00
1293;29101.33333333333;2024-09-26T17:00:00+02:00
1293;29618.83333333333;2024-09-26T18:00:00+02:00
1293;30371.41666666667;2024-09-26T19:00:00+02:00
1293;32202.16666666667;2024-09-26T20:00:00+02:00
1293;31527.08333333333;2024-09-26T21:00:00+02:00
1293;28657.0;2024-09-26T22:00:00+02:00
1293;26246.0;2024-09-26T23:00:00+02:00
1293;24746.0;2024-09-27T00:00:00+02:00
1293;23527.08333333333;2024-09-27T01:00:00+02:00
1293;22754.58333333333;2024-09-27T02:00:00+02:00
1293;22313.83333333333;2024-09-27T03:00:00+02:00
1293;22224.75;2024-09-27T04:00:00+02:00
1293;22573.91666666667;2024-09-27T05:00:00+02:00
1293;24829.75;2024-09-27T06:00:00+02:00
1293;28061.16666666667;2024-09-27T07:00:00+02:00
1293;29178.83333333333;2024-09-27T08:00:00+02:00
1293;29146.91666666667;2024-09-27T09:00:00+02:00
1293;28663.33333333333;2024-09-27T10:00:00+02:00
1293;28170.91666666667;2024-09-27T11:00:00+02:00
1293;27858.91666666667;2024-09-27T12:00:00+02:00
1293;27553.66666666667;2024-09-27T13:00:00+02:00
1293;27235.33333333333;2024-09-27T14:00:00+02:00
1293;26679.08333333333;2024-09-27T15:00:00+02:00
1293;26344.41666666667;2024-09-27T16:00:00+02:00
1293;27249.66666666667;2024-09-27T17:00:00+02:00
1293;27942.0;2024-09-27T18:00:00+02:00
1293;28601.75;2024-09-27T19:00:00+02:00
1293;30098.16666666667;2024-09-27T20:00:00+02:00
1293;29670.5;2024-09-27T21:00:00+02:00
1293;26980.91666666667;2024-09-27T22:00:00+02:00
1293;24943.5;2024-09-27T23:00:00+02:00
1293;23494.58333333333;2024-09-28T00:00:00+02:00
1293;22366.91666666667;2024-09-28T01:00:00+02:00
1293;21435.83333333333;2024-09-28T02:00:00+02:00
1293;20906.08333333333;2024-09-28T03:00:00+02:00
1293;20702.58333333333;2024-09-28T04:00:00+02:00
1293;20478.75;2024-09-28T05:00:00+02:00
1293;21092.58333333333;2024-09-28T06:00:00+02:00
1293;22058.83333333333;2024-09-28T07:00:00+02:00
1293;22853.66666666667;2024-09-28T08:00:00+02:00
1293;23842.91666666667;2024-09-28T09:00:00+02:00
1293;24036.25;2024-09-28T10:00:00+02:00
1293;23700.5;2024-09-28T11:00:00+02:00
1293;23249.58333333333;2024-09-28T12:00:00+02:00
1293;23181.33333333333;2024-09-28T13:00:00+02:00
1293;22772.91666666667;2024-09-28T14:00:00+02:00
1293;21711.75;2024-09-28T15:00:00+02:00
1293;21617.58333333333;2024-09-28T16:00:00+02:00
1293;22424.58333333333;2024-09-28T17:00:00+02:00
1293;23335.33333333333;2024-09-28T18:00:00+02:00
1293;24136.75;2024-09-28T19:00:00+02:00
1293;26052.83333333333;2024-09-28T20:00:00+02:00
1293;26203.5;2024-09-28T21:00:00+02:00
1293;24348.33333333333;2024-09-28T22:00:00+02:00
1293;22772.58333333333;2024-09-28T23:00:00+02:00
1293;21280.75;2024-09-29T00:00:00+02:00
1293;20278.33333333333;2024-09-29T01:00:00+02:00
1293;19552.0;2024-09-29T02:00:00+02:00
1293;18956.66666666667;2024-09-29T03:00:00+02:00
1293;18630.25;2024-09-29T04:00:00+02:00
1293;18578.16666666667;2024-09-29T05:00:00+02:00
1293;18965.5;2024-09-29T06:00:00+02:00
1293;19788.08333333333;2024-09-29T07:00:00+02:00
1293;20006.75;2024-09-29T08:00:00+02:00
1293;20866.91666666667;2024-09-29T09:00:00+02:00
1293;21496.83333333333;2024-09-29T10:00:00+02:00
1293;21353.83333333333;2024-09-29T11:00:00+02:00
1293;21174.5;2024-09-29T12:00:00+02:00
1293;21406.83333333333;2024-09-29T13:00:00+02:00
1293;21314.0;2024-09-29T14:00:00+02:00
1293;20259.58333333333;2024-09-29T15:00:00+02:00
1293;20058.66666666667;2024-09-29T16:00:00+02:00
1293;21048.58333333333;2024-09-29T17:00:00+02:00
1293;22332.75;2024-09-29T18:00:00+02:00
1293;23536.16666666667;2024-09-29T19:00:00+02:00
1293;25908.33333333333;2024-09-29T20:00:00+02:00
1293;26179.83333333333;2024-09-29T21:00:00+02:00
1293;24543.33333333333;2024-09-29T22:00:00+02:00
1293;22768.5;2024-09-29T23:00:00+02:00
1293;21506.0;2024-09-30T00:00:00+02:00
1293;20476.41666666667;2024-09-30T01:00:00+02:00
1293;19720.66666666667;2024-09-30T02:00:00+02:00
1293;19468.5;2024-09-30T03:00:00+02:00
1293;19464.58333333333;2024-09-30T04:00:00+02:00
1293;20149.75;2024-09-30T05:00:00+02:00
1293;22734.66666666667;2024-09-30T06:00:00+02:00
1293;26217.91666666667;2024-09-30T07:00:00+02:00
1293;27525.91666666667;2024-09-30T08:00:00+02:00
1293;27727.75;2024-09-30T09:00:00+02:00
1293;27349.91666666667;2024-09-30T10:00:00+02:00
1293;27026.16666666667;2024-09-30T11:00:00+02:00
1293;27031.0;2024-09-30T12:00:00+02:00
1293;27290.83333333333;2024-09-30T13:00:00+02:00
1293;27003.08333333333;2024-09-30T14:00:00+02:00
1293;26716.33333333333;2024-09-30T15:00:00+02:00
1293;26863.5;2024-09-30T16:00:00+02:00
1293;27346.33333333333;2024-09-30T17:00:00+02:00
1293;27888.08333333333;2024-09-30T18:00:00+02:00
1293;28761.5;2024-09-30T19:00:00+02:00
1293;30968.91666666667;2024-09-30T20:00:00+02:00
1293;30411.41666666667;2024-09-30T21:00:00+02:00
1293;27549.75;2024-09-30T22:00:00+02:00
1293;24922.0;2024-09-30T23:00:00+02:00
1293;23513.33333333333;2024-10-01T00:00:00+02:00
1293;22478.08333333333;2024-10-01T01:00:00+02:00
1293;21627.41666666667;2024-10-01T02:00:00+02:00
1293;21228.41666666667;2024-10-01T03:00:00+02:00
1293;21190.58333333333;2024-10-01T04:00:00+02:00
1293;21659.41666666667;2024-10-01T05:00:00+02:00
1293;24117.75;2024-10-01T06:00:00+02:00
1293;27437.33333333333;2024-10-01T07:00:00+02:00
1293;28694.0;2024-10-01T08:00:00+02:00
1293;28699.33333333333;2024-10-01T09:00:00+02:00
1293;28403.66666666667;2024-10-01T10:00:00+02:00
1293;28135.25;2024-10-01T11:00:00+02:00
1293;28196.08333333333;2024-10-01T12:00:00+02:00
1293;28275.75;2024-10-01T13:00:00+02:00
1293;28045.16666666667;2024-10-01T14:00:00+02:00
1293;27930.83333333333;2024-10-01T15:00:00+02:00
1293;28105.0;2024-10-01T16:00:00+02:00
1293;28711.08333333333;2024-10-01T17:00:00+02:00
1293;28775.5;2024-10-01T18:00:00+02:00
1293;29530.41666666667;2024-10-01T19:00:00+02:00
1293;31599.58333333333;2024-10-01T20:00:00+02:00
1293;30701.25;2024-10-01T21:00:00+02:00
1293;27785.5;2024-10-01T22:00:00+02:00
1293;25207.0;2024-10-01T23:00:00+02:00
1293;23631.0;2024-10-02T00:00:00+02:00
1293;22532.0;2024-10-02T01:00:00+02:00
1293;21792.25;2024-10-02T02:00:00+02:00
1293;21316.5;2024-10-02T03:00:00+02:00
1293;21332.33333333333;2024-10-02T04:00:00+02:00
1293;21942.83333333333;2024-10-02T05:00:00+02:00
1293;24271.41666666667;2024-10-02T06:00:00+02:00
1293;27640.91666666667;2024-10-02T07:00:00+02:00
1293;29197.91666666667;2024-10-02T08:00:00+02:00
1293;29312.58333333333;2024-10-02T09:00:00+02:00
1293;29255.75;2024-10-02T10:00:00+02:00
1293;29541.75;2024-10-02T11:00:00+02:00
1293;29878.25;2024-10-02T12:00:00+02:00
1293;30074.41666666667;2024-10-02T13:00:00+02:00
1293;29752.41666666667;2024-10-02T14:00:00+02:00
1293;29295.16666666667;2024-10-02T15:00:00+02:00
1293;29512.5;2024-10-02T16:00:00+02:00
1293;29652.0;2024-10-02T17:00:00+02:00
1293;29656.16666666667;2024-10-02T18:00:00+02:00
1293;30315.91666666667;2024-10-02T19:00:00+02:00
1293;31978.33333333333;2024-10-02T20:00:00+02:00
1293;31222.08333333333;2024-10-02T21:00:00+02:00
1293;28253.41666666667;2024-10-02T22:00:00+02:00
1293;25921.5;2024-10-02T23:00:00+02:00
1293;24309.75;2024-10-03T00:00:00+02:00
1293;23334.41666666667;2024-10-03T01:00:00+02:00
1293;22687.75;2024-10-03T02:00:00+02:00
1293;22497.16666666667;2024-10-03T03:00:00+02:00
1293;22155.25;2024-10-03T04:00:00+02:00
1293;22509.33333333333;2024-10-03T05:00:00+02:00
1293;24697.33333333333;2024-10-03T06:00:00+02:00
1293;27886.83333333333;2024-10-03T07:00:00+02:00
1293;29331.91666666667;2024-10-03T08:00:00+02:00
1293;29448.33333333333;2024-10-03T09:00:00+02:00
1293;28883.41666666667;2024-10-03T10:00:00+02:00
1293;28572.58333333333;2024-10-03T11:00:00+02:00
1293;28309.83333333333;2024-10-03T12:00:00+02:00
1293;28182.75;2024-10-03T13:00:00+02:00
1293;27520.58333333333;2024-10-03T14:00:00+02:00
1293;27205.5;2024-10-03T15:00:00+02:00
1293;27275.25;2024-10-03T16:00:00+02:00
1293;27956.08333333333;2024-10-03T17:00:00+02:00
1293;28841.16666666667;2024-10-03T18:00:00+02:00
1293;29485.75;2024-10-03T19:00:00+02:00
1293;31777.16666666667;2024-10-03T20:00:00+02:00
1293;31007.5;2024-10-03T21:00:00+02:00
1293;28036.66666666667;2024-10-03T22:00:00+02:00
1293;25614.66666666667;2024-10-03T23:00:00+02:00
1293;24262.75;2024-10-04T00:00:00+02:00
1293;23047.41666666667;2024-10-04T01:00:00+02:00
1293;22318.0;2024-10-04T02:00:00+02:00
1293;21985.66666666667;2024-10-04T03:00:00+02:00
1293;21758.16666666667;2024-10-04T04:00:00+02:00
1293;22191.0;2024-10-04T05:00:00+02:00
1293;24382.33333333333;2024-10-04T06:00:00+02:00
1293;27642.91666666667;2024-10-04T07:00:00+02:00
1293;28802.91666666667;2024-10-04T08:00:00+02:00
1293;28863.16666666667;2024-10-04T09:00:00+02:00
1293;28318.58333333333;2024-10-04T10:00:00+02:00
1293;27620.5;2024-10-04T11:00:00+02:00
1293;27375.5;2024-10-04T12:00:00+02:00
1293;27521.91666666667;2024-10-04T13:00:00+02:00
1293;27201.08333333333;2024-10-04T14:00:00+02:00
1293;26591.75;2024-10-04T15:00:00+02:00
1293;26615.41666666667;2024-10-04T16:00:00+02:00
1293;27094.83333333333;2024-10-04T17:00:00+02:00
1293;27726.0;2024-10-04T18:00:00+02:00
1293;28468.83333333333;2024-10-04T19:00:00+02:00
1293;30164.83333333333;2024-10-04T20:00:00+02:00
1293;29581.16666666667;2024-10-04T21:00:00+02:00
1293;27106.83333333333;2024-10-04T22:00:00+02:00
1293;24907.0;2024-10-04T23:00:00+02:00
1293;23691.5;2024-10-05T00:00:00+02:00
1293;22440.5;2024-10-05T01:00:00+02:00
1293;21501.25;2024-10-05T02:00:00+02:00
1293;20994.16666666667;2024-10-05T03:00:00+02:00
1293;20610.5;2024-10-05T04:00:00+02:00
1293;20434.75;2024-10-05T05:00:00+02:00
1293;20905.0;2024-10-05T06:00:00+02:00
1293;22197.83333333333;2024-10-05T07:00:00+02:00
1293;22985.33333333333;2024-10-05T08:00:00+02:00
1293;23873.5;2024-10-05T09:00:00+02:00
1293;24461.08333333333;2024-10-05T10:00:00+02:00
1293;24328.33333333333;2024-10-05T11:00:00+02:00
1293;24099.16666666667;2024-10-05T12:00:00+02:00
1293;24197.5;2024-10-05T13:00:00+02:00
1293;24026.08333333333;2024-10-05T14:00:00+02:00
1293;22953.75;2024-10-05T15:00:00+02:00
1293;22950.08333333333;2024-10-05T16:00:00+02:00
1293;23591.83333333333;2024-10-05T17:00:00+02:00
1293;24505.41666666667;2024-10-05T18:00:00+02:00
1293;25679.5;2024-10-05T19:00:00+02:00
1293;27384.25;2024-10-05T20:00:00+02:00
1293;27098.91666666667;2024-10-05T21:00:00+02:00
1293;25283.5;2024-10-05T22:00:00+02:00
1293;23570.41666666667;2024-10-05T23:00:00+02:00
1293;22116.58333333333;2024-10-06T00:00:00+02:00
1293;20932.0;2024-10-06T01:00:00+02:00
1293;20144.58333333333;2024-10-06T02:00:00+02:00
1293;19510.08333333333;2024-10-06T03:00:00+02:00
1293;19296.0;2024-10-06T04:00:00+02:00
1293;19231.41666666667;2024-10-06T05:00:00+02:00
1293;19648.16666666667;2024-10-06T06:00:00+02:00
1293;20405.16666666667;2024-10-06T07:00:00+02:00
1293;20797.25;2024-10-06T08:00:00+02:00
1293;21694.58333333333;2024-10-06T09:00:00+02:00
1293;22495.0;2024-10-06T10:00:00+02:00
1293;22705.83333333333;2024-10-06T11:00:00+02:00
1293;22756.75;2024-10-06T12:00:00+02:00
1293;23363.0;2024-10-06T13:00:00+02:00
1293;23440.5;2024-10-06T14:00:00+02:00
1293;22160.83333333333;2024-10-06T15:00:00+02:00
1293;22089.5;2024-10-06T16:00:00+02:00
1293;22642.83333333333;2024-10-06T17:00:00+02:00
1293;23433.91666666667;2024-10-06T18:00:00+02:00
1293;24864.0;2024-10-06T19:00:00+02:00
1293;27256.83333333333;2024-10-06T20:00:00+02:00
1293;27161.58333333333;2024-10-06T21:00:00+02:00
1293;25563.0;2024-10-06T22:00:00+02:00
1293;23669.83333333333;2024-10-06T23:00:00+02:00
1293;22095.5;2024-10-07T00:00:00+02:00
1293;21109.08333333333;2024-10-07T01:00:00+02:00
1293;20645.75;2024-10-07T02:00:00+02:00
1293;20374.83333333333;2024-10-07T03:00:00+02:00
1293;20426.66666666667;2024-10-07T04:00:00+02:00
1293;21063.16666666667;2024-10-07T05:00:00+02:00
1293;23667.75;2024-10-07T06:00:00+02:00
1293;27235.25;2024-10-07T07:00:00+02:00
1293;29028.08333333333;2024-10-07T08:00:00+02:00
1293;29255.25;2024-10-07T09:00:00+02:00
1293;29540.91666666667;2024-10-07T10:00:00+02:00
1293;29537.83333333333;2024-10-07T11:00:00+02:00
1293;29698.25;2024-10-07T12:00:00+02:00
1293;30152.5;2024-10-07T13:00:00+02:00
1293;29615.16666666667;2024-10-07T14:00:00+02:00
1293;29079.41666666667;2024-10-07T15:00:00+02:00
1293;29078.75;2024-10-07T16:00:00+02:00
1293;29226.0;2024-10-07T17:00:00+02:00
1293;29200.41666666667;2024-10-07T18:00:00+02:00
1293;30189.75;2024-10-07T19:00:00+02:00
1293;32140.0;2024-10-07T20:00:00+02:00
1293;31225.33333333333;2024-10-07T21:00:00+02:00
1293;27922.66666666667;2024-10-07T22:00:00+02:00
1293;25288.91666666667;2024-10-07T23:00:00+02:00
1293;23716.0;2024-10-08T00:00:00+02:00
1293;22587.83333333333;2024-10-08T01:00:00+02:00
1293;21812.66666666667;2024-10-08T02:00:00+02:00
1293;21505.91666666667;2024-10-08T03:00:00+02:00
1293;21502.83333333333;2024-10-08T04:00:00+02:00
1293;22009.0;2024-10-08T05:00:00+02:00
1293;24237.83333333333;2024-10-08T06:00:00+02:00
1293;27636.25;2024-10-08T07:00:00+02:00
1293;29238.33333333333;2024-10-08T08:00:00+02:00
1293;29318.75;2024-10-08T09:00:00+02:00
1293;28739.75;2024-10-08T10:00:00+02:00
1293;28455.75;2024-10-08T11:00:00+02:00
1293;28461.91666666667;2024-10-08T12:00:00+02:00
1293;28249.41666666667;2024-10-08T13:00:00+02:00
1293;27712.58333333333;2024-10-08T14:00:00+02:00
1293;27430.16666666667;2024-10-08T15:00:00+02:00
1293;27348.75;2024-10-08T16:00:00+02:00
1293;27698.33333333333;2024-10-08T17:00:00+02:00
1293;28235.0;2024-10-08T18:00:00+02:00
1293;29607.25;2024-10-08T19:00:00+02:00
1293;31811.0;2024-10-08T20:00:00+02:00
1293;31049.33333333333;2024-10-08T21:00:00+02:00
1293;28144.91666666667;2024-10-08T22:00:00+02:00
1293;25719.5;2024-10-08T23:00:00+02:00
1293;24287.08333333333;2024-10-09T00:00:00+02:00
1293;23057.25;2024-10-09T01:00:00+02:00
1293;22282.58333333333;2024-10-09T02:00:00+02:00
1293;21995.0;2024-10-09T03:00:00+02:00
1293;21926.58333333333;2024-10-09T04:00:00+02:00
1293;22225.16666666667;2024-10-09T05:00:00+02:00
1293;24174.5;2024-10-09T06:00:00+02:00
1293;27387.33333333333;2024-10-09T07:00:00+02:00
1293;28850.25;2024-10-09T08:00:00+02:00
1293;28829.41666666667;2024-10-09T09:00:00+02:00
1293;28396.83333333333;2024-10-09T10:00:00+02:00
1293;27956.58333333333;2024-10-09T11:00:00+02:00
1293;27998.66666666667;2024-10-09T12:00:00+02:00
1293;28115.16666666667;2024-10-09T13:00:00+02:00
1293;27619.25;2024-10-09T14:00:00+02:00
1293;26901.0;2024-10-09T15:00:00+02:00
1293;26698.25;2024-10-09T16:00:00+02:00
1293;27536.41666666667;2024-10-09T17:00:00+02:00
1293;28220.33333333333;2024-10-09T18:00:00+02:00
1293;29663.41666666667;2024-10-09T19:00:00+02:00
1293;31661.33333333333;2024-10-09T20:00:00+02:00
1293;30933.41666666667;2024-10-09T21:00:00+02:00
1293;27903.08333333333;2024-10-09T22:00:00+02:00
1293;25411.16666666667;2024-10-09T23:00:00+02:00
1293;24044.25;2024-10-10T00:00:00+02:00
1293;22883.83333333333;2024-10-10T01:00:00+02:00
1293;22122.91666666667;2024-10-10T02:00:00+02:00
1293;21700.58333333333;2024-10-10T03:00:00+02:00
1293;21552.0;2024-10-10T04:00:00+02:00
1293;21883.5;2024-10-10T05:00:00+02:00
1293;24200.83333333333;2024-10-10T06:00:00+02:00
1293;27792.75;2024-10-10T07:00:00+02:00
1293;29196.75;2024-10-10T08:00:00+02:00
1293;29210.83333333333;2024-10-10T09:00:00+02:00
1293;28371.91666666667;2024-10-10T10:00:00+02:00
1293;27565.91666666667;2024-10-10T11:00:00+02:00
1293;27251.83333333333;2024-10-10T12:00:00+02:00
1293;27241.91666666667;2024-10-10T13:00:00+02:00
1293;26686.66666666667;2024-10-10T14:00:00+02:00
1293;26119.41666666667;2024-10-10T15:00:00+02:00
1293;25817.08333333333;2024-10-10T16:00:00+02:00
1293;26484.91666666667;2024-10-10T17:00:00+02:00
1293;27091.75;2024-10-10T18:00:00+02:00
1293;28332.0;2024-10-10T19:00:00+02:00
1293;30576.0;2024-10-10T20:00:00+02:00
1293;30025.83333333333;2024-10-10T21:00:00+02:00
1293;27330.08333333333;2024-10-10T22:00:00+02:00
1293;24831.66666666667;2024-10-10T23:00:00+02:00
1293;23509.66666666667;2024-10-11T00:00:00+02:00
1293;22319.41666666667;2024-10-11T01:00:00+02:00
1293;21557.58333333333;2024-10-11T02:00:00+02:00
1293;21157.75;2024-10-11T03:00:00+02:00
1293;21013.16666666667;2024-10-11T04:00:00+02:00
1293;21367.33333333333;2024-10-11T05:00:00+02:00
1293;23514.5;2024-10-11T06:00:00+02:00
1293;26767.33333333333;2024-10-11T07:00:00+02:00
1293;28263.16666666667;2024-10-11T08:00:00+02:00
1293;28524.91666666667;2024-10-11T09:00:00+02:00
1293;28213.58333333333;2024-10-11T10:00:00+02:00
1293;27618.66666666667;2024-10-11T11:00:00+02:00
1293;27363.66666666667;2024-10-11T12:00:00+02:00
1293;27320.66666666667;2024-10-11T13:00:00+02:00
1293;26797.0;2024-10-11T14:00:00+02:00
1293;26263.08333333333;2024-10-11T15:00:00+02:00
1293;26222.75;2024-10-11T16:00:00+02:00
1293;26749.25;2024-10-11T17:00:00+02:00
1293;27622.41666666667;2024-10-11T18:00:00+02:00
1293;28948.75;2024-10-11T19:00:00+02:00
1293;30292.66666666667;2024-10-11T20:00:00+02:00
1293;29327.16666666667;2024-10-11T21:00:00+02:00
1293;26600.75;2024-10-11T22:00:00+02:00
1293;24439.5;2024-10-11T23:00:00+02:00
1293;22924.66666666667;2024-10-12T00:00:00+02:00
1293;21751.5;2024-10-12T01:00:00+02:00
1293;20816.58333333333;2024-10-12T02:00:00+02:00
1293;20078.08333333333;2024-10-12T03:00:00+02:00
1293;19774.41666666667;2024-10-12T04:00:00+02:00
1293;19633.08333333333;2024-10-12T05:00:00+02:00
1293;20058.16666666667;2024-10-12T06:00:00+02:00
1293;21001.83333333333;2024-10-12T07:00:00+02:00
1293;21936.25;2024-10-12T08:00:00+02:00
1293;23426.91666666667;2024-10-12T09:00:00+02:00
1293;24583.08333333333;2024-10-12T10:00:00+02:00
1293;24916.0;2024-10-12T11:00:00+02:00
1293;25031.58333333333;2024-10-12T12:00:00+02:00
1293;25376.25;2024-10-12T13:00:00+02:00
1293;24954.08333333333;2024-10-12T14:00:00+02:00
1293;23284.33333333333;2024-10-12T15:00:00+02:00
1293;22490.58333333333;2024-10-12T16:00:00+02:00
1293;22560.25;2024-10-12T17:00:00+02:00
1293;23029.33333333333;2024-10-12T18:00:00+02:00
1293;24262.66666666667;2024-10-12T19:00:00+02:00
1293;25865.25;2024-10-12T20:00:00+02:00
1293;25775.83333333333;2024-10-12T21:00:00+02:00
1293;24228.16666666667;2024-10-12T22:00:00+02:00
1293;22506.33333333333;2024-10-12T23:00:00+02:00
1293;21084.33333333333;2024-10-13T00:00:00+02:00
1293;19952.83333333333;2024-10-13T01:00:00+02:00
1293;19087.33333333333;2024-10-13T02:00:00+02:00
1293;18555.41666666667;2024-10-13T03:00:00+02:00
1293;18322.5;2024-10-13T04:00:00+02:00
1293;18263.66666666667;2024-10-13T05:00:00+02:00
1293;18609.41666666667;2024-10-13T06:00:00+02:00
1293;19320.5;2024-10-13T07:00:00+02:00
1293;19793.16666666667;2024-10-13T08:00:00+02:00
1293;20852.75;2024-10-13T09:00:00+02:00
1293;21802.08333333333;2024-10-13T10:00:00+02:00
1293;21739.75;2024-10-13T11:00:00+02:00
1293;21684.5;2024-10-13T12:00:00+02:00
1293;22148.75;2024-10-13T13:00:00+02:00
1293;21977.58333333333;2024-10-13T14:00:00+02:00
1293;20922.0;2024-10-13T15:00:00+02:00
1293;20375.91666666667;2024-10-13T16:00:00+02:00
1293;21003.0;2024-10-13T17:00:00+02:00
1293;22066.16666666667;2024-10-13T18:00:00+02:00
1293;23972.25;2024-10-13T19:00:00+02:00
1293;26259.25;2024-10-13T20:00:00+02:00
1293;26289.0;2024-10-13T21:00:00+02:00
1293;24608.16666666667;2024-10-13T22:00:00+02:00
1293;22703.83333333333;2024-10-13T23:00:00+02:00
1293;21314.33333333333;2024-10-14T00:00:00+02:00
1293;20281.5;2024-10-14T01:00:00+02:00
1293;19538.0;2024-10-14T02:00:00+02:00
1293;19351.33333333333;2024-10-14T03:00:00+02:00
1293;19419.16666666667;2024-10-14T04:00:00+02:00
1293;20235.91666666667;2024-10-14T05:00:00+02:00
1293;22869.5;2024-10-14T06:00:00+02:00
1293;26702.91666666667;2024-10-14T07:00:00+02:00
1293;28397.75;2024-10-14T08:00:00+02:00
1293;28862.0;2024-10-14T09:00:00+02:00
1293;29118.58333333333;2024-10-14T10:00:00+02:00
1293;29096.75;2024-10-14T11:00:00+02:00
1293;29000.58333333333;2024-10-14T12:00:00+02:00
1293;28960.91666666667;2024-10-14T13:00:00+02:00
1293;28407.5;2024-10-14T14:00:00+02:00
1293;27764.16666666667;2024-10-14T15:00:00+02:00
1293;27510.16666666667;2024-10-14T16:00:00+02:00
1293;27894.75;2024-10-14T17:00:00+02:00
1293;28083.66666666667;2024-10-14T18:00:00+02:00
1293;29308.16666666667;2024-10-14T19:00:00+02:00
1293;31253.58333333333;2024-10-14T20:00:00+02:00
1293;30498.33333333333;2024-10-14T21:00:00+02:00
1293;27495.5;2024-10-14T22:00:00+02:00
1293;24908.58333333333;2024-10-14T23:00:00+02:00
1293;23677.58333333333;2024-10-15T00:00:00+02:00
1293;22572.25;2024-10-15T01:00:00+02:00
1293;21716.66666666667;2024-10-15T02:00:00+02:00
1293;21347.75;2024-10-15T03:00:00+02:00
1293;21179.08333333333;2024-10-15T04:00:00+02:00
1293;21725.66666666667;2024-10-15T05:00:00+02:00
1293;24057.08333333333;2024-10-15T06:00:00+02:00
1293;27469.25;2024-10-15T07:00:00+02:00
1293;29276.25;2024-10-15T08:00:00+02:00
1293;29366.75;2024-10-15T09:00:00+02:00
1293;29253.16666666667;2024-10-15T10:00:00+02:00
1293;28872.16666666667;2024-10-15T11:00:00+02:00
1293;29296.66666666667;2024-10-15T12:00:00+02:00
1293;29700.0;2024-10-15T13:00:00+02:00
1293;29150.5;2024-10-15T14:00:00+02:00
1293;28482.75;2024-10-15T15:00:00+02:00
1293;28287.08333333333;2024-10-15T16:00:00+02:00
1293;28389.91666666667;2024-10-15T17:00:00+02:00
1293;28670.83333333333;2024-10-15T18:00:00+02:00
1293;29911.33333333333;2024-10-15T19:00:00+02:00
1293;31582.16666666667;2024-10-15T20:00:00+02:00
1293;30683.5;2024-10-15T21:00:00+02:00
1293;27542.83333333333;2024-10-15T22:00:00+02:00
1293;25098.83333333333;2024-10-15T23:00:00+02:00
1293;23474.5;2024-10-16T00:00:00+02:00
1293;22390.83333333333;2024-10-16T01:00:00+02:00
1293;21721.66666666667;2024-10-16T02:00:00+02:00
1293;21480.41666666667;2024-10-16T03:00:00+02:00
1293;21291.75;2024-10-16T04:00:00+02:00
1293;21854.58333333333;2024-10-16T05:00:00+02:00
1293;24260.08333333333;2024-10-16T06:00:00+02:00
1293;27886.83333333333;2024-10-16T07:00:00+02:00
1293;29560.41666666667;2024-10-16T08:00:00+02:00
1293;29867.66666666667;2024-10-16T09:00:00+02:00
1293;29924.16666666667;2024-10-16T10:00:00+02:00
1293;29549.83333333333;2024-10-16T11:00:00+02:00
1293;29319.16666666667;2024-10-16T12:00:00+02:00
1293;29035.5;2024-10-16T13:00:00+02:00
1293;28414.66666666667;2024-10-16T14:00:00+02:00
1293;27808.41666666667;2024-10-16T15:00:00+02:00
1293;27796.16666666667;2024-10-16T16:00:00+02:00
1293;28107.0;2024-10-16T17:00:00+02:00
1293;28522.08333333333;2024-10-16T18:00:00+02:00
1293;30035.25;2024-10-16T19:00:00+02:00
1293;31851.25;2024-10-16T20:00:00+02:00
1293;30919.33333333333;2024-10-16T21:00:00+02:00
1293;27753.91666666667;2024-10-16T22:00:00+02:00
1293;25042.25;2024-10-16T23:00:00+02:00
1293;23418.33333333333;2024-10-17T00:00:00+02:00
1293;22420.83333333333;2024-10-17T01:00:00+02:00
1293;21642.58333333333;2024-10-17T02:00:00+02:00
1293;21262.91666666667;2024-10-17T03:00:00+02:00
1293;21070.5;2024-10-17T04:00:00+02:00
1293;21483.58333333333;2024-10-17T05:00:00+02:00
1293;23820.5;2024-10-17T06:00:00+02:00
1293;27268.33333333333;2024-10-17T07:00:00+02:00
1293;29183.08333333333;2024-10-17T08:00:00+02:00
1293;29481.08333333333;2024-10-17T09:00:00+02:00
1293;29516.41666666667;2024-10-17T10:00:00+02:00
1293;29332.5;2024-10-17T11:00:00+02:00
1293;29197.0;2024-10-17T12:00:00+02:00
1293;28739.58333333333;2024-10-17T13:00:00+02:00
1293;27676.41666666667;2024-10-17T14:00:00+02:00
1293;26984.66666666667;2024-10-17T15:00:00+02:00
1293;26891.83333333333;2024-10-17T16:00:00+02:00
1293;27196.16666666667;2024-10-17T17:00:00+02:00
1293;27933.75;2024-10-17T18:00:00+02:00
1293;29448.08333333333;2024-10-17T19:00:00+02:00
1293;31359.0;2024-10-17T20:00:00+02:00
1293;30420.66666666667;2024-10-17T21:00:00+02:00
1293;27638.25;2024-10-17T22:00:00+02:00
1293;25096.16666666667;2024-10-17T23:00:00+02:00
1293;23498.75;2024-10-18T00:00:00+02:00
1293;22403.66666666667;2024-10-18T01:00:00+02:00
1293;21751.16666666667;2024-10-18T02:00:00+02:00
1293;21321.5;2024-10-18T03:00:00+02:00
1293;21227.91666666667;2024-10-18T04:00:00+02:00
1293;21591.58333333333;2024-10-18T05:00:00+02:00
1293;23788.25;2024-10-18T06:00:00+02:00
1293;27197.41666666667;2024-10-18T07:00:00+02:00
1293;28999.5;2024-10-18T08:00:00+02:00
1293;29008.75;2024-10-18T09:00:00+02:00
1293;28657.66666666667;2024-10-18T10:00:00+02:00
1293;28232.41666666667;2024-10-18T11:00:00+02:00
1293;27777.58333333333;2024-10-18T12:00:00+02:00
1293;27495.08333333333;2024-10-18T13:00:00+02:00
1293;27069.08333333333;2024-10-18T14:00:00+02:00
1293;26243.66666666667;2024-10-18T15:00:00+02:00
1293;26089.33333333333;2024-10-18T16:00:00+02:00
1293;26546.83333333333;2024-10-18T17:00:00+02:00
1293;27127.75;2024-10-18T18:00:00+02:00
1293;28686.0;2024-10-18T19:00:00+02:00
1293;29850.0;2024-10-18T20:00:00+02:00
1293;29163.83333333333;2024-10-18T21:00:00+02:00
1293;26419.0;2024-10-18T22:00:00+02:00
1293;24298.5;2024-10-18T23:00:00+02:00
1293;23145.66666666667;2024-10-19T00:00:00+02:00
1293;21916.91666666667;2024-10-19T01:00:00+02:00
1293;20922.5;2024-10-19T02:00:00+02:00
1293;20455.58333333333;2024-10-19T03:00:00+02:00
1293;20264.5;2024-10-19T04:00:00+02:00
1293;20066.25;2024-10-19T05:00:00+02:00
1293;20461.16666666667;2024-10-19T06:00:00+02:00
1293;21594.25;2024-10-19T07:00:00+02:00
1293;22767.83333333333;2024-10-19T08:00:00+02:00
1293;24076.5;2024-10-19T09:00:00+02:00
1293;24494.66666666667;2024-10-19T10:00:00+02:00
1293;23854.91666666667;2024-10-19T11:00:00+02:00
1293;23379.83333333333;2024-10-19T12:00:00+02:00
1293;23437.16666666667;2024-10-19T13:00:00+02:00
1293;23096.75;2024-10-19T14:00:00+02:00
1293;22090.5;2024-10-19T15:00:00+02:00
1293;21919.5;2024-10-19T16:00:00+02:00
1293;22395.41666666667;2024-10-19T17:00:00+02:00
1293;23254.5;2024-10-19T18:00:00+02:00
1293;25030.5;2024-10-19T19:00:00+02:00
1293;26370.91666666667;2024-10-19T20:00:00+02:00
1293;25885.25;2024-10-19T21:00:00+02:00
1293;23984.41666666667;2024-10-19T22:00:00+02:00
1293;22332.66666666667;2024-10-19T23:00:00+02:00
1293;21134.0;2024-10-20T00:00:00+02:00
1293;20116.41666666667;2024-10-20T01:00:00+02:00
1293;19386.25;2024-10-20T02:00:00+02:00
1293;18736.25;2024-10-20T03:00:00+02:00
1293;18468.83333333333;2024-10-20T04:00:00+02:00
1293;18336.08333333333;2024-10-20T05:00:00+02:00
1293;18696.41666666667;2024-10-20T06:00:00+02:00
1293;19573.0;2024-10-20T07:00:00+02:00
1293;20206.33333333333;2024-10-20T08:00:00+02:00
1293;21113.83333333333;2024-10-20T09:00:00+02:00
1293;21700.5;2024-10-20T10:00:00+02:00
1293;21703.33333333333;2024-10-20T11:00:00+02:00
1293;21507.75;2024-10-20T12:00:00+02:00
1293;21822.83333333333;2024-10-20T13:00:00+02:00
1293;21690.58333333333;2024-10-20T14:00:00+02:00
1293;20593.75;2024-10-20T15:00:00+02:00
1293;20411.5;2024-10-20T16:00:00+02:00
1293;21004.0;2024-10-20T17:00:00+02:00
1293;22198.25;2024-10-20T18:00:00+02:00
1293;24109.83333333333;2024-10-20T19:00:00+02:00
1293;26389.41666666667;2024-10-20T20:00:00+02:00
1293;26208.91666666667;2024-10-20T21:00:00+02:00
1293;24574.41666666667;2024-10-20T22:00:00+02:00
1293;22629.83333333333;2024-10-20T23:00:00+02:00
1293;21325.16666666667;2024-10-21T00:00:00+02:00
1293;20148.58333333333;2024-10-21T01:00:00+02:00
1293;19439.66666666667;2024-10-21T02:00:00+02:00
1293;19145.91666666667;2024-10-21T03:00:00+02:00
1293;19075.41666666667;2024-10-21T04:00:00+02:00
1293;19697.75;2024-10-21T05:00:00+02:00
1293;22538.58333333333;2024-10-21T06:00:00+02:00
1293;26330.25;2024-10-21T07:00:00+02:00
1293;28178.0;2024-10-21T08:00:00+02:00
1293;28087.08333333333;2024-10-21T09:00:00+02:00
1293;27469.91666666667;2024-10-21T10:00:00+02:00
1293;26777.5;2024-10-21T11:00:00+02:00
1293;26490.16666666667;2024-10-21T12:00:00+02:00
1293;26790.33333333333;2024-10-21T13:00:00+02:00
1293;26328.08333333333;2024-10-21T14:00:00+02:00
1293;25884.08333333333;2024-10-21T15:00:00+02:00
1293;26030.83333333333;2024-10-21T16:00:00+02:00
1293;26631.08333333333;2024-10-21T17:00:00+02:00
1293;27386.33333333333;2024-10-21T18:00:00+02:00
1293;29352.25;2024-10-21T19:00:00+02:00
1293;31228.0;2024-10-21T20:00:00+02:00
1293;30374.66666666667;2024-10-21T21:00:00+02:00
1293;27368.0;2024-10-21T22:00:00+02:00
1293;24690.75;2024-10-21T23:00:00+02:00
1293;23131.08333333333;2024-10-22T00:00:00+02:00
1293;21873.83333333333;2024-10-22T01:00:00+02:00
1293;21031.33333333333;2024-10-22T02:00:00+02:00
1293;20794.33333333333;2024-10-22T03:00:00+02:00
1293;20776.75;2024-10-22T04:00:00+02:00
1293;21195.75;2024-10-22T05:00:00+02:00
1293;23479.41666666667;2024-10-22T06:00:00+02:00
1293;27203.5;2024-10-22T07:00:00+02:00
1293;29081.41666666667;2024-10-22T08:00:00+02:00
1293;29114.16666666667;2024-10-22T09:00:00+02:00
1293;28681.16666666667;2024-10-22T10:00:00+02:00
1293;28066.83333333333;2024-10-22T11:00:00+02:00
1293;28111.08333333333;2024-10-22T12:00:00+02:00
1293;28241.75;2024-10-22T13:00:00+02:00
1293;27810.08333333333;2024-10-22T14:00:00+02:00
1293;27154.58333333333;2024-10-22T15:00:00+02:00
1293;27129.66666666667;2024-10-22T16:00:00+02:00
1293;27660.0;2024-10-22T17:00:00+02:00
1293;28100.58333333333;2024-10-22T18:00:00+02:00
1293;29620.75;2024-10-22T19:00:00+02:00
1293;31190.91666666667;2024-10-22T20:00:00+02:00
1293;30166.83333333333;2024-10-22T21:00:00+02:00
1293;27000.75;2024-10-22T22:00:00+02:00
1293;24505.75;2024-10-22T23:00:00+02:00
1293;22857.33333333333;2024-10-23T00:00:00+02:00
1293;21632.25;2024-10-23T01:00:00+02:00
1293;20805.25;2024-10-23T02:00:00+02:00
1293;20482.33333333333;2024-10-23T03:00:00+02:00
1293;20476.41666666667;2024-10-23T04:00:00+02:00
1293;20997.41666666667;2024-10-23T05:00:00+02:00
1293;23432.83333333333;2024-10-23T06:00:00+02:00
1293;27082.0;2024-10-23T07:00:00+02:00
1293;29213.16666666667;2024-10-23T08:00:00+02:00
1293;29378.33333333333;2024-10-23T09:00:00+02:00
1293;29228.33333333333;2024-10-23T10:00:00+02:00
1293;28695.16666666667;2024-10-23T11:00:00+02:00
1293;28434.91666666667;2024-10-23T12:00:00+02:00
1293;28161.33333333333;2024-10-23T13:00:00+02:00
1293;27549.16666666667;2024-10-23T14:00:00+02:00
1293;26639.0;2024-10-23T15:00:00+02:00
1293;26570.08333333333;2024-10-23T16:00:00+02:00
1293;27162.08333333333;2024-10-23T17:00:00+02:00
1293;27794.08333333333;2024-10-23T18:00:00+02:00
1293;29325.16666666667;2024-10-23T19:00:00+02:00
1293;31025.41666666667;2024-10-23T20:00:00+02:00
1293;30062.41666666667;2024-10-23T21:00:00+02:00
1293;27034.83333333333;2024-10-23T22:00:00+02:00
1293;24497.66666666667;2024-10-23T23:00:00+02:00
1293;22879.75;2024-10-24T00:00:00+02:00
1293;21733.33333333333;2024-10-24T01:00:00+02:00
1293;20861.58333333333;2024-10-24T02:00:00+02:00
1293;20611.33333333333;2024-10-24T03:00:00+02:00
1293;20595.0;2024-10-24T04:00:00+02:00
1293;21038.58333333333;2024-10-24T05:00:00+02:00
1293;23538.5;2024-10-24T06:00:00+02:00
1293;27129.91666666667;2024-10-24T07:00:00+02:00
1293;29104.83333333333;2024-10-24T08:00:00+02:00
1293;29050.91666666667;2024-10-24T09:00:00+02:00
1293;28529.08333333333;2024-10-24T10:00:00+02:00
1293;28189.58333333333;2024-10-24T11:00:00+02:00
1293;27754.0;2024-10-24T12:00:00+02:00
1293;27837.58333333333;2024-10-24T13:00:00+02:00
1293;27349.25;2024-10-24T14:00:00+02:00
1293;26580.08333333333;2024-10-24T15:00:00+02:00
1293;26562.75;2024-10-24T16:00:00+02:00
1293;27305.58333333333;2024-10-24T17:00:00+02:00
1293;28020.58333333333;2024-10-24T18:00:00+02:00
1293;29809.66666666667;2024-10-24T19:00:00+02:00
1293;31316.25;2024-10-24T20:00:00+02:00
1293;30167.91666666667;2024-10-24T21:00:00+02:00
1293;27348.91666666667;2024-10-24T22:00:00+02:00
1293;24928.33333333333;2024-10-24T23:00:00+02:00
1293;23240.41666666667;2024-10-25T00:00:00+02:00
1293;21990.91666666667;2024-10-25T01:00:00+02:00
1293;21246.83333333333;2024-10-25T02:00:00+02:00
1293;20927.91666666667;2024-10-25T03:00:00+02:00
1293;20957.16666666667;2024-10-25T04:00:00+02:00
1293;21373.16666666667;2024-10-25T05:00:00+02:00
1293;23856.33333333333;2024-10-25T06:00:00+02:00
1293;27503.5;2024-10-25T07:00:00+02:00
1293;29537.66666666667;2024-10-25T08:00:00+02:00
1293;29692.33333333333;2024-10-25T09:00:00+02:00
1293;29576.66666666667;2024-10-25T10:00:00+02:00
1293;29490.08333333333;2024-10-25T11:00:00+02:00
1293;29666.16666666667;2024-10-25T12:00:00+02:00
1293;29394.5;2024-10-25T13:00:00+02:00
1293;28626.08333333333;2024-10-25T14:00:00+02:00
1293;27744.25;2024-10-25T15:00:00+02:00
1293;27074.91666666667;2024-10-25T16:00:00+02:00
1293;27106.91666666667;2024-10-25T17:00:00+02:00
1293;27706.41666666667;2024-10-25T18:00:00+02:00
1293;29163.58333333333;2024-10-25T19:00:00+02:00
1293;30084.66666666667;2024-10-25T20:00:00+02:00
1293;29221.08333333333;2024-10-25T21:00:00+02:00
1293;26521.83333333333;2024-10-25T22:00:00+02:00
1293;24353.33333333333;2024-10-25T23:00:00+02:00
1293;22870.16666666667;2024-10-26T00:00:00+02:00
1293;21468.25;2024-10-26T01:00:00+02:00
1293;20378.75;2024-10-26T02:00:00+02:00
1293;19746.75;2024-10-26T03:00:00+02:00
1293;19493.91666666667;2024-10-26T04:00:00+02:00
1293;19419.75;2024-10-26T05:00:00+02:00
1293;20014.83333333333;2024-10-26T06:00:00+02:00
1293;21270.58333333333;2024-10-26T07:00:00+02:00
1293;22781.08333333333;2024-10-26T08:00:00+02:00
1293;23866.25;2024-10-26T09:00:00+02:00
1293;24906.83333333333;2024-10-26T10:00:00+02:00
1293;24837.33333333333;2024-10-26T11:00:00+02:00
1293;24596.91666666667;2024-10-26T12:00:00+02:00
1293;24876.5;2024-10-26T13:00:00+02:00
1293;24551.75;2024-10-26T14:00:00+02:00
1293;23574.41666666667;2024-10-26T15:00:00+02:00
1293;23043.33333333333;2024-10-26T16:00:00+02:00
1293;23304.58333333333;2024-10-26T17:00:00+02:00
1293;23924.58333333333;2024-10-26T18:00:00+02:00
1293;25548.16666666667;2024-10-26T19:00:00+02:00
1293;26744.66666666667;2024-10-26T20:00:00+02:00
1293;26228.91666666667;2024-10-26T21:00:00+02:00
1293;24178.41666666667;2024-10-26T22:00:00+02:00
1293;22602.58333333333;2024-10-26T23:00:00+02:00
1293;21063.16666666667;2024-10-27T00:00:00+02:00
1293;19838.75;2024-10-27T01:00:00+02:00
1293;18956.5;2024-10-27T02:00:00+02:00
1293;18397.91666666667;2024-10-27T02:00:00+01:00
1293;18044.66666666667;2024-10-27T03:00:00+01:00
1293;17948.33333333333;2024-10-27T04:00:00+01:00
1293;17921.5;2024-10-27T05:00:00+01:00
1293;18607.33333333333;2024-10-27T06:00:00+01:00
1293;19277.08333333333;2024-10-27T07:00:00+01:00
1293;20290.16666666667;2024-10-27T08:00:00+01:00
1293;21487.5;2024-10-27T09:00:00+01:00
1293;22337.91666666667;2024-10-27T10:00:00+01:00
1293;22560.5;2024-10-27T11:00:00+01:00
1293;23057.0;2024-10-27T12:00:00+01:00
1293;23819.5;2024-10-27T13:00:00+01:00
1293;23827.91666666667;2024-10-27T14:00:00+01:00
1293;22635.16666666667;2024-10-27T15:00:00+01:00
1293;22494.83333333333;2024-10-27T16:00:00+01:00
1293;23030.66666666667;2024-10-27T17:00:00+01:00
1293;24733.75;2024-10-27T18:00:00+01:00
1293;26143.83333333333;2024-10-27T19:00:00+01:00
1293;26892.25;2024-10-27T20:00:00+01:00
1293;26293.83333333333;2024-10-27T21:00:00+01:00
1293;24340.5;2024-10-27T22:00:00+01:00
1293;22105.16666666667;2024-10-27T23:00:00+01:00
1293;20752.33333333333;2024-10-28T00:00:00+01:00
1293;19724.91666666667;2024-10-28T01:00:00+01:00
1293;18974.0;2024-10-28T02:00:00+01:00
1293;18855.75;2024-10-28T03:00:00+01:00
1293;19022.0;2024-10-28T04:00:00+01:00
1293;19787.58333333333;2024-10-28T05:00:00+01:00
1293;22770.41666666667;2024-10-28T06:00:00+01:00
1293;26496.16666666667;2024-10-28T07:00:00+01:00
1293;28263.25;2024-10-28T08:00:00+01:00
1293;28556.16666666667;2024-10-28T09:00:00+01:00
1293;28406.16666666667;2024-10-28T10:00:00+01:00
1293;28481.41666666667;2024-10-28T11:00:00+01:00
1293;28698.41666666667;2024-10-28T12:00:00+01:00
1293;29058.0;2024-10-28T13:00:00+01:00
1293;28738.66666666667;2024-10-28T14:00:00+01:00
1293;28458.33333333333;2024-10-28T15:00:00+01:00
1293;28463.41666666667;2024-10-28T16:00:00+01:00
1293;28753.16666666667;2024-10-28T17:00:00+01:00
1293;30102.58333333333;2024-10-28T18:00:00+01:00
1293;31416.75;2024-10-28T19:00:00+01:00
1293;32030.91666666667;2024-10-28T20:00:00+01:00
1293;30755.66666666667;2024-10-28T21:00:00+01:00
1293;27419.33333333333;2024-10-28T22:00:00+01:00
1293;24786.5;2024-10-28T23:00:00+01:00
1293;23050.58333333333;2024-10-29T00:00:00+01:00
1293;21819.41666666667;2024-10-29T01:00:00+01:00
1293;21074.58333333333;2024-10-29T02:00:00+01:00
1293;20715.66666666667;2024-10-29T03:00:00+01:00
1293;20696.41666666667;2024-10-29T04:00:00+01:00
1293;21338.33333333333;2024-10-29T05:00:00+01:00
1293;23832.75;2024-10-29T06:00:00+01:00
1293;27289.5;2024-10-29T07:00:00+01:00
1293;29229.25;2024-10-29T08:00:00+01:00
1293;29874.58333333333;2024-10-29T09:00:00+01:00
1293;29974.0;2024-10-29T10:00:00+01:00
1293;30157.5;2024-10-29T11:00:00+01:00
1293;30405.5;2024-10-29T12:00:00+01:00
1293;30786.5;2024-10-29T13:00:00+01:00
1293;30546.0;2024-10-29T14:00:00+01:00
1293;29695.25;2024-10-29T15:00:00+01:00
1293;29582.25;2024-10-29T16:00:00+01:00
1293;30032.58333333333;2024-10-29T17:00:00+01:00
1293;31138.83333333333;2024-10-29T18:00:00+01:00
1293;31981.25;2024-10-29T19:00:00+01:00
1293;32320.08333333333;2024-10-29T20:00:00+01:00
1293;31122.08333333333;2024-10-29T21:00:00+01:00
1293;27951.83333333333;2024-10-29T22:00:00+01:00
1293;25090.33333333333;2024-10-29T23:00:00+01:00
1293;23055.25;2024-10-30T00:00:00+01:00
1293;21987.16666666667;2024-10-30T01:00:00+01:00
1293;21143.58333333333;2024-10-30T02:00:00+01:00
1293;20810.0;2024-10-30T03:00:00+01:00
1293;20644.75;2024-10-30T04:00:00+01:00
1293;21286.75;2024-10-30T05:00:00+01:00
1293;23610.75;2024-10-30T06:00:00+01:00
1293;27096.66666666667;2024-10-30T07:00:00+01:00
1293;28927.16666666667;2024-10-30T08:00:00+01:00
1293;29396.91666666667;2024-10-30T09:00:00+01:00
1293;29096.5;2024-10-30T10:00:00+01:00
1293;29181.66666666667;2024-10-30T11:00:00+01:00
1293;29551.91666666667;2024-10-30T12:00:00+01:00
1293;29729.33333333333;2024-10-30T13:00:00+01:00
1293;29367.83333333333;2024-10-30T14:00:00+01:00
1293;28785.5;2024-10-30T15:00:00+01:00
1293;28411.25;2024-10-30T16:00:00+01:00
1293;28638.0;2024-10-30T17:00:00+01:00
1293;29941.08333333333;2024-10-30T18:00:00+01:00
1293;30796.58333333333;2024-10-30T19:00:00+01:00
1293;31157.16666666667;2024-10-30T20:00:00+01:00
1293;30330.33333333333;2024-10-30T21:00:00+01:00
1293;27602.33333333333;2024-10-30T22:00:00+01:00
1293;25062.91666666667;2024-10-30T23:00:00+01:00
1293;23237.5;2024-10-31T00:00:00+01:00
1293;21808.08333333333;2024-10-31T01:00:00+01:00
1293;20808.83333333333;2024-10-31T02:00:00+01:00
1293;20545.83333333333;2024-10-31T03:00:00+01:00
1293;20390.16666666667;2024-10-31T04:00:00+01:00
1293;20919.66666666667;2024-10-31T05:00:00+01:00
1293;23005.41666666667;2024-10-31T06:00:00+01:00
1293;26581.16666666667;2024-10-31T07:00:00+01:00
1293;28320.33333333333;2024-10-31T08:00:00+01:00
1293;28699.25;2024-10-31T09:00:00+01:00
1293;28518.66666666667;2024-10-31T10:00:00+01:00
1293;28060.16666666667;2024-10-31T11:00:00+01:00
1293;27904.75;2024-10-31T12:00:00+01:00
1293;28211.08333333333;2024-10-31T13:00:00+01:00
1293;27937.0;2024-10-31T14:00:00+01:00
1293;27733.08333333333;2024-10-31T15:00:00+01:00
1293;27909.25;2024-10-31T16:00:00+01:00
1293;28085.08333333333;2024-10-31T17:00:00+01:00
1293;29190.16666666667;2024-10-31T18:00:00+01:00
1293;29635.16666666667;2024-10-31T19:00:00+01:00
1293;29530.83333333333;2024-10-31T20:00:00+01:00
1293;28670.58333333333;2024-10-31T21:00:00+01:00
1293;26212.5;2024-10-31T22:00:00+01:00
1293;24107.25;2024-10-31T23:00:00+01:00
1293;22499.0;2024-11-01T00:00:00+01:00
1293;21131.33333333333;2024-11-01T01:00:00+01:00
1293;20179.16666666667;2024-11-01T02:00:00+01:00
1293;19685.91666666667;2024-11-01T03:00:00+01:00
1293;19417.33333333333;2024-11-01T04:00:00+01:00
1293;19256.33333333333;2024-11-01T05:00:00+01:00
1293;19591.08333333333;2024-11-01T06:00:00+01:00
1293;20386.75;2024-11-01T07:00:00+01:00
1293;21001.5;2024-11-01T08:00:00+01:00
1293;22321.75;2024-11-01T09:00:00+01:00
1293;22823.08333333333;2024-11-01T10:00:00+01:00
1293;22843.0;2024-11-01T11:00:00+01:00
1293;22695.25;2024-11-01T12:00:00+01:00
1293;23190.58333333333;2024-11-01T13:00:00+01:00
1293;23432.83333333333;2024-11-01T14:00:00+01:00
1293;22765.5;2024-11-01T15:00:00+01:00
1293;22502.83333333333;2024-11-01T16:00:00+01:00
1293;22849.5;2024-11-01T17:00:00+01:00
1293;24690.66666666667;2024-11-01T18:00:00+01:00
1293;25627.41666666667;2024-11-01T19:00:00+01:00
1293;26084.0;2024-11-01T20:00:00+01:00
1293;25876.0;2024-11-01T21:00:00+01:00
1293;24436.58333333333;2024-11-01T22:00:00+01:00
1293;22658.41666666667;2024-11-01T23:00:00+01:00
1293;21138.16666666667;2024-11-02T00:00:00+01:00
1293;19861.91666666667;2024-11-02T01:00:00+01:00
1293;18867.83333333333;2024-11-02T02:00:00+01:00
1293;18426.5;2024-11-02T03:00:00+01:00
1293;18258.41666666667;2024-11-02T04:00:00+01:00
1293;18431.25;2024-11-02T05:00:00+01:00
1293;19325.08333333333;2024-11-02T06:00:00+01:00
1293;20134.41666666667;2024-11-02T07:00:00+01:00
1293;21019.91666666667;2024-11-02T08:00:00+01:00
1293;22404.75;2024-11-02T09:00:00+01:00
1293;22968.58333333333;2024-11-02T10:00:00+01:00
1293;22830.75;2024-11-02T11:00:00+01:00
1293;22773.08333333333;2024-11-02T12:00:00+01:00
1293;23395.08333333333;2024-11-02T13:00:00+01:00
1293;23574.91666666667;2024-11-02T14:00:00+01:00
1293;22878.25;2024-11-02T15:00:00+01:00
1293;22749.75;2024-11-02T16:00:00+01:00
1293;23222.58333333333;2024-11-02T17:00:00+01:00
1293;24893.5;2024-11-02T18:00:00+01:00
1293;25846.16666666667;2024-11-02T19:00:00+01:00
1293;26292.5;2024-11-02T20:00:00+01:00
1293;25864.91666666667;2024-11-02T21:00:00+01:00
1293;24052.5;2024-11-02T22:00:00+01:00
1293;22163.83333333333;2024-11-02T23:00:00+01:00
1293;20588.5;2024-11-03T00:00:00+01:00
1293;19318.83333333333;2024-11-03T01:00:00+01:00
1293;18459.41666666667;2024-11-03T02:00:00+01:00
1293;17905.58333333333;2024-11-03T03:00:00+01:00
1293;17675.41666666667;2024-11-03T04:00:00+01:00
1293;17470.91666666667;2024-11-03T05:00:00+01:00
1293;18018.33333333333;2024-11-03T06:00:00+01:00
1293;18538.83333333333;2024-11-03T07:00:00+01:00
1293;19069.75;2024-11-03T08:00:00+01:00
1293;20616.75;2024-11-03T09:00:00+01:00
1293;21467.66666666667;2024-11-03T10:00:00+01:00
1293;21848.16666666667;2024-11-03T11:00:00+01:00
1293;21980.08333333333;2024-11-03T12:00:00+01:00
1293;22538.5;2024-11-03T13:00:00+01:00
1293;22561.83333333333;2024-11-03T14:00:00+01:00
1293;21699.33333333333;2024-11-03T15:00:00+01:00
1293;21660.33333333333;2024-11-03T16:00:00+01:00
1293;22356.83333333333;2024-11-03T17:00:00+01:00
1293;24337.66666666667;2024-11-03T18:00:00+01:00
1293;25773.5;2024-11-03T19:00:00+01:00
1293;26184.0;2024-11-03T20:00:00+01:00
1293;25795.66666666667;2024-11-03T21:00:00+01:00
1293;24138.08333333333;2024-11-03T22:00:00+01:00
1293;22203.5;2024-11-03T23:00:00+01:00
1293;20643.08333333333;2024-11-04T00:00:00+01:00
1293;19393.58333333333;2024-11-04T01:00:00+01:00
1293;18768.41666666667;2024-11-04T02:00:00+01:00
1293;18441.75;2024-11-04T03:00:00+01:00
1293;18618.41666666667;2024-11-04T04:00:00+01:00
1293;19224.91666666667;2024-11-04T05:00:00+01:00
1293;22020.83333333333;2024-11-04T06:00:00+01:00
1293;25417.25;2024-11-04T07:00:00+01:00
1293;27198.08333333333;2024-11-04T08:00:00+01:00
1293;27875.41666666667;2024-11-04T09:00:00+01:00
1293;27388.91666666667;2024-11-04T10:00:00+01:00
1293;27261.0;2024-11-04T11:00:00+01:00
1293;27313.83333333333;2024-11-04T12:00:00+01:00
1293;27572.91666666667;2024-11-04T13:00:00+01:00
1293;27491.91666666667;2024-11-04T14:00:00+01:00
1293;27158.0;2024-11-04T15:00:00+01:00
1293;27134.83333333333;2024-11-04T16:00:00+01:00
1293;27749.16666666667;2024-11-04T17:00:00+01:00
1293;29055.83333333333;2024-11-04T18:00:00+01:00
1293;29913.0;2024-11-04T19:00:00+01:00
1293;30674.66666666667;2024-11-04T20:00:00+01:00
1293;29828.25;2024-11-04T21:00:00+01:00
1293;26879.25;2024-11-04T22:00:00+01:00
1293;24679.16666666667;2024-11-04T23:00:00+01:00
1293;23004.16666666667;2024-11-05T00:00:00+01:00
1293;21846.16666666667;2024-11-05T01:00:00+01:00
1293;20944.58333333333;2024-11-05T02:00:00+01:00
1293;20626.41666666667;2024-11-05T03:00:00+01:00
1293;20784.41666666667;2024-11-05T04:00:00+01:00
1293;21271.91666666667;2024-11-05T05:00:00+01:00
1293;23649.58333333333;2024-11-05T06:00:00+01:00
1293;27156.66666666667;2024-11-05T07:00:00+01:00
1293;28568.0;2024-11-05T08:00:00+01:00
1293;28192.5;2024-11-05T09:00:00+01:00
1293;27677.66666666667;2024-11-05T10:00:00+01:00
1293;27117.16666666667;2024-11-05T11:00:00+01:00
1293;27063.0;2024-11-05T12:00:00+01:00
1293;27457.58333333333;2024-11-05T13:00:00+01:00
1293;27570.75;2024-11-05T14:00:00+01:00
1293;27534.58333333333;2024-11-05T15:00:00+01:00
1293;27733.0;2024-11-05T16:00:00+01:00
1293;28183.08333333333;2024-11-05T17:00:00+01:00
1293;29690.41666666667;2024-11-05T18:00:00+01:00
1293;30779.91666666667;2024-11-05T19:00:00+01:00
1293;31292.16666666667;2024-11-05T20:00:00+01:00
1293;30378.75;2024-11-05T21:00:00+01:00
1293;27683.91666666667;2024-11-05T22:00:00+01:00
1293;25115.91666666667;2024-11-05T23:00:00+01:00
1293;23328.16666666667;2024-11-06T00:00:00+01:00
1293;22006.75;2024-11-06T01:00:00+01:00
1293;21249.0;2024-11-06T02:00:00+01:00
1293;20802.83333333333;2024-11-06T03:00:00+01:00
1293;20772.66666666667;2024-11-06T04:00:00+01:00
1293;21267.08333333333;2024-11-06T05:00:00+01:00
1293;23710.58333333333;2024-11-06T06:00:00+01:00
1293;27127.66666666667;2024-11-06T07:00:00+01:00
1293;28544.08333333333;2024-11-06T08:00:00+01:00
1293;28275.5;2024-11-06T09:00:00+01:00
1293;27658.75;2024-11-06T10:00:00+01:00
1293;27146.75;2024-11-06T11:00:00+01:00
1293;27088.0;2024-11-06T12:00:00+01:00
1293;27671.58333333333;2024-11-06T13:00:00+01:00
1293;27729.41666666667;2024-11-06T14:00:00+01:00
1293;27716.33333333333;2024-11-06T15:00:00+01:00
1293;28057.58333333333;2024-11-06T16:00:00+01:00
1293;28623.58333333333;2024-11-06T17:00:00+01:00
1293;29628.58333333333;2024-11-06T18:00:00+01:00
1293;30620.0;2024-11-06T19:00:00+01:00
1293;31448.08333333333;2024-11-06T20:00:00+01:00
1293;30259.58333333333;2024-11-06T21:00:00+01:00
1293;27592.66666666667;2024-11-06T22:00:00+01:00
1293;24984.0;2024-11-06T23:00:00+01:00
1293;23397.91666666667;2024-11-07T00:00:00+01:00
1293;21954.41666666667;2024-11-07T01:00:00+01:00
1293;21105.16666666667;2024-11-07T02:00:00+01:00
1293;20990.66666666667;2024-11-07T03:00:00+01:00
1293;20782.25;2024-11-07T04:00:00+01:00
1293;21401.16666666667;2024-11-07T05:00:00+01:00
1293;23700.75;2024-11-07T06:00:00+01:00
1293;27112.0;2024-11-07T07:00:00+01:00
1293;28505.83333333333;2024-11-07T08:00:00+01:00
1293;28388.58333333333;2024-11-07T09:00:00+01:00
1293;28113.83333333333;2024-11-07T10:00:00+01:00
1293;27695.75;2024-11-07T11:00:00+01:00
1293;27629.25;2024-11-07T12:00:00+01:00
1293;27711.08333333333;2024-11-07T13:00:00+01:00
1293;27648.58333333333;2024-11-07T14:00:00+01:00
1293;27534.08333333333;2024-11-07T15:00:00+01:00
1293;27807.66666666667;2024-11-07T16:00:00+01:00
1293;28501.08333333333;2024-11-07T17:00:00+01:00
1293;30039.25;2024-11-07T18:00:00+01:00
1293;30814.75;2024-11-07T19:00:00+01:00
1293;31296.16666666667;2024-11-07T20:00:00+01:00
1293;30364.41666666667;2024-11-07T21:00:00+01:00
1293;27373.16666666667;2024-11-07T22:00:00+01:00
1293;25003.33333333333;2024-11-07T23:00:00+01:00
1293;23409.58333333333;2024-11-08T00:00:00+01:00
1293;22109.5;2024-11-08T01:00:00+01:00
1293;21208.58333333333;2024-11-08T02:00:00+01:00
1293;20959.0;2024-11-08T03:00:00+01:00
1293;20845.58333333333;2024-11-08T04:00:00+01:00
1293;21358.33333333333;2024-11-08T05:00:00+01:00
1293;23761.08333333333;2024-11-08T06:00:00+01:00
1293;27024.5;2024-11-08T07:00:00+01:00
1293;28617.08333333333;2024-11-08T08:00:00+01:00
1293;28716.0;2024-11-08T09:00:00+01:00
1293;28749.66666666667;2024-11-08T10:00:00+01:00
1293;28772.58333333333;2024-11-08T11:00:00+01:00
1293;28713.66666666667;2024-11-08T12:00:00+01:00
1293;29064.58333333333;2024-11-08T13:00:00+01:00
1293;28782.66666666667;2024-11-08T14:00:00+01:00
1293;27791.25;2024-11-08T15:00:00+01:00
1293;27713.08333333333;2024-11-08T16:00:00+01:00
1293;28102.41666666667;2024-11-08T17:00:00+01:00
1293;29641.83333333333;2024-11-08T18:00:00+01:00
1293;30234.91666666667;2024-11-08T19:00:00+01:00
1293;30153.75;2024-11-08T20:00:00+01:00
1293;29218.83333333333;2024-11-08T21:00:00+01:00
1293;26852.58333333333;2024-11-08T22:00:00+01:00
1293;24716.83333333333;2024-11-08T23:00:00+01:00
1293;23232.41666666667;2024-11-09T00:00:00+01:00
1293;21786.33333333333;2024-11-09T01:00:00+01:00
1293;20864.16666666667;2024-11-09T02:00:00+01:00
1293;20321.0;2024-11-09T03:00:00+01:00
1293;20022.08333333333;2024-11-09T04:00:00+01:00
1293;19980.41666666667;2024-11-09T05:00:00+01:00
1293;20535.91666666667;2024-11-09T06:00:00+01:00
1293;21608.08333333333;2024-11-09T07:00:00+01:00
1293;22641.58333333333;2024-11-09T08:00:00+01:00
1293;24126.83333333333;2024-11-09T09:00:00+01:00
1293;24657.66666666667;2024-11-09T10:00:00+01:00
1293;24491.58333333333;2024-11-09T11:00:00+01:00
1293;24136.75;2024-11-09T12:00:00+01:00
1293;24310.91666666667;2024-11-09T13:00:00+01:00
1293;24473.83333333333;2024-11-09T14:00:00+01:00
1293;23596.91666666667;2024-11-09T15:00:00+01:00
1293;23248.16666666667;2024-11-09T16:00:00+01:00
1293;23649.33333333333;2024-11-09T17:00:00+01:00
1293;25375.0;2024-11-09T18:00:00+01:00
1293;26077.5;2024-11-09T19:00:00+01:00
1293;26441.16666666667;2024-11-09T20:00:00+01:00
1293;26246.83333333333;2024-11-09T21:00:00+01:00
1293;24367.58333333333;2024-11-09T22:00:00+01:00
1293;22555.5;2024-11-09T23:00:00+01:00
1293;21180.08333333333;2024-11-10T00:00:00+01:00
1293;19943.83333333333;2024-11-10T01:00:00+01:00
1293;18952.75;2024-11-10T02:00:00+01:00
1293;18471.0;2024-11-10T03:00:00+01:00
1293;18102.08333333333;2024-11-10T04:00:00+01:00
1293;18040.5;2024-11-10T05:00:00+01:00
1293;18578.08333333333;2024-11-10T06:00:00+01:00
1293;19198.66666666667;2024-11-10T07:00:00+01:00
1293;19603.58333333333;2024-11-10T08:00:00+01:00
1293;20829.75;2024-11-10T09:00:00+01:00
1293;21907.41666666667;2024-11-10T10:00:00+01:00
1293;22008.16666666667;2024-11-10T11:00:00+01:00
1293;22251.16666666667;2024-11-10T12:00:00+01:00
1293;22966.33333333333;2024-11-10T13:00:00+01:00
1293;23195.83333333333;2024-11-10T14:00:00+01:00
1293;22394.25;2024-11-10T15:00:00+01:00
1293;21925.83333333333;2024-11-10T16:00:00+01:00
1293;22569.0;2024-11-10T17:00:00+01:00
1293;24489.58333333333;2024-11-10T18:00:00+01:00
1293;25657.75;2024-11-10T19:00:00+01:00
1293;26452.75;2024-11-10T20:00:00+01:00
1293;26244.25;2024-11-10T21:00:00+01:00
1293;24512.58333333333;2024-11-10T22:00:00+01:00
1293;22715.75;2024-11-10T23:00:00+01:00
1293;21328.08333333333;2024-11-11T00:00:00+01:00
1293;20198.0;2024-11-11T01:00:00+01:00
1293;19452.25;2024-11-11T02:00:00+01:00
1293;19187.25;2024-11-11T03:00:00+01:00
1293;19218.5;2024-11-11T04:00:00+01:00
1293;19996.0;2024-11-11T05:00:00+01:00
1293;22897.0;2024-11-11T06:00:00+01:00
1293;26625.0;2024-11-11T07:00:00+01:00
1293;28196.33333333333;2024-11-11T08:00:00+01:00
1293;28170.91666666667;2024-11-11T09:00:00+01:00
1293;27681.83333333333;2024-11-11T10:00:00+01:00
1293;27088.16666666667;2024-11-11T11:00:00+01:00
1293;27090.5;2024-11-11T12:00:00+01:00
1293;27431.66666666667;2024-11-11T13:00:00+01:00
1293;27508.25;2024-11-11T14:00:00+01:00
1293;27214.0;2024-11-11T15:00:00+01:00
1293;27596.25;2024-11-11T16:00:00+01:00
1293;28418.66666666667;2024-11-11T17:00:00+01:00
1293;30040.0;2024-11-11T18:00:00+01:00
1293;31057.41666666667;2024-11-11T19:00:00+01:00
1293;31798.75;2024-11-11T20:00:00+01:00
1293;30857.33333333333;2024-11-11T21:00:00+01:00
1293;28045.75;2024-11-11T22:00:00+01:00
1293;25547.0;2024-11-11T23:00:00+01:00
1293;23932.75;2024-11-12T00:00:00+01:00
1293;22484.5;2024-11-12T01:00:00+01:00
1293;21680.91666666667;2024-11-12T02:00:00+01:00
1293;21314.75;2024-11-12T03:00:00+01:00
1293;21377.83333333333;2024-11-12T04:00:00+01:00
1293;21947.58333333333;2024-11-12T05:00:00+01:00
1293;24321.66666666667;2024-11-12T06:00:00+01:00
1293;28146.5;2024-11-12T07:00:00+01:00
1293;29568.25;2024-11-12T08:00:00+01:00
1293;29265.83333333333;2024-11-12T09:00:00+01:00
1293;28730.91666666667;2024-11-12T10:00:00+01:00
1293;27916.66666666667;2024-11-12T11:00:00+01:00
1293;27931.0;2024-11-12T12:00:00+01:00
1293;28403.33333333333;2024-11-12T13:00:00+01:00
1293;28492.58333333333;2024-11-12T14:00:00+01:00
1293;28602.83333333333;2024-11-12T15:00:00+01:00
1293;28774.0;2024-11-12T16:00:00+01:00
1293;29642.91666666667;2024-11-12T17:00:00+01:00
1293;31266.66666666667;2024-11-12T18:00:00+01:00
1293;32036.41666666667;2024-11-12T19:00:00+01:00
1293;32557.66666666667;2024-11-12T20:00:00+01:00
1293;31433.58333333333;2024-11-12T21:00:00+01:00
1293;28280.83333333333;2024-11-12T22:00:00+01:00
1293;25689.16666666667;2024-11-12T23:00:00+01:00
1293;23930.83333333333;2024-11-13T00:00:00+01:00
1293;22584.0;2024-11-13T01:00:00+01:00
1293;21604.83333333333;2024-11-13T02:00:00+01:00
1293;21365.5;2024-11-13T03:00:00+01:00
1293;21249.91666666667;2024-11-13T04:00:00+01:00
1293;21788.0;2024-11-13T05:00:00+01:00
1293;24471.41666666667;2024-11-13T06:00:00+01:00
1293;28075.58333333333;2024-11-13T07:00:00+01:00
1293;30042.75;2024-11-13T08:00:00+01:00
1293;30720.5;2024-11-13T09:00:00+01:00
1293;31077.58333333333;2024-11-13T10:00:00+01:00
1293;31507.83333333333;2024-11-13T11:00:00+01:00
1293;31881.5;2024-11-13T12:00:00+01:00
1293;32172.25;2024-11-13T13:00:00+01:00
1293;31789.0;2024-11-13T14:00:00+01:00
1293;31058.66666666667;2024-11-13T15:00:00+01:00
1293;30644.41666666667;2024-11-13T16:00:00+01:00
1293;31159.83333333333;2024-11-13T17:00:00+01:00
1293;32351.58333333333;2024-11-13T18:00:00+01:00
1293;33194.66666666667;2024-11-13T19:00:00+01:00
1293;33828.58333333334;2024-11-13T20:00:00+01:00
1293;32462.83333333333;2024-11-13T21:00:00+01:00
1293;29219.33333333333;2024-11-13T22:00:00+01:00
1293;26120.08333333333;2024-11-13T23:00:00+01:00
1293;24117.25;2024-11-14T00:00:00+01:00
1293;22704.75;2024-11-14T01:00:00+01:00
1293;21714.33333333333;2024-11-14T02:00:00+01:00
1293;21345.5;2024-11-14T03:00:00+01:00
1293;21269.41666666667;2024-11-14T04:00:00+01:00
1293;21937.75;2024-11-14T05:00:00+01:00
1293;24434.41666666667;2024-11-14T06:00:00+01:00
1293;27978.33333333333;2024-11-14T07:00:00+01:00
1293;29758.75;2024-11-14T08:00:00+01:00
1293;30113.75;2024-11-14T09:00:00+01:00
1293;29889.25;2024-11-14T10:00:00+01:00
1293;29513.91666666667;2024-11-14T11:00:00+01:00
1293;29507.41666666667;2024-11-14T12:00:00+01:00
1293;29837.83333333333;2024-11-14T13:00:00+01:00
1293;29931.66666666667;2024-11-14T14:00:00+01:00
1293;29724.0;2024-11-14T15:00:00+01:00
1293;29776.08333333333;2024-11-14T16:00:00+01:00
1293;30409.83333333333;2024-11-14T17:00:00+01:00
1293;31961.25;2024-11-14T18:00:00+01:00
1293;32721.66666666667;2024-11-14T19:00:00+01:00
1293;33129.33333333334;2024-11-14T20:00:00+01:00
1293;32177.25;2024-11-14T21:00:00+01:00
1293;28964.41666666667;2024-11-14T22:00:00+01:00
1293;26227.5;2024-11-14T23:00:00+01:00
1293;24342.41666666667;2024-11-15T00:00:00+01:00
1293;22952.41666666667;2024-11-15T01:00:00+01:00
1293;21887.83333333333;2024-11-15T02:00:00+01:00
1293;21636.41666666667;2024-11-15T03:00:00+01:00
1293;21634.58333333333;2024-11-15T04:00:00+01:00
1293;22224.41666666667;2024-11-15T05:00:00+01:00
1293;24924.5;2024-11-15T06:00:00+01:00
1293;28620.08333333333;2024-11-15T07:00:00+01:00
1293;30395.33333333333;2024-11-15T08:00:00+01:00
1293;30536.33333333333;2024-11-15T09:00:00+01:00
1293;30279.41666666667;2024-11-15T10:00:00+01:00
1293;29923.08333333333;2024-11-15T11:00:00+01:00
1293;29760.75;2024-11-15T12:00:00+01:00
1293;29854.33333333333;2024-11-15T13:00:00+01:00
1293;29652.41666666667;2024-11-15T14:00:00+01:00
1293;29159.58333333333;2024-11-15T15:00:00+01:00
1293;28927.33333333333;2024-11-15T16:00:00+01:00
1293;29659.83333333333;2024-11-15T17:00:00+01:00
1293;30985.83333333333;2024-11-15T18:00:00+01:00
1293;31297.75;2024-11-15T19:00:00+01:00
1293;31504.58333333333;2024-11-15T20:00:00+01:00
1293;30688.83333333333;2024-11-15T21:00:00+01:00
1293;27934.41666666667;2024-11-15T22:00:00+01:00
1293;25737.25;2024-11-15T23:00:00+01:00
1293;24031.83333333333;2024-11-16T00:00:00+01:00
1293;22569.08333333333;2024-11-16T01:00:00+01:00
1293;21359.5;2024-11-16T02:00:00+01:00
1293;20713.0;2024-11-16T03:00:00+01:00
1293;20474.41666666667;2024-11-16T04:00:00+01:00
1293;20335.16666666667;2024-11-16T05:00:00+01:00
1293;21069.0;2024-11-16T06:00:00+01:00
1293;22441.83333333333;2024-11-16T07:00:00+01:00
1293;23628.33333333333;2024-11-16T08:00:00+01:00
1293;25189.0;2024-11-16T09:00:00+01:00
1293;25930.58333333333;2024-11-16T10:00:00+01:00
1293;25625.16666666667;2024-11-16T11:00:00+01:00
1293;25497.75;2024-11-16T12:00:00+01:00
1293;25792.41666666667;2024-11-16T13:00:00+01:00
1293;25718.08333333333;2024-11-16T14:00:00+01:00
1293;25072.33333333333;2024-11-16T15:00:00+01:00
1293;24749.25;2024-11-16T16:00:00+01:00
1293;25168.16666666667;2024-11-16T17:00:00+01:00
1293;26751.25;2024-11-16T18:00:00+01:00
1293;27322.5;2024-11-16T19:00:00+01:00
1293;27634.25;2024-11-16T20:00:00+01:00
1293;27271.83333333333;2024-11-16T21:00:00+01:00
1293;25476.08333333333;2024-11-16T22:00:00+01:00
1293;23510.41666666667;2024-11-16T23:00:00+01:00
1293;21849.41666666667;2024-11-17T00:00:00+01:00
1293;20573.5;2024-11-17T01:00:00+01:00
1293;19504.41666666667;2024-11-17T02:00:00+01:00
1293;18957.75;2024-11-17T03:00:00+01:00
1293;18754.66666666667;2024-11-17T04:00:00+01:00
1293;18722.58333333333;2024-11-17T05:00:00+01:00
1293;19149.58333333333;2024-11-17T06:00:00+01:00
1293;19877.25;2024-11-17T07:00:00+01:00
1293;20382.41666666667;2024-11-17T08:00:00+01:00
1293;21791.25;2024-11-17T09:00:00+01:00
1293;22793.08333333333;2024-11-17T10:00:00+01:00
1293;22932.91666666667;2024-11-17T11:00:00+01:00
1293;22841.16666666667;2024-11-17T12:00:00+01:00
1293;23507.5;2024-11-17T13:00:00+01:00
1293;23896.08333333333;2024-11-17T14:00:00+01:00
1293;23253.16666666667;2024-11-17T15:00:00+01:00
1293;23129.66666666667;2024-11-17T16:00:00+01:00
1293;23932.16666666667;2024-11-17T17:00:00+01:00
1293;25775.75;2024-11-17T18:00:00+01:00
1293;26797.25;2024-11-17T19:00:00+01:00
1293;27717.83333333333;2024-11-17T20:00:00+01:00
1293;27347.58333333333;2024-11-17T21:00:00+01:00
1293;25547.25;2024-11-17T22:00:00+01:00
1293;23462.75;2024-11-17T23:00:00+01:00
1293;21807.41666666667;2024-11-18T00:00:00+01:00
1293;20620.58333333333;2024-11-18T01:00:00+01:00
1293;19789.16666666667;2024-11-18T02:00:00+01:00
1293;19483.5;2024-11-18T03:00:00+01:00
1293;19601.25;2024-11-18T04:00:00+01:00
1293;20397.83333333333;2024-11-18T05:00:00+01:00
1293;23396.33333333333;2024-11-18T06:00:00+01:00
1293;27428.33333333333;2024-11-18T07:00:00+01:00
1293;29416.0;2024-11-18T08:00:00+01:00
1293;29315.75;2024-11-18T09:00:00+01:00
1293;28963.25;2024-11-18T10:00:00+01:00
1293;28504.83333333333;2024-11-18T11:00:00+01:00
1293;28282.91666666667;2024-11-18T12:00:00+01:00
1293;28487.41666666667;2024-11-18T13:00:00+01:00
1293;28496.58333333333;2024-11-18T14:00:00+01:00
1293;28460.75;2024-11-18T15:00:00+01:00
1293;28638.08333333333;2024-11-18T16:00:00+01:00
1293;29439.41666666667;2024-11-18T17:00:00+01:00
1293;31148.08333333333;2024-11-18T18:00:00+01:00
1293;31958.33333333333;2024-11-18T19:00:00+01:00
1293;32591.91666666667;2024-11-18T20:00:00+01:00
1293;31552.66666666667;2024-11-18T21:00:00+01:00
1293;28483.75;2024-11-18T22:00:00+01:00
1293;25767.0;2024-11-18T23:00:00+01:00
1293;23697.66666666667;2024-11-19T00:00:00+01:00
1293;22383.33333333333;2024-11-19T01:00:00+01:00
1293;21412.41666666667;2024-11-19T02:00:00+01:00
1293;21085.33333333333;2024-11-19T03:00:00+01:00
1293;21036.16666666667;2024-11-19T04:00:00+01:00
1293;21629.5;2024-11-19T05:00:00+01:00
1293;24305.25;2024-11-19T06:00:00+01:00
1293;28183.33333333333;2024-11-19T07:00:00+01:00
1293;30006.75;2024-11-19T08:00:00+01:00
1293;29914.41666666667;2024-11-19T09:00:00+01:00
1293;29240.0;2024-11-19T10:00:00+01:00
1293;28652.16666666667;2024-11-19T11:00:00+01:00
1293;28255.66666666667;2024-11-19T12:00:00+01:00
1293;28403.91666666667;2024-11-19T13:00:00+01:00
1293;28340.91666666667;2024-11-19T14:00:00+01:00
1293;28337.0;2024-11-19T15:00:00+01:00
1293;28760.25;2024-11-19T16:00:00+01:00
1293;29836.25;2024-11-19T17:00:00+01:00
1293;31412.33333333333;2024-11-19T18:00:00+01:00
1293;32306.91666666667;2024-11-19T19:00:00+01:00
1293;32993.58333333334;2024-11-19T20:00:00+01:00
1293;31957.66666666667;2024-11-19T21:00:00+01:00
1293;28706.33333333333;2024-11-19T22:00:00+01:00
1293;25853.25;2024-11-19T23:00:00+01:00
1293;23943.16666666667;2024-11-20T00:00:00+01:00
1293;22574.0;2024-11-20T01:00:00+01:00
1293;21613.25;2024-11-20T02:00:00+01:00
1293;21214.83333333333;2024-11-20T03:00:00+01:00
1293;21181.58333333333;2024-11-20T04:00:00+01:00
1293;21743.25;2024-11-20T05:00:00+01:00
1293;24404.33333333333;2024-11-20T06:00:00+01:00
1293;28505.66666666667;2024-11-20T07:00:00+01:00
1293;30041.58333333333;2024-11-20T08:00:00+01:00
1293;29860.91666666667;2024-11-20T09:00:00+01:00
1293;29312.16666666667;2024-11-20T10:00:00+01:00
1293;28788.91666666667;2024-11-20T11:00:00+01:00
1293;28698.41666666667;2024-11-20T12:00:00+01:00
1293;28843.75;2024-11-20T13:00:00+01:00
1293;28659.83333333333;2024-11-20T14:00:00+01:00
1293;28541.08333333333;2024-11-20T15:00:00+01:00
1293;28676.25;2024-11-20T16:00:00+01:00
1293;29953.08333333333;2024-11-20T17:00:00+01:00
1293;31709.58333333333;2024-11-20T18:00:00+01:00
1293;32413.66666666667;2024-11-20T19:00:00+01:00
1293;32903.41666666667;2024-11-20T20:00:00+01:00
1293;32018.83333333333;2024-11-20T21:00:00+01:00
1293;28896.83333333333;2024-11-20T22:00:00+01:00
1293;26011.91666666667;2024-11-20T23:00:00+01:00
1293;24006.66666666667;2024-11-21T00:00:00+01:00
1293;22577.91666666667;2024-11-21T01:00:00+01:00
1293;21671.75;2024-11-21T02:00:00+01:00
1293;21229.25;2024-11-21T03:00:00+01:00
1293;21325.58333333333;2024-11-21T04:00:00+01:00
1293;21921.33333333333;2024-11-21T05:00:00+01:00
1293;24535.0;2024-11-21T06:00:00+01:00
1293;28410.41666666667;2024-11-21T07:00:00+01:00
1293;30218.58333333333;2024-11-21T08:00:00+01:00
1293;30469.16666666667;2024-11-21T09:00:00+01:00
1293;30119.08333333333;2024-11-21T10:00:00+01:00
1293;30137.25;2024-11-21T11:00:00+01:00
1293;30471.16666666667;2024-11-21T12:00:00+01:00
1293;30927.5;2024-11-21T13:00:00+01:00
1293;30755.83333333333;2024-11-21T14:00:00+01:00
1293;30354.25;2024-11-21T15:00:00+01:00
1293;30225.83333333333;2024-11-21T16:00:00+01:00
1293;30810.66666666667;2024-11-21T17:00:00+01:00
1293;32462.41666666667;2024-11-21T18:00:00+01:00
1293;33091.5;2024-11-21T19:00:00+01:00
1293;33523.33333333334;2024-11-21T20:00:00+01:00
1293;32518.41666666667;2024-11-21T21:00:00+01:00
1293;29486.75;2024-11-21T22:00:00+01:00
1293;26670.16666666667;2024-11-21T23:00:00+01:00
1293;24690.0;2024-11-22T00:00:00+01:00
1293;23353.33333333333;2024-11-22T01:00:00+01:00
1293;22305.5;2024-11-22T02:00:00+01:00
1293;22026.91666666667;2024-11-22T03:00:00+01:00
1293;21872.33333333333;2024-11-22T04:00:00+01:00
1293;22450.25;2024-11-22T05:00:00+01:00
1293;25121.0;2024-11-22T06:00:00+01:00
1293;28782.58333333333;2024-11-22T07:00:00+01:00
1293;30368.33333333333;2024-11-22T08:00:00+01:00
1293;30635.83333333333;2024-11-22T09:00:00+01:00
1293;30145.08333333333;2024-11-22T10:00:00+01:00
1293;29697.16666666667;2024-11-22T11:00:00+01:00
1293;29378.41666666667;2024-11-22T12:00:00+01:00
1293;29455.25;2024-11-22T13:00:00+01:00
1293;29138.08333333333;2024-11-22T14:00:00+01:00
1293;29011.91666666667;2024-11-22T15:00:00+01:00
1293;29099.41666666667;2024-11-22T16:00:00+01:00
1293;29748.75;2024-11-22T17:00:00+01:00
1293;31352.5;2024-11-22T18:00:00+01:00
1293;31684.75;2024-11-22T19:00:00+01:00
1293;31911.25;2024-11-22T20:00:00+01:00
1293;31059.58333333333;2024-11-22T21:00:00+01:00
1293;28418.5;2024-11-22T22:00:00+01:00
1293;26016.33333333333;2024-11-22T23:00:00+01:00
1293;24363.08333333333;2024-11-23T00:00:00+01:00
1293;22762.08333333333;2024-11-23T01:00:00+01:00
1293;21644.25;2024-11-23T02:00:00+01:00
1293;21033.91666666667;2024-11-23T03:00:00+01:00
1293;20741.33333333333;2024-11-23T04:00:00+01:00
1293;20570.75;2024-11-23T05:00:00+01:00
1293;21252.33333333333;2024-11-23T06:00:00+01:00
1293;22768.66666666667;2024-11-23T07:00:00+01:00
1293;23954.25;2024-11-23T08:00:00+01:00
1293;25332.08333333333;2024-11-23T09:00:00+01:00
1293;25974.75;2024-11-23T10:00:00+01:00
1293;25899.25;2024-11-23T11:00:00+01:00
1293;25731.08333333333;2024-11-23T12:00:00+01:00
1293;25892.66666666667;2024-11-23T13:00:00+01:00
1293;25728.41666666667;2024-11-23T14:00:00+01:00
1293;25181.91666666667;2024-11-23T15:00:00+01:00
1293;24978.83333333333;2024-11-23T16:00:00+01:00
1293;25545.75;2024-11-23T17:00:00+01:00
1293;27381.83333333333;2024-11-23T18:00:00+01:00
1293;27804.91666666667;2024-11-23T19:00:00+01:00
1293;28060.91666666667;2024-11-23T20:00:00+01:00
1293;27783.16666666667;2024-11-23T21:00:00+01:00
1293;25812.08333333333;2024-11-23T22:00:00+01:00
1293;23846.5;2024-11-23T23:00:00+01:00
1293;22079.25;2024-11-24T00:00:00+01:00
1293;20864.0;2024-11-24T01:00:00+01:00
1293;19676.83333333333;2024-11-24T02:00:00+01:00
1293;19009.83333333333;2024-11-24T03:00:00+01:00
1293;18694.41666666667;2024-11-24T04:00:00+01:00
1293;18705.75;2024-11-24T05:00:00+01:00
1293;19133.33333333333;2024-11-24T06:00:00+01:00
1293;20004.0;2024-11-24T07:00:00+01:00
1293;20666.66666666667;2024-11-24T08:00:00+01:00
1293;22250.5;2024-11-24T09:00:00+01:00
1293;23357.5;2024-11-24T10:00:00+01:00
1293;23691.33333333333;2024-11-24T11:00:00+01:00
1293;23654.33333333333;2024-11-24T12:00:00+01:00
1293;24420.83333333333;2024-11-24T13:00:00+01:00
1293;24769.75;2024-11-24T14:00:00+01:00
1293;24029.5;2024-11-24T15:00:00+01:00
1293;23670.66666666667;2024-11-24T16:00:00+01:00
1293;24492.08333333333;2024-11-24T17:00:00+01:00
1293;26506.58333333333;2024-11-24T18:00:00+01:00
1293;27332.33333333333;2024-11-24T19:00:00+01:00
1293;28175.41666666667;2024-11-24T20:00:00+01:00
1293;27990.91666666667;2024-11-24T21:00:00+01:00
1293;26131.83333333333;2024-11-24T22:00:00+01:00
1293;23795.91666666667;2024-11-24T23:00:00+01:00
1293;21890.33333333333;2024-11-25T00:00:00+01:00
1293;20603.75;2024-11-25T01:00:00+01:00
1293;19815.16666666667;2024-11-25T02:00:00+01:00
1293;19548.16666666667;2024-11-25T03:00:00+01:00
1293;19660.75;2024-11-25T04:00:00+01:00
1293;20487.91666666667;2024-11-25T05:00:00+01:00
1293;23584.33333333333;2024-11-25T06:00:00+01:00
1293;27623.75;2024-11-25T07:00:00+01:00
1293;29799.25;2024-11-25T08:00:00+01:00
1293;30144.83333333333;2024-11-25T09:00:00+01:00
1293;30239.75;2024-11-25T10:00:00+01:00
1293;30060.5;2024-11-25T11:00:00+01:00
1293;30183.08333333333;2024-11-25T12:00:00+01:00
1293;30432.0;2024-11-25T13:00:00+01:00
1293;29824.16666666667;2024-11-25T14:00:00+01:00
1293;29270.5;2024-11-25T15:00:00+01:00
1293;29261.75;2024-11-25T16:00:00+01:00
1293;30187.66666666667;2024-11-25T17:00:00+01:00
1293;31581.83333333333;2024-11-25T18:00:00+01:00
1293;32057.41666666667;2024-11-25T19:00:00+01:00
1293;32400.83333333333;2024-11-25T20:00:00+01:00
1293;31365.33333333333;2024-11-25T21:00:00+01:00
1293;28941.91666666667;2024-11-25T22:00:00+01:00
1293;26109.0;2024-11-25T23:00:00+01:00
1293;24232.75;2024-11-26T00:00:00+01:00
1293;22719.66666666667;2024-11-26T01:00:00+01:00
1293;21788.91666666667;2024-11-26T02:00:00+01:00
1293;21533.58333333333;2024-11-26T03:00:00+01:00
1293;21472.25;2024-11-26T04:00:00+01:00
1293;22124.91666666667;2024-11-26T05:00:00+01:00
1293;24732.83333333333;2024-11-26T06:00:00+01:00
1293;29005.58333333333;2024-11-26T07:00:00+01:00
1293;30905.66666666667;2024-11-26T08:00:00+01:00
1293;30855.25;2024-11-26T09:00:00+01:00
1293;30143.58333333333;2024-11-26T10:00:00+01:00
1293;30005.91666666667;2024-11-26T11:00:00+01:00
1293;29846.41666666667;2024-11-26T12:00:00+01:00
1293;30085.75;2024-11-26T13:00:00+01:00
1293;30140.08333333333;2024-11-26T14:00:00+01:00
1293;29881.33333333333;2024-11-26T15:00:00+01:00
1293;30128.16666666667;2024-11-26T16:00:00+01:00
1293;31058.0;2024-11-26T17:00:00+01:00
1293;32508.08333333333;2024-11-26T18:00:00+01:00
1293;33168.5;2024-11-26T19:00:00+01:00
1293;33781.41666666667;2024-11-26T20:00:00+01:00
1293;32782.0;2024-11-26T21:00:00+01:00
1293;29763.5;2024-11-26T22:00:00+01:00
1293;26771.08333333333;2024-11-26T23:00:00+01:00
1293;24823.08333333333;2024-11-27T00:00:00+01:00
1293;23336.08333333333;2024-11-27T01:00:00+01:00
1293;22361.25;2024-11-27T02:00:00+01:00
1293;22012.41666666667;2024-11-27T03:00:00+01:00
1293;21953.16666666667;2024-11-27T04:00:00+01:00
1293;22552.41666666667;2024-11-27T05:00:00+01:00
1293;25158.66666666667;2024-11-27T06:00:00+01:00
1293;29501.58333333333;2024-11-27T07:00:00+01:00
1293;31423.75;2024-11-27T08:00:00+01:00
1293;31304.33333333333;2024-11-27T09:00:00+01:00
1293;30566.08333333333;2024-11-27T10:00:00+01:00
1293;29646.91666666667;2024-11-27T11:00:00+01:00
1293;29291.41666666667;2024-11-27T12:00:00+01:00
1293;29338.91666666667;2024-11-27T13:00:00+01:00
1293;29232.75;2024-11-27T14:00:00+01:00
1293;29174.0;2024-11-27T15:00:00+01:00
1293;29754.33333333333;2024-11-27T16:00:00+01:00
1293;30707.5;2024-11-27T17:00:00+01:00
1293;32482.16666666667;2024-11-27T18:00:00+01:00
1293;33402.08333333334;2024-11-27T19:00:00+01:00
1293;34217.08333333334;2024-11-27T20:00:00+01:00
1293;33135.75;2024-11-27T21:00:00+01:00
1293;29935.0;2024-11-27T22:00:00+01:00
1293;27049.16666666667;2024-11-27T23:00:00+01:00
1293;24939.66666666667;2024-11-28T00:00:00+01:00
1293;23501.91666666667;2024-11-28T01:00:00+01:00
1293;22666.91666666667;2024-11-28T02:00:00+01:00
1293;22127.0;2024-11-28T03:00:00+01:00
1293;22257.5;2024-11-28T04:00:00+01:00
1293;22957.16666666667;2024-11-28T05:00:00+01:00
1293;25545.0;2024-11-28T06:00:00+01:00
1293;29708.75;2024-11-28T07:00:00+01:00
1293;31679.25;2024-11-28T08:00:00+01:00
1293;31533.25;2024-11-28T09:00:00+01:00
1293;31106.0;2024-11-28T10:00:00+01:00
1293;30446.41666666667;2024-11-28T11:00:00+01:00
1293;29676.0;2024-11-28T12:00:00+01:00
1293;29712.91666666667;2024-11-28T13:00:00+01:00
1293;29651.08333333333;2024-11-28T14:00:00+01:00
1293;29653.75;2024-11-28T15:00:00+01:00
1293;30115.08333333333;2024-11-28T16:00:00+01:00
1293;31049.5;2024-11-28T17:00:00+01:00
1293;32793.5;2024-11-28T18:00:00+01:00
1293;33352.66666666667;2024-11-28T19:00:00+01:00
1293;33944.75;2024-11-28T20:00:00+01:00
1293;33083.83333333334;2024-11-28T21:00:00+01:00
1293;30033.58333333333;2024-11-28T22:00:00+01:00
1293;26937.83333333333;2024-11-28T23:00:00+01:00
1293;24954.25;2024-11-29T00:00:00+01:00
1293;23473.0;2024-11-29T01:00:00+01:00
1293;22389.25;2024-11-29T02:00:00+01:00
1293;22005.33333333333;2024-11-29T03:00:00+01:00
1293;21911.16666666667;2024-11-29T04:00:00+01:00
1293;22579.0;2024-11-29T05:00:00+01:00
1293;25079.91666666667;2024-11-29T06:00:00+01:00
1293;29083.91666666667;2024-11-29T07:00:00+01:00
1293;31381.75;2024-11-29T08:00:00+01:00
1293;31478.66666666667;2024-11-29T09:00:00+01:00
1293;30825.66666666667;2024-11-29T10:00:00+01:00
1293;30026.33333333333;2024-11-29T11:00:00+01:00
1293;29490.41666666667;2024-11-29T12:00:00+01:00
1293;29450.91666666667;2024-11-29T13:00:00+01:00
1293;29294.58333333333;2024-11-29T14:00:00+01:00
1293;29128.91666666667;2024-11-29T15:00:00+01:00
1293;29482.66666666667;2024-11-29T16:00:00+01:00
1293;30460.25;2024-11-29T17:00:00+01:00
1293;31905.58333333333;2024-11-29T18:00:00+01:00
1293;32051.25;2024-11-29T19:00:00+01:00
1293;32216.41666666667;2024-11-29T20:00:00+01:00
1293;31381.08333333333;2024-11-29T21:00:00+01:00
1293;28758.66666666667;2024-11-29T22:00:00+01:00
1293;26528.5;2024-11-29T23:00:00+01:00
1293;24750.91666666667;2024-11-30T00:00:00+01:00
1293;23207.91666666667;2024-11-30T01:00:00+01:00
1293;21992.75;2024-11-30T02:00:00+01:00
1293;21230.25;2024-11-30T03:00:00+01:00
1293;20924.08333333333;2024-11-30T04:00:00+01:00
1293;20843.08333333333;2024-11-30T05:00:00+01:00
1293;21649.91666666667;2024-11-30T06:00:00+01:00
1293;23128.33333333333;2024-11-30T07:00:00+01:00
1293;24532.66666666667;2024-11-30T08:00:00+01:00
1293;25913.91666666667;2024-11-30T09:00:00+01:00
1293;26179.41666666667;2024-11-30T10:00:00+01:00
1293;25760.25;2024-11-30T11:00:00+01:00
1293;25232.0;2024-11-30T12:00:00+01:00
1293;25264.25;2024-11-30T13:00:00+01:00
1293;25393.91666666667;2024-11-30T14:00:00+01:00
1293;25059.0;2024-11-30T15:00:00+01:00
1293;25091.25;2024-11-30T16:00:00+01:00
1293;26091.75;2024-11-30T17:00:00+01:00
1293;27649.75;2024-11-30T18:00:00+01:00
1293;27965.41666666667;2024-11-30T19:00:00+01:00
1293;28355.08333333333;2024-11-30T20:00:00+01:00
1293;27965.91666666667;2024-11-30T21:00:00+01:00
1293;26210.83333333333;2024-11-30T22:00:00+01:00
1293;24288.5;2024-11-30T23:00:00+01:00
1293;22502.58333333333;2024-12-01T00:00:00+01:00
1293;21111.08333333333;2024-12-01T01:00:00+01:00
1293;20011.91666666667;2024-12-01T02:00:00+01:00
1293;19366.66666666667;2024-12-01T03:00:00+01:00
1293;19156.25;2024-12-01T04:00:00+01:00
1293;19186.16666666667;2024-12-01T05:00:00+01:00
1293;19711.58333333333;2024-12-01T06:00:00+01:00
1293;20593.16666666667;2024-12-01T07:00:00+01:00
1293;21328.58333333333;2024-12-01T08:00:00+01:00
1293;22972.41666666667;2024-12-01T09:00:00+01:00
1293;24128.75;2024-12-01T10:00:00+01:00
1293;24478.0;2024-12-01T11:00:00+01:00
1293;24350.41666666667;2024-12-01T12:00:00+01:00
1293;24789.16666666667;2024-12-01T13:00:00+01:00
1293;25222.58333333333;2024-12-01T14:00:00+01:00
1293;24539.58333333333;2024-12-01T15:00:00+01:00
1293;24254.33333333333;2024-12-01T16:00:00+01:00
1293;25188.41666666667;2024-12-01T17:00:00+01:00
1293;27027.08333333333;2024-12-01T18:00:00+01:00
1293;27838.91666666667;2024-12-01T19:00:00+01:00
1293;28584.16666666667;2024-12-01T20:00:00+01:00
1293;28306.41666666667;2024-12-01T21:00:00+01:00
1293;26399.83333333333;2024-12-01T22:00:00+01:00
1293;24201.08333333333;2024-12-01T23:00:00+01:00
1293;22396.91666666667;2024-12-02T00:00:00+01:00
1293;21000.58333333333;2024-12-02T01:00:00+01:00
1293;20189.5;2024-12-02T02:00:00+01:00
1293;19830.66666666667;2024-12-02T03:00:00+01:00
1293;19964.41666666667;2024-12-02T04:00:00+01:00
1293;20618.91666666667;2024-12-02T05:00:00+01:00
1293;23562.0;2024-12-02T06:00:00+01:00
1293;27888.08333333333;2024-12-02T07:00:00+01:00
1293;30095.66666666667;2024-12-02T08:00:00+01:00
1293;30614.75;2024-12-02T09:00:00+01:00
1293;30290.66666666667;2024-12-02T10:00:00+01:00
1293;30224.0;2024-12-02T11:00:00+01:00
1293;30004.16666666667;2024-12-02T12:00:00+01:00
1293;30051.83333333333;2024-12-02T13:00:00+01:00
1293;30116.5;2024-12-02T14:00:00+01:00
1293;29822.5;2024-12-02T15:00:00+01:00
1293;29818.41666666667;2024-12-02T16:00:00+01:00
1293;30872.16666666667;2024-12-02T17:00:00+01:00
1293;32116.33333333333;2024-12-02T18:00:00+01:00
1293;32746.33333333333;2024-12-02T19:00:00+01:00
1293;33385.16666666667;2024-12-02T20:00:00+01:00
1293;32436.66666666667;2024-12-02T21:00:00+01:00
1293;29331.5;2024-12-02T22:00:00+01:00
1293;26288.91666666667;2024-12-02T23:00:00+01:00
1293;24647.5;2024-12-03T00:00:00+01:00
1293;23174.58333333333;2024-12-03T01:00:00+01:00
1293;22242.0;2024-12-03T02:00:00+01:00
1293;21870.75;2024-12-03T03:00:00+01:00
1293;21732.58333333333;2024-12-03T04:00:00+01:00
1293;22460.5;2024-12-03T05:00:00+01:00
1293;25103.41666666667;2024-12-03T06:00:00+01:00
1293;29030.33333333333;2024-12-03T07:00:00+01:00
1293;30948.25;2024-12-03T08:00:00+01:00
1293;31058.75;2024-12-03T09:00:00+01:00
1293;30576.58333333333;2024-12-03T10:00:00+01:00
1293;29788.75;2024-12-03T11:00:00+01:00
1293;29655.41666666667;2024-12-03T12:00:00+01:00
1293;29827.91666666667;2024-12-03T13:00:00+01:00
1293;29789.41666666667;2024-12-03T14:00:00+01:00
1293;29818.16666666667;2024-12-03T15:00:00+01:00
1293;30230.33333333333;2024-12-03T16:00:00+01:00
1293;31046.33333333333;2024-12-03T17:00:00+01:00
1293;32510.41666666667;2024-12-03T18:00:00+01:00
1293;33165.33333333334;2024-12-03T19:00:00+01:00
1293;33656.25;2024-12-03T20:00:00+01:00
1293;32706.83333333333;2024-12-03T21:00:00+01:00
1293;29444.08333333333;2024-12-03T22:00:00+01:00
1293;26895.08333333333;2024-12-03T23:00:00+01:00
1293;24809.91666666667;2024-12-04T00:00:00+01:00
1293;23293.41666666667;2024-12-04T01:00:00+01:00
1293;22310.08333333333;2024-12-04T02:00:00+01:00
1293;21881.33333333333;2024-12-04T03:00:00+01:00
1293;21809.16666666667;2024-12-04T04:00:00+01:00
1293;22837.41666666667;2024-12-04T05:00:00+01:00
1293;25473.16666666667;2024-12-04T06:00:00+01:00
1293;29532.83333333333;2024-12-04T07:00:00+01:00
1293;31205.41666666667;2024-12-04T08:00:00+01:00
1293;30861.0;2024-12-04T09:00:00+01:00
1293;30009.0;2024-12-04T10:00:00+01:00
1293;29352.5;2024-12-04T11:00:00+01:00
1293;29686.83333333333;2024-12-04T12:00:00+01:00
1293;30125.16666666667;2024-12-04T13:00:00+01:00
1293;29797.25;2024-12-04T14:00:00+01:00
1293;29707.75;2024-12-04T15:00:00+01:00
1293;30077.16666666667;2024-12-04T16:00:00+01:00
1293;31097.33333333333;2024-12-04T17:00:00+01:00
1293;32818.08333333334;2024-12-04T18:00:00+01:00
1293;33598.75;2024-12-04T19:00:00+01:00
1293;34291.41666666667;2024-12-04T20:00:00+01:00
1293;33206.91666666667;2024-12-04T21:00:00+01:00
1293;30477.25;2024-12-04T22:00:00+01:00
1293;27338.5;2024-12-04T23:00:00+01:00
1293;25350.91666666667;2024-12-05T00:00:00+01:00
1293;23766.08333333333;2024-12-05T01:00:00+01:00
1293;22856.41666666667;2024-12-05T02:00:00+01:00
1293;22381.5;2024-12-05T03:00:00+01:00
1293;22258.5;2024-12-05T04:00:00+01:00
1293;22891.25;2024-12-05T05:00:00+01:00
1293;25652.5;2024-12-05T06:00:00+01:00
1293;29537.5;2024-12-05T07:00:00+01:00
1293;31744.83333333333;2024-12-05T08:00:00+01:00
1293;31580.16666666667;2024-12-05T09:00:00+01:00
1293;31051.5;2024-12-05T10:00:00+01:00
1293;30254.0;2024-12-05T11:00:00+01:00
1293;29604.66666666667;2024-12-05T12:00:00+01:00
1293;29592.91666666667;2024-12-05T13:00:00+01:00
1293;29615.08333333333;2024-12-05T14:00:00+01:00
1293;29784.75;2024-12-05T15:00:00+01:00
1293;30256.66666666667;2024-12-05T16:00:00+01:00
1293;30770.16666666667;2024-12-05T17:00:00+01:00
1293;32442.5;2024-12-05T18:00:00+01:00
1293;32654.0;2024-12-05T19:00:00+01:00
1293;32809.16666666667;2024-12-05T20:00:00+01:00
1293;32130.41666666667;2024-12-05T21:00:00+01:00
1293;29416.08333333333;2024-12-05T22:00:00+01:00
1293;26819.91666666667;2024-12-05T23:00:00+01:00
1293;24838.5;2024-12-06T00:00:00+01:00
1293;23043.66666666667;2024-12-06T01:00:00+01:00
1293;21903.5;2024-12-06T02:00:00+01:00
1293;21172.83333333333;2024-12-06T03:00:00+01:00
1293;20805.33333333333;2024-12-06T04:00:00+01:00
1293;20771.0;2024-12-06T05:00:00+01:00
1293;21334.75;2024-12-06T06:00:00+01:00
1293;22690.41666666667;2024-12-06T07:00:00+01:00
1293;23755.08333333333;2024-12-06T08:00:00+01:00
1293;24974.66666666667;2024-12-06T09:00:00+01:00
1293;25621.58333333333;2024-12-06T10:00:00+01:00
1293;25596.75;2024-12-06T11:00:00+01:00
1293;25412.33333333333;2024-12-06T12:00:00+01:00
1293;25720.5;2024-12-06T13:00:00+01:00
1293;25770.41666666667;2024-12-06T14:00:00+01:00
1293;25053.0;2024-12-06T15:00:00+01:00
1293;24929.16666666667;2024-12-06T16:00:00+01:00
1293;25638.0;2024-12-06T17:00:00+01:00
1293;27491.91666666667;2024-12-06T18:00:00+01:00
1293;27923.66666666667;2024-12-06T19:00:00+01:00
1293;28325.08333333333;2024-12-06T20:00:00+01:00
1293;28219.66666666667;2024-12-06T21:00:00+01:00
1293;26852.91666666667;2024-12-06T22:00:00+01:00
1293;24744.75;2024-12-06T23:00:00+01:00
1293;22997.58333333333;2024-12-07T00:00:00+01:00
1293;21448.08333333333;2024-12-07T01:00:00+01:00
1293;20385.91666666667;2024-12-07T02:00:00+01:00
1293;19856.41666666667;2024-12-07T03:00:00+01:00
1293;19637.58333333333;2024-12-07T04:00:00+01:00
1293;19767.5;2024-12-07T05:00:00+01:00
1293;20643.33333333333;2024-12-07T06:00:00+01:00
1293;22178.58333333333;2024-12-07T07:00:00+01:00
1293;23286.58333333333;2024-12-07T08:00:00+01:00
1293;24716.66666666667;2024-12-07T09:00:00+01:00
1293;25753.25;2024-12-07T10:00:00+01:00
1293;25557.91666666667;2024-12-07T11:00:00+01:00
1293;25000.66666666667;2024-12-07T12:00:00+01:00
1293;25215.25;2024-12-07T13:00:00+01:00
1293;25493.41666666667;2024-12-07T14:00:00+01:00
1293;25021.16666666667;2024-12-07T15:00:00+01:00
1293;24954.16666666667;2024-12-07T16:00:00+01:00
1293;25943.75;2024-12-07T17:00:00+01:00
1293;27840.0;2024-12-07T18:00:00+01:00
1293;28348.5;2024-12-07T19:00:00+01:00
1293;28867.41666666667;2024-12-07T20:00:00+01:00
1293;28654.91666666667;2024-12-07T21:00:00+01:00
1293;26780.25;2024-12-07T22:00:00+01:00
1293;24783.16666666667;2024-12-07T23:00:00+01:00
1293;22825.91666666667;2024-12-08T00:00:00+01:00
1293;21442.91666666667;2024-12-08T01:00:00+01:00
1293;20348.0;2024-12-08T02:00:00+01:00
1293;19807.33333333333;2024-12-08T03:00:00+01:00
1293;19482.0;2024-12-08T04:00:00+01:00
1293;19380.66666666667;2024-12-08T05:00:00+01:00
1293;19820.66666666667;2024-12-08T06:00:00+01:00
1293;20721.0;2024-12-08T07:00:00+01:00
1293;21579.58333333333;2024-12-08T08:00:00+01:00
1293;22935.58333333333;2024-12-08T09:00:00+01:00
1293;23999.41666666667;2024-12-08T10:00:00+01:00
1293;24029.5;2024-12-08T11:00:00+01:00
1293;24020.0;2024-12-08T12:00:00+01:00
1293;24595.5;2024-12-08T13:00:00+01:00
1293;25216.83333333333;2024-12-08T14:00:00+01:00
1293;24634.0;2024-12-08T15:00:00+01:00
1293;24532.33333333333;2024-12-08T16:00:00+01:00
1293;25748.58333333333;2024-12-08T17:00:00+01:00
1293;28171.58333333333;2024-12-08T18:00:00+01:00
1293;28962.25;2024-12-08T19:00:00+01:00
1293;29717.16666666667;2024-12-08T20:00:00+01:00
1293;29692.75;2024-12-08T21:00:00+01:00
1293;27754.83333333333;2024-12-08T22:00:00+01:00
1293;25439.33333333333;2024-12-08T23:00:00+01:00
1293;23608.66666666667;2024-12-09T00:00:00+01:00
1293;21970.66666666667;2024-12-09T01:00:00+01:00
1293;20969.58333333333;2024-12-09T02:00:00+01:00
1293;20650.25;2024-12-09T03:00:00+01:00
1293;20538.83333333333;2024-12-09T04:00:00+01:00
1293;21392.16666666667;2024-12-09T05:00:00+01:00
1293;24097.33333333333;2024-12-09T06:00:00+01:00
1293;27636.58333333333;2024-12-09T07:00:00+01:00
1293;29578.83333333333;2024-12-09T08:00:00+01:00
1293;30444.66666666667;2024-12-09T09:00:00+01:00
1293;30648.41666666667;2024-12-09T10:00:00+01:00
1293;30436.66666666667;2024-12-09T11:00:00+01:00
1293;30416.5;2024-12-09T12:00:00+01:00
1293;30772.75;2024-12-09T13:00:00+01:00
1293;31013.41666666667;2024-12-09T14:00:00+01:00
1293;30816.0;2024-12-09T15:00:00+01:00
1293;30958.75;2024-12-09T16:00:00+01:00
1293;31829.58333333333;2024-12-09T17:00:00+01:00
1293;33411.0;2024-12-09T18:00:00+01:00
1293;34114.66666666667;2024-12-09T19:00:00+01:00
1293;35229.5;2024-12-09T20:00:00+01:00
1293;34418.91666666667;2024-12-09T21:00:00+01:00
1293;31274.25;2024-12-09T22:00:00+01:00
1293;28163.83333333333;2024-12-09T23:00:00+01:00
1293;26189.41666666667;2024-12-10T00:00:00+01:00
1293;24241.75;2024-12-10T01:00:00+01:00
1293;23011.83333333333;2024-12-10T02:00:00+01:00
1293;22629.83333333333;2024-12-10T03:00:00+01:00
1293;22551.33333333333;2024-12-10T04:00:00+01:00
1293;23329.16666666667;2024-12-10T05:00:00+01:00
1293;26294.33333333333;2024-12-10T06:00:00+01:00
1293;31100.58333333333;2024-12-10T07:00:00+01:00
1293;33884.08333333334;2024-12-10T08:00:00+01:00
1293;33948.16666666667;2024-12-10T09:00:00+01:00
1293;33592.08333333334;2024-12-10T10:00:00+01:00
1293;32660.75;2024-12-10T11:00:00+01:00
1293;32199.66666666667;2024-12-10T12:00:00+01:00
1293;32280.0;2024-12-10T13:00:00+01:00
1293;32498.91666666667;2024-12-10T14:00:00+01:00
1293;32758.16666666667;2024-12-10T15:00:00+01:00
1293;32954.0;2024-12-10T16:00:00+01:00
1293;33914.83333333334;2024-12-10T17:00:00+01:00
1293;35539.83333333334;2024-12-10T18:00:00+01:00
1293;36568.16666666667;2024-12-10T19:00:00+01:00
1293;37214.75;2024-12-10T20:00:00+01:00
1293;36290.5;2024-12-10T21:00:00+01:00
1293;32889.91666666667;2024-12-10T22:00:00+01:00
1293;29376.33333333333;2024-12-10T23:00:00+01:00
1293;27135.33333333333;2024-12-11T00:00:00+01:00
1293;25032.25;2024-12-11T01:00:00+01:00
1293;23942.08333333333;2024-12-11T02:00:00+01:00
1293;23621.66666666667;2024-12-11T03:00:00+01:00
1293;23519.66666666667;2024-12-11T04:00:00+01:00
1293;24140.58333333333;2024-12-11T05:00:00+01:00
1293;27131.16666666667;2024-12-11T06:00:00+01:00
1293;31652.58333333333;2024-12-11T07:00:00+01:00
1293;34599.66666666667;2024-12-11T08:00:00+01:00
1293;35224.33333333334;2024-12-11T09:00:00+01:00
1293;35330.66666666667;2024-12-11T10:00:00+01:00
1293;35039.75;2024-12-11T11:00:00+01:00
1293;34913.83333333334;2024-12-11T12:00:00+01:00
1293;35295.66666666667;2024-12-11T13:00:00+01:00
1293;35053.5;2024-12-11T14:00:00+01:00
1293;35242.66666666667;2024-12-11T15:00:00+01:00
1293;35077.08333333334;2024-12-11T16:00:00+01:00
1293;35615.66666666667;2024-12-11T17:00:00+01:00
1293;36432.41666666667;2024-12-11T18:00:00+01:00
1293;36480.66666666667;2024-12-11T19:00:00+01:00
1293;37014.16666666667;2024-12-11T20:00:00+01:00
1293;36262.5;2024-12-11T21:00:00+01:00
1293;32951.91666666667;2024-12-11T22:00:00+01:00
1293;29592.58333333333;2024-12-11T23:00:00+01:00
1293;26907.83333333333;2024-12-12T00:00:00+01:00
1293;24978.83333333333;2024-12-12T01:00:00+01:00
1293;23872.08333333333;2024-12-12T02:00:00+01:00
1293;23357.41666666667;2024-12-12T03:00:00+01:00
1293;23310.91666666667;2024-12-12T04:00:00+01:00
1293;23936.41666666667;2024-12-12T05:00:00+01:00
1293;26739.91666666667;2024-12-12T06:00:00+01:00
1293;31575.91666666667;2024-12-12T07:00:00+01:00
1293;34510.25;2024-12-12T08:00:00+01:00
1293;34753.25;2024-12-12T09:00:00+01:00
1293;33982.91666666667;2024-12-12T10:00:00+01:00
1293;33345.25;2024-12-12T11:00:00+01:00
1293;33077.16666666667;2024-12-12T12:00:00+01:00
1293;33338.66666666667;2024-12-12T13:00:00+01:00
1293;33258.83333333334;2024-12-12T14:00:00+01:00
1293;33502.66666666667;2024-12-12T15:00:00+01:00
1293;34136.91666666667;2024-12-12T16:00:00+01:00
1293;35274.33333333334;2024-12-12T17:00:00+01:00
1293;36004.16666666667;2024-12-12T18:00:00+01:00
1293;36187.75;2024-12-12T19:00:00+01:00
1293;36713.58333333334;2024-12-12T20:00:00+01:00
1293;36159.75;2024-12-12T21:00:00+01:00
1293;32914.33333333334;2024-12-12T22:00:00+01:00
1293;29498.33333333333;2024-12-12T23:00:00+01:00
1293;27057.25;2024-12-13T00:00:00+01:00
1293;25221.83333333333;2024-12-13T01:00:00+01:00
1293;24107.41666666667;2024-12-13T02:00:00+01:00
1293;23523.83333333333;2024-12-13T03:00:00+01:00
1293;23509.5;2024-12-13T04:00:00+01:00
1293;24128.0;2024-12-13T05:00:00+01:00
1293;26978.5;2024-12-13T06:00:00+01:00
1293;31637.91666666667;2024-12-13T07:00:00+01:00
1293;34326.75;2024-12-13T08:00:00+01:00
1293;34773.83333333334;2024-12-13T09:00:00+01:00
1293;34491.33333333334;2024-12-13T10:00:00+01:00
1293;33608.16666666667;2024-12-13T11:00:00+01:00
1293;33051.66666666667;2024-12-13T12:00:00+01:00
1293;32790.08333333334;2024-12-13T13:00:00+01:00
1293;32392.33333333333;2024-12-13T14:00:00+01:00
1293;32148.66666666667;2024-12-13T15:00:00+01:00
1293;32459.25;2024-12-13T16:00:00+01:00
1293;33348.83333333334;2024-12-13T17:00:00+01:00
1293;34902.41666666667;2024-12-13T18:00:00+01:00
1293;35251.16666666667;2024-12-13T19:00:00+01:00
1293;35488.91666666667;2024-12-13T20:00:00+01:00
1293;34759.91666666667;2024-12-13T21:00:00+01:00
1293;32022.33333333333;2024-12-13T22:00:00+01:00
1293;29250.5;2024-12-13T23:00:00+01:00
1293;26933.5;2024-12-14T00:00:00+01:00
1293;25036.08333333333;2024-12-14T01:00:00+01:00
1293;23617.75;2024-12-14T02:00:00+01:00
1293;22843.0;2024-12-14T03:00:00+01:00
1293;22402.5;2024-12-14T04:00:00+01:00
1293;22338.0;2024-12-14T05:00:00+01:00
1293;23136.0;2024-12-14T06:00:00+01:00
1293;24861.58333333333;2024-12-14T07:00:00+01:00
1293;26556.25;2024-12-14T08:00:00+01:00
1293;28329.91666666667;2024-12-14T09:00:00+01:00
1293;29342.83333333333;2024-12-14T10:00:00+01:00
1293;28902.25;2024-12-14T11:00:00+01:00
1293;28246.66666666667;2024-12-14T12:00:00+01:00
1293;28053.08333333333;2024-12-14T13:00:00+01:00
1293;28172.33333333333;2024-12-14T14:00:00+01:00
1293;27900.33333333333;2024-12-14T15:00:00+01:00
1293;28167.25;2024-12-14T16:00:00+01:00
1293;29134.16666666667;2024-12-14T17:00:00+01:00
1293;30902.33333333333;2024-12-14T18:00:00+01:00
1293;31523.0;2024-12-14T19:00:00+01:00
1293;31902.75;2024-12-14T20:00:00+01:00
1293;31752.16666666667;2024-12-14T21:00:00+01:00
1293;30124.08333333333;2024-12-14T22:00:00+01:00
1293;27818.5;2024-12-14T23:00:00+01:00
1293;25553.41666666667;2024-12-15T00:00:00+01:00
1293;23481.25;2024-12-15T01:00:00+01:00
1293;22201.25;2024-12-15T02:00:00+01:00
1293;21328.33333333333;2024-12-15T03:00:00+01:00
1293;20797.5;2024-12-15T04:00:00+01:00
1293;20780.91666666667;2024-12-15T05:00:00+01:00
1293;21198.58333333333;2024-12-15T06:00:00+01:00
1293;22263.66666666667;2024-12-15T07:00:00+01:00
1293;23468.08333333333;2024-12-15T08:00:00+01:00
1293;25256.83333333333;2024-12-15T09:00:00+01:00
1293;26408.25;2024-12-15T10:00:00+01:00
1293;26601.91666666667;2024-12-15T11:00:00+01:00
1293;26565.5;2024-12-15T12:00:00+01:00
1293;26708.83333333333;2024-12-15T13:00:00+01:00
1293;26932.08333333333;2024-12-15T14:00:00+01:00
1293;26642.75;2024-12-15T15:00:00+01:00
1293;26785.16666666667;2024-12-15T16:00:00+01:00
1293;28064.08333333333;2024-12-15T17:00:00+01:00
1293;30522.66666666667;2024-12-15T18:00:00+01:00
1293;31694.16666666667;2024-12-15T19:00:00+01:00
1293;32724.66666666667;2024-12-15T20:00:00+01:00
1293;32651.41666666667;2024-12-15T21:00:00+01:00
1293;30423.08333333333;2024-12-15T22:00:00+01:00
1293;27438.16666666667;2024-12-15T23:00:00+01:00
1293;24935.16666666667;2024-12-16T00:00:00+01:00
1293;23045.58333333333;2024-12-16T01:00:00+01:00
1293;22003.5;2024-12-16T02:00:00+01:00
1293;21500.83333333333;2024-12-16T03:00:00+01:00
1293;21602.91666666667;2024-12-16T04:00:00+01:00
1293;22418.58333333333;2024-12-16T05:00:00+01:00
1293;25860.58333333333;2024-12-16T06:00:00+01:00
1293;31048.33333333333;2024-12-16T07:00:00+01:00
1293;34349.58333333334;2024-12-16T08:00:00+01:00
1293;34637.25;2024-12-16T09:00:00+01:00
1293;34183.5;2024-12-16T10:00:00+01:00
1293;33014.33333333334;2024-12-16T11:00:00+01:00
1293;32410.0;2024-12-16T12:00:00+01:00
1293;32215.16666666667;2024-12-16T13:00:00+01:00
1293;31888.75;2024-12-16T14:00:00+01:00
1293;32185.41666666667;2024-12-16T15:00:00+01:00
1293;32792.08333333334;2024-12-16T16:00:00+01:00
1293;33950.5;2024-12-16T17:00:00+01:00
1293;35703.08333333334;2024-12-16T18:00:00+01:00
1293;36609.5;2024-12-16T19:00:00+01:00
1293;37437.5;2024-12-16T20:00:00+01:00
1293;36708.58333333334;2024-12-16T21:00:00+01:00
1293;33086.08333333334;2024-12-16T22:00:00+01:00
1293;29493.33333333333;2024-12-16T23:00:00+01:00
1293;26765.16666666667;2024-12-17T00:00:00+01:00
1293;24694.0;2024-12-17T01:00:00+01:00
1293;23508.75;2024-12-17T02:00:00+01:00
1293;23103.0;2024-12-17T03:00:00+01:00
1293;23105.83333333333;2024-12-17T04:00:00+01:00
1293;23707.08333333333;2024-12-17T05:00:00+01:00
1293;27050.0;2024-12-17T06:00:00+01:00
1293;31877.66666666667;2024-12-17T07:00:00+01:00
1293;34908.66666666667;2024-12-17T08:00:00+01:00
1293;35328.16666666667;2024-12-17T09:00:00+01:00
1293;34658.91666666667;2024-12-17T10:00:00+01:00
1293;33706.0;2024-12-17T11:00:00+01:00
1293;32811.33333333334;2024-12-17T12:00:00+01:00
1293;32594.58333333333;2024-12-17T13:00:00+01:00
1293;32474.5;2024-12-17T14:00:00+01:00
1293;32213.0;2024-12-17T15:00:00+01:00
1293;32883.41666666667;2024-12-17T16:00:00+01:00
1293;34261.66666666667;2024-12-17T17:00:00+01:00
1293;35992.08333333334;2024-12-17T18:00:00+01:00
1293;36762.08333333334;2024-12-17T19:00:00+01:00
1293;37422.25;2024-12-17T20:00:00+01:00
1293;36675.33333333334;2024-12-17T21:00:00+01:00
1293;33143.33333333334;2024-12-17T22:00:00+01:00
1293;29420.91666666667;2024-12-17T23:00:00+01:00
1293;26628.66666666667;2024-12-18T00:00:00+01:00
1293;24507.0;2024-12-18T01:00:00+01:00
1293;23279.91666666667;2024-12-18T02:00:00+01:00
1293;22872.75;2024-12-18T03:00:00+01:00
1293;22886.83333333333;2024-12-18T04:00:00+01:00
1293;23482.5;2024-12-18T05:00:00+01:00
1293;26620.41666666667;2024-12-18T06:00:00+01:00
1293;31477.16666666667;2024-12-18T07:00:00+01:00
1293;34423.58333333334;2024-12-18T08:00:00+01:00
1293;34812.25;2024-12-18T09:00:00+01:00
1293;33828.58333333334;2024-12-18T10:00:00+01:00
1293;32764.83333333333;2024-12-18T11:00:00+01:00
1293;32187.83333333333;2024-12-18T12:00:00+01:00
1293;31935.91666666667;2024-12-18T13:00:00+01:00
1293;31671.58333333333;2024-12-18T14:00:00+01:00
1293;31827.83333333333;2024-12-18T15:00:00+01:00
1293;32363.83333333333;2024-12-18T16:00:00+01:00
1293;33277.66666666667;2024-12-18T17:00:00+01:00
1293;34940.0;2024-12-18T18:00:00+01:00
1293;35728.91666666667;2024-12-18T19:00:00+01:00
1293;36405.33333333334;2024-12-18T20:00:00+01:00
1293;35575.08333333334;2024-12-18T21:00:00+01:00
1293;32307.41666666667;2024-12-18T22:00:00+01:00
1293;28830.0;2024-12-18T23:00:00+01:00
1293;26280.66666666667;2024-12-19T00:00:00+01:00
1293;24425.75;2024-12-19T01:00:00+01:00
1293;23139.5;2024-12-19T02:00:00+01:00
1293;22609.66666666667;2024-12-19T03:00:00+01:00
1293;22470.5;2024-12-19T04:00:00+01:00
1293;23017.91666666667;2024-12-19T05:00:00+01:00
1293;25967.41666666667;2024-12-19T06:00:00+01:00
1293;30314.66666666667;2024-12-19T07:00:00+01:00
1293;32999.75;2024-12-19T08:00:00+01:00
1293;33477.91666666667;2024-12-19T09:00:00+01:00
1293;33276.0;2024-12-19T10:00:00+01:00
1293;32458.41666666667;2024-12-19T11:00:00+01:00
1293;32269.91666666667;2024-12-19T12:00:00+01:00
1293;32331.08333333333;2024-12-19T13:00:00+01:00
1293;31844.41666666667;2024-12-19T14:00:00+01:00
1293;31345.25;2024-12-19T15:00:00+01:00
1293;31567.08333333333;2024-12-19T16:00:00+01:00
1293;32661.66666666667;2024-12-19T17:00:00+01:00
1293;34136.58333333334;2024-12-19T18:00:00+01:00
1293;34808.91666666667;2024-12-19T19:00:00+01:00
1293;35237.58333333334;2024-12-19T20:00:00+01:00
1293;34655.41666666667;2024-12-19T21:00:00+01:00
1293;31729.91666666667;2024-12-19T22:00:00+01:00
1293;28742.33333333333;2024-12-19T23:00:00+01:00
1293;26296.33333333333;2024-12-20T00:00:00+01:00
1293;24448.91666666667;2024-12-20T01:00:00+01:00
1293;23124.0;2024-12-20T02:00:00+01:00
1293;22662.08333333333;2024-12-20T03:00:00+01:00
1293;22568.66666666667;2024-12-20T04:00:00+01:00
1293;23151.5;2024-12-20T05:00:00+01:00
1293;25904.16666666667;2024-12-20T06:00:00+01:00
1293;30232.58333333333;2024-12-20T07:00:00+01:00
1293;33121.25;2024-12-20T08:00:00+01:00
1293;33271.5;2024-12-20T09:00:00+01:00
1293;32141.66666666667;2024-12-20T10:00:00+01:00
1293;30851.08333333333;2024-12-20T11:00:00+01:00
1293;30115.5;2024-12-20T12:00:00+01:00
1293;29923.5;2024-12-20T13:00:00+01:00
1293;29411.16666666667;2024-12-20T14:00:00+01:00
1293;29314.91666666667;2024-12-20T15:00:00+01:00
1293;29843.33333333333;2024-12-20T16:00:00+01:00
1293;31238.16666666667;2024-12-20T17:00:00+01:00
1293;33116.0;2024-12-20T18:00:00+01:00
1293;33590.16666666667;2024-12-20T19:00:00+01:00
1293;33786.33333333334;2024-12-20T20:00:00+01:00
1293;33104.41666666667;2024-12-20T21:00:00+01:00
1293;30686.75;2024-12-20T22:00:00+01:00
1293;28051.75;2024-12-20T23:00:00+01:00
1293;25984.91666666667;2024-12-21T00:00:00+01:00
1293;23902.16666666667;2024-12-21T01:00:00+01:00
1293;22524.91666666667;2024-12-21T02:00:00+01:00
1293;21727.83333333333;2024-12-21T03:00:00+01:00
1293;21398.41666666667;2024-12-21T04:00:00+01:00
1293;21382.08333333333;2024-12-21T05:00:00+01:00
1293;22202.16666666667;2024-12-21T06:00:00+01:00
1293;23851.83333333333;2024-12-21T07:00:00+01:00
1293;25723.66666666667;2024-12-21T08:00:00+01:00
1293;27591.75;2024-12-21T09:00:00+01:00
1293;27906.41666666667;2024-12-21T10:00:00+01:00
1293;27342.41666666667;2024-12-21T11:00:00+01:00
1293;26793.5;2024-12-21T12:00:00+01:00
1293;26837.66666666667;2024-12-21T13:00:00+01:00
1293;26981.58333333333;2024-12-21T14:00:00+01:00
1293;26651.58333333333;2024-12-21T15:00:00+01:00
1293;26950.91666666667;2024-12-21T16:00:00+01:00
1293;27712.16666666667;2024-12-21T17:00:00+01:00
1293;29799.91666666667;2024-12-21T18:00:00+01:00
1293;30444.83333333333;2024-12-21T19:00:00+01:00
1293;31017.16666666667;2024-12-21T20:00:00+01:00
1293;30962.0;2024-12-21T21:00:00+01:00
1293;29063.08333333333;2024-12-21T22:00:00+01:00
1293;26822.66666666667;2024-12-21T23:00:00+01:00
1293;24563.08333333333;2024-12-22T00:00:00+01:00
1293;22701.66666666667;2024-12-22T01:00:00+01:00
1293;21313.66666666667;2024-12-22T02:00:00+01:00
1293;20440.75;2024-12-22T03:00:00+01:00
1293;20070.0;2024-12-22T04:00:00+01:00
1293;20120.91666666667;2024-12-22T05:00:00+01:00
1293;20676.33333333333;2024-12-22T06:00:00+01:00
1293;21815.83333333333;2024-12-22T07:00:00+01:00
1293;23116.08333333333;2024-12-22T08:00:00+01:00
1293;24963.08333333333;2024-12-22T09:00:00+01:00
1293;25923.0;2024-12-22T10:00:00+01:00
1293;25910.33333333333;2024-12-22T11:00:00+01:00
1293;25506.08333333333;2024-12-22T12:00:00+01:00
1293;25649.41666666667;2024-12-22T13:00:00+01:00
1293;25920.66666666667;2024-12-22T14:00:00+01:00
1293;25263.0;2024-12-22T15:00:00+01:00
1293;25322.25;2024-12-22T16:00:00+01:00
1293;26410.58333333333;2024-12-22T17:00:00+01:00
1293;28563.25;2024-12-22T18:00:00+01:00
1293;29406.08333333333;2024-12-22T19:00:00+01:00
1293;30024.25;2024-12-22T20:00:00+01:00
1293;30096.16666666667;2024-12-22T21:00:00+01:00
1293;28414.0;2024-12-22T22:00:00+01:00
1293;25926.25;2024-12-22T23:00:00+01:00
1293;23416.83333333333;2024-12-23T00:00:00+01:00
1293;21467.25;2024-12-23T01:00:00+01:00
1293;20351.66666666667;2024-12-23T02:00:00+01:00
1293;19746.0;2024-12-23T03:00:00+01:00
1293;19609.16666666667;2024-12-23T04:00:00+01:00
1293;20136.33333333333;2024-12-23T05:00:00+01:00
1293;22333.0;2024-12-23T06:00:00+01:00
1293;25613.91666666667;2024-12-23T07:00:00+01:00
1293;28345.25;2024-12-23T08:00:00+01:00
1293;30014.66666666667;2024-12-23T09:00:00+01:00
1293;29748.58333333333;2024-12-23T10:00:00+01:00
1293;28647.5;2024-12-23T11:00:00+01:00
1293;27917.91666666667;2024-12-23T12:00:00+01:00
1293;27961.91666666667;2024-12-23T13:00:00+01:00
1293;28227.5;2024-12-23T14:00:00+01:00
1293;28146.91666666667;2024-12-23T15:00:00+01:00
1293;28734.25;2024-12-23T16:00:00+01:00
1293;29951.0;2024-12-23T17:00:00+01:00
1293;31511.0;2024-12-23T18:00:00+01:00
1293;32016.41666666667;2024-12-23T19:00:00+01:00
1293;32515.16666666667;2024-12-23T20:00:00+01:00
1293;32153.16666666667;2024-12-23T21:00:00+01:00
1293;29838.91666666667;2024-12-23T22:00:00+01:00
1293;26980.66666666667;2024-12-23T23:00:00+01:00
1293;24541.33333333333;2024-12-24T00:00:00+01:00
1293;22309.66666666667;2024-12-24T01:00:00+01:00
1293;20869.66666666667;2024-12-24T02:00:00+01:00
1293;20120.66666666667;2024-12-24T03:00:00+01:00
1293;19800.66666666667;2024-12-24T04:00:00+01:00
1293;20084.91666666667;2024-12-24T05:00:00+01:00
1293;21693.75;2024-12-24T06:00:00+01:00
1293;24147.0;2024-12-24T07:00:00+01:00
1293;26441.16666666667;2024-12-24T08:00:00+01:00
1293;28085.41666666667;2024-12-24T09:00:00+01:00
1293;28105.5;2024-12-24T10:00:00+01:00
1293;27439.75;2024-12-24T11:00:00+01:00
1293;26645.08333333333;2024-12-24T12:00:00+01:00
1293;26383.33333333333;2024-12-24T13:00:00+01:00
1293;26147.83333333333;2024-12-24T14:00:00+01:00
1293;25767.58333333333;2024-12-24T15:00:00+01:00
1293;26037.75;2024-12-24T16:00:00+01:00
1293;27150.08333333333;2024-12-24T17:00:00+01:00
1293;29308.0;2024-12-24T18:00:00+01:00
1293;29282.41666666667;2024-12-24T19:00:00+01:00
1293;28215.08333333333;2024-12-24T20:00:00+01:00
1293;26288.0;2024-12-24T21:00:00+01:00
1293;23623.83333333333;2024-12-24T22:00:00+01:00
1293;22291.5;2024-12-24T23:00:00+01:00
1293;21646.5;2024-12-25T00:00:00+01:00
1293;20737.25;2024-12-25T01:00:00+01:00
1293;19471.41666666667;2024-12-25T02:00:00+01:00
1293;18462.08333333333;2024-12-25T03:00:00+01:00
1293;17824.33333333333;2024-12-25T04:00:00+01:00
1293;17686.5;2024-12-25T05:00:00+01:00
1293;17979.83333333333;2024-12-25T06:00:00+01:00
1293;18611.33333333333;2024-12-25T07:00:00+01:00
1293;19017.41666666667;2024-12-25T08:00:00+01:00
1293;19943.5;2024-12-25T09:00:00+01:00
1293;21260.41666666667;2024-12-25T10:00:00+01:00
1293;21890.91666666667;2024-12-25T11:00:00+01:00
1293;21888.08333333333;2024-12-25T12:00:00+01:00
1293;21898.25;2024-12-25T13:00:00+01:00
1293;21403.25;2024-12-25T14:00:00+01:00
1293;20541.5;2024-12-25T15:00:00+01:00
1293;20801.83333333333;2024-12-25T16:00:00+01:00
1293;22037.58333333333;2024-12-25T17:00:00+01:00
1293;24317.66666666667;2024-12-25T18:00:00+01:00
1293;25339.91666666667;2024-12-25T19:00:00+01:00
1293;26172.41666666667;2024-12-25T20:00:00+01:00
1293;26482.83333333333;2024-12-25T21:00:00+01:00
1293;25183.08333333333;2024-12-25T22:00:00+01:00
1293;22940.41666666667;2024-12-25T23:00:00+01:00
1293;21031.08333333333;2024-12-26T00:00:00+01:00
1293;19442.16666666667;2024-12-26T01:00:00+01:00
1293;18437.75;2024-12-26T02:00:00+01:00
1293;17934.41666666667;2024-12-26T03:00:00+01:00
1293;17746.08333333333;2024-12-26T04:00:00+01:00
1293;18220.25;2024-12-26T05:00:00+01:00
1293;20226.41666666667;2024-12-26T06:00:00+01:00
1293;23053.91666666667;2024-12-26T07:00:00+01:00
1293;25558.58333333333;2024-12-26T08:00:00+01:00
1293;27262.83333333333;2024-12-26T09:00:00+01:00
1293;27874.16666666667;2024-12-26T10:00:00+01:00
1293;27679.66666666667;2024-12-26T11:00:00+01:00
1293;27359.08333333333;2024-12-26T12:00:00+01:00
1293;27514.66666666667;2024-12-26T13:00:00+01:00
1293;27385.83333333333;2024-12-26T14:00:00+01:00
1293;26602.08333333333;2024-12-26T15:00:00+01:00
1293;26885.08333333333;2024-12-26T16:00:00+01:00
1293;27808.91666666667;2024-12-26T17:00:00+01:00
1293;29493.5;2024-12-26T18:00:00+01:00
1293;30039.16666666667;2024-12-26T19:00:00+01:00
1293;30634.25;2024-12-26T20:00:00+01:00
1293;30416.58333333333;2024-12-26T21:00:00+01:00
1293;28291.41666666667;2024-12-26T22:00:00+01:00
1293;25568.0;2024-12-26T23:00:00+01:00
1293;23371.41666666667;2024-12-27T00:00:00+01:00
1293;21443.83333333333;2024-12-27T01:00:00+01:00
1293;20179.16666666667;2024-12-27T02:00:00+01:00
1293;19602.75;2024-12-27T03:00:00+01:00
1293;19408.16666666667;2024-12-27T04:00:00+01:00
1293;19960.33333333333;2024-12-27T05:00:00+01:00
1293;21941.91666666667;2024-12-27T06:00:00+01:00
1293;24802.83333333333;2024-12-27T07:00:00+01:00
1293;27300.58333333333;2024-12-27T08:00:00+01:00
1293;28958.58333333333;2024-12-27T09:00:00+01:00
1293;29262.08333333333;2024-12-27T10:00:00+01:00
1293;28708.91666666667;2024-12-27T11:00:00+01:00
1293;28276.0;2024-12-27T12:00:00+01:00
1293;28083.25;2024-12-27T13:00:00+01:00
1293;27915.41666666667;2024-12-27T14:00:00+01:00
1293;27373.41666666667;2024-12-27T15:00:00+01:00
1293;27353.33333333333;2024-12-27T16:00:00+01:00
1293;28604.75;2024-12-27T17:00:00+01:00
1293;30503.5;2024-12-27T18:00:00+01:00
1293;31064.91666666667;2024-12-27T19:00:00+01:00
1293;31427.0;2024-12-27T20:00:00+01:00
1293;31096.66666666667;2024-12-27T21:00:00+01:00
1293;28895.58333333333;2024-12-27T22:00:00+01:00
1293;26338.58333333333;2024-12-27T23:00:00+01:00
1293;24214.16666666667;2024-12-28T00:00:00+01:00
1293;22307.33333333333;2024-12-28T01:00:00+01:00
1293;20817.75;2024-12-28T02:00:00+01:00
1293;20096.83333333333;2024-12-28T03:00:00+01:00
1293;19655.0;2024-12-28T04:00:00+01:00
1293;19747.08333333333;2024-12-28T05:00:00+01:00
1293;20754.0;2024-12-28T06:00:00+01:00
1293;22126.91666666667;2024-12-28T07:00:00+01:00
1293;23782.5;2024-12-28T08:00:00+01:00
1293;25556.0;2024-12-28T09:00:00+01:00
1293;26540.33333333333;2024-12-28T10:00:00+01:00
1293;26374.08333333333;2024-12-28T11:00:00+01:00
1293;25900.33333333333;2024-12-28T12:00:00+01:00
1293;25885.91666666667;2024-12-28T13:00:00+01:00
1293;26057.0;2024-12-28T14:00:00+01:00
1293;25781.41666666667;2024-12-28T15:00:00+01:00
1293;25875.75;2024-12-28T16:00:00+01:00
1293;26673.66666666667;2024-12-28T17:00:00+01:00
1293;28836.58333333333;2024-12-28T18:00:00+01:00
1293;29622.83333333333;2024-12-28T19:00:00+01:00
1293;30218.91666666667;2024-12-28T20:00:00+01:00
1293;30149.83333333333;2024-12-28T21:00:00+01:00
1293;28281.41666666667;2024-12-28T22:00:00+01:00
1293;26006.75;2024-12-28T23:00:00+01:00
1293;23852.58333333333;2024-12-29T00:00:00+01:00
1293;21880.33333333333;2024-12-29T01:00:00+01:00
1293;20546.33333333333;2024-12-29T02:00:00+01:00
1293;19720.08333333333;2024-12-29T03:00:00+01:00
1293;19306.75;2024-12-29T04:00:00+01:00
1293;19312.41666666667;2024-12-29T05:00:00+01:00
1293;19824.0;2024-12-29T06:00:00+01:00
1293;20692.41666666667;2024-12-29T07:00:00+01:00
1293;21919.0;2024-12-29T08:00:00+01:00
1293;23393.08333333333;2024-12-29T09:00:00+01:00
1293;24519.83333333333;2024-12-29T10:00:00+01:00
1293;24666.91666666667;2024-12-29T11:00:00+01:00
1293;24570.0;2024-12-29T12:00:00+01:00
1293;24910.83333333333;2024-12-29T13:00:00+01:00
1293;25224.5;2024-12-29T14:00:00+01:00
1293;24866.75;2024-12-29T15:00:00+01:00
1293;24843.08333333333;2024-12-29T16:00:00+01:00
1293;25715.58333333333;2024-12-29T17:00:00+01:00
1293;28106.75;2024-12-29T18:00:00+01:00
1293;29163.33333333333;2024-12-29T19:00:00+01:00
1293;30022.83333333333;2024-12-29T20:00:00+01:00
1293;30162.25;2024-12-29T21:00:00+01:00
1293;28211.66666666667;2024-12-29T22:00:00+01:00
1293;25494.66666666667;2024-12-29T23:00:00+01:00
1293;23199.0;2024-12-30T00:00:00+01:00
1293;21260.41666666667;2024-12-30T01:00:00+01:00
1293;20194.16666666667;2024-12-30T02:00:00+01:00
1293;19611.41666666667;2024-12-30T03:00:00+01:00
1293;19467.83333333333;2024-12-30T04:00:00+01:00
1293;20106.41666666667;2024-12-30T05:00:00+01:00
1293;22232.0;2024-12-30T06:00:00+01:00
1293;25260.58333333333;2024-12-30T07:00:00+01:00
1293;28112.75;2024-12-30T08:00:00+01:00
1293;29904.0;2024-12-30T09:00:00+01:00
1293;30110.66666666667;2024-12-30T10:00:00+01:00
1293;29451.25;2024-12-30T11:00:00+01:00
1293;28690.83333333333;2024-12-30T12:00:00+01:00
1293;28677.91666666667;2024-12-30T13:00:00+01:00
1293;28647.91666666667;2024-12-30T14:00:00+01:00
1293;28349.75;2024-12-30T15:00:00+01:00
1293;28572.75;2024-12-30T16:00:00+01:00
1293;29781.25;2024-12-30T17:00:00+01:00
1293;31573.66666666667;2024-12-30T18:00:00+01:00
1293;32269.33333333333;2024-12-30T19:00:00+01:00
1293;32806.25;2024-12-30T20:00:00+01:00
1293;32516.66666666667;2024-12-30T21:00:00+01:00
1293;30309.83333333333;2024-12-30T22:00:00+01:00
1293;27405.33333333333;2024-12-30T23:00:00+01:00
1293;24833.33333333333;2024-12-31T00:00:00+01:00
1293;22499.66666666667;2024-12-31T01:00:00+01:00
1293;21015.16666666667;2024-12-31T02:00:00+01:00
1293;20176.5;2024-12-31T03:00:00+01:00
1293;19926.91666666667;2024-12-31T04:00:00+01:00
1293;20363.33333333333;2024-12-31T05:00:00+01:00
1293;21863.5;2024-12-31T06:00:00+01:00
1293;24107.08333333333;2024-12-31T07:00:00+01:00
1293;26430.41666666667;2024-12-31T08:00:00+01:00
1293;28328.91666666667;2024-12-31T09:00:00+01:00
1293;29147.58333333333;2024-12-31T10:00:00+01:00
1293;28688.83333333333;2024-12-31T11:00:00+01:00
1293;27985.91666666667;2024-12-31T12:00:00+01:00
1293;27746.58333333333;2024-12-31T13:00:00+01:00
1293;27493.25;2024-12-31T14:00:00+01:00
1293;27242.83333333333;2024-12-31T15:00:00+01:00
1293;27364.83333333333;2024-12-31T16:00:00+01:00
1293;28345.91666666667;2024-12-31T17:00:00+01:00
1293;30727.75;2024-12-31T18:00:00+01:00
1293;31136.33333333333;2024-12-31T19:00:00+01:00
1293;30291.66666666667;2024-12-31T20:00:00+01:00
1293;28500.25;2024-12-31T21:00:00+01:00
1293;25583.5;2024-12-31T22:00:00+01:00
1293;24053.41666666667;2024-12-31T23:00:00+01:00
