Precio_Real_MWh,Precio_Predicho_MWh
54.97,71.88569
60.89999999999999,61.74049
60.0,50.03864
47.5,50.712837
42.09,55.433014
37.8,54.120716
25.0,44.316093
3.9900000000000007,30.344667
13.999999999999998,20.793314
10.000000000000002,18.271463
14.54,23.758146
36.29,32.52592
44.7,41.224697
53.78,50.868774
54.230000000000004,57.965763
50.0,55.729664
52.20000000000001,45.670822
45.0,39.17764
42.99999999999999,38.16295
42.99999999999999,39.358337
40.99,41.027763
43.66,44.712555
52.20000000000001,55.220932
57.77,75.03802
62.45,83.98563
58.0,76.581635
52.830000000000005,72.09113
46.26,74.85099
40.1,69.59539
6.8,58.493023
3.2,46.607563
3.2,33.66834
3.2,24.994099
3.2,22.737452
2.2099999999999995,27.077566
4.780000000000001,34.339672
45.42,43.52675
61.92,57.791122
67.0,74.770355
63.6,81.4791
57.10000000000001,75.957245
55.0,69.04815
55.42,66.46256
61.0,72.45375
66.03,83.5433
67.52,92.50948
89.57,102.489914
94.20000000000002,114.65783
104.35,121.22082
113.26,118.117226
113.26,115.37281
94.20000000000002,112.82796
86.58,106.46915
90.39000000000001,101.893654
87.00000000000001,97.723785
80.21,89.825836
70.1,87.16124
66.86,89.69178
68.14,91.255585
86.74,94.32802
94.51000000000002,101.86793
96.0,113.21246
98.13000000000001,119.38097
95.0,115.1735
90.35,110.22133
89.0,108.965416
85.96,107.48143
92.11,112.64228
98.62000000000002,113.02892
99.5,115.355995
100.0,118.22675
102.57,122.222206
104.00000000000001,124.43011
105.17999999999999,120.96891
102.41999999999999,120.39236
99.41,117.18572
90.39000000000001,108.433975
86.08000000000001,103.466805
80.51,96.26622
77.01,82.81281
70.67,77.61423
61.099999999999994,79.20858
68.26,81.39925
75.0,82.83074
86.39,86.22876
90.88,91.34455
90.0,94.49113
76.47,88.59111
57.68,75.5265
45.86999999999999,64.183304
44.07,53.20515
40.0,44.950996
30.549999999999997,41.34698
44.37,44.079823
67.0,59.36136
75.47,85.63435
78.19,96.55971
79.94,87.81339
78.26,84.93548
75.0,89.6158
68.0,89.04126
52.49999999999999,81.28688
45.0,72.67661
44.2,59.000565
43.49999999999999,46.15337
23.99,40.823406
23.99,40.374817
30.51,41.362923
44.4,41.441963
45.8,43.741417
45.0,48.11403
25.0,44.95778
4.000000000000001,29.485878
3.2,15.906355
3.2,8.195417
3.2,5.7786283
3.2,5.0109973
25.0,6.9595375
65.0,25.083595
85.96,72.73925
92.05000000000001,102.48202
92.14000000000001,94.45874
88.0,83.94918
86.57,85.43787
79.87,94.48397
84.08,96.21208
79.82,83.76995
76.76,69.792435
73.46,62.964775
71.86,63.06184
72.08,67.24938
74.9,70.15938
77.69,72.736534
81.79,76.33386
84.86,79.54717
61.0,74.896935
55.870000000000005,58.89285
50.60000000000001,47.750496
51.77,41.655727
49.98,40.99881
45.57,44.17005
60.0,49.64445
92.05000000000001,71.76463
104.85,116.645546
103.55,128.04453
100.50000000000001,113.24443
95.89,105.70406
91.17,108.866585
83.86,106.0744
86.97,99.21515
84.18,91.57502
81.53,83.36587
78.79,83.78308
78.43,93.58581
82.1,107.71255
94.3,117.05649
111.07,131.77377
120.4,149.05579
116.98,151.12245
110.57,138.17192
103.0,127.23858
95.46000000000001,127.22938
93.87999999999998,128.97452
100.0,130.27588
107.97999999999999,134.7732
115.27,147.54076
125.17,162.91371
129.99,169.4503
130.0,165.4247
133.28,159.80719
129.47,155.98366
115.41999999999999,150.25252
107.97999999999999,146.06328
98.91999999999999,136.75452
100.0,135.56728
98.43,129.24704
98.62000000000002,128.19116
97.15,131.02267
97.53,133.76622
102.79,138.35045
108.28,147.83447
122.55000000000001,160.54283
120.75,163.31323
110.32,156.04996
107.66999999999999,148.01299
107.01,145.30998
106.48,145.55132
107.07,146.19849
114.75,149.92934
124.29,151.0278
137.35,152.32779
137.0,152.82066
138.95,152.6757
148.01,149.46927
130.0,146.14865
111.86,142.93875
106.11,137.94287
92.33,130.65675
90.12,124.81866
87.01,116.79959
85.8,114.235245
85.0,113.31084
86.3,113.976425
95.0,118.084206
103.94,127.37118
121.4,139.45819
121.4,142.12279
105.38,138.82492
102.97,134.87598
99.99,132.24364
98.5,130.32173
94.76,130.93286
94.73,131.04729
99.37,132.53304
102.7,136.4981
111.29,144.79034
121.4,148.86029
120.0,145.38252
107.70999999999998,143.3538
101.31999999999998,139.30716
92.68,131.4272
91.75000000000001,124.935616
86.18,120.310295
82.1,110.30112
80.0,106.52164
79.6,110.12634
81.1,115.1882
85.91,120.2239
102.05,128.23874
113.84,143.59895
110.0,147.82605
97.63,138.55629
86.18,128.3652
83.89,123.67451
82.18,123.070755
83.0,122.86747
85.0,124.133934
97.63,129.81361
118.5,141.36201
128.93,157.16191
132.31,157.7342
117.93,150.30905
108.33000000000001,147.03957
100.0,144.16962
93.26,137.93832
88.98,129.4066
86.45,121.81472
84.99,115.13661
83.0,114.773506
83.14,118.245026
85.0,121.87403
89.0,126.43362
102.77000000000001,135.2206
113.28000000000002,146.45934
104.99999999999999,149.87262
100.0,137.97398
94.58,123.07964
92.0,123.25339
91.78,124.97466
90.1,125.01557
92.00999999999999,127.267624
100.97999999999999,131.59254
107.10000000000001,142.89056
126.0,157.96884
119.47,160.25592
110.0,152.02866
102.26,148.42368
97.99999999999999,146.15468
95.49,138.22867
90.0,129.42783
87.48000000000002,129.00223
82.0,123.35023
78.47,118.033356
75.0,112.918045
75.0,111.090416
78.3,111.19383
85.59,114.97923
92.71,119.09038
94.83,121.839386
90.93,119.67016
83.39,113.13572
73.96,108.155106
71.45,105.996376
74.51,107.46435
80.4,109.03096
91.23,118.268585
99.3,126.81368
107.99,134.47653
103.14,139.26353
100.0,134.04898
97.61000000000001,130.94368
93.12,128.28241
90.0,124.9901
86.1,116.46937
82.78,105.29221
78.66,92.14967
72.53,85.39632
69.34,83.812546
69.13,84.06967
69.71,83.450554
72.95,84.17014
77.9,86.15882
79.45,88.81411
74.69,81.94985
69.0,74.13484
67.8,74.75241
65.4,73.44213
63.1,74.571434
62.29999999999999,73.95056
65.13,73.356606
72.84,82.891205
86.18,99.89506
92.00999999999999,110.54309
86.03000000000002,111.05168
84.49,110.1421
82.97,105.20537
72.52,100.85961
77.7,97.49161
67.0,96.485176
64.99,85.91108
62.03999999999999,80.72713
62.1,84.768845
65.1,96.17815
69.13,106.32313
86.74,122.22705
99.52,137.94006
100.33,140.8804
94.92,132.46715
90.30000000000001,124.30636
85.7,121.48311
82.41,115.21768
84.99,111.4264
90.1,111.85772
95.82,116.967865
100.0,124.753296
112.85,132.06416
113.9,135.58743
107.57999999999998,132.20921
100.0,128.82645
97.21000000000001,124.34912
90.99999999999999,114.73106
86.59,105.249504
83.33,101.74728
80.94,95.34764
78.65,92.88796
78.35,97.741554
80.37,104.878746
89.0,113.01909
101.0,122.745735
127.07,136.39241
120.18,138.4236
99.28,123.49228
91.69,108.96978
93.0,99.44808
89.42,93.54856
90.0,93.06614
88.0,95.79382
84.88,104.13947
88.0,111.01705
89.02,109.36452
99.49000000000001,101.17258
99.78,95.23559
88.75,91.381256
75.99,87.03242
60.0,80.83228
19.13,70.77654
15.93,51.592937
6.0,30.673513
4.900000000000001,17.797039
4.900000000000001,14.259551
5.0,19.938217
16.7,30.531488
44.2,43.834347
45.49999999999999,56.996037
45.49999999999999,60.51221
44.800000000000004,52.634933
34.52,40.03153
17.29,29.077631
12.99,21.232592
5.1,16.73013
5.0,17.77991
18.38,24.596596
43.49999999999999,37.93155
45.4,58.499306
49.1,68.45826
54.88,63.740437
46.8,57.358852
43.36999999999999,51.229473
18.03,39.47372
3.2,29.511417
3.2,22.513893
1.6800000000000002,14.352975
0.42999999999999994,11.101324
0.99,14.120152
3.2,22.357052
3.2,30.764563
30.1,40.62364
47.19,55.73946
55.77,74.27469
45.27,75.32744
43.66,65.59003
39.19,58.6828
35.0,56.95075
35.3,60.82994
45.4,66.8291
62.17,78.89976
96.02,101.82556
103.71,124.72088
99.6,132.63368
105.34,127.62493
98.84000000000002,124.836205
92.14000000000001,122.26466
73.61,115.37611
71.82,108.21495
67.44,102.207344
67.17,93.17679
60.0,88.499504
54.79,87.345474
50.0,85.982216
60.0,84.05033
74.4,87.484505
82.32,95.43991
87.33,100.50867
81.0,100.095795
78.0,98.92155
78.74,94.085526
70.83,92.303535
61.13,88.74883
60.14000000000001,90.911865
63.0,94.11044
69.18,102.273415
80.5,117.41716
84.2,125.63137
82.88,122.32439
80.5,117.95807
74.4,114.889404
61.0,109.08942
73.75,101.3225
63.92,99.46845
63.81,94.0861
63.81,91.94884
63.67999999999999,94.60801
66.1,101.2383
70.3,106.95846
75.93,112.95034
84.09,122.854515
88.31,124.742424
82.85,118.20482
76.64,108.09975
74.65,104.12191
69.84,103.44821
73.41,106.76905
79.21,107.77171
87.97,114.69619
95.07000000000001,125.227165
99.94,139.08739
99.58000000000001,142.23503
99.94,132.68837
99.58000000000001,125.399826
94.46,124.17077
85.78,121.972404
69.07,115.84389
59.11000000000001,111.26615
58.2,99.49793
57.57,94.577614
57.5,95.0394
57.5,97.640594
57.5,97.1372
58.99999999999999,97.24595
60.1,101.0806
58.99999999999999,102.06076
58.64,96.15024
56.8,83.86077
56.36,75.29463
47.42,74.4221
52.67,77.56271
53.75000000000001,81.33336
56.89,84.08201
64.89,97.546555
83.98,125.107315
93.52,134.1855
95.62,124.01695
94.52,118.1617
76.83,117.12552
59.20000000000001,112.50306
47.0,105.55834
41.8,97.342155
35.0,85.91764
25.0,84.80788
28.099999999999998,91.23007
40.0,100.25784
49.01,107.3121
75.0,114.42894
92.69,128.11662
86.66,128.36794
71.08,113.11419
61.99,97.7678
57.67000000000001,93.76517
58.48,92.66744
59.87,94.63551
59.99,100.566055
66.07,108.57975
79.09,124.92497
98.17999999999999,147.71657
104.90999999999998,155.00134
119.0,145.56413
103.21000000000001,136.14844
94.27,132.56105
75.93,126.234886
61.099999999999994,119.25096
58.99999999999999,117.08661
58.50000000000001,107.404976
59.87,104.11142
58.50000000000001,110.94265
58.50000000000001,119.17587
65.55,123.57126
90.1,130.73123
97.5,140.51935
91.86,144.4992
81.0,130.23407
66.65,115.37289
61.910000000000004,110.89502
61.03,108.44839
62.01,108.59694
64.0,111.94073
66.62,121.437645
84.0,131.74448
96.98,151.38063
115.0,161.92494
129.01,154.01762
106.76000000000002,149.43643
92.5,140.8486
84.51,131.19469
86.0,123.761
78.93,120.872086
73.73,113.63597
71.69,111.58882
70.94,115.126724
71.69,120.037994
80.19,125.129265
93.18,133.08952
101.49999999999999,140.48212
89.02,143.38954
70.69,124.336464
61.800000000000004,108.84717
59.87,104.60738
58.2,103.81857
58.2,105.752365
60.5,107.88354
64.0,114.62266
88.61,128.47803
94.94000000000001,152.30121
150.41,160.77556
152.17,150.511
103.0,142.73428
88.04,137.01515
74.86,128.78154
64.97,121.777054
60.529999999999994,115.24779
60.0,109.04618
55.36,108.02524
57.26,111.08799
63.290000000000006,113.62566
72.45,118.195946
83.5,129.44345
95.53,140.97676
89.84,140.26521
74.71,124.8377
65.01,110.211945
64.97,104.918205
64.97,102.82589
65.0,102.347786
61.85,106.34377
67.67,113.645546
75.59,130.81807
94.72000000000001,148.14796
113.0,155.44435
135.36,147.82596
103.01,142.6284
80.95,138.92403
73.58,131.39339
63.37,125.42503
65.0,122.23099
63.86000000000001,111.33977
63.86000000000001,106.78318
62.48,109.498245
63.86000000000001,113.754265
69.57,118.29831
80.02,127.21199
115.0,136.52364
77.3,137.95518
66.19,122.26402
62.38999999999999,106.830925
55.78,98.64887
50.7,96.19506
53.61,94.196205
55.52,96.30591
63.38000000000001,105.25346
73.74,121.448265
89.62,141.03986
96.8,145.60677
111.07,139.27455
93.0,132.86108
74.98,127.03724
70.45,119.118286
64.97,114.58398
61.06000000000001,114.16838
59.05,108.84147
55.9,104.72513
55.9,102.138855
57.22,102.06029
59.36,104.45246
66.19,105.5935
78.09,110.74373
73.4,112.933
62.01,101.99068
54.4,84.991234
47.0,75.202934
47.7,70.152855
47.5,69.98828
47.0,72.59927
55.2,78.61187
74.43,94.886055
95.97,124.42355
92.51,139.31227
92.52999999999999,128.40297
89.5,118.24406
75.97,116.9163
72.7,115.003975
62.03,110.3289
58.2,103.03372
52.9,90.92725
47.21000000000001,84.75555
44.0,81.70001
43.2,81.285774
47.04999999999999,80.29117
51.4,79.5184
55.29,81.52485
55.1,82.75018
42.0,70.08957
37.0,55.794666
42.0,47.873486
39.93,45.85278
40.09,48.74605
38.03,53.821472
43.12,65.36829
60.8,82.855804
71.14,109.82455
71.55,123.79832
69.87,115.21329
63.11,106.82012
60.34000000000001,104.32529
55.99999999999999,101.13339
49.97,94.21839
47.26,88.29168
48.12,78.558624
47.96999999999999,77.280556
51.57999999999999,85.18503
60.06,98.16275
80.66,111.796005
88.7,124.24945
99.26,135.83656
88.39,143.30623
78.9,129.41656
71.27,116.23834
70.24,109.21887
73.81,106.55857
78.03,107.69006
78.78,116.682976
82.87,129.59726
89.85999999999999,139.54813
110.0,154.01985
107.52,159.47284
108.49999999999999,152.0195
92.18,146.56544
87.00000000000001,141.0444
80.29,132.47363
71.94,122.75119
68.64,118.85189
69.37,110.76417
65.1,107.7369
64.0,112.055786
69.37,119.62598
79.02,126.35762
91.04,137.97038
95.95000000000002,142.5956
88.7,141.49443
77.15,129.21925
70.1,117.92776
68.1,115.604034
68.23,113.19741
71.93,112.1325
71.95,113.11228
78.89,118.93088
88.83,132.27191
99.76000000000002,153.8823
107.0,161.97546
123.22,152.11957
95.06,143.35435
88.7,137.50256
78.78,130.7266
74.09,125.460175
71.48,122.084435
70.89,115.16641
69.82,113.03058
69.25,116.65315
74.01,121.82289
84.44,127.78261
93.29,137.88841
120.22999999999999,148.26326
93.22999999999999,147.61525
82.98,136.86491
72.19,123.531845
70.01,118.259796
66.5,116.08018
65.8,116.58406
64.95,117.316605
66.26,121.2183
77.0,133.3057
90.99999999999999,156.56071
119.47,163.40526
168.35,153.45125
94.54,146.25856
85.0,141.90271
77.52,133.39755
69.0,124.32052
60.43999999999999,123.08343
55.1,117.26656
54.6,112.121025
53.47,113.07975
59.82,116.48977
72.42,120.60774
88.76,130.5611
95.76,139.79224
88.77000000000001,140.2255
62.8,125.186646
55.980000000000004,111.6688
54.44,105.566124
54.0,106.36976
54.44,108.40119
54.6,109.92127
60.43999999999999,112.60364
76.0,125.81667
101.89,149.30376
99.05000000000001,156.17574
94.0,146.17848
83.66,134.92834
82.13,130.78029
71.19,124.6981
62.95,117.27537
60.050000000000004,112.3423
58.0,102.08656
54.690000000000005,97.80494
52.40999999999999,101.98946
55.0,108.74366
61.0,113.317406
80.34,120.38263
90.75,128.52982
83.98,128.16481
61.42,110.08609
54.0,95.11706
54.0,89.48769
55.50000000000001,90.05428
53.3,95.89518
55.90999999999999,98.89891
55.50000000000001,104.00202
70.95,118.30303
80.16,145.49144
83.83,154.36432
83.98,141.19922
76.46,129.87248
68.44,125.87684
55.0,121.18301
56.440000000000005,114.07497
52.71,111.58062
51.18,109.01377
50.83,109.62955
51.16,110.12671
52.57000000000001,110.55529
53.5,110.47013
56.8,112.960205
63.0,117.22784
59.1,114.2979
53.28,98.84782
45.27,88.21796
41.58,81.42372
39.81,78.669754
41.76,77.820755
46.440000000000005,80.98191
53.0,89.79536
64.87,103.447296
81.43,129.48132
87.76,147.09741
95.68,137.27164
92.71,127.62479
86.11000000000001,125.15352
70.79,121.01184
66.62,117.62607
64.78,113.27035
64.91,105.38885
63.92,101.58465
61.75,102.61077
61.75,103.54896
60.0,105.51528
59.8,105.577095
63.92,106.84077
53.0,106.791855
44.7,92.867096
40.0,77.29413
34.28,68.63437
35.65,65.88322
35.0,66.08912
32.0,68.13446
43.349999999999994,72.52653
54.92999999999999,85.905785
77.5,114.64379
89.0,135.00655
129.81,129.59673
119.77,123.94489
82.94,123.627
75.0,120.883316
71.66,115.82714
73.0,115.15191
69.1,111.67756
67.87,112.93699
67.87,116.98206
69.78,122.95794
73.22,128.60898
83.15,138.75912
98.59,152.7392
87.36,152.88988
76.68,138.00401
69.74,129.19247
60.0,121.86929
50.0,118.84875
51.0,116.6748
59.71,118.71594
68.8,125.31768
76.44,140.78792
89.13,157.29556
129.47,160.02821
181.26,154.78607
111.36,150.0326
81.06,145.5645
75.75,137.83345
74.5,129.12973
75.0,124.70679
70.75,117.575035
68.88,114.99667
65.1,116.79526
68.88,119.272385
74.5,122.11378
82.06,129.28055
121.05999999999999,139.35887
96.06,138.16884
79.61,128.99806
72.48,116.7937
71.0,107.420204
56.47,99.12915
51.5,95.057396
56.440000000000005,92.45273
61.33,97.255615
71.0,109.839836
78.77,130.5621
89.01,149.54251
88.87,141.68478
78.28,127.09978
69.03,118.832245
56.09,107.96449
41.7,99.54157
39.0,93.17597
37.45,82.36899
33.21,76.82199
21.01,79.51482
38.0,85.98605
47.28,88.49593
69.99,95.36699
74.49,111.23975
68.61,112.71448
66.04,99.70532
59.20000000000001,86.49584
45.0,78.71578
40.4,73.37891
35.0,69.65694
28.33,67.63702
37.45,72.00391
41.0,81.15377
57.84,100.15313
72.76,114.624504
76.89,114.23295
67.72,109.42687
58.42,102.13915
45.8,92.557686
46.73,83.50778
39.0,72.97741
33.8,59.7042
32.45,52.528606
31.700000000000003,56.16663
32.45,64.60776
41.5,70.76712
50.0,77.82059
57.0,86.88339
42.13,89.15215
37.0,76.255714
35.22,62.419353
38.0,56.35878
31.700000000000003,54.611446
33.8,55.1311
33.08,57.75577
39.4,66.92116
41.5,83.019035
44.230000000000004,88.265686
40.0,84.23354
40.5,81.26639
37.94,80.65712
40.19,77.11094
28.699999999999996,68.15828
22.04,56.933372
11.17,44.47468
5.0,32.080772
3.2,26.431744
3.2,26.91926
11.139999999999999,32.34692
29.619999999999997,40.180508
48.92,54.46494
57.84,81.34253
65.0,100.0415
66.35,96.004555
57.84,86.08255
50.56,81.27525
46.73,86.33981
47.99,92.60445
46.73,94.98283
44.99,90.733315
42.0,89.19575
44.46,92.60394
59.95,93.09616
66.35,89.862885
55.019999999999996,82.6064
43.129999999999995,76.28386
35.0,66.21906
26.78,53.840084
13.999999999999998,35.951347
5.0,16.907503
3.2,3.9806056
3.2,-1.3464208
3.2,-1.1366959
3.2,2.4134173
3.2,6.7039847
3.2,11.125885
3.2,14.458219
0.42999999999999994,9.34165
0.0,0.85191935
0.0,-5.8208447
0.0,-10.479103
0.0,-13.203549
0.0,-14.199232
0.0,-12.716859
0.42999999999999994,-8.343286
3.2,8.791662
25.01,39.41801
36.46,50.897842
37.9,41.072735
32.68,32.0627
23.0,32.024395
35.0,36.423115
23.26,31.818144
22.01,22.244114
20.5,14.599908
25.0,13.953233
24.98,18.745628
37.9,26.0783
40.19,34.61528
41.0,41.23906
42.099999999999994,44.39857
43.459999999999994,41.09104
40.19,37.2719
39.9,35.154903
40.19,32.127853
39.98,32.93617
39.99,38.855106
46.73,47.150223
61.94,63.465317
83.13,83.39208
83.98,92.7428
76.82,89.347176
70.01,81.569336
56.93999999999999,78.31418
40.7,71.98719
39.23,60.598576
38.12,47.480644
35.0,34.16713
33.76,28.897772
33.76,33.98343
35.1,47.431637
37.4,59.985
39.88,69.15413
50.5,80.48286
46.78,83.467255
40.0,73.755424
35.6,61.70342
33.76,51.615616
35.6,46.43141
35.0,44.154064
35.0,46.283226
30.0,53.9595
40.0,72.22707
59.34,109.559296
88.21,139.81473
79.15,133.56021
71.54,119.3758
65.87,115.75188
61.9,110.911835
53.87,102.3144
41.1,96.52057
40.0,90.285065
40.0,88.74315
40.0,92.16548
42.61,100.29272
52.00000000000001,105.26515
65.91,115.02391
87.92,128.16881
66.8,128.09862
65.0,119.59052
63.87,110.14806
60.529999999999994,105.481316
60.26,99.03462
60.52,96.65148
60.52,96.51541
66.5,100.88953
68.61,111.74164
87.92,131.39113
91.81,146.44049
82.14,136.35535
73.17,125.8528
69.18,121.00588
65.0,116.00324
60.63,109.39178
59.34,106.56375
55.75999999999999,100.702866
54.79,99.81219
55.06,100.162834
59.21,104.13599
64.95,110.18077
74.28,123.899124
80.56,132.91103
69.65,126.219635
59.87,112.91809
47.0,103.96859
46.1,97.667656
41.1,90.24734
39.88,90.14759
40.0,94.6157
42.99999999999999,102.416504
59.93,113.066574
65.0,122.25745
85.16,127.56641
77.1,123.641335
69.59,115.673454
61.77,110.86272
59.93,105.244064
50.5,96.27399
39.88,90.12887
36.37,81.66793
36.37,75.75632
36.6,77.59663
36.87,85.946396
47.0,90.899284
62.53,97.02164
62.53,108.52504
59.93,108.236916
54.79,97.47678
55.99,89.30826
52.65,84.02305
48.01,80.32042
45.56,82.193695
46.89,92.08925
45.38999999999999,96.05578
48.99999999999999,99.37188
59.5,107.9948
64.44,117.85218
63.290000000000006,127.135
60.0,121.565674
59.5,113.37397
55.68,106.239365
51.76,106.23671
51.080000000000005,104.74755
49.919999999999995,93.74906
47.06,85.41098
42.0,82.36956
46.0,83.583405
51.57,87.09229
60.5,95.715065
66.06,111.59176
58.99999999999999,114.55705
48.73,99.158714
47.06,85.30505
42.099999999999994,78.53847
44.2,80.27355
42.099999999999994,82.126884
42.099999999999994,85.75159
47.06,92.31594
52.08,97.353004
63.21999999999999,117.323654
77.93,140.45047
73.09,134.73457
69.66,120.73388
65.94,114.01166
61.6,108.65348
46.8,104.178604
46.0,103.026566
46.0,95.98562
45.0,89.01519
45.0,88.03918
44.230000000000004,87.96677
44.230000000000004,87.97896
45.27,88.16209
46.34,90.38941
44.5,84.69524
40.0,65.88924
35.0,53.808533
33.2,50.64327
33.5,48.930046
32.4,48.516216
30.7,49.793785
33.5,53.98574
45.27,69.50316
65.68,104.519325
82.93,137.43576
75.03,130.84872
70.75,114.2894
68.2,111.54601
69.11,111.755844
59.97999999999999,110.02616
54.81,106.63809
51.05,99.50394
49.16,96.142166
47.72,93.79613
48.47,91.45089
46.02,91.39369
48.97,90.90377
47.28,89.31695
43.03,82.48091
40.0,68.35636
35.6,56.509052
34.8,48.583305
33.5,45.490585
33.2,44.535007
30.18,45.02494
32.2,47.73839
41.2,57.770813
51.96,83.20606
63.91,116.534256
64.71,117.681206
59.82999999999999,106.33413
57.33,102.38587
53.94,100.24906
44.0,97.04972
44.33,90.10087
44.63000000000001,77.80556
43.91,74.01226
43.67,82.18516
41.5,93.74805
44.0,103.894424
55.0,113.13373
59.04,119.17553
44.0,114.32154
39.5,92.803825
31.230000000000004,78.35627
30.6,74.03926
30.6,73.58988
30.0,73.247795
27.79,73.4822
31.230000000000004,77.71358
43.22,88.75143
53.52,121.58726
66.28,156.12636
72.26,150.71483
65.22,131.71869
54.099999999999994,122.283966
53.52,115.746635
43.739999999999995,109.37887
41.43,109.48854
37.88,102.0026
37.0,97.507034
38.0,100.473114
41.0,107.46731
47.96,114.22458
61.0,123.663666
56.28,134.56738
47.67000000000001,127.68502
32.2,101.919914
28.6,87.56922
28.76,80.99901
28.76,76.96406
28.6,77.1544
29.68,79.26469
30.62,84.35938
43.059999999999995,100.39924
72.64,136.32253
75.44,162.95798
181.0,157.99416
119.47,146.26123
63.16,139.50504
54.76,133.94873
52.84,124.36094
49.5,120.57681
46.99000000000001,114.263756
44.95,110.66116
45.68,110.279015
50.35,112.909805
50.98,116.16304
69.6,126.34288
76.7,135.37254
48.77,125.988144
35.0,105.00098
32.72,90.032845
33.2,78.58426
30.0,70.32659
28.6,68.66499
28.6,72.342964
32.0,80.81626
36.0,100.36722
47.67000000000001,125.214226
63.47,134.45555
54.76,130.96771
47.91,118.96174
43.75999999999999,109.93714
37.14,98.28106
22.730000000000004,84.627495
16.29,65.33551
13.999999999999998,44.71702
13.999999999999998,32.259373
11.27,30.290926
11.27,35.496086
16.17,43.94783
14.690000000000001,53.69086
16.2,66.46748
13.75,60.244247
10.070000000000002,39.067993
8.87,22.933296
3.5000000000000004,12.330697
3.2,6.190243
3.2,2.0120435
3.2,2.4450188
5.0,9.696222
9.0,23.335798
10.070000000000002,38.824635
9.99,53.85985
11.8,59.217747
13.000000000000002,59.773277
10.070000000000002,54.76587
5.67,44.904297
9.57,35.184986
4.090000000000001,26.305044
3.2,18.024744
1.8299999999999996,14.1335945
2.58,14.867637
3.2,18.631676
6.8,22.628756
11.0,28.696896
11.22,38.16064
6.8,40.736145
3.2,26.876863
3.2,12.400647
3.0,2.122225
0.42999999999999994,-3.9928308
0.010000000000000127,-8.0729
0.010000000000000127,-11.038181
0.42999999999999994,-10.971149
3.2,-5.3309317
11.17,14.938256
15.100000000000001,46.223366
17.15,65.12576
18.36,62.10853
13.939999999999998,52.204185
11.69,43.652637
7.41,38.030594
5.0,31.410416
3.2,23.773838
4.200000000000001,15.672142
5.0,10.679563
5.0,10.532361
6.2,14.854258
8.18,19.05161
7.41,21.061823
3.7000000000000006,19.132534
3.2,11.120278
0.0,3.5941696
0.0,-3.6881132
0.0,-10.58032
0.0,-16.589045
0.0,-20.515436
0.0,-21.22842
3.2,-14.515112
8.22,9.929013
15.83,55.22479
32.37,74.67309
25.0,63.657112
13.999999999999998,49.249836
9.480000000000002,38.267277
4.3,32.702145
3.2,27.348537
3.2,17.17504
3.2,7.6829414
3.2,2.232637
3.0,2.355026
3.2,7.029561
3.2,12.656681
3.2,14.786034
3.2,13.154691
3.2,9.08096
3.2,4.371414
0.42999999999999994,-0.9480596
0.42999999999999994,-6.940988
0.42999999999999994,-9.987109
0.0,-10.028543
0.010000000000000127,-7.8238015
2.33,-1.6228634
3.3000000000000003,11.336939
4.82,32.157597
6.999999999999999,50.769604
7.199999999999999,55.731884
5.0,48.895702
3.2,38.632034
3.2,30.656734
3.2,24.008877
0.10000000000000005,12.889336
0.10000000000000005,5.522019
0.10000000000000005,5.2008467
3.0,14.685016
3.2,32.677574
11.24,52.74282
10.5,62.65256
3.350000000000001,60.594166
3.2,48.9335
3.2,36.746758
0.42999999999999994,28.715485
0.42999999999999994,21.76405
0.010000000000000127,15.247128
0.0,8.630663
0.2000000000000001,6.0204988
3.2,10.109731
3.2100000000000004,24.279196
10.000000000000002,44.525875
11.75,59.161537
10.000000000000002,55.811756
4.700000000000001,46.401882
3.3000000000000003,40.83539
2.58,35.77384
1.0000000000000002,30.970636
0.0,24.373293
0.0,20.39474
0.0,21.52256
0.0,26.660213
3.2,33.077374
4.380000000000001,42.001785
4.8,50.66469
3.2,52.498795
0.42999999999999994,39.536095
0.0,27.638805
0.0,19.317875
0.0,13.570019
0.0,9.299545
0.0,8.464245
0.42999999999999994,11.932283
1.7999999999999998,22.451824
4.51,43.96883
10.000000000000002,71.46507
25.0,84.41821
13.999999999999998,77.68101
6.5600000000000005,69.445045
5.830000000000001,66.3546
3.2,61.784184
3.2,56.357018
3.2,48.16477
3.2,41.793095
3.2,40.847828
3.2,45.727116
3.2,52.67523
5.68,63.365654
5.9,78.07199
3.2,77.17736
0.42999999999999994,55.482544
0.0,41.362713
0.0,34.04269
0.0,29.14404
0.0,25.994825
0.0,23.464794
0.0,23.896053
3.2,33.919506
10.540000000000001,60.044254
25.0,99.06045
66.96,112.28782
50.0,100.27325
19.71,91.59255
11.29,87.637505
14.67,83.56975
10.000000000000002,78.53871
6.48,69.25837
6.0,61.220097
5.68,59.477673
5.830000000000001,61.692085
5.6000000000000005,66.24943
10.67,77.758736
10.000000000000002,89.9117
5.9,80.244865
3.2,55.238503
0.10000000000000005,38.482613
0.0,28.765015
0.0,23.555576
0.0,19.834305
0.0,16.277006
0.0,16.133308
0.010000000000000127,25.055807
3.2800000000000002,48.49211
5.0,79.95183
7.97,85.42711
6.329999999999999,70.78633
5.0,58.584644
3.4000000000000004,52.13802
2.1700000000000004,44.921883
0.49999999999999994,39.373177
0.2000000000000001,35.296337
0.10000000000000005,34.923347
0.010000000000000127,40.626858
0.49999999999999994,48.97278
3.0,55.651283
3.250000000000001,63.186226
3.250000000000001,72.91846
3.2,66.41844
0.0,47.605484
0.0,36.174812
0.0,28.386189
0.0,22.301287
0.0,16.880766
0.0,13.763425
0.0,14.933131
0.84,22.210655
3.250000000000001,39.343136
5.68,64.46614
10.1,77.10572
6.48,70.64089
5.0,62.86253
3.8000000000000007,55.79805
3.2,52.26201
2.0,50.861485
0.49999999999999994,47.781338
0.010000000000000127,40.734543
0.010000000000000127,35.187805
0.0,34.10519
0.10000000000000005,34.882034
2.1,35.771557
2.1700000000000004,35.334583
2.05,30.772837
1.6800000000000002,23.767206
0.010000000000000127,14.975789
0.0,8.021698
0.010000000000000127,5.8913517
0.010000000000000127,8.0905075
0.010000000000000127,13.005041
1.0199999999999998,23.211926
2.1,35.711548
3.2,47.94385
8.12,55.247105
31.249999999999996,59.365993
30.6,59.602673
5.6000000000000005,57.139557
4.200000000000001,55.973038
1.7999999999999998,51.451828
0.10000000000000005,42.707855
0.0,32.98741
0.0,25.723309
0.0,23.112894
0.0,24.261469
0.010000000000000127,30.549377
0.18999999999999997,36.7943
0.0,40.03246
0.0,31.45926
0.0,18.752699
0.0,11.360779
0.0,7.134554
0.0,3.5014257
0.0,0.08380684
0.0,-3.6266675
0.0,-5.084061
0.0,1.2794865
2.06,24.290361
7.980000000000001,61.741745
29.600000000000005,82.54705
30.6,78.23974
13.999999999999998,71.050064
4.6,67.257095
6.0,65.24058
3.2,62.35266
3.2,53.128716
3.2,46.248466
3.19,47.152542
3.2,55.20944
3.2,64.45153
20.0,71.51496
25.0,76.55864
15.0,75.8104
7.6,65.60627
3.2,54.654793
3.2,47.328964
2.91,40.724144
1.6800000000000002,36.724487
1.0000000000000002,35.636974
2.33,37.72862
3.2,43.08392
5.0,56.92083
13.999999999999998,80.32621
25.0,96.42867
17.98,90.53832
12.5,81.27581
6.099999999999999,72.271675
7.36,65.92624
4.66,61.40889
4.66,56.646893
5.0,57.368862
6.0,64.46544
8.23,75.75029
24.1,84.70874
50.01,98.52582
61.45,116.75393
17.63,110.48378
8.0,88.110664
4.6,76.21168
4.000000000000001,71.242134
3.9000000000000004,69.92499
3.9000000000000004,68.454666
4.000000000000001,67.510994
5.830000000000001,69.42283
17.0,81.46883
50.510000000000005,108.21151
125.17,144.54678
129.47,151.82912
99.12,139.44989
85.41,133.10661
72.86,127.62576
71.0,122.96532
50.5,120.33329
50.510000000000005,115.05157
50.01,113.342285
41.64,115.07815
50.01,118.29649
65.68,121.2099
106.64,127.7167
108.7,134.84029
25.0,123.36577
14.24,103.56163
5.96,88.90782
4.07,81.57232
3.9000000000000004,75.817955
3.87,72.64753
3.9000000000000004,72.60787
5.87,76.781296
18.75,88.48995
41.64,117.86321
119.27000000000001,139.85631
103.75,140.92554
80.15,130.57022
54.46,122.45329
23.669999999999998,111.83748
14.13,97.41749
4.89,82.46746
3.5100000000000007,67.431816
3.2,58.363102
3.2,58.282085
3.2,64.30501
4.89,72.20586
13.999999999999998,79.85392
17.0,85.37508
5.7,76.89979
3.9000000000000004,60.432915
3.2,48.70309
2.0,41.37127
0.42999999999999994,36.280697
0.42999999999999994,34.5169
0.42999999999999994,35.975136
0.7600000000000001,44.242886
3.2,60.8077
5.480000000000001,70.35846
24.67,80.85164
35.0,96.80571
30.0,100.771194
16.0,95.5062
5.33,86.29904
3.2,75.03228
0.5899999999999999,65.95283
0.34999999999999987,58.29216
0.050000000000000024,51.28001
0.010000000000000127,49.134037
0.13000000000000012,50.2907
3.2,55.183678
4.000000000000001,64.95026
4.000000000000001,74.063385
3.2,66.04838
0.42999999999999994,46.090466
0.0,34.397854
0.0,27.051409
0.0,20.06344
0.0,15.560548
0.0,14.731639
0.0,20.337849
2.4099999999999997,33.357193
1.5900000000000003,57.961876
3.2,82.06058
5.98,84.44255
4.000000000000001,73.17482
3.2,61.59361
0.42999999999999994,53.82717
0.010000000000000127,48.77074
0.0,42.046177
0.0,32.799286
0.0,25.599623
0.0,23.463774
0.0,26.983185
0.0,34.70961
0.0,41.589127
0.010000000000000127,45.173523
0.13000000000000012,44.571987
0.42999999999999994,46.62595
0.10000000000000005,48.354202
0.0,41.694733
0.0,34.42688
0.0,32.215595
0.0,31.145794
0.0,32.57796
0.0,36.253353
0.2000000000000001,48.686768
3.2,75.39533
3.5000000000000004,95.84455
3.2,86.51577
3.2,70.935356
0.2000000000000001,59.31772
0.0,57.633575
0.0,52.898514
0.0,43.0043
0.0,36.091045
0.0,35.152843
0.0,40.4145
0.0,47.49518
0.0,52.721638
0.0,51.567978
0.0,45.83953
0.0,41.42653
0.0,33.08228
0.0,26.48504
0.0,22.469534
0.0,19.421425
0.0,16.159784
0.0,14.572857
0.0,19.27688
0.0,35.956562
3.19,61.087257
3.2,77.91651
3.2,74.780556
3.2,67.49165
0.10000000000000005,61.529255
0.10000000000000005,61.26229
0.0,61.001
0.0,51.87905
0.0,45.774925
0.0,47.08695
0.0,56.309383
1.6800000000000002,68.60087
4.97,77.11295
3.2,82.390175
0.010000000000000127,74.760445
0.0,60.010452
0.0,53.408947
0.0,49.041756
0.0,44.574566
0.0,42.39997
0.0,43.116802
0.0,46.052853
0.0,55.17319
5.51,71.62022
70.0,93.77517
87.97,106.59744
76.64,105.83032
75.0,102.75522
26.100000000000005,100.770775
35.0,97.39633
27.3,95.352036
25.0,91.922806
24.599999999999998,90.37424
25.0,91.61861
25.0,95.841965
60.02,102.24162
89.8,112.773735
75.0,123.31169
20.0,116.0497
0.49999999999999994,101.2917
0.42999999999999994,90.802376
0.15000000000000008,83.734436
0.10000000000000005,80.74348
0.10000000000000005,79.0169
0.42000000000000015,78.346405
3.0,80.48589
20.1,88.67165
60.02,108.22411
98.99,131.76068
173.82,136.20483
117.9,131.08002
70.54,126.48524
61.99,120.215576
55.09,113.10253
35.0,108.33225
26.100000000000005,101.79286
24.1,97.36995
24.740000000000002,96.04325
25.11,97.13931
57.54,100.10323
88.03000000000002,107.48871
86.74,114.26287
22.079999999999995,109.4062
10.000000000000002,98.092224
3.2,88.653465
3.0,82.79014
2.2999999999999994,78.765175
2.0099999999999993,76.702225
2.2999999999999994,76.43751
3.2,78.16747
21.62,84.95576
76.41,99.53845
98.78,120.04814
134.32,125.27485
89.05,120.59403
68.26,116.81456
57.56000000000001,112.37015
37.48,105.944336
31.05,101.66725
26.100000000000005,94.05878
24.599999999999998,89.141785
24.599999999999998,89.5042
31.05,91.32311
36.83,95.23641
87.85000000000001,103.48116
70.0,110.33668
35.0,102.993546
31.05,93.05257
12.0,88.28022
10.200000000000001,82.555214
9.140000000000002,77.56696
3.5000000000000004,75.68128
3.2,75.77033
9.140000000000002,79.97171
21.709999999999997,87.59266
35.0,99.83575
85.82,111.916664
78.25,119.64161
62.8,113.7205
59.91,106.93724
37.48,102.55919
34.97,96.41286
27.2,92.2652
24.1,86.17312
23.6,82.7101
20.889999999999997,84.94953
24.1,90.61806
33.26,96.29394
51.92,103.26011
40.33,108.57018
24.1,102.04737
15.35,91.72129
15.05,85.62866
12.429999999999998,79.84886
10.950000000000001,76.94662
10.55,76.36353
10.55,77.68469
15.150000000000002,81.536644
25.0,87.727005
40.0,99.65253
88.01,113.17674
123.58,118.53598
110.0,113.92149
74.9,110.32437
49.59,104.77557
45.18,100.17103
42.31,98.76458
37.99,96.9829
35.58,96.25908
35.0,96.56811
41.17,96.71449
48.28000000000001,98.01754
37.45,99.51799
26.45,99.35761
14.77,90.68139
10.5,78.51294
5.42,67.75829
3.2,58.313667
3.2,52.894688
1.0000000000000002,50.035053
0.42999999999999994,50.138622
4.25,54.221935
13.45,65.15043
30.0,83.99883
80.5,104.684425
82.61,107.855515
73.35,99.91226
51.06000000000001,97.326744
35.58,94.97279
35.0,90.757225
30.0,85.98461
25.15,78.93697
25.15,75.8622
25.15,75.712425
25.0,77.27388
21.449999999999996,79.64605
24.0,82.606094
11.25,80.669914
11.34,67.4229
9.720000000000002,55.24018
0.42999999999999994,47.65752
0.42999999999999994,41.331802
0.42999999999999994,35.85154
0.42999999999999994,33.98936
0.42999999999999994,36.79314
9.720000000000002,44.509777
14.95,62.664146
35.0,88.854095
79.96,110.69766
77.89,114.49729
72.33,109.11806
72.1,107.10954
65.91,106.3611
64.12,101.57721
50.3,99.561386
48.85000000000001,92.856964
48.85000000000001,90.15784
46.03,91.02748
44.28,95.45936
61.71,101.31504
94.67999999999999,108.07897
94.45,111.95176
52.60999999999999,107.99492
42.099999999999994,103.80243
35.0,97.66207
35.0,95.57979
35.0,93.728615
35.0,93.91615
35.5,97.6612
43.86,104.00403
47.7,113.55507
73.45,127.72006
125.16,137.20662
114.24,136.74864
95.84999999999998,131.42282
77.8,124.939766
70.51,117.03545
69.14,112.663055
65.06,112.483574
58.13000000000001,108.4037
56.18000000000001,105.20791
53.0,105.81582
58.760000000000005,109.947014
76.18,111.49535
101.64000000000001,116.33764
95.87,120.88103
58.13000000000001,114.71184
37.28,104.64862
35.26,95.67787
35.0,90.34487
35.0,85.68821
35.0,82.222206
35.0,82.47392
35.54,88.77849
54.5,103.36542
76.62,124.40761
128.96,137.75475
110.0,140.25403
92.00999999999999,133.22592
81.75,124.79746
76.1,117.7727
70.0,112.103424
68.57,106.761024
60.78,99.67852
50.53,96.041145
42.84,98.07126
58.0,102.467995
68.0,105.96418
88.38,114.9701
85.25,121.29625
61.76,113.99815
35.7,98.743614
35.0,90.14194
33.26,82.33798
27.0,78.764366
27.279999999999998,77.84523
28.69,79.9494
34.15,83.18526
35.43,94.692635
61.02,107.644196
97.01,120.04509
100.75999999999999,126.82852
79.25,121.350334
68.0,112.953545
50.0,104.983925
35.0,96.09034
34.47,90.466934
33.97,81.42068
34.17,77.3715
34.07,78.35686
35.0,79.48009
35.0,83.77325
55.96000000000001,94.10597
45.019999999999996,98.01361
35.0,92.96286
30.0,83.92729
17.27,71.44972
15.99,60.588085
13.999999999999998,52.324703
10.830000000000002,49.345284
10.61,50.16159
15.98,54.840874
26.100000000000005,67.3908
35.0,88.675545
70.4,107.01891
84.0,109.54512
65.86,103.81832
48.0,99.64061
40.0,93.59463
25.0,88.473434
20.1,85.55576
17.2,79.62361
16.7,76.5729
18.9,78.08789
25.0,83.16837
35.0,89.08529
49.19,96.11948
35.0,103.886734
20.0,95.83345
14.5,82.11838
6.999999999999999,70.427284
3.350000000000001,61.125298
2.44,55.62438
1.1,52.363537
3.19,50.899487
3.350000000000001,55.88769
14.699999999999998,68.47724
35.0,89.39717
57.3,112.60294
53.92,116.50153
35.0,103.68575
29.159999999999997,93.23102
15.6,85.35832
3.2,75.27927
3.0300000000000007,66.4116
0.9000000000000001,54.749546
2.71,47.616497
2.05,44.046658
2.0,41.759132
2.1,39.643898
2.2999999999999994,38.866444
0.42999999999999994,37.519787
0.0,30.861835
0.0,20.626593
0.0,11.503043
0.0,5.8282533
0.0,4.6686006
0.0,6.2190933
0.0,9.140712
0.0,15.545568
0.42999999999999994,31.442263
3.19,56.86214
3.2,84.82937
9.01,97.068016
7.18,88.26822
3.2,78.759926
3.2,74.33325
0.1599999999999999,72.23072
0.0,68.55047
0.0,59.288723
0.0,50.222366
0.0,46.4114
0.0,47.018776
0.010000000000000127,48.44055
0.10000000000000005,47.12133
0.0,42.18019
0.0,38.079906
0.0,32.50808
0.0,22.646555
0.0,14.674346
0.0,11.314815
0.0,11.819351
0.0,16.275394
0.0,26.30359
0.42999999999999994,44.088444
3.2,65.71956
16.7,90.11065
35.0,101.75302
35.0,98.52947
35.0,94.59315
35.0,94.59625
35.0,94.31958
30.0,96.13326
28.26,89.49357
30.5,87.94732
28.35,92.53409
34.47,99.126976
35.0,102.155624
75.75,109.04542
58.99999999999999,114.59652
35.0,114.54299
20.0,106.53261
13.3,97.423546
12.21,85.62443
4.000000000000001,75.44985
3.2,69.948364
2.1,69.81643
3.1200000000000006,69.69213
3.2,71.07353
3.2,84.72524
20.02,107.454124
35.0,123.65606
29.11,118.016304
17.2,111.17399
12.9,104.06246
3.2,95.22805
3.19,83.153824
1.5399999999999996,66.73211
1.0000000000000002,59.088345
0.9799999999999999,58.75545
0.9799999999999999,64.488235
3.2,70.09853
4.000000000000001,74.539
3.2,81.18018
1.2000000000000002,75.15997
0.2000000000000001,59.741714
0.0,45.11309
0.0,37.467102
0.0,31.164738
0.0,27.472334
0.0,24.156832
0.0,27.11793
0.5499999999999999,39.102192
2.0,63.467957
5.0,102.58419
13.999999999999998,122.06132
7.5,110.19314
3.2,95.57426
1.6900000000000004,85.269455
3.2,75.047806
0.5699999999999998,60.642414
0.010000000000000127,44.16377
0.0,33.430202
0.0,32.277836
0.0,41.934334
0.10000000000000005,56.239864
0.5400000000000001,67.644684
0.42999999999999994,66.91012
0.13000000000000012,56.161903
0.0,43.43472
0.0,30.8249
0.0,21.215677
0.0,15.22266
0.0,14.274269
0.0,16.665623
0.0,24.435335
0.0,37.208363
0.42999999999999994,49.01705
3.17,61.05841
3.2,70.612045
3.2,68.55787
3.0200000000000005,59.242466
0.12,45.260174
0.39999999999999986,35.83503
0.0,30.14203
0.0,21.735653
0.0,15.602307
0.0,16.241785
0.0,24.334745
0.01999999999999995,37.689342
0.34,49.76918
0.18999999999999997,54.563705
0.0,49.60213
0.0,39.270245
0.0,31.500387
0.0,26.474825
0.0,22.622541
0.0,21.008577
0.0,20.641823
0.0,23.491678
0.01999999999999995,34.19109
0.6,48.71397
3.2,65.362335
3.2,71.02888
3.2,68.25437
3.2,61.41935
1.47,53.30464
2.0,46.015224
0.5800000000000001,39.170895
0.5200000000000001,29.027796
0.49999999999999994,23.568882
0.5699999999999998,25.135235
1.0000000000000002,33.819977
2.0,43.99844
3.1,53.928577
1.47,57.374004
1.0000000000000002,55.92975
0.9000000000000001,52.0971
0.7699999999999997,47.05535
0.53,39.42345
0.49999999999999994,30.557217
0.47000000000000014,24.25669
0.39999999999999986,22.48359
0.39999999999999986,26.504414
0.49999999999999994,34.63296
3.2,52.476467
6.819999999999999,74.69044
17.47,88.25001
21.42,87.03998
16.0,80.09334
15.14,73.84542
10.600000000000001,65.943344
6.66,59.602833
4.91,55.06069
3.2,51.053257
3.2,48.094524
4.000000000000001,46.1067
6.0,47.527916
5.04,51.127296
3.2,48.890137
1.0000000000000002,37.715355
0.5800000000000001,27.861668
0.42999999999999994,21.520723
0.42999999999999994,18.390808
0.42999999999999994,18.531897
0.42999999999999994,20.695084
0.42999999999999994,21.921251
0.49999999999999994,28.925653
1.47,40.70344
3.5000000000000004,59.05981
9.36,83.10352
16.7,93.64731
16.27,88.04012
6.66,76.96226
3.38,66.0796
3.2,61.006317
1.6299999999999997,54.391705
0.49999999999999994,42.828278
0.49999999999999994,35.499195
0.49999999999999994,34.582207
0.6,36.889378
0.49999999999999994,42.393528
0.6,51.303062
0.49999999999999994,53.38361
0.49999999999999994,47.891964
0.39999999999999986,41.528366
0.0,31.876268
0.0,17.377348
0.0,8.662442
0.0,1.6335574
0.0,0.74430054
0.0,4.198678
0.0,12.8611555
0.0,28.782616
1.6900000000000004,49.88261
3.2,72.229774
3.2,82.96306
1.6299999999999997,74.52216
1.1649999999999998,59.02415
0.7000000000000001,51.965427
0.01999999999999995,50.21069
0.0,44.52259
0.0,42.245747
0.0,44.479065
0.0,51.054092
0.13000000000000012,58.369934
1.1900000000000002,63.78302
0.9400000000000001,65.37571
0.13000000000000012,56.61105
0.0,40.963493
0.0,30.646074
0.0,22.40152
0.0,14.782571
-0.010000000000000127,9.121381
-0.010000000000000127,5.947787
-0.010000000000000127,7.351204
0.0,14.359826
0.0,33.046314
0.44000000000000006,60.75732
11.33,92.70369
21.43,100.33776
17.47,91.830376
12.58,81.74835
3.6000000000000005,74.29984
3.250000000000001,68.40747
3.250000000000001,63.509235
1.6299999999999997,62.887016
2.0,67.088684
3.250000000000001,75.06934
20.0,83.59902
35.0,92.568665
35.0,99.92239
10.020000000000001,93.95846
1.6299999999999997,76.792534
0.44000000000000006,63.138824
0.44000000000000006,52.269527
0.010000000000000127,41.68133
0.0,34.62978
0.0,31.84425
0.010000000000000127,36.713
0.9400000000000001,46.907955
2.770000000000001,64.82394
8.69,81.905914
34.9,93.891304
35.0,100.19211
29.600000000000005,96.060196
5.0,85.487854
3.250000000000001,76.49266
1.6800000000000002,70.65095
1.3500000000000003,64.05699
1.0000000000000002,58.918938
0.08999999999999991,58.542194
1.0000000000000002,62.945595
3.250000000000001,70.35782
28.07,80.53277
34.9,89.35674
5.5,86.59033
2.0,72.16474
0.44000000000000006,61.256447
0.0,53.501156
0.0,47.052914
0.0,43.996674
0.0,43.067364
0.0,44.03662
0.0,48.563133
0.39999999999999986,60.905777
6.76,83.38293
35.0,109.55887
35.0,113.778465
31.62,102.595085
25.429999999999996,92.52778
2.5999999999999996,85.001
0.44000000000000006,78.89978
3.250000000000001,72.70641
4.990000000000001,71.16044
3.250000000000001,73.249054
3.250000000000001,77.02072
3.250000000000001,81.95494
11.19,89.50139
13.469999999999999,94.83829
3.740000000000001,87.0924
0.44000000000000006,70.687065
0.0,56.006588
0.0,44.39288
0.0,35.316563
0.0,29.27065
0.0,25.702639
0.0,26.577444
0.0,33.596592
0.0,48.78095
3.250000000000001,70.81135
10.000000000000002,97.79265
25.0,102.9428
4.6,90.39751
3.250000000000001,77.83912
0.44000000000000006,67.918434
0.48,61.360374
0.010000000000000127,52.857944
0.0,47.23663
0.0,49.151875
0.0,56.58005
0.39999999999999986,63.545357
3.250000000000001,70.5959
2.970000000000001,72.94675
0.0,63.861664
0.0,49.969048
0.0,36.582253
0.0,24.28068
0.0,14.898778
-0.010000000000000127,7.644436
-0.010000000000000127,2.9930086
0.0,1.8535651
0.0,6.1259103
0.0,21.115501
0.0,47.160553
0.01999999999999995,78.83546
2.0,85.24288
1.0000000000000002,69.36072
0.0,55.684223
0.0,49.018265
0.0,50.344795
0.0,49.07292
0.0,43.811893
0.0,39.64937
0.0,38.610428
0.0,40.637802
0.0,45.23161
0.0,47.451912
0.0,38.726974
-0.010000000000000127,26.55452
-0.010000000000000127,14.422527
-0.010000000000000127,5.769161
-0.010000000000000127,1.0352939
-0.010000000000000127,0.9319745
-0.01999999999999995,4.6819587
-0.010000000000000127,14.7791195
-0.010000000000000127,35.00157
0.0,56.623272
0.010000000000000127,69.82644
3.250000000000001,77.89507
8.0,85.75303
3.440000000000001,83.69192
3.250000000000001,76.37508
0.9699999999999998,68.98484
0.15000000000000008,64.506004
0.0,57.433567
0.0,52.263645
0.0,47.123592
0.0,45.158657
0.0,45.831303
0.0,50.376614
0.0,52.879826
0.0,47.565556
0.0,39.500874
0.0,28.750397
0.0,19.979158
-0.010000000000000127,12.989737
-0.010000000000000127,10.600585
-0.010000000000000127,11.715121
-0.010000000000000127,15.64712
0.0,24.254503
0.0,43.095284
0.39999999999999986,68.957794
25.0,97.355415
35.0,98.84154
25.0,87.519905
10.660000000000002,79.368126
1.33,72.62175
0.0,68.49158
0.0,57.76292
0.0,50.409397
0.0,48.904045
0.0,53.25331
0.0,61.12447
3.250000000000001,69.37913
3.250000000000001,75.1535
0.0,63.929638
0.0,48.236515
0.0,35.74711
0.0,23.69897
0.0,14.104619
0.0,7.0864873
0.0,3.4578888
-0.010000000000000127,3.259158
0.0,10.235426
0.0,22.969154
0.0,46.773632
0.44000000000000006,76.92555
3.250000000000001,92.46685
1.0000000000000002,81.159134
0.0,68.74658
0.0,60.215897
0.0,53.87751
0.0,46.503956
0.0,43.65628
0.0,46.025513
0.0,52.419548
0.0,60.57627
0.0,66.67584
0.0,71.35915
0.0,61.995857
0.0,47.114994
-0.010000000000000127,38.203526
-0.01999999999999995,32.876987
-0.01999999999999995,29.806082
-0.01999999999999995,28.128601
-0.01999999999999995,25.99812
-0.01999999999999995,24.947832
-0.01999999999999995,28.22962
0.0,42.506016
0.010000000000000127,68.88704
5.0,100.31852
14.72,111.38922
6.35,102.143555
5.0,92.22534
4.210000000000001,86.29494
3.250000000000001,85.0125
1.0000000000000002,80.99503
0.44000000000000006,77.99655
0.34999999999999987,78.244934
1.0000000000000002,81.36098
2.1700000000000004,86.3949
35.0,95.24327
7.68,97.06116
0.0,85.012276
-0.010000000000000127,68.627975
-0.030000000000000075,55.839764
-0.030000000000000075,45.178684
-0.030000000000000075,36.591003
-0.050000000000000024,31.185152
-0.050000000000000024,27.889933
-0.050000000000000024,27.535261
-0.050000000000000024,31.162724
-0.010000000000000127,40.44695
0.0,60.975014
6.0,88.566734
34.45,100.5994
5.0,90.60622
3.250000000000001,79.31931
3.250000000000001,73.37351
1.0000000000000002,67.63058
0.0399999999999999,61.89107
0.0,58.016605
0.0,59.091312
1.47,64.43982
3.6000000000000005,69.45371
22.42,76.17452
17.04,78.41826
0.010000000000000127,71.340675
0.0,59.87857
-0.010000000000000127,49.191216
-0.010000000000000127,41.003403
-0.010000000000000127,35.522133
-0.01999999999999995,31.81941
-0.010000000000000127,29.416964
-0.010000000000000127,29.32912
-0.010000000000000127,34.242916
0.0,48.496475
4.900000000000001,74.893524
60.0,102.45086
70.95,111.74095
70.01,103.42835
34.08,94.021706
23.77,90.193115
15.37,89.068695
12.5,83.61114
11.94,79.98548
12.49,80.475685
16.93,83.29999
33.47,88.8904
78.44,97.80792
74.04,99.477325
5.85,90.12708
0.0,75.0304
0.0,65.19705
0.0,57.114544
-0.059999999999999845,50.910618
-0.059999999999999845,47.118664
-0.10000000000000005,45.1489
-0.030000000000000075,46.763405
0.0,51.95604
0.0,62.57278
15.77,83.635414
39.35,111.99728
74.23,116.17274
38.05,108.06239
26.67,98.52489
24.150000000000002,92.65898
17.73,91.892746
17.15,88.09267
11.130000000000003,85.19296
7.74,84.18211
6.790000000000001,83.30055
10.39,82.44108
11.76,82.15752
13.26,77.650665
0.010000000000000127,65.83425
-0.01999999999999995,48.93063
-0.10000000000000005,37.46674
-0.10000000000000005,28.312588
-0.10000000000000005,21.46986
-0.2000000000000001,17.853468
-0.39999999999999986,15.666723
-0.39999999999999986,16.763477
-0.0800000000000001,23.458502
0.0,39.08152
3.250000000000001,63.47354
24.959999999999997,94.28415
35.0,103.18813
24.259999999999998,94.877045
13.83,86.464195
5.79,81.08935
2.74,75.68884
1.6900000000000004,69.06213
1.51,66.12445
3.250000000000001,66.04809
6.35,67.85367
12.86,68.364685
13.000000000000002,67.9886
5.6000000000000005,61.804543
0.0,49.050766
-0.53,33.701202
-1.0,22.492825
-1.0,13.897614
-1.0,7.955681
-1.0,4.584246
-1.01,4.958673
-1.01,8.753533
-0.2500000000000001,18.66167
-0.01999999999999995,37.45563
2.4999999999999996,62.96314
18.41,89.88134
30.770000000000003,104.61407
19.72,96.5583
17.0,83.377365
7.3,73.748505
3.250000000000001,71.40978
1.7700000000000002,63.18255
0.44000000000000006,57.03025
0.030000000000000075,56.71226
0.06999999999999997,59.432076
1.0000000000000002,65.54288
10.75,76.063774
18.7,74.76059
1.5000000000000004,59.916176
0.0,42.60094
0.0,27.716433
-0.010000000000000127,17.43984
-0.0399999999999999,11.289583
-0.10000000000000005,7.661382
-0.32000000000000006,6.077247
-1.0,7.8175797
-0.08999999999999991,16.314434
0.0,33.959873
0.44000000000000006,59.668003
10.000000000000002,91.71246
19.72,106.82467
6.0,97.12871
4.200000000000001,81.29857
0.44000000000000006,71.12418
0.0,66.11509
0.0,59.87348
0.0,57.323612
0.0,59.44175
0.0,60.643185
0.0800000000000001,64.74188
6.0,72.69661
4.470000000000001,69.697914
0.0,53.110237
-0.010000000000000127,36.075726
-0.010000000000000127,24.259518
-0.030000000000000075,15.132249
-0.10000000000000005,8.337274
-0.10000000000000005,3.7562463
-0.10000000000000005,1.3198855
-0.13000000000000012,2.3418562
-0.10000000000000005,8.028173
-0.010000000000000127,19.815094
0.0,44.0219
4.15,80.83591
10.010000000000002,97.50495
5.0,84.68276
3.250000000000001,66.99787
3.250000000000001,59.202938
3.250000000000001,56.97587
1.7700000000000002,54.80821
1.2400000000000002,52.4316
1.0000000000000002,53.5589
1.5000000000000004,58.153095
3.250000000000001,63.604164
19.72,69.97489
5.0,69.91894
0.44000000000000006,58.650635
0.0,42.626053
-0.010000000000000127,28.60409
-0.01999999999999995,19.630669
-0.030000000000000075,13.267121
-0.050000000000000024,9.099392
-0.050000000000000024,6.0714207
-0.030000000000000075,5.79479
-0.010000000000000127,11.030579
0.0,25.413256
0.44000000000000006,49.30553
6.0,81.57102
22.34,99.39434
6.0,89.62312
3.250000000000001,73.74736
3.250000000000001,67.32537
2.9,65.36052
2.2,60.05721
2.0,55.221657
1.7700000000000002,54.740448
2.0,58.492046
3.250000000000001,63.935734
21.03,69.79141
6.0,69.15711
1.7700000000000002,56.953358
0.0,42.645985
0.0,30.75521
0.0,21.845003
0.0,15.0067005
0.0,9.376505
-0.010000000000000127,5.574113
0.0,6.6160946
0.0,13.31684
0.0,28.680065
2.0,51.764633
12.17,82.78509
30.770000000000003,101.19311
14.21,95.09665
3.6000000000000005,79.978905
13.07,71.81122
12.17,65.68111
12.590000000000002,58.644505
13.75,54.722027
9.020000000000001,59.192833
17.59,66.12611
25.73,74.09394
35.0,85.71091
35.0,93.10953
8.6,84.39744
3.350000000000001,67.32476
3.250000000000001,56.281322
0.6,47.720097
0.0399999999999999,42.693565
0.01999999999999995,41.082264
0.0,40.279358
0.0,43.123695
2.4999999999999996,50.828766
7.62,63.119186
21.96,84.65631
34.96,111.04782
37.52,115.478966
35.0,105.01
35.0,94.27206
24.69,87.41875
10.000000000000002,82.062645
11.39,74.95472
10.000000000000002,68.7262
9.57,64.84279
6.999999999999999,61.559387
7.54,59.221817
8.43,59.03362
7.42,52.397636
2.1,37.106247
0.44000000000000006,22.560856
0.050000000000000024,11.173388
0.0,2.844541
0.0,-1.3600928
0.0,-2.6185153
-0.0399999999999999,-0.96050775
-0.06999999999999997,3.3539207
-0.010000000000000127,11.979136
0.0399999999999999,29.246994
3.250000000000001,48.227352
7.88,75.45143
10.000000000000002,89.31176
8.58,83.19438
7.54,69.00133
3.250000000000001,61.148254
3.250000000000001,59.353065
3.2200000000000006,55.452976
3.250000000000001,51.178516
3.250000000000001,48.221947
3.250000000000001,46.283817
3.6000000000000005,46.117798
7.460000000000001,45.60857
3.250000000000001,38.64993
0.44000000000000006,28.034174
0.0,17.548368
-0.010000000000000127,10.552749
-0.06999999999999997,5.270546
-1.21,1.6344153
-1.49,-1.5169706
-1.5,-4.094801
-1.32,-3.1135638
-0.2500000000000001,1.2754278
-0.010000000000000127,11.981208
0.44000000000000006,34.19873
3.350000000000001,64.986626
8.93,87.235176
7.460000000000001,79.16985
3.6000000000000005,65.869286
3.0,59.685577
2.0,59.274277
1.1,54.529747
1.0100000000000002,49.099182
0.4900000000000001,48.460426
1.0000000000000002,54.121387
1.1,63.745327
3.250000000000001,72.31611
1.1,68.830315
0.0,51.789795
0.0,32.487003
-0.010000000000000127,18.92464
-0.030000000000000075,11.230586
-0.050000000000000024,4.9980154
-0.10000000000000005,0.3858571
-0.2500000000000001,-2.2537642
-0.2999999999999998,-1.9678022
-0.10000000000000005,2.1005821
0.0,13.38338
0.4499999999999999,33.765366
6.0,65.412315
12.81,92.16701
7.62,92.70618
5.540000000000001,77.69413
6.1499999999999995,66.25385
3.6000000000000005,59.914032
3.250000000000001,55.248653
3.350000000000001,55.74349
3.6000000000000005,61.334232
5.0,67.84461
6.58,74.379845
20.0,80.78007
6.9,79.67319
0.49999999999999994,66.44138
0.0,47.2893
0.0,34.70564
0.0,23.980738
0.0,14.579865
-0.010000000000000127,7.275417
-0.010000000000000127,2.2799606
-0.010000000000000127,-0.19885992
0.0,3.0119631
0.0,15.555506
1.0000000000000002,39.51471
12.17,74.92161
35.0,100.61996
24.89,97.5773
8.21,79.66649
23.209999999999997,68.86996
16.05,68.048294
12.08,66.33638
11.28,65.47163
10.7,66.3155
11.93,68.56885
17.33,72.2178
33.69,80.736755
24.89,88.44865
5.0,77.001785
1.0000000000000002,58.713524
0.0399999999999999,45.390057
0.0,35.69443
0.0,29.532856
0.0,23.847073
0.0,19.605783
0.0,18.504139
0.0399999999999999,22.539637
3.250000000000001,35.636482
24.89,62.686375
35.02,98.46447
101.48,120.03779
78.85,116.08386
35.01,103.56657
38.07,97.24567
35.02,97.305176
35.01,93.63241
35.01,90.61515
35.01,91.75267
35.01,96.74806
38.69,103.316505
100.0,112.01214
66.85,116.06588
35.0,109.15468
26.96,97.11209
22.3,87.8711
19.29,77.16787
15.65,69.48098
9.99,64.857
6.999999999999999,63.733223
6.0,67.20216
9.35,79.05109
22.3,90.27951
32.56,102.4894
88.61,123.4474
109.9,135.7445
91.35000000000001,129.81668
79.74,117.12752
79.87,111.708595
74.0,112.82752
65.15,108.66508
74.07,106.795235
77.1,109.25647
73.88,111.39745
91.82,114.64766
104.06,123.41715
96.06,123.07099
81.08,112.53686
35.33,101.75226
35.0,91.31789
33.75,85.35158
31.2,81.253975
21.2,78.607285
20.1,76.74102
16.98,75.36458
20.199999999999996,79.45128
24.89,92.282616
35.0,111.541405
58.53,125.900604
96.06,127.075356
81.49,120.12264
52.97,110.69959
47.88,102.7893
40.0,97.955505
35.0,91.19147
35.0,87.23425
35.0,86.45373
35.0,87.68971
35.0,89.13697
34.21,88.618996
30.0,82.85232
15.4,74.110756
7.3,63.27637
3.250000000000001,51.27176
0.030000000000000075,36.76777
0.0,22.702974
0.0,13.726384
0.0,9.908657
0.0,9.837817
0.0,17.164192
0.44000000000000006,34.859306
14.979999999999999,65.3515
45.51,104.59364
65.27,131.63626
62.78,128.70355
58.519999999999996,116.84076
56.39,113.171844
38.96,111.14526
39.6,101.976166
35.01,96.92858
35.01,99.31713
35.5,102.55279
35.76,103.80412
36.73,102.12763
35.0,95.0063
14.979999999999999,82.42398
0.44000000000000006,67.86864
0.0,56.831104
0.0,51.812218
0.0,51.41272
0.0,52.86794
0.0,52.669052
-0.010000000000000127,53.65574
0.0,59.767838
20.659999999999997,73.07853
35.01,87.93949
58.88,108.19117
78.56,120.44704
72.21,119.830864
60.65,112.01165
63.15,105.721245
60.050000000000004,104.31431
58.93,96.93258
58.87,93.75998
55.99999999999999,95.297295
58.519999999999996,98.338394
52.25,104.77197
102.26,115.068855
96.24,117.6667
59.790000000000006,110.17716
45.49999999999999,100.163124
36.73,94.2099
35.1,90.96737
35.01,86.95484
35.01,85.89468
35.01,88.82257
35.0,94.619316
35.2,99.16866
40.74,102.5973
60.529999999999994,109.44156
87.21000000000001,119.97355
97.92000000000002,125.21805
83.75,117.50592
69.77,109.45909
73.73,103.958
57.83,98.57079
58.99,92.209496
68.81,90.151955
64.77,92.530106
77.13,96.84244
85.36,101.43745
99.32,107.84051
84.41,107.63185
58.0,98.59253
41.0,86.3531
35.01,77.44859
28.26,70.7792
15.100000000000001,65.34083
17.5,62.120975
19.14,61.62247
17.5,64.41309
20.4,70.89957
31.96,83.633934
48.25,96.90386
60.1,107.461
83.91,111.80193
70.98,109.429665
65.0,98.843994
35.01,90.36424
34.99,83.60113
21.07,73.90671
19.77,65.944214
17.83,60.965088
17.83,58.112064
18.97,55.984455
17.83,55.37778
8.0,55.25526
3.0,49.075836
-0.010000000000000127,40.1236
-0.06999999999999997,32.625515
-0.059999999999999845,26.349262
-1.0,21.495556
-1.26,17.72578
-1.29,14.234759
-1.29,11.26611
-0.13000000000000012,11.080173
0.0,15.329034
0.44000000000000006,26.335155
19.0,49.116005
35.0,75.29804
33.4,81.93085
23.71,75.27721
14.56,69.42321
10.940000000000001,64.625854
10.000000000000002,59.17229
7.8,56.733093
8.0,57.42058
10.940000000000001,61.47298
22.9,67.229225
35.01,73.648994
35.0,74.63379
10.940000000000001,66.263176
3.250000000000001,54.15312
2.49,45.5609
1.7900000000000005,40.09095
1.8299999999999996,35.952656
0.0,33.110046
0.44000000000000006,32.596817
1.0599999999999996,32.530334
0.44000000000000006,33.611115
5.39,39.26723
17.6,53.36368
35.4,76.1733
59.14,95.68896
43.89999999999999,96.71941
35.64,90.773056
35.01,86.471466
35.01,82.735634
35.0,77.27928
35.0,73.93235
35.0,73.82808
34.43,74.80875
35.0,77.571594
41.0,83.187836
35.0,83.58858
28.9,76.1333
16.2,67.10191
4.990000000000001,59.769344
6.099999999999999,54.04022
5.0,49.01717
3.250000000000001,44.611515
2.51,41.40741
0.44000000000000006,39.717693
3.250000000000001,40.20308
9.080000000000002,45.169662
27.94,58.601204
40.0,79.33673
66.52,94.3975
50.02,92.48117
42.0,85.67657
35.0,80.26377
33.11,75.50074
27.94,69.39095
18.9,65.66612
16.2,64.7289
18.9,63.739902
22.23,61.80638
26.22,61.23402
16.2,56.927532
2.1,44.430542
0.010000000000000127,30.446564
0.0,20.241161
0.0,13.519379
0.0,8.351166
0.0,4.6694164
0.0,2.9080265
0.0,3.0957317
0.0,8.490856
0.0,21.128378
3.250000000000001,42.762646
30.0,69.54554
35.01,90.03715
35.02,89.81318
35.01,82.40684
30.0,78.6303
26.87,75.07174
24.13,68.97263
22.620000000000005,65.11897
22.860000000000003,64.48554
24.81,64.41027
26.87,64.48188
25.63,64.00169
16.72,57.133423
3.250000000000001,46.430294
1.8800000000000003,35.860962
0.44000000000000006,27.118206
0.0,18.302505
-0.0399999999999999,11.845471
-0.5800000000000001,8.208022
-0.10000000000000005,7.955388
0.0,9.927653
0.0,15.767438
3.250000000000001,29.51284
6.099999999999999,48.06201
29.9,67.63912
54.33,88.98419
51.61,95.44433
50.15,89.83592
63.58,84.25805
55.99,82.77638
51.910000000000004,75.42008
53.96,71.84473
51.080000000000005,70.863045
53.96,71.07832
57.10000000000001,73.2585
84.03,78.63208
86.89,83.65983
61.540000000000006,81.253105
45.129999999999995,76.21326
35.0,71.51317
18.9,63.820946
10.000000000000002,58.224266
6.099999999999999,54.43573
4.990000000000001,50.81906
4.230000000000001,49.222786
5.0,51.001488
9.900000000000002,58.259083
37.62,73.79876
75.1,100.97636
97.68999999999998,123.117455
93.2,120.68599
84.42,106.46459
81.73,96.95857
77.64,95.47616
74.77,93.0272
68.24,92.248146
66.82,94.39433
69.09,99.061035
75.98,103.81572
99.87,108.96847
75.62,106.453316
35.0,92.65363
10.000000000000002,80.048996
3.6000000000000005,70.16146
0.0,61.956413
0.0,55.788506
0.0,49.74184
0.0,45.01241
0.0,43.216145
0.0,44.57704
0.0,52.809708
35.0,69.97521
56.18000000000001,96.14268
67.44,115.86114
62.00000000000001,108.88443
50.01,96.383965
30.0,88.827095
20.179999999999996,81.931694
19.47,74.91118
17.27,71.12976
19.47,71.63389
18.67,76.39883
21.07,81.29751
35.01,86.80878
30.0,86.539986
18.67,79.926994
10.000000000000002,69.44794
6.55,60.372383
3.250000000000001,52.772343
3.250000000000001,47.77501
3.250000000000001,45.13593
3.250000000000001,44.844166
3.250000000000001,46.442913
3.6000000000000005,51.138016
10.000000000000002,59.93116
24.499999999999996,75.95814
39.52,103.05424
63.38000000000001,119.58771
54.35999999999999,113.621605
51.910000000000004,102.520966
35.01,96.84096
35.01,92.500916
35.0,86.99317
35.0,85.76049
35.01,88.180504
35.01,91.454544
47.33,96.68805
68.78,103.45584
40.15,99.86699
29.9,86.481476
10.99,73.00458
3.250000000000001,64.225075
0.44000000000000006,56.28736
0.44000000000000006,50.58279
0.44000000000000006,47.23461
0.44000000000000006,46.403515
1.7399999999999998,48.353928
5.890000000000001,53.902985
14.99,65.34903
35.0,84.67828
72.94,105.94351
104.62,118.56031
91.82999999999998,114.63421
65.72,104.179
45.0,97.89128
40.74,95.7807
39.95,89.67994
38.0,86.99148
38.55,88.55127
40.86,92.826996
57.0,98.34486
75.72,103.59245
40.89,100.8908
22.979999999999997,88.91036
12.1,75.52685
3.250000000000001,64.10462
0.9799999999999999,54.937706
0.44000000000000006,49.106598
0.44000000000000006,45.14277
0.8799999999999999,43.046375
3.250000000000001,43.93241
6.31,49.515133
9.76,59.397648
14.99,75.49677
39.52,97.1072
75.72,111.56103
47.24999999999999,107.33986
40.17,98.346115
38.86,91.89187
35.01,88.417564
35.0,84.640144
35.01,84.16449
35.01,87.12515
35.01,88.241684
35.01,87.76238
35.01,86.86633
28.07,78.838936
6.4,65.67831
0.0,52.261635
0.0,42.190483
0.0,34.91568
0.0,29.229504
-0.010000000000000127,25.55713
-0.2500000000000001,24.411814
-0.41000000000000003,26.751017
0.0,34.19713
3.250000000000001,45.203922
11.1,59.440872
35.0,76.44143
44.0,94.11144
41.63,97.10661
41.46,91.09529
35.01,86.62417
35.0,84.49724
35.0,81.1795
35.0,80.05577
35.0,80.26781
35.0,81.90004
35.0,83.36229
34.07,81.59422
2.35,73.5828
0.0,56.953037
0.0,41.679947
-0.75,30.786476
-0.6199999999999999,23.703657
-0.6600000000000001,17.975386
-0.6600000000000001,14.970946
-1.0,14.918266
-1.0,18.940979
0.0,28.280302
14.3,43.49126
35.0,67.056145
39.53,88.35205
61.5,100.80871
49.98,99.16993
39.68,91.94193
35.0,86.82056
35.0,83.74236
35.0,77.00436
34.04,73.617775
34.03,73.73944
34.0,76.31328
35.0,80.80663
49.349999999999994,86.30811
50.0,84.58127
38.03,74.371254
11.7,60.429882
1.52,49.687393
0.0,39.292706
0.0,30.283012
0.0,23.495413
0.0,19.515476
0.44000000000000006,20.552479
1.7,25.555584
3.250000000000001,39.41002
14.3,62.034492
35.0,81.145134
38.03,94.83239
39.68,90.96508
35.01,80.47171
11.1,71.3851
5.0,63.50863
4.16,55.72835
2.0,50.76211
0.010000000000000127,50.458256
0.4900000000000001,55.656006
3.250000000000001,61.170246
22.0,68.02153
16.5,67.48724
7.669999999999999,57.72279
0.0,44.827354
0.0,34.935444
0.0,28.610794
0.0,24.857714
-0.010000000000000127,21.913322
-0.059999999999999845,19.07126
-0.010000000000000127,18.753948
0.0,20.743929
0.0,29.097998
3.250000000000001,47.94079
21.96,77.00682
35.0,102.669136
35.0,100.24796
28.07,85.08718
17.84,76.52285
14.99,74.979225
12.03,71.37456
10.96,68.73358
11.0,69.10037
16.55,73.104645
30.64,81.57182
35.01,90.413345
30.0,88.62718
3.250000000000001,76.95531
3.2100000000000004,63.729065
0.15000000000000008,52.264023
0.0,44.74723
0.0,40.646427
0.0,37.88177
0.0,34.704037
0.0,35.096832
0.0,39.815315
0.010000000000000127,49.064766
3.250000000000001,63.573097
22.78,86.00457
43.12,106.337875
51.29,107.7267
35.01,98.35201
53.52,90.37988
39.52,86.25986
35.5,80.62585
35.01,77.62823
35.0,79.008415
34.47,81.10718
35.0,85.82888
35.01,91.819084
35.01,90.80286
30.0,79.09614
12.0,64.43709
3.250000000000001,53.92094
3.250000000000001,47.993114
2.9500000000000006,43.838543
2.15,40.360382
0.4900000000000001,38.46375
0.5699999999999998,39.875965
2.5999999999999996,47.826786
3.250000000000001,64.03996
30.0,85.35324
39.52,107.24019
120.0,118.98632
106.39,114.17292
81.94,105.851616
90.34,100.30917
80.32,98.79213
67.51,94.15041
60.0,91.89082
50.60000000000001,92.318535
59.5,92.92744
67.78,95.22012
102.66,97.94075
89.45999999999998,95.74793
49.84,90.655136
35.01,85.267494
33.49,78.52784
35.01,72.299934
20.389999999999997,68.61562
16.84,65.04629
11.899999999999999,61.864513
10.61,60.709618
17.74,63.323193
29.57,69.65582
37.93,81.47853
64.8,98.71134
84.24,112.527245
89.4,110.01748
77.18,102.159615
71.37,97.668755
63.23,95.329346
45.129999999999995,92.66585
44.98,90.39485
47.78,90.827614
48.16,92.66854
50.85,93.10282
43.48,91.910095
31.96,85.10641
20.6,70.00346
9.430000000000001,57.702705
0.7100000000000002,49.803722
0.0,43.428707
0.0,40.87175
0.0,39.502033
0.0,38.7095
0.0,39.1894
4.900000000000001,43.913548
15.25,53.4535
35.0,70.19156
45.42,93.35747
72.87,107.16611
74.46,107.65262
66.17,100.93323
58.15,95.49888
53.85,90.40649
50.91,85.06401
49.98,83.038765
48.47,82.723434
39.9,83.358925
41.2,84.09184
49.19,83.10362
35.0,76.34059
6.69,64.79074
0.0,53.2394
0.0,44.22314
0.0,37.52138
0.0,32.433918
0.0,30.021807
-0.6199999999999999,29.88282
-0.6199999999999999,30.41251
0.0,34.760925
5.0,47.046455
20.8,64.90579
35.0,86.86257
51.86,102.1309
45.54,103.682106
48.15,98.36154
49.12,92.6767
44.0,89.24788
46.62,82.95008
48.16,80.71615
48.4,83.3043
50.5,87.03563
55.99,91.173676
58.82,97.6908
49.98,95.61179
33.8,83.07831
13.5,71.42449
8.33,62.08684
3.26,54.080547
1.09,50.3246
0.7799999999999998,48.75948
0.5400000000000001,47.043945
3.250000000000001,48.532955
5.0,51.92086
15.17,62.2771
33.8,79.867775
49.12,98.78462
59.31000000000001,114.27199
57.63,114.29086
48.99999999999999,104.25152
72.43,97.362854
70.5,95.497246
69.13,91.51087
69.0,90.20382
68.01,92.77206
68.84,96.495094
67.0,100.45928
67.92,104.958786
72.87,100.302666
41.7,88.481415
30.0,73.40302
18.82,64.37628
20.429999999999996,56.52749
14.699999999999998,50.947617
9.660000000000002,48.86236
8.21,48.025364
7.44,48.757587
14.699999999999998,51.269886
19.44,63.104927
34.79,85.562386
62.73,102.438095
68.01,114.32538
66.77,112.18348
63.08,100.91798
72.0,93.217606
68.9,92.032646
65.9,90.031166
66.32,88.23836
64.76,89.96509
67.88,94.07319
62.9,98.772385
66.43,104.77367
58.58,100.21117
38.65,84.99928
24.17,70.983406
22.0,61.953312
21.76,54.237
11.719999999999999,48.810406
10.230000000000002,45.380276
3.250000000000001,45.043797
3.250000000000001,46.089485
8.47,51.327732
25.1,63.54501
41.2,84.4637
57.24,107.6665
74.63,120.5121
67.88,115.67533
71.0,104.697914
72.0,95.992935
71.12,93.27376
54.0,90.2403
71.3,87.90627
71.12,88.99215
71.74,92.524666
72.0,95.71897
80.58,99.35642
82.67,97.42032
71.74,89.46484
49.21,80.19556
42.629999999999995,73.66753
35.01,69.52683
35.0,67.10789
30.39,65.76008
26.100000000000005,66.00441
26.31,67.55429
35.01,70.28391
43.56,77.06395
71.12,87.465935
68.43,97.91802
91.73,106.09864
92.3,105.139404
85.65,98.25093
85.0,92.55842
78.34,90.35998
77.51,86.525215
72.0,85.40391
71.0,87.073044
81.09,90.77145
83.34,94.69543
89.72,98.46477
86.84,96.63283
74.9,88.24639
61.22,78.39162
48.1,73.82271
48.300000000000004,71.09086
40.8,70.51423
36.76,69.67992
35.01,70.18116
38.5,71.74724
41.1,75.548615
68.0,82.44741
81.56,93.05938
92.76000000000002,107.29012
117.19,117.96615
111.1,114.42185
99.83999999999999,106.8853
94.88,102.70547
85.74,104.09954
74.88,100.75499
72.0,97.401436
70.99,96.33476
70.0,96.39595
71.3,97.00208
71.74,95.75381
30.52,86.940636
24.44,69.46025
16.5,56.248196
9.320000000000002,46.973072
3.2400000000000007,38.50787
0.0399999999999999,30.001408
0.0,25.241964
0.0,23.9292
0.0,27.210495
0.0,36.7039
2.0,52.836613
28.5,72.045296
70.99,99.6795
80.54,121.64228
86.85000000000001,119.21293
84.68,108.737206
56.64000000000001,102.88957
53.71,100.106415
46.65,92.93468
46.65,89.01079
50.0,88.69413
55.92,90.22721
56.16,91.93834
35.8,89.34076
20.329999999999995,79.4561
0.01999999999999995,65.6878
0.0,52.715508
-0.010000000000000127,41.79441
-0.010000000000000127,32.788147
-0.010000000000000127,25.578178
-0.030000000000000075,21.594225
-0.6,21.964392
-0.6,25.616957
0.0,33.935326
0.44000000000000006,47.590343
16.72,68.27824
35.23,94.51211
46.0,107.964134
55.52,103.008385
35.6,93.90186
32.3,87.748924
33.0,84.18542
31.000000000000004,77.61017
30.900000000000002,74.94046
27.999999999999996,76.89514
30.8,81.14417
35.01,85.94168
43.01,90.547775
35.0,88.86928
33.5,78.44509
31.53,68.31437
26.119999999999997,60.896957
30.6,55.07891
25.0,51.922535
22.23,50.895565
14.33,51.508293
6.0,54.32082
17.72,60.53135
25.57,70.93261
31.66,87.31554
35.01,107.45712
54.0,122.59948
52.82,117.24286
35.05,104.1527
35.0,93.97786
35.0,92.53495
35.01,87.915855
35.01,85.68695
35.01,87.60437
35.01,91.939804
41.22,98.527176
51.79,104.64868
40.74,101.21606
35.0,89.70713
28.2,77.74097
0.06999999999999997,68.51528
0.0800000000000001,61.011806
0.0,56.68355
0.0,55.967236
0.0,57.717968
0.010000000000000127,62.134113
5.0,69.779495
8.0,82.07557
29.600000000000005,98.86716
41.1,120.50958
70.96,135.74402
55.94,129.93445
41.46,114.91991
54.77,104.34854
40.94,101.68636
40.58,96.55272
40.34,97.44316
40.7,101.607315
40.94,106.46535
59.36,111.83617
65.0,117.15743
52.19,112.097015
38.5,98.49939
29.0,87.30582
20.5,79.85172
24.08,75.22347
18.4,73.61189
17.47,73.136055
11.98,73.216835
11.0,75.25612
19.76,81.27729
29.380000000000003,92.067055
35.01,109.662155
40.94,125.84343
67.94,136.92038
69.87,129.72859
63.95000000000001,115.11243
50.94,106.08179
45.32,100.967125
43.12,94.57479
40.53,92.65405
38.64,95.55049
42.79,100.68383
45.44,106.15358
45.44,109.79605
38.64,106.79439
27.42,93.8974
10.27,79.52504
3.8199999999999994,70.00908
3.250000000000001,63.18717
0.44000000000000006,58.365974
0.0,54.869614
0.0,53.61301
0.0,54.38069
0.0,58.917526
1.0000000000000002,66.54928
6.999999999999999,78.7518
37.5,95.2794
35.01,111.51748
37.92,108.72218
30.329999999999995,95.878746
10.000000000000002,82.8758
5.5,72.17455
4.77,60.375454
3.250000000000001,52.534214
3.250000000000001,49.836147
4.37,53.32619
6.67,60.704136
5.0,68.611
2.4700000000000006,66.55992
0.0,53.46036
0.0,43.840416
0.0,38.302444
0.0,35.369137
0.0,31.520048
-0.010000000000000127,29.30027
-0.010000000000000127,29.878496
-0.010000000000000127,33.82919
-0.010000000000000127,41.15127
0.0,52.380898
0.0,68.61069
3.250000000000001,86.686874
7.3,97.31754
5.5,94.12931
3.250000000000001,82.62822
4.990000000000001,72.41366
3.250000000000001,65.894844
3.250000000000001,59.60878
1.23,53.368343
0.08999999999999991,51.056396
3.250000000000001,52.0862
3.250000000000001,53.673275
3.250000000000001,53.6094
0.0,47.11016
0.0,37.336967
-0.010000000000000127,28.943924
-0.36,24.45723
-0.49999999999999994,19.895197
-0.36,14.843493
-0.6,10.796491
-0.6199999999999999,8.301949
-0.6600000000000001,8.182342
-0.6,11.599217
-0.010000000000000127,19.681581
0.0,34.146694
3.250000000000001,53.520054
7.199999999999999,71.612885
8.44,74.39433
4.500000000000001,65.074005
7.199999999999999,58.058674
5.0,53.213657
4.3500000000000005,48.834534
3.6000000000000005,46.600956
3.6000000000000005,47.513897
5.0,50.05466
4.43,52.009155
3.250000000000001,50.255814
0.0,41.01927
-0.030000000000000075,30.87362
-1.05,23.023373
-1.86,18.20622
-1.86,13.434386
-1.86,9.789353
-1.86,7.1317296
-1.86,7.4182143
-1.86,9.145493
-1.0,13.467065
-0.010000000000000127,22.72264
0.44000000000000006,37.58221
11.35,54.554066
25.01,72.833984
28.87,81.29079
13.42,78.21042
9.16,71.74869
14.1,65.94567
14.1,57.06546
12.5,52.826416
14.32,55.470695
10.15,64.58216
35.01,75.44578
37.94,85.92009
41.93,86.20493
35.0,76.8312
16.9,69.27011
5.44,64.97119
4.46,62.1254
8.3,59.614223
3.250000000000001,59.59005
1.3100000000000005,60.61105
3.250000000000001,63.254047
11.86,67.12533
35.0,75.02012
49.220000000000006,87.02767
75.37,101.05379
102.15,111.274185
81.31,109.41154
63.3,102.745415
99.2,97.66483
92.72,95.28786
94.88,91.66325
84.82,91.17017
94.88,94.79648
95.4,98.44625
150.0,101.7083
175.55,104.80235
113.22,101.02937
81.82,94.12816
70.0,87.08244
37.3,82.57686
35.01,77.27597
35.0,74.38903
35.0,73.66028
27.5,73.86777
30.0,75.72735
35.01,81.2507
59.480000000000004,90.416435
67.18,105.322105
116.24,121.6733
171.15,135.40384
157.0,129.75293
145.0,118.66315
117.01,111.79903
112.42,111.234436
110.0,108.52421
110.0,107.827896
104.68,108.470146
107.19000000000001,109.39275
110.0,111.95171
123.08000000000001,114.397705
120.22,111.07843
110.91000000000001,101.93919
81.56,94.66333
55.0,88.75483
50.21,82.97273
47.24999999999999,79.01476
35.01,76.31601
35.01,74.9643
35.01,76.95043
54.88,82.964355
79.0,97.27876
108.40999999999998,113.75836
124.12,128.60455
170.01,133.66841
124.07,127.15728
113.2,117.84514
103.72,111.13248
107.63000000000001,111.61671
110.30000000000001,106.06255
109.53,102.5031
110.0,102.61651
110.30000000000001,103.32436
112.88000000000001,105.49878
114.47,107.58037
101.44,104.767235
84.16,96.36647
81.15,88.60099
69.0,83.87439
62.00000000000001,81.049644
56.3,78.81992
56.199999999999996,79.41691
55.9,79.78924
62.00000000000001,84.75785
80.0,92.71226
90.0,104.444305
100.3,117.22311
115.23,124.941956
122.37,128.52492
116.87000000000002,122.01877
110.41,114.16665
98.98,105.79146
97.99999999999999,104.13289
95.0,98.81284
97.79000000000002,97.41765
97.79000000000002,101.94829
97.99999999999999,106.65877
97.99999999999999,108.95981
99.82,113.83325
103.49,112.646126
97.65,106.34618
78.2,98.71557
52.4,92.574005
50.69,88.89646
45.1,83.82877
39.5,79.97101
38.1,78.352615
38.1,78.85547
40.0,84.68916
56.199999999999996,97.14111
82.84,110.21638
94.20000000000002,116.8988
100.0,119.0599
99.94,117.01244
99.4,111.16024
95.09,105.06057
90.0,106.93273
85.86000000000001,105.435974
85.64,106.77274
85.64,110.293465
85.88,113.93841
99.34999999999998,114.51915
101.44,113.67878
100.3,108.98555
94.01,101.97135
70.2,98.67962
51.44,93.96486
42.099999999999994,85.74646
41.6,76.32761
35.13,70.96506
35.0,64.9502
30.49,60.109734
25.300000000000004,57.807472
35.01,62.858944
47.7,74.5718
85.03,83.83267
101.12,97.0972
100.75999999999999,100.59744
90.0,95.82124
35.13,89.573524
22.409999999999997,82.32611
12.76,68.549194
8.46,59.010082
8.94,56.625717
22.990000000000002,58.10245
10.000000000000002,60.823418
5.0,61.4658
3.250000000000001,54.855347
0.0,46.02711
0.0,38.96116
0.0,34.044495
0.0,30.515213
0.0,28.945456
0.0,32.700497
-0.010000000000000127,38.897324
-0.010000000000000127,44.29364
0.0,51.591953
3.250000000000001,61.683197
35.0,75.0883
41.8,89.94539
58.760000000000005,106.02165
69.64,110.07391
56.900000000000006,105.3
69.41,96.819466
35.5,91.68953
38.2,82.48314
35.01,77.58931
35.0,78.55118
35.01,82.78952
38.5,87.548836
55.05,94.23846
35.5,97.27254
38.3,92.50664
35.13,86.66329
35.1,83.18026
35.01,79.91318
35.01,78.52317
35.0,76.67243
34.8,75.344604
34.8,75.24756
35.0,77.39978
35.0,84.52069
40.56,92.70226
71.36,102.45797
86.75,113.49918
71.48,112.306015
70.06,104.570755
98.3,97.31962
95.09,96.05847
84.83,92.480095
78.2,91.5141
78.2,93.28263
85.41,97.0167
71.48,100.56717
90.34,104.045586
98.13000000000001,104.23067
70.0,95.62584
44.800000000000004,85.981384
42.3,79.02662
41.2,75.5003
40.0,72.684204
35.02,71.24496
35.01,69.18175
35.01,68.63203
35.13,71.71063
42.99999999999999,79.38164
66.05,91.86181
71.12,107.99917
85.41,121.33585
77.29,120.153336
70.13,109.53116
83.13,100.50466
61.4,98.21147
61.57999999999999,93.94538
60.1,91.692055
55.2,93.36368
55.2,96.6717
60.0,100.97279
90.34,104.99322
75.0,105.87341
42.5,97.590866
35.02,87.18357
35.01,79.31726
35.01,72.9878
35.01,68.70968
33.0,66.73822
12.249999999999998,68.14792
10.430000000000001,69.7564
25.73,71.96785
40.0,77.66056
55.1,92.05472
75.0,112.43189
101.34,126.459015
100.97999999999999,125.87098
85.17,117.2416
97.86,110.344604
93.10000000000001,110.18035
90.34,108.30877
95.26,109.960625
101.76,114.1921
105.36,118.40042
120.0,122.610565
130.0,125.3253
90.0,117.216484
72.94,104.337776
35.02,90.692825
35.0,78.051346
33.9,67.649185
10.000000000000002,60.22345
0.0,54.143814
0.0,49.479313
0.0,48.374268
5.49,52.006157
14.740000000000002,61.355785
35.45,80.2189
82.1,108.31029
111.81,134.22063
109.81,133.8409
95.26,119.64665
78.86,110.44048
76.44,109.92893
75.72,104.93386
75.3,103.24111
75.72,106.11726
78.02,110.52586
79.1,113.77315
90.0,117.485306
79.34,113.41025
45.91,97.87971
35.01,85.61956
12.21,72.632515
3.250000000000001,61.13436
0.44000000000000006,51.56429
0.01999999999999995,45.164852
0.0,42.23583
0.0,44.35842
0.0,50.28661
0.9599999999999996,62.46437
6.999999999999999,77.43618
35.02,94.523895
75.72,111.4715
76.44,117.596115
49.36,108.6364
38.1,97.281265
35.02,93.06717
35.02,87.46419
35.02,84.649536
35.02,85.78121
35.02,89.49709
35.02,94.09117
35.01,91.77961
17.8,81.363106
0.0,64.81489
-0.010000000000000127,49.785614
-0.6,39.004505
-0.2500000000000001,30.261658
-0.49999999999999994,22.993025
-0.6,17.891289
-0.72,14.472896
-0.79,15.5905285
-0.6199999999999999,22.838512
0.0,37.508823
9.59,57.80364
35.01,82.75655
41.64,109.38001
47.7,118.923645
41.76,108.08557
35.01,97.96882
35.0,93.74225
35.0,87.82141
35.0,83.36888
35.0,82.80256
35.0,85.047455
35.01,85.747475
18.5,81.484474
0.0,69.2047
-0.6199999999999999,51.345943
-1.01,35.416508
-2.0,21.791079
-2.0,12.785692
-2.0,6.126402
-2.0,2.756515
-2.0,2.6431742
-2.0,5.9969935
-0.85,14.993625
-0.010000000000000127,29.233421
3.250000000000001,50.899857
16.8,78.208954
35.02,107.487465
41.26,115.34614
41.62,105.47649
41.49,93.828766
35.01,90.3226
35.0,83.72
35.0,81.27177
32.0,83.8173
35.0,89.783554
35.01,94.685165
46.5,98.39086
46.5,97.409004
35.01,81.14525
22.279999999999998,67.85941
3.250000000000001,59.581944
1.5000000000000004,50.815613
0.44000000000000006,43.13727
0.0,37.14509
0.0,32.54683
0.0,30.49621
0.44000000000000006,34.654152
3.250000000000001,49.13444
21.719999999999995,74.33097
46.38000000000001,106.27011
72.75,132.6249
91.27,130.37657
62.78,118.58171
51.76,109.954025
37.0,105.44085
51.00999999999999,98.45911
52.589999999999996,94.568146
53.989999999999995,97.66431
66.75,101.61172
96.13,107.10962
101.0,111.92919
96.13,109.76688
53.39,99.40083
39.0,89.130844
35.0,81.06395
28.37,71.22372
20.97,61.75753
11.21,57.80774
10.600000000000001,56.759354
9.99,58.285046
20.27,62.702595
35.0,75.51308
45.279999999999994,96.41664
80.23,115.97953
124.12,132.0149
130.9,129.41658
110.41,116.27499
105.16,107.87857
99.96,106.32866
94.76,102.65602
90.55999999999999,103.29353
90.55999999999999,107.40008
94.76,111.23541
100.0,115.07806
114.32000000000001,118.251335
100.0,112.56462
84.69,100.4331
74.71,91.99481
46.41,87.4813
43.53999999999999,83.96127
37.0,79.90946
36.4,79.2268
35.02,80.293686
35.01,81.345985
35.02,84.57539
38.47,93.162796
79.83,105.57321
87.41,119.30112
109.81,132.90736
109.0,127.08556
89.59,114.76767
109.26,105.04159
104.99999999999999,101.5499
103.0,99.613594
102.1,99.459854
96.9,103.70704
94.3,106.26127
99.0,109.629745
111.72,113.82572
103.0,112.83988
95.0,101.63077
71.87,89.76661
63.04,82.97915
59.940000000000005,78.99775
58.35,70.4787
61.42,66.94956
61.92999999999999,68.529915
61.42,73.96516
62.150000000000006,82.76098
77.46,92.837456
107.0,107.09945
115.28,123.19147
122.78,136.7718
120.0,129.56647
112.48,117.67693
102.72,109.21629
100.34,108.033585
102.3,102.27285
102.3,101.25954
102.3,104.57597
102.72,107.46758
100.0,111.318924
113.47,117.0023
114.32000000000001,111.103264
104.99999999999999,97.47595
80.0,86.96042
60.0,81.570984
61.34,77.23444
57.39999999999999,74.00313
55.1,73.617096
43.169999999999995,73.51342
40.0,76.28343
49.8,81.026825
56.75,90.63759
77.46,106.97185
100.01,125.93279
114.86,143.24619
115.0,138.36967
105.73999999999998,124.69737
84.0,115.92628
76.58,117.845345
75.64,114.04159
76.1,110.46717
75.74,107.818886
75.62,108.09752
75.64,108.61356
63.45,105.07268
36.95,92.931366
34.65,72.36174
12.540000000000001,55.63694
3.5900000000000003,42.2197
0.44000000000000006,30.97643
0.030000000000000075,23.023874
0.0,18.609697
0.0,17.887177
0.0,20.858473
0.0,28.770512
0.44000000000000006,44.00768
35.0,66.38261
50.0,91.97989
76.79,115.81432
99.1,118.37433
77.46,109.48857
77.0,100.220726
56.99000000000001,93.61777
46.19,85.03168
35.01,76.149
35.0,70.95831
35.0,69.946724
35.0,70.30581
30.65,65.324776
9.76,54.47738
0.0,38.689068
-0.010000000000000127,24.317873
-0.10999999999999986,14.702359
-0.49999999999999994,7.998496
-1.0,4.3733497
-1.9899999999999998,5.2039957
-2.0,10.802454
-0.85,18.359459
-0.6600000000000001,27.184856
-0.010000000000000127,39.692787
1.0000000000000002,55.403885
35.01,75.27293
77.0,98.49437
95.62,106.88405
80.15,101.27676
51.800000000000004,89.71517
43.6,83.031654
40.0,73.67023
35.4,70.36916
35.02,71.02678
49.07,75.54505
55.03,82.27485
70.0,88.28863
40.0,85.28979
35.02,72.247375
35.0,61.77385
5.0,56.03899
3.6000000000000005,52.738976
5.1,50.039635
2.9,49.05522
0.0,50.7222
0.0,55.08107
5.0,63.111465
34.8,75.20845
35.45,91.946625
83.27,113.54719
117.33,131.90292
113.7,126.655014
91.54,113.87798
79.51,105.27111
94.85000000000001,101.731285
91.15,95.60837
82.0,93.41961
89.85,95.60001
73.0,99.96248
82.0,105.01333
98.2,108.37233
74.77,103.4219
64.9,92.50665
35.69,82.2461
35.02,74.62851
35.01,71.50074
35.01,71.76635
35.0,72.29287
35.0,75.39881
35.0,79.85067
35.02,85.774254
48.99,98.539
77.0,114.85988
104.99999999999999,126.694
117.41,135.11705
116.81,130.98395
105.45,118.29455
107.43,109.61639
99.96,109.342255
95.32,104.050476
95.46000000000001,102.63705
91.69999999999999,103.15683
97.12,103.01165
109.59,104.84727
130.0,109.564545
115.45,106.6278
101.76,98.01859
90.98,88.13731
85.99000000000001,82.87029
79.41,80.12967
77.24,77.42602
73.65,78.40148
60.0,80.9318
61.0,84.0434
82.01,88.69567
91.22000000000001,101.97284
104.55,114.50736
116.05,117.47759
137.18,123.34531
118.98,120.47849
110.0,113.42646
102.07000000000001,105.307846
99.0,103.58229
101.77,99.023384
104.37,98.20932
101.77,101.28174
99.17,104.865105
112.72,109.3794
120.74,114.0012
115.44,112.753746
102.07000000000001,106.55846
100.47,98.54554
77.0,92.044754
65.01,83.77857
64.75,77.10752
51.099999999999994,75.46263
45.66,74.35272
42.449999999999996,75.8781
45.06,82.631195
63.43,93.47231
75.39,109.38861
99.74999999999999,119.49141
116.05,123.3981
118.35000000000001,121.26117
114.72000000000001,111.733086
99.0,105.11526
100.0,104.55822
98.6,97.93522
94.04,95.56282
93.4,98.37608
95.80999999999999,102.040276
99.9,105.81078
100.16,109.334656
103.5,106.1158
98.6,97.78503
92.0,92.77363
76.1,88.636505
59.99,88.17041
47.010000000000005,84.8414
45.77,82.451225
40.0,79.8369
35.02,76.39787
35.02,78.067184
48.64,85.815186
88.5,96.566444
94.04,112.70535
105.42,120.72146
113.3,114.380486
105.17999999999999,105.96675
90.0,98.78248
71.6,98.61089
47.5,93.9469
47.5,89.246315
47.29,86.93939
47.010000000000005,91.143456
47.29,96.75084
50.2,95.19588
47.29,86.69815
46.62,78.51286
45.06,72.48372
35.02,69.05202
35.01,61.847073
35.0,52.752792
10.000000000000002,45.848877
1.5000000000000004,45.899845
12.76,49.991436
31.86,57.995396
35.02,67.86828
46.6,79.84627
73.37,101.91002
102.36,120.43812
106.08,122.58341
100.94,113.892365
102.9,105.74447
101.7,103.75952
101.7,98.11041
101.7,95.49553
100.92,95.622314
100.92,97.9723
99.74999999999999,99.68261
73.37,98.64665
47.5,91.2278
44.00999999999999,79.66705
35.01,67.68625
22.990000000000002,56.00544
10.000000000000002,46.04259
4.490000000000001,38.541206
0.01999999999999995,33.944496
0.0,33.74392
0.9400000000000001,36.315907
3.6000000000000005,41.81214
27.43,52.58715
46.62,73.8569
59.1,102.630844
101.64000000000001,119.662544
103.22,118.06459
100.92,108.89253
73.37,98.76448
67.3,96.55307
60.0,87.19317
66.54,82.18296
50.2,80.94923
51.9,83.25257
59.25999999999999,86.93743
87.57,92.49697
71.18,91.569786
50.029999999999994,80.637695
44.52000000000001,66.495445
35.01,58.155983
35.01,53.276226
35.0,50.249615
21.17,49.121746
15.02,48.84283
10.15,51.105083
21.17,56.246292
35.02,67.12199
49.28,83.71417
71.18,105.798515
80.79,133.61357
99.26,137.35173
87.46,122.614815
65.53,110.109344
49.9,102.01988
39.69,93.257065
38.01,90.22859
37.75,92.69936
41.07,98.58772
55.0,102.81948
81.82,106.25901
61.66,105.051735
45.0,91.4524
35.0,77.42564
30.900000000000002,70.48779
26.79,65.23802
24.99,59.031124
17.95,57.171787
4.000000000000001,56.356926
4.000000000000001,56.364132
10.96,59.418884
35.0,69.27955
37.75,86.63074
74.64,109.84594
110.41,134.83083
109.45,137.55922
89.99000000000001,122.007675
94.22,113.485275
83.79,111.07076
80.0,106.67919
72.0,106.21623
70.8,108.03856
65.65,111.8084
85.0,115.61783
99.77,118.64867
95.75,111.12417
76.0,98.250206
54.08,87.167786
40.25,80.88673
35.0,74.44202
21.339999999999996,68.658516
13.999999999999998,64.3405
8.68,62.140522
3.6000000000000005,62.15745
12.17,66.402565
34.27,75.9447
35.02,88.98495
89.9,111.56365
107.51,135.8698
106.49000000000001,139.01424
95.66,125.43864
94.94000000000001,115.71635
80.0,115.442116
72.5,108.95539
83.54,104.51227
80.0,105.60464
86.27,109.626114
96.04000000000002,113.64668
99.88000000000001,117.35355
83.82,112.420494
40.0,99.99532
4.83,87.108925
0.0,77.312004
0.0,72.24307
0.0,68.880104
0.0,68.13403
-0.8200000000000001,69.76021
-0.8200000000000001,73.33425
0.0,78.2118
6.769999999999999,84.67948
42.38,94.597496
86.9,114.54564
99.64,136.47742
98.5,136.40479
90.0,121.43995
81.66,111.43003
81.66,111.326324
81.42,106.232346
87.75,105.369255
88.19999999999999,109.2555
90.01,113.87033
95.32999999999998,117.42694
104.25,121.73443
91.43,117.796196
59.5,106.53274
35.01,94.57237
29.0,84.75586
7.44,78.2493
3.3200000000000007,73.455605
3.3200000000000007,70.182655
1.23,68.22062
3.3200000000000007,66.57986
17.42,69.58015
38.0,79.06098
63.309999999999995,98.642365
82.7,119.540146
95.0,131.75732
106.33,129.74718
90.4,119.87044
101.0,113.707726
96.96,114.88874
79.74,110.27698
71.91,105.87841
77.25,107.63294
70.66,107.731544
70.66,109.3695
65.5,108.52955
30.870000000000005,99.12482
0.0,78.663864
0.0,57.98576
-0.010000000000000127,44.282215
-0.51,35.484516
-0.76,27.073534
-0.95,19.89478
-1.0,15.897171
-1.01,16.354876
-1.0,20.056866
-0.8200000000000001,30.607826
0.0,48.64579
9.23,67.493706
41.1,87.64608
59.699999999999996,98.17934
46.89,94.42971
56.550000000000004,85.75012
48.95,83.020805
44.15999999999999,76.54151
44.9,75.28006
44.15999999999999,79.74312
56.550000000000004,83.78786
56.550000000000004,85.753365
56.67999999999999,85.2681
24.87,78.77446
-0.010000000000000127,62.424145
-0.51,48.382664
-0.7799999999999999,37.960655
-0.6600000000000001,29.033173
-0.01999999999999995,22.403883
-0.7799999999999999,17.81832
-1.0,16.562372
-1.01,18.692839
0.0,25.281473
3.3200000000000007,37.213135
35.94,56.73602
59.57000000000001,88.118904
100.73,121.06004
104.58,131.82661
100.25,122.55169
98.69999999999999,113.49573
86.66,113.643456
85.94000000000001,108.6167
85.7,106.405304
83.43,109.209656
85.94000000000001,114.55538
89.72,120.21874
103.21000000000001,125.51261
100.61,121.29417
78.22,105.26688
54.6,91.07265
40.88,78.96608
35.0,69.24206
32.65,60.56774
31.98,54.628757
35.0,52.389973
35.0,53.644688
41.989999999999995,60.157707
44.88,73.62556
81.0,91.09566
103.21000000000001,118.4707
115.15,144.44832
109.0,144.44885
98.01000000000002,127.829735
95.92,115.43484
72.25,112.051
77.0,105.28308
73.22,101.40741
66.71,104.810165
65.5,111.45341
80.0,117.23798
101.51000000000002,120.217896
88.33000000000001,115.10451
70.8,102.36136
46.63,89.8967
42.49,78.87514
33.76,71.342674
22.979999999999997,64.44626
8.3,60.501453
15.59,58.962666
29.389999999999997,61.162804
48.79999999999999,68.573006
60.7,84.69291
84.77,108.860916
106.18,133.98494
120.09,151.9072
141.94,148.28177
116.38000000000001,135.12071
107.94,126.17735
106.81,124.54752
104.22000000000001,119.48419
102.61,117.60415
101.92,119.56763
104.22000000000001,122.31359
101.49999999999999,124.294556
108.43,127.54779
101.92,123.06378
94.99,112.86191
65.0,102.00699
57.75,93.77229
57.21,88.60651
51.099999999999994,83.73665
50.77,80.38693
45.06,79.27887
45.06,81.581154
52.49999999999999,89.3981
75.0,101.80145
99.58000000000001,121.74878
104.99999999999999,140.85939
120.18,154.09254
131.98,150.13312
111.87,137.8219
104.99999999999999,129.96684
101.78,129.21704
101.74,124.43615
100.0,121.840576
99.5,121.3523
99.92,122.07698
100.0,122.96814
107.34,124.87208
100.96,121.013596
90.68999999999998,110.73797
81.0,101.51508
68.49,95.36357
60.0,89.8481
54.19,83.81417
52.00000000000001,80.92181
50.98,81.130974
55.99,83.20945
57.61,89.268265
61.49,99.72572
84.19,114.35661
101.78,130.77936
109.54999999999998,144.32773
111.38999999999999,138.82733
97.15,126.74032
85.0,116.60839
71.32,114.00609
74.44,106.01523
62.699999999999996,101.85783
56.5,100.64082
60.3,102.907455
70.0,106.26681
75.6,114.7709
73.72,113.37048
48.99999999999999,100.92068
41.75,90.59454
41.36,84.40682
41.49,81.3197
41.49,78.41128
41.1,76.016205
36.03,74.382484
24.45,74.71592
38.36,78.52254
41.49,85.7851
52.20000000000001,98.39559
75.58,116.93746
89.93,134.53764
87.00000000000001,135.03424
79.97,123.87274
90.22,116.062645
86.11000000000001,118.79677
75.9,115.1307
75.59,113.28277
79.0,113.64847
83.61,115.7282
86.22,118.88136
86.46000000000001,121.34757
50.01,115.7005
43.989999999999995,100.27848
10.000000000000002,82.714485
3.3200000000000007,67.738716
0.44000000000000006,59.04115
0.44000000000000006,53.258125
0.0,49.31327
0.0,47.883
0.0,49.46463
0.9000000000000001,56.43462
30.51,67.647575
49.38,86.03691
75.45,113.193985
97.81,137.58626
107.48,139.9449
100.16,129.24141
107.51,121.12852
99.22,119.69891
97.94,111.636604
96.71,106.73015
96.71,106.410545
95.41,108.80787
96.8,110.835335
86.32,108.52212
46.0,98.25015
0.44000000000000006,78.38581
-0.010000000000000127,58.482227
-0.6199999999999999,43.826794
-0.8,32.819675
-0.6199999999999999,25.54619
-0.6199999999999999,22.390463
-0.95,22.334478
-0.95,25.338757
0.0,32.062046
9.790000000000001,43.089657
44.81,66.45268
74.57,101.37919
99.31,133.86171
109.91,135.32803
97.89,122.58478
89.61,113.50853
75.0,112.47537
60.31,103.69606
60.31,98.85002
59.790000000000006,98.615776
59.919999999999995,102.8191
66.56,108.48027
89.87000000000002,113.2448
82.15,109.54892
62.01,98.435844
39.49,87.05279
15.84,75.0239
6.06,64.00437
3.740000000000001,55.553596
3.9000000000000004,50.7554
7.48,47.4654
5.99,47.879208
13.999999999999998,54.71055
40.0,65.72779
60.0,86.8342
80.0,116.85183
108.78,140.09442
109.37,139.1155
94.7,125.29779
105.48,117.234604
97.15,116.757095
97.15,112.90503
97.00000000000001,112.11344
97.15,115.91924
100.10000000000001,120.051544
98.69999999999999,124.253586
108.0,128.1565
98.45,124.434715
86.75,112.83608
73.28,104.29927
61.59,100.754845
61.38,98.16529
61.38,96.54302
60.31,95.739494
59.919999999999995,96.33989
59.790000000000006,97.9835
60.17999999999999,102.554085
67.77,109.899
94.49999999999999,121.97753
109.11,135.90907
125.02,147.92455
115.0,144.24051
98.69999999999999,131.26172
101.78,121.79747
96.02,120.32537
92.23000000000002,115.099045
94.95,113.74923
96.24999999999999,116.62325
96.24999999999999,120.829056
107.0,124.59997
113.22,128.8583
105.7,127.184685
97.55,117.17719
93.65,106.61233
75.0,99.156654
71.38,95.00887
70.18,92.37372
70.0,92.566734
69.79,94.45014
69.66,97.41127
70.18,103.589966
87.69000000000001,113.00564
104.63,125.97435
115.75,140.26491
125.26,151.20685
127.0,145.89502
115.01,135.8879
108.13,128.23071
100.50000000000001,127.76052
96.37,123.34899
96.08000000000001,121.39271
96.18,123.31489
97.47999999999999,126.01195
107.31,128.82239
111.94,132.3951
107.21,129.8175
93.57999999999998,120.28208
94.0,114.283646
90.98,110.95866
86.38000000000001,109.348694
84.61,108.89295
83.0,110.011024
79.21,114.12963
80.0,115.152885
90.0,120.42789
102.84999999999998,125.634415
121.22,131.90446
130.05,142.59715
138.23,147.01935
124.24,143.23575
113.22,136.39839
108.49,130.59035
106.37000000000002,129.87453
103.98999999999998,123.82387
103.98,123.45581
103.98,125.56746
105.87,127.41803
109.8,129.45432
116.22,133.56047
108.85000000000001,130.73111
101.0,120.974594
95.46000000000001,114.25765
83.8,111.764915
80.35,108.40418
78.59,105.65308
77.92,105.12191
75.0,104.80483
68.72,104.68158
78.05,107.26537
85.06,115.12408
98.1,126.00974
111.9,142.54027
121.22,149.88452
114.94000000000001,142.34967
109.11,132.89961
101.7,126.75376
98.65,127.85374
101.01,121.54537
98.65,119.67132
96.85999999999999,119.86635
96.05,118.04302
94.75,116.92341
92.9,115.20891
67.74,107.432556
50.0,91.17243
9.96,73.65769
1.57,58.069622
0.44000000000000006,45.43952
0.0,36.260635
-0.010000000000000127,32.001457
0.0,29.97419
0.0,29.888235
0.0,34.342186
1.9,46.029987
6.1499999999999995,62.471962
60.050000000000004,84.81944
87.93,112.8878
88.31,121.55589
80.68,108.7381
67.98,96.16881
49.77000000000001,87.97661
42.26,74.68821
43.40999999999999,65.73875
35.35,65.181854
30.8,70.15563
32.0,74.875114
34.57,76.15599
25.070000000000004,66.479126
0.4900000000000001,49.422928
0.0,34.58594
0.0,26.227003
-0.010000000000000127,20.715147
-0.10000000000000005,15.741935
-0.2500000000000001,12.507199
-0.010000000000000127,12.573509
0.0,16.000103
0.0,24.309368
0.10000000000000005,38.71786
25.06,58.354828
58.99999999999999,87.30475
95.0,123.825386
95.44,135.02907
93.98000000000002,123.26562
94.49999999999999,112.519615
90.9,108.9183
80.0,102.88286
77.98,100.933815
76.31,105.11991
82.0,111.90543
92.21,118.22172
96.11,122.54117
94.81000000000002,118.46436
63.37,105.50816
56.18000000000001,92.86408
54.99,86.05621
55.66,83.318855
56.05,82.22691
56.18000000000001,81.48598
55.92,82.71326
55.79,84.835976
56.309999999999995,90.073944
63.37,98.368004
91.32,113.11887
106.55,132.01138
133.58,146.08484
114.43,139.47342
104.20999999999998,125.13545
101.98,115.90806
99.74,115.29993
96.02,109.86658
96.02,106.98807
98.62000000000002,109.387184
102.0,114.882996
103.92,118.10941
106.04999999999998,122.0049
102.5,119.8855
90.82000000000001,109.18293
70.7,99.92653
66.18,95.25728
70.0,93.764496
72.2,95.0358
74.14,97.262024
70.7,98.43481
70.7,99.79293
80.0,104.31371
84.32,110.50909
100.0,120.80732
106.56999999999998,131.24825
122.23,139.7638
110.0,135.27837
106.04,123.26308
104.38,113.78073
100.0,115.148895
97.99999999999999,109.81754
99.07,106.96113
100.0,108.85349
102.43000000000002,113.07307
107.90000000000002,116.74289
110.62,121.36035
105.3,121.766884
92.56999999999998,112.43589
84.77,103.373474
76.0,100.27908
80.0,99.07477
82.0,99.420166
80.0,99.92402
75.8,100.39639
75.31,101.53438
75.99,106.02179
76.01,113.05706
99.07,121.79031
108.98,135.62016
124.11,143.99834
111.69999999999999,136.58647
107.11,123.07816
105.35000000000001,116.644135
100.0,115.74807
99.6,109.04536
100.84,106.741
101.58999999999999,108.57255
103.82000000000001,112.07753
105.64,114.955505
110.61000000000001,119.18779
101.96,117.94681
75.04,106.80649
70.79,95.816246
70.02,91.66312
70.92,88.827896
71.05,88.56405
70.79,90.04991
63.37,93.7545
59.1,96.025925
59.330000000000005,99.56595
70.92,105.35214
86.93,116.07881
106.44,126.54889
116.52,137.86264
113.96999999999998,133.54524
107.74,121.351135
105.44000000000001,114.619896
104.71,116.31134
104.31000000000002,111.18152
104.71,109.18348
104.98,111.7993
105.21999999999998,115.645615
106.2,120.3955
110.1,124.38364
106.00999999999999,122.046646
102.88,112.611565
84.0,105.55054
75.99,99.98428
75.29,95.97385
75.01,95.3983
72.8,96.24573
71.97,98.79835
71.2,100.79124
72.8,103.92969
76.0,109.987434
95.0,119.97079
107.26,132.572
122.23,140.82329
113.96999999999998,135.27066
109.44,124.06155
106.51,116.616745
108.47,121.05614
104.47999999999999,116.79593
106.09,114.09561
106.09,116.39661
106.09,117.73194
108.21,118.936325
107.70999999999998,119.17469
102.19999999999999,114.3457
72.96,100.94143
58.99,85.604614
58.50000000000001,74.065025
36.0,66.43149
17.8,59.856358
17.92,56.7206
18.8,56.259026
15.0,58.96733
31.51,65.178055
55.24000000000001,74.52196
67.84,91.14766
103.18,114.81003
117.92000000000002,130.01624
115.19,125.57618
104.61000000000001,112.763535
108.33000000000001,104.24868
105.25,101.82201
98.88,91.30388
101.87,85.48449
101.87,87.48391
102.87,90.33874
104.07,92.03294
103.87000000000002,91.32654
70.0,82.30542
50.0,66.752556
0.44000000000000006,49.523373
0.0,35.858128
0.0,27.042744
0.0,23.183493
0.0,23.079493
0.0,25.874548
0.0,31.760298
0.15000000000000008,42.039875
41.26,56.471012
66.84,78.19823
105.47,104.75781
115.98,127.955605
125.5,128.29785
117.2,120.25608
113.64,114.805405
110.98,113.07765
106.91,105.729034
106.41,101.396355
106.91,104.176636
106.91,110.92246
109.15,116.2619
112.03,124.00416
112.46,125.95391
111.93,119.887665
111.41,117.74092
106.91,115.04227
104.31000000000002,111.9213
100.0,109.786865
99.09,107.861725
93.0,106.38998
93.56,107.30416
102.76,112.25453
106.41,120.80999
107.66999999999999,134.00656
112.21999999999998,142.88287
135.01,146.11105
129.0,140.21921
111.98,129.78368
110.2,119.86596
108.83,115.75783
107.83,106.6796
108.33000000000001,106.939514
108.48,110.85592
108.95000000000002,113.03048
109.13,115.614914
111.43,121.48348
110.06,121.189606
106.22999999999999,113.06313
88.5,103.87082
75.97,97.2142
75.58,89.96105
75.0,85.082436
74.98,83.76992
68.43,84.78101
64.0,85.820816
73.99,91.183815
83.74,100.76891
108.31,115.3523
113.03,130.93542
142.48,140.00786
142.48,135.80211
117.00000000000001,125.95278
115.82,118.95417
112.14000000000001,119.86635
111.14,114.86197
112.14000000000001,113.71658
112.43999999999998,116.334915
113.03,119.42515
115.34000000000002,122.59214
118.47999999999999,126.01223
115.34000000000002,124.450745
111.14,115.66385
104.99999999999999,105.8297
86.1,100.034706
82.1,95.39416
81.97,92.9184
81.71,92.99693
80.01,93.9255
79.59,95.65612
79.8,101.47976
94.36999999999999,109.4733
111.14,121.11844
117.53,135.22276
142.48,143.42934
132.4,137.42215
116.98,127.27444
117.02,120.22657
113.13999999999999,122.7563
112.38,117.405174
112.64,114.237686
112.58,113.99829
112.88000000000001,115.52299
116.84,117.90289
120.72,120.93622
116.84,118.72498
112.82,110.880844
111.92000000000002,102.76319
97.99999999999999,100.756874
92.98,99.259964
92.79,97.89251
88.99,99.10157
83.0,99.072624
81.8,100.84747
81.8,103.23493
94.36999999999999,109.224625
109.2,118.604034
117.59999999999998,128.12148
132.66,137.95741
125.5,131.04991
117.14,120.29956
113.84,113.527176
114.24,113.85487
111.64,109.26024
112.64,105.87443
111.64,106.34788
111.64,108.745636
112.64,111.69841
114.0,115.21779
109.92,113.38728
104.42,105.14205
75.59,95.916664
65.16,89.67695
69.83,81.96747
60.0,76.57286
58.1,73.13877
52.43,69.66855
49.95,68.753174
58.77,68.57261
65.0,75.39354
88.0,92.52919
114.0,115.16381
128.53,129.47809
126.63,125.8418
115.36,114.20613
119.34,107.93095
116.1,113.68374
113.85,109.00572
113.85,106.72949
112.37,108.58391
112.67,109.7514
114.3,108.93428
115.65,109.57239
103.02,104.404724
68.3,89.42166
32.44,72.0708
20.36,57.42798
14.66,47.990414
6.410000000000001,42.527523
5.0,41.189365
10.070000000000002,41.741272
10.200000000000001,44.130936
20.0,49.979134
58.75,61.083225
80.0,81.32879
121.49,108.73765
136.53,127.93311
131.49,121.37253
126.63,111.26753
115.34000000000002,103.83194
112.82,102.97669
106.0,97.683784
111.47,93.76328
111.92000000000002,93.852715
113.26999999999998,96.17005
113.72,99.27795
113.53,99.48083
97.89,94.08948
68.1,81.69544
15.0,65.96023
2.05,52.040417
0.44000000000000006,44.337692
4.55,41.552532
10.000000000000002,41.335747
2.0,43.32125
1.4499999999999997,46.554054
22.049999999999997,52.472443
63.37,63.51768
82.97,84.225845
123.44,114.48235
142.76,135.1323
144.24,128.33997
133.06,119.07239
119.95999999999998,114.11221
116.42,112.69701
114.17,107.236305
115.97,105.15988
115.97,106.79271
118.04,110.37417
121.27999999999999,114.9707
126.1,120.38287
123.0,117.71672
117.23,109.24057
114.17,97.78741
88.62,91.8253
83.01,87.66996
82.59,85.17691
82.1,84.5561
81.58,85.322075
81.45,85.505165
81.97,89.43182
86.69000000000001,98.14452
118.85,111.233086
129.38,128.59637
150.89,139.67563
140.0,132.34177
126.34,120.16064
114.76,112.66771
109.85999999999999,112.49481
100.0,107.72366
110.55999999999999,106.366875
110.09,107.90586
113.32,110.9754
119.69,115.89198
130.0,122.61305
120.3,118.94755
110.55999999999999,110.22184
102.72999999999999,100.91611
90.0,94.16807
83.78,89.93059
83.4,88.18453
83.18,88.61595
82.44,89.5313
82.31,90.77954
83.18,92.9431
90.4,98.87002
113.32,109.48972
123.21,121.67072
132.34,134.53629
126.1,129.99025
117.86,117.534134
107.22,110.76272
107.22,107.36422
107.21,99.39971
107.21,95.006256
95.0,96.44544
102.44,99.31395
104.99999999999999,103.02748
115.1,108.64697
102.44,109.0068
87.97,98.96822
78.7,86.2896
79.6,83.15037
81.1,82.27767
82.0,83.3934
82.49,85.67356
79.6,86.96921
79.6,88.62994
82.0,92.11851
84.23,97.75388
89.0,107.619576
116.2,122.529335
128.9,132.7404
122.41999999999999,125.748474
115.58,114.95152
107.75,107.85228
103.79,106.57151
98.38,101.25638
101.80999999999999,98.89989
101.80999999999999,99.12346
101.93,101.94686
107.75,105.93642
115.1,110.307816
107.82,108.60601
109.1,99.70445
89.0,89.78404
83.1,82.659935
83.0,78.85775
83.0,78.914474
83.0,81.0574
82.0,84.30855
82.0,87.02571
87.19,90.6656
96.5,98.267456
110.5,109.08113
115.5,125.22804
140.01,134.12448
126.48,126.29502
111.95,115.55425
118.06,108.8104
116.92,109.03335
111.69999999999999,104.47104
117.1,102.981255
112.32,104.57868
110.46,107.03572
116.92,110.03296
118.85,113.84115
116.92,110.9926
111.2,102.35695
85.0,92.9992
81.81,88.110596
81.68,85.24004
81.68,83.77798
81.55,84.942635
80.0,86.34844
80.0,88.43551
81.18,91.29486
82.07,97.65403
97.70000000000002,107.87715
113.3,121.51136
127.70999999999998,131.75215
120.33,123.38569
111.2,112.57777
109.56000000000002,107.36634
104.99999999999999,110.032585
99.0,105.40993
117.75,102.17317
115.01,101.16718
115.43000000000002,102.4428
116.93,102.996704
117.89,105.005714
113.3,100.75425
68.99,88.51613
12.55,70.09656
0.44000000000000006,54.066154
0.44000000000000006,42.313496
1.9,37.211334
2.3999999999999995,36.12248
0.4499999999999999,38.249798
0.4499999999999999,41.78804
3.3200000000000007,48.1782
50.0,59.080734
81.67,79.04891
115.43000000000002,105.973625
127.57,124.2929
124.29,118.41883
112.82,107.46796
119.2,102.29543
116.7,98.75477
104.99999999999999,90.09828
109.74,85.57423
108.10999999999999,86.95001
110.0,90.14227
113.2,90.95092
110.0,91.859116
94.49999999999999,87.12777
50.0,71.54879
0.0,53.081062
0.0,39.798794
0.0,32.109955
0.0,29.330088
0.0,29.587465
0.0,31.97452
0.0,37.63337
4.120000000000001,46.925144
36.42,58.99572
80.54,76.71876
116.33999999999999,104.963715
128.58,126.01753
136.29,122.78796
122.6,112.84452
114.7,108.320175
107.0,108.092674
104.00000000000001,101.41853
110.0,98.75934
110.1,100.37508
119.26,105.139305
120.34,109.30703
128.22,113.94956
120.82,113.48608
116.45,105.33549
97.5,95.576614
83.18,89.035286
81.99,83.44803
82.0,81.34238
81.8,80.76474
81.28,81.90443
80.1,82.99147
82.1,86.9812
90.57,95.008
117.15,108.43613
124.95,122.89247
136.13,130.78244
128.72,124.262
121.05999999999999,114.29281
116.1,108.16356
115.0,108.37413
110.0,102.96705
115.92,100.802765
113.2,98.73656
110.0,103.80454
116.1,107.62872
125.5,111.03786
117.89,109.08159
104.88,99.7765
106.51,92.72938
96.0,85.53323
90.0,80.22271
88.0,77.09842
85.0,73.366035
81.39,72.313644
80.05,73.81491
84.5,79.55891
96.02,86.01915
101.51000000000002,98.32151
118.71,114.0471
130.48,125.89849
129.2,123.30745
120.96,112.5429
115.01999999999998,105.176414
108.64000000000001,104.24822
104.63,98.60574
105.25,96.44329
93.63,97.92593
94.36999999999999,97.79909
99.45000000000002,98.86386
113.3,102.86231
109.87000000000002,100.66387
90.0,89.683685
75.0,77.218735
64.88,68.577065
64.55,60.828175
64.99,55.703766
64.88,52.62185
63.37,50.642773
60.0,51.362053
63.91,56.888523
69.99,65.311005
85.53,82.39323
109.02,104.80912
114.26,120.71358
108.54,114.5345
94.18,102.91133
74.23,95.583
61.77,89.16496
61.77,78.37252
61.28,73.31417
61.28,76.723
61.28,84.735825
61.41,88.74331
61.669999999999995,90.17312
49.65,84.904686
3.6000000000000005,70.62233
0.0,52.505306
0.0,40.970818
0.0,34.687847
0.0,30.704351
0.0,28.563198
0.0,27.807467
0.0,28.90323
1.5300000000000002,33.50903
15.98,42.666336
62.00000000000001,58.671932
97.64,88.125694
117.13,120.79156
112.45000000000002,121.52849
98.3,106.23673
106.09,97.589264
104.44,94.86643
90.0,90.4196
88.33000000000001,89.43453
103.27,93.04668
104.71,97.1505
105.61,100.382385
114.02000000000001,104.51116
100.57,103.4868
70.0,90.07413
63.87,73.55505
63.37,64.345215
59.220000000000006,58.73392
53.93,53.62362
50.72,51.242195
56.27000000000001,51.149673
62.17,53.44853
63.37,59.69081
65.4,70.41097
103.52,89.026825
118.91999999999999,114.49137
129.78,130.26257
123.72,122.04643
116.16000000000001,108.39751
114.02000000000001,102.22703
112.94,101.98473
113.37000000000002,97.5091
110.68,93.64702
105.5,93.84787
101.49999999999999,97.516975
100.64,98.43734
101.09999999999998,98.44185
90.0,93.40537
71.74,78.73409
68.01,60.618294
52.66,47.86896
43.31,39.83971
37.37,32.90287
34.72,29.658195
37.57,28.709742
47.81,30.563185
56.1,38.45312
68.54,53.225643
87.41,76.26947
103.92,104.65682
120.0,119.79898
113.2,112.574486
105.02,100.78177
119.5,97.60927
111.62000000000002,96.46123
103.9,88.54238
93.38,82.96012
85.0,82.31926
84.5,84.15477
79.44,86.01173
76.23,85.05646
63.1,77.83406
40.71,59.420765
0.44000000000000006,38.86138
0.0,25.611055
0.0,17.351034
0.0,12.531834
0.0,10.541964
0.0,11.289772
0.0,14.674346
0.0,22.377935
3.3200000000000007,34.9514
61.99,53.592045
89.5,85.134384
110.33999999999999,116.49922
111.64,114.2523
99.69,101.78863
91.69999999999999,92.3125
76.6,87.89982
74.8,80.36885
75.92,77.17257
75.65,79.682
79.97,86.27603
85.1,93.12088
116.02,100.40138
116.92,103.85187
112.58,94.644485
82.35,81.52801
74.28,75.17107
70.0,70.738884
69.0,68.42282
69.0,67.76609
67.1,68.92536
70.0,70.872345
79.44,76.09358
103.0,86.9203
116.26000000000002,104.76836
129.72,125.14229
157.48,133.33113
131.3,123.63835
124.99999999999999,110.646835
119.81,103.99321
113.2,104.15199
119.88000000000001,99.38172
117.77999999999999,97.745224
117.07999999999998,98.55917
115.0,102.29411
120.78,104.801796
125.08,109.77881
120.78,109.176025
96.76,99.61486
71.5,87.339485
63.37,77.198296
65.16,70.046265
68.14,65.183395
65.16,64.96021
63.1,66.49208
60.0,69.009575
61.99,75.11281
63.37,83.22128
95.0,96.30953
110.0,114.42255
121.49999999999999,125.85736
113.86,115.23739
106.64,102.058075
105.29,93.85769
82.8,90.61236
80.18,82.39254
65.16,77.5218
60.0,78.52626
65.16,82.91618
82.28,87.626465
104.76,92.74363
89.16000000000001,95.081635
57.27,86.3653
8.0,70.42977
5.22,59.310177
7.48,54.917282
40.0,54.89452
53.1,59.324524
60.5,68.14835
65.33,77.253204
80.39,88.42086
98.27,101.119156
111.8,119.14134
129.2,135.11252
165.01,138.1581
150.34,130.43251
130.7,122.38689
120.3,117.541046
115.71,120.41626
118.85,114.88498
118.89,110.268326
118.85,109.46163
118.85,110.92583
121.02000000000001,113.37161
126.71,118.35415
121.02000000000001,118.128136
117.49,108.80909
103.76999999999998,97.70388
82.41,89.806046
81.25,84.48332
82.28,81.11511
80.99,81.28637
78.39,82.41148
78.18,85.51255
80.99,92.197014
86.31,100.64699
117.49,115.016884
131.99,131.0547
164.5,137.60905
137.79,126.95334
121.49999999999999,115.19355
115.84999999999998,107.18512
113.49000000000001,105.64681
109.21,100.079216
116.69000000000001,98.70537
116.69000000000001,101.19134
115.84999999999998,105.52477
117.27,110.80828
124.9,116.110275
119.39,116.22312
116.69000000000001,107.54976
104.92000000000002,95.58299
82.36,88.27214
81.87,83.05968
82.36,80.911606
81.74,80.78284
77.0,81.60715
77.95,84.37474
82.15,90.35351
104.76,100.57285
116.57,114.77352
124.9,131.49864
141.2,137.00337
125.99,126.73362
120.29,115.86646
115.23,108.935196
113.92,111.27286
104.92000000000002,105.90681
109.02,100.748085
98.75000000000001,97.73271
97.99999999999999,95.72152
103.42,96.80579
105.91,97.61369
82.9,94.045166
15.0,78.38424
0.010000000000000127,54.91277
0.0,41.024418
0.0,33.592533
0.0,29.149296
0.0,27.720575
0.0,27.856014
0.0,30.952038
3.3200000000000007,37.227135
16.77,48.64873
71.41,66.28345
103.42,94.52694
116.62,111.07602
98.75000000000001,104.40264
90.41,92.81261
70.0,88.65362
56.440000000000005,86.712845
50.0,76.46865
42.02,66.66238
8.0,61.557575
6.99,58.949127
13.999999999999998,58.690113
13.999999999999998,60.969315
3.3200000000000007,58.46539
0.0,45.46828
-0.72,30.700485
-0.95,22.305712
-0.6600000000000001,17.827938
-0.010000000000000127,15.628563
0.0,15.919765
0.0,19.166632
0.0,24.405626
0.44000000000000006,33.975758
14.2,46.180588
71.41,66.32005
94.02000000000001,98.14252
109.91,122.615746
102.88,117.85545
93.53,106.71837
97.14,99.98264
85.23,94.84834
75.0,88.58016
74.87,87.53837
74.87,90.77911
75.5,96.6684
104.99999999999999,103.97987
122.19999999999999,115.61542
120.01,117.22565
83.06,105.33754
64.99,87.519936
63.37,75.35977
64.99,70.75897
73.94,72.38059
74.87,77.963715
74.07,82.59591
73.81,88.3668
85.34,97.551796
110.77999999999999,110.58063
120.0,126.67427
127.04,143.09898
160.0,141.29312
130.0,131.33444
124.54,121.4866
129.21,115.95187
122.72999999999999,114.564445
119.0,108.74682
119.0,106.2365
112.39,107.43583
109.99000000000001,110.134125
114.76,113.37843
124.1,118.39615
119.58000000000001,118.26233
110.77999999999999,109.49997
94.20000000000002,97.39623
81.2,89.28111
77.5,84.4696
77.5,82.56879
75.93,82.416565
75.0,83.75478
75.31,86.50917
87.95,94.20429
114.0,106.24471
123.85,122.093414
125.14000000000001,136.61761
153.2,139.2644
123.78000000000002,130.58589
119.0,121.510216
122.92,116.582436
119.33,116.65431
117.8,111.50271
118.63,109.998924
118.63,110.70492
118.63,113.21915
117.00000000000001,116.33556
124.28,121.72222
120.75999999999999,121.8009
118.85,112.51352
105.91,99.25535
83.7,90.1751
80.2,82.90541
79.94,79.876175
77.16,79.46433
75.0,80.0935
82.0,82.10088
94.38,90.4808
108.26,103.759514
123.15999999999998,118.13825
125.78,132.38211
138.58,130.86292
119.92999999999999,119.76499
111.53000000000002,111.2228
124.36,106.01362
119.0,104.51165
117.13,98.56419
118.53000000000002,96.17069
118.85,98.94334
119.82,102.756546
124.5,103.7427
128.45,112.31852
128.85,114.61589
120.0,110.94458
112.84000000000002,104.66
114.6,99.52539
107.42,92.24964
111.11,90.49574
117.13,91.23929
114.0,92.72216
114.0,94.13902
108.96,98.913666
117.89,105.62752
128.18,111.879
131.99,124.85571
138.0,131.4419
128.45,123.23633
124.73,114.73779
122.0,108.25854
120.16,106.801094
111.16999999999999,100.51964
120.16,98.49609
119.46,100.372
116.2,103.62422
123.15999999999998,108.60088
129.0,114.40264
126.0,117.08079
125.5,111.092674
116.66,99.48114
99.54000000000002,91.37842
92.29,86.70794
92.29,85.2731
91.94,86.16173
91.81,88.48296
92.07,89.9379
105.97000000000001,96.2574
120.0,108.584076
125.5,120.452675
131.99,127.14244
140.01,125.79225
131.99,121.7556
128.78,112.13362
128.5,107.500114
124.9,110.14109
121.26,105.516464
119.51,100.96363
120.0,103.009224
124.36,108.66103
126.26,112.33938
126.26,115.11973
128.5,115.39253
124.64,107.55528
115.91,97.301575
89.63,90.697914
85.45,84.534424
88.19999999999999,81.72895
87.94000000000001,81.96641
85.23,80.48723
88.07,82.37482
100.0,91.38868
118.85,106.189354
127.42,123.40684
133.0,137.44016
154.15,136.83957
145.68,132.95259
135.01,125.895325
134.02,120.505585
129.16,121.68252
125.91999999999999,116.097626
124.30000000000001,111.735535
122.68,111.29434
121.39,110.601036
124.09000000000002,111.00729
124.9,112.54649
113.08,110.92707
100.66,102.51364
78.5,89.78985
51.99,79.11489
42.99999999999999,67.225746
42.99999999999999,57.749695
46.53000000000001,52.822376
30.1,52.30641
28.98,54.56372
81.37,62.18873
99.64,80.564224
123.60000000000001,108.456985
134.02,133.54204
141.74,135.23122
139.7,129.04872
129.1,122.666466
132.16,118.53562
128.0,116.13682
125.14000000000001,110.10443
120.0,108.662506
118.5,111.07998
122.5,113.953896
127.14,117.06705
131.95,121.68728
131.52,124.24648
122.98,118.882545
109.9,107.604416
90.98,100.45886
89.87000000000002,97.012436
90.29,96.393364
90.08000000000001,97.83926
91.9,99.46942
95.97,103.226135
104.9,109.14169
122.09,118.41805
130.0,129.67854
138.0,140.96826
134.53,142.59644
128.72,129.79591
122.74,118.73993
124.9,113.71249
122.28999999999999,114.76158
114.51000000000002,109.5092
108.0,107.403564
104.99999999999999,109.77694
106.21,113.34305
115.74,116.22962
124.99999999999999,122.92204
133.95,125.43465
115.98,122.26798
98.88,110.33282
90.02,101.27026
85.0,97.890465
83.08,96.72795
84.68,97.27061
87.2,97.68707
86.08000000000001,99.21941
90.49,103.93911
101.92,111.0863
120.94,123.30736
131.0,140.74664
130.01,143.23654
126.56999999999998,130.83075
115.19,120.3678
108.38,112.954666
99.34999999999998,110.897446
94.49999999999999,104.03441
101.31,101.69177
101.0,105.44548
97.99999999999999,110.59835
109.28,114.28063
122.3,122.01945
127.42,126.09446
117.99,121.011116
89.5,108.37784
79.96,96.48046
75.5,89.27543
76.0,85.34419
70.5,84.75681
60.89,83.41362
51.99,82.47194
53.1,85.28408
76.99,93.18135
103.0,112.883156
122.81,145.82669
124.44,153.86421
117.14,139.17719
108.55000000000001,125.32062
104.99999999999999,117.57427
105.7,115.8963
99.34999999999998,111.26861
99.41,110.66295
96.0,112.908226
100.0,117.70007
118.06,120.98089
124.9,126.94879
124.99999999999999,129.7516
113.42,122.787346
92.5,109.11578
84.81,100.689415
84.81,95.449554
84.81,93.220894
84.68,91.797104
81.18,93.394
84.55,97.08812
87.87,105.58064
105.7,118.46013
118.22000000000001,133.792
129.7,144.69275
134.0,143.48915
124.9,136.73236
118.22000000000001,124.11276
111.98,116.757324
109.0,113.1023
103.35,107.6794
97.99999999999999,105.35738
97.55,106.94267
97.99999999999999,110.53437
110.0,113.57525
116.0,119.484245
115.0,123.45179
102.25000000000001,115.554474
85.23,101.876236
74.99,89.65064
63.37,81.39419
46.21999999999999,74.75062
31.2,70.069496
26.85,66.856155
19.56,66.168144
43.6,70.352394
70.2,84.47367
104.41,113.06629
114.81000000000002,143.16814
118.2,146.46877
112.46,134.61763
109.14,123.86342
117.32,117.78744
116.42,118.07573
103.35,112.511665
103.35,110.83153
101.12,113.01564
99.34,115.60113
104.00000000000001,114.93458
108.83,114.94082
104.68,112.503235
77.95,98.959724
51.52000000000001,77.71885
3.3200000000000007,60.85261
3.3200000000000007,46.331085
1.0199999999999998,34.800133
0.44000000000000006,29.072285
3.3200000000000007,28.064598
13.999999999999998,33.200996
50.24,50.643265
83.32,82.68487
116.51,121.26106
136.07,137.33437
148.56,134.23808
124.44,129.14037
123.85999999999999,122.520676
120.86,118.33201
117.14,115.36623
114.32000000000001,108.183754
110.0,105.87474
107.79999999999998,106.115234
106.87,108.13828
110.11,108.20644
113.3,109.08821
108.04,105.32737
78.87,93.36033
8.29,74.42873
0.44000000000000006,54.559727
0.0399999999999999,39.715878
0.0,28.944515
0.0,23.129175
0.0,21.085035
0.0,22.786837
0.0,28.882597
3.3200000000000007,43.471695
76.16,66.78151
106.87,108.85267
117.22,134.89818
116.42,124.76527
110.11,113.84034
115.7,111.95875
110.30000000000001,110.80031
108.75,104.739265
108.66,104.14718
100.2,108.077934
108.36,111.692665
116.42,115.788414
120.0,123.33276
120.0,125.265686
115.1,113.48814
72.2,95.13484
50.24,81.658
45.31,70.60793
40.5,63.39665
20.0,59.868748
6.120000000000001,58.731876
9.54,60.630108
40.5,66.55058
71.94,81.039345
116.5,112.118195
121.56,146.81908
132.0,147.97545
118.29999999999998,131.8258
108.66,118.38706
110.32,112.24055
103.83,110.82943
104.99999999999999,105.77721
103.92,104.09175
99.42,107.11039
100.01,111.18497
109.47000000000001,115.741
112.64,122.328514
114.58999999999999,123.70124
100.0,113.58407
62.00000000000001,97.807884
30.1,85.14604
14.740000000000002,75.77077
19.56,68.906586
6.31,65.56246
3.0400000000000005,64.238266
4.590000000000001,65.32015
28.41,71.06269
53.1,85.80566
99.42,114.00356
109.0,148.76785
111.74000000000001,152.08118
105.5,135.46658
98.42,122.55593
80.89,115.388824
77.75,112.349976
71.0,105.16914
79.77,101.55458
84.84,103.157074
89.84,107.29412
97.63,111.35989
102.98,120.62087
103.7,125.84151
94.44,115.49546
70.1,97.13769
51.99,84.689964
50.24,76.390495
47.7,68.986046
45.0,65.56017
23.75,65.17787
15.0,67.98482
50.24,74.50335
76.16,91.48286
99.95,120.6854
113.0,149.1676
110.03999999999999,149.87401
102.98,136.2873
102.74,124.43046
100.64,117.12292
99.83,113.477425
99.5,109.079506
95.0,108.193085
95.41999999999999,110.92697
98.42,115.034744
100.64,121.96508
113.55,129.41364
116.37,131.98376
101.46,123.09711
73.6,107.56568
52.1,94.210655
44.3,80.50751
13.999999999999998,71.06209
3.6000000000000005,62.84004
3.3200000000000007,59.12616
3.3200000000000007,60.937645
3.6000000000000005,68.489136
51.55,82.027466
80.0,108.852356
101.46,140.10034
100.50000000000001,143.93974
93.53,129.30548
87.35,120.22637
78.89,113.33465
75.05,109.42024
74.76,102.56278
74.76,101.32425
67.52,102.70175
62.20000000000001,104.254295
76.5,106.775955
89.74,117.01499
85.23,124.16429
61.0,114.213936
3.3200000000000007,92.12643
0.0,69.60163
0.0,56.902645
0.0,49.959408
0.0,46.75898
0.0,45.973698
0.0,48.00996
0.0,54.893944
2.0,66.20155
62.07,86.355644
89.98,120.27083
85.29,132.48624
80.01,114.0178
62.20000000000001,98.53142
55.2,90.357666
54.0,89.276505
49.86,83.55149
45.980000000000004,77.72553
49.08,80.457344
48.88,86.28353
55.07,92.40521
65.0,96.651405
68.86,95.75807
56.18000000000001,84.24173
10.000000000000002,66.967155
0.44000000000000006,49.597996
0.44000000000000006,38.58136
0.7899999999999999,33.952126
0.44000000000000006,32.759907
0.44000000000000006,34.03658
0.44000000000000006,37.242268
11.25,45.97958
55.2,61.910553
89.54999999999998,96.23331
101.71999999999998,135.39417
106.85,136.98647
87.99,119.42498
80.98,107.759796
61.7,103.15208
60.5,96.57721
55.29999999999999,83.72565
54.05,78.255806
54.05,79.41275
54.15999999999999,82.96435
54.05,83.289696
54.05,82.319244
32.48,76.910614
6.0,59.0623
0.0,39.03763
-0.010000000000000127,26.623926
-0.2500000000000001,19.838684
-0.010000000000000127,16.05836
-0.36,13.735433
-0.36,14.837322
-0.36,19.712711
-0.010000000000000127,29.888496
0.44000000000000006,48.39507
49.85,74.685196
65.08,110.01344
64.39,121.7207
60.74,108.260315
54.91,93.95118
30.0,86.30272
13.03,79.80141
15.0,69.45493
11.849999999999998,63.89961
6.0,66.175575
10.15,76.23855
41.1,86.35934
60.0,94.79276
60.0,98.55078
45.1,86.82131
3.3200000000000007,65.412346
0.0,49.40591
0.0,41.577297
0.0,37.638233
0.0,35.835785
0.0,36.35665
0.0,41.061165
0.059999999999999845,51.406963
29.68,67.650505
60.98,98.82358
88.4,134.26707
81.82,137.14372
55.92,115.23197
40.06,94.548256
26.3,80.946465
12.18,70.84189
6.99,60.69256
9.24,56.555344
5.15,62.52648
5.0,74.63555
33.88,83.31853
49.71,90.63685
53.34,98.05203
33.99,90.12552
0.44000000000000006,68.81611
0.0,53.054016
0.0,45.50957
0.0,42.138924
0.0,41.61405
0.0,43.323986
0.0,48.10263
3.0,58.81891
32.26,75.82921
50.76,101.71058
93.52,138.52736
85.23,138.31459
60.74,118.96253
55.0,102.34767
70.59,94.390625
81.0,93.90092
81.22,93.2112
81.22,96.62651
82.44,104.44124
88.01,112.71924
99.22,123.72306
113.22,137.15482
123.0,140.79315
108.65,129.0945
85.74,111.983665
65.82,99.32568
60.0,90.19892
60.0,87.6763
57.61,87.278015
56.47,87.05548
61.0,90.36898
85.5,98.02687
88.0,110.978485
120.01,129.89803
143.02,145.46436
148.26,140.89566
112.24,128.13808
109.85,120.116234
100.66999999999999,114.82472
97.89,115.51764
98.02,109.28443
98.42,108.48219
100.66999999999999,112.43257
93.0,116.95396
106.42,122.81938
118.23,129.68672
120.85,134.20406
114.7,129.2408
97.94,117.81593
97.89,110.32561
97.33,105.5718
95.5,104.350975
95.0,105.83814
88.0,106.3253
95.4,108.631996
95.5,114.32046
102.0,122.957504
119.43999999999998,133.57164
146.5,139.35684
155.01,137.9046
120.69,129.3344
112.46,122.154015
115.31,117.74265
108.89999999999999,116.10274
104.61000000000001,111.65986
104.61000000000001,111.19875
106.62,113.269455
107.90000000000002,115.35726
111.6,118.363014
124.9,125.10847
124.9,130.11284
114.92,126.35767
115.98,116.11101
106.62,107.97602
87.00000000000001,104.072235
81.34,102.802536
77.84,100.62948
72.85,99.84054
77.1,100.373535
85.5,107.301506
106.62,116.99929
113.0,129.3111
145.73,135.5182
146.97,131.00761
124.99999999999999,123.65318
118.72,115.6082
104.64,109.89293
100.28000000000002,112.02636
98.02,108.34138
102.54999999999998,108.546265
100.07,109.06867
100.28000000000002,112.14007
94.90000000000002,114.62096
95.9,119.67649
100.07,117.952255
100.87,113.3793
95.01,105.5644
74.29,96.061485
64.7,91.35262
50.24,82.38553
30.0,76.28613
3.3200000000000007,70.840706
20.22,67.669235
49.77000000000001,69.54633
75.0,84.28813
108.67,110.73713
117.31,127.79237
133.02,126.62266
115.14,117.61518
115.0,111.25746
99.98000000000002,107.67165
95.58,105.97149
95.55000000000001,100.05976
95.84,98.42771
93.9,99.11863
97.9,101.589645
102.54999999999998,102.53441
102.98,104.92245
96.31,103.694016
90.63,96.65089
50.24,82.93137
11.87,64.76488
11.68,49.181015
0.10000000000000005,39.0224
0.010000000000000127,35.705273
2.0,39.060417
2.0,43.207672
28.450000000000003,52.611553
70.0,72.89952
102.69,108.958984
110.22,135.04323
114.53,131.78812
102.74,122.28956
99.98000000000002,114.313965
102.54999999999998,109.28241
95.58,107.495636
90.0,101.69574
93.17,101.30655
93.87999999999998,104.0387
95.58,109.21962
96.4,115.57733
115.26,124.95169
120.01,128.77177
101.7,120.882065
85.0,104.30573
66.54,90.65777
51.099999999999994,78.28504
50.24,71.04599
39.9,70.06468
20.5,69.82775
40.65,71.66986
60.81,79.533
95.58,99.5531
116.05,131.16577
155.01,150.7253
157.66,141.93181
112.55,127.48282
105.08,116.67151
95.52,111.90205
95.0,112.0435
94.49999999999999,105.334816
93.84,103.766335
93.84,105.3328
93.84,109.98855
107.74,116.97228
120.10000000000001,126.16048
127.66999999999999,133.671
117.9,125.88558
94.08,112.27197
79.49,101.68379
64.96,92.835976
59.77000000000001,88.470764
57.31,85.95583
59.55,88.77239
60.2,93.39855
82.44,100.30672
83.65,118.085815
124.76,135.26622
140.0,141.84618
138.44,137.41753
112.55,126.25257
102.34000000000002,116.82595
92.39999999999999,111.249886
75.49,108.841446
73.08,99.948
72.72,94.489784
60.8,96.35889
60.7,98.97185
60.7,101.96024
84.24,113.06694
88.09,121.35922
70.76,116.24194
61.5,102.09439
52.1,84.42197
40.0,69.73135
34.27,58.684902
36.23,52.432312
15.0,52.708786
13.999999999999998,58.929333
34.23,66.49794
41.91,76.036995
60.8,95.56563
74.0,119.06212
73.08,124.09607
57.3,109.87467
40.0,92.75264
20.299999999999997,79.1786
6.99,65.742004
10.29,53.065727
4.92,47.87233
3.3200000000000007,50.634342
7.33,60.177383
33.83,72.06387
58.27,85.22004
65.0,100.59842
53.52,97.61018
3.6000000000000005,77.702675
0.46,60.519882
0.0,49.47497
0.0,43.563015
0.0,41.79969
0.0,42.90349
0.0,50.728367
2.3999999999999995,63.815525
11.99,80.19765
55.23,95.44172
65.5,113.98831
72.5,117.36019
54.9,104.702156
49.9,91.46018
6.999999999999999,78.21448
3.3200000000000007,67.10972
3.3200000000000007,55.035248
3.3200000000000007,49.55809
3.3200000000000007,51.763004
3.3200000000000007,59.467007
5.140000000000001,71.11793
45.0,81.56626
52.1,87.58227
10.08,81.881035
0.44000000000000006,61.564636
0.0,47.438614
-0.010000000000000127,40.507946
-0.15000000000000008,35.73737
-0.0399999999999999,34.213593
-0.010000000000000127,33.088863
0.0,35.934895
0.44000000000000006,46.028072
34.21,63.14973
69.85,93.80489
98.07,134.34305
109.83,137.96457
87.00000000000001,121.961716
79.0,109.242226
86.04000000000002,100.1275
75.1,97.25379
54.0,88.734764
48.99999999999999,78.75201
45.0,73.269936
43.77,71.8878
45.0,73.36257
54.18,75.485725
50.0,74.07377
24.17,63.08295
3.6000000000000005,42.43812
0.0,26.644398
0.0,18.955233
0.0,15.551615
0.0,14.612209
0.0,15.937778
0.0,19.963736
0.44000000000000006,29.214697
50.24,49.413776
111.23,92.433395
114.29000000000002,133.38635
120.11,129.95695
106.0,115.15611
91.25,108.23357
84.99,102.4662
79.49,97.75575
74.9,87.63827
58.36,80.14606
49.199999999999996,74.90194
49.199999999999996,70.44915
55.0,67.27687
60.65999999999999,67.32484
57.94,67.18684
19.9,55.688774
0.0,34.686935
-0.12,18.906805
-0.39000000000000007,10.990839
-0.49999999999999994,6.4796357
-0.4499999999999999,4.543763
-0.79,5.177457
-0.79,9.862766
-0.010000000000000127,21.52108
8.6,43.135666
72.34,76.41734
95.0,122.67219
101.89,133.08427
95.98,118.94427
84.99,110.16048
80.35,107.12175
83.0,106.30112
94.4,99.88353
88.0,99.322266
85.0,104.753876
95.98,111.91809
106.0,117.623856
141.94,125.48416
160.1,129.39769
106.0,117.6472
69.14,97.651215
47.77,80.30777
29.21,68.08579
25.199999999999996,59.591118
10.000000000000002,55.871918
2.3999999999999995,55.001625
18.2,59.614445
49.54,72.675835
95.74,98.63195
119.72,138.95233
176.21,156.84451
174.5,146.27942
124.44,131.34763
125.45,120.86123
104.00000000000001,112.39037
97.68,109.70938
97.68,105.042336
94.86,102.52519
84.01,104.17449
80.35,106.81537
88.13,109.41069
117.03999999999999,117.41561
123.81,121.67767
100.0,114.8399
99.54000000000002,101.48337
79.49,91.01461
58.48,82.842094
55.410000000000004,75.64346
56.28,70.827515
57.98,67.55136
55.9,67.46514
76.14,74.69127
103.57,93.84641
143.44,124.12099
173.80999999999997,141.59178
165.98,132.53372
125.45,120.48743
110.59999999999998,111.77161
98.02,104.547485
99.0,103.69017
98.02,95.919
88.66,90.54851
86.43000000000002,92.71756
81.59,98.061935
101.6,103.608345
119.48,109.16057
124.24,112.52229
109.25000000000001,106.60015
90.22,94.76046
88.66,84.98073
87.26000000000002,83.20969
78.38,83.590454
65.0,87.53778
65.0,89.89076
71.5,96.0955
79.44,108.1444
101.84,117.35866
116.85999999999999,119.73694
117.25,124.6418
100.0,121.58932
93.55,110.5815
85.0,102.9769
59.36,97.931404
40.0,87.02042
40.0,71.83359
17.8,63.805073
8.0,66.547165
32.57,74.101654
57.17,83.28787
77.63,95.29066
86.74,105.43138
74.61,101.93118
50.1,86.09948
45.0,71.55959
40.0,60.228153
31.67,52.352924
24.47,48.120808
15.100000000000001,47.12372
13.999999999999998,50.594265
47.88,62.5042
74.61,84.39094
109.52,121.252785
124.99999999999999,139.68977
126.98000000000002,131.99187
99.99,122.70838
91.88,115.928314
99.0,110.51153
100.2,108.47128
98.02,103.28406
94.79999999999998,102.91738
102.68,105.70166
99.54000000000002,108.98121
103.0,111.05423
127.79,116.035576
141.37,120.95018
116.57,117.34958
100.11,102.79685
76.39,89.439026
60.2,81.27896
59.3,75.98565
50.0,72.64371
49.1,70.98392
57.88,72.96259
77.42,81.09598
100.2,98.95071
137.24,126.474686
146.03,140.55875
146.41,131.32272
117.16999999999999,121.97799
115.0,116.671616
93.10000000000001,112.17707
85.98,112.26962
85.5,108.658844
85.5,107.12093
82.47,106.682816
79.82,106.43454
86.20000000000002,106.15919
100.4,106.801414
109.38000000000001,108.201225
89.02,100.61296
57.0,83.377426
39.99,62.813038
2.0,45.5652
0.010000000000000127,33.042168
0.0,25.326643
0.0,22.368057
0.0,24.666096
0.44000000000000006,33.849888
45.0,49.94721
85.23,74.40779
95.18,104.20162
82.47,104.18528
77.8,91.0291
67.0,82.669525
47.39999999999999,79.54512
30.83,67.55686
25.0,52.610718
10.39,45.511253
5.0,44.937756
4.69,48.07008
10.39,52.262848
10.39,55.66529
10.39,56.00138
10.39,49.691833
3.3200000000000007,39.26562
0.010000000000000127,29.869614
0.0,22.553648
-0.010000000000000127,16.654163
-0.010000000000000127,12.847263
-0.010000000000000127,12.91374
0.0,20.153244
0.44000000000000006,35.55046
17.76,60.08489
59.03,92.19543
78.05,117.71005
85.23,119.48984
63.5,108.846016
54.9,98.8131
65.08,93.23177
46.34,84.87094
40.0,74.1482
30.1,69.55065
29.970000000000002,71.70294
30.1,78.427505
52.02,84.27602
84.5,96.29394
108.31999999999998,112.4594
91.75000000000001,113.27359
65.98,98.640785
56.01,82.62458
44.71,70.0076
30.1,59.55204
27.079999999999995,54.643528
26.830000000000002,56.482338
30.25,64.729225
50.24,77.981384
68.0,88.32643
73.61,102.825584
85.01,117.0
67.73,115.57487
65.8,102.09508
61.39,88.39445
33.1,80.37719
24.350000000000005,71.25694
19.57,56.78559
6.999999999999999,45.73471
4.900000000000001,42.08936
21.54,44.99404
39.58,52.052628
52.97999999999999,64.32568
77.71,79.526375
48.38,82.169846
30.1,66.64211
3.3200000000000007,46.78216
3.3200000000000007,33.06119
0.9699999999999998,25.172705
0.010000000000000127,23.848694
0.0,25.716436
0.51,33.645508
5.0,47.913994
48.38,66.865555
79.9,92.33431
90.0,105.62753
83.19,98.35496
46.08,86.290276
33.1,71.72497
19.86,59.885002
3.6000000000000005,49.22675
2.0,39.428898
0.9799999999999999,35.295776
0.9799999999999999,39.36052
2.0,47.080486
16.98,52.709606
40.0,55.027046
52.8,60.281765
47.59,63.821556
35.06,58.85619
30.300000000000004,49.014477
26.5,40.846245
20.329999999999995,34.14898
6.0,29.956772
3.3200000000000007,28.513533
3.3200000000000007,33.873314
8.75,44.756313
30.300000000000004,62.55377
40.0,81.27272
60.8,91.51679
49.08,83.57462
46.69,73.57003
41.13,64.50657
40.08,58.262516
40.0,58.080017
40.0,56.895744
40.0,58.11439
44.0,61.66022
55.01,68.81558
69.0,80.93728
91.47999999999999,102.33039
108.8,122.6392
92.0,122.84937
69.0,108.441216
40.29,93.13658
39.83,81.9146
40.08,75.24965
39.83,72.90122
40.5,73.26379
55.260000000000005,79.30463
71.78,93.39731
100.0,121.93948
129.22,147.20789
180.0,150.23357
173.4,141.72186
120.0,133.54784
108.8,127.00551
111.03,121.37745
99.0,120.638885
92.0,115.2213
88.71,112.0407
84.72,111.751015
81.37,113.14608
99.95,115.886116
140.41,123.61997
155.49,130.78209
110.01,125.285835
90.0,113.11027
79.9,101.98942
70.1,96.10142
58.11,90.83463
61.95,84.58045
66.95,86.32829
70.0,92.38173
71.35,101.19157
82.44,111.94275
100.79999999999998,120.921555
109.01,118.9368
90.68999999999998,112.66335
81.37,104.750824
80.57,98.220695
67.29,90.116714
57.57,83.87303
47.96,75.66456
38.91,70.931274
38.91,70.76068
42.629999999999995,73.64295
60.21,78.85836
61.0,86.789154
62.97,95.84023
67.08,99.82028
69.31,96.78992
72.5,92.64594
70.0,88.504486
69.31,84.27196
66.83,87.80317
53.0,91.949066
53.0,95.501816
67.08,101.409294
84.65,112.131165
92.08,124.13985
119.92999999999999,125.10706
117.1,122.08226
105.61999999999999,117.684715
91.60999999999999,112.085754
69.78,107.69379
62.91,103.559944
57.0,92.694786
58.68999999999999,84.22785
55.0,82.68157
60.87,85.03024
55.1,86.91099
64.97,88.26379
60.0,88.06861
46.5,84.02043
35.06,71.4031
6.99,56.756752
4.490000000000001,46.923344
0.0800000000000001,41.471546
0.0,41.52534
0.0,43.785202
6.8,50.10773
31.28,62.71948
62.82,85.350876
93.08,123.37106
116.97,136.62341
121.27999999999999,130.50629
102.78,124.69805
93.56,119.50746
93.98000000000002,115.36903
85.23,113.72431
85.75,105.9836
83.83,103.55188
85.23,107.37251
93.74,111.87996
102.0,116.71363
122.86000000000001,125.25251
155.0,132.2715
122.86000000000001,128.74454
111.54,119.706795
92.5,110.143936
85.7,106.48435
78.42,100.8498
74.16,96.597305
73.07,97.81645
71.2,100.96648
97.46,106.34253
121.04,117.51607
161.89,130.94817
178.61,131.87798
128.9,125.28161
100.24,118.2019
94.79999999999998,112.02456
82.19,103.4773
79.99,98.345924
80.0,89.6647
77.05,85.77329
69.78,90.68792
72.0,98.32701
72.0,106.641685
91.36,118.124695
122.28,125.2637
110.46999999999998,126.31668
92.74,116.90606
83.05,107.293274
80.0,95.96785
79.92,94.11764
70.16,96.752426
71.9,98.1267
82.19,105.005684
81.0,115.39708
90.08000000000001,125.37032
105.01000000000002,131.7641
125.89,133.51892
105.01000000000002,128.2711
90.08000000000001,119.57769
79.26,110.96526
54.5,103.1759
47.50999999999999,87.204895
45.0,69.57946
40.32,60.449493
40.0,61.463566
40.0,70.06321
52.84,80.11763
49.9,90.642944
59.55,104.87004
54.29,105.43745
30.0,95.09286
14.160000000000002,81.60568
4.090000000000001,70.14237
3.3200000000000007,63.69184
4.000000000000001,59.460632
14.18,59.316074
30.84,65.4724
51.81,84.22491
75.74,110.81186
83.91,143.04861
112.08,147.996
105.01000000000002,136.67114
83.3,125.58664
75.74,114.96455
84.8,107.421814
76.5,102.6539
70.12,92.980675
70.0,89.17406
60.0,90.77411
54.08,94.43943
63.38000000000001,95.935524
84.34,101.39679
83.93,115.94131
82.27,117.374504
55.0,100.356285
6.999999999999999,76.581535
3.3200000000000007,57.286705
3.3200000000000007,45.309605
1.51,40.39125
0.44000000000000006,40.40972
0.44000000000000006,45.621323
3.3200000000000007,54.683765
49.97,70.10772
82.27,97.6617
82.27,122.437706
72.59,123.48923
71.08,107.784966
68.06,96.38634
50.1,88.916595
45.62,81.80137
38.06,71.72539
30.300000000000004,66.29735
30.300000000000004,68.282974
49.03,72.78632
57.84,79.16396
75.0,90.67138
99.5,107.39312
75.0,106.83519
54.5,88.24119
29.88,67.813896
5.0,53.395607
3.8100000000000005,44.96905
3.6000000000000005,42.200912
3.3200000000000007,44.137466
6.0,50.648285
49.97,64.36632
81.89,93.23748
109.56000000000002,126.95096
103.24999999999999,133.01317
93.89000000000001,119.798164
81.2,108.624535
71.08,100.806366
65.0,95.15645
62.14,89.98691
51.209999999999994,81.93544
40.0,74.59471
40.0,70.66802
41.25,71.686714
54.78000000000001,73.94528
62.4,82.1811
70.0,92.58659
64.53,92.124176
46.419999999999995,81.505394
35.0,64.30733
30.24,49.10499
17.67,39.6723
13.17,37.51481
5.79,40.6165
5.050000000000001,48.74389
22.32,64.435326
44.13,88.25725
70.0,113.36845
82.88,117.80268
91.5,109.817505
80.18,102.73216
73.33,95.943184
55.99999999999999,93.07671
40.0,84.35983
30.1,70.824486
31.249999999999996,63.91927
35.01,63.311985
43.1,67.436005
54.85,72.32323
54.85,76.00335
55.27,77.9562
45.0,72.93911
6.37,63.15385
0.0800000000000001,47.721577
0.0,37.803154
-0.010000000000000127,35.433342
-0.010000000000000127,36.447186
0.0,41.14535
0.030000000000000075,49.82605
8.64,63.832703
64.82,87.89985
99.87,124.89442
125.01000000000002,140.90237
125.89,134.00102
100.23,125.38168
95.56,118.89925
92.0,111.74992
85.23,108.78374
70.0,101.201996
64.0,96.66183
64.0,96.88585
70.0,101.456566
90.71,108.90835
105.01000000000002,121.53106
125.89,131.70848
103.9,126.39891
88.77000000000001,109.68401
81.5,96.67594
73.29,92.999725
69.0,92.46319
67.04,93.72925
67.88,95.76509
70.47,99.31193
90.22,108.488014
103.41,127.880066
158.4,144.68837
181.0,142.26717
126.39,132.11662
103.37,123.94928
95.56,115.52169
80.85,109.01864
70.0,105.301346
63.78999999999999,96.5849
69.4,91.71879
60.0,93.77046
70.0,99.806885
75.97,108.12262
102.17,118.732124
123.02,129.29443
105.5,126.555565
93.02,111.54663
55.4,93.469215
53.54,80.52572
50.24,75.62303
53.54,79.79675
53.54,84.78094
52.49999999999999,90.98141
74.99,99.85086
95.91,117.31939
124.71,140.59387
112.02,142.59206
100.0,129.39723
95.78,118.86038
88.35,113.040375
75.56,108.58386
79.25,107.37159
71.0,100.25529
64.32,100.10411
64.29,105.98267
65.0,112.98363
84.98,119.38567
102.1,127.927444
134.71,139.18977
110.06,139.46506
85.0,122.78395
65.0,107.86796
64.08,97.10904
56.58,94.11076
56.08,94.487
59.99,96.780426
63.400000000000006,102.0457
71.99,111.01828
103.41,125.548134
155.8,145.163
145.97,145.85568
121.88999999999999,133.80032
99.87,125.41001
93.16,117.6298
74.9,112.55405
65.15,107.36938
62.08,97.921234
62.08,93.97852
62.29,96.98964
66.3,102.57924
71.76,106.56321
90.01,115.64611
120.01,126.76988
98.15,124.84197
69.17,110.41423
60.0,96.05045
50.24,84.16137
43.53999999999999,76.6846
30.01,75.18525
24.55,79.93016
47.44,86.6628
60.400000000000006,98.1226
79.36,120.545
110.15999999999998,144.36679
101.35,142.78757
92.98,129.73505
75.72,123.11007
67.0,115.122536
57.0,106.27741
55.0,94.43324
43.49999999999999,82.32207
44.0,78.97833
48.99999999999999,81.684425
41.0,88.174614
56.5,96.98217
70.1,107.36744
90.30000000000001,125.62626
79.64,130.62683
70.0,123.35085
60.0,112.19972
55.83,103.36505
54.0,97.40049
50.0,93.735115
42.0,93.290306
40.0,94.45713
53.89999999999999,101.80029
70.57,114.601685
102.17,138.04956
103.06,144.17194
90.5,136.59895
79.03,127.13501
74.0,119.89129
67.82,112.94615
56.29,104.31385
50.0,94.20812
42.76,87.96983
42.9,85.325905
41.93999999999999,84.06607
50.1,83.71352
56.5,85.64536
57.82000000000001,90.791275
65.56,92.26601
56.08,82.6637
44.99,68.35709
25.1,61.846092
25.1,57.606617
16.41,59.17938
5.01,65.09125
5.01,72.18077
40.0,84.06084
57.39999999999999,101.16636
90.98,119.793205
83.3,124.47865
66.25,120.535805
68.22,116.019455
75.0,111.03329
87.71,109.74025
83.31,107.750496
82.23,102.57447
80.68,101.25362
81.3,100.302055
80.68,101.711075
70.0,104.07265
80.0,107.73639
86.24000000000001,107.96833
81.3,101.828835
64.36,89.070786
54.72,78.520226
42.5,73.319
39.99,75.16932
40.0,77.8328
55.18999999999999,84.24915
44.99,87.348946
63.97,97.916306
81.25,113.51664
96.27,126.08913
128.7,127.3926
115.50999999999999,126.22065
107.36,122.37
96.78000000000002,117.28704
60.61,111.95648
50.31,101.8299
48.99999999999999,84.29632
43.1,74.785934
43.92,77.92983
49.199999999999996,88.57325
65.78,102.19954
86.74,121.4974
98.94,135.22054
68.39,127.81681
60.61,107.70432
51.99,96.04879
50.24,90.055916
51.97,87.00246
51.97,87.92602
52.51,92.19133
84.89,101.859055
115.57,121.947945
149.48,143.53789
133.66,145.77686
115.73000000000002,136.21143
110.49,129.61928
98.60999999999999,124.00285
81.25,117.65561
70.0,109.79564
65.14,99.808304
56.21,87.495476
49.28,82.6359
49.04,84.546906
58.4,91.590126
70.84,100.64138
83.09,115.73855
91.36,128.51688
72.4,128.00447
73.61,120.35106
71.1,108.44049
71.1,104.546555
71.0,100.71434
70.84,103.7397
71.1,107.31717
73.61,113.762886
74.7,117.58797
85.0,121.694954
93.34,126.144775
98.60999999999999,120.737854
90.0,118.015
83.22,115.30205
68.7,108.42223
66.0,98.83906
55.0,88.0879
52.99,75.299515
44.6,71.406685
40.0,78.51526
52.49999999999999,88.129776
68.68,98.54542
76.04,111.61744
90.25,128.40114
85.0,126.74876
69.7,113.37609
69.57,104.07004
73.05,98.60789
73.52,100.574265
69.57,106.06144
72.65,110.14675
86.81,118.29377
102.3,128.56407
145.0,137.48274
143.36,143.17683
143.36,140.52884
132.33,136.00778
99.8,133.53087
91.71,123.7546
80.0,116.09038
76.79,110.90637
75.0,103.00782
72.59,100.075066
70.99,102.82337
77.0,109.913536
88.39,117.78397
117.05,126.97608
121.58,138.81824
102.8,136.78722
93.2,125.40151
85.04,120.40814
88.91,116.9017
85.31,116.102005
85.51,116.12786
95.5,118.57139
113.0,128.66708
130.0,134.56769
134.14,139.07404
135.01,137.48785
148.72,132.31734
134.34,130.73955
115.19999999999999,128.68031
102.0,122.120285
86.48000000000002,117.73076
81.71,116.03833
75.0,108.2575
70.7,103.83193
70.68,102.561226
71.66,103.31433
73.84,105.42575
78.0,106.43388
73.09,107.08855
70.0,105.19765
66.71,99.40954
47.8,90.13004
49.99000000000001,83.22717
50.24,81.09375
60.0,83.623116
70.43,89.520775
83.76,98.612625
105.48,111.87124
125.88,126.40691
120.01,130.44614
119.7,124.42224
110.75,120.90219
101.09,117.786
95.65,114.17617
96.28,111.18345
91.56,113.32885
88.93,112.94662
86.0,112.55714
86.85000000000001,112.9722
85.62,115.256065
93.13999999999999,119.21531
100.11,121.35308
101.16,123.843864
88.93,119.706726
77.89,109.95557
71.77,103.31298
74.63,100.20283
69.84,96.82721
72.34,98.173096
70.63,101.286674
85.0,103.65407
105.82,113.20302
114.64,130.99438
114.64,137.18008
112.46,128.7601
111.54,124.4371
106.28,121.52017
100.61,117.50205
101.18999999999998,114.058105
91.36,111.077095
85.51,104.83725
85.0,102.54588
76.25,103.18881
75.12,104.02037
84.18,103.41787
87.14,106.484886
77.89,108.68322
40.1,102.13532
30.0,85.25913
19.99,73.13526
7.400000000000001,67.80771
24.77,68.045425
25.1,70.3162
30.300000000000004,73.64657
65.97,81.31977
94.73,99.93297
116.67,121.757065
114.01,126.754326
111.04,122.13557
102.54,116.35359
100.2,114.69241
95.23999999999998,114.4802
92.04,110.96909
89.96,109.912674
90.06999999999998,104.3188
83.82,105.20644
85.36,109.52497
89.89,115.48367
104.14,120.44958
121.54,127.012665
124.07999999999998,133.15707
118.04,130.48209
99.88000000000001,118.33836
93.32,110.707985
91.38999999999999,107.91627
90.1,107.77394
92.39999999999999,110.18109
109.63999999999999,114.37988
120.94,121.05027
135.24,130.98965
160.54,137.41881
151.52,136.47847
123.0,129.9665
118.28,125.71035
118.28,123.17388
109.63999999999999,120.0659
101.47,117.23723
94.0,118.61186
90.43,116.31341
90.89,117.37515
91.1,120.52905
101.47,123.64363
115.17,126.68856
124.09000000000002,132.09941
133.14,139.745
118.23,134.98926
105.87,122.79649
95.28,116.91131
94.92,114.51614
99.25,113.86314
109.5,115.9728
111.33,119.73474
115.54,125.09108
123.62,131.51785
193.0,139.1221
186.20000000000002,139.51659
154.45,134.6517
126.63,131.27396
121.27999999999999,129.71747
112.23000000000002,125.97321
123.04000000000002,123.53209
119.23000000000002,120.67113
117.98,117.485504
116.02999999999999,117.86073
110.42999999999999,120.00401
112.52999999999999,122.80826
119.23000000000002,125.13347
125.01000000000002,129.64929
128.89,134.68503
119.23000000000002,131.57445
100.34,118.542694
92.33,111.476036
88.0,108.19426
90.0,107.25122
86.0,108.39683
92.58000000000001,110.06467
105.8,113.525154
124.99999999999999,124.79221
171.89,139.68901
167.02,136.99089
135.18,129.92024
124.65,127.741234
117.39000000000001,123.11926
116.16000000000001,120.12627
106.53999999999999,116.411995
95.71999999999998,118.12131
94.01,114.538086
99.32,113.98327
100.2,117.14116
107.61,121.19023
109.9,124.76257
122.76,129.62164
127.51,135.05101
120.04,131.8323
105.6,120.62096
95.0,114.1167
90.0,111.90401
90.0,111.58318
92.0,112.77291
106.87,114.97663
119.16,119.74238
122.98,129.36867
151.49,139.54222
144.66,136.59692
130.99,129.70264
124.47999999999999,127.73243
115.31,125.20308
111.73,122.25342
103.48000000000002,118.81793
104.00000000000001,118.89999
98.78,113.93648
98.78,112.01673
98.8,115.06164
103.23,118.37049
112.08999999999999,122.05852
126.56,128.46074
130.37,132.98483
124.1,130.67041
117.34,123.84424
110.94,119.4803
105.59,117.52724
106.81,115.22095
112.52999999999999,115.862236
122.8,119.39369
127.74,125.02449
129.88,130.09637
133.58,135.18565
134.28,134.999
134.28,132.30064
132.28,131.03317
127.74,128.24635
123.76,124.1131
115.7,119.98725
115.7,119.30009
98.96000000000001,114.63332
98.96000000000001,113.293335
98.41,116.80646
100.17,120.34423
104.31000000000002,122.795456
109.87000000000002,127.02814
114.09999999999998,129.5814
114.6,128.74115
109.97,124.33538
106.4,117.2456
100.37000000000002,110.29965
96.8,106.353004
93.22999999999999,107.47247
90.2,108.25561
114.08,110.6862
130.04,125.19947
133.34,142.71025
134.86,143.03006
128.32,133.7385
117.96,126.294426
114.53,126.22173
110.1,122.56507
104.99,120.743576
102.28,119.098145
97.68999999999998,112.118454
92.52,108.1682
90.0,107.89772
89.18,109.55688
95.09,111.00114
102.45,114.5426
97.95,117.7794
82.78,112.81921
65.2,96.79124
50.0,86.529
48.4,78.164024
49.01,74.11008
49.01,75.59244
50.24,80.42915
83.2,87.511375
116.0,111.371315
127.99,138.79573
128.02,136.78262
125.30999999999999,128.0396
115.28,123.587715
111.1,123.57816
108.02000000000001,120.49661
109.0,116.32178
101.71,113.71791
99.39,105.64612
85.38,103.6164
80.66,106.113815
80.2,110.22443
84.1,114.526665
105.72,121.38712
109.0,127.41288
79.9,118.309074
50.24,97.09343
45.2,83.81593
33.49,77.30555
15.2,76.393585
6.999999999999999,75.872536
5.0,77.225845
65.63,82.744896
106.7,100.29811
115.89,132.16399
116.85999999999999,134.6785
109.69000000000001,121.9001
96.73,115.21994
88.92,111.764145
78.2,105.29783
65.0,98.34681
49.97,89.56631
49.78,76.576454
45.38,69.59108
31.24,71.57367
49.84,79.57926
70.2,86.82135
102.66,98.37018
102.67,112.35897
69.98,109.63051
4.31,88.76812
3.3200000000000007,72.58458
3.3200000000000007,65.32311
3.3200000000000007,64.07676
3.3200000000000007,65.63811
3.3200000000000007,69.605354
49.84,76.14851
102.67,91.18571
115.06,124.28246
120.75999999999999,138.22482
128.86,131.08942
120.28000000000002,125.29863
119.92,123.949265
113.87,120.78169
100.13,116.74531
99.47,115.1918
99.12,109.568565
95.32999999999998,106.379875
91.82,105.549065
94.90000000000002,108.09017
104.09000000000002,112.86352
120.0,122.58784
121.76,134.81683
120.86,135.13568
104.09000000000002,122.3276
84.9,113.17942
82.99,111.21878
83.2,107.71923
84.9,106.5504
95.97,111.92722
112.34999999999998,115.28128
116.28,121.66267
121.27999999999999,131.25932
132.18,136.49982
133.61,135.83435
119.8,135.57207
115.88,130.40688
100.0,123.362755
90.2,118.28282
90.0,114.86718
89.53,107.63366
89.99000000000001,107.06935
90.2,112.45698
95.74,118.92006
110.98999999999998,124.15519
125.28,129.75977
134.11,139.51024
125.8,143.36227
121.70999999999998,134.48576
120.75999999999999,123.48895
119.8,119.65677
120.75999999999999,120.75363
122.54,124.3846
126.04,126.836555
133.12,131.48773
136.23,137.81282
146.26,143.79082
151.63,142.98477
140.1,139.48592
129.81,136.42006
123.28,131.89258
112.91,128.06033
111.6,123.591576
107.31,119.95657
107.43,115.40006
104.05,116.468575
104.81,120.63823
109.54999999999998,124.11088
130.98,126.70035
141.66,135.79897
147.22,145.34427
138.36,144.80971
131.25,134.65413
125.6,127.20636
120.47,124.43164
119.54000000000002,122.91091
120.0,123.4991
119.55,124.84059
128.7,129.20976
139.68,137.6203
138.66,144.98317
134.05,141.98807
133.85,135.63388
134.19,134.01187
126.69,132.54533
114.08,125.93065
104.59,121.71719
99.0,124.685875
94.49999999999999,120.72442
92.28,117.77568
92.37,117.362206
91.98,121.12229
93.99,123.90818
104.52000000000001,129.62083
114.32000000000001,134.15948
116.0,133.48036
112.2,129.15498
104.00000000000001,126.0146
101.49,120.03281
99.54000000000002,116.23267
101.51000000000002,117.06215
109.05,120.31006
120.64,128.12233
131.22,136.88934
134.0,149.39948
135.74,150.21436
138.2,142.65062
139.0,141.6721
131.79,141.6547
130.0,138.83005
129.34,135.7233
117.74,133.72597
108.06,127.146904
107.74,123.571945
100.0,125.1505
103.0,127.91067
97.31,129.302
107.74,131.63766
104.99999999999999,133.86636
95.98,130.74376
87.79,119.369675
89.09,110.519806
92.68,106.97037
87.79,105.56809
92.73,107.8542
96.11,111.85128
109.9,116.14855
135.01,129.04457
140.3,140.62933
145.43,142.19057
150.0,139.43669
154.43,139.57397
144.14,138.94518
139.2,136.22174
133.98,132.54166
126.61,133.11154
117.33,127.809074
122.03000000000002,126.56958
124.99999999999999,129.0129
126.46,131.6903
139.43,134.35965
143.41,140.63147
150.8,148.52058
140.22,143.47086
130.28,130.17618
126.31,121.74762
117.27,118.82383
117.33,117.77875
122.9,117.81245
130.98,117.798965
139.98,121.89297
154.69,135.1652
168.2,145.5832
158.96,141.48494
159.38,137.19395
147.24,136.89609
139.98,134.85144
134.22,130.1718
139.31,127.49869
135.01,127.52252
133.5,123.584366
132.62,122.9
125.33,123.96272
125.48,125.25324
136.0,128.19511
142.36,134.10245
145.61,141.35739
139.31,139.91362
139.33,125.500916
139.0,114.623344
130.53,110.66128
108.49999999999999,104.43866
96.63,102.2249
100.0,103.07767
134.02,109.31065
146.98,123.288
147.48,142.00449
147.48,140.31497
147.48,131.80707
146.5,127.04486
139.83,122.296326
125.48,112.82692
102.01,104.770935
88.78,99.5657
86.03000000000002,89.36466
81.5,84.016426
76.15,88.7494
83.79,97.76933
101.73000000000002,106.041
122.0,119.09041
129.74,131.55392
108.36,128.2756
89.5,109.619095
64.89,91.54903
50.24,75.78255
50.2,65.22297
29.12,60.231903
50.2,61.411728
89.23999999999998,71.123665
126.74,105.682274
143.18,146.33801
141.56,146.28712
135.98,129.89223
126.91,120.55816
117.5,116.49508
103.5,112.27429
93.96,103.341515
84.99,94.252266
75.0,80.35839
65.1,71.78247
64.89,71.54275
65.18,78.86493
75.2,86.46534
95.0,95.66186
107.99,105.93853
87.79999999999998,105.15298
69.39,93.87595
50.0,78.45782
33.2,65.823845
33.2,55.76701
29.8,51.01379
13.999999999999998,52.28373
64.78,59.971367
84.99,76.12545
116.49,100.51882
125.01000000000002,117.64384
122.10999999999999,117.71198
116.92,115.66873
107.74,112.08203
87.22000000000001,104.6091
87.63,95.1126
84.53,86.90263
83.2,78.52415
80.58,77.67267
77.13,86.59281
87.60000000000001,96.448715
100.09,103.4925
129.57,119.13635
141.31,137.48347
136.32,140.80888
116.71,130.69447
115.0,118.79993
107.16,113.07176
97.02,110.81832
104.00000000000001,114.655235
121.22,122.05816
140.01,132.45488
146.89,145.72595
151.24,155.24458
160.87,152.95428
161.26,145.91418
151.24,143.65236
143.9,139.91563
143.9,134.0156
131.63,129.51207
114.27999999999999,126.29913
104.00000000000001,118.06753
97.00000000000001,113.58268
84.99,111.436424
84.78,109.74883
85.95000000000002,110.324684
93.0,112.87691
99.25,116.08372
85.62,116.00588
67.04,103.7642
40.0,88.7784
42.5,78.15771
36.95,71.52287
30.52,69.19765
36.94,72.72238
58.9,79.48489
84.53,97.6501
101.0,122.98638
101.8,130.3807
92.0,119.48837
84.99,110.901505
78.78,109.370735
40.0,103.310616
13.810000000000002,92.54198
8.48,84.18969
5.53,71.5956
3.7100000000000004,61.30764
3.3200000000000007,56.570724
4.68,58.95279
3.920000000000001,65.61424
3.7100000000000004,70.872536
3.3200000000000007,72.38775
5.24,72.681984
3.3200000000000007,67.83269
3.3200000000000007,62.69542
3.3200000000000007,56.064312
3.3200000000000007,50.451153
3.3200000000000007,48.739464
3.3200000000000007,52.384335
3.740000000000001,60.149055
11.17,71.26707
28.49,82.87563
41.54,86.00394
34.61,84.43649
27.14,84.312164
20.26,81.12247
14.46,74.954735
10.32,68.64793
8.41,62.87449
3.94,53.172787
3.3200000000000007,50.294136
3.3200000000000007,59.91543
3.7100000000000004,79.00837
15.270000000000001,97.448654
83.0,110.5552
107.29000000000002,125.30052
100.95,135.69305
82.9,129.56606
74.59,117.96502
76.23,110.37948
71.98,109.23155
71.3,109.26228
93.39,112.54743
118.71,119.97126
141.91,138.5097
145.62,160.87292
149.15,160.19044
159.82,153.41399
150.82,152.64328
145.26,148.71883
140.26,142.98926
139.1,138.65562
135.2,136.64722
132.0,130.5402
130.38,127.56437
133.48,130.15202
137.5,135.0514
142.6,140.66566
147.8,148.41121
156.11,158.69084
147.8,156.71301
144.06,144.50877
141.0,135.1273
139.1,132.74149
138.7,129.86374
138.7,129.90999
140.5,135.41173
140.5,140.85306
148.85,149.44743
162.07,157.33981
154.84,155.50482
153.25,151.92467
149.73,151.00623
144.36,148.59029
140.26,142.29985
140.0,138.15114
135.21,137.32602
131.77,131.28128
128.0,129.59375
125.84000000000002,131.30966
131.77,133.57788
142.6,136.85355
151.7,144.89792
157.0,153.44595
145.47,152.56792
122.0,138.4778
105.57000000000001,126.757164
105.44000000000001,122.80165
105.57000000000001,121.086105
105.57000000000001,121.77092
112.78,123.61836
142.6,129.40652
149.07,147.35982
165.08,161.24614
161.2,157.42816
165.01,151.48064
157.94,150.41368
147.2,145.92796
140.5,142.0311
141.75,138.47926
135.01,137.40652
122.0,131.4115
121.4,130.44923
111.5,132.85364
115.79,135.96373
135.0,139.85611
150.0,146.9786
152.28,156.454
140.8,154.06288
121.0,137.83463
108.95000000000002,126.39974
103.5,123.53865
103.19,122.26717
108.49999999999999,122.41696
119.81,125.49124
137.1,133.5379
150.4,150.82419
158.24,164.06169
154.12,157.36656
153.0,150.75352
148.58,150.04337
140.6,146.2175
140.01,140.3398
120.9,135.79202
109.78000000000002,132.29387
104.99999999999999,124.56119
104.99999999999999,122.11809
102.0,125.48904
104.99999999999999,129.24004
121.05999999999999,132.36082
140.01,140.75874
144.08,151.61699
140.01,152.09392
121.05999999999999,138.99033
109.99000000000001,128.24963
109.06,123.86905
108.19999999999999,124.27499
108.87,126.66835
121.05999999999999,130.71045
138.57,136.89885
144.26,152.50806
152.77,162.33432
155.95,159.76714
155.95,154.35149
150.0,153.36143
144.08,149.68272
139.1,143.32526
136.15,141.2078
128.5,144.51219
132.83,137.54454
129.5,134.50331
127.29,136.4097
125.34,140.37614
125.34,143.78152
132.83,148.51692
137.07,154.83997
122.77000000000001,154.73741
100.0,140.95258
88.67,126.29775
89.49,120.71457
92.0,121.43588
99.17,122.53976
105.99,125.378395
120.91,134.47139
136.67,151.8374
142.5,163.22908
142.27,160.41267
141.74,155.10089
141.5,153.98724
140.0,151.68346
137.67,147.29532
122.9,144.38168
110.5,143.0466
105.99,133.51108
105.99,128.79189
105.78,129.80519
105.99,131.06316
110.2,132.1217
119.78,133.90356
130.0,136.31157
121.4,136.66525
106.65999999999998,131.41354
105.99,125.0117
105.53000000000002,121.7971
111.99999999999999,118.84446
130.0,120.77031
134.19,126.05173
141.14,132.02785
149.7,140.44997
153.02,147.821
163.7,147.70749
175.2,146.07654
145.2,146.39018
142.3,148.52786
133.21,143.85396
137.77,138.70837
134.93,135.20428
131.93,127.94805
128.93,125.314415
129.0,124.86473
133.0,124.944435
141.5,125.938515
150.83,133.25894
157.2,141.5655
154.73,142.15681
147.3,133.55832
139.1,124.9646
132.26,122.70465
130.0,121.79712
126.56,122.958244
135.0,125.311775
147.3,130.26956
154.73,138.52943
156.48,144.01965
157.16,141.70107
157.2,140.16037
154.73,139.94464
152.13,138.561
147.3,133.71837
139.46,128.86122
135.0,130.16022
130.46,125.400314
125.36,124.68245
123.72,126.8547
125.67,128.53862
138.54,130.80281
149.36,137.78296
158.84,144.84364
154.9,143.9265
146.06,135.57565
142.0,125.90167
138.54,121.68868
130.46,118.60321
121.18,117.1322
121.46,118.04925
140.65,122.505585
150.0,132.87515
157.23,139.26935
160.02,136.0137
158.46,131.70204
150.0,132.23367
142.08,127.77756
130.81,120.67668
124.12,115.57007
116.66,109.93677
112.79,103.20831
108.89999999999999,100.38782
106.98000000000002,100.96661
110.72,102.81886
132.55,107.722275
149.23,118.98735
155.52,135.60522
150.16,140.8301
137.94,126.506004
108.89999999999999,109.688324
108.25,102.846794
108.51000000000002,106.02346
108.89999999999999,109.25404
121.12,113.61699
147.53,121.62141
152.94,142.48732
174.99,157.8149
171.45,154.86578
153.02,147.2183
152.48,143.44218
148.03,138.58592
139.1,131.0202
137.61,122.43318
132.38,121.96558
130.69,116.58801
130.18,114.70175
128.22,117.465775
128.22,120.84726
140.01,123.9737
151.02,131.79091
155.89,140.07947
147.37,140.76929
125.97000000000001,128.25092
112.71,114.08957
108.93,109.876076
107.56,108.581726
108.45,109.8948
108.99,113.70392
131.22,119.37747
148.42,135.36818
154.55,149.57216
155.27,146.25137
156.22,136.69965
152.98,133.35591
148.41,132.81827
145.01,126.71832
129.0,120.24438
117.19,116.178116
100.79999999999998,105.98648
94.99,99.757614
92.52999999999999,101.28079
91.20999999999998,106.75631
100.0,110.48168
110.03,112.33281
125.07,117.631676
120.73,122.476395
111.07,116.34585
105.67,106.508255
94.0,103.925125
100.7,103.3759
100.83,103.64405
111.99999999999999,105.9402
129.22,112.88663
143.2,128.59875
146.85,144.73149
143.67,143.6919
144.24,132.92456
142.48,130.34578
137.26,129.2236
129.35,123.57372
73.45,118.38168
71.85,106.31485
65.27,90.43503
46.5,78.92103
39.04,73.64236
28.2,73.50425
28.85,75.251
40.31,74.1806
43.22,74.13245
42.35999999999999,73.50726
26.000000000000004,66.020805
5.0,53.60435
3.3200000000000007,41.291084
3.3200000000000007,32.607723
2.28,29.27019
2.0,29.067232
3.6000000000000005,32.594093
41.89999999999999,42.575386
56.34,65.77131
62.97,83.46641
71.85,77.27379
45.51,66.66942
41.89999999999999,62.12539
35.0,64.49763
18.64,62.06543
13.9,51.655178
8.19,36.569733
3.6000000000000005,27.468401
3.3200000000000007,26.238039
3.3200000000000007,30.819057
3.3200000000000007,36.062687
5.0,38.695454
5.0,38.824795
3.3200000000000007,38.59566
3.0400000000000005,34.52581
0.44000000000000006,29.726974
0.44000000000000006,24.773783
0.44000000000000006,20.351688
0.44000000000000006,16.944204
0.44000000000000006,16.584507
3.3200000000000007,22.805822
41.24,40.00964
74.97,67.55326
72.5,82.86093
71.68,81.500145
72.4,79.57143
68.5,81.78519
55.06,84.09819
55.0,76.95572
37.55,67.10465
31.820000000000004,53.211193
13.990000000000002,45.517693
5.430000000000001,48.62633
25.95,59.341663
67.44,69.201935
111.16,78.16802
122.98,94.10913
85.3,105.99281
40.5,91.61954
13.999999999999998,70.65633
5.0,58.586586
3.85,52.88795
3.85,53.146103
9.070000000000002,58.915253
74.78,68.832954
125.34,95.56625
132.06,142.05173
130.0,148.66127
132.95,137.38657
137.21,132.05089
132.95,131.27525
114.35,126.637794
122.19,121.45771
109.02,117.763145
100.7,108.58339
100.7,104.36379
104.99999999999999,109.78444
115.0,116.79174
116.0,123.37295
140.0,134.05867
150.32,148.07889
142.18,149.77937
132.77,131.47464
119.0,115.86312
117.35,111.773315
115.21,113.66461
120.72,119.89641
131.0,125.26584
145.01,134.48567
160.6,150.97766
181.0,166.32724
178.28,160.30246
167.13,152.7158
162.0,151.74779
150.2,149.07843
140.0,143.53117
129.0,137.49496
114.48999999999998,137.06874
114.48999999999998,130.73079
113.04999999999998,129.77605
113.12,132.21304
114.16,134.34991
123.45,137.47462
155.64,144.118
165.5,156.83038
157.5,156.41136
139.5,145.1822
124.99999999999999,135.81474
119.30999999999999,135.10205
121.6,136.36787
130.0,139.53983
134.76,144.3238
141.0,148.61073
158.66,153.59206
167.62,159.17604
170.0,155.61282
179.07000000000002,152.11322
165.2,151.50359
150.0,149.29272
136.1,147.80287
136.5,141.13588
120.77,138.65215
116.0,131.10536
113.22999999999999,129.88234
112.6,131.49936
120.92,133.77443
137.51,137.12549
162.12,145.94368
177.38,155.55316
167.63,155.3722
153.85,145.94592
140.01,140.05055
137.97,137.73376
139.0,138.46867
142.91,141.77028
148.0,145.5933
163.03,151.6554
162.42,154.33127
167.84,158.46161
172.06,156.17451
174.24999999999997,151.92165
169.4,150.40666
150.0,149.51639
134.75,144.69238
132.71,139.66307
124.99999999999999,138.66098
118.97,133.77882
114.95,132.48125
115.64000000000001,133.90613
123.96,136.52008
138.0,138.6321
154.9,146.62018
164.07,154.01888
163.8,154.73015
150.35,147.67967
145.01,140.03798
141.0,138.6278
137.76,137.74767
137.76,137.34709
143.18,140.212
151.66,142.84016
156.06,149.38882
172.35,153.83331
172.35,154.4674
172.35,150.34665
146.22,149.62679
141.45,145.6433
129.96,143.35823
141.17,139.283
130.93,139.99799
130.18,134.72595
129.47,132.04062
126.87,133.43668
126.15000000000002,135.07959
129.47,136.96425
133.37,139.91667
137.27,144.15129
132.07,145.8361
122.0,138.61847
110.42999999999999,128.72331
109.72999999999999,125.30233
107.95,122.19418
104.07,120.556526
104.58,122.968895
112.29,129.7059
134.67,146.82584
151.32,160.64282
149.43,157.83517
150.0,152.68279
144.8,151.96373
142.37,152.15852
131.69,148.92929
125.91999999999999,142.78125
110.89,136.62868
108.0,123.562195
105.65,119.17272
100.44999999999999,120.78889
95.7,120.99843
95.7,120.14965
95.3,121.04131
103.33,125.384415
85.18,130.75697
74.57,116.75511
72.69,98.42304
77.87,92.017075
75.82,94.5167
71.89,96.389244
70.47,101.37335
85.18,110.202896
115.89999999999999,130.27554
133.95,152.26762
133.95,152.27603
138.84,144.69908
135.07,144.32777
131.71,143.01222
127.84,137.6447
110.0,130.55629
103.51,125.6057
101.20000000000002,118.52947
100.63,117.56571
100.14,121.24426
99.13999999999999,126.62603
110.9,130.89034
131.15,139.27974
141.04,148.10869
135.22,148.83853
111.6,133.34132
97.14,117.48993
95.19,111.29741
96.42999999999999,111.972244
96.89,115.78816
101.83,118.49125
121.49999999999999,125.091324
137.8,144.09856
163.43,157.61269
165.23,152.43878
166.89,147.00484
152.94,146.15558
135.5,143.23799
125.38,135.11569
122.13,129.39117
116.13,129.00475
106.25,120.70699
104.99,117.3387
101.24000000000001,118.89041
104.13000000000001,122.42355
110.5,126.20888
128.8,134.58875
145.0,146.3201
140.78,150.04999
124.1,139.08147
107.13,123.451004
102.91,117.58921
106.43,117.28204
109.93,121.67332
113.61,126.23841
123.8,133.97577
135.74,145.86
143.33,155.02684
145.01,152.89247
146.24,147.09319
139.03,145.25452
125.16,143.44716
122.13,136.03398
116.9,129.06203
104.15,125.68344
91.89,116.94426
91.68,114.69146
91.89,119.13637
98.96000000000001,125.5314
119.41,129.53935
129.05,137.78807
146.54,149.18817
134.12,151.51103
119.41,140.3813
97.99999999999999,123.66324
90.8,116.52899
90.46,112.90708
90.0,112.52869
101.15,116.0719
120.44,124.16117
132.55,137.61758
136.14,148.39163
135.15,144.03824
135.01,137.04941
129.95,135.72517
122.03000000000002,131.24911
97.00000000000001,123.48758
75.0,116.11775
30.1,104.16022
10.000000000000002,85.73631
6.0,70.40222
5.0,64.50769
13.999999999999998,71.86873
58.12,85.251564
86.09,100.82751
111.00000000000001,116.484474
109.79,125.661934
86.3,121.16491
76.96,110.53218
74.16,100.09019
70.4,94.35436
60.379999999999995,89.32519
61.2,88.859184
83.17,94.74081
100.79,111.80367
112.79,140.8136
120.68000000000002,145.70174
122.78,136.63994
122.78,134.6877
120.68000000000002,133.22102
103.9,127.318
118.04,120.56832
109.18,118.14575
89.49,110.10763
86.20000000000002,105.66375
86.20000000000002,108.506035
89.99000000000001,115.21996
112.18,121.39865
130.6,130.53455
141.08,143.42517
131.98,148.31934
114.20000000000002,130.57208
99.27000000000001,112.57576
89.37,106.46238
85.81000000000002,105.85692
90.63,107.41336
101.18999999999998,109.44135
112.18,115.934204
135.01,136.12901
141.08,155.50514
145.39,150.97002
145.38,141.14343
140.01,137.75888
131.98,134.80911
125.68,129.52937
125.8,122.31326
112.76,121.06307
97.00000000000001,113.293045
87.30000000000001,108.777
87.09000000000002,109.11487
86.88,110.466965
90.8,112.56652
108.58999999999999,115.26991
114.97999999999999,119.582245
95.0,123.03463
80.0,112.92324
42.99999999999999,97.5191
36.09,87.2599
35.78,81.927704
35.07,80.86798
38.98,83.37887
85.0,91.53276
126.2,119.4433
130.12,152.68501
133.24,151.59975
133.48,139.4225
133.48,135.5561
130.01,135.38829
126.78,131.29478
100.50000000000001,124.49842
85.0,115.48337
72.62,100.38969
64.99,89.18878
59.88000000000001,84.035934
59.20000000000001,83.35205
59.63,83.638374
60.28,83.43992
60.3,83.87949
50.24,84.930695
20.0,75.633255
16.01,60.353664
18.67,50.166256
15.380000000000003,45.07193
10.96,42.906403
5.0,41.47803
18.6,44.64524
55.0,60.187332
77.44,95.79884
79.97,111.775375
84.75,100.7598
84.97,91.75334
70.3,93.422844
64.6,89.706184
17.27,77.877304
11.480000000000002,62.080868
10.190000000000001,45.73701
7.33,38.110977
6.0,41.992405
7.07,55.05779
25.95,66.52329
61.2,72.233536
72.47,78.681366
70.93,87.130745
25.0,82.247025
5.11,65.33159
3.3200000000000007,50.471245
3.3200000000000007,42.872517
3.6000000000000005,40.67127
5.0,42.831615
30.900000000000002,50.678726
87.11,75.07224
114.72000000000001,120.52292
124.89,132.00862
118.97,115.86952
109.28,104.59814
105.82,102.855484
90.8,103.79579
85.08,99.61102
82.84,88.93662
75.18,74.551254
65.0,68.166855
57.88,69.00137
58.300000000000004,73.38511
65.0,78.09549
84.16,81.62672
101.0,85.372246
84.97,87.19179
50.24,78.88103
40.0,64.75719
36.0,57.04305
35.78,55.372654
35.0,56.976933
36.0,60.46821
65.0,66.95102
112.21,84.7022
110.98,115.37424
105.66000000000001,118.94788
102.56000000000002,103.197205
94.63000000000001,91.0755
99.04,86.3814
90.0,83.364204
91.37,82.35068
86.44,81.47054
85.07,75.33328
80.81,71.40812
75.99,73.906
80.81,80.55954
83.18,83.81877
84.94,86.17129
90.21000000000001,88.24463
99.24,90.45417
86.7,85.36836
85.08,73.55146
86.63,67.49565
87.30000000000001,67.539085
85.08,71.27017
86.88,75.2399
108.27,81.21253
120.50000000000001,99.80974
135.05,127.16815
136.6,129.58005
140.7,115.407524
141.08,108.16524
136.6,107.32379
128.11,104.592155
138.08,99.0356
130.65,96.32741
128.11,90.791916
120.48,88.5432
120.48,90.22997
122.39,95.55504
134.11,102.37295
141.73,111.64445
149.99,118.63772
143.28,120.73382
129.48,112.571495
114.14,97.07468
107.70999999999998,92.33986
105.3,93.54975
109.63999999999999,97.33353
120.75,100.84916
123.48000000000002,106.18538
141.98,120.14638
155.52,142.42517
159.02,142.61818
161.57,131.1356
166.8,125.05012
148.0,123.6901
141.98,120.05992
139.83,114.39908
132.96,110.56049
127.83,100.69606
117.58,97.07189
115.83,98.85818
117.00000000000001,103.119576
130.62,107.01121
144.33,112.86929
148.2,120.721825
145.01,122.38954
130.0,111.86878
107.94,98.77932
107.81000000000002,95.64951
107.94,97.69927
110.30000000000001,100.97158
114.14999999999999,103.918045
129.98,108.57083
149.78,123.33462
158.4,146.66321
159.02,143.83344
161.5,133.47604
158.5,129.11113
147.63,127.1292
144.36,123.7539
142.0,118.62915
135.33,118.05076
132.25,109.619965
125.42,104.41637
121.35,104.2305
122.05,106.78624
130.0,109.29495
135.0,112.67967
141.66,117.46298
137.25,121.78813
122.83,113.15699
113.4,99.57213
108.97,94.905106
110.01,96.94501
114.09,100.467636
114.09,104.56413
121.27,111.591156
142.61,128.5641
152.78,152.23763
157.0,150.45518
160.78,141.04773
157.0,137.69304
151.54,136.67844
146.44,133.07797
146.28,128.13081
142.77,122.86163
140.08,112.954506
138.3,109.279495
137.26,110.27865
137.26,112.05583
134.11,113.13125
138.3,115.15297
141.66,118.376686
138.3,119.94787
115.88,110.34513
109.94,95.57845
109.4,89.745674
108.88,90.86968
109.81,94.595085
113.87,99.80975
125.13000000000001,106.75882
145.18,125.156876
152.78,146.5785
158.67,148.09947
162.0,138.1853
161.94,135.11975
151.54,135.62486
148.19,131.19612
141.5,124.155815
135.0,119.7272
131.0,109.6227
124.99999999999999,107.61614
124.00000000000001,112.50439
130.53,118.158516
143.97,121.8179
150.01,127.06558
159.83,132.5946
152.03,134.5509
141.5,123.701744
119.04,108.32477
121.42000000000002,100.48578
116.02,100.02101
119.5,103.26779
120.0,107.685974
133.53,113.7738
147.75,127.30081
162.43,148.4968
166.73,146.60619
172.72,136.40796
167.21,131.926
155.65,129.06042
146.13,124.841354
145.0,120.793785
139.03,118.18628
137.48,109.52418
134.66,107.175735
127.37000000000002,108.945145
131.15,112.20657
137.18,114.31365
142.98,117.24729
149.77,119.6224
145.0,119.872345
134.66,112.42948
114.16,99.78013
112.01000000000002,93.5296
112.01000000000002,91.06888
111.75,92.758835
111.88,98.14981
124.37,105.291
145.0,118.839554
155.01,137.75897
159.44,136.78273
156.1,127.950584
150.85,119.424736
144.4,114.42437
139.37,108.10448
