id;name;geoid;geoname;value;datetime
10195;Generación medida total tipo producción;;;26826.555;2024-04-01T00:00:00+02:00
10195;Generación medida total tipo producción;;;26221.823;2024-04-01T01:00:00+02:00
10195;Generación medida total tipo producción;;;25244.075;2024-04-01T02:00:00+02:00
10195;Generación medida total tipo producción;;;24708.681;2024-04-01T03:00:00+02:00
10195;Generación medida total tipo producción;;;24142.474;2024-04-01T04:00:00+02:00
10195;Generación medida total tipo producción;;;24205.047;2024-04-01T05:00:00+02:00
10195;Generación medida total tipo producción;;;24952.56;2024-04-01T06:00:00+02:00
10195;Generación medida total tipo producción;;;25916.271;2024-04-01T07:00:00+02:00
10195;Generación medida total tipo producción;;;27009.849;2024-04-01T08:00:00+02:00
10195;Generación medida total tipo producción;;;30167.26;2024-04-01T09:00:00+02:00
10195;Generación medida total tipo producción;;;31117.371;2024-04-01T10:00:00+02:00
10195;Generación medida total tipo producción;;;31705.338;2024-04-01T11:00:00+02:00
10195;Generación medida total tipo producción;;;32128.415;2024-04-01T12:00:00+02:00
10195;Generación medida total tipo producción;;;32240.432;2024-04-01T13:00:00+02:00
10195;Generación medida total tipo producción;;;32488.613;2024-04-01T14:00:00+02:00
10195;Generación medida total tipo producción;;;31327.179;2024-04-01T15:00:00+02:00
10195;Generación medida total tipo producción;;;30252.945;2024-04-01T16:00:00+02:00
10195;Generación medida total tipo producción;;;29632.461;2024-04-01T17:00:00+02:00
10195;Generación medida total tipo producción;;;30180.54;2024-04-01T18:00:00+02:00
10195;Generación medida total tipo producción;;;29775.418;2024-04-01T19:00:00+02:00
10195;Generación medida total tipo producción;;;30950.733;2024-04-01T20:00:00+02:00
10195;Generación medida total tipo producción;;;32253.048;2024-04-01T21:00:00+02:00
10195;Generación medida total tipo producción;;;30899.053;2024-04-01T22:00:00+02:00
10195;Generación medida total tipo producción;;;28417.449;2024-04-01T23:00:00+02:00
10195;Generación medida total tipo producción;;;26160.881;2024-04-02T00:00:00+02:00
10195;Generación medida total tipo producción;;;24861.069;2024-04-02T01:00:00+02:00
10195;Generación medida total tipo producción;;;23315.792;2024-04-02T02:00:00+02:00
10195;Generación medida total tipo producción;;;22673.796;2024-04-02T03:00:00+02:00
10195;Generación medida total tipo producción;;;22333.282;2024-04-02T04:00:00+02:00
10195;Generación medida total tipo producción;;;22964.662;2024-04-02T05:00:00+02:00
10195;Generación medida total tipo producción;;;25398.213;2024-04-02T06:00:00+02:00
10195;Generación medida total tipo producción;;;28068.351;2024-04-02T07:00:00+02:00
10195;Generación medida total tipo producción;;;29630.567;2024-04-02T08:00:00+02:00
10195;Generación medida total tipo producción;;;30357.711;2024-04-02T09:00:00+02:00
10195;Generación medida total tipo producción;;;31074.178;2024-04-02T10:00:00+02:00
10195;Generación medida total tipo producción;;;31705.554;2024-04-02T11:00:00+02:00
10195;Generación medida total tipo producción;;;32684.252;2024-04-02T12:00:00+02:00
10195;Generación medida total tipo producción;;;31095.124;2024-04-02T13:00:00+02:00
10195;Generación medida total tipo producción;;;31270.971;2024-04-02T14:00:00+02:00
10195;Generación medida total tipo producción;;;30341.946;2024-04-02T15:00:00+02:00
10195;Generación medida total tipo producción;;;30545.202;2024-04-02T16:00:00+02:00
10195;Generación medida total tipo producción;;;30811.438;2024-04-02T17:00:00+02:00
10195;Generación medida total tipo producción;;;29665.964;2024-04-02T18:00:00+02:00
10195;Generación medida total tipo producción;;;30935.758;2024-04-02T19:00:00+02:00
10195;Generación medida total tipo producción;;;32825.54;2024-04-02T20:00:00+02:00
10195;Generación medida total tipo producción;;;33694.274;2024-04-02T21:00:00+02:00
10195;Generación medida total tipo producción;;;31272.67;2024-04-02T22:00:00+02:00
10195;Generación medida total tipo producción;;;28807.562;2024-04-02T23:00:00+02:00
10195;Generación medida total tipo producción;;;27314.048;2024-04-03T00:00:00+02:00
10195;Generación medida total tipo producción;;;25854.843;2024-04-03T01:00:00+02:00
10195;Generación medida total tipo producción;;;25120.696;2024-04-03T02:00:00+02:00
10195;Generación medida total tipo producción;;;24436.822;2024-04-03T03:00:00+02:00
10195;Generación medida total tipo producción;;;24820.906;2024-04-03T04:00:00+02:00
10195;Generación medida total tipo producción;;;25232.053;2024-04-03T05:00:00+02:00
10195;Generación medida total tipo producción;;;27049.798;2024-04-03T06:00:00+02:00
10195;Generación medida total tipo producción;;;28687.517;2024-04-03T07:00:00+02:00
10195;Generación medida total tipo producción;;;30272.483;2024-04-03T08:00:00+02:00
10195;Generación medida total tipo producción;;;31727.872;2024-04-03T09:00:00+02:00
10195;Generación medida total tipo producción;;;31867.389;2024-04-03T10:00:00+02:00
10195;Generación medida total tipo producción;;;33152.448;2024-04-03T11:00:00+02:00
10195;Generación medida total tipo producción;;;34123.139;2024-04-03T12:00:00+02:00
10195;Generación medida total tipo producción;;;34010.874;2024-04-03T13:00:00+02:00
10195;Generación medida total tipo producción;;;33718.783;2024-04-03T14:00:00+02:00
10195;Generación medida total tipo producción;;;32522.137;2024-04-03T15:00:00+02:00
10195;Generación medida total tipo producción;;;31815.397;2024-04-03T16:00:00+02:00
10195;Generación medida total tipo producción;;;32284.92;2024-04-03T17:00:00+02:00
10195;Generación medida total tipo producción;;;31863.115;2024-04-03T18:00:00+02:00
10195;Generación medida total tipo producción;;;31828.925;2024-04-03T19:00:00+02:00
10195;Generación medida total tipo producción;;;29663.464;2024-04-03T20:00:00+02:00
10195;Generación medida total tipo producción;;;29935.115;2024-04-03T21:00:00+02:00
10195;Generación medida total tipo producción;;;28966.83;2024-04-03T22:00:00+02:00
10195;Generación medida total tipo producción;;;28349.948;2024-04-03T23:00:00+02:00
10195;Generación medida total tipo producción;;;25061.64;2024-04-04T00:00:00+02:00
10195;Generación medida total tipo producción;;;23541.064;2024-04-04T01:00:00+02:00
10195;Generación medida total tipo producción;;;24306.045;2024-04-04T02:00:00+02:00
10195;Generación medida total tipo producción;;;24476.931;2024-04-04T03:00:00+02:00
10195;Generación medida total tipo producción;;;23951.391;2024-04-04T04:00:00+02:00
10195;Generación medida total tipo producción;;;23865.066;2024-04-04T05:00:00+02:00
10195;Generación medida total tipo producción;;;24554.871;2024-04-04T06:00:00+02:00
10195;Generación medida total tipo producción;;;26220.296;2024-04-04T07:00:00+02:00
10195;Generación medida total tipo producción;;;28056.948;2024-04-04T08:00:00+02:00
10195;Generación medida total tipo producción;;;29925.321;2024-04-04T09:00:00+02:00
10195;Generación medida total tipo producción;;;32158.943;2024-04-04T10:00:00+02:00
10195;Generación medida total tipo producción;;;32447.237;2024-04-04T11:00:00+02:00
10195;Generación medida total tipo producción;;;31958.058;2024-04-04T12:00:00+02:00
10195;Generación medida total tipo producción;;;30700.324;2024-04-04T13:00:00+02:00
10195;Generación medida total tipo producción;;;30079.946;2024-04-04T14:00:00+02:00
10195;Generación medida total tipo producción;;;31109.494;2024-04-04T15:00:00+02:00
10195;Generación medida total tipo producción;;;31341.702;2024-04-04T16:00:00+02:00
10195;Generación medida total tipo producción;;;31848.38;2024-04-04T17:00:00+02:00
10195;Generación medida total tipo producción;;;30781.881;2024-04-04T18:00:00+02:00
10195;Generación medida total tipo producción;;;29890.398;2024-04-04T19:00:00+02:00
10195;Generación medida total tipo producción;;;31391.933;2024-04-04T20:00:00+02:00
10195;Generación medida total tipo producción;;;32718.315;2024-04-04T21:00:00+02:00
10195;Generación medida total tipo producción;;;30319.428;2024-04-04T22:00:00+02:00
10195;Generación medida total tipo producción;;;28037.356;2024-04-04T23:00:00+02:00
10195;Generación medida total tipo producción;;;26800.88;2024-04-05T00:00:00+02:00
10195;Generación medida total tipo producción;;;25016.155;2024-04-05T01:00:00+02:00
10195;Generación medida total tipo producción;;;24165.511;2024-04-05T02:00:00+02:00
10195;Generación medida total tipo producción;;;24489.633;2024-04-05T03:00:00+02:00
10195;Generación medida total tipo producción;;;24563.434;2024-04-05T04:00:00+02:00
10195;Generación medida total tipo producción;;;24460.229;2024-04-05T05:00:00+02:00
10195;Generación medida total tipo producción;;;26510.868;2024-04-05T06:00:00+02:00
10195;Generación medida total tipo producción;;;28917.734;2024-04-05T07:00:00+02:00
10195;Generación medida total tipo producción;;;30027.927;2024-04-05T08:00:00+02:00
10195;Generación medida total tipo producción;;;31885.644;2024-04-05T09:00:00+02:00
10195;Generación medida total tipo producción;;;33388.626;2024-04-05T10:00:00+02:00
10195;Generación medida total tipo producción;;;33566.251;2024-04-05T11:00:00+02:00
10195;Generación medida total tipo producción;;;34031.761;2024-04-05T12:00:00+02:00
10195;Generación medida total tipo producción;;;32708.223;2024-04-05T13:00:00+02:00
10195;Generación medida total tipo producción;;;33699.962;2024-04-05T14:00:00+02:00
10195;Generación medida total tipo producción;;;32638.931;2024-04-05T15:00:00+02:00
10195;Generación medida total tipo producción;;;32908.859;2024-04-05T16:00:00+02:00
10195;Generación medida total tipo producción;;;31486.442;2024-04-05T17:00:00+02:00
10195;Generación medida total tipo producción;;;31268.184;2024-04-05T18:00:00+02:00
10195;Generación medida total tipo producción;;;31189.17;2024-04-05T19:00:00+02:00
10195;Generación medida total tipo producción;;;31242.965;2024-04-05T20:00:00+02:00
10195;Generación medida total tipo producción;;;31104.805;2024-04-05T21:00:00+02:00
10195;Generación medida total tipo producción;;;29492.767;2024-04-05T22:00:00+02:00
10195;Generación medida total tipo producción;;;27737.196;2024-04-05T23:00:00+02:00
10195;Generación medida total tipo producción;;;26297.843;2024-04-06T00:00:00+02:00
10195;Generación medida total tipo producción;;;25117.551;2024-04-06T01:00:00+02:00
10195;Generación medida total tipo producción;;;23690.778;2024-04-06T02:00:00+02:00
10195;Generación medida total tipo producción;;;22378.948;2024-04-06T03:00:00+02:00
10195;Generación medida total tipo producción;;;21647.069;2024-04-06T04:00:00+02:00
10195;Generación medida total tipo producción;;;21578.643;2024-04-06T05:00:00+02:00
10195;Generación medida total tipo producción;;;22195.785;2024-04-06T06:00:00+02:00
10195;Generación medida total tipo producción;;;23984.423;2024-04-06T07:00:00+02:00
10195;Generación medida total tipo producción;;;24736.478;2024-04-06T08:00:00+02:00
10195;Generación medida total tipo producción;;;25040.512;2024-04-06T09:00:00+02:00
10195;Generación medida total tipo producción;;;29881.385;2024-04-06T10:00:00+02:00
10195;Generación medida total tipo producción;;;26937.428;2024-04-06T11:00:00+02:00
10195;Generación medida total tipo producción;;;26385.162;2024-04-06T12:00:00+02:00
10195;Generación medida total tipo producción;;;27588.928;2024-04-06T13:00:00+02:00
10195;Generación medida total tipo producción;;;27703.213;2024-04-06T14:00:00+02:00
10195;Generación medida total tipo producción;;;26730.14;2024-04-06T15:00:00+02:00
10195;Generación medida total tipo producción;;;26312.764;2024-04-06T16:00:00+02:00
10195;Generación medida total tipo producción;;;28295.648;2024-04-06T17:00:00+02:00
10195;Generación medida total tipo producción;;;28506.18;2024-04-06T18:00:00+02:00
10195;Generación medida total tipo producción;;;27582.221;2024-04-06T19:00:00+02:00
10195;Generación medida total tipo producción;;;28230.302;2024-04-06T20:00:00+02:00
10195;Generación medida total tipo producción;;;29325.532;2024-04-06T21:00:00+02:00
10195;Generación medida total tipo producción;;;27635.369;2024-04-06T22:00:00+02:00
10195;Generación medida total tipo producción;;;26127.605;2024-04-06T23:00:00+02:00
10195;Generación medida total tipo producción;;;25198.107;2024-04-07T00:00:00+02:00
10195;Generación medida total tipo producción;;;24122.536;2024-04-07T01:00:00+02:00
10195;Generación medida total tipo producción;;;22961.789;2024-04-07T02:00:00+02:00
10195;Generación medida total tipo producción;;;21152.848;2024-04-07T03:00:00+02:00
10195;Generación medida total tipo producción;;;19985.555;2024-04-07T04:00:00+02:00
10195;Generación medida total tipo producción;;;19617.067;2024-04-07T05:00:00+02:00
10195;Generación medida total tipo producción;;;20216.589;2024-04-07T06:00:00+02:00
10195;Generación medida total tipo producción;;;20697.13;2024-04-07T07:00:00+02:00
10195;Generación medida total tipo producción;;;20437.659;2024-04-07T08:00:00+02:00
10195;Generación medida total tipo producción;;;21804.57;2024-04-07T09:00:00+02:00
10195;Generación medida total tipo producción;;;22232.806;2024-04-07T10:00:00+02:00
10195;Generación medida total tipo producción;;;23074.402;2024-04-07T11:00:00+02:00
10195;Generación medida total tipo producción;;;24814.592;2024-04-07T12:00:00+02:00
10195;Generación medida total tipo producción;;;25371.6;2024-04-07T13:00:00+02:00
10195;Generación medida total tipo producción;;;25315.593;2024-04-07T14:00:00+02:00
10195;Generación medida total tipo producción;;;24528.01;2024-04-07T15:00:00+02:00
10195;Generación medida total tipo producción;;;24044.62;2024-04-07T16:00:00+02:00
10195;Generación medida total tipo producción;;;25432.233;2024-04-07T17:00:00+02:00
10195;Generación medida total tipo producción;;;24827.117;2024-04-07T18:00:00+02:00
10195;Generación medida total tipo producción;;;24258.877;2024-04-07T19:00:00+02:00
10195;Generación medida total tipo producción;;;24317.934;2024-04-07T20:00:00+02:00
10195;Generación medida total tipo producción;;;24288.207;2024-04-07T21:00:00+02:00
10195;Generación medida total tipo producción;;;24553.728;2024-04-07T22:00:00+02:00
10195;Generación medida total tipo producción;;;24645.304;2024-04-07T23:00:00+02:00
10195;Generación medida total tipo producción;;;23893.367;2024-04-08T00:00:00+02:00
10195;Generación medida total tipo producción;;;23358.919;2024-04-08T01:00:00+02:00
10195;Generación medida total tipo producción;;;22661.032;2024-04-08T02:00:00+02:00
10195;Generación medida total tipo producción;;;22505.502;2024-04-08T03:00:00+02:00
10195;Generación medida total tipo producción;;;22435.575;2024-04-08T04:00:00+02:00
10195;Generación medida total tipo producción;;;22866.31;2024-04-08T05:00:00+02:00
10195;Generación medida total tipo producción;;;23936.943;2024-04-08T06:00:00+02:00
10195;Generación medida total tipo producción;;;26456.578;2024-04-08T07:00:00+02:00
10195;Generación medida total tipo producción;;;28132.954;2024-04-08T08:00:00+02:00
10195;Generación medida total tipo producción;;;29782.045;2024-04-08T09:00:00+02:00
10195;Generación medida total tipo producción;;;31436.606;2024-04-08T10:00:00+02:00
10195;Generación medida total tipo producción;;;32006.81;2024-04-08T11:00:00+02:00
10195;Generación medida total tipo producción;;;32068.272;2024-04-08T12:00:00+02:00
10195;Generación medida total tipo producción;;;32440.516;2024-04-08T13:00:00+02:00
10195;Generación medida total tipo producción;;;30890.833;2024-04-08T14:00:00+02:00
10195;Generación medida total tipo producción;;;31089.668;2024-04-08T15:00:00+02:00
10195;Generación medida total tipo producción;;;32210.09;2024-04-08T16:00:00+02:00
10195;Generación medida total tipo producción;;;32340.28;2024-04-08T17:00:00+02:00
10195;Generación medida total tipo producción;;;31590.341;2024-04-08T18:00:00+02:00
10195;Generación medida total tipo producción;;;30372.11;2024-04-08T19:00:00+02:00
10195;Generación medida total tipo producción;;;30772.226;2024-04-08T20:00:00+02:00
10195;Generación medida total tipo producción;;;32461.257;2024-04-08T21:00:00+02:00
10195;Generación medida total tipo producción;;;30593.564;2024-04-08T22:00:00+02:00
10195;Generación medida total tipo producción;;;29409.968;2024-04-08T23:00:00+02:00
10195;Generación medida total tipo producción;;;25361.666;2024-04-09T00:00:00+02:00
10195;Generación medida total tipo producción;;;23197.426;2024-04-09T01:00:00+02:00
10195;Generación medida total tipo producción;;;23139.708;2024-04-09T02:00:00+02:00
10195;Generación medida total tipo producción;;;22428.218;2024-04-09T03:00:00+02:00
10195;Generación medida total tipo producción;;;21826.924;2024-04-09T04:00:00+02:00
10195;Generación medida total tipo producción;;;23502.792;2024-04-09T05:00:00+02:00
10195;Generación medida total tipo producción;;;23499.153;2024-04-09T06:00:00+02:00
10195;Generación medida total tipo producción;;;26922.659;2024-04-09T07:00:00+02:00
10195;Generación medida total tipo producción;;;29406.446;2024-04-09T08:00:00+02:00
10195;Generación medida total tipo producción;;;31395.606;2024-04-09T09:00:00+02:00
10195;Generación medida total tipo producción;;;31982.248;2024-04-09T10:00:00+02:00
10195;Generación medida total tipo producción;;;33394.282;2024-04-09T11:00:00+02:00
10195;Generación medida total tipo producción;;;32844.308;2024-04-09T12:00:00+02:00
10195;Generación medida total tipo producción;;;32978.297;2024-04-09T13:00:00+02:00
10195;Generación medida total tipo producción;;;32171.438;2024-04-09T14:00:00+02:00
10195;Generación medida total tipo producción;;;31214.159;2024-04-09T15:00:00+02:00
10195;Generación medida total tipo producción;;;29971.838;2024-04-09T16:00:00+02:00
10195;Generación medida total tipo producción;;;30369.487;2024-04-09T17:00:00+02:00
10195;Generación medida total tipo producción;;;31406.227;2024-04-09T18:00:00+02:00
10195;Generación medida total tipo producción;;;30411.438;2024-04-09T19:00:00+02:00
10195;Generación medida total tipo producción;;;30252.316;2024-04-09T20:00:00+02:00
10195;Generación medida total tipo producción;;;29462.175;2024-04-09T21:00:00+02:00
10195;Generación medida total tipo producción;;;28473.591;2024-04-09T22:00:00+02:00
10195;Generación medida total tipo producción;;;26671.289;2024-04-09T23:00:00+02:00
10195;Generación medida total tipo producción;;;25406.264;2024-04-10T00:00:00+02:00
10195;Generación medida total tipo producción;;;23964.039;2024-04-10T01:00:00+02:00
10195;Generación medida total tipo producción;;;23711.256;2024-04-10T02:00:00+02:00
10195;Generación medida total tipo producción;;;23570.38;2024-04-10T03:00:00+02:00
10195;Generación medida total tipo producción;;;23225.396;2024-04-10T04:00:00+02:00
10195;Generación medida total tipo producción;;;23443.147;2024-04-10T05:00:00+02:00
10195;Generación medida total tipo producción;;;24947.929;2024-04-10T06:00:00+02:00
10195;Generación medida total tipo producción;;;27589.332;2024-04-10T07:00:00+02:00
10195;Generación medida total tipo producción;;;29456.71;2024-04-10T08:00:00+02:00
10195;Generación medida total tipo producción;;;32061.897;2024-04-10T09:00:00+02:00
10195;Generación medida total tipo producción;;;33248.505;2024-04-10T10:00:00+02:00
10195;Generación medida total tipo producción;;;32842.263;2024-04-10T11:00:00+02:00
10195;Generación medida total tipo producción;;;33067.807;2024-04-10T12:00:00+02:00
10195;Generación medida total tipo producción;;;32505.171;2024-04-10T13:00:00+02:00
10195;Generación medida total tipo producción;;;32363.638;2024-04-10T14:00:00+02:00
10195;Generación medida total tipo producción;;;32698.337;2024-04-10T15:00:00+02:00
10195;Generación medida total tipo producción;;;31774.427;2024-04-10T16:00:00+02:00
10195;Generación medida total tipo producción;;;31943.913;2024-04-10T17:00:00+02:00
10195;Generación medida total tipo producción;;;32266.498;2024-04-10T18:00:00+02:00
10195;Generación medida total tipo producción;;;31883.178;2024-04-10T19:00:00+02:00
10195;Generación medida total tipo producción;;;31213.713;2024-04-10T20:00:00+02:00
10195;Generación medida total tipo producción;;;31761.408;2024-04-10T21:00:00+02:00
10195;Generación medida total tipo producción;;;29848.534;2024-04-10T22:00:00+02:00
10195;Generación medida total tipo producción;;;27697.136;2024-04-10T23:00:00+02:00
10195;Generación medida total tipo producción;;;25897.104;2024-04-11T00:00:00+02:00
10195;Generación medida total tipo producción;;;24762.706;2024-04-11T01:00:00+02:00
10195;Generación medida total tipo producción;;;24095.274;2024-04-11T02:00:00+02:00
10195;Generación medida total tipo producción;;;23907.104;2024-04-11T03:00:00+02:00
10195;Generación medida total tipo producción;;;22944.707;2024-04-11T04:00:00+02:00
10195;Generación medida total tipo producción;;;23349.333;2024-04-11T05:00:00+02:00
10195;Generación medida total tipo producción;;;25151.023;2024-04-11T06:00:00+02:00
10195;Generación medida total tipo producción;;;27892.105;2024-04-11T07:00:00+02:00
10195;Generación medida total tipo producción;;;28908.28;2024-04-11T08:00:00+02:00
10195;Generación medida total tipo producción;;;31598.141;2024-04-11T09:00:00+02:00
10195;Generación medida total tipo producción;;;32981.679;2024-04-11T10:00:00+02:00
10195;Generación medida total tipo producción;;;32595.611;2024-04-11T11:00:00+02:00
10195;Generación medida total tipo producción;;;32399.514;2024-04-11T12:00:00+02:00
10195;Generación medida total tipo producción;;;31843.838;2024-04-11T13:00:00+02:00
10195;Generación medida total tipo producción;;;31172.96;2024-04-11T14:00:00+02:00
10195;Generación medida total tipo producción;;;31259.327;2024-04-11T15:00:00+02:00
10195;Generación medida total tipo producción;;;30568.411;2024-04-11T16:00:00+02:00
10195;Generación medida total tipo producción;;;31844.515;2024-04-11T17:00:00+02:00
10195;Generación medida total tipo producción;;;31611.175;2024-04-11T18:00:00+02:00
10195;Generación medida total tipo producción;;;28720.063;2024-04-11T19:00:00+02:00
10195;Generación medida total tipo producción;;;27330.016;2024-04-11T20:00:00+02:00
10195;Generación medida total tipo producción;;;27526.395;2024-04-11T21:00:00+02:00
10195;Generación medida total tipo producción;;;26393.117;2024-04-11T22:00:00+02:00
10195;Generación medida total tipo producción;;;25171.113;2024-04-11T23:00:00+02:00
10195;Generación medida total tipo producción;;;24036.161;2024-04-12T00:00:00+02:00
10195;Generación medida total tipo producción;;;22675.946;2024-04-12T01:00:00+02:00
10195;Generación medida total tipo producción;;;21126.258;2024-04-12T02:00:00+02:00
10195;Generación medida total tipo producción;;;20684.645;2024-04-12T03:00:00+02:00
10195;Generación medida total tipo producción;;;20215.506;2024-04-12T04:00:00+02:00
10195;Generación medida total tipo producción;;;20938.079;2024-04-12T05:00:00+02:00
10195;Generación medida total tipo producción;;;22772.589;2024-04-12T06:00:00+02:00
10195;Generación medida total tipo producción;;;23965.449;2024-04-12T07:00:00+02:00
10195;Generación medida total tipo producción;;;26915.638;2024-04-12T08:00:00+02:00
10195;Generación medida total tipo producción;;;29119.445;2024-04-12T09:00:00+02:00
10195;Generación medida total tipo producción;;;31746.466;2024-04-12T10:00:00+02:00
10195;Generación medida total tipo producción;;;32099.047;2024-04-12T11:00:00+02:00
10195;Generación medida total tipo producción;;;31210.28;2024-04-12T12:00:00+02:00
10195;Generación medida total tipo producción;;;29440.16;2024-04-12T13:00:00+02:00
10195;Generación medida total tipo producción;;;28956.643;2024-04-12T14:00:00+02:00
10195;Generación medida total tipo producción;;;28312.129;2024-04-12T15:00:00+02:00
10195;Generación medida total tipo producción;;;31012.783;2024-04-12T16:00:00+02:00
10195;Generación medida total tipo producción;;;31136.693;2024-04-12T17:00:00+02:00
10195;Generación medida total tipo producción;;;30957.602;2024-04-12T18:00:00+02:00
10195;Generación medida total tipo producción;;;29013.577;2024-04-12T19:00:00+02:00
10195;Generación medida total tipo producción;;;24945.32;2024-04-12T20:00:00+02:00
10195;Generación medida total tipo producción;;;25716.786;2024-04-12T21:00:00+02:00
10195;Generación medida total tipo producción;;;24703.174;2024-04-12T22:00:00+02:00
10195;Generación medida total tipo producción;;;23613.196;2024-04-12T23:00:00+02:00
10195;Generación medida total tipo producción;;;22808.208;2024-04-13T00:00:00+02:00
10195;Generación medida total tipo producción;;;21213.341;2024-04-13T01:00:00+02:00
10195;Generación medida total tipo producción;;;20370.21;2024-04-13T02:00:00+02:00
10195;Generación medida total tipo producción;;;19685.225;2024-04-13T03:00:00+02:00
10195;Generación medida total tipo producción;;;19099.78;2024-04-13T04:00:00+02:00
10195;Generación medida total tipo producción;;;18882.479;2024-04-13T05:00:00+02:00
10195;Generación medida total tipo producción;;;19349.075;2024-04-13T06:00:00+02:00
10195;Generación medida total tipo producción;;;19701.665;2024-04-13T07:00:00+02:00
10195;Generación medida total tipo producción;;;23030.996;2024-04-13T08:00:00+02:00
10195;Generación medida total tipo producción;;;27519.061;2024-04-13T09:00:00+02:00
10195;Generación medida total tipo producción;;;27936.411;2024-04-13T10:00:00+02:00
10195;Generación medida total tipo producción;;;26313.068;2024-04-13T11:00:00+02:00
10195;Generación medida total tipo producción;;;26356.12;2024-04-13T12:00:00+02:00
10195;Generación medida total tipo producción;;;26540.204;2024-04-13T13:00:00+02:00
10195;Generación medida total tipo producción;;;26203.581;2024-04-13T14:00:00+02:00
10195;Generación medida total tipo producción;;;25814.514;2024-04-13T15:00:00+02:00
10195;Generación medida total tipo producción;;;25877.455;2024-04-13T16:00:00+02:00
10195;Generación medida total tipo producción;;;29382.776;2024-04-13T17:00:00+02:00
10195;Generación medida total tipo producción;;;29294.139;2024-04-13T18:00:00+02:00
10195;Generación medida total tipo producción;;;26936.961;2024-04-13T19:00:00+02:00
10195;Generación medida total tipo producción;;;23408.994;2024-04-13T20:00:00+02:00
10195;Generación medida total tipo producción;;;24140.755;2024-04-13T21:00:00+02:00
10195;Generación medida total tipo producción;;;23915.561;2024-04-13T22:00:00+02:00
10195;Generación medida total tipo producción;;;22408.026;2024-04-13T23:00:00+02:00
10195;Generación medida total tipo producción;;;20108.847;2024-04-14T00:00:00+02:00
10195;Generación medida total tipo producción;;;19270.353;2024-04-14T01:00:00+02:00
10195;Generación medida total tipo producción;;;19230.758;2024-04-14T02:00:00+02:00
10195;Generación medida total tipo producción;;;18784.071;2024-04-14T03:00:00+02:00
10195;Generación medida total tipo producción;;;18826.883;2024-04-14T04:00:00+02:00
10195;Generación medida total tipo producción;;;18831.568;2024-04-14T05:00:00+02:00
10195;Generación medida total tipo producción;;;19025.166;2024-04-14T06:00:00+02:00
10195;Generación medida total tipo producción;;;19123.932;2024-04-14T07:00:00+02:00
10195;Generación medida total tipo producción;;;21828.897;2024-04-14T08:00:00+02:00
10195;Generación medida total tipo producción;;;24671.573;2024-04-14T09:00:00+02:00
10195;Generación medida total tipo producción;;;25741.74;2024-04-14T10:00:00+02:00
10195;Generación medida total tipo producción;;;25066.125;2024-04-14T11:00:00+02:00
10195;Generación medida total tipo producción;;;25592.822;2024-04-14T12:00:00+02:00
10195;Generación medida total tipo producción;;;25859.773;2024-04-14T13:00:00+02:00
10195;Generación medida total tipo producción;;;26004.775;2024-04-14T14:00:00+02:00
10195;Generación medida total tipo producción;;;25268.862;2024-04-14T15:00:00+02:00
10195;Generación medida total tipo producción;;;24823.814;2024-04-14T16:00:00+02:00
10195;Generación medida total tipo producción;;;26846.866;2024-04-14T17:00:00+02:00
10195;Generación medida total tipo producción;;;27344.359;2024-04-14T18:00:00+02:00
10195;Generación medida total tipo producción;;;26220.14;2024-04-14T19:00:00+02:00
10195;Generación medida total tipo producción;;;24108.669;2024-04-14T20:00:00+02:00
10195;Generación medida total tipo producción;;;24017.482;2024-04-14T21:00:00+02:00
10195;Generación medida total tipo producción;;;23647.172;2024-04-14T22:00:00+02:00
10195;Generación medida total tipo producción;;;22299.693;2024-04-14T23:00:00+02:00
10195;Generación medida total tipo producción;;;21610.93;2024-04-15T00:00:00+02:00
10195;Generación medida total tipo producción;;;20658.049;2024-04-15T01:00:00+02:00
10195;Generación medida total tipo producción;;;19759.678;2024-04-15T02:00:00+02:00
10195;Generación medida total tipo producción;;;19469.755;2024-04-15T03:00:00+02:00
10195;Generación medida total tipo producción;;;19624.13;2024-04-15T04:00:00+02:00
10195;Generación medida total tipo producción;;;20375.147;2024-04-15T05:00:00+02:00
10195;Generación medida total tipo producción;;;22219.176;2024-04-15T06:00:00+02:00
10195;Generación medida total tipo producción;;;24996.64;2024-04-15T07:00:00+02:00
10195;Generación medida total tipo producción;;;27727.517;2024-04-15T08:00:00+02:00
10195;Generación medida total tipo producción;;;30973.223;2024-04-15T09:00:00+02:00
10195;Generación medida total tipo producción;;;32818.84;2024-04-15T10:00:00+02:00
10195;Generación medida total tipo producción;;;32254.908;2024-04-15T11:00:00+02:00
10195;Generación medida total tipo producción;;;33944.153;2024-04-15T12:00:00+02:00
10195;Generación medida total tipo producción;;;33845.306;2024-04-15T13:00:00+02:00
10195;Generación medida total tipo producción;;;32920.814;2024-04-15T14:00:00+02:00
10195;Generación medida total tipo producción;;;31954.908;2024-04-15T15:00:00+02:00
10195;Generación medida total tipo producción;;;29789.265;2024-04-15T16:00:00+02:00
10195;Generación medida total tipo producción;;;31875.835;2024-04-15T17:00:00+02:00
10195;Generación medida total tipo producción;;;30469.803;2024-04-15T18:00:00+02:00
10195;Generación medida total tipo producción;;;31359.463;2024-04-15T19:00:00+02:00
10195;Generación medida total tipo producción;;;29465.125;2024-04-15T20:00:00+02:00
10195;Generación medida total tipo producción;;;29377.129;2024-04-15T21:00:00+02:00
10195;Generación medida total tipo producción;;;28061.179;2024-04-15T22:00:00+02:00
10195;Generación medida total tipo producción;;;26273.134;2024-04-15T23:00:00+02:00
10195;Generación medida total tipo producción;;;23714.9;2024-04-16T00:00:00+02:00
10195;Generación medida total tipo producción;;;22445.949;2024-04-16T01:00:00+02:00
10195;Generación medida total tipo producción;;;22086.082;2024-04-16T02:00:00+02:00
10195;Generación medida total tipo producción;;;22797.216;2024-04-16T03:00:00+02:00
10195;Generación medida total tipo producción;;;21298.226;2024-04-16T04:00:00+02:00
10195;Generación medida total tipo producción;;;22255.663;2024-04-16T05:00:00+02:00
10195;Generación medida total tipo producción;;;24394.68;2024-04-16T06:00:00+02:00
10195;Generación medida total tipo producción;;;26458.241;2024-04-16T07:00:00+02:00
10195;Generación medida total tipo producción;;;29180.454;2024-04-16T08:00:00+02:00
10195;Generación medida total tipo producción;;;31966.953;2024-04-16T09:00:00+02:00
10195;Generación medida total tipo producción;;;33978.602;2024-04-16T10:00:00+02:00
10195;Generación medida total tipo producción;;;34383.965;2024-04-16T11:00:00+02:00
10195;Generación medida total tipo producción;;;34861.898;2024-04-16T12:00:00+02:00
10195;Generación medida total tipo producción;;;34795.73;2024-04-16T13:00:00+02:00
10195;Generación medida total tipo producción;;;34496.712;2024-04-16T14:00:00+02:00
10195;Generación medida total tipo producción;;;33893.928;2024-04-16T15:00:00+02:00
10195;Generación medida total tipo producción;;;33520.76;2024-04-16T16:00:00+02:00
10195;Generación medida total tipo producción;;;33623.476;2024-04-16T17:00:00+02:00
10195;Generación medida total tipo producción;;;34345.198;2024-04-16T18:00:00+02:00
10195;Generación medida total tipo producción;;;32611.61;2024-04-16T19:00:00+02:00
10195;Generación medida total tipo producción;;;32166.375;2024-04-16T20:00:00+02:00
10195;Generación medida total tipo producción;;;33058.276;2024-04-16T21:00:00+02:00
10195;Generación medida total tipo producción;;;30519.335;2024-04-16T22:00:00+02:00
10195;Generación medida total tipo producción;;;28228.685;2024-04-16T23:00:00+02:00
10195;Generación medida total tipo producción;;;26610.131;2024-04-17T00:00:00+02:00
10195;Generación medida total tipo producción;;;25445.034;2024-04-17T01:00:00+02:00
10195;Generación medida total tipo producción;;;24246.941;2024-04-17T02:00:00+02:00
10195;Generación medida total tipo producción;;;23761.958;2024-04-17T03:00:00+02:00
10195;Generación medida total tipo producción;;;23695.194;2024-04-17T04:00:00+02:00
10195;Generación medida total tipo producción;;;23833.858;2024-04-17T05:00:00+02:00
10195;Generación medida total tipo producción;;;25424.82;2024-04-17T06:00:00+02:00
10195;Generación medida total tipo producción;;;28398.033;2024-04-17T07:00:00+02:00
10195;Generación medida total tipo producción;;;29792.8;2024-04-17T08:00:00+02:00
10195;Generación medida total tipo producción;;;31632.353;2024-04-17T09:00:00+02:00
10195;Generación medida total tipo producción;;;33300.917;2024-04-17T10:00:00+02:00
10195;Generación medida total tipo producción;;;33473.543;2024-04-17T11:00:00+02:00
10195;Generación medida total tipo producción;;;33847.421;2024-04-17T12:00:00+02:00
10195;Generación medida total tipo producción;;;33943.882;2024-04-17T13:00:00+02:00
10195;Generación medida total tipo producción;;;33608.546;2024-04-17T14:00:00+02:00
10195;Generación medida total tipo producción;;;33275.163;2024-04-17T15:00:00+02:00
10195;Generación medida total tipo producción;;;33208.464;2024-04-17T16:00:00+02:00
10195;Generación medida total tipo producción;;;33305.023;2024-04-17T17:00:00+02:00
10195;Generación medida total tipo producción;;;33464.116;2024-04-17T18:00:00+02:00
10195;Generación medida total tipo producción;;;31717.197;2024-04-17T19:00:00+02:00
10195;Generación medida total tipo producción;;;31810.698;2024-04-17T20:00:00+02:00
10195;Generación medida total tipo producción;;;32681.896;2024-04-17T21:00:00+02:00
10195;Generación medida total tipo producción;;;29755.017;2024-04-17T22:00:00+02:00
10195;Generación medida total tipo producción;;;27812.045;2024-04-17T23:00:00+02:00
10195;Generación medida total tipo producción;;;26478.967;2024-04-18T00:00:00+02:00
10195;Generación medida total tipo producción;;;25394.85;2024-04-18T01:00:00+02:00
10195;Generación medida total tipo producción;;;24947.642;2024-04-18T02:00:00+02:00
10195;Generación medida total tipo producción;;;24563.288;2024-04-18T03:00:00+02:00
10195;Generación medida total tipo producción;;;24188.794;2024-04-18T04:00:00+02:00
10195;Generación medida total tipo producción;;;24213.102;2024-04-18T05:00:00+02:00
10195;Generación medida total tipo producción;;;25911.059;2024-04-18T06:00:00+02:00
10195;Generación medida total tipo producción;;;28159.909;2024-04-18T07:00:00+02:00
10195;Generación medida total tipo producción;;;29914.714;2024-04-18T08:00:00+02:00
10195;Generación medida total tipo producción;;;31938.186;2024-04-18T09:00:00+02:00
10195;Generación medida total tipo producción;;;33333.382;2024-04-18T10:00:00+02:00
10195;Generación medida total tipo producción;;;34084.715;2024-04-18T11:00:00+02:00
10195;Generación medida total tipo producción;;;34144.7;2024-04-18T12:00:00+02:00
10195;Generación medida total tipo producción;;;34708.395;2024-04-18T13:00:00+02:00
10195;Generación medida total tipo producción;;;34634.567;2024-04-18T14:00:00+02:00
10195;Generación medida total tipo producción;;;33864.618;2024-04-18T15:00:00+02:00
10195;Generación medida total tipo producción;;;34089.689;2024-04-18T16:00:00+02:00
10195;Generación medida total tipo producción;;;34764.875;2024-04-18T17:00:00+02:00
10195;Generación medida total tipo producción;;;34964.645;2024-04-18T18:00:00+02:00
10195;Generación medida total tipo producción;;;32579.911;2024-04-18T19:00:00+02:00
10195;Generación medida total tipo producción;;;32082.769;2024-04-18T20:00:00+02:00
10195;Generación medida total tipo producción;;;33182.16;2024-04-18T21:00:00+02:00
10195;Generación medida total tipo producción;;;30647.154;2024-04-18T22:00:00+02:00
10195;Generación medida total tipo producción;;;27908.491;2024-04-18T23:00:00+02:00
10195;Generación medida total tipo producción;;;26061.309;2024-04-19T00:00:00+02:00
10195;Generación medida total tipo producción;;;25075.3;2024-04-19T01:00:00+02:00
10195;Generación medida total tipo producción;;;23595.606;2024-04-19T02:00:00+02:00
10195;Generación medida total tipo producción;;;22943.707;2024-04-19T03:00:00+02:00
10195;Generación medida total tipo producción;;;21901.613;2024-04-19T04:00:00+02:00
10195;Generación medida total tipo producción;;;22685.611;2024-04-19T05:00:00+02:00
10195;Generación medida total tipo producción;;;24696.186;2024-04-19T06:00:00+02:00
10195;Generación medida total tipo producción;;;27679.182;2024-04-19T07:00:00+02:00
10195;Generación medida total tipo producción;;;30419.846;2024-04-19T08:00:00+02:00
10195;Generación medida total tipo producción;;;30474.151;2024-04-19T09:00:00+02:00
10195;Generación medida total tipo producción;;;31994.182;2024-04-19T10:00:00+02:00
10195;Generación medida total tipo producción;;;33146.569;2024-04-19T11:00:00+02:00
10195;Generación medida total tipo producción;;;33747.142;2024-04-19T12:00:00+02:00
10195;Generación medida total tipo producción;;;33540.093;2024-04-19T13:00:00+02:00
10195;Generación medida total tipo producción;;;32761.19;2024-04-19T14:00:00+02:00
10195;Generación medida total tipo producción;;;31858.301;2024-04-19T15:00:00+02:00
10195;Generación medida total tipo producción;;;30730.852;2024-04-19T16:00:00+02:00
10195;Generación medida total tipo producción;;;30366.241;2024-04-19T17:00:00+02:00
10195;Generación medida total tipo producción;;;29224.41;2024-04-19T18:00:00+02:00
10195;Generación medida total tipo producción;;;27992.532;2024-04-19T19:00:00+02:00
10195;Generación medida total tipo producción;;;26740.141;2024-04-19T20:00:00+02:00
10195;Generación medida total tipo producción;;;27270.372;2024-04-19T21:00:00+02:00
10195;Generación medida total tipo producción;;;26557.652;2024-04-19T22:00:00+02:00
10195;Generación medida total tipo producción;;;26227.679;2024-04-19T23:00:00+02:00
10195;Generación medida total tipo producción;;;24169.187;2024-04-20T00:00:00+02:00
10195;Generación medida total tipo producción;;;23571.494;2024-04-20T01:00:00+02:00
10195;Generación medida total tipo producción;;;23057.17;2024-04-20T02:00:00+02:00
10195;Generación medida total tipo producción;;;22471.144;2024-04-20T03:00:00+02:00
10195;Generación medida total tipo producción;;;22414.291;2024-04-20T04:00:00+02:00
10195;Generación medida total tipo producción;;;22264.401;2024-04-20T05:00:00+02:00
10195;Generación medida total tipo producción;;;23025.688;2024-04-20T06:00:00+02:00
10195;Generación medida total tipo producción;;;23449.092;2024-04-20T07:00:00+02:00
10195;Generación medida total tipo producción;;;25224.805;2024-04-20T08:00:00+02:00
10195;Generación medida total tipo producción;;;28799.472;2024-04-20T09:00:00+02:00
10195;Generación medida total tipo producción;;;30869.98;2024-04-20T10:00:00+02:00
10195;Generación medida total tipo producción;;;32223.827;2024-04-20T11:00:00+02:00
10195;Generación medida total tipo producción;;;32804.896;2024-04-20T12:00:00+02:00
10195;Generación medida total tipo producción;;;32530.497;2024-04-20T13:00:00+02:00
10195;Generación medida total tipo producción;;;30142.06;2024-04-20T14:00:00+02:00
10195;Generación medida total tipo producción;;;31418.481;2024-04-20T15:00:00+02:00
10195;Generación medida total tipo producción;;;29691.731;2024-04-20T16:00:00+02:00
10195;Generación medida total tipo producción;;;30257.97;2024-04-20T17:00:00+02:00
10195;Generación medida total tipo producción;;;31150.706;2024-04-20T18:00:00+02:00
10195;Generación medida total tipo producción;;;29202.661;2024-04-20T19:00:00+02:00
10195;Generación medida total tipo producción;;;28879.415;2024-04-20T20:00:00+02:00
10195;Generación medida total tipo producción;;;30546.741;2024-04-20T21:00:00+02:00
10195;Generación medida total tipo producción;;;29048.936;2024-04-20T22:00:00+02:00
10195;Generación medida total tipo producción;;;27815.259;2024-04-20T23:00:00+02:00
10195;Generación medida total tipo producción;;;26477.672;2024-04-21T00:00:00+02:00
10195;Generación medida total tipo producción;;;24987.277;2024-04-21T01:00:00+02:00
10195;Generación medida total tipo producción;;;23458.961;2024-04-21T02:00:00+02:00
10195;Generación medida total tipo producción;;;22794.884;2024-04-21T03:00:00+02:00
10195;Generación medida total tipo producción;;;22416.432;2024-04-21T04:00:00+02:00
10195;Generación medida total tipo producción;;;21957.372;2024-04-21T05:00:00+02:00
10195;Generación medida total tipo producción;;;21529.927;2024-04-21T06:00:00+02:00
10195;Generación medida total tipo producción;;;21821.783;2024-04-21T07:00:00+02:00
10195;Generación medida total tipo producción;;;23624.663;2024-04-21T08:00:00+02:00
10195;Generación medida total tipo producción;;;27269.397;2024-04-21T09:00:00+02:00
10195;Generación medida total tipo producción;;;28087.398;2024-04-21T10:00:00+02:00
10195;Generación medida total tipo producción;;;29486.558;2024-04-21T11:00:00+02:00
10195;Generación medida total tipo producción;;;29155.225;2024-04-21T12:00:00+02:00
10195;Generación medida total tipo producción;;;27644.574;2024-04-21T13:00:00+02:00
10195;Generación medida total tipo producción;;;27447.406;2024-04-21T14:00:00+02:00
10195;Generación medida total tipo producción;;;26575.925;2024-04-21T15:00:00+02:00
10195;Generación medida total tipo producción;;;28608.725;2024-04-21T16:00:00+02:00
10195;Generación medida total tipo producción;;;29666.062;2024-04-21T17:00:00+02:00
10195;Generación medida total tipo producción;;;29854.323;2024-04-21T18:00:00+02:00
10195;Generación medida total tipo producción;;;30503.604;2024-04-21T19:00:00+02:00
10195;Generación medida total tipo producción;;;29336.581;2024-04-21T20:00:00+02:00
10195;Generación medida total tipo producción;;;30300.451;2024-04-21T21:00:00+02:00
10195;Generación medida total tipo producción;;;29767.126;2024-04-21T22:00:00+02:00
10195;Generación medida total tipo producción;;;28100.195;2024-04-21T23:00:00+02:00
10195;Generación medida total tipo producción;;;26928.928;2024-04-22T00:00:00+02:00
10195;Generación medida total tipo producción;;;26221.042;2024-04-22T01:00:00+02:00
10195;Generación medida total tipo producción;;;25151.277;2024-04-22T02:00:00+02:00
10195;Generación medida total tipo producción;;;24963.517;2024-04-22T03:00:00+02:00
10195;Generación medida total tipo producción;;;24551.034;2024-04-22T04:00:00+02:00
10195;Generación medida total tipo producción;;;25212.435;2024-04-22T05:00:00+02:00
10195;Generación medida total tipo producción;;;25945.482;2024-04-22T06:00:00+02:00
10195;Generación medida total tipo producción;;;28301.086;2024-04-22T07:00:00+02:00
10195;Generación medida total tipo producción;;;30763.299;2024-04-22T08:00:00+02:00
10195;Generación medida total tipo producción;;;32467.042;2024-04-22T09:00:00+02:00
10195;Generación medida total tipo producción;;;33069.77;2024-04-22T10:00:00+02:00
10195;Generación medida total tipo producción;;;33605.403;2024-04-22T11:00:00+02:00
10195;Generación medida total tipo producción;;;33386.726;2024-04-22T12:00:00+02:00
10195;Generación medida total tipo producción;;;32800.467;2024-04-22T13:00:00+02:00
10195;Generación medida total tipo producción;;;33135.232;2024-04-22T14:00:00+02:00
10195;Generación medida total tipo producción;;;32953.176;2024-04-22T15:00:00+02:00
10195;Generación medida total tipo producción;;;32160.56;2024-04-22T16:00:00+02:00
10195;Generación medida total tipo producción;;;32244.288;2024-04-22T17:00:00+02:00
10195;Generación medida total tipo producción;;;33551.29;2024-04-22T18:00:00+02:00
10195;Generación medida total tipo producción;;;34300.519;2024-04-22T19:00:00+02:00
10195;Generación medida total tipo producción;;;34148.841;2024-04-22T20:00:00+02:00
10195;Generación medida total tipo producción;;;34832.866;2024-04-22T21:00:00+02:00
10195;Generación medida total tipo producción;;;32345.608;2024-04-22T22:00:00+02:00
10195;Generación medida total tipo producción;;;29725.534;2024-04-22T23:00:00+02:00
10195;Generación medida total tipo producción;;;26702.269;2024-04-23T00:00:00+02:00
10195;Generación medida total tipo producción;;;25341.328;2024-04-23T01:00:00+02:00
10195;Generación medida total tipo producción;;;24663.35;2024-04-23T02:00:00+02:00
10195;Generación medida total tipo producción;;;24259.552;2024-04-23T03:00:00+02:00
10195;Generación medida total tipo producción;;;23850.296;2024-04-23T04:00:00+02:00
10195;Generación medida total tipo producción;;;24515.378;2024-04-23T05:00:00+02:00
10195;Generación medida total tipo producción;;;25362.422;2024-04-23T06:00:00+02:00
10195;Generación medida total tipo producción;;;28100.394;2024-04-23T07:00:00+02:00
10195;Generación medida total tipo producción;;;30117.641;2024-04-23T08:00:00+02:00
10195;Generación medida total tipo producción;;;32980.32;2024-04-23T09:00:00+02:00
10195;Generación medida total tipo producción;;;34739.983;2024-04-23T10:00:00+02:00
10195;Generación medida total tipo producción;;;34983.504;2024-04-23T11:00:00+02:00
10195;Generación medida total tipo producción;;;35178.345;2024-04-23T12:00:00+02:00
10195;Generación medida total tipo producción;;;35404.488;2024-04-23T13:00:00+02:00
10195;Generación medida total tipo producción;;;35061.383;2024-04-23T14:00:00+02:00
10195;Generación medida total tipo producción;;;34555.686;2024-04-23T15:00:00+02:00
10195;Generación medida total tipo producción;;;33792.634;2024-04-23T16:00:00+02:00
10195;Generación medida total tipo producción;;;34200.251;2024-04-23T17:00:00+02:00
10195;Generación medida total tipo producción;;;33979.484;2024-04-23T18:00:00+02:00
10195;Generación medida total tipo producción;;;33350.225;2024-04-23T19:00:00+02:00
10195;Generación medida total tipo producción;;;32199.867;2024-04-23T20:00:00+02:00
10195;Generación medida total tipo producción;;;33590.305;2024-04-23T21:00:00+02:00
10195;Generación medida total tipo producción;;;31896.078;2024-04-23T22:00:00+02:00
10195;Generación medida total tipo producción;;;29108.667;2024-04-23T23:00:00+02:00
10195;Generación medida total tipo producción;;;27863.86;2024-04-24T00:00:00+02:00
10195;Generación medida total tipo producción;;;26176.929;2024-04-24T01:00:00+02:00
10195;Generación medida total tipo producción;;;25668.623;2024-04-24T02:00:00+02:00
10195;Generación medida total tipo producción;;;25071.296;2024-04-24T03:00:00+02:00
10195;Generación medida total tipo producción;;;25047.764;2024-04-24T04:00:00+02:00
10195;Generación medida total tipo producción;;;25128.272;2024-04-24T05:00:00+02:00
10195;Generación medida total tipo producción;;;26403.309;2024-04-24T06:00:00+02:00
10195;Generación medida total tipo producción;;;29414.009;2024-04-24T07:00:00+02:00
10195;Generación medida total tipo producción;;;31921.663;2024-04-24T08:00:00+02:00
10195;Generación medida total tipo producción;;;34158.529;2024-04-24T09:00:00+02:00
10195;Generación medida total tipo producción;;;36488.07;2024-04-24T10:00:00+02:00
10195;Generación medida total tipo producción;;;37149.892;2024-04-24T11:00:00+02:00
10195;Generación medida total tipo producción;;;36573.77;2024-04-24T12:00:00+02:00
10195;Generación medida total tipo producción;;;36469.302;2024-04-24T13:00:00+02:00
10195;Generación medida total tipo producción;;;35978.42;2024-04-24T14:00:00+02:00
10195;Generación medida total tipo producción;;;35386.268;2024-04-24T15:00:00+02:00
10195;Generación medida total tipo producción;;;34779.164;2024-04-24T16:00:00+02:00
10195;Generación medida total tipo producción;;;35064.937;2024-04-24T17:00:00+02:00
10195;Generación medida total tipo producción;;;33734.903;2024-04-24T18:00:00+02:00
10195;Generación medida total tipo producción;;;31547.731;2024-04-24T19:00:00+02:00
10195;Generación medida total tipo producción;;;31437.714;2024-04-24T20:00:00+02:00
10195;Generación medida total tipo producción;;;32603.267;2024-04-24T21:00:00+02:00
10195;Generación medida total tipo producción;;;29862.966;2024-04-24T22:00:00+02:00
10195;Generación medida total tipo producción;;;27658.565;2024-04-24T23:00:00+02:00
10195;Generación medida total tipo producción;;;26583.419;2024-04-25T00:00:00+02:00
10195;Generación medida total tipo producción;;;25877.67;2024-04-25T01:00:00+02:00
10195;Generación medida total tipo producción;;;24485.702;2024-04-25T02:00:00+02:00
10195;Generación medida total tipo producción;;;23901.199;2024-04-25T03:00:00+02:00
10195;Generación medida total tipo producción;;;23666.639;2024-04-25T04:00:00+02:00
10195;Generación medida total tipo producción;;;24051.971;2024-04-25T05:00:00+02:00
10195;Generación medida total tipo producción;;;24966.641;2024-04-25T06:00:00+02:00
10195;Generación medida total tipo producción;;;26583.234;2024-04-25T07:00:00+02:00
10195;Generación medida total tipo producción;;;29088.405;2024-04-25T08:00:00+02:00
10195;Generación medida total tipo producción;;;31076.027;2024-04-25T09:00:00+02:00
10195;Generación medida total tipo producción;;;32204.953;2024-04-25T10:00:00+02:00
10195;Generación medida total tipo producción;;;32617.174;2024-04-25T11:00:00+02:00
10195;Generación medida total tipo producción;;;32875.737;2024-04-25T12:00:00+02:00
10195;Generación medida total tipo producción;;;33170.328;2024-04-25T13:00:00+02:00
10195;Generación medida total tipo producción;;;33219.161;2024-04-25T14:00:00+02:00
10195;Generación medida total tipo producción;;;33334.438;2024-04-25T15:00:00+02:00
10195;Generación medida total tipo producción;;;32138.122;2024-04-25T16:00:00+02:00
10195;Generación medida total tipo producción;;;30754.207;2024-04-25T17:00:00+02:00
10195;Generación medida total tipo producción;;;29655.282;2024-04-25T18:00:00+02:00
10195;Generación medida total tipo producción;;;30133.58;2024-04-25T19:00:00+02:00
10195;Generación medida total tipo producción;;;28951.055;2024-04-25T20:00:00+02:00
10195;Generación medida total tipo producción;;;28741.754;2024-04-25T21:00:00+02:00
10195;Generación medida total tipo producción;;;27041.204;2024-04-25T22:00:00+02:00
10195;Generación medida total tipo producción;;;26010.34;2024-04-25T23:00:00+02:00
10195;Generación medida total tipo producción;;;24388.163;2024-04-26T00:00:00+02:00
10195;Generación medida total tipo producción;;;23272.537;2024-04-26T01:00:00+02:00
10195;Generación medida total tipo producción;;;22118.266;2024-04-26T02:00:00+02:00
10195;Generación medida total tipo producción;;;22307.829;2024-04-26T03:00:00+02:00
10195;Generación medida total tipo producción;;;21702.171;2024-04-26T04:00:00+02:00
10195;Generación medida total tipo producción;;;21820.668;2024-04-26T05:00:00+02:00
10195;Generación medida total tipo producción;;;24165.318;2024-04-26T06:00:00+02:00
10195;Generación medida total tipo producción;;;24781.759;2024-04-26T07:00:00+02:00
10195;Generación medida total tipo producción;;;27046.938;2024-04-26T08:00:00+02:00
10195;Generación medida total tipo producción;;;30314.321;2024-04-26T09:00:00+02:00
10195;Generación medida total tipo producción;;;31835.413;2024-04-26T10:00:00+02:00
10195;Generación medida total tipo producción;;;33174.984;2024-04-26T11:00:00+02:00
10195;Generación medida total tipo producción;;;33281.033;2024-04-26T12:00:00+02:00
10195;Generación medida total tipo producción;;;34150.683;2024-04-26T13:00:00+02:00
10195;Generación medida total tipo producción;;;34535.38;2024-04-26T14:00:00+02:00
10195;Generación medida total tipo producción;;;34225.213;2024-04-26T15:00:00+02:00
10195;Generación medida total tipo producción;;;34205.582;2024-04-26T16:00:00+02:00
10195;Generación medida total tipo producción;;;33355.736;2024-04-26T17:00:00+02:00
10195;Generación medida total tipo producción;;;31984.8;2024-04-26T18:00:00+02:00
10195;Generación medida total tipo producción;;;29958.366;2024-04-26T19:00:00+02:00
10195;Generación medida total tipo producción;;;29415.798;2024-04-26T20:00:00+02:00
10195;Generación medida total tipo producción;;;30270.136;2024-04-26T21:00:00+02:00
10195;Generación medida total tipo producción;;;29093.849;2024-04-26T22:00:00+02:00
10195;Generación medida total tipo producción;;;26764.207;2024-04-26T23:00:00+02:00
10195;Generación medida total tipo producción;;;24590.131;2024-04-27T00:00:00+02:00
10195;Generación medida total tipo producción;;;23642.042;2024-04-27T01:00:00+02:00
10195;Generación medida total tipo producción;;;23713.694;2024-04-27T02:00:00+02:00
10195;Generación medida total tipo producción;;;23022.545;2024-04-27T03:00:00+02:00
10195;Generación medida total tipo producción;;;22450.099;2024-04-27T04:00:00+02:00
10195;Generación medida total tipo producción;;;22347.884;2024-04-27T05:00:00+02:00
10195;Generación medida total tipo producción;;;22509.704;2024-04-27T06:00:00+02:00
10195;Generación medida total tipo producción;;;23033.768;2024-04-27T07:00:00+02:00
10195;Generación medida total tipo producción;;;25611.587;2024-04-27T08:00:00+02:00
10195;Generación medida total tipo producción;;;29069.274;2024-04-27T09:00:00+02:00
10195;Generación medida total tipo producción;;;31084.642;2024-04-27T10:00:00+02:00
10195;Generación medida total tipo producción;;;31573.778;2024-04-27T11:00:00+02:00
10195;Generación medida total tipo producción;;;32102.934;2024-04-27T12:00:00+02:00
10195;Generación medida total tipo producción;;;31846.973;2024-04-27T13:00:00+02:00
10195;Generación medida total tipo producción;;;29917.165;2024-04-27T14:00:00+02:00
10195;Generación medida total tipo producción;;;31442.361;2024-04-27T15:00:00+02:00
10195;Generación medida total tipo producción;;;31035.301;2024-04-27T16:00:00+02:00
10195;Generación medida total tipo producción;;;30812.205;2024-04-27T17:00:00+02:00
10195;Generación medida total tipo producción;;;31383.842;2024-04-27T18:00:00+02:00
10195;Generación medida total tipo producción;;;29390.608;2024-04-27T19:00:00+02:00
10195;Generación medida total tipo producción;;;26164.665;2024-04-27T20:00:00+02:00
10195;Generación medida total tipo producción;;;27085.195;2024-04-27T21:00:00+02:00
10195;Generación medida total tipo producción;;;25826.168;2024-04-27T22:00:00+02:00
10195;Generación medida total tipo producción;;;24142.704;2024-04-27T23:00:00+02:00
10195;Generación medida total tipo producción;;;20879.01;2024-04-28T00:00:00+02:00
10195;Generación medida total tipo producción;;;19221.321;2024-04-28T01:00:00+02:00
10195;Generación medida total tipo producción;;;17660.721;2024-04-28T02:00:00+02:00
10195;Generación medida total tipo producción;;;17943.162;2024-04-28T03:00:00+02:00
10195;Generación medida total tipo producción;;;17671.749;2024-04-28T04:00:00+02:00
10195;Generación medida total tipo producción;;;17390.417;2024-04-28T05:00:00+02:00
10195;Generación medida total tipo producción;;;16789.53;2024-04-28T06:00:00+02:00
10195;Generación medida total tipo producción;;;16943.895;2024-04-28T07:00:00+02:00
10195;Generación medida total tipo producción;;;19462.691;2024-04-28T08:00:00+02:00
10195;Generación medida total tipo producción;;;23887.451;2024-04-28T09:00:00+02:00
10195;Generación medida total tipo producción;;;26494.613;2024-04-28T10:00:00+02:00
10195;Generación medida total tipo producción;;;27592.545;2024-04-28T11:00:00+02:00
10195;Generación medida total tipo producción;;;28648.935;2024-04-28T12:00:00+02:00
10195;Generación medida total tipo producción;;;28241.91;2024-04-28T13:00:00+02:00
10195;Generación medida total tipo producción;;;27577.198;2024-04-28T14:00:00+02:00
10195;Generación medida total tipo producción;;;26322.15;2024-04-28T15:00:00+02:00
10195;Generación medida total tipo producción;;;25421.886;2024-04-28T16:00:00+02:00
10195;Generación medida total tipo producción;;;26221.555;2024-04-28T17:00:00+02:00
10195;Generación medida total tipo producción;;;26737.56;2024-04-28T18:00:00+02:00
10195;Generación medida total tipo producción;;;25218.079;2024-04-28T19:00:00+02:00
10195;Generación medida total tipo producción;;;24368.972;2024-04-28T20:00:00+02:00
10195;Generación medida total tipo producción;;;26300.664;2024-04-28T21:00:00+02:00
10195;Generación medida total tipo producción;;;26117.47;2024-04-28T22:00:00+02:00
10195;Generación medida total tipo producción;;;24495.191;2024-04-28T23:00:00+02:00
10195;Generación medida total tipo producción;;;22918.731;2024-04-29T00:00:00+02:00
10195;Generación medida total tipo producción;;;21924.366;2024-04-29T01:00:00+02:00
10195;Generación medida total tipo producción;;;21053.906;2024-04-29T02:00:00+02:00
10195;Generación medida total tipo producción;;;20068.278;2024-04-29T03:00:00+02:00
10195;Generación medida total tipo producción;;;19328.747;2024-04-29T04:00:00+02:00
10195;Generación medida total tipo producción;;;20276.269;2024-04-29T05:00:00+02:00
10195;Generación medida total tipo producción;;;23174.339;2024-04-29T06:00:00+02:00
10195;Generación medida total tipo producción;;;26031.107;2024-04-29T07:00:00+02:00
10195;Generación medida total tipo producción;;;29204.912;2024-04-29T08:00:00+02:00
10195;Generación medida total tipo producción;;;30985.115;2024-04-29T09:00:00+02:00
10195;Generación medida total tipo producción;;;32609.743;2024-04-29T10:00:00+02:00
10195;Generación medida total tipo producción;;;33153.291;2024-04-29T11:00:00+02:00
10195;Generación medida total tipo producción;;;31827.313;2024-04-29T12:00:00+02:00
10195;Generación medida total tipo producción;;;31578.01;2024-04-29T13:00:00+02:00
10195;Generación medida total tipo producción;;;30899.691;2024-04-29T14:00:00+02:00
10195;Generación medida total tipo producción;;;30698.953;2024-04-29T15:00:00+02:00
10195;Generación medida total tipo producción;;;30503.78;2024-04-29T16:00:00+02:00
10195;Generación medida total tipo producción;;;29866.813;2024-04-29T17:00:00+02:00
10195;Generación medida total tipo producción;;;30160.518;2024-04-29T18:00:00+02:00
10195;Generación medida total tipo producción;;;28833.236;2024-04-29T19:00:00+02:00
10195;Generación medida total tipo producción;;;27997.659;2024-04-29T20:00:00+02:00
10195;Generación medida total tipo producción;;;26188.807;2024-04-29T21:00:00+02:00
10195;Generación medida total tipo producción;;;26084.819;2024-04-29T22:00:00+02:00
10195;Generación medida total tipo producción;;;25105.977;2024-04-29T23:00:00+02:00
10195;Generación medida total tipo producción;;;21871.121;2024-04-30T00:00:00+02:00
10195;Generación medida total tipo producción;;;20468.793;2024-04-30T01:00:00+02:00
10195;Generación medida total tipo producción;;;19877.124;2024-04-30T02:00:00+02:00
10195;Generación medida total tipo producción;;;19613.612;2024-04-30T03:00:00+02:00
10195;Generación medida total tipo producción;;;19616.79;2024-04-30T04:00:00+02:00
10195;Generación medida total tipo producción;;;20891.558;2024-04-30T05:00:00+02:00
10195;Generación medida total tipo producción;;;23208.452;2024-04-30T06:00:00+02:00
10195;Generación medida total tipo producción;;;25744.606;2024-04-30T07:00:00+02:00
10195;Generación medida total tipo producción;;;29732.057;2024-04-30T08:00:00+02:00
10195;Generación medida total tipo producción;;;31859.767;2024-04-30T09:00:00+02:00
10195;Generación medida total tipo producción;;;32435.148;2024-04-30T10:00:00+02:00
10195;Generación medida total tipo producción;;;33227.265;2024-04-30T11:00:00+02:00
10195;Generación medida total tipo producción;;;33090.929;2024-04-30T12:00:00+02:00
10195;Generación medida total tipo producción;;;32290.989;2024-04-30T13:00:00+02:00
10195;Generación medida total tipo producción;;;33405.265;2024-04-30T14:00:00+02:00
10195;Generación medida total tipo producción;;;33300.62;2024-04-30T15:00:00+02:00
10195;Generación medida total tipo producción;;;33360.831;2024-04-30T16:00:00+02:00
10195;Generación medida total tipo producción;;;32802.465;2024-04-30T17:00:00+02:00
10195;Generación medida total tipo producción;;;30932.604;2024-04-30T18:00:00+02:00
10195;Generación medida total tipo producción;;;28854.435;2024-04-30T19:00:00+02:00
10195;Generación medida total tipo producción;;;27774.288;2024-04-30T20:00:00+02:00
10195;Generación medida total tipo producción;;;28690.854;2024-04-30T21:00:00+02:00
10195;Generación medida total tipo producción;;;28347.937;2024-04-30T22:00:00+02:00
10195;Generación medida total tipo producción;;;27073.756;2024-04-30T23:00:00+02:00
1169;Generación medida Biogás;;;55.152;2024-04-01T00:00:00+02:00
1169;Generación medida Biogás;;;53.537;2024-04-01T01:00:00+02:00
1169;Generación medida Biogás;;;53.68;2024-04-01T02:00:00+02:00
1169;Generación medida Biogás;;;52.234;2024-04-01T03:00:00+02:00
1169;Generación medida Biogás;;;52.515;2024-04-01T04:00:00+02:00
1169;Generación medida Biogás;;;54.093;2024-04-01T05:00:00+02:00
1169;Generación medida Biogás;;;52.891;2024-04-01T06:00:00+02:00
1169;Generación medida Biogás;;;49.72;2024-04-01T07:00:00+02:00
1169;Generación medida Biogás;;;50.641;2024-04-01T08:00:00+02:00
1169;Generación medida Biogás;;;50.505;2024-04-01T09:00:00+02:00
1169;Generación medida Biogás;;;51.338;2024-04-01T10:00:00+02:00
1169;Generación medida Biogás;;;51.35;2024-04-01T11:00:00+02:00
1169;Generación medida Biogás;;;50.149;2024-04-01T12:00:00+02:00
1169;Generación medida Biogás;;;49.427;2024-04-01T13:00:00+02:00
1169;Generación medida Biogás;;;49.108;2024-04-01T14:00:00+02:00
1169;Generación medida Biogás;;;52.222;2024-04-01T15:00:00+02:00
1169;Generación medida Biogás;;;56.874;2024-04-01T16:00:00+02:00
1169;Generación medida Biogás;;;55.778;2024-04-01T17:00:00+02:00
1169;Generación medida Biogás;;;59.403;2024-04-01T18:00:00+02:00
1169;Generación medida Biogás;;;59.884;2024-04-01T19:00:00+02:00
1169;Generación medida Biogás;;;62.072;2024-04-01T20:00:00+02:00
1169;Generación medida Biogás;;;64.413;2024-04-01T21:00:00+02:00
1169;Generación medida Biogás;;;63.095;2024-04-01T22:00:00+02:00
1169;Generación medida Biogás;;;60.614;2024-04-01T23:00:00+02:00
1169;Generación medida Biogás;;;60.161;2024-04-02T00:00:00+02:00
1169;Generación medida Biogás;;;58.089;2024-04-02T01:00:00+02:00
1169;Generación medida Biogás;;;58.984;2024-04-02T02:00:00+02:00
1169;Generación medida Biogás;;;59.876;2024-04-02T03:00:00+02:00
1169;Generación medida Biogás;;;59.563;2024-04-02T04:00:00+02:00
1169;Generación medida Biogás;;;60.908;2024-04-02T05:00:00+02:00
1169;Generación medida Biogás;;;63.32;2024-04-02T06:00:00+02:00
1169;Generación medida Biogás;;;66.323;2024-04-02T07:00:00+02:00
1169;Generación medida Biogás;;;68.965;2024-04-02T08:00:00+02:00
1169;Generación medida Biogás;;;66.897;2024-04-02T09:00:00+02:00
1169;Generación medida Biogás;;;58.246;2024-04-02T10:00:00+02:00
1169;Generación medida Biogás;;;56.752;2024-04-02T11:00:00+02:00
1169;Generación medida Biogás;;;58.834;2024-04-02T12:00:00+02:00
1169;Generación medida Biogás;;;59.076;2024-04-02T13:00:00+02:00
1169;Generación medida Biogás;;;61.5;2024-04-02T14:00:00+02:00
1169;Generación medida Biogás;;;61.616;2024-04-02T15:00:00+02:00
1169;Generación medida Biogás;;;60.335;2024-04-02T16:00:00+02:00
1169;Generación medida Biogás;;;61.992;2024-04-02T17:00:00+02:00
1169;Generación medida Biogás;;;62.829;2024-04-02T18:00:00+02:00
1169;Generación medida Biogás;;;65.359;2024-04-02T19:00:00+02:00
1169;Generación medida Biogás;;;74.362;2024-04-02T20:00:00+02:00
1169;Generación medida Biogás;;;78.047;2024-04-02T21:00:00+02:00
1169;Generación medida Biogás;;;77.94;2024-04-02T22:00:00+02:00
1169;Generación medida Biogás;;;69.672;2024-04-02T23:00:00+02:00
1169;Generación medida Biogás;;;65.631;2024-04-03T00:00:00+02:00
1169;Generación medida Biogás;;;66.476;2024-04-03T01:00:00+02:00
1169;Generación medida Biogás;;;66.37;2024-04-03T02:00:00+02:00
1169;Generación medida Biogás;;;65.255;2024-04-03T03:00:00+02:00
1169;Generación medida Biogás;;;63.997;2024-04-03T04:00:00+02:00
1169;Generación medida Biogás;;;64.04;2024-04-03T05:00:00+02:00
1169;Generación medida Biogás;;;65.416;2024-04-03T06:00:00+02:00
1169;Generación medida Biogás;;;68.745;2024-04-03T07:00:00+02:00
1169;Generación medida Biogás;;;73.226;2024-04-03T08:00:00+02:00
1169;Generación medida Biogás;;;65.716;2024-04-03T09:00:00+02:00
1169;Generación medida Biogás;;;59.739;2024-04-03T10:00:00+02:00
1169;Generación medida Biogás;;;58.506;2024-04-03T11:00:00+02:00
1169;Generación medida Biogás;;;60.32;2024-04-03T12:00:00+02:00
1169;Generación medida Biogás;;;59.318;2024-04-03T13:00:00+02:00
1169;Generación medida Biogás;;;60.233;2024-04-03T14:00:00+02:00
1169;Generación medida Biogás;;;59.07;2024-04-03T15:00:00+02:00
1169;Generación medida Biogás;;;59.241;2024-04-03T16:00:00+02:00
1169;Generación medida Biogás;;;61.552;2024-04-03T17:00:00+02:00
1169;Generación medida Biogás;;;62.179;2024-04-03T18:00:00+02:00
1169;Generación medida Biogás;;;62.686;2024-04-03T19:00:00+02:00
1169;Generación medida Biogás;;;74.017;2024-04-03T20:00:00+02:00
1169;Generación medida Biogás;;;78.259;2024-04-03T21:00:00+02:00
1169;Generación medida Biogás;;;78.242;2024-04-03T22:00:00+02:00
1169;Generación medida Biogás;;;76.626;2024-04-03T23:00:00+02:00
1169;Generación medida Biogás;;;72.594;2024-04-04T00:00:00+02:00
1169;Generación medida Biogás;;;68.236;2024-04-04T01:00:00+02:00
1169;Generación medida Biogás;;;68.215;2024-04-04T02:00:00+02:00
1169;Generación medida Biogás;;;68.463;2024-04-04T03:00:00+02:00
1169;Generación medida Biogás;;;67.386;2024-04-04T04:00:00+02:00
1169;Generación medida Biogás;;;68.638;2024-04-04T05:00:00+02:00
1169;Generación medida Biogás;;;65.765;2024-04-04T06:00:00+02:00
1169;Generación medida Biogás;;;62.877;2024-04-04T07:00:00+02:00
1169;Generación medida Biogás;;;65.017;2024-04-04T08:00:00+02:00
1169;Generación medida Biogás;;;65.595;2024-04-04T09:00:00+02:00
1169;Generación medida Biogás;;;67.341;2024-04-04T10:00:00+02:00
1169;Generación medida Biogás;;;64.878;2024-04-04T11:00:00+02:00
1169;Generación medida Biogás;;;64.354;2024-04-04T12:00:00+02:00
1169;Generación medida Biogás;;;61.519;2024-04-04T13:00:00+02:00
1169;Generación medida Biogás;;;60.095;2024-04-04T14:00:00+02:00
1169;Generación medida Biogás;;;59.902;2024-04-04T15:00:00+02:00
1169;Generación medida Biogás;;;58.842;2024-04-04T16:00:00+02:00
1169;Generación medida Biogás;;;63.276;2024-04-04T17:00:00+02:00
1169;Generación medida Biogás;;;63.568;2024-04-04T18:00:00+02:00
1169;Generación medida Biogás;;;64.206;2024-04-04T19:00:00+02:00
1169;Generación medida Biogás;;;65.684;2024-04-04T20:00:00+02:00
1169;Generación medida Biogás;;;67.468;2024-04-04T21:00:00+02:00
1169;Generación medida Biogás;;;65.996;2024-04-04T22:00:00+02:00
1169;Generación medida Biogás;;;67.267;2024-04-04T23:00:00+02:00
1169;Generación medida Biogás;;;66.859;2024-04-05T00:00:00+02:00
1169;Generación medida Biogás;;;67.538;2024-04-05T01:00:00+02:00
1169;Generación medida Biogás;;;67.782;2024-04-05T02:00:00+02:00
1169;Generación medida Biogás;;;68.455;2024-04-05T03:00:00+02:00
1169;Generación medida Biogás;;;66.691;2024-04-05T04:00:00+02:00
1169;Generación medida Biogás;;;66.506;2024-04-05T05:00:00+02:00
1169;Generación medida Biogás;;;66.567;2024-04-05T06:00:00+02:00
1169;Generación medida Biogás;;;65.441;2024-04-05T07:00:00+02:00
1169;Generación medida Biogás;;;65.597;2024-04-05T08:00:00+02:00
1169;Generación medida Biogás;;;66.621;2024-04-05T09:00:00+02:00
1169;Generación medida Biogás;;;62.873;2024-04-05T10:00:00+02:00
1169;Generación medida Biogás;;;65.856;2024-04-05T11:00:00+02:00
1169;Generación medida Biogás;;;63.337;2024-04-05T12:00:00+02:00
1169;Generación medida Biogás;;;67.268;2024-04-05T13:00:00+02:00
1169;Generación medida Biogás;;;65.28;2024-04-05T14:00:00+02:00
1169;Generación medida Biogás;;;62.291;2024-04-05T15:00:00+02:00
1169;Generación medida Biogás;;;64.614;2024-04-05T16:00:00+02:00
1169;Generación medida Biogás;;;64.456;2024-04-05T17:00:00+02:00
1169;Generación medida Biogás;;;63.299;2024-04-05T18:00:00+02:00
1169;Generación medida Biogás;;;65.02;2024-04-05T19:00:00+02:00
1169;Generación medida Biogás;;;68.629;2024-04-05T20:00:00+02:00
1169;Generación medida Biogás;;;71.491;2024-04-05T21:00:00+02:00
1169;Generación medida Biogás;;;72.223;2024-04-05T22:00:00+02:00
1169;Generación medida Biogás;;;69.296;2024-04-05T23:00:00+02:00
1169;Generación medida Biogás;;;67.163;2024-04-06T00:00:00+02:00
1169;Generación medida Biogás;;;65.488;2024-04-06T01:00:00+02:00
1169;Generación medida Biogás;;;65.658;2024-04-06T02:00:00+02:00
1169;Generación medida Biogás;;;65.896;2024-04-06T03:00:00+02:00
1169;Generación medida Biogás;;;65.025;2024-04-06T04:00:00+02:00
1169;Generación medida Biogás;;;63.208;2024-04-06T05:00:00+02:00
1169;Generación medida Biogás;;;64.183;2024-04-06T06:00:00+02:00
1169;Generación medida Biogás;;;60.076;2024-04-06T07:00:00+02:00
1169;Generación medida Biogás;;;60.729;2024-04-06T08:00:00+02:00
1169;Generación medida Biogás;;;63.164;2024-04-06T09:00:00+02:00
1169;Generación medida Biogás;;;63.899;2024-04-06T10:00:00+02:00
1169;Generación medida Biogás;;;60.307;2024-04-06T11:00:00+02:00
1169;Generación medida Biogás;;;61.208;2024-04-06T12:00:00+02:00
1169;Generación medida Biogás;;;63.673;2024-04-06T13:00:00+02:00
1169;Generación medida Biogás;;;61.87;2024-04-06T14:00:00+02:00
1169;Generación medida Biogás;;;62.381;2024-04-06T15:00:00+02:00
1169;Generación medida Biogás;;;62.403;2024-04-06T16:00:00+02:00
1169;Generación medida Biogás;;;63.036;2024-04-06T17:00:00+02:00
1169;Generación medida Biogás;;;64.298;2024-04-06T18:00:00+02:00
1169;Generación medida Biogás;;;65.917;2024-04-06T19:00:00+02:00
1169;Generación medida Biogás;;;66.998;2024-04-06T20:00:00+02:00
1169;Generación medida Biogás;;;69.874;2024-04-06T21:00:00+02:00
1169;Generación medida Biogás;;;68.49;2024-04-06T22:00:00+02:00
1169;Generación medida Biogás;;;68.011;2024-04-06T23:00:00+02:00
1169;Generación medida Biogás;;;66.273;2024-04-07T00:00:00+02:00
1169;Generación medida Biogás;;;65.822;2024-04-07T01:00:00+02:00
1169;Generación medida Biogás;;;65.282;2024-04-07T02:00:00+02:00
1169;Generación medida Biogás;;;65.754;2024-04-07T03:00:00+02:00
1169;Generación medida Biogás;;;66.287;2024-04-07T04:00:00+02:00
1169;Generación medida Biogás;;;66.514;2024-04-07T05:00:00+02:00
1169;Generación medida Biogás;;;66.226;2024-04-07T06:00:00+02:00
1169;Generación medida Biogás;;;65.2;2024-04-07T07:00:00+02:00
1169;Generación medida Biogás;;;66.431;2024-04-07T08:00:00+02:00
1169;Generación medida Biogás;;;65.958;2024-04-07T09:00:00+02:00
1169;Generación medida Biogás;;;63.589;2024-04-07T10:00:00+02:00
1169;Generación medida Biogás;;;62.45;2024-04-07T11:00:00+02:00
1169;Generación medida Biogás;;;62.667;2024-04-07T12:00:00+02:00
1169;Generación medida Biogás;;;62.392;2024-04-07T13:00:00+02:00
1169;Generación medida Biogás;;;62.96;2024-04-07T14:00:00+02:00
1169;Generación medida Biogás;;;63.599;2024-04-07T15:00:00+02:00
1169;Generación medida Biogás;;;65.339;2024-04-07T16:00:00+02:00
1169;Generación medida Biogás;;;64.986;2024-04-07T17:00:00+02:00
1169;Generación medida Biogás;;;64.433;2024-04-07T18:00:00+02:00
1169;Generación medida Biogás;;;64.054;2024-04-07T19:00:00+02:00
1169;Generación medida Biogás;;;69.903;2024-04-07T20:00:00+02:00
1169;Generación medida Biogás;;;73.541;2024-04-07T21:00:00+02:00
1169;Generación medida Biogás;;;71.646;2024-04-07T22:00:00+02:00
1169;Generación medida Biogás;;;72.062;2024-04-07T23:00:00+02:00
1169;Generación medida Biogás;;;64.749;2024-04-08T00:00:00+02:00
1169;Generación medida Biogás;;;64.099;2024-04-08T01:00:00+02:00
1169;Generación medida Biogás;;;62.689;2024-04-08T02:00:00+02:00
1169;Generación medida Biogás;;;62.624;2024-04-08T03:00:00+02:00
1169;Generación medida Biogás;;;64.026;2024-04-08T04:00:00+02:00
1169;Generación medida Biogás;;;63.267;2024-04-08T05:00:00+02:00
1169;Generación medida Biogás;;;60.731;2024-04-08T06:00:00+02:00
1169;Generación medida Biogás;;;57.522;2024-04-08T07:00:00+02:00
1169;Generación medida Biogás;;;61.017;2024-04-08T08:00:00+02:00
1169;Generación medida Biogás;;;60.301;2024-04-08T09:00:00+02:00
1169;Generación medida Biogás;;;60.787;2024-04-08T10:00:00+02:00
1169;Generación medida Biogás;;;61.841;2024-04-08T11:00:00+02:00
1169;Generación medida Biogás;;;60.43;2024-04-08T12:00:00+02:00
1169;Generación medida Biogás;;;61.433;2024-04-08T13:00:00+02:00
1169;Generación medida Biogás;;;60.698;2024-04-08T14:00:00+02:00
1169;Generación medida Biogás;;;60.912;2024-04-08T15:00:00+02:00
1169;Generación medida Biogás;;;59.389;2024-04-08T16:00:00+02:00
1169;Generación medida Biogás;;;63.195;2024-04-08T17:00:00+02:00
1169;Generación medida Biogás;;;63.669;2024-04-08T18:00:00+02:00
1169;Generación medida Biogás;;;63.69;2024-04-08T19:00:00+02:00
1169;Generación medida Biogás;;;65.663;2024-04-08T20:00:00+02:00
1169;Generación medida Biogás;;;69.185;2024-04-08T21:00:00+02:00
1169;Generación medida Biogás;;;66.831;2024-04-08T22:00:00+02:00
1169;Generación medida Biogás;;;63.962;2024-04-08T23:00:00+02:00
1169;Generación medida Biogás;;;63.096;2024-04-09T00:00:00+02:00
1169;Generación medida Biogás;;;66.087;2024-04-09T01:00:00+02:00
1169;Generación medida Biogás;;;66.581;2024-04-09T02:00:00+02:00
1169;Generación medida Biogás;;;65.451;2024-04-09T03:00:00+02:00
1169;Generación medida Biogás;;;64.685;2024-04-09T04:00:00+02:00
1169;Generación medida Biogás;;;62.979;2024-04-09T05:00:00+02:00
1169;Generación medida Biogás;;;63.355;2024-04-09T06:00:00+02:00
1169;Generación medida Biogás;;;60.727;2024-04-09T07:00:00+02:00
1169;Generación medida Biogás;;;58.173;2024-04-09T08:00:00+02:00
1169;Generación medida Biogás;;;59.84;2024-04-09T09:00:00+02:00
1169;Generación medida Biogás;;;58.799;2024-04-09T10:00:00+02:00
1169;Generación medida Biogás;;;58.943;2024-04-09T11:00:00+02:00
1169;Generación medida Biogás;;;57.558;2024-04-09T12:00:00+02:00
1169;Generación medida Biogás;;;56.398;2024-04-09T13:00:00+02:00
1169;Generación medida Biogás;;;58.523;2024-04-09T14:00:00+02:00
1169;Generación medida Biogás;;;59.721;2024-04-09T15:00:00+02:00
1169;Generación medida Biogás;;;61.038;2024-04-09T16:00:00+02:00
1169;Generación medida Biogás;;;60.92;2024-04-09T17:00:00+02:00
1169;Generación medida Biogás;;;61.499;2024-04-09T18:00:00+02:00
1169;Generación medida Biogás;;;64.998;2024-04-09T19:00:00+02:00
1169;Generación medida Biogás;;;69.387;2024-04-09T20:00:00+02:00
1169;Generación medida Biogás;;;70.398;2024-04-09T21:00:00+02:00
1169;Generación medida Biogás;;;70.31;2024-04-09T22:00:00+02:00
1169;Generación medida Biogás;;;71.209;2024-04-09T23:00:00+02:00
1169;Generación medida Biogás;;;70.12;2024-04-10T00:00:00+02:00
1169;Generación medida Biogás;;;69.907;2024-04-10T01:00:00+02:00
1169;Generación medida Biogás;;;68.877;2024-04-10T02:00:00+02:00
1169;Generación medida Biogás;;;68.709;2024-04-10T03:00:00+02:00
1169;Generación medida Biogás;;;69.864;2024-04-10T04:00:00+02:00
1169;Generación medida Biogás;;;69.772;2024-04-10T05:00:00+02:00
1169;Generación medida Biogás;;;66.59;2024-04-10T06:00:00+02:00
1169;Generación medida Biogás;;;65.139;2024-04-10T07:00:00+02:00
1169;Generación medida Biogás;;;63.006;2024-04-10T08:00:00+02:00
1169;Generación medida Biogás;;;63.673;2024-04-10T09:00:00+02:00
1169;Generación medida Biogás;;;63.737;2024-04-10T10:00:00+02:00
1169;Generación medida Biogás;;;60.135;2024-04-10T11:00:00+02:00
1169;Generación medida Biogás;;;59.889;2024-04-10T12:00:00+02:00
1169;Generación medida Biogás;;;62.091;2024-04-10T13:00:00+02:00
1169;Generación medida Biogás;;;61.167;2024-04-10T14:00:00+02:00
1169;Generación medida Biogás;;;61.773;2024-04-10T15:00:00+02:00
1169;Generación medida Biogás;;;62.803;2024-04-10T16:00:00+02:00
1169;Generación medida Biogás;;;63.821;2024-04-10T17:00:00+02:00
1169;Generación medida Biogás;;;64.91;2024-04-10T18:00:00+02:00
1169;Generación medida Biogás;;;66.964;2024-04-10T19:00:00+02:00
1169;Generación medida Biogás;;;72.366;2024-04-10T20:00:00+02:00
1169;Generación medida Biogás;;;79.504;2024-04-10T21:00:00+02:00
1169;Generación medida Biogás;;;76.2;2024-04-10T22:00:00+02:00
1169;Generación medida Biogás;;;75.644;2024-04-10T23:00:00+02:00
1169;Generación medida Biogás;;;74.511;2024-04-11T00:00:00+02:00
1169;Generación medida Biogás;;;73.564;2024-04-11T01:00:00+02:00
1169;Generación medida Biogás;;;71.572;2024-04-11T02:00:00+02:00
1169;Generación medida Biogás;;;74.056;2024-04-11T03:00:00+02:00
1169;Generación medida Biogás;;;74.295;2024-04-11T04:00:00+02:00
1169;Generación medida Biogás;;;73.787;2024-04-11T05:00:00+02:00
1169;Generación medida Biogás;;;73.155;2024-04-11T06:00:00+02:00
1169;Generación medida Biogás;;;76.714;2024-04-11T07:00:00+02:00
1169;Generación medida Biogás;;;76.981;2024-04-11T08:00:00+02:00
1169;Generación medida Biogás;;;69.158;2024-04-11T09:00:00+02:00
1169;Generación medida Biogás;;;66.88;2024-04-11T10:00:00+02:00
1169;Generación medida Biogás;;;62.808;2024-04-11T11:00:00+02:00
1169;Generación medida Biogás;;;61.601;2024-04-11T12:00:00+02:00
1169;Generación medida Biogás;;;62.616;2024-04-11T13:00:00+02:00
1169;Generación medida Biogás;;;63.444;2024-04-11T14:00:00+02:00
1169;Generación medida Biogás;;;64.533;2024-04-11T15:00:00+02:00
1169;Generación medida Biogás;;;62.816;2024-04-11T16:00:00+02:00
1169;Generación medida Biogás;;;63.665;2024-04-11T17:00:00+02:00
1169;Generación medida Biogás;;;64.889;2024-04-11T18:00:00+02:00
1169;Generación medida Biogás;;;70.984;2024-04-11T19:00:00+02:00
1169;Generación medida Biogás;;;78.541;2024-04-11T20:00:00+02:00
1169;Generación medida Biogás;;;84.958;2024-04-11T21:00:00+02:00
1169;Generación medida Biogás;;;85.767;2024-04-11T22:00:00+02:00
1169;Generación medida Biogás;;;82.263;2024-04-11T23:00:00+02:00
1169;Generación medida Biogás;;;77.611;2024-04-12T00:00:00+02:00
1169;Generación medida Biogás;;;78.274;2024-04-12T01:00:00+02:00
1169;Generación medida Biogás;;;76.118;2024-04-12T02:00:00+02:00
1169;Generación medida Biogás;;;75.03;2024-04-12T03:00:00+02:00
1169;Generación medida Biogás;;;75.104;2024-04-12T04:00:00+02:00
1169;Generación medida Biogás;;;77.499;2024-04-12T05:00:00+02:00
1169;Generación medida Biogás;;;79.172;2024-04-12T06:00:00+02:00
1169;Generación medida Biogás;;;78.73;2024-04-12T07:00:00+02:00
1169;Generación medida Biogás;;;79.641;2024-04-12T08:00:00+02:00
1169;Generación medida Biogás;;;72.532;2024-04-12T09:00:00+02:00
1169;Generación medida Biogás;;;68.33;2024-04-12T10:00:00+02:00
1169;Generación medida Biogás;;;63.184;2024-04-12T11:00:00+02:00
1169;Generación medida Biogás;;;64.114;2024-04-12T12:00:00+02:00
1169;Generación medida Biogás;;;62.598;2024-04-12T13:00:00+02:00
1169;Generación medida Biogás;;;63.906;2024-04-12T14:00:00+02:00
1169;Generación medida Biogás;;;61.288;2024-04-12T15:00:00+02:00
1169;Generación medida Biogás;;;62.364;2024-04-12T16:00:00+02:00
1169;Generación medida Biogás;;;66.723;2024-04-12T17:00:00+02:00
1169;Generación medida Biogás;;;66.982;2024-04-12T18:00:00+02:00
1169;Generación medida Biogás;;;75.744;2024-04-12T19:00:00+02:00
1169;Generación medida Biogás;;;84.038;2024-04-12T20:00:00+02:00
1169;Generación medida Biogás;;;88.466;2024-04-12T21:00:00+02:00
1169;Generación medida Biogás;;;86.436;2024-04-12T22:00:00+02:00
1169;Generación medida Biogás;;;85.776;2024-04-12T23:00:00+02:00
1169;Generación medida Biogás;;;85.682;2024-04-13T00:00:00+02:00
1169;Generación medida Biogás;;;85.722;2024-04-13T01:00:00+02:00
1169;Generación medida Biogás;;;82.41;2024-04-13T02:00:00+02:00
1169;Generación medida Biogás;;;78.693;2024-04-13T03:00:00+02:00
1169;Generación medida Biogás;;;78.483;2024-04-13T04:00:00+02:00
1169;Generación medida Biogás;;;78.224;2024-04-13T05:00:00+02:00
1169;Generación medida Biogás;;;79.054;2024-04-13T06:00:00+02:00
1169;Generación medida Biogás;;;76.208;2024-04-13T07:00:00+02:00
1169;Generación medida Biogás;;;75.297;2024-04-13T08:00:00+02:00
1169;Generación medida Biogás;;;69.625;2024-04-13T09:00:00+02:00
1169;Generación medida Biogás;;;63.228;2024-04-13T10:00:00+02:00
1169;Generación medida Biogás;;;63.302;2024-04-13T11:00:00+02:00
1169;Generación medida Biogás;;;63.274;2024-04-13T12:00:00+02:00
1169;Generación medida Biogás;;;62.554;2024-04-13T13:00:00+02:00
1169;Generación medida Biogás;;;62.852;2024-04-13T14:00:00+02:00
1169;Generación medida Biogás;;;62.891;2024-04-13T15:00:00+02:00
1169;Generación medida Biogás;;;64.768;2024-04-13T16:00:00+02:00
1169;Generación medida Biogás;;;67.124;2024-04-13T17:00:00+02:00
1169;Generación medida Biogás;;;68.735;2024-04-13T18:00:00+02:00
1169;Generación medida Biogás;;;70.469;2024-04-13T19:00:00+02:00
1169;Generación medida Biogás;;;77.774;2024-04-13T20:00:00+02:00
1169;Generación medida Biogás;;;78.595;2024-04-13T21:00:00+02:00
1169;Generación medida Biogás;;;76.804;2024-04-13T22:00:00+02:00
1169;Generación medida Biogás;;;76.35;2024-04-13T23:00:00+02:00
1169;Generación medida Biogás;;;72.532;2024-04-14T00:00:00+02:00
1169;Generación medida Biogás;;;69.719;2024-04-14T01:00:00+02:00
1169;Generación medida Biogás;;;67.867;2024-04-14T02:00:00+02:00
1169;Generación medida Biogás;;;68.904;2024-04-14T03:00:00+02:00
1169;Generación medida Biogás;;;66.441;2024-04-14T04:00:00+02:00
1169;Generación medida Biogás;;;67.183;2024-04-14T05:00:00+02:00
1169;Generación medida Biogás;;;67.207;2024-04-14T06:00:00+02:00
1169;Generación medida Biogás;;;66.489;2024-04-14T07:00:00+02:00
1169;Generación medida Biogás;;;68.318;2024-04-14T08:00:00+02:00
1169;Generación medida Biogás;;;66.446;2024-04-14T09:00:00+02:00
1169;Generación medida Biogás;;;62.686;2024-04-14T10:00:00+02:00
1169;Generación medida Biogás;;;61.228;2024-04-14T11:00:00+02:00
1169;Generación medida Biogás;;;61.509;2024-04-14T12:00:00+02:00
1169;Generación medida Biogás;;;62.189;2024-04-14T13:00:00+02:00
1169;Generación medida Biogás;;;62.303;2024-04-14T14:00:00+02:00
1169;Generación medida Biogás;;;62.528;2024-04-14T15:00:00+02:00
1169;Generación medida Biogás;;;61.219;2024-04-14T16:00:00+02:00
1169;Generación medida Biogás;;;61.513;2024-04-14T17:00:00+02:00
1169;Generación medida Biogás;;;62.077;2024-04-14T18:00:00+02:00
1169;Generación medida Biogás;;;65.432;2024-04-14T19:00:00+02:00
1169;Generación medida Biogás;;;67.871;2024-04-14T20:00:00+02:00
1169;Generación medida Biogás;;;69.652;2024-04-14T21:00:00+02:00
1169;Generación medida Biogás;;;70.073;2024-04-14T22:00:00+02:00
1169;Generación medida Biogás;;;69.127;2024-04-14T23:00:00+02:00
1169;Generación medida Biogás;;;65.339;2024-04-15T00:00:00+02:00
1169;Generación medida Biogás;;;66.297;2024-04-15T01:00:00+02:00
1169;Generación medida Biogás;;;66.276;2024-04-15T02:00:00+02:00
1169;Generación medida Biogás;;;66.273;2024-04-15T03:00:00+02:00
1169;Generación medida Biogás;;;65.181;2024-04-15T04:00:00+02:00
1169;Generación medida Biogás;;;64.505;2024-04-15T05:00:00+02:00
1169;Generación medida Biogás;;;60.943;2024-04-15T06:00:00+02:00
1169;Generación medida Biogás;;;59.614;2024-04-15T07:00:00+02:00
1169;Generación medida Biogás;;;61.24;2024-04-15T08:00:00+02:00
1169;Generación medida Biogás;;;61.941;2024-04-15T09:00:00+02:00
1169;Generación medida Biogás;;;62.293;2024-04-15T10:00:00+02:00
1169;Generación medida Biogás;;;60.986;2024-04-15T11:00:00+02:00
1169;Generación medida Biogás;;;56.963;2024-04-15T12:00:00+02:00
1169;Generación medida Biogás;;;57.027;2024-04-15T13:00:00+02:00
1169;Generación medida Biogás;;;59.629;2024-04-15T14:00:00+02:00
1169;Generación medida Biogás;;;57.806;2024-04-15T15:00:00+02:00
1169;Generación medida Biogás;;;57.628;2024-04-15T16:00:00+02:00
1169;Generación medida Biogás;;;60.449;2024-04-15T17:00:00+02:00
1169;Generación medida Biogás;;;61.184;2024-04-15T18:00:00+02:00
1169;Generación medida Biogás;;;64.616;2024-04-15T19:00:00+02:00
1169;Generación medida Biogás;;;68.083;2024-04-15T20:00:00+02:00
1169;Generación medida Biogás;;;70.436;2024-04-15T21:00:00+02:00
1169;Generación medida Biogás;;;72.596;2024-04-15T22:00:00+02:00
1169;Generación medida Biogás;;;72.705;2024-04-15T23:00:00+02:00
1169;Generación medida Biogás;;;70.867;2024-04-16T00:00:00+02:00
1169;Generación medida Biogás;;;70.911;2024-04-16T01:00:00+02:00
1169;Generación medida Biogás;;;69.995;2024-04-16T02:00:00+02:00
1169;Generación medida Biogás;;;68.744;2024-04-16T03:00:00+02:00
1169;Generación medida Biogás;;;70.288;2024-04-16T04:00:00+02:00
1169;Generación medida Biogás;;;70.451;2024-04-16T05:00:00+02:00
1169;Generación medida Biogás;;;66.588;2024-04-16T06:00:00+02:00
1169;Generación medida Biogás;;;62.623;2024-04-16T07:00:00+02:00
1169;Generación medida Biogás;;;64.258;2024-04-16T08:00:00+02:00
1169;Generación medida Biogás;;;59.153;2024-04-16T09:00:00+02:00
1169;Generación medida Biogás;;;56.761;2024-04-16T10:00:00+02:00
1169;Generación medida Biogás;;;55.738;2024-04-16T11:00:00+02:00
1169;Generación medida Biogás;;;55.939;2024-04-16T12:00:00+02:00
1169;Generación medida Biogás;;;59.492;2024-04-16T13:00:00+02:00
1169;Generación medida Biogás;;;61.386;2024-04-16T14:00:00+02:00
1169;Generación medida Biogás;;;60.996;2024-04-16T15:00:00+02:00
1169;Generación medida Biogás;;;58.47;2024-04-16T16:00:00+02:00
1169;Generación medida Biogás;;;60.038;2024-04-16T17:00:00+02:00
1169;Generación medida Biogás;;;62.672;2024-04-16T18:00:00+02:00
1169;Generación medida Biogás;;;66.488;2024-04-16T19:00:00+02:00
1169;Generación medida Biogás;;;70.501;2024-04-16T20:00:00+02:00
1169;Generación medida Biogás;;;72.134;2024-04-16T21:00:00+02:00
1169;Generación medida Biogás;;;74.082;2024-04-16T22:00:00+02:00
1169;Generación medida Biogás;;;73.665;2024-04-16T23:00:00+02:00
1169;Generación medida Biogás;;;70.835;2024-04-17T00:00:00+02:00
1169;Generación medida Biogás;;;71.476;2024-04-17T01:00:00+02:00
1169;Generación medida Biogás;;;69.929;2024-04-17T02:00:00+02:00
1169;Generación medida Biogás;;;69.787;2024-04-17T03:00:00+02:00
1169;Generación medida Biogás;;;70.172;2024-04-17T04:00:00+02:00
1169;Generación medida Biogás;;;70.549;2024-04-17T05:00:00+02:00
1169;Generación medida Biogás;;;67.198;2024-04-17T06:00:00+02:00
1169;Generación medida Biogás;;;65.401;2024-04-17T07:00:00+02:00
1169;Generación medida Biogás;;;64.302;2024-04-17T08:00:00+02:00
1169;Generación medida Biogás;;;61.374;2024-04-17T09:00:00+02:00
1169;Generación medida Biogás;;;60.093;2024-04-17T10:00:00+02:00
1169;Generación medida Biogás;;;57.206;2024-04-17T11:00:00+02:00
1169;Generación medida Biogás;;;58.054;2024-04-17T12:00:00+02:00
1169;Generación medida Biogás;;;59.228;2024-04-17T13:00:00+02:00
1169;Generación medida Biogás;;;60.003;2024-04-17T14:00:00+02:00
1169;Generación medida Biogás;;;59.479;2024-04-17T15:00:00+02:00
1169;Generación medida Biogás;;;59.164;2024-04-17T16:00:00+02:00
1169;Generación medida Biogás;;;60.162;2024-04-17T17:00:00+02:00
1169;Generación medida Biogás;;;62.885;2024-04-17T18:00:00+02:00
1169;Generación medida Biogás;;;67.483;2024-04-17T19:00:00+02:00
1169;Generación medida Biogás;;;70.512;2024-04-17T20:00:00+02:00
1169;Generación medida Biogás;;;73.681;2024-04-17T21:00:00+02:00
1169;Generación medida Biogás;;;75.575;2024-04-17T22:00:00+02:00
1169;Generación medida Biogás;;;73.847;2024-04-17T23:00:00+02:00
1169;Generación medida Biogás;;;72.644;2024-04-18T00:00:00+02:00
1169;Generación medida Biogás;;;71.474;2024-04-18T01:00:00+02:00
1169;Generación medida Biogás;;;72.422;2024-04-18T02:00:00+02:00
1169;Generación medida Biogás;;;71.452;2024-04-18T03:00:00+02:00
1169;Generación medida Biogás;;;71.135;2024-04-18T04:00:00+02:00
1169;Generación medida Biogás;;;71.375;2024-04-18T05:00:00+02:00
1169;Generación medida Biogás;;;72.233;2024-04-18T06:00:00+02:00
1169;Generación medida Biogás;;;69.728;2024-04-18T07:00:00+02:00
1169;Generación medida Biogás;;;68.845;2024-04-18T08:00:00+02:00
1169;Generación medida Biogás;;;61.044;2024-04-18T09:00:00+02:00
1169;Generación medida Biogás;;;59.002;2024-04-18T10:00:00+02:00
1169;Generación medida Biogás;;;56.577;2024-04-18T11:00:00+02:00
1169;Generación medida Biogás;;;58.639;2024-04-18T12:00:00+02:00
1169;Generación medida Biogás;;;60.709;2024-04-18T13:00:00+02:00
1169;Generación medida Biogás;;;63.073;2024-04-18T14:00:00+02:00
1169;Generación medida Biogás;;;62.896;2024-04-18T15:00:00+02:00
1169;Generación medida Biogás;;;61.601;2024-04-18T16:00:00+02:00
1169;Generación medida Biogás;;;63.657;2024-04-18T17:00:00+02:00
1169;Generación medida Biogás;;;66.136;2024-04-18T18:00:00+02:00
1169;Generación medida Biogás;;;70.454;2024-04-18T19:00:00+02:00
1169;Generación medida Biogás;;;75.21;2024-04-18T20:00:00+02:00
1169;Generación medida Biogás;;;78.109;2024-04-18T21:00:00+02:00
1169;Generación medida Biogás;;;81.105;2024-04-18T22:00:00+02:00
1169;Generación medida Biogás;;;77.682;2024-04-18T23:00:00+02:00
1169;Generación medida Biogás;;;77.055;2024-04-19T00:00:00+02:00
1169;Generación medida Biogás;;;78.012;2024-04-19T01:00:00+02:00
1169;Generación medida Biogás;;;79.214;2024-04-19T02:00:00+02:00
1169;Generación medida Biogás;;;78.266;2024-04-19T03:00:00+02:00
1169;Generación medida Biogás;;;79.921;2024-04-19T04:00:00+02:00
1169;Generación medida Biogás;;;81.476;2024-04-19T05:00:00+02:00
1169;Generación medida Biogás;;;78.252;2024-04-19T06:00:00+02:00
1169;Generación medida Biogás;;;78.122;2024-04-19T07:00:00+02:00
1169;Generación medida Biogás;;;79.983;2024-04-19T08:00:00+02:00
1169;Generación medida Biogás;;;72.848;2024-04-19T09:00:00+02:00
1169;Generación medida Biogás;;;63.785;2024-04-19T10:00:00+02:00
1169;Generación medida Biogás;;;63.13;2024-04-19T11:00:00+02:00
1169;Generación medida Biogás;;;63.864;2024-04-19T12:00:00+02:00
1169;Generación medida Biogás;;;63.962;2024-04-19T13:00:00+02:00
1169;Generación medida Biogás;;;65.789;2024-04-19T14:00:00+02:00
1169;Generación medida Biogás;;;65.996;2024-04-19T15:00:00+02:00
1169;Generación medida Biogás;;;64.183;2024-04-19T16:00:00+02:00
1169;Generación medida Biogás;;;68.061;2024-04-19T17:00:00+02:00
1169;Generación medida Biogás;;;72.296;2024-04-19T18:00:00+02:00
1169;Generación medida Biogás;;;79.612;2024-04-19T19:00:00+02:00
1169;Generación medida Biogás;;;82.048;2024-04-19T20:00:00+02:00
1169;Generación medida Biogás;;;85.31;2024-04-19T21:00:00+02:00
1169;Generación medida Biogás;;;86.395;2024-04-19T22:00:00+02:00
1169;Generación medida Biogás;;;86.173;2024-04-19T23:00:00+02:00
1169;Generación medida Biogás;;;82.241;2024-04-20T00:00:00+02:00
1169;Generación medida Biogás;;;80.699;2024-04-20T01:00:00+02:00
1169;Generación medida Biogás;;;77.854;2024-04-20T02:00:00+02:00
1169;Generación medida Biogás;;;78.25;2024-04-20T03:00:00+02:00
1169;Generación medida Biogás;;;77.579;2024-04-20T04:00:00+02:00
1169;Generación medida Biogás;;;74.074;2024-04-20T05:00:00+02:00
1169;Generación medida Biogás;;;72.25;2024-04-20T06:00:00+02:00
1169;Generación medida Biogás;;;71.72;2024-04-20T07:00:00+02:00
1169;Generación medida Biogás;;;71.382;2024-04-20T08:00:00+02:00
1169;Generación medida Biogás;;;66.397;2024-04-20T09:00:00+02:00
1169;Generación medida Biogás;;;67.011;2024-04-20T10:00:00+02:00
1169;Generación medida Biogás;;;65.136;2024-04-20T11:00:00+02:00
1169;Generación medida Biogás;;;65.842;2024-04-20T12:00:00+02:00
1169;Generación medida Biogás;;;63.736;2024-04-20T13:00:00+02:00
1169;Generación medida Biogás;;;63.14;2024-04-20T14:00:00+02:00
1169;Generación medida Biogás;;;63.883;2024-04-20T15:00:00+02:00
1169;Generación medida Biogás;;;63.689;2024-04-20T16:00:00+02:00
1169;Generación medida Biogás;;;64.004;2024-04-20T17:00:00+02:00
1169;Generación medida Biogás;;;67.439;2024-04-20T18:00:00+02:00
1169;Generación medida Biogás;;;69.857;2024-04-20T19:00:00+02:00
1169;Generación medida Biogás;;;71.258;2024-04-20T20:00:00+02:00
1169;Generación medida Biogás;;;72.509;2024-04-20T21:00:00+02:00
1169;Generación medida Biogás;;;72.05;2024-04-20T22:00:00+02:00
1169;Generación medida Biogás;;;74.495;2024-04-20T23:00:00+02:00
1169;Generación medida Biogás;;;71.326;2024-04-21T00:00:00+02:00
1169;Generación medida Biogás;;;69.904;2024-04-21T01:00:00+02:00
1169;Generación medida Biogás;;;68.928;2024-04-21T02:00:00+02:00
1169;Generación medida Biogás;;;68.955;2024-04-21T03:00:00+02:00
1169;Generación medida Biogás;;;69.481;2024-04-21T04:00:00+02:00
1169;Generación medida Biogás;;;69.864;2024-04-21T05:00:00+02:00
1169;Generación medida Biogás;;;68.384;2024-04-21T06:00:00+02:00
1169;Generación medida Biogás;;;67.762;2024-04-21T07:00:00+02:00
1169;Generación medida Biogás;;;69.232;2024-04-21T08:00:00+02:00
1169;Generación medida Biogás;;;68.679;2024-04-21T09:00:00+02:00
1169;Generación medida Biogás;;;66.753;2024-04-21T10:00:00+02:00
1169;Generación medida Biogás;;;62.368;2024-04-21T11:00:00+02:00
1169;Generación medida Biogás;;;61.91;2024-04-21T12:00:00+02:00
1169;Generación medida Biogás;;;62.387;2024-04-21T13:00:00+02:00
1169;Generación medida Biogás;;;62.203;2024-04-21T14:00:00+02:00
1169;Generación medida Biogás;;;62.746;2024-04-21T15:00:00+02:00
1169;Generación medida Biogás;;;64.579;2024-04-21T16:00:00+02:00
1169;Generación medida Biogás;;;63.942;2024-04-21T17:00:00+02:00
1169;Generación medida Biogás;;;62.962;2024-04-21T18:00:00+02:00
1169;Generación medida Biogás;;;66.233;2024-04-21T19:00:00+02:00
1169;Generación medida Biogás;;;65.754;2024-04-21T20:00:00+02:00
1169;Generación medida Biogás;;;68.241;2024-04-21T21:00:00+02:00
1169;Generación medida Biogás;;;68.484;2024-04-21T22:00:00+02:00
1169;Generación medida Biogás;;;67.443;2024-04-21T23:00:00+02:00
1169;Generación medida Biogás;;;64.471;2024-04-22T00:00:00+02:00
1169;Generación medida Biogás;;;64.578;2024-04-22T01:00:00+02:00
1169;Generación medida Biogás;;;64.721;2024-04-22T02:00:00+02:00
1169;Generación medida Biogás;;;65.398;2024-04-22T03:00:00+02:00
1169;Generación medida Biogás;;;63.398;2024-04-22T04:00:00+02:00
1169;Generación medida Biogás;;;65.04;2024-04-22T05:00:00+02:00
1169;Generación medida Biogás;;;62.638;2024-04-22T06:00:00+02:00
1169;Generación medida Biogás;;;59.596;2024-04-22T07:00:00+02:00
1169;Generación medida Biogás;;;57.383;2024-04-22T08:00:00+02:00
1169;Generación medida Biogás;;;51.487;2024-04-22T09:00:00+02:00
1169;Generación medida Biogás;;;51.616;2024-04-22T10:00:00+02:00
1169;Generación medida Biogás;;;48.066;2024-04-22T11:00:00+02:00
1169;Generación medida Biogás;;;48.364;2024-04-22T12:00:00+02:00
1169;Generación medida Biogás;;;51.378;2024-04-22T13:00:00+02:00
1169;Generación medida Biogás;;;52.748;2024-04-22T14:00:00+02:00
1169;Generación medida Biogás;;;50.594;2024-04-22T15:00:00+02:00
1169;Generación medida Biogás;;;55.066;2024-04-22T16:00:00+02:00
1169;Generación medida Biogás;;;60.23;2024-04-22T17:00:00+02:00
1169;Generación medida Biogás;;;66.09;2024-04-22T18:00:00+02:00
1169;Generación medida Biogás;;;71.7;2024-04-22T19:00:00+02:00
1169;Generación medida Biogás;;;74.257;2024-04-22T20:00:00+02:00
1169;Generación medida Biogás;;;73.725;2024-04-22T21:00:00+02:00
1169;Generación medida Biogás;;;73.067;2024-04-22T22:00:00+02:00
1169;Generación medida Biogás;;;73.879;2024-04-22T23:00:00+02:00
1169;Generación medida Biogás;;;73.293;2024-04-23T00:00:00+02:00
1169;Generación medida Biogás;;;73.214;2024-04-23T01:00:00+02:00
1169;Generación medida Biogás;;;73.478;2024-04-23T02:00:00+02:00
1169;Generación medida Biogás;;;72.071;2024-04-23T03:00:00+02:00
1169;Generación medida Biogás;;;73.342;2024-04-23T04:00:00+02:00
1169;Generación medida Biogás;;;75.102;2024-04-23T05:00:00+02:00
1169;Generación medida Biogás;;;71.853;2024-04-23T06:00:00+02:00
1169;Generación medida Biogás;;;68.053;2024-04-23T07:00:00+02:00
1169;Generación medida Biogás;;;66.221;2024-04-23T08:00:00+02:00
1169;Generación medida Biogás;;;65.705;2024-04-23T09:00:00+02:00
1169;Generación medida Biogás;;;61.059;2024-04-23T10:00:00+02:00
1169;Generación medida Biogás;;;59.577;2024-04-23T11:00:00+02:00
1169;Generación medida Biogás;;;58.985;2024-04-23T12:00:00+02:00
1169;Generación medida Biogás;;;59.452;2024-04-23T13:00:00+02:00
1169;Generación medida Biogás;;;59.678;2024-04-23T14:00:00+02:00
1169;Generación medida Biogás;;;60.646;2024-04-23T15:00:00+02:00
1169;Generación medida Biogás;;;61.686;2024-04-23T16:00:00+02:00
1169;Generación medida Biogás;;;66.098;2024-04-23T17:00:00+02:00
1169;Generación medida Biogás;;;66.586;2024-04-23T18:00:00+02:00
1169;Generación medida Biogás;;;73.098;2024-04-23T19:00:00+02:00
1169;Generación medida Biogás;;;78.021;2024-04-23T20:00:00+02:00
1169;Generación medida Biogás;;;80.124;2024-04-23T21:00:00+02:00
1169;Generación medida Biogás;;;79.849;2024-04-23T22:00:00+02:00
1169;Generación medida Biogás;;;80.604;2024-04-23T23:00:00+02:00
1169;Generación medida Biogás;;;77.955;2024-04-24T00:00:00+02:00
1169;Generación medida Biogás;;;77.993;2024-04-24T01:00:00+02:00
1169;Generación medida Biogás;;;78.135;2024-04-24T02:00:00+02:00
1169;Generación medida Biogás;;;77.968;2024-04-24T03:00:00+02:00
1169;Generación medida Biogás;;;76.965;2024-04-24T04:00:00+02:00
1169;Generación medida Biogás;;;76.525;2024-04-24T05:00:00+02:00
1169;Generación medida Biogás;;;73.392;2024-04-24T06:00:00+02:00
1169;Generación medida Biogás;;;70.724;2024-04-24T07:00:00+02:00
1169;Generación medida Biogás;;;73.099;2024-04-24T08:00:00+02:00
1169;Generación medida Biogás;;;66.171;2024-04-24T09:00:00+02:00
1169;Generación medida Biogás;;;66.347;2024-04-24T10:00:00+02:00
1169;Generación medida Biogás;;;65.331;2024-04-24T11:00:00+02:00
1169;Generación medida Biogás;;;59.446;2024-04-24T12:00:00+02:00
1169;Generación medida Biogás;;;59.913;2024-04-24T13:00:00+02:00
1169;Generación medida Biogás;;;59.516;2024-04-24T14:00:00+02:00
1169;Generación medida Biogás;;;60.429;2024-04-24T15:00:00+02:00
1169;Generación medida Biogás;;;61.962;2024-04-24T16:00:00+02:00
1169;Generación medida Biogás;;;64.718;2024-04-24T17:00:00+02:00
1169;Generación medida Biogás;;;70.478;2024-04-24T18:00:00+02:00
1169;Generación medida Biogás;;;81.107;2024-04-24T19:00:00+02:00
1169;Generación medida Biogás;;;85.572;2024-04-24T20:00:00+02:00
1169;Generación medida Biogás;;;88.878;2024-04-24T21:00:00+02:00
1169;Generación medida Biogás;;;89.643;2024-04-24T22:00:00+02:00
1169;Generación medida Biogás;;;84.658;2024-04-24T23:00:00+02:00
1169;Generación medida Biogás;;;84.321;2024-04-25T00:00:00+02:00
1169;Generación medida Biogás;;;84.358;2024-04-25T01:00:00+02:00
1169;Generación medida Biogás;;;86.047;2024-04-25T02:00:00+02:00
1169;Generación medida Biogás;;;85.567;2024-04-25T03:00:00+02:00
1169;Generación medida Biogás;;;84.732;2024-04-25T04:00:00+02:00
1169;Generación medida Biogás;;;82.682;2024-04-25T05:00:00+02:00
1169;Generación medida Biogás;;;78.519;2024-04-25T06:00:00+02:00
1169;Generación medida Biogás;;;78.246;2024-04-25T07:00:00+02:00
1169;Generación medida Biogás;;;78.784;2024-04-25T08:00:00+02:00
1169;Generación medida Biogás;;;79.181;2024-04-25T09:00:00+02:00
1169;Generación medida Biogás;;;77.995;2024-04-25T10:00:00+02:00
1169;Generación medida Biogás;;;77.127;2024-04-25T11:00:00+02:00
1169;Generación medida Biogás;;;74.308;2024-04-25T12:00:00+02:00
1169;Generación medida Biogás;;;78.308;2024-04-25T13:00:00+02:00
1169;Generación medida Biogás;;;74.029;2024-04-25T14:00:00+02:00
1169;Generación medida Biogás;;;74.797;2024-04-25T15:00:00+02:00
1169;Generación medida Biogás;;;74.141;2024-04-25T16:00:00+02:00
1169;Generación medida Biogás;;;76.492;2024-04-25T17:00:00+02:00
1169;Generación medida Biogás;;;81.314;2024-04-25T18:00:00+02:00
1169;Generación medida Biogás;;;87.501;2024-04-25T19:00:00+02:00
1169;Generación medida Biogás;;;90.279;2024-04-25T20:00:00+02:00
1169;Generación medida Biogás;;;92.478;2024-04-25T21:00:00+02:00
1169;Generación medida Biogás;;;92.552;2024-04-25T22:00:00+02:00
1169;Generación medida Biogás;;;90.414;2024-04-25T23:00:00+02:00
1169;Generación medida Biogás;;;87.658;2024-04-26T00:00:00+02:00
1169;Generación medida Biogás;;;84.182;2024-04-26T01:00:00+02:00
1169;Generación medida Biogás;;;83.396;2024-04-26T02:00:00+02:00
1169;Generación medida Biogás;;;83.688;2024-04-26T03:00:00+02:00
1169;Generación medida Biogás;;;84.402;2024-04-26T04:00:00+02:00
1169;Generación medida Biogás;;;85.578;2024-04-26T05:00:00+02:00
1169;Generación medida Biogás;;;83.26;2024-04-26T06:00:00+02:00
1169;Generación medida Biogás;;;82.364;2024-04-26T07:00:00+02:00
1169;Generación medida Biogás;;;80.884;2024-04-26T08:00:00+02:00
1169;Generación medida Biogás;;;82.797;2024-04-26T09:00:00+02:00
1169;Generación medida Biogás;;;82.148;2024-04-26T10:00:00+02:00
1169;Generación medida Biogás;;;78.936;2024-04-26T11:00:00+02:00
1169;Generación medida Biogás;;;76.572;2024-04-26T12:00:00+02:00
1169;Generación medida Biogás;;;78.283;2024-04-26T13:00:00+02:00
1169;Generación medida Biogás;;;77.742;2024-04-26T14:00:00+02:00
1169;Generación medida Biogás;;;78.934;2024-04-26T15:00:00+02:00
1169;Generación medida Biogás;;;79.358;2024-04-26T16:00:00+02:00
1169;Generación medida Biogás;;;80.358;2024-04-26T17:00:00+02:00
1169;Generación medida Biogás;;;80.946;2024-04-26T18:00:00+02:00
1169;Generación medida Biogás;;;81.176;2024-04-26T19:00:00+02:00
1169;Generación medida Biogás;;;83.907;2024-04-26T20:00:00+02:00
1169;Generación medida Biogás;;;88.681;2024-04-26T21:00:00+02:00
1169;Generación medida Biogás;;;90.8;2024-04-26T22:00:00+02:00
1169;Generación medida Biogás;;;87.823;2024-04-26T23:00:00+02:00
1169;Generación medida Biogás;;;82.812;2024-04-27T00:00:00+02:00
1169;Generación medida Biogás;;;80.425;2024-04-27T01:00:00+02:00
1169;Generación medida Biogás;;;80.492;2024-04-27T02:00:00+02:00
1169;Generación medida Biogás;;;81.92;2024-04-27T03:00:00+02:00
1169;Generación medida Biogás;;;79.697;2024-04-27T04:00:00+02:00
1169;Generación medida Biogás;;;78.683;2024-04-27T05:00:00+02:00
1169;Generación medida Biogás;;;76.421;2024-04-27T06:00:00+02:00
1169;Generación medida Biogás;;;75.845;2024-04-27T07:00:00+02:00
1169;Generación medida Biogás;;;76.319;2024-04-27T08:00:00+02:00
1169;Generación medida Biogás;;;74.117;2024-04-27T09:00:00+02:00
1169;Generación medida Biogás;;;72.673;2024-04-27T10:00:00+02:00
1169;Generación medida Biogás;;;71.198;2024-04-27T11:00:00+02:00
1169;Generación medida Biogás;;;69.626;2024-04-27T12:00:00+02:00
1169;Generación medida Biogás;;;67.176;2024-04-27T13:00:00+02:00
1169;Generación medida Biogás;;;68.853;2024-04-27T14:00:00+02:00
1169;Generación medida Biogás;;;67.889;2024-04-27T15:00:00+02:00
1169;Generación medida Biogás;;;67.571;2024-04-27T16:00:00+02:00
1169;Generación medida Biogás;;;67.927;2024-04-27T17:00:00+02:00
1169;Generación medida Biogás;;;68.865;2024-04-27T18:00:00+02:00
1169;Generación medida Biogás;;;74.323;2024-04-27T19:00:00+02:00
1169;Generación medida Biogás;;;78.311;2024-04-27T20:00:00+02:00
1169;Generación medida Biogás;;;82.501;2024-04-27T21:00:00+02:00
1169;Generación medida Biogás;;;81.605;2024-04-27T22:00:00+02:00
1169;Generación medida Biogás;;;79.332;2024-04-27T23:00:00+02:00
1169;Generación medida Biogás;;;73.736;2024-04-28T00:00:00+02:00
1169;Generación medida Biogás;;;74.616;2024-04-28T01:00:00+02:00
1169;Generación medida Biogás;;;75.266;2024-04-28T02:00:00+02:00
1169;Generación medida Biogás;;;73.604;2024-04-28T03:00:00+02:00
1169;Generación medida Biogás;;;70.908;2024-04-28T04:00:00+02:00
1169;Generación medida Biogás;;;70.928;2024-04-28T05:00:00+02:00
1169;Generación medida Biogás;;;69.989;2024-04-28T06:00:00+02:00
1169;Generación medida Biogás;;;70.22;2024-04-28T07:00:00+02:00
1169;Generación medida Biogás;;;71.101;2024-04-28T08:00:00+02:00
1169;Generación medida Biogás;;;69.32;2024-04-28T09:00:00+02:00
1169;Generación medida Biogás;;;67.031;2024-04-28T10:00:00+02:00
1169;Generación medida Biogás;;;65.027;2024-04-28T11:00:00+02:00
1169;Generación medida Biogás;;;64.546;2024-04-28T12:00:00+02:00
1169;Generación medida Biogás;;;62.872;2024-04-28T13:00:00+02:00
1169;Generación medida Biogás;;;60.668;2024-04-28T14:00:00+02:00
1169;Generación medida Biogás;;;62.154;2024-04-28T15:00:00+02:00
1169;Generación medida Biogás;;;64.264;2024-04-28T16:00:00+02:00
1169;Generación medida Biogás;;;63.521;2024-04-28T17:00:00+02:00
1169;Generación medida Biogás;;;68.254;2024-04-28T18:00:00+02:00
1169;Generación medida Biogás;;;68.764;2024-04-28T19:00:00+02:00
1169;Generación medida Biogás;;;75.243;2024-04-28T20:00:00+02:00
1169;Generación medida Biogás;;;74.76;2024-04-28T21:00:00+02:00
1169;Generación medida Biogás;;;72.21;2024-04-28T22:00:00+02:00
1169;Generación medida Biogás;;;73.98;2024-04-28T23:00:00+02:00
1169;Generación medida Biogás;;;70.799;2024-04-29T00:00:00+02:00
1169;Generación medida Biogás;;;68.564;2024-04-29T01:00:00+02:00
1169;Generación medida Biogás;;;69.76;2024-04-29T02:00:00+02:00
1169;Generación medida Biogás;;;70.232;2024-04-29T03:00:00+02:00
1169;Generación medida Biogás;;;68.159;2024-04-29T04:00:00+02:00
1169;Generación medida Biogás;;;68.503;2024-04-29T05:00:00+02:00
1169;Generación medida Biogás;;;65.454;2024-04-29T06:00:00+02:00
1169;Generación medida Biogás;;;67.229;2024-04-29T07:00:00+02:00
1169;Generación medida Biogás;;;66.427;2024-04-29T08:00:00+02:00
1169;Generación medida Biogás;;;66.55;2024-04-29T09:00:00+02:00
1169;Generación medida Biogás;;;69.247;2024-04-29T10:00:00+02:00
1169;Generación medida Biogás;;;63.693;2024-04-29T11:00:00+02:00
1169;Generación medida Biogás;;;63.05;2024-04-29T12:00:00+02:00
1169;Generación medida Biogás;;;67.221;2024-04-29T13:00:00+02:00
1169;Generación medida Biogás;;;68.289;2024-04-29T14:00:00+02:00
1169;Generación medida Biogás;;;68.579;2024-04-29T15:00:00+02:00
1169;Generación medida Biogás;;;71.471;2024-04-29T16:00:00+02:00
1169;Generación medida Biogás;;;74.428;2024-04-29T17:00:00+02:00
1169;Generación medida Biogás;;;74.8;2024-04-29T18:00:00+02:00
1169;Generación medida Biogás;;;76.351;2024-04-29T19:00:00+02:00
1169;Generación medida Biogás;;;77.485;2024-04-29T20:00:00+02:00
1169;Generación medida Biogás;;;78.681;2024-04-29T21:00:00+02:00
1169;Generación medida Biogás;;;83.619;2024-04-29T22:00:00+02:00
1169;Generación medida Biogás;;;82.034;2024-04-29T23:00:00+02:00
1169;Generación medida Biogás;;;80.088;2024-04-30T00:00:00+02:00
1169;Generación medida Biogás;;;75.989;2024-04-30T01:00:00+02:00
1169;Generación medida Biogás;;;75.624;2024-04-30T02:00:00+02:00
1169;Generación medida Biogás;;;75.673;2024-04-30T03:00:00+02:00
1169;Generación medida Biogás;;;76.229;2024-04-30T04:00:00+02:00
1169;Generación medida Biogás;;;77.997;2024-04-30T05:00:00+02:00
1169;Generación medida Biogás;;;73.013;2024-04-30T06:00:00+02:00
1169;Generación medida Biogás;;;71.884;2024-04-30T07:00:00+02:00
1169;Generación medida Biogás;;;72.964;2024-04-30T08:00:00+02:00
1169;Generación medida Biogás;;;69.175;2024-04-30T09:00:00+02:00
1169;Generación medida Biogás;;;73.364;2024-04-30T10:00:00+02:00
1169;Generación medida Biogás;;;68.434;2024-04-30T11:00:00+02:00
1169;Generación medida Biogás;;;65.399;2024-04-30T12:00:00+02:00
1169;Generación medida Biogás;;;67.371;2024-04-30T13:00:00+02:00
1169;Generación medida Biogás;;;67.392;2024-04-30T14:00:00+02:00
1169;Generación medida Biogás;;;67.486;2024-04-30T15:00:00+02:00
1169;Generación medida Biogás;;;68.128;2024-04-30T16:00:00+02:00
1169;Generación medida Biogás;;;71.92;2024-04-30T17:00:00+02:00
1169;Generación medida Biogás;;;76.985;2024-04-30T18:00:00+02:00
1169;Generación medida Biogás;;;81.056;2024-04-30T19:00:00+02:00
1169;Generación medida Biogás;;;84.826;2024-04-30T20:00:00+02:00
1169;Generación medida Biogás;;;87.815;2024-04-30T21:00:00+02:00
1169;Generación medida Biogás;;;89.043;2024-04-30T22:00:00+02:00
1169;Generación medida Biogás;;;88.293;2024-04-30T23:00:00+02:00
1168;Generación medida Biomasa;;;359.372;2024-04-01T00:00:00+02:00
1168;Generación medida Biomasa;;;356.275;2024-04-01T01:00:00+02:00
1168;Generación medida Biomasa;;;372.105;2024-04-01T02:00:00+02:00
1168;Generación medida Biomasa;;;374.017;2024-04-01T03:00:00+02:00
1168;Generación medida Biomasa;;;369.333;2024-04-01T04:00:00+02:00
1168;Generación medida Biomasa;;;370.988;2024-04-01T05:00:00+02:00
1168;Generación medida Biomasa;;;350.712;2024-04-01T06:00:00+02:00
1168;Generación medida Biomasa;;;361.983;2024-04-01T07:00:00+02:00
1168;Generación medida Biomasa;;;360.474;2024-04-01T08:00:00+02:00
1168;Generación medida Biomasa;;;359.807;2024-04-01T09:00:00+02:00
1168;Generación medida Biomasa;;;368.788;2024-04-01T10:00:00+02:00
1168;Generación medida Biomasa;;;366.33;2024-04-01T11:00:00+02:00
1168;Generación medida Biomasa;;;352.77;2024-04-01T12:00:00+02:00
1168;Generación medida Biomasa;;;355.558;2024-04-01T13:00:00+02:00
1168;Generación medida Biomasa;;;365.902;2024-04-01T14:00:00+02:00
1168;Generación medida Biomasa;;;366.484;2024-04-01T15:00:00+02:00
1168;Generación medida Biomasa;;;372.269;2024-04-01T16:00:00+02:00
1168;Generación medida Biomasa;;;360.141;2024-04-01T17:00:00+02:00
1168;Generación medida Biomasa;;;356.639;2024-04-01T18:00:00+02:00
1168;Generación medida Biomasa;;;374.347;2024-04-01T19:00:00+02:00
1168;Generación medida Biomasa;;;379.017;2024-04-01T20:00:00+02:00
1168;Generación medida Biomasa;;;370.041;2024-04-01T21:00:00+02:00
1168;Generación medida Biomasa;;;336.515;2024-04-01T22:00:00+02:00
1168;Generación medida Biomasa;;;316.958;2024-04-01T23:00:00+02:00
1168;Generación medida Biomasa;;;315.038;2024-04-02T00:00:00+02:00
1168;Generación medida Biomasa;;;347.952;2024-04-02T01:00:00+02:00
1168;Generación medida Biomasa;;;343.763;2024-04-02T02:00:00+02:00
1168;Generación medida Biomasa;;;347.92;2024-04-02T03:00:00+02:00
1168;Generación medida Biomasa;;;352.931;2024-04-02T04:00:00+02:00
1168;Generación medida Biomasa;;;359.225;2024-04-02T05:00:00+02:00
1168;Generación medida Biomasa;;;351.153;2024-04-02T06:00:00+02:00
1168;Generación medida Biomasa;;;351.912;2024-04-02T07:00:00+02:00
1168;Generación medida Biomasa;;;354.267;2024-04-02T08:00:00+02:00
1168;Generación medida Biomasa;;;336.694;2024-04-02T09:00:00+02:00
1168;Generación medida Biomasa;;;336.165;2024-04-02T10:00:00+02:00
1168;Generación medida Biomasa;;;363.173;2024-04-02T11:00:00+02:00
1168;Generación medida Biomasa;;;340.433;2024-04-02T12:00:00+02:00
1168;Generación medida Biomasa;;;349.902;2024-04-02T13:00:00+02:00
1168;Generación medida Biomasa;;;351.312;2024-04-02T14:00:00+02:00
1168;Generación medida Biomasa;;;358.965;2024-04-02T15:00:00+02:00
1168;Generación medida Biomasa;;;361.22;2024-04-02T16:00:00+02:00
1168;Generación medida Biomasa;;;370.666;2024-04-02T17:00:00+02:00
1168;Generación medida Biomasa;;;364.477;2024-04-02T18:00:00+02:00
1168;Generación medida Biomasa;;;352.543;2024-04-02T19:00:00+02:00
1168;Generación medida Biomasa;;;355.149;2024-04-02T20:00:00+02:00
1168;Generación medida Biomasa;;;351.825;2024-04-02T21:00:00+02:00
1168;Generación medida Biomasa;;;346.963;2024-04-02T22:00:00+02:00
1168;Generación medida Biomasa;;;353.84;2024-04-02T23:00:00+02:00
1168;Generación medida Biomasa;;;322.253;2024-04-03T00:00:00+02:00
1168;Generación medida Biomasa;;;321.038;2024-04-03T01:00:00+02:00
1168;Generación medida Biomasa;;;309.864;2024-04-03T02:00:00+02:00
1168;Generación medida Biomasa;;;309.442;2024-04-03T03:00:00+02:00
1168;Generación medida Biomasa;;;323.315;2024-04-03T04:00:00+02:00
1168;Generación medida Biomasa;;;325.274;2024-04-03T05:00:00+02:00
1168;Generación medida Biomasa;;;307.637;2024-04-03T06:00:00+02:00
1168;Generación medida Biomasa;;;326.431;2024-04-03T07:00:00+02:00
1168;Generación medida Biomasa;;;332.155;2024-04-03T08:00:00+02:00
1168;Generación medida Biomasa;;;293.65;2024-04-03T09:00:00+02:00
1168;Generación medida Biomasa;;;321.524;2024-04-03T10:00:00+02:00
1168;Generación medida Biomasa;;;312.9;2024-04-03T11:00:00+02:00
1168;Generación medida Biomasa;;;312.027;2024-04-03T12:00:00+02:00
1168;Generación medida Biomasa;;;319.298;2024-04-03T13:00:00+02:00
1168;Generación medida Biomasa;;;320.716;2024-04-03T14:00:00+02:00
1168;Generación medida Biomasa;;;298.927;2024-04-03T15:00:00+02:00
1168;Generación medida Biomasa;;;306.523;2024-04-03T16:00:00+02:00
1168;Generación medida Biomasa;;;334.162;2024-04-03T17:00:00+02:00
1168;Generación medida Biomasa;;;323.48;2024-04-03T18:00:00+02:00
1168;Generación medida Biomasa;;;331.126;2024-04-03T19:00:00+02:00
1168;Generación medida Biomasa;;;344.433;2024-04-03T20:00:00+02:00
1168;Generación medida Biomasa;;;334.987;2024-04-03T21:00:00+02:00
1168;Generación medida Biomasa;;;330.865;2024-04-03T22:00:00+02:00
1168;Generación medida Biomasa;;;321.355;2024-04-03T23:00:00+02:00
1168;Generación medida Biomasa;;;325.207;2024-04-04T00:00:00+02:00
1168;Generación medida Biomasa;;;335.551;2024-04-04T01:00:00+02:00
1168;Generación medida Biomasa;;;352.915;2024-04-04T02:00:00+02:00
1168;Generación medida Biomasa;;;356.13;2024-04-04T03:00:00+02:00
1168;Generación medida Biomasa;;;353.071;2024-04-04T04:00:00+02:00
1168;Generación medida Biomasa;;;359.216;2024-04-04T05:00:00+02:00
1168;Generación medida Biomasa;;;358.679;2024-04-04T06:00:00+02:00
1168;Generación medida Biomasa;;;347.757;2024-04-04T07:00:00+02:00
1168;Generación medida Biomasa;;;348.082;2024-04-04T08:00:00+02:00
1168;Generación medida Biomasa;;;345.651;2024-04-04T09:00:00+02:00
1168;Generación medida Biomasa;;;352.279;2024-04-04T10:00:00+02:00
1168;Generación medida Biomasa;;;344.472;2024-04-04T11:00:00+02:00
1168;Generación medida Biomasa;;;346.479;2024-04-04T12:00:00+02:00
1168;Generación medida Biomasa;;;329.291;2024-04-04T13:00:00+02:00
1168;Generación medida Biomasa;;;311.538;2024-04-04T14:00:00+02:00
1168;Generación medida Biomasa;;;332.667;2024-04-04T15:00:00+02:00
1168;Generación medida Biomasa;;;338.3;2024-04-04T16:00:00+02:00
1168;Generación medida Biomasa;;;355.214;2024-04-04T17:00:00+02:00
1168;Generación medida Biomasa;;;333.757;2024-04-04T18:00:00+02:00
1168;Generación medida Biomasa;;;362.823;2024-04-04T19:00:00+02:00
1168;Generación medida Biomasa;;;358.746;2024-04-04T20:00:00+02:00
1168;Generación medida Biomasa;;;348.106;2024-04-04T21:00:00+02:00
1168;Generación medida Biomasa;;;328.263;2024-04-04T22:00:00+02:00
1168;Generación medida Biomasa;;;340.025;2024-04-04T23:00:00+02:00
1168;Generación medida Biomasa;;;321.39;2024-04-05T00:00:00+02:00
1168;Generación medida Biomasa;;;310.872;2024-04-05T01:00:00+02:00
1168;Generación medida Biomasa;;;316.916;2024-04-05T02:00:00+02:00
1168;Generación medida Biomasa;;;329.243;2024-04-05T03:00:00+02:00
1168;Generación medida Biomasa;;;340.694;2024-04-05T04:00:00+02:00
1168;Generación medida Biomasa;;;349.764;2024-04-05T05:00:00+02:00
1168;Generación medida Biomasa;;;351.275;2024-04-05T06:00:00+02:00
1168;Generación medida Biomasa;;;348.677;2024-04-05T07:00:00+02:00
1168;Generación medida Biomasa;;;329.85;2024-04-05T08:00:00+02:00
1168;Generación medida Biomasa;;;355.765;2024-04-05T09:00:00+02:00
1168;Generación medida Biomasa;;;343.874;2024-04-05T10:00:00+02:00
1168;Generación medida Biomasa;;;345.577;2024-04-05T11:00:00+02:00
1168;Generación medida Biomasa;;;337.835;2024-04-05T12:00:00+02:00
1168;Generación medida Biomasa;;;313.178;2024-04-05T13:00:00+02:00
1168;Generación medida Biomasa;;;323.57;2024-04-05T14:00:00+02:00
1168;Generación medida Biomasa;;;329.649;2024-04-05T15:00:00+02:00
1168;Generación medida Biomasa;;;359.129;2024-04-05T16:00:00+02:00
1168;Generación medida Biomasa;;;332.312;2024-04-05T17:00:00+02:00
1168;Generación medida Biomasa;;;348.726;2024-04-05T18:00:00+02:00
1168;Generación medida Biomasa;;;351.531;2024-04-05T19:00:00+02:00
1168;Generación medida Biomasa;;;353.434;2024-04-05T20:00:00+02:00
1168;Generación medida Biomasa;;;332.026;2024-04-05T21:00:00+02:00
1168;Generación medida Biomasa;;;327.3;2024-04-05T22:00:00+02:00
1168;Generación medida Biomasa;;;355.524;2024-04-05T23:00:00+02:00
1168;Generación medida Biomasa;;;369.628;2024-04-06T00:00:00+02:00
1168;Generación medida Biomasa;;;343.858;2024-04-06T01:00:00+02:00
1168;Generación medida Biomasa;;;331.937;2024-04-06T02:00:00+02:00
1168;Generación medida Biomasa;;;338.992;2024-04-06T03:00:00+02:00
1168;Generación medida Biomasa;;;323.692;2024-04-06T04:00:00+02:00
1168;Generación medida Biomasa;;;336.623;2024-04-06T05:00:00+02:00
1168;Generación medida Biomasa;;;331.838;2024-04-06T06:00:00+02:00
1168;Generación medida Biomasa;;;364.087;2024-04-06T07:00:00+02:00
1168;Generación medida Biomasa;;;349.856;2024-04-06T08:00:00+02:00
1168;Generación medida Biomasa;;;373.287;2024-04-06T09:00:00+02:00
1168;Generación medida Biomasa;;;348.209;2024-04-06T10:00:00+02:00
1168;Generación medida Biomasa;;;304.204;2024-04-06T11:00:00+02:00
1168;Generación medida Biomasa;;;306.419;2024-04-06T12:00:00+02:00
1168;Generación medida Biomasa;;;348.774;2024-04-06T13:00:00+02:00
1168;Generación medida Biomasa;;;341.348;2024-04-06T14:00:00+02:00
1168;Generación medida Biomasa;;;370.407;2024-04-06T15:00:00+02:00
1168;Generación medida Biomasa;;;381.571;2024-04-06T16:00:00+02:00
1168;Generación medida Biomasa;;;374.43;2024-04-06T17:00:00+02:00
1168;Generación medida Biomasa;;;324.722;2024-04-06T18:00:00+02:00
1168;Generación medida Biomasa;;;356.691;2024-04-06T19:00:00+02:00
1168;Generación medida Biomasa;;;360.609;2024-04-06T20:00:00+02:00
1168;Generación medida Biomasa;;;347.399;2024-04-06T21:00:00+02:00
1168;Generación medida Biomasa;;;327.062;2024-04-06T22:00:00+02:00
1168;Generación medida Biomasa;;;312.634;2024-04-06T23:00:00+02:00
1168;Generación medida Biomasa;;;317.58;2024-04-07T00:00:00+02:00
1168;Generación medida Biomasa;;;310.224;2024-04-07T01:00:00+02:00
1168;Generación medida Biomasa;;;310.853;2024-04-07T02:00:00+02:00
1168;Generación medida Biomasa;;;303.484;2024-04-07T03:00:00+02:00
1168;Generación medida Biomasa;;;315.746;2024-04-07T04:00:00+02:00
1168;Generación medida Biomasa;;;309.202;2024-04-07T05:00:00+02:00
1168;Generación medida Biomasa;;;342.843;2024-04-07T06:00:00+02:00
1168;Generación medida Biomasa;;;333.777;2024-04-07T07:00:00+02:00
1168;Generación medida Biomasa;;;343.915;2024-04-07T08:00:00+02:00
1168;Generación medida Biomasa;;;351.326;2024-04-07T09:00:00+02:00
1168;Generación medida Biomasa;;;337.021;2024-04-07T10:00:00+02:00
1168;Generación medida Biomasa;;;314.086;2024-04-07T11:00:00+02:00
1168;Generación medida Biomasa;;;285.697;2024-04-07T12:00:00+02:00
1168;Generación medida Biomasa;;;299.039;2024-04-07T13:00:00+02:00
1168;Generación medida Biomasa;;;306.42;2024-04-07T14:00:00+02:00
1168;Generación medida Biomasa;;;298.385;2024-04-07T15:00:00+02:00
1168;Generación medida Biomasa;;;294.675;2024-04-07T16:00:00+02:00
1168;Generación medida Biomasa;;;305.433;2024-04-07T17:00:00+02:00
1168;Generación medida Biomasa;;;308.206;2024-04-07T18:00:00+02:00
1168;Generación medida Biomasa;;;328.053;2024-04-07T19:00:00+02:00
1168;Generación medida Biomasa;;;334.45;2024-04-07T20:00:00+02:00
1168;Generación medida Biomasa;;;331.766;2024-04-07T21:00:00+02:00
1168;Generación medida Biomasa;;;323.851;2024-04-07T22:00:00+02:00
1168;Generación medida Biomasa;;;314.551;2024-04-07T23:00:00+02:00
1168;Generación medida Biomasa;;;318.287;2024-04-08T00:00:00+02:00
1168;Generación medida Biomasa;;;325.288;2024-04-08T01:00:00+02:00
1168;Generación medida Biomasa;;;334.183;2024-04-08T02:00:00+02:00
1168;Generación medida Biomasa;;;335.105;2024-04-08T03:00:00+02:00
1168;Generación medida Biomasa;;;341.765;2024-04-08T04:00:00+02:00
1168;Generación medida Biomasa;;;341.251;2024-04-08T05:00:00+02:00
1168;Generación medida Biomasa;;;341.726;2024-04-08T06:00:00+02:00
1168;Generación medida Biomasa;;;351.593;2024-04-08T07:00:00+02:00
1168;Generación medida Biomasa;;;330.5;2024-04-08T08:00:00+02:00
1168;Generación medida Biomasa;;;334.804;2024-04-08T09:00:00+02:00
1168;Generación medida Biomasa;;;341.412;2024-04-08T10:00:00+02:00
1168;Generación medida Biomasa;;;319.395;2024-04-08T11:00:00+02:00
1168;Generación medida Biomasa;;;327.814;2024-04-08T12:00:00+02:00
1168;Generación medida Biomasa;;;341.013;2024-04-08T13:00:00+02:00
1168;Generación medida Biomasa;;;350.099;2024-04-08T14:00:00+02:00
1168;Generación medida Biomasa;;;352.391;2024-04-08T15:00:00+02:00
1168;Generación medida Biomasa;;;343.835;2024-04-08T16:00:00+02:00
1168;Generación medida Biomasa;;;324.21;2024-04-08T17:00:00+02:00
1168;Generación medida Biomasa;;;350.525;2024-04-08T18:00:00+02:00
1168;Generación medida Biomasa;;;325.362;2024-04-08T19:00:00+02:00
1168;Generación medida Biomasa;;;330.565;2024-04-08T20:00:00+02:00
1168;Generación medida Biomasa;;;350.559;2024-04-08T21:00:00+02:00
1168;Generación medida Biomasa;;;370.097;2024-04-08T22:00:00+02:00
1168;Generación medida Biomasa;;;359.835;2024-04-08T23:00:00+02:00
1168;Generación medida Biomasa;;;346.667;2024-04-09T00:00:00+02:00
1168;Generación medida Biomasa;;;308.024;2024-04-09T01:00:00+02:00
1168;Generación medida Biomasa;;;336.359;2024-04-09T02:00:00+02:00
1168;Generación medida Biomasa;;;348.373;2024-04-09T03:00:00+02:00
1168;Generación medida Biomasa;;;323.535;2024-04-09T04:00:00+02:00
1168;Generación medida Biomasa;;;311.508;2024-04-09T05:00:00+02:00
1168;Generación medida Biomasa;;;312.074;2024-04-09T06:00:00+02:00
1168;Generación medida Biomasa;;;341.334;2024-04-09T07:00:00+02:00
1168;Generación medida Biomasa;;;339.007;2024-04-09T08:00:00+02:00
1168;Generación medida Biomasa;;;321.566;2024-04-09T09:00:00+02:00
1168;Generación medida Biomasa;;;346.74;2024-04-09T10:00:00+02:00
1168;Generación medida Biomasa;;;336.947;2024-04-09T11:00:00+02:00
1168;Generación medida Biomasa;;;351.905;2024-04-09T12:00:00+02:00
1168;Generación medida Biomasa;;;356.69;2024-04-09T13:00:00+02:00
1168;Generación medida Biomasa;;;338.963;2024-04-09T14:00:00+02:00
1168;Generación medida Biomasa;;;309.687;2024-04-09T15:00:00+02:00
1168;Generación medida Biomasa;;;284.634;2024-04-09T16:00:00+02:00
1168;Generación medida Biomasa;;;318.308;2024-04-09T17:00:00+02:00
1168;Generación medida Biomasa;;;348.595;2024-04-09T18:00:00+02:00
1168;Generación medida Biomasa;;;342.703;2024-04-09T19:00:00+02:00
1168;Generación medida Biomasa;;;350.996;2024-04-09T20:00:00+02:00
1168;Generación medida Biomasa;;;350.213;2024-04-09T21:00:00+02:00
1168;Generación medida Biomasa;;;341.692;2024-04-09T22:00:00+02:00
1168;Generación medida Biomasa;;;338.234;2024-04-09T23:00:00+02:00
1168;Generación medida Biomasa;;;326.151;2024-04-10T00:00:00+02:00
1168;Generación medida Biomasa;;;308.641;2024-04-10T01:00:00+02:00
1168;Generación medida Biomasa;;;301.971;2024-04-10T02:00:00+02:00
1168;Generación medida Biomasa;;;328.582;2024-04-10T03:00:00+02:00
1168;Generación medida Biomasa;;;324.318;2024-04-10T04:00:00+02:00
1168;Generación medida Biomasa;;;317.637;2024-04-10T05:00:00+02:00
1168;Generación medida Biomasa;;;334.754;2024-04-10T06:00:00+02:00
1168;Generación medida Biomasa;;;330.119;2024-04-10T07:00:00+02:00
1168;Generación medida Biomasa;;;317.623;2024-04-10T08:00:00+02:00
1168;Generación medida Biomasa;;;321.188;2024-04-10T09:00:00+02:00
1168;Generación medida Biomasa;;;333.4;2024-04-10T10:00:00+02:00
1168;Generación medida Biomasa;;;315.506;2024-04-10T11:00:00+02:00
1168;Generación medida Biomasa;;;322.287;2024-04-10T12:00:00+02:00
1168;Generación medida Biomasa;;;335.511;2024-04-10T13:00:00+02:00
1168;Generación medida Biomasa;;;333.498;2024-04-10T14:00:00+02:00
1168;Generación medida Biomasa;;;330.396;2024-04-10T15:00:00+02:00
1168;Generación medida Biomasa;;;311.268;2024-04-10T16:00:00+02:00
1168;Generación medida Biomasa;;;300.424;2024-04-10T17:00:00+02:00
1168;Generación medida Biomasa;;;306.687;2024-04-10T18:00:00+02:00
1168;Generación medida Biomasa;;;318.418;2024-04-10T19:00:00+02:00
1168;Generación medida Biomasa;;;347.417;2024-04-10T20:00:00+02:00
1168;Generación medida Biomasa;;;318.233;2024-04-10T21:00:00+02:00
1168;Generación medida Biomasa;;;307.134;2024-04-10T22:00:00+02:00
1168;Generación medida Biomasa;;;313.332;2024-04-10T23:00:00+02:00
1168;Generación medida Biomasa;;;316.249;2024-04-11T00:00:00+02:00
1168;Generación medida Biomasa;;;342.192;2024-04-11T01:00:00+02:00
1168;Generación medida Biomasa;;;332.928;2024-04-11T02:00:00+02:00
1168;Generación medida Biomasa;;;352.585;2024-04-11T03:00:00+02:00
1168;Generación medida Biomasa;;;357.125;2024-04-11T04:00:00+02:00
1168;Generación medida Biomasa;;;327.013;2024-04-11T05:00:00+02:00
1168;Generación medida Biomasa;;;345.251;2024-04-11T06:00:00+02:00
1168;Generación medida Biomasa;;;354.663;2024-04-11T07:00:00+02:00
1168;Generación medida Biomasa;;;360.665;2024-04-11T08:00:00+02:00
1168;Generación medida Biomasa;;;357.117;2024-04-11T09:00:00+02:00
1168;Generación medida Biomasa;;;355.941;2024-04-11T10:00:00+02:00
1168;Generación medida Biomasa;;;325.939;2024-04-11T11:00:00+02:00
1168;Generación medida Biomasa;;;327.966;2024-04-11T12:00:00+02:00
1168;Generación medida Biomasa;;;322.852;2024-04-11T13:00:00+02:00
1168;Generación medida Biomasa;;;319.972;2024-04-11T14:00:00+02:00
1168;Generación medida Biomasa;;;320.937;2024-04-11T15:00:00+02:00
1168;Generación medida Biomasa;;;317.37;2024-04-11T16:00:00+02:00
1168;Generación medida Biomasa;;;314.833;2024-04-11T17:00:00+02:00
1168;Generación medida Biomasa;;;304.35;2024-04-11T18:00:00+02:00
1168;Generación medida Biomasa;;;325.845;2024-04-11T19:00:00+02:00
1168;Generación medida Biomasa;;;336.715;2024-04-11T20:00:00+02:00
1168;Generación medida Biomasa;;;320.294;2024-04-11T21:00:00+02:00
1168;Generación medida Biomasa;;;336.596;2024-04-11T22:00:00+02:00
1168;Generación medida Biomasa;;;336.024;2024-04-11T23:00:00+02:00
1168;Generación medida Biomasa;;;349.379;2024-04-12T00:00:00+02:00
1168;Generación medida Biomasa;;;351.923;2024-04-12T01:00:00+02:00
1168;Generación medida Biomasa;;;340.007;2024-04-12T02:00:00+02:00
1168;Generación medida Biomasa;;;340.381;2024-04-12T03:00:00+02:00
1168;Generación medida Biomasa;;;343.291;2024-04-12T04:00:00+02:00
1168;Generación medida Biomasa;;;345.412;2024-04-12T05:00:00+02:00
1168;Generación medida Biomasa;;;350.249;2024-04-12T06:00:00+02:00
1168;Generación medida Biomasa;;;344.706;2024-04-12T07:00:00+02:00
1168;Generación medida Biomasa;;;332.804;2024-04-12T08:00:00+02:00
1168;Generación medida Biomasa;;;345.81;2024-04-12T09:00:00+02:00
1168;Generación medida Biomasa;;;352.605;2024-04-12T10:00:00+02:00
1168;Generación medida Biomasa;;;347.522;2024-04-12T11:00:00+02:00
1168;Generación medida Biomasa;;;338.921;2024-04-12T12:00:00+02:00
1168;Generación medida Biomasa;;;337.291;2024-04-12T13:00:00+02:00
1168;Generación medida Biomasa;;;339.722;2024-04-12T14:00:00+02:00
1168;Generación medida Biomasa;;;342.908;2024-04-12T15:00:00+02:00
1168;Generación medida Biomasa;;;331.923;2024-04-12T16:00:00+02:00
1168;Generación medida Biomasa;;;340.562;2024-04-12T17:00:00+02:00
1168;Generación medida Biomasa;;;358.854;2024-04-12T18:00:00+02:00
1168;Generación medida Biomasa;;;358.678;2024-04-12T19:00:00+02:00
1168;Generación medida Biomasa;;;362.83;2024-04-12T20:00:00+02:00
1168;Generación medida Biomasa;;;371.476;2024-04-12T21:00:00+02:00
1168;Generación medida Biomasa;;;369.995;2024-04-12T22:00:00+02:00
1168;Generación medida Biomasa;;;374.423;2024-04-12T23:00:00+02:00
1168;Generación medida Biomasa;;;370.152;2024-04-13T00:00:00+02:00
1168;Generación medida Biomasa;;;365.659;2024-04-13T01:00:00+02:00
1168;Generación medida Biomasa;;;369.145;2024-04-13T02:00:00+02:00
1168;Generación medida Biomasa;;;366.306;2024-04-13T03:00:00+02:00
1168;Generación medida Biomasa;;;363.902;2024-04-13T04:00:00+02:00
1168;Generación medida Biomasa;;;358.11;2024-04-13T05:00:00+02:00
1168;Generación medida Biomasa;;;359.094;2024-04-13T06:00:00+02:00
1168;Generación medida Biomasa;;;362.509;2024-04-13T07:00:00+02:00
1168;Generación medida Biomasa;;;352.637;2024-04-13T08:00:00+02:00
1168;Generación medida Biomasa;;;343.984;2024-04-13T09:00:00+02:00
1168;Generación medida Biomasa;;;371.147;2024-04-13T10:00:00+02:00
1168;Generación medida Biomasa;;;341.631;2024-04-13T11:00:00+02:00
1168;Generación medida Biomasa;;;352.66;2024-04-13T12:00:00+02:00
1168;Generación medida Biomasa;;;371.004;2024-04-13T13:00:00+02:00
1168;Generación medida Biomasa;;;336.531;2024-04-13T14:00:00+02:00
1168;Generación medida Biomasa;;;345.601;2024-04-13T15:00:00+02:00
1168;Generación medida Biomasa;;;321.552;2024-04-13T16:00:00+02:00
1168;Generación medida Biomasa;;;334.886;2024-04-13T17:00:00+02:00
1168;Generación medida Biomasa;;;307.95;2024-04-13T18:00:00+02:00
1168;Generación medida Biomasa;;;315.571;2024-04-13T19:00:00+02:00
1168;Generación medida Biomasa;;;329.654;2024-04-13T20:00:00+02:00
1168;Generación medida Biomasa;;;354.657;2024-04-13T21:00:00+02:00
1168;Generación medida Biomasa;;;363.343;2024-04-13T22:00:00+02:00
1168;Generación medida Biomasa;;;355.807;2024-04-13T23:00:00+02:00
1168;Generación medida Biomasa;;;318.044;2024-04-14T00:00:00+02:00
1168;Generación medida Biomasa;;;342.123;2024-04-14T01:00:00+02:00
1168;Generación medida Biomasa;;;348.463;2024-04-14T02:00:00+02:00
1168;Generación medida Biomasa;;;346.596;2024-04-14T03:00:00+02:00
1168;Generación medida Biomasa;;;358.089;2024-04-14T04:00:00+02:00
1168;Generación medida Biomasa;;;354.145;2024-04-14T05:00:00+02:00
1168;Generación medida Biomasa;;;355.775;2024-04-14T06:00:00+02:00
1168;Generación medida Biomasa;;;347.681;2024-04-14T07:00:00+02:00
1168;Generación medida Biomasa;;;353.866;2024-04-14T08:00:00+02:00
1168;Generación medida Biomasa;;;347.468;2024-04-14T09:00:00+02:00
1168;Generación medida Biomasa;;;351.674;2024-04-14T10:00:00+02:00
1168;Generación medida Biomasa;;;332.812;2024-04-14T11:00:00+02:00
1168;Generación medida Biomasa;;;345.922;2024-04-14T12:00:00+02:00
1168;Generación medida Biomasa;;;335.094;2024-04-14T13:00:00+02:00
1168;Generación medida Biomasa;;;349.947;2024-04-14T14:00:00+02:00
1168;Generación medida Biomasa;;;338.563;2024-04-14T15:00:00+02:00
1168;Generación medida Biomasa;;;323.638;2024-04-14T16:00:00+02:00
1168;Generación medida Biomasa;;;356.692;2024-04-14T17:00:00+02:00
1168;Generación medida Biomasa;;;332.82;2024-04-14T18:00:00+02:00
1168;Generación medida Biomasa;;;334.035;2024-04-14T19:00:00+02:00
1168;Generación medida Biomasa;;;362.868;2024-04-14T20:00:00+02:00
1168;Generación medida Biomasa;;;350.238;2024-04-14T21:00:00+02:00
1168;Generación medida Biomasa;;;293.816;2024-04-14T22:00:00+02:00
1168;Generación medida Biomasa;;;279.082;2024-04-14T23:00:00+02:00
1168;Generación medida Biomasa;;;295.412;2024-04-15T00:00:00+02:00
1168;Generación medida Biomasa;;;289.823;2024-04-15T01:00:00+02:00
1168;Generación medida Biomasa;;;292.075;2024-04-15T02:00:00+02:00
1168;Generación medida Biomasa;;;286.631;2024-04-15T03:00:00+02:00
1168;Generación medida Biomasa;;;258;2024-04-15T04:00:00+02:00
1168;Generación medida Biomasa;;;303.553;2024-04-15T05:00:00+02:00
1168;Generación medida Biomasa;;;299.332;2024-04-15T06:00:00+02:00
1168;Generación medida Biomasa;;;267.004;2024-04-15T07:00:00+02:00
1168;Generación medida Biomasa;;;269.274;2024-04-15T08:00:00+02:00
1168;Generación medida Biomasa;;;255.704;2024-04-15T09:00:00+02:00
1168;Generación medida Biomasa;;;249.596;2024-04-15T10:00:00+02:00
1168;Generación medida Biomasa;;;243.552;2024-04-15T11:00:00+02:00
1168;Generación medida Biomasa;;;259.039;2024-04-15T12:00:00+02:00
1168;Generación medida Biomasa;;;274.454;2024-04-15T13:00:00+02:00
1168;Generación medida Biomasa;;;280.738;2024-04-15T14:00:00+02:00
1168;Generación medida Biomasa;;;294.749;2024-04-15T15:00:00+02:00
1168;Generación medida Biomasa;;;304.271;2024-04-15T16:00:00+02:00
1168;Generación medida Biomasa;;;303.999;2024-04-15T17:00:00+02:00
1168;Generación medida Biomasa;;;291.854;2024-04-15T18:00:00+02:00
1168;Generación medida Biomasa;;;305.167;2024-04-15T19:00:00+02:00
1168;Generación medida Biomasa;;;314.033;2024-04-15T20:00:00+02:00
1168;Generación medida Biomasa;;;319.954;2024-04-15T21:00:00+02:00
1168;Generación medida Biomasa;;;303.44;2024-04-15T22:00:00+02:00
1168;Generación medida Biomasa;;;321.75;2024-04-15T23:00:00+02:00
1168;Generación medida Biomasa;;;306.251;2024-04-16T00:00:00+02:00
1168;Generación medida Biomasa;;;309.867;2024-04-16T01:00:00+02:00
1168;Generación medida Biomasa;;;309.985;2024-04-16T02:00:00+02:00
1168;Generación medida Biomasa;;;318.65;2024-04-16T03:00:00+02:00
1168;Generación medida Biomasa;;;290.475;2024-04-16T04:00:00+02:00
1168;Generación medida Biomasa;;;313.681;2024-04-16T05:00:00+02:00
1168;Generación medida Biomasa;;;308.281;2024-04-16T06:00:00+02:00
1168;Generación medida Biomasa;;;294.439;2024-04-16T07:00:00+02:00
1168;Generación medida Biomasa;;;282.124;2024-04-16T08:00:00+02:00
1168;Generación medida Biomasa;;;290.022;2024-04-16T09:00:00+02:00
1168;Generación medida Biomasa;;;287.27;2024-04-16T10:00:00+02:00
1168;Generación medida Biomasa;;;275.396;2024-04-16T11:00:00+02:00
1168;Generación medida Biomasa;;;277.92;2024-04-16T12:00:00+02:00
1168;Generación medida Biomasa;;;301.333;2024-04-16T13:00:00+02:00
1168;Generación medida Biomasa;;;306.6;2024-04-16T14:00:00+02:00
1168;Generación medida Biomasa;;;311.928;2024-04-16T15:00:00+02:00
1168;Generación medida Biomasa;;;295.795;2024-04-16T16:00:00+02:00
1168;Generación medida Biomasa;;;275.289;2024-04-16T17:00:00+02:00
1168;Generación medida Biomasa;;;275.912;2024-04-16T18:00:00+02:00
1168;Generación medida Biomasa;;;270.05;2024-04-16T19:00:00+02:00
1168;Generación medida Biomasa;;;281.699;2024-04-16T20:00:00+02:00
1168;Generación medida Biomasa;;;268.065;2024-04-16T21:00:00+02:00
1168;Generación medida Biomasa;;;250.283;2024-04-16T22:00:00+02:00
1168;Generación medida Biomasa;;;294.447;2024-04-16T23:00:00+02:00
1168;Generación medida Biomasa;;;299.941;2024-04-17T00:00:00+02:00
1168;Generación medida Biomasa;;;322.079;2024-04-17T01:00:00+02:00
1168;Generación medida Biomasa;;;305.769;2024-04-17T02:00:00+02:00
1168;Generación medida Biomasa;;;307.508;2024-04-17T03:00:00+02:00
1168;Generación medida Biomasa;;;318.368;2024-04-17T04:00:00+02:00
1168;Generación medida Biomasa;;;305.612;2024-04-17T05:00:00+02:00
1168;Generación medida Biomasa;;;299.568;2024-04-17T06:00:00+02:00
1168;Generación medida Biomasa;;;326.857;2024-04-17T07:00:00+02:00
1168;Generación medida Biomasa;;;310.744;2024-04-17T08:00:00+02:00
1168;Generación medida Biomasa;;;320.406;2024-04-17T09:00:00+02:00
1168;Generación medida Biomasa;;;297.812;2024-04-17T10:00:00+02:00
1168;Generación medida Biomasa;;;312.124;2024-04-17T11:00:00+02:00
1168;Generación medida Biomasa;;;302.783;2024-04-17T12:00:00+02:00
1168;Generación medida Biomasa;;;302.195;2024-04-17T13:00:00+02:00
1168;Generación medida Biomasa;;;284.57;2024-04-17T14:00:00+02:00
1168;Generación medida Biomasa;;;290.805;2024-04-17T15:00:00+02:00
1168;Generación medida Biomasa;;;299.172;2024-04-17T16:00:00+02:00
1168;Generación medida Biomasa;;;301.681;2024-04-17T17:00:00+02:00
1168;Generación medida Biomasa;;;304.52;2024-04-17T18:00:00+02:00
1168;Generación medida Biomasa;;;291.684;2024-04-17T19:00:00+02:00
1168;Generación medida Biomasa;;;313.305;2024-04-17T20:00:00+02:00
1168;Generación medida Biomasa;;;301.844;2024-04-17T21:00:00+02:00
1168;Generación medida Biomasa;;;294.32;2024-04-17T22:00:00+02:00
1168;Generación medida Biomasa;;;326.315;2024-04-17T23:00:00+02:00
1168;Generación medida Biomasa;;;344.285;2024-04-18T00:00:00+02:00
1168;Generación medida Biomasa;;;334.481;2024-04-18T01:00:00+02:00
1168;Generación medida Biomasa;;;327.357;2024-04-18T02:00:00+02:00
1168;Generación medida Biomasa;;;336.642;2024-04-18T03:00:00+02:00
1168;Generación medida Biomasa;;;328.026;2024-04-18T04:00:00+02:00
1168;Generación medida Biomasa;;;333.125;2024-04-18T05:00:00+02:00
1168;Generación medida Biomasa;;;330.624;2024-04-18T06:00:00+02:00
1168;Generación medida Biomasa;;;331.003;2024-04-18T07:00:00+02:00
1168;Generación medida Biomasa;;;336.741;2024-04-18T08:00:00+02:00
1168;Generación medida Biomasa;;;349.076;2024-04-18T09:00:00+02:00
1168;Generación medida Biomasa;;;375.599;2024-04-18T10:00:00+02:00
1168;Generación medida Biomasa;;;356.956;2024-04-18T11:00:00+02:00
1168;Generación medida Biomasa;;;352.16;2024-04-18T12:00:00+02:00
1168;Generación medida Biomasa;;;352.574;2024-04-18T13:00:00+02:00
1168;Generación medida Biomasa;;;368.382;2024-04-18T14:00:00+02:00
1168;Generación medida Biomasa;;;392.299;2024-04-18T15:00:00+02:00
1168;Generación medida Biomasa;;;383.036;2024-04-18T16:00:00+02:00
1168;Generación medida Biomasa;;;376.839;2024-04-18T17:00:00+02:00
1168;Generación medida Biomasa;;;341.259;2024-04-18T18:00:00+02:00
1168;Generación medida Biomasa;;;337.211;2024-04-18T19:00:00+02:00
1168;Generación medida Biomasa;;;371.597;2024-04-18T20:00:00+02:00
1168;Generación medida Biomasa;;;375.397;2024-04-18T21:00:00+02:00
1168;Generación medida Biomasa;;;387.854;2024-04-18T22:00:00+02:00
1168;Generación medida Biomasa;;;374.789;2024-04-18T23:00:00+02:00
1168;Generación medida Biomasa;;;321.483;2024-04-19T00:00:00+02:00
1168;Generación medida Biomasa;;;334.433;2024-04-19T01:00:00+02:00
1168;Generación medida Biomasa;;;334.952;2024-04-19T02:00:00+02:00
1168;Generación medida Biomasa;;;353.178;2024-04-19T03:00:00+02:00
1168;Generación medida Biomasa;;;326.284;2024-04-19T04:00:00+02:00
1168;Generación medida Biomasa;;;346.544;2024-04-19T05:00:00+02:00
1168;Generación medida Biomasa;;;354.494;2024-04-19T06:00:00+02:00
1168;Generación medida Biomasa;;;372.378;2024-04-19T07:00:00+02:00
1168;Generación medida Biomasa;;;389.473;2024-04-19T08:00:00+02:00
1168;Generación medida Biomasa;;;389.797;2024-04-19T09:00:00+02:00
1168;Generación medida Biomasa;;;391.68;2024-04-19T10:00:00+02:00
1168;Generación medida Biomasa;;;371.71;2024-04-19T11:00:00+02:00
1168;Generación medida Biomasa;;;390.654;2024-04-19T12:00:00+02:00
1168;Generación medida Biomasa;;;392.249;2024-04-19T13:00:00+02:00
1168;Generación medida Biomasa;;;360.591;2024-04-19T14:00:00+02:00
1168;Generación medida Biomasa;;;376.614;2024-04-19T15:00:00+02:00
1168;Generación medida Biomasa;;;382.796;2024-04-19T16:00:00+02:00
1168;Generación medida Biomasa;;;383.449;2024-04-19T17:00:00+02:00
1168;Generación medida Biomasa;;;385.231;2024-04-19T18:00:00+02:00
1168;Generación medida Biomasa;;;381.514;2024-04-19T19:00:00+02:00
1168;Generación medida Biomasa;;;390.682;2024-04-19T20:00:00+02:00
1168;Generación medida Biomasa;;;368.692;2024-04-19T21:00:00+02:00
1168;Generación medida Biomasa;;;355.25;2024-04-19T22:00:00+02:00
1168;Generación medida Biomasa;;;364.321;2024-04-19T23:00:00+02:00
1168;Generación medida Biomasa;;;361.146;2024-04-20T00:00:00+02:00
1168;Generación medida Biomasa;;;365.778;2024-04-20T01:00:00+02:00
1168;Generación medida Biomasa;;;376.178;2024-04-20T02:00:00+02:00
1168;Generación medida Biomasa;;;381.034;2024-04-20T03:00:00+02:00
1168;Generación medida Biomasa;;;380.087;2024-04-20T04:00:00+02:00
1168;Generación medida Biomasa;;;376.955;2024-04-20T05:00:00+02:00
1168;Generación medida Biomasa;;;380.849;2024-04-20T06:00:00+02:00
1168;Generación medida Biomasa;;;377.074;2024-04-20T07:00:00+02:00
1168;Generación medida Biomasa;;;340.718;2024-04-20T08:00:00+02:00
1168;Generación medida Biomasa;;;344.856;2024-04-20T09:00:00+02:00
1168;Generación medida Biomasa;;;316.413;2024-04-20T10:00:00+02:00
1168;Generación medida Biomasa;;;334.584;2024-04-20T11:00:00+02:00
1168;Generación medida Biomasa;;;365.672;2024-04-20T12:00:00+02:00
1168;Generación medida Biomasa;;;367.232;2024-04-20T13:00:00+02:00
1168;Generación medida Biomasa;;;359.939;2024-04-20T14:00:00+02:00
1168;Generación medida Biomasa;;;378.122;2024-04-20T15:00:00+02:00
1168;Generación medida Biomasa;;;381.127;2024-04-20T16:00:00+02:00
1168;Generación medida Biomasa;;;375.24;2024-04-20T17:00:00+02:00
1168;Generación medida Biomasa;;;320.093;2024-04-20T18:00:00+02:00
1168;Generación medida Biomasa;;;358.766;2024-04-20T19:00:00+02:00
1168;Generación medida Biomasa;;;346.712;2024-04-20T20:00:00+02:00
1168;Generación medida Biomasa;;;344;2024-04-20T21:00:00+02:00
1168;Generación medida Biomasa;;;333.153;2024-04-20T22:00:00+02:00
1168;Generación medida Biomasa;;;318.641;2024-04-20T23:00:00+02:00
1168;Generación medida Biomasa;;;329.223;2024-04-21T00:00:00+02:00
1168;Generación medida Biomasa;;;335.38;2024-04-21T01:00:00+02:00
1168;Generación medida Biomasa;;;345.865;2024-04-21T02:00:00+02:00
1168;Generación medida Biomasa;;;337.999;2024-04-21T03:00:00+02:00
1168;Generación medida Biomasa;;;344.122;2024-04-21T04:00:00+02:00
1168;Generación medida Biomasa;;;351.399;2024-04-21T05:00:00+02:00
1168;Generación medida Biomasa;;;335.773;2024-04-21T06:00:00+02:00
1168;Generación medida Biomasa;;;341.179;2024-04-21T07:00:00+02:00
1168;Generación medida Biomasa;;;367.742;2024-04-21T08:00:00+02:00
1168;Generación medida Biomasa;;;338.891;2024-04-21T09:00:00+02:00
1168;Generación medida Biomasa;;;356.145;2024-04-21T10:00:00+02:00
1168;Generación medida Biomasa;;;340.814;2024-04-21T11:00:00+02:00
1168;Generación medida Biomasa;;;367.488;2024-04-21T12:00:00+02:00
1168;Generación medida Biomasa;;;344.062;2024-04-21T13:00:00+02:00
1168;Generación medida Biomasa;;;325.867;2024-04-21T14:00:00+02:00
1168;Generación medida Biomasa;;;358.827;2024-04-21T15:00:00+02:00
1168;Generación medida Biomasa;;;347.285;2024-04-21T16:00:00+02:00
1168;Generación medida Biomasa;;;338.64;2024-04-21T17:00:00+02:00
1168;Generación medida Biomasa;;;349.133;2024-04-21T18:00:00+02:00
1168;Generación medida Biomasa;;;347.604;2024-04-21T19:00:00+02:00
1168;Generación medida Biomasa;;;365.988;2024-04-21T20:00:00+02:00
1168;Generación medida Biomasa;;;339.124;2024-04-21T21:00:00+02:00
1168;Generación medida Biomasa;;;335.104;2024-04-21T22:00:00+02:00
1168;Generación medida Biomasa;;;326.778;2024-04-21T23:00:00+02:00
1168;Generación medida Biomasa;;;330.726;2024-04-22T00:00:00+02:00
1168;Generación medida Biomasa;;;351.128;2024-04-22T01:00:00+02:00
1168;Generación medida Biomasa;;;345.21;2024-04-22T02:00:00+02:00
1168;Generación medida Biomasa;;;356.028;2024-04-22T03:00:00+02:00
1168;Generación medida Biomasa;;;364.09;2024-04-22T04:00:00+02:00
1168;Generación medida Biomasa;;;360.2;2024-04-22T05:00:00+02:00
1168;Generación medida Biomasa;;;359.333;2024-04-22T06:00:00+02:00
1168;Generación medida Biomasa;;;350.688;2024-04-22T07:00:00+02:00
1168;Generación medida Biomasa;;;343.913;2024-04-22T08:00:00+02:00
1168;Generación medida Biomasa;;;340.54;2024-04-22T09:00:00+02:00
1168;Generación medida Biomasa;;;324.754;2024-04-22T10:00:00+02:00
1168;Generación medida Biomasa;;;349.475;2024-04-22T11:00:00+02:00
1168;Generación medida Biomasa;;;331.485;2024-04-22T12:00:00+02:00
1168;Generación medida Biomasa;;;342.417;2024-04-22T13:00:00+02:00
1168;Generación medida Biomasa;;;360.677;2024-04-22T14:00:00+02:00
1168;Generación medida Biomasa;;;372.939;2024-04-22T15:00:00+02:00
1168;Generación medida Biomasa;;;359.825;2024-04-22T16:00:00+02:00
1168;Generación medida Biomasa;;;357.883;2024-04-22T17:00:00+02:00
1168;Generación medida Biomasa;;;354.502;2024-04-22T18:00:00+02:00
1168;Generación medida Biomasa;;;359.592;2024-04-22T19:00:00+02:00
1168;Generación medida Biomasa;;;347.423;2024-04-22T20:00:00+02:00
1168;Generación medida Biomasa;;;373.82;2024-04-22T21:00:00+02:00
1168;Generación medida Biomasa;;;359.069;2024-04-22T22:00:00+02:00
1168;Generación medida Biomasa;;;348.606;2024-04-22T23:00:00+02:00
1168;Generación medida Biomasa;;;377.235;2024-04-23T00:00:00+02:00
1168;Generación medida Biomasa;;;390.9;2024-04-23T01:00:00+02:00
1168;Generación medida Biomasa;;;391.221;2024-04-23T02:00:00+02:00
1168;Generación medida Biomasa;;;385.566;2024-04-23T03:00:00+02:00
1168;Generación medida Biomasa;;;386.366;2024-04-23T04:00:00+02:00
1168;Generación medida Biomasa;;;380.803;2024-04-23T05:00:00+02:00
1168;Generación medida Biomasa;;;379.956;2024-04-23T06:00:00+02:00
1168;Generación medida Biomasa;;;371.345;2024-04-23T07:00:00+02:00
1168;Generación medida Biomasa;;;378.066;2024-04-23T08:00:00+02:00
1168;Generación medida Biomasa;;;344.161;2024-04-23T09:00:00+02:00
1168;Generación medida Biomasa;;;363.208;2024-04-23T10:00:00+02:00
1168;Generación medida Biomasa;;;369.834;2024-04-23T11:00:00+02:00
1168;Generación medida Biomasa;;;363.185;2024-04-23T12:00:00+02:00
1168;Generación medida Biomasa;;;359.83;2024-04-23T13:00:00+02:00
1168;Generación medida Biomasa;;;360.552;2024-04-23T14:00:00+02:00
1168;Generación medida Biomasa;;;338.208;2024-04-23T15:00:00+02:00
1168;Generación medida Biomasa;;;337.79;2024-04-23T16:00:00+02:00
1168;Generación medida Biomasa;;;355.753;2024-04-23T17:00:00+02:00
1168;Generación medida Biomasa;;;342.48;2024-04-23T18:00:00+02:00
1168;Generación medida Biomasa;;;358.554;2024-04-23T19:00:00+02:00
1168;Generación medida Biomasa;;;360.672;2024-04-23T20:00:00+02:00
1168;Generación medida Biomasa;;;312.816;2024-04-23T21:00:00+02:00
1168;Generación medida Biomasa;;;299.356;2024-04-23T22:00:00+02:00
1168;Generación medida Biomasa;;;311.385;2024-04-23T23:00:00+02:00
1168;Generación medida Biomasa;;;330.871;2024-04-24T00:00:00+02:00
1168;Generación medida Biomasa;;;342.767;2024-04-24T01:00:00+02:00
1168;Generación medida Biomasa;;;347.966;2024-04-24T02:00:00+02:00
1168;Generación medida Biomasa;;;349.447;2024-04-24T03:00:00+02:00
1168;Generación medida Biomasa;;;338.249;2024-04-24T04:00:00+02:00
1168;Generación medida Biomasa;;;349.957;2024-04-24T05:00:00+02:00
1168;Generación medida Biomasa;;;352.04;2024-04-24T06:00:00+02:00
1168;Generación medida Biomasa;;;353.514;2024-04-24T07:00:00+02:00
1168;Generación medida Biomasa;;;353;2024-04-24T08:00:00+02:00
1168;Generación medida Biomasa;;;338.255;2024-04-24T09:00:00+02:00
1168;Generación medida Biomasa;;;347.773;2024-04-24T10:00:00+02:00
1168;Generación medida Biomasa;;;346.387;2024-04-24T11:00:00+02:00
1168;Generación medida Biomasa;;;339.893;2024-04-24T12:00:00+02:00
1168;Generación medida Biomasa;;;328.313;2024-04-24T13:00:00+02:00
1168;Generación medida Biomasa;;;337.956;2024-04-24T14:00:00+02:00
1168;Generación medida Biomasa;;;352.664;2024-04-24T15:00:00+02:00
1168;Generación medida Biomasa;;;363.985;2024-04-24T16:00:00+02:00
1168;Generación medida Biomasa;;;367.432;2024-04-24T17:00:00+02:00
1168;Generación medida Biomasa;;;370.275;2024-04-24T18:00:00+02:00
1168;Generación medida Biomasa;;;368.891;2024-04-24T19:00:00+02:00
1168;Generación medida Biomasa;;;356.653;2024-04-24T20:00:00+02:00
1168;Generación medida Biomasa;;;361.088;2024-04-24T21:00:00+02:00
1168;Generación medida Biomasa;;;360.525;2024-04-24T22:00:00+02:00
1168;Generación medida Biomasa;;;360.071;2024-04-24T23:00:00+02:00
1168;Generación medida Biomasa;;;363.039;2024-04-25T00:00:00+02:00
1168;Generación medida Biomasa;;;371.079;2024-04-25T01:00:00+02:00
1168;Generación medida Biomasa;;;370.44;2024-04-25T02:00:00+02:00
1168;Generación medida Biomasa;;;374.7;2024-04-25T03:00:00+02:00
1168;Generación medida Biomasa;;;374.136;2024-04-25T04:00:00+02:00
1168;Generación medida Biomasa;;;371.317;2024-04-25T05:00:00+02:00
1168;Generación medida Biomasa;;;374.822;2024-04-25T06:00:00+02:00
1168;Generación medida Biomasa;;;372.72;2024-04-25T07:00:00+02:00
1168;Generación medida Biomasa;;;379.794;2024-04-25T08:00:00+02:00
1168;Generación medida Biomasa;;;368.212;2024-04-25T09:00:00+02:00
1168;Generación medida Biomasa;;;376.899;2024-04-25T10:00:00+02:00
1168;Generación medida Biomasa;;;345.18;2024-04-25T11:00:00+02:00
1168;Generación medida Biomasa;;;369.32;2024-04-25T12:00:00+02:00
1168;Generación medida Biomasa;;;354.26;2024-04-25T13:00:00+02:00
1168;Generación medida Biomasa;;;357.582;2024-04-25T14:00:00+02:00
1168;Generación medida Biomasa;;;351.155;2024-04-25T15:00:00+02:00
1168;Generación medida Biomasa;;;357.137;2024-04-25T16:00:00+02:00
1168;Generación medida Biomasa;;;330.35;2024-04-25T17:00:00+02:00
1168;Generación medida Biomasa;;;357.102;2024-04-25T18:00:00+02:00
1168;Generación medida Biomasa;;;380.843;2024-04-25T19:00:00+02:00
1168;Generación medida Biomasa;;;391.449;2024-04-25T20:00:00+02:00
1168;Generación medida Biomasa;;;397.359;2024-04-25T21:00:00+02:00
1168;Generación medida Biomasa;;;406.7;2024-04-25T22:00:00+02:00
1168;Generación medida Biomasa;;;407.483;2024-04-25T23:00:00+02:00
1168;Generación medida Biomasa;;;413.004;2024-04-26T00:00:00+02:00
1168;Generación medida Biomasa;;;417.41;2024-04-26T01:00:00+02:00
1168;Generación medida Biomasa;;;418.134;2024-04-26T02:00:00+02:00
1168;Generación medida Biomasa;;;418.44;2024-04-26T03:00:00+02:00
1168;Generación medida Biomasa;;;422.18;2024-04-26T04:00:00+02:00
1168;Generación medida Biomasa;;;422.927;2024-04-26T05:00:00+02:00
1168;Generación medida Biomasa;;;427.86;2024-04-26T06:00:00+02:00
1168;Generación medida Biomasa;;;424.332;2024-04-26T07:00:00+02:00
1168;Generación medida Biomasa;;;419.295;2024-04-26T08:00:00+02:00
1168;Generación medida Biomasa;;;409.352;2024-04-26T09:00:00+02:00
1168;Generación medida Biomasa;;;412.334;2024-04-26T10:00:00+02:00
1168;Generación medida Biomasa;;;410.292;2024-04-26T11:00:00+02:00
1168;Generación medida Biomasa;;;414.277;2024-04-26T12:00:00+02:00
1168;Generación medida Biomasa;;;415.884;2024-04-26T13:00:00+02:00
1168;Generación medida Biomasa;;;415.541;2024-04-26T14:00:00+02:00
1168;Generación medida Biomasa;;;406.266;2024-04-26T15:00:00+02:00
1168;Generación medida Biomasa;;;413.773;2024-04-26T16:00:00+02:00
1168;Generación medida Biomasa;;;418.226;2024-04-26T17:00:00+02:00
1168;Generación medida Biomasa;;;423.341;2024-04-26T18:00:00+02:00
1168;Generación medida Biomasa;;;420.143;2024-04-26T19:00:00+02:00
1168;Generación medida Biomasa;;;420.394;2024-04-26T20:00:00+02:00
1168;Generación medida Biomasa;;;424.811;2024-04-26T21:00:00+02:00
1168;Generación medida Biomasa;;;430.984;2024-04-26T22:00:00+02:00
1168;Generación medida Biomasa;;;431.549;2024-04-26T23:00:00+02:00
1168;Generación medida Biomasa;;;430.113;2024-04-27T00:00:00+02:00
1168;Generación medida Biomasa;;;429.433;2024-04-27T01:00:00+02:00
1168;Generación medida Biomasa;;;429;2024-04-27T02:00:00+02:00
1168;Generación medida Biomasa;;;431.911;2024-04-27T03:00:00+02:00
1168;Generación medida Biomasa;;;428.063;2024-04-27T04:00:00+02:00
1168;Generación medida Biomasa;;;427.473;2024-04-27T05:00:00+02:00
1168;Generación medida Biomasa;;;424.717;2024-04-27T06:00:00+02:00
1168;Generación medida Biomasa;;;422.61;2024-04-27T07:00:00+02:00
1168;Generación medida Biomasa;;;416.77;2024-04-27T08:00:00+02:00
1168;Generación medida Biomasa;;;409.956;2024-04-27T09:00:00+02:00
1168;Generación medida Biomasa;;;359.853;2024-04-27T10:00:00+02:00
1168;Generación medida Biomasa;;;361.289;2024-04-27T11:00:00+02:00
1168;Generación medida Biomasa;;;382.651;2024-04-27T12:00:00+02:00
1168;Generación medida Biomasa;;;372.017;2024-04-27T13:00:00+02:00
1168;Generación medida Biomasa;;;352.54;2024-04-27T14:00:00+02:00
1168;Generación medida Biomasa;;;341.842;2024-04-27T15:00:00+02:00
1168;Generación medida Biomasa;;;377.715;2024-04-27T16:00:00+02:00
1168;Generación medida Biomasa;;;384.113;2024-04-27T17:00:00+02:00
1168;Generación medida Biomasa;;;356.184;2024-04-27T18:00:00+02:00
1168;Generación medida Biomasa;;;378.292;2024-04-27T19:00:00+02:00
1168;Generación medida Biomasa;;;417.615;2024-04-27T20:00:00+02:00
1168;Generación medida Biomasa;;;429.152;2024-04-27T21:00:00+02:00
1168;Generación medida Biomasa;;;434.767;2024-04-27T22:00:00+02:00
1168;Generación medida Biomasa;;;437.212;2024-04-27T23:00:00+02:00
1168;Generación medida Biomasa;;;416.381;2024-04-28T00:00:00+02:00
1168;Generación medida Biomasa;;;403.59;2024-04-28T01:00:00+02:00
1168;Generación medida Biomasa;;;424.974;2024-04-28T02:00:00+02:00
1168;Generación medida Biomasa;;;436.825;2024-04-28T03:00:00+02:00
1168;Generación medida Biomasa;;;434.691;2024-04-28T04:00:00+02:00
1168;Generación medida Biomasa;;;441.448;2024-04-28T05:00:00+02:00
1168;Generación medida Biomasa;;;424.062;2024-04-28T06:00:00+02:00
1168;Generación medida Biomasa;;;413.42;2024-04-28T07:00:00+02:00
1168;Generación medida Biomasa;;;439.548;2024-04-28T08:00:00+02:00
1168;Generación medida Biomasa;;;412.933;2024-04-28T09:00:00+02:00
1168;Generación medida Biomasa;;;422.786;2024-04-28T10:00:00+02:00
1168;Generación medida Biomasa;;;416.012;2024-04-28T11:00:00+02:00
1168;Generación medida Biomasa;;;433.836;2024-04-28T12:00:00+02:00
1168;Generación medida Biomasa;;;422.913;2024-04-28T13:00:00+02:00
1168;Generación medida Biomasa;;;392.05;2024-04-28T14:00:00+02:00
1168;Generación medida Biomasa;;;415.074;2024-04-28T15:00:00+02:00
1168;Generación medida Biomasa;;;406.06;2024-04-28T16:00:00+02:00
1168;Generación medida Biomasa;;;409.613;2024-04-28T17:00:00+02:00
1168;Generación medida Biomasa;;;361.026;2024-04-28T18:00:00+02:00
1168;Generación medida Biomasa;;;419.297;2024-04-28T19:00:00+02:00
1168;Generación medida Biomasa;;;441.743;2024-04-28T20:00:00+02:00
1168;Generación medida Biomasa;;;443.819;2024-04-28T21:00:00+02:00
1168;Generación medida Biomasa;;;445.069;2024-04-28T22:00:00+02:00
1168;Generación medida Biomasa;;;443.98;2024-04-28T23:00:00+02:00
1168;Generación medida Biomasa;;;438.835;2024-04-29T00:00:00+02:00
1168;Generación medida Biomasa;;;438.985;2024-04-29T01:00:00+02:00
1168;Generación medida Biomasa;;;436.371;2024-04-29T02:00:00+02:00
1168;Generación medida Biomasa;;;439.704;2024-04-29T03:00:00+02:00
1168;Generación medida Biomasa;;;445.449;2024-04-29T04:00:00+02:00
1168;Generación medida Biomasa;;;440.277;2024-04-29T05:00:00+02:00
1168;Generación medida Biomasa;;;421.299;2024-04-29T06:00:00+02:00
1168;Generación medida Biomasa;;;420.852;2024-04-29T07:00:00+02:00
1168;Generación medida Biomasa;;;416.099;2024-04-29T08:00:00+02:00
1168;Generación medida Biomasa;;;415.524;2024-04-29T09:00:00+02:00
1168;Generación medida Biomasa;;;408.075;2024-04-29T10:00:00+02:00
1168;Generación medida Biomasa;;;389.472;2024-04-29T11:00:00+02:00
1168;Generación medida Biomasa;;;384.022;2024-04-29T12:00:00+02:00
1168;Generación medida Biomasa;;;381.704;2024-04-29T13:00:00+02:00
1168;Generación medida Biomasa;;;377.762;2024-04-29T14:00:00+02:00
1168;Generación medida Biomasa;;;382.494;2024-04-29T15:00:00+02:00
1168;Generación medida Biomasa;;;371.886;2024-04-29T16:00:00+02:00
1168;Generación medida Biomasa;;;359.323;2024-04-29T17:00:00+02:00
1168;Generación medida Biomasa;;;343.229;2024-04-29T18:00:00+02:00
1168;Generación medida Biomasa;;;397.073;2024-04-29T19:00:00+02:00
1168;Generación medida Biomasa;;;398.237;2024-04-29T20:00:00+02:00
1168;Generación medida Biomasa;;;376.421;2024-04-29T21:00:00+02:00
1168;Generación medida Biomasa;;;377.177;2024-04-29T22:00:00+02:00
1168;Generación medida Biomasa;;;376.327;2024-04-29T23:00:00+02:00
1168;Generación medida Biomasa;;;374.559;2024-04-30T00:00:00+02:00
1168;Generación medida Biomasa;;;370.578;2024-04-30T01:00:00+02:00
1168;Generación medida Biomasa;;;411.006;2024-04-30T02:00:00+02:00
1168;Generación medida Biomasa;;;431.145;2024-04-30T03:00:00+02:00
1168;Generación medida Biomasa;;;437.151;2024-04-30T04:00:00+02:00
1168;Generación medida Biomasa;;;437.733;2024-04-30T05:00:00+02:00
1168;Generación medida Biomasa;;;436.607;2024-04-30T06:00:00+02:00
1168;Generación medida Biomasa;;;434.643;2024-04-30T07:00:00+02:00
1168;Generación medida Biomasa;;;435.763;2024-04-30T08:00:00+02:00
1168;Generación medida Biomasa;;;414.449;2024-04-30T09:00:00+02:00
1168;Generación medida Biomasa;;;436.506;2024-04-30T10:00:00+02:00
1168;Generación medida Biomasa;;;433.219;2024-04-30T11:00:00+02:00
1168;Generación medida Biomasa;;;400.655;2024-04-30T12:00:00+02:00
1168;Generación medida Biomasa;;;384.39;2024-04-30T13:00:00+02:00
1168;Generación medida Biomasa;;;421.915;2024-04-30T14:00:00+02:00
1168;Generación medida Biomasa;;;431.218;2024-04-30T15:00:00+02:00
1168;Generación medida Biomasa;;;430.649;2024-04-30T16:00:00+02:00
1168;Generación medida Biomasa;;;431.836;2024-04-30T17:00:00+02:00
1168;Generación medida Biomasa;;;413.85;2024-04-30T18:00:00+02:00
1168;Generación medida Biomasa;;;414.804;2024-04-30T19:00:00+02:00
1168;Generación medida Biomasa;;;440.234;2024-04-30T20:00:00+02:00
1168;Generación medida Biomasa;;;437.515;2024-04-30T21:00:00+02:00
1168;Generación medida Biomasa;;;437.097;2024-04-30T22:00:00+02:00
1168;Generación medida Biomasa;;;434.187;2024-04-30T23:00:00+02:00
1156;Generación medida Ciclo combinado;;;1814.226;2024-04-01T00:00:00+02:00
1156;Generación medida Ciclo combinado;;;1766.902;2024-04-01T01:00:00+02:00
1156;Generación medida Ciclo combinado;;;1804.083;2024-04-01T02:00:00+02:00
1156;Generación medida Ciclo combinado;;;1871.934;2024-04-01T03:00:00+02:00
1156;Generación medida Ciclo combinado;;;1809.797;2024-04-01T04:00:00+02:00
1156;Generación medida Ciclo combinado;;;1777.728;2024-04-01T05:00:00+02:00
1156;Generación medida Ciclo combinado;;;1760.838;2024-04-01T06:00:00+02:00
1156;Generación medida Ciclo combinado;;;1500.904;2024-04-01T07:00:00+02:00
1156;Generación medida Ciclo combinado;;;1162.633;2024-04-01T08:00:00+02:00
1156;Generación medida Ciclo combinado;;;946.802;2024-04-01T09:00:00+02:00
1156;Generación medida Ciclo combinado;;;796.351;2024-04-01T10:00:00+02:00
1156;Generación medida Ciclo combinado;;;792.082;2024-04-01T11:00:00+02:00
1156;Generación medida Ciclo combinado;;;780.135;2024-04-01T12:00:00+02:00
1156;Generación medida Ciclo combinado;;;796.972;2024-04-01T13:00:00+02:00
1156;Generación medida Ciclo combinado;;;778.053;2024-04-01T14:00:00+02:00
1156;Generación medida Ciclo combinado;;;794.926;2024-04-01T15:00:00+02:00
1156;Generación medida Ciclo combinado;;;782.37;2024-04-01T16:00:00+02:00
1156;Generación medida Ciclo combinado;;;857.224;2024-04-01T17:00:00+02:00
1156;Generación medida Ciclo combinado;;;1322.905;2024-04-01T18:00:00+02:00
1156;Generación medida Ciclo combinado;;;2561.397;2024-04-01T19:00:00+02:00
1156;Generación medida Ciclo combinado;;;3620.97;2024-04-01T20:00:00+02:00
1156;Generación medida Ciclo combinado;;;3682.609;2024-04-01T21:00:00+02:00
1156;Generación medida Ciclo combinado;;;3609.787;2024-04-01T22:00:00+02:00
1156;Generación medida Ciclo combinado;;;2251.381;2024-04-01T23:00:00+02:00
1156;Generación medida Ciclo combinado;;;1686.712;2024-04-02T00:00:00+02:00
1156;Generación medida Ciclo combinado;;;1597.837;2024-04-02T01:00:00+02:00
1156;Generación medida Ciclo combinado;;;1633.53;2024-04-02T02:00:00+02:00
1156;Generación medida Ciclo combinado;;;1631.52;2024-04-02T03:00:00+02:00
1156;Generación medida Ciclo combinado;;;1625.206;2024-04-02T04:00:00+02:00
1156;Generación medida Ciclo combinado;;;2051.886;2024-04-02T05:00:00+02:00
1156;Generación medida Ciclo combinado;;;2729.398;2024-04-02T06:00:00+02:00
1156;Generación medida Ciclo combinado;;;3747.998;2024-04-02T07:00:00+02:00
1156;Generación medida Ciclo combinado;;;3953.782;2024-04-02T08:00:00+02:00
1156;Generación medida Ciclo combinado;;;3028.505;2024-04-02T09:00:00+02:00
1156;Generación medida Ciclo combinado;;;1621.411;2024-04-02T10:00:00+02:00
1156;Generación medida Ciclo combinado;;;711.31;2024-04-02T11:00:00+02:00
1156;Generación medida Ciclo combinado;;;536.74;2024-04-02T12:00:00+02:00
1156;Generación medida Ciclo combinado;;;540.712;2024-04-02T13:00:00+02:00
1156;Generación medida Ciclo combinado;;;540.409;2024-04-02T14:00:00+02:00
1156;Generación medida Ciclo combinado;;;553.537;2024-04-02T15:00:00+02:00
1156;Generación medida Ciclo combinado;;;588.278;2024-04-02T16:00:00+02:00
1156;Generación medida Ciclo combinado;;;719.881;2024-04-02T17:00:00+02:00
1156;Generación medida Ciclo combinado;;;1275.637;2024-04-02T18:00:00+02:00
1156;Generación medida Ciclo combinado;;;3124.917;2024-04-02T19:00:00+02:00
1156;Generación medida Ciclo combinado;;;4717.099;2024-04-02T20:00:00+02:00
1156;Generación medida Ciclo combinado;;;4839.561;2024-04-02T21:00:00+02:00
1156;Generación medida Ciclo combinado;;;3943.49;2024-04-02T22:00:00+02:00
1156;Generación medida Ciclo combinado;;;2675.874;2024-04-02T23:00:00+02:00
1156;Generación medida Ciclo combinado;;;1713.085;2024-04-03T00:00:00+02:00
1156;Generación medida Ciclo combinado;;;1594.75;2024-04-03T01:00:00+02:00
1156;Generación medida Ciclo combinado;;;1305.328;2024-04-03T02:00:00+02:00
1156;Generación medida Ciclo combinado;;;1342.124;2024-04-03T03:00:00+02:00
1156;Generación medida Ciclo combinado;;;1429.265;2024-04-03T04:00:00+02:00
1156;Generación medida Ciclo combinado;;;1719.547;2024-04-03T05:00:00+02:00
1156;Generación medida Ciclo combinado;;;2598.642;2024-04-03T06:00:00+02:00
1156;Generación medida Ciclo combinado;;;3547.985;2024-04-03T07:00:00+02:00
1156;Generación medida Ciclo combinado;;;3704.455;2024-04-03T08:00:00+02:00
1156;Generación medida Ciclo combinado;;;2806.738;2024-04-03T09:00:00+02:00
1156;Generación medida Ciclo combinado;;;974.359;2024-04-03T10:00:00+02:00
1156;Generación medida Ciclo combinado;;;627.427;2024-04-03T11:00:00+02:00
1156;Generación medida Ciclo combinado;;;647.26;2024-04-03T12:00:00+02:00
1156;Generación medida Ciclo combinado;;;599.66;2024-04-03T13:00:00+02:00
1156;Generación medida Ciclo combinado;;;599.522;2024-04-03T14:00:00+02:00
1156;Generación medida Ciclo combinado;;;600.262;2024-04-03T15:00:00+02:00
1156;Generación medida Ciclo combinado;;;595.945;2024-04-03T16:00:00+02:00
1156;Generación medida Ciclo combinado;;;630.099;2024-04-03T17:00:00+02:00
1156;Generación medida Ciclo combinado;;;1835.95;2024-04-03T18:00:00+02:00
1156;Generación medida Ciclo combinado;;;3991.897;2024-04-03T19:00:00+02:00
1156;Generación medida Ciclo combinado;;;4835.524;2024-04-03T20:00:00+02:00
1156;Generación medida Ciclo combinado;;;4813.861;2024-04-03T21:00:00+02:00
1156;Generación medida Ciclo combinado;;;4140.257;2024-04-03T22:00:00+02:00
1156;Generación medida Ciclo combinado;;;3495.782;2024-04-03T23:00:00+02:00
1156;Generación medida Ciclo combinado;;;2030.194;2024-04-04T00:00:00+02:00
1156;Generación medida Ciclo combinado;;;1816.72;2024-04-04T01:00:00+02:00
1156;Generación medida Ciclo combinado;;;1788.74;2024-04-04T02:00:00+02:00
1156;Generación medida Ciclo combinado;;;1964.615;2024-04-04T03:00:00+02:00
1156;Generación medida Ciclo combinado;;;1984.245;2024-04-04T04:00:00+02:00
1156;Generación medida Ciclo combinado;;;2126.728;2024-04-04T05:00:00+02:00
1156;Generación medida Ciclo combinado;;;2733.161;2024-04-04T06:00:00+02:00
1156;Generación medida Ciclo combinado;;;3709.404;2024-04-04T07:00:00+02:00
1156;Generación medida Ciclo combinado;;;3663.616;2024-04-04T08:00:00+02:00
1156;Generación medida Ciclo combinado;;;2463.953;2024-04-04T09:00:00+02:00
1156;Generación medida Ciclo combinado;;;1134.311;2024-04-04T10:00:00+02:00
1156;Generación medida Ciclo combinado;;;764.411;2024-04-04T11:00:00+02:00
1156;Generación medida Ciclo combinado;;;733.707;2024-04-04T12:00:00+02:00
1156;Generación medida Ciclo combinado;;;739.999;2024-04-04T13:00:00+02:00
1156;Generación medida Ciclo combinado;;;742.433;2024-04-04T14:00:00+02:00
1156;Generación medida Ciclo combinado;;;912.672;2024-04-04T15:00:00+02:00
1156;Generación medida Ciclo combinado;;;1083.861;2024-04-04T16:00:00+02:00
1156;Generación medida Ciclo combinado;;;1246.505;2024-04-04T17:00:00+02:00
1156;Generación medida Ciclo combinado;;;1810.793;2024-04-04T18:00:00+02:00
1156;Generación medida Ciclo combinado;;;3617.561;2024-04-04T19:00:00+02:00
1156;Generación medida Ciclo combinado;;;4305.842;2024-04-04T20:00:00+02:00
1156;Generación medida Ciclo combinado;;;4205.696;2024-04-04T21:00:00+02:00
1156;Generación medida Ciclo combinado;;;3511.265;2024-04-04T22:00:00+02:00
1156;Generación medida Ciclo combinado;;;2340.436;2024-04-04T23:00:00+02:00
1156;Generación medida Ciclo combinado;;;1794.073;2024-04-05T00:00:00+02:00
1156;Generación medida Ciclo combinado;;;1603.961;2024-04-05T01:00:00+02:00
1156;Generación medida Ciclo combinado;;;1547.416;2024-04-05T02:00:00+02:00
1156;Generación medida Ciclo combinado;;;1552.023;2024-04-05T03:00:00+02:00
1156;Generación medida Ciclo combinado;;;1551.127;2024-04-05T04:00:00+02:00
1156;Generación medida Ciclo combinado;;;1556.227;2024-04-05T05:00:00+02:00
1156;Generación medida Ciclo combinado;;;1904.085;2024-04-05T06:00:00+02:00
1156;Generación medida Ciclo combinado;;;2833.324;2024-04-05T07:00:00+02:00
1156;Generación medida Ciclo combinado;;;2805.202;2024-04-05T08:00:00+02:00
1156;Generación medida Ciclo combinado;;;1878.144;2024-04-05T09:00:00+02:00
1156;Generación medida Ciclo combinado;;;958.484;2024-04-05T10:00:00+02:00
1156;Generación medida Ciclo combinado;;;810.259;2024-04-05T11:00:00+02:00
1156;Generación medida Ciclo combinado;;;793.538;2024-04-05T12:00:00+02:00
1156;Generación medida Ciclo combinado;;;758.171;2024-04-05T13:00:00+02:00
1156;Generación medida Ciclo combinado;;;821.572;2024-04-05T14:00:00+02:00
1156;Generación medida Ciclo combinado;;;759.729;2024-04-05T15:00:00+02:00
1156;Generación medida Ciclo combinado;;;764.159;2024-04-05T16:00:00+02:00
1156;Generación medida Ciclo combinado;;;990.201;2024-04-05T17:00:00+02:00
1156;Generación medida Ciclo combinado;;;999.485;2024-04-05T18:00:00+02:00
1156;Generación medida Ciclo combinado;;;1687.723;2024-04-05T19:00:00+02:00
1156;Generación medida Ciclo combinado;;;2553.661;2024-04-05T20:00:00+02:00
1156;Generación medida Ciclo combinado;;;2391.226;2024-04-05T21:00:00+02:00
1156;Generación medida Ciclo combinado;;;1574.386;2024-04-05T22:00:00+02:00
1156;Generación medida Ciclo combinado;;;1040.14;2024-04-05T23:00:00+02:00
1156;Generación medida Ciclo combinado;;;1054.496;2024-04-06T00:00:00+02:00
1156;Generación medida Ciclo combinado;;;1025.437;2024-04-06T01:00:00+02:00
1156;Generación medida Ciclo combinado;;;1026.34;2024-04-06T02:00:00+02:00
1156;Generación medida Ciclo combinado;;;1025.206;2024-04-06T03:00:00+02:00
1156;Generación medida Ciclo combinado;;;1024.95;2024-04-06T04:00:00+02:00
1156;Generación medida Ciclo combinado;;;1068.302;2024-04-06T05:00:00+02:00
1156;Generación medida Ciclo combinado;;;1090.453;2024-04-06T06:00:00+02:00
1156;Generación medida Ciclo combinado;;;1219.398;2024-04-06T07:00:00+02:00
1156;Generación medida Ciclo combinado;;;899.76;2024-04-06T08:00:00+02:00
1156;Generación medida Ciclo combinado;;;807.054;2024-04-06T09:00:00+02:00
1156;Generación medida Ciclo combinado;;;871.783;2024-04-06T10:00:00+02:00
1156;Generación medida Ciclo combinado;;;775.239;2024-04-06T11:00:00+02:00
1156;Generación medida Ciclo combinado;;;775.246;2024-04-06T12:00:00+02:00
1156;Generación medida Ciclo combinado;;;775.849;2024-04-06T13:00:00+02:00
1156;Generación medida Ciclo combinado;;;796.91;2024-04-06T14:00:00+02:00
1156;Generación medida Ciclo combinado;;;803.823;2024-04-06T15:00:00+02:00
1156;Generación medida Ciclo combinado;;;943.555;2024-04-06T16:00:00+02:00
1156;Generación medida Ciclo combinado;;;872.565;2024-04-06T17:00:00+02:00
1156;Generación medida Ciclo combinado;;;1356.035;2024-04-06T18:00:00+02:00
1156;Generación medida Ciclo combinado;;;1981.392;2024-04-06T19:00:00+02:00
1156;Generación medida Ciclo combinado;;;2278.125;2024-04-06T20:00:00+02:00
1156;Generación medida Ciclo combinado;;;2479.967;2024-04-06T21:00:00+02:00
1156;Generación medida Ciclo combinado;;;2493.606;2024-04-06T22:00:00+02:00
1156;Generación medida Ciclo combinado;;;2282.439;2024-04-06T23:00:00+02:00
1156;Generación medida Ciclo combinado;;;1917.102;2024-04-07T00:00:00+02:00
1156;Generación medida Ciclo combinado;;;1859.734;2024-04-07T01:00:00+02:00
1156;Generación medida Ciclo combinado;;;1868.036;2024-04-07T02:00:00+02:00
1156;Generación medida Ciclo combinado;;;1864.457;2024-04-07T03:00:00+02:00
1156;Generación medida Ciclo combinado;;;1862.642;2024-04-07T04:00:00+02:00
1156;Generación medida Ciclo combinado;;;1887.419;2024-04-07T05:00:00+02:00
1156;Generación medida Ciclo combinado;;;2043.078;2024-04-07T06:00:00+02:00
1156;Generación medida Ciclo combinado;;;2043.787;2024-04-07T07:00:00+02:00
1156;Generación medida Ciclo combinado;;;1938.843;2024-04-07T08:00:00+02:00
1156;Generación medida Ciclo combinado;;;1904.549;2024-04-07T09:00:00+02:00
1156;Generación medida Ciclo combinado;;;1435.274;2024-04-07T10:00:00+02:00
1156;Generación medida Ciclo combinado;;;1219.588;2024-04-07T11:00:00+02:00
1156;Generación medida Ciclo combinado;;;1158.896;2024-04-07T12:00:00+02:00
1156;Generación medida Ciclo combinado;;;1156.003;2024-04-07T13:00:00+02:00
1156;Generación medida Ciclo combinado;;;1162.409;2024-04-07T14:00:00+02:00
1156;Generación medida Ciclo combinado;;;1168.791;2024-04-07T15:00:00+02:00
1156;Generación medida Ciclo combinado;;;1257.796;2024-04-07T16:00:00+02:00
1156;Generación medida Ciclo combinado;;;1399.988;2024-04-07T17:00:00+02:00
1156;Generación medida Ciclo combinado;;;1744.181;2024-04-07T18:00:00+02:00
1156;Generación medida Ciclo combinado;;;2925.371;2024-04-07T19:00:00+02:00
1156;Generación medida Ciclo combinado;;;3480.33;2024-04-07T20:00:00+02:00
1156;Generación medida Ciclo combinado;;;3198.294;2024-04-07T21:00:00+02:00
1156;Generación medida Ciclo combinado;;;2897.744;2024-04-07T22:00:00+02:00
1156;Generación medida Ciclo combinado;;;2598.669;2024-04-07T23:00:00+02:00
1156;Generación medida Ciclo combinado;;;2050.18;2024-04-08T00:00:00+02:00
1156;Generación medida Ciclo combinado;;;1792.182;2024-04-08T01:00:00+02:00
1156;Generación medida Ciclo combinado;;;1682.588;2024-04-08T02:00:00+02:00
1156;Generación medida Ciclo combinado;;;1684.326;2024-04-08T03:00:00+02:00
1156;Generación medida Ciclo combinado;;;1684.99;2024-04-08T04:00:00+02:00
1156;Generación medida Ciclo combinado;;;1692.081;2024-04-08T05:00:00+02:00
1156;Generación medida Ciclo combinado;;;1903.428;2024-04-08T06:00:00+02:00
1156;Generación medida Ciclo combinado;;;2714.128;2024-04-08T07:00:00+02:00
1156;Generación medida Ciclo combinado;;;2665.732;2024-04-08T08:00:00+02:00
1156;Generación medida Ciclo combinado;;;2787.119;2024-04-08T09:00:00+02:00
1156;Generación medida Ciclo combinado;;;1569.261;2024-04-08T10:00:00+02:00
1156;Generación medida Ciclo combinado;;;1571.242;2024-04-08T11:00:00+02:00
1156;Generación medida Ciclo combinado;;;1670.732;2024-04-08T12:00:00+02:00
1156;Generación medida Ciclo combinado;;;1543.763;2024-04-08T13:00:00+02:00
1156;Generación medida Ciclo combinado;;;1224.692;2024-04-08T14:00:00+02:00
1156;Generación medida Ciclo combinado;;;1154.543;2024-04-08T15:00:00+02:00
1156;Generación medida Ciclo combinado;;;1301.767;2024-04-08T16:00:00+02:00
1156;Generación medida Ciclo combinado;;;1251.271;2024-04-08T17:00:00+02:00
1156;Generación medida Ciclo combinado;;;1560.749;2024-04-08T18:00:00+02:00
1156;Generación medida Ciclo combinado;;;2609.512;2024-04-08T19:00:00+02:00
1156;Generación medida Ciclo combinado;;;3600.856;2024-04-08T20:00:00+02:00
1156;Generación medida Ciclo combinado;;;3653.804;2024-04-08T21:00:00+02:00
1156;Generación medida Ciclo combinado;;;2787.543;2024-04-08T22:00:00+02:00
1156;Generación medida Ciclo combinado;;;2277.005;2024-04-08T23:00:00+02:00
1156;Generación medida Ciclo combinado;;;1381.218;2024-04-09T00:00:00+02:00
1156;Generación medida Ciclo combinado;;;1308.975;2024-04-09T01:00:00+02:00
1156;Generación medida Ciclo combinado;;;1532.976;2024-04-09T02:00:00+02:00
1156;Generación medida Ciclo combinado;;;1354.899;2024-04-09T03:00:00+02:00
1156;Generación medida Ciclo combinado;;;1377.653;2024-04-09T04:00:00+02:00
1156;Generación medida Ciclo combinado;;;1613.405;2024-04-09T05:00:00+02:00
1156;Generación medida Ciclo combinado;;;1563.862;2024-04-09T06:00:00+02:00
1156;Generación medida Ciclo combinado;;;2327.039;2024-04-09T07:00:00+02:00
1156;Generación medida Ciclo combinado;;;2356.783;2024-04-09T08:00:00+02:00
1156;Generación medida Ciclo combinado;;;1597.512;2024-04-09T09:00:00+02:00
1156;Generación medida Ciclo combinado;;;1024.864;2024-04-09T10:00:00+02:00
1156;Generación medida Ciclo combinado;;;960.213;2024-04-09T11:00:00+02:00
1156;Generación medida Ciclo combinado;;;1170.128;2024-04-09T12:00:00+02:00
1156;Generación medida Ciclo combinado;;;1253.617;2024-04-09T13:00:00+02:00
1156;Generación medida Ciclo combinado;;;1386.008;2024-04-09T14:00:00+02:00
1156;Generación medida Ciclo combinado;;;1380.614;2024-04-09T15:00:00+02:00
1156;Generación medida Ciclo combinado;;;1284.086;2024-04-09T16:00:00+02:00
1156;Generación medida Ciclo combinado;;;1681.06;2024-04-09T17:00:00+02:00
1156;Generación medida Ciclo combinado;;;2693.118;2024-04-09T18:00:00+02:00
1156;Generación medida Ciclo combinado;;;4309.614;2024-04-09T19:00:00+02:00
1156;Generación medida Ciclo combinado;;;5068.454;2024-04-09T20:00:00+02:00
1156;Generación medida Ciclo combinado;;;4993.324;2024-04-09T21:00:00+02:00
1156;Generación medida Ciclo combinado;;;4679.519;2024-04-09T22:00:00+02:00
1156;Generación medida Ciclo combinado;;;3999.944;2024-04-09T23:00:00+02:00
1156;Generación medida Ciclo combinado;;;2999.703;2024-04-10T00:00:00+02:00
1156;Generación medida Ciclo combinado;;;2767.033;2024-04-10T01:00:00+02:00
1156;Generación medida Ciclo combinado;;;2658.249;2024-04-10T02:00:00+02:00
1156;Generación medida Ciclo combinado;;;2520.621;2024-04-10T03:00:00+02:00
1156;Generación medida Ciclo combinado;;;2507.846;2024-04-10T04:00:00+02:00
1156;Generación medida Ciclo combinado;;;2702.214;2024-04-10T05:00:00+02:00
1156;Generación medida Ciclo combinado;;;3799.725;2024-04-10T06:00:00+02:00
1156;Generación medida Ciclo combinado;;;4773.619;2024-04-10T07:00:00+02:00
1156;Generación medida Ciclo combinado;;;4640.201;2024-04-10T08:00:00+02:00
1156;Generación medida Ciclo combinado;;;3239.392;2024-04-10T09:00:00+02:00
1156;Generación medida Ciclo combinado;;;1677.186;2024-04-10T10:00:00+02:00
1156;Generación medida Ciclo combinado;;;1269.29;2024-04-10T11:00:00+02:00
1156;Generación medida Ciclo combinado;;;1322.064;2024-04-10T12:00:00+02:00
1156;Generación medida Ciclo combinado;;;1330.555;2024-04-10T13:00:00+02:00
1156;Generación medida Ciclo combinado;;;1343.08;2024-04-10T14:00:00+02:00
1156;Generación medida Ciclo combinado;;;1416.131;2024-04-10T15:00:00+02:00
1156;Generación medida Ciclo combinado;;;1470.417;2024-04-10T16:00:00+02:00
1156;Generación medida Ciclo combinado;;;1544.819;2024-04-10T17:00:00+02:00
1156;Generación medida Ciclo combinado;;;2416.779;2024-04-10T18:00:00+02:00
1156;Generación medida Ciclo combinado;;;3788.123;2024-04-10T19:00:00+02:00
1156;Generación medida Ciclo combinado;;;4744.341;2024-04-10T20:00:00+02:00
1156;Generación medida Ciclo combinado;;;4689.95;2024-04-10T21:00:00+02:00
1156;Generación medida Ciclo combinado;;;4204.878;2024-04-10T22:00:00+02:00
1156;Generación medida Ciclo combinado;;;3740.289;2024-04-10T23:00:00+02:00
1156;Generación medida Ciclo combinado;;;2347.335;2024-04-11T00:00:00+02:00
1156;Generación medida Ciclo combinado;;;1826.229;2024-04-11T01:00:00+02:00
1156;Generación medida Ciclo combinado;;;1810.927;2024-04-11T02:00:00+02:00
1156;Generación medida Ciclo combinado;;;1860.955;2024-04-11T03:00:00+02:00
1156;Generación medida Ciclo combinado;;;1765.319;2024-04-11T04:00:00+02:00
1156;Generación medida Ciclo combinado;;;2119.547;2024-04-11T05:00:00+02:00
1156;Generación medida Ciclo combinado;;;3262.295;2024-04-11T06:00:00+02:00
1156;Generación medida Ciclo combinado;;;3939.029;2024-04-11T07:00:00+02:00
1156;Generación medida Ciclo combinado;;;3772.954;2024-04-11T08:00:00+02:00
1156;Generación medida Ciclo combinado;;;2876.458;2024-04-11T09:00:00+02:00
1156;Generación medida Ciclo combinado;;;1795.145;2024-04-11T10:00:00+02:00
1156;Generación medida Ciclo combinado;;;1530.713;2024-04-11T11:00:00+02:00
1156;Generación medida Ciclo combinado;;;1071.703;2024-04-11T12:00:00+02:00
1156;Generación medida Ciclo combinado;;;989.436;2024-04-11T13:00:00+02:00
1156;Generación medida Ciclo combinado;;;934.16;2024-04-11T14:00:00+02:00
1156;Generación medida Ciclo combinado;;;978.381;2024-04-11T15:00:00+02:00
1156;Generación medida Ciclo combinado;;;901.3;2024-04-11T16:00:00+02:00
1156;Generación medida Ciclo combinado;;;1565.542;2024-04-11T17:00:00+02:00
1156;Generación medida Ciclo combinado;;;3152.819;2024-04-11T18:00:00+02:00
1156;Generación medida Ciclo combinado;;;4125.946;2024-04-11T19:00:00+02:00
1156;Generación medida Ciclo combinado;;;4408.289;2024-04-11T20:00:00+02:00
1156;Generación medida Ciclo combinado;;;4222.385;2024-04-11T21:00:00+02:00
1156;Generación medida Ciclo combinado;;;4257.559;2024-04-11T22:00:00+02:00
1156;Generación medida Ciclo combinado;;;3828.205;2024-04-11T23:00:00+02:00
1156;Generación medida Ciclo combinado;;;2521.387;2024-04-12T00:00:00+02:00
1156;Generación medida Ciclo combinado;;;1949.679;2024-04-12T01:00:00+02:00
1156;Generación medida Ciclo combinado;;;1889.19;2024-04-12T02:00:00+02:00
1156;Generación medida Ciclo combinado;;;1857.95;2024-04-12T03:00:00+02:00
1156;Generación medida Ciclo combinado;;;1960.872;2024-04-12T04:00:00+02:00
1156;Generación medida Ciclo combinado;;;2603.083;2024-04-12T05:00:00+02:00
1156;Generación medida Ciclo combinado;;;3760.062;2024-04-12T06:00:00+02:00
1156;Generación medida Ciclo combinado;;;4192.371;2024-04-12T07:00:00+02:00
1156;Generación medida Ciclo combinado;;;4668.758;2024-04-12T08:00:00+02:00
1156;Generación medida Ciclo combinado;;;3686.241;2024-04-12T09:00:00+02:00
1156;Generación medida Ciclo combinado;;;2966.075;2024-04-12T10:00:00+02:00
1156;Generación medida Ciclo combinado;;;1599.051;2024-04-12T11:00:00+02:00
1156;Generación medida Ciclo combinado;;;1119.923;2024-04-12T12:00:00+02:00
1156;Generación medida Ciclo combinado;;;802.873;2024-04-12T13:00:00+02:00
1156;Generación medida Ciclo combinado;;;788.113;2024-04-12T14:00:00+02:00
1156;Generación medida Ciclo combinado;;;821.023;2024-04-12T15:00:00+02:00
1156;Generación medida Ciclo combinado;;;1247.682;2024-04-12T16:00:00+02:00
1156;Generación medida Ciclo combinado;;;1643.672;2024-04-12T17:00:00+02:00
1156;Generación medida Ciclo combinado;;;3089.54;2024-04-12T18:00:00+02:00
1156;Generación medida Ciclo combinado;;;4593.133;2024-04-12T19:00:00+02:00
1156;Generación medida Ciclo combinado;;;4557.465;2024-04-12T20:00:00+02:00
1156;Generación medida Ciclo combinado;;;4477.681;2024-04-12T21:00:00+02:00
1156;Generación medida Ciclo combinado;;;4250.565;2024-04-12T22:00:00+02:00
1156;Generación medida Ciclo combinado;;;4214.201;2024-04-12T23:00:00+02:00
1156;Generación medida Ciclo combinado;;;3345.179;2024-04-13T00:00:00+02:00
1156;Generación medida Ciclo combinado;;;3007.765;2024-04-13T01:00:00+02:00
1156;Generación medida Ciclo combinado;;;2597.77;2024-04-13T02:00:00+02:00
1156;Generación medida Ciclo combinado;;;2676.789;2024-04-13T03:00:00+02:00
1156;Generación medida Ciclo combinado;;;2680.52;2024-04-13T04:00:00+02:00
1156;Generación medida Ciclo combinado;;;2736.695;2024-04-13T05:00:00+02:00
1156;Generación medida Ciclo combinado;;;2801.305;2024-04-13T06:00:00+02:00
1156;Generación medida Ciclo combinado;;;3089.183;2024-04-13T07:00:00+02:00
1156;Generación medida Ciclo combinado;;;3691.905;2024-04-13T08:00:00+02:00
1156;Generación medida Ciclo combinado;;;2645.043;2024-04-13T09:00:00+02:00
1156;Generación medida Ciclo combinado;;;1032.691;2024-04-13T10:00:00+02:00
1156;Generación medida Ciclo combinado;;;795.926;2024-04-13T11:00:00+02:00
1156;Generación medida Ciclo combinado;;;796.493;2024-04-13T12:00:00+02:00
1156;Generación medida Ciclo combinado;;;820.912;2024-04-13T13:00:00+02:00
1156;Generación medida Ciclo combinado;;;821.062;2024-04-13T14:00:00+02:00
1156;Generación medida Ciclo combinado;;;788.089;2024-04-13T15:00:00+02:00
1156;Generación medida Ciclo combinado;;;811.963;2024-04-13T16:00:00+02:00
1156;Generación medida Ciclo combinado;;;1065.889;2024-04-13T17:00:00+02:00
1156;Generación medida Ciclo combinado;;;1532.229;2024-04-13T18:00:00+02:00
1156;Generación medida Ciclo combinado;;;3156.884;2024-04-13T19:00:00+02:00
1156;Generación medida Ciclo combinado;;;3385.107;2024-04-13T20:00:00+02:00
1156;Generación medida Ciclo combinado;;;3535.025;2024-04-13T21:00:00+02:00
1156;Generación medida Ciclo combinado;;;3359.382;2024-04-13T22:00:00+02:00
1156;Generación medida Ciclo combinado;;;3377.776;2024-04-13T23:00:00+02:00
1156;Generación medida Ciclo combinado;;;2460.025;2024-04-14T00:00:00+02:00
1156;Generación medida Ciclo combinado;;;2249.109;2024-04-14T01:00:00+02:00
1156;Generación medida Ciclo combinado;;;2284.364;2024-04-14T02:00:00+02:00
1156;Generación medida Ciclo combinado;;;2289.895;2024-04-14T03:00:00+02:00
1156;Generación medida Ciclo combinado;;;2405.79;2024-04-14T04:00:00+02:00
1156;Generación medida Ciclo combinado;;;2427.535;2024-04-14T05:00:00+02:00
1156;Generación medida Ciclo combinado;;;2323.527;2024-04-14T06:00:00+02:00
1156;Generación medida Ciclo combinado;;;2285.54;2024-04-14T07:00:00+02:00
1156;Generación medida Ciclo combinado;;;2379.777;2024-04-14T08:00:00+02:00
1156;Generación medida Ciclo combinado;;;1945.455;2024-04-14T09:00:00+02:00
1156;Generación medida Ciclo combinado;;;1187.851;2024-04-14T10:00:00+02:00
1156;Generación medida Ciclo combinado;;;952.828;2024-04-14T11:00:00+02:00
1156;Generación medida Ciclo combinado;;;939.899;2024-04-14T12:00:00+02:00
1156;Generación medida Ciclo combinado;;;932.756;2024-04-14T13:00:00+02:00
1156;Generación medida Ciclo combinado;;;930.764;2024-04-14T14:00:00+02:00
1156;Generación medida Ciclo combinado;;;934.695;2024-04-14T15:00:00+02:00
1156;Generación medida Ciclo combinado;;;1000.828;2024-04-14T16:00:00+02:00
1156;Generación medida Ciclo combinado;;;1260.395;2024-04-14T17:00:00+02:00
1156;Generación medida Ciclo combinado;;;1983.983;2024-04-14T18:00:00+02:00
1156;Generación medida Ciclo combinado;;;3046.253;2024-04-14T19:00:00+02:00
1156;Generación medida Ciclo combinado;;;3278.797;2024-04-14T20:00:00+02:00
1156;Generación medida Ciclo combinado;;;2813.35;2024-04-14T21:00:00+02:00
1156;Generación medida Ciclo combinado;;;2343.117;2024-04-14T22:00:00+02:00
1156;Generación medida Ciclo combinado;;;2131.074;2024-04-14T23:00:00+02:00
1156;Generación medida Ciclo combinado;;;2287.263;2024-04-15T00:00:00+02:00
1156;Generación medida Ciclo combinado;;;2239.11;2024-04-15T01:00:00+02:00
1156;Generación medida Ciclo combinado;;;2218.025;2024-04-15T02:00:00+02:00
1156;Generación medida Ciclo combinado;;;2220.151;2024-04-15T03:00:00+02:00
1156;Generación medida Ciclo combinado;;;2223.311;2024-04-15T04:00:00+02:00
1156;Generación medida Ciclo combinado;;;2289.328;2024-04-15T05:00:00+02:00
1156;Generación medida Ciclo combinado;;;2575.113;2024-04-15T06:00:00+02:00
1156;Generación medida Ciclo combinado;;;3192.477;2024-04-15T07:00:00+02:00
1156;Generación medida Ciclo combinado;;;3431.287;2024-04-15T08:00:00+02:00
1156;Generación medida Ciclo combinado;;;2745.7;2024-04-15T09:00:00+02:00
1156;Generación medida Ciclo combinado;;;983.605;2024-04-15T10:00:00+02:00
1156;Generación medida Ciclo combinado;;;862.956;2024-04-15T11:00:00+02:00
1156;Generación medida Ciclo combinado;;;1013.333;2024-04-15T12:00:00+02:00
1156;Generación medida Ciclo combinado;;;781.749;2024-04-15T13:00:00+02:00
1156;Generación medida Ciclo combinado;;;749.209;2024-04-15T14:00:00+02:00
1156;Generación medida Ciclo combinado;;;783.792;2024-04-15T15:00:00+02:00
1156;Generación medida Ciclo combinado;;;895.564;2024-04-15T16:00:00+02:00
1156;Generación medida Ciclo combinado;;;1070.681;2024-04-15T17:00:00+02:00
1156;Generación medida Ciclo combinado;;;1621.708;2024-04-15T18:00:00+02:00
1156;Generación medida Ciclo combinado;;;3415.339;2024-04-15T19:00:00+02:00
1156;Generación medida Ciclo combinado;;;3680.321;2024-04-15T20:00:00+02:00
1156;Generación medida Ciclo combinado;;;4008.156;2024-04-15T21:00:00+02:00
1156;Generación medida Ciclo combinado;;;3419.641;2024-04-15T22:00:00+02:00
1156;Generación medida Ciclo combinado;;;2785.798;2024-04-15T23:00:00+02:00
1156;Generación medida Ciclo combinado;;;2214.081;2024-04-16T00:00:00+02:00
1156;Generación medida Ciclo combinado;;;2266.993;2024-04-16T01:00:00+02:00
1156;Generación medida Ciclo combinado;;;2529.123;2024-04-16T02:00:00+02:00
1156;Generación medida Ciclo combinado;;;2437.35;2024-04-16T03:00:00+02:00
1156;Generación medida Ciclo combinado;;;2393.346;2024-04-16T04:00:00+02:00
1156;Generación medida Ciclo combinado;;;2510.971;2024-04-16T05:00:00+02:00
1156;Generación medida Ciclo combinado;;;2861.546;2024-04-16T06:00:00+02:00
1156;Generación medida Ciclo combinado;;;3144.643;2024-04-16T07:00:00+02:00
1156;Generación medida Ciclo combinado;;;3094.009;2024-04-16T08:00:00+02:00
1156;Generación medida Ciclo combinado;;;2296.255;2024-04-16T09:00:00+02:00
1156;Generación medida Ciclo combinado;;;1379.231;2024-04-16T10:00:00+02:00
1156;Generación medida Ciclo combinado;;;1195.417;2024-04-16T11:00:00+02:00
1156;Generación medida Ciclo combinado;;;1254.101;2024-04-16T12:00:00+02:00
1156;Generación medida Ciclo combinado;;;1235.94;2024-04-16T13:00:00+02:00
1156;Generación medida Ciclo combinado;;;1190.938;2024-04-16T14:00:00+02:00
1156;Generación medida Ciclo combinado;;;1163.56;2024-04-16T15:00:00+02:00
1156;Generación medida Ciclo combinado;;;1207.496;2024-04-16T16:00:00+02:00
1156;Generación medida Ciclo combinado;;;1305.696;2024-04-16T17:00:00+02:00
1156;Generación medida Ciclo combinado;;;2310.65;2024-04-16T18:00:00+02:00
1156;Generación medida Ciclo combinado;;;3431.551;2024-04-16T19:00:00+02:00
1156;Generación medida Ciclo combinado;;;3680.301;2024-04-16T20:00:00+02:00
1156;Generación medida Ciclo combinado;;;3568.821;2024-04-16T21:00:00+02:00
1156;Generación medida Ciclo combinado;;;3282.756;2024-04-16T22:00:00+02:00
1156;Generación medida Ciclo combinado;;;2710.049;2024-04-16T23:00:00+02:00
1156;Generación medida Ciclo combinado;;;1776.226;2024-04-17T00:00:00+02:00
1156;Generación medida Ciclo combinado;;;1860.163;2024-04-17T01:00:00+02:00
1156;Generación medida Ciclo combinado;;;1769.045;2024-04-17T02:00:00+02:00
1156;Generación medida Ciclo combinado;;;1702.334;2024-04-17T03:00:00+02:00
1156;Generación medida Ciclo combinado;;;1659.706;2024-04-17T04:00:00+02:00
1156;Generación medida Ciclo combinado;;;1885.361;2024-04-17T05:00:00+02:00
1156;Generación medida Ciclo combinado;;;2520.909;2024-04-17T06:00:00+02:00
1156;Generación medida Ciclo combinado;;;2911.487;2024-04-17T07:00:00+02:00
1156;Generación medida Ciclo combinado;;;2791.208;2024-04-17T08:00:00+02:00
1156;Generación medida Ciclo combinado;;;2038.159;2024-04-17T09:00:00+02:00
1156;Generación medida Ciclo combinado;;;1277.513;2024-04-17T10:00:00+02:00
1156;Generación medida Ciclo combinado;;;1371.305;2024-04-17T11:00:00+02:00
1156;Generación medida Ciclo combinado;;;1185.687;2024-04-17T12:00:00+02:00
1156;Generación medida Ciclo combinado;;;935.609;2024-04-17T13:00:00+02:00
1156;Generación medida Ciclo combinado;;;928.226;2024-04-17T14:00:00+02:00
1156;Generación medida Ciclo combinado;;;848.273;2024-04-17T15:00:00+02:00
1156;Generación medida Ciclo combinado;;;1057.534;2024-04-17T16:00:00+02:00
1156;Generación medida Ciclo combinado;;;1205.979;2024-04-17T17:00:00+02:00
1156;Generación medida Ciclo combinado;;;1609.277;2024-04-17T18:00:00+02:00
1156;Generación medida Ciclo combinado;;;2708.456;2024-04-17T19:00:00+02:00
1156;Generación medida Ciclo combinado;;;3565.896;2024-04-17T20:00:00+02:00
1156;Generación medida Ciclo combinado;;;3663.616;2024-04-17T21:00:00+02:00
1156;Generación medida Ciclo combinado;;;2798.912;2024-04-17T22:00:00+02:00
1156;Generación medida Ciclo combinado;;;2530.606;2024-04-17T23:00:00+02:00
1156;Generación medida Ciclo combinado;;;1633.216;2024-04-18T00:00:00+02:00
1156;Generación medida Ciclo combinado;;;1589.174;2024-04-18T01:00:00+02:00
1156;Generación medida Ciclo combinado;;;1509.87;2024-04-18T02:00:00+02:00
1156;Generación medida Ciclo combinado;;;1483.505;2024-04-18T03:00:00+02:00
1156;Generación medida Ciclo combinado;;;1526.751;2024-04-18T04:00:00+02:00
1156;Generación medida Ciclo combinado;;;1829.085;2024-04-18T05:00:00+02:00
1156;Generación medida Ciclo combinado;;;2238.688;2024-04-18T06:00:00+02:00
1156;Generación medida Ciclo combinado;;;2309.126;2024-04-18T07:00:00+02:00
1156;Generación medida Ciclo combinado;;;2291.112;2024-04-18T08:00:00+02:00
1156;Generación medida Ciclo combinado;;;1564.373;2024-04-18T09:00:00+02:00
1156;Generación medida Ciclo combinado;;;1091.136;2024-04-18T10:00:00+02:00
1156;Generación medida Ciclo combinado;;;984.296;2024-04-18T11:00:00+02:00
1156;Generación medida Ciclo combinado;;;860.615;2024-04-18T12:00:00+02:00
1156;Generación medida Ciclo combinado;;;849.867;2024-04-18T13:00:00+02:00
1156;Generación medida Ciclo combinado;;;822.063;2024-04-18T14:00:00+02:00
1156;Generación medida Ciclo combinado;;;812.534;2024-04-18T15:00:00+02:00
1156;Generación medida Ciclo combinado;;;814.532;2024-04-18T16:00:00+02:00
1156;Generación medida Ciclo combinado;;;879.891;2024-04-18T17:00:00+02:00
1156;Generación medida Ciclo combinado;;;1317.489;2024-04-18T18:00:00+02:00
1156;Generación medida Ciclo combinado;;;2201.569;2024-04-18T19:00:00+02:00
1156;Generación medida Ciclo combinado;;;2994.154;2024-04-18T20:00:00+02:00
1156;Generación medida Ciclo combinado;;;3038.511;2024-04-18T21:00:00+02:00
1156;Generación medida Ciclo combinado;;;3001.487;2024-04-18T22:00:00+02:00
1156;Generación medida Ciclo combinado;;;1885.324;2024-04-18T23:00:00+02:00
1156;Generación medida Ciclo combinado;;;1203.985;2024-04-19T00:00:00+02:00
1156;Generación medida Ciclo combinado;;;1163.131;2024-04-19T01:00:00+02:00
1156;Generación medida Ciclo combinado;;;1158.379;2024-04-19T02:00:00+02:00
1156;Generación medida Ciclo combinado;;;1200.776;2024-04-19T03:00:00+02:00
1156;Generación medida Ciclo combinado;;;1303.591;2024-04-19T04:00:00+02:00
1156;Generación medida Ciclo combinado;;;2171.821;2024-04-19T05:00:00+02:00
1156;Generación medida Ciclo combinado;;;3301.551;2024-04-19T06:00:00+02:00
1156;Generación medida Ciclo combinado;;;3255.571;2024-04-19T07:00:00+02:00
1156;Generación medida Ciclo combinado;;;3244.318;2024-04-19T08:00:00+02:00
1156;Generación medida Ciclo combinado;;;2105.976;2024-04-19T09:00:00+02:00
1156;Generación medida Ciclo combinado;;;899.983;2024-04-19T10:00:00+02:00
1156;Generación medida Ciclo combinado;;;738.529;2024-04-19T11:00:00+02:00
1156;Generación medida Ciclo combinado;;;829.77;2024-04-19T12:00:00+02:00
1156;Generación medida Ciclo combinado;;;818.215;2024-04-19T13:00:00+02:00
1156;Generación medida Ciclo combinado;;;680.644;2024-04-19T14:00:00+02:00
1156;Generación medida Ciclo combinado;;;691.852;2024-04-19T15:00:00+02:00
1156;Generación medida Ciclo combinado;;;748.062;2024-04-19T16:00:00+02:00
1156;Generación medida Ciclo combinado;;;909.266;2024-04-19T17:00:00+02:00
1156;Generación medida Ciclo combinado;;;2013.073;2024-04-19T18:00:00+02:00
1156;Generación medida Ciclo combinado;;;3259.264;2024-04-19T19:00:00+02:00
1156;Generación medida Ciclo combinado;;;3570.754;2024-04-19T20:00:00+02:00
1156;Generación medida Ciclo combinado;;;3374.764;2024-04-19T21:00:00+02:00
1156;Generación medida Ciclo combinado;;;3201.564;2024-04-19T22:00:00+02:00
1156;Generación medida Ciclo combinado;;;2739.49;2024-04-19T23:00:00+02:00
1156;Generación medida Ciclo combinado;;;2119.695;2024-04-20T00:00:00+02:00
1156;Generación medida Ciclo combinado;;;2053.811;2024-04-20T01:00:00+02:00
1156;Generación medida Ciclo combinado;;;1800.007;2024-04-20T02:00:00+02:00
1156;Generación medida Ciclo combinado;;;1747.797;2024-04-20T03:00:00+02:00
1156;Generación medida Ciclo combinado;;;1762.952;2024-04-20T04:00:00+02:00
1156;Generación medida Ciclo combinado;;;1615.403;2024-04-20T05:00:00+02:00
1156;Generación medida Ciclo combinado;;;1676.163;2024-04-20T06:00:00+02:00
1156;Generación medida Ciclo combinado;;;1360.812;2024-04-20T07:00:00+02:00
1156;Generación medida Ciclo combinado;;;1279.57;2024-04-20T08:00:00+02:00
1156;Generación medida Ciclo combinado;;;917.172;2024-04-20T09:00:00+02:00
1156;Generación medida Ciclo combinado;;;881.892;2024-04-20T10:00:00+02:00
1156;Generación medida Ciclo combinado;;;880.771;2024-04-20T11:00:00+02:00
1156;Generación medida Ciclo combinado;;;917.352;2024-04-20T12:00:00+02:00
1156;Generación medida Ciclo combinado;;;894.315;2024-04-20T13:00:00+02:00
1156;Generación medida Ciclo combinado;;;887.627;2024-04-20T14:00:00+02:00
1156;Generación medida Ciclo combinado;;;991.575;2024-04-20T15:00:00+02:00
1156;Generación medida Ciclo combinado;;;1001.547;2024-04-20T16:00:00+02:00
1156;Generación medida Ciclo combinado;;;951.925;2024-04-20T17:00:00+02:00
1156;Generación medida Ciclo combinado;;;1086.888;2024-04-20T18:00:00+02:00
1156;Generación medida Ciclo combinado;;;1654.868;2024-04-20T19:00:00+02:00
1156;Generación medida Ciclo combinado;;;1974.426;2024-04-20T20:00:00+02:00
1156;Generación medida Ciclo combinado;;;1899.845;2024-04-20T21:00:00+02:00
1156;Generación medida Ciclo combinado;;;1793.106;2024-04-20T22:00:00+02:00
1156;Generación medida Ciclo combinado;;;1831.834;2024-04-20T23:00:00+02:00
1156;Generación medida Ciclo combinado;;;2431.227;2024-04-21T00:00:00+02:00
1156;Generación medida Ciclo combinado;;;2403.666;2024-04-21T01:00:00+02:00
1156;Generación medida Ciclo combinado;;;2360.191;2024-04-21T02:00:00+02:00
1156;Generación medida Ciclo combinado;;;2362.338;2024-04-21T03:00:00+02:00
1156;Generación medida Ciclo combinado;;;2339.566;2024-04-21T04:00:00+02:00
1156;Generación medida Ciclo combinado;;;2331.15;2024-04-21T05:00:00+02:00
1156;Generación medida Ciclo combinado;;;2319.997;2024-04-21T06:00:00+02:00
1156;Generación medida Ciclo combinado;;;2293.558;2024-04-21T07:00:00+02:00
1156;Generación medida Ciclo combinado;;;2345.368;2024-04-21T08:00:00+02:00
1156;Generación medida Ciclo combinado;;;1927.014;2024-04-21T09:00:00+02:00
1156;Generación medida Ciclo combinado;;;1053.127;2024-04-21T10:00:00+02:00
1156;Generación medida Ciclo combinado;;;986.935;2024-04-21T11:00:00+02:00
1156;Generación medida Ciclo combinado;;;946.622;2024-04-21T12:00:00+02:00
1156;Generación medida Ciclo combinado;;;869.709;2024-04-21T13:00:00+02:00
1156;Generación medida Ciclo combinado;;;865.664;2024-04-21T14:00:00+02:00
1156;Generación medida Ciclo combinado;;;877.342;2024-04-21T15:00:00+02:00
1156;Generación medida Ciclo combinado;;;879.723;2024-04-21T16:00:00+02:00
1156;Generación medida Ciclo combinado;;;945.33;2024-04-21T17:00:00+02:00
1156;Generación medida Ciclo combinado;;;1075.752;2024-04-21T18:00:00+02:00
1156;Generación medida Ciclo combinado;;;1518.911;2024-04-21T19:00:00+02:00
1156;Generación medida Ciclo combinado;;;2456.907;2024-04-21T20:00:00+02:00
1156;Generación medida Ciclo combinado;;;2379.175;2024-04-21T21:00:00+02:00
1156;Generación medida Ciclo combinado;;;1913.002;2024-04-21T22:00:00+02:00
1156;Generación medida Ciclo combinado;;;1746.662;2024-04-21T23:00:00+02:00
1156;Generación medida Ciclo combinado;;;2316.789;2024-04-22T00:00:00+02:00
1156;Generación medida Ciclo combinado;;;2396.304;2024-04-22T01:00:00+02:00
1156;Generación medida Ciclo combinado;;;2252.029;2024-04-22T02:00:00+02:00
1156;Generación medida Ciclo combinado;;;2164.939;2024-04-22T03:00:00+02:00
1156;Generación medida Ciclo combinado;;;2062.543;2024-04-22T04:00:00+02:00
1156;Generación medida Ciclo combinado;;;2051.839;2024-04-22T05:00:00+02:00
1156;Generación medida Ciclo combinado;;;2024.717;2024-04-22T06:00:00+02:00
1156;Generación medida Ciclo combinado;;;1683.534;2024-04-22T07:00:00+02:00
1156;Generación medida Ciclo combinado;;;1327.25;2024-04-22T08:00:00+02:00
1156;Generación medida Ciclo combinado;;;800.625;2024-04-22T09:00:00+02:00
1156;Generación medida Ciclo combinado;;;682.107;2024-04-22T10:00:00+02:00
1156;Generación medida Ciclo combinado;;;756.677;2024-04-22T11:00:00+02:00
1156;Generación medida Ciclo combinado;;;640.534;2024-04-22T12:00:00+02:00
1156;Generación medida Ciclo combinado;;;657.542;2024-04-22T13:00:00+02:00
1156;Generación medida Ciclo combinado;;;687.823;2024-04-22T14:00:00+02:00
1156;Generación medida Ciclo combinado;;;638.347;2024-04-22T15:00:00+02:00
1156;Generación medida Ciclo combinado;;;634.308;2024-04-22T16:00:00+02:00
1156;Generación medida Ciclo combinado;;;808.179;2024-04-22T17:00:00+02:00
1156;Generación medida Ciclo combinado;;;1196.578;2024-04-22T18:00:00+02:00
1156;Generación medida Ciclo combinado;;;2158.497;2024-04-22T19:00:00+02:00
1156;Generación medida Ciclo combinado;;;3197.159;2024-04-22T20:00:00+02:00
1156;Generación medida Ciclo combinado;;;3465.973;2024-04-22T21:00:00+02:00
1156;Generación medida Ciclo combinado;;;2578.229;2024-04-22T22:00:00+02:00
1156;Generación medida Ciclo combinado;;;1667.393;2024-04-22T23:00:00+02:00
1156;Generación medida Ciclo combinado;;;1304.787;2024-04-23T00:00:00+02:00
1156;Generación medida Ciclo combinado;;;1274.728;2024-04-23T01:00:00+02:00
1156;Generación medida Ciclo combinado;;;1326.701;2024-04-23T02:00:00+02:00
1156;Generación medida Ciclo combinado;;;1410.392;2024-04-23T03:00:00+02:00
1156;Generación medida Ciclo combinado;;;1390.057;2024-04-23T04:00:00+02:00
1156;Generación medida Ciclo combinado;;;1544.456;2024-04-23T05:00:00+02:00
1156;Generación medida Ciclo combinado;;;2016.047;2024-04-23T06:00:00+02:00
1156;Generación medida Ciclo combinado;;;2230.82;2024-04-23T07:00:00+02:00
1156;Generación medida Ciclo combinado;;;2215.716;2024-04-23T08:00:00+02:00
1156;Generación medida Ciclo combinado;;;1387.069;2024-04-23T09:00:00+02:00
1156;Generación medida Ciclo combinado;;;838.599;2024-04-23T10:00:00+02:00
1156;Generación medida Ciclo combinado;;;735.442;2024-04-23T11:00:00+02:00
1156;Generación medida Ciclo combinado;;;654.454;2024-04-23T12:00:00+02:00
1156;Generación medida Ciclo combinado;;;741.245;2024-04-23T13:00:00+02:00
1156;Generación medida Ciclo combinado;;;745.607;2024-04-23T14:00:00+02:00
1156;Generación medida Ciclo combinado;;;748.37;2024-04-23T15:00:00+02:00
1156;Generación medida Ciclo combinado;;;801.383;2024-04-23T16:00:00+02:00
1156;Generación medida Ciclo combinado;;;853.586;2024-04-23T17:00:00+02:00
1156;Generación medida Ciclo combinado;;;1287.024;2024-04-23T18:00:00+02:00
1156;Generación medida Ciclo combinado;;;2507.374;2024-04-23T19:00:00+02:00
1156;Generación medida Ciclo combinado;;;3383.122;2024-04-23T20:00:00+02:00
1156;Generación medida Ciclo combinado;;;3402.585;2024-04-23T21:00:00+02:00
1156;Generación medida Ciclo combinado;;;2705.485;2024-04-23T22:00:00+02:00
1156;Generación medida Ciclo combinado;;;2073.396;2024-04-23T23:00:00+02:00
1156;Generación medida Ciclo combinado;;;1389.902;2024-04-24T00:00:00+02:00
1156;Generación medida Ciclo combinado;;;1332.435;2024-04-24T01:00:00+02:00
1156;Generación medida Ciclo combinado;;;1450.981;2024-04-24T02:00:00+02:00
1156;Generación medida Ciclo combinado;;;1373.442;2024-04-24T03:00:00+02:00
1156;Generación medida Ciclo combinado;;;1452.399;2024-04-24T04:00:00+02:00
1156;Generación medida Ciclo combinado;;;1640.193;2024-04-24T05:00:00+02:00
1156;Generación medida Ciclo combinado;;;2235.328;2024-04-24T06:00:00+02:00
1156;Generación medida Ciclo combinado;;;2730.868;2024-04-24T07:00:00+02:00
1156;Generación medida Ciclo combinado;;;2521.177;2024-04-24T08:00:00+02:00
1156;Generación medida Ciclo combinado;;;1616.614;2024-04-24T09:00:00+02:00
1156;Generación medida Ciclo combinado;;;815.413;2024-04-24T10:00:00+02:00
1156;Generación medida Ciclo combinado;;;673.648;2024-04-24T11:00:00+02:00
1156;Generación medida Ciclo combinado;;;721.74;2024-04-24T12:00:00+02:00
1156;Generación medida Ciclo combinado;;;727.933;2024-04-24T13:00:00+02:00
1156;Generación medida Ciclo combinado;;;781.464;2024-04-24T14:00:00+02:00
1156;Generación medida Ciclo combinado;;;788.292;2024-04-24T15:00:00+02:00
1156;Generación medida Ciclo combinado;;;937.77;2024-04-24T16:00:00+02:00
1156;Generación medida Ciclo combinado;;;1012.305;2024-04-24T17:00:00+02:00
1156;Generación medida Ciclo combinado;;;1785.276;2024-04-24T18:00:00+02:00
1156;Generación medida Ciclo combinado;;;3458.386;2024-04-24T19:00:00+02:00
1156;Generación medida Ciclo combinado;;;4799.611;2024-04-24T20:00:00+02:00
1156;Generación medida Ciclo combinado;;;5705.873;2024-04-24T21:00:00+02:00
1156;Generación medida Ciclo combinado;;;4417.998;2024-04-24T22:00:00+02:00
1156;Generación medida Ciclo combinado;;;3465.262;2024-04-24T23:00:00+02:00
1156;Generación medida Ciclo combinado;;;2741.771;2024-04-25T00:00:00+02:00
1156;Generación medida Ciclo combinado;;;2085.865;2024-04-25T01:00:00+02:00
1156;Generación medida Ciclo combinado;;;1830.814;2024-04-25T02:00:00+02:00
1156;Generación medida Ciclo combinado;;;1749.36;2024-04-25T03:00:00+02:00
1156;Generación medida Ciclo combinado;;;1916.792;2024-04-25T04:00:00+02:00
1156;Generación medida Ciclo combinado;;;2808.268;2024-04-25T05:00:00+02:00
1156;Generación medida Ciclo combinado;;;3602.031;2024-04-25T06:00:00+02:00
1156;Generación medida Ciclo combinado;;;4746.135;2024-04-25T07:00:00+02:00
1156;Generación medida Ciclo combinado;;;4485.5;2024-04-25T08:00:00+02:00
1156;Generación medida Ciclo combinado;;;3082.461;2024-04-25T09:00:00+02:00
1156;Generación medida Ciclo combinado;;;2017.07;2024-04-25T10:00:00+02:00
1156;Generación medida Ciclo combinado;;;1143.384;2024-04-25T11:00:00+02:00
1156;Generación medida Ciclo combinado;;;960.201;2024-04-25T12:00:00+02:00
1156;Generación medida Ciclo combinado;;;961.828;2024-04-25T13:00:00+02:00
1156;Generación medida Ciclo combinado;;;1003.196;2024-04-25T14:00:00+02:00
1156;Generación medida Ciclo combinado;;;1084.074;2024-04-25T15:00:00+02:00
1156;Generación medida Ciclo combinado;;;1273.119;2024-04-25T16:00:00+02:00
1156;Generación medida Ciclo combinado;;;1189.28;2024-04-25T17:00:00+02:00
1156;Generación medida Ciclo combinado;;;2282.2;2024-04-25T18:00:00+02:00
1156;Generación medida Ciclo combinado;;;3375.005;2024-04-25T19:00:00+02:00
1156;Generación medida Ciclo combinado;;;4734.466;2024-04-25T20:00:00+02:00
1156;Generación medida Ciclo combinado;;;5207.16;2024-04-25T21:00:00+02:00
1156;Generación medida Ciclo combinado;;;3947.724;2024-04-25T22:00:00+02:00
1156;Generación medida Ciclo combinado;;;3955.439;2024-04-25T23:00:00+02:00
1156;Generación medida Ciclo combinado;;;3519.309;2024-04-26T00:00:00+02:00
1156;Generación medida Ciclo combinado;;;3110.275;2024-04-26T01:00:00+02:00
1156;Generación medida Ciclo combinado;;;2634.297;2024-04-26T02:00:00+02:00
1156;Generación medida Ciclo combinado;;;2787.457;2024-04-26T03:00:00+02:00
1156;Generación medida Ciclo combinado;;;2794.906;2024-04-26T04:00:00+02:00
1156;Generación medida Ciclo combinado;;;3054.242;2024-04-26T05:00:00+02:00
1156;Generación medida Ciclo combinado;;;4380.202;2024-04-26T06:00:00+02:00
1156;Generación medida Ciclo combinado;;;4855.391;2024-04-26T07:00:00+02:00
1156;Generación medida Ciclo combinado;;;4383.592;2024-04-26T08:00:00+02:00
1156;Generación medida Ciclo combinado;;;4000.753;2024-04-26T09:00:00+02:00
1156;Generación medida Ciclo combinado;;;2777.412;2024-04-26T10:00:00+02:00
1156;Generación medida Ciclo combinado;;;2571.304;2024-04-26T11:00:00+02:00
1156;Generación medida Ciclo combinado;;;1474.028;2024-04-26T12:00:00+02:00
1156;Generación medida Ciclo combinado;;;1290.916;2024-04-26T13:00:00+02:00
1156;Generación medida Ciclo combinado;;;1277.634;2024-04-26T14:00:00+02:00
1156;Generación medida Ciclo combinado;;;1361.395;2024-04-26T15:00:00+02:00
1156;Generación medida Ciclo combinado;;;1353.398;2024-04-26T16:00:00+02:00
1156;Generación medida Ciclo combinado;;;1591.64;2024-04-26T17:00:00+02:00
1156;Generación medida Ciclo combinado;;;2425.762;2024-04-26T18:00:00+02:00
1156;Generación medida Ciclo combinado;;;3381.453;2024-04-26T19:00:00+02:00
1156;Generación medida Ciclo combinado;;;4479.08;2024-04-26T20:00:00+02:00
1156;Generación medida Ciclo combinado;;;5308.632;2024-04-26T21:00:00+02:00
1156;Generación medida Ciclo combinado;;;4738.599;2024-04-26T22:00:00+02:00
1156;Generación medida Ciclo combinado;;;3410.64;2024-04-26T23:00:00+02:00
1156;Generación medida Ciclo combinado;;;2027.678;2024-04-27T00:00:00+02:00
1156;Generación medida Ciclo combinado;;;1670.619;2024-04-27T01:00:00+02:00
1156;Generación medida Ciclo combinado;;;1845.857;2024-04-27T02:00:00+02:00
1156;Generación medida Ciclo combinado;;;1586.493;2024-04-27T03:00:00+02:00
1156;Generación medida Ciclo combinado;;;1901.763;2024-04-27T04:00:00+02:00
1156;Generación medida Ciclo combinado;;;1989.032;2024-04-27T05:00:00+02:00
1156;Generación medida Ciclo combinado;;;1721.901;2024-04-27T06:00:00+02:00
1156;Generación medida Ciclo combinado;;;1541.21;2024-04-27T07:00:00+02:00
1156;Generación medida Ciclo combinado;;;1845.45;2024-04-27T08:00:00+02:00
1156;Generación medida Ciclo combinado;;;1737.521;2024-04-27T09:00:00+02:00
1156;Generación medida Ciclo combinado;;;1462.546;2024-04-27T10:00:00+02:00
1156;Generación medida Ciclo combinado;;;1173.544;2024-04-27T11:00:00+02:00
1156;Generación medida Ciclo combinado;;;1086.239;2024-04-27T12:00:00+02:00
1156;Generación medida Ciclo combinado;;;1009.738;2024-04-27T13:00:00+02:00
1156;Generación medida Ciclo combinado;;;1048.901;2024-04-27T14:00:00+02:00
1156;Generación medida Ciclo combinado;;;1136.938;2024-04-27T15:00:00+02:00
1156;Generación medida Ciclo combinado;;;1171.896;2024-04-27T16:00:00+02:00
1156;Generación medida Ciclo combinado;;;1144.159;2024-04-27T17:00:00+02:00
1156;Generación medida Ciclo combinado;;;1328.36;2024-04-27T18:00:00+02:00
1156;Generación medida Ciclo combinado;;;1709.682;2024-04-27T19:00:00+02:00
1156;Generación medida Ciclo combinado;;;2647.843;2024-04-27T20:00:00+02:00
1156;Generación medida Ciclo combinado;;;3212.168;2024-04-27T21:00:00+02:00
1156;Generación medida Ciclo combinado;;;2947.87;2024-04-27T22:00:00+02:00
1156;Generación medida Ciclo combinado;;;3062.679;2024-04-27T23:00:00+02:00
1156;Generación medida Ciclo combinado;;;2678.296;2024-04-28T00:00:00+02:00
1156;Generación medida Ciclo combinado;;;2473.332;2024-04-28T01:00:00+02:00
1156;Generación medida Ciclo combinado;;;2631.677;2024-04-28T02:00:00+02:00
1156;Generación medida Ciclo combinado;;;2961.03;2024-04-28T03:00:00+02:00
1156;Generación medida Ciclo combinado;;;2728.992;2024-04-28T04:00:00+02:00
1156;Generación medida Ciclo combinado;;;2649.676;2024-04-28T05:00:00+02:00
1156;Generación medida Ciclo combinado;;;2588.803;2024-04-28T06:00:00+02:00
1156;Generación medida Ciclo combinado;;;2663.175;2024-04-28T07:00:00+02:00
1156;Generación medida Ciclo combinado;;;2802.166;2024-04-28T08:00:00+02:00
1156;Generación medida Ciclo combinado;;;2130.712;2024-04-28T09:00:00+02:00
1156;Generación medida Ciclo combinado;;;1868.906;2024-04-28T10:00:00+02:00
1156;Generación medida Ciclo combinado;;;2119.396;2024-04-28T11:00:00+02:00
1156;Generación medida Ciclo combinado;;;2281.526;2024-04-28T12:00:00+02:00
1156;Generación medida Ciclo combinado;;;2008.664;2024-04-28T13:00:00+02:00
1156;Generación medida Ciclo combinado;;;1945.89;2024-04-28T14:00:00+02:00
1156;Generación medida Ciclo combinado;;;1954.509;2024-04-28T15:00:00+02:00
1156;Generación medida Ciclo combinado;;;1936.197;2024-04-28T16:00:00+02:00
1156;Generación medida Ciclo combinado;;;2134.777;2024-04-28T17:00:00+02:00
1156;Generación medida Ciclo combinado;;;2052.194;2024-04-28T18:00:00+02:00
1156;Generación medida Ciclo combinado;;;2751.662;2024-04-28T19:00:00+02:00
1156;Generación medida Ciclo combinado;;;4081.569;2024-04-28T20:00:00+02:00
1156;Generación medida Ciclo combinado;;;4203.72;2024-04-28T21:00:00+02:00
1156;Generación medida Ciclo combinado;;;3891.094;2024-04-28T22:00:00+02:00
1156;Generación medida Ciclo combinado;;;3115.779;2024-04-28T23:00:00+02:00
1156;Generación medida Ciclo combinado;;;2924.227;2024-04-29T00:00:00+02:00
1156;Generación medida Ciclo combinado;;;2970.536;2024-04-29T01:00:00+02:00
1156;Generación medida Ciclo combinado;;;2927.752;2024-04-29T02:00:00+02:00
1156;Generación medida Ciclo combinado;;;2822.555;2024-04-29T03:00:00+02:00
1156;Generación medida Ciclo combinado;;;2723.491;2024-04-29T04:00:00+02:00
1156;Generación medida Ciclo combinado;;;3212.254;2024-04-29T05:00:00+02:00
1156;Generación medida Ciclo combinado;;;4335.084;2024-04-29T06:00:00+02:00
1156;Generación medida Ciclo combinado;;;5348.061;2024-04-29T07:00:00+02:00
1156;Generación medida Ciclo combinado;;;5793.49;2024-04-29T08:00:00+02:00
1156;Generación medida Ciclo combinado;;;4951.681;2024-04-29T09:00:00+02:00
1156;Generación medida Ciclo combinado;;;3792.673;2024-04-29T10:00:00+02:00
1156;Generación medida Ciclo combinado;;;3691.903;2024-04-29T11:00:00+02:00
1156;Generación medida Ciclo combinado;;;2694.085;2024-04-29T12:00:00+02:00
1156;Generación medida Ciclo combinado;;;2690.761;2024-04-29T13:00:00+02:00
1156;Generación medida Ciclo combinado;;;2827.975;2024-04-29T14:00:00+02:00
1156;Generación medida Ciclo combinado;;;2767.864;2024-04-29T15:00:00+02:00
1156;Generación medida Ciclo combinado;;;2700.899;2024-04-29T16:00:00+02:00
1156;Generación medida Ciclo combinado;;;2839.206;2024-04-29T17:00:00+02:00
1156;Generación medida Ciclo combinado;;;4024.857;2024-04-29T18:00:00+02:00
1156;Generación medida Ciclo combinado;;;4975.307;2024-04-29T19:00:00+02:00
1156;Generación medida Ciclo combinado;;;5571.527;2024-04-29T20:00:00+02:00
1156;Generación medida Ciclo combinado;;;5245.986;2024-04-29T21:00:00+02:00
1156;Generación medida Ciclo combinado;;;4994.833;2024-04-29T22:00:00+02:00
1156;Generación medida Ciclo combinado;;;4158.918;2024-04-29T23:00:00+02:00
1156;Generación medida Ciclo combinado;;;3156.076;2024-04-30T00:00:00+02:00
1156;Generación medida Ciclo combinado;;;2169.442;2024-04-30T01:00:00+02:00
1156;Generación medida Ciclo combinado;;;2090.878;2024-04-30T02:00:00+02:00
1156;Generación medida Ciclo combinado;;;2132.051;2024-04-30T03:00:00+02:00
1156;Generación medida Ciclo combinado;;;2326.376;2024-04-30T04:00:00+02:00
1156;Generación medida Ciclo combinado;;;2829.499;2024-04-30T05:00:00+02:00
1156;Generación medida Ciclo combinado;;;3472.073;2024-04-30T06:00:00+02:00
1156;Generación medida Ciclo combinado;;;3788.348;2024-04-30T07:00:00+02:00
1156;Generación medida Ciclo combinado;;;4438.319;2024-04-30T08:00:00+02:00
1156;Generación medida Ciclo combinado;;;3669.678;2024-04-30T09:00:00+02:00
1156;Generación medida Ciclo combinado;;;2350.805;2024-04-30T10:00:00+02:00
1156;Generación medida Ciclo combinado;;;1594.026;2024-04-30T11:00:00+02:00
1156;Generación medida Ciclo combinado;;;1483.484;2024-04-30T12:00:00+02:00
1156;Generación medida Ciclo combinado;;;1103.683;2024-04-30T13:00:00+02:00
1156;Generación medida Ciclo combinado;;;1070.581;2024-04-30T14:00:00+02:00
1156;Generación medida Ciclo combinado;;;1072.285;2024-04-30T15:00:00+02:00
1156;Generación medida Ciclo combinado;;;1227.188;2024-04-30T16:00:00+02:00
1156;Generación medida Ciclo combinado;;;1574.51;2024-04-30T17:00:00+02:00
1156;Generación medida Ciclo combinado;;;1989.491;2024-04-30T18:00:00+02:00
1156;Generación medida Ciclo combinado;;;2778.086;2024-04-30T19:00:00+02:00
1156;Generación medida Ciclo combinado;;;2844.266;2024-04-30T20:00:00+02:00
1156;Generación medida Ciclo combinado;;;2965.746;2024-04-30T21:00:00+02:00
1156;Generación medida Ciclo combinado;;;2827.587;2024-04-30T22:00:00+02:00
1156;Generación medida Ciclo combinado;;;2544.436;2024-04-30T23:00:00+02:00
1165;Generación medida Derivados del petróleo ó carbón;;;14.484;2024-04-01T00:00:00+02:00
1165;Generación medida Derivados del petróleo ó carbón;;;14.661;2024-04-01T01:00:00+02:00
1165;Generación medida Derivados del petróleo ó carbón;;;14.855;2024-04-01T02:00:00+02:00
1165;Generación medida Derivados del petróleo ó carbón;;;14.35;2024-04-01T03:00:00+02:00
1165;Generación medida Derivados del petróleo ó carbón;;;14.423;2024-04-01T04:00:00+02:00
1165;Generación medida Derivados del petróleo ó carbón;;;14.904;2024-04-01T05:00:00+02:00
1165;Generación medida Derivados del petróleo ó carbón;;;15.742;2024-04-01T06:00:00+02:00
1165;Generación medida Derivados del petróleo ó carbón;;;13.678;2024-04-01T07:00:00+02:00
1165;Generación medida Derivados del petróleo ó carbón;;;25.759;2024-04-01T08:00:00+02:00
1165;Generación medida Derivados del petróleo ó carbón;;;37.186;2024-04-01T09:00:00+02:00
1165;Generación medida Derivados del petróleo ó carbón;;;36.548;2024-04-01T10:00:00+02:00
1165;Generación medida Derivados del petróleo ó carbón;;;39.16;2024-04-01T11:00:00+02:00
1165;Generación medida Derivados del petróleo ó carbón;;;38.861;2024-04-01T12:00:00+02:00
1165;Generación medida Derivados del petróleo ó carbón;;;38.553;2024-04-01T13:00:00+02:00
1165;Generación medida Derivados del petróleo ó carbón;;;38.683;2024-04-01T14:00:00+02:00
1165;Generación medida Derivados del petróleo ó carbón;;;38.35;2024-04-01T15:00:00+02:00
1165;Generación medida Derivados del petróleo ó carbón;;;41.746;2024-04-01T16:00:00+02:00
1165;Generación medida Derivados del petróleo ó carbón;;;43.736;2024-04-01T17:00:00+02:00
1165;Generación medida Derivados del petróleo ó carbón;;;44.065;2024-04-01T18:00:00+02:00
1165;Generación medida Derivados del petróleo ó carbón;;;44.495;2024-04-01T19:00:00+02:00
1165;Generación medida Derivados del petróleo ó carbón;;;42.31;2024-04-01T20:00:00+02:00
1165;Generación medida Derivados del petróleo ó carbón;;;40.125;2024-04-01T21:00:00+02:00
1165;Generación medida Derivados del petróleo ó carbón;;;40.558;2024-04-01T22:00:00+02:00
1165;Generación medida Derivados del petróleo ó carbón;;;36.848;2024-04-01T23:00:00+02:00
1165;Generación medida Derivados del petróleo ó carbón;;;28.389;2024-04-02T00:00:00+02:00
1165;Generación medida Derivados del petróleo ó carbón;;;28.281;2024-04-02T01:00:00+02:00
1165;Generación medida Derivados del petróleo ó carbón;;;28.527;2024-04-02T02:00:00+02:00
1165;Generación medida Derivados del petróleo ó carbón;;;28.936;2024-04-02T03:00:00+02:00
1165;Generación medida Derivados del petróleo ó carbón;;;29.03;2024-04-02T04:00:00+02:00
1165;Generación medida Derivados del petróleo ó carbón;;;29.414;2024-04-02T05:00:00+02:00
1165;Generación medida Derivados del petróleo ó carbón;;;29.33;2024-04-02T06:00:00+02:00
1165;Generación medida Derivados del petróleo ó carbón;;;34.15;2024-04-02T07:00:00+02:00
1165;Generación medida Derivados del petróleo ó carbón;;;41.627;2024-04-02T08:00:00+02:00
1165;Generación medida Derivados del petróleo ó carbón;;;42.317;2024-04-02T09:00:00+02:00
1165;Generación medida Derivados del petróleo ó carbón;;;40.162;2024-04-02T10:00:00+02:00
1165;Generación medida Derivados del petróleo ó carbón;;;39.596;2024-04-02T11:00:00+02:00
1165;Generación medida Derivados del petróleo ó carbón;;;38.696;2024-04-02T12:00:00+02:00
1165;Generación medida Derivados del petróleo ó carbón;;;38.371;2024-04-02T13:00:00+02:00
1165;Generación medida Derivados del petróleo ó carbón;;;38.881;2024-04-02T14:00:00+02:00
1165;Generación medida Derivados del petróleo ó carbón;;;38.486;2024-04-02T15:00:00+02:00
1165;Generación medida Derivados del petróleo ó carbón;;;36.545;2024-04-02T16:00:00+02:00
1165;Generación medida Derivados del petróleo ó carbón;;;38.157;2024-04-02T17:00:00+02:00
1165;Generación medida Derivados del petróleo ó carbón;;;39.667;2024-04-02T18:00:00+02:00
1165;Generación medida Derivados del petróleo ó carbón;;;39.566;2024-04-02T19:00:00+02:00
1165;Generación medida Derivados del petróleo ó carbón;;;44.327;2024-04-02T20:00:00+02:00
1165;Generación medida Derivados del petróleo ó carbón;;;46.227;2024-04-02T21:00:00+02:00
1165;Generación medida Derivados del petróleo ó carbón;;;43.253;2024-04-02T22:00:00+02:00
1165;Generación medida Derivados del petróleo ó carbón;;;36.983;2024-04-02T23:00:00+02:00
1165;Generación medida Derivados del petróleo ó carbón;;;27.091;2024-04-03T00:00:00+02:00
1165;Generación medida Derivados del petróleo ó carbón;;;26.37;2024-04-03T01:00:00+02:00
1165;Generación medida Derivados del petróleo ó carbón;;;26.629;2024-04-03T02:00:00+02:00
1165;Generación medida Derivados del petróleo ó carbón;;;26.689;2024-04-03T03:00:00+02:00
1165;Generación medida Derivados del petróleo ó carbón;;;27.01;2024-04-03T04:00:00+02:00
1165;Generación medida Derivados del petróleo ó carbón;;;27.069;2024-04-03T05:00:00+02:00
1165;Generación medida Derivados del petróleo ó carbón;;;27.519;2024-04-03T06:00:00+02:00
1165;Generación medida Derivados del petróleo ó carbón;;;27.26;2024-04-03T07:00:00+02:00
1165;Generación medida Derivados del petróleo ó carbón;;;36.76;2024-04-03T08:00:00+02:00
1165;Generación medida Derivados del petróleo ó carbón;;;40.486;2024-04-03T09:00:00+02:00
1165;Generación medida Derivados del petróleo ó carbón;;;35.313;2024-04-03T10:00:00+02:00
1165;Generación medida Derivados del petróleo ó carbón;;;35.505;2024-04-03T11:00:00+02:00
1165;Generación medida Derivados del petróleo ó carbón;;;36.339;2024-04-03T12:00:00+02:00
1165;Generación medida Derivados del petróleo ó carbón;;;37.069;2024-04-03T13:00:00+02:00
1165;Generación medida Derivados del petróleo ó carbón;;;37.275;2024-04-03T14:00:00+02:00
1165;Generación medida Derivados del petróleo ó carbón;;;38.215;2024-04-03T15:00:00+02:00
1165;Generación medida Derivados del petróleo ó carbón;;;37.825;2024-04-03T16:00:00+02:00
1165;Generación medida Derivados del petróleo ó carbón;;;30.848;2024-04-03T17:00:00+02:00
1165;Generación medida Derivados del petróleo ó carbón;;;33.988;2024-04-03T18:00:00+02:00
1165;Generación medida Derivados del petróleo ó carbón;;;34.564;2024-04-03T19:00:00+02:00
1165;Generación medida Derivados del petróleo ó carbón;;;40.432;2024-04-03T20:00:00+02:00
1165;Generación medida Derivados del petróleo ó carbón;;;42.428;2024-04-03T21:00:00+02:00
1165;Generación medida Derivados del petróleo ó carbón;;;41.574;2024-04-03T22:00:00+02:00
1165;Generación medida Derivados del petróleo ó carbón;;;28.462;2024-04-03T23:00:00+02:00
1165;Generación medida Derivados del petróleo ó carbón;;;22.489;2024-04-04T00:00:00+02:00
1165;Generación medida Derivados del petróleo ó carbón;;;21.877;2024-04-04T01:00:00+02:00
1165;Generación medida Derivados del petróleo ó carbón;;;22.301;2024-04-04T02:00:00+02:00
1165;Generación medida Derivados del petróleo ó carbón;;;22.736;2024-04-04T03:00:00+02:00
1165;Generación medida Derivados del petróleo ó carbón;;;23.026;2024-04-04T04:00:00+02:00
1165;Generación medida Derivados del petróleo ó carbón;;;22.602;2024-04-04T05:00:00+02:00
1165;Generación medida Derivados del petróleo ó carbón;;;23.077;2024-04-04T06:00:00+02:00
1165;Generación medida Derivados del petróleo ó carbón;;;22.414;2024-04-04T07:00:00+02:00
1165;Generación medida Derivados del petróleo ó carbón;;;28.287;2024-04-04T08:00:00+02:00
1165;Generación medida Derivados del petróleo ó carbón;;;34.083;2024-04-04T09:00:00+02:00
1165;Generación medida Derivados del petróleo ó carbón;;;32.584;2024-04-04T10:00:00+02:00
1165;Generación medida Derivados del petróleo ó carbón;;;31.281;2024-04-04T11:00:00+02:00
1165;Generación medida Derivados del petróleo ó carbón;;;30.349;2024-04-04T12:00:00+02:00
1165;Generación medida Derivados del petróleo ó carbón;;;29.744;2024-04-04T13:00:00+02:00
1165;Generación medida Derivados del petróleo ó carbón;;;29.581;2024-04-04T14:00:00+02:00
1165;Generación medida Derivados del petróleo ó carbón;;;29.767;2024-04-04T15:00:00+02:00
1165;Generación medida Derivados del petróleo ó carbón;;;30.526;2024-04-04T16:00:00+02:00
1165;Generación medida Derivados del petróleo ó carbón;;;30.345;2024-04-04T17:00:00+02:00
1165;Generación medida Derivados del petróleo ó carbón;;;30.343;2024-04-04T18:00:00+02:00
1165;Generación medida Derivados del petróleo ó carbón;;;30.677;2024-04-04T19:00:00+02:00
1165;Generación medida Derivados del petróleo ó carbón;;;30.716;2024-04-04T20:00:00+02:00
1165;Generación medida Derivados del petróleo ó carbón;;;30.327;2024-04-04T21:00:00+02:00
1165;Generación medida Derivados del petróleo ó carbón;;;31.145;2024-04-04T22:00:00+02:00
1165;Generación medida Derivados del petróleo ó carbón;;;26.456;2024-04-04T23:00:00+02:00
1165;Generación medida Derivados del petróleo ó carbón;;;23.715;2024-04-05T00:00:00+02:00
1165;Generación medida Derivados del petróleo ó carbón;;;26.051;2024-04-05T01:00:00+02:00
1165;Generación medida Derivados del petróleo ó carbón;;;25.899;2024-04-05T02:00:00+02:00
1165;Generación medida Derivados del petróleo ó carbón;;;26.667;2024-04-05T03:00:00+02:00
1165;Generación medida Derivados del petróleo ó carbón;;;26.355;2024-04-05T04:00:00+02:00
1165;Generación medida Derivados del petróleo ó carbón;;;26.558;2024-04-05T05:00:00+02:00
1165;Generación medida Derivados del petróleo ó carbón;;;26.729;2024-04-05T06:00:00+02:00
1165;Generación medida Derivados del petróleo ó carbón;;;26.446;2024-04-05T07:00:00+02:00
1165;Generación medida Derivados del petróleo ó carbón;;;27.079;2024-04-05T08:00:00+02:00
1165;Generación medida Derivados del petróleo ó carbón;;;26.468;2024-04-05T09:00:00+02:00
1165;Generación medida Derivados del petróleo ó carbón;;;21.251;2024-04-05T10:00:00+02:00
1165;Generación medida Derivados del petróleo ó carbón;;;12.48;2024-04-05T11:00:00+02:00
1165;Generación medida Derivados del petróleo ó carbón;;;12.296;2024-04-05T12:00:00+02:00
1165;Generación medida Derivados del petróleo ó carbón;;;11.585;2024-04-05T13:00:00+02:00
1165;Generación medida Derivados del petróleo ó carbón;;;11.174;2024-04-05T14:00:00+02:00
1165;Generación medida Derivados del petróleo ó carbón;;;11.324;2024-04-05T15:00:00+02:00
1165;Generación medida Derivados del petróleo ó carbón;;;11.154;2024-04-05T16:00:00+02:00
1165;Generación medida Derivados del petróleo ó carbón;;;10.483;2024-04-05T17:00:00+02:00
1165;Generación medida Derivados del petróleo ó carbón;;;14.332;2024-04-05T18:00:00+02:00
1165;Generación medida Derivados del petróleo ó carbón;;;23.111;2024-04-05T19:00:00+02:00
1165;Generación medida Derivados del petróleo ó carbón;;;24.215;2024-04-05T20:00:00+02:00
1165;Generación medida Derivados del petróleo ó carbón;;;19.112;2024-04-05T21:00:00+02:00
1165;Generación medida Derivados del petróleo ó carbón;;;18.797;2024-04-05T22:00:00+02:00
1165;Generación medida Derivados del petróleo ó carbón;;;19.053;2024-04-05T23:00:00+02:00
1165;Generación medida Derivados del petróleo ó carbón;;;15.545;2024-04-06T00:00:00+02:00
1165;Generación medida Derivados del petróleo ó carbón;;;6.839;2024-04-06T01:00:00+02:00
1165;Generación medida Derivados del petróleo ó carbón;;;6.902;2024-04-06T02:00:00+02:00
1165;Generación medida Derivados del petróleo ó carbón;;;6.938;2024-04-06T03:00:00+02:00
1165;Generación medida Derivados del petróleo ó carbón;;;12.395;2024-04-06T04:00:00+02:00
1165;Generación medida Derivados del petróleo ó carbón;;;15.424;2024-04-06T05:00:00+02:00
1165;Generación medida Derivados del petróleo ó carbón;;;15.602;2024-04-06T06:00:00+02:00
1165;Generación medida Derivados del petróleo ó carbón;;;15.87;2024-04-06T07:00:00+02:00
1165;Generación medida Derivados del petróleo ó carbón;;;15.832;2024-04-06T08:00:00+02:00
1165;Generación medida Derivados del petróleo ó carbón;;;15.776;2024-04-06T09:00:00+02:00
1165;Generación medida Derivados del petróleo ó carbón;;;15.433;2024-04-06T10:00:00+02:00
1165;Generación medida Derivados del petróleo ó carbón;;;15.663;2024-04-06T11:00:00+02:00
1165;Generación medida Derivados del petróleo ó carbón;;;15.387;2024-04-06T12:00:00+02:00
1165;Generación medida Derivados del petróleo ó carbón;;;15.301;2024-04-06T13:00:00+02:00
1165;Generación medida Derivados del petróleo ó carbón;;;15.42;2024-04-06T14:00:00+02:00
1165;Generación medida Derivados del petróleo ó carbón;;;15.293;2024-04-06T15:00:00+02:00
1165;Generación medida Derivados del petróleo ó carbón;;;15.475;2024-04-06T16:00:00+02:00
1165;Generación medida Derivados del petróleo ó carbón;;;15.441;2024-04-06T17:00:00+02:00
1165;Generación medida Derivados del petróleo ó carbón;;;15.666;2024-04-06T18:00:00+02:00
1165;Generación medida Derivados del petróleo ó carbón;;;16.19;2024-04-06T19:00:00+02:00
1165;Generación medida Derivados del petróleo ó carbón;;;8.869;2024-04-06T20:00:00+02:00
1165;Generación medida Derivados del petróleo ó carbón;;;7.906;2024-04-06T21:00:00+02:00
1165;Generación medida Derivados del petróleo ó carbón;;;7.602;2024-04-06T22:00:00+02:00
1165;Generación medida Derivados del petróleo ó carbón;;;7.773;2024-04-06T23:00:00+02:00
1165;Generación medida Derivados del petróleo ó carbón;;;6.903;2024-04-07T00:00:00+02:00
1165;Generación medida Derivados del petróleo ó carbón;;;10.195;2024-04-07T01:00:00+02:00
1165;Generación medida Derivados del petróleo ó carbón;;;15.706;2024-04-07T02:00:00+02:00
1165;Generación medida Derivados del petróleo ó carbón;;;16.245;2024-04-07T03:00:00+02:00
1165;Generación medida Derivados del petróleo ó carbón;;;15.724;2024-04-07T04:00:00+02:00
1165;Generación medida Derivados del petróleo ó carbón;;;15.589;2024-04-07T05:00:00+02:00
1165;Generación medida Derivados del petróleo ó carbón;;;16.057;2024-04-07T06:00:00+02:00
1165;Generación medida Derivados del petróleo ó carbón;;;15.157;2024-04-07T07:00:00+02:00
1165;Generación medida Derivados del petróleo ó carbón;;;15.911;2024-04-07T08:00:00+02:00
1165;Generación medida Derivados del petróleo ó carbón;;;15.619;2024-04-07T09:00:00+02:00
1165;Generación medida Derivados del petróleo ó carbón;;;15.791;2024-04-07T10:00:00+02:00
1165;Generación medida Derivados del petróleo ó carbón;;;15.466;2024-04-07T11:00:00+02:00
1165;Generación medida Derivados del petróleo ó carbón;;;15.367;2024-04-07T12:00:00+02:00
1165;Generación medida Derivados del petróleo ó carbón;;;15.297;2024-04-07T13:00:00+02:00
1165;Generación medida Derivados del petróleo ó carbón;;;13.103;2024-04-07T14:00:00+02:00
1165;Generación medida Derivados del petróleo ó carbón;;;10.181;2024-04-07T15:00:00+02:00
1165;Generación medida Derivados del petróleo ó carbón;;;7.636;2024-04-07T16:00:00+02:00
1165;Generación medida Derivados del petróleo ó carbón;;;6.44;2024-04-07T17:00:00+02:00
1165;Generación medida Derivados del petróleo ó carbón;;;6.881;2024-04-07T18:00:00+02:00
1165;Generación medida Derivados del petróleo ó carbón;;;7.201;2024-04-07T19:00:00+02:00
1165;Generación medida Derivados del petróleo ó carbón;;;7.149;2024-04-07T20:00:00+02:00
1165;Generación medida Derivados del petróleo ó carbón;;;7.223;2024-04-07T21:00:00+02:00
1165;Generación medida Derivados del petróleo ó carbón;;;7.241;2024-04-07T22:00:00+02:00
1165;Generación medida Derivados del petróleo ó carbón;;;7.143;2024-04-07T23:00:00+02:00
1165;Generación medida Derivados del petróleo ó carbón;;;6.957;2024-04-08T00:00:00+02:00
1165;Generación medida Derivados del petróleo ó carbón;;;7.335;2024-04-08T01:00:00+02:00
1165;Generación medida Derivados del petróleo ó carbón;;;7.314;2024-04-08T02:00:00+02:00
1165;Generación medida Derivados del petróleo ó carbón;;;7.175;2024-04-08T03:00:00+02:00
1165;Generación medida Derivados del petróleo ó carbón;;;7.32;2024-04-08T04:00:00+02:00
1165;Generación medida Derivados del petróleo ó carbón;;;7.333;2024-04-08T05:00:00+02:00
1165;Generación medida Derivados del petróleo ó carbón;;;10.633;2024-04-08T06:00:00+02:00
1165;Generación medida Derivados del petróleo ó carbón;;;10.529;2024-04-08T07:00:00+02:00
1165;Generación medida Derivados del petróleo ó carbón;;;16.535;2024-04-08T08:00:00+02:00
1165;Generación medida Derivados del petróleo ó carbón;;;21.928;2024-04-08T09:00:00+02:00
1165;Generación medida Derivados del petróleo ó carbón;;;18.242;2024-04-08T10:00:00+02:00
1165;Generación medida Derivados del petróleo ó carbón;;;11.917;2024-04-08T11:00:00+02:00
1165;Generación medida Derivados del petróleo ó carbón;;;14.865;2024-04-08T12:00:00+02:00
1165;Generación medida Derivados del petróleo ó carbón;;;13.283;2024-04-08T13:00:00+02:00
1165;Generación medida Derivados del petróleo ó carbón;;;13.497;2024-04-08T14:00:00+02:00
1165;Generación medida Derivados del petróleo ó carbón;;;13.625;2024-04-08T15:00:00+02:00
1165;Generación medida Derivados del petróleo ó carbón;;;13.376;2024-04-08T16:00:00+02:00
1165;Generación medida Derivados del petróleo ó carbón;;;13.567;2024-04-08T17:00:00+02:00
1165;Generación medida Derivados del petróleo ó carbón;;;14.168;2024-04-08T18:00:00+02:00
1165;Generación medida Derivados del petróleo ó carbón;;;18.892;2024-04-08T19:00:00+02:00
1165;Generación medida Derivados del petróleo ó carbón;;;26.083;2024-04-08T20:00:00+02:00
1165;Generación medida Derivados del petróleo ó carbón;;;31.418;2024-04-08T21:00:00+02:00
1165;Generación medida Derivados del petróleo ó carbón;;;31.295;2024-04-08T22:00:00+02:00
1165;Generación medida Derivados del petróleo ó carbón;;;26.392;2024-04-08T23:00:00+02:00
1165;Generación medida Derivados del petróleo ó carbón;;;19.137;2024-04-09T00:00:00+02:00
1165;Generación medida Derivados del petróleo ó carbón;;;19.154;2024-04-09T01:00:00+02:00
1165;Generación medida Derivados del petróleo ó carbón;;;19.191;2024-04-09T02:00:00+02:00
1165;Generación medida Derivados del petróleo ó carbón;;;19.233;2024-04-09T03:00:00+02:00
1165;Generación medida Derivados del petróleo ó carbón;;;18.796;2024-04-09T04:00:00+02:00
1165;Generación medida Derivados del petróleo ó carbón;;;19.15;2024-04-09T05:00:00+02:00
1165;Generación medida Derivados del petróleo ó carbón;;;19.143;2024-04-09T06:00:00+02:00
1165;Generación medida Derivados del petróleo ó carbón;;;18.912;2024-04-09T07:00:00+02:00
1165;Generación medida Derivados del petróleo ó carbón;;;24.453;2024-04-09T08:00:00+02:00
1165;Generación medida Derivados del petróleo ó carbón;;;29.32;2024-04-09T09:00:00+02:00
1165;Generación medida Derivados del petróleo ó carbón;;;22.18;2024-04-09T10:00:00+02:00
1165;Generación medida Derivados del petróleo ó carbón;;;18.227;2024-04-09T11:00:00+02:00
1165;Generación medida Derivados del petróleo ó carbón;;;18.373;2024-04-09T12:00:00+02:00
1165;Generación medida Derivados del petróleo ó carbón;;;18.33;2024-04-09T13:00:00+02:00
1165;Generación medida Derivados del petróleo ó carbón;;;18.483;2024-04-09T14:00:00+02:00
1165;Generación medida Derivados del petróleo ó carbón;;;18.372;2024-04-09T15:00:00+02:00
1165;Generación medida Derivados del petróleo ó carbón;;;18.414;2024-04-09T16:00:00+02:00
1165;Generación medida Derivados del petróleo ó carbón;;;18.473;2024-04-09T17:00:00+02:00
1165;Generación medida Derivados del petróleo ó carbón;;;19.568;2024-04-09T18:00:00+02:00
1165;Generación medida Derivados del petróleo ó carbón;;;26.016;2024-04-09T19:00:00+02:00
1165;Generación medida Derivados del petróleo ó carbón;;;30.598;2024-04-09T20:00:00+02:00
1165;Generación medida Derivados del petróleo ó carbón;;;30.523;2024-04-09T21:00:00+02:00
1165;Generación medida Derivados del petróleo ó carbón;;;30.656;2024-04-09T22:00:00+02:00
1165;Generación medida Derivados del petróleo ó carbón;;;30.424;2024-04-09T23:00:00+02:00
1165;Generación medida Derivados del petróleo ó carbón;;;26.447;2024-04-10T00:00:00+02:00
1165;Generación medida Derivados del petróleo ó carbón;;;18.69;2024-04-10T01:00:00+02:00
1165;Generación medida Derivados del petróleo ó carbón;;;18.859;2024-04-10T02:00:00+02:00
1165;Generación medida Derivados del petróleo ó carbón;;;18.446;2024-04-10T03:00:00+02:00
1165;Generación medida Derivados del petróleo ó carbón;;;18.533;2024-04-10T04:00:00+02:00
1165;Generación medida Derivados del petróleo ó carbón;;;18.508;2024-04-10T05:00:00+02:00
1165;Generación medida Derivados del petróleo ó carbón;;;18.429;2024-04-10T06:00:00+02:00
1165;Generación medida Derivados del petróleo ó carbón;;;18.549;2024-04-10T07:00:00+02:00
1165;Generación medida Derivados del petróleo ó carbón;;;18.803;2024-04-10T08:00:00+02:00
1165;Generación medida Derivados del petróleo ó carbón;;;18.37;2024-04-10T09:00:00+02:00
1165;Generación medida Derivados del petróleo ó carbón;;;18.432;2024-04-10T10:00:00+02:00
1165;Generación medida Derivados del petróleo ó carbón;;;19.252;2024-04-10T11:00:00+02:00
1165;Generación medida Derivados del petróleo ó carbón;;;21.107;2024-04-10T12:00:00+02:00
1165;Generación medida Derivados del petróleo ó carbón;;;18.846;2024-04-10T13:00:00+02:00
1165;Generación medida Derivados del petróleo ó carbón;;;18.093;2024-04-10T14:00:00+02:00
1165;Generación medida Derivados del petróleo ó carbón;;;19.583;2024-04-10T15:00:00+02:00
1165;Generación medida Derivados del petróleo ó carbón;;;19.343;2024-04-10T16:00:00+02:00
1165;Generación medida Derivados del petróleo ó carbón;;;19.043;2024-04-10T17:00:00+02:00
1165;Generación medida Derivados del petróleo ó carbón;;;18.573;2024-04-10T18:00:00+02:00
1165;Generación medida Derivados del petróleo ó carbón;;;24.376;2024-04-10T19:00:00+02:00
1165;Generación medida Derivados del petróleo ó carbón;;;30.102;2024-04-10T20:00:00+02:00
1165;Generación medida Derivados del petróleo ó carbón;;;31.079;2024-04-10T21:00:00+02:00
1165;Generación medida Derivados del petróleo ó carbón;;;30.503;2024-04-10T22:00:00+02:00
1165;Generación medida Derivados del petróleo ó carbón;;;26.698;2024-04-10T23:00:00+02:00
1165;Generación medida Derivados del petróleo ó carbón;;;18.596;2024-04-11T00:00:00+02:00
1165;Generación medida Derivados del petróleo ó carbón;;;18.143;2024-04-11T01:00:00+02:00
1165;Generación medida Derivados del petróleo ó carbón;;;17.787;2024-04-11T02:00:00+02:00
1165;Generación medida Derivados del petróleo ó carbón;;;18.075;2024-04-11T03:00:00+02:00
1165;Generación medida Derivados del petróleo ó carbón;;;18.557;2024-04-11T04:00:00+02:00
1165;Generación medida Derivados del petróleo ó carbón;;;18.571;2024-04-11T05:00:00+02:00
1165;Generación medida Derivados del petróleo ó carbón;;;19.41;2024-04-11T06:00:00+02:00
1165;Generación medida Derivados del petróleo ó carbón;;;18.383;2024-04-11T07:00:00+02:00
1165;Generación medida Derivados del petróleo ó carbón;;;17.814;2024-04-11T08:00:00+02:00
1165;Generación medida Derivados del petróleo ó carbón;;;19.286;2024-04-11T09:00:00+02:00
1165;Generación medida Derivados del petróleo ó carbón;;;21.19;2024-04-11T10:00:00+02:00
1165;Generación medida Derivados del petróleo ó carbón;;;23.563;2024-04-11T11:00:00+02:00
1165;Generación medida Derivados del petróleo ó carbón;;;25.121;2024-04-11T12:00:00+02:00
1165;Generación medida Derivados del petróleo ó carbón;;;21.794;2024-04-11T13:00:00+02:00
1165;Generación medida Derivados del petróleo ó carbón;;;18.094;2024-04-11T14:00:00+02:00
1165;Generación medida Derivados del petróleo ó carbón;;;17.819;2024-04-11T15:00:00+02:00
1165;Generación medida Derivados del petróleo ó carbón;;;17.76;2024-04-11T16:00:00+02:00
1165;Generación medida Derivados del petróleo ó carbón;;;18.194;2024-04-11T17:00:00+02:00
1165;Generación medida Derivados del petróleo ó carbón;;;23.991;2024-04-11T18:00:00+02:00
1165;Generación medida Derivados del petróleo ó carbón;;;31.648;2024-04-11T19:00:00+02:00
1165;Generación medida Derivados del petróleo ó carbón;;;48.648;2024-04-11T20:00:00+02:00
1165;Generación medida Derivados del petróleo ó carbón;;;52.049;2024-04-11T21:00:00+02:00
1165;Generación medida Derivados del petróleo ó carbón;;;52.177;2024-04-11T22:00:00+02:00
1165;Generación medida Derivados del petróleo ó carbón;;;47.982;2024-04-11T23:00:00+02:00
1165;Generación medida Derivados del petróleo ó carbón;;;30.236;2024-04-12T00:00:00+02:00
1165;Generación medida Derivados del petróleo ó carbón;;;29.673;2024-04-12T01:00:00+02:00
1165;Generación medida Derivados del petróleo ó carbón;;;29.749;2024-04-12T02:00:00+02:00
1165;Generación medida Derivados del petróleo ó carbón;;;29.562;2024-04-12T03:00:00+02:00
1165;Generación medida Derivados del petróleo ó carbón;;;30.199;2024-04-12T04:00:00+02:00
1165;Generación medida Derivados del petróleo ó carbón;;;30.629;2024-04-12T05:00:00+02:00
1165;Generación medida Derivados del petróleo ó carbón;;;39.091;2024-04-12T06:00:00+02:00
1165;Generación medida Derivados del petróleo ó carbón;;;41.593;2024-04-12T07:00:00+02:00
1165;Generación medida Derivados del petróleo ó carbón;;;42.095;2024-04-12T08:00:00+02:00
1165;Generación medida Derivados del petróleo ó carbón;;;19.814;2024-04-12T09:00:00+02:00
1165;Generación medida Derivados del petróleo ó carbón;;;18.513;2024-04-12T10:00:00+02:00
1165;Generación medida Derivados del petróleo ó carbón;;;18.181;2024-04-12T11:00:00+02:00
1165;Generación medida Derivados del petróleo ó carbón;;;17.746;2024-04-12T12:00:00+02:00
1165;Generación medida Derivados del petróleo ó carbón;;;18.12;2024-04-12T13:00:00+02:00
1165;Generación medida Derivados del petróleo ó carbón;;;18.378;2024-04-12T14:00:00+02:00
1165;Generación medida Derivados del petróleo ó carbón;;;17.948;2024-04-12T15:00:00+02:00
1165;Generación medida Derivados del petróleo ó carbón;;;18.404;2024-04-12T16:00:00+02:00
1165;Generación medida Derivados del petróleo ó carbón;;;17.159;2024-04-12T17:00:00+02:00
1165;Generación medida Derivados del petróleo ó carbón;;;23.551;2024-04-12T18:00:00+02:00
1165;Generación medida Derivados del petróleo ó carbón;;;30.866;2024-04-12T19:00:00+02:00
1165;Generación medida Derivados del petróleo ó carbón;;;39.481;2024-04-12T20:00:00+02:00
1165;Generación medida Derivados del petróleo ó carbón;;;47.134;2024-04-12T21:00:00+02:00
1165;Generación medida Derivados del petróleo ó carbón;;;38.64;2024-04-12T22:00:00+02:00
1165;Generación medida Derivados del petróleo ó carbón;;;25.941;2024-04-12T23:00:00+02:00
1165;Generación medida Derivados del petróleo ó carbón;;;15.366;2024-04-13T00:00:00+02:00
1165;Generación medida Derivados del petróleo ó carbón;;;15.508;2024-04-13T01:00:00+02:00
1165;Generación medida Derivados del petróleo ó carbón;;;15.401;2024-04-13T02:00:00+02:00
1165;Generación medida Derivados del petróleo ó carbón;;;15.197;2024-04-13T03:00:00+02:00
1165;Generación medida Derivados del petróleo ó carbón;;;15.741;2024-04-13T04:00:00+02:00
1165;Generación medida Derivados del petróleo ó carbón;;;15.61;2024-04-13T05:00:00+02:00
1165;Generación medida Derivados del petróleo ó carbón;;;15.51;2024-04-13T06:00:00+02:00
1165;Generación medida Derivados del petróleo ó carbón;;;15.652;2024-04-13T07:00:00+02:00
1165;Generación medida Derivados del petróleo ó carbón;;;16.036;2024-04-13T08:00:00+02:00
1165;Generación medida Derivados del petróleo ó carbón;;;14.553;2024-04-13T09:00:00+02:00
1165;Generación medida Derivados del petróleo ó carbón;;;14.854;2024-04-13T10:00:00+02:00
1165;Generación medida Derivados del petróleo ó carbón;;;14.748;2024-04-13T11:00:00+02:00
1165;Generación medida Derivados del petróleo ó carbón;;;14.704;2024-04-13T12:00:00+02:00
1165;Generación medida Derivados del petróleo ó carbón;;;14.51;2024-04-13T13:00:00+02:00
1165;Generación medida Derivados del petróleo ó carbón;;;14.988;2024-04-13T14:00:00+02:00
1165;Generación medida Derivados del petróleo ó carbón;;;14.796;2024-04-13T15:00:00+02:00
1165;Generación medida Derivados del petróleo ó carbón;;;15.031;2024-04-13T16:00:00+02:00
1165;Generación medida Derivados del petróleo ó carbón;;;15.033;2024-04-13T17:00:00+02:00
1165;Generación medida Derivados del petróleo ó carbón;;;14.801;2024-04-13T18:00:00+02:00
1165;Generación medida Derivados del petróleo ó carbón;;;15.15;2024-04-13T19:00:00+02:00
1165;Generación medida Derivados del petróleo ó carbón;;;16.354;2024-04-13T20:00:00+02:00
1165;Generación medida Derivados del petróleo ó carbón;;;16.385;2024-04-13T21:00:00+02:00
1165;Generación medida Derivados del petróleo ó carbón;;;16.404;2024-04-13T22:00:00+02:00
1165;Generación medida Derivados del petróleo ó carbón;;;16.942;2024-04-13T23:00:00+02:00
1165;Generación medida Derivados del petróleo ó carbón;;;14.719;2024-04-14T00:00:00+02:00
1165;Generación medida Derivados del petróleo ó carbón;;;14.99;2024-04-14T01:00:00+02:00
1165;Generación medida Derivados del petróleo ó carbón;;;15.316;2024-04-14T02:00:00+02:00
1165;Generación medida Derivados del petróleo ó carbón;;;15.862;2024-04-14T03:00:00+02:00
1165;Generación medida Derivados del petróleo ó carbón;;;15.583;2024-04-14T04:00:00+02:00
1165;Generación medida Derivados del petróleo ó carbón;;;15.373;2024-04-14T05:00:00+02:00
1165;Generación medida Derivados del petróleo ó carbón;;;15.152;2024-04-14T06:00:00+02:00
1165;Generación medida Derivados del petróleo ó carbón;;;15.755;2024-04-14T07:00:00+02:00
1165;Generación medida Derivados del petróleo ó carbón;;;15.128;2024-04-14T08:00:00+02:00
1165;Generación medida Derivados del petróleo ó carbón;;;15.024;2024-04-14T09:00:00+02:00
1165;Generación medida Derivados del petróleo ó carbón;;;14.722;2024-04-14T10:00:00+02:00
1165;Generación medida Derivados del petróleo ó carbón;;;14.633;2024-04-14T11:00:00+02:00
1165;Generación medida Derivados del petróleo ó carbón;;;14.649;2024-04-14T12:00:00+02:00
1165;Generación medida Derivados del petróleo ó carbón;;;14.941;2024-04-14T13:00:00+02:00
1165;Generación medida Derivados del petróleo ó carbón;;;14.947;2024-04-14T14:00:00+02:00
1165;Generación medida Derivados del petróleo ó carbón;;;14.95;2024-04-14T15:00:00+02:00
1165;Generación medida Derivados del petróleo ó carbón;;;14.501;2024-04-14T16:00:00+02:00
1165;Generación medida Derivados del petróleo ó carbón;;;14.501;2024-04-14T17:00:00+02:00
1165;Generación medida Derivados del petróleo ó carbón;;;14.956;2024-04-14T18:00:00+02:00
1165;Generación medida Derivados del petróleo ó carbón;;;17.399;2024-04-14T19:00:00+02:00
1165;Generación medida Derivados del petróleo ó carbón;;;20.31;2024-04-14T20:00:00+02:00
1165;Generación medida Derivados del petróleo ó carbón;;;20.744;2024-04-14T21:00:00+02:00
1165;Generación medida Derivados del petróleo ó carbón;;;20.8;2024-04-14T22:00:00+02:00
1165;Generación medida Derivados del petróleo ó carbón;;;20.92;2024-04-14T23:00:00+02:00
1165;Generación medida Derivados del petróleo ó carbón;;;18.985;2024-04-15T00:00:00+02:00
1165;Generación medida Derivados del petróleo ó carbón;;;18.644;2024-04-15T01:00:00+02:00
1165;Generación medida Derivados del petróleo ó carbón;;;18.916;2024-04-15T02:00:00+02:00
1165;Generación medida Derivados del petróleo ó carbón;;;18.675;2024-04-15T03:00:00+02:00
1165;Generación medida Derivados del petróleo ó carbón;;;18.707;2024-04-15T04:00:00+02:00
1165;Generación medida Derivados del petróleo ó carbón;;;19.052;2024-04-15T05:00:00+02:00
1165;Generación medida Derivados del petróleo ó carbón;;;18.632;2024-04-15T06:00:00+02:00
1165;Generación medida Derivados del petróleo ó carbón;;;18.712;2024-04-15T07:00:00+02:00
1165;Generación medida Derivados del petróleo ó carbón;;;18.729;2024-04-15T08:00:00+02:00
1165;Generación medida Derivados del petróleo ó carbón;;;18.441;2024-04-15T09:00:00+02:00
1165;Generación medida Derivados del petróleo ó carbón;;;18.465;2024-04-15T10:00:00+02:00
1165;Generación medida Derivados del petróleo ó carbón;;;18.518;2024-04-15T11:00:00+02:00
1165;Generación medida Derivados del petróleo ó carbón;;;21.906;2024-04-15T12:00:00+02:00
1165;Generación medida Derivados del petróleo ó carbón;;;26.203;2024-04-15T13:00:00+02:00
1165;Generación medida Derivados del petróleo ó carbón;;;28.374;2024-04-15T14:00:00+02:00
1165;Generación medida Derivados del petróleo ó carbón;;;31.534;2024-04-15T15:00:00+02:00
1165;Generación medida Derivados del petróleo ó carbón;;;31.912;2024-04-15T16:00:00+02:00
1165;Generación medida Derivados del petróleo ó carbón;;;32.063;2024-04-15T17:00:00+02:00
1165;Generación medida Derivados del petróleo ó carbón;;;39.833;2024-04-15T18:00:00+02:00
1165;Generación medida Derivados del petróleo ó carbón;;;43.961;2024-04-15T19:00:00+02:00
1165;Generación medida Derivados del petróleo ó carbón;;;44.389;2024-04-15T20:00:00+02:00
1165;Generación medida Derivados del petróleo ó carbón;;;44.124;2024-04-15T21:00:00+02:00
1165;Generación medida Derivados del petróleo ó carbón;;;44.362;2024-04-15T22:00:00+02:00
1165;Generación medida Derivados del petróleo ó carbón;;;37.525;2024-04-15T23:00:00+02:00
1165;Generación medida Derivados del petróleo ó carbón;;;31.011;2024-04-16T00:00:00+02:00
1165;Generación medida Derivados del petróleo ó carbón;;;26.885;2024-04-16T01:00:00+02:00
1165;Generación medida Derivados del petróleo ó carbón;;;21.778;2024-04-16T02:00:00+02:00
1165;Generación medida Derivados del petróleo ó carbón;;;24.15;2024-04-16T03:00:00+02:00
1165;Generación medida Derivados del petróleo ó carbón;;;30.667;2024-04-16T04:00:00+02:00
1165;Generación medida Derivados del petróleo ó carbón;;;30.325;2024-04-16T05:00:00+02:00
1165;Generación medida Derivados del petróleo ó carbón;;;25.476;2024-04-16T06:00:00+02:00
1165;Generación medida Derivados del petróleo ó carbón;;;22.097;2024-04-16T07:00:00+02:00
1165;Generación medida Derivados del petróleo ó carbón;;;16.406;2024-04-16T08:00:00+02:00
1165;Generación medida Derivados del petróleo ó carbón;;;16.168;2024-04-16T09:00:00+02:00
1165;Generación medida Derivados del petróleo ó carbón;;;16.243;2024-04-16T10:00:00+02:00
1165;Generación medida Derivados del petróleo ó carbón;;;16.047;2024-04-16T11:00:00+02:00
1165;Generación medida Derivados del petróleo ó carbón;;;16.16;2024-04-16T12:00:00+02:00
1165;Generación medida Derivados del petróleo ó carbón;;;19.028;2024-04-16T13:00:00+02:00
1165;Generación medida Derivados del petróleo ó carbón;;;20.535;2024-04-16T14:00:00+02:00
1165;Generación medida Derivados del petróleo ó carbón;;;20.65;2024-04-16T15:00:00+02:00
1165;Generación medida Derivados del petróleo ó carbón;;;20.234;2024-04-16T16:00:00+02:00
1165;Generación medida Derivados del petróleo ó carbón;;;20.22;2024-04-16T17:00:00+02:00
1165;Generación medida Derivados del petróleo ó carbón;;;21.279;2024-04-16T18:00:00+02:00
1165;Generación medida Derivados del petróleo ó carbón;;;36.52;2024-04-16T19:00:00+02:00
1165;Generación medida Derivados del petróleo ó carbón;;;37.678;2024-04-16T20:00:00+02:00
1165;Generación medida Derivados del petróleo ó carbón;;;37.613;2024-04-16T21:00:00+02:00
1165;Generación medida Derivados del petróleo ó carbón;;;37.632;2024-04-16T22:00:00+02:00
1165;Generación medida Derivados del petróleo ó carbón;;;31.264;2024-04-16T23:00:00+02:00
1165;Generación medida Derivados del petróleo ó carbón;;;25.782;2024-04-17T00:00:00+02:00
1165;Generación medida Derivados del petróleo ó carbón;;;25.653;2024-04-17T01:00:00+02:00
1165;Generación medida Derivados del petróleo ó carbón;;;26.028;2024-04-17T02:00:00+02:00
1165;Generación medida Derivados del petróleo ó carbón;;;25.987;2024-04-17T03:00:00+02:00
1165;Generación medida Derivados del petróleo ó carbón;;;25.841;2024-04-17T04:00:00+02:00
1165;Generación medida Derivados del petróleo ó carbón;;;25.763;2024-04-17T05:00:00+02:00
1165;Generación medida Derivados del petróleo ó carbón;;;24.987;2024-04-17T06:00:00+02:00
1165;Generación medida Derivados del petróleo ó carbón;;;26.383;2024-04-17T07:00:00+02:00
1165;Generación medida Derivados del petróleo ó carbón;;;26.302;2024-04-17T08:00:00+02:00
1165;Generación medida Derivados del petróleo ó carbón;;;24.13;2024-04-17T09:00:00+02:00
1165;Generación medida Derivados del petróleo ó carbón;;;24.075;2024-04-17T10:00:00+02:00
1165;Generación medida Derivados del petróleo ó carbón;;;24.127;2024-04-17T11:00:00+02:00
1165;Generación medida Derivados del petróleo ó carbón;;;23.932;2024-04-17T12:00:00+02:00
1165;Generación medida Derivados del petróleo ó carbón;;;23.871;2024-04-17T13:00:00+02:00
1165;Generación medida Derivados del petróleo ó carbón;;;23.816;2024-04-17T14:00:00+02:00
1165;Generación medida Derivados del petróleo ó carbón;;;18.458;2024-04-17T15:00:00+02:00
1165;Generación medida Derivados del petróleo ó carbón;;;18.449;2024-04-17T16:00:00+02:00
1165;Generación medida Derivados del petróleo ó carbón;;;18.349;2024-04-17T17:00:00+02:00
1165;Generación medida Derivados del petróleo ó carbón;;;26.542;2024-04-17T18:00:00+02:00
1165;Generación medida Derivados del petróleo ó carbón;;;34.719;2024-04-17T19:00:00+02:00
1165;Generación medida Derivados del petróleo ó carbón;;;35.383;2024-04-17T20:00:00+02:00
1165;Generación medida Derivados del petróleo ó carbón;;;35.467;2024-04-17T21:00:00+02:00
1165;Generación medida Derivados del petróleo ó carbón;;;35.161;2024-04-17T22:00:00+02:00
1165;Generación medida Derivados del petróleo ó carbón;;;30.519;2024-04-17T23:00:00+02:00
1165;Generación medida Derivados del petróleo ó carbón;;;23.442;2024-04-18T00:00:00+02:00
1165;Generación medida Derivados del petróleo ó carbón;;;23.235;2024-04-18T01:00:00+02:00
1165;Generación medida Derivados del petróleo ó carbón;;;22.443;2024-04-18T02:00:00+02:00
1165;Generación medida Derivados del petróleo ó carbón;;;23.383;2024-04-18T03:00:00+02:00
1165;Generación medida Derivados del petróleo ó carbón;;;20.504;2024-04-18T04:00:00+02:00
1165;Generación medida Derivados del petróleo ó carbón;;;21.03;2024-04-18T05:00:00+02:00
1165;Generación medida Derivados del petróleo ó carbón;;;22.786;2024-04-18T06:00:00+02:00
1165;Generación medida Derivados del petróleo ó carbón;;;22.593;2024-04-18T07:00:00+02:00
1165;Generación medida Derivados del petróleo ó carbón;;;22.137;2024-04-18T08:00:00+02:00
1165;Generación medida Derivados del petróleo ó carbón;;;26.743;2024-04-18T09:00:00+02:00
1165;Generación medida Derivados del petróleo ó carbón;;;34.389;2024-04-18T10:00:00+02:00
1165;Generación medida Derivados del petróleo ó carbón;;;35.143;2024-04-18T11:00:00+02:00
1165;Generación medida Derivados del petróleo ó carbón;;;35.317;2024-04-18T12:00:00+02:00
1165;Generación medida Derivados del petróleo ó carbón;;;34.907;2024-04-18T13:00:00+02:00
1165;Generación medida Derivados del petróleo ó carbón;;;35.069;2024-04-18T14:00:00+02:00
1165;Generación medida Derivados del petróleo ó carbón;;;38.998;2024-04-18T15:00:00+02:00
1165;Generación medida Derivados del petróleo ó carbón;;;40.652;2024-04-18T16:00:00+02:00
1165;Generación medida Derivados del petróleo ó carbón;;;40.473;2024-04-18T17:00:00+02:00
1165;Generación medida Derivados del petróleo ó carbón;;;43.482;2024-04-18T18:00:00+02:00
1165;Generación medida Derivados del petróleo ó carbón;;;52.867;2024-04-18T19:00:00+02:00
1165;Generación medida Derivados del petróleo ó carbón;;;52.463;2024-04-18T20:00:00+02:00
1165;Generación medida Derivados del petróleo ó carbón;;;52.862;2024-04-18T21:00:00+02:00
1165;Generación medida Derivados del petróleo ó carbón;;;52.51;2024-04-18T22:00:00+02:00
1165;Generación medida Derivados del petróleo ó carbón;;;48.152;2024-04-18T23:00:00+02:00
1165;Generación medida Derivados del petróleo ó carbón;;;60.41;2024-04-19T00:00:00+02:00
1165;Generación medida Derivados del petróleo ó carbón;;;65.174;2024-04-19T01:00:00+02:00
1165;Generación medida Derivados del petróleo ó carbón;;;65.372;2024-04-19T02:00:00+02:00
1165;Generación medida Derivados del petróleo ó carbón;;;66.089;2024-04-19T03:00:00+02:00
1165;Generación medida Derivados del petróleo ó carbón;;;66.159;2024-04-19T04:00:00+02:00
1165;Generación medida Derivados del petróleo ó carbón;;;65.897;2024-04-19T05:00:00+02:00
1165;Generación medida Derivados del petróleo ó carbón;;;67.284;2024-04-19T06:00:00+02:00
1165;Generación medida Derivados del petróleo ó carbón;;;73.639;2024-04-19T07:00:00+02:00
1165;Generación medida Derivados del petróleo ó carbón;;;72.569;2024-04-19T08:00:00+02:00
1165;Generación medida Derivados del petróleo ó carbón;;;44.93;2024-04-19T09:00:00+02:00
1165;Generación medida Derivados del petróleo ó carbón;;;42.876;2024-04-19T10:00:00+02:00
1165;Generación medida Derivados del petróleo ó carbón;;;42.699;2024-04-19T11:00:00+02:00
1165;Generación medida Derivados del petróleo ó carbón;;;42.683;2024-04-19T12:00:00+02:00
1165;Generación medida Derivados del petróleo ó carbón;;;41.797;2024-04-19T13:00:00+02:00
1165;Generación medida Derivados del petróleo ó carbón;;;42.738;2024-04-19T14:00:00+02:00
1165;Generación medida Derivados del petróleo ó carbón;;;42.248;2024-04-19T15:00:00+02:00
1165;Generación medida Derivados del petróleo ó carbón;;;42.715;2024-04-19T16:00:00+02:00
1165;Generación medida Derivados del petróleo ó carbón;;;42.7;2024-04-19T17:00:00+02:00
1165;Generación medida Derivados del petróleo ó carbón;;;49.141;2024-04-19T18:00:00+02:00
1165;Generación medida Derivados del petróleo ó carbón;;;49.647;2024-04-19T19:00:00+02:00
1165;Generación medida Derivados del petróleo ó carbón;;;56.705;2024-04-19T20:00:00+02:00
1165;Generación medida Derivados del petróleo ó carbón;;;63.599;2024-04-19T21:00:00+02:00
1165;Generación medida Derivados del petróleo ó carbón;;;69.118;2024-04-19T22:00:00+02:00
1165;Generación medida Derivados del petróleo ó carbón;;;69.54;2024-04-19T23:00:00+02:00
1165;Generación medida Derivados del petróleo ó carbón;;;50.593;2024-04-20T00:00:00+02:00
1165;Generación medida Derivados del petróleo ó carbón;;;34.907;2024-04-20T01:00:00+02:00
1165;Generación medida Derivados del petróleo ó carbón;;;33.92;2024-04-20T02:00:00+02:00
1165;Generación medida Derivados del petróleo ó carbón;;;34.591;2024-04-20T03:00:00+02:00
1165;Generación medida Derivados del petróleo ó carbón;;;34.547;2024-04-20T04:00:00+02:00
1165;Generación medida Derivados del petróleo ó carbón;;;34.425;2024-04-20T05:00:00+02:00
1165;Generación medida Derivados del petróleo ó carbón;;;34.686;2024-04-20T06:00:00+02:00
1165;Generación medida Derivados del petróleo ó carbón;;;34.352;2024-04-20T07:00:00+02:00
1165;Generación medida Derivados del petróleo ó carbón;;;31.232;2024-04-20T08:00:00+02:00
1165;Generación medida Derivados del petróleo ó carbón;;;29.666;2024-04-20T09:00:00+02:00
1165;Generación medida Derivados del petróleo ó carbón;;;29.489;2024-04-20T10:00:00+02:00
1165;Generación medida Derivados del petróleo ó carbón;;;29.361;2024-04-20T11:00:00+02:00
1165;Generación medida Derivados del petróleo ó carbón;;;29.79;2024-04-20T12:00:00+02:00
1165;Generación medida Derivados del petróleo ó carbón;;;29.587;2024-04-20T13:00:00+02:00
1165;Generación medida Derivados del petróleo ó carbón;;;29.213;2024-04-20T14:00:00+02:00
1165;Generación medida Derivados del petróleo ó carbón;;;29.957;2024-04-20T15:00:00+02:00
1165;Generación medida Derivados del petróleo ó carbón;;;30.011;2024-04-20T16:00:00+02:00
1165;Generación medida Derivados del petróleo ó carbón;;;30.118;2024-04-20T17:00:00+02:00
1165;Generación medida Derivados del petróleo ó carbón;;;30.211;2024-04-20T18:00:00+02:00
1165;Generación medida Derivados del petróleo ó carbón;;;29.926;2024-04-20T19:00:00+02:00
1165;Generación medida Derivados del petróleo ó carbón;;;31.415;2024-04-20T20:00:00+02:00
1165;Generación medida Derivados del petróleo ó carbón;;;31.796;2024-04-20T21:00:00+02:00
1165;Generación medida Derivados del petróleo ó carbón;;;31.894;2024-04-20T22:00:00+02:00
1165;Generación medida Derivados del petróleo ó carbón;;;31.76;2024-04-20T23:00:00+02:00
1165;Generación medida Derivados del petróleo ó carbón;;;30.371;2024-04-21T00:00:00+02:00
1165;Generación medida Derivados del petróleo ó carbón;;;29.904;2024-04-21T01:00:00+02:00
1165;Generación medida Derivados del petróleo ó carbón;;;30.007;2024-04-21T02:00:00+02:00
1165;Generación medida Derivados del petróleo ó carbón;;;30.249;2024-04-21T03:00:00+02:00
1165;Generación medida Derivados del petróleo ó carbón;;;30.254;2024-04-21T04:00:00+02:00
1165;Generación medida Derivados del petróleo ó carbón;;;29.948;2024-04-21T05:00:00+02:00
1165;Generación medida Derivados del petróleo ó carbón;;;30.089;2024-04-21T06:00:00+02:00
1165;Generación medida Derivados del petróleo ó carbón;;;30.377;2024-04-21T07:00:00+02:00
1165;Generación medida Derivados del petróleo ó carbón;;;29.785;2024-04-21T08:00:00+02:00
1165;Generación medida Derivados del petróleo ó carbón;;;29.888;2024-04-21T09:00:00+02:00
1165;Generación medida Derivados del petróleo ó carbón;;;29.522;2024-04-21T10:00:00+02:00
1165;Generación medida Derivados del petróleo ó carbón;;;29.671;2024-04-21T11:00:00+02:00
1165;Generación medida Derivados del petróleo ó carbón;;;29.362;2024-04-21T12:00:00+02:00
1165;Generación medida Derivados del petróleo ó carbón;;;29.33;2024-04-21T13:00:00+02:00
1165;Generación medida Derivados del petróleo ó carbón;;;29.381;2024-04-21T14:00:00+02:00
1165;Generación medida Derivados del petróleo ó carbón;;;29.341;2024-04-21T15:00:00+02:00
1165;Generación medida Derivados del petróleo ó carbón;;;31.629;2024-04-21T16:00:00+02:00
1165;Generación medida Derivados del petróleo ó carbón;;;33.819;2024-04-21T17:00:00+02:00
1165;Generación medida Derivados del petróleo ó carbón;;;34.162;2024-04-21T18:00:00+02:00
1165;Generación medida Derivados del petróleo ó carbón;;;36.78;2024-04-21T19:00:00+02:00
1165;Generación medida Derivados del petróleo ó carbón;;;39.307;2024-04-21T20:00:00+02:00
1165;Generación medida Derivados del petróleo ó carbón;;;37.789;2024-04-21T21:00:00+02:00
1165;Generación medida Derivados del petróleo ó carbón;;;37.845;2024-04-21T22:00:00+02:00
1165;Generación medida Derivados del petróleo ó carbón;;;38.534;2024-04-21T23:00:00+02:00
1165;Generación medida Derivados del petróleo ó carbón;;;37.989;2024-04-22T00:00:00+02:00
1165;Generación medida Derivados del petróleo ó carbón;;;37.666;2024-04-22T01:00:00+02:00
1165;Generación medida Derivados del petróleo ó carbón;;;37.724;2024-04-22T02:00:00+02:00
1165;Generación medida Derivados del petróleo ó carbón;;;37.68;2024-04-22T03:00:00+02:00
1165;Generación medida Derivados del petróleo ó carbón;;;37.897;2024-04-22T04:00:00+02:00
1165;Generación medida Derivados del petróleo ó carbón;;;37.869;2024-04-22T05:00:00+02:00
1165;Generación medida Derivados del petróleo ó carbón;;;33.445;2024-04-22T06:00:00+02:00
1165;Generación medida Derivados del petróleo ó carbón;;;33.254;2024-04-22T07:00:00+02:00
1165;Generación medida Derivados del petróleo ó carbón;;;33.546;2024-04-22T08:00:00+02:00
1165;Generación medida Derivados del petróleo ó carbón;;;33.267;2024-04-22T09:00:00+02:00
1165;Generación medida Derivados del petróleo ó carbón;;;33.12;2024-04-22T10:00:00+02:00
1165;Generación medida Derivados del petróleo ó carbón;;;33.103;2024-04-22T11:00:00+02:00
1165;Generación medida Derivados del petróleo ó carbón;;;34.211;2024-04-22T12:00:00+02:00
1165;Generación medida Derivados del petróleo ó carbón;;;37.437;2024-04-22T13:00:00+02:00
1165;Generación medida Derivados del petróleo ó carbón;;;37.394;2024-04-22T14:00:00+02:00
1165;Generación medida Derivados del petróleo ó carbón;;;36.981;2024-04-22T15:00:00+02:00
1165;Generación medida Derivados del petróleo ó carbón;;;37.349;2024-04-22T16:00:00+02:00
1165;Generación medida Derivados del petróleo ó carbón;;;37.171;2024-04-22T17:00:00+02:00
1165;Generación medida Derivados del petróleo ó carbón;;;37.6;2024-04-22T18:00:00+02:00
1165;Generación medida Derivados del petróleo ó carbón;;;44.14;2024-04-22T19:00:00+02:00
1165;Generación medida Derivados del petróleo ó carbón;;;48.639;2024-04-22T20:00:00+02:00
1165;Generación medida Derivados del petróleo ó carbón;;;48.872;2024-04-22T21:00:00+02:00
1165;Generación medida Derivados del petróleo ó carbón;;;49.78;2024-04-22T22:00:00+02:00
1165;Generación medida Derivados del petróleo ó carbón;;;54.835;2024-04-22T23:00:00+02:00
1165;Generación medida Derivados del petróleo ó carbón;;;55.548;2024-04-23T00:00:00+02:00
1165;Generación medida Derivados del petróleo ó carbón;;;55.381;2024-04-23T01:00:00+02:00
1165;Generación medida Derivados del petróleo ó carbón;;;55.72;2024-04-23T02:00:00+02:00
1165;Generación medida Derivados del petróleo ó carbón;;;55.227;2024-04-23T03:00:00+02:00
1165;Generación medida Derivados del petróleo ó carbón;;;55.415;2024-04-23T04:00:00+02:00
1165;Generación medida Derivados del petróleo ó carbón;;;54.653;2024-04-23T05:00:00+02:00
1165;Generación medida Derivados del petróleo ó carbón;;;54.654;2024-04-23T06:00:00+02:00
1165;Generación medida Derivados del petróleo ó carbón;;;54.17;2024-04-23T07:00:00+02:00
1165;Generación medida Derivados del petróleo ó carbón;;;49.867;2024-04-23T08:00:00+02:00
1165;Generación medida Derivados del petróleo ó carbón;;;49.695;2024-04-23T09:00:00+02:00
1165;Generación medida Derivados del petróleo ó carbón;;;49.913;2024-04-23T10:00:00+02:00
1165;Generación medida Derivados del petróleo ó carbón;;;49.268;2024-04-23T11:00:00+02:00
1165;Generación medida Derivados del petróleo ó carbón;;;49.642;2024-04-23T12:00:00+02:00
1165;Generación medida Derivados del petróleo ó carbón;;;49.657;2024-04-23T13:00:00+02:00
1165;Generación medida Derivados del petróleo ó carbón;;;49.839;2024-04-23T14:00:00+02:00
1165;Generación medida Derivados del petróleo ó carbón;;;49.708;2024-04-23T15:00:00+02:00
1165;Generación medida Derivados del petróleo ó carbón;;;54.591;2024-04-23T16:00:00+02:00
1165;Generación medida Derivados del petróleo ó carbón;;;55.021;2024-04-23T17:00:00+02:00
1165;Generación medida Derivados del petróleo ó carbón;;;54.792;2024-04-23T18:00:00+02:00
1165;Generación medida Derivados del petróleo ó carbón;;;55.67;2024-04-23T19:00:00+02:00
1165;Generación medida Derivados del petróleo ó carbón;;;60.936;2024-04-23T20:00:00+02:00
1165;Generación medida Derivados del petróleo ó carbón;;;58.945;2024-04-23T21:00:00+02:00
1165;Generación medida Derivados del petróleo ó carbón;;;62.333;2024-04-23T22:00:00+02:00
1165;Generación medida Derivados del petróleo ó carbón;;;64.831;2024-04-23T23:00:00+02:00
1165;Generación medida Derivados del petróleo ó carbón;;;71.692;2024-04-24T00:00:00+02:00
1165;Generación medida Derivados del petróleo ó carbón;;;71.67;2024-04-24T01:00:00+02:00
1165;Generación medida Derivados del petróleo ó carbón;;;70.595;2024-04-24T02:00:00+02:00
1165;Generación medida Derivados del petróleo ó carbón;;;63.825;2024-04-24T03:00:00+02:00
1165;Generación medida Derivados del petróleo ó carbón;;;62.955;2024-04-24T04:00:00+02:00
1165;Generación medida Derivados del petróleo ó carbón;;;63.123;2024-04-24T05:00:00+02:00
1165;Generación medida Derivados del petróleo ó carbón;;;62.648;2024-04-24T06:00:00+02:00
1165;Generación medida Derivados del petróleo ó carbón;;;75.478;2024-04-24T07:00:00+02:00
1165;Generación medida Derivados del petróleo ó carbón;;;79.657;2024-04-24T08:00:00+02:00
1165;Generación medida Derivados del petróleo ó carbón;;;66.27;2024-04-24T09:00:00+02:00
1165;Generación medida Derivados del petróleo ó carbón;;;64.593;2024-04-24T10:00:00+02:00
1165;Generación medida Derivados del petróleo ó carbón;;;64.498;2024-04-24T11:00:00+02:00
1165;Generación medida Derivados del petróleo ó carbón;;;64.331;2024-04-24T12:00:00+02:00
1165;Generación medida Derivados del petróleo ó carbón;;;64.438;2024-04-24T13:00:00+02:00
1165;Generación medida Derivados del petróleo ó carbón;;;64.451;2024-04-24T14:00:00+02:00
1165;Generación medida Derivados del petróleo ó carbón;;;65.28;2024-04-24T15:00:00+02:00
1165;Generación medida Derivados del petróleo ó carbón;;;64.547;2024-04-24T16:00:00+02:00
1165;Generación medida Derivados del petróleo ó carbón;;;64.615;2024-04-24T17:00:00+02:00
1165;Generación medida Derivados del petróleo ó carbón;;;66.597;2024-04-24T18:00:00+02:00
1165;Generación medida Derivados del petróleo ó carbón;;;75.565;2024-04-24T19:00:00+02:00
1165;Generación medida Derivados del petróleo ó carbón;;;86.139;2024-04-24T20:00:00+02:00
1165;Generación medida Derivados del petróleo ó carbón;;;83.644;2024-04-24T21:00:00+02:00
1165;Generación medida Derivados del petróleo ó carbón;;;83.69;2024-04-24T22:00:00+02:00
1165;Generación medida Derivados del petróleo ó carbón;;;82.41;2024-04-24T23:00:00+02:00
1165;Generación medida Derivados del petróleo ó carbón;;;98.719;2024-04-25T00:00:00+02:00
1165;Generación medida Derivados del petróleo ó carbón;;;104.109;2024-04-25T01:00:00+02:00
1165;Generación medida Derivados del petróleo ó carbón;;;103.799;2024-04-25T02:00:00+02:00
1165;Generación medida Derivados del petróleo ó carbón;;;101.854;2024-04-25T03:00:00+02:00
1165;Generación medida Derivados del petróleo ó carbón;;;101.225;2024-04-25T04:00:00+02:00
1165;Generación medida Derivados del petróleo ó carbón;;;101.236;2024-04-25T05:00:00+02:00
1165;Generación medida Derivados del petróleo ó carbón;;;103.253;2024-04-25T06:00:00+02:00
1165;Generación medida Derivados del petróleo ó carbón;;;109.927;2024-04-25T07:00:00+02:00
1165;Generación medida Derivados del petróleo ó carbón;;;108.976;2024-04-25T08:00:00+02:00
1165;Generación medida Derivados del petróleo ó carbón;;;102.583;2024-04-25T09:00:00+02:00
1165;Generación medida Derivados del petróleo ó carbón;;;97.092;2024-04-25T10:00:00+02:00
1165;Generación medida Derivados del petróleo ó carbón;;;74.936;2024-04-25T11:00:00+02:00
1165;Generación medida Derivados del petróleo ó carbón;;;74.027;2024-04-25T12:00:00+02:00
1165;Generación medida Derivados del petróleo ó carbón;;;77.094;2024-04-25T13:00:00+02:00
1165;Generación medida Derivados del petróleo ó carbón;;;72.719;2024-04-25T14:00:00+02:00
1165;Generación medida Derivados del petróleo ó carbón;;;74.264;2024-04-25T15:00:00+02:00
1165;Generación medida Derivados del petróleo ó carbón;;;79.236;2024-04-25T16:00:00+02:00
1165;Generación medida Derivados del petróleo ó carbón;;;80.129;2024-04-25T17:00:00+02:00
1165;Generación medida Derivados del petróleo ó carbón;;;100.468;2024-04-25T18:00:00+02:00
1165;Generación medida Derivados del petróleo ó carbón;;;106.05;2024-04-25T19:00:00+02:00
1165;Generación medida Derivados del petróleo ó carbón;;;112.326;2024-04-25T20:00:00+02:00
1165;Generación medida Derivados del petróleo ó carbón;;;114.004;2024-04-25T21:00:00+02:00
1165;Generación medida Derivados del petróleo ó carbón;;;113.893;2024-04-25T22:00:00+02:00
1165;Generación medida Derivados del petróleo ó carbón;;;113.065;2024-04-25T23:00:00+02:00
1165;Generación medida Derivados del petróleo ó carbón;;;114.498;2024-04-26T00:00:00+02:00
1165;Generación medida Derivados del petróleo ó carbón;;;109.554;2024-04-26T01:00:00+02:00
1165;Generación medida Derivados del petróleo ó carbón;;;108.45;2024-04-26T02:00:00+02:00
1165;Generación medida Derivados del petróleo ó carbón;;;109.879;2024-04-26T03:00:00+02:00
1165;Generación medida Derivados del petróleo ó carbón;;;110.433;2024-04-26T04:00:00+02:00
1165;Generación medida Derivados del petróleo ó carbón;;;110.216;2024-04-26T05:00:00+02:00
1165;Generación medida Derivados del petróleo ó carbón;;;110.306;2024-04-26T06:00:00+02:00
1165;Generación medida Derivados del petróleo ó carbón;;;112.018;2024-04-26T07:00:00+02:00
1165;Generación medida Derivados del petróleo ó carbón;;;108.022;2024-04-26T08:00:00+02:00
1165;Generación medida Derivados del petróleo ó carbón;;;106.481;2024-04-26T09:00:00+02:00
1165;Generación medida Derivados del petróleo ó carbón;;;103.249;2024-04-26T10:00:00+02:00
1165;Generación medida Derivados del petróleo ó carbón;;;102.222;2024-04-26T11:00:00+02:00
1165;Generación medida Derivados del petróleo ó carbón;;;105.407;2024-04-26T12:00:00+02:00
1165;Generación medida Derivados del petróleo ó carbón;;;110.921;2024-04-26T13:00:00+02:00
1165;Generación medida Derivados del petróleo ó carbón;;;105.861;2024-04-26T14:00:00+02:00
1165;Generación medida Derivados del petróleo ó carbón;;;105.083;2024-04-26T15:00:00+02:00
1165;Generación medida Derivados del petróleo ó carbón;;;104.212;2024-04-26T16:00:00+02:00
1165;Generación medida Derivados del petróleo ó carbón;;;104.099;2024-04-26T17:00:00+02:00
1165;Generación medida Derivados del petróleo ó carbón;;;104.119;2024-04-26T18:00:00+02:00
1165;Generación medida Derivados del petróleo ó carbón;;;111.568;2024-04-26T19:00:00+02:00
1165;Generación medida Derivados del petróleo ó carbón;;;117.793;2024-04-26T20:00:00+02:00
1165;Generación medida Derivados del petróleo ó carbón;;;120.092;2024-04-26T21:00:00+02:00
1165;Generación medida Derivados del petróleo ó carbón;;;118.751;2024-04-26T22:00:00+02:00
1165;Generación medida Derivados del petróleo ó carbón;;;115.766;2024-04-26T23:00:00+02:00
1165;Generación medida Derivados del petróleo ó carbón;;;115.986;2024-04-27T00:00:00+02:00
1165;Generación medida Derivados del petróleo ó carbón;;;113.998;2024-04-27T01:00:00+02:00
1165;Generación medida Derivados del petróleo ó carbón;;;113.467;2024-04-27T02:00:00+02:00
1165;Generación medida Derivados del petróleo ó carbón;;;114.759;2024-04-27T03:00:00+02:00
1165;Generación medida Derivados del petróleo ó carbón;;;115.877;2024-04-27T04:00:00+02:00
1165;Generación medida Derivados del petróleo ó carbón;;;108.806;2024-04-27T05:00:00+02:00
1165;Generación medida Derivados del petróleo ó carbón;;;114.469;2024-04-27T06:00:00+02:00
1165;Generación medida Derivados del petróleo ó carbón;;;114.083;2024-04-27T07:00:00+02:00
1165;Generación medida Derivados del petróleo ó carbón;;;113.198;2024-04-27T08:00:00+02:00
1165;Generación medida Derivados del petróleo ó carbón;;;90.758;2024-04-27T09:00:00+02:00
1165;Generación medida Derivados del petróleo ó carbón;;;87.838;2024-04-27T10:00:00+02:00
1165;Generación medida Derivados del petróleo ó carbón;;;86.774;2024-04-27T11:00:00+02:00
1165;Generación medida Derivados del petróleo ó carbón;;;84.882;2024-04-27T12:00:00+02:00
1165;Generación medida Derivados del petróleo ó carbón;;;84.687;2024-04-27T13:00:00+02:00
1165;Generación medida Derivados del petróleo ó carbón;;;84.577;2024-04-27T14:00:00+02:00
1165;Generación medida Derivados del petróleo ó carbón;;;80.306;2024-04-27T15:00:00+02:00
1165;Generación medida Derivados del petróleo ó carbón;;;79.421;2024-04-27T16:00:00+02:00
1165;Generación medida Derivados del petróleo ó carbón;;;76.893;2024-04-27T17:00:00+02:00
1165;Generación medida Derivados del petróleo ó carbón;;;84.473;2024-04-27T18:00:00+02:00
1165;Generación medida Derivados del petróleo ó carbón;;;88.254;2024-04-27T19:00:00+02:00
1165;Generación medida Derivados del petróleo ó carbón;;;99.67;2024-04-27T20:00:00+02:00
1165;Generación medida Derivados del petróleo ó carbón;;;101.453;2024-04-27T21:00:00+02:00
1165;Generación medida Derivados del petróleo ó carbón;;;101.625;2024-04-27T22:00:00+02:00
1165;Generación medida Derivados del petróleo ó carbón;;;101.583;2024-04-27T23:00:00+02:00
1165;Generación medida Derivados del petróleo ó carbón;;;103.964;2024-04-28T00:00:00+02:00
1165;Generación medida Derivados del petróleo ó carbón;;;103.67;2024-04-28T01:00:00+02:00
1165;Generación medida Derivados del petróleo ó carbón;;;103.083;2024-04-28T02:00:00+02:00
1165;Generación medida Derivados del petróleo ó carbón;;;104.078;2024-04-28T03:00:00+02:00
1165;Generación medida Derivados del petróleo ó carbón;;;104.629;2024-04-28T04:00:00+02:00
1165;Generación medida Derivados del petróleo ó carbón;;;104.419;2024-04-28T05:00:00+02:00
1165;Generación medida Derivados del petróleo ó carbón;;;104.945;2024-04-28T06:00:00+02:00
1165;Generación medida Derivados del petróleo ó carbón;;;103.726;2024-04-28T07:00:00+02:00
1165;Generación medida Derivados del petróleo ó carbón;;;102.524;2024-04-28T08:00:00+02:00
1165;Generación medida Derivados del petróleo ó carbón;;;88.973;2024-04-28T09:00:00+02:00
1165;Generación medida Derivados del petróleo ó carbón;;;81.727;2024-04-28T10:00:00+02:00
1165;Generación medida Derivados del petróleo ó carbón;;;81.294;2024-04-28T11:00:00+02:00
1165;Generación medida Derivados del petróleo ó carbón;;;81.489;2024-04-28T12:00:00+02:00
1165;Generación medida Derivados del petróleo ó carbón;;;81.42;2024-04-28T13:00:00+02:00
1165;Generación medida Derivados del petróleo ó carbón;;;81.632;2024-04-28T14:00:00+02:00
1165;Generación medida Derivados del petróleo ó carbón;;;83.574;2024-04-28T15:00:00+02:00
1165;Generación medida Derivados del petróleo ó carbón;;;83.396;2024-04-28T16:00:00+02:00
1165;Generación medida Derivados del petróleo ó carbón;;;83.499;2024-04-28T17:00:00+02:00
1165;Generación medida Derivados del petróleo ó carbón;;;86.452;2024-04-28T18:00:00+02:00
1165;Generación medida Derivados del petróleo ó carbón;;;96.448;2024-04-28T19:00:00+02:00
1165;Generación medida Derivados del petróleo ó carbón;;;101.376;2024-04-28T20:00:00+02:00
1165;Generación medida Derivados del petróleo ó carbón;;;103.743;2024-04-28T21:00:00+02:00
1165;Generación medida Derivados del petróleo ó carbón;;;103.463;2024-04-28T22:00:00+02:00
1165;Generación medida Derivados del petróleo ó carbón;;;103.062;2024-04-28T23:00:00+02:00
1165;Generación medida Derivados del petróleo ó carbón;;;113.694;2024-04-29T00:00:00+02:00
1165;Generación medida Derivados del petróleo ó carbón;;;112.888;2024-04-29T01:00:00+02:00
1165;Generación medida Derivados del petróleo ó carbón;;;112.264;2024-04-29T02:00:00+02:00
1165;Generación medida Derivados del petróleo ó carbón;;;112.897;2024-04-29T03:00:00+02:00
1165;Generación medida Derivados del petróleo ó carbón;;;115.411;2024-04-29T04:00:00+02:00
1165;Generación medida Derivados del petróleo ó carbón;;;117.014;2024-04-29T05:00:00+02:00
1165;Generación medida Derivados del petróleo ó carbón;;;117.017;2024-04-29T06:00:00+02:00
1165;Generación medida Derivados del petróleo ó carbón;;;115.906;2024-04-29T07:00:00+02:00
1165;Generación medida Derivados del petróleo ó carbón;;;115.453;2024-04-29T08:00:00+02:00
1165;Generación medida Derivados del petróleo ó carbón;;;109.074;2024-04-29T09:00:00+02:00
1165;Generación medida Derivados del petróleo ó carbón;;;113.531;2024-04-29T10:00:00+02:00
1165;Generación medida Derivados del petróleo ó carbón;;;114.273;2024-04-29T11:00:00+02:00
1165;Generación medida Derivados del petróleo ó carbón;;;112.722;2024-04-29T12:00:00+02:00
1165;Generación medida Derivados del petróleo ó carbón;;;113.878;2024-04-29T13:00:00+02:00
1165;Generación medida Derivados del petróleo ó carbón;;;114.425;2024-04-29T14:00:00+02:00
1165;Generación medida Derivados del petróleo ó carbón;;;114.527;2024-04-29T15:00:00+02:00
1165;Generación medida Derivados del petróleo ó carbón;;;110.722;2024-04-29T16:00:00+02:00
1165;Generación medida Derivados del petróleo ó carbón;;;110.165;2024-04-29T17:00:00+02:00
1165;Generación medida Derivados del petróleo ó carbón;;;110.671;2024-04-29T18:00:00+02:00
1165;Generación medida Derivados del petróleo ó carbón;;;110.728;2024-04-29T19:00:00+02:00
1165;Generación medida Derivados del petróleo ó carbón;;;123.105;2024-04-29T20:00:00+02:00
1165;Generación medida Derivados del petróleo ó carbón;;;124.497;2024-04-29T21:00:00+02:00
1165;Generación medida Derivados del petróleo ó carbón;;;125.361;2024-04-29T22:00:00+02:00
1165;Generación medida Derivados del petróleo ó carbón;;;117.403;2024-04-29T23:00:00+02:00
1165;Generación medida Derivados del petróleo ó carbón;;;115.36;2024-04-30T00:00:00+02:00
1165;Generación medida Derivados del petróleo ó carbón;;;115.99;2024-04-30T01:00:00+02:00
1165;Generación medida Derivados del petróleo ó carbón;;;116.469;2024-04-30T02:00:00+02:00
1165;Generación medida Derivados del petróleo ó carbón;;;115.708;2024-04-30T03:00:00+02:00
1165;Generación medida Derivados del petróleo ó carbón;;;114.727;2024-04-30T04:00:00+02:00
1165;Generación medida Derivados del petróleo ó carbón;;;114.689;2024-04-30T05:00:00+02:00
1165;Generación medida Derivados del petróleo ó carbón;;;120.85;2024-04-30T06:00:00+02:00
1165;Generación medida Derivados del petróleo ó carbón;;;125.195;2024-04-30T07:00:00+02:00
1165;Generación medida Derivados del petróleo ó carbón;;;123.978;2024-04-30T08:00:00+02:00
1165;Generación medida Derivados del petróleo ó carbón;;;111.389;2024-04-30T09:00:00+02:00
1165;Generación medida Derivados del petróleo ó carbón;;;110.192;2024-04-30T10:00:00+02:00
1165;Generación medida Derivados del petróleo ó carbón;;;109.849;2024-04-30T11:00:00+02:00
1165;Generación medida Derivados del petróleo ó carbón;;;104.976;2024-04-30T12:00:00+02:00
1165;Generación medida Derivados del petróleo ó carbón;;;102.518;2024-04-30T13:00:00+02:00
1165;Generación medida Derivados del petróleo ó carbón;;;104.809;2024-04-30T14:00:00+02:00
1165;Generación medida Derivados del petróleo ó carbón;;;105.178;2024-04-30T15:00:00+02:00
1165;Generación medida Derivados del petróleo ó carbón;;;104.958;2024-04-30T16:00:00+02:00
1165;Generación medida Derivados del petróleo ó carbón;;;104.481;2024-04-30T17:00:00+02:00
1165;Generación medida Derivados del petróleo ó carbón;;;109.344;2024-04-30T18:00:00+02:00
1165;Generación medida Derivados del petróleo ó carbón;;;111.795;2024-04-30T19:00:00+02:00
1165;Generación medida Derivados del petróleo ó carbón;;;116.463;2024-04-30T20:00:00+02:00
1165;Generación medida Derivados del petróleo ó carbón;;;122.381;2024-04-30T21:00:00+02:00
1165;Generación medida Derivados del petróleo ó carbón;;;122.297;2024-04-30T22:00:00+02:00
1165;Generación medida Derivados del petróleo ó carbón;;;114.766;2024-04-30T23:00:00+02:00
1167;Generación medida Energía residual;;;0.751;2024-04-01T00:00:00+02:00
1167;Generación medida Energía residual;;;0.981;2024-04-01T01:00:00+02:00
1167;Generación medida Energía residual;;;0.625;2024-04-01T02:00:00+02:00
1167;Generación medida Energía residual;;;0.607;2024-04-01T03:00:00+02:00
1167;Generación medida Energía residual;;;0.583;2024-04-01T04:00:00+02:00
1167;Generación medida Energía residual;;;0.603;2024-04-01T05:00:00+02:00
1167;Generación medida Energía residual;;;0.529;2024-04-01T06:00:00+02:00
1167;Generación medida Energía residual;;;0.448;2024-04-01T07:00:00+02:00
1167;Generación medida Energía residual;;;0.492;2024-04-01T08:00:00+02:00
1167;Generación medida Energía residual;;;0.422;2024-04-01T09:00:00+02:00
1167;Generación medida Energía residual;;;0.46;2024-04-01T10:00:00+02:00
1167;Generación medida Energía residual;;;0.346;2024-04-01T11:00:00+02:00
1167;Generación medida Energía residual;;;0.364;2024-04-01T12:00:00+02:00
1167;Generación medida Energía residual;;;0.396;2024-04-01T13:00:00+02:00
1167;Generación medida Energía residual;;;0.389;2024-04-01T14:00:00+02:00
1167;Generación medida Energía residual;;;0.368;2024-04-01T15:00:00+02:00
1167;Generación medida Energía residual;;;0.489;2024-04-01T16:00:00+02:00
1167;Generación medida Energía residual;;;0.578;2024-04-01T17:00:00+02:00
1167;Generación medida Energía residual;;;0.581;2024-04-01T18:00:00+02:00
1167;Generación medida Energía residual;;;0.731;2024-04-01T19:00:00+02:00
1167;Generación medida Energía residual;;;0.768;2024-04-01T20:00:00+02:00
1167;Generación medida Energía residual;;;0.56;2024-04-01T21:00:00+02:00
1167;Generación medida Energía residual;;;0.079;2024-04-02T04:00:00+02:00
1167;Generación medida Energía residual;;;0.499;2024-04-02T05:00:00+02:00
1167;Generación medida Energía residual;;;2.79;2024-04-02T10:00:00+02:00
1167;Generación medida Energía residual;;;7.658;2024-04-02T11:00:00+02:00
1167;Generación medida Energía residual;;;6.92;2024-04-02T12:00:00+02:00
1167;Generación medida Energía residual;;;0.057;2024-04-03T04:00:00+02:00
1167;Generación medida Energía residual;;;0.061;2024-04-03T05:00:00+02:00
1167;Generación medida Energía residual;;;0.386;2024-04-03T06:00:00+02:00
1167;Generación medida Energía residual;;;4.24;2024-04-03T08:00:00+02:00
1167;Generación medida Energía residual;;;5.073;2024-04-03T09:00:00+02:00
1167;Generación medida Energía residual;;;3.503;2024-04-03T10:00:00+02:00
1167;Generación medida Energía residual;;;8.609;2024-04-03T11:00:00+02:00
1167;Generación medida Energía residual;;;3.645;2024-04-03T12:00:00+02:00
1167;Generación medida Energía residual;;;0.333;2024-04-03T13:00:00+02:00
1167;Generación medida Energía residual;;;0.298;2024-04-04T01:00:00+02:00
1167;Generación medida Energía residual;;;0.124;2024-04-04T02:00:00+02:00
1167;Generación medida Energía residual;;;0.044;2024-04-04T03:00:00+02:00
1167;Generación medida Energía residual;;;0.03;2024-04-04T04:00:00+02:00
1167;Generación medida Energía residual;;;0.125;2024-04-04T05:00:00+02:00
1167;Generación medida Energía residual;;;0.243;2024-04-04T06:00:00+02:00
1167;Generación medida Energía residual;;;0.331;2024-04-04T07:00:00+02:00
1167;Generación medida Energía residual;;;0.166;2024-04-04T09:00:00+02:00
1167;Generación medida Energía residual;;;4.783;2024-04-04T10:00:00+02:00
1167;Generación medida Energía residual;;;6.549;2024-04-04T11:00:00+02:00
1167;Generación medida Energía residual;;;6.586;2024-04-04T12:00:00+02:00
1167;Generación medida Energía residual;;;2.266;2024-04-04T13:00:00+02:00
1167;Generación medida Energía residual;;;1.017;2024-04-04T14:00:00+02:00
1167;Generación medida Energía residual;;;1.287;2024-04-04T15:00:00+02:00
1167;Generación medida Energía residual;;;0.786;2024-04-04T16:00:00+02:00
1167;Generación medida Energía residual;;;0.534;2024-04-04T17:00:00+02:00
1167;Generación medida Energía residual;;;0.659;2024-04-04T20:00:00+02:00
1167;Generación medida Energía residual;;;1.127;2024-04-04T21:00:00+02:00
1167;Generación medida Energía residual;;;0.562;2024-04-04T22:00:00+02:00
1167;Generación medida Energía residual;;;0.082;2024-04-05T03:00:00+02:00
1167;Generación medida Energía residual;;;0.179;2024-04-05T04:00:00+02:00
1167;Generación medida Energía residual;;;0.005;2024-04-05T05:00:00+02:00
1167;Generación medida Energía residual;;;0.031;2024-04-05T08:00:00+02:00
1167;Generación medida Energía residual;;;0.265;2024-04-05T10:00:00+02:00
1167;Generación medida Energía residual;;;4.089;2024-04-05T11:00:00+02:00
1167;Generación medida Energía residual;;;3.875;2024-04-05T12:00:00+02:00
1167;Generación medida Energía residual;;;6.116;2024-04-05T13:00:00+02:00
1167;Generación medida Energía residual;;;0.127;2024-04-05T14:00:00+02:00
1167;Generación medida Energía residual;;;0.176;2024-04-05T15:00:00+02:00
1167;Generación medida Energía residual;;;0.308;2024-04-05T16:00:00+02:00
1167;Generación medida Energía residual;;;0.281;2024-04-05T17:00:00+02:00
1167;Generación medida Energía residual;;;0.269;2024-04-05T18:00:00+02:00
1167;Generación medida Energía residual;;;0.396;2024-04-05T19:00:00+02:00
1167;Generación medida Energía residual;;;0.49;2024-04-05T20:00:00+02:00
1167;Generación medida Energía residual;;;0.937;2024-04-05T21:00:00+02:00
1167;Generación medida Energía residual;;;0.816;2024-04-05T22:00:00+02:00
1167;Generación medida Energía residual;;;0.82;2024-04-05T23:00:00+02:00
1167;Generación medida Energía residual;;;0.843;2024-04-06T00:00:00+02:00
1167;Generación medida Energía residual;;;0.681;2024-04-06T01:00:00+02:00
1167;Generación medida Energía residual;;;0.559;2024-04-06T02:00:00+02:00
1167;Generación medida Energía residual;;;0.565;2024-04-06T03:00:00+02:00
1167;Generación medida Energía residual;;;0.945;2024-04-06T04:00:00+02:00
1167;Generación medida Energía residual;;;0.658;2024-04-06T05:00:00+02:00
1167;Generación medida Energía residual;;;0.768;2024-04-06T06:00:00+02:00
1167;Generación medida Energía residual;;;0.803;2024-04-06T07:00:00+02:00
1167;Generación medida Energía residual;;;0.978;2024-04-06T08:00:00+02:00
1167;Generación medida Energía residual;;;0.986;2024-04-06T09:00:00+02:00
1167;Generación medida Energía residual;;;0.912;2024-04-06T10:00:00+02:00
1167;Generación medida Energía residual;;;0.933;2024-04-06T11:00:00+02:00
1167;Generación medida Energía residual;;;0.888;2024-04-06T12:00:00+02:00
1167;Generación medida Energía residual;;;1.393;2024-04-06T13:00:00+02:00
1167;Generación medida Energía residual;;;1.246;2024-04-06T14:00:00+02:00
1167;Generación medida Energía residual;;;0.958;2024-04-06T15:00:00+02:00
1167;Generación medida Energía residual;;;0.995;2024-04-06T16:00:00+02:00
1167;Generación medida Energía residual;;;0.944;2024-04-06T17:00:00+02:00
1167;Generación medida Energía residual;;;0.913;2024-04-06T18:00:00+02:00
1167;Generación medida Energía residual;;;0.961;2024-04-06T19:00:00+02:00
1167;Generación medida Energía residual;;;0.841;2024-04-06T20:00:00+02:00
1167;Generación medida Energía residual;;;0.88;2024-04-06T21:00:00+02:00
1167;Generación medida Energía residual;;;1.287;2024-04-06T22:00:00+02:00
1167;Generación medida Energía residual;;;0.871;2024-04-06T23:00:00+02:00
1167;Generación medida Energía residual;;;0.826;2024-04-07T00:00:00+02:00
1167;Generación medida Energía residual;;;0.749;2024-04-07T01:00:00+02:00
1167;Generación medida Energía residual;;;0.918;2024-04-07T02:00:00+02:00
1167;Generación medida Energía residual;;;0.922;2024-04-07T03:00:00+02:00
1167;Generación medida Energía residual;;;0.639;2024-04-07T04:00:00+02:00
1167;Generación medida Energía residual;;;0.538;2024-04-07T05:00:00+02:00
1167;Generación medida Energía residual;;;0.464;2024-04-07T06:00:00+02:00
1167;Generación medida Energía residual;;;0.434;2024-04-07T07:00:00+02:00
1167;Generación medida Energía residual;;;0.865;2024-04-07T08:00:00+02:00
1167;Generación medida Energía residual;;;1.051;2024-04-07T09:00:00+02:00
1167;Generación medida Energía residual;;;0.823;2024-04-07T10:00:00+02:00
1167;Generación medida Energía residual;;;0.867;2024-04-07T11:00:00+02:00
1167;Generación medida Energía residual;;;0.895;2024-04-07T12:00:00+02:00
1167;Generación medida Energía residual;;;1.28;2024-04-07T13:00:00+02:00
1167;Generación medida Energía residual;;;1.293;2024-04-07T14:00:00+02:00
1167;Generación medida Energía residual;;;0.839;2024-04-07T15:00:00+02:00
1167;Generación medida Energía residual;;;0.968;2024-04-07T16:00:00+02:00
1167;Generación medida Energía residual;;;1.256;2024-04-07T17:00:00+02:00
1167;Generación medida Energía residual;;;1.525;2024-04-07T18:00:00+02:00
1167;Generación medida Energía residual;;;1.193;2024-04-07T19:00:00+02:00
1167;Generación medida Energía residual;;;0.985;2024-04-07T20:00:00+02:00
1167;Generación medida Energía residual;;;1.039;2024-04-07T21:00:00+02:00
1167;Generación medida Energía residual;;;1.309;2024-04-07T22:00:00+02:00
1167;Generación medida Energía residual;;;1.035;2024-04-07T23:00:00+02:00
1167;Generación medida Energía residual;;;1.1;2024-04-08T00:00:00+02:00
1167;Generación medida Energía residual;;;1.261;2024-04-08T01:00:00+02:00
1167;Generación medida Energía residual;;;0.92;2024-04-08T02:00:00+02:00
1167;Generación medida Energía residual;;;0.91;2024-04-08T03:00:00+02:00
1167;Generación medida Energía residual;;;1.179;2024-04-08T04:00:00+02:00
1167;Generación medida Energía residual;;;0.846;2024-04-08T05:00:00+02:00
1167;Generación medida Energía residual;;;0.812;2024-04-08T06:00:00+02:00
1167;Generación medida Energía residual;;;1.027;2024-04-08T07:00:00+02:00
1167;Generación medida Energía residual;;;1.725;2024-04-08T08:00:00+02:00
1167;Generación medida Energía residual;;;2.99;2024-04-08T09:00:00+02:00
1167;Generación medida Energía residual;;;5.278;2024-04-08T10:00:00+02:00
1167;Generación medida Energía residual;;;6.532;2024-04-08T11:00:00+02:00
1167;Generación medida Energía residual;;;4.945;2024-04-08T12:00:00+02:00
1167;Generación medida Energía residual;;;1.287;2024-04-08T13:00:00+02:00
1167;Generación medida Energía residual;;;1.391;2024-04-08T14:00:00+02:00
1167;Generación medida Energía residual;;;1.36;2024-04-08T15:00:00+02:00
1167;Generación medida Energía residual;;;1.402;2024-04-08T16:00:00+02:00
1167;Generación medida Energía residual;;;1.35;2024-04-08T17:00:00+02:00
1167;Generación medida Energía residual;;;1.258;2024-04-08T18:00:00+02:00
1167;Generación medida Energía residual;;;1.331;2024-04-08T19:00:00+02:00
1167;Generación medida Energía residual;;;1.249;2024-04-08T20:00:00+02:00
1167;Generación medida Energía residual;;;1.204;2024-04-08T21:00:00+02:00
1167;Generación medida Energía residual;;;1.221;2024-04-08T22:00:00+02:00
1167;Generación medida Energía residual;;;1.141;2024-04-08T23:00:00+02:00
1167;Generación medida Energía residual;;;1.075;2024-04-09T00:00:00+02:00
1167;Generación medida Energía residual;;;1.008;2024-04-09T01:00:00+02:00
1167;Generación medida Energía residual;;;0.992;2024-04-09T02:00:00+02:00
1167;Generación medida Energía residual;;;0.992;2024-04-09T03:00:00+02:00
1167;Generación medida Energía residual;;;0.967;2024-04-09T04:00:00+02:00
1167;Generación medida Energía residual;;;0.92;2024-04-09T05:00:00+02:00
1167;Generación medida Energía residual;;;0.838;2024-04-09T06:00:00+02:00
1167;Generación medida Energía residual;;;0.657;2024-04-09T07:00:00+02:00
1167;Generación medida Energía residual;;;6.747;2024-04-09T08:00:00+02:00
1167;Generación medida Energía residual;;;22.942;2024-04-09T09:00:00+02:00
1167;Generación medida Energía residual;;;3.478;2024-04-09T10:00:00+02:00
1167;Generación medida Energía residual;;;20.851;2024-04-09T11:00:00+02:00
1167;Generación medida Energía residual;;;10.085;2024-04-09T12:00:00+02:00
1167;Generación medida Energía residual;;;6.708;2024-04-09T13:00:00+02:00
1167;Generación medida Energía residual;;;13.342;2024-04-09T14:00:00+02:00
1167;Generación medida Energía residual;;;4.663;2024-04-09T15:00:00+02:00
1167;Generación medida Energía residual;;;0.671;2024-04-09T16:00:00+02:00
1167;Generación medida Energía residual;;;0.621;2024-04-09T17:00:00+02:00
1167;Generación medida Energía residual;;;0.539;2024-04-09T18:00:00+02:00
1167;Generación medida Energía residual;;;0.592;2024-04-09T19:00:00+02:00
1167;Generación medida Energía residual;;;0.676;2024-04-09T20:00:00+02:00
1167;Generación medida Energía residual;;;0.626;2024-04-09T21:00:00+02:00
1167;Generación medida Energía residual;;;0.723;2024-04-09T22:00:00+02:00
1167;Generación medida Energía residual;;;0.819;2024-04-09T23:00:00+02:00
1167;Generación medida Energía residual;;;1.135;2024-04-10T00:00:00+02:00
1167;Generación medida Energía residual;;;1.303;2024-04-10T01:00:00+02:00
1167;Generación medida Energía residual;;;0.883;2024-04-10T02:00:00+02:00
1167;Generación medida Energía residual;;;0.731;2024-04-10T03:00:00+02:00
1167;Generación medida Energía residual;;;0.911;2024-04-10T04:00:00+02:00
1167;Generación medida Energía residual;;;0.974;2024-04-10T05:00:00+02:00
1167;Generación medida Energía residual;;;0.424;2024-04-10T06:00:00+02:00
1167;Generación medida Energía residual;;;0.253;2024-04-10T07:00:00+02:00
1167;Generación medida Energía residual;;;4.979;2024-04-10T08:00:00+02:00
1167;Generación medida Energía residual;;;22.31;2024-04-10T09:00:00+02:00
1167;Generación medida Energía residual;;;25.976;2024-04-10T10:00:00+02:00
1167;Generación medida Energía residual;;;22.836;2024-04-10T11:00:00+02:00
1167;Generación medida Energía residual;;;7.256;2024-04-10T12:00:00+02:00
1167;Generación medida Energía residual;;;6.596;2024-04-10T13:00:00+02:00
1167;Generación medida Energía residual;;;2.995;2024-04-10T14:00:00+02:00
1167;Generación medida Energía residual;;;0.384;2024-04-10T15:00:00+02:00
1167;Generación medida Energía residual;;;0.446;2024-04-10T16:00:00+02:00
1167;Generación medida Energía residual;;;0.376;2024-04-10T17:00:00+02:00
1167;Generación medida Energía residual;;;0.373;2024-04-10T18:00:00+02:00
1167;Generación medida Energía residual;;;0.475;2024-04-10T19:00:00+02:00
1167;Generación medida Energía residual;;;0.613;2024-04-10T20:00:00+02:00
1167;Generación medida Energía residual;;;0.664;2024-04-10T21:00:00+02:00
1167;Generación medida Energía residual;;;0.408;2024-04-10T22:00:00+02:00
1167;Generación medida Energía residual;;;0.123;2024-04-11T01:00:00+02:00
1167;Generación medida Energía residual;;;0.922;2024-04-11T02:00:00+02:00
1167;Generación medida Energía residual;;;0.919;2024-04-11T03:00:00+02:00
1167;Generación medida Energía residual;;;1.036;2024-04-11T04:00:00+02:00
1167;Generación medida Energía residual;;;1.008;2024-04-11T05:00:00+02:00
1167;Generación medida Energía residual;;;1.01;2024-04-11T06:00:00+02:00
1167;Generación medida Energía residual;;;1.021;2024-04-11T07:00:00+02:00
1167;Generación medida Energía residual;;;7.162;2024-04-11T08:00:00+02:00
1167;Generación medida Energía residual;;;13.435;2024-04-11T09:00:00+02:00
1167;Generación medida Energía residual;;;9.388;2024-04-11T10:00:00+02:00
1167;Generación medida Energía residual;;;9.409;2024-04-11T11:00:00+02:00
1167;Generación medida Energía residual;;;9.717;2024-04-11T12:00:00+02:00
1167;Generación medida Energía residual;;;3.743;2024-04-11T13:00:00+02:00
1167;Generación medida Energía residual;;;0.626;2024-04-11T14:00:00+02:00
1167;Generación medida Energía residual;;;0.7;2024-04-11T15:00:00+02:00
1167;Generación medida Energía residual;;;0.818;2024-04-11T16:00:00+02:00
1167;Generación medida Energía residual;;;0.94;2024-04-11T17:00:00+02:00
1167;Generación medida Energía residual;;;0.889;2024-04-11T18:00:00+02:00
1167;Generación medida Energía residual;;;0.719;2024-04-11T19:00:00+02:00
1167;Generación medida Energía residual;;;0.483;2024-04-11T20:00:00+02:00
1167;Generación medida Energía residual;;;0.685;2024-04-11T21:00:00+02:00
1167;Generación medida Energía residual;;;0.732;2024-04-11T22:00:00+02:00
1167;Generación medida Energía residual;;;0.695;2024-04-11T23:00:00+02:00
1167;Generación medida Energía residual;;;0.631;2024-04-12T00:00:00+02:00
1167;Generación medida Energía residual;;;0.619;2024-04-12T01:00:00+02:00
1167;Generación medida Energía residual;;;0.603;2024-04-12T02:00:00+02:00
1167;Generación medida Energía residual;;;0.608;2024-04-12T03:00:00+02:00
1167;Generación medida Energía residual;;;0.618;2024-04-12T04:00:00+02:00
1167;Generación medida Energía residual;;;0.574;2024-04-12T05:00:00+02:00
1167;Generación medida Energía residual;;;1.104;2024-04-12T06:00:00+02:00
1167;Generación medida Energía residual;;;0.601;2024-04-12T07:00:00+02:00
1167;Generación medida Energía residual;;;1.105;2024-04-12T08:00:00+02:00
1167;Generación medida Energía residual;;;3.516;2024-04-12T09:00:00+02:00
1167;Generación medida Energía residual;;;7.531;2024-04-12T10:00:00+02:00
1167;Generación medida Energía residual;;;16.718;2024-04-12T11:00:00+02:00
1167;Generación medida Energía residual;;;14.707;2024-04-12T12:00:00+02:00
1167;Generación medida Energía residual;;;13.448;2024-04-12T13:00:00+02:00
1167;Generación medida Energía residual;;;0.679;2024-04-12T14:00:00+02:00
1167;Generación medida Energía residual;;;0.671;2024-04-12T15:00:00+02:00
1167;Generación medida Energía residual;;;0.832;2024-04-12T16:00:00+02:00
1167;Generación medida Energía residual;;;0.511;2024-04-12T17:00:00+02:00
1167;Generación medida Energía residual;;;0.659;2024-04-12T18:00:00+02:00
1167;Generación medida Energía residual;;;0.92;2024-04-12T19:00:00+02:00
1167;Generación medida Energía residual;;;0.433;2024-04-12T20:00:00+02:00
1167;Generación medida Energía residual;;;0.589;2024-04-12T21:00:00+02:00
1167;Generación medida Energía residual;;;0.523;2024-04-12T22:00:00+02:00
1167;Generación medida Energía residual;;;0.562;2024-04-12T23:00:00+02:00
1167;Generación medida Energía residual;;;0.959;2024-04-13T00:00:00+02:00
1167;Generación medida Energía residual;;;0.865;2024-04-13T01:00:00+02:00
1167;Generación medida Energía residual;;;0.793;2024-04-13T02:00:00+02:00
1167;Generación medida Energía residual;;;1.032;2024-04-13T03:00:00+02:00
1167;Generación medida Energía residual;;;0.877;2024-04-13T04:00:00+02:00
1167;Generación medida Energía residual;;;0.775;2024-04-13T05:00:00+02:00
1167;Generación medida Energía residual;;;1.039;2024-04-13T06:00:00+02:00
1167;Generación medida Energía residual;;;0.79;2024-04-13T07:00:00+02:00
1167;Generación medida Energía residual;;;0.23;2024-04-13T08:00:00+02:00
1167;Generación medida Energía residual;;;0.522;2024-04-13T09:00:00+02:00
1167;Generación medida Energía residual;;;0.331;2024-04-13T10:00:00+02:00
1167;Generación medida Energía residual;;;0.221;2024-04-13T11:00:00+02:00
1167;Generación medida Energía residual;;;0.574;2024-04-13T12:00:00+02:00
1167;Generación medida Energía residual;;;0.085;2024-04-13T13:00:00+02:00
1167;Generación medida Energía residual;;;0.281;2024-04-13T14:00:00+02:00
1167;Generación medida Energía residual;;;0.358;2024-04-13T15:00:00+02:00
1167;Generación medida Energía residual;;;0.261;2024-04-13T17:00:00+02:00
1167;Generación medida Energía residual;;;0.221;2024-04-13T18:00:00+02:00
1167;Generación medida Energía residual;;;0.013;2024-04-13T20:00:00+02:00
1167;Generación medida Energía residual;;;0.354;2024-04-13T21:00:00+02:00
1167;Generación medida Energía residual;;;0.28;2024-04-13T23:00:00+02:00
1167;Generación medida Energía residual;;;0.208;2024-04-14T00:00:00+02:00
1167;Generación medida Energía residual;;;0.369;2024-04-14T02:00:00+02:00
1167;Generación medida Energía residual;;;0.049;2024-04-14T04:00:00+02:00
1167;Generación medida Energía residual;;;0.607;2024-04-14T05:00:00+02:00
1167;Generación medida Energía residual;;;0.5;2024-04-14T06:00:00+02:00
1167;Generación medida Energía residual;;;0.285;2024-04-14T07:00:00+02:00
1167;Generación medida Energía residual;;;0.604;2024-04-14T08:00:00+02:00
1167;Generación medida Energía residual;;;0.568;2024-04-14T09:00:00+02:00
1167;Generación medida Energía residual;;;0.046;2024-04-14T10:00:00+02:00
1167;Generación medida Energía residual;;;0.278;2024-04-14T11:00:00+02:00
1167;Generación medida Energía residual;;;0.434;2024-04-14T12:00:00+02:00
1167;Generación medida Energía residual;;;0.24;2024-04-14T14:00:00+02:00
1167;Generación medida Energía residual;;;0.032;2024-04-14T15:00:00+02:00
1167;Generación medida Energía residual;;;0.107;2024-04-14T16:00:00+02:00
1167;Generación medida Energía residual;;;0.332;2024-04-14T17:00:00+02:00
1167;Generación medida Energía residual;;;0.193;2024-04-14T19:00:00+02:00
1167;Generación medida Energía residual;;;0.135;2024-04-14T20:00:00+02:00
1167;Generación medida Energía residual;;;0.343;2024-04-14T22:00:00+02:00
1167;Generación medida Energía residual;;;0.075;2024-04-15T00:00:00+02:00
1167;Generación medida Energía residual;;;0.498;2024-04-15T01:00:00+02:00
1167;Generación medida Energía residual;;;0.04;2024-04-15T02:00:00+02:00
1167;Generación medida Energía residual;;;0.058;2024-04-15T03:00:00+02:00
1167;Generación medida Energía residual;;;0.439;2024-04-15T04:00:00+02:00
1167;Generación medida Energía residual;;;0.057;2024-04-15T05:00:00+02:00
1167;Generación medida Energía residual;;;0.285;2024-04-15T06:00:00+02:00
1167;Generación medida Energía residual;;;0.494;2024-04-15T07:00:00+02:00
1167;Generación medida Energía residual;;;12.654;2024-04-15T08:00:00+02:00
1167;Generación medida Energía residual;;;13.197;2024-04-15T09:00:00+02:00
1167;Generación medida Energía residual;;;8.937;2024-04-15T10:00:00+02:00
1167;Generación medida Energía residual;;;7.456;2024-04-15T11:00:00+02:00
1167;Generación medida Energía residual;;;8.994;2024-04-15T12:00:00+02:00
1167;Generación medida Energía residual;;;8.377;2024-04-15T13:00:00+02:00
1167;Generación medida Energía residual;;;2.926;2024-04-15T14:00:00+02:00
1167;Generación medida Energía residual;;;1.109;2024-04-15T15:00:00+02:00
1167;Generación medida Energía residual;;;0.011;2024-04-15T16:00:00+02:00
1167;Generación medida Energía residual;;;0.514;2024-04-15T17:00:00+02:00
1167;Generación medida Energía residual;;;0.834;2024-04-15T18:00:00+02:00
1167;Generación medida Energía residual;;;0.66;2024-04-15T19:00:00+02:00
1167;Generación medida Energía residual;;;0.928;2024-04-15T20:00:00+02:00
1167;Generación medida Energía residual;;;0.905;2024-04-15T21:00:00+02:00
1167;Generación medida Energía residual;;;0.871;2024-04-15T22:00:00+02:00
1167;Generación medida Energía residual;;;1.155;2024-04-15T23:00:00+02:00
1167;Generación medida Energía residual;;;0.971;2024-04-16T00:00:00+02:00
1167;Generación medida Energía residual;;;0.841;2024-04-16T01:00:00+02:00
1167;Generación medida Energía residual;;;1.222;2024-04-16T02:00:00+02:00
1167;Generación medida Energía residual;;;0.898;2024-04-16T03:00:00+02:00
1167;Generación medida Energía residual;;;0.729;2024-04-16T04:00:00+02:00
1167;Generación medida Energía residual;;;0.83;2024-04-16T05:00:00+02:00
1167;Generación medida Energía residual;;;0.644;2024-04-16T06:00:00+02:00
1167;Generación medida Energía residual;;;0.297;2024-04-16T07:00:00+02:00
1167;Generación medida Energía residual;;;8.786;2024-04-16T08:00:00+02:00
1167;Generación medida Energía residual;;;3.204;2024-04-16T09:00:00+02:00
1167;Generación medida Energía residual;;;8.614;2024-04-16T10:00:00+02:00
1167;Generación medida Energía residual;;;12.149;2024-04-16T11:00:00+02:00
1167;Generación medida Energía residual;;;9.748;2024-04-16T12:00:00+02:00
1167;Generación medida Energía residual;;;3;2024-04-16T13:00:00+02:00
1167;Generación medida Energía residual;;;5.432;2024-04-16T14:00:00+02:00
1167;Generación medida Energía residual;;;8.026;2024-04-16T15:00:00+02:00
1167;Generación medida Energía residual;;;6.435;2024-04-16T16:00:00+02:00
1167;Generación medida Energía residual;;;0.89;2024-04-16T17:00:00+02:00
1167;Generación medida Energía residual;;;1.298;2024-04-16T18:00:00+02:00
1167;Generación medida Energía residual;;;1.662;2024-04-16T19:00:00+02:00
1167;Generación medida Energía residual;;;1.155;2024-04-16T20:00:00+02:00
1167;Generación medida Energía residual;;;1.341;2024-04-16T21:00:00+02:00
1167;Generación medida Energía residual;;;1.779;2024-04-16T22:00:00+02:00
1167;Generación medida Energía residual;;;1.337;2024-04-16T23:00:00+02:00
1167;Generación medida Energía residual;;;1.548;2024-04-17T00:00:00+02:00
1167;Generación medida Energía residual;;;1.77;2024-04-17T01:00:00+02:00
1167;Generación medida Energía residual;;;1.34;2024-04-17T02:00:00+02:00
1167;Generación medida Energía residual;;;1.48;2024-04-17T03:00:00+02:00
1167;Generación medida Energía residual;;;1.798;2024-04-17T04:00:00+02:00
1167;Generación medida Energía residual;;;1.508;2024-04-17T05:00:00+02:00
1167;Generación medida Energía residual;;;1.108;2024-04-17T06:00:00+02:00
1167;Generación medida Energía residual;;;6.448;2024-04-17T07:00:00+02:00
1167;Generación medida Energía residual;;;11.147;2024-04-17T08:00:00+02:00
1167;Generación medida Energía residual;;;12.659;2024-04-17T09:00:00+02:00
1167;Generación medida Energía residual;;;11.09;2024-04-17T10:00:00+02:00
1167;Generación medida Energía residual;;;14.469;2024-04-17T11:00:00+02:00
1167;Generación medida Energía residual;;;11.607;2024-04-17T12:00:00+02:00
1167;Generación medida Energía residual;;;1.836;2024-04-17T13:00:00+02:00
1167;Generación medida Energía residual;;;1.544;2024-04-17T14:00:00+02:00
1167;Generación medida Energía residual;;;0.779;2024-04-17T15:00:00+02:00
1167;Generación medida Energía residual;;;0.716;2024-04-17T16:00:00+02:00
1167;Generación medida Energía residual;;;0.798;2024-04-17T17:00:00+02:00
1167;Generación medida Energía residual;;;1.572;2024-04-17T18:00:00+02:00
1167;Generación medida Energía residual;;;2.182;2024-04-17T19:00:00+02:00
1167;Generación medida Energía residual;;;3.156;2024-04-17T20:00:00+02:00
1167;Generación medida Energía residual;;;1.098;2024-04-17T21:00:00+02:00
1167;Generación medida Energía residual;;;1.338;2024-04-17T22:00:00+02:00
1167;Generación medida Energía residual;;;1.704;2024-04-17T23:00:00+02:00
1167;Generación medida Energía residual;;;1.309;2024-04-18T00:00:00+02:00
1167;Generación medida Energía residual;;;1.415;2024-04-18T01:00:00+02:00
1167;Generación medida Energía residual;;;1.719;2024-04-18T02:00:00+02:00
1167;Generación medida Energía residual;;;1.394;2024-04-18T03:00:00+02:00
1167;Generación medida Energía residual;;;1.297;2024-04-18T04:00:00+02:00
1167;Generación medida Energía residual;;;1.686;2024-04-18T05:00:00+02:00
1167;Generación medida Energía residual;;;1.224;2024-04-18T06:00:00+02:00
1167;Generación medida Energía residual;;;4.253;2024-04-18T07:00:00+02:00
1167;Generación medida Energía residual;;;10.37;2024-04-18T08:00:00+02:00
1167;Generación medida Energía residual;;;7.345;2024-04-18T09:00:00+02:00
1167;Generación medida Energía residual;;;7.553;2024-04-18T10:00:00+02:00
1167;Generación medida Energía residual;;;4.049;2024-04-18T11:00:00+02:00
1167;Generación medida Energía residual;;;2.849;2024-04-18T12:00:00+02:00
1167;Generación medida Energía residual;;;2.219;2024-04-18T13:00:00+02:00
1167;Generación medida Energía residual;;;0.889;2024-04-18T14:00:00+02:00
1167;Generación medida Energía residual;;;0.567;2024-04-18T15:00:00+02:00
1167;Generación medida Energía residual;;;2.849;2024-04-18T16:00:00+02:00
1167;Generación medida Energía residual;;;3.327;2024-04-18T17:00:00+02:00
1167;Generación medida Energía residual;;;3.327;2024-04-18T18:00:00+02:00
1167;Generación medida Energía residual;;;2.976;2024-04-18T19:00:00+02:00
1167;Generación medida Energía residual;;;3.363;2024-04-18T20:00:00+02:00
1167;Generación medida Energía residual;;;3.343;2024-04-18T21:00:00+02:00
1167;Generación medida Energía residual;;;3.286;2024-04-18T22:00:00+02:00
1167;Generación medida Energía residual;;;3.81;2024-04-18T23:00:00+02:00
1167;Generación medida Energía residual;;;3.399;2024-04-19T00:00:00+02:00
1167;Generación medida Energía residual;;;3.567;2024-04-19T01:00:00+02:00
1167;Generación medida Energía residual;;;3.645;2024-04-19T02:00:00+02:00
1167;Generación medida Energía residual;;;3.433;2024-04-19T03:00:00+02:00
1167;Generación medida Energía residual;;;3.86;2024-04-19T04:00:00+02:00
1167;Generación medida Energía residual;;;3.669;2024-04-19T05:00:00+02:00
1167;Generación medida Energía residual;;;3.178;2024-04-19T06:00:00+02:00
1167;Generación medida Energía residual;;;8.167;2024-04-19T07:00:00+02:00
1167;Generación medida Energía residual;;;10.214;2024-04-19T08:00:00+02:00
1167;Generación medida Energía residual;;;6.11;2024-04-19T09:00:00+02:00
1167;Generación medida Energía residual;;;3.379;2024-04-19T10:00:00+02:00
1167;Generación medida Energía residual;;;1.535;2024-04-19T11:00:00+02:00
1167;Generación medida Energía residual;;;1.37;2024-04-19T12:00:00+02:00
1167;Generación medida Energía residual;;;1.442;2024-04-19T13:00:00+02:00
1167;Generación medida Energía residual;;;1.474;2024-04-19T14:00:00+02:00
1167;Generación medida Energía residual;;;1.317;2024-04-19T15:00:00+02:00
1167;Generación medida Energía residual;;;1.845;2024-04-19T16:00:00+02:00
1167;Generación medida Energía residual;;;1.444;2024-04-19T17:00:00+02:00
1167;Generación medida Energía residual;;;1.335;2024-04-19T18:00:00+02:00
1167;Generación medida Energía residual;;;1.667;2024-04-19T19:00:00+02:00
1167;Generación medida Energía residual;;;1.251;2024-04-19T20:00:00+02:00
1167;Generación medida Energía residual;;;1.164;2024-04-19T21:00:00+02:00
1167;Generación medida Energía residual;;;1.213;2024-04-19T22:00:00+02:00
1167;Generación medida Energía residual;;;1.193;2024-04-19T23:00:00+02:00
1167;Generación medida Energía residual;;;1.136;2024-04-20T00:00:00+02:00
1167;Generación medida Energía residual;;;0.993;2024-04-20T01:00:00+02:00
1167;Generación medida Energía residual;;;0.95;2024-04-20T02:00:00+02:00
1167;Generación medida Energía residual;;;1.317;2024-04-20T03:00:00+02:00
1167;Generación medida Energía residual;;;1.334;2024-04-20T04:00:00+02:00
1167;Generación medida Energía residual;;;1.033;2024-04-20T05:00:00+02:00
1167;Generación medida Energía residual;;;1.18;2024-04-20T06:00:00+02:00
1167;Generación medida Energía residual;;;1.539;2024-04-20T07:00:00+02:00
1167;Generación medida Energía residual;;;1.192;2024-04-20T08:00:00+02:00
1167;Generación medida Energía residual;;;1.006;2024-04-20T09:00:00+02:00
1167;Generación medida Energía residual;;;1.075;2024-04-20T10:00:00+02:00
1167;Generación medida Energía residual;;;0.989;2024-04-20T11:00:00+02:00
1167;Generación medida Energía residual;;;0.863;2024-04-20T12:00:00+02:00
1167;Generación medida Energía residual;;;0.963;2024-04-20T13:00:00+02:00
1167;Generación medida Energía residual;;;0.83;2024-04-20T14:00:00+02:00
1167;Generación medida Energía residual;;;0.767;2024-04-20T15:00:00+02:00
1167;Generación medida Energía residual;;;0.888;2024-04-20T16:00:00+02:00
1167;Generación medida Energía residual;;;0.874;2024-04-20T17:00:00+02:00
1167;Generación medida Energía residual;;;1.007;2024-04-20T18:00:00+02:00
1167;Generación medida Energía residual;;;1.02;2024-04-20T19:00:00+02:00
1167;Generación medida Energía residual;;;0.924;2024-04-20T20:00:00+02:00
1167;Generación medida Energía residual;;;1.028;2024-04-20T21:00:00+02:00
1167;Generación medida Energía residual;;;1.042;2024-04-20T22:00:00+02:00
1167;Generación medida Energía residual;;;0.878;2024-04-20T23:00:00+02:00
1167;Generación medida Energía residual;;;1.125;2024-04-21T00:00:00+02:00
1167;Generación medida Energía residual;;;1.076;2024-04-21T01:00:00+02:00
1167;Generación medida Energía residual;;;0.929;2024-04-21T02:00:00+02:00
1167;Generación medida Energía residual;;;0.921;2024-04-21T03:00:00+02:00
1167;Generación medida Energía residual;;;0.731;2024-04-21T04:00:00+02:00
1167;Generación medida Energía residual;;;0.693;2024-04-21T05:00:00+02:00
1167;Generación medida Energía residual;;;0.635;2024-04-21T06:00:00+02:00
1167;Generación medida Energía residual;;;0.637;2024-04-21T07:00:00+02:00
1167;Generación medida Energía residual;;;0.775;2024-04-21T08:00:00+02:00
1167;Generación medida Energía residual;;;0.78;2024-04-21T09:00:00+02:00
1167;Generación medida Energía residual;;;0.756;2024-04-21T10:00:00+02:00
1167;Generación medida Energía residual;;;0.787;2024-04-21T11:00:00+02:00
1167;Generación medida Energía residual;;;0.816;2024-04-21T12:00:00+02:00
1167;Generación medida Energía residual;;;0.814;2024-04-21T13:00:00+02:00
1167;Generación medida Energía residual;;;0.87;2024-04-21T14:00:00+02:00
1167;Generación medida Energía residual;;;0.765;2024-04-21T15:00:00+02:00
1167;Generación medida Energía residual;;;0.796;2024-04-21T16:00:00+02:00
1167;Generación medida Energía residual;;;0.832;2024-04-21T17:00:00+02:00
1167;Generación medida Energía residual;;;0.834;2024-04-21T18:00:00+02:00
1167;Generación medida Energía residual;;;0.959;2024-04-21T19:00:00+02:00
1167;Generación medida Energía residual;;;0.863;2024-04-21T20:00:00+02:00
1167;Generación medida Energía residual;;;0.841;2024-04-21T21:00:00+02:00
1167;Generación medida Energía residual;;;0.937;2024-04-21T22:00:00+02:00
1167;Generación medida Energía residual;;;0.914;2024-04-21T23:00:00+02:00
1167;Generación medida Energía residual;;;0.883;2024-04-22T00:00:00+02:00
1167;Generación medida Energía residual;;;0.822;2024-04-22T01:00:00+02:00
1167;Generación medida Energía residual;;;0.786;2024-04-22T02:00:00+02:00
1167;Generación medida Energía residual;;;0.755;2024-04-22T03:00:00+02:00
1167;Generación medida Energía residual;;;0.73;2024-04-22T04:00:00+02:00
1167;Generación medida Energía residual;;;0.701;2024-04-22T05:00:00+02:00
1167;Generación medida Energía residual;;;0.711;2024-04-22T06:00:00+02:00
1167;Generación medida Energía residual;;;0.945;2024-04-22T07:00:00+02:00
1167;Generación medida Energía residual;;;5.916;2024-04-22T08:00:00+02:00
1167;Generación medida Energía residual;;;7.418;2024-04-22T09:00:00+02:00
1167;Generación medida Energía residual;;;6.444;2024-04-22T10:00:00+02:00
1167;Generación medida Energía residual;;;9.33;2024-04-22T11:00:00+02:00
1167;Generación medida Energía residual;;;1.162;2024-04-22T12:00:00+02:00
1167;Generación medida Energía residual;;;1.065;2024-04-22T13:00:00+02:00
1167;Generación medida Energía residual;;;0.985;2024-04-22T14:00:00+02:00
1167;Generación medida Energía residual;;;1.149;2024-04-22T15:00:00+02:00
1167;Generación medida Energía residual;;;0.71;2024-04-22T16:00:00+02:00
1167;Generación medida Energía residual;;;0.76;2024-04-22T17:00:00+02:00
1167;Generación medida Energía residual;;;2.854;2024-04-22T18:00:00+02:00
1167;Generación medida Energía residual;;;3.176;2024-04-22T19:00:00+02:00
1167;Generación medida Energía residual;;;1.7;2024-04-22T20:00:00+02:00
1167;Generación medida Energía residual;;;1.474;2024-04-22T21:00:00+02:00
1167;Generación medida Energía residual;;;1.545;2024-04-22T22:00:00+02:00
1167;Generación medida Energía residual;;;1.012;2024-04-22T23:00:00+02:00
1167;Generación medida Energía residual;;;0.972;2024-04-23T00:00:00+02:00
1167;Generación medida Energía residual;;;1.252;2024-04-23T01:00:00+02:00
1167;Generación medida Energía residual;;;0.975;2024-04-23T02:00:00+02:00
1167;Generación medida Energía residual;;;0.814;2024-04-23T03:00:00+02:00
1167;Generación medida Energía residual;;;0.776;2024-04-23T04:00:00+02:00
1167;Generación medida Energía residual;;;0.76;2024-04-23T05:00:00+02:00
1167;Generación medida Energía residual;;;0.696;2024-04-23T06:00:00+02:00
1167;Generación medida Energía residual;;;4.776;2024-04-23T07:00:00+02:00
1167;Generación medida Energía residual;;;7.759;2024-04-23T08:00:00+02:00
1167;Generación medida Energía residual;;;2.566;2024-04-23T09:00:00+02:00
1167;Generación medida Energía residual;;;6.157;2024-04-23T10:00:00+02:00
1167;Generación medida Energía residual;;;9.67;2024-04-23T11:00:00+02:00
1167;Generación medida Energía residual;;;8.032;2024-04-23T12:00:00+02:00
1167;Generación medida Energía residual;;;0.784;2024-04-23T13:00:00+02:00
1167;Generación medida Energía residual;;;3.049;2024-04-23T14:00:00+02:00
1167;Generación medida Energía residual;;;6.245;2024-04-23T15:00:00+02:00
1167;Generación medida Energía residual;;;1.183;2024-04-23T16:00:00+02:00
1167;Generación medida Energía residual;;;2.349;2024-04-23T17:00:00+02:00
1167;Generación medida Energía residual;;;2.497;2024-04-23T18:00:00+02:00
1167;Generación medida Energía residual;;;1.041;2024-04-23T19:00:00+02:00
1167;Generación medida Energía residual;;;1.167;2024-04-23T20:00:00+02:00
1167;Generación medida Energía residual;;;0.854;2024-04-23T21:00:00+02:00
1167;Generación medida Energía residual;;;0.975;2024-04-23T22:00:00+02:00
1167;Generación medida Energía residual;;;1.167;2024-04-23T23:00:00+02:00
1167;Generación medida Energía residual;;;0.991;2024-04-24T00:00:00+02:00
1167;Generación medida Energía residual;;;1.08;2024-04-24T01:00:00+02:00
1167;Generación medida Energía residual;;;1.227;2024-04-24T02:00:00+02:00
1167;Generación medida Energía residual;;;1.135;2024-04-24T03:00:00+02:00
1167;Generación medida Energía residual;;;1.037;2024-04-24T04:00:00+02:00
1167;Generación medida Energía residual;;;1.244;2024-04-24T05:00:00+02:00
1167;Generación medida Energía residual;;;0.995;2024-04-24T06:00:00+02:00
1167;Generación medida Energía residual;;;0.768;2024-04-24T07:00:00+02:00
1167;Generación medida Energía residual;;;6.086;2024-04-24T08:00:00+02:00
1167;Generación medida Energía residual;;;9.295;2024-04-24T09:00:00+02:00
1167;Generación medida Energía residual;;;7.394;2024-04-24T10:00:00+02:00
1167;Generación medida Energía residual;;;11.024;2024-04-24T11:00:00+02:00
1167;Generación medida Energía residual;;;8.438;2024-04-24T12:00:00+02:00
1167;Generación medida Energía residual;;;3.006;2024-04-24T13:00:00+02:00
1167;Generación medida Energía residual;;;3.123;2024-04-24T14:00:00+02:00
1167;Generación medida Energía residual;;;6.214;2024-04-24T15:00:00+02:00
1167;Generación medida Energía residual;;;3.051;2024-04-24T16:00:00+02:00
1167;Generación medida Energía residual;;;2.404;2024-04-24T17:00:00+02:00
1167;Generación medida Energía residual;;;3.137;2024-04-24T18:00:00+02:00
1167;Generación medida Energía residual;;;3.201;2024-04-24T19:00:00+02:00
1167;Generación medida Energía residual;;;3.187;2024-04-24T20:00:00+02:00
1167;Generación medida Energía residual;;;2.634;2024-04-24T21:00:00+02:00
1167;Generación medida Energía residual;;;3.392;2024-04-24T22:00:00+02:00
1167;Generación medida Energía residual;;;3.427;2024-04-24T23:00:00+02:00
1167;Generación medida Energía residual;;;3.149;2024-04-25T00:00:00+02:00
1167;Generación medida Energía residual;;;3.021;2024-04-25T01:00:00+02:00
1167;Generación medida Energía residual;;;2.122;2024-04-25T02:00:00+02:00
1167;Generación medida Energía residual;;;1.892;2024-04-25T03:00:00+02:00
1167;Generación medida Energía residual;;;1.997;2024-04-25T04:00:00+02:00
1167;Generación medida Energía residual;;;2.06;2024-04-25T05:00:00+02:00
1167;Generación medida Energía residual;;;1.796;2024-04-25T06:00:00+02:00
1167;Generación medida Energía residual;;;2.887;2024-04-25T07:00:00+02:00
1167;Generación medida Energía residual;;;8.557;2024-04-25T08:00:00+02:00
1167;Generación medida Energía residual;;;10.494;2024-04-25T09:00:00+02:00
1167;Generación medida Energía residual;;;8.092;2024-04-25T10:00:00+02:00
1167;Generación medida Energía residual;;;11.814;2024-04-25T11:00:00+02:00
1167;Generación medida Energía residual;;;3.17;2024-04-25T12:00:00+02:00
1167;Generación medida Energía residual;;;3.727;2024-04-25T13:00:00+02:00
1167;Generación medida Energía residual;;;8.675;2024-04-25T14:00:00+02:00
1167;Generación medida Energía residual;;;4.898;2024-04-25T15:00:00+02:00
1167;Generación medida Energía residual;;;3.824;2024-04-25T16:00:00+02:00
1167;Generación medida Energía residual;;;3.979;2024-04-25T17:00:00+02:00
1167;Generación medida Energía residual;;;2.831;2024-04-25T18:00:00+02:00
1167;Generación medida Energía residual;;;3.346;2024-04-25T19:00:00+02:00
1167;Generación medida Energía residual;;;2.643;2024-04-25T20:00:00+02:00
1167;Generación medida Energía residual;;;2.977;2024-04-25T21:00:00+02:00
1167;Generación medida Energía residual;;;3.232;2024-04-25T22:00:00+02:00
1167;Generación medida Energía residual;;;3.223;2024-04-25T23:00:00+02:00
1167;Generación medida Energía residual;;;3.212;2024-04-26T00:00:00+02:00
1167;Generación medida Energía residual;;;3.114;2024-04-26T01:00:00+02:00
1167;Generación medida Energía residual;;;3.085;2024-04-26T02:00:00+02:00
1167;Generación medida Energía residual;;;3.143;2024-04-26T03:00:00+02:00
1167;Generación medida Energía residual;;;3.277;2024-04-26T04:00:00+02:00
1167;Generación medida Energía residual;;;3.165;2024-04-26T05:00:00+02:00
1167;Generación medida Energía residual;;;3.06;2024-04-26T06:00:00+02:00
1167;Generación medida Energía residual;;;8.425;2024-04-26T07:00:00+02:00
1167;Generación medida Energía residual;;;11.463;2024-04-26T08:00:00+02:00
1167;Generación medida Energía residual;;;5.367;2024-04-26T09:00:00+02:00
1167;Generación medida Energía residual;;;2.179;2024-04-26T10:00:00+02:00
1167;Generación medida Energía residual;;;1.532;2024-04-26T11:00:00+02:00
1167;Generación medida Energía residual;;;0.372;2024-04-26T12:00:00+02:00
1167;Generación medida Energía residual;;;0.039;2024-04-26T13:00:00+02:00
1167;Generación medida Energía residual;;;0.064;2024-04-26T16:00:00+02:00
1167;Generación medida Energía residual;;;0.156;2024-04-26T17:00:00+02:00
1167;Generación medida Energía residual;;;0.099;2024-04-26T19:00:00+02:00
1167;Generación medida Energía residual;;;0.105;2024-04-26T20:00:00+02:00
1167;Generación medida Energía residual;;;0.046;2024-04-27T02:00:00+02:00
1167;Generación medida Energía residual;;;0.129;2024-04-27T17:00:00+02:00
1167;Generación medida Energía residual;;;0.123;2024-04-27T19:00:00+02:00
1167;Generación medida Energía residual;;;0.397;2024-04-27T20:00:00+02:00
1167;Generación medida Energía residual;;;0.278;2024-04-27T23:00:00+02:00
1167;Generación medida Energía residual;;;0.008;2024-04-28T01:00:00+02:00
1167;Generación medida Energía residual;;;0.391;2024-04-28T02:00:00+02:00
1167;Generación medida Energía residual;;;0.442;2024-04-28T05:00:00+02:00
1167;Generación medida Energía residual;;;0.1;2024-04-28T06:00:00+02:00
1167;Generación medida Energía residual;;;0.261;2024-04-28T08:00:00+02:00
1167;Generación medida Energía residual;;;0.502;2024-04-28T09:00:00+02:00
1167;Generación medida Energía residual;;;0.149;2024-04-28T10:00:00+02:00
1167;Generación medida Energía residual;;;0.092;2024-04-28T11:00:00+02:00
1167;Generación medida Energía residual;;;0.312;2024-04-28T12:00:00+02:00
1167;Generación medida Energía residual;;;0.1;2024-04-28T13:00:00+02:00
1167;Generación medida Energía residual;;;0.128;2024-04-28T15:00:00+02:00
1167;Generación medida Energía residual;;;0.269;2024-04-28T16:00:00+02:00
1167;Generación medida Energía residual;;;0.176;2024-04-28T19:00:00+02:00
1167;Generación medida Energía residual;;;0.163;2024-04-28T20:00:00+02:00
1167;Generación medida Energía residual;;;0.116;2024-04-28T22:00:00+02:00
1167;Generación medida Energía residual;;;0.417;2024-04-28T23:00:00+02:00
1167;Generación medida Energía residual;;;0.076;2024-04-29T00:00:00+02:00
1167;Generación medida Energía residual;;;0.457;2024-04-29T02:00:00+02:00
1167;Generación medida Energía residual;;;0.313;2024-04-29T03:00:00+02:00
1167;Generación medida Energía residual;;;0.055;2024-04-29T04:00:00+02:00
1167;Generación medida Energía residual;;;0.178;2024-04-29T05:00:00+02:00
1167;Generación medida Energía residual;;;0.228;2024-04-29T06:00:00+02:00
1167;Generación medida Energía residual;;;0.209;2024-04-29T07:00:00+02:00
1167;Generación medida Energía residual;;;7.683;2024-04-29T08:00:00+02:00
1167;Generación medida Energía residual;;;3.818;2024-04-29T09:00:00+02:00
1167;Generación medida Energía residual;;;0.079;2024-04-29T10:00:00+02:00
1167;Generación medida Energía residual;;;1.591;2024-04-29T12:00:00+02:00
1167;Generación medida Energía residual;;;6.643;2024-04-29T13:00:00+02:00
1167;Generación medida Energía residual;;;7.991;2024-04-29T14:00:00+02:00
1167;Generación medida Energía residual;;;4.242;2024-04-29T15:00:00+02:00
1167;Generación medida Energía residual;;;2.273;2024-04-29T16:00:00+02:00
1167;Generación medida Energía residual;;;5.847;2024-04-29T17:00:00+02:00
1167;Generación medida Energía residual;;;4.223;2024-04-29T18:00:00+02:00
1167;Generación medida Energía residual;;;0.484;2024-04-29T19:00:00+02:00
1167;Generación medida Energía residual;;;0.064;2024-04-29T20:00:00+02:00
1167;Generación medida Energía residual;;;0.123;2024-04-29T21:00:00+02:00
1167;Generación medida Energía residual;;;0.454;2024-04-29T22:00:00+02:00
1167;Generación medida Energía residual;;;0.004;2024-04-29T23:00:00+02:00
1167;Generación medida Energía residual;;;0.415;2024-04-30T01:00:00+02:00
1167;Generación medida Energía residual;;;0.382;2024-04-30T02:00:00+02:00
1167;Generación medida Energía residual;;;0.025;2024-04-30T03:00:00+02:00
1167;Generación medida Energía residual;;;0.333;2024-04-30T04:00:00+02:00
1167;Generación medida Energía residual;;;0.536;2024-04-30T05:00:00+02:00
1167;Generación medida Energía residual;;;0.683;2024-04-30T07:00:00+02:00
1167;Generación medida Energía residual;;;1.103;2024-04-30T08:00:00+02:00
1167;Generación medida Energía residual;;;1.589;2024-04-30T09:00:00+02:00
1167;Generación medida Energía residual;;;9.959;2024-04-30T10:00:00+02:00
1167;Generación medida Energía residual;;;2.027;2024-04-30T11:00:00+02:00
1167;Generación medida Energía residual;;;2.007;2024-04-30T12:00:00+02:00
1167;Generación medida Energía residual;;;9.22;2024-04-30T13:00:00+02:00
1167;Generación medida Energía residual;;;9.61;2024-04-30T14:00:00+02:00
1167;Generación medida Energía residual;;;9.553;2024-04-30T15:00:00+02:00
1167;Generación medida Energía residual;;;3.23;2024-04-30T16:00:00+02:00
1167;Generación medida Energía residual;;;0.02;2024-04-30T20:00:00+02:00
1167;Generación medida Energía residual;;;0.308;2024-04-30T23:00:00+02:00
1159;Generación medida Eólica terrestre;;;11728.931;2024-04-01T00:00:00+02:00
1159;Generación medida Eólica terrestre;;;11276.647;2024-04-01T01:00:00+02:00
1159;Generación medida Eólica terrestre;;;10423.174;2024-04-01T02:00:00+02:00
1159;Generación medida Eólica terrestre;;;10120.533;2024-04-01T03:00:00+02:00
1159;Generación medida Eólica terrestre;;;9657.049;2024-04-01T04:00:00+02:00
1159;Generación medida Eólica terrestre;;;9784.073;2024-04-01T05:00:00+02:00
1159;Generación medida Eólica terrestre;;;10281.8;2024-04-01T06:00:00+02:00
1159;Generación medida Eólica terrestre;;;10874.267;2024-04-01T07:00:00+02:00
1159;Generación medida Eólica terrestre;;;10941.304;2024-04-01T08:00:00+02:00
1159;Generación medida Eólica terrestre;;;10378.249;2024-04-01T09:00:00+02:00
1159;Generación medida Eólica terrestre;;;8624.774;2024-04-01T10:00:00+02:00
1159;Generación medida Eólica terrestre;;;7987.888;2024-04-01T11:00:00+02:00
1159;Generación medida Eólica terrestre;;;7059.872;2024-04-01T12:00:00+02:00
1159;Generación medida Eólica terrestre;;;6763.076;2024-04-01T13:00:00+02:00
1159;Generación medida Eólica terrestre;;;6995.298;2024-04-01T14:00:00+02:00
1159;Generación medida Eólica terrestre;;;6050.044;2024-04-01T15:00:00+02:00
1159;Generación medida Eólica terrestre;;;6110.642;2024-04-01T16:00:00+02:00
1159;Generación medida Eólica terrestre;;;6011.76;2024-04-01T17:00:00+02:00
1159;Generación medida Eólica terrestre;;;7196.566;2024-04-01T18:00:00+02:00
1159;Generación medida Eólica terrestre;;;8618.393;2024-04-01T19:00:00+02:00
1159;Generación medida Eólica terrestre;;;11553.267;2024-04-01T20:00:00+02:00
1159;Generación medida Eólica terrestre;;;12104.791;2024-04-01T21:00:00+02:00
1159;Generación medida Eólica terrestre;;;11582.785;2024-04-01T22:00:00+02:00
1159;Generación medida Eólica terrestre;;;11183.236;2024-04-01T23:00:00+02:00
1159;Generación medida Eólica terrestre;;;10945.192;2024-04-02T00:00:00+02:00
1159;Generación medida Eólica terrestre;;;9945.597;2024-04-02T01:00:00+02:00
1159;Generación medida Eólica terrestre;;;8706.928;2024-04-02T02:00:00+02:00
1159;Generación medida Eólica terrestre;;;8090.826;2024-04-02T03:00:00+02:00
1159;Generación medida Eólica terrestre;;;7498.981;2024-04-02T04:00:00+02:00
1159;Generación medida Eólica terrestre;;;7138.065;2024-04-02T05:00:00+02:00
1159;Generación medida Eólica terrestre;;;7535.93;2024-04-02T06:00:00+02:00
1159;Generación medida Eólica terrestre;;;7347.646;2024-04-02T07:00:00+02:00
1159;Generación medida Eólica terrestre;;;7198.686;2024-04-02T08:00:00+02:00
1159;Generación medida Eólica terrestre;;;6920.55;2024-04-02T09:00:00+02:00
1159;Generación medida Eólica terrestre;;;6107.66;2024-04-02T10:00:00+02:00
1159;Generación medida Eólica terrestre;;;6485.059;2024-04-02T11:00:00+02:00
1159;Generación medida Eólica terrestre;;;7292.577;2024-04-02T12:00:00+02:00
1159;Generación medida Eólica terrestre;;;6373.745;2024-04-02T13:00:00+02:00
1159;Generación medida Eólica terrestre;;;6340.297;2024-04-02T14:00:00+02:00
1159;Generación medida Eólica terrestre;;;6696.48;2024-04-02T15:00:00+02:00
1159;Generación medida Eólica terrestre;;;7617.288;2024-04-02T16:00:00+02:00
1159;Generación medida Eólica terrestre;;;8101.321;2024-04-02T17:00:00+02:00
1159;Generación medida Eólica terrestre;;;9442.261;2024-04-02T18:00:00+02:00
1159;Generación medida Eólica terrestre;;;10999.061;2024-04-02T19:00:00+02:00
1159;Generación medida Eólica terrestre;;;11670.328;2024-04-02T20:00:00+02:00
1159;Generación medida Eólica terrestre;;;11653.934;2024-04-02T21:00:00+02:00
1159;Generación medida Eólica terrestre;;;11611.8;2024-04-02T22:00:00+02:00
1159;Generación medida Eólica terrestre;;;11573.124;2024-04-02T23:00:00+02:00
1159;Generación medida Eólica terrestre;;;11365.419;2024-04-03T00:00:00+02:00
1159;Generación medida Eólica terrestre;;;10210.444;2024-04-03T01:00:00+02:00
1159;Generación medida Eólica terrestre;;;10231.594;2024-04-03T02:00:00+02:00
1159;Generación medida Eólica terrestre;;;9797.013;2024-04-03T03:00:00+02:00
1159;Generación medida Eólica terrestre;;;10051.662;2024-04-03T04:00:00+02:00
1159;Generación medida Eólica terrestre;;;9903.782;2024-04-03T05:00:00+02:00
1159;Generación medida Eólica terrestre;;;9971.885;2024-04-03T06:00:00+02:00
1159;Generación medida Eólica terrestre;;;9538.112;2024-04-03T07:00:00+02:00
1159;Generación medida Eólica terrestre;;;8558.82;2024-04-03T08:00:00+02:00
1159;Generación medida Eólica terrestre;;;7748.101;2024-04-03T09:00:00+02:00
1159;Generación medida Eólica terrestre;;;7071.372;2024-04-03T10:00:00+02:00
1159;Generación medida Eólica terrestre;;;6840.906;2024-04-03T11:00:00+02:00
1159;Generación medida Eólica terrestre;;;6492.985;2024-04-03T12:00:00+02:00
1159;Generación medida Eólica terrestre;;;6104.97;2024-04-03T13:00:00+02:00
1159;Generación medida Eólica terrestre;;;5819.749;2024-04-03T14:00:00+02:00
1159;Generación medida Eólica terrestre;;;5049.452;2024-04-03T15:00:00+02:00
1159;Generación medida Eólica terrestre;;;4467.475;2024-04-03T16:00:00+02:00
1159;Generación medida Eólica terrestre;;;4554.146;2024-04-03T17:00:00+02:00
1159;Generación medida Eólica terrestre;;;4823.488;2024-04-03T18:00:00+02:00
1159;Generación medida Eólica terrestre;;;5639.89;2024-04-03T19:00:00+02:00
1159;Generación medida Eólica terrestre;;;6519.07;2024-04-03T20:00:00+02:00
1159;Generación medida Eólica terrestre;;;7354.408;2024-04-03T21:00:00+02:00
1159;Generación medida Eólica terrestre;;;7123.13;2024-04-03T22:00:00+02:00
1159;Generación medida Eólica terrestre;;;7208.224;2024-04-03T23:00:00+02:00
1159;Generación medida Eólica terrestre;;;6970.398;2024-04-04T00:00:00+02:00
1159;Generación medida Eólica terrestre;;;6185.271;2024-04-04T01:00:00+02:00
1159;Generación medida Eólica terrestre;;;6447.288;2024-04-04T02:00:00+02:00
1159;Generación medida Eólica terrestre;;;6455.185;2024-04-04T03:00:00+02:00
1159;Generación medida Eólica terrestre;;;6075.658;2024-04-04T04:00:00+02:00
1159;Generación medida Eólica terrestre;;;5679.377;2024-04-04T05:00:00+02:00
1159;Generación medida Eólica terrestre;;;5454.323;2024-04-04T06:00:00+02:00
1159;Generación medida Eólica terrestre;;;5277.539;2024-04-04T07:00:00+02:00
1159;Generación medida Eólica terrestre;;;5069.539;2024-04-04T08:00:00+02:00
1159;Generación medida Eólica terrestre;;;4209.26;2024-04-04T09:00:00+02:00
1159;Generación medida Eólica terrestre;;;3896.036;2024-04-04T10:00:00+02:00
1159;Generación medida Eólica terrestre;;;3546.732;2024-04-04T11:00:00+02:00
1159;Generación medida Eólica terrestre;;;3008.424;2024-04-04T12:00:00+02:00
1159;Generación medida Eólica terrestre;;;2282.693;2024-04-04T13:00:00+02:00
1159;Generación medida Eólica terrestre;;;2121.47;2024-04-04T14:00:00+02:00
1159;Generación medida Eólica terrestre;;;2569.99;2024-04-04T15:00:00+02:00
1159;Generación medida Eólica terrestre;;;3454.654;2024-04-04T16:00:00+02:00
1159;Generación medida Eólica terrestre;;;4579.288;2024-04-04T17:00:00+02:00
1159;Generación medida Eólica terrestre;;;6143.798;2024-04-04T18:00:00+02:00
1159;Generación medida Eólica terrestre;;;6772.491;2024-04-04T19:00:00+02:00
1159;Generación medida Eólica terrestre;;;8946.888;2024-04-04T20:00:00+02:00
1159;Generación medida Eólica terrestre;;;10800.771;2024-04-04T21:00:00+02:00
1159;Generación medida Eólica terrestre;;;10514.84;2024-04-04T22:00:00+02:00
1159;Generación medida Eólica terrestre;;;10001.224;2024-04-04T23:00:00+02:00
1159;Generación medida Eólica terrestre;;;9442.424;2024-04-05T00:00:00+02:00
1159;Generación medida Eólica terrestre;;;9211.371;2024-04-05T01:00:00+02:00
1159;Generación medida Eólica terrestre;;;8793.26;2024-04-05T02:00:00+02:00
1159;Generación medida Eólica terrestre;;;8068.396;2024-04-05T03:00:00+02:00
1159;Generación medida Eólica terrestre;;;8019.458;2024-04-05T04:00:00+02:00
1159;Generación medida Eólica terrestre;;;7744.556;2024-04-05T05:00:00+02:00
1159;Generación medida Eólica terrestre;;;8227.911;2024-04-05T06:00:00+02:00
1159;Generación medida Eólica terrestre;;;9286.506;2024-04-05T07:00:00+02:00
1159;Generación medida Eólica terrestre;;;8842.361;2024-04-05T08:00:00+02:00
1159;Generación medida Eólica terrestre;;;7170.322;2024-04-05T09:00:00+02:00
1159;Generación medida Eólica terrestre;;;6474.161;2024-04-05T10:00:00+02:00
1159;Generación medida Eólica terrestre;;;5489.06;2024-04-05T11:00:00+02:00
1159;Generación medida Eólica terrestre;;;4975.518;2024-04-05T12:00:00+02:00
1159;Generación medida Eólica terrestre;;;4338.073;2024-04-05T13:00:00+02:00
1159;Generación medida Eólica terrestre;;;5117.468;2024-04-05T14:00:00+02:00
1159;Generación medida Eólica terrestre;;;4897.139;2024-04-05T15:00:00+02:00
1159;Generación medida Eólica terrestre;;;5013.747;2024-04-05T16:00:00+02:00
1159;Generación medida Eólica terrestre;;;4909.002;2024-04-05T17:00:00+02:00
1159;Generación medida Eólica terrestre;;;7258.149;2024-04-05T18:00:00+02:00
1159;Generación medida Eólica terrestre;;;9355.417;2024-04-05T19:00:00+02:00
1159;Generación medida Eólica terrestre;;;11139.269;2024-04-05T20:00:00+02:00
1159;Generación medida Eólica terrestre;;;12271.854;2024-04-05T21:00:00+02:00
1159;Generación medida Eólica terrestre;;;12514.174;2024-04-05T22:00:00+02:00
1159;Generación medida Eólica terrestre;;;11820.677;2024-04-05T23:00:00+02:00
1159;Generación medida Eólica terrestre;;;9983.558;2024-04-06T00:00:00+02:00
1159;Generación medida Eólica terrestre;;;9576.618;2024-04-06T01:00:00+02:00
1159;Generación medida Eólica terrestre;;;8531.104;2024-04-06T02:00:00+02:00
1159;Generación medida Eólica terrestre;;;7407.878;2024-04-06T03:00:00+02:00
1159;Generación medida Eólica terrestre;;;6911.983;2024-04-06T04:00:00+02:00
1159;Generación medida Eólica terrestre;;;6599.652;2024-04-06T05:00:00+02:00
1159;Generación medida Eólica terrestre;;;6560.22;2024-04-06T06:00:00+02:00
1159;Generación medida Eólica terrestre;;;7340.366;2024-04-06T07:00:00+02:00
1159;Generación medida Eólica terrestre;;;7388.708;2024-04-06T08:00:00+02:00
1159;Generación medida Eólica terrestre;;;6380.768;2024-04-06T09:00:00+02:00
1159;Generación medida Eólica terrestre;;;9183.676;2024-04-06T10:00:00+02:00
1159;Generación medida Eólica terrestre;;;6156.412;2024-04-06T11:00:00+02:00
1159;Generación medida Eólica terrestre;;;5055.459;2024-04-06T12:00:00+02:00
1159;Generación medida Eólica terrestre;;;5433.248;2024-04-06T13:00:00+02:00
1159;Generación medida Eólica terrestre;;;5905.818;2024-04-06T14:00:00+02:00
1159;Generación medida Eólica terrestre;;;5766.828;2024-04-06T15:00:00+02:00
1159;Generación medida Eólica terrestre;;;5783.95;2024-04-06T16:00:00+02:00
1159;Generación medida Eólica terrestre;;;8430.414;2024-04-06T17:00:00+02:00
1159;Generación medida Eólica terrestre;;;9992.21;2024-04-06T18:00:00+02:00
1159;Generación medida Eólica terrestre;;;10190.603;2024-04-06T19:00:00+02:00
1159;Generación medida Eólica terrestre;;;9560.163;2024-04-06T20:00:00+02:00
1159;Generación medida Eólica terrestre;;;10008.381;2024-04-06T21:00:00+02:00
1159;Generación medida Eólica terrestre;;;8655.428;2024-04-06T22:00:00+02:00
1159;Generación medida Eólica terrestre;;;7866.595;2024-04-06T23:00:00+02:00
1159;Generación medida Eólica terrestre;;;6929.014;2024-04-07T00:00:00+02:00
1159;Generación medida Eólica terrestre;;;6353.705;2024-04-07T01:00:00+02:00
1159;Generación medida Eólica terrestre;;;5750.791;2024-04-07T02:00:00+02:00
1159;Generación medida Eólica terrestre;;;5196.761;2024-04-07T03:00:00+02:00
1159;Generación medida Eólica terrestre;;;4399.402;2024-04-07T04:00:00+02:00
1159;Generación medida Eólica terrestre;;;4047.746;2024-04-07T05:00:00+02:00
1159;Generación medida Eólica terrestre;;;3825.395;2024-04-07T06:00:00+02:00
1159;Generación medida Eólica terrestre;;;4071.925;2024-04-07T07:00:00+02:00
1159;Generación medida Eólica terrestre;;;3951.1;2024-04-07T08:00:00+02:00
1159;Generación medida Eólica terrestre;;;3935.094;2024-04-07T09:00:00+02:00
1159;Generación medida Eólica terrestre;;;3213.329;2024-04-07T10:00:00+02:00
1159;Generación medida Eólica terrestre;;;2254.255;2024-04-07T11:00:00+02:00
1159;Generación medida Eólica terrestre;;;2516.242;2024-04-07T12:00:00+02:00
1159;Generación medida Eólica terrestre;;;2165.383;2024-04-07T13:00:00+02:00
1159;Generación medida Eólica terrestre;;;1736.153;2024-04-07T14:00:00+02:00
1159;Generación medida Eólica terrestre;;;1437.349;2024-04-07T15:00:00+02:00
1159;Generación medida Eólica terrestre;;;1320.478;2024-04-07T16:00:00+02:00
1159;Generación medida Eólica terrestre;;;1641.295;2024-04-07T17:00:00+02:00
1159;Generación medida Eólica terrestre;;;2291.499;2024-04-07T18:00:00+02:00
1159;Generación medida Eólica terrestre;;;2456.621;2024-04-07T19:00:00+02:00
1159;Generación medida Eólica terrestre;;;3831.82;2024-04-07T20:00:00+02:00
1159;Generación medida Eólica terrestre;;;4266.67;2024-04-07T21:00:00+02:00
1159;Generación medida Eólica terrestre;;;4841.77;2024-04-07T22:00:00+02:00
1159;Generación medida Eólica terrestre;;;5668.716;2024-04-07T23:00:00+02:00
1159;Generación medida Eólica terrestre;;;6141.324;2024-04-08T00:00:00+02:00
1159;Generación medida Eólica terrestre;;;6837.113;2024-04-08T01:00:00+02:00
1159;Generación medida Eólica terrestre;;;6765.213;2024-04-08T02:00:00+02:00
1159;Generación medida Eólica terrestre;;;6792.037;2024-04-08T03:00:00+02:00
1159;Generación medida Eólica terrestre;;;6823.486;2024-04-08T04:00:00+02:00
1159;Generación medida Eólica terrestre;;;6959.913;2024-04-08T05:00:00+02:00
1159;Generación medida Eólica terrestre;;;7845.08;2024-04-08T06:00:00+02:00
1159;Generación medida Eólica terrestre;;;8155.216;2024-04-08T07:00:00+02:00
1159;Generación medida Eólica terrestre;;;8793.101;2024-04-08T08:00:00+02:00
1159;Generación medida Eólica terrestre;;;6578.267;2024-04-08T09:00:00+02:00
1159;Generación medida Eólica terrestre;;;6150.796;2024-04-08T10:00:00+02:00
1159;Generación medida Eólica terrestre;;;6687.747;2024-04-08T11:00:00+02:00
1159;Generación medida Eólica terrestre;;;6496.15;2024-04-08T12:00:00+02:00
1159;Generación medida Eólica terrestre;;;6535.832;2024-04-08T13:00:00+02:00
1159;Generación medida Eólica terrestre;;;6301.132;2024-04-08T14:00:00+02:00
1159;Generación medida Eólica terrestre;;;7779.579;2024-04-08T15:00:00+02:00
1159;Generación medida Eólica terrestre;;;9136.09;2024-04-08T16:00:00+02:00
1159;Generación medida Eólica terrestre;;;10077.422;2024-04-08T17:00:00+02:00
1159;Generación medida Eólica terrestre;;;9753.869;2024-04-08T18:00:00+02:00
1159;Generación medida Eólica terrestre;;;9683.491;2024-04-08T19:00:00+02:00
1159;Generación medida Eólica terrestre;;;10609.236;2024-04-08T20:00:00+02:00
1159;Generación medida Eólica terrestre;;;12847.216;2024-04-08T21:00:00+02:00
1159;Generación medida Eólica terrestre;;;11867.606;2024-04-08T22:00:00+02:00
1159;Generación medida Eólica terrestre;;;11574.194;2024-04-08T23:00:00+02:00
1159;Generación medida Eólica terrestre;;;9745.05;2024-04-09T00:00:00+02:00
1159;Generación medida Eólica terrestre;;;8341.099;2024-04-09T01:00:00+02:00
1159;Generación medida Eólica terrestre;;;8002.17;2024-04-09T02:00:00+02:00
1159;Generación medida Eólica terrestre;;;7882.612;2024-04-09T03:00:00+02:00
1159;Generación medida Eólica terrestre;;;7520.227;2024-04-09T04:00:00+02:00
1159;Generación medida Eólica terrestre;;;8427.339;2024-04-09T05:00:00+02:00
1159;Generación medida Eólica terrestre;;;8631.625;2024-04-09T06:00:00+02:00
1159;Generación medida Eólica terrestre;;;9720.369;2024-04-09T07:00:00+02:00
1159;Generación medida Eólica terrestre;;;9567.08;2024-04-09T08:00:00+02:00
1159;Generación medida Eólica terrestre;;;6954.348;2024-04-09T09:00:00+02:00
1159;Generación medida Eólica terrestre;;;4969.745;2024-04-09T10:00:00+02:00
1159;Generación medida Eólica terrestre;;;4539.837;2024-04-09T11:00:00+02:00
1159;Generación medida Eólica terrestre;;;3596.67;2024-04-09T12:00:00+02:00
1159;Generación medida Eólica terrestre;;;3439.282;2024-04-09T13:00:00+02:00
1159;Generación medida Eólica terrestre;;;3323.127;2024-04-09T14:00:00+02:00
1159;Generación medida Eólica terrestre;;;3450.015;2024-04-09T15:00:00+02:00
1159;Generación medida Eólica terrestre;;;2907.865;2024-04-09T16:00:00+02:00
1159;Generación medida Eólica terrestre;;;2911.338;2024-04-09T17:00:00+02:00
1159;Generación medida Eólica terrestre;;;3692.031;2024-04-09T18:00:00+02:00
1159;Generación medida Eólica terrestre;;;4219.156;2024-04-09T19:00:00+02:00
1159;Generación medida Eólica terrestre;;;6626.253;2024-04-09T20:00:00+02:00
1159;Generación medida Eólica terrestre;;;6852.901;2024-04-09T21:00:00+02:00
1159;Generación medida Eólica terrestre;;;6873.346;2024-04-09T22:00:00+02:00
1159;Generación medida Eólica terrestre;;;6692.851;2024-04-09T23:00:00+02:00
1159;Generación medida Eólica terrestre;;;6221.296;2024-04-10T00:00:00+02:00
1159;Generación medida Eólica terrestre;;;5657.04;2024-04-10T01:00:00+02:00
1159;Generación medida Eólica terrestre;;;5493.83;2024-04-10T02:00:00+02:00
1159;Generación medida Eólica terrestre;;;5296.169;2024-04-10T03:00:00+02:00
1159;Generación medida Eólica terrestre;;;5053.47;2024-04-10T04:00:00+02:00
1159;Generación medida Eólica terrestre;;;5088.485;2024-04-10T05:00:00+02:00
1159;Generación medida Eólica terrestre;;;5021.654;2024-04-10T06:00:00+02:00
1159;Generación medida Eólica terrestre;;;5953.884;2024-04-10T07:00:00+02:00
1159;Generación medida Eólica terrestre;;;6176.542;2024-04-10T08:00:00+02:00
1159;Generación medida Eólica terrestre;;;4956.175;2024-04-10T09:00:00+02:00
1159;Generación medida Eólica terrestre;;;4311.279;2024-04-10T10:00:00+02:00
1159;Generación medida Eólica terrestre;;;4244.626;2024-04-10T11:00:00+02:00
1159;Generación medida Eólica terrestre;;;4272.611;2024-04-10T12:00:00+02:00
1159;Generación medida Eólica terrestre;;;3619.861;2024-04-10T13:00:00+02:00
1159;Generación medida Eólica terrestre;;;3823.695;2024-04-10T14:00:00+02:00
1159;Generación medida Eólica terrestre;;;3836.587;2024-04-10T15:00:00+02:00
1159;Generación medida Eólica terrestre;;;4109.786;2024-04-10T16:00:00+02:00
1159;Generación medida Eólica terrestre;;;5085.204;2024-04-10T17:00:00+02:00
1159;Generación medida Eólica terrestre;;;6183.547;2024-04-10T18:00:00+02:00
1159;Generación medida Eólica terrestre;;;7670.555;2024-04-10T19:00:00+02:00
1159;Generación medida Eólica terrestre;;;9466.262;2024-04-10T20:00:00+02:00
1159;Generación medida Eólica terrestre;;;10423.018;2024-04-10T21:00:00+02:00
1159;Generación medida Eólica terrestre;;;9906.891;2024-04-10T22:00:00+02:00
1159;Generación medida Eólica terrestre;;;8727.426;2024-04-10T23:00:00+02:00
1159;Generación medida Eólica terrestre;;;9346.01;2024-04-11T00:00:00+02:00
1159;Generación medida Eólica terrestre;;;8825.206;2024-04-11T01:00:00+02:00
1159;Generación medida Eólica terrestre;;;9083.027;2024-04-11T02:00:00+02:00
1159;Generación medida Eólica terrestre;;;8534.304;2024-04-11T03:00:00+02:00
1159;Generación medida Eólica terrestre;;;7874.067;2024-04-11T04:00:00+02:00
1159;Generación medida Eólica terrestre;;;8253.665;2024-04-11T05:00:00+02:00
1159;Generación medida Eólica terrestre;;;8281.111;2024-04-11T06:00:00+02:00
1159;Generación medida Eólica terrestre;;;8930.463;2024-04-11T07:00:00+02:00
1159;Generación medida Eólica terrestre;;;7575.656;2024-04-11T08:00:00+02:00
1159;Generación medida Eólica terrestre;;;5427.998;2024-04-11T09:00:00+02:00
1159;Generación medida Eólica terrestre;;;4498.659;2024-04-11T10:00:00+02:00
1159;Generación medida Eólica terrestre;;;3890.627;2024-04-11T11:00:00+02:00
1159;Generación medida Eólica terrestre;;;3222.563;2024-04-11T12:00:00+02:00
1159;Generación medida Eólica terrestre;;;2772.31;2024-04-11T13:00:00+02:00
1159;Generación medida Eólica terrestre;;;2654.169;2024-04-11T14:00:00+02:00
1159;Generación medida Eólica terrestre;;;2706.087;2024-04-11T15:00:00+02:00
1159;Generación medida Eólica terrestre;;;2853.935;2024-04-11T16:00:00+02:00
1159;Generación medida Eólica terrestre;;;3049.264;2024-04-11T17:00:00+02:00
1159;Generación medida Eólica terrestre;;;2900.061;2024-04-11T18:00:00+02:00
1159;Generación medida Eólica terrestre;;;3244.327;2024-04-11T19:00:00+02:00
1159;Generación medida Eólica terrestre;;;4690.755;2024-04-11T20:00:00+02:00
1159;Generación medida Eólica terrestre;;;5090.335;2024-04-11T21:00:00+02:00
1159;Generación medida Eólica terrestre;;;5128.349;2024-04-11T22:00:00+02:00
1159;Generación medida Eólica terrestre;;;4627.484;2024-04-11T23:00:00+02:00
1159;Generación medida Eólica terrestre;;;4303.488;2024-04-12T00:00:00+02:00
1159;Generación medida Eólica terrestre;;;4217.388;2024-04-12T01:00:00+02:00
1159;Generación medida Eólica terrestre;;;3845.865;2024-04-12T02:00:00+02:00
1159;Generación medida Eólica terrestre;;;3475.502;2024-04-12T03:00:00+02:00
1159;Generación medida Eólica terrestre;;;3007.04;2024-04-12T04:00:00+02:00
1159;Generación medida Eólica terrestre;;;2611.66;2024-04-12T05:00:00+02:00
1159;Generación medida Eólica terrestre;;;2377.336;2024-04-12T06:00:00+02:00
1159;Generación medida Eólica terrestre;;;2183.603;2024-04-12T07:00:00+02:00
1159;Generación medida Eólica terrestre;;;2183.761;2024-04-12T08:00:00+02:00
1159;Generación medida Eólica terrestre;;;1616.695;2024-04-12T09:00:00+02:00
1159;Generación medida Eólica terrestre;;;1338.908;2024-04-12T10:00:00+02:00
1159;Generación medida Eólica terrestre;;;1641.973;2024-04-12T11:00:00+02:00
1159;Generación medida Eólica terrestre;;;1573.092;2024-04-12T12:00:00+02:00
1159;Generación medida Eólica terrestre;;;1421.882;2024-04-12T13:00:00+02:00
1159;Generación medida Eólica terrestre;;;1491.163;2024-04-12T14:00:00+02:00
1159;Generación medida Eólica terrestre;;;1270.726;2024-04-12T15:00:00+02:00
1159;Generación medida Eólica terrestre;;;1500.603;2024-04-12T16:00:00+02:00
1159;Generación medida Eólica terrestre;;;1809.119;2024-04-12T17:00:00+02:00
1159;Generación medida Eólica terrestre;;;1837.907;2024-04-12T18:00:00+02:00
1159;Generación medida Eólica terrestre;;;2173.309;2024-04-12T19:00:00+02:00
1159;Generación medida Eólica terrestre;;;2478.455;2024-04-12T20:00:00+02:00
1159;Generación medida Eólica terrestre;;;3017.013;2024-04-12T21:00:00+02:00
1159;Generación medida Eólica terrestre;;;3022.672;2024-04-12T22:00:00+02:00
1159;Generación medida Eólica terrestre;;;2782.585;2024-04-12T23:00:00+02:00
1159;Generación medida Eólica terrestre;;;2692.297;2024-04-13T00:00:00+02:00
1159;Generación medida Eólica terrestre;;;2501.461;2024-04-13T01:00:00+02:00
1159;Generación medida Eólica terrestre;;;2274.058;2024-04-13T02:00:00+02:00
1159;Generación medida Eólica terrestre;;;1983.763;2024-04-13T03:00:00+02:00
1159;Generación medida Eólica terrestre;;;1650.006;2024-04-13T04:00:00+02:00
1159;Generación medida Eólica terrestre;;;1402.908;2024-04-13T05:00:00+02:00
1159;Generación medida Eólica terrestre;;;1534.03;2024-04-13T06:00:00+02:00
1159;Generación medida Eólica terrestre;;;1489.486;2024-04-13T07:00:00+02:00
1159;Generación medida Eólica terrestre;;;1437.853;2024-04-13T08:00:00+02:00
1159;Generación medida Eólica terrestre;;;1191.368;2024-04-13T09:00:00+02:00
1159;Generación medida Eólica terrestre;;;948.829;2024-04-13T10:00:00+02:00
1159;Generación medida Eólica terrestre;;;786.972;2024-04-13T11:00:00+02:00
1159;Generación medida Eólica terrestre;;;808.446;2024-04-13T12:00:00+02:00
1159;Generación medida Eólica terrestre;;;799.453;2024-04-13T13:00:00+02:00
1159;Generación medida Eólica terrestre;;;864.804;2024-04-13T14:00:00+02:00
1159;Generación medida Eólica terrestre;;;755.431;2024-04-13T15:00:00+02:00
1159;Generación medida Eólica terrestre;;;869.426;2024-04-13T16:00:00+02:00
1159;Generación medida Eólica terrestre;;;1653.394;2024-04-13T17:00:00+02:00
1159;Generación medida Eólica terrestre;;;1721.367;2024-04-13T18:00:00+02:00
1159;Generación medida Eólica terrestre;;;2477.778;2024-04-13T19:00:00+02:00
1159;Generación medida Eólica terrestre;;;2716.374;2024-04-13T20:00:00+02:00
1159;Generación medida Eólica terrestre;;;3169.246;2024-04-13T21:00:00+02:00
1159;Generación medida Eólica terrestre;;;3263.884;2024-04-13T22:00:00+02:00
1159;Generación medida Eólica terrestre;;;3264.979;2024-04-13T23:00:00+02:00
1159;Generación medida Eólica terrestre;;;3220.224;2024-04-14T00:00:00+02:00
1159;Generación medida Eólica terrestre;;;3068.21;2024-04-14T01:00:00+02:00
1159;Generación medida Eólica terrestre;;;2673.628;2024-04-14T02:00:00+02:00
1159;Generación medida Eólica terrestre;;;2266.146;2024-04-14T03:00:00+02:00
1159;Generación medida Eólica terrestre;;;2051.07;2024-04-14T04:00:00+02:00
1159;Generación medida Eólica terrestre;;;1900.307;2024-04-14T05:00:00+02:00
1159;Generación medida Eólica terrestre;;;1846.846;2024-04-14T06:00:00+02:00
1159;Generación medida Eólica terrestre;;;1712.651;2024-04-14T07:00:00+02:00
1159;Generación medida Eólica terrestre;;;1304.77;2024-04-14T08:00:00+02:00
1159;Generación medida Eólica terrestre;;;687.277;2024-04-14T09:00:00+02:00
1159;Generación medida Eólica terrestre;;;675.173;2024-04-14T10:00:00+02:00
1159;Generación medida Eólica terrestre;;;706.598;2024-04-14T11:00:00+02:00
1159;Generación medida Eólica terrestre;;;803.327;2024-04-14T12:00:00+02:00
1159;Generación medida Eólica terrestre;;;799.393;2024-04-14T13:00:00+02:00
1159;Generación medida Eólica terrestre;;;953.743;2024-04-14T14:00:00+02:00
1159;Generación medida Eólica terrestre;;;875.313;2024-04-14T15:00:00+02:00
1159;Generación medida Eólica terrestre;;;981.96;2024-04-14T16:00:00+02:00
1159;Generación medida Eólica terrestre;;;1318.705;2024-04-14T17:00:00+02:00
1159;Generación medida Eólica terrestre;;;1871.029;2024-04-14T18:00:00+02:00
1159;Generación medida Eólica terrestre;;;2553.814;2024-04-14T19:00:00+02:00
1159;Generación medida Eólica terrestre;;;3061.96;2024-04-14T20:00:00+02:00
1159;Generación medida Eólica terrestre;;;3534.054;2024-04-14T21:00:00+02:00
1159;Generación medida Eólica terrestre;;;3726.024;2024-04-14T22:00:00+02:00
1159;Generación medida Eólica terrestre;;;3821.473;2024-04-14T23:00:00+02:00
1159;Generación medida Eólica terrestre;;;3882.566;2024-04-15T00:00:00+02:00
1159;Generación medida Eólica terrestre;;;4088.988;2024-04-15T01:00:00+02:00
1159;Generación medida Eólica terrestre;;;4013.796;2024-04-15T02:00:00+02:00
1159;Generación medida Eólica terrestre;;;3700.749;2024-04-15T03:00:00+02:00
1159;Generación medida Eólica terrestre;;;4213.451;2024-04-15T04:00:00+02:00
1159;Generación medida Eólica terrestre;;;4669.285;2024-04-15T05:00:00+02:00
1159;Generación medida Eólica terrestre;;;5114.462;2024-04-15T06:00:00+02:00
1159;Generación medida Eólica terrestre;;;7064.122;2024-04-15T07:00:00+02:00
1159;Generación medida Eólica terrestre;;;7242.696;2024-04-15T08:00:00+02:00
1159;Generación medida Eólica terrestre;;;5795.188;2024-04-15T09:00:00+02:00
1159;Generación medida Eólica terrestre;;;5363.704;2024-04-15T10:00:00+02:00
1159;Generación medida Eólica terrestre;;;4038.054;2024-04-15T11:00:00+02:00
1159;Generación medida Eólica terrestre;;;4586.27;2024-04-15T12:00:00+02:00
1159;Generación medida Eólica terrestre;;;4785.515;2024-04-15T13:00:00+02:00
1159;Generación medida Eólica terrestre;;;4909.634;2024-04-15T14:00:00+02:00
1159;Generación medida Eólica terrestre;;;5030.396;2024-04-15T15:00:00+02:00
1159;Generación medida Eólica terrestre;;;4328.245;2024-04-15T16:00:00+02:00
1159;Generación medida Eólica terrestre;;;5559.522;2024-04-15T17:00:00+02:00
1159;Generación medida Eólica terrestre;;;5876.341;2024-04-15T18:00:00+02:00
1159;Generación medida Eólica terrestre;;;7699.991;2024-04-15T19:00:00+02:00
1159;Generación medida Eólica terrestre;;;9098.956;2024-04-15T20:00:00+02:00
1159;Generación medida Eólica terrestre;;;8580.022;2024-04-15T21:00:00+02:00
1159;Generación medida Eólica terrestre;;;8428.033;2024-04-15T22:00:00+02:00
1159;Generación medida Eólica terrestre;;;7883.54;2024-04-15T23:00:00+02:00
1159;Generación medida Eólica terrestre;;;7083.722;2024-04-16T00:00:00+02:00
1159;Generación medida Eólica terrestre;;;6573.73;2024-04-16T01:00:00+02:00
1159;Generación medida Eólica terrestre;;;5955.358;2024-04-16T02:00:00+02:00
1159;Generación medida Eólica terrestre;;;6663.844;2024-04-16T03:00:00+02:00
1159;Generación medida Eólica terrestre;;;6456.039;2024-04-16T04:00:00+02:00
1159;Generación medida Eólica terrestre;;;6928.28;2024-04-16T05:00:00+02:00
1159;Generación medida Eólica terrestre;;;7701.431;2024-04-16T06:00:00+02:00
1159;Generación medida Eólica terrestre;;;9157.777;2024-04-16T07:00:00+02:00
1159;Generación medida Eólica terrestre;;;9141.673;2024-04-16T08:00:00+02:00
1159;Generación medida Eólica terrestre;;;7277.61;2024-04-16T09:00:00+02:00
1159;Generación medida Eólica terrestre;;;6605.745;2024-04-16T10:00:00+02:00
1159;Generación medida Eólica terrestre;;;6083.467;2024-04-16T11:00:00+02:00
1159;Generación medida Eólica terrestre;;;6087.647;2024-04-16T12:00:00+02:00
1159;Generación medida Eólica terrestre;;;6320.78;2024-04-16T13:00:00+02:00
1159;Generación medida Eólica terrestre;;;6432.976;2024-04-16T14:00:00+02:00
1159;Generación medida Eólica terrestre;;;6284.209;2024-04-16T15:00:00+02:00
1159;Generación medida Eólica terrestre;;;6572.437;2024-04-16T16:00:00+02:00
1159;Generación medida Eólica terrestre;;;7240.47;2024-04-16T17:00:00+02:00
1159;Generación medida Eólica terrestre;;;7819.525;2024-04-16T18:00:00+02:00
1159;Generación medida Eólica terrestre;;;9229.006;2024-04-16T19:00:00+02:00
1159;Generación medida Eólica terrestre;;;11870.037;2024-04-16T20:00:00+02:00
1159;Generación medida Eólica terrestre;;;12429.733;2024-04-16T21:00:00+02:00
1159;Generación medida Eólica terrestre;;;12198.702;2024-04-16T22:00:00+02:00
1159;Generación medida Eólica terrestre;;;10645.896;2024-04-16T23:00:00+02:00
1159;Generación medida Eólica terrestre;;;10603.163;2024-04-17T00:00:00+02:00
1159;Generación medida Eólica terrestre;;;9539.613;2024-04-17T01:00:00+02:00
1159;Generación medida Eólica terrestre;;;9141.113;2024-04-17T02:00:00+02:00
1159;Generación medida Eólica terrestre;;;8885.672;2024-04-17T03:00:00+02:00
1159;Generación medida Eólica terrestre;;;8778.668;2024-04-17T04:00:00+02:00
1159;Generación medida Eólica terrestre;;;8638.615;2024-04-17T05:00:00+02:00
1159;Generación medida Eólica terrestre;;;9115.362;2024-04-17T06:00:00+02:00
1159;Generación medida Eólica terrestre;;;10269.653;2024-04-17T07:00:00+02:00
1159;Generación medida Eólica terrestre;;;8984.487;2024-04-17T08:00:00+02:00
1159;Generación medida Eólica terrestre;;;7078.15;2024-04-17T09:00:00+02:00
1159;Generación medida Eólica terrestre;;;6987.88;2024-04-17T10:00:00+02:00
1159;Generación medida Eólica terrestre;;;6653.613;2024-04-17T11:00:00+02:00
1159;Generación medida Eólica terrestre;;;6467.962;2024-04-17T12:00:00+02:00
1159;Generación medida Eólica terrestre;;;6436.641;2024-04-17T13:00:00+02:00
1159;Generación medida Eólica terrestre;;;6473.972;2024-04-17T14:00:00+02:00
1159;Generación medida Eólica terrestre;;;6401.23;2024-04-17T15:00:00+02:00
1159;Generación medida Eólica terrestre;;;6589.309;2024-04-17T16:00:00+02:00
1159;Generación medida Eólica terrestre;;;7181.361;2024-04-17T17:00:00+02:00
1159;Generación medida Eólica terrestre;;;8275.569;2024-04-17T18:00:00+02:00
1159;Generación medida Eólica terrestre;;;9330.171;2024-04-17T19:00:00+02:00
1159;Generación medida Eólica terrestre;;;10467.956;2024-04-17T20:00:00+02:00
1159;Generación medida Eólica terrestre;;;11471.997;2024-04-17T21:00:00+02:00
1159;Generación medida Eólica terrestre;;;11387.429;2024-04-17T22:00:00+02:00
1159;Generación medida Eólica terrestre;;;9814.01;2024-04-17T23:00:00+02:00
1159;Generación medida Eólica terrestre;;;9996.469;2024-04-18T00:00:00+02:00
1159;Generación medida Eólica terrestre;;;9654.769;2024-04-18T01:00:00+02:00
1159;Generación medida Eólica terrestre;;;9502.605;2024-04-18T02:00:00+02:00
1159;Generación medida Eólica terrestre;;;9346.204;2024-04-18T03:00:00+02:00
1159;Generación medida Eólica terrestre;;;8971.41;2024-04-18T04:00:00+02:00
1159;Generación medida Eólica terrestre;;;8802.365;2024-04-18T05:00:00+02:00
1159;Generación medida Eólica terrestre;;;9327.496;2024-04-18T06:00:00+02:00
1159;Generación medida Eólica terrestre;;;10311.716;2024-04-18T07:00:00+02:00
1159;Generación medida Eólica terrestre;;;9663.854;2024-04-18T08:00:00+02:00
1159;Generación medida Eólica terrestre;;;7860.507;2024-04-18T09:00:00+02:00
1159;Generación medida Eólica terrestre;;;7304.262;2024-04-18T10:00:00+02:00
1159;Generación medida Eólica terrestre;;;6891.536;2024-04-18T11:00:00+02:00
1159;Generación medida Eólica terrestre;;;6608.167;2024-04-18T12:00:00+02:00
1159;Generación medida Eólica terrestre;;;6846.9;2024-04-18T13:00:00+02:00
1159;Generación medida Eólica terrestre;;;6918.967;2024-04-18T14:00:00+02:00
1159;Generación medida Eólica terrestre;;;6730.826;2024-04-18T15:00:00+02:00
1159;Generación medida Eólica terrestre;;;7069.973;2024-04-18T16:00:00+02:00
1159;Generación medida Eólica terrestre;;;8009.719;2024-04-18T17:00:00+02:00
1159;Generación medida Eólica terrestre;;;9396.009;2024-04-18T18:00:00+02:00
1159;Generación medida Eólica terrestre;;;10580.72;2024-04-18T19:00:00+02:00
1159;Generación medida Eólica terrestre;;;11641.299;2024-04-18T20:00:00+02:00
1159;Generación medida Eólica terrestre;;;11873.992;2024-04-18T21:00:00+02:00
1159;Generación medida Eólica terrestre;;;11509.22;2024-04-18T22:00:00+02:00
1159;Generación medida Eólica terrestre;;;10619.281;2024-04-18T23:00:00+02:00
1159;Generación medida Eólica terrestre;;;10902.665;2024-04-19T00:00:00+02:00
1159;Generación medida Eólica terrestre;;;10365.913;2024-04-19T01:00:00+02:00
1159;Generación medida Eólica terrestre;;;9312.693;2024-04-19T02:00:00+02:00
1159;Generación medida Eólica terrestre;;;7921.217;2024-04-19T03:00:00+02:00
1159;Generación medida Eólica terrestre;;;7217.355;2024-04-19T04:00:00+02:00
1159;Generación medida Eólica terrestre;;;6912.354;2024-04-19T05:00:00+02:00
1159;Generación medida Eólica terrestre;;;6659.988;2024-04-19T06:00:00+02:00
1159;Generación medida Eólica terrestre;;;6465.572;2024-04-19T07:00:00+02:00
1159;Generación medida Eólica terrestre;;;5920.154;2024-04-19T08:00:00+02:00
1159;Generación medida Eólica terrestre;;;4633.854;2024-04-19T09:00:00+02:00
1159;Generación medida Eólica terrestre;;;4244.986;2024-04-19T10:00:00+02:00
1159;Generación medida Eólica terrestre;;;4212.336;2024-04-19T11:00:00+02:00
1159;Generación medida Eólica terrestre;;;3921.594;2024-04-19T12:00:00+02:00
1159;Generación medida Eólica terrestre;;;3719.169;2024-04-19T13:00:00+02:00
1159;Generación medida Eólica terrestre;;;3551.501;2024-04-19T14:00:00+02:00
1159;Generación medida Eólica terrestre;;;3369.313;2024-04-19T15:00:00+02:00
1159;Generación medida Eólica terrestre;;;3276.494;2024-04-19T16:00:00+02:00
1159;Generación medida Eólica terrestre;;;3624.857;2024-04-19T17:00:00+02:00
1159;Generación medida Eólica terrestre;;;3518.459;2024-04-19T18:00:00+02:00
1159;Generación medida Eólica terrestre;;;3433.305;2024-04-19T19:00:00+02:00
1159;Generación medida Eólica terrestre;;;3921.24;2024-04-19T20:00:00+02:00
1159;Generación medida Eólica terrestre;;;4374.371;2024-04-19T21:00:00+02:00
1159;Generación medida Eólica terrestre;;;4870.267;2024-04-19T22:00:00+02:00
1159;Generación medida Eólica terrestre;;;5390.956;2024-04-19T23:00:00+02:00
1159;Generación medida Eólica terrestre;;;5669.813;2024-04-20T00:00:00+02:00
1159;Generación medida Eólica terrestre;;;6033.59;2024-04-20T01:00:00+02:00
1159;Generación medida Eólica terrestre;;;6123.504;2024-04-20T02:00:00+02:00
1159;Generación medida Eólica terrestre;;;6258.196;2024-04-20T03:00:00+02:00
1159;Generación medida Eólica terrestre;;;6905.935;2024-04-20T04:00:00+02:00
1159;Generación medida Eólica terrestre;;;7356.373;2024-04-20T05:00:00+02:00
1159;Generación medida Eólica terrestre;;;8100.274;2024-04-20T06:00:00+02:00
1159;Generación medida Eólica terrestre;;;8514.691;2024-04-20T07:00:00+02:00
1159;Generación medida Eólica terrestre;;;8202.879;2024-04-20T08:00:00+02:00
1159;Generación medida Eólica terrestre;;;7055.957;2024-04-20T09:00:00+02:00
1159;Generación medida Eólica terrestre;;;6559.477;2024-04-20T10:00:00+02:00
1159;Generación medida Eólica terrestre;;;6050.72;2024-04-20T11:00:00+02:00
1159;Generación medida Eólica terrestre;;;5649.037;2024-04-20T12:00:00+02:00
1159;Generación medida Eólica terrestre;;;5577.412;2024-04-20T13:00:00+02:00
1159;Generación medida Eólica terrestre;;;4604.688;2024-04-20T14:00:00+02:00
1159;Generación medida Eólica terrestre;;;6201.118;2024-04-20T15:00:00+02:00
1159;Generación medida Eólica terrestre;;;6529.821;2024-04-20T16:00:00+02:00
1159;Generación medida Eólica terrestre;;;7640.872;2024-04-20T17:00:00+02:00
1159;Generación medida Eólica terrestre;;;8851.096;2024-04-20T18:00:00+02:00
1159;Generación medida Eólica terrestre;;;9660.364;2024-04-20T19:00:00+02:00
1159;Generación medida Eólica terrestre;;;11684.935;2024-04-20T20:00:00+02:00
1159;Generación medida Eólica terrestre;;;12382.981;2024-04-20T21:00:00+02:00
1159;Generación medida Eólica terrestre;;;12330.615;2024-04-20T22:00:00+02:00
1159;Generación medida Eólica terrestre;;;11981.885;2024-04-20T23:00:00+02:00
1159;Generación medida Eólica terrestre;;;10605.416;2024-04-21T00:00:00+02:00
1159;Generación medida Eólica terrestre;;;9585.02;2024-04-21T01:00:00+02:00
1159;Generación medida Eólica terrestre;;;8469.734;2024-04-21T02:00:00+02:00
1159;Generación medida Eólica terrestre;;;8196.155;2024-04-21T03:00:00+02:00
1159;Generación medida Eólica terrestre;;;8498.603;2024-04-21T04:00:00+02:00
1159;Generación medida Eólica terrestre;;;8226.616;2024-04-21T05:00:00+02:00
1159;Generación medida Eólica terrestre;;;8202.787;2024-04-21T06:00:00+02:00
1159;Generación medida Eólica terrestre;;;8649.48;2024-04-21T07:00:00+02:00
1159;Generación medida Eólica terrestre;;;6651.602;2024-04-21T08:00:00+02:00
1159;Generación medida Eólica terrestre;;;4981.981;2024-04-21T09:00:00+02:00
1159;Generación medida Eólica terrestre;;;4004.746;2024-04-21T10:00:00+02:00
1159;Generación medida Eólica terrestre;;;4350.938;2024-04-21T11:00:00+02:00
1159;Generación medida Eólica terrestre;;;3915.282;2024-04-21T12:00:00+02:00
1159;Generación medida Eólica terrestre;;;3680.352;2024-04-21T13:00:00+02:00
1159;Generación medida Eólica terrestre;;;3716.23;2024-04-21T14:00:00+02:00
1159;Generación medida Eólica terrestre;;;3200.976;2024-04-21T15:00:00+02:00
1159;Generación medida Eólica terrestre;;;5227.91;2024-04-21T16:00:00+02:00
1159;Generación medida Eólica terrestre;;;6280.159;2024-04-21T17:00:00+02:00
1159;Generación medida Eólica terrestre;;;6971.718;2024-04-21T18:00:00+02:00
1159;Generación medida Eólica terrestre;;;9607.964;2024-04-21T19:00:00+02:00
1159;Generación medida Eólica terrestre;;;11875.521;2024-04-21T20:00:00+02:00
1159;Generación medida Eólica terrestre;;;13379.649;2024-04-21T21:00:00+02:00
1159;Generación medida Eólica terrestre;;;13490.568;2024-04-21T22:00:00+02:00
1159;Generación medida Eólica terrestre;;;12948.154;2024-04-21T23:00:00+02:00
1159;Generación medida Eólica terrestre;;;12162.474;2024-04-22T00:00:00+02:00
1159;Generación medida Eólica terrestre;;;11341.036;2024-04-22T01:00:00+02:00
1159;Generación medida Eólica terrestre;;;11473.673;2024-04-22T02:00:00+02:00
1159;Generación medida Eólica terrestre;;;11370.982;2024-04-22T03:00:00+02:00
1159;Generación medida Eólica terrestre;;;11249.75;2024-04-22T04:00:00+02:00
1159;Generación medida Eólica terrestre;;;11281.321;2024-04-22T05:00:00+02:00
1159;Generación medida Eólica terrestre;;;11492.765;2024-04-22T06:00:00+02:00
1159;Generación medida Eólica terrestre;;;12527.218;2024-04-22T07:00:00+02:00
1159;Generación medida Eólica terrestre;;;11784.921;2024-04-22T08:00:00+02:00
1159;Generación medida Eólica terrestre;;;10039.481;2024-04-22T09:00:00+02:00
1159;Generación medida Eólica terrestre;;;8482.889;2024-04-22T10:00:00+02:00
1159;Generación medida Eólica terrestre;;;7813.015;2024-04-22T11:00:00+02:00
1159;Generación medida Eólica terrestre;;;7602.734;2024-04-22T12:00:00+02:00
1159;Generación medida Eólica terrestre;;;6920.326;2024-04-22T13:00:00+02:00
1159;Generación medida Eólica terrestre;;;6949.024;2024-04-22T14:00:00+02:00
1159;Generación medida Eólica terrestre;;;6908.502;2024-04-22T15:00:00+02:00
1159;Generación medida Eólica terrestre;;;6872.529;2024-04-22T16:00:00+02:00
1159;Generación medida Eólica terrestre;;;7968.776;2024-04-22T17:00:00+02:00
1159;Generación medida Eólica terrestre;;;9461.76;2024-04-22T18:00:00+02:00
1159;Generación medida Eólica terrestre;;;12039.287;2024-04-22T19:00:00+02:00
1159;Generación medida Eólica terrestre;;;14148.469;2024-04-22T20:00:00+02:00
1159;Generación medida Eólica terrestre;;;13703.619;2024-04-22T21:00:00+02:00
1159;Generación medida Eólica terrestre;;;13135.145;2024-04-22T22:00:00+02:00
1159;Generación medida Eólica terrestre;;;12491.548;2024-04-22T23:00:00+02:00
1159;Generación medida Eólica terrestre;;;12422.042;2024-04-23T00:00:00+02:00
1159;Generación medida Eólica terrestre;;;11961.676;2024-04-23T01:00:00+02:00
1159;Generación medida Eólica terrestre;;;11115.29;2024-04-23T02:00:00+02:00
1159;Generación medida Eólica terrestre;;;10674.74;2024-04-23T03:00:00+02:00
1159;Generación medida Eólica terrestre;;;10516.331;2024-04-23T04:00:00+02:00
1159;Generación medida Eólica terrestre;;;10425.507;2024-04-23T05:00:00+02:00
1159;Generación medida Eólica terrestre;;;10495.927;2024-04-23T06:00:00+02:00
1159;Generación medida Eólica terrestre;;;10769.766;2024-04-23T07:00:00+02:00
1159;Generación medida Eólica terrestre;;;9233.362;2024-04-23T08:00:00+02:00
1159;Generación medida Eólica terrestre;;;7267.245;2024-04-23T09:00:00+02:00
1159;Generación medida Eólica terrestre;;;6399.284;2024-04-23T10:00:00+02:00
1159;Generación medida Eólica terrestre;;;6414.135;2024-04-23T11:00:00+02:00
1159;Generación medida Eólica terrestre;;;6420.475;2024-04-23T12:00:00+02:00
1159;Generación medida Eólica terrestre;;;6435.579;2024-04-23T13:00:00+02:00
1159;Generación medida Eólica terrestre;;;6893.051;2024-04-23T14:00:00+02:00
1159;Generación medida Eólica terrestre;;;7219.824;2024-04-23T15:00:00+02:00
1159;Generación medida Eólica terrestre;;;7326.008;2024-04-23T16:00:00+02:00
1159;Generación medida Eólica terrestre;;;8212.148;2024-04-23T17:00:00+02:00
1159;Generación medida Eólica terrestre;;;9275.519;2024-04-23T18:00:00+02:00
1159;Generación medida Eólica terrestre;;;10887.947;2024-04-23T19:00:00+02:00
1159;Generación medida Eólica terrestre;;;12729.582;2024-04-23T20:00:00+02:00
1159;Generación medida Eólica terrestre;;;12694.002;2024-04-23T21:00:00+02:00
1159;Generación medida Eólica terrestre;;;13035.413;2024-04-23T22:00:00+02:00
1159;Generación medida Eólica terrestre;;;12096.874;2024-04-23T23:00:00+02:00
1159;Generación medida Eólica terrestre;;;11397.089;2024-04-24T00:00:00+02:00
1159;Generación medida Eólica terrestre;;;10914.409;2024-04-24T01:00:00+02:00
1159;Generación medida Eólica terrestre;;;10482.252;2024-04-24T02:00:00+02:00
1159;Generación medida Eólica terrestre;;;10388.911;2024-04-24T03:00:00+02:00
1159;Generación medida Eólica terrestre;;;10638.677;2024-04-24T04:00:00+02:00
1159;Generación medida Eólica terrestre;;;10858.418;2024-04-24T05:00:00+02:00
1159;Generación medida Eólica terrestre;;;10746.693;2024-04-24T06:00:00+02:00
1159;Generación medida Eólica terrestre;;;10351.344;2024-04-24T07:00:00+02:00
1159;Generación medida Eólica terrestre;;;9722.64;2024-04-24T08:00:00+02:00
1159;Generación medida Eólica terrestre;;;7773.288;2024-04-24T09:00:00+02:00
1159;Generación medida Eólica terrestre;;;6938.851;2024-04-24T10:00:00+02:00
1159;Generación medida Eólica terrestre;;;6226.081;2024-04-24T11:00:00+02:00
1159;Generación medida Eólica terrestre;;;5306.023;2024-04-24T12:00:00+02:00
1159;Generación medida Eólica terrestre;;;5150.271;2024-04-24T13:00:00+02:00
1159;Generación medida Eólica terrestre;;;5060.9;2024-04-24T14:00:00+02:00
1159;Generación medida Eólica terrestre;;;5140.489;2024-04-24T15:00:00+02:00
1159;Generación medida Eólica terrestre;;;5397.836;2024-04-24T16:00:00+02:00
1159;Generación medida Eólica terrestre;;;6754.237;2024-04-24T17:00:00+02:00
1159;Generación medida Eólica terrestre;;;7611.444;2024-04-24T18:00:00+02:00
1159;Generación medida Eólica terrestre;;;8335.432;2024-04-24T19:00:00+02:00
1159;Generación medida Eólica terrestre;;;7727.952;2024-04-24T20:00:00+02:00
1159;Generación medida Eólica terrestre;;;7542.388;2024-04-24T21:00:00+02:00
1159;Generación medida Eólica terrestre;;;7428.063;2024-04-24T22:00:00+02:00
1159;Generación medida Eólica terrestre;;;7178.249;2024-04-24T23:00:00+02:00
1159;Generación medida Eólica terrestre;;;6596.686;2024-04-25T00:00:00+02:00
1159;Generación medida Eólica terrestre;;;6513.989;2024-04-25T01:00:00+02:00
1159;Generación medida Eólica terrestre;;;6382.935;2024-04-25T02:00:00+02:00
1159;Generación medida Eólica terrestre;;;6040.696;2024-04-25T03:00:00+02:00
1159;Generación medida Eólica terrestre;;;5509.11;2024-04-25T04:00:00+02:00
1159;Generación medida Eólica terrestre;;;5027.28;2024-04-25T05:00:00+02:00
1159;Generación medida Eólica terrestre;;;4473.988;2024-04-25T06:00:00+02:00
1159;Generación medida Eólica terrestre;;;3594.567;2024-04-25T07:00:00+02:00
1159;Generación medida Eólica terrestre;;;2832.737;2024-04-25T08:00:00+02:00
1159;Generación medida Eólica terrestre;;;2241.754;2024-04-25T09:00:00+02:00
1159;Generación medida Eólica terrestre;;;2030.504;2024-04-25T10:00:00+02:00
1159;Generación medida Eólica terrestre;;;1950.711;2024-04-25T11:00:00+02:00
1159;Generación medida Eólica terrestre;;;2096.236;2024-04-25T12:00:00+02:00
1159;Generación medida Eólica terrestre;;;2281.906;2024-04-25T13:00:00+02:00
1159;Generación medida Eólica terrestre;;;3048.413;2024-04-25T14:00:00+02:00
1159;Generación medida Eólica terrestre;;;3899.752;2024-04-25T15:00:00+02:00
1159;Generación medida Eólica terrestre;;;4407.138;2024-04-25T16:00:00+02:00
1159;Generación medida Eólica terrestre;;;4692.353;2024-04-25T17:00:00+02:00
1159;Generación medida Eólica terrestre;;;5000.103;2024-04-25T18:00:00+02:00
1159;Generación medida Eólica terrestre;;;4786.198;2024-04-25T19:00:00+02:00
1159;Generación medida Eólica terrestre;;;4212.655;2024-04-25T20:00:00+02:00
1159;Generación medida Eólica terrestre;;;3685;2024-04-25T21:00:00+02:00
1159;Generación medida Eólica terrestre;;;3461.343;2024-04-25T22:00:00+02:00
1159;Generación medida Eólica terrestre;;;3166.497;2024-04-25T23:00:00+02:00
1159;Generación medida Eólica terrestre;;;2584.988;2024-04-26T00:00:00+02:00
1159;Generación medida Eólica terrestre;;;2275.254;2024-04-26T01:00:00+02:00
1159;Generación medida Eólica terrestre;;;1979.253;2024-04-26T02:00:00+02:00
1159;Generación medida Eólica terrestre;;;2079.439;2024-04-26T03:00:00+02:00
1159;Generación medida Eólica terrestre;;;2164.275;2024-04-26T04:00:00+02:00
1159;Generación medida Eólica terrestre;;;2051.662;2024-04-26T05:00:00+02:00
1159;Generación medida Eólica terrestre;;;1864.239;2024-04-26T06:00:00+02:00
1159;Generación medida Eólica terrestre;;;1650.891;2024-04-26T07:00:00+02:00
1159;Generación medida Eólica terrestre;;;1374.142;2024-04-26T08:00:00+02:00
1159;Generación medida Eólica terrestre;;;1029.851;2024-04-26T09:00:00+02:00
1159;Generación medida Eólica terrestre;;;1067.319;2024-04-26T10:00:00+02:00
1159;Generación medida Eólica terrestre;;;1735.943;2024-04-26T11:00:00+02:00
1159;Generación medida Eólica terrestre;;;2891.445;2024-04-26T12:00:00+02:00
1159;Generación medida Eólica terrestre;;;4298.239;2024-04-26T13:00:00+02:00
1159;Generación medida Eólica terrestre;;;5494.851;2024-04-26T14:00:00+02:00
1159;Generación medida Eólica terrestre;;;6683.952;2024-04-26T15:00:00+02:00
1159;Generación medida Eólica terrestre;;;7865.482;2024-04-26T16:00:00+02:00
1159;Generación medida Eólica terrestre;;;8408.635;2024-04-26T17:00:00+02:00
1159;Generación medida Eólica terrestre;;;8507.62;2024-04-26T18:00:00+02:00
1159;Generación medida Eólica terrestre;;;8125.147;2024-04-26T19:00:00+02:00
1159;Generación medida Eólica terrestre;;;7614.251;2024-04-26T20:00:00+02:00
1159;Generación medida Eólica terrestre;;;7265.165;2024-04-26T21:00:00+02:00
1159;Generación medida Eólica terrestre;;;7103.831;2024-04-26T22:00:00+02:00
1159;Generación medida Eólica terrestre;;;7192.33;2024-04-26T23:00:00+02:00
1159;Generación medida Eólica terrestre;;;7672.802;2024-04-27T00:00:00+02:00
1159;Generación medida Eólica terrestre;;;8154.146;2024-04-27T01:00:00+02:00
1159;Generación medida Eólica terrestre;;;8766.683;2024-04-27T02:00:00+02:00
1159;Generación medida Eólica terrestre;;;8747.158;2024-04-27T03:00:00+02:00
1159;Generación medida Eólica terrestre;;;8436.264;2024-04-27T04:00:00+02:00
1159;Generación medida Eólica terrestre;;;8250.331;2024-04-27T05:00:00+02:00
1159;Generación medida Eólica terrestre;;;8827.497;2024-04-27T06:00:00+02:00
1159;Generación medida Eólica terrestre;;;9497.712;2024-04-27T07:00:00+02:00
1159;Generación medida Eólica terrestre;;;9840.779;2024-04-27T08:00:00+02:00
1159;Generación medida Eólica terrestre;;;10059.104;2024-04-27T09:00:00+02:00
1159;Generación medida Eólica terrestre;;;10073.787;2024-04-27T10:00:00+02:00
1159;Generación medida Eólica terrestre;;;10231.08;2024-04-27T11:00:00+02:00
1159;Generación medida Eólica terrestre;;;9954.741;2024-04-27T12:00:00+02:00
1159;Generación medida Eólica terrestre;;;9730.07;2024-04-27T13:00:00+02:00
1159;Generación medida Eólica terrestre;;;8732.48;2024-04-27T14:00:00+02:00
1159;Generación medida Eólica terrestre;;;9576.263;2024-04-27T15:00:00+02:00
1159;Generación medida Eólica terrestre;;;9591.454;2024-04-27T16:00:00+02:00
1159;Generación medida Eólica terrestre;;;9956.679;2024-04-27T17:00:00+02:00
1159;Generación medida Eólica terrestre;;;9868.669;2024-04-27T18:00:00+02:00
1159;Generación medida Eólica terrestre;;;8986.126;2024-04-27T19:00:00+02:00
1159;Generación medida Eólica terrestre;;;7503.799;2024-04-27T20:00:00+02:00
1159;Generación medida Eólica terrestre;;;6561.583;2024-04-27T21:00:00+02:00
1159;Generación medida Eólica terrestre;;;5250.438;2024-04-27T22:00:00+02:00
1159;Generación medida Eólica terrestre;;;3943.134;2024-04-27T23:00:00+02:00
1159;Generación medida Eólica terrestre;;;3072.091;2024-04-28T00:00:00+02:00
1159;Generación medida Eólica terrestre;;;2683.272;2024-04-28T01:00:00+02:00
1159;Generación medida Eólica terrestre;;;2334.285;2024-04-28T02:00:00+02:00
1159;Generación medida Eólica terrestre;;;2049.264;2024-04-28T03:00:00+02:00
1159;Generación medida Eólica terrestre;;;1550.966;2024-04-28T04:00:00+02:00
1159;Generación medida Eólica terrestre;;;1220.616;2024-04-28T05:00:00+02:00
1159;Generación medida Eólica terrestre;;;1142.096;2024-04-28T06:00:00+02:00
1159;Generación medida Eólica terrestre;;;1049.052;2024-04-28T07:00:00+02:00
1159;Generación medida Eólica terrestre;;;735.86;2024-04-28T08:00:00+02:00
1159;Generación medida Eólica terrestre;;;465.929;2024-04-28T09:00:00+02:00
1159;Generación medida Eólica terrestre;;;382.006;2024-04-28T10:00:00+02:00
1159;Generación medida Eólica terrestre;;;386.312;2024-04-28T11:00:00+02:00
1159;Generación medida Eólica terrestre;;;543.103;2024-04-28T12:00:00+02:00
1159;Generación medida Eólica terrestre;;;825.294;2024-04-28T13:00:00+02:00
1159;Generación medida Eólica terrestre;;;1158.705;2024-04-28T14:00:00+02:00
1159;Generación medida Eólica terrestre;;;1533.11;2024-04-28T15:00:00+02:00
1159;Generación medida Eólica terrestre;;;1965.348;2024-04-28T16:00:00+02:00
1159;Generación medida Eólica terrestre;;;2107.495;2024-04-28T17:00:00+02:00
1159;Generación medida Eólica terrestre;;;2890.34;2024-04-28T18:00:00+02:00
1159;Generación medida Eólica terrestre;;;2867.157;2024-04-28T19:00:00+02:00
1159;Generación medida Eólica terrestre;;;3699.965;2024-04-28T20:00:00+02:00
1159;Generación medida Eólica terrestre;;;4487.64;2024-04-28T21:00:00+02:00
1159;Generación medida Eólica terrestre;;;5121.435;2024-04-28T22:00:00+02:00
1159;Generación medida Eólica terrestre;;;5153.832;2024-04-28T23:00:00+02:00
1159;Generación medida Eólica terrestre;;;4752.953;2024-04-29T00:00:00+02:00
1159;Generación medida Eólica terrestre;;;4365.808;2024-04-29T01:00:00+02:00
1159;Generación medida Eólica terrestre;;;3808.312;2024-04-29T02:00:00+02:00
1159;Generación medida Eólica terrestre;;;3432.553;2024-04-29T03:00:00+02:00
1159;Generación medida Eólica terrestre;;;3347.422;2024-04-29T04:00:00+02:00
1159;Generación medida Eólica terrestre;;;3225.757;2024-04-29T05:00:00+02:00
1159;Generación medida Eólica terrestre;;;3182.158;2024-04-29T06:00:00+02:00
1159;Generación medida Eólica terrestre;;;2845.48;2024-04-29T07:00:00+02:00
1159;Generación medida Eólica terrestre;;;2563.874;2024-04-29T08:00:00+02:00
1159;Generación medida Eólica terrestre;;;2117.716;2024-04-29T09:00:00+02:00
1159;Generación medida Eólica terrestre;;;2146.238;2024-04-29T10:00:00+02:00
1159;Generación medida Eólica terrestre;;;2065.908;2024-04-29T11:00:00+02:00
1159;Generación medida Eólica terrestre;;;2089.356;2024-04-29T12:00:00+02:00
1159;Generación medida Eólica terrestre;;;2113.121;2024-04-29T13:00:00+02:00
1159;Generación medida Eólica terrestre;;;2398.526;2024-04-29T14:00:00+02:00
1159;Generación medida Eólica terrestre;;;2947.771;2024-04-29T15:00:00+02:00
1159;Generación medida Eólica terrestre;;;3356.821;2024-04-29T16:00:00+02:00
1159;Generación medida Eólica terrestre;;;3772.258;2024-04-29T17:00:00+02:00
1159;Generación medida Eólica terrestre;;;4097.159;2024-04-29T18:00:00+02:00
1159;Generación medida Eólica terrestre;;;4324.566;2024-04-29T19:00:00+02:00
1159;Generación medida Eólica terrestre;;;4239.959;2024-04-29T20:00:00+02:00
1159;Generación medida Eólica terrestre;;;4189.297;2024-04-29T21:00:00+02:00
1159;Generación medida Eólica terrestre;;;4192.354;2024-04-29T22:00:00+02:00
1159;Generación medida Eólica terrestre;;;4146.726;2024-04-29T23:00:00+02:00
1159;Generación medida Eólica terrestre;;;4657.409;2024-04-30T00:00:00+02:00
1159;Generación medida Eólica terrestre;;;4815.183;2024-04-30T01:00:00+02:00
1159;Generación medida Eólica terrestre;;;4825.633;2024-04-30T02:00:00+02:00
1159;Generación medida Eólica terrestre;;;4793.848;2024-04-30T03:00:00+02:00
1159;Generación medida Eólica terrestre;;;4703.703;2024-04-30T04:00:00+02:00
1159;Generación medida Eólica terrestre;;;4995.456;2024-04-30T05:00:00+02:00
1159;Generación medida Eólica terrestre;;;5667.306;2024-04-30T06:00:00+02:00
1159;Generación medida Eólica terrestre;;;6071.677;2024-04-30T07:00:00+02:00
1159;Generación medida Eólica terrestre;;;5996.522;2024-04-30T08:00:00+02:00
1159;Generación medida Eólica terrestre;;;5226.81;2024-04-30T09:00:00+02:00
1159;Generación medida Eólica terrestre;;;5037.791;2024-04-30T10:00:00+02:00
1159;Generación medida Eólica terrestre;;;5341.586;2024-04-30T11:00:00+02:00
1159;Generación medida Eólica terrestre;;;6227.439;2024-04-30T12:00:00+02:00
1159;Generación medida Eólica terrestre;;;6742.687;2024-04-30T13:00:00+02:00
1159;Generación medida Eólica terrestre;;;7922.327;2024-04-30T14:00:00+02:00
1159;Generación medida Eólica terrestre;;;9083.908;2024-04-30T15:00:00+02:00
1159;Generación medida Eólica terrestre;;;10004.436;2024-04-30T16:00:00+02:00
1159;Generación medida Eólica terrestre;;;10471.947;2024-04-30T17:00:00+02:00
1159;Generación medida Eólica terrestre;;;10436.209;2024-04-30T18:00:00+02:00
1159;Generación medida Eólica terrestre;;;10314.336;2024-04-30T19:00:00+02:00
1159;Generación medida Eólica terrestre;;;10342.865;2024-04-30T20:00:00+02:00
1159;Generación medida Eólica terrestre;;;9861.802;2024-04-30T21:00:00+02:00
1159;Generación medida Eólica terrestre;;;10818.282;2024-04-30T22:00:00+02:00
1159;Generación medida Eólica terrestre;;;10813.628;2024-04-30T23:00:00+02:00
1164;Generación medida Gas Natural Cogeneración;;;1127.901;2024-04-01T00:00:00+02:00
1164;Generación medida Gas Natural Cogeneración;;;1094.188;2024-04-01T01:00:00+02:00
1164;Generación medida Gas Natural Cogeneración;;;1085.723;2024-04-01T02:00:00+02:00
1164;Generación medida Gas Natural Cogeneración;;;1060.131;2024-04-01T03:00:00+02:00
1164;Generación medida Gas Natural Cogeneración;;;1097.213;2024-04-01T04:00:00+02:00
1164;Generación medida Gas Natural Cogeneración;;;1078.61;2024-04-01T05:00:00+02:00
1164;Generación medida Gas Natural Cogeneración;;;1091.269;2024-04-01T06:00:00+02:00
1164;Generación medida Gas Natural Cogeneración;;;1108.611;2024-04-01T07:00:00+02:00
1164;Generación medida Gas Natural Cogeneración;;;1107.725;2024-04-01T08:00:00+02:00
1164;Generación medida Gas Natural Cogeneración;;;1098.714;2024-04-01T09:00:00+02:00
1164;Generación medida Gas Natural Cogeneración;;;1090.393;2024-04-01T10:00:00+02:00
1164;Generación medida Gas Natural Cogeneración;;;1025.247;2024-04-01T11:00:00+02:00
1164;Generación medida Gas Natural Cogeneración;;;1015.055;2024-04-01T12:00:00+02:00
1164;Generación medida Gas Natural Cogeneración;;;1017.164;2024-04-01T13:00:00+02:00
1164;Generación medida Gas Natural Cogeneración;;;1009.058;2024-04-01T14:00:00+02:00
1164;Generación medida Gas Natural Cogeneración;;;1009.555;2024-04-01T15:00:00+02:00
1164;Generación medida Gas Natural Cogeneración;;;1011.892;2024-04-01T16:00:00+02:00
1164;Generación medida Gas Natural Cogeneración;;;1015.783;2024-04-01T17:00:00+02:00
1164;Generación medida Gas Natural Cogeneración;;;1022.201;2024-04-01T18:00:00+02:00
1164;Generación medida Gas Natural Cogeneración;;;1080.87;2024-04-01T19:00:00+02:00
1164;Generación medida Gas Natural Cogeneración;;;1135.935;2024-04-01T20:00:00+02:00
1164;Generación medida Gas Natural Cogeneración;;;1154.243;2024-04-01T21:00:00+02:00
1164;Generación medida Gas Natural Cogeneración;;;1148.129;2024-04-01T22:00:00+02:00
1164;Generación medida Gas Natural Cogeneración;;;1142.669;2024-04-01T23:00:00+02:00
1164;Generación medida Gas Natural Cogeneración;;;1127.371;2024-04-02T00:00:00+02:00
1164;Generación medida Gas Natural Cogeneración;;;1131.263;2024-04-02T01:00:00+02:00
1164;Generación medida Gas Natural Cogeneración;;;1118.655;2024-04-02T02:00:00+02:00
1164;Generación medida Gas Natural Cogeneración;;;1091.696;2024-04-02T03:00:00+02:00
1164;Generación medida Gas Natural Cogeneración;;;1125.88;2024-04-02T04:00:00+02:00
1164;Generación medida Gas Natural Cogeneración;;;1143.22;2024-04-02T05:00:00+02:00
1164;Generación medida Gas Natural Cogeneración;;;1208.122;2024-04-02T06:00:00+02:00
1164;Generación medida Gas Natural Cogeneración;;;1233.815;2024-04-02T07:00:00+02:00
1164;Generación medida Gas Natural Cogeneración;;;1239.554;2024-04-02T08:00:00+02:00
1164;Generación medida Gas Natural Cogeneración;;;1222.229;2024-04-02T09:00:00+02:00
1164;Generación medida Gas Natural Cogeneración;;;1183.763;2024-04-02T10:00:00+02:00
1164;Generación medida Gas Natural Cogeneración;;;1163.709;2024-04-02T11:00:00+02:00
1164;Generación medida Gas Natural Cogeneración;;;1131.89;2024-04-02T12:00:00+02:00
1164;Generación medida Gas Natural Cogeneración;;;1118.645;2024-04-02T13:00:00+02:00
1164;Generación medida Gas Natural Cogeneración;;;1127.859;2024-04-02T14:00:00+02:00
1164;Generación medida Gas Natural Cogeneración;;;1130.502;2024-04-02T15:00:00+02:00
1164;Generación medida Gas Natural Cogeneración;;;1172.337;2024-04-02T16:00:00+02:00
1164;Generación medida Gas Natural Cogeneración;;;1230.737;2024-04-02T17:00:00+02:00
1164;Generación medida Gas Natural Cogeneración;;;1233.802;2024-04-02T18:00:00+02:00
1164;Generación medida Gas Natural Cogeneración;;;1276.259;2024-04-02T19:00:00+02:00
1164;Generación medida Gas Natural Cogeneración;;;1323.748;2024-04-02T20:00:00+02:00
1164;Generación medida Gas Natural Cogeneración;;;1354.076;2024-04-02T21:00:00+02:00
1164;Generación medida Gas Natural Cogeneración;;;1361.005;2024-04-02T22:00:00+02:00
1164;Generación medida Gas Natural Cogeneración;;;1314.832;2024-04-02T23:00:00+02:00
1164;Generación medida Gas Natural Cogeneración;;;1312.962;2024-04-03T00:00:00+02:00
1164;Generación medida Gas Natural Cogeneración;;;1304.827;2024-04-03T01:00:00+02:00
1164;Generación medida Gas Natural Cogeneración;;;1300.961;2024-04-03T02:00:00+02:00
1164;Generación medida Gas Natural Cogeneración;;;1270.095;2024-04-03T03:00:00+02:00
1164;Generación medida Gas Natural Cogeneración;;;1298.606;2024-04-03T04:00:00+02:00
1164;Generación medida Gas Natural Cogeneración;;;1293.221;2024-04-03T05:00:00+02:00
1164;Generación medida Gas Natural Cogeneración;;;1315.963;2024-04-03T06:00:00+02:00
1164;Generación medida Gas Natural Cogeneración;;;1315.918;2024-04-03T07:00:00+02:00
1164;Generación medida Gas Natural Cogeneración;;;1308.766;2024-04-03T08:00:00+02:00
1164;Generación medida Gas Natural Cogeneración;;;1290.655;2024-04-03T09:00:00+02:00
1164;Generación medida Gas Natural Cogeneración;;;1273.654;2024-04-03T10:00:00+02:00
1164;Generación medida Gas Natural Cogeneración;;;1219.394;2024-04-03T11:00:00+02:00
1164;Generación medida Gas Natural Cogeneración;;;1215.597;2024-04-03T12:00:00+02:00
1164;Generación medida Gas Natural Cogeneración;;;1219.59;2024-04-03T13:00:00+02:00
1164;Generación medida Gas Natural Cogeneración;;;1248.089;2024-04-03T14:00:00+02:00
1164;Generación medida Gas Natural Cogeneración;;;1219.562;2024-04-03T15:00:00+02:00
1164;Generación medida Gas Natural Cogeneración;;;1219.984;2024-04-03T16:00:00+02:00
1164;Generación medida Gas Natural Cogeneración;;;1225.402;2024-04-03T17:00:00+02:00
1164;Generación medida Gas Natural Cogeneración;;;1243.479;2024-04-03T18:00:00+02:00
1164;Generación medida Gas Natural Cogeneración;;;1315.197;2024-04-03T19:00:00+02:00
1164;Generación medida Gas Natural Cogeneración;;;1364.006;2024-04-03T20:00:00+02:00
1164;Generación medida Gas Natural Cogeneración;;;1389.388;2024-04-03T21:00:00+02:00
1164;Generación medida Gas Natural Cogeneración;;;1387.004;2024-04-03T22:00:00+02:00
1164;Generación medida Gas Natural Cogeneración;;;1370.93;2024-04-03T23:00:00+02:00
1164;Generación medida Gas Natural Cogeneración;;;1290.361;2024-04-04T00:00:00+02:00
1164;Generación medida Gas Natural Cogeneración;;;1280.05;2024-04-04T01:00:00+02:00
1164;Generación medida Gas Natural Cogeneración;;;1288.201;2024-04-04T02:00:00+02:00
1164;Generación medida Gas Natural Cogeneración;;;1251.483;2024-04-04T03:00:00+02:00
1164;Generación medida Gas Natural Cogeneración;;;1283.732;2024-04-04T04:00:00+02:00
1164;Generación medida Gas Natural Cogeneración;;;1314.723;2024-04-04T05:00:00+02:00
1164;Generación medida Gas Natural Cogeneración;;;1342.459;2024-04-04T06:00:00+02:00
1164;Generación medida Gas Natural Cogeneración;;;1358.838;2024-04-04T07:00:00+02:00
1164;Generación medida Gas Natural Cogeneración;;;1357.813;2024-04-04T08:00:00+02:00
1164;Generación medida Gas Natural Cogeneración;;;1298.619;2024-04-04T09:00:00+02:00
1164;Generación medida Gas Natural Cogeneración;;;1228.378;2024-04-04T10:00:00+02:00
1164;Generación medida Gas Natural Cogeneración;;;1189.497;2024-04-04T11:00:00+02:00
1164;Generación medida Gas Natural Cogeneración;;;1184.457;2024-04-04T12:00:00+02:00
1164;Generación medida Gas Natural Cogeneración;;;1141.094;2024-04-04T13:00:00+02:00
1164;Generación medida Gas Natural Cogeneración;;;1136.788;2024-04-04T14:00:00+02:00
1164;Generación medida Gas Natural Cogeneración;;;1146.382;2024-04-04T15:00:00+02:00
1164;Generación medida Gas Natural Cogeneración;;;1156.862;2024-04-04T16:00:00+02:00
1164;Generación medida Gas Natural Cogeneración;;;1181.294;2024-04-04T17:00:00+02:00
1164;Generación medida Gas Natural Cogeneración;;;1225.784;2024-04-04T18:00:00+02:00
1164;Generación medida Gas Natural Cogeneración;;;1283.913;2024-04-04T19:00:00+02:00
1164;Generación medida Gas Natural Cogeneración;;;1332.01;2024-04-04T20:00:00+02:00
1164;Generación medida Gas Natural Cogeneración;;;1359.198;2024-04-04T21:00:00+02:00
1164;Generación medida Gas Natural Cogeneración;;;1269.997;2024-04-04T22:00:00+02:00
1164;Generación medida Gas Natural Cogeneración;;;1177.716;2024-04-04T23:00:00+02:00
1164;Generación medida Gas Natural Cogeneración;;;1155.527;2024-04-05T00:00:00+02:00
1164;Generación medida Gas Natural Cogeneración;;;1157.261;2024-04-05T01:00:00+02:00
1164;Generación medida Gas Natural Cogeneración;;;1120.702;2024-04-05T02:00:00+02:00
1164;Generación medida Gas Natural Cogeneración;;;1088.739;2024-04-05T03:00:00+02:00
1164;Generación medida Gas Natural Cogeneración;;;1121.742;2024-04-05T04:00:00+02:00
1164;Generación medida Gas Natural Cogeneración;;;1109.401;2024-04-05T05:00:00+02:00
1164;Generación medida Gas Natural Cogeneración;;;1118.657;2024-04-05T06:00:00+02:00
1164;Generación medida Gas Natural Cogeneración;;;1124.374;2024-04-05T07:00:00+02:00
1164;Generación medida Gas Natural Cogeneración;;;1117.379;2024-04-05T08:00:00+02:00
1164;Generación medida Gas Natural Cogeneración;;;1078.659;2024-04-05T09:00:00+02:00
1164;Generación medida Gas Natural Cogeneración;;;1057.883;2024-04-05T10:00:00+02:00
1164;Generación medida Gas Natural Cogeneración;;;1072.278;2024-04-05T11:00:00+02:00
1164;Generación medida Gas Natural Cogeneración;;;1068.329;2024-04-05T12:00:00+02:00
1164;Generación medida Gas Natural Cogeneración;;;1069.539;2024-04-05T13:00:00+02:00
1164;Generación medida Gas Natural Cogeneración;;;1041.412;2024-04-05T14:00:00+02:00
1164;Generación medida Gas Natural Cogeneración;;;1024.361;2024-04-05T15:00:00+02:00
1164;Generación medida Gas Natural Cogeneración;;;1043.209;2024-04-05T16:00:00+02:00
1164;Generación medida Gas Natural Cogeneración;;;1029.569;2024-04-05T17:00:00+02:00
1164;Generación medida Gas Natural Cogeneración;;;1045.913;2024-04-05T18:00:00+02:00
1164;Generación medida Gas Natural Cogeneración;;;1052.821;2024-04-05T19:00:00+02:00
1164;Generación medida Gas Natural Cogeneración;;;1056.485;2024-04-05T20:00:00+02:00
1164;Generación medida Gas Natural Cogeneración;;;1054.282;2024-04-05T21:00:00+02:00
1164;Generación medida Gas Natural Cogeneración;;;1056.812;2024-04-05T22:00:00+02:00
1164;Generación medida Gas Natural Cogeneración;;;1056.483;2024-04-05T23:00:00+02:00
1164;Generación medida Gas Natural Cogeneración;;;1030.223;2024-04-06T00:00:00+02:00
1164;Generación medida Gas Natural Cogeneración;;;1036.205;2024-04-06T01:00:00+02:00
1164;Generación medida Gas Natural Cogeneración;;;1037.695;2024-04-06T02:00:00+02:00
1164;Generación medida Gas Natural Cogeneración;;;1008.875;2024-04-06T03:00:00+02:00
1164;Generación medida Gas Natural Cogeneración;;;1039.553;2024-04-06T04:00:00+02:00
1164;Generación medida Gas Natural Cogeneración;;;1041.555;2024-04-06T05:00:00+02:00
1164;Generación medida Gas Natural Cogeneración;;;1043.792;2024-04-06T06:00:00+02:00
1164;Generación medida Gas Natural Cogeneración;;;1044.008;2024-04-06T07:00:00+02:00
1164;Generación medida Gas Natural Cogeneración;;;1039.367;2024-04-06T08:00:00+02:00
1164;Generación medida Gas Natural Cogeneración;;;1042.29;2024-04-06T09:00:00+02:00
1164;Generación medida Gas Natural Cogeneración;;;1036.086;2024-04-06T10:00:00+02:00
1164;Generación medida Gas Natural Cogeneración;;;1017.412;2024-04-06T11:00:00+02:00
1164;Generación medida Gas Natural Cogeneración;;;1008.842;2024-04-06T12:00:00+02:00
1164;Generación medida Gas Natural Cogeneración;;;1012.625;2024-04-06T13:00:00+02:00
1164;Generación medida Gas Natural Cogeneración;;;1004.555;2024-04-06T14:00:00+02:00
1164;Generación medida Gas Natural Cogeneración;;;1004.855;2024-04-06T15:00:00+02:00
1164;Generación medida Gas Natural Cogeneración;;;1000.53;2024-04-06T16:00:00+02:00
1164;Generación medida Gas Natural Cogeneración;;;1000.528;2024-04-06T17:00:00+02:00
1164;Generación medida Gas Natural Cogeneración;;;1001.84;2024-04-06T18:00:00+02:00
1164;Generación medida Gas Natural Cogeneración;;;1028.399;2024-04-06T19:00:00+02:00
1164;Generación medida Gas Natural Cogeneración;;;1049.72;2024-04-06T20:00:00+02:00
1164;Generación medida Gas Natural Cogeneración;;;1060.116;2024-04-06T21:00:00+02:00
1164;Generación medida Gas Natural Cogeneración;;;1062.736;2024-04-06T22:00:00+02:00
1164;Generación medida Gas Natural Cogeneración;;;1059.141;2024-04-06T23:00:00+02:00
1164;Generación medida Gas Natural Cogeneración;;;1045.236;2024-04-07T00:00:00+02:00
1164;Generación medida Gas Natural Cogeneración;;;1017.647;2024-04-07T01:00:00+02:00
1164;Generación medida Gas Natural Cogeneración;;;1009.645;2024-04-07T02:00:00+02:00
1164;Generación medida Gas Natural Cogeneración;;;976.71;2024-04-07T03:00:00+02:00
1164;Generación medida Gas Natural Cogeneración;;;1006.814;2024-04-07T04:00:00+02:00
1164;Generación medida Gas Natural Cogeneración;;;1007.222;2024-04-07T05:00:00+02:00
1164;Generación medida Gas Natural Cogeneración;;;1012.36;2024-04-07T06:00:00+02:00
1164;Generación medida Gas Natural Cogeneración;;;1021.991;2024-04-07T07:00:00+02:00
1164;Generación medida Gas Natural Cogeneración;;;1025.898;2024-04-07T08:00:00+02:00
1164;Generación medida Gas Natural Cogeneración;;;1021.979;2024-04-07T09:00:00+02:00
1164;Generación medida Gas Natural Cogeneración;;;1009.354;2024-04-07T10:00:00+02:00
1164;Generación medida Gas Natural Cogeneración;;;998.786;2024-04-07T11:00:00+02:00
1164;Generación medida Gas Natural Cogeneración;;;965.961;2024-04-07T12:00:00+02:00
1164;Generación medida Gas Natural Cogeneración;;;960.587;2024-04-07T13:00:00+02:00
1164;Generación medida Gas Natural Cogeneración;;;951.554;2024-04-07T14:00:00+02:00
1164;Generación medida Gas Natural Cogeneración;;;947.336;2024-04-07T15:00:00+02:00
1164;Generación medida Gas Natural Cogeneración;;;941.424;2024-04-07T16:00:00+02:00
1164;Generación medida Gas Natural Cogeneración;;;955.382;2024-04-07T17:00:00+02:00
1164;Generación medida Gas Natural Cogeneración;;;972.283;2024-04-07T18:00:00+02:00
1164;Generación medida Gas Natural Cogeneración;;;1023.171;2024-04-07T19:00:00+02:00
1164;Generación medida Gas Natural Cogeneración;;;1067.829;2024-04-07T20:00:00+02:00
1164;Generación medida Gas Natural Cogeneración;;;1076.738;2024-04-07T21:00:00+02:00
1164;Generación medida Gas Natural Cogeneración;;;1084.906;2024-04-07T22:00:00+02:00
1164;Generación medida Gas Natural Cogeneración;;;1074.066;2024-04-07T23:00:00+02:00
1164;Generación medida Gas Natural Cogeneración;;;1032.036;2024-04-08T00:00:00+02:00
1164;Generación medida Gas Natural Cogeneración;;;1002.487;2024-04-08T01:00:00+02:00
1164;Generación medida Gas Natural Cogeneración;;;976.169;2024-04-08T02:00:00+02:00
1164;Generación medida Gas Natural Cogeneración;;;944.701;2024-04-08T03:00:00+02:00
1164;Generación medida Gas Natural Cogeneración;;;980.663;2024-04-08T04:00:00+02:00
1164;Generación medida Gas Natural Cogeneración;;;993.049;2024-04-08T05:00:00+02:00
1164;Generación medida Gas Natural Cogeneración;;;1037.395;2024-04-08T06:00:00+02:00
1164;Generación medida Gas Natural Cogeneración;;;1080.359;2024-04-08T07:00:00+02:00
1164;Generación medida Gas Natural Cogeneración;;;1087.214;2024-04-08T08:00:00+02:00
1164;Generación medida Gas Natural Cogeneración;;;1071.576;2024-04-08T09:00:00+02:00
1164;Generación medida Gas Natural Cogeneración;;;1032.636;2024-04-08T10:00:00+02:00
1164;Generación medida Gas Natural Cogeneración;;;1027.891;2024-04-08T11:00:00+02:00
1164;Generación medida Gas Natural Cogeneración;;;1025.953;2024-04-08T12:00:00+02:00
1164;Generación medida Gas Natural Cogeneración;;;1029.309;2024-04-08T13:00:00+02:00
1164;Generación medida Gas Natural Cogeneración;;;1029.499;2024-04-08T14:00:00+02:00
1164;Generación medida Gas Natural Cogeneración;;;1030.343;2024-04-08T15:00:00+02:00
1164;Generación medida Gas Natural Cogeneración;;;1028.452;2024-04-08T16:00:00+02:00
1164;Generación medida Gas Natural Cogeneración;;;1023.398;2024-04-08T17:00:00+02:00
1164;Generación medida Gas Natural Cogeneración;;;1030.247;2024-04-08T18:00:00+02:00
1164;Generación medida Gas Natural Cogeneración;;;1056.073;2024-04-08T19:00:00+02:00
1164;Generación medida Gas Natural Cogeneración;;;1078.253;2024-04-08T20:00:00+02:00
1164;Generación medida Gas Natural Cogeneración;;;1087.129;2024-04-08T21:00:00+02:00
1164;Generación medida Gas Natural Cogeneración;;;1084.894;2024-04-08T22:00:00+02:00
1164;Generación medida Gas Natural Cogeneración;;;1042.23;2024-04-08T23:00:00+02:00
1164;Generación medida Gas Natural Cogeneración;;;1016.305;2024-04-09T00:00:00+02:00
1164;Generación medida Gas Natural Cogeneración;;;1014.369;2024-04-09T01:00:00+02:00
1164;Generación medida Gas Natural Cogeneración;;;1006.466;2024-04-09T02:00:00+02:00
1164;Generación medida Gas Natural Cogeneración;;;980.968;2024-04-09T03:00:00+02:00
1164;Generación medida Gas Natural Cogeneración;;;1012.204;2024-04-09T04:00:00+02:00
1164;Generación medida Gas Natural Cogeneración;;;1022.61;2024-04-09T05:00:00+02:00
1164;Generación medida Gas Natural Cogeneración;;;1019.242;2024-04-09T06:00:00+02:00
1164;Generación medida Gas Natural Cogeneración;;;1022.921;2024-04-09T07:00:00+02:00
1164;Generación medida Gas Natural Cogeneración;;;1031.055;2024-04-09T08:00:00+02:00
1164;Generación medida Gas Natural Cogeneración;;;1026.201;2024-04-09T09:00:00+02:00
1164;Generación medida Gas Natural Cogeneración;;;1017.543;2024-04-09T10:00:00+02:00
1164;Generación medida Gas Natural Cogeneración;;;1003.781;2024-04-09T11:00:00+02:00
1164;Generación medida Gas Natural Cogeneración;;;1003.825;2024-04-09T12:00:00+02:00
1164;Generación medida Gas Natural Cogeneración;;;1008.148;2024-04-09T13:00:00+02:00
1164;Generación medida Gas Natural Cogeneración;;;983.911;2024-04-09T14:00:00+02:00
1164;Generación medida Gas Natural Cogeneración;;;985.443;2024-04-09T15:00:00+02:00
1164;Generación medida Gas Natural Cogeneración;;;997.282;2024-04-09T16:00:00+02:00
1164;Generación medida Gas Natural Cogeneración;;;1006.205;2024-04-09T17:00:00+02:00
1164;Generación medida Gas Natural Cogeneración;;;1006.219;2024-04-09T18:00:00+02:00
1164;Generación medida Gas Natural Cogeneración;;;1023.326;2024-04-09T19:00:00+02:00
1164;Generación medida Gas Natural Cogeneración;;;1070.132;2024-04-09T20:00:00+02:00
1164;Generación medida Gas Natural Cogeneración;;;1091.56;2024-04-09T21:00:00+02:00
1164;Generación medida Gas Natural Cogeneración;;;1081.246;2024-04-09T22:00:00+02:00
1164;Generación medida Gas Natural Cogeneración;;;1080.159;2024-04-09T23:00:00+02:00
1164;Generación medida Gas Natural Cogeneración;;;1083.911;2024-04-10T00:00:00+02:00
1164;Generación medida Gas Natural Cogeneración;;;1083.615;2024-04-10T01:00:00+02:00
1164;Generación medida Gas Natural Cogeneración;;;1075.958;2024-04-10T02:00:00+02:00
1164;Generación medida Gas Natural Cogeneración;;;1047.21;2024-04-10T03:00:00+02:00
1164;Generación medida Gas Natural Cogeneración;;;1079.555;2024-04-10T04:00:00+02:00
1164;Generación medida Gas Natural Cogeneración;;;1086.457;2024-04-10T05:00:00+02:00
1164;Generación medida Gas Natural Cogeneración;;;1108.019;2024-04-10T06:00:00+02:00
1164;Generación medida Gas Natural Cogeneración;;;1122.635;2024-04-10T07:00:00+02:00
1164;Generación medida Gas Natural Cogeneración;;;1111.949;2024-04-10T08:00:00+02:00
1164;Generación medida Gas Natural Cogeneración;;;1077.021;2024-04-10T09:00:00+02:00
1164;Generación medida Gas Natural Cogeneración;;;1008.167;2024-04-10T10:00:00+02:00
1164;Generación medida Gas Natural Cogeneración;;;989.215;2024-04-10T11:00:00+02:00
1164;Generación medida Gas Natural Cogeneración;;;987.94;2024-04-10T12:00:00+02:00
1164;Generación medida Gas Natural Cogeneración;;;988.029;2024-04-10T13:00:00+02:00
1164;Generación medida Gas Natural Cogeneración;;;989.036;2024-04-10T14:00:00+02:00
1164;Generación medida Gas Natural Cogeneración;;;989.105;2024-04-10T15:00:00+02:00
1164;Generación medida Gas Natural Cogeneración;;;989.676;2024-04-10T16:00:00+02:00
1164;Generación medida Gas Natural Cogeneración;;;988.145;2024-04-10T17:00:00+02:00
1164;Generación medida Gas Natural Cogeneración;;;1008.775;2024-04-10T18:00:00+02:00
1164;Generación medida Gas Natural Cogeneración;;;1033.878;2024-04-10T19:00:00+02:00
1164;Generación medida Gas Natural Cogeneración;;;1047.283;2024-04-10T20:00:00+02:00
1164;Generación medida Gas Natural Cogeneración;;;1065.713;2024-04-10T21:00:00+02:00
1164;Generación medida Gas Natural Cogeneración;;;1053.732;2024-04-10T22:00:00+02:00
1164;Generación medida Gas Natural Cogeneración;;;1059.285;2024-04-10T23:00:00+02:00
1164;Generación medida Gas Natural Cogeneración;;;1073.175;2024-04-11T00:00:00+02:00
1164;Generación medida Gas Natural Cogeneración;;;1100.725;2024-04-11T01:00:00+02:00
1164;Generación medida Gas Natural Cogeneración;;;1103.953;2024-04-11T02:00:00+02:00
1164;Generación medida Gas Natural Cogeneración;;;1097.609;2024-04-11T03:00:00+02:00
1164;Generación medida Gas Natural Cogeneración;;;1092.325;2024-04-11T04:00:00+02:00
1164;Generación medida Gas Natural Cogeneración;;;1108.261;2024-04-11T05:00:00+02:00
1164;Generación medida Gas Natural Cogeneración;;;1112.042;2024-04-11T06:00:00+02:00
1164;Generación medida Gas Natural Cogeneración;;;1139.289;2024-04-11T07:00:00+02:00
1164;Generación medida Gas Natural Cogeneración;;;1154.757;2024-04-11T08:00:00+02:00
1164;Generación medida Gas Natural Cogeneración;;;1067.301;2024-04-11T09:00:00+02:00
1164;Generación medida Gas Natural Cogeneración;;;1048.887;2024-04-11T10:00:00+02:00
1164;Generación medida Gas Natural Cogeneración;;;1039.197;2024-04-11T11:00:00+02:00
1164;Generación medida Gas Natural Cogeneración;;;1036.774;2024-04-11T12:00:00+02:00
1164;Generación medida Gas Natural Cogeneración;;;1054.852;2024-04-11T13:00:00+02:00
1164;Generación medida Gas Natural Cogeneración;;;1056.404;2024-04-11T14:00:00+02:00
1164;Generación medida Gas Natural Cogeneración;;;1049.94;2024-04-11T15:00:00+02:00
1164;Generación medida Gas Natural Cogeneración;;;1080.394;2024-04-11T16:00:00+02:00
1164;Generación medida Gas Natural Cogeneración;;;1109.676;2024-04-11T17:00:00+02:00
1164;Generación medida Gas Natural Cogeneración;;;1132.532;2024-04-11T18:00:00+02:00
1164;Generación medida Gas Natural Cogeneración;;;1224.817;2024-04-11T19:00:00+02:00
1164;Generación medida Gas Natural Cogeneración;;;1445.538;2024-04-11T20:00:00+02:00
1164;Generación medida Gas Natural Cogeneración;;;1508.032;2024-04-11T21:00:00+02:00
1164;Generación medida Gas Natural Cogeneración;;;1531.988;2024-04-11T22:00:00+02:00
1164;Generación medida Gas Natural Cogeneración;;;1463.629;2024-04-11T23:00:00+02:00
1164;Generación medida Gas Natural Cogeneración;;;1403.639;2024-04-12T00:00:00+02:00
1164;Generación medida Gas Natural Cogeneración;;;1394.634;2024-04-12T01:00:00+02:00
1164;Generación medida Gas Natural Cogeneración;;;1388.821;2024-04-12T02:00:00+02:00
1164;Generación medida Gas Natural Cogeneración;;;1392.498;2024-04-12T03:00:00+02:00
1164;Generación medida Gas Natural Cogeneración;;;1405.924;2024-04-12T04:00:00+02:00
1164;Generación medida Gas Natural Cogeneración;;;1415.898;2024-04-12T05:00:00+02:00
1164;Generación medida Gas Natural Cogeneración;;;1468.187;2024-04-12T06:00:00+02:00
1164;Generación medida Gas Natural Cogeneración;;;1530.99;2024-04-12T07:00:00+02:00
1164;Generación medida Gas Natural Cogeneración;;;1541.271;2024-04-12T08:00:00+02:00
1164;Generación medida Gas Natural Cogeneración;;;1339.564;2024-04-12T09:00:00+02:00
1164;Generación medida Gas Natural Cogeneración;;;1265.352;2024-04-12T10:00:00+02:00
1164;Generación medida Gas Natural Cogeneración;;;1250.408;2024-04-12T11:00:00+02:00
1164;Generación medida Gas Natural Cogeneración;;;1236.702;2024-04-12T12:00:00+02:00
1164;Generación medida Gas Natural Cogeneración;;;1224.204;2024-04-12T13:00:00+02:00
1164;Generación medida Gas Natural Cogeneración;;;1225.063;2024-04-12T14:00:00+02:00
1164;Generación medida Gas Natural Cogeneración;;;1215.082;2024-04-12T15:00:00+02:00
1164;Generación medida Gas Natural Cogeneración;;;1195.483;2024-04-12T16:00:00+02:00
1164;Generación medida Gas Natural Cogeneración;;;1180.37;2024-04-12T17:00:00+02:00
1164;Generación medida Gas Natural Cogeneración;;;1220.931;2024-04-12T18:00:00+02:00
1164;Generación medida Gas Natural Cogeneración;;;1336.253;2024-04-12T19:00:00+02:00
1164;Generación medida Gas Natural Cogeneración;;;1415.946;2024-04-12T20:00:00+02:00
1164;Generación medida Gas Natural Cogeneración;;;1461.074;2024-04-12T21:00:00+02:00
1164;Generación medida Gas Natural Cogeneración;;;1452.607;2024-04-12T22:00:00+02:00
1164;Generación medida Gas Natural Cogeneración;;;1405.975;2024-04-12T23:00:00+02:00
1164;Generación medida Gas Natural Cogeneración;;;1348.909;2024-04-13T00:00:00+02:00
1164;Generación medida Gas Natural Cogeneración;;;1341.75;2024-04-13T01:00:00+02:00
1164;Generación medida Gas Natural Cogeneración;;;1337.138;2024-04-13T02:00:00+02:00
1164;Generación medida Gas Natural Cogeneración;;;1302.474;2024-04-13T03:00:00+02:00
1164;Generación medida Gas Natural Cogeneración;;;1249.443;2024-04-13T04:00:00+02:00
1164;Generación medida Gas Natural Cogeneración;;;1220.927;2024-04-13T05:00:00+02:00
1164;Generación medida Gas Natural Cogeneración;;;1219.196;2024-04-13T06:00:00+02:00
1164;Generación medida Gas Natural Cogeneración;;;1213.046;2024-04-13T07:00:00+02:00
1164;Generación medida Gas Natural Cogeneración;;;1185.935;2024-04-13T08:00:00+02:00
1164;Generación medida Gas Natural Cogeneración;;;1065.045;2024-04-13T09:00:00+02:00
1164;Generación medida Gas Natural Cogeneración;;;1050.503;2024-04-13T10:00:00+02:00
1164;Generación medida Gas Natural Cogeneración;;;1037.107;2024-04-13T11:00:00+02:00
1164;Generación medida Gas Natural Cogeneración;;;1035.65;2024-04-13T12:00:00+02:00
1164;Generación medida Gas Natural Cogeneración;;;1029.111;2024-04-13T13:00:00+02:00
1164;Generación medida Gas Natural Cogeneración;;;1027.6;2024-04-13T14:00:00+02:00
1164;Generación medida Gas Natural Cogeneración;;;1028.14;2024-04-13T15:00:00+02:00
1164;Generación medida Gas Natural Cogeneración;;;1029.428;2024-04-13T16:00:00+02:00
1164;Generación medida Gas Natural Cogeneración;;;1018.367;2024-04-13T17:00:00+02:00
1164;Generación medida Gas Natural Cogeneración;;;1028.67;2024-04-13T18:00:00+02:00
1164;Generación medida Gas Natural Cogeneración;;;1074.079;2024-04-13T19:00:00+02:00
1164;Generación medida Gas Natural Cogeneración;;;1129.418;2024-04-13T20:00:00+02:00
1164;Generación medida Gas Natural Cogeneración;;;1170.542;2024-04-13T21:00:00+02:00
1164;Generación medida Gas Natural Cogeneración;;;1167.699;2024-04-13T22:00:00+02:00
1164;Generación medida Gas Natural Cogeneración;;;1151.804;2024-04-13T23:00:00+02:00
1164;Generación medida Gas Natural Cogeneración;;;1092.662;2024-04-14T00:00:00+02:00
1164;Generación medida Gas Natural Cogeneración;;;1087.758;2024-04-14T01:00:00+02:00
1164;Generación medida Gas Natural Cogeneración;;;1090.15;2024-04-14T02:00:00+02:00
1164;Generación medida Gas Natural Cogeneración;;;1095.34;2024-04-14T03:00:00+02:00
1164;Generación medida Gas Natural Cogeneración;;;1099.351;2024-04-14T04:00:00+02:00
1164;Generación medida Gas Natural Cogeneración;;;1102.495;2024-04-14T05:00:00+02:00
1164;Generación medida Gas Natural Cogeneración;;;1098.549;2024-04-14T06:00:00+02:00
1164;Generación medida Gas Natural Cogeneración;;;1098.519;2024-04-14T07:00:00+02:00
1164;Generación medida Gas Natural Cogeneración;;;1096.313;2024-04-14T08:00:00+02:00
1164;Generación medida Gas Natural Cogeneración;;;1023.531;2024-04-14T09:00:00+02:00
1164;Generación medida Gas Natural Cogeneración;;;1012.704;2024-04-14T10:00:00+02:00
1164;Generación medida Gas Natural Cogeneración;;;1001.176;2024-04-14T11:00:00+02:00
1164;Generación medida Gas Natural Cogeneración;;;994.589;2024-04-14T12:00:00+02:00
1164;Generación medida Gas Natural Cogeneración;;;986.26;2024-04-14T13:00:00+02:00
1164;Generación medida Gas Natural Cogeneración;;;989.629;2024-04-14T14:00:00+02:00
1164;Generación medida Gas Natural Cogeneración;;;995.427;2024-04-14T15:00:00+02:00
1164;Generación medida Gas Natural Cogeneración;;;994.253;2024-04-14T16:00:00+02:00
1164;Generación medida Gas Natural Cogeneración;;;992.68;2024-04-14T17:00:00+02:00
1164;Generación medida Gas Natural Cogeneración;;;999.312;2024-04-14T18:00:00+02:00
1164;Generación medida Gas Natural Cogeneración;;;1027.864;2024-04-14T19:00:00+02:00
1164;Generación medida Gas Natural Cogeneración;;;1098.957;2024-04-14T20:00:00+02:00
1164;Generación medida Gas Natural Cogeneración;;;1139.974;2024-04-14T21:00:00+02:00
1164;Generación medida Gas Natural Cogeneración;;;1132.309;2024-04-14T22:00:00+02:00
1164;Generación medida Gas Natural Cogeneración;;;1087.759;2024-04-14T23:00:00+02:00
1164;Generación medida Gas Natural Cogeneración;;;1024.58;2024-04-15T00:00:00+02:00
1164;Generación medida Gas Natural Cogeneración;;;998.325;2024-04-15T01:00:00+02:00
1164;Generación medida Gas Natural Cogeneración;;;998.398;2024-04-15T02:00:00+02:00
1164;Generación medida Gas Natural Cogeneración;;;978.425;2024-04-15T03:00:00+02:00
1164;Generación medida Gas Natural Cogeneración;;;981.645;2024-04-15T04:00:00+02:00
1164;Generación medida Gas Natural Cogeneración;;;984.62;2024-04-15T05:00:00+02:00
1164;Generación medida Gas Natural Cogeneración;;;1019.666;2024-04-15T06:00:00+02:00
1164;Generación medida Gas Natural Cogeneración;;;1036.219;2024-04-15T07:00:00+02:00
1164;Generación medida Gas Natural Cogeneración;;;1026.925;2024-04-15T08:00:00+02:00
1164;Generación medida Gas Natural Cogeneración;;;1021.526;2024-04-15T09:00:00+02:00
1164;Generación medida Gas Natural Cogeneración;;;983.499;2024-04-15T10:00:00+02:00
1164;Generación medida Gas Natural Cogeneración;;;968.205;2024-04-15T11:00:00+02:00
1164;Generación medida Gas Natural Cogeneración;;;974.201;2024-04-15T12:00:00+02:00
1164;Generación medida Gas Natural Cogeneración;;;967.575;2024-04-15T13:00:00+02:00
1164;Generación medida Gas Natural Cogeneración;;;965.931;2024-04-15T14:00:00+02:00
1164;Generación medida Gas Natural Cogeneración;;;965.839;2024-04-15T15:00:00+02:00
1164;Generación medida Gas Natural Cogeneración;;;977.589;2024-04-15T16:00:00+02:00
1164;Generación medida Gas Natural Cogeneración;;;971.401;2024-04-15T17:00:00+02:00
1164;Generación medida Gas Natural Cogeneración;;;970.946;2024-04-15T18:00:00+02:00
1164;Generación medida Gas Natural Cogeneración;;;1004.745;2024-04-15T19:00:00+02:00
1164;Generación medida Gas Natural Cogeneración;;;1020.752;2024-04-15T20:00:00+02:00
1164;Generación medida Gas Natural Cogeneración;;;1019.326;2024-04-15T21:00:00+02:00
1164;Generación medida Gas Natural Cogeneración;;;1012.564;2024-04-15T22:00:00+02:00
1164;Generación medida Gas Natural Cogeneración;;;1008.774;2024-04-15T23:00:00+02:00
1164;Generación medida Gas Natural Cogeneración;;;951.432;2024-04-16T00:00:00+02:00
1164;Generación medida Gas Natural Cogeneración;;;942.994;2024-04-16T01:00:00+02:00
1164;Generación medida Gas Natural Cogeneración;;;938.679;2024-04-16T02:00:00+02:00
1164;Generación medida Gas Natural Cogeneración;;;930.489;2024-04-16T03:00:00+02:00
1164;Generación medida Gas Natural Cogeneración;;;929.731;2024-04-16T04:00:00+02:00
1164;Generación medida Gas Natural Cogeneración;;;921.401;2024-04-16T05:00:00+02:00
1164;Generación medida Gas Natural Cogeneración;;;918.905;2024-04-16T06:00:00+02:00
1164;Generación medida Gas Natural Cogeneración;;;919.609;2024-04-16T07:00:00+02:00
1164;Generación medida Gas Natural Cogeneración;;;926.898;2024-04-16T08:00:00+02:00
1164;Generación medida Gas Natural Cogeneración;;;916.24;2024-04-16T09:00:00+02:00
1164;Generación medida Gas Natural Cogeneración;;;911.273;2024-04-16T10:00:00+02:00
1164;Generación medida Gas Natural Cogeneración;;;922.361;2024-04-16T11:00:00+02:00
1164;Generación medida Gas Natural Cogeneración;;;914.839;2024-04-16T12:00:00+02:00
1164;Generación medida Gas Natural Cogeneración;;;931.183;2024-04-16T13:00:00+02:00
1164;Generación medida Gas Natural Cogeneración;;;932.461;2024-04-16T14:00:00+02:00
1164;Generación medida Gas Natural Cogeneración;;;937.243;2024-04-16T15:00:00+02:00
1164;Generación medida Gas Natural Cogeneración;;;937.194;2024-04-16T16:00:00+02:00
1164;Generación medida Gas Natural Cogeneración;;;943.329;2024-04-16T17:00:00+02:00
1164;Generación medida Gas Natural Cogeneración;;;948.685;2024-04-16T18:00:00+02:00
1164;Generación medida Gas Natural Cogeneración;;;972.492;2024-04-16T19:00:00+02:00
1164;Generación medida Gas Natural Cogeneración;;;1017.962;2024-04-16T20:00:00+02:00
1164;Generación medida Gas Natural Cogeneración;;;1026.653;2024-04-16T21:00:00+02:00
1164;Generación medida Gas Natural Cogeneración;;;1018.097;2024-04-16T22:00:00+02:00
1164;Generación medida Gas Natural Cogeneración;;;1024.118;2024-04-16T23:00:00+02:00
1164;Generación medida Gas Natural Cogeneración;;;1016.094;2024-04-17T00:00:00+02:00
1164;Generación medida Gas Natural Cogeneración;;;1020.738;2024-04-17T01:00:00+02:00
1164;Generación medida Gas Natural Cogeneración;;;1014.78;2024-04-17T02:00:00+02:00
1164;Generación medida Gas Natural Cogeneración;;;1015.073;2024-04-17T03:00:00+02:00
1164;Generación medida Gas Natural Cogeneración;;;1019.456;2024-04-17T04:00:00+02:00
1164;Generación medida Gas Natural Cogeneración;;;1021.487;2024-04-17T05:00:00+02:00
1164;Generación medida Gas Natural Cogeneración;;;1027.082;2024-04-17T06:00:00+02:00
1164;Generación medida Gas Natural Cogeneración;;;1031.271;2024-04-17T07:00:00+02:00
1164;Generación medida Gas Natural Cogeneración;;;1034.267;2024-04-17T08:00:00+02:00
1164;Generación medida Gas Natural Cogeneración;;;1020.549;2024-04-17T09:00:00+02:00
1164;Generación medida Gas Natural Cogeneración;;;973.301;2024-04-17T10:00:00+02:00
1164;Generación medida Gas Natural Cogeneración;;;970.943;2024-04-17T11:00:00+02:00
1164;Generación medida Gas Natural Cogeneración;;;969.122;2024-04-17T12:00:00+02:00
1164;Generación medida Gas Natural Cogeneración;;;970.289;2024-04-17T13:00:00+02:00
1164;Generación medida Gas Natural Cogeneración;;;974.405;2024-04-17T14:00:00+02:00
1164;Generación medida Gas Natural Cogeneración;;;964.174;2024-04-17T15:00:00+02:00
1164;Generación medida Gas Natural Cogeneración;;;956.401;2024-04-17T16:00:00+02:00
1164;Generación medida Gas Natural Cogeneración;;;963.291;2024-04-17T17:00:00+02:00
1164;Generación medida Gas Natural Cogeneración;;;970.644;2024-04-17T18:00:00+02:00
1164;Generación medida Gas Natural Cogeneración;;;1000.267;2024-04-17T19:00:00+02:00
1164;Generación medida Gas Natural Cogeneración;;;1030.486;2024-04-17T20:00:00+02:00
1164;Generación medida Gas Natural Cogeneración;;;1047.729;2024-04-17T21:00:00+02:00
1164;Generación medida Gas Natural Cogeneración;;;1044.885;2024-04-17T22:00:00+02:00
1164;Generación medida Gas Natural Cogeneración;;;1039.829;2024-04-17T23:00:00+02:00
1164;Generación medida Gas Natural Cogeneración;;;1024.905;2024-04-18T00:00:00+02:00
1164;Generación medida Gas Natural Cogeneración;;;1026.783;2024-04-18T01:00:00+02:00
1164;Generación medida Gas Natural Cogeneración;;;1010.748;2024-04-18T02:00:00+02:00
1164;Generación medida Gas Natural Cogeneración;;;1011.304;2024-04-18T03:00:00+02:00
1164;Generación medida Gas Natural Cogeneración;;;1012.069;2024-04-18T04:00:00+02:00
1164;Generación medida Gas Natural Cogeneración;;;1011.566;2024-04-18T05:00:00+02:00
1164;Generación medida Gas Natural Cogeneración;;;1014.972;2024-04-18T06:00:00+02:00
1164;Generación medida Gas Natural Cogeneración;;;1046.78;2024-04-18T07:00:00+02:00
1164;Generación medida Gas Natural Cogeneración;;;1049.016;2024-04-18T08:00:00+02:00
1164;Generación medida Gas Natural Cogeneración;;;1009.52;2024-04-18T09:00:00+02:00
1164;Generación medida Gas Natural Cogeneración;;;934.391;2024-04-18T10:00:00+02:00
1164;Generación medida Gas Natural Cogeneración;;;886.707;2024-04-18T11:00:00+02:00
1164;Generación medida Gas Natural Cogeneración;;;906.326;2024-04-18T12:00:00+02:00
1164;Generación medida Gas Natural Cogeneración;;;911.438;2024-04-18T13:00:00+02:00
1164;Generación medida Gas Natural Cogeneración;;;905.041;2024-04-18T14:00:00+02:00
1164;Generación medida Gas Natural Cogeneración;;;905.563;2024-04-18T15:00:00+02:00
1164;Generación medida Gas Natural Cogeneración;;;913.03;2024-04-18T16:00:00+02:00
1164;Generación medida Gas Natural Cogeneración;;;922.133;2024-04-18T17:00:00+02:00
1164;Generación medida Gas Natural Cogeneración;;;934.943;2024-04-18T18:00:00+02:00
1164;Generación medida Gas Natural Cogeneración;;;996.449;2024-04-18T19:00:00+02:00
1164;Generación medida Gas Natural Cogeneración;;;1051.323;2024-04-18T20:00:00+02:00
1164;Generación medida Gas Natural Cogeneración;;;1082.947;2024-04-18T21:00:00+02:00
1164;Generación medida Gas Natural Cogeneración;;;1076.588;2024-04-18T22:00:00+02:00
1164;Generación medida Gas Natural Cogeneración;;;1087.386;2024-04-18T23:00:00+02:00
1164;Generación medida Gas Natural Cogeneración;;;1084.092;2024-04-19T00:00:00+02:00
1164;Generación medida Gas Natural Cogeneración;;;1083.435;2024-04-19T01:00:00+02:00
1164;Generación medida Gas Natural Cogeneración;;;1086.031;2024-04-19T02:00:00+02:00
1164;Generación medida Gas Natural Cogeneración;;;1097.774;2024-04-19T03:00:00+02:00
1164;Generación medida Gas Natural Cogeneración;;;1091.429;2024-04-19T04:00:00+02:00
1164;Generación medida Gas Natural Cogeneración;;;1132.369;2024-04-19T05:00:00+02:00
1164;Generación medida Gas Natural Cogeneración;;;1190.716;2024-04-19T06:00:00+02:00
1164;Generación medida Gas Natural Cogeneración;;;1207.141;2024-04-19T07:00:00+02:00
1164;Generación medida Gas Natural Cogeneración;;;1208.124;2024-04-19T08:00:00+02:00
1164;Generación medida Gas Natural Cogeneración;;;1126.971;2024-04-19T09:00:00+02:00
1164;Generación medida Gas Natural Cogeneración;;;1065.881;2024-04-19T10:00:00+02:00
1164;Generación medida Gas Natural Cogeneración;;;1056.743;2024-04-19T11:00:00+02:00
1164;Generación medida Gas Natural Cogeneración;;;1034.15;2024-04-19T12:00:00+02:00
1164;Generación medida Gas Natural Cogeneración;;;1021.449;2024-04-19T13:00:00+02:00
1164;Generación medida Gas Natural Cogeneración;;;1022.269;2024-04-19T14:00:00+02:00
1164;Generación medida Gas Natural Cogeneración;;;1015.44;2024-04-19T15:00:00+02:00
1164;Generación medida Gas Natural Cogeneración;;;1017.959;2024-04-19T16:00:00+02:00
1164;Generación medida Gas Natural Cogeneración;;;1026.752;2024-04-19T17:00:00+02:00
1164;Generación medida Gas Natural Cogeneración;;;1066.916;2024-04-19T18:00:00+02:00
1164;Generación medida Gas Natural Cogeneración;;;1138.187;2024-04-19T19:00:00+02:00
1164;Generación medida Gas Natural Cogeneración;;;1182.385;2024-04-19T20:00:00+02:00
1164;Generación medida Gas Natural Cogeneración;;;1188.121;2024-04-19T21:00:00+02:00
1164;Generación medida Gas Natural Cogeneración;;;1181.887;2024-04-19T22:00:00+02:00
1164;Generación medida Gas Natural Cogeneración;;;1173.086;2024-04-19T23:00:00+02:00
1164;Generación medida Gas Natural Cogeneración;;;1136.219;2024-04-20T00:00:00+02:00
1164;Generación medida Gas Natural Cogeneración;;;1070.861;2024-04-20T01:00:00+02:00
1164;Generación medida Gas Natural Cogeneración;;;1052.746;2024-04-20T02:00:00+02:00
1164;Generación medida Gas Natural Cogeneración;;;1054.738;2024-04-20T03:00:00+02:00
1164;Generación medida Gas Natural Cogeneración;;;1056.891;2024-04-20T04:00:00+02:00
1164;Generación medida Gas Natural Cogeneración;;;1056.356;2024-04-20T05:00:00+02:00
1164;Generación medida Gas Natural Cogeneración;;;1034.452;2024-04-20T06:00:00+02:00
1164;Generación medida Gas Natural Cogeneración;;;1034.484;2024-04-20T07:00:00+02:00
1164;Generación medida Gas Natural Cogeneración;;;1017.479;2024-04-20T08:00:00+02:00
1164;Generación medida Gas Natural Cogeneración;;;1001.167;2024-04-20T09:00:00+02:00
1164;Generación medida Gas Natural Cogeneración;;;956.313;2024-04-20T10:00:00+02:00
1164;Generación medida Gas Natural Cogeneración;;;931.57;2024-04-20T11:00:00+02:00
1164;Generación medida Gas Natural Cogeneración;;;925.267;2024-04-20T12:00:00+02:00
1164;Generación medida Gas Natural Cogeneración;;;924.892;2024-04-20T13:00:00+02:00
1164;Generación medida Gas Natural Cogeneración;;;925.328;2024-04-20T14:00:00+02:00
1164;Generación medida Gas Natural Cogeneración;;;929.475;2024-04-20T15:00:00+02:00
1164;Generación medida Gas Natural Cogeneración;;;926.94;2024-04-20T16:00:00+02:00
1164;Generación medida Gas Natural Cogeneración;;;924.921;2024-04-20T17:00:00+02:00
1164;Generación medida Gas Natural Cogeneración;;;932.842;2024-04-20T18:00:00+02:00
1164;Generación medida Gas Natural Cogeneración;;;978.677;2024-04-20T19:00:00+02:00
1164;Generación medida Gas Natural Cogeneración;;;1015.332;2024-04-20T20:00:00+02:00
1164;Generación medida Gas Natural Cogeneración;;;1018.917;2024-04-20T21:00:00+02:00
1164;Generación medida Gas Natural Cogeneración;;;1016.587;2024-04-20T22:00:00+02:00
1164;Generación medida Gas Natural Cogeneración;;;1017.596;2024-04-20T23:00:00+02:00
1164;Generación medida Gas Natural Cogeneración;;;984.668;2024-04-21T00:00:00+02:00
1164;Generación medida Gas Natural Cogeneración;;;981.189;2024-04-21T01:00:00+02:00
1164;Generación medida Gas Natural Cogeneración;;;962.319;2024-04-21T02:00:00+02:00
1164;Generación medida Gas Natural Cogeneración;;;951.335;2024-04-21T03:00:00+02:00
1164;Generación medida Gas Natural Cogeneración;;;959.273;2024-04-21T04:00:00+02:00
1164;Generación medida Gas Natural Cogeneración;;;961.563;2024-04-21T05:00:00+02:00
1164;Generación medida Gas Natural Cogeneración;;;957.54;2024-04-21T06:00:00+02:00
1164;Generación medida Gas Natural Cogeneración;;;975.138;2024-04-21T07:00:00+02:00
1164;Generación medida Gas Natural Cogeneración;;;967.014;2024-04-21T08:00:00+02:00
1164;Generación medida Gas Natural Cogeneración;;;912.632;2024-04-21T09:00:00+02:00
1164;Generación medida Gas Natural Cogeneración;;;905.734;2024-04-21T10:00:00+02:00
1164;Generación medida Gas Natural Cogeneración;;;899.285;2024-04-21T11:00:00+02:00
1164;Generación medida Gas Natural Cogeneración;;;895.725;2024-04-21T12:00:00+02:00
1164;Generación medida Gas Natural Cogeneración;;;892.282;2024-04-21T13:00:00+02:00
1164;Generación medida Gas Natural Cogeneración;;;893.285;2024-04-21T14:00:00+02:00
1164;Generación medida Gas Natural Cogeneración;;;895.011;2024-04-21T15:00:00+02:00
1164;Generación medida Gas Natural Cogeneración;;;895.864;2024-04-21T16:00:00+02:00
1164;Generación medida Gas Natural Cogeneración;;;893.124;2024-04-21T17:00:00+02:00
1164;Generación medida Gas Natural Cogeneración;;;889.883;2024-04-21T18:00:00+02:00
1164;Generación medida Gas Natural Cogeneración;;;906.842;2024-04-21T19:00:00+02:00
1164;Generación medida Gas Natural Cogeneración;;;950.884;2024-04-21T20:00:00+02:00
1164;Generación medida Gas Natural Cogeneración;;;972.362;2024-04-21T21:00:00+02:00
1164;Generación medida Gas Natural Cogeneración;;;957.006;2024-04-21T22:00:00+02:00
1164;Generación medida Gas Natural Cogeneración;;;964.345;2024-04-21T23:00:00+02:00
1164;Generación medida Gas Natural Cogeneración;;;962.427;2024-04-22T00:00:00+02:00
1164;Generación medida Gas Natural Cogeneración;;;973.238;2024-04-22T01:00:00+02:00
1164;Generación medida Gas Natural Cogeneración;;;973.31;2024-04-22T02:00:00+02:00
1164;Generación medida Gas Natural Cogeneración;;;975.887;2024-04-22T03:00:00+02:00
1164;Generación medida Gas Natural Cogeneración;;;977.694;2024-04-22T04:00:00+02:00
1164;Generación medida Gas Natural Cogeneración;;;978.782;2024-04-22T05:00:00+02:00
1164;Generación medida Gas Natural Cogeneración;;;993.619;2024-04-22T06:00:00+02:00
1164;Generación medida Gas Natural Cogeneración;;;990.726;2024-04-22T07:00:00+02:00
1164;Generación medida Gas Natural Cogeneración;;;985.452;2024-04-22T08:00:00+02:00
1164;Generación medida Gas Natural Cogeneración;;;957.415;2024-04-22T09:00:00+02:00
1164;Generación medida Gas Natural Cogeneración;;;941.894;2024-04-22T10:00:00+02:00
1164;Generación medida Gas Natural Cogeneración;;;944.296;2024-04-22T11:00:00+02:00
1164;Generación medida Gas Natural Cogeneración;;;934.169;2024-04-22T12:00:00+02:00
1164;Generación medida Gas Natural Cogeneración;;;937.267;2024-04-22T13:00:00+02:00
1164;Generación medida Gas Natural Cogeneración;;;942.543;2024-04-22T14:00:00+02:00
1164;Generación medida Gas Natural Cogeneración;;;939.567;2024-04-22T15:00:00+02:00
1164;Generación medida Gas Natural Cogeneración;;;939.692;2024-04-22T16:00:00+02:00
1164;Generación medida Gas Natural Cogeneración;;;944.155;2024-04-22T17:00:00+02:00
1164;Generación medida Gas Natural Cogeneración;;;959.126;2024-04-22T18:00:00+02:00
1164;Generación medida Gas Natural Cogeneración;;;1003.922;2024-04-22T19:00:00+02:00
1164;Generación medida Gas Natural Cogeneración;;;1005.491;2024-04-22T20:00:00+02:00
1164;Generación medida Gas Natural Cogeneración;;;1023.934;2024-04-22T21:00:00+02:00
1164;Generación medida Gas Natural Cogeneración;;;1042.44;2024-04-22T22:00:00+02:00
1164;Generación medida Gas Natural Cogeneración;;;1043.176;2024-04-22T23:00:00+02:00
1164;Generación medida Gas Natural Cogeneración;;;1032.088;2024-04-23T00:00:00+02:00
1164;Generación medida Gas Natural Cogeneración;;;1018.02;2024-04-23T01:00:00+02:00
1164;Generación medida Gas Natural Cogeneración;;;1033.962;2024-04-23T02:00:00+02:00
1164;Generación medida Gas Natural Cogeneración;;;1029.273;2024-04-23T03:00:00+02:00
1164;Generación medida Gas Natural Cogeneración;;;1041.906;2024-04-23T04:00:00+02:00
1164;Generación medida Gas Natural Cogeneración;;;1046.205;2024-04-23T05:00:00+02:00
1164;Generación medida Gas Natural Cogeneración;;;1061.638;2024-04-23T06:00:00+02:00
1164;Generación medida Gas Natural Cogeneración;;;1049.522;2024-04-23T07:00:00+02:00
1164;Generación medida Gas Natural Cogeneración;;;1046.212;2024-04-23T08:00:00+02:00
1164;Generación medida Gas Natural Cogeneración;;;1007.061;2024-04-23T09:00:00+02:00
1164;Generación medida Gas Natural Cogeneración;;;962.008;2024-04-23T10:00:00+02:00
1164;Generación medida Gas Natural Cogeneración;;;937.26;2024-04-23T11:00:00+02:00
1164;Generación medida Gas Natural Cogeneración;;;960.15;2024-04-23T12:00:00+02:00
1164;Generación medida Gas Natural Cogeneración;;;966.455;2024-04-23T13:00:00+02:00
1164;Generación medida Gas Natural Cogeneración;;;955.414;2024-04-23T14:00:00+02:00
1164;Generación medida Gas Natural Cogeneración;;;929.103;2024-04-23T15:00:00+02:00
1164;Generación medida Gas Natural Cogeneración;;;942.26;2024-04-23T16:00:00+02:00
1164;Generación medida Gas Natural Cogeneración;;;960.091;2024-04-23T17:00:00+02:00
1164;Generación medida Gas Natural Cogeneración;;;977.668;2024-04-23T18:00:00+02:00
1164;Generación medida Gas Natural Cogeneración;;;1029.461;2024-04-23T19:00:00+02:00
1164;Generación medida Gas Natural Cogeneración;;;1107.889;2024-04-23T20:00:00+02:00
1164;Generación medida Gas Natural Cogeneración;;;1146.681;2024-04-23T21:00:00+02:00
1164;Generación medida Gas Natural Cogeneración;;;1157.85;2024-04-23T22:00:00+02:00
1164;Generación medida Gas Natural Cogeneración;;;1147.008;2024-04-23T23:00:00+02:00
1164;Generación medida Gas Natural Cogeneración;;;1150.809;2024-04-24T00:00:00+02:00
1164;Generación medida Gas Natural Cogeneración;;;1155.146;2024-04-24T01:00:00+02:00
1164;Generación medida Gas Natural Cogeneración;;;1143.617;2024-04-24T02:00:00+02:00
1164;Generación medida Gas Natural Cogeneración;;;1143.115;2024-04-24T03:00:00+02:00
1164;Generación medida Gas Natural Cogeneración;;;1149.254;2024-04-24T04:00:00+02:00
1164;Generación medida Gas Natural Cogeneración;;;1159.492;2024-04-24T05:00:00+02:00
1164;Generación medida Gas Natural Cogeneración;;;1198.567;2024-04-24T06:00:00+02:00
1164;Generación medida Gas Natural Cogeneración;;;1208.209;2024-04-24T07:00:00+02:00
1164;Generación medida Gas Natural Cogeneración;;;1200.246;2024-04-24T08:00:00+02:00
1164;Generación medida Gas Natural Cogeneración;;;1136.301;2024-04-24T09:00:00+02:00
1164;Generación medida Gas Natural Cogeneración;;;1110.804;2024-04-24T10:00:00+02:00
1164;Generación medida Gas Natural Cogeneración;;;1125.263;2024-04-24T11:00:00+02:00
1164;Generación medida Gas Natural Cogeneración;;;1119.3;2024-04-24T12:00:00+02:00
1164;Generación medida Gas Natural Cogeneración;;;1096.497;2024-04-24T13:00:00+02:00
1164;Generación medida Gas Natural Cogeneración;;;1086.619;2024-04-24T14:00:00+02:00
1164;Generación medida Gas Natural Cogeneración;;;1082.527;2024-04-24T15:00:00+02:00
1164;Generación medida Gas Natural Cogeneración;;;1115.009;2024-04-24T16:00:00+02:00
1164;Generación medida Gas Natural Cogeneración;;;1147.184;2024-04-24T17:00:00+02:00
1164;Generación medida Gas Natural Cogeneración;;;1159.667;2024-04-24T18:00:00+02:00
1164;Generación medida Gas Natural Cogeneración;;;1269.687;2024-04-24T19:00:00+02:00
1164;Generación medida Gas Natural Cogeneración;;;1515.593;2024-04-24T20:00:00+02:00
1164;Generación medida Gas Natural Cogeneración;;;1643.346;2024-04-24T21:00:00+02:00
1164;Generación medida Gas Natural Cogeneración;;;1667.978;2024-04-24T22:00:00+02:00
1164;Generación medida Gas Natural Cogeneración;;;1637.877;2024-04-24T23:00:00+02:00
1164;Generación medida Gas Natural Cogeneración;;;1625.538;2024-04-25T00:00:00+02:00
1164;Generación medida Gas Natural Cogeneración;;;1628.169;2024-04-25T01:00:00+02:00
1164;Generación medida Gas Natural Cogeneración;;;1627.661;2024-04-25T02:00:00+02:00
1164;Generación medida Gas Natural Cogeneración;;;1613.83;2024-04-25T03:00:00+02:00
1164;Generación medida Gas Natural Cogeneración;;;1618.655;2024-04-25T04:00:00+02:00
1164;Generación medida Gas Natural Cogeneración;;;1632.885;2024-04-25T05:00:00+02:00
1164;Generación medida Gas Natural Cogeneración;;;1678.662;2024-04-25T06:00:00+02:00
1164;Generación medida Gas Natural Cogeneración;;;1754.455;2024-04-25T07:00:00+02:00
1164;Generación medida Gas Natural Cogeneración;;;1771.293;2024-04-25T08:00:00+02:00
1164;Generación medida Gas Natural Cogeneración;;;1734.179;2024-04-25T09:00:00+02:00
1164;Generación medida Gas Natural Cogeneración;;;1696.421;2024-04-25T10:00:00+02:00
1164;Generación medida Gas Natural Cogeneración;;;1650.853;2024-04-25T11:00:00+02:00
1164;Generación medida Gas Natural Cogeneración;;;1642.97;2024-04-25T12:00:00+02:00
1164;Generación medida Gas Natural Cogeneración;;;1617.829;2024-04-25T13:00:00+02:00
1164;Generación medida Gas Natural Cogeneración;;;1590.525;2024-04-25T14:00:00+02:00
1164;Generación medida Gas Natural Cogeneración;;;1594.384;2024-04-25T15:00:00+02:00
1164;Generación medida Gas Natural Cogeneración;;;1594.487;2024-04-25T16:00:00+02:00
1164;Generación medida Gas Natural Cogeneración;;;1611.779;2024-04-25T17:00:00+02:00
1164;Generación medida Gas Natural Cogeneración;;;1669.685;2024-04-25T18:00:00+02:00
1164;Generación medida Gas Natural Cogeneración;;;1765.476;2024-04-25T19:00:00+02:00
1164;Generación medida Gas Natural Cogeneración;;;1896.079;2024-04-25T20:00:00+02:00
1164;Generación medida Gas Natural Cogeneración;;;1952.547;2024-04-25T21:00:00+02:00
1164;Generación medida Gas Natural Cogeneración;;;1951.556;2024-04-25T22:00:00+02:00
1164;Generación medida Gas Natural Cogeneración;;;1907.716;2024-04-25T23:00:00+02:00
1164;Generación medida Gas Natural Cogeneración;;;1901.291;2024-04-26T00:00:00+02:00
1164;Generación medida Gas Natural Cogeneración;;;1894.762;2024-04-26T01:00:00+02:00
1164;Generación medida Gas Natural Cogeneración;;;1882.304;2024-04-26T02:00:00+02:00
1164;Generación medida Gas Natural Cogeneración;;;1885.239;2024-04-26T03:00:00+02:00
1164;Generación medida Gas Natural Cogeneración;;;1875.203;2024-04-26T04:00:00+02:00
1164;Generación medida Gas Natural Cogeneración;;;1872.246;2024-04-26T05:00:00+02:00
1164;Generación medida Gas Natural Cogeneración;;;1918.027;2024-04-26T06:00:00+02:00
1164;Generación medida Gas Natural Cogeneración;;;1913.064;2024-04-26T07:00:00+02:00
1164;Generación medida Gas Natural Cogeneración;;;1900.326;2024-04-26T08:00:00+02:00
1164;Generación medida Gas Natural Cogeneración;;;1854.947;2024-04-26T09:00:00+02:00
1164;Generación medida Gas Natural Cogeneración;;;1734.481;2024-04-26T10:00:00+02:00
1164;Generación medida Gas Natural Cogeneración;;;1723.435;2024-04-26T11:00:00+02:00
1164;Generación medida Gas Natural Cogeneración;;;1706.814;2024-04-26T12:00:00+02:00
1164;Generación medida Gas Natural Cogeneración;;;1688.038;2024-04-26T13:00:00+02:00
1164;Generación medida Gas Natural Cogeneración;;;1693.473;2024-04-26T14:00:00+02:00
1164;Generación medida Gas Natural Cogeneración;;;1699.854;2024-04-26T15:00:00+02:00
1164;Generación medida Gas Natural Cogeneración;;;1716.417;2024-04-26T16:00:00+02:00
1164;Generación medida Gas Natural Cogeneración;;;1718.74;2024-04-26T17:00:00+02:00
1164;Generación medida Gas Natural Cogeneración;;;1727.899;2024-04-26T18:00:00+02:00
1164;Generación medida Gas Natural Cogeneración;;;1764.284;2024-04-26T19:00:00+02:00
1164;Generación medida Gas Natural Cogeneración;;;1799.987;2024-04-26T20:00:00+02:00
1164;Generación medida Gas Natural Cogeneración;;;1838.359;2024-04-26T21:00:00+02:00
1164;Generación medida Gas Natural Cogeneración;;;1835.679;2024-04-26T22:00:00+02:00
1164;Generación medida Gas Natural Cogeneración;;;1822.331;2024-04-26T23:00:00+02:00
1164;Generación medida Gas Natural Cogeneración;;;1752.045;2024-04-27T00:00:00+02:00
1164;Generación medida Gas Natural Cogeneración;;;1737.186;2024-04-27T01:00:00+02:00
1164;Generación medida Gas Natural Cogeneración;;;1701.238;2024-04-27T02:00:00+02:00
1164;Generación medida Gas Natural Cogeneración;;;1691.961;2024-04-27T03:00:00+02:00
1164;Generación medida Gas Natural Cogeneración;;;1682.6;2024-04-27T04:00:00+02:00
1164;Generación medida Gas Natural Cogeneración;;;1669.093;2024-04-27T05:00:00+02:00
1164;Generación medida Gas Natural Cogeneración;;;1655.384;2024-04-27T06:00:00+02:00
1164;Generación medida Gas Natural Cogeneración;;;1653.646;2024-04-27T07:00:00+02:00
1164;Generación medida Gas Natural Cogeneración;;;1609.086;2024-04-27T08:00:00+02:00
1164;Generación medida Gas Natural Cogeneración;;;1549.592;2024-04-27T09:00:00+02:00
1164;Generación medida Gas Natural Cogeneración;;;1470.933;2024-04-27T10:00:00+02:00
1164;Generación medida Gas Natural Cogeneración;;;1421.487;2024-04-27T11:00:00+02:00
1164;Generación medida Gas Natural Cogeneración;;;1399.492;2024-04-27T12:00:00+02:00
1164;Generación medida Gas Natural Cogeneración;;;1372.864;2024-04-27T13:00:00+02:00
1164;Generación medida Gas Natural Cogeneración;;;1356.968;2024-04-27T14:00:00+02:00
1164;Generación medida Gas Natural Cogeneración;;;1350.309;2024-04-27T15:00:00+02:00
1164;Generación medida Gas Natural Cogeneración;;;1342.102;2024-04-27T16:00:00+02:00
1164;Generación medida Gas Natural Cogeneración;;;1349.823;2024-04-27T17:00:00+02:00
1164;Generación medida Gas Natural Cogeneración;;;1374.743;2024-04-27T18:00:00+02:00
1164;Generación medida Gas Natural Cogeneración;;;1475.24;2024-04-27T19:00:00+02:00
1164;Generación medida Gas Natural Cogeneración;;;1603.511;2024-04-27T20:00:00+02:00
1164;Generación medida Gas Natural Cogeneración;;;1657.486;2024-04-27T21:00:00+02:00
1164;Generación medida Gas Natural Cogeneración;;;1665.85;2024-04-27T22:00:00+02:00
1164;Generación medida Gas Natural Cogeneración;;;1663.105;2024-04-27T23:00:00+02:00
1164;Generación medida Gas Natural Cogeneración;;;1649.307;2024-04-28T00:00:00+02:00
1164;Generación medida Gas Natural Cogeneración;;;1620.289;2024-04-28T01:00:00+02:00
1164;Generación medida Gas Natural Cogeneración;;;1618.115;2024-04-28T02:00:00+02:00
1164;Generación medida Gas Natural Cogeneración;;;1611.301;2024-04-28T03:00:00+02:00
1164;Generación medida Gas Natural Cogeneración;;;1603.978;2024-04-28T04:00:00+02:00
1164;Generación medida Gas Natural Cogeneración;;;1605.219;2024-04-28T05:00:00+02:00
1164;Generación medida Gas Natural Cogeneración;;;1607.243;2024-04-28T06:00:00+02:00
1164;Generación medida Gas Natural Cogeneración;;;1616.52;2024-04-28T07:00:00+02:00
1164;Generación medida Gas Natural Cogeneración;;;1603.438;2024-04-28T08:00:00+02:00
1164;Generación medida Gas Natural Cogeneración;;;1502.441;2024-04-28T09:00:00+02:00
1164;Generación medida Gas Natural Cogeneración;;;1387.986;2024-04-28T10:00:00+02:00
1164;Generación medida Gas Natural Cogeneración;;;1366.477;2024-04-28T11:00:00+02:00
1164;Generación medida Gas Natural Cogeneración;;;1357.61;2024-04-28T12:00:00+02:00
1164;Generación medida Gas Natural Cogeneración;;;1359.662;2024-04-28T13:00:00+02:00
1164;Generación medida Gas Natural Cogeneración;;;1334.806;2024-04-28T14:00:00+02:00
1164;Generación medida Gas Natural Cogeneración;;;1341.622;2024-04-28T15:00:00+02:00
1164;Generación medida Gas Natural Cogeneración;;;1332.049;2024-04-28T16:00:00+02:00
1164;Generación medida Gas Natural Cogeneración;;;1355.134;2024-04-28T17:00:00+02:00
1164;Generación medida Gas Natural Cogeneración;;;1436.913;2024-04-28T18:00:00+02:00
1164;Generación medida Gas Natural Cogeneración;;;1559.233;2024-04-28T19:00:00+02:00
1164;Generación medida Gas Natural Cogeneración;;;1684.461;2024-04-28T20:00:00+02:00
1164;Generación medida Gas Natural Cogeneración;;;1711.943;2024-04-28T21:00:00+02:00
1164;Generación medida Gas Natural Cogeneración;;;1736.112;2024-04-28T22:00:00+02:00
1164;Generación medida Gas Natural Cogeneración;;;1733.259;2024-04-28T23:00:00+02:00
1164;Generación medida Gas Natural Cogeneración;;;1732.818;2024-04-29T00:00:00+02:00
1164;Generación medida Gas Natural Cogeneración;;;1739.411;2024-04-29T01:00:00+02:00
1164;Generación medida Gas Natural Cogeneración;;;1754.654;2024-04-29T02:00:00+02:00
1164;Generación medida Gas Natural Cogeneración;;;1775.522;2024-04-29T03:00:00+02:00
1164;Generación medida Gas Natural Cogeneración;;;1776.944;2024-04-29T04:00:00+02:00
1164;Generación medida Gas Natural Cogeneración;;;1783.171;2024-04-29T05:00:00+02:00
1164;Generación medida Gas Natural Cogeneración;;;1803.345;2024-04-29T06:00:00+02:00
1164;Generación medida Gas Natural Cogeneración;;;1884.683;2024-04-29T07:00:00+02:00
1164;Generación medida Gas Natural Cogeneración;;;1921.36;2024-04-29T08:00:00+02:00
1164;Generación medida Gas Natural Cogeneración;;;1927.561;2024-04-29T09:00:00+02:00
1164;Generación medida Gas Natural Cogeneración;;;1904.699;2024-04-29T10:00:00+02:00
1164;Generación medida Gas Natural Cogeneración;;;1825.514;2024-04-29T11:00:00+02:00
1164;Generación medida Gas Natural Cogeneración;;;1803.368;2024-04-29T12:00:00+02:00
1164;Generación medida Gas Natural Cogeneración;;;1825.237;2024-04-29T13:00:00+02:00
1164;Generación medida Gas Natural Cogeneración;;;1853.437;2024-04-29T14:00:00+02:00
1164;Generación medida Gas Natural Cogeneración;;;1868.734;2024-04-29T15:00:00+02:00
1164;Generación medida Gas Natural Cogeneración;;;1881.728;2024-04-29T16:00:00+02:00
1164;Generación medida Gas Natural Cogeneración;;;1881.131;2024-04-29T17:00:00+02:00
1164;Generación medida Gas Natural Cogeneración;;;1930.969;2024-04-29T18:00:00+02:00
1164;Generación medida Gas Natural Cogeneración;;;1991.388;2024-04-29T19:00:00+02:00
1164;Generación medida Gas Natural Cogeneración;;;2008.63;2024-04-29T20:00:00+02:00
1164;Generación medida Gas Natural Cogeneración;;;2022.414;2024-04-29T21:00:00+02:00
1164;Generación medida Gas Natural Cogeneración;;;2026.389;2024-04-29T22:00:00+02:00
1164;Generación medida Gas Natural Cogeneración;;;2023.952;2024-04-29T23:00:00+02:00
1164;Generación medida Gas Natural Cogeneración;;;2018.975;2024-04-30T00:00:00+02:00
1164;Generación medida Gas Natural Cogeneración;;;1992.197;2024-04-30T01:00:00+02:00
1164;Generación medida Gas Natural Cogeneración;;;1985.054;2024-04-30T02:00:00+02:00
1164;Generación medida Gas Natural Cogeneración;;;1999.201;2024-04-30T03:00:00+02:00
1164;Generación medida Gas Natural Cogeneración;;;1979.042;2024-04-30T04:00:00+02:00
1164;Generación medida Gas Natural Cogeneración;;;1954.387;2024-04-30T05:00:00+02:00
1164;Generación medida Gas Natural Cogeneración;;;1962.229;2024-04-30T06:00:00+02:00
1164;Generación medida Gas Natural Cogeneración;;;1975.547;2024-04-30T07:00:00+02:00
1164;Generación medida Gas Natural Cogeneración;;;2002.072;2024-04-30T08:00:00+02:00
1164;Generación medida Gas Natural Cogeneración;;;1987.953;2024-04-30T09:00:00+02:00
1164;Generación medida Gas Natural Cogeneración;;;1939.692;2024-04-30T10:00:00+02:00
1164;Generación medida Gas Natural Cogeneración;;;1891.812;2024-04-30T11:00:00+02:00
1164;Generación medida Gas Natural Cogeneración;;;1884.377;2024-04-30T12:00:00+02:00
1164;Generación medida Gas Natural Cogeneración;;;1864.428;2024-04-30T13:00:00+02:00
1164;Generación medida Gas Natural Cogeneración;;;1862.83;2024-04-30T14:00:00+02:00
1164;Generación medida Gas Natural Cogeneración;;;1856.255;2024-04-30T15:00:00+02:00
1164;Generación medida Gas Natural Cogeneración;;;1859.818;2024-04-30T16:00:00+02:00
1164;Generación medida Gas Natural Cogeneración;;;1853.724;2024-04-30T17:00:00+02:00
1164;Generación medida Gas Natural Cogeneración;;;1936.057;2024-04-30T18:00:00+02:00
1164;Generación medida Gas Natural Cogeneración;;;1964.536;2024-04-30T19:00:00+02:00
1164;Generación medida Gas Natural Cogeneración;;;2011.828;2024-04-30T20:00:00+02:00
1164;Generación medida Gas Natural Cogeneración;;;2005.824;2024-04-30T21:00:00+02:00
1164;Generación medida Gas Natural Cogeneración;;;2014.738;2024-04-30T22:00:00+02:00
1164;Generación medida Gas Natural Cogeneración;;;2000.923;2024-04-30T23:00:00+02:00
1151;Generación medida Hidráulica no UGH;;;949.935;2024-04-01T00:00:00+02:00
1151;Generación medida Hidráulica no UGH;;;933.248;2024-04-01T01:00:00+02:00
1151;Generación medida Hidráulica no UGH;;;943.173;2024-04-01T02:00:00+02:00
1151;Generación medida Hidráulica no UGH;;;936.764;2024-04-01T03:00:00+02:00
1151;Generación medida Hidráulica no UGH;;;944.348;2024-04-01T04:00:00+02:00
1151;Generación medida Hidráulica no UGH;;;849.706;2024-04-01T05:00:00+02:00
1151;Generación medida Hidráulica no UGH;;;847.942;2024-04-01T06:00:00+02:00
1151;Generación medida Hidráulica no UGH;;;907.315;2024-04-01T07:00:00+02:00
1151;Generación medida Hidráulica no UGH;;;923.772;2024-04-01T08:00:00+02:00
1151;Generación medida Hidráulica no UGH;;;873.493;2024-04-01T09:00:00+02:00
1151;Generación medida Hidráulica no UGH;;;863.757;2024-04-01T10:00:00+02:00
1151;Generación medida Hidráulica no UGH;;;859.224;2024-04-01T11:00:00+02:00
1151;Generación medida Hidráulica no UGH;;;848.303;2024-04-01T12:00:00+02:00
1151;Generación medida Hidráulica no UGH;;;856.665;2024-04-01T13:00:00+02:00
1151;Generación medida Hidráulica no UGH;;;838.584;2024-04-01T14:00:00+02:00
1151;Generación medida Hidráulica no UGH;;;838.08;2024-04-01T15:00:00+02:00
1151;Generación medida Hidráulica no UGH;;;839.594;2024-04-01T16:00:00+02:00
1151;Generación medida Hidráulica no UGH;;;849.413;2024-04-01T17:00:00+02:00
1151;Generación medida Hidráulica no UGH;;;919.412;2024-04-01T18:00:00+02:00
1151;Generación medida Hidráulica no UGH;;;977.839;2024-04-01T19:00:00+02:00
1151;Generación medida Hidráulica no UGH;;;993.627;2024-04-01T20:00:00+02:00
1151;Generación medida Hidráulica no UGH;;;988.274;2024-04-01T21:00:00+02:00
1151;Generación medida Hidráulica no UGH;;;968.106;2024-04-01T22:00:00+02:00
1151;Generación medida Hidráulica no UGH;;;959.991;2024-04-01T23:00:00+02:00
1151;Generación medida Hidráulica no UGH;;;929.582;2024-04-02T00:00:00+02:00
1151;Generación medida Hidráulica no UGH;;;952.578;2024-04-02T01:00:00+02:00
1151;Generación medida Hidráulica no UGH;;;926.107;2024-04-02T02:00:00+02:00
1151;Generación medida Hidráulica no UGH;;;954.198;2024-04-02T03:00:00+02:00
1151;Generación medida Hidráulica no UGH;;;957.109;2024-04-02T04:00:00+02:00
1151;Generación medida Hidráulica no UGH;;;990.642;2024-04-02T05:00:00+02:00
1151;Generación medida Hidráulica no UGH;;;998.952;2024-04-02T06:00:00+02:00
1151;Generación medida Hidráulica no UGH;;;1045.207;2024-04-02T07:00:00+02:00
1151;Generación medida Hidráulica no UGH;;;1076.606;2024-04-02T08:00:00+02:00
1151;Generación medida Hidráulica no UGH;;;1007.642;2024-04-02T09:00:00+02:00
1151;Generación medida Hidráulica no UGH;;;951.473;2024-04-02T10:00:00+02:00
1151;Generación medida Hidráulica no UGH;;;919.866;2024-04-02T11:00:00+02:00
1151;Generación medida Hidráulica no UGH;;;909.857;2024-04-02T12:00:00+02:00
1151;Generación medida Hidráulica no UGH;;;899.377;2024-04-02T13:00:00+02:00
1151;Generación medida Hidráulica no UGH;;;899.654;2024-04-02T14:00:00+02:00
1151;Generación medida Hidráulica no UGH;;;878.429;2024-04-02T15:00:00+02:00
1151;Generación medida Hidráulica no UGH;;;920.569;2024-04-02T16:00:00+02:00
1151;Generación medida Hidráulica no UGH;;;996.689;2024-04-02T17:00:00+02:00
1151;Generación medida Hidráulica no UGH;;;996.482;2024-04-02T18:00:00+02:00
1151;Generación medida Hidráulica no UGH;;;1000.796;2024-04-02T19:00:00+02:00
1151;Generación medida Hidráulica no UGH;;;1082.725;2024-04-02T20:00:00+02:00
1151;Generación medida Hidráulica no UGH;;;1076.823;2024-04-02T21:00:00+02:00
1151;Generación medida Hidráulica no UGH;;;1064.352;2024-04-02T22:00:00+02:00
1151;Generación medida Hidráulica no UGH;;;1056.161;2024-04-02T23:00:00+02:00
1151;Generación medida Hidráulica no UGH;;;994.748;2024-04-03T00:00:00+02:00
1151;Generación medida Hidráulica no UGH;;;998.077;2024-04-03T01:00:00+02:00
1151;Generación medida Hidráulica no UGH;;;973.337;2024-04-03T02:00:00+02:00
1151;Generación medida Hidráulica no UGH;;;993.91;2024-04-03T03:00:00+02:00
1151;Generación medida Hidráulica no UGH;;;1013.627;2024-04-03T04:00:00+02:00
1151;Generación medida Hidráulica no UGH;;;1011.314;2024-04-03T05:00:00+02:00
1151;Generación medida Hidráulica no UGH;;;1011.025;2024-04-03T06:00:00+02:00
1151;Generación medida Hidráulica no UGH;;;1085.496;2024-04-03T07:00:00+02:00
1151;Generación medida Hidráulica no UGH;;;1107.346;2024-04-03T08:00:00+02:00
1151;Generación medida Hidráulica no UGH;;;1005.557;2024-04-03T09:00:00+02:00
1151;Generación medida Hidráulica no UGH;;;1024.352;2024-04-03T10:00:00+02:00
1151;Generación medida Hidráulica no UGH;;;984.614;2024-04-03T11:00:00+02:00
1151;Generación medida Hidráulica no UGH;;;967.35;2024-04-03T12:00:00+02:00
1151;Generación medida Hidráulica no UGH;;;953.15;2024-04-03T13:00:00+02:00
1151;Generación medida Hidráulica no UGH;;;960.257;2024-04-03T14:00:00+02:00
1151;Generación medida Hidráulica no UGH;;;940.045;2024-04-03T15:00:00+02:00
1151;Generación medida Hidráulica no UGH;;;947.391;2024-04-03T16:00:00+02:00
1151;Generación medida Hidráulica no UGH;;;1001.57;2024-04-03T17:00:00+02:00
1151;Generación medida Hidráulica no UGH;;;1003.217;2024-04-03T18:00:00+02:00
1151;Generación medida Hidráulica no UGH;;;1031.219;2024-04-03T19:00:00+02:00
1151;Generación medida Hidráulica no UGH;;;1115.639;2024-04-03T20:00:00+02:00
1151;Generación medida Hidráulica no UGH;;;1075.66;2024-04-03T21:00:00+02:00
1151;Generación medida Hidráulica no UGH;;;1074.756;2024-04-03T22:00:00+02:00
1151;Generación medida Hidráulica no UGH;;;1043.218;2024-04-03T23:00:00+02:00
1151;Generación medida Hidráulica no UGH;;;1008.531;2024-04-04T00:00:00+02:00
1151;Generación medida Hidráulica no UGH;;;1009.984;2024-04-04T01:00:00+02:00
1151;Generación medida Hidráulica no UGH;;;1012.862;2024-04-04T02:00:00+02:00
1151;Generación medida Hidráulica no UGH;;;1017.608;2024-04-04T03:00:00+02:00
1151;Generación medida Hidráulica no UGH;;;1011.281;2024-04-04T04:00:00+02:00
1151;Generación medida Hidráulica no UGH;;;1014.909;2024-04-04T05:00:00+02:00
1151;Generación medida Hidráulica no UGH;;;1036.549;2024-04-04T06:00:00+02:00
1151;Generación medida Hidráulica no UGH;;;1022.512;2024-04-04T07:00:00+02:00
1151;Generación medida Hidráulica no UGH;;;1045.656;2024-04-04T08:00:00+02:00
1151;Generación medida Hidráulica no UGH;;;1021.056;2024-04-04T09:00:00+02:00
1151;Generación medida Hidráulica no UGH;;;1003.24;2024-04-04T10:00:00+02:00
1151;Generación medida Hidráulica no UGH;;;976.577;2024-04-04T11:00:00+02:00
1151;Generación medida Hidráulica no UGH;;;951.333;2024-04-04T12:00:00+02:00
1151;Generación medida Hidráulica no UGH;;;935.784;2024-04-04T13:00:00+02:00
1151;Generación medida Hidráulica no UGH;;;938.743;2024-04-04T14:00:00+02:00
1151;Generación medida Hidráulica no UGH;;;953.891;2024-04-04T15:00:00+02:00
1151;Generación medida Hidráulica no UGH;;;973.252;2024-04-04T16:00:00+02:00
1151;Generación medida Hidráulica no UGH;;;1044.929;2024-04-04T17:00:00+02:00
1151;Generación medida Hidráulica no UGH;;;996.322;2024-04-04T18:00:00+02:00
1151;Generación medida Hidráulica no UGH;;;1077.205;2024-04-04T19:00:00+02:00
1151;Generación medida Hidráulica no UGH;;;1068.434;2024-04-04T20:00:00+02:00
1151;Generación medida Hidráulica no UGH;;;1070.049;2024-04-04T21:00:00+02:00
1151;Generación medida Hidráulica no UGH;;;1033.189;2024-04-04T22:00:00+02:00
1151;Generación medida Hidráulica no UGH;;;1056.568;2024-04-04T23:00:00+02:00
1151;Generación medida Hidráulica no UGH;;;1011.299;2024-04-05T00:00:00+02:00
1151;Generación medida Hidráulica no UGH;;;983.185;2024-04-05T01:00:00+02:00
1151;Generación medida Hidráulica no UGH;;;962.695;2024-04-05T02:00:00+02:00
1151;Generación medida Hidráulica no UGH;;;976.955;2024-04-05T03:00:00+02:00
1151;Generación medida Hidráulica no UGH;;;980.891;2024-04-05T04:00:00+02:00
1151;Generación medida Hidráulica no UGH;;;984.669;2024-04-05T05:00:00+02:00
1151;Generación medida Hidráulica no UGH;;;994.649;2024-04-05T06:00:00+02:00
1151;Generación medida Hidráulica no UGH;;;1026.255;2024-04-05T07:00:00+02:00
1151;Generación medida Hidráulica no UGH;;;1000.38;2024-04-05T08:00:00+02:00
1151;Generación medida Hidráulica no UGH;;;1032.83;2024-04-05T09:00:00+02:00
1151;Generación medida Hidráulica no UGH;;;993.798;2024-04-05T10:00:00+02:00
1151;Generación medida Hidráulica no UGH;;;979.276;2024-04-05T11:00:00+02:00
1151;Generación medida Hidráulica no UGH;;;944.648;2024-04-05T12:00:00+02:00
1151;Generación medida Hidráulica no UGH;;;906.781;2024-04-05T13:00:00+02:00
1151;Generación medida Hidráulica no UGH;;;920.001;2024-04-05T14:00:00+02:00
1151;Generación medida Hidráulica no UGH;;;922.701;2024-04-05T15:00:00+02:00
1151;Generación medida Hidráulica no UGH;;;951.627;2024-04-05T16:00:00+02:00
1151;Generación medida Hidráulica no UGH;;;925.396;2024-04-05T17:00:00+02:00
1151;Generación medida Hidráulica no UGH;;;953.174;2024-04-05T18:00:00+02:00
1151;Generación medida Hidráulica no UGH;;;973.884;2024-04-05T19:00:00+02:00
1151;Generación medida Hidráulica no UGH;;;986.61;2024-04-05T20:00:00+02:00
1151;Generación medida Hidráulica no UGH;;;967.146;2024-04-05T21:00:00+02:00
1151;Generación medida Hidráulica no UGH;;;961.376;2024-04-05T22:00:00+02:00
1151;Generación medida Hidráulica no UGH;;;985.256;2024-04-05T23:00:00+02:00
1151;Generación medida Hidráulica no UGH;;;999.531;2024-04-06T00:00:00+02:00
1151;Generación medida Hidráulica no UGH;;;933.625;2024-04-06T01:00:00+02:00
1151;Generación medida Hidráulica no UGH;;;908.352;2024-04-06T02:00:00+02:00
1151;Generación medida Hidráulica no UGH;;;902.927;2024-04-06T03:00:00+02:00
1151;Generación medida Hidráulica no UGH;;;895.688;2024-04-06T04:00:00+02:00
1151;Generación medida Hidráulica no UGH;;;910.645;2024-04-06T05:00:00+02:00
1151;Generación medida Hidráulica no UGH;;;898.07;2024-04-06T06:00:00+02:00
1151;Generación medida Hidráulica no UGH;;;937.846;2024-04-06T07:00:00+02:00
1151;Generación medida Hidráulica no UGH;;;927.311;2024-04-06T08:00:00+02:00
1151;Generación medida Hidráulica no UGH;;;980.176;2024-04-06T09:00:00+02:00
1151;Generación medida Hidráulica no UGH;;;934.123;2024-04-06T10:00:00+02:00
1151;Generación medida Hidráulica no UGH;;;881.52;2024-04-06T11:00:00+02:00
1151;Generación medida Hidráulica no UGH;;;902.822;2024-04-06T12:00:00+02:00
1151;Generación medida Hidráulica no UGH;;;949.709;2024-04-06T13:00:00+02:00
1151;Generación medida Hidráulica no UGH;;;953.723;2024-04-06T14:00:00+02:00
1151;Generación medida Hidráulica no UGH;;;970.551;2024-04-06T15:00:00+02:00
1151;Generación medida Hidráulica no UGH;;;982.937;2024-04-06T16:00:00+02:00
1151;Generación medida Hidráulica no UGH;;;979.636;2024-04-06T17:00:00+02:00
1151;Generación medida Hidráulica no UGH;;;919.35;2024-04-06T18:00:00+02:00
1151;Generación medida Hidráulica no UGH;;;978.309;2024-04-06T19:00:00+02:00
1151;Generación medida Hidráulica no UGH;;;996.399;2024-04-06T20:00:00+02:00
1151;Generación medida Hidráulica no UGH;;;981.788;2024-04-06T21:00:00+02:00
1151;Generación medida Hidráulica no UGH;;;993.747;2024-04-06T22:00:00+02:00
1151;Generación medida Hidráulica no UGH;;;997.935;2024-04-06T23:00:00+02:00
1151;Generación medida Hidráulica no UGH;;;1008.008;2024-04-07T00:00:00+02:00
1151;Generación medida Hidráulica no UGH;;;992.33;2024-04-07T01:00:00+02:00
1151;Generación medida Hidráulica no UGH;;;965.719;2024-04-07T02:00:00+02:00
1151;Generación medida Hidráulica no UGH;;;945.039;2024-04-07T03:00:00+02:00
1151;Generación medida Hidráulica no UGH;;;946.484;2024-04-07T04:00:00+02:00
1151;Generación medida Hidráulica no UGH;;;936.388;2024-04-07T05:00:00+02:00
1151;Generación medida Hidráulica no UGH;;;976.056;2024-04-07T06:00:00+02:00
1151;Generación medida Hidráulica no UGH;;;951.303;2024-04-07T07:00:00+02:00
1151;Generación medida Hidráulica no UGH;;;977.694;2024-04-07T08:00:00+02:00
1151;Generación medida Hidráulica no UGH;;;981.679;2024-04-07T09:00:00+02:00
1151;Generación medida Hidráulica no UGH;;;961.199;2024-04-07T10:00:00+02:00
1151;Generación medida Hidráulica no UGH;;;941.731;2024-04-07T11:00:00+02:00
1151;Generación medida Hidráulica no UGH;;;930.796;2024-04-07T12:00:00+02:00
1151;Generación medida Hidráulica no UGH;;;925.229;2024-04-07T13:00:00+02:00
1151;Generación medida Hidráulica no UGH;;;915.218;2024-04-07T14:00:00+02:00
1151;Generación medida Hidráulica no UGH;;;917.062;2024-04-07T15:00:00+02:00
1151;Generación medida Hidráulica no UGH;;;909.634;2024-04-07T16:00:00+02:00
1151;Generación medida Hidráulica no UGH;;;930.881;2024-04-07T17:00:00+02:00
1151;Generación medida Hidráulica no UGH;;;933.828;2024-04-07T18:00:00+02:00
1151;Generación medida Hidráulica no UGH;;;981.254;2024-04-07T19:00:00+02:00
1151;Generación medida Hidráulica no UGH;;;1041.052;2024-04-07T20:00:00+02:00
1151;Generación medida Hidráulica no UGH;;;1039.304;2024-04-07T21:00:00+02:00
1151;Generación medida Hidráulica no UGH;;;1035.456;2024-04-07T22:00:00+02:00
1151;Generación medida Hidráulica no UGH;;;1000.289;2024-04-07T23:00:00+02:00
1151;Generación medida Hidráulica no UGH;;;978.905;2024-04-08T00:00:00+02:00
1151;Generación medida Hidráulica no UGH;;;971.208;2024-04-08T01:00:00+02:00
1151;Generación medida Hidráulica no UGH;;;953.365;2024-04-08T02:00:00+02:00
1151;Generación medida Hidráulica no UGH;;;956.289;2024-04-08T03:00:00+02:00
1151;Generación medida Hidráulica no UGH;;;961.342;2024-04-08T04:00:00+02:00
1151;Generación medida Hidráulica no UGH;;;955.286;2024-04-08T05:00:00+02:00
1151;Generación medida Hidráulica no UGH;;;965.885;2024-04-08T06:00:00+02:00
1151;Generación medida Hidráulica no UGH;;;988.781;2024-04-08T07:00:00+02:00
1151;Generación medida Hidráulica no UGH;;;966.636;2024-04-08T08:00:00+02:00
1151;Generación medida Hidráulica no UGH;;;953.953;2024-04-08T09:00:00+02:00
1151;Generación medida Hidráulica no UGH;;;950.375;2024-04-08T10:00:00+02:00
1151;Generación medida Hidráulica no UGH;;;931.825;2024-04-08T11:00:00+02:00
1151;Generación medida Hidráulica no UGH;;;936.11;2024-04-08T12:00:00+02:00
1151;Generación medida Hidráulica no UGH;;;951.661;2024-04-08T13:00:00+02:00
1151;Generación medida Hidráulica no UGH;;;970.1;2024-04-08T14:00:00+02:00
1151;Generación medida Hidráulica no UGH;;;990.546;2024-04-08T15:00:00+02:00
1151;Generación medida Hidráulica no UGH;;;969.736;2024-04-08T16:00:00+02:00
1151;Generación medida Hidráulica no UGH;;;929.514;2024-04-08T17:00:00+02:00
1151;Generación medida Hidráulica no UGH;;;974.292;2024-04-08T18:00:00+02:00
1151;Generación medida Hidráulica no UGH;;;995.76;2024-04-08T19:00:00+02:00
1151;Generación medida Hidráulica no UGH;;;1019.91;2024-04-08T20:00:00+02:00
1151;Generación medida Hidráulica no UGH;;;1001.212;2024-04-08T21:00:00+02:00
1151;Generación medida Hidráulica no UGH;;;1039.024;2024-04-08T22:00:00+02:00
1151;Generación medida Hidráulica no UGH;;;1007.956;2024-04-08T23:00:00+02:00
1151;Generación medida Hidráulica no UGH;;;1028.441;2024-04-09T00:00:00+02:00
1151;Generación medida Hidráulica no UGH;;;1006.203;2024-04-09T01:00:00+02:00
1151;Generación medida Hidráulica no UGH;;;1019.17;2024-04-09T02:00:00+02:00
1151;Generación medida Hidráulica no UGH;;;997.887;2024-04-09T03:00:00+02:00
1151;Generación medida Hidráulica no UGH;;;987.442;2024-04-09T04:00:00+02:00
1151;Generación medida Hidráulica no UGH;;;1005.469;2024-04-09T05:00:00+02:00
1151;Generación medida Hidráulica no UGH;;;960.202;2024-04-09T06:00:00+02:00
1151;Generación medida Hidráulica no UGH;;;1019.932;2024-04-09T07:00:00+02:00
1151;Generación medida Hidráulica no UGH;;;997.966;2024-04-09T08:00:00+02:00
1151;Generación medida Hidráulica no UGH;;;935.516;2024-04-09T09:00:00+02:00
1151;Generación medida Hidráulica no UGH;;;949.433;2024-04-09T10:00:00+02:00
1151;Generación medida Hidráulica no UGH;;;918.43;2024-04-09T11:00:00+02:00
1151;Generación medida Hidráulica no UGH;;;859.843;2024-04-09T12:00:00+02:00
1151;Generación medida Hidráulica no UGH;;;926.217;2024-04-09T13:00:00+02:00
1151;Generación medida Hidráulica no UGH;;;847.276;2024-04-09T14:00:00+02:00
1151;Generación medida Hidráulica no UGH;;;835.954;2024-04-09T15:00:00+02:00
1151;Generación medida Hidráulica no UGH;;;833.751;2024-04-09T16:00:00+02:00
1151;Generación medida Hidráulica no UGH;;;884.113;2024-04-09T17:00:00+02:00
1151;Generación medida Hidráulica no UGH;;;908.02;2024-04-09T18:00:00+02:00
1151;Generación medida Hidráulica no UGH;;;952.297;2024-04-09T19:00:00+02:00
1151;Generación medida Hidráulica no UGH;;;1030.817;2024-04-09T20:00:00+02:00
1151;Generación medida Hidráulica no UGH;;;1041.38;2024-04-09T21:00:00+02:00
1151;Generación medida Hidráulica no UGH;;;1042.119;2024-04-09T22:00:00+02:00
1151;Generación medida Hidráulica no UGH;;;1008.487;2024-04-09T23:00:00+02:00
1151;Generación medida Hidráulica no UGH;;;992.03;2024-04-10T00:00:00+02:00
1151;Generación medida Hidráulica no UGH;;;977.457;2024-04-10T01:00:00+02:00
1151;Generación medida Hidráulica no UGH;;;969.993;2024-04-10T02:00:00+02:00
1151;Generación medida Hidráulica no UGH;;;954.136;2024-04-10T03:00:00+02:00
1151;Generación medida Hidráulica no UGH;;;941.003;2024-04-10T04:00:00+02:00
1151;Generación medida Hidráulica no UGH;;;933.369;2024-04-10T05:00:00+02:00
1151;Generación medida Hidráulica no UGH;;;971.23;2024-04-10T06:00:00+02:00
1151;Generación medida Hidráulica no UGH;;;1029.326;2024-04-10T07:00:00+02:00
1151;Generación medida Hidráulica no UGH;;;949.167;2024-04-10T08:00:00+02:00
1151;Generación medida Hidráulica no UGH;;;903.081;2024-04-10T09:00:00+02:00
1151;Generación medida Hidráulica no UGH;;;922.599;2024-04-10T10:00:00+02:00
1151;Generación medida Hidráulica no UGH;;;861.755;2024-04-10T11:00:00+02:00
1151;Generación medida Hidráulica no UGH;;;840.804;2024-04-10T12:00:00+02:00
1151;Generación medida Hidráulica no UGH;;;893.231;2024-04-10T13:00:00+02:00
1151;Generación medida Hidráulica no UGH;;;859.221;2024-04-10T14:00:00+02:00
1151;Generación medida Hidráulica no UGH;;;873.362;2024-04-10T15:00:00+02:00
1151;Generación medida Hidráulica no UGH;;;832.365;2024-04-10T16:00:00+02:00
1151;Generación medida Hidráulica no UGH;;;838.094;2024-04-10T17:00:00+02:00
1151;Generación medida Hidráulica no UGH;;;863.474;2024-04-10T18:00:00+02:00
1151;Generación medida Hidráulica no UGH;;;872.89;2024-04-10T19:00:00+02:00
1151;Generación medida Hidráulica no UGH;;;1005.431;2024-04-10T20:00:00+02:00
1151;Generación medida Hidráulica no UGH;;;1013.344;2024-04-10T21:00:00+02:00
1151;Generación medida Hidráulica no UGH;;;995.116;2024-04-10T22:00:00+02:00
1151;Generación medida Hidráulica no UGH;;;973.736;2024-04-10T23:00:00+02:00
1151;Generación medida Hidráulica no UGH;;;926.167;2024-04-11T00:00:00+02:00
1151;Generación medida Hidráulica no UGH;;;946.152;2024-04-11T01:00:00+02:00
1151;Generación medida Hidráulica no UGH;;;915.289;2024-04-11T02:00:00+02:00
1151;Generación medida Hidráulica no UGH;;;939.949;2024-04-11T03:00:00+02:00
1151;Generación medida Hidráulica no UGH;;;935.27;2024-04-11T04:00:00+02:00
1151;Generación medida Hidráulica no UGH;;;896.456;2024-04-11T05:00:00+02:00
1151;Generación medida Hidráulica no UGH;;;925.387;2024-04-11T06:00:00+02:00
1151;Generación medida Hidráulica no UGH;;;951.311;2024-04-11T07:00:00+02:00
1151;Generación medida Hidráulica no UGH;;;954.121;2024-04-11T08:00:00+02:00
1151;Generación medida Hidráulica no UGH;;;947.608;2024-04-11T09:00:00+02:00
1151;Generación medida Hidráulica no UGH;;;921.24;2024-04-11T10:00:00+02:00
1151;Generación medida Hidráulica no UGH;;;892.645;2024-04-11T11:00:00+02:00
1151;Generación medida Hidráulica no UGH;;;927.357;2024-04-11T12:00:00+02:00
1151;Generación medida Hidráulica no UGH;;;877.827;2024-04-11T13:00:00+02:00
1151;Generación medida Hidráulica no UGH;;;889.702;2024-04-11T14:00:00+02:00
1151;Generación medida Hidráulica no UGH;;;894.268;2024-04-11T15:00:00+02:00
1151;Generación medida Hidráulica no UGH;;;892.869;2024-04-11T16:00:00+02:00
1151;Generación medida Hidráulica no UGH;;;889.128;2024-04-11T17:00:00+02:00
1151;Generación medida Hidráulica no UGH;;;866.122;2024-04-11T18:00:00+02:00
1151;Generación medida Hidráulica no UGH;;;928.956;2024-04-11T19:00:00+02:00
1151;Generación medida Hidráulica no UGH;;;1028.615;2024-04-11T20:00:00+02:00
1151;Generación medida Hidráulica no UGH;;;1046.356;2024-04-11T21:00:00+02:00
1151;Generación medida Hidráulica no UGH;;;1051.885;2024-04-11T22:00:00+02:00
1151;Generación medida Hidráulica no UGH;;;1014.22;2024-04-11T23:00:00+02:00
1151;Generación medida Hidráulica no UGH;;;966.439;2024-04-12T00:00:00+02:00
1151;Generación medida Hidráulica no UGH;;;898.027;2024-04-12T01:00:00+02:00
1151;Generación medida Hidráulica no UGH;;;879.729;2024-04-12T02:00:00+02:00
1151;Generación medida Hidráulica no UGH;;;881.867;2024-04-12T03:00:00+02:00
1151;Generación medida Hidráulica no UGH;;;884.809;2024-04-12T04:00:00+02:00
1151;Generación medida Hidráulica no UGH;;;901.239;2024-04-12T05:00:00+02:00
1151;Generación medida Hidráulica no UGH;;;998.304;2024-04-12T06:00:00+02:00
1151;Generación medida Hidráulica no UGH;;;1024.136;2024-04-12T07:00:00+02:00
1151;Generación medida Hidráulica no UGH;;;1017.359;2024-04-12T08:00:00+02:00
1151;Generación medida Hidráulica no UGH;;;924.172;2024-04-12T09:00:00+02:00
1151;Generación medida Hidráulica no UGH;;;923.384;2024-04-12T10:00:00+02:00
1151;Generación medida Hidráulica no UGH;;;892.107;2024-04-12T11:00:00+02:00
1151;Generación medida Hidráulica no UGH;;;846.017;2024-04-12T12:00:00+02:00
1151;Generación medida Hidráulica no UGH;;;858.431;2024-04-12T13:00:00+02:00
1151;Generación medida Hidráulica no UGH;;;848.559;2024-04-12T14:00:00+02:00
1151;Generación medida Hidráulica no UGH;;;841.952;2024-04-12T15:00:00+02:00
1151;Generación medida Hidráulica no UGH;;;881.057;2024-04-12T16:00:00+02:00
1151;Generación medida Hidráulica no UGH;;;876.208;2024-04-12T17:00:00+02:00
1151;Generación medida Hidráulica no UGH;;;894.228;2024-04-12T18:00:00+02:00
1151;Generación medida Hidráulica no UGH;;;961.317;2024-04-12T19:00:00+02:00
1151;Generación medida Hidráulica no UGH;;;960.317;2024-04-12T20:00:00+02:00
1151;Generación medida Hidráulica no UGH;;;974.562;2024-04-12T21:00:00+02:00
1151;Generación medida Hidráulica no UGH;;;975.744;2024-04-12T22:00:00+02:00
1151;Generación medida Hidráulica no UGH;;;965.943;2024-04-12T23:00:00+02:00
1151;Generación medida Hidráulica no UGH;;;940.461;2024-04-13T00:00:00+02:00
1151;Generación medida Hidráulica no UGH;;;914.576;2024-04-13T01:00:00+02:00
1151;Generación medida Hidráulica no UGH;;;927.47;2024-04-13T02:00:00+02:00
1151;Generación medida Hidráulica no UGH;;;919.498;2024-04-13T03:00:00+02:00
1151;Generación medida Hidráulica no UGH;;;907.716;2024-04-13T04:00:00+02:00
1151;Generación medida Hidráulica no UGH;;;900.212;2024-04-13T05:00:00+02:00
1151;Generación medida Hidráulica no UGH;;;910.234;2024-04-13T06:00:00+02:00
1151;Generación medida Hidráulica no UGH;;;931.249;2024-04-13T07:00:00+02:00
1151;Generación medida Hidráulica no UGH;;;909.24;2024-04-13T08:00:00+02:00
1151;Generación medida Hidráulica no UGH;;;859.308;2024-04-13T09:00:00+02:00
1151;Generación medida Hidráulica no UGH;;;849.209;2024-04-13T10:00:00+02:00
1151;Generación medida Hidráulica no UGH;;;762.847;2024-04-13T11:00:00+02:00
1151;Generación medida Hidráulica no UGH;;;744.166;2024-04-13T12:00:00+02:00
1151;Generación medida Hidráulica no UGH;;;759.457;2024-04-13T13:00:00+02:00
1151;Generación medida Hidráulica no UGH;;;752.061;2024-04-13T14:00:00+02:00
1151;Generación medida Hidráulica no UGH;;;757.049;2024-04-13T15:00:00+02:00
1151;Generación medida Hidráulica no UGH;;;759.131;2024-04-13T16:00:00+02:00
1151;Generación medida Hidráulica no UGH;;;849.972;2024-04-13T17:00:00+02:00
1151;Generación medida Hidráulica no UGH;;;829.545;2024-04-13T18:00:00+02:00
1151;Generación medida Hidráulica no UGH;;;867.154;2024-04-13T19:00:00+02:00
1151;Generación medida Hidráulica no UGH;;;906.666;2024-04-13T20:00:00+02:00
1151;Generación medida Hidráulica no UGH;;;912.775;2024-04-13T21:00:00+02:00
1151;Generación medida Hidráulica no UGH;;;887.381;2024-04-13T22:00:00+02:00
1151;Generación medida Hidráulica no UGH;;;866.495;2024-04-13T23:00:00+02:00
1151;Generación medida Hidráulica no UGH;;;820.212;2024-04-14T00:00:00+02:00
1151;Generación medida Hidráulica no UGH;;;826.965;2024-04-14T01:00:00+02:00
1151;Generación medida Hidráulica no UGH;;;859.818;2024-04-14T02:00:00+02:00
1151;Generación medida Hidráulica no UGH;;;849.687;2024-04-14T03:00:00+02:00
1151;Generación medida Hidráulica no UGH;;;877.054;2024-04-14T04:00:00+02:00
1151;Generación medida Hidráulica no UGH;;;863.569;2024-04-14T05:00:00+02:00
1151;Generación medida Hidráulica no UGH;;;821.445;2024-04-14T06:00:00+02:00
1151;Generación medida Hidráulica no UGH;;;874.301;2024-04-14T07:00:00+02:00
1151;Generación medida Hidráulica no UGH;;;876.876;2024-04-14T08:00:00+02:00
1151;Generación medida Hidráulica no UGH;;;866.472;2024-04-14T09:00:00+02:00
1151;Generación medida Hidráulica no UGH;;;836.166;2024-04-14T10:00:00+02:00
1151;Generación medida Hidráulica no UGH;;;724.714;2024-04-14T11:00:00+02:00
1151;Generación medida Hidráulica no UGH;;;717.836;2024-04-14T12:00:00+02:00
1151;Generación medida Hidráulica no UGH;;;721.112;2024-04-14T13:00:00+02:00
1151;Generación medida Hidráulica no UGH;;;711.371;2024-04-14T14:00:00+02:00
1151;Generación medida Hidráulica no UGH;;;714.78;2024-04-14T15:00:00+02:00
1151;Generación medida Hidráulica no UGH;;;718.244;2024-04-14T16:00:00+02:00
1151;Generación medida Hidráulica no UGH;;;790.351;2024-04-14T17:00:00+02:00
1151;Generación medida Hidráulica no UGH;;;791.427;2024-04-14T18:00:00+02:00
1151;Generación medida Hidráulica no UGH;;;880.094;2024-04-14T19:00:00+02:00
1151;Generación medida Hidráulica no UGH;;;870.245;2024-04-14T20:00:00+02:00
1151;Generación medida Hidráulica no UGH;;;906.96;2024-04-14T21:00:00+02:00
1151;Generación medida Hidráulica no UGH;;;835.379;2024-04-14T22:00:00+02:00
1151;Generación medida Hidráulica no UGH;;;816.78;2024-04-14T23:00:00+02:00
1151;Generación medida Hidráulica no UGH;;;795.927;2024-04-15T00:00:00+02:00
1151;Generación medida Hidráulica no UGH;;;786.131;2024-04-15T01:00:00+02:00
1151;Generación medida Hidráulica no UGH;;;777.536;2024-04-15T02:00:00+02:00
1151;Generación medida Hidráulica no UGH;;;776.295;2024-04-15T03:00:00+02:00
1151;Generación medida Hidráulica no UGH;;;777.51;2024-04-15T04:00:00+02:00
1151;Generación medida Hidráulica no UGH;;;786.994;2024-04-15T05:00:00+02:00
1151;Generación medida Hidráulica no UGH;;;794.143;2024-04-15T06:00:00+02:00
1151;Generación medida Hidráulica no UGH;;;801.734;2024-04-15T07:00:00+02:00
1151;Generación medida Hidráulica no UGH;;;804.194;2024-04-15T08:00:00+02:00
1151;Generación medida Hidráulica no UGH;;;759.775;2024-04-15T09:00:00+02:00
1151;Generación medida Hidráulica no UGH;;;800.66;2024-04-15T10:00:00+02:00
1151;Generación medida Hidráulica no UGH;;;705.682;2024-04-15T11:00:00+02:00
1151;Generación medida Hidráulica no UGH;;;685.146;2024-04-15T12:00:00+02:00
1151;Generación medida Hidráulica no UGH;;;676.974;2024-04-15T13:00:00+02:00
1151;Generación medida Hidráulica no UGH;;;683.381;2024-04-15T14:00:00+02:00
1151;Generación medida Hidráulica no UGH;;;689.653;2024-04-15T15:00:00+02:00
1151;Generación medida Hidráulica no UGH;;;675.91;2024-04-15T16:00:00+02:00
1151;Generación medida Hidráulica no UGH;;;764.919;2024-04-15T17:00:00+02:00
1151;Generación medida Hidráulica no UGH;;;783.247;2024-04-15T18:00:00+02:00
1151;Generación medida Hidráulica no UGH;;;830.928;2024-04-15T19:00:00+02:00
1151;Generación medida Hidráulica no UGH;;;801.102;2024-04-15T20:00:00+02:00
1151;Generación medida Hidráulica no UGH;;;812.171;2024-04-15T21:00:00+02:00
1151;Generación medida Hidráulica no UGH;;;795.474;2024-04-15T22:00:00+02:00
1151;Generación medida Hidráulica no UGH;;;790.015;2024-04-15T23:00:00+02:00
1151;Generación medida Hidráulica no UGH;;;752.467;2024-04-16T00:00:00+02:00
1151;Generación medida Hidráulica no UGH;;;735.193;2024-04-16T01:00:00+02:00
1151;Generación medida Hidráulica no UGH;;;725.132;2024-04-16T02:00:00+02:00
1151;Generación medida Hidráulica no UGH;;;728.372;2024-04-16T03:00:00+02:00
1151;Generación medida Hidráulica no UGH;;;725.06;2024-04-16T04:00:00+02:00
1151;Generación medida Hidráulica no UGH;;;731.518;2024-04-16T05:00:00+02:00
1151;Generación medida Hidráulica no UGH;;;745.536;2024-04-16T06:00:00+02:00
1151;Generación medida Hidráulica no UGH;;;845.241;2024-04-16T07:00:00+02:00
1151;Generación medida Hidráulica no UGH;;;839.656;2024-04-16T08:00:00+02:00
1151;Generación medida Hidráulica no UGH;;;820.135;2024-04-16T09:00:00+02:00
1151;Generación medida Hidráulica no UGH;;;732.589;2024-04-16T10:00:00+02:00
1151;Generación medida Hidráulica no UGH;;;707.933;2024-04-16T11:00:00+02:00
1151;Generación medida Hidráulica no UGH;;;700.369;2024-04-16T12:00:00+02:00
1151;Generación medida Hidráulica no UGH;;;700.252;2024-04-16T13:00:00+02:00
1151;Generación medida Hidráulica no UGH;;;696.449;2024-04-16T14:00:00+02:00
1151;Generación medida Hidráulica no UGH;;;692.057;2024-04-16T15:00:00+02:00
1151;Generación medida Hidráulica no UGH;;;689.056;2024-04-16T16:00:00+02:00
1151;Generación medida Hidráulica no UGH;;;680.349;2024-04-16T17:00:00+02:00
1151;Generación medida Hidráulica no UGH;;;688.173;2024-04-16T18:00:00+02:00
1151;Generación medida Hidráulica no UGH;;;705.397;2024-04-16T19:00:00+02:00
1151;Generación medida Hidráulica no UGH;;;846.287;2024-04-16T20:00:00+02:00
1151;Generación medida Hidráulica no UGH;;;864.451;2024-04-16T21:00:00+02:00
1151;Generación medida Hidráulica no UGH;;;868.435;2024-04-16T22:00:00+02:00
1151;Generación medida Hidráulica no UGH;;;856.825;2024-04-16T23:00:00+02:00
1151;Generación medida Hidráulica no UGH;;;842.908;2024-04-17T00:00:00+02:00
1151;Generación medida Hidráulica no UGH;;;805.134;2024-04-17T01:00:00+02:00
1151;Generación medida Hidráulica no UGH;;;829.891;2024-04-17T02:00:00+02:00
1151;Generación medida Hidráulica no UGH;;;737.554;2024-04-17T03:00:00+02:00
1151;Generación medida Hidráulica no UGH;;;735.271;2024-04-17T04:00:00+02:00
1151;Generación medida Hidráulica no UGH;;;824.835;2024-04-17T05:00:00+02:00
1151;Generación medida Hidráulica no UGH;;;821.342;2024-04-17T06:00:00+02:00
1151;Generación medida Hidráulica no UGH;;;785.593;2024-04-17T07:00:00+02:00
1151;Generación medida Hidráulica no UGH;;;815.623;2024-04-17T08:00:00+02:00
1151;Generación medida Hidráulica no UGH;;;719.112;2024-04-17T09:00:00+02:00
1151;Generación medida Hidráulica no UGH;;;668.641;2024-04-17T10:00:00+02:00
1151;Generación medida Hidráulica no UGH;;;659.966;2024-04-17T11:00:00+02:00
1151;Generación medida Hidráulica no UGH;;;670.485;2024-04-17T12:00:00+02:00
1151;Generación medida Hidráulica no UGH;;;692.126;2024-04-17T13:00:00+02:00
1151;Generación medida Hidráulica no UGH;;;682.417;2024-04-17T14:00:00+02:00
1151;Generación medida Hidráulica no UGH;;;690.426;2024-04-17T15:00:00+02:00
1151;Generación medida Hidráulica no UGH;;;698.655;2024-04-17T16:00:00+02:00
1151;Generación medida Hidráulica no UGH;;;693.011;2024-04-17T17:00:00+02:00
1151;Generación medida Hidráulica no UGH;;;702.183;2024-04-17T18:00:00+02:00
1151;Generación medida Hidráulica no UGH;;;742.948;2024-04-17T19:00:00+02:00
1151;Generación medida Hidráulica no UGH;;;848.012;2024-04-17T20:00:00+02:00
1151;Generación medida Hidráulica no UGH;;;871.868;2024-04-17T21:00:00+02:00
1151;Generación medida Hidráulica no UGH;;;834.072;2024-04-17T22:00:00+02:00
1151;Generación medida Hidráulica no UGH;;;795.772;2024-04-17T23:00:00+02:00
1151;Generación medida Hidráulica no UGH;;;737.86;2024-04-18T00:00:00+02:00
1151;Generación medida Hidráulica no UGH;;;724.245;2024-04-18T01:00:00+02:00
1151;Generación medida Hidráulica no UGH;;;715.59;2024-04-18T02:00:00+02:00
1151;Generación medida Hidráulica no UGH;;;710.763;2024-04-18T03:00:00+02:00
1151;Generación medida Hidráulica no UGH;;;707.319;2024-04-18T04:00:00+02:00
1151;Generación medida Hidráulica no UGH;;;717.429;2024-04-18T05:00:00+02:00
1151;Generación medida Hidráulica no UGH;;;727.539;2024-04-18T06:00:00+02:00
1151;Generación medida Hidráulica no UGH;;;804.497;2024-04-18T07:00:00+02:00
1151;Generación medida Hidráulica no UGH;;;730;2024-04-18T08:00:00+02:00
1151;Generación medida Hidráulica no UGH;;;774.278;2024-04-18T09:00:00+02:00
1151;Generación medida Hidráulica no UGH;;;661.215;2024-04-18T10:00:00+02:00
1151;Generación medida Hidráulica no UGH;;;643.138;2024-04-18T11:00:00+02:00
1151;Generación medida Hidráulica no UGH;;;638.794;2024-04-18T12:00:00+02:00
1151;Generación medida Hidráulica no UGH;;;633.743;2024-04-18T13:00:00+02:00
1151;Generación medida Hidráulica no UGH;;;623.817;2024-04-18T14:00:00+02:00
1151;Generación medida Hidráulica no UGH;;;708.578;2024-04-18T15:00:00+02:00
1151;Generación medida Hidráulica no UGH;;;715.736;2024-04-18T16:00:00+02:00
1151;Generación medida Hidráulica no UGH;;;733.123;2024-04-18T17:00:00+02:00
1151;Generación medida Hidráulica no UGH;;;735.027;2024-04-18T18:00:00+02:00
1151;Generación medida Hidráulica no UGH;;;707.854;2024-04-18T19:00:00+02:00
1151;Generación medida Hidráulica no UGH;;;739.715;2024-04-18T20:00:00+02:00
1151;Generación medida Hidráulica no UGH;;;865.573;2024-04-18T21:00:00+02:00
1151;Generación medida Hidráulica no UGH;;;751.696;2024-04-18T22:00:00+02:00
1151;Generación medida Hidráulica no UGH;;;725.127;2024-04-18T23:00:00+02:00
1151;Generación medida Hidráulica no UGH;;;699.323;2024-04-19T00:00:00+02:00
1151;Generación medida Hidráulica no UGH;;;690.85;2024-04-19T01:00:00+02:00
1151;Generación medida Hidráulica no UGH;;;697.743;2024-04-19T02:00:00+02:00
1151;Generación medida Hidráulica no UGH;;;700.023;2024-04-19T03:00:00+02:00
1151;Generación medida Hidráulica no UGH;;;693.343;2024-04-19T04:00:00+02:00
1151;Generación medida Hidráulica no UGH;;;774.968;2024-04-19T05:00:00+02:00
1151;Generación medida Hidráulica no UGH;;;808.956;2024-04-19T06:00:00+02:00
1151;Generación medida Hidráulica no UGH;;;812;2024-04-19T07:00:00+02:00
1151;Generación medida Hidráulica no UGH;;;855.731;2024-04-19T08:00:00+02:00
1151;Generación medida Hidráulica no UGH;;;792.999;2024-04-19T09:00:00+02:00
1151;Generación medida Hidráulica no UGH;;;688.56;2024-04-19T10:00:00+02:00
1151;Generación medida Hidráulica no UGH;;;665.734;2024-04-19T11:00:00+02:00
1151;Generación medida Hidráulica no UGH;;;659.043;2024-04-19T12:00:00+02:00
1151;Generación medida Hidráulica no UGH;;;736.076;2024-04-19T13:00:00+02:00
1151;Generación medida Hidráulica no UGH;;;702.33;2024-04-19T14:00:00+02:00
1151;Generación medida Hidráulica no UGH;;;720.851;2024-04-19T15:00:00+02:00
1151;Generación medida Hidráulica no UGH;;;719.083;2024-04-19T16:00:00+02:00
1151;Generación medida Hidráulica no UGH;;;725.983;2024-04-19T17:00:00+02:00
1151;Generación medida Hidráulica no UGH;;;765.75;2024-04-19T18:00:00+02:00
1151;Generación medida Hidráulica no UGH;;;784.158;2024-04-19T19:00:00+02:00
1151;Generación medida Hidráulica no UGH;;;856.877;2024-04-19T20:00:00+02:00
1151;Generación medida Hidráulica no UGH;;;872.412;2024-04-19T21:00:00+02:00
1151;Generación medida Hidráulica no UGH;;;852.928;2024-04-19T22:00:00+02:00
1151;Generación medida Hidráulica no UGH;;;848.441;2024-04-19T23:00:00+02:00
1151;Generación medida Hidráulica no UGH;;;806.411;2024-04-20T00:00:00+02:00
1151;Generación medida Hidráulica no UGH;;;729.088;2024-04-20T01:00:00+02:00
1151;Generación medida Hidráulica no UGH;;;758.739;2024-04-20T02:00:00+02:00
1151;Generación medida Hidráulica no UGH;;;673.543;2024-04-20T03:00:00+02:00
1151;Generación medida Hidráulica no UGH;;;656.339;2024-04-20T04:00:00+02:00
1151;Generación medida Hidráulica no UGH;;;652.371;2024-04-20T05:00:00+02:00
1151;Generación medida Hidráulica no UGH;;;657.666;2024-04-20T06:00:00+02:00
1151;Generación medida Hidráulica no UGH;;;651.574;2024-04-20T07:00:00+02:00
1151;Generación medida Hidráulica no UGH;;;653.435;2024-04-20T08:00:00+02:00
1151;Generación medida Hidráulica no UGH;;;727.581;2024-04-20T09:00:00+02:00
1151;Generación medida Hidráulica no UGH;;;629.177;2024-04-20T10:00:00+02:00
1151;Generación medida Hidráulica no UGH;;;614.355;2024-04-20T11:00:00+02:00
1151;Generación medida Hidráulica no UGH;;;684.546;2024-04-20T12:00:00+02:00
1151;Generación medida Hidráulica no UGH;;;673.289;2024-04-20T13:00:00+02:00
1151;Generación medida Hidráulica no UGH;;;583.491;2024-04-20T14:00:00+02:00
1151;Generación medida Hidráulica no UGH;;;575.496;2024-04-20T15:00:00+02:00
1151;Generación medida Hidráulica no UGH;;;554.141;2024-04-20T16:00:00+02:00
1151;Generación medida Hidráulica no UGH;;;547.036;2024-04-20T17:00:00+02:00
1151;Generación medida Hidráulica no UGH;;;563.484;2024-04-20T18:00:00+02:00
1151;Generación medida Hidráulica no UGH;;;593.129;2024-04-20T19:00:00+02:00
1151;Generación medida Hidráulica no UGH;;;630.114;2024-04-20T20:00:00+02:00
1151;Generación medida Hidráulica no UGH;;;653.031;2024-04-20T21:00:00+02:00
1151;Generación medida Hidráulica no UGH;;;648.571;2024-04-20T22:00:00+02:00
1151;Generación medida Hidráulica no UGH;;;741.018;2024-04-20T23:00:00+02:00
1151;Generación medida Hidráulica no UGH;;;641.388;2024-04-21T00:00:00+02:00
1151;Generación medida Hidráulica no UGH;;;628.222;2024-04-21T01:00:00+02:00
1151;Generación medida Hidráulica no UGH;;;616.615;2024-04-21T02:00:00+02:00
1151;Generación medida Hidráulica no UGH;;;610.619;2024-04-21T03:00:00+02:00
1151;Generación medida Hidráulica no UGH;;;601.076;2024-04-21T04:00:00+02:00
1151;Generación medida Hidráulica no UGH;;;606.99;2024-04-21T05:00:00+02:00
1151;Generación medida Hidráulica no UGH;;;613.535;2024-04-21T06:00:00+02:00
1151;Generación medida Hidráulica no UGH;;;614.32;2024-04-21T07:00:00+02:00
1151;Generación medida Hidráulica no UGH;;;708.049;2024-04-21T08:00:00+02:00
1151;Generación medida Hidráulica no UGH;;;672.271;2024-04-21T09:00:00+02:00
1151;Generación medida Hidráulica no UGH;;;657.049;2024-04-21T10:00:00+02:00
1151;Generación medida Hidráulica no UGH;;;618.746;2024-04-21T11:00:00+02:00
1151;Generación medida Hidráulica no UGH;;;645.57;2024-04-21T12:00:00+02:00
1151;Generación medida Hidráulica no UGH;;;634.119;2024-04-21T13:00:00+02:00
1151;Generación medida Hidráulica no UGH;;;608.95;2024-04-21T14:00:00+02:00
1151;Generación medida Hidráulica no UGH;;;620.486;2024-04-21T15:00:00+02:00
1151;Generación medida Hidráulica no UGH;;;611.575;2024-04-21T16:00:00+02:00
1151;Generación medida Hidráulica no UGH;;;608.009;2024-04-21T17:00:00+02:00
1151;Generación medida Hidráulica no UGH;;;627.968;2024-04-21T18:00:00+02:00
1151;Generación medida Hidráulica no UGH;;;668.493;2024-04-21T19:00:00+02:00
1151;Generación medida Hidráulica no UGH;;;633.385;2024-04-21T20:00:00+02:00
1151;Generación medida Hidráulica no UGH;;;641.597;2024-04-21T21:00:00+02:00
1151;Generación medida Hidráulica no UGH;;;644.016;2024-04-21T22:00:00+02:00
1151;Generación medida Hidráulica no UGH;;;638.727;2024-04-21T23:00:00+02:00
1151;Generación medida Hidráulica no UGH;;;628.328;2024-04-22T00:00:00+02:00
1151;Generación medida Hidráulica no UGH;;;714.643;2024-04-22T01:00:00+02:00
1151;Generación medida Hidráulica no UGH;;;689.677;2024-04-22T02:00:00+02:00
1151;Generación medida Hidráulica no UGH;;;705.735;2024-04-22T03:00:00+02:00
1151;Generación medida Hidráulica no UGH;;;692.246;2024-04-22T04:00:00+02:00
1151;Generación medida Hidráulica no UGH;;;699.232;2024-04-22T05:00:00+02:00
1151;Generación medida Hidráulica no UGH;;;612.349;2024-04-22T06:00:00+02:00
1151;Generación medida Hidráulica no UGH;;;607.037;2024-04-22T07:00:00+02:00
1151;Generación medida Hidráulica no UGH;;;590.588;2024-04-22T08:00:00+02:00
1151;Generación medida Hidráulica no UGH;;;636.818;2024-04-22T09:00:00+02:00
1151;Generación medida Hidráulica no UGH;;;560.007;2024-04-22T10:00:00+02:00
1151;Generación medida Hidráulica no UGH;;;552.633;2024-04-22T11:00:00+02:00
1151;Generación medida Hidráulica no UGH;;;553.832;2024-04-22T12:00:00+02:00
1151;Generación medida Hidráulica no UGH;;;556.512;2024-04-22T13:00:00+02:00
1151;Generación medida Hidráulica no UGH;;;556.755;2024-04-22T14:00:00+02:00
1151;Generación medida Hidráulica no UGH;;;552.104;2024-04-22T15:00:00+02:00
1151;Generación medida Hidráulica no UGH;;;554.734;2024-04-22T16:00:00+02:00
1151;Generación medida Hidráulica no UGH;;;548.14;2024-04-22T17:00:00+02:00
1151;Generación medida Hidráulica no UGH;;;555.283;2024-04-22T18:00:00+02:00
1151;Generación medida Hidráulica no UGH;;;585.366;2024-04-22T19:00:00+02:00
1151;Generación medida Hidráulica no UGH;;;631.103;2024-04-22T20:00:00+02:00
1151;Generación medida Hidráulica no UGH;;;721.409;2024-04-22T21:00:00+02:00
1151;Generación medida Hidráulica no UGH;;;658.439;2024-04-22T22:00:00+02:00
1151;Generación medida Hidráulica no UGH;;;630.485;2024-04-22T23:00:00+02:00
1151;Generación medida Hidráulica no UGH;;;668.569;2024-04-23T00:00:00+02:00
1151;Generación medida Hidráulica no UGH;;;704.506;2024-04-23T01:00:00+02:00
1151;Generación medida Hidráulica no UGH;;;706.311;2024-04-23T02:00:00+02:00
1151;Generación medida Hidráulica no UGH;;;714.336;2024-04-23T03:00:00+02:00
1151;Generación medida Hidráulica no UGH;;;703.501;2024-04-23T04:00:00+02:00
1151;Generación medida Hidráulica no UGH;;;690.486;2024-04-23T05:00:00+02:00
1151;Generación medida Hidráulica no UGH;;;620.898;2024-04-23T06:00:00+02:00
1151;Generación medida Hidráulica no UGH;;;718.623;2024-04-23T07:00:00+02:00
1151;Generación medida Hidráulica no UGH;;;678.429;2024-04-23T08:00:00+02:00
1151;Generación medida Hidráulica no UGH;;;654.297;2024-04-23T09:00:00+02:00
1151;Generación medida Hidráulica no UGH;;;629.765;2024-04-23T10:00:00+02:00
1151;Generación medida Hidráulica no UGH;;;563.049;2024-04-23T11:00:00+02:00
1151;Generación medida Hidráulica no UGH;;;561.432;2024-04-23T12:00:00+02:00
1151;Generación medida Hidráulica no UGH;;;558.72;2024-04-23T13:00:00+02:00
1151;Generación medida Hidráulica no UGH;;;554.907;2024-04-23T14:00:00+02:00
1151;Generación medida Hidráulica no UGH;;;551.107;2024-04-23T15:00:00+02:00
1151;Generación medida Hidráulica no UGH;;;549.473;2024-04-23T16:00:00+02:00
1151;Generación medida Hidráulica no UGH;;;540.866;2024-04-23T17:00:00+02:00
1151;Generación medida Hidráulica no UGH;;;550.355;2024-04-23T18:00:00+02:00
1151;Generación medida Hidráulica no UGH;;;651.546;2024-04-23T19:00:00+02:00
1151;Generación medida Hidráulica no UGH;;;693.405;2024-04-23T20:00:00+02:00
1151;Generación medida Hidráulica no UGH;;;723.748;2024-04-23T21:00:00+02:00
1151;Generación medida Hidráulica no UGH;;;748.05;2024-04-23T22:00:00+02:00
1151;Generación medida Hidráulica no UGH;;;652.277;2024-04-23T23:00:00+02:00
1151;Generación medida Hidráulica no UGH;;;758.375;2024-04-24T00:00:00+02:00
1151;Generación medida Hidráulica no UGH;;;710.84;2024-04-24T01:00:00+02:00
1151;Generación medida Hidráulica no UGH;;;718.285;2024-04-24T02:00:00+02:00
1151;Generación medida Hidráulica no UGH;;;719.988;2024-04-24T03:00:00+02:00
1151;Generación medida Hidráulica no UGH;;;700.272;2024-04-24T04:00:00+02:00
1151;Generación medida Hidráulica no UGH;;;686.363;2024-04-24T05:00:00+02:00
1151;Generación medida Hidráulica no UGH;;;710.255;2024-04-24T06:00:00+02:00
1151;Generación medida Hidráulica no UGH;;;724.076;2024-04-24T07:00:00+02:00
1151;Generación medida Hidráulica no UGH;;;682.814;2024-04-24T08:00:00+02:00
1151;Generación medida Hidráulica no UGH;;;638.755;2024-04-24T09:00:00+02:00
1151;Generación medida Hidráulica no UGH;;;573.595;2024-04-24T10:00:00+02:00
1151;Generación medida Hidráulica no UGH;;;564.246;2024-04-24T11:00:00+02:00
1151;Generación medida Hidráulica no UGH;;;546.787;2024-04-24T12:00:00+02:00
1151;Generación medida Hidráulica no UGH;;;557.542;2024-04-24T13:00:00+02:00
1151;Generación medida Hidráulica no UGH;;;621.128;2024-04-24T14:00:00+02:00
1151;Generación medida Hidráulica no UGH;;;634.649;2024-04-24T15:00:00+02:00
1151;Generación medida Hidráulica no UGH;;;659.717;2024-04-24T16:00:00+02:00
1151;Generación medida Hidráulica no UGH;;;663.853;2024-04-24T17:00:00+02:00
1151;Generación medida Hidráulica no UGH;;;682.723;2024-04-24T18:00:00+02:00
1151;Generación medida Hidráulica no UGH;;;701.561;2024-04-24T19:00:00+02:00
1151;Generación medida Hidráulica no UGH;;;761.737;2024-04-24T20:00:00+02:00
1151;Generación medida Hidráulica no UGH;;;789.604;2024-04-24T21:00:00+02:00
1151;Generación medida Hidráulica no UGH;;;791.197;2024-04-24T22:00:00+02:00
1151;Generación medida Hidráulica no UGH;;;768.379;2024-04-24T23:00:00+02:00
1151;Generación medida Hidráulica no UGH;;;750.759;2024-04-25T00:00:00+02:00
1151;Generación medida Hidráulica no UGH;;;728.643;2024-04-25T01:00:00+02:00
1151;Generación medida Hidráulica no UGH;;;721.854;2024-04-25T02:00:00+02:00
1151;Generación medida Hidráulica no UGH;;;721.912;2024-04-25T03:00:00+02:00
1151;Generación medida Hidráulica no UGH;;;694.318;2024-04-25T04:00:00+02:00
1151;Generación medida Hidráulica no UGH;;;697.555;2024-04-25T05:00:00+02:00
1151;Generación medida Hidráulica no UGH;;;700.537;2024-04-25T06:00:00+02:00
1151;Generación medida Hidráulica no UGH;;;775.32;2024-04-25T07:00:00+02:00
1151;Generación medida Hidráulica no UGH;;;780.936;2024-04-25T08:00:00+02:00
1151;Generación medida Hidráulica no UGH;;;730.879;2024-04-25T09:00:00+02:00
1151;Generación medida Hidráulica no UGH;;;719.664;2024-04-25T10:00:00+02:00
1151;Generación medida Hidráulica no UGH;;;670.616;2024-04-25T11:00:00+02:00
1151;Generación medida Hidráulica no UGH;;;675.994;2024-04-25T12:00:00+02:00
1151;Generación medida Hidráulica no UGH;;;667.733;2024-04-25T13:00:00+02:00
1151;Generación medida Hidráulica no UGH;;;682.656;2024-04-25T14:00:00+02:00
1151;Generación medida Hidráulica no UGH;;;690.995;2024-04-25T15:00:00+02:00
1151;Generación medida Hidráulica no UGH;;;683.034;2024-04-25T16:00:00+02:00
1151;Generación medida Hidráulica no UGH;;;640.799;2024-04-25T17:00:00+02:00
1151;Generación medida Hidráulica no UGH;;;647.507;2024-04-25T18:00:00+02:00
1151;Generación medida Hidráulica no UGH;;;705.572;2024-04-25T19:00:00+02:00
1151;Generación medida Hidráulica no UGH;;;788.939;2024-04-25T20:00:00+02:00
1151;Generación medida Hidráulica no UGH;;;813.476;2024-04-25T21:00:00+02:00
1151;Generación medida Hidráulica no UGH;;;807.391;2024-04-25T22:00:00+02:00
1151;Generación medida Hidráulica no UGH;;;774.9;2024-04-25T23:00:00+02:00
1151;Generación medida Hidráulica no UGH;;;772.947;2024-04-26T00:00:00+02:00
1151;Generación medida Hidráulica no UGH;;;764.975;2024-04-26T01:00:00+02:00
1151;Generación medida Hidráulica no UGH;;;760.721;2024-04-26T02:00:00+02:00
1151;Generación medida Hidráulica no UGH;;;755.494;2024-04-26T03:00:00+02:00
1151;Generación medida Hidráulica no UGH;;;746.281;2024-04-26T04:00:00+02:00
1151;Generación medida Hidráulica no UGH;;;763.719;2024-04-26T05:00:00+02:00
1151;Generación medida Hidráulica no UGH;;;785.373;2024-04-26T06:00:00+02:00
1151;Generación medida Hidráulica no UGH;;;798.953;2024-04-26T07:00:00+02:00
1151;Generación medida Hidráulica no UGH;;;803.892;2024-04-26T08:00:00+02:00
1151;Generación medida Hidráulica no UGH;;;787.22;2024-04-26T09:00:00+02:00
1151;Generación medida Hidráulica no UGH;;;723.067;2024-04-26T10:00:00+02:00
1151;Generación medida Hidráulica no UGH;;;708.994;2024-04-26T11:00:00+02:00
1151;Generación medida Hidráulica no UGH;;;701.532;2024-04-26T12:00:00+02:00
1151;Generación medida Hidráulica no UGH;;;686.665;2024-04-26T13:00:00+02:00
1151;Generación medida Hidráulica no UGH;;;645.972;2024-04-26T14:00:00+02:00
1151;Generación medida Hidráulica no UGH;;;588.93;2024-04-26T15:00:00+02:00
1151;Generación medida Hidráulica no UGH;;;647.824;2024-04-26T16:00:00+02:00
1151;Generación medida Hidráulica no UGH;;;652.16;2024-04-26T17:00:00+02:00
1151;Generación medida Hidráulica no UGH;;;666.681;2024-04-26T18:00:00+02:00
1151;Generación medida Hidráulica no UGH;;;687.299;2024-04-26T19:00:00+02:00
1151;Generación medida Hidráulica no UGH;;;782.406;2024-04-26T20:00:00+02:00
1151;Generación medida Hidráulica no UGH;;;809.099;2024-04-26T21:00:00+02:00
1151;Generación medida Hidráulica no UGH;;;805.342;2024-04-26T22:00:00+02:00
1151;Generación medida Hidráulica no UGH;;;757.635;2024-04-26T23:00:00+02:00
1151;Generación medida Hidráulica no UGH;;;775.239;2024-04-27T00:00:00+02:00
1151;Generación medida Hidráulica no UGH;;;740.081;2024-04-27T01:00:00+02:00
1151;Generación medida Hidráulica no UGH;;;745.267;2024-04-27T02:00:00+02:00
1151;Generación medida Hidráulica no UGH;;;710.134;2024-04-27T03:00:00+02:00
1151;Generación medida Hidráulica no UGH;;;759.773;2024-04-27T04:00:00+02:00
1151;Generación medida Hidráulica no UGH;;;753.589;2024-04-27T05:00:00+02:00
1151;Generación medida Hidráulica no UGH;;;756.537;2024-04-27T06:00:00+02:00
1151;Generación medida Hidráulica no UGH;;;756.054;2024-04-27T07:00:00+02:00
1151;Generación medida Hidráulica no UGH;;;780.901;2024-04-27T08:00:00+02:00
1151;Generación medida Hidráulica no UGH;;;766.95;2024-04-27T09:00:00+02:00
1151;Generación medida Hidráulica no UGH;;;772.383;2024-04-27T10:00:00+02:00
1151;Generación medida Hidráulica no UGH;;;777.227;2024-04-27T11:00:00+02:00
1151;Generación medida Hidráulica no UGH;;;667.238;2024-04-27T12:00:00+02:00
1151;Generación medida Hidráulica no UGH;;;662.035;2024-04-27T13:00:00+02:00
1151;Generación medida Hidráulica no UGH;;;651.332;2024-04-27T14:00:00+02:00
1151;Generación medida Hidráulica no UGH;;;648.403;2024-04-27T15:00:00+02:00
1151;Generación medida Hidráulica no UGH;;;650.867;2024-04-27T16:00:00+02:00
1151;Generación medida Hidráulica no UGH;;;656.233;2024-04-27T17:00:00+02:00
1151;Generación medida Hidráulica no UGH;;;758.737;2024-04-27T18:00:00+02:00
1151;Generación medida Hidráulica no UGH;;;758.542;2024-04-27T19:00:00+02:00
1151;Generación medida Hidráulica no UGH;;;840.789;2024-04-27T20:00:00+02:00
1151;Generación medida Hidráulica no UGH;;;872.393;2024-04-27T21:00:00+02:00
1151;Generación medida Hidráulica no UGH;;;877.882;2024-04-27T22:00:00+02:00
1151;Generación medida Hidráulica no UGH;;;846.669;2024-04-27T23:00:00+02:00
1151;Generación medida Hidráulica no UGH;;;864.345;2024-04-28T00:00:00+02:00
1151;Generación medida Hidráulica no UGH;;;850.833;2024-04-28T01:00:00+02:00
1151;Generación medida Hidráulica no UGH;;;848.218;2024-04-28T02:00:00+02:00
1151;Generación medida Hidráulica no UGH;;;851.219;2024-04-28T03:00:00+02:00
1151;Generación medida Hidráulica no UGH;;;843.602;2024-04-28T04:00:00+02:00
1151;Generación medida Hidráulica no UGH;;;815.056;2024-04-28T05:00:00+02:00
1151;Generación medida Hidráulica no UGH;;;813.833;2024-04-28T06:00:00+02:00
1151;Generación medida Hidráulica no UGH;;;816.992;2024-04-28T07:00:00+02:00
1151;Generación medida Hidráulica no UGH;;;850.642;2024-04-28T08:00:00+02:00
1151;Generación medida Hidráulica no UGH;;;796.169;2024-04-28T09:00:00+02:00
1151;Generación medida Hidráulica no UGH;;;771.438;2024-04-28T10:00:00+02:00
1151;Generación medida Hidráulica no UGH;;;652.704;2024-04-28T11:00:00+02:00
1151;Generación medida Hidráulica no UGH;;;644.223;2024-04-28T12:00:00+02:00
1151;Generación medida Hidráulica no UGH;;;640.506;2024-04-28T13:00:00+02:00
1151;Generación medida Hidráulica no UGH;;;638.7;2024-04-28T14:00:00+02:00
1151;Generación medida Hidráulica no UGH;;;631.566;2024-04-28T15:00:00+02:00
1151;Generación medida Hidráulica no UGH;;;713.51;2024-04-28T16:00:00+02:00
1151;Generación medida Hidráulica no UGH;;;729.607;2024-04-28T17:00:00+02:00
1151;Generación medida Hidráulica no UGH;;;716.395;2024-04-28T18:00:00+02:00
1151;Generación medida Hidráulica no UGH;;;811.958;2024-04-28T19:00:00+02:00
1151;Generación medida Hidráulica no UGH;;;875.39;2024-04-28T20:00:00+02:00
1151;Generación medida Hidráulica no UGH;;;878.238;2024-04-28T21:00:00+02:00
1151;Generación medida Hidráulica no UGH;;;886.07;2024-04-28T22:00:00+02:00
1151;Generación medida Hidráulica no UGH;;;877.462;2024-04-28T23:00:00+02:00
1151;Generación medida Hidráulica no UGH;;;827.877;2024-04-29T00:00:00+02:00
1151;Generación medida Hidráulica no UGH;;;790.612;2024-04-29T01:00:00+02:00
1151;Generación medida Hidráulica no UGH;;;783.012;2024-04-29T02:00:00+02:00
1151;Generación medida Hidráulica no UGH;;;777.327;2024-04-29T03:00:00+02:00
1151;Generación medida Hidráulica no UGH;;;790.438;2024-04-29T04:00:00+02:00
1151;Generación medida Hidráulica no UGH;;;786.384;2024-04-29T05:00:00+02:00
1151;Generación medida Hidráulica no UGH;;;805.759;2024-04-29T06:00:00+02:00
1151;Generación medida Hidráulica no UGH;;;890.372;2024-04-29T07:00:00+02:00
1151;Generación medida Hidráulica no UGH;;;858.552;2024-04-29T08:00:00+02:00
1151;Generación medida Hidráulica no UGH;;;828.193;2024-04-29T09:00:00+02:00
1151;Generación medida Hidráulica no UGH;;;802.048;2024-04-29T10:00:00+02:00
1151;Generación medida Hidráulica no UGH;;;761.73;2024-04-29T11:00:00+02:00
1151;Generación medida Hidráulica no UGH;;;739.61;2024-04-29T12:00:00+02:00
1151;Generación medida Hidráulica no UGH;;;760.677;2024-04-29T13:00:00+02:00
1151;Generación medida Hidráulica no UGH;;;729.543;2024-04-29T14:00:00+02:00
1151;Generación medida Hidráulica no UGH;;;732.841;2024-04-29T15:00:00+02:00
1151;Generación medida Hidráulica no UGH;;;770.878;2024-04-29T16:00:00+02:00
1151;Generación medida Hidráulica no UGH;;;755.167;2024-04-29T17:00:00+02:00
1151;Generación medida Hidráulica no UGH;;;750.762;2024-04-29T18:00:00+02:00
1151;Generación medida Hidráulica no UGH;;;813.546;2024-04-29T19:00:00+02:00
1151;Generación medida Hidráulica no UGH;;;850.543;2024-04-29T20:00:00+02:00
1151;Generación medida Hidráulica no UGH;;;898.769;2024-04-29T21:00:00+02:00
1151;Generación medida Hidráulica no UGH;;;878.411;2024-04-29T22:00:00+02:00
1151;Generación medida Hidráulica no UGH;;;838;2024-04-29T23:00:00+02:00
1151;Generación medida Hidráulica no UGH;;;794.957;2024-04-30T00:00:00+02:00
1151;Generación medida Hidráulica no UGH;;;733.656;2024-04-30T01:00:00+02:00
1151;Generación medida Hidráulica no UGH;;;729.462;2024-04-30T02:00:00+02:00
1151;Generación medida Hidráulica no UGH;;;794.957;2024-04-30T03:00:00+02:00
1151;Generación medida Hidráulica no UGH;;;801.529;2024-04-30T04:00:00+02:00
1151;Generación medida Hidráulica no UGH;;;780.105;2024-04-30T05:00:00+02:00
1151;Generación medida Hidráulica no UGH;;;788.592;2024-04-30T06:00:00+02:00
1151;Generación medida Hidráulica no UGH;;;851.774;2024-04-30T07:00:00+02:00
1151;Generación medida Hidráulica no UGH;;;799.455;2024-04-30T08:00:00+02:00
1151;Generación medida Hidráulica no UGH;;;781.415;2024-04-30T09:00:00+02:00
1151;Generación medida Hidráulica no UGH;;;682.653;2024-04-30T10:00:00+02:00
1151;Generación medida Hidráulica no UGH;;;654.227;2024-04-30T11:00:00+02:00
1151;Generación medida Hidráulica no UGH;;;643.092;2024-04-30T12:00:00+02:00
1151;Generación medida Hidráulica no UGH;;;626.36;2024-04-30T13:00:00+02:00
1151;Generación medida Hidráulica no UGH;;;625.36;2024-04-30T14:00:00+02:00
1151;Generación medida Hidráulica no UGH;;;626.666;2024-04-30T15:00:00+02:00
1151;Generación medida Hidráulica no UGH;;;631.931;2024-04-30T16:00:00+02:00
1151;Generación medida Hidráulica no UGH;;;644.41;2024-04-30T17:00:00+02:00
1151;Generación medida Hidráulica no UGH;;;650.514;2024-04-30T18:00:00+02:00
1151;Generación medida Hidráulica no UGH;;;738.245;2024-04-30T19:00:00+02:00
1151;Generación medida Hidráulica no UGH;;;807.22;2024-04-30T20:00:00+02:00
1151;Generación medida Hidráulica no UGH;;;807.593;2024-04-30T21:00:00+02:00
1151;Generación medida Hidráulica no UGH;;;807.81;2024-04-30T22:00:00+02:00
1151;Generación medida Hidráulica no UGH;;;764.705;2024-04-30T23:00:00+02:00
1150;Generación medida Hidráulica UGH;;;5137.51;2024-04-01T00:00:00+02:00
1150;Generación medida Hidráulica UGH;;;5110.746;2024-04-01T01:00:00+02:00
1150;Generación medida Hidráulica UGH;;;4919.744;2024-04-01T02:00:00+02:00
1150;Generación medida Hidráulica UGH;;;4654.434;2024-04-01T03:00:00+02:00
1150;Generación medida Hidráulica UGH;;;4585.874;2024-04-01T04:00:00+02:00
1150;Generación medida Hidráulica UGH;;;4817.208;2024-04-01T05:00:00+02:00
1150;Generación medida Hidráulica UGH;;;5116.888;2024-04-01T06:00:00+02:00
1150;Generación medida Hidráulica UGH;;;5673.659;2024-04-01T07:00:00+02:00
1150;Generación medida Hidráulica UGH;;;5681.289;2024-04-01T08:00:00+02:00
1150;Generación medida Hidráulica UGH;;;5226.646;2024-04-01T09:00:00+02:00
1150;Generación medida Hidráulica UGH;;;4353.185;2024-04-01T10:00:00+02:00
1150;Generación medida Hidráulica UGH;;;4062.943;2024-04-01T11:00:00+02:00
1150;Generación medida Hidráulica UGH;;;3803.465;2024-04-01T12:00:00+02:00
1150;Generación medida Hidráulica UGH;;;3737.533;2024-04-01T13:00:00+02:00
1150;Generación medida Hidráulica UGH;;;3730.411;2024-04-01T14:00:00+02:00
1150;Generación medida Hidráulica UGH;;;3857.98;2024-04-01T15:00:00+02:00
1150;Generación medida Hidráulica UGH;;;3693.493;2024-04-01T16:00:00+02:00
1150;Generación medida Hidráulica UGH;;;4139.443;2024-04-01T17:00:00+02:00
1150;Generación medida Hidráulica UGH;;;4349.157;2024-04-01T18:00:00+02:00
1150;Generación medida Hidráulica UGH;;;5357.319;2024-04-01T19:00:00+02:00
1150;Generación medida Hidráulica UGH;;;5902.328;2024-04-01T20:00:00+02:00
1150;Generación medida Hidráulica UGH;;;7014.943;2024-04-01T21:00:00+02:00
1150;Generación medida Hidráulica UGH;;;6530.714;2024-04-01T22:00:00+02:00
1150;Generación medida Hidráulica UGH;;;6054.249;2024-04-01T23:00:00+02:00
1150;Generación medida Hidráulica UGH;;;5105.854;2024-04-02T00:00:00+02:00
1150;Generación medida Hidráulica UGH;;;4813.42;2024-04-02T01:00:00+02:00
1150;Generación medida Hidráulica UGH;;;4799.929;2024-04-02T02:00:00+02:00
1150;Generación medida Hidráulica UGH;;;4745.417;2024-04-02T03:00:00+02:00
1150;Generación medida Hidráulica UGH;;;4969.491;2024-04-02T04:00:00+02:00
1150;Generación medida Hidráulica UGH;;;5255.363;2024-04-02T05:00:00+02:00
1150;Generación medida Hidráulica UGH;;;6050.674;2024-04-02T06:00:00+02:00
1150;Generación medida Hidráulica UGH;;;7618.871;2024-04-02T07:00:00+02:00
1150;Generación medida Hidráulica UGH;;;7794.348;2024-04-02T08:00:00+02:00
1150;Generación medida Hidráulica UGH;;;5978.255;2024-04-02T09:00:00+02:00
1150;Generación medida Hidráulica UGH;;;5017.334;2024-04-02T10:00:00+02:00
1150;Generación medida Hidráulica UGH;;;4982.002;2024-04-02T11:00:00+02:00
1150;Generación medida Hidráulica UGH;;;4497.763;2024-04-02T12:00:00+02:00
1150;Generación medida Hidráulica UGH;;;4179.671;2024-04-02T13:00:00+02:00
1150;Generación medida Hidráulica UGH;;;4032.911;2024-04-02T14:00:00+02:00
1150;Generación medida Hidráulica UGH;;;4124.295;2024-04-02T15:00:00+02:00
1150;Generación medida Hidráulica UGH;;;3862.828;2024-04-02T16:00:00+02:00
1150;Generación medida Hidráulica UGH;;;4771.063;2024-04-02T17:00:00+02:00
1150;Generación medida Hidráulica UGH;;;4493.418;2024-04-02T18:00:00+02:00
1150;Generación medida Hidráulica UGH;;;4990.05;2024-04-02T19:00:00+02:00
1150;Generación medida Hidráulica UGH;;;6753.925;2024-04-02T20:00:00+02:00
1150;Generación medida Hidráulica UGH;;;7392.259;2024-04-02T21:00:00+02:00
1150;Generación medida Hidráulica UGH;;;6265.998;2024-04-02T22:00:00+02:00
1150;Generación medida Hidráulica UGH;;;5757.769;2024-04-02T23:00:00+02:00
1150;Generación medida Hidráulica UGH;;;5765.56;2024-04-03T00:00:00+02:00
1150;Generación medida Hidráulica UGH;;;5458.317;2024-04-03T01:00:00+02:00
1150;Generación medida Hidráulica UGH;;;4983.334;2024-04-03T02:00:00+02:00
1150;Generación medida Hidráulica UGH;;;4828.086;2024-04-03T03:00:00+02:00
1150;Generación medida Hidráulica UGH;;;4789.569;2024-04-03T04:00:00+02:00
1150;Generación medida Hidráulica UGH;;;5015.681;2024-04-03T05:00:00+02:00
1150;Generación medida Hidráulica UGH;;;5636.707;2024-04-03T06:00:00+02:00
1150;Generación medida Hidráulica UGH;;;6782.107;2024-04-03T07:00:00+02:00
1150;Generación medida Hidráulica UGH;;;7340.471;2024-04-03T08:00:00+02:00
1150;Generación medida Hidráulica UGH;;;5951.958;2024-04-03T09:00:00+02:00
1150;Generación medida Hidráulica UGH;;;4859.681;2024-04-03T10:00:00+02:00
1150;Generación medida Hidráulica UGH;;;4845.065;2024-04-03T11:00:00+02:00
1150;Generación medida Hidráulica UGH;;;4302.936;2024-04-03T12:00:00+02:00
1150;Generación medida Hidráulica UGH;;;4130.898;2024-04-03T13:00:00+02:00
1150;Generación medida Hidráulica UGH;;;3950.926;2024-04-03T14:00:00+02:00
1150;Generación medida Hidráulica UGH;;;3863.413;2024-04-03T15:00:00+02:00
1150;Generación medida Hidráulica UGH;;;3714.239;2024-04-03T16:00:00+02:00
1150;Generación medida Hidráulica UGH;;;4327.489;2024-04-03T17:00:00+02:00
1150;Generación medida Hidráulica UGH;;;4942.221;2024-04-03T18:00:00+02:00
1150;Generación medida Hidráulica UGH;;;6403.936;2024-04-03T19:00:00+02:00
1150;Generación medida Hidráulica UGH;;;7323.704;2024-04-03T20:00:00+02:00
1150;Generación medida Hidráulica UGH;;;7595.459;2024-04-03T21:00:00+02:00
1150;Generación medida Hidráulica UGH;;;7610.44;2024-04-03T22:00:00+02:00
1150;Generación medida Hidráulica UGH;;;7385.886;2024-04-03T23:00:00+02:00
1150;Generación medida Hidráulica UGH;;;6712.769;2024-04-04T00:00:00+02:00
1150;Generación medida Hidráulica UGH;;;6302.349;2024-04-04T01:00:00+02:00
1150;Generación medida Hidráulica UGH;;;6664.745;2024-04-04T02:00:00+02:00
1150;Generación medida Hidráulica UGH;;;6606.017;2024-04-04T03:00:00+02:00
1150;Generación medida Hidráulica UGH;;;6478.247;2024-04-04T04:00:00+02:00
1150;Generación medida Hidráulica UGH;;;6516.603;2024-04-04T05:00:00+02:00
1150;Generación medida Hidráulica UGH;;;6766.92;2024-04-04T06:00:00+02:00
1150;Generación medida Hidráulica UGH;;;7506.507;2024-04-04T07:00:00+02:00
1150;Generación medida Hidráulica UGH;;;7623.806;2024-04-04T08:00:00+02:00
1150;Generación medida Hidráulica UGH;;;5458.874;2024-04-04T09:00:00+02:00
1150;Generación medida Hidráulica UGH;;;3908.338;2024-04-04T10:00:00+02:00
1150;Generación medida Hidráulica UGH;;;3469.341;2024-04-04T11:00:00+02:00
1150;Generación medida Hidráulica UGH;;;3154.018;2024-04-04T12:00:00+02:00
1150;Generación medida Hidráulica UGH;;;3259.376;2024-04-04T13:00:00+02:00
1150;Generación medida Hidráulica UGH;;;3267.016;2024-04-04T14:00:00+02:00
1150;Generación medida Hidráulica UGH;;;3536.196;2024-04-04T15:00:00+02:00
1150;Generación medida Hidráulica UGH;;;3589.906;2024-04-04T16:00:00+02:00
1150;Generación medida Hidráulica UGH;;;3786.927;2024-04-04T17:00:00+02:00
1150;Generación medida Hidráulica UGH;;;3940.968;2024-04-04T18:00:00+02:00
1150;Generación medida Hidráulica UGH;;;5445.753;2024-04-04T19:00:00+02:00
1150;Generación medida Hidráulica UGH;;;7152.641;2024-04-04T20:00:00+02:00
1150;Generación medida Hidráulica UGH;;;7303.795;2024-04-04T21:00:00+02:00
1150;Generación medida Hidráulica UGH;;;6480.027;2024-04-04T22:00:00+02:00
1150;Generación medida Hidráulica UGH;;;6054.103;2024-04-04T23:00:00+02:00
1150;Generación medida Hidráulica UGH;;;5819.031;2024-04-05T00:00:00+02:00
1150;Generación medida Hidráulica UGH;;;4917.853;2024-04-05T01:00:00+02:00
1150;Generación medida Hidráulica UGH;;;4704.047;2024-04-05T02:00:00+02:00
1150;Generación medida Hidráulica UGH;;;5531.057;2024-04-05T03:00:00+02:00
1150;Generación medida Hidráulica UGH;;;5751.113;2024-04-05T04:00:00+02:00
1150;Generación medida Hidráulica UGH;;;5940.17;2024-04-05T05:00:00+02:00
1150;Generación medida Hidráulica UGH;;;6850.429;2024-04-05T06:00:00+02:00
1150;Generación medida Hidráulica UGH;;;7235.437;2024-04-05T07:00:00+02:00
1150;Generación medida Hidráulica UGH;;;7389.442;2024-04-05T08:00:00+02:00
1150;Generación medida Hidráulica UGH;;;6673.186;2024-04-05T09:00:00+02:00
1150;Generación medida Hidráulica UGH;;;5289.864;2024-04-05T10:00:00+02:00
1150;Generación medida Hidráulica UGH;;;3944.978;2024-04-05T11:00:00+02:00
1150;Generación medida Hidráulica UGH;;;3569.534;2024-04-05T12:00:00+02:00
1150;Generación medida Hidráulica UGH;;;3170.44;2024-04-05T13:00:00+02:00
1150;Generación medida Hidráulica UGH;;;3363.094;2024-04-05T14:00:00+02:00
1150;Generación medida Hidráulica UGH;;;3390.626;2024-04-05T15:00:00+02:00
1150;Generación medida Hidráulica UGH;;;3416.794;2024-04-05T16:00:00+02:00
1150;Generación medida Hidráulica UGH;;;3918.933;2024-04-05T17:00:00+02:00
1150;Generación medida Hidráulica UGH;;;4115.413;2024-04-05T18:00:00+02:00
1150;Generación medida Hidráulica UGH;;;6038.209;2024-04-05T19:00:00+02:00
1150;Generación medida Hidráulica UGH;;;6925.809;2024-04-05T20:00:00+02:00
1150;Generación medida Hidráulica UGH;;;6769.704;2024-04-05T21:00:00+02:00
1150;Generación medida Hidráulica UGH;;;6141.453;2024-04-05T22:00:00+02:00
1150;Generación medida Hidráulica UGH;;;5680.153;2024-04-05T23:00:00+02:00
1150;Generación medida Hidráulica UGH;;;6041.996;2024-04-06T00:00:00+02:00
1150;Generación medida Hidráulica UGH;;;5638.661;2024-04-06T01:00:00+02:00
1150;Generación medida Hidráulica UGH;;;5376.66;2024-04-06T02:00:00+02:00
1150;Generación medida Hidráulica UGH;;;5200.139;2024-04-06T03:00:00+02:00
1150;Generación medida Hidráulica UGH;;;5015.345;2024-04-06T04:00:00+02:00
1150;Generación medida Hidráulica UGH;;;5076;2024-04-06T05:00:00+02:00
1150;Generación medida Hidráulica UGH;;;5805.243;2024-04-06T06:00:00+02:00
1150;Generación medida Hidráulica UGH;;;6555.449;2024-04-06T07:00:00+02:00
1150;Generación medida Hidráulica UGH;;;6542.25;2024-04-06T08:00:00+02:00
1150;Generación medida Hidráulica UGH;;;5246.816;2024-04-06T09:00:00+02:00
1150;Generación medida Hidráulica UGH;;;4952.742;2024-04-06T10:00:00+02:00
1150;Generación medida Hidráulica UGH;;;3970.692;2024-04-06T11:00:00+02:00
1150;Generación medida Hidráulica UGH;;;3582.731;2024-04-06T12:00:00+02:00
1150;Generación medida Hidráulica UGH;;;3774.028;2024-04-06T13:00:00+02:00
1150;Generación medida Hidráulica UGH;;;3824.287;2024-04-06T14:00:00+02:00
1150;Generación medida Hidráulica UGH;;;3967.268;2024-04-06T15:00:00+02:00
1150;Generación medida Hidráulica UGH;;;4638.77;2024-04-06T16:00:00+02:00
1150;Generación medida Hidráulica UGH;;;5255.91;2024-04-06T17:00:00+02:00
1150;Generación medida Hidráulica UGH;;;5148.424;2024-04-06T18:00:00+02:00
1150;Generación medida Hidráulica UGH;;;5008.005;2024-04-06T19:00:00+02:00
1150;Generación medida Hidráulica UGH;;;6990.368;2024-04-06T20:00:00+02:00
1150;Generación medida Hidráulica UGH;;;7544.918;2024-04-06T21:00:00+02:00
1150;Generación medida Hidráulica UGH;;;7167.439;2024-04-06T22:00:00+02:00
1150;Generación medida Hidráulica UGH;;;6832.261;2024-04-06T23:00:00+02:00
1150;Generación medida Hidráulica UGH;;;7246.707;2024-04-07T00:00:00+02:00
1150;Generación medida Hidráulica UGH;;;7041.336;2024-04-07T01:00:00+02:00
1150;Generación medida Hidráulica UGH;;;6794.472;2024-04-07T02:00:00+02:00
1150;Generación medida Hidráulica UGH;;;5628.562;2024-04-07T03:00:00+02:00
1150;Generación medida Hidráulica UGH;;;5189.714;2024-04-07T04:00:00+02:00
1150;Generación medida Hidráulica UGH;;;5209.686;2024-04-07T05:00:00+02:00
1150;Generación medida Hidráulica UGH;;;5754.871;2024-04-07T06:00:00+02:00
1150;Generación medida Hidráulica UGH;;;6184.542;2024-04-07T07:00:00+02:00
1150;Generación medida Hidráulica UGH;;;6227.257;2024-04-07T08:00:00+02:00
1150;Generación medida Hidráulica UGH;;;5934.209;2024-04-07T09:00:00+02:00
1150;Generación medida Hidráulica UGH;;;4698.874;2024-04-07T10:00:00+02:00
1150;Generación medida Hidráulica UGH;;;4137.839;2024-04-07T11:00:00+02:00
1150;Generación medida Hidráulica UGH;;;3960.376;2024-04-07T12:00:00+02:00
1150;Generación medida Hidráulica UGH;;;4022.506;2024-04-07T13:00:00+02:00
1150;Generación medida Hidráulica UGH;;;3915.075;2024-04-07T14:00:00+02:00
1150;Generación medida Hidráulica UGH;;;3849.72;2024-04-07T15:00:00+02:00
1150;Generación medida Hidráulica UGH;;;3695.151;2024-04-07T16:00:00+02:00
1150;Generación medida Hidráulica UGH;;;4407.624;2024-04-07T17:00:00+02:00
1150;Generación medida Hidráulica UGH;;;4816.691;2024-04-07T18:00:00+02:00
1150;Generación medida Hidráulica UGH;;;7079.736;2024-04-07T19:00:00+02:00
1150;Generación medida Hidráulica UGH;;;7692.939;2024-04-07T20:00:00+02:00
1150;Generación medida Hidráulica UGH;;;7673.166;2024-04-07T21:00:00+02:00
1150;Generación medida Hidráulica UGH;;;7750.063;2024-04-07T22:00:00+02:00
1150;Generación medida Hidráulica UGH;;;7556.622;2024-04-07T23:00:00+02:00
1150;Generación medida Hidráulica UGH;;;7204.702;2024-04-08T00:00:00+02:00
1150;Generación medida Hidráulica UGH;;;6426.701;2024-04-08T01:00:00+02:00
1150;Generación medida Hidráulica UGH;;;6123.422;2024-04-08T02:00:00+02:00
1150;Generación medida Hidráulica UGH;;;5961.74;2024-04-08T03:00:00+02:00
1150;Generación medida Hidráulica UGH;;;5867.48;2024-04-08T04:00:00+02:00
1150;Generación medida Hidráulica UGH;;;6087.935;2024-04-08T05:00:00+02:00
1150;Generación medida Hidráulica UGH;;;6060.371;2024-04-08T06:00:00+02:00
1150;Generación medida Hidráulica UGH;;;7232.481;2024-04-08T07:00:00+02:00
1150;Generación medida Hidráulica UGH;;;7019.57;2024-04-08T08:00:00+02:00
1150;Generación medida Hidráulica UGH;;;6024.215;2024-04-08T09:00:00+02:00
1150;Generación medida Hidráulica UGH;;;5838.993;2024-04-08T10:00:00+02:00
1150;Generación medida Hidráulica UGH;;;4858.487;2024-04-08T11:00:00+02:00
1150;Generación medida Hidráulica UGH;;;4429.714;2024-04-08T12:00:00+02:00
1150;Generación medida Hidráulica UGH;;;4334.351;2024-04-08T13:00:00+02:00
1150;Generación medida Hidráulica UGH;;;3811.972;2024-04-08T14:00:00+02:00
1150;Generación medida Hidráulica UGH;;;3885.846;2024-04-08T15:00:00+02:00
1150;Generación medida Hidráulica UGH;;;4307.981;2024-04-08T16:00:00+02:00
1150;Generación medida Hidráulica UGH;;;4195.863;2024-04-08T17:00:00+02:00
1150;Generación medida Hidráulica UGH;;;4664.993;2024-04-08T18:00:00+02:00
1150;Generación medida Hidráulica UGH;;;5406.618;2024-04-08T19:00:00+02:00
1150;Generación medida Hidráulica UGH;;;7420.27;2024-04-08T20:00:00+02:00
1150;Generación medida Hidráulica UGH;;;7525.926;2024-04-08T21:00:00+02:00
1150;Generación medida Hidráulica UGH;;;7461.704;2024-04-08T22:00:00+02:00
1150;Generación medida Hidráulica UGH;;;7291.701;2024-04-08T23:00:00+02:00
1150;Generación medida Hidráulica UGH;;;6087.912;2024-04-09T00:00:00+02:00
1150;Generación medida Hidráulica UGH;;;5695.127;2024-04-09T01:00:00+02:00
1150;Generación medida Hidráulica UGH;;;5807.288;2024-04-09T02:00:00+02:00
1150;Generación medida Hidráulica UGH;;;5439.355;2024-04-09T03:00:00+02:00
1150;Generación medida Hidráulica UGH;;;5200.016;2024-04-09T04:00:00+02:00
1150;Generación medida Hidráulica UGH;;;5685.112;2024-04-09T05:00:00+02:00
1150;Generación medida Hidráulica UGH;;;5617.327;2024-04-09T06:00:00+02:00
1150;Generación medida Hidráulica UGH;;;6892.825;2024-04-09T07:00:00+02:00
1150;Generación medida Hidráulica UGH;;;6702.074;2024-04-09T08:00:00+02:00
1150;Generación medida Hidráulica UGH;;;5313.651;2024-04-09T09:00:00+02:00
1150;Generación medida Hidráulica UGH;;;4264.186;2024-04-09T10:00:00+02:00
1150;Generación medida Hidráulica UGH;;;4580.972;2024-04-09T11:00:00+02:00
1150;Generación medida Hidráulica UGH;;;4169.915;2024-04-09T12:00:00+02:00
1150;Generación medida Hidráulica UGH;;;4252.132;2024-04-09T13:00:00+02:00
1150;Generación medida Hidráulica UGH;;;3817.456;2024-04-09T14:00:00+02:00
1150;Generación medida Hidráulica UGH;;;3697.852;2024-04-09T15:00:00+02:00
1150;Generación medida Hidráulica UGH;;;3601.178;2024-04-09T16:00:00+02:00
1150;Generación medida Hidráulica UGH;;;4043.66;2024-04-09T17:00:00+02:00
1150;Generación medida Hidráulica UGH;;;4472.672;2024-04-09T18:00:00+02:00
1150;Generación medida Hidráulica UGH;;;5826.877;2024-04-09T19:00:00+02:00
1150;Generación medida Hidráulica UGH;;;7902.787;2024-04-09T20:00:00+02:00
1150;Generación medida Hidráulica UGH;;;8414.802;2024-04-09T21:00:00+02:00
1150;Generación medida Hidráulica UGH;;;7925.377;2024-04-09T22:00:00+02:00
1150;Generación medida Hidráulica UGH;;;7070.821;2024-04-09T23:00:00+02:00
1150;Generación medida Hidráulica UGH;;;7112.133;2024-04-10T00:00:00+02:00
1150;Generación medida Hidráulica UGH;;;6884.786;2024-04-10T01:00:00+02:00
1150;Generación medida Hidráulica UGH;;;6887.35;2024-04-10T02:00:00+02:00
1150;Generación medida Hidráulica UGH;;;6816.636;2024-04-10T03:00:00+02:00
1150;Generación medida Hidráulica UGH;;;6819.126;2024-04-10T04:00:00+02:00
1150;Generación medida Hidráulica UGH;;;7107.324;2024-04-10T05:00:00+02:00
1150;Generación medida Hidráulica UGH;;;7563.335;2024-04-10T06:00:00+02:00
1150;Generación medida Hidráulica UGH;;;7913.942;2024-04-10T07:00:00+02:00
1150;Generación medida Hidráulica UGH;;;7254.541;2024-04-10T08:00:00+02:00
1150;Generación medida Hidráulica UGH;;;5698.151;2024-04-10T09:00:00+02:00
1150;Generación medida Hidráulica UGH;;;5027.047;2024-04-10T10:00:00+02:00
1150;Generación medida Hidráulica UGH;;;4411.604;2024-04-10T11:00:00+02:00
1150;Generación medida Hidráulica UGH;;;4201.571;2024-04-10T12:00:00+02:00
1150;Generación medida Hidráulica UGH;;;4368.279;2024-04-10T13:00:00+02:00
1150;Generación medida Hidráulica UGH;;;4312.838;2024-04-10T14:00:00+02:00
1150;Generación medida Hidráulica UGH;;;4447.719;2024-04-10T15:00:00+02:00
1150;Generación medida Hidráulica UGH;;;4205.182;2024-04-10T16:00:00+02:00
1150;Generación medida Hidráulica UGH;;;4164.671;2024-04-10T17:00:00+02:00
1150;Generación medida Hidráulica UGH;;;4532.958;2024-04-10T18:00:00+02:00
1150;Generación medida Hidráulica UGH;;;5706.493;2024-04-10T19:00:00+02:00
1150;Generación medida Hidráulica UGH;;;7016.227;2024-04-10T20:00:00+02:00
1150;Generación medida Hidráulica UGH;;;7322.84;2024-04-10T21:00:00+02:00
1150;Generación medida Hidráulica UGH;;;6878.228;2024-04-10T22:00:00+02:00
1150;Generación medida Hidráulica UGH;;;6689.354;2024-04-10T23:00:00+02:00
1150;Generación medida Hidráulica UGH;;;5745.995;2024-04-11T00:00:00+02:00
1150;Generación medida Hidráulica UGH;;;5647.845;2024-04-11T01:00:00+02:00
1150;Generación medida Hidráulica UGH;;;5133.342;2024-04-11T02:00:00+02:00
1150;Generación medida Hidráulica UGH;;;4909.507;2024-04-11T03:00:00+02:00
1150;Generación medida Hidráulica UGH;;;5034.549;2024-04-11T04:00:00+02:00
1150;Generación medida Hidráulica UGH;;;5077.965;2024-04-11T05:00:00+02:00
1150;Generación medida Hidráulica UGH;;;5461.701;2024-04-11T06:00:00+02:00
1150;Generación medida Hidráulica UGH;;;6077.415;2024-04-11T07:00:00+02:00
1150;Generación medida Hidráulica UGH;;;5992.945;2024-04-11T08:00:00+02:00
1150;Generación medida Hidráulica UGH;;;5352.662;2024-04-11T09:00:00+02:00
1150;Generación medida Hidráulica UGH;;;4261.186;2024-04-11T10:00:00+02:00
1150;Generación medida Hidráulica UGH;;;3827.657;2024-04-11T11:00:00+02:00
1150;Generación medida Hidráulica UGH;;;3981.168;2024-04-11T12:00:00+02:00
1150;Generación medida Hidráulica UGH;;;3777.502;2024-04-11T13:00:00+02:00
1150;Generación medida Hidráulica UGH;;;3531.161;2024-04-11T14:00:00+02:00
1150;Generación medida Hidráulica UGH;;;3287.915;2024-04-11T15:00:00+02:00
1150;Generación medida Hidráulica UGH;;;3308.521;2024-04-11T16:00:00+02:00
1150;Generación medida Hidráulica UGH;;;3739.071;2024-04-11T17:00:00+02:00
1150;Generación medida Hidráulica UGH;;;4251.676;2024-04-11T18:00:00+02:00
1150;Generación medida Hidráulica UGH;;;5292.383;2024-04-11T19:00:00+02:00
1150;Generación medida Hidráulica UGH;;;7249.247;2024-04-11T20:00:00+02:00
1150;Generación medida Hidráulica UGH;;;8136.173;2024-04-11T21:00:00+02:00
1150;Generación medida Hidráulica UGH;;;7066.625;2024-04-11T22:00:00+02:00
1150;Generación medida Hidráulica UGH;;;7012.493;2024-04-11T23:00:00+02:00
1150;Generación medida Hidráulica UGH;;;7679.915;2024-04-12T00:00:00+02:00
1150;Generación medida Hidráulica UGH;;;7276.235;2024-04-12T01:00:00+02:00
1150;Generación medida Hidráulica UGH;;;6591.217;2024-04-12T02:00:00+02:00
1150;Generación medida Hidráulica UGH;;;6582.443;2024-04-12T03:00:00+02:00
1150;Generación medida Hidráulica UGH;;;6470.138;2024-04-12T04:00:00+02:00
1150;Generación medida Hidráulica UGH;;;7111.762;2024-04-12T05:00:00+02:00
1150;Generación medida Hidráulica UGH;;;7930.684;2024-04-12T06:00:00+02:00
1150;Generación medida Hidráulica UGH;;;8298.728;2024-04-12T07:00:00+02:00
1150;Generación medida Hidráulica UGH;;;7863.83;2024-04-12T08:00:00+02:00
1150;Generación medida Hidráulica UGH;;;5214.571;2024-04-12T09:00:00+02:00
1150;Generación medida Hidráulica UGH;;;4572.07;2024-04-12T10:00:00+02:00
1150;Generación medida Hidráulica UGH;;;4279.626;2024-04-12T11:00:00+02:00
1150;Generación medida Hidráulica UGH;;;3914.637;2024-04-12T12:00:00+02:00
1150;Generación medida Hidráulica UGH;;;3860.297;2024-04-12T13:00:00+02:00
1150;Generación medida Hidráulica UGH;;;3813.634;2024-04-12T14:00:00+02:00
1150;Generación medida Hidráulica UGH;;;3841.067;2024-04-12T15:00:00+02:00
1150;Generación medida Hidráulica UGH;;;4020.311;2024-04-12T16:00:00+02:00
1150;Generación medida Hidráulica UGH;;;3692.228;2024-04-12T17:00:00+02:00
1150;Generación medida Hidráulica UGH;;;4117.793;2024-04-12T18:00:00+02:00
1150;Generación medida Hidráulica UGH;;;6258.992;2024-04-12T19:00:00+02:00
1150;Generación medida Hidráulica UGH;;;7275.494;2024-04-12T20:00:00+02:00
1150;Generación medida Hidráulica UGH;;;8554.806;2024-04-12T21:00:00+02:00
1150;Generación medida Hidráulica UGH;;;8071.045;2024-04-12T22:00:00+02:00
1150;Generación medida Hidráulica UGH;;;7271.592;2024-04-12T23:00:00+02:00
1150;Generación medida Hidráulica UGH;;;7325.818;2024-04-13T00:00:00+02:00
1150;Generación medida Hidráulica UGH;;;6474.032;2024-04-13T01:00:00+02:00
1150;Generación medida Hidráulica UGH;;;6410.262;2024-04-13T02:00:00+02:00
1150;Generación medida Hidráulica UGH;;;6267.619;2024-04-13T03:00:00+02:00
1150;Generación medida Hidráulica UGH;;;6146.602;2024-04-13T04:00:00+02:00
1150;Generación medida Hidráulica UGH;;;6162.687;2024-04-13T05:00:00+02:00
1150;Generación medida Hidráulica UGH;;;6413.013;2024-04-13T06:00:00+02:00
1150;Generación medida Hidráulica UGH;;;6550.271;2024-04-13T07:00:00+02:00
1150;Generación medida Hidráulica UGH;;;6056.866;2024-04-13T08:00:00+02:00
1150;Generación medida Hidráulica UGH;;;4429.878;2024-04-13T09:00:00+02:00
1150;Generación medida Hidráulica UGH;;;4276.598;2024-04-13T10:00:00+02:00
1150;Generación medida Hidráulica UGH;;;3761.65;2024-04-13T11:00:00+02:00
1150;Generación medida Hidráulica UGH;;;3632.391;2024-04-13T12:00:00+02:00
1150;Generación medida Hidráulica UGH;;;3670.215;2024-04-13T13:00:00+02:00
1150;Generación medida Hidráulica UGH;;;3359.998;2024-04-13T14:00:00+02:00
1150;Generación medida Hidráulica UGH;;;3370.599;2024-04-13T15:00:00+02:00
1150;Generación medida Hidráulica UGH;;;3602.905;2024-04-13T16:00:00+02:00
1150;Generación medida Hidráulica UGH;;;4310.624;2024-04-13T17:00:00+02:00
1150;Generación medida Hidráulica UGH;;;4459.054;2024-04-13T18:00:00+02:00
1150;Generación medida Hidráulica UGH;;;5320.932;2024-04-13T19:00:00+02:00
1150;Generación medida Hidráulica UGH;;;6641.432;2024-04-13T20:00:00+02:00
1150;Generación medida Hidráulica UGH;;;7372.29;2024-04-13T21:00:00+02:00
1150;Generación medida Hidráulica UGH;;;7252.675;2024-04-13T22:00:00+02:00
1150;Generación medida Hidráulica UGH;;;5983.122;2024-04-13T23:00:00+02:00
1150;Generación medida Hidráulica UGH;;;5372.171;2024-04-14T00:00:00+02:00
1150;Generación medida Hidráulica UGH;;;5232.467;2024-04-14T01:00:00+02:00
1150;Generación medida Hidráulica UGH;;;5434.958;2024-04-14T02:00:00+02:00
1150;Generación medida Hidráulica UGH;;;5381.36;2024-04-14T03:00:00+02:00
1150;Generación medida Hidráulica UGH;;;5460.946;2024-04-14T04:00:00+02:00
1150;Generación medida Hidráulica UGH;;;5430.997;2024-04-14T05:00:00+02:00
1150;Generación medida Hidráulica UGH;;;5638.859;2024-04-14T06:00:00+02:00
1150;Generación medida Hidráulica UGH;;;5896.205;2024-04-14T07:00:00+02:00
1150;Generación medida Hidráulica UGH;;;5898.394;2024-04-14T08:00:00+02:00
1150;Generación medida Hidráulica UGH;;;4377.897;2024-04-14T09:00:00+02:00
1150;Generación medida Hidráulica UGH;;;3822.252;2024-04-14T10:00:00+02:00
1150;Generación medida Hidráulica UGH;;;3356.963;2024-04-14T11:00:00+02:00
1150;Generación medida Hidráulica UGH;;;3313.143;2024-04-14T12:00:00+02:00
1150;Generación medida Hidráulica UGH;;;3195.117;2024-04-14T13:00:00+02:00
1150;Generación medida Hidráulica UGH;;;3107.498;2024-04-14T14:00:00+02:00
1150;Generación medida Hidráulica UGH;;;3005.382;2024-04-14T15:00:00+02:00
1150;Generación medida Hidráulica UGH;;;3247.336;2024-04-14T16:00:00+02:00
1150;Generación medida Hidráulica UGH;;;3649.995;2024-04-14T17:00:00+02:00
1150;Generación medida Hidráulica UGH;;;3798.884;2024-04-14T18:00:00+02:00
1150;Generación medida Hidráulica UGH;;;4621.184;2024-04-14T19:00:00+02:00
1150;Generación medida Hidráulica UGH;;;6705.667;2024-04-14T20:00:00+02:00
1150;Generación medida Hidráulica UGH;;;7445.254;2024-04-14T21:00:00+02:00
1150;Generación medida Hidráulica UGH;;;7469.299;2024-04-14T22:00:00+02:00
1150;Generación medida Hidráulica UGH;;;6705.519;2024-04-14T23:00:00+02:00
1150;Generación medida Hidráulica UGH;;;6289.939;2024-04-15T00:00:00+02:00
1150;Generación medida Hidráulica UGH;;;5421.393;2024-04-15T01:00:00+02:00
1150;Generación medida Hidráulica UGH;;;4710.397;2024-04-15T02:00:00+02:00
1150;Generación medida Hidráulica UGH;;;4734.761;2024-04-15T03:00:00+02:00
1150;Generación medida Hidráulica UGH;;;4662.486;2024-04-15T04:00:00+02:00
1150;Generación medida Hidráulica UGH;;;4896.129;2024-04-15T05:00:00+02:00
1150;Generación medida Hidráulica UGH;;;5987.704;2024-04-15T06:00:00+02:00
1150;Generación medida Hidráulica UGH;;;6038.862;2024-04-15T07:00:00+02:00
1150;Generación medida Hidráulica UGH;;;5765.287;2024-04-15T08:00:00+02:00
1150;Generación medida Hidráulica UGH;;;4830.205;2024-04-15T09:00:00+02:00
1150;Generación medida Hidráulica UGH;;;3809.082;2024-04-15T10:00:00+02:00
1150;Generación medida Hidráulica UGH;;;3573.329;2024-04-15T11:00:00+02:00
1150;Generación medida Hidráulica UGH;;;3801.151;2024-04-15T12:00:00+02:00
1150;Generación medida Hidráulica UGH;;;3622.261;2024-04-15T13:00:00+02:00
1150;Generación medida Hidráulica UGH;;;3376.221;2024-04-15T14:00:00+02:00
1150;Generación medida Hidráulica UGH;;;3228.688;2024-04-15T15:00:00+02:00
1150;Generación medida Hidráulica UGH;;;2866.227;2024-04-15T16:00:00+02:00
1150;Generación medida Hidráulica UGH;;;3409.458;2024-04-15T17:00:00+02:00
1150;Generación medida Hidráulica UGH;;;3033.663;2024-04-15T18:00:00+02:00
1150;Generación medida Hidráulica UGH;;;3982.898;2024-04-15T19:00:00+02:00
1150;Generación medida Hidráulica UGH;;;5963.485;2024-04-15T20:00:00+02:00
1150;Generación medida Hidráulica UGH;;;6927.871;2024-04-15T21:00:00+02:00
1150;Generación medida Hidráulica UGH;;;6711.727;2024-04-15T22:00:00+02:00
1150;Generación medida Hidráulica UGH;;;6191.499;2024-04-15T23:00:00+02:00
1150;Generación medida Hidráulica UGH;;;5499.19;2024-04-16T00:00:00+02:00
1150;Generación medida Hidráulica UGH;;;4994.347;2024-04-16T01:00:00+02:00
1150;Generación medida Hidráulica UGH;;;5025.311;2024-04-16T02:00:00+02:00
1150;Generación medida Hidráulica UGH;;;5264.964;2024-04-16T03:00:00+02:00
1150;Generación medida Hidráulica UGH;;;4108.164;2024-04-16T04:00:00+02:00
1150;Generación medida Hidráulica UGH;;;4488.905;2024-04-16T05:00:00+02:00
1150;Generación medida Hidráulica UGH;;;5502.257;2024-04-16T06:00:00+02:00
1150;Generación medida Hidráulica UGH;;;5636.654;2024-04-16T07:00:00+02:00
1150;Generación medida Hidráulica UGH;;;5136.081;2024-04-16T08:00:00+02:00
1150;Generación medida Hidráulica UGH;;;4011.965;2024-04-16T09:00:00+02:00
1150;Generación medida Hidráulica UGH;;;3457.836;2024-04-16T10:00:00+02:00
1150;Generación medida Hidráulica UGH;;;2667.508;2024-04-16T11:00:00+02:00
1150;Generación medida Hidráulica UGH;;;2677.563;2024-04-16T12:00:00+02:00
1150;Generación medida Hidráulica UGH;;;2426.73;2024-04-16T13:00:00+02:00
1150;Generación medida Hidráulica UGH;;;2383.628;2024-04-16T14:00:00+02:00
1150;Generación medida Hidráulica UGH;;;2458.556;2024-04-16T15:00:00+02:00
1150;Generación medida Hidráulica UGH;;;2417.979;2024-04-16T16:00:00+02:00
1150;Generación medida Hidráulica UGH;;;2289.27;2024-04-16T17:00:00+02:00
1150;Generación medida Hidráulica UGH;;;2630.386;2024-04-16T18:00:00+02:00
1150;Generación medida Hidráulica UGH;;;3675.978;2024-04-16T19:00:00+02:00
1150;Generación medida Hidráulica UGH;;;5727.847;2024-04-16T20:00:00+02:00
1150;Generación medida Hidráulica UGH;;;6641.088;2024-04-16T21:00:00+02:00
1150;Generación medida Hidráulica UGH;;;5243.947;2024-04-16T22:00:00+02:00
1150;Generación medida Hidráulica UGH;;;5409.785;2024-04-16T23:00:00+02:00
1150;Generación medida Hidráulica UGH;;;5127.3;2024-04-17T00:00:00+02:00
1150;Generación medida Hidráulica UGH;;;5035.734;2024-04-17T01:00:00+02:00
1150;Generación medida Hidráulica UGH;;;4664.464;2024-04-17T02:00:00+02:00
1150;Generación medida Hidráulica UGH;;;4812.247;2024-04-17T03:00:00+02:00
1150;Generación medida Hidráulica UGH;;;4916.209;2024-04-17T04:00:00+02:00
1150;Generación medida Hidráulica UGH;;;4959.245;2024-04-17T05:00:00+02:00
1150;Generación medida Hidráulica UGH;;;5513.044;2024-04-17T06:00:00+02:00
1150;Generación medida Hidráulica UGH;;;6141.963;2024-04-17T07:00:00+02:00
1150;Generación medida Hidráulica UGH;;;5681.684;2024-04-17T08:00:00+02:00
1150;Generación medida Hidráulica UGH;;;3788.734;2024-04-17T09:00:00+02:00
1150;Generación medida Hidráulica UGH;;;2464.575;2024-04-17T10:00:00+02:00
1150;Generación medida Hidráulica UGH;;;2340.12;2024-04-17T11:00:00+02:00
1150;Generación medida Hidráulica UGH;;;2404.677;2024-04-17T12:00:00+02:00
1150;Generación medida Hidráulica UGH;;;2604.903;2024-04-17T13:00:00+02:00
1150;Generación medida Hidráulica UGH;;;2375.135;2024-04-17T14:00:00+02:00
1150;Generación medida Hidráulica UGH;;;2444.007;2024-04-17T15:00:00+02:00
1150;Generación medida Hidráulica UGH;;;2415.973;2024-04-17T16:00:00+02:00
1150;Generación medida Hidráulica UGH;;;2672.561;2024-04-17T17:00:00+02:00
1150;Generación medida Hidráulica UGH;;;2907.43;2024-04-17T18:00:00+02:00
1150;Generación medida Hidráulica UGH;;;4177.335;2024-04-17T19:00:00+02:00
1150;Generación medida Hidráulica UGH;;;6740.591;2024-04-17T20:00:00+02:00
1150;Generación medida Hidráulica UGH;;;7299.427;2024-04-17T21:00:00+02:00
1150;Generación medida Hidráulica UGH;;;5965.885;2024-04-17T22:00:00+02:00
1150;Generación medida Hidráulica UGH;;;5727.233;2024-04-17T23:00:00+02:00
1150;Generación medida Hidráulica UGH;;;5568.678;2024-04-18T00:00:00+02:00
1150;Generación medida Hidráulica UGH;;;4968.971;2024-04-18T01:00:00+02:00
1150;Generación medida Hidráulica UGH;;;4810.126;2024-04-18T02:00:00+02:00
1150;Generación medida Hidráulica UGH;;;4848.855;2024-04-18T03:00:00+02:00
1150;Generación medida Hidráulica UGH;;;4943.943;2024-04-18T04:00:00+02:00
1150;Generación medida Hidráulica UGH;;;4930.435;2024-04-18T05:00:00+02:00
1150;Generación medida Hidráulica UGH;;;5444.382;2024-04-18T06:00:00+02:00
1150;Generación medida Hidráulica UGH;;;6016.987;2024-04-18T07:00:00+02:00
1150;Generación medida Hidráulica UGH;;;5278.515;2024-04-18T08:00:00+02:00
1150;Generación medida Hidráulica UGH;;;3833.338;2024-04-18T09:00:00+02:00
1150;Generación medida Hidráulica UGH;;;2840.549;2024-04-18T10:00:00+02:00
1150;Generación medida Hidráulica UGH;;;2873.605;2024-04-18T11:00:00+02:00
1150;Generación medida Hidráulica UGH;;;2588.742;2024-04-18T12:00:00+02:00
1150;Generación medida Hidráulica UGH;;;2350.992;2024-04-18T13:00:00+02:00
1150;Generación medida Hidráulica UGH;;;2226.149;2024-04-18T14:00:00+02:00
1150;Generación medida Hidráulica UGH;;;2407.577;2024-04-18T15:00:00+02:00
1150;Generación medida Hidráulica UGH;;;2399.92;2024-04-18T16:00:00+02:00
1150;Generación medida Hidráulica UGH;;;2743.64;2024-04-18T17:00:00+02:00
1150;Generación medida Hidráulica UGH;;;2984.791;2024-04-18T18:00:00+02:00
1150;Generación medida Hidráulica UGH;;;3749.028;2024-04-18T19:00:00+02:00
1150;Generación medida Hidráulica UGH;;;5790.266;2024-04-18T20:00:00+02:00
1150;Generación medida Hidráulica UGH;;;7316.758;2024-04-18T21:00:00+02:00
1150;Generación medida Hidráulica UGH;;;5812.449;2024-04-18T22:00:00+02:00
1150;Generación medida Hidráulica UGH;;;5724.666;2024-04-18T23:00:00+02:00
1150;Generación medida Hidráulica UGH;;;4753.881;2024-04-19T00:00:00+02:00
1150;Generación medida Hidráulica UGH;;;4523.864;2024-04-19T01:00:00+02:00
1150;Generación medida Hidráulica UGH;;;4197.355;2024-04-19T02:00:00+02:00
1150;Generación medida Hidráulica UGH;;;4687.877;2024-04-19T03:00:00+02:00
1150;Generación medida Hidráulica UGH;;;4532.511;2024-04-19T04:00:00+02:00
1150;Generación medida Hidráulica UGH;;;4595.106;2024-04-19T05:00:00+02:00
1150;Generación medida Hidráulica UGH;;;5575.614;2024-04-19T06:00:00+02:00
1150;Generación medida Hidráulica UGH;;;7720.398;2024-04-19T07:00:00+02:00
1150;Generación medida Hidráulica UGH;;;7354.76;2024-04-19T08:00:00+02:00
1150;Generación medida Hidráulica UGH;;;4636.486;2024-04-19T09:00:00+02:00
1150;Generación medida Hidráulica UGH;;;4195.416;2024-04-19T10:00:00+02:00
1150;Generación medida Hidráulica UGH;;;3384.763;2024-04-19T11:00:00+02:00
1150;Generación medida Hidráulica UGH;;;2938.536;2024-04-19T12:00:00+02:00
1150;Generación medida Hidráulica UGH;;;2939.446;2024-04-19T13:00:00+02:00
1150;Generación medida Hidráulica UGH;;;2619.663;2024-04-19T14:00:00+02:00
1150;Generación medida Hidráulica UGH;;;2551.792;2024-04-19T15:00:00+02:00
1150;Generación medida Hidráulica UGH;;;2495.447;2024-04-19T16:00:00+02:00
1150;Generación medida Hidráulica UGH;;;2533.092;2024-04-19T17:00:00+02:00
1150;Generación medida Hidráulica UGH;;;3283.341;2024-04-19T18:00:00+02:00
1150;Generación medida Hidráulica UGH;;;5763.369;2024-04-19T19:00:00+02:00
1150;Generación medida Hidráulica UGH;;;7482.755;2024-04-19T20:00:00+02:00
1150;Generación medida Hidráulica UGH;;;8434.271;2024-04-19T21:00:00+02:00
1150;Generación medida Hidráulica UGH;;;7913.8;2024-04-19T22:00:00+02:00
1150;Generación medida Hidráulica UGH;;;7625.444;2024-04-19T23:00:00+02:00
1150;Generación medida Hidráulica UGH;;;6391.229;2024-04-20T00:00:00+02:00
1150;Generación medida Hidráulica UGH;;;6021.405;2024-04-20T01:00:00+02:00
1150;Generación medida Hidráulica UGH;;;5692.161;2024-04-20T02:00:00+02:00
1150;Generación medida Hidráulica UGH;;;5241.732;2024-04-20T03:00:00+02:00
1150;Generación medida Hidráulica UGH;;;4468.082;2024-04-20T04:00:00+02:00
1150;Generación medida Hidráulica UGH;;;4190.607;2024-04-20T05:00:00+02:00
1150;Generación medida Hidráulica UGH;;;4798.553;2024-04-20T06:00:00+02:00
1150;Generación medida Hidráulica UGH;;;4656.329;2024-04-20T07:00:00+02:00
1150;Generación medida Hidráulica UGH;;;3758.416;2024-04-20T08:00:00+02:00
1150;Generación medida Hidráulica UGH;;;3302.408;2024-04-20T09:00:00+02:00
1150;Generación medida Hidráulica UGH;;;2608.692;2024-04-20T10:00:00+02:00
1150;Generación medida Hidráulica UGH;;;2166.37;2024-04-20T11:00:00+02:00
1150;Generación medida Hidráulica UGH;;;2335.84;2024-04-20T12:00:00+02:00
1150;Generación medida Hidráulica UGH;;;2198.025;2024-04-20T13:00:00+02:00
1150;Generación medida Hidráulica UGH;;;1956.045;2024-04-20T14:00:00+02:00
1150;Generación medida Hidráulica UGH;;;1993.159;2024-04-20T15:00:00+02:00
1150;Generación medida Hidráulica UGH;;;1648.596;2024-04-20T16:00:00+02:00
1150;Generación medida Hidráulica UGH;;;2427.815;2024-04-20T17:00:00+02:00
1150;Generación medida Hidráulica UGH;;;2256.622;2024-04-20T18:00:00+02:00
1150;Generación medida Hidráulica UGH;;;3406.74;2024-04-20T19:00:00+02:00
1150;Generación medida Hidráulica UGH;;;4782.328;2024-04-20T20:00:00+02:00
1150;Generación medida Hidráulica UGH;;;6478.784;2024-04-20T21:00:00+02:00
1150;Generación medida Hidráulica UGH;;;5437.229;2024-04-20T22:00:00+02:00
1150;Generación medida Hidráulica UGH;;;5185.062;2024-04-20T23:00:00+02:00
1150;Generación medida Hidráulica UGH;;;5214.905;2024-04-21T00:00:00+02:00
1150;Generación medida Hidráulica UGH;;;5139.919;2024-04-21T01:00:00+02:00
1150;Generación medida Hidráulica UGH;;;4743.85;2024-04-21T02:00:00+02:00
1150;Generación medida Hidráulica UGH;;;4365.702;2024-04-21T03:00:00+02:00
1150;Generación medida Hidráulica UGH;;;3698.719;2024-04-21T04:00:00+02:00
1150;Generación medida Hidráulica UGH;;;3497.589;2024-04-21T05:00:00+02:00
1150;Generación medida Hidráulica UGH;;;3147.838;2024-04-21T06:00:00+02:00
1150;Generación medida Hidráulica UGH;;;2694.027;2024-04-21T07:00:00+02:00
1150;Generación medida Hidráulica UGH;;;2322.325;2024-04-21T08:00:00+02:00
1150;Generación medida Hidráulica UGH;;;1825.206;2024-04-21T09:00:00+02:00
1150;Generación medida Hidráulica UGH;;;1669.844;2024-04-21T10:00:00+02:00
1150;Generación medida Hidráulica UGH;;;1460.738;2024-04-21T11:00:00+02:00
1150;Generación medida Hidráulica UGH;;;1577.368;2024-04-21T12:00:00+02:00
1150;Generación medida Hidráulica UGH;;;1263.297;2024-04-21T13:00:00+02:00
1150;Generación medida Hidráulica UGH;;;1087.97;2024-04-21T14:00:00+02:00
1150;Generación medida Hidráulica UGH;;;1080.93;2024-04-21T15:00:00+02:00
1150;Generación medida Hidráulica UGH;;;1128.382;2024-04-21T16:00:00+02:00
1150;Generación medida Hidráulica UGH;;;1151.119;2024-04-21T17:00:00+02:00
1150;Generación medida Hidráulica UGH;;;1738.64;2024-04-21T18:00:00+02:00
1150;Generación medida Hidráulica UGH;;;2916.286;2024-04-21T19:00:00+02:00
1150;Generación medida Hidráulica UGH;;;4822.458;2024-04-21T20:00:00+02:00
1150;Generación medida Hidráulica UGH;;;5067.221;2024-04-21T21:00:00+02:00
1150;Generación medida Hidráulica UGH;;;5008.414;2024-04-21T22:00:00+02:00
1150;Generación medida Hidráulica UGH;;;4672.893;2024-04-21T23:00:00+02:00
1150;Generación medida Hidráulica UGH;;;3869.818;2024-04-22T00:00:00+02:00
1150;Generación medida Hidráulica UGH;;;3859.666;2024-04-22T01:00:00+02:00
1150;Generación medida Hidráulica UGH;;;2951.69;2024-04-22T02:00:00+02:00
1150;Generación medida Hidráulica UGH;;;2899.876;2024-04-22T03:00:00+02:00
1150;Generación medida Hidráulica UGH;;;2772.661;2024-04-22T04:00:00+02:00
1150;Generación medida Hidráulica UGH;;;3405.417;2024-04-22T05:00:00+02:00
1150;Generación medida Hidráulica UGH;;;4014.84;2024-04-22T06:00:00+02:00
1150;Generación medida Hidráulica UGH;;;5283.476;2024-04-22T07:00:00+02:00
1150;Generación medida Hidráulica UGH;;;4965.859;2024-04-22T08:00:00+02:00
1150;Generación medida Hidráulica UGH;;;2483.063;2024-04-22T09:00:00+02:00
1150;Generación medida Hidráulica UGH;;;1686.355;2024-04-22T10:00:00+02:00
1150;Generación medida Hidráulica UGH;;;1818.963;2024-04-22T11:00:00+02:00
1150;Generación medida Hidráulica UGH;;;1420.057;2024-04-22T12:00:00+02:00
1150;Generación medida Hidráulica UGH;;;1456.29;2024-04-22T13:00:00+02:00
1150;Generación medida Hidráulica UGH;;;1546.346;2024-04-22T14:00:00+02:00
1150;Generación medida Hidráulica UGH;;;1567.774;2024-04-22T15:00:00+02:00
1150;Generación medida Hidráulica UGH;;;1435.789;2024-04-22T16:00:00+02:00
1150;Generación medida Hidráulica UGH;;;1538.275;2024-04-22T17:00:00+02:00
1150;Generación medida Hidráulica UGH;;;1770.655;2024-04-22T18:00:00+02:00
1150;Generación medida Hidráulica UGH;;;2416.115;2024-04-22T19:00:00+02:00
1150;Generación medida Hidráulica UGH;;;4915.909;2024-04-22T20:00:00+02:00
1150;Generación medida Hidráulica UGH;;;6894.601;2024-04-22T21:00:00+02:00
1150;Generación medida Hidráulica UGH;;;6211.159;2024-04-22T22:00:00+02:00
1150;Generación medida Hidráulica UGH;;;5271.662;2024-04-22T23:00:00+02:00
1150;Generación medida Hidráulica UGH;;;3381.2;2024-04-23T00:00:00+02:00
1150;Generación medida Hidráulica UGH;;;3018.883;2024-04-23T01:00:00+02:00
1150;Generación medida Hidráulica UGH;;;3160.094;2024-04-23T02:00:00+02:00
1150;Generación medida Hidráulica UGH;;;3048.62;2024-04-23T03:00:00+02:00
1150;Generación medida Hidráulica UGH;;;2886.716;2024-04-23T04:00:00+02:00
1150;Generación medida Hidráulica UGH;;;3640.371;2024-04-23T05:00:00+02:00
1150;Generación medida Hidráulica UGH;;;4067.305;2024-04-23T06:00:00+02:00
1150;Generación medida Hidráulica UGH;;;5379.767;2024-04-23T07:00:00+02:00
1150;Generación medida Hidráulica UGH;;;5092.386;2024-04-23T08:00:00+02:00
1150;Generación medida Hidráulica UGH;;;3073.255;2024-04-23T09:00:00+02:00
1150;Generación medida Hidráulica UGH;;;2531.336;2024-04-23T10:00:00+02:00
1150;Generación medida Hidráulica UGH;;;1878.039;2024-04-23T11:00:00+02:00
1150;Generación medida Hidráulica UGH;;;1770.944;2024-04-23T12:00:00+02:00
1150;Generación medida Hidráulica UGH;;;1868.403;2024-04-23T13:00:00+02:00
1150;Generación medida Hidráulica UGH;;;1832.374;2024-04-23T14:00:00+02:00
1150;Generación medida Hidráulica UGH;;;1846.653;2024-04-23T15:00:00+02:00
1150;Generación medida Hidráulica UGH;;;1731.932;2024-04-23T16:00:00+02:00
1150;Generación medida Hidráulica UGH;;;1813.088;2024-04-23T17:00:00+02:00
1150;Generación medida Hidráulica UGH;;;1803.696;2024-04-23T18:00:00+02:00
1150;Generación medida Hidráulica UGH;;;2474.916;2024-04-23T19:00:00+02:00
1150;Generación medida Hidráulica UGH;;;4535.113;2024-04-23T20:00:00+02:00
1150;Generación medida Hidráulica UGH;;;7053.28;2024-04-23T21:00:00+02:00
1150;Generación medida Hidráulica UGH;;;5828.527;2024-04-23T22:00:00+02:00
1150;Generación medida Hidráulica UGH;;;5183.582;2024-04-23T23:00:00+02:00
1150;Generación medida Hidráulica UGH;;;5146.192;2024-04-24T00:00:00+02:00
1150;Generación medida Hidráulica UGH;;;4327.814;2024-04-24T01:00:00+02:00
1150;Generación medida Hidráulica UGH;;;4321.254;2024-04-24T02:00:00+02:00
1150;Generación medida Hidráulica UGH;;;3878.065;2024-04-24T03:00:00+02:00
1150;Generación medida Hidráulica UGH;;;3675.367;2024-04-24T04:00:00+02:00
1150;Generación medida Hidráulica UGH;;;3475.387;2024-04-24T05:00:00+02:00
1150;Generación medida Hidráulica UGH;;;3819.289;2024-04-24T06:00:00+02:00
1150;Generación medida Hidráulica UGH;;;5784.41;2024-04-24T07:00:00+02:00
1150;Generación medida Hidráulica UGH;;;5217.094;2024-04-24T08:00:00+02:00
1150;Generación medida Hidráulica UGH;;;3210.456;2024-04-24T09:00:00+02:00
1150;Generación medida Hidráulica UGH;;;2684.458;2024-04-24T10:00:00+02:00
1150;Generación medida Hidráulica UGH;;;2015.524;2024-04-24T11:00:00+02:00
1150;Generación medida Hidráulica UGH;;;2199.013;2024-04-24T12:00:00+02:00
1150;Generación medida Hidráulica UGH;;;1966.77;2024-04-24T13:00:00+02:00
1150;Generación medida Hidráulica UGH;;;1943.846;2024-04-24T14:00:00+02:00
1150;Generación medida Hidráulica UGH;;;1844.432;2024-04-24T15:00:00+02:00
1150;Generación medida Hidráulica UGH;;;1829.562;2024-04-24T16:00:00+02:00
1150;Generación medida Hidráulica UGH;;;2167.68;2024-04-24T17:00:00+02:00
1150;Generación medida Hidráulica UGH;;;2761.495;2024-04-24T18:00:00+02:00
1150;Generación medida Hidráulica UGH;;;3616.613;2024-04-24T19:00:00+02:00
1150;Generación medida Hidráulica UGH;;;6644.309;2024-04-24T20:00:00+02:00
1150;Generación medida Hidráulica UGH;;;7865.322;2024-04-24T21:00:00+02:00
1150;Generación medida Hidráulica UGH;;;7127.835;2024-04-24T22:00:00+02:00
1150;Generación medida Hidráulica UGH;;;6578.063;2024-04-24T23:00:00+02:00
1150;Generación medida Hidráulica UGH;;;6829.727;2024-04-25T00:00:00+02:00
1150;Generación medida Hidráulica UGH;;;6904.837;2024-04-25T01:00:00+02:00
1150;Generación medida Hidráulica UGH;;;6270.533;2024-04-25T02:00:00+02:00
1150;Generación medida Hidráulica UGH;;;6159.63;2024-04-25T03:00:00+02:00
1150;Generación medida Hidráulica UGH;;;6446.294;2024-04-25T04:00:00+02:00
1150;Generación medida Hidráulica UGH;;;6442.837;2024-04-25T05:00:00+02:00
1150;Generación medida Hidráulica UGH;;;6855.954;2024-04-25T06:00:00+02:00
1150;Generación medida Hidráulica UGH;;;7248.79;2024-04-25T07:00:00+02:00
1150;Generación medida Hidráulica UGH;;;7263.055;2024-04-25T08:00:00+02:00
1150;Generación medida Hidráulica UGH;;;6473.091;2024-04-25T09:00:00+02:00
1150;Generación medida Hidráulica UGH;;;5955.558;2024-04-25T10:00:00+02:00
1150;Generación medida Hidráulica UGH;;;5224.809;2024-04-25T11:00:00+02:00
1150;Generación medida Hidráulica UGH;;;4297.372;2024-04-25T12:00:00+02:00
1150;Generación medida Hidráulica UGH;;;4120.067;2024-04-25T13:00:00+02:00
1150;Generación medida Hidráulica UGH;;;3891.186;2024-04-25T14:00:00+02:00
1150;Generación medida Hidráulica UGH;;;4217.399;2024-04-25T15:00:00+02:00
1150;Generación medida Hidráulica UGH;;;4657.365;2024-04-25T16:00:00+02:00
1150;Generación medida Hidráulica UGH;;;4606.415;2024-04-25T17:00:00+02:00
1150;Generación medida Hidráulica UGH;;;3898.44;2024-04-25T18:00:00+02:00
1150;Generación medida Hidráulica UGH;;;5790.357;2024-04-25T19:00:00+02:00
1150;Generación medida Hidráulica UGH;;;7106.702;2024-04-25T20:00:00+02:00
1150;Generación medida Hidráulica UGH;;;7885.983;2024-04-25T21:00:00+02:00
1150;Generación medida Hidráulica UGH;;;7987.27;2024-04-25T22:00:00+02:00
1150;Generación medida Hidráulica UGH;;;7764.092;2024-04-25T23:00:00+02:00
1150;Generación medida Hidráulica UGH;;;7586.404;2024-04-26T00:00:00+02:00
1150;Generación medida Hidráulica UGH;;;7338.693;2024-04-26T01:00:00+02:00
1150;Generación medida Hidráulica UGH;;;7116.477;2024-04-26T02:00:00+02:00
1150;Generación medida Hidráulica UGH;;;7098.543;2024-04-26T03:00:00+02:00
1150;Generación medida Hidráulica UGH;;;6570.74;2024-04-26T04:00:00+02:00
1150;Generación medida Hidráulica UGH;;;6528.284;2024-04-26T05:00:00+02:00
1150;Generación medida Hidráulica UGH;;;7337.67;2024-04-26T06:00:00+02:00
1150;Generación medida Hidráulica UGH;;;7393.271;2024-04-26T07:00:00+02:00
1150;Generación medida Hidráulica UGH;;;7024.076;2024-04-26T08:00:00+02:00
1150;Generación medida Hidráulica UGH;;;6443.466;2024-04-26T09:00:00+02:00
1150;Generación medida Hidráulica UGH;;;5895.241;2024-04-26T10:00:00+02:00
1150;Generación medida Hidráulica UGH;;;5493.348;2024-04-26T11:00:00+02:00
1150;Generación medida Hidráulica UGH;;;5440.01;2024-04-26T12:00:00+02:00
1150;Generación medida Hidráulica UGH;;;5507.299;2024-04-26T13:00:00+02:00
1150;Generación medida Hidráulica UGH;;;5262.328;2024-04-26T14:00:00+02:00
1150;Generación medida Hidráulica UGH;;;4367.631;2024-04-26T15:00:00+02:00
1150;Generación medida Hidráulica UGH;;;4240.084;2024-04-26T16:00:00+02:00
1150;Generación medida Hidráulica UGH;;;4520.046;2024-04-26T17:00:00+02:00
1150;Generación medida Hidráulica UGH;;;5453.062;2024-04-26T18:00:00+02:00
1150;Generación medida Hidráulica UGH;;;6273.073;2024-04-26T19:00:00+02:00
1150;Generación medida Hidráulica UGH;;;7165.307;2024-04-26T20:00:00+02:00
1150;Generación medida Hidráulica UGH;;;7312.797;2024-04-26T21:00:00+02:00
1150;Generación medida Hidráulica UGH;;;7233.064;2024-04-26T22:00:00+02:00
1150;Generación medida Hidráulica UGH;;;6959.957;2024-04-26T23:00:00+02:00
1150;Generación medida Hidráulica UGH;;;5947.523;2024-04-27T00:00:00+02:00
1150;Generación medida Hidráulica UGH;;;5361.744;2024-04-27T01:00:00+02:00
1150;Generación medida Hidráulica UGH;;;5157.211;2024-04-27T02:00:00+02:00
1150;Generación medida Hidráulica UGH;;;4823.205;2024-04-27T03:00:00+02:00
1150;Generación medida Hidráulica UGH;;;4150.578;2024-04-27T04:00:00+02:00
1150;Generación medida Hidráulica UGH;;;4256.205;2024-04-27T05:00:00+02:00
1150;Generación medida Hidráulica UGH;;;4128.501;2024-04-27T06:00:00+02:00
1150;Generación medida Hidráulica UGH;;;3935.555;2024-04-27T07:00:00+02:00
1150;Generación medida Hidráulica UGH;;;4068.094;2024-04-27T08:00:00+02:00
1150;Generación medida Hidráulica UGH;;;4272.177;2024-04-27T09:00:00+02:00
1150;Generación medida Hidráulica UGH;;;4148.221;2024-04-27T10:00:00+02:00
1150;Generación medida Hidráulica UGH;;;2760.159;2024-04-27T11:00:00+02:00
1150;Generación medida Hidráulica UGH;;;1460.76;2024-04-27T12:00:00+02:00
1150;Generación medida Hidráulica UGH;;;1245.557;2024-04-27T13:00:00+02:00
1150;Generación medida Hidráulica UGH;;;1160.544;2024-04-27T14:00:00+02:00
1150;Generación medida Hidráulica UGH;;;1118.039;2024-04-27T15:00:00+02:00
1150;Generación medida Hidráulica UGH;;;1203.26;2024-04-27T16:00:00+02:00
1150;Generación medida Hidráulica UGH;;;1305.682;2024-04-27T17:00:00+02:00
1150;Generación medida Hidráulica UGH;;;2131.605;2024-04-27T18:00:00+02:00
1150;Generación medida Hidráulica UGH;;;3202.781;2024-04-27T19:00:00+02:00
1150;Generación medida Hidráulica UGH;;;4931.259;2024-04-27T20:00:00+02:00
1150;Generación medida Hidráulica UGH;;;6672.669;2024-04-27T21:00:00+02:00
1150;Generación medida Hidráulica UGH;;;7042.821;2024-04-27T22:00:00+02:00
1150;Generación medida Hidráulica UGH;;;6848.218;2024-04-27T23:00:00+02:00
1150;Generación medida Hidráulica UGH;;;5855.049;2024-04-28T00:00:00+02:00
1150;Generación medida Hidráulica UGH;;;4962.326;2024-04-28T01:00:00+02:00
1150;Generación medida Hidráulica UGH;;;4129.485;2024-04-28T02:00:00+02:00
1150;Generación medida Hidráulica UGH;;;4305.954;2024-04-28T03:00:00+02:00
1150;Generación medida Hidráulica UGH;;;4521.229;2024-04-28T04:00:00+02:00
1150;Generación medida Hidráulica UGH;;;4620.63;2024-04-28T05:00:00+02:00
1150;Generación medida Hidráulica UGH;;;4138.772;2024-04-28T06:00:00+02:00
1150;Generación medida Hidráulica UGH;;;4155.528;2024-04-28T07:00:00+02:00
1150;Generación medida Hidráulica UGH;;;3398.822;2024-04-28T08:00:00+02:00
1150;Generación medida Hidráulica UGH;;;2514.953;2024-04-28T09:00:00+02:00
1150;Generación medida Hidráulica UGH;;;1580.388;2024-04-28T10:00:00+02:00
1150;Generación medida Hidráulica UGH;;;1743.509;2024-04-28T11:00:00+02:00
1150;Generación medida Hidráulica UGH;;;2492.733;2024-04-28T12:00:00+02:00
1150;Generación medida Hidráulica UGH;;;2633.513;2024-04-28T13:00:00+02:00
1150;Generación medida Hidráulica UGH;;;2285.603;2024-04-28T14:00:00+02:00
1150;Generación medida Hidráulica UGH;;;1788.182;2024-04-28T15:00:00+02:00
1150;Generación medida Hidráulica UGH;;;2045.668;2024-04-28T16:00:00+02:00
1150;Generación medida Hidráulica UGH;;;2841.515;2024-04-28T17:00:00+02:00
1150;Generación medida Hidráulica UGH;;;3471.941;2024-04-28T18:00:00+02:00
1150;Generación medida Hidráulica UGH;;;4310.994;2024-04-28T19:00:00+02:00
1150;Generación medida Hidráulica UGH;;;5056.636;2024-04-28T20:00:00+02:00
1150;Generación medida Hidráulica UGH;;;6940.099;2024-04-28T21:00:00+02:00
1150;Generación medida Hidráulica UGH;;;6648.096;2024-04-28T22:00:00+02:00
1150;Generación medida Hidráulica UGH;;;6202.674;2024-04-28T23:00:00+02:00
1150;Generación medida Hidráulica UGH;;;6393.661;2024-04-29T00:00:00+02:00
1150;Generación medida Hidráulica UGH;;;5856.562;2024-04-29T01:00:00+02:00
1150;Generación medida Hidráulica UGH;;;5745.075;2024-04-29T02:00:00+02:00
1150;Generación medida Hidráulica UGH;;;5434.645;2024-04-29T03:00:00+02:00
1150;Generación medida Hidráulica UGH;;;4902.36;2024-04-29T04:00:00+02:00
1150;Generación medida Hidráulica UGH;;;5412.637;2024-04-29T05:00:00+02:00
1150;Generación medida Hidráulica UGH;;;6822.105;2024-04-29T06:00:00+02:00
1150;Generación medida Hidráulica UGH;;;7531.128;2024-04-29T07:00:00+02:00
1150;Generación medida Hidráulica UGH;;;7255.98;2024-04-29T08:00:00+02:00
1150;Generación medida Hidráulica UGH;;;5522.413;2024-04-29T09:00:00+02:00
1150;Generación medida Hidráulica UGH;;;4492.283;2024-04-29T10:00:00+02:00
1150;Generación medida Hidráulica UGH;;;3556.17;2024-04-29T11:00:00+02:00
1150;Generación medida Hidráulica UGH;;;2620.308;2024-04-29T12:00:00+02:00
1150;Generación medida Hidráulica UGH;;;2613.978;2024-04-29T13:00:00+02:00
1150;Generación medida Hidráulica UGH;;;2885.432;2024-04-29T14:00:00+02:00
1150;Generación medida Hidráulica UGH;;;4058.365;2024-04-29T15:00:00+02:00
1150;Generación medida Hidráulica UGH;;;4610.705;2024-04-29T16:00:00+02:00
1150;Generación medida Hidráulica UGH;;;4215.838;2024-04-29T17:00:00+02:00
1150;Generación medida Hidráulica UGH;;;4363.73;2024-04-29T18:00:00+02:00
1150;Generación medida Hidráulica UGH;;;5090.216;2024-04-29T19:00:00+02:00
1150;Generación medida Hidráulica UGH;;;7068.557;2024-04-29T20:00:00+02:00
1150;Generación medida Hidráulica UGH;;;6989.694;2024-04-29T21:00:00+02:00
1150;Generación medida Hidráulica UGH;;;7179.119;2024-04-29T22:00:00+02:00
1150;Generación medida Hidráulica UGH;;;7008.143;2024-04-29T23:00:00+02:00
1150;Generación medida Hidráulica UGH;;;4900.892;2024-04-30T00:00:00+02:00
1150;Generación medida Hidráulica UGH;;;4497.548;2024-04-30T01:00:00+02:00
1150;Generación medida Hidráulica UGH;;;3995.763;2024-04-30T02:00:00+02:00
1150;Generación medida Hidráulica UGH;;;3561.833;2024-04-30T03:00:00+02:00
1150;Generación medida Hidráulica UGH;;;3536.671;2024-04-30T04:00:00+02:00
1150;Generación medida Hidráulica UGH;;;4016.337;2024-04-30T05:00:00+02:00
1150;Generación medida Hidráulica UGH;;;5147.447;2024-04-30T06:00:00+02:00
1150;Generación medida Hidráulica UGH;;;6082.582;2024-04-30T07:00:00+02:00
1150;Generación medida Hidráulica UGH;;;5859.089;2024-04-30T08:00:00+02:00
1150;Generación medida Hidráulica UGH;;;3977.654;2024-04-30T09:00:00+02:00
1150;Generación medida Hidráulica UGH;;;2948.096;2024-04-30T10:00:00+02:00
1150;Generación medida Hidráulica UGH;;;2487.618;2024-04-30T11:00:00+02:00
1150;Generación medida Hidráulica UGH;;;1821.258;2024-04-30T12:00:00+02:00
1150;Generación medida Hidráulica UGH;;;1741.41;2024-04-30T13:00:00+02:00
1150;Generación medida Hidráulica UGH;;;1559.957;2024-04-30T14:00:00+02:00
1150;Generación medida Hidráulica UGH;;;1661.207;2024-04-30T15:00:00+02:00
1150;Generación medida Hidráulica UGH;;;1905.334;2024-04-30T16:00:00+02:00
1150;Generación medida Hidráulica UGH;;;2512.019;2024-04-30T17:00:00+02:00
1150;Generación medida Hidráulica UGH;;;2611.67;2024-04-30T18:00:00+02:00
1150;Generación medida Hidráulica UGH;;;2422.493;2024-04-30T19:00:00+02:00
1150;Generación medida Hidráulica UGH;;;3662.64;2024-04-30T20:00:00+02:00
1150;Generación medida Hidráulica UGH;;;5292.684;2024-04-30T21:00:00+02:00
1150;Generación medida Hidráulica UGH;;;4391.734;2024-04-30T22:00:00+02:00
1150;Generación medida Hidráulica UGH;;;3613.499;2024-04-30T23:00:00+02:00
1154;Generación medida Hulla antracita;;;244.523;2024-04-01T00:00:00+02:00
1154;Generación medida Hulla antracita;;;245.3;2024-04-01T01:00:00+02:00
1154;Generación medida Hulla antracita;;;245.89;2024-04-01T02:00:00+02:00
1154;Generación medida Hulla antracita;;;245.804;2024-04-01T03:00:00+02:00
1154;Generación medida Hulla antracita;;;245.821;2024-04-01T04:00:00+02:00
1154;Generación medida Hulla antracita;;;245.547;2024-04-01T05:00:00+02:00
1154;Generación medida Hulla antracita;;;245.226;2024-04-01T06:00:00+02:00
1154;Generación medida Hulla antracita;;;302.533;2024-04-01T07:00:00+02:00
1154;Generación medida Hulla antracita;;;352.299;2024-04-01T08:00:00+02:00
1154;Generación medida Hulla antracita;;;402.241;2024-04-01T09:00:00+02:00
1154;Generación medida Hulla antracita;;;452.428;2024-04-01T10:00:00+02:00
1154;Generación medida Hulla antracita;;;502.669;2024-04-01T11:00:00+02:00
1154;Generación medida Hulla antracita;;;502.642;2024-04-01T12:00:00+02:00
1154;Generación medida Hulla antracita;;;502.612;2024-04-01T13:00:00+02:00
1154;Generación medida Hulla antracita;;;452.25;2024-04-01T14:00:00+02:00
1154;Generación medida Hulla antracita;;;402.601;2024-04-01T15:00:00+02:00
1154;Generación medida Hulla antracita;;;352.945;2024-04-01T16:00:00+02:00
1154;Generación medida Hulla antracita;;;302.424;2024-04-01T17:00:00+02:00
1154;Generación medida Hulla antracita;;;285.081;2024-04-01T18:00:00+02:00
1154;Generación medida Hulla antracita;;;302.223;2024-04-01T19:00:00+02:00
1154;Generación medida Hulla antracita;;;302.266;2024-04-01T20:00:00+02:00
1154;Generación medida Hulla antracita;;;246.064;2024-04-01T21:00:00+02:00
1154;Generación medida Hulla antracita;;;245.172;2024-04-01T22:00:00+02:00
1154;Generación medida Hulla antracita;;;245.642;2024-04-01T23:00:00+02:00
1154;Generación medida Hulla antracita;;;245.513;2024-04-02T00:00:00+02:00
1154;Generación medida Hulla antracita;;;245.019;2024-04-02T01:00:00+02:00
1154;Generación medida Hulla antracita;;;245.635;2024-04-02T02:00:00+02:00
1154;Generación medida Hulla antracita;;;245.448;2024-04-02T03:00:00+02:00
1154;Generación medida Hulla antracita;;;245.532;2024-04-02T04:00:00+02:00
1154;Generación medida Hulla antracita;;;245.351;2024-04-02T05:00:00+02:00
1154;Generación medida Hulla antracita;;;302.245;2024-04-02T06:00:00+02:00
1154;Generación medida Hulla antracita;;;352.374;2024-04-02T07:00:00+02:00
1154;Generación medida Hulla antracita;;;402.373;2024-04-02T08:00:00+02:00
1154;Generación medida Hulla antracita;;;452.418;2024-04-02T09:00:00+02:00
1154;Generación medida Hulla antracita;;;452.517;2024-04-02T10:00:00+02:00
1154;Generación medida Hulla antracita;;;502.844;2024-04-02T11:00:00+02:00
1154;Generación medida Hulla antracita;;;502.77;2024-04-02T12:00:00+02:00
1154;Generación medida Hulla antracita;;;502.531;2024-04-02T13:00:00+02:00
1154;Generación medida Hulla antracita;;;502.864;2024-04-02T14:00:00+02:00
1154;Generación medida Hulla antracita;;;452.692;2024-04-02T15:00:00+02:00
1154;Generación medida Hulla antracita;;;402.445;2024-04-02T16:00:00+02:00
1154;Generación medida Hulla antracita;;;352.222;2024-04-02T17:00:00+02:00
1154;Generación medida Hulla antracita;;;344.237;2024-04-02T18:00:00+02:00
1154;Generación medida Hulla antracita;;;352.224;2024-04-02T19:00:00+02:00
1154;Generación medida Hulla antracita;;;353.237;2024-04-02T20:00:00+02:00
1154;Generación medida Hulla antracita;;;303.169;2024-04-02T21:00:00+02:00
1154;Generación medida Hulla antracita;;;246.395;2024-04-02T22:00:00+02:00
1154;Generación medida Hulla antracita;;;246.187;2024-04-02T23:00:00+02:00
1154;Generación medida Hulla antracita;;;247.974;2024-04-03T00:00:00+02:00
1154;Generación medida Hulla antracita;;;246.838;2024-04-03T01:00:00+02:00
1154;Generación medida Hulla antracita;;;246.57;2024-04-03T02:00:00+02:00
1154;Generación medida Hulla antracita;;;246.37;2024-04-03T03:00:00+02:00
1154;Generación medida Hulla antracita;;;246.44;2024-04-03T04:00:00+02:00
1154;Generación medida Hulla antracita;;;245.877;2024-04-03T05:00:00+02:00
1154;Generación medida Hulla antracita;;;303.209;2024-04-03T06:00:00+02:00
1154;Generación medida Hulla antracita;;;353.874;2024-04-03T07:00:00+02:00
1154;Generación medida Hulla antracita;;;403.887;2024-04-03T08:00:00+02:00
1154;Generación medida Hulla antracita;;;453.591;2024-04-03T09:00:00+02:00
1154;Generación medida Hulla antracita;;;453.86;2024-04-03T10:00:00+02:00
1154;Generación medida Hulla antracita;;;504.454;2024-04-03T11:00:00+02:00
1154;Generación medida Hulla antracita;;;505.162;2024-04-03T12:00:00+02:00
1154;Generación medida Hulla antracita;;;504.642;2024-04-03T13:00:00+02:00
1154;Generación medida Hulla antracita;;;503.635;2024-04-03T14:00:00+02:00
1154;Generación medida Hulla antracita;;;453.522;2024-04-03T15:00:00+02:00
1154;Generación medida Hulla antracita;;;403.729;2024-04-03T16:00:00+02:00
1154;Generación medida Hulla antracita;;;353.396;2024-04-03T17:00:00+02:00
1154;Generación medida Hulla antracita;;;312.433;2024-04-03T18:00:00+02:00
1154;Generación medida Hulla antracita;;;353.428;2024-04-03T19:00:00+02:00
1154;Generación medida Hulla antracita;;;353.223;2024-04-03T20:00:00+02:00
1154;Generación medida Hulla antracita;;;303.478;2024-04-03T21:00:00+02:00
1154;Generación medida Hulla antracita;;;246.165;2024-04-03T22:00:00+02:00
1154;Generación medida Hulla antracita;;;246.333;2024-04-03T23:00:00+02:00
1154;Generación medida Hulla antracita;;;246.401;2024-04-04T00:00:00+02:00
1154;Generación medida Hulla antracita;;;245.818;2024-04-04T01:00:00+02:00
1154;Generación medida Hulla antracita;;;246.288;2024-04-04T02:00:00+02:00
1154;Generación medida Hulla antracita;;;245.78;2024-04-04T03:00:00+02:00
1154;Generación medida Hulla antracita;;;247.288;2024-04-04T04:00:00+02:00
1154;Generación medida Hulla antracita;;;246.296;2024-04-04T05:00:00+02:00
1154;Generación medida Hulla antracita;;;303.079;2024-04-04T06:00:00+02:00
1154;Generación medida Hulla antracita;;;353.86;2024-04-04T07:00:00+02:00
1154;Generación medida Hulla antracita;;;404.178;2024-04-04T08:00:00+02:00
1154;Generación medida Hulla antracita;;;453.552;2024-04-04T09:00:00+02:00
1154;Generación medida Hulla antracita;;;453.897;2024-04-04T10:00:00+02:00
1154;Generación medida Hulla antracita;;;504.633;2024-04-04T11:00:00+02:00
1154;Generación medida Hulla antracita;;;504.499;2024-04-04T12:00:00+02:00
1154;Generación medida Hulla antracita;;;503.921;2024-04-04T13:00:00+02:00
1154;Generación medida Hulla antracita;;;503.986;2024-04-04T14:00:00+02:00
1154;Generación medida Hulla antracita;;;453.498;2024-04-04T15:00:00+02:00
1154;Generación medida Hulla antracita;;;403.492;2024-04-04T16:00:00+02:00
1154;Generación medida Hulla antracita;;;353.264;2024-04-04T17:00:00+02:00
1154;Generación medida Hulla antracita;;;326.363;2024-04-04T18:00:00+02:00
1154;Generación medida Hulla antracita;;;353.294;2024-04-04T19:00:00+02:00
1154;Generación medida Hulla antracita;;;353.369;2024-04-04T20:00:00+02:00
1154;Generación medida Hulla antracita;;;307.577;2024-04-04T21:00:00+02:00
1154;Generación medida Hulla antracita;;;246.568;2024-04-04T22:00:00+02:00
1154;Generación medida Hulla antracita;;;246.733;2024-04-04T23:00:00+02:00
1154;Generación medida Hulla antracita;;;246.471;2024-04-05T00:00:00+02:00
1154;Generación medida Hulla antracita;;;246.163;2024-04-05T01:00:00+02:00
1154;Generación medida Hulla antracita;;;246.747;2024-04-05T02:00:00+02:00
1154;Generación medida Hulla antracita;;;245.811;2024-04-05T03:00:00+02:00
1154;Generación medida Hulla antracita;;;246.451;2024-04-05T04:00:00+02:00
1154;Generación medida Hulla antracita;;;246.011;2024-04-05T05:00:00+02:00
1154;Generación medida Hulla antracita;;;303.152;2024-04-05T06:00:00+02:00
1154;Generación medida Hulla antracita;;;352.486;2024-04-05T07:00:00+02:00
1154;Generación medida Hulla antracita;;;402.651;2024-04-05T08:00:00+02:00
1154;Generación medida Hulla antracita;;;452.576;2024-04-05T09:00:00+02:00
1154;Generación medida Hulla antracita;;;452.766;2024-04-05T10:00:00+02:00
1154;Generación medida Hulla antracita;;;502.973;2024-04-05T11:00:00+02:00
1154;Generación medida Hulla antracita;;;503.396;2024-04-05T12:00:00+02:00
1154;Generación medida Hulla antracita;;;452.727;2024-04-05T13:00:00+02:00
1154;Generación medida Hulla antracita;;;409.419;2024-04-05T14:00:00+02:00
1154;Generación medida Hulla antracita;;;352.349;2024-04-05T15:00:00+02:00
1154;Generación medida Hulla antracita;;;302.662;2024-04-05T16:00:00+02:00
1154;Generación medida Hulla antracita;;;246.033;2024-04-05T17:00:00+02:00
1154;Generación medida Hulla antracita;;;245.569;2024-04-05T18:00:00+02:00
1154;Generación medida Hulla antracita;;;245.741;2024-04-05T19:00:00+02:00
1154;Generación medida Hulla antracita;;;245.494;2024-04-05T20:00:00+02:00
1154;Generación medida Hulla antracita;;;245.417;2024-04-05T21:00:00+02:00
1154;Generación medida Hulla antracita;;;245.408;2024-04-05T22:00:00+02:00
1154;Generación medida Hulla antracita;;;245.308;2024-04-05T23:00:00+02:00
1154;Generación medida Hulla antracita;;;245.861;2024-04-06T00:00:00+02:00
1154;Generación medida Hulla antracita;;;244.943;2024-04-06T01:00:00+02:00
1154;Generación medida Hulla antracita;;;245.707;2024-04-06T02:00:00+02:00
1154;Generación medida Hulla antracita;;;245.493;2024-04-06T03:00:00+02:00
1154;Generación medida Hulla antracita;;;245.391;2024-04-06T04:00:00+02:00
1154;Generación medida Hulla antracita;;;245.473;2024-04-06T05:00:00+02:00
1154;Generación medida Hulla antracita;;;245.621;2024-04-06T06:00:00+02:00
1154;Generación medida Hulla antracita;;;245.583;2024-04-06T07:00:00+02:00
1154;Generación medida Hulla antracita;;;245.849;2024-04-06T08:00:00+02:00
1154;Generación medida Hulla antracita;;;245.802;2024-04-06T09:00:00+02:00
1154;Generación medida Hulla antracita;;;245.837;2024-04-06T10:00:00+02:00
1154;Generación medida Hulla antracita;;;245.433;2024-04-06T11:00:00+02:00
1154;Generación medida Hulla antracita;;;245.621;2024-04-06T12:00:00+02:00
1154;Generación medida Hulla antracita;;;245.333;2024-04-06T13:00:00+02:00
1154;Generación medida Hulla antracita;;;245.949;2024-04-06T14:00:00+02:00
1154;Generación medida Hulla antracita;;;246.378;2024-04-06T15:00:00+02:00
1154;Generación medida Hulla antracita;;;246.603;2024-04-06T16:00:00+02:00
1154;Generación medida Hulla antracita;;;271.068;2024-04-06T17:00:00+02:00
1154;Generación medida Hulla antracita;;;270.434;2024-04-06T18:00:00+02:00
1154;Generación medida Hulla antracita;;;273.553;2024-04-06T19:00:00+02:00
1154;Generación medida Hulla antracita;;;302.334;2024-04-06T20:00:00+02:00
1154;Generación medida Hulla antracita;;;247.047;2024-04-06T21:00:00+02:00
1154;Generación medida Hulla antracita;;;245.583;2024-04-06T22:00:00+02:00
1154;Generación medida Hulla antracita;;;245.529;2024-04-06T23:00:00+02:00
1154;Generación medida Hulla antracita;;;245.368;2024-04-07T00:00:00+02:00
1154;Generación medida Hulla antracita;;;245.395;2024-04-07T01:00:00+02:00
1154;Generación medida Hulla antracita;;;245.587;2024-04-07T02:00:00+02:00
1154;Generación medida Hulla antracita;;;245.604;2024-04-07T03:00:00+02:00
1154;Generación medida Hulla antracita;;;245.637;2024-04-07T04:00:00+02:00
1154;Generación medida Hulla antracita;;;245.448;2024-04-07T05:00:00+02:00
1154;Generación medida Hulla antracita;;;245.645;2024-04-07T06:00:00+02:00
1154;Generación medida Hulla antracita;;;244.632;2024-04-07T07:00:00+02:00
1154;Generación medida Hulla antracita;;;245.721;2024-04-07T08:00:00+02:00
1154;Generación medida Hulla antracita;;;246.004;2024-04-07T09:00:00+02:00
1154;Generación medida Hulla antracita;;;245.605;2024-04-07T10:00:00+02:00
1154;Generación medida Hulla antracita;;;302.28;2024-04-07T11:00:00+02:00
1154;Generación medida Hulla antracita;;;268.153;2024-04-07T12:00:00+02:00
1154;Generación medida Hulla antracita;;;302.334;2024-04-07T13:00:00+02:00
1154;Generación medida Hulla antracita;;;302.349;2024-04-07T14:00:00+02:00
1154;Generación medida Hulla antracita;;;245.96;2024-04-07T15:00:00+02:00
1154;Generación medida Hulla antracita;;;245.778;2024-04-07T16:00:00+02:00
1154;Generación medida Hulla antracita;;;246.097;2024-04-07T17:00:00+02:00
1154;Generación medida Hulla antracita;;;245.628;2024-04-07T18:00:00+02:00
1154;Generación medida Hulla antracita;;;245.696;2024-04-07T19:00:00+02:00
1154;Generación medida Hulla antracita;;;245.709;2024-04-07T20:00:00+02:00
1154;Generación medida Hulla antracita;;;245.689;2024-04-07T21:00:00+02:00
1154;Generación medida Hulla antracita;;;245.777;2024-04-07T22:00:00+02:00
1154;Generación medida Hulla antracita;;;245.45;2024-04-07T23:00:00+02:00
1154;Generación medida Hulla antracita;;;245.366;2024-04-08T00:00:00+02:00
1154;Generación medida Hulla antracita;;;245.268;2024-04-08T01:00:00+02:00
1154;Generación medida Hulla antracita;;;245.429;2024-04-08T02:00:00+02:00
1154;Generación medida Hulla antracita;;;245.418;2024-04-08T03:00:00+02:00
1154;Generación medida Hulla antracita;;;245.208;2024-04-08T04:00:00+02:00
1154;Generación medida Hulla antracita;;;245.298;2024-04-08T05:00:00+02:00
1154;Generación medida Hulla antracita;;;245.512;2024-04-08T06:00:00+02:00
1154;Generación medida Hulla antracita;;;246.004;2024-04-08T07:00:00+02:00
1154;Generación medida Hulla antracita;;;245.837;2024-04-08T08:00:00+02:00
1154;Generación medida Hulla antracita;;;302.626;2024-04-08T09:00:00+02:00
1154;Generación medida Hulla antracita;;;352.23;2024-04-08T10:00:00+02:00
1154;Generación medida Hulla antracita;;;402.563;2024-04-08T11:00:00+02:00
1154;Generación medida Hulla antracita;;;452.375;2024-04-08T12:00:00+02:00
1154;Generación medida Hulla antracita;;;414.272;2024-04-08T13:00:00+02:00
1154;Generación medida Hulla antracita;;;402.538;2024-04-08T14:00:00+02:00
1154;Generación medida Hulla antracita;;;352.337;2024-04-08T15:00:00+02:00
1154;Generación medida Hulla antracita;;;302.343;2024-04-08T16:00:00+02:00
1154;Generación medida Hulla antracita;;;282.376;2024-04-08T17:00:00+02:00
1154;Generación medida Hulla antracita;;;246.162;2024-04-08T18:00:00+02:00
1154;Generación medida Hulla antracita;;;302.264;2024-04-08T19:00:00+02:00
1154;Generación medida Hulla antracita;;;253.507;2024-04-08T20:00:00+02:00
1154;Generación medida Hulla antracita;;;245.423;2024-04-08T21:00:00+02:00
1154;Generación medida Hulla antracita;;;245.564;2024-04-08T22:00:00+02:00
1154;Generación medida Hulla antracita;;;245.849;2024-04-08T23:00:00+02:00
1154;Generación medida Hulla antracita;;;246.189;2024-04-09T00:00:00+02:00
1154;Generación medida Hulla antracita;;;246.569;2024-04-09T01:00:00+02:00
1154;Generación medida Hulla antracita;;;246.53;2024-04-09T02:00:00+02:00
1154;Generación medida Hulla antracita;;;246.144;2024-04-09T03:00:00+02:00
1154;Generación medida Hulla antracita;;;244.585;2024-04-09T04:00:00+02:00
1154;Generación medida Hulla antracita;;;245.553;2024-04-09T05:00:00+02:00
1154;Generación medida Hulla antracita;;;246.322;2024-04-09T06:00:00+02:00
1154;Generación medida Hulla antracita;;;246.221;2024-04-09T07:00:00+02:00
1154;Generación medida Hulla antracita;;;302.04;2024-04-09T08:00:00+02:00
1154;Generación medida Hulla antracita;;;352.245;2024-04-09T09:00:00+02:00
1154;Generación medida Hulla antracita;;;402.187;2024-04-09T10:00:00+02:00
1154;Generación medida Hulla antracita;;;453.189;2024-04-09T11:00:00+02:00
1154;Generación medida Hulla antracita;;;502.706;2024-04-09T12:00:00+02:00
1154;Generación medida Hulla antracita;;;452.638;2024-04-09T13:00:00+02:00
1154;Generación medida Hulla antracita;;;452.271;2024-04-09T14:00:00+02:00
1154;Generación medida Hulla antracita;;;402.278;2024-04-09T15:00:00+02:00
1154;Generación medida Hulla antracita;;;352.391;2024-04-09T16:00:00+02:00
1154;Generación medida Hulla antracita;;;304.251;2024-04-09T17:00:00+02:00
1154;Generación medida Hulla antracita;;;245.675;2024-04-09T18:00:00+02:00
1154;Generación medida Hulla antracita;;;245.404;2024-04-09T19:00:00+02:00
1154;Generación medida Hulla antracita;;;245.48;2024-04-09T20:00:00+02:00
1154;Generación medida Hulla antracita;;;245.063;2024-04-09T21:00:00+02:00
1154;Generación medida Hulla antracita;;;245.184;2024-04-09T22:00:00+02:00
1154;Generación medida Hulla antracita;;;244.842;2024-04-09T23:00:00+02:00
1154;Generación medida Hulla antracita;;;246.788;2024-04-10T00:00:00+02:00
1154;Generación medida Hulla antracita;;;246.94;2024-04-10T01:00:00+02:00
1154;Generación medida Hulla antracita;;;246.97;2024-04-10T02:00:00+02:00
1154;Generación medida Hulla antracita;;;246.969;2024-04-10T03:00:00+02:00
1154;Generación medida Hulla antracita;;;246.503;2024-04-10T04:00:00+02:00
1154;Generación medida Hulla antracita;;;245.318;2024-04-10T05:00:00+02:00
1154;Generación medida Hulla antracita;;;244.982;2024-04-10T06:00:00+02:00
1154;Generación medida Hulla antracita;;;245.504;2024-04-10T07:00:00+02:00
1154;Generación medida Hulla antracita;;;245.399;2024-04-10T08:00:00+02:00
1154;Generación medida Hulla antracita;;;302.437;2024-04-10T09:00:00+02:00
1154;Generación medida Hulla antracita;;;352.379;2024-04-10T10:00:00+02:00
1154;Generación medida Hulla antracita;;;402.458;2024-04-10T11:00:00+02:00
1154;Generación medida Hulla antracita;;;452.323;2024-04-10T12:00:00+02:00
1154;Generación medida Hulla antracita;;;402.397;2024-04-10T13:00:00+02:00
1154;Generación medida Hulla antracita;;;402.562;2024-04-10T14:00:00+02:00
1154;Generación medida Hulla antracita;;;352.258;2024-04-10T15:00:00+02:00
1154;Generación medida Hulla antracita;;;302.939;2024-04-10T16:00:00+02:00
1154;Generación medida Hulla antracita;;;249.838;2024-04-10T17:00:00+02:00
1154;Generación medida Hulla antracita;;;245.31;2024-04-10T18:00:00+02:00
1154;Generación medida Hulla antracita;;;244.666;2024-04-10T19:00:00+02:00
1154;Generación medida Hulla antracita;;;244.634;2024-04-10T20:00:00+02:00
1154;Generación medida Hulla antracita;;;245.248;2024-04-10T21:00:00+02:00
1154;Generación medida Hulla antracita;;;245.643;2024-04-10T22:00:00+02:00
1154;Generación medida Hulla antracita;;;245.403;2024-04-10T23:00:00+02:00
1154;Generación medida Hulla antracita;;;244.498;2024-04-11T00:00:00+02:00
1154;Generación medida Hulla antracita;;;245.796;2024-04-11T01:00:00+02:00
1154;Generación medida Hulla antracita;;;245.643;2024-04-11T02:00:00+02:00
1154;Generación medida Hulla antracita;;;245.519;2024-04-11T03:00:00+02:00
1154;Generación medida Hulla antracita;;;245.485;2024-04-11T04:00:00+02:00
1154;Generación medida Hulla antracita;;;245.464;2024-04-11T05:00:00+02:00
1154;Generación medida Hulla antracita;;;245.188;2024-04-11T06:00:00+02:00
1154;Generación medida Hulla antracita;;;245.474;2024-04-11T07:00:00+02:00
1154;Generación medida Hulla antracita;;;302.658;2024-04-11T08:00:00+02:00
1154;Generación medida Hulla antracita;;;352.593;2024-04-11T09:00:00+02:00
1154;Generación medida Hulla antracita;;;402.497;2024-04-11T10:00:00+02:00
1154;Generación medida Hulla antracita;;;447.823;2024-04-11T11:00:00+02:00
1154;Generación medida Hulla antracita;;;502.908;2024-04-11T12:00:00+02:00
1154;Generación medida Hulla antracita;;;452.78;2024-04-11T13:00:00+02:00
1154;Generación medida Hulla antracita;;;402.418;2024-04-11T14:00:00+02:00
1154;Generación medida Hulla antracita;;;352.404;2024-04-11T15:00:00+02:00
1154;Generación medida Hulla antracita;;;303.393;2024-04-11T16:00:00+02:00
1154;Generación medida Hulla antracita;;;244.791;2024-04-11T17:00:00+02:00
1154;Generación medida Hulla antracita;;;245.375;2024-04-11T18:00:00+02:00
1154;Generación medida Hulla antracita;;;245.682;2024-04-11T19:00:00+02:00
1154;Generación medida Hulla antracita;;;245.364;2024-04-11T20:00:00+02:00
1154;Generación medida Hulla antracita;;;245.705;2024-04-11T21:00:00+02:00
1154;Generación medida Hulla antracita;;;245.368;2024-04-11T22:00:00+02:00
1154;Generación medida Hulla antracita;;;245.1;2024-04-11T23:00:00+02:00
1154;Generación medida Hulla antracita;;;245.276;2024-04-12T00:00:00+02:00
1154;Generación medida Hulla antracita;;;245.175;2024-04-12T01:00:00+02:00
1154;Generación medida Hulla antracita;;;245.279;2024-04-12T02:00:00+02:00
1154;Generación medida Hulla antracita;;;245.304;2024-04-12T03:00:00+02:00
1154;Generación medida Hulla antracita;;;245.317;2024-04-12T04:00:00+02:00
1154;Generación medida Hulla antracita;;;245.322;2024-04-12T05:00:00+02:00
1154;Generación medida Hulla antracita;;;245.3;2024-04-12T06:00:00+02:00
1154;Generación medida Hulla antracita;;;245.284;2024-04-12T07:00:00+02:00
1154;Generación medida Hulla antracita;;;245.426;2024-04-12T08:00:00+02:00
1154;Generación medida Hulla antracita;;;302.421;2024-04-12T09:00:00+02:00
1154;Generación medida Hulla antracita;;;352.649;2024-04-12T10:00:00+02:00
1154;Generación medida Hulla antracita;;;402.947;2024-04-12T11:00:00+02:00
1154;Generación medida Hulla antracita;;;462.348;2024-04-12T12:00:00+02:00
1154;Generación medida Hulla antracita;;;404.646;2024-04-12T13:00:00+02:00
1154;Generación medida Hulla antracita;;;402.382;2024-04-12T14:00:00+02:00
1154;Generación medida Hulla antracita;;;352.478;2024-04-12T15:00:00+02:00
1154;Generación medida Hulla antracita;;;302.178;2024-04-12T16:00:00+02:00
1154;Generación medida Hulla antracita;;;245.307;2024-04-12T17:00:00+02:00
1154;Generación medida Hulla antracita;;;245.401;2024-04-12T18:00:00+02:00
1154;Generación medida Hulla antracita;;;245.323;2024-04-12T19:00:00+02:00
1154;Generación medida Hulla antracita;;;245.522;2024-04-12T20:00:00+02:00
1154;Generación medida Hulla antracita;;;245.463;2024-04-12T21:00:00+02:00
1154;Generación medida Hulla antracita;;;245.654;2024-04-12T22:00:00+02:00
1154;Generación medida Hulla antracita;;;247.901;2024-04-12T23:00:00+02:00
1154;Generación medida Hulla antracita;;;246.726;2024-04-13T00:00:00+02:00
1154;Generación medida Hulla antracita;;;244.591;2024-04-13T01:00:00+02:00
1154;Generación medida Hulla antracita;;;245.733;2024-04-13T02:00:00+02:00
1154;Generación medida Hulla antracita;;;245.302;2024-04-13T03:00:00+02:00
1154;Generación medida Hulla antracita;;;245.843;2024-04-13T04:00:00+02:00
1154;Generación medida Hulla antracita;;;244.664;2024-04-13T05:00:00+02:00
1154;Generación medida Hulla antracita;;;245.488;2024-04-13T06:00:00+02:00
1154;Generación medida Hulla antracita;;;245.677;2024-04-13T07:00:00+02:00
1154;Generación medida Hulla antracita;;;245.75;2024-04-13T08:00:00+02:00
1154;Generación medida Hulla antracita;;;245.673;2024-04-13T09:00:00+02:00
1154;Generación medida Hulla antracita;;;245.798;2024-04-13T10:00:00+02:00
1154;Generación medida Hulla antracita;;;245.746;2024-04-13T11:00:00+02:00
1154;Generación medida Hulla antracita;;;245.78;2024-04-13T12:00:00+02:00
1154;Generación medida Hulla antracita;;;245.661;2024-04-13T13:00:00+02:00
1154;Generación medida Hulla antracita;;;245.415;2024-04-13T14:00:00+02:00
1154;Generación medida Hulla antracita;;;245.59;2024-04-13T15:00:00+02:00
1154;Generación medida Hulla antracita;;;245.349;2024-04-13T16:00:00+02:00
1154;Generación medida Hulla antracita;;;245.647;2024-04-13T17:00:00+02:00
1154;Generación medida Hulla antracita;;;245.566;2024-04-13T18:00:00+02:00
1154;Generación medida Hulla antracita;;;245.459;2024-04-13T19:00:00+02:00
1154;Generación medida Hulla antracita;;;246;2024-04-13T20:00:00+02:00
1154;Generación medida Hulla antracita;;;245.318;2024-04-13T21:00:00+02:00
1154;Generación medida Hulla antracita;;;245.667;2024-04-13T22:00:00+02:00
1154;Generación medida Hulla antracita;;;244.962;2024-04-13T23:00:00+02:00
1154;Generación medida Hulla antracita;;;245.461;2024-04-14T00:00:00+02:00
1154;Generación medida Hulla antracita;;;245.556;2024-04-14T01:00:00+02:00
1154;Generación medida Hulla antracita;;;245.342;2024-04-14T02:00:00+02:00
1154;Generación medida Hulla antracita;;;245.572;2024-04-14T03:00:00+02:00
1154;Generación medida Hulla antracita;;;245.434;2024-04-14T04:00:00+02:00
1154;Generación medida Hulla antracita;;;245.634;2024-04-14T05:00:00+02:00
1154;Generación medida Hulla antracita;;;245.556;2024-04-14T06:00:00+02:00
1154;Generación medida Hulla antracita;;;245.675;2024-04-14T07:00:00+02:00
1154;Generación medida Hulla antracita;;;233.254;2024-04-14T08:00:00+02:00
1154;Generación medida Hulla antracita;;;214.846;2024-04-14T09:00:00+02:00
1154;Generación medida Hulla antracita;;;215.327;2024-04-14T10:00:00+02:00
1154;Generación medida Hulla antracita;;;210.069;2024-04-14T11:00:00+02:00
1154;Generación medida Hulla antracita;;;217.14;2024-04-14T12:00:00+02:00
1154;Generación medida Hulla antracita;;;217.077;2024-04-14T13:00:00+02:00
1154;Generación medida Hulla antracita;;;216.954;2024-04-14T14:00:00+02:00
1154;Generación medida Hulla antracita;;;215.464;2024-04-14T15:00:00+02:00
1154;Generación medida Hulla antracita;;;198.087;2024-04-14T16:00:00+02:00
1154;Generación medida Hulla antracita;;;222.39;2024-04-14T17:00:00+02:00
1154;Generación medida Hulla antracita;;;231.204;2024-04-14T18:00:00+02:00
1154;Generación medida Hulla antracita;;;245.606;2024-04-14T19:00:00+02:00
1154;Generación medida Hulla antracita;;;245.463;2024-04-14T20:00:00+02:00
1154;Generación medida Hulla antracita;;;245.462;2024-04-14T21:00:00+02:00
1154;Generación medida Hulla antracita;;;245.376;2024-04-14T22:00:00+02:00
1154;Generación medida Hulla antracita;;;245.364;2024-04-14T23:00:00+02:00
1154;Generación medida Hulla antracita;;;245.141;2024-04-15T00:00:00+02:00
1154;Generación medida Hulla antracita;;;245.181;2024-04-15T01:00:00+02:00
1154;Generación medida Hulla antracita;;;245.769;2024-04-15T02:00:00+02:00
1154;Generación medida Hulla antracita;;;245.252;2024-04-15T03:00:00+02:00
1154;Generación medida Hulla antracita;;;244.708;2024-04-15T04:00:00+02:00
1154;Generación medida Hulla antracita;;;245.617;2024-04-15T05:00:00+02:00
1154;Generación medida Hulla antracita;;;246.653;2024-04-15T06:00:00+02:00
1154;Generación medida Hulla antracita;;;302.606;2024-04-15T07:00:00+02:00
1154;Generación medida Hulla antracita;;;352.529;2024-04-15T08:00:00+02:00
1154;Generación medida Hulla antracita;;;403.057;2024-04-15T09:00:00+02:00
1154;Generación medida Hulla antracita;;;451.166;2024-04-15T10:00:00+02:00
1154;Generación medida Hulla antracita;;;496.499;2024-04-15T11:00:00+02:00
1154;Generación medida Hulla antracita;;;502.886;2024-04-15T12:00:00+02:00
1154;Generación medida Hulla antracita;;;503.181;2024-04-15T13:00:00+02:00
1154;Generación medida Hulla antracita;;;504.091;2024-04-15T14:00:00+02:00
1154;Generación medida Hulla antracita;;;452.857;2024-04-15T15:00:00+02:00
1154;Generación medida Hulla antracita;;;402.515;2024-04-15T16:00:00+02:00
1154;Generación medida Hulla antracita;;;352.192;2024-04-15T17:00:00+02:00
1154;Generación medida Hulla antracita;;;327.395;2024-04-15T18:00:00+02:00
1154;Generación medida Hulla antracita;;;352.692;2024-04-15T19:00:00+02:00
1154;Generación medida Hulla antracita;;;302.799;2024-04-15T20:00:00+02:00
1154;Generación medida Hulla antracita;;;251.445;2024-04-15T21:00:00+02:00
1154;Generación medida Hulla antracita;;;248.494;2024-04-15T22:00:00+02:00
1154;Generación medida Hulla antracita;;;245.456;2024-04-15T23:00:00+02:00
1154;Generación medida Hulla antracita;;;245.972;2024-04-16T00:00:00+02:00
1154;Generación medida Hulla antracita;;;245.934;2024-04-16T01:00:00+02:00
1154;Generación medida Hulla antracita;;;245.303;2024-04-16T02:00:00+02:00
1154;Generación medida Hulla antracita;;;245.595;2024-04-16T03:00:00+02:00
1154;Generación medida Hulla antracita;;;245.469;2024-04-16T04:00:00+02:00
1154;Generación medida Hulla antracita;;;245.724;2024-04-16T05:00:00+02:00
1154;Generación medida Hulla antracita;;;245.527;2024-04-16T06:00:00+02:00
1154;Generación medida Hulla antracita;;;302.575;2024-04-16T07:00:00+02:00
1154;Generación medida Hulla antracita;;;397.774;2024-04-16T08:00:00+02:00
1154;Generación medida Hulla antracita;;;489.676;2024-04-16T09:00:00+02:00
1154;Generación medida Hulla antracita;;;511.534;2024-04-16T10:00:00+02:00
1154;Generación medida Hulla antracita;;;512.122;2024-04-16T11:00:00+02:00
1154;Generación medida Hulla antracita;;;512.201;2024-04-16T12:00:00+02:00
1154;Generación medida Hulla antracita;;;511.437;2024-04-16T13:00:00+02:00
1154;Generación medida Hulla antracita;;;510.764;2024-04-16T14:00:00+02:00
1154;Generación medida Hulla antracita;;;510.505;2024-04-16T15:00:00+02:00
1154;Generación medida Hulla antracita;;;459.071;2024-04-16T16:00:00+02:00
1154;Generación medida Hulla antracita;;;433.196;2024-04-16T17:00:00+02:00
1154;Generación medida Hulla antracita;;;414.333;2024-04-16T18:00:00+02:00
1154;Generación medida Hulla antracita;;;415.061;2024-04-16T19:00:00+02:00
1154;Generación medida Hulla antracita;;;399.2;2024-04-16T20:00:00+02:00
1154;Generación medida Hulla antracita;;;297.642;2024-04-16T21:00:00+02:00
1154;Generación medida Hulla antracita;;;245.765;2024-04-16T22:00:00+02:00
1154;Generación medida Hulla antracita;;;245.519;2024-04-16T23:00:00+02:00
1154;Generación medida Hulla antracita;;;245.492;2024-04-17T00:00:00+02:00
1154;Generación medida Hulla antracita;;;245.45;2024-04-17T01:00:00+02:00
1154;Generación medida Hulla antracita;;;245.954;2024-04-17T02:00:00+02:00
1154;Generación medida Hulla antracita;;;245.693;2024-04-17T03:00:00+02:00
1154;Generación medida Hulla antracita;;;245.234;2024-04-17T04:00:00+02:00
1154;Generación medida Hulla antracita;;;245.32;2024-04-17T05:00:00+02:00
1154;Generación medida Hulla antracita;;;245.642;2024-04-17T06:00:00+02:00
1154;Generación medida Hulla antracita;;;302.824;2024-04-17T07:00:00+02:00
1154;Generación medida Hulla antracita;;;352.777;2024-04-17T08:00:00+02:00
1154;Generación medida Hulla antracita;;;402.856;2024-04-17T09:00:00+02:00
1154;Generación medida Hulla antracita;;;450.373;2024-04-17T10:00:00+02:00
1154;Generación medida Hulla antracita;;;503.531;2024-04-17T11:00:00+02:00
1154;Generación medida Hulla antracita;;;502.862;2024-04-17T12:00:00+02:00
1154;Generación medida Hulla antracita;;;503.084;2024-04-17T13:00:00+02:00
1154;Generación medida Hulla antracita;;;502.712;2024-04-17T14:00:00+02:00
1154;Generación medida Hulla antracita;;;450.55;2024-04-17T15:00:00+02:00
1154;Generación medida Hulla antracita;;;402.414;2024-04-17T16:00:00+02:00
1154;Generación medida Hulla antracita;;;355.176;2024-04-17T17:00:00+02:00
1154;Generación medida Hulla antracita;;;303.168;2024-04-17T18:00:00+02:00
1154;Generación medida Hulla antracita;;;302.778;2024-04-17T19:00:00+02:00
1154;Generación medida Hulla antracita;;;303.052;2024-04-17T20:00:00+02:00
1154;Generación medida Hulla antracita;;;255.542;2024-04-17T21:00:00+02:00
1154;Generación medida Hulla antracita;;;245.259;2024-04-17T22:00:00+02:00
1154;Generación medida Hulla antracita;;;245.845;2024-04-17T23:00:00+02:00
1154;Generación medida Hulla antracita;;;245.293;2024-04-18T00:00:00+02:00
1154;Generación medida Hulla antracita;;;245.529;2024-04-18T01:00:00+02:00
1154;Generación medida Hulla antracita;;;245.344;2024-04-18T02:00:00+02:00
1154;Generación medida Hulla antracita;;;245.486;2024-04-18T03:00:00+02:00
1154;Generación medida Hulla antracita;;;245.595;2024-04-18T04:00:00+02:00
1154;Generación medida Hulla antracita;;;245.333;2024-04-18T05:00:00+02:00
1154;Generación medida Hulla antracita;;;245.454;2024-04-18T06:00:00+02:00
1154;Generación medida Hulla antracita;;;302.836;2024-04-18T07:00:00+02:00
1154;Generación medida Hulla antracita;;;352.362;2024-04-18T08:00:00+02:00
1154;Generación medida Hulla antracita;;;402.038;2024-04-18T09:00:00+02:00
1154;Generación medida Hulla antracita;;;450.985;2024-04-18T10:00:00+02:00
1154;Generación medida Hulla antracita;;;502.784;2024-04-18T11:00:00+02:00
1154;Generación medida Hulla antracita;;;503.507;2024-04-18T12:00:00+02:00
1154;Generación medida Hulla antracita;;;502.969;2024-04-18T13:00:00+02:00
1154;Generación medida Hulla antracita;;;502.658;2024-04-18T14:00:00+02:00
1154;Generación medida Hulla antracita;;;454.81;2024-04-18T15:00:00+02:00
1154;Generación medida Hulla antracita;;;406.109;2024-04-18T16:00:00+02:00
1154;Generación medida Hulla antracita;;;358.253;2024-04-18T17:00:00+02:00
1154;Generación medida Hulla antracita;;;305.185;2024-04-18T18:00:00+02:00
1154;Generación medida Hulla antracita;;;303.349;2024-04-18T19:00:00+02:00
1154;Generación medida Hulla antracita;;;304.481;2024-04-18T20:00:00+02:00
1154;Generación medida Hulla antracita;;;244.922;2024-04-18T21:00:00+02:00
1154;Generación medida Hulla antracita;;;245.314;2024-04-18T22:00:00+02:00
1154;Generación medida Hulla antracita;;;247.385;2024-04-18T23:00:00+02:00
1154;Generación medida Hulla antracita;;;242.769;2024-04-19T00:00:00+02:00
1154;Generación medida Hulla antracita;;;246.404;2024-04-19T01:00:00+02:00
1154;Generación medida Hulla antracita;;;246.422;2024-04-19T02:00:00+02:00
1154;Generación medida Hulla antracita;;;246.388;2024-04-19T03:00:00+02:00
1154;Generación medida Hulla antracita;;;246.262;2024-04-19T04:00:00+02:00
1154;Generación medida Hulla antracita;;;246.209;2024-04-19T05:00:00+02:00
1154;Generación medida Hulla antracita;;;246.213;2024-04-19T06:00:00+02:00
1154;Generación medida Hulla antracita;;;302.74;2024-04-19T07:00:00+02:00
1154;Generación medida Hulla antracita;;;352.8;2024-04-19T08:00:00+02:00
1154;Generación medida Hulla antracita;;;402.722;2024-04-19T09:00:00+02:00
1154;Generación medida Hulla antracita;;;452.794;2024-04-19T10:00:00+02:00
1154;Generación medida Hulla antracita;;;503.263;2024-04-19T11:00:00+02:00
1154;Generación medida Hulla antracita;;;503.115;2024-04-19T12:00:00+02:00
1154;Generación medida Hulla antracita;;;503.252;2024-04-19T13:00:00+02:00
1154;Generación medida Hulla antracita;;;503.032;2024-04-19T14:00:00+02:00
1154;Generación medida Hulla antracita;;;452.411;2024-04-19T15:00:00+02:00
1154;Generación medida Hulla antracita;;;402.415;2024-04-19T16:00:00+02:00
1154;Generación medida Hulla antracita;;;352.247;2024-04-19T17:00:00+02:00
1154;Generación medida Hulla antracita;;;304.013;2024-04-19T18:00:00+02:00
1154;Generación medida Hulla antracita;;;245.068;2024-04-19T19:00:00+02:00
1154;Generación medida Hulla antracita;;;245.135;2024-04-19T20:00:00+02:00
1154;Generación medida Hulla antracita;;;245.082;2024-04-19T21:00:00+02:00
1154;Generación medida Hulla antracita;;;245.348;2024-04-19T22:00:00+02:00
1154;Generación medida Hulla antracita;;;245.365;2024-04-19T23:00:00+02:00
1154;Generación medida Hulla antracita;;;245.345;2024-04-20T00:00:00+02:00
1154;Generación medida Hulla antracita;;;246.201;2024-04-20T01:00:00+02:00
1154;Generación medida Hulla antracita;;;246.193;2024-04-20T02:00:00+02:00
1154;Generación medida Hulla antracita;;;246.295;2024-04-20T03:00:00+02:00
1154;Generación medida Hulla antracita;;;246.076;2024-04-20T04:00:00+02:00
1154;Generación medida Hulla antracita;;;246.204;2024-04-20T05:00:00+02:00
1154;Generación medida Hulla antracita;;;246.027;2024-04-20T06:00:00+02:00
1154;Generación medida Hulla antracita;;;246.148;2024-04-20T07:00:00+02:00
1154;Generación medida Hulla antracita;;;246.084;2024-04-20T08:00:00+02:00
1154;Generación medida Hulla antracita;;;245.894;2024-04-20T09:00:00+02:00
1154;Generación medida Hulla antracita;;;245.982;2024-04-20T10:00:00+02:00
1154;Generación medida Hulla antracita;;;246.053;2024-04-20T11:00:00+02:00
1154;Generación medida Hulla antracita;;;246.273;2024-04-20T12:00:00+02:00
1154;Generación medida Hulla antracita;;;246.232;2024-04-20T13:00:00+02:00
1154;Generación medida Hulla antracita;;;246.09;2024-04-20T14:00:00+02:00
1154;Generación medida Hulla antracita;;;245.735;2024-04-20T15:00:00+02:00
1154;Generación medida Hulla antracita;;;245.261;2024-04-20T16:00:00+02:00
1154;Generación medida Hulla antracita;;;245.098;2024-04-20T17:00:00+02:00
1154;Generación medida Hulla antracita;;;245.358;2024-04-20T18:00:00+02:00
1154;Generación medida Hulla antracita;;;245.469;2024-04-20T19:00:00+02:00
1154;Generación medida Hulla antracita;;;245.427;2024-04-20T20:00:00+02:00
1154;Generación medida Hulla antracita;;;245.23;2024-04-20T21:00:00+02:00
1154;Generación medida Hulla antracita;;;245.428;2024-04-20T22:00:00+02:00
1154;Generación medida Hulla antracita;;;245.746;2024-04-20T23:00:00+02:00
1154;Generación medida Hulla antracita;;;246.051;2024-04-21T00:00:00+02:00
1154;Generación medida Hulla antracita;;;246.064;2024-04-21T01:00:00+02:00
1154;Generación medida Hulla antracita;;;246.078;2024-04-21T02:00:00+02:00
1154;Generación medida Hulla antracita;;;245.943;2024-04-21T03:00:00+02:00
1154;Generación medida Hulla antracita;;;245.774;2024-04-21T04:00:00+02:00
1154;Generación medida Hulla antracita;;;245.484;2024-04-21T05:00:00+02:00
1154;Generación medida Hulla antracita;;;245.13;2024-04-21T06:00:00+02:00
1154;Generación medida Hulla antracita;;;245.676;2024-04-21T07:00:00+02:00
1154;Generación medida Hulla antracita;;;246.001;2024-04-21T08:00:00+02:00
1154;Generación medida Hulla antracita;;;245.89;2024-04-21T09:00:00+02:00
1154;Generación medida Hulla antracita;;;245.767;2024-04-21T10:00:00+02:00
1154;Generación medida Hulla antracita;;;245.649;2024-04-21T11:00:00+02:00
1154;Generación medida Hulla antracita;;;246.056;2024-04-21T12:00:00+02:00
1154;Generación medida Hulla antracita;;;246.084;2024-04-21T13:00:00+02:00
1154;Generación medida Hulla antracita;;;245.9;2024-04-21T14:00:00+02:00
1154;Generación medida Hulla antracita;;;244.915;2024-04-21T15:00:00+02:00
1154;Generación medida Hulla antracita;;;245.058;2024-04-21T16:00:00+02:00
1154;Generación medida Hulla antracita;;;245.156;2024-04-21T17:00:00+02:00
1154;Generación medida Hulla antracita;;;245.317;2024-04-21T18:00:00+02:00
1154;Generación medida Hulla antracita;;;245.004;2024-04-21T19:00:00+02:00
1154;Generación medida Hulla antracita;;;245.365;2024-04-21T20:00:00+02:00
1154;Generación medida Hulla antracita;;;244.691;2024-04-21T21:00:00+02:00
1154;Generación medida Hulla antracita;;;245.364;2024-04-21T22:00:00+02:00
1154;Generación medida Hulla antracita;;;245.497;2024-04-21T23:00:00+02:00
1154;Generación medida Hulla antracita;;;245.295;2024-04-22T00:00:00+02:00
1154;Generación medida Hulla antracita;;;245.392;2024-04-22T01:00:00+02:00
1154;Generación medida Hulla antracita;;;245.437;2024-04-22T02:00:00+02:00
1154;Generación medida Hulla antracita;;;245.525;2024-04-22T03:00:00+02:00
1154;Generación medida Hulla antracita;;;245.489;2024-04-22T04:00:00+02:00
1154;Generación medida Hulla antracita;;;245.536;2024-04-22T05:00:00+02:00
1154;Generación medida Hulla antracita;;;245.398;2024-04-22T06:00:00+02:00
1154;Generación medida Hulla antracita;;;245.264;2024-04-22T07:00:00+02:00
1154;Generación medida Hulla antracita;;;302.59;2024-04-22T08:00:00+02:00
1154;Generación medida Hulla antracita;;;352.613;2024-04-22T09:00:00+02:00
1154;Generación medida Hulla antracita;;;402.905;2024-04-22T10:00:00+02:00
1154;Generación medida Hulla antracita;;;452.512;2024-04-22T11:00:00+02:00
1154;Generación medida Hulla antracita;;;503.107;2024-04-22T12:00:00+02:00
1154;Generación medida Hulla antracita;;;452.16;2024-04-22T13:00:00+02:00
1154;Generación medida Hulla antracita;;;401.997;2024-04-22T14:00:00+02:00
1154;Generación medida Hulla antracita;;;402.153;2024-04-22T15:00:00+02:00
1154;Generación medida Hulla antracita;;;352.254;2024-04-22T16:00:00+02:00
1154;Generación medida Hulla antracita;;;302.152;2024-04-22T17:00:00+02:00
1154;Generación medida Hulla antracita;;;327.487;2024-04-22T18:00:00+02:00
1154;Generación medida Hulla antracita;;;352.37;2024-04-22T19:00:00+02:00
1154;Generación medida Hulla antracita;;;352.234;2024-04-22T20:00:00+02:00
1154;Generación medida Hulla antracita;;;352.094;2024-04-22T21:00:00+02:00
1154;Generación medida Hulla antracita;;;302.052;2024-04-22T22:00:00+02:00
1154;Generación medida Hulla antracita;;;244.712;2024-04-22T23:00:00+02:00
1154;Generación medida Hulla antracita;;;244.669;2024-04-23T00:00:00+02:00
1154;Generación medida Hulla antracita;;;244.81;2024-04-23T01:00:00+02:00
1154;Generación medida Hulla antracita;;;247.188;2024-04-23T02:00:00+02:00
1154;Generación medida Hulla antracita;;;243.648;2024-04-23T03:00:00+02:00
1154;Generación medida Hulla antracita;;;245.108;2024-04-23T04:00:00+02:00
1154;Generación medida Hulla antracita;;;245.248;2024-04-23T05:00:00+02:00
1154;Generación medida Hulla antracita;;;245.168;2024-04-23T06:00:00+02:00
1154;Generación medida Hulla antracita;;;245.128;2024-04-23T07:00:00+02:00
1154;Generación medida Hulla antracita;;;306.047;2024-04-23T08:00:00+02:00
1154;Generación medida Hulla antracita;;;355.63;2024-04-23T09:00:00+02:00
1154;Generación medida Hulla antracita;;;404.781;2024-04-23T10:00:00+02:00
1154;Generación medida Hulla antracita;;;454.823;2024-04-23T11:00:00+02:00
1154;Generación medida Hulla antracita;;;504.559;2024-04-23T12:00:00+02:00
1154;Generación medida Hulla antracita;;;455.222;2024-04-23T13:00:00+02:00
1154;Generación medida Hulla antracita;;;403.3;2024-04-23T14:00:00+02:00
1154;Generación medida Hulla antracita;;;403.031;2024-04-23T15:00:00+02:00
1154;Generación medida Hulla antracita;;;352.34;2024-04-23T16:00:00+02:00
1154;Generación medida Hulla antracita;;;332.359;2024-04-23T17:00:00+02:00
1154;Generación medida Hulla antracita;;;352.121;2024-04-23T18:00:00+02:00
1154;Generación medida Hulla antracita;;;401.895;2024-04-23T19:00:00+02:00
1154;Generación medida Hulla antracita;;;401.834;2024-04-23T20:00:00+02:00
1154;Generación medida Hulla antracita;;;352.121;2024-04-23T21:00:00+02:00
1154;Generación medida Hulla antracita;;;302.095;2024-04-23T22:00:00+02:00
1154;Generación medida Hulla antracita;;;245.391;2024-04-23T23:00:00+02:00
1154;Generación medida Hulla antracita;;;244.87;2024-04-24T00:00:00+02:00
1154;Generación medida Hulla antracita;;;245.888;2024-04-24T01:00:00+02:00
1154;Generación medida Hulla antracita;;;245.188;2024-04-24T02:00:00+02:00
1154;Generación medida Hulla antracita;;;245.428;2024-04-24T03:00:00+02:00
1154;Generación medida Hulla antracita;;;245.248;2024-04-24T04:00:00+02:00
1154;Generación medida Hulla antracita;;;245.388;2024-04-24T05:00:00+02:00
1154;Generación medida Hulla antracita;;;245.268;2024-04-24T06:00:00+02:00
1154;Generación medida Hulla antracita;;;245.207;2024-04-24T07:00:00+02:00
1154;Generación medida Hulla antracita;;;301.634;2024-04-24T08:00:00+02:00
1154;Generación medida Hulla antracita;;;352.159;2024-04-24T09:00:00+02:00
1154;Generación medida Hulla antracita;;;403.838;2024-04-24T10:00:00+02:00
1154;Generación medida Hulla antracita;;;452.899;2024-04-24T11:00:00+02:00
1154;Generación medida Hulla antracita;;;501.829;2024-04-24T12:00:00+02:00
1154;Generación medida Hulla antracita;;;453.368;2024-04-24T13:00:00+02:00
1154;Generación medida Hulla antracita;;;403.147;2024-04-24T14:00:00+02:00
1154;Generación medida Hulla antracita;;;402.888;2024-04-24T15:00:00+02:00
1154;Generación medida Hulla antracita;;;351.828;2024-04-24T16:00:00+02:00
1154;Generación medida Hulla antracita;;;332.271;2024-04-24T17:00:00+02:00
1154;Generación medida Hulla antracita;;;352.527;2024-04-24T18:00:00+02:00
1154;Generación medida Hulla antracita;;;401.908;2024-04-24T19:00:00+02:00
1154;Generación medida Hulla antracita;;;402.268;2024-04-24T20:00:00+02:00
1154;Generación medida Hulla antracita;;;351.848;2024-04-24T21:00:00+02:00
1154;Generación medida Hulla antracita;;;312.288;2024-04-24T22:00:00+02:00
1154;Generación medida Hulla antracita;;;245.567;2024-04-24T23:00:00+02:00
1154;Generación medida Hulla antracita;;;245.428;2024-04-25T00:00:00+02:00
1154;Generación medida Hulla antracita;;;245.548;2024-04-25T01:00:00+02:00
1154;Generación medida Hulla antracita;;;245.428;2024-04-25T02:00:00+02:00
1154;Generación medida Hulla antracita;;;245.568;2024-04-25T03:00:00+02:00
1154;Generación medida Hulla antracita;;;245.608;2024-04-25T04:00:00+02:00
1154;Generación medida Hulla antracita;;;245.828;2024-04-25T05:00:00+02:00
1154;Generación medida Hulla antracita;;;245.63;2024-04-25T06:00:00+02:00
1154;Generación medida Hulla antracita;;;245.351;2024-04-25T07:00:00+02:00
1154;Generación medida Hulla antracita;;;295.583;2024-04-25T08:00:00+02:00
1154;Generación medida Hulla antracita;;;351.083;2024-04-25T09:00:00+02:00
1154;Generación medida Hulla antracita;;;400.661;2024-04-25T10:00:00+02:00
1154;Generación medida Hulla antracita;;;451.623;2024-04-25T11:00:00+02:00
1154;Generación medida Hulla antracita;;;501.383;2024-04-25T12:00:00+02:00
1154;Generación medida Hulla antracita;;;453.363;2024-04-25T13:00:00+02:00
1154;Generación medida Hulla antracita;;;404.1;2024-04-25T14:00:00+02:00
1154;Generación medida Hulla antracita;;;401.941;2024-04-25T15:00:00+02:00
1154;Generación medida Hulla antracita;;;352.438;2024-04-25T16:00:00+02:00
1154;Generación medida Hulla antracita;;;327.141;2024-04-25T17:00:00+02:00
1154;Generación medida Hulla antracita;;;352.741;2024-04-25T18:00:00+02:00
1154;Generación medida Hulla antracita;;;401.939;2024-04-25T19:00:00+02:00
1154;Generación medida Hulla antracita;;;401.999;2024-04-25T20:00:00+02:00
1154;Generación medida Hulla antracita;;;352.199;2024-04-25T21:00:00+02:00
1154;Generación medida Hulla antracita;;;302.11;2024-04-25T22:00:00+02:00
1154;Generación medida Hulla antracita;;;245.369;2024-04-25T23:00:00+02:00
1154;Generación medida Hulla antracita;;;245.768;2024-04-26T00:00:00+02:00
1154;Generación medida Hulla antracita;;;245.468;2024-04-26T01:00:00+02:00
1154;Generación medida Hulla antracita;;;245.268;2024-04-26T02:00:00+02:00
1154;Generación medida Hulla antracita;;;245.287;2024-04-26T03:00:00+02:00
1154;Generación medida Hulla antracita;;;245.291;2024-04-26T04:00:00+02:00
1154;Generación medida Hulla antracita;;;245.108;2024-04-26T05:00:00+02:00
1154;Generación medida Hulla antracita;;;245.328;2024-04-26T06:00:00+02:00
1154;Generación medida Hulla antracita;;;245.047;2024-04-26T07:00:00+02:00
1154;Generación medida Hulla antracita;;;302.208;2024-04-26T08:00:00+02:00
1154;Generación medida Hulla antracita;;;352.87;2024-04-26T09:00:00+02:00
1154;Generación medida Hulla antracita;;;402.108;2024-04-26T10:00:00+02:00
1154;Generación medida Hulla antracita;;;452.051;2024-04-26T11:00:00+02:00
1154;Generación medida Hulla antracita;;;502.027;2024-04-26T12:00:00+02:00
1154;Generación medida Hulla antracita;;;452.108;2024-04-26T13:00:00+02:00
1154;Generación medida Hulla antracita;;;402.828;2024-04-26T14:00:00+02:00
1154;Generación medida Hulla antracita;;;402.707;2024-04-26T15:00:00+02:00
1154;Generación medida Hulla antracita;;;353.256;2024-04-26T16:00:00+02:00
1154;Generación medida Hulla antracita;;;327.858;2024-04-26T17:00:00+02:00
1154;Generación medida Hulla antracita;;;353.758;2024-04-26T18:00:00+02:00
1154;Generación medida Hulla antracita;;;402.658;2024-04-26T19:00:00+02:00
1154;Generación medida Hulla antracita;;;403.278;2024-04-26T20:00:00+02:00
1154;Generación medida Hulla antracita;;;358.872;2024-04-26T21:00:00+02:00
1154;Generación medida Hulla antracita;;;303.049;2024-04-26T22:00:00+02:00
1154;Generación medida Hulla antracita;;;245.111;2024-04-26T23:00:00+02:00
1154;Generación medida Hulla antracita;;;244.628;2024-04-27T00:00:00+02:00
1154;Generación medida Hulla antracita;;;245.647;2024-04-27T01:00:00+02:00
1154;Generación medida Hulla antracita;;;244.208;2024-04-27T02:00:00+02:00
1154;Generación medida Hulla antracita;;;245.388;2024-04-27T03:00:00+02:00
1154;Generación medida Hulla antracita;;;245.628;2024-04-27T04:00:00+02:00
1154;Generación medida Hulla antracita;;;245.988;2024-04-27T05:00:00+02:00
1154;Generación medida Hulla antracita;;;245.387;2024-04-27T06:00:00+02:00
1154;Generación medida Hulla antracita;;;302.328;2024-04-27T07:00:00+02:00
1154;Generación medida Hulla antracita;;;352.348;2024-04-27T08:00:00+02:00
1154;Generación medida Hulla antracita;;;304.307;2024-04-27T09:00:00+02:00
1154;Generación medida Hulla antracita;;;245.488;2024-04-27T10:00:00+02:00
1154;Generación medida Hulla antracita;;;244.908;2024-04-27T11:00:00+02:00
1154;Generación medida Hulla antracita;;;245.267;2024-04-27T12:00:00+02:00
1154;Generación medida Hulla antracita;;;244.608;2024-04-27T13:00:00+02:00
1154;Generación medida Hulla antracita;;;244.508;2024-04-27T14:00:00+02:00
1154;Generación medida Hulla antracita;;;245.947;2024-04-27T15:00:00+02:00
1154;Generación medida Hulla antracita;;;246.068;2024-04-27T16:00:00+02:00
1154;Generación medida Hulla antracita;;;245.027;2024-04-27T17:00:00+02:00
1154;Generación medida Hulla antracita;;;245.308;2024-04-27T18:00:00+02:00
1154;Generación medida Hulla antracita;;;245.128;2024-04-27T19:00:00+02:00
1154;Generación medida Hulla antracita;;;245.207;2024-04-27T20:00:00+02:00
1154;Generación medida Hulla antracita;;;245.288;2024-04-27T21:00:00+02:00
1154;Generación medida Hulla antracita;;;245.328;2024-04-27T22:00:00+02:00
1154;Generación medida Hulla antracita;;;245.748;2024-04-27T23:00:00+02:00
1154;Generación medida Hulla antracita;;;245.988;2024-04-28T00:00:00+02:00
1154;Generación medida Hulla antracita;;;245.807;2024-04-28T01:00:00+02:00
1154;Generación medida Hulla antracita;;;245.208;2024-04-28T02:00:00+02:00
1154;Generación medida Hulla antracita;;;244.728;2024-04-28T03:00:00+02:00
1154;Generación medida Hulla antracita;;;245.168;2024-04-28T04:00:00+02:00
1154;Generación medida Hulla antracita;;;245.268;2024-04-28T05:00:00+02:00
1154;Generación medida Hulla antracita;;;245.128;2024-04-28T06:00:00+02:00
1154;Generación medida Hulla antracita;;;246.087;2024-04-28T07:00:00+02:00
1154;Generación medida Hulla antracita;;;245.608;2024-04-28T08:00:00+02:00
1154;Generación medida Hulla antracita;;;244.108;2024-04-28T09:00:00+02:00
1154;Generación medida Hulla antracita;;;244.727;2024-04-28T10:00:00+02:00
1154;Generación medida Hulla antracita;;;302.188;2024-04-28T11:00:00+02:00
1154;Generación medida Hulla antracita;;;352.588;2024-04-28T12:00:00+02:00
1154;Generación medida Hulla antracita;;;302.827;2024-04-28T13:00:00+02:00
1154;Generación medida Hulla antracita;;;244.088;2024-04-28T14:00:00+02:00
1154;Generación medida Hulla antracita;;;244.768;2024-04-28T15:00:00+02:00
1154;Generación medida Hulla antracita;;;245.347;2024-04-28T16:00:00+02:00
1154;Generación medida Hulla antracita;;;245.648;2024-04-28T17:00:00+02:00
1154;Generación medida Hulla antracita;;;245.688;2024-04-28T18:00:00+02:00
1154;Generación medida Hulla antracita;;;245.607;2024-04-28T19:00:00+02:00
1154;Generación medida Hulla antracita;;;245.635;2024-04-28T20:00:00+02:00
1154;Generación medida Hulla antracita;;;245.516;2024-04-28T21:00:00+02:00
1154;Generación medida Hulla antracita;;;245.468;2024-04-28T22:00:00+02:00
1154;Generación medida Hulla antracita;;;245.368;2024-04-28T23:00:00+02:00
1154;Generación medida Hulla antracita;;;245.268;2024-04-29T00:00:00+02:00
1154;Generación medida Hulla antracita;;;245.028;2024-04-29T01:00:00+02:00
1154;Generación medida Hulla antracita;;;245.208;2024-04-29T02:00:00+02:00
1154;Generación medida Hulla antracita;;;245.088;2024-04-29T03:00:00+02:00
1154;Generación medida Hulla antracita;;;244.531;2024-04-29T04:00:00+02:00
1154;Generación medida Hulla antracita;;;244.99;2024-04-29T05:00:00+02:00
1154;Generación medida Hulla antracita;;;245.388;2024-04-29T06:00:00+02:00
1154;Generación medida Hulla antracita;;;245.508;2024-04-29T07:00:00+02:00
1154;Generación medida Hulla antracita;;;245.668;2024-04-29T08:00:00+02:00
1154;Generación medida Hulla antracita;;;302.127;2024-04-29T09:00:00+02:00
1154;Generación medida Hulla antracita;;;352.168;2024-04-29T10:00:00+02:00
1154;Generación medida Hulla antracita;;;402.048;2024-04-29T11:00:00+02:00
1154;Generación medida Hulla antracita;;;452.928;2024-04-29T12:00:00+02:00
1154;Generación medida Hulla antracita;;;402.027;2024-04-29T13:00:00+02:00
1154;Generación medida Hulla antracita;;;401.768;2024-04-29T14:00:00+02:00
1154;Generación medida Hulla antracita;;;402.148;2024-04-29T15:00:00+02:00
1154;Generación medida Hulla antracita;;;352.19;2024-04-29T16:00:00+02:00
1154;Generación medida Hulla antracita;;;319.052;2024-04-29T17:00:00+02:00
1154;Generación medida Hulla antracita;;;351.848;2024-04-29T18:00:00+02:00
1154;Generación medida Hulla antracita;;;351.898;2024-04-29T19:00:00+02:00
1154;Generación medida Hulla antracita;;;352.019;2024-04-29T20:00:00+02:00
1154;Generación medida Hulla antracita;;;302.159;2024-04-29T21:00:00+02:00
1154;Generación medida Hulla antracita;;;243.23;2024-04-29T22:00:00+02:00
1154;Generación medida Hulla antracita;;;245.612;2024-04-29T23:00:00+02:00
1154;Generación medida Hulla antracita;;;245.57;2024-04-30T00:00:00+02:00
1154;Generación medida Hulla antracita;;;245.75;2024-04-30T01:00:00+02:00
1154;Generación medida Hulla antracita;;;245.708;2024-04-30T02:00:00+02:00
1154;Generación medida Hulla antracita;;;245.867;2024-04-30T03:00:00+02:00
1154;Generación medida Hulla antracita;;;246.011;2024-04-30T04:00:00+02:00
1154;Generación medida Hulla antracita;;;245.708;2024-04-30T05:00:00+02:00
1154;Generación medida Hulla antracita;;;245.788;2024-04-30T06:00:00+02:00
1154;Generación medida Hulla antracita;;;244.887;2024-04-30T07:00:00+02:00
1154;Generación medida Hulla antracita;;;247.548;2024-04-30T08:00:00+02:00
1154;Generación medida Hulla antracita;;;304.009;2024-04-30T09:00:00+02:00
1154;Generación medida Hulla antracita;;;353.417;2024-04-30T10:00:00+02:00
1154;Generación medida Hulla antracita;;;402.424;2024-04-30T11:00:00+02:00
1154;Generación medida Hulla antracita;;;403.059;2024-04-30T12:00:00+02:00
1154;Generación medida Hulla antracita;;;401.678;2024-04-30T13:00:00+02:00
1154;Generación medida Hulla antracita;;;402.199;2024-04-30T14:00:00+02:00
1154;Generación medida Hulla antracita;;;352.358;2024-04-30T15:00:00+02:00
1154;Generación medida Hulla antracita;;;352.233;2024-04-30T16:00:00+02:00
1154;Generación medida Hulla antracita;;;302.068;2024-04-30T17:00:00+02:00
1154;Generación medida Hulla antracita;;;277.488;2024-04-30T18:00:00+02:00
1154;Generación medida Hulla antracita;;;302.407;2024-04-30T19:00:00+02:00
1154;Generación medida Hulla antracita;;;250.133;2024-04-30T20:00:00+02:00
1154;Generación medida Hulla antracita;;;245.202;2024-04-30T21:00:00+02:00
1154;Generación medida Hulla antracita;;;245.237;2024-04-30T22:00:00+02:00
1154;Generación medida Hulla antracita;;;244.991;2024-04-30T23:00:00+02:00
1155;Generación medida Hulla sub-bituminosa;;;-1.277;2024-04-01T00:00:00+02:00
1155;Generación medida Hulla sub-bituminosa;;;-1.262;2024-04-01T01:00:00+02:00
1155;Generación medida Hulla sub-bituminosa;;;-1.231;2024-04-01T02:00:00+02:00
1155;Generación medida Hulla sub-bituminosa;;;-1.232;2024-04-01T03:00:00+02:00
1155;Generación medida Hulla sub-bituminosa;;;-1.235;2024-04-01T04:00:00+02:00
1155;Generación medida Hulla sub-bituminosa;;;-1.361;2024-04-01T05:00:00+02:00
1155;Generación medida Hulla sub-bituminosa;;;-1.404;2024-04-01T06:00:00+02:00
1155;Generación medida Hulla sub-bituminosa;;;-1.679;2024-04-01T07:00:00+02:00
1155;Generación medida Hulla sub-bituminosa;;;-1.618;2024-04-01T08:00:00+02:00
1155;Generación medida Hulla sub-bituminosa;;;-1.727;2024-04-01T09:00:00+02:00
1155;Generación medida Hulla sub-bituminosa;;;-1.646;2024-04-01T10:00:00+02:00
1155;Generación medida Hulla sub-bituminosa;;;-1.548;2024-04-01T11:00:00+02:00
1155;Generación medida Hulla sub-bituminosa;;;-1.523;2024-04-01T12:00:00+02:00
1155;Generación medida Hulla sub-bituminosa;;;-1.432;2024-04-01T13:00:00+02:00
1155;Generación medida Hulla sub-bituminosa;;;-1.512;2024-04-01T14:00:00+02:00
1155;Generación medida Hulla sub-bituminosa;;;-1.289;2024-04-01T15:00:00+02:00
1155;Generación medida Hulla sub-bituminosa;;;-1.384;2024-04-01T16:00:00+02:00
1155;Generación medida Hulla sub-bituminosa;;;-1.542;2024-04-01T17:00:00+02:00
1155;Generación medida Hulla sub-bituminosa;;;-1.537;2024-04-01T18:00:00+02:00
1155;Generación medida Hulla sub-bituminosa;;;-1.557;2024-04-01T19:00:00+02:00
1155;Generación medida Hulla sub-bituminosa;;;-1.624;2024-04-01T20:00:00+02:00
1155;Generación medida Hulla sub-bituminosa;;;-1.792;2024-04-01T21:00:00+02:00
1155;Generación medida Hulla sub-bituminosa;;;-1.782;2024-04-01T22:00:00+02:00
1155;Generación medida Hulla sub-bituminosa;;;-1.712;2024-04-01T23:00:00+02:00
1155;Generación medida Hulla sub-bituminosa;;;-1.699;2024-04-02T00:00:00+02:00
1155;Generación medida Hulla sub-bituminosa;;;-1.656;2024-04-02T01:00:00+02:00
1155;Generación medida Hulla sub-bituminosa;;;-1.656;2024-04-02T02:00:00+02:00
1155;Generación medida Hulla sub-bituminosa;;;-1.68;2024-04-02T03:00:00+02:00
1155;Generación medida Hulla sub-bituminosa;;;-1.702;2024-04-02T04:00:00+02:00
1155;Generación medida Hulla sub-bituminosa;;;-1.563;2024-04-02T05:00:00+02:00
1155;Generación medida Hulla sub-bituminosa;;;-1.359;2024-04-02T06:00:00+02:00
1155;Generación medida Hulla sub-bituminosa;;;-1.672;2024-04-02T07:00:00+02:00
1155;Generación medida Hulla sub-bituminosa;;;-1.656;2024-04-02T08:00:00+02:00
1155;Generación medida Hulla sub-bituminosa;;;-1.542;2024-04-02T09:00:00+02:00
1155;Generación medida Hulla sub-bituminosa;;;-1.619;2024-04-02T10:00:00+02:00
1155;Generación medida Hulla sub-bituminosa;;;-1.616;2024-04-02T11:00:00+02:00
1155;Generación medida Hulla sub-bituminosa;;;-1.554;2024-04-02T12:00:00+02:00
1155;Generación medida Hulla sub-bituminosa;;;-1.553;2024-04-02T13:00:00+02:00
1155;Generación medida Hulla sub-bituminosa;;;-1.569;2024-04-02T14:00:00+02:00
1155;Generación medida Hulla sub-bituminosa;;;-1.506;2024-04-02T15:00:00+02:00
1155;Generación medida Hulla sub-bituminosa;;;-1.493;2024-04-02T16:00:00+02:00
1155;Generación medida Hulla sub-bituminosa;;;-1.496;2024-04-02T17:00:00+02:00
1155;Generación medida Hulla sub-bituminosa;;;-1.549;2024-04-02T18:00:00+02:00
1155;Generación medida Hulla sub-bituminosa;;;-1.561;2024-04-02T19:00:00+02:00
1155;Generación medida Hulla sub-bituminosa;;;-1.579;2024-04-02T20:00:00+02:00
1155;Generación medida Hulla sub-bituminosa;;;-1.607;2024-04-02T21:00:00+02:00
1155;Generación medida Hulla sub-bituminosa;;;-1.59;2024-04-02T22:00:00+02:00
1155;Generación medida Hulla sub-bituminosa;;;-1.618;2024-04-02T23:00:00+02:00
1155;Generación medida Hulla sub-bituminosa;;;-1.621;2024-04-03T00:00:00+02:00
1155;Generación medida Hulla sub-bituminosa;;;-1.566;2024-04-03T01:00:00+02:00
1155;Generación medida Hulla sub-bituminosa;;;-1.625;2024-04-03T02:00:00+02:00
1155;Generación medida Hulla sub-bituminosa;;;-1.598;2024-04-03T03:00:00+02:00
1155;Generación medida Hulla sub-bituminosa;;;-1.578;2024-04-03T04:00:00+02:00
1155;Generación medida Hulla sub-bituminosa;;;-1.557;2024-04-03T05:00:00+02:00
1155;Generación medida Hulla sub-bituminosa;;;-1.522;2024-04-03T06:00:00+02:00
1155;Generación medida Hulla sub-bituminosa;;;-1.694;2024-04-03T07:00:00+02:00
1155;Generación medida Hulla sub-bituminosa;;;-1.538;2024-04-03T08:00:00+02:00
1155;Generación medida Hulla sub-bituminosa;;;-1.789;2024-04-03T09:00:00+02:00
1155;Generación medida Hulla sub-bituminosa;;;-1.7;2024-04-03T10:00:00+02:00
1155;Generación medida Hulla sub-bituminosa;;;-1.676;2024-04-03T11:00:00+02:00
1155;Generación medida Hulla sub-bituminosa;;;-1.667;2024-04-03T12:00:00+02:00
1155;Generación medida Hulla sub-bituminosa;;;-1.646;2024-04-03T13:00:00+02:00
1155;Generación medida Hulla sub-bituminosa;;;-1.64;2024-04-03T14:00:00+02:00
1155;Generación medida Hulla sub-bituminosa;;;-1.56;2024-04-03T15:00:00+02:00
1155;Generación medida Hulla sub-bituminosa;;;-1.586;2024-04-03T16:00:00+02:00
1155;Generación medida Hulla sub-bituminosa;;;-1.579;2024-04-03T17:00:00+02:00
1155;Generación medida Hulla sub-bituminosa;;;-1.578;2024-04-03T18:00:00+02:00
1155;Generación medida Hulla sub-bituminosa;;;-1.42;2024-04-03T19:00:00+02:00
1155;Generación medida Hulla sub-bituminosa;;;-1.335;2024-04-03T20:00:00+02:00
1155;Generación medida Hulla sub-bituminosa;;;-1.556;2024-04-03T21:00:00+02:00
1155;Generación medida Hulla sub-bituminosa;;;-1.587;2024-04-03T22:00:00+02:00
1155;Generación medida Hulla sub-bituminosa;;;-1.584;2024-04-03T23:00:00+02:00
1155;Generación medida Hulla sub-bituminosa;;;-1.646;2024-04-04T00:00:00+02:00
1155;Generación medida Hulla sub-bituminosa;;;-1.59;2024-04-04T01:00:00+02:00
1155;Generación medida Hulla sub-bituminosa;;;-1.577;2024-04-04T02:00:00+02:00
1155;Generación medida Hulla sub-bituminosa;;;-1.425;2024-04-04T03:00:00+02:00
1155;Generación medida Hulla sub-bituminosa;;;-1.485;2024-04-04T04:00:00+02:00
1155;Generación medida Hulla sub-bituminosa;;;-1.561;2024-04-04T05:00:00+02:00
1155;Generación medida Hulla sub-bituminosa;;;-1.382;2024-04-04T06:00:00+02:00
1155;Generación medida Hulla sub-bituminosa;;;-1.587;2024-04-04T07:00:00+02:00
1155;Generación medida Hulla sub-bituminosa;;;-1.547;2024-04-04T08:00:00+02:00
1155;Generación medida Hulla sub-bituminosa;;;-1.529;2024-04-04T09:00:00+02:00
1155;Generación medida Hulla sub-bituminosa;;;-1.541;2024-04-04T10:00:00+02:00
1155;Generación medida Hulla sub-bituminosa;;;-1.548;2024-04-04T11:00:00+02:00
1155;Generación medida Hulla sub-bituminosa;;;-1.529;2024-04-04T12:00:00+02:00
1155;Generación medida Hulla sub-bituminosa;;;-1.5;2024-04-04T13:00:00+02:00
1155;Generación medida Hulla sub-bituminosa;;;-1.484;2024-04-04T14:00:00+02:00
1155;Generación medida Hulla sub-bituminosa;;;-1.316;2024-04-04T15:00:00+02:00
1155;Generación medida Hulla sub-bituminosa;;;-1.098;2024-04-04T16:00:00+02:00
1155;Generación medida Hulla sub-bituminosa;;;-1.102;2024-04-04T17:00:00+02:00
1155;Generación medida Hulla sub-bituminosa;;;-1.143;2024-04-04T18:00:00+02:00
1155;Generación medida Hulla sub-bituminosa;;;-1.215;2024-04-04T19:00:00+02:00
1155;Generación medida Hulla sub-bituminosa;;;-1.272;2024-04-04T20:00:00+02:00
1155;Generación medida Hulla sub-bituminosa;;;-1.424;2024-04-04T21:00:00+02:00
1155;Generación medida Hulla sub-bituminosa;;;-1.287;2024-04-04T22:00:00+02:00
1155;Generación medida Hulla sub-bituminosa;;;-1.363;2024-04-04T23:00:00+02:00
1155;Generación medida Hulla sub-bituminosa;;;-1.222;2024-04-05T00:00:00+02:00
1155;Generación medida Hulla sub-bituminosa;;;-1.245;2024-04-05T01:00:00+02:00
1155;Generación medida Hulla sub-bituminosa;;;-1.216;2024-04-05T02:00:00+02:00
1155;Generación medida Hulla sub-bituminosa;;;-1.185;2024-04-05T03:00:00+02:00
1155;Generación medida Hulla sub-bituminosa;;;-1.251;2024-04-05T04:00:00+02:00
1155;Generación medida Hulla sub-bituminosa;;;-1.194;2024-04-05T05:00:00+02:00
1155;Generación medida Hulla sub-bituminosa;;;-1.216;2024-04-05T06:00:00+02:00
1155;Generación medida Hulla sub-bituminosa;;;-1.242;2024-04-05T07:00:00+02:00
1155;Generación medida Hulla sub-bituminosa;;;-1.496;2024-04-05T08:00:00+02:00
1155;Generación medida Hulla sub-bituminosa;;;-1.403;2024-04-05T09:00:00+02:00
1155;Generación medida Hulla sub-bituminosa;;;-1.31;2024-04-05T10:00:00+02:00
1155;Generación medida Hulla sub-bituminosa;;;-1.19;2024-04-05T11:00:00+02:00
1155;Generación medida Hulla sub-bituminosa;;;-1.222;2024-04-05T12:00:00+02:00
1155;Generación medida Hulla sub-bituminosa;;;-1.332;2024-04-05T13:00:00+02:00
1155;Generación medida Hulla sub-bituminosa;;;-1.133;2024-04-05T14:00:00+02:00
1155;Generación medida Hulla sub-bituminosa;;;-1.195;2024-04-05T15:00:00+02:00
1155;Generación medida Hulla sub-bituminosa;;;-1.089;2024-04-05T16:00:00+02:00
1155;Generación medida Hulla sub-bituminosa;;;-1.183;2024-04-05T17:00:00+02:00
1155;Generación medida Hulla sub-bituminosa;;;-1.053;2024-04-05T18:00:00+02:00
1155;Generación medida Hulla sub-bituminosa;;;-1.054;2024-04-05T19:00:00+02:00
1155;Generación medida Hulla sub-bituminosa;;;-1.174;2024-04-05T20:00:00+02:00
1155;Generación medida Hulla sub-bituminosa;;;-1.45;2024-04-05T21:00:00+02:00
1155;Generación medida Hulla sub-bituminosa;;;-1.244;2024-04-05T22:00:00+02:00
1155;Generación medida Hulla sub-bituminosa;;;-1.123;2024-04-05T23:00:00+02:00
1155;Generación medida Hulla sub-bituminosa;;;-1.444;2024-04-06T00:00:00+02:00
1155;Generación medida Hulla sub-bituminosa;;;-1.575;2024-04-06T01:00:00+02:00
1155;Generación medida Hulla sub-bituminosa;;;-1.586;2024-04-06T02:00:00+02:00
1155;Generación medida Hulla sub-bituminosa;;;-1.56;2024-04-06T03:00:00+02:00
1155;Generación medida Hulla sub-bituminosa;;;-1.512;2024-04-06T04:00:00+02:00
1155;Generación medida Hulla sub-bituminosa;;;-1.526;2024-04-06T05:00:00+02:00
1155;Generación medida Hulla sub-bituminosa;;;-1.402;2024-04-06T06:00:00+02:00
1155;Generación medida Hulla sub-bituminosa;;;-1.269;2024-04-06T07:00:00+02:00
1155;Generación medida Hulla sub-bituminosa;;;-1.321;2024-04-06T08:00:00+02:00
1155;Generación medida Hulla sub-bituminosa;;;-1.301;2024-04-06T09:00:00+02:00
1155;Generación medida Hulla sub-bituminosa;;;-1.239;2024-04-06T10:00:00+02:00
1155;Generación medida Hulla sub-bituminosa;;;-1.256;2024-04-06T11:00:00+02:00
1155;Generación medida Hulla sub-bituminosa;;;-1.299;2024-04-06T12:00:00+02:00
1155;Generación medida Hulla sub-bituminosa;;;-1.228;2024-04-06T13:00:00+02:00
1155;Generación medida Hulla sub-bituminosa;;;-1.192;2024-04-06T14:00:00+02:00
1155;Generación medida Hulla sub-bituminosa;;;-1.146;2024-04-06T15:00:00+02:00
1155;Generación medida Hulla sub-bituminosa;;;-1.335;2024-04-06T16:00:00+02:00
1155;Generación medida Hulla sub-bituminosa;;;-1.335;2024-04-06T17:00:00+02:00
1155;Generación medida Hulla sub-bituminosa;;;-1.349;2024-04-06T18:00:00+02:00
1155;Generación medida Hulla sub-bituminosa;;;-1.35;2024-04-06T19:00:00+02:00
1155;Generación medida Hulla sub-bituminosa;;;-1.405;2024-04-06T20:00:00+02:00
1155;Generación medida Hulla sub-bituminosa;;;-1.471;2024-04-06T21:00:00+02:00
1155;Generación medida Hulla sub-bituminosa;;;-1.422;2024-04-06T22:00:00+02:00
1155;Generación medida Hulla sub-bituminosa;;;-1.386;2024-04-06T23:00:00+02:00
1155;Generación medida Hulla sub-bituminosa;;;-1.368;2024-04-07T00:00:00+02:00
1155;Generación medida Hulla sub-bituminosa;;;-1.245;2024-04-07T01:00:00+02:00
1155;Generación medida Hulla sub-bituminosa;;;-1.184;2024-04-07T02:00:00+02:00
1155;Generación medida Hulla sub-bituminosa;;;-1.159;2024-04-07T03:00:00+02:00
1155;Generación medida Hulla sub-bituminosa;;;-1.361;2024-04-07T04:00:00+02:00
1155;Generación medida Hulla sub-bituminosa;;;-1.176;2024-04-07T05:00:00+02:00
1155;Generación medida Hulla sub-bituminosa;;;-1.135;2024-04-07T06:00:00+02:00
1155;Generación medida Hulla sub-bituminosa;;;-1.325;2024-04-07T07:00:00+02:00
1155;Generación medida Hulla sub-bituminosa;;;-1.373;2024-04-07T08:00:00+02:00
1155;Generación medida Hulla sub-bituminosa;;;-1.383;2024-04-07T09:00:00+02:00
1155;Generación medida Hulla sub-bituminosa;;;-1.411;2024-04-07T10:00:00+02:00
1155;Generación medida Hulla sub-bituminosa;;;-1.423;2024-04-07T11:00:00+02:00
1155;Generación medida Hulla sub-bituminosa;;;-1.375;2024-04-07T12:00:00+02:00
1155;Generación medida Hulla sub-bituminosa;;;-1.406;2024-04-07T13:00:00+02:00
1155;Generación medida Hulla sub-bituminosa;;;-1.381;2024-04-07T14:00:00+02:00
1155;Generación medida Hulla sub-bituminosa;;;-1.323;2024-04-07T15:00:00+02:00
1155;Generación medida Hulla sub-bituminosa;;;-1.324;2024-04-07T16:00:00+02:00
1155;Generación medida Hulla sub-bituminosa;;;-1.352;2024-04-07T17:00:00+02:00
1155;Generación medida Hulla sub-bituminosa;;;-1.368;2024-04-07T18:00:00+02:00
1155;Generación medida Hulla sub-bituminosa;;;-1.367;2024-04-07T19:00:00+02:00
1155;Generación medida Hulla sub-bituminosa;;;-1.33;2024-04-07T20:00:00+02:00
1155;Generación medida Hulla sub-bituminosa;;;-1.48;2024-04-07T21:00:00+02:00
1155;Generación medida Hulla sub-bituminosa;;;-1.451;2024-04-07T22:00:00+02:00
1155;Generación medida Hulla sub-bituminosa;;;-1.359;2024-04-07T23:00:00+02:00
1155;Generación medida Hulla sub-bituminosa;;;-1.36;2024-04-08T00:00:00+02:00
1155;Generación medida Hulla sub-bituminosa;;;-1.535;2024-04-08T01:00:00+02:00
1155;Generación medida Hulla sub-bituminosa;;;-1.328;2024-04-08T02:00:00+02:00
1155;Generación medida Hulla sub-bituminosa;;;-1.384;2024-04-08T03:00:00+02:00
1155;Generación medida Hulla sub-bituminosa;;;-1.376;2024-04-08T04:00:00+02:00
1155;Generación medida Hulla sub-bituminosa;;;-1.406;2024-04-08T05:00:00+02:00
1155;Generación medida Hulla sub-bituminosa;;;-1.451;2024-04-08T06:00:00+02:00
1155;Generación medida Hulla sub-bituminosa;;;-1.481;2024-04-08T07:00:00+02:00
1155;Generación medida Hulla sub-bituminosa;;;-1.466;2024-04-08T08:00:00+02:00
1155;Generación medida Hulla sub-bituminosa;;;-1.669;2024-04-08T09:00:00+02:00
1155;Generación medida Hulla sub-bituminosa;;;-1.451;2024-04-08T10:00:00+02:00
1155;Generación medida Hulla sub-bituminosa;;;-1.333;2024-04-08T11:00:00+02:00
1155;Generación medida Hulla sub-bituminosa;;;-1.277;2024-04-08T12:00:00+02:00
1155;Generación medida Hulla sub-bituminosa;;;-1.279;2024-04-08T13:00:00+02:00
1155;Generación medida Hulla sub-bituminosa;;;-1.252;2024-04-08T14:00:00+02:00
1155;Generación medida Hulla sub-bituminosa;;;-1.261;2024-04-08T15:00:00+02:00
1155;Generación medida Hulla sub-bituminosa;;;-1.244;2024-04-08T16:00:00+02:00
1155;Generación medida Hulla sub-bituminosa;;;-1.24;2024-04-08T17:00:00+02:00
1155;Generación medida Hulla sub-bituminosa;;;-1.265;2024-04-08T18:00:00+02:00
1155;Generación medida Hulla sub-bituminosa;;;-1.259;2024-04-08T19:00:00+02:00
1155;Generación medida Hulla sub-bituminosa;;;-1.277;2024-04-08T20:00:00+02:00
1155;Generación medida Hulla sub-bituminosa;;;-1.302;2024-04-08T21:00:00+02:00
1155;Generación medida Hulla sub-bituminosa;;;-1.306;2024-04-08T22:00:00+02:00
1155;Generación medida Hulla sub-bituminosa;;;-1.313;2024-04-08T23:00:00+02:00
1155;Generación medida Hulla sub-bituminosa;;;-1.317;2024-04-09T00:00:00+02:00
1155;Generación medida Hulla sub-bituminosa;;;-1.315;2024-04-09T01:00:00+02:00
1155;Generación medida Hulla sub-bituminosa;;;-1.331;2024-04-09T02:00:00+02:00
1155;Generación medida Hulla sub-bituminosa;;;-1.357;2024-04-09T03:00:00+02:00
1155;Generación medida Hulla sub-bituminosa;;;-1.355;2024-04-09T04:00:00+02:00
1155;Generación medida Hulla sub-bituminosa;;;-1.34;2024-04-09T05:00:00+02:00
1155;Generación medida Hulla sub-bituminosa;;;-1.342;2024-04-09T06:00:00+02:00
1155;Generación medida Hulla sub-bituminosa;;;-1.39;2024-04-09T07:00:00+02:00
1155;Generación medida Hulla sub-bituminosa;;;-1.344;2024-04-09T08:00:00+02:00
1155;Generación medida Hulla sub-bituminosa;;;-1.341;2024-04-09T09:00:00+02:00
1155;Generación medida Hulla sub-bituminosa;;;-1.305;2024-04-09T10:00:00+02:00
1155;Generación medida Hulla sub-bituminosa;;;-1.374;2024-04-09T11:00:00+02:00
1155;Generación medida Hulla sub-bituminosa;;;-1.336;2024-04-09T12:00:00+02:00
1155;Generación medida Hulla sub-bituminosa;;;-1.296;2024-04-09T13:00:00+02:00
1155;Generación medida Hulla sub-bituminosa;;;-1.288;2024-04-09T14:00:00+02:00
1155;Generación medida Hulla sub-bituminosa;;;-1.324;2024-04-09T15:00:00+02:00
1155;Generación medida Hulla sub-bituminosa;;;-1.411;2024-04-09T16:00:00+02:00
1155;Generación medida Hulla sub-bituminosa;;;-1.332;2024-04-09T17:00:00+02:00
1155;Generación medida Hulla sub-bituminosa;;;-1.322;2024-04-09T18:00:00+02:00
1155;Generación medida Hulla sub-bituminosa;;;-1.312;2024-04-09T19:00:00+02:00
1155;Generación medida Hulla sub-bituminosa;;;-1.302;2024-04-09T20:00:00+02:00
1155;Generación medida Hulla sub-bituminosa;;;-1.355;2024-04-09T21:00:00+02:00
1155;Generación medida Hulla sub-bituminosa;;;-1.35;2024-04-09T22:00:00+02:00
1155;Generación medida Hulla sub-bituminosa;;;-1.341;2024-04-09T23:00:00+02:00
1155;Generación medida Hulla sub-bituminosa;;;-1.349;2024-04-10T00:00:00+02:00
1155;Generación medida Hulla sub-bituminosa;;;-1.351;2024-04-10T01:00:00+02:00
1155;Generación medida Hulla sub-bituminosa;;;-1.363;2024-04-10T02:00:00+02:00
1155;Generación medida Hulla sub-bituminosa;;;-1.37;2024-04-10T03:00:00+02:00
1155;Generación medida Hulla sub-bituminosa;;;-1.371;2024-04-10T04:00:00+02:00
1155;Generación medida Hulla sub-bituminosa;;;-1.36;2024-04-10T05:00:00+02:00
1155;Generación medida Hulla sub-bituminosa;;;-1.376;2024-04-10T06:00:00+02:00
1155;Generación medida Hulla sub-bituminosa;;;-1.409;2024-04-10T07:00:00+02:00
1155;Generación medida Hulla sub-bituminosa;;;-1.35;2024-04-10T08:00:00+02:00
1155;Generación medida Hulla sub-bituminosa;;;-1.293;2024-04-10T09:00:00+02:00
1155;Generación medida Hulla sub-bituminosa;;;-1.287;2024-04-10T10:00:00+02:00
1155;Generación medida Hulla sub-bituminosa;;;-1.412;2024-04-10T11:00:00+02:00
1155;Generación medida Hulla sub-bituminosa;;;-1.392;2024-04-10T12:00:00+02:00
1155;Generación medida Hulla sub-bituminosa;;;-1.362;2024-04-10T13:00:00+02:00
1155;Generación medida Hulla sub-bituminosa;;;-1.326;2024-04-10T14:00:00+02:00
1155;Generación medida Hulla sub-bituminosa;;;-1.308;2024-04-10T15:00:00+02:00
1155;Generación medida Hulla sub-bituminosa;;;-1.305;2024-04-10T16:00:00+02:00
1155;Generación medida Hulla sub-bituminosa;;;-1.285;2024-04-10T17:00:00+02:00
1155;Generación medida Hulla sub-bituminosa;;;-1.308;2024-04-10T18:00:00+02:00
1155;Generación medida Hulla sub-bituminosa;;;-1.33;2024-04-10T19:00:00+02:00
1155;Generación medida Hulla sub-bituminosa;;;-1.301;2024-04-10T20:00:00+02:00
1155;Generación medida Hulla sub-bituminosa;;;-1.353;2024-04-10T21:00:00+02:00
1155;Generación medida Hulla sub-bituminosa;;;-1.379;2024-04-10T22:00:00+02:00
1155;Generación medida Hulla sub-bituminosa;;;-1.371;2024-04-10T23:00:00+02:00
1155;Generación medida Hulla sub-bituminosa;;;-1.36;2024-04-11T00:00:00+02:00
1155;Generación medida Hulla sub-bituminosa;;;-1.378;2024-04-11T01:00:00+02:00
1155;Generación medida Hulla sub-bituminosa;;;-1.382;2024-04-11T02:00:00+02:00
1155;Generación medida Hulla sub-bituminosa;;;-1.408;2024-04-11T03:00:00+02:00
1155;Generación medida Hulla sub-bituminosa;;;-1.41;2024-04-11T04:00:00+02:00
1155;Generación medida Hulla sub-bituminosa;;;-1.393;2024-04-11T05:00:00+02:00
1155;Generación medida Hulla sub-bituminosa;;;-1.402;2024-04-11T06:00:00+02:00
1155;Generación medida Hulla sub-bituminosa;;;-1.427;2024-04-11T07:00:00+02:00
1155;Generación medida Hulla sub-bituminosa;;;-1.418;2024-04-11T08:00:00+02:00
1155;Generación medida Hulla sub-bituminosa;;;-1.413;2024-04-11T09:00:00+02:00
1155;Generación medida Hulla sub-bituminosa;;;-1.39;2024-04-11T10:00:00+02:00
1155;Generación medida Hulla sub-bituminosa;;;-1.402;2024-04-11T11:00:00+02:00
1155;Generación medida Hulla sub-bituminosa;;;-1.398;2024-04-11T12:00:00+02:00
1155;Generación medida Hulla sub-bituminosa;;;-1.401;2024-04-11T13:00:00+02:00
1155;Generación medida Hulla sub-bituminosa;;;-1.41;2024-04-11T14:00:00+02:00
1155;Generación medida Hulla sub-bituminosa;;;-1.391;2024-04-11T15:00:00+02:00
1155;Generación medida Hulla sub-bituminosa;;;-1.375;2024-04-11T16:00:00+02:00
1155;Generación medida Hulla sub-bituminosa;;;-1.278;2024-04-11T17:00:00+02:00
1155;Generación medida Hulla sub-bituminosa;;;-1.28;2024-04-11T18:00:00+02:00
1155;Generación medida Hulla sub-bituminosa;;;-1.227;2024-04-11T19:00:00+02:00
1155;Generación medida Hulla sub-bituminosa;;;-1.201;2024-04-11T20:00:00+02:00
1155;Generación medida Hulla sub-bituminosa;;;-1.287;2024-04-11T21:00:00+02:00
1155;Generación medida Hulla sub-bituminosa;;;-1.313;2024-04-11T22:00:00+02:00
1155;Generación medida Hulla sub-bituminosa;;;-1.317;2024-04-11T23:00:00+02:00
1155;Generación medida Hulla sub-bituminosa;;;-1.299;2024-04-12T00:00:00+02:00
1155;Generación medida Hulla sub-bituminosa;;;-1.298;2024-04-12T01:00:00+02:00
1155;Generación medida Hulla sub-bituminosa;;;-1.314;2024-04-12T02:00:00+02:00
1155;Generación medida Hulla sub-bituminosa;;;-1.316;2024-04-12T03:00:00+02:00
1155;Generación medida Hulla sub-bituminosa;;;-1.328;2024-04-12T04:00:00+02:00
1155;Generación medida Hulla sub-bituminosa;;;-1.315;2024-04-12T05:00:00+02:00
1155;Generación medida Hulla sub-bituminosa;;;-1.308;2024-04-12T06:00:00+02:00
1155;Generación medida Hulla sub-bituminosa;;;-1.353;2024-04-12T07:00:00+02:00
1155;Generación medida Hulla sub-bituminosa;;;-1.333;2024-04-12T08:00:00+02:00
1155;Generación medida Hulla sub-bituminosa;;;-1.336;2024-04-12T09:00:00+02:00
1155;Generación medida Hulla sub-bituminosa;;;-1.313;2024-04-12T10:00:00+02:00
1155;Generación medida Hulla sub-bituminosa;;;-1.292;2024-04-12T11:00:00+02:00
1155;Generación medida Hulla sub-bituminosa;;;-1.312;2024-04-12T12:00:00+02:00
1155;Generación medida Hulla sub-bituminosa;;;-1.293;2024-04-12T13:00:00+02:00
1155;Generación medida Hulla sub-bituminosa;;;-1.241;2024-04-12T14:00:00+02:00
1155;Generación medida Hulla sub-bituminosa;;;-1.206;2024-04-12T15:00:00+02:00
1155;Generación medida Hulla sub-bituminosa;;;-1.199;2024-04-12T16:00:00+02:00
1155;Generación medida Hulla sub-bituminosa;;;-1.218;2024-04-12T17:00:00+02:00
1155;Generación medida Hulla sub-bituminosa;;;-1.209;2024-04-12T18:00:00+02:00
1155;Generación medida Hulla sub-bituminosa;;;-1.216;2024-04-12T19:00:00+02:00
1155;Generación medida Hulla sub-bituminosa;;;-1.239;2024-04-12T20:00:00+02:00
1155;Generación medida Hulla sub-bituminosa;;;-1.32;2024-04-12T21:00:00+02:00
1155;Generación medida Hulla sub-bituminosa;;;-1.317;2024-04-12T22:00:00+02:00
1155;Generación medida Hulla sub-bituminosa;;;-1.311;2024-04-12T23:00:00+02:00
1155;Generación medida Hulla sub-bituminosa;;;-1.314;2024-04-13T00:00:00+02:00
1155;Generación medida Hulla sub-bituminosa;;;-1.33;2024-04-13T01:00:00+02:00
1155;Generación medida Hulla sub-bituminosa;;;-1.321;2024-04-13T02:00:00+02:00
1155;Generación medida Hulla sub-bituminosa;;;-1.317;2024-04-13T03:00:00+02:00
1155;Generación medida Hulla sub-bituminosa;;;-1.335;2024-04-13T04:00:00+02:00
1155;Generación medida Hulla sub-bituminosa;;;-1.342;2024-04-13T05:00:00+02:00
1155;Generación medida Hulla sub-bituminosa;;;-1.329;2024-04-13T06:00:00+02:00
1155;Generación medida Hulla sub-bituminosa;;;-1.336;2024-04-13T07:00:00+02:00
1155;Generación medida Hulla sub-bituminosa;;;-1.258;2024-04-13T08:00:00+02:00
1155;Generación medida Hulla sub-bituminosa;;;-1.235;2024-04-13T09:00:00+02:00
1155;Generación medida Hulla sub-bituminosa;;;-1.211;2024-04-13T10:00:00+02:00
1155;Generación medida Hulla sub-bituminosa;;;-1.203;2024-04-13T11:00:00+02:00
1155;Generación medida Hulla sub-bituminosa;;;-1.205;2024-04-13T12:00:00+02:00
1155;Generación medida Hulla sub-bituminosa;;;-1.188;2024-04-13T13:00:00+02:00
1155;Generación medida Hulla sub-bituminosa;;;-1.2;2024-04-13T14:00:00+02:00
1155;Generación medida Hulla sub-bituminosa;;;-1.206;2024-04-13T15:00:00+02:00
1155;Generación medida Hulla sub-bituminosa;;;-1.192;2024-04-13T16:00:00+02:00
1155;Generación medida Hulla sub-bituminosa;;;-1.2;2024-04-13T17:00:00+02:00
1155;Generación medida Hulla sub-bituminosa;;;-1.219;2024-04-13T18:00:00+02:00
1155;Generación medida Hulla sub-bituminosa;;;-1.239;2024-04-13T19:00:00+02:00
1155;Generación medida Hulla sub-bituminosa;;;-1.232;2024-04-13T20:00:00+02:00
1155;Generación medida Hulla sub-bituminosa;;;-1.305;2024-04-13T21:00:00+02:00
1155;Generación medida Hulla sub-bituminosa;;;-1.305;2024-04-13T22:00:00+02:00
1155;Generación medida Hulla sub-bituminosa;;;-1.285;2024-04-13T23:00:00+02:00
1155;Generación medida Hulla sub-bituminosa;;;-1.295;2024-04-14T00:00:00+02:00
1155;Generación medida Hulla sub-bituminosa;;;-1.293;2024-04-14T01:00:00+02:00
1155;Generación medida Hulla sub-bituminosa;;;-1.301;2024-04-14T02:00:00+02:00
1155;Generación medida Hulla sub-bituminosa;;;-1.29;2024-04-14T03:00:00+02:00
1155;Generación medida Hulla sub-bituminosa;;;-1.302;2024-04-14T04:00:00+02:00
1155;Generación medida Hulla sub-bituminosa;;;-1.307;2024-04-14T05:00:00+02:00
1155;Generación medida Hulla sub-bituminosa;;;-1.306;2024-04-14T06:00:00+02:00
1155;Generación medida Hulla sub-bituminosa;;;-1.307;2024-04-14T07:00:00+02:00
1155;Generación medida Hulla sub-bituminosa;;;-1.234;2024-04-14T08:00:00+02:00
1155;Generación medida Hulla sub-bituminosa;;;-1.208;2024-04-14T09:00:00+02:00
1155;Generación medida Hulla sub-bituminosa;;;-1.214;2024-04-14T10:00:00+02:00
1155;Generación medida Hulla sub-bituminosa;;;-1.187;2024-04-14T11:00:00+02:00
1155;Generación medida Hulla sub-bituminosa;;;-1.169;2024-04-14T12:00:00+02:00
1155;Generación medida Hulla sub-bituminosa;;;-1.152;2024-04-14T13:00:00+02:00
1155;Generación medida Hulla sub-bituminosa;;;-1.157;2024-04-14T14:00:00+02:00
1155;Generación medida Hulla sub-bituminosa;;;-1.186;2024-04-14T15:00:00+02:00
1155;Generación medida Hulla sub-bituminosa;;;-1.171;2024-04-14T16:00:00+02:00
1155;Generación medida Hulla sub-bituminosa;;;-1.134;2024-04-14T17:00:00+02:00
1155;Generación medida Hulla sub-bituminosa;;;-1.175;2024-04-14T18:00:00+02:00
1155;Generación medida Hulla sub-bituminosa;;;-1.194;2024-04-14T19:00:00+02:00
1155;Generación medida Hulla sub-bituminosa;;;-1.21;2024-04-14T20:00:00+02:00
1155;Generación medida Hulla sub-bituminosa;;;-1.281;2024-04-14T21:00:00+02:00
1155;Generación medida Hulla sub-bituminosa;;;-1.305;2024-04-14T22:00:00+02:00
1155;Generación medida Hulla sub-bituminosa;;;-1.283;2024-04-14T23:00:00+02:00
1155;Generación medida Hulla sub-bituminosa;;;-1.277;2024-04-15T00:00:00+02:00
1155;Generación medida Hulla sub-bituminosa;;;-1.276;2024-04-15T01:00:00+02:00
1155;Generación medida Hulla sub-bituminosa;;;-1.297;2024-04-15T02:00:00+02:00
1155;Generación medida Hulla sub-bituminosa;;;-1.288;2024-04-15T03:00:00+02:00
1155;Generación medida Hulla sub-bituminosa;;;-1.3;2024-04-15T04:00:00+02:00
1155;Generación medida Hulla sub-bituminosa;;;-1.305;2024-04-15T05:00:00+02:00
1155;Generación medida Hulla sub-bituminosa;;;-1.318;2024-04-15T06:00:00+02:00
1155;Generación medida Hulla sub-bituminosa;;;-1.338;2024-04-15T07:00:00+02:00
1155;Generación medida Hulla sub-bituminosa;;;-1.277;2024-04-15T08:00:00+02:00
1155;Generación medida Hulla sub-bituminosa;;;-1.294;2024-04-15T09:00:00+02:00
1155;Generación medida Hulla sub-bituminosa;;;-1.285;2024-04-15T10:00:00+02:00
1155;Generación medida Hulla sub-bituminosa;;;-1.274;2024-04-15T11:00:00+02:00
1155;Generación medida Hulla sub-bituminosa;;;-1.262;2024-04-15T12:00:00+02:00
1155;Generación medida Hulla sub-bituminosa;;;-1.273;2024-04-15T13:00:00+02:00
1155;Generación medida Hulla sub-bituminosa;;;-1.208;2024-04-15T14:00:00+02:00
1155;Generación medida Hulla sub-bituminosa;;;-1.182;2024-04-15T15:00:00+02:00
1155;Generación medida Hulla sub-bituminosa;;;-1.184;2024-04-15T16:00:00+02:00
1155;Generación medida Hulla sub-bituminosa;;;-1.206;2024-04-15T17:00:00+02:00
1155;Generación medida Hulla sub-bituminosa;;;-1.225;2024-04-15T18:00:00+02:00
1155;Generación medida Hulla sub-bituminosa;;;-1.22;2024-04-15T19:00:00+02:00
1155;Generación medida Hulla sub-bituminosa;;;-1.252;2024-04-15T20:00:00+02:00
1155;Generación medida Hulla sub-bituminosa;;;-1.31;2024-04-15T21:00:00+02:00
1155;Generación medida Hulla sub-bituminosa;;;-1.322;2024-04-15T22:00:00+02:00
1155;Generación medida Hulla sub-bituminosa;;;-1.324;2024-04-15T23:00:00+02:00
1155;Generación medida Hulla sub-bituminosa;;;-1.307;2024-04-16T00:00:00+02:00
1155;Generación medida Hulla sub-bituminosa;;;-1.304;2024-04-16T01:00:00+02:00
1155;Generación medida Hulla sub-bituminosa;;;-1.32;2024-04-16T02:00:00+02:00
1155;Generación medida Hulla sub-bituminosa;;;-1.306;2024-04-16T03:00:00+02:00
1155;Generación medida Hulla sub-bituminosa;;;-1.287;2024-04-16T04:00:00+02:00
1155;Generación medida Hulla sub-bituminosa;;;-1.274;2024-04-16T05:00:00+02:00
1155;Generación medida Hulla sub-bituminosa;;;-1.317;2024-04-16T06:00:00+02:00
1155;Generación medida Hulla sub-bituminosa;;;-1.322;2024-04-16T07:00:00+02:00
1155;Generación medida Hulla sub-bituminosa;;;-1.275;2024-04-16T08:00:00+02:00
1155;Generación medida Hulla sub-bituminosa;;;-1.297;2024-04-16T09:00:00+02:00
1155;Generación medida Hulla sub-bituminosa;;;-1.29;2024-04-16T10:00:00+02:00
1155;Generación medida Hulla sub-bituminosa;;;-1.319;2024-04-16T11:00:00+02:00
1155;Generación medida Hulla sub-bituminosa;;;-1.3;2024-04-16T12:00:00+02:00
1155;Generación medida Hulla sub-bituminosa;;;-1.319;2024-04-16T13:00:00+02:00
1155;Generación medida Hulla sub-bituminosa;;;-1.439;2024-04-16T14:00:00+02:00
1155;Generación medida Hulla sub-bituminosa;;;-1.613;2024-04-16T15:00:00+02:00
1155;Generación medida Hulla sub-bituminosa;;;-1.594;2024-04-16T16:00:00+02:00
1155;Generación medida Hulla sub-bituminosa;;;-1.607;2024-04-16T17:00:00+02:00
1155;Generación medida Hulla sub-bituminosa;;;-1.461;2024-04-16T18:00:00+02:00
1155;Generación medida Hulla sub-bituminosa;;;-1.247;2024-04-16T19:00:00+02:00
1155;Generación medida Hulla sub-bituminosa;;;-1.343;2024-04-16T20:00:00+02:00
1155;Generación medida Hulla sub-bituminosa;;;-1.48;2024-04-16T21:00:00+02:00
1155;Generación medida Hulla sub-bituminosa;;;-1.485;2024-04-16T22:00:00+02:00
1155;Generación medida Hulla sub-bituminosa;;;-1.455;2024-04-16T23:00:00+02:00
1155;Generación medida Hulla sub-bituminosa;;;-1.424;2024-04-17T00:00:00+02:00
1155;Generación medida Hulla sub-bituminosa;;;-1.304;2024-04-17T01:00:00+02:00
1155;Generación medida Hulla sub-bituminosa;;;-1.332;2024-04-17T02:00:00+02:00
1155;Generación medida Hulla sub-bituminosa;;;-1.274;2024-04-17T03:00:00+02:00
1155;Generación medida Hulla sub-bituminosa;;;-1.159;2024-04-17T04:00:00+02:00
1155;Generación medida Hulla sub-bituminosa;;;-1.248;2024-04-17T05:00:00+02:00
1155;Generación medida Hulla sub-bituminosa;;;-1.268;2024-04-17T06:00:00+02:00
1155;Generación medida Hulla sub-bituminosa;;;-2.033;2024-04-17T07:00:00+02:00
1155;Generación medida Hulla sub-bituminosa;;;-4.902;2024-04-17T08:00:00+02:00
1155;Generación medida Hulla sub-bituminosa;;;-5.632;2024-04-17T09:00:00+02:00
1155;Generación medida Hulla sub-bituminosa;;;-5.828;2024-04-17T10:00:00+02:00
1155;Generación medida Hulla sub-bituminosa;;;-8.24;2024-04-17T11:00:00+02:00
1155;Generación medida Hulla sub-bituminosa;;;-9.303;2024-04-17T12:00:00+02:00
1155;Generación medida Hulla sub-bituminosa;;;-6.33;2024-04-17T13:00:00+02:00
1155;Generación medida Hulla sub-bituminosa;;;-2.653;2024-04-17T14:00:00+02:00
1155;Generación medida Hulla sub-bituminosa;;;-1.536;2024-04-17T15:00:00+02:00
1155;Generación medida Hulla sub-bituminosa;;;-1.533;2024-04-17T16:00:00+02:00
1155;Generación medida Hulla sub-bituminosa;;;-1.586;2024-04-17T17:00:00+02:00
1155;Generación medida Hulla sub-bituminosa;;;-1.555;2024-04-17T18:00:00+02:00
1155;Generación medida Hulla sub-bituminosa;;;-1.598;2024-04-17T19:00:00+02:00
1155;Generación medida Hulla sub-bituminosa;;;-1.537;2024-04-17T20:00:00+02:00
1155;Generación medida Hulla sub-bituminosa;;;-1.575;2024-04-17T21:00:00+02:00
1155;Generación medida Hulla sub-bituminosa;;;-1.618;2024-04-17T22:00:00+02:00
1155;Generación medida Hulla sub-bituminosa;;;-1.318;2024-04-17T23:00:00+02:00
1155;Generación medida Hulla sub-bituminosa;;;-1.429;2024-04-18T00:00:00+02:00
1155;Generación medida Hulla sub-bituminosa;;;-1.216;2024-04-18T01:00:00+02:00
1155;Generación medida Hulla sub-bituminosa;;;-1.274;2024-04-18T02:00:00+02:00
1155;Generación medida Hulla sub-bituminosa;;;-1.26;2024-04-18T03:00:00+02:00
1155;Generación medida Hulla sub-bituminosa;;;-1.203;2024-04-18T04:00:00+02:00
1155;Generación medida Hulla sub-bituminosa;;;-1.246;2024-04-18T05:00:00+02:00
1155;Generación medida Hulla sub-bituminosa;;;-1.296;2024-04-18T06:00:00+02:00
1155;Generación medida Hulla sub-bituminosa;;;-1.314;2024-04-18T07:00:00+02:00
1155;Generación medida Hulla sub-bituminosa;;;-1.306;2024-04-18T08:00:00+02:00
1155;Generación medida Hulla sub-bituminosa;;;-1.486;2024-04-18T09:00:00+02:00
1155;Generación medida Hulla sub-bituminosa;;;-1.641;2024-04-18T10:00:00+02:00
1155;Generación medida Hulla sub-bituminosa;;;-1.651;2024-04-18T11:00:00+02:00
1155;Generación medida Hulla sub-bituminosa;;;-1.606;2024-04-18T12:00:00+02:00
1155;Generación medida Hulla sub-bituminosa;;;-1.616;2024-04-18T13:00:00+02:00
1155;Generación medida Hulla sub-bituminosa;;;-1.572;2024-04-18T14:00:00+02:00
1155;Generación medida Hulla sub-bituminosa;;;-1.56;2024-04-18T15:00:00+02:00
1155;Generación medida Hulla sub-bituminosa;;;-1.587;2024-04-18T16:00:00+02:00
1155;Generación medida Hulla sub-bituminosa;;;-1.642;2024-04-18T17:00:00+02:00
1155;Generación medida Hulla sub-bituminosa;;;-1.45;2024-04-18T18:00:00+02:00
1155;Generación medida Hulla sub-bituminosa;;;-1.538;2024-04-18T19:00:00+02:00
1155;Generación medida Hulla sub-bituminosa;;;-1.465;2024-04-18T20:00:00+02:00
1155;Generación medida Hulla sub-bituminosa;;;-1.53;2024-04-18T21:00:00+02:00
1155;Generación medida Hulla sub-bituminosa;;;-1.293;2024-04-18T22:00:00+02:00
1155;Generación medida Hulla sub-bituminosa;;;-1.535;2024-04-18T23:00:00+02:00
1155;Generación medida Hulla sub-bituminosa;;;-1.463;2024-04-19T00:00:00+02:00
1155;Generación medida Hulla sub-bituminosa;;;-1.477;2024-04-19T01:00:00+02:00
1155;Generación medida Hulla sub-bituminosa;;;-1.382;2024-04-19T02:00:00+02:00
1155;Generación medida Hulla sub-bituminosa;;;-1.33;2024-04-19T03:00:00+02:00
1155;Generación medida Hulla sub-bituminosa;;;-1.557;2024-04-19T04:00:00+02:00
1155;Generación medida Hulla sub-bituminosa;;;-1.741;2024-04-19T05:00:00+02:00
1155;Generación medida Hulla sub-bituminosa;;;-1.792;2024-04-19T06:00:00+02:00
1155;Generación medida Hulla sub-bituminosa;;;-1.697;2024-04-19T07:00:00+02:00
1155;Generación medida Hulla sub-bituminosa;;;-1.688;2024-04-19T08:00:00+02:00
1155;Generación medida Hulla sub-bituminosa;;;-1.375;2024-04-19T09:00:00+02:00
1155;Generación medida Hulla sub-bituminosa;;;-1.354;2024-04-19T10:00:00+02:00
1155;Generación medida Hulla sub-bituminosa;;;-1.381;2024-04-19T11:00:00+02:00
1155;Generación medida Hulla sub-bituminosa;;;-1.369;2024-04-19T12:00:00+02:00
1155;Generación medida Hulla sub-bituminosa;;;-1.389;2024-04-19T13:00:00+02:00
1155;Generación medida Hulla sub-bituminosa;;;-1.335;2024-04-19T14:00:00+02:00
1155;Generación medida Hulla sub-bituminosa;;;-1.474;2024-04-19T15:00:00+02:00
1155;Generación medida Hulla sub-bituminosa;;;-1.555;2024-04-19T16:00:00+02:00
1155;Generación medida Hulla sub-bituminosa;;;-1.406;2024-04-19T17:00:00+02:00
1155;Generación medida Hulla sub-bituminosa;;;-1.444;2024-04-19T18:00:00+02:00
1155;Generación medida Hulla sub-bituminosa;;;-1.388;2024-04-19T19:00:00+02:00
1155;Generación medida Hulla sub-bituminosa;;;-1.48;2024-04-19T20:00:00+02:00
1155;Generación medida Hulla sub-bituminosa;;;-1.527;2024-04-19T21:00:00+02:00
1155;Generación medida Hulla sub-bituminosa;;;-1.356;2024-04-19T22:00:00+02:00
1155;Generación medida Hulla sub-bituminosa;;;-1.467;2024-04-19T23:00:00+02:00
1155;Generación medida Hulla sub-bituminosa;;;-1.297;2024-04-20T00:00:00+02:00
1155;Generación medida Hulla sub-bituminosa;;;-1.439;2024-04-20T01:00:00+02:00
1155;Generación medida Hulla sub-bituminosa;;;-1.441;2024-04-20T02:00:00+02:00
1155;Generación medida Hulla sub-bituminosa;;;-1.428;2024-04-20T03:00:00+02:00
1155;Generación medida Hulla sub-bituminosa;;;-1.444;2024-04-20T04:00:00+02:00
1155;Generación medida Hulla sub-bituminosa;;;-1.429;2024-04-20T05:00:00+02:00
1155;Generación medida Hulla sub-bituminosa;;;-1.357;2024-04-20T06:00:00+02:00
1155;Generación medida Hulla sub-bituminosa;;;-1.382;2024-04-20T07:00:00+02:00
1155;Generación medida Hulla sub-bituminosa;;;-1.37;2024-04-20T08:00:00+02:00
1155;Generación medida Hulla sub-bituminosa;;;-1.38;2024-04-20T09:00:00+02:00
1155;Generación medida Hulla sub-bituminosa;;;-1.342;2024-04-20T10:00:00+02:00
1155;Generación medida Hulla sub-bituminosa;;;-1.37;2024-04-20T11:00:00+02:00
1155;Generación medida Hulla sub-bituminosa;;;-1.396;2024-04-20T12:00:00+02:00
1155;Generación medida Hulla sub-bituminosa;;;-1.415;2024-04-20T13:00:00+02:00
1155;Generación medida Hulla sub-bituminosa;;;-1.429;2024-04-20T14:00:00+02:00
1155;Generación medida Hulla sub-bituminosa;;;-1.463;2024-04-20T15:00:00+02:00
1155;Generación medida Hulla sub-bituminosa;;;-1.487;2024-04-20T16:00:00+02:00
1155;Generación medida Hulla sub-bituminosa;;;-1.41;2024-04-20T17:00:00+02:00
1155;Generación medida Hulla sub-bituminosa;;;-1.394;2024-04-20T18:00:00+02:00
1155;Generación medida Hulla sub-bituminosa;;;-1.424;2024-04-20T19:00:00+02:00
1155;Generación medida Hulla sub-bituminosa;;;-1.445;2024-04-20T20:00:00+02:00
1155;Generación medida Hulla sub-bituminosa;;;-1.501;2024-04-20T21:00:00+02:00
1155;Generación medida Hulla sub-bituminosa;;;-1.537;2024-04-20T22:00:00+02:00
1155;Generación medida Hulla sub-bituminosa;;;-1.51;2024-04-20T23:00:00+02:00
1155;Generación medida Hulla sub-bituminosa;;;-1.479;2024-04-21T00:00:00+02:00
1155;Generación medida Hulla sub-bituminosa;;;-1.437;2024-04-21T01:00:00+02:00
1155;Generación medida Hulla sub-bituminosa;;;-1.424;2024-04-21T02:00:00+02:00
1155;Generación medida Hulla sub-bituminosa;;;-1.397;2024-04-21T03:00:00+02:00
1155;Generación medida Hulla sub-bituminosa;;;-1.412;2024-04-21T04:00:00+02:00
1155;Generación medida Hulla sub-bituminosa;;;-1.527;2024-04-21T05:00:00+02:00
1155;Generación medida Hulla sub-bituminosa;;;-1.572;2024-04-21T06:00:00+02:00
1155;Generación medida Hulla sub-bituminosa;;;-1.416;2024-04-21T07:00:00+02:00
1155;Generación medida Hulla sub-bituminosa;;;-1.301;2024-04-21T08:00:00+02:00
1155;Generación medida Hulla sub-bituminosa;;;-1.234;2024-04-21T09:00:00+02:00
1155;Generación medida Hulla sub-bituminosa;;;-1.294;2024-04-21T10:00:00+02:00
1155;Generación medida Hulla sub-bituminosa;;;-1.249;2024-04-21T11:00:00+02:00
1155;Generación medida Hulla sub-bituminosa;;;-1.237;2024-04-21T12:00:00+02:00
1155;Generación medida Hulla sub-bituminosa;;;-1.295;2024-04-21T13:00:00+02:00
1155;Generación medida Hulla sub-bituminosa;;;-1.199;2024-04-21T14:00:00+02:00
1155;Generación medida Hulla sub-bituminosa;;;-1.438;2024-04-21T15:00:00+02:00
1155;Generación medida Hulla sub-bituminosa;;;-1.366;2024-04-21T16:00:00+02:00
1155;Generación medida Hulla sub-bituminosa;;;-1.293;2024-04-21T17:00:00+02:00
1155;Generación medida Hulla sub-bituminosa;;;-1.307;2024-04-21T18:00:00+02:00
1155;Generación medida Hulla sub-bituminosa;;;-1.338;2024-04-21T19:00:00+02:00
1155;Generación medida Hulla sub-bituminosa;;;-1.143;2024-04-21T20:00:00+02:00
1155;Generación medida Hulla sub-bituminosa;;;-1.097;2024-04-21T21:00:00+02:00
1155;Generación medida Hulla sub-bituminosa;;;-1.372;2024-04-21T22:00:00+02:00
1155;Generación medida Hulla sub-bituminosa;;;-1.432;2024-04-21T23:00:00+02:00
1155;Generación medida Hulla sub-bituminosa;;;-1.389;2024-04-22T00:00:00+02:00
1155;Generación medida Hulla sub-bituminosa;;;-1.208;2024-04-22T01:00:00+02:00
1155;Generación medida Hulla sub-bituminosa;;;-1.394;2024-04-22T02:00:00+02:00
1155;Generación medida Hulla sub-bituminosa;;;-1.414;2024-04-22T03:00:00+02:00
1155;Generación medida Hulla sub-bituminosa;;;-1.442;2024-04-22T04:00:00+02:00
1155;Generación medida Hulla sub-bituminosa;;;-1.431;2024-04-22T05:00:00+02:00
1155;Generación medida Hulla sub-bituminosa;;;-1.436;2024-04-22T06:00:00+02:00
1155;Generación medida Hulla sub-bituminosa;;;-1.515;2024-04-22T07:00:00+02:00
1155;Generación medida Hulla sub-bituminosa;;;-1.556;2024-04-22T08:00:00+02:00
1155;Generación medida Hulla sub-bituminosa;;;-1.594;2024-04-22T09:00:00+02:00
1155;Generación medida Hulla sub-bituminosa;;;-1.606;2024-04-22T10:00:00+02:00
1155;Generación medida Hulla sub-bituminosa;;;-1.606;2024-04-22T11:00:00+02:00
1155;Generación medida Hulla sub-bituminosa;;;-1.591;2024-04-22T12:00:00+02:00
1155;Generación medida Hulla sub-bituminosa;;;-1.572;2024-04-22T13:00:00+02:00
1155;Generación medida Hulla sub-bituminosa;;;-1.542;2024-04-22T14:00:00+02:00
1155;Generación medida Hulla sub-bituminosa;;;-1.305;2024-04-22T15:00:00+02:00
1155;Generación medida Hulla sub-bituminosa;;;-1.311;2024-04-22T16:00:00+02:00
1155;Generación medida Hulla sub-bituminosa;;;-1.451;2024-04-22T17:00:00+02:00
1155;Generación medida Hulla sub-bituminosa;;;-1.485;2024-04-22T18:00:00+02:00
1155;Generación medida Hulla sub-bituminosa;;;-1.369;2024-04-22T19:00:00+02:00
1155;Generación medida Hulla sub-bituminosa;;;-1.467;2024-04-22T20:00:00+02:00
1155;Generación medida Hulla sub-bituminosa;;;-1.574;2024-04-22T21:00:00+02:00
1155;Generación medida Hulla sub-bituminosa;;;-1.621;2024-04-22T22:00:00+02:00
1155;Generación medida Hulla sub-bituminosa;;;-1.607;2024-04-22T23:00:00+02:00
1155;Generación medida Hulla sub-bituminosa;;;-1.52;2024-04-23T00:00:00+02:00
1155;Generación medida Hulla sub-bituminosa;;;-1.446;2024-04-23T01:00:00+02:00
1155;Generación medida Hulla sub-bituminosa;;;-1.448;2024-04-23T02:00:00+02:00
1155;Generación medida Hulla sub-bituminosa;;;-1.306;2024-04-23T03:00:00+02:00
1155;Generación medida Hulla sub-bituminosa;;;-1.249;2024-04-23T04:00:00+02:00
1155;Generación medida Hulla sub-bituminosa;;;-1.162;2024-04-23T05:00:00+02:00
1155;Generación medida Hulla sub-bituminosa;;;-1.237;2024-04-23T06:00:00+02:00
1155;Generación medida Hulla sub-bituminosa;;;-1.258;2024-04-23T07:00:00+02:00
1155;Generación medida Hulla sub-bituminosa;;;-1.27;2024-04-23T08:00:00+02:00
1155;Generación medida Hulla sub-bituminosa;;;-1.344;2024-04-23T09:00:00+02:00
1155;Generación medida Hulla sub-bituminosa;;;-1.338;2024-04-23T10:00:00+02:00
1155;Generación medida Hulla sub-bituminosa;;;-1.288;2024-04-23T11:00:00+02:00
1155;Generación medida Hulla sub-bituminosa;;;-1.261;2024-04-23T12:00:00+02:00
1155;Generación medida Hulla sub-bituminosa;;;-1.231;2024-04-23T13:00:00+02:00
1155;Generación medida Hulla sub-bituminosa;;;-1.283;2024-04-23T14:00:00+02:00
1155;Generación medida Hulla sub-bituminosa;;;-1.192;2024-04-23T15:00:00+02:00
1155;Generación medida Hulla sub-bituminosa;;;-1.177;2024-04-23T16:00:00+02:00
1155;Generación medida Hulla sub-bituminosa;;;-1.169;2024-04-23T17:00:00+02:00
1155;Generación medida Hulla sub-bituminosa;;;-1.218;2024-04-23T18:00:00+02:00
1155;Generación medida Hulla sub-bituminosa;;;-1.231;2024-04-23T19:00:00+02:00
1155;Generación medida Hulla sub-bituminosa;;;-1.487;2024-04-23T20:00:00+02:00
1155;Generación medida Hulla sub-bituminosa;;;-1.582;2024-04-23T21:00:00+02:00
1155;Generación medida Hulla sub-bituminosa;;;-1.567;2024-04-23T22:00:00+02:00
1155;Generación medida Hulla sub-bituminosa;;;-1.545;2024-04-23T23:00:00+02:00
1155;Generación medida Hulla sub-bituminosa;;;-1.502;2024-04-24T00:00:00+02:00
1155;Generación medida Hulla sub-bituminosa;;;-1.458;2024-04-24T01:00:00+02:00
1155;Generación medida Hulla sub-bituminosa;;;-1.444;2024-04-24T02:00:00+02:00
1155;Generación medida Hulla sub-bituminosa;;;-1.29;2024-04-24T03:00:00+02:00
1155;Generación medida Hulla sub-bituminosa;;;-1.298;2024-04-24T04:00:00+02:00
1155;Generación medida Hulla sub-bituminosa;;;-1.473;2024-04-24T05:00:00+02:00
1155;Generación medida Hulla sub-bituminosa;;;-1.531;2024-04-24T06:00:00+02:00
1155;Generación medida Hulla sub-bituminosa;;;-1.395;2024-04-24T07:00:00+02:00
1155;Generación medida Hulla sub-bituminosa;;;-1.627;2024-04-24T08:00:00+02:00
1155;Generación medida Hulla sub-bituminosa;;;-1.691;2024-04-24T09:00:00+02:00
1155;Generación medida Hulla sub-bituminosa;;;-1.303;2024-04-24T10:00:00+02:00
1155;Generación medida Hulla sub-bituminosa;;;-1.384;2024-04-24T11:00:00+02:00
1155;Generación medida Hulla sub-bituminosa;;;-1.252;2024-04-24T12:00:00+02:00
1155;Generación medida Hulla sub-bituminosa;;;-1.356;2024-04-24T13:00:00+02:00
1155;Generación medida Hulla sub-bituminosa;;;-1.443;2024-04-24T14:00:00+02:00
1155;Generación medida Hulla sub-bituminosa;;;-1.28;2024-04-24T15:00:00+02:00
1155;Generación medida Hulla sub-bituminosa;;;-1.333;2024-04-24T16:00:00+02:00
1155;Generación medida Hulla sub-bituminosa;;;-1.163;2024-04-24T17:00:00+02:00
1155;Generación medida Hulla sub-bituminosa;;;-1.316;2024-04-24T18:00:00+02:00
1155;Generación medida Hulla sub-bituminosa;;;-1.287;2024-04-24T19:00:00+02:00
1155;Generación medida Hulla sub-bituminosa;;;-1.453;2024-04-24T20:00:00+02:00
1155;Generación medida Hulla sub-bituminosa;;;-1.494;2024-04-24T21:00:00+02:00
1155;Generación medida Hulla sub-bituminosa;;;-1.629;2024-04-24T22:00:00+02:00
1155;Generación medida Hulla sub-bituminosa;;;-1.599;2024-04-24T23:00:00+02:00
1155;Generación medida Hulla sub-bituminosa;;;-1.543;2024-04-25T00:00:00+02:00
1155;Generación medida Hulla sub-bituminosa;;;-1.515;2024-04-25T01:00:00+02:00
1155;Generación medida Hulla sub-bituminosa;;;-1.515;2024-04-25T02:00:00+02:00
1155;Generación medida Hulla sub-bituminosa;;;-1.513;2024-04-25T03:00:00+02:00
1155;Generación medida Hulla sub-bituminosa;;;-1.528;2024-04-25T04:00:00+02:00
1155;Generación medida Hulla sub-bituminosa;;;-1.515;2024-04-25T05:00:00+02:00
1155;Generación medida Hulla sub-bituminosa;;;-1.497;2024-04-25T06:00:00+02:00
1155;Generación medida Hulla sub-bituminosa;;;-1.6;2024-04-25T07:00:00+02:00
1155;Generación medida Hulla sub-bituminosa;;;-1.568;2024-04-25T08:00:00+02:00
1155;Generación medida Hulla sub-bituminosa;;;-1.408;2024-04-25T09:00:00+02:00
1155;Generación medida Hulla sub-bituminosa;;;-1.604;2024-04-25T10:00:00+02:00
1155;Generación medida Hulla sub-bituminosa;;;-1.616;2024-04-25T11:00:00+02:00
1155;Generación medida Hulla sub-bituminosa;;;-1.599;2024-04-25T12:00:00+02:00
1155;Generación medida Hulla sub-bituminosa;;;-1.49;2024-04-25T13:00:00+02:00
1155;Generación medida Hulla sub-bituminosa;;;-1.323;2024-04-25T14:00:00+02:00
1155;Generación medida Hulla sub-bituminosa;;;-1.137;2024-04-25T15:00:00+02:00
1155;Generación medida Hulla sub-bituminosa;;;-1.145;2024-04-25T16:00:00+02:00
1155;Generación medida Hulla sub-bituminosa;;;-1.16;2024-04-25T17:00:00+02:00
1155;Generación medida Hulla sub-bituminosa;;;-1.186;2024-04-25T18:00:00+02:00
1155;Generación medida Hulla sub-bituminosa;;;-1.245;2024-04-25T19:00:00+02:00
1155;Generación medida Hulla sub-bituminosa;;;-1.467;2024-04-25T20:00:00+02:00
1155;Generación medida Hulla sub-bituminosa;;;-1.572;2024-04-25T21:00:00+02:00
1155;Generación medida Hulla sub-bituminosa;;;-1.514;2024-04-25T22:00:00+02:00
1155;Generación medida Hulla sub-bituminosa;;;-1.512;2024-04-25T23:00:00+02:00
1155;Generación medida Hulla sub-bituminosa;;;-1.517;2024-04-26T00:00:00+02:00
1155;Generación medida Hulla sub-bituminosa;;;-1.46;2024-04-26T01:00:00+02:00
1155;Generación medida Hulla sub-bituminosa;;;-1.472;2024-04-26T02:00:00+02:00
1155;Generación medida Hulla sub-bituminosa;;;-1.431;2024-04-26T03:00:00+02:00
1155;Generación medida Hulla sub-bituminosa;;;-1.445;2024-04-26T04:00:00+02:00
1155;Generación medida Hulla sub-bituminosa;;;-1.448;2024-04-26T05:00:00+02:00
1155;Generación medida Hulla sub-bituminosa;;;-1.451;2024-04-26T06:00:00+02:00
1155;Generación medida Hulla sub-bituminosa;;;-1.486;2024-04-26T07:00:00+02:00
1155;Generación medida Hulla sub-bituminosa;;;-1.512;2024-04-26T08:00:00+02:00
1155;Generación medida Hulla sub-bituminosa;;;-1.479;2024-04-26T09:00:00+02:00
1155;Generación medida Hulla sub-bituminosa;;;-1.485;2024-04-26T10:00:00+02:00
1155;Generación medida Hulla sub-bituminosa;;;-1.398;2024-04-26T11:00:00+02:00
1155;Generación medida Hulla sub-bituminosa;;;-1.412;2024-04-26T12:00:00+02:00
1155;Generación medida Hulla sub-bituminosa;;;-1.189;2024-04-26T13:00:00+02:00
1155;Generación medida Hulla sub-bituminosa;;;-1.087;2024-04-26T14:00:00+02:00
1155;Generación medida Hulla sub-bituminosa;;;-1.061;2024-04-26T15:00:00+02:00
1155;Generación medida Hulla sub-bituminosa;;;-1.212;2024-04-26T16:00:00+02:00
1155;Generación medida Hulla sub-bituminosa;;;-0.994;2024-04-26T17:00:00+02:00
1155;Generación medida Hulla sub-bituminosa;;;-1.089;2024-04-26T18:00:00+02:00
1155;Generación medida Hulla sub-bituminosa;;;-1.335;2024-04-26T19:00:00+02:00
1155;Generación medida Hulla sub-bituminosa;;;-1.395;2024-04-26T20:00:00+02:00
1155;Generación medida Hulla sub-bituminosa;;;-1.322;2024-04-26T21:00:00+02:00
1155;Generación medida Hulla sub-bituminosa;;;-1.449;2024-04-26T22:00:00+02:00
1155;Generación medida Hulla sub-bituminosa;;;-1.489;2024-04-26T23:00:00+02:00
1155;Generación medida Hulla sub-bituminosa;;;-1.477;2024-04-27T00:00:00+02:00
1155;Generación medida Hulla sub-bituminosa;;;-1.46;2024-04-27T01:00:00+02:00
1155;Generación medida Hulla sub-bituminosa;;;-1.605;2024-04-27T02:00:00+02:00
1155;Generación medida Hulla sub-bituminosa;;;-1.44;2024-04-27T03:00:00+02:00
1155;Generación medida Hulla sub-bituminosa;;;-1.469;2024-04-27T04:00:00+02:00
1155;Generación medida Hulla sub-bituminosa;;;-1.482;2024-04-27T05:00:00+02:00
1155;Generación medida Hulla sub-bituminosa;;;-1.353;2024-04-27T06:00:00+02:00
1155;Generación medida Hulla sub-bituminosa;;;-1.387;2024-04-27T07:00:00+02:00
1155;Generación medida Hulla sub-bituminosa;;;-1.369;2024-04-27T08:00:00+02:00
1155;Generación medida Hulla sub-bituminosa;;;-1.375;2024-04-27T09:00:00+02:00
1155;Generación medida Hulla sub-bituminosa;;;-1.36;2024-04-27T10:00:00+02:00
1155;Generación medida Hulla sub-bituminosa;;;-1.406;2024-04-27T11:00:00+02:00
1155;Generación medida Hulla sub-bituminosa;;;-1.317;2024-04-27T12:00:00+02:00
1155;Generación medida Hulla sub-bituminosa;;;-1.09;2024-04-27T13:00:00+02:00
1155;Generación medida Hulla sub-bituminosa;;;-1.047;2024-04-27T14:00:00+02:00
1155;Generación medida Hulla sub-bituminosa;;;-1.028;2024-04-27T15:00:00+02:00
1155;Generación medida Hulla sub-bituminosa;;;-1.073;2024-04-27T16:00:00+02:00
1155;Generación medida Hulla sub-bituminosa;;;-1.013;2024-04-27T17:00:00+02:00
1155;Generación medida Hulla sub-bituminosa;;;-1.013;2024-04-27T18:00:00+02:00
1155;Generación medida Hulla sub-bituminosa;;;-1.043;2024-04-27T19:00:00+02:00
1155;Generación medida Hulla sub-bituminosa;;;-1.109;2024-04-27T20:00:00+02:00
1155;Generación medida Hulla sub-bituminosa;;;-1.119;2024-04-27T21:00:00+02:00
1155;Generación medida Hulla sub-bituminosa;;;-1.133;2024-04-27T22:00:00+02:00
1155;Generación medida Hulla sub-bituminosa;;;-1.101;2024-04-27T23:00:00+02:00
1155;Generación medida Hulla sub-bituminosa;;;-1.396;2024-04-28T00:00:00+02:00
1155;Generación medida Hulla sub-bituminosa;;;-1.364;2024-04-28T01:00:00+02:00
1155;Generación medida Hulla sub-bituminosa;;;-1.565;2024-04-28T02:00:00+02:00
1155;Generación medida Hulla sub-bituminosa;;;-1.508;2024-04-28T03:00:00+02:00
1155;Generación medida Hulla sub-bituminosa;;;-1.436;2024-04-28T04:00:00+02:00
1155;Generación medida Hulla sub-bituminosa;;;-1.348;2024-04-28T05:00:00+02:00
1155;Generación medida Hulla sub-bituminosa;;;-1.369;2024-04-28T06:00:00+02:00
1155;Generación medida Hulla sub-bituminosa;;;-1.362;2024-04-28T07:00:00+02:00
1155;Generación medida Hulla sub-bituminosa;;;-1.32;2024-04-28T08:00:00+02:00
1155;Generación medida Hulla sub-bituminosa;;;-1.323;2024-04-28T09:00:00+02:00
1155;Generación medida Hulla sub-bituminosa;;;-1.361;2024-04-28T10:00:00+02:00
1155;Generación medida Hulla sub-bituminosa;;;-1.348;2024-04-28T11:00:00+02:00
1155;Generación medida Hulla sub-bituminosa;;;-1.334;2024-04-28T12:00:00+02:00
1155;Generación medida Hulla sub-bituminosa;;;-1.192;2024-04-28T13:00:00+02:00
1155;Generación medida Hulla sub-bituminosa;;;-1.156;2024-04-28T14:00:00+02:00
1155;Generación medida Hulla sub-bituminosa;;;-0.993;2024-04-28T15:00:00+02:00
1155;Generación medida Hulla sub-bituminosa;;;-1.077;2024-04-28T16:00:00+02:00
1155;Generación medida Hulla sub-bituminosa;;;-1.205;2024-04-28T17:00:00+02:00
1155;Generación medida Hulla sub-bituminosa;;;-1.235;2024-04-28T18:00:00+02:00
1155;Generación medida Hulla sub-bituminosa;;;-1.164;2024-04-28T19:00:00+02:00
1155;Generación medida Hulla sub-bituminosa;;;-1.199;2024-04-28T20:00:00+02:00
1155;Generación medida Hulla sub-bituminosa;;;-1.35;2024-04-28T21:00:00+02:00
1155;Generación medida Hulla sub-bituminosa;;;-1.254;2024-04-28T22:00:00+02:00
1155;Generación medida Hulla sub-bituminosa;;;-1.464;2024-04-28T23:00:00+02:00
1155;Generación medida Hulla sub-bituminosa;;;-1.465;2024-04-29T00:00:00+02:00
1155;Generación medida Hulla sub-bituminosa;;;-1.407;2024-04-29T01:00:00+02:00
1155;Generación medida Hulla sub-bituminosa;;;-1.453;2024-04-29T02:00:00+02:00
1155;Generación medida Hulla sub-bituminosa;;;-1.451;2024-04-29T03:00:00+02:00
1155;Generación medida Hulla sub-bituminosa;;;-1.451;2024-04-29T04:00:00+02:00
1155;Generación medida Hulla sub-bituminosa;;;-1.433;2024-04-29T05:00:00+02:00
1155;Generación medida Hulla sub-bituminosa;;;-1.318;2024-04-29T06:00:00+02:00
1155;Generación medida Hulla sub-bituminosa;;;-1.316;2024-04-29T07:00:00+02:00
1155;Generación medida Hulla sub-bituminosa;;;-1.553;2024-04-29T08:00:00+02:00
1155;Generación medida Hulla sub-bituminosa;;;-1.47;2024-04-29T09:00:00+02:00
1155;Generación medida Hulla sub-bituminosa;;;-1.213;2024-04-29T10:00:00+02:00
1155;Generación medida Hulla sub-bituminosa;;;-1.327;2024-04-29T11:00:00+02:00
1155;Generación medida Hulla sub-bituminosa;;;-1.266;2024-04-29T12:00:00+02:00
1155;Generación medida Hulla sub-bituminosa;;;-1.165;2024-04-29T13:00:00+02:00
1155;Generación medida Hulla sub-bituminosa;;;-1.443;2024-04-29T14:00:00+02:00
1155;Generación medida Hulla sub-bituminosa;;;-1.333;2024-04-29T15:00:00+02:00
1155;Generación medida Hulla sub-bituminosa;;;-1.293;2024-04-29T16:00:00+02:00
1155;Generación medida Hulla sub-bituminosa;;;-1.333;2024-04-29T17:00:00+02:00
1155;Generación medida Hulla sub-bituminosa;;;-1.56;2024-04-29T18:00:00+02:00
1155;Generación medida Hulla sub-bituminosa;;;-1.374;2024-04-29T19:00:00+02:00
1155;Generación medida Hulla sub-bituminosa;;;-1.435;2024-04-29T20:00:00+02:00
1155;Generación medida Hulla sub-bituminosa;;;-1.156;2024-04-29T21:00:00+02:00
1155;Generación medida Hulla sub-bituminosa;;;-1.214;2024-04-29T22:00:00+02:00
1155;Generación medida Hulla sub-bituminosa;;;-1.156;2024-04-29T23:00:00+02:00
1155;Generación medida Hulla sub-bituminosa;;;-1.447;2024-04-30T00:00:00+02:00
1155;Generación medida Hulla sub-bituminosa;;;-1.435;2024-04-30T01:00:00+02:00
1155;Generación medida Hulla sub-bituminosa;;;-1.611;2024-04-30T02:00:00+02:00
1155;Generación medida Hulla sub-bituminosa;;;-1.708;2024-04-30T03:00:00+02:00
1155;Generación medida Hulla sub-bituminosa;;;-1.725;2024-04-30T04:00:00+02:00
1155;Generación medida Hulla sub-bituminosa;;;-1.592;2024-04-30T05:00:00+02:00
1155;Generación medida Hulla sub-bituminosa;;;-1.54;2024-04-30T06:00:00+02:00
1155;Generación medida Hulla sub-bituminosa;;;-1.423;2024-04-30T07:00:00+02:00
1155;Generación medida Hulla sub-bituminosa;;;-1.35;2024-04-30T08:00:00+02:00
1155;Generación medida Hulla sub-bituminosa;;;-1.161;2024-04-30T09:00:00+02:00
1155;Generación medida Hulla sub-bituminosa;;;-1.342;2024-04-30T10:00:00+02:00
1155;Generación medida Hulla sub-bituminosa;;;-1.339;2024-04-30T11:00:00+02:00
1155;Generación medida Hulla sub-bituminosa;;;-1.407;2024-04-30T12:00:00+02:00
1155;Generación medida Hulla sub-bituminosa;;;-1.407;2024-04-30T13:00:00+02:00
1155;Generación medida Hulla sub-bituminosa;;;-1.402;2024-04-30T14:00:00+02:00
1155;Generación medida Hulla sub-bituminosa;;;-1.399;2024-04-30T15:00:00+02:00
1155;Generación medida Hulla sub-bituminosa;;;-1.412;2024-04-30T16:00:00+02:00
1155;Generación medida Hulla sub-bituminosa;;;-1.403;2024-04-30T17:00:00+02:00
1155;Generación medida Hulla sub-bituminosa;;;-1.399;2024-04-30T18:00:00+02:00
1155;Generación medida Hulla sub-bituminosa;;;-1.443;2024-04-30T19:00:00+02:00
1155;Generación medida Hulla sub-bituminosa;;;-1.482;2024-04-30T20:00:00+02:00
1155;Generación medida Hulla sub-bituminosa;;;-1.542;2024-04-30T21:00:00+02:00
1155;Generación medida Hulla sub-bituminosa;;;-1.469;2024-04-30T22:00:00+02:00
1155;Generación medida Hulla sub-bituminosa;;;-1.439;2024-04-30T23:00:00+02:00
1153;Generación medida Nuclear;;;4641.845;2024-04-01T00:00:00+02:00
1153;Generación medida Nuclear;;;4641.756;2024-04-01T01:00:00+02:00
1153;Generación medida Nuclear;;;4641.201;2024-04-01T02:00:00+02:00
1153;Generación medida Nuclear;;;4642.864;2024-04-01T03:00:00+02:00
1153;Generación medida Nuclear;;;4642.151;2024-04-01T04:00:00+02:00
1153;Generación medida Nuclear;;;4640.803;2024-04-01T05:00:00+02:00
1153;Generación medida Nuclear;;;4640.563;2024-04-01T06:00:00+02:00
1153;Generación medida Nuclear;;;4640.923;2024-04-01T07:00:00+02:00
1153;Generación medida Nuclear;;;4640.431;2024-04-01T08:00:00+02:00
1153;Generación medida Nuclear;;;4639.47;2024-04-01T09:00:00+02:00
1153;Generación medida Nuclear;;;4638.26;2024-04-01T10:00:00+02:00
1153;Generación medida Nuclear;;;4638.396;2024-04-01T11:00:00+02:00
1153;Generación medida Nuclear;;;4638.556;2024-04-01T12:00:00+02:00
1153;Generación medida Nuclear;;;4635.802;2024-04-01T13:00:00+02:00
1153;Generación medida Nuclear;;;4633.86;2024-04-01T14:00:00+02:00
1153;Generación medida Nuclear;;;4634.805;2024-04-01T15:00:00+02:00
1153;Generación medida Nuclear;;;4635.952;2024-04-01T16:00:00+02:00
1153;Generación medida Nuclear;;;4635.016;2024-04-01T17:00:00+02:00
1153;Generación medida Nuclear;;;4634.625;2024-04-01T18:00:00+02:00
1153;Generación medida Nuclear;;;4635.047;2024-04-01T19:00:00+02:00
1153;Generación medida Nuclear;;;4632.74;2024-04-01T20:00:00+02:00
1153;Generación medida Nuclear;;;4631.963;2024-04-01T21:00:00+02:00
1153;Generación medida Nuclear;;;4633.578;2024-04-01T22:00:00+02:00
1153;Generación medida Nuclear;;;4636.554;2024-04-01T23:00:00+02:00
1153;Generación medida Nuclear;;;4635.912;2024-04-02T00:00:00+02:00
1153;Generación medida Nuclear;;;4636.999;2024-04-02T01:00:00+02:00
1153;Generación medida Nuclear;;;4636.151;2024-04-02T02:00:00+02:00
1153;Generación medida Nuclear;;;4637.637;2024-04-02T03:00:00+02:00
1153;Generación medida Nuclear;;;4636.266;2024-04-02T04:00:00+02:00
1153;Generación medida Nuclear;;;4636.359;2024-04-02T05:00:00+02:00
1153;Generación medida Nuclear;;;4634.79;2024-04-02T06:00:00+02:00
1153;Generación medida Nuclear;;;4635.664;2024-04-02T07:00:00+02:00
1153;Generación medida Nuclear;;;4634.776;2024-04-02T08:00:00+02:00
1153;Generación medida Nuclear;;;4634.107;2024-04-02T09:00:00+02:00
1153;Generación medida Nuclear;;;4642.708;2024-04-02T10:00:00+02:00
1153;Generación medida Nuclear;;;4640.119;2024-04-02T11:00:00+02:00
1153;Generación medida Nuclear;;;4633.536;2024-04-02T12:00:00+02:00
1153;Generación medida Nuclear;;;4628.434;2024-04-02T13:00:00+02:00
1153;Generación medida Nuclear;;;4630.584;2024-04-02T14:00:00+02:00
1153;Generación medida Nuclear;;;4631.015;2024-04-02T15:00:00+02:00
1153;Generación medida Nuclear;;;4631.344;2024-04-02T16:00:00+02:00
1153;Generación medida Nuclear;;;4631.614;2024-04-02T17:00:00+02:00
1153;Generación medida Nuclear;;;4633.047;2024-04-02T18:00:00+02:00
1153;Generación medida Nuclear;;;4634.71;2024-04-02T19:00:00+02:00
1153;Generación medida Nuclear;;;4635.212;2024-04-02T20:00:00+02:00
1153;Generación medida Nuclear;;;4634.326;2024-04-02T21:00:00+02:00
1153;Generación medida Nuclear;;;4634.982;2024-04-02T22:00:00+02:00
1153;Generación medida Nuclear;;;4634.61;2024-04-02T23:00:00+02:00
1153;Generación medida Nuclear;;;4633.637;2024-04-03T00:00:00+02:00
1153;Generación medida Nuclear;;;4634.912;2024-04-03T01:00:00+02:00
1153;Generación medida Nuclear;;;4633.825;2024-04-03T02:00:00+02:00
1153;Generación medida Nuclear;;;4634.036;2024-04-03T03:00:00+02:00
1153;Generación medida Nuclear;;;4633.69;2024-04-03T04:00:00+02:00
1153;Generación medida Nuclear;;;4634.882;2024-04-03T05:00:00+02:00
1153;Generación medida Nuclear;;;4632.76;2024-04-03T06:00:00+02:00
1153;Generación medida Nuclear;;;4662.288;2024-04-03T07:00:00+02:00
1153;Generación medida Nuclear;;;4747.024;2024-04-03T08:00:00+02:00
1153;Generación medida Nuclear;;;4786.792;2024-04-03T09:00:00+02:00
1153;Generación medida Nuclear;;;4772.423;2024-04-03T10:00:00+02:00
1153;Generación medida Nuclear;;;4771.495;2024-04-03T11:00:00+02:00
1153;Generación medida Nuclear;;;4831.577;2024-04-03T12:00:00+02:00
1153;Generación medida Nuclear;;;4933.901;2024-04-03T13:00:00+02:00
1153;Generación medida Nuclear;;;4946.087;2024-04-03T14:00:00+02:00
1153;Generación medida Nuclear;;;4987.231;2024-04-03T15:00:00+02:00
1153;Generación medida Nuclear;;;5005.792;2024-04-03T16:00:00+02:00
1153;Generación medida Nuclear;;;5003.949;2024-04-03T17:00:00+02:00
1153;Generación medida Nuclear;;;5003.925;2024-04-03T18:00:00+02:00
1153;Generación medida Nuclear;;;5025.13;2024-04-03T19:00:00+02:00
1153;Generación medida Nuclear;;;5066.251;2024-04-03T20:00:00+02:00
1153;Generación medida Nuclear;;;5114.793;2024-04-03T21:00:00+02:00
1153;Generación medida Nuclear;;;5111.192;2024-04-03T22:00:00+02:00
1153;Generación medida Nuclear;;;5131.09;2024-04-03T23:00:00+02:00
1153;Generación medida Nuclear;;;5148.276;2024-04-04T00:00:00+02:00
1153;Generación medida Nuclear;;;5181.006;2024-04-04T01:00:00+02:00
1153;Generación medida Nuclear;;;5235.203;2024-04-04T02:00:00+02:00
1153;Generación medida Nuclear;;;5261.749;2024-04-04T03:00:00+02:00
1153;Generación medida Nuclear;;;5291.652;2024-04-04T04:00:00+02:00
1153;Generación medida Nuclear;;;5320.63;2024-04-04T05:00:00+02:00
1153;Generación medida Nuclear;;;5340.592;2024-04-04T06:00:00+02:00
1153;Generación medida Nuclear;;;5364.317;2024-04-04T07:00:00+02:00
1153;Generación medida Nuclear;;;5364.819;2024-04-04T08:00:00+02:00
1153;Generación medida Nuclear;;;5361.467;2024-04-04T09:00:00+02:00
1153;Generación medida Nuclear;;;5368.771;2024-04-04T10:00:00+02:00
1153;Generación medida Nuclear;;;5363.675;2024-04-04T11:00:00+02:00
1153;Generación medida Nuclear;;;5364.815;2024-04-04T12:00:00+02:00
1153;Generación medida Nuclear;;;5363.791;2024-04-04T13:00:00+02:00
1153;Generación medida Nuclear;;;5361.695;2024-04-04T14:00:00+02:00
1153;Generación medida Nuclear;;;5359.332;2024-04-04T15:00:00+02:00
1153;Generación medida Nuclear;;;5359.88;2024-04-04T16:00:00+02:00
1153;Generación medida Nuclear;;;5359.499;2024-04-04T17:00:00+02:00
1153;Generación medida Nuclear;;;5358.045;2024-04-04T18:00:00+02:00
1153;Generación medida Nuclear;;;5359.141;2024-04-04T19:00:00+02:00
1153;Generación medida Nuclear;;;5359.849;2024-04-04T20:00:00+02:00
1153;Generación medida Nuclear;;;5361.923;2024-04-04T21:00:00+02:00
1153;Generación medida Nuclear;;;5363.134;2024-04-04T22:00:00+02:00
1153;Generación medida Nuclear;;;5364.17;2024-04-04T23:00:00+02:00
1153;Generación medida Nuclear;;;5361.883;2024-04-05T00:00:00+02:00
1153;Generación medida Nuclear;;;5360.734;2024-04-05T01:00:00+02:00
1153;Generación medida Nuclear;;;5359.623;2024-04-05T02:00:00+02:00
1153;Generación medida Nuclear;;;5359.255;2024-04-05T03:00:00+02:00
1153;Generación medida Nuclear;;;5362.766;2024-04-05T04:00:00+02:00
1153;Generación medida Nuclear;;;5363.685;2024-04-05T05:00:00+02:00
1153;Generación medida Nuclear;;;5365.846;2024-04-05T06:00:00+02:00
1153;Generación medida Nuclear;;;5367.423;2024-04-05T07:00:00+02:00
1153;Generación medida Nuclear;;;5368.865;2024-04-05T08:00:00+02:00
1153;Generación medida Nuclear;;;5367.919;2024-04-05T09:00:00+02:00
1153;Generación medida Nuclear;;;5366.699;2024-04-05T10:00:00+02:00
1153;Generación medida Nuclear;;;5362.084;2024-04-05T11:00:00+02:00
1153;Generación medida Nuclear;;;5358.998;2024-04-05T12:00:00+02:00
1153;Generación medida Nuclear;;;5356.133;2024-04-05T13:00:00+02:00
1153;Generación medida Nuclear;;;5360.184;2024-04-05T14:00:00+02:00
1153;Generación medida Nuclear;;;5361.936;2024-04-05T15:00:00+02:00
1153;Generación medida Nuclear;;;5360.121;2024-04-05T16:00:00+02:00
1153;Generación medida Nuclear;;;5359.28;2024-04-05T17:00:00+02:00
1153;Generación medida Nuclear;;;5360.029;2024-04-05T18:00:00+02:00
1153;Generación medida Nuclear;;;5361.38;2024-04-05T19:00:00+02:00
1153;Generación medida Nuclear;;;5363.615;2024-04-05T20:00:00+02:00
1153;Generación medida Nuclear;;;5364.783;2024-04-05T21:00:00+02:00
1153;Generación medida Nuclear;;;5367.425;2024-04-05T22:00:00+02:00
1153;Generación medida Nuclear;;;5369.405;2024-04-05T23:00:00+02:00
1153;Generación medida Nuclear;;;5365.804;2024-04-06T00:00:00+02:00
1153;Generación medida Nuclear;;;5369.632;2024-04-06T01:00:00+02:00
1153;Generación medida Nuclear;;;5370.468;2024-04-06T02:00:00+02:00
1153;Generación medida Nuclear;;;5373.559;2024-04-06T03:00:00+02:00
1153;Generación medida Nuclear;;;5374.55;2024-04-06T04:00:00+02:00
1153;Generación medida Nuclear;;;5368.937;2024-04-06T05:00:00+02:00
1153;Generación medida Nuclear;;;5365.512;2024-04-06T06:00:00+02:00
1153;Generación medida Nuclear;;;5365.624;2024-04-06T07:00:00+02:00
1153;Generación medida Nuclear;;;5366.226;2024-04-06T08:00:00+02:00
1153;Generación medida Nuclear;;;5366.07;2024-04-06T09:00:00+02:00
1153;Generación medida Nuclear;;;5365.304;2024-04-06T10:00:00+02:00
1153;Generación medida Nuclear;;;5365.776;2024-04-06T11:00:00+02:00
1153;Generación medida Nuclear;;;5366.25;2024-04-06T12:00:00+02:00
1153;Generación medida Nuclear;;;5364.927;2024-04-06T13:00:00+02:00
1153;Generación medida Nuclear;;;5363.067;2024-04-06T14:00:00+02:00
1153;Generación medida Nuclear;;;5361.907;2024-04-06T15:00:00+02:00
1153;Generación medida Nuclear;;;5363.145;2024-04-06T16:00:00+02:00
1153;Generación medida Nuclear;;;5361.662;2024-04-06T17:00:00+02:00
1153;Generación medida Nuclear;;;5361.885;2024-04-06T18:00:00+02:00
1153;Generación medida Nuclear;;;5363.332;2024-04-06T19:00:00+02:00
1153;Generación medida Nuclear;;;5362.931;2024-04-06T20:00:00+02:00
1153;Generación medida Nuclear;;;5363.467;2024-04-06T21:00:00+02:00
1153;Generación medida Nuclear;;;5365.159;2024-04-06T22:00:00+02:00
1153;Generación medida Nuclear;;;5364.767;2024-04-06T23:00:00+02:00
1153;Generación medida Nuclear;;;5348.17;2024-04-07T00:00:00+02:00
1153;Generación medida Nuclear;;;5345.171;2024-04-07T01:00:00+02:00
1153;Generación medida Nuclear;;;5343.086;2024-04-07T02:00:00+02:00
1153;Generación medida Nuclear;;;5342.999;2024-04-07T03:00:00+02:00
1153;Generación medida Nuclear;;;5333.607;2024-04-07T04:00:00+02:00
1153;Generación medida Nuclear;;;5258.489;2024-04-07T05:00:00+02:00
1153;Generación medida Nuclear;;;5157.992;2024-04-07T06:00:00+02:00
1153;Generación medida Nuclear;;;5053.744;2024-04-07T07:00:00+02:00
1153;Generación medida Nuclear;;;4545.781;2024-04-07T08:00:00+02:00
1153;Generación medida Nuclear;;;4357.08;2024-04-07T09:00:00+02:00
1153;Generación medida Nuclear;;;4355.348;2024-04-07T10:00:00+02:00
1153;Generación medida Nuclear;;;4354.203;2024-04-07T11:00:00+02:00
1153;Generación medida Nuclear;;;4354.298;2024-04-07T12:00:00+02:00
1153;Generación medida Nuclear;;;4354.93;2024-04-07T13:00:00+02:00
1153;Generación medida Nuclear;;;4353.507;2024-04-07T14:00:00+02:00
1153;Generación medida Nuclear;;;4351.562;2024-04-07T15:00:00+02:00
1153;Generación medida Nuclear;;;4350.449;2024-04-07T16:00:00+02:00
1153;Generación medida Nuclear;;;4348.088;2024-04-07T17:00:00+02:00
1153;Generación medida Nuclear;;;4348.032;2024-04-07T18:00:00+02:00
1153;Generación medida Nuclear;;;4347.158;2024-04-07T19:00:00+02:00
1153;Generación medida Nuclear;;;4348.103;2024-04-07T20:00:00+02:00
1153;Generación medida Nuclear;;;4348.555;2024-04-07T21:00:00+02:00
1153;Generación medida Nuclear;;;4348.771;2024-04-07T22:00:00+02:00
1153;Generación medida Nuclear;;;4350.372;2024-04-07T23:00:00+02:00
1153;Generación medida Nuclear;;;4354.485;2024-04-08T00:00:00+02:00
1153;Generación medida Nuclear;;;4351.045;2024-04-08T01:00:00+02:00
1153;Generación medida Nuclear;;;4350.889;2024-04-08T02:00:00+02:00
1153;Generación medida Nuclear;;;4352.016;2024-04-08T03:00:00+02:00
1153;Generación medida Nuclear;;;4352.86;2024-04-08T04:00:00+02:00
1153;Generación medida Nuclear;;;4352.498;2024-04-08T05:00:00+02:00
1153;Generación medida Nuclear;;;4350.976;2024-04-08T06:00:00+02:00
1153;Generación medida Nuclear;;;4348.991;2024-04-08T07:00:00+02:00
1153;Generación medida Nuclear;;;4347.938;2024-04-08T08:00:00+02:00
1153;Generación medida Nuclear;;;4345.135;2024-04-08T09:00:00+02:00
1153;Generación medida Nuclear;;;4334.782;2024-04-08T10:00:00+02:00
1153;Generación medida Nuclear;;;4340.359;2024-04-08T11:00:00+02:00
1153;Generación medida Nuclear;;;4343.047;2024-04-08T12:00:00+02:00
1153;Generación medida Nuclear;;;4336.381;2024-04-08T13:00:00+02:00
1153;Generación medida Nuclear;;;4335.285;2024-04-08T14:00:00+02:00
1153;Generación medida Nuclear;;;4334.476;2024-04-08T15:00:00+02:00
1153;Generación medida Nuclear;;;4333.569;2024-04-08T16:00:00+02:00
1153;Generación medida Nuclear;;;4333.799;2024-04-08T17:00:00+02:00
1153;Generación medida Nuclear;;;4334.361;2024-04-08T18:00:00+02:00
1153;Generación medida Nuclear;;;4334.413;2024-04-08T19:00:00+02:00
1153;Generación medida Nuclear;;;4335.598;2024-04-08T20:00:00+02:00
1153;Generación medida Nuclear;;;4336.614;2024-04-08T21:00:00+02:00
1153;Generación medida Nuclear;;;4337.271;2024-04-08T22:00:00+02:00
1153;Generación medida Nuclear;;;4337.408;2024-04-08T23:00:00+02:00
1153;Generación medida Nuclear;;;4339.31;2024-04-09T00:00:00+02:00
1153;Generación medida Nuclear;;;4340.005;2024-04-09T01:00:00+02:00
1153;Generación medida Nuclear;;;4340.081;2024-04-09T02:00:00+02:00
1153;Generación medida Nuclear;;;4340.591;2024-04-09T03:00:00+02:00
1153;Generación medida Nuclear;;;4342.558;2024-04-09T04:00:00+02:00
1153;Generación medida Nuclear;;;4340.795;2024-04-09T05:00:00+02:00
1153;Generación medida Nuclear;;;4341.301;2024-04-09T06:00:00+02:00
1153;Generación medida Nuclear;;;4339.886;2024-04-09T07:00:00+02:00
1153;Generación medida Nuclear;;;4341.16;2024-04-09T08:00:00+02:00
1153;Generación medida Nuclear;;;4339.483;2024-04-09T09:00:00+02:00
1153;Generación medida Nuclear;;;4345.278;2024-04-09T10:00:00+02:00
1153;Generación medida Nuclear;;;4342.807;2024-04-09T11:00:00+02:00
1153;Generación medida Nuclear;;;4339.489;2024-04-09T12:00:00+02:00
1153;Generación medida Nuclear;;;4336.408;2024-04-09T13:00:00+02:00
1153;Generación medida Nuclear;;;4335.619;2024-04-09T14:00:00+02:00
1153;Generación medida Nuclear;;;4334.074;2024-04-09T15:00:00+02:00
1153;Generación medida Nuclear;;;4334.152;2024-04-09T16:00:00+02:00
1153;Generación medida Nuclear;;;4333.55;2024-04-09T17:00:00+02:00
1153;Generación medida Nuclear;;;4333.957;2024-04-09T18:00:00+02:00
1153;Generación medida Nuclear;;;4333.364;2024-04-09T19:00:00+02:00
1153;Generación medida Nuclear;;;4333.042;2024-04-09T20:00:00+02:00
1153;Generación medida Nuclear;;;4331.629;2024-04-09T21:00:00+02:00
1153;Generación medida Nuclear;;;4320.334;2024-04-09T22:00:00+02:00
1153;Generación medida Nuclear;;;4319.892;2024-04-09T23:00:00+02:00
1153;Generación medida Nuclear;;;4316.777;2024-04-10T00:00:00+02:00
1153;Generación medida Nuclear;;;4319.845;2024-04-10T01:00:00+02:00
1153;Generación medida Nuclear;;;4328.432;2024-04-10T02:00:00+02:00
1153;Generación medida Nuclear;;;4330.116;2024-04-10T03:00:00+02:00
1153;Generación medida Nuclear;;;4330.252;2024-04-10T04:00:00+02:00
1153;Generación medida Nuclear;;;4329.739;2024-04-10T05:00:00+02:00
1153;Generación medida Nuclear;;;4331.503;2024-04-10T06:00:00+02:00
1153;Generación medida Nuclear;;;4331.538;2024-04-10T07:00:00+02:00
1153;Generación medida Nuclear;;;4331.021;2024-04-10T08:00:00+02:00
1153;Generación medida Nuclear;;;4331.371;2024-04-10T09:00:00+02:00
1153;Generación medida Nuclear;;;4330.277;2024-04-10T10:00:00+02:00
1153;Generación medida Nuclear;;;4331.817;2024-04-10T11:00:00+02:00
1153;Generación medida Nuclear;;;4331.792;2024-04-10T12:00:00+02:00
1153;Generación medida Nuclear;;;4331.401;2024-04-10T13:00:00+02:00
1153;Generación medida Nuclear;;;4330.789;2024-04-10T14:00:00+02:00
1153;Generación medida Nuclear;;;4328.828;2024-04-10T15:00:00+02:00
1153;Generación medida Nuclear;;;4327.907;2024-04-10T16:00:00+02:00
1153;Generación medida Nuclear;;;4328.805;2024-04-10T17:00:00+02:00
1153;Generación medida Nuclear;;;4326.452;2024-04-10T18:00:00+02:00
1153;Generación medida Nuclear;;;4326.964;2024-04-10T19:00:00+02:00
1153;Generación medida Nuclear;;;4323.787;2024-04-10T20:00:00+02:00
1153;Generación medida Nuclear;;;4320.877;2024-04-10T21:00:00+02:00
1153;Generación medida Nuclear;;;4320.768;2024-04-10T22:00:00+02:00
1153;Generación medida Nuclear;;;4321.41;2024-04-10T23:00:00+02:00
1153;Generación medida Nuclear;;;4320.832;2024-04-11T00:00:00+02:00
1153;Generación medida Nuclear;;;4322.179;2024-04-11T01:00:00+02:00
1153;Generación medida Nuclear;;;4320.965;2024-04-11T02:00:00+02:00
1153;Generación medida Nuclear;;;4321.777;2024-04-11T03:00:00+02:00
1153;Generación medida Nuclear;;;4323.101;2024-04-11T04:00:00+02:00
1153;Generación medida Nuclear;;;4322.613;2024-04-11T05:00:00+02:00
1153;Generación medida Nuclear;;;4322.719;2024-04-11T06:00:00+02:00
1153;Generación medida Nuclear;;;4321.346;2024-04-11T07:00:00+02:00
1153;Generación medida Nuclear;;;4322.533;2024-04-11T08:00:00+02:00
1153;Generación medida Nuclear;;;4323.457;2024-04-11T09:00:00+02:00
1153;Generación medida Nuclear;;;4321.766;2024-04-11T10:00:00+02:00
1153;Generación medida Nuclear;;;4319.359;2024-04-11T11:00:00+02:00
1153;Generación medida Nuclear;;;4320.706;2024-04-11T12:00:00+02:00
1153;Generación medida Nuclear;;;4316.41;2024-04-11T13:00:00+02:00
1153;Generación medida Nuclear;;;4315.187;2024-04-11T14:00:00+02:00
1153;Generación medida Nuclear;;;4312.497;2024-04-11T15:00:00+02:00
1153;Generación medida Nuclear;;;4315.215;2024-04-11T16:00:00+02:00
1153;Generación medida Nuclear;;;4315.088;2024-04-11T17:00:00+02:00
1153;Generación medida Nuclear;;;4315.354;2024-04-11T18:00:00+02:00
1153;Generación medida Nuclear;;;4313.902;2024-04-11T19:00:00+02:00
1153;Generación medida Nuclear;;;4314.354;2024-04-11T20:00:00+02:00
1153;Generación medida Nuclear;;;4315.37;2024-04-11T21:00:00+02:00
1153;Generación medida Nuclear;;;4315.111;2024-04-11T22:00:00+02:00
1153;Generación medida Nuclear;;;4316.705;2024-04-11T23:00:00+02:00
1153;Generación medida Nuclear;;;4320.001;2024-04-12T00:00:00+02:00
1153;Generación medida Nuclear;;;4317.397;2024-04-12T01:00:00+02:00
1153;Generación medida Nuclear;;;4316.896;2024-04-12T02:00:00+02:00
1153;Generación medida Nuclear;;;4318.332;2024-04-12T03:00:00+02:00
1153;Generación medida Nuclear;;;4318.753;2024-04-12T04:00:00+02:00
1153;Generación medida Nuclear;;;4318.125;2024-04-12T05:00:00+02:00
1153;Generación medida Nuclear;;;4316.763;2024-04-12T06:00:00+02:00
1153;Generación medida Nuclear;;;4317.621;2024-04-12T07:00:00+02:00
1153;Generación medida Nuclear;;;4316.402;2024-04-12T08:00:00+02:00
1153;Generación medida Nuclear;;;4313.37;2024-04-12T09:00:00+02:00
1153;Generación medida Nuclear;;;4309.832;2024-04-12T10:00:00+02:00
1153;Generación medida Nuclear;;;4308.706;2024-04-12T11:00:00+02:00
1153;Generación medida Nuclear;;;4308.025;2024-04-12T12:00:00+02:00
1153;Generación medida Nuclear;;;4306.386;2024-04-12T13:00:00+02:00
1153;Generación medida Nuclear;;;4306.58;2024-04-12T14:00:00+02:00
1153;Generación medida Nuclear;;;4305.658;2024-04-12T15:00:00+02:00
1153;Generación medida Nuclear;;;4305.181;2024-04-12T16:00:00+02:00
1153;Generación medida Nuclear;;;4304.028;2024-04-12T17:00:00+02:00
1153;Generación medida Nuclear;;;4304.235;2024-04-12T18:00:00+02:00
1153;Generación medida Nuclear;;;4304.038;2024-04-12T19:00:00+02:00
1153;Generación medida Nuclear;;;4305.6;2024-04-12T20:00:00+02:00
1153;Generación medida Nuclear;;;4306.445;2024-04-12T21:00:00+02:00
1153;Generación medida Nuclear;;;4306.709;2024-04-12T22:00:00+02:00
1153;Generación medida Nuclear;;;4307.694;2024-04-12T23:00:00+02:00
1153;Generación medida Nuclear;;;4307.771;2024-04-13T00:00:00+02:00
1153;Generación medida Nuclear;;;4304.129;2024-04-13T01:00:00+02:00
1153;Generación medida Nuclear;;;4307.576;2024-04-13T02:00:00+02:00
1153;Generación medida Nuclear;;;4377.237;2024-04-13T03:00:00+02:00
1153;Generación medida Nuclear;;;4449.078;2024-04-13T04:00:00+02:00
1153;Generación medida Nuclear;;;4435.23;2024-04-13T05:00:00+02:00
1153;Generación medida Nuclear;;;4435.87;2024-04-13T06:00:00+02:00
1153;Generación medida Nuclear;;;4444.389;2024-04-13T07:00:00+02:00
1153;Generación medida Nuclear;;;4510.579;2024-04-13T08:00:00+02:00
1153;Generación medida Nuclear;;;4600.716;2024-04-13T09:00:00+02:00
1153;Generación medida Nuclear;;;4643.088;2024-04-13T10:00:00+02:00
1153;Generación medida Nuclear;;;4663.118;2024-04-13T11:00:00+02:00
1153;Generación medida Nuclear;;;4729.612;2024-04-13T12:00:00+02:00
1153;Generación medida Nuclear;;;4766.902;2024-04-13T13:00:00+02:00
1153;Generación medida Nuclear;;;4776.406;2024-04-13T14:00:00+02:00
1153;Generación medida Nuclear;;;4794.728;2024-04-13T15:00:00+02:00
1153;Generación medida Nuclear;;;4807.359;2024-04-13T16:00:00+02:00
1153;Generación medida Nuclear;;;4885.559;2024-04-13T17:00:00+02:00
1153;Generación medida Nuclear;;;4972.448;2024-04-13T18:00:00+02:00
1153;Generación medida Nuclear;;;5031.167;2024-04-13T19:00:00+02:00
1153;Generación medida Nuclear;;;5063.546;2024-04-13T20:00:00+02:00
1153;Generación medida Nuclear;;;5092.833;2024-04-13T21:00:00+02:00
1153;Generación medida Nuclear;;;5125.289;2024-04-13T22:00:00+02:00
1153;Generación medida Nuclear;;;5156.14;2024-04-13T23:00:00+02:00
1153;Generación medida Nuclear;;;5187.102;2024-04-14T00:00:00+02:00
1153;Generación medida Nuclear;;;5218.558;2024-04-14T01:00:00+02:00
1153;Generación medida Nuclear;;;5248.388;2024-04-14T02:00:00+02:00
1153;Generación medida Nuclear;;;5264.937;2024-04-14T03:00:00+02:00
1153;Generación medida Nuclear;;;5274.772;2024-04-14T04:00:00+02:00
1153;Generación medida Nuclear;;;5282.259;2024-04-14T05:00:00+02:00
1153;Generación medida Nuclear;;;5280.356;2024-04-14T06:00:00+02:00
1153;Generación medida Nuclear;;;5283.306;2024-04-14T07:00:00+02:00
1153;Generación medida Nuclear;;;5284.418;2024-04-14T08:00:00+02:00
1153;Generación medida Nuclear;;;5294.645;2024-04-14T09:00:00+02:00
1153;Generación medida Nuclear;;;5298.484;2024-04-14T10:00:00+02:00
1153;Generación medida Nuclear;;;5297.75;2024-04-14T11:00:00+02:00
1153;Generación medida Nuclear;;;5295.691;2024-04-14T12:00:00+02:00
1153;Generación medida Nuclear;;;5292.188;2024-04-14T13:00:00+02:00
1153;Generación medida Nuclear;;;5288.802;2024-04-14T14:00:00+02:00
1153;Generación medida Nuclear;;;5287.36;2024-04-14T15:00:00+02:00
1153;Generación medida Nuclear;;;5286.081;2024-04-14T16:00:00+02:00
1153;Generación medida Nuclear;;;5284.741;2024-04-14T17:00:00+02:00
1153;Generación medida Nuclear;;;5285.937;2024-04-14T18:00:00+02:00
1153;Generación medida Nuclear;;;5284.996;2024-04-14T19:00:00+02:00
1153;Generación medida Nuclear;;;5281.321;2024-04-14T20:00:00+02:00
1153;Generación medida Nuclear;;;5274.067;2024-04-14T21:00:00+02:00
1153;Generación medida Nuclear;;;5275.607;2024-04-14T22:00:00+02:00
1153;Generación medida Nuclear;;;5275.127;2024-04-14T23:00:00+02:00
1153;Generación medida Nuclear;;;5279.246;2024-04-15T00:00:00+02:00
1153;Generación medida Nuclear;;;5277.493;2024-04-15T01:00:00+02:00
1153;Generación medida Nuclear;;;5277.984;2024-04-15T02:00:00+02:00
1153;Generación medida Nuclear;;;5278.493;2024-04-15T03:00:00+02:00
1153;Generación medida Nuclear;;;5278.749;2024-04-15T04:00:00+02:00
1153;Generación medida Nuclear;;;5279.985;2024-04-15T05:00:00+02:00
1153;Generación medida Nuclear;;;5278.897;2024-04-15T06:00:00+02:00
1153;Generación medida Nuclear;;;5279.065;2024-04-15T07:00:00+02:00
1153;Generación medida Nuclear;;;5280.266;2024-04-15T08:00:00+02:00
1153;Generación medida Nuclear;;;5278.854;2024-04-15T09:00:00+02:00
1153;Generación medida Nuclear;;;5281.371;2024-04-15T10:00:00+02:00
1153;Generación medida Nuclear;;;5285.87;2024-04-15T11:00:00+02:00
1153;Generación medida Nuclear;;;5289.989;2024-04-15T12:00:00+02:00
1153;Generación medida Nuclear;;;5287.919;2024-04-15T13:00:00+02:00
1153;Generación medida Nuclear;;;5287.373;2024-04-15T14:00:00+02:00
1153;Generación medida Nuclear;;;5285.257;2024-04-15T15:00:00+02:00
1153;Generación medida Nuclear;;;5284.049;2024-04-15T16:00:00+02:00
1153;Generación medida Nuclear;;;5283.234;2024-04-15T17:00:00+02:00
1153;Generación medida Nuclear;;;5286.122;2024-04-15T18:00:00+02:00
1153;Generación medida Nuclear;;;5287.192;2024-04-15T19:00:00+02:00
1153;Generación medida Nuclear;;;5288.105;2024-04-15T20:00:00+02:00
1153;Generación medida Nuclear;;;5289.619;2024-04-15T21:00:00+02:00
1153;Generación medida Nuclear;;;5291.064;2024-04-15T22:00:00+02:00
1153;Generación medida Nuclear;;;5292.142;2024-04-15T23:00:00+02:00
1153;Generación medida Nuclear;;;5293.522;2024-04-16T00:00:00+02:00
1153;Generación medida Nuclear;;;5294.659;2024-04-16T01:00:00+02:00
1153;Generación medida Nuclear;;;5294.166;2024-04-16T02:00:00+02:00
1153;Generación medida Nuclear;;;5296.914;2024-04-16T03:00:00+02:00
1153;Generación medida Nuclear;;;5295.488;2024-04-16T04:00:00+02:00
1153;Generación medida Nuclear;;;5291.928;2024-04-16T05:00:00+02:00
1153;Generación medida Nuclear;;;5290.852;2024-04-16T06:00:00+02:00
1153;Generación medida Nuclear;;;5289.874;2024-04-16T07:00:00+02:00
1153;Generación medida Nuclear;;;5289.593;2024-04-16T08:00:00+02:00
1153;Generación medida Nuclear;;;5289.403;2024-04-16T09:00:00+02:00
1153;Generación medida Nuclear;;;5292.114;2024-04-16T10:00:00+02:00
1153;Generación medida Nuclear;;;5290.239;2024-04-16T11:00:00+02:00
1153;Generación medida Nuclear;;;5289.125;2024-04-16T12:00:00+02:00
1153;Generación medida Nuclear;;;5281.427;2024-04-16T13:00:00+02:00
1153;Generación medida Nuclear;;;5272.544;2024-04-16T14:00:00+02:00
1153;Generación medida Nuclear;;;5262.506;2024-04-16T15:00:00+02:00
1153;Generación medida Nuclear;;;5257.623;2024-04-16T16:00:00+02:00
1153;Generación medida Nuclear;;;5244.887;2024-04-16T17:00:00+02:00
1153;Generación medida Nuclear;;;5230.801;2024-04-16T18:00:00+02:00
1153;Generación medida Nuclear;;;5224.881;2024-04-16T19:00:00+02:00
1153;Generación medida Nuclear;;;5223.529;2024-04-16T20:00:00+02:00
1153;Generación medida Nuclear;;;5226.904;2024-04-16T21:00:00+02:00
1153;Generación medida Nuclear;;;5236.15;2024-04-16T22:00:00+02:00
1153;Generación medida Nuclear;;;5264.748;2024-04-16T23:00:00+02:00
1153;Generación medida Nuclear;;;5278.293;2024-04-17T00:00:00+02:00
1153;Generación medida Nuclear;;;5289.524;2024-04-17T01:00:00+02:00
1153;Generación medida Nuclear;;;5290.039;2024-04-17T02:00:00+02:00
1153;Generación medida Nuclear;;;5292.165;2024-04-17T03:00:00+02:00
1153;Generación medida Nuclear;;;5291.745;2024-04-17T04:00:00+02:00
1153;Generación medida Nuclear;;;5293.035;2024-04-17T05:00:00+02:00
1153;Generación medida Nuclear;;;5293.692;2024-04-17T06:00:00+02:00
1153;Generación medida Nuclear;;;5291.566;2024-04-17T07:00:00+02:00
1153;Generación medida Nuclear;;;5290.916;2024-04-17T08:00:00+02:00
1153;Generación medida Nuclear;;;5288.872;2024-04-17T09:00:00+02:00
1153;Generación medida Nuclear;;;5277.944;2024-04-17T10:00:00+02:00
1153;Generación medida Nuclear;;;5265.627;2024-04-17T11:00:00+02:00
1153;Generación medida Nuclear;;;5276.398;2024-04-17T12:00:00+02:00
1153;Generación medida Nuclear;;;5275.374;2024-04-17T13:00:00+02:00
1153;Generación medida Nuclear;;;5274.881;2024-04-17T14:00:00+02:00
1153;Generación medida Nuclear;;;5273.856;2024-04-17T15:00:00+02:00
1153;Generación medida Nuclear;;;5274.434;2024-04-17T16:00:00+02:00
1153;Generación medida Nuclear;;;5272.361;2024-04-17T17:00:00+02:00
1153;Generación medida Nuclear;;;5272.589;2024-04-17T18:00:00+02:00
1153;Generación medida Nuclear;;;5274.228;2024-04-17T19:00:00+02:00
1153;Generación medida Nuclear;;;5275.532;2024-04-17T20:00:00+02:00
1153;Generación medida Nuclear;;;5276.617;2024-04-17T21:00:00+02:00
1153;Generación medida Nuclear;;;5272.949;2024-04-17T22:00:00+02:00
1153;Generación medida Nuclear;;;5262.581;2024-04-17T23:00:00+02:00
1153;Generación medida Nuclear;;;5246.647;2024-04-18T00:00:00+02:00
1153;Generación medida Nuclear;;;5256.02;2024-04-18T01:00:00+02:00
1153;Generación medida Nuclear;;;5257.585;2024-04-18T02:00:00+02:00
1153;Generación medida Nuclear;;;5258.488;2024-04-18T03:00:00+02:00
1153;Generación medida Nuclear;;;5258.154;2024-04-18T04:00:00+02:00
1153;Generación medida Nuclear;;;5257.025;2024-04-18T05:00:00+02:00
1153;Generación medida Nuclear;;;5254.661;2024-04-18T06:00:00+02:00
1153;Generación medida Nuclear;;;5255.419;2024-04-18T07:00:00+02:00
1153;Generación medida Nuclear;;;5254.696;2024-04-18T08:00:00+02:00
1153;Generación medida Nuclear;;;5242.146;2024-04-18T09:00:00+02:00
1153;Generación medida Nuclear;;;5232.739;2024-04-18T10:00:00+02:00
1153;Generación medida Nuclear;;;5246.703;2024-04-18T11:00:00+02:00
1153;Generación medida Nuclear;;;5255.294;2024-04-18T12:00:00+02:00
1153;Generación medida Nuclear;;;5259.684;2024-04-18T13:00:00+02:00
1153;Generación medida Nuclear;;;5251.846;2024-04-18T14:00:00+02:00
1153;Generación medida Nuclear;;;5237.327;2024-04-18T15:00:00+02:00
1153;Generación medida Nuclear;;;5250.91;2024-04-18T16:00:00+02:00
1153;Generación medida Nuclear;;;5260.505;2024-04-18T17:00:00+02:00
1153;Generación medida Nuclear;;;5263.052;2024-04-18T18:00:00+02:00
1153;Generación medida Nuclear;;;5266.727;2024-04-18T19:00:00+02:00
1153;Generación medida Nuclear;;;5270.507;2024-04-18T20:00:00+02:00
1153;Generación medida Nuclear;;;5271.369;2024-04-18T21:00:00+02:00
1153;Generación medida Nuclear;;;5272.075;2024-04-18T22:00:00+02:00
1153;Generación medida Nuclear;;;5272.89;2024-04-18T23:00:00+02:00
1153;Generación medida Nuclear;;;5271.205;2024-04-19T00:00:00+02:00
1153;Generación medida Nuclear;;;5272.007;2024-04-19T01:00:00+02:00
1153;Generación medida Nuclear;;;5273.215;2024-04-19T02:00:00+02:00
1153;Generación medida Nuclear;;;5272.326;2024-04-19T03:00:00+02:00
1153;Generación medida Nuclear;;;5274.197;2024-04-19T04:00:00+02:00
1153;Generación medida Nuclear;;;5272.975;2024-04-19T05:00:00+02:00
1153;Generación medida Nuclear;;;5272.834;2024-04-19T06:00:00+02:00
1153;Generación medida Nuclear;;;5273.578;2024-04-19T07:00:00+02:00
1153;Generación medida Nuclear;;;5273.456;2024-04-19T08:00:00+02:00
1153;Generación medida Nuclear;;;5274.322;2024-04-19T09:00:00+02:00
1153;Generación medida Nuclear;;;5274.79;2024-04-19T10:00:00+02:00
1153;Generación medida Nuclear;;;5272.46;2024-04-19T11:00:00+02:00
1153;Generación medida Nuclear;;;5271.239;2024-04-19T12:00:00+02:00
1153;Generación medida Nuclear;;;5272.593;2024-04-19T13:00:00+02:00
1153;Generación medida Nuclear;;;5271.489;2024-04-19T14:00:00+02:00
1153;Generación medida Nuclear;;;5271.718;2024-04-19T15:00:00+02:00
1153;Generación medida Nuclear;;;5270.599;2024-04-19T16:00:00+02:00
1153;Generación medida Nuclear;;;5270.087;2024-04-19T17:00:00+02:00
1153;Generación medida Nuclear;;;5269.554;2024-04-19T18:00:00+02:00
1153;Generación medida Nuclear;;;5266.896;2024-04-19T19:00:00+02:00
1153;Generación medida Nuclear;;;5268.02;2024-04-19T20:00:00+02:00
1153;Generación medida Nuclear;;;5267.519;2024-04-19T21:00:00+02:00
1153;Generación medida Nuclear;;;5268.627;2024-04-19T22:00:00+02:00
1153;Generación medida Nuclear;;;5268.034;2024-04-19T23:00:00+02:00
1153;Generación medida Nuclear;;;5268.155;2024-04-20T00:00:00+02:00
1153;Generación medida Nuclear;;;5269.657;2024-04-20T01:00:00+02:00
1153;Generación medida Nuclear;;;5269.695;2024-04-20T02:00:00+02:00
1153;Generación medida Nuclear;;;5269.142;2024-04-20T03:00:00+02:00
1153;Generación medida Nuclear;;;5268.938;2024-04-20T04:00:00+02:00
1153;Generación medida Nuclear;;;5267.567;2024-04-20T05:00:00+02:00
1153;Generación medida Nuclear;;;5267.382;2024-04-20T06:00:00+02:00
1153;Generación medida Nuclear;;;5267.823;2024-04-20T07:00:00+02:00
1153;Generación medida Nuclear;;;5268.461;2024-04-20T08:00:00+02:00
1153;Generación medida Nuclear;;;5268.648;2024-04-20T09:00:00+02:00
1153;Generación medida Nuclear;;;5269.604;2024-04-20T10:00:00+02:00
1153;Generación medida Nuclear;;;5269.121;2024-04-20T11:00:00+02:00
1153;Generación medida Nuclear;;;5269.373;2024-04-20T12:00:00+02:00
1153;Generación medida Nuclear;;;5267.625;2024-04-20T13:00:00+02:00
1153;Generación medida Nuclear;;;5267.289;2024-04-20T14:00:00+02:00
1153;Generación medida Nuclear;;;5264.555;2024-04-20T15:00:00+02:00
1153;Generación medida Nuclear;;;5263.412;2024-04-20T16:00:00+02:00
1153;Generación medida Nuclear;;;5261.244;2024-04-20T17:00:00+02:00
1153;Generación medida Nuclear;;;5261.09;2024-04-20T18:00:00+02:00
1153;Generación medida Nuclear;;;5263.215;2024-04-20T19:00:00+02:00
1153;Generación medida Nuclear;;;5263.004;2024-04-20T20:00:00+02:00
1153;Generación medida Nuclear;;;5262.854;2024-04-20T21:00:00+02:00
1153;Generación medida Nuclear;;;5264.014;2024-04-20T22:00:00+02:00
1153;Generación medida Nuclear;;;5264.806;2024-04-20T23:00:00+02:00
1153;Generación medida Nuclear;;;5264.878;2024-04-21T00:00:00+02:00
1153;Generación medida Nuclear;;;5264.377;2024-04-21T01:00:00+02:00
1153;Generación medida Nuclear;;;5264.375;2024-04-21T02:00:00+02:00
1153;Generación medida Nuclear;;;5264.217;2024-04-21T03:00:00+02:00
1153;Generación medida Nuclear;;;5265.072;2024-04-21T04:00:00+02:00
1153;Generación medida Nuclear;;;5263.136;2024-04-21T05:00:00+02:00
1153;Generación medida Nuclear;;;5263.589;2024-04-21T06:00:00+02:00
1153;Generación medida Nuclear;;;5264.206;2024-04-21T07:00:00+02:00
1153;Generación medida Nuclear;;;5265.181;2024-04-21T08:00:00+02:00
1153;Generación medida Nuclear;;;5264.621;2024-04-21T09:00:00+02:00
1153;Generación medida Nuclear;;;5265.518;2024-04-21T10:00:00+02:00
1153;Generación medida Nuclear;;;5265.389;2024-04-21T11:00:00+02:00
1153;Generación medida Nuclear;;;5265.421;2024-04-21T12:00:00+02:00
1153;Generación medida Nuclear;;;5264.314;2024-04-21T13:00:00+02:00
1153;Generación medida Nuclear;;;5263.248;2024-04-21T14:00:00+02:00
1153;Generación medida Nuclear;;;5261.799;2024-04-21T15:00:00+02:00
1153;Generación medida Nuclear;;;5259.565;2024-04-21T16:00:00+02:00
1153;Generación medida Nuclear;;;5256.059;2024-04-21T17:00:00+02:00
1153;Generación medida Nuclear;;;5256.265;2024-04-21T18:00:00+02:00
1153;Generación medida Nuclear;;;5256.428;2024-04-21T19:00:00+02:00
1153;Generación medida Nuclear;;;5256.793;2024-04-21T20:00:00+02:00
1153;Generación medida Nuclear;;;5257.25;2024-04-21T21:00:00+02:00
1153;Generación medida Nuclear;;;5257.963;2024-04-21T22:00:00+02:00
1153;Generación medida Nuclear;;;5258.691;2024-04-21T23:00:00+02:00
1153;Generación medida Nuclear;;;5259.333;2024-04-22T00:00:00+02:00
1153;Generación medida Nuclear;;;5258.84;2024-04-22T01:00:00+02:00
1153;Generación medida Nuclear;;;5259.002;2024-04-22T02:00:00+02:00
1153;Generación medida Nuclear;;;5260.461;2024-04-22T03:00:00+02:00
1153;Generación medida Nuclear;;;5259.772;2024-04-22T04:00:00+02:00
1153;Generación medida Nuclear;;;5259.85;2024-04-22T05:00:00+02:00
1153;Generación medida Nuclear;;;5259.3;2024-04-22T06:00:00+02:00
1153;Generación medida Nuclear;;;5260.636;2024-04-22T07:00:00+02:00
1153;Generación medida Nuclear;;;5260.622;2024-04-22T08:00:00+02:00
1153;Generación medida Nuclear;;;5259.229;2024-04-22T09:00:00+02:00
1153;Generación medida Nuclear;;;5260.534;2024-04-22T10:00:00+02:00
1153;Generación medida Nuclear;;;5259.465;2024-04-22T11:00:00+02:00
1153;Generación medida Nuclear;;;5258.768;2024-04-22T12:00:00+02:00
1153;Generación medida Nuclear;;;5258.972;2024-04-22T13:00:00+02:00
1153;Generación medida Nuclear;;;5257.188;2024-04-22T14:00:00+02:00
1153;Generación medida Nuclear;;;5254.717;2024-04-22T15:00:00+02:00
1153;Generación medida Nuclear;;;5255.299;2024-04-22T16:00:00+02:00
1153;Generación medida Nuclear;;;5255.8;2024-04-22T17:00:00+02:00
1153;Generación medida Nuclear;;;5256.376;2024-04-22T18:00:00+02:00
1153;Generación medida Nuclear;;;5256.756;2024-04-22T19:00:00+02:00
1153;Generación medida Nuclear;;;5256.456;2024-04-22T20:00:00+02:00
1153;Generación medida Nuclear;;;5257.734;2024-04-22T21:00:00+02:00
1153;Generación medida Nuclear;;;5256.401;2024-04-22T22:00:00+02:00
1153;Generación medida Nuclear;;;5257.246;2024-04-22T23:00:00+02:00
1153;Generación medida Nuclear;;;5256.198;2024-04-23T00:00:00+02:00
1153;Generación medida Nuclear;;;5256.909;2024-04-23T01:00:00+02:00
1153;Generación medida Nuclear;;;5255.485;2024-04-23T02:00:00+02:00
1153;Generación medida Nuclear;;;5255.195;2024-04-23T03:00:00+02:00
1153;Generación medida Nuclear;;;5254.641;2024-04-23T04:00:00+02:00
1153;Generación medida Nuclear;;;5252.542;2024-04-23T05:00:00+02:00
1153;Generación medida Nuclear;;;5251.783;2024-04-23T06:00:00+02:00
1153;Generación medida Nuclear;;;5251.853;2024-04-23T07:00:00+02:00
1153;Generación medida Nuclear;;;5252.096;2024-04-23T08:00:00+02:00
1153;Generación medida Nuclear;;;5252.178;2024-04-23T09:00:00+02:00
1153;Generación medida Nuclear;;;5251.826;2024-04-23T10:00:00+02:00
1153;Generación medida Nuclear;;;5253.29;2024-04-23T11:00:00+02:00
1153;Generación medida Nuclear;;;5252.112;2024-04-23T12:00:00+02:00
1153;Generación medida Nuclear;;;5252.472;2024-04-23T13:00:00+02:00
1153;Generación medida Nuclear;;;5252.812;2024-04-23T14:00:00+02:00
1153;Generación medida Nuclear;;;5252.13;2024-04-23T15:00:00+02:00
1153;Generación medida Nuclear;;;5250.319;2024-04-23T16:00:00+02:00
1153;Generación medida Nuclear;;;5251.391;2024-04-23T17:00:00+02:00
1153;Generación medida Nuclear;;;5249.515;2024-04-23T18:00:00+02:00
1153;Generación medida Nuclear;;;5246.938;2024-04-23T19:00:00+02:00
1153;Generación medida Nuclear;;;5248.9;2024-04-23T20:00:00+02:00
1153;Generación medida Nuclear;;;5245.835;2024-04-23T21:00:00+02:00
1153;Generación medida Nuclear;;;5247.35;2024-04-23T22:00:00+02:00
1153;Generación medida Nuclear;;;5247.967;2024-04-23T23:00:00+02:00
1153;Generación medida Nuclear;;;5248.57;2024-04-24T00:00:00+02:00
1153;Generación medida Nuclear;;;5247.794;2024-04-24T01:00:00+02:00
1153;Generación medida Nuclear;;;5247.55;2024-04-24T02:00:00+02:00
1153;Generación medida Nuclear;;;5245.957;2024-04-24T03:00:00+02:00
1153;Generación medida Nuclear;;;5246.932;2024-04-24T04:00:00+02:00
1153;Generación medida Nuclear;;;5244.039;2024-04-24T05:00:00+02:00
1153;Generación medida Nuclear;;;5239.819;2024-04-24T06:00:00+02:00
1153;Generación medida Nuclear;;;5237.893;2024-04-24T07:00:00+02:00
1153;Generación medida Nuclear;;;5235.822;2024-04-24T08:00:00+02:00
1153;Generación medida Nuclear;;;5232.797;2024-04-24T09:00:00+02:00
1153;Generación medida Nuclear;;;5227.031;2024-04-24T10:00:00+02:00
1153;Generación medida Nuclear;;;5228.009;2024-04-24T11:00:00+02:00
1153;Generación medida Nuclear;;;5224.573;2024-04-24T12:00:00+02:00
1153;Generación medida Nuclear;;;5221.538;2024-04-24T13:00:00+02:00
1153;Generación medida Nuclear;;;5221.832;2024-04-24T14:00:00+02:00
1153;Generación medida Nuclear;;;5222.652;2024-04-24T15:00:00+02:00
1153;Generación medida Nuclear;;;5233.427;2024-04-24T16:00:00+02:00
1153;Generación medida Nuclear;;;5236.112;2024-04-24T17:00:00+02:00
1153;Generación medida Nuclear;;;5232.674;2024-04-24T18:00:00+02:00
1153;Generación medida Nuclear;;;5235.038;2024-04-24T19:00:00+02:00
1153;Generación medida Nuclear;;;5235.648;2024-04-24T20:00:00+02:00
1153;Generación medida Nuclear;;;5236.265;2024-04-24T21:00:00+02:00
1153;Generación medida Nuclear;;;5236.706;2024-04-24T22:00:00+02:00
1153;Generación medida Nuclear;;;5236.919;2024-04-24T23:00:00+02:00
1153;Generación medida Nuclear;;;5237.063;2024-04-25T00:00:00+02:00
1153;Generación medida Nuclear;;;5235.981;2024-04-25T01:00:00+02:00
1153;Generación medida Nuclear;;;5235.857;2024-04-25T02:00:00+02:00
1153;Generación medida Nuclear;;;5236.917;2024-04-25T03:00:00+02:00
1153;Generación medida Nuclear;;;5236.728;2024-04-25T04:00:00+02:00
1153;Generación medida Nuclear;;;5234.752;2024-04-25T05:00:00+02:00
1153;Generación medida Nuclear;;;5237.068;2024-04-25T06:00:00+02:00
1153;Generación medida Nuclear;;;5236.426;2024-04-25T07:00:00+02:00
1153;Generación medida Nuclear;;;5235.564;2024-04-25T08:00:00+02:00
1153;Generación medida Nuclear;;;5232.467;2024-04-25T09:00:00+02:00
1153;Generación medida Nuclear;;;5230.502;2024-04-25T10:00:00+02:00
1153;Generación medida Nuclear;;;5231.244;2024-04-25T11:00:00+02:00
1153;Generación medida Nuclear;;;5230.398;2024-04-25T12:00:00+02:00
1153;Generación medida Nuclear;;;5229.735;2024-04-25T13:00:00+02:00
1153;Generación medida Nuclear;;;5230.833;2024-04-25T14:00:00+02:00
1153;Generación medida Nuclear;;;5233.123;2024-04-25T15:00:00+02:00
1153;Generación medida Nuclear;;;5233.506;2024-04-25T16:00:00+02:00
1153;Generación medida Nuclear;;;5234.473;2024-04-25T17:00:00+02:00
1153;Generación medida Nuclear;;;5234.141;2024-04-25T18:00:00+02:00
1153;Generación medida Nuclear;;;5234.442;2024-04-25T19:00:00+02:00
1153;Generación medida Nuclear;;;5233.796;2024-04-25T20:00:00+02:00
1153;Generación medida Nuclear;;;5234.624;2024-04-25T21:00:00+02:00
1153;Generación medida Nuclear;;;5234.14;2024-04-25T22:00:00+02:00
1153;Generación medida Nuclear;;;5233.987;2024-04-25T23:00:00+02:00
1153;Generación medida Nuclear;;;5227.919;2024-04-26T00:00:00+02:00
1153;Generación medida Nuclear;;;5226.814;2024-04-26T01:00:00+02:00
1153;Generación medida Nuclear;;;5227.301;2024-04-26T02:00:00+02:00
1153;Generación medida Nuclear;;;5227.132;2024-04-26T03:00:00+02:00
1153;Generación medida Nuclear;;;5227.333;2024-04-26T04:00:00+02:00
1153;Generación medida Nuclear;;;5227.717;2024-04-26T05:00:00+02:00
1153;Generación medida Nuclear;;;5226.062;2024-04-26T06:00:00+02:00
1153;Generación medida Nuclear;;;5226.747;2024-04-26T07:00:00+02:00
1153;Generación medida Nuclear;;;5175.19;2024-04-26T08:00:00+02:00
1153;Generación medida Nuclear;;;5156.237;2024-04-26T09:00:00+02:00
1153;Generación medida Nuclear;;;5155.382;2024-04-26T10:00:00+02:00
1153;Generación medida Nuclear;;;5152.847;2024-04-26T11:00:00+02:00
1153;Generación medida Nuclear;;;5119.245;2024-04-26T12:00:00+02:00
1153;Generación medida Nuclear;;;5010.112;2024-04-26T13:00:00+02:00
1153;Generación medida Nuclear;;;4932.733;2024-04-26T14:00:00+02:00
1153;Generación medida Nuclear;;;4828.043;2024-04-26T15:00:00+02:00
1153;Generación medida Nuclear;;;4714.332;2024-04-26T16:00:00+02:00
1153;Generación medida Nuclear;;;4596.091;2024-04-26T17:00:00+02:00
1153;Generación medida Nuclear;;;4477.997;2024-04-26T18:00:00+02:00
1153;Generación medida Nuclear;;;4391.287;2024-04-26T19:00:00+02:00
1153;Generación medida Nuclear;;;4383.914;2024-04-26T20:00:00+02:00
1153;Generación medida Nuclear;;;4383.474;2024-04-26T21:00:00+02:00
1153;Generación medida Nuclear;;;4383.052;2024-04-26T22:00:00+02:00
1153;Generación medida Nuclear;;;4366.349;2024-04-26T23:00:00+02:00
1153;Generación medida Nuclear;;;4327.508;2024-04-27T00:00:00+02:00
1153;Generación medida Nuclear;;;4328.481;2024-04-27T01:00:00+02:00
1153;Generación medida Nuclear;;;4326.703;2024-04-27T02:00:00+02:00
1153;Generación medida Nuclear;;;4327.268;2024-04-27T03:00:00+02:00
1153;Generación medida Nuclear;;;4326.859;2024-04-27T04:00:00+02:00
1153;Generación medida Nuclear;;;4327.729;2024-04-27T05:00:00+02:00
1153;Generación medida Nuclear;;;4326.176;2024-04-27T06:00:00+02:00
1153;Generación medida Nuclear;;;4327.397;2024-04-27T07:00:00+02:00
1153;Generación medida Nuclear;;;4326.597;2024-04-27T08:00:00+02:00
1153;Generación medida Nuclear;;;4327.943;2024-04-27T09:00:00+02:00
1153;Generación medida Nuclear;;;4326.695;2024-04-27T10:00:00+02:00
1153;Generación medida Nuclear;;;4326.609;2024-04-27T11:00:00+02:00
1153;Generación medida Nuclear;;;4328.12;2024-04-27T12:00:00+02:00
1153;Generación medida Nuclear;;;4327.594;2024-04-27T13:00:00+02:00
1153;Generación medida Nuclear;;;4328.406;2024-04-27T14:00:00+02:00
1153;Generación medida Nuclear;;;4326.258;2024-04-27T15:00:00+02:00
1153;Generación medida Nuclear;;;4326.727;2024-04-27T16:00:00+02:00
1153;Generación medida Nuclear;;;4326.596;2024-04-27T17:00:00+02:00
1153;Generación medida Nuclear;;;4328.064;2024-04-27T18:00:00+02:00
1153;Generación medida Nuclear;;;4328.066;2024-04-27T19:00:00+02:00
1153;Generación medida Nuclear;;;4327.974;2024-04-27T20:00:00+02:00
1153;Generación medida Nuclear;;;4327.833;2024-04-27T21:00:00+02:00
1153;Generación medida Nuclear;;;4328.515;2024-04-27T22:00:00+02:00
1153;Generación medida Nuclear;;;4329.05;2024-04-27T23:00:00+02:00
1153;Generación medida Nuclear;;;4329.234;2024-04-28T00:00:00+02:00
1153;Generación medida Nuclear;;;4329.121;2024-04-28T01:00:00+02:00
1153;Generación medida Nuclear;;;4328.861;2024-04-28T02:00:00+02:00
1153;Generación medida Nuclear;;;4328.144;2024-04-28T03:00:00+02:00
1153;Generación medida Nuclear;;;4329.136;2024-04-28T04:00:00+02:00
1153;Generación medida Nuclear;;;4329.189;2024-04-28T05:00:00+02:00
1153;Generación medida Nuclear;;;4329.178;2024-04-28T06:00:00+02:00
1153;Generación medida Nuclear;;;4330.188;2024-04-28T07:00:00+02:00
1153;Generación medida Nuclear;;;4330.126;2024-04-28T08:00:00+02:00
1153;Generación medida Nuclear;;;4329.772;2024-04-28T09:00:00+02:00
1153;Generación medida Nuclear;;;4328.577;2024-04-28T10:00:00+02:00
1153;Generación medida Nuclear;;;4325.091;2024-04-28T11:00:00+02:00
1153;Generación medida Nuclear;;;4323.362;2024-04-28T12:00:00+02:00
1153;Generación medida Nuclear;;;4320.089;2024-04-28T13:00:00+02:00
1153;Generación medida Nuclear;;;4319.324;2024-04-28T14:00:00+02:00
1153;Generación medida Nuclear;;;4318.771;2024-04-28T15:00:00+02:00
1153;Generación medida Nuclear;;;4319.14;2024-04-28T16:00:00+02:00
1153;Generación medida Nuclear;;;4316.697;2024-04-28T17:00:00+02:00
1153;Generación medida Nuclear;;;4314.235;2024-04-28T18:00:00+02:00
1153;Generación medida Nuclear;;;4313.488;2024-04-28T19:00:00+02:00
1153;Generación medida Nuclear;;;4316.697;2024-04-28T20:00:00+02:00
1153;Generación medida Nuclear;;;4317.663;2024-04-28T21:00:00+02:00
1153;Generación medida Nuclear;;;4318.968;2024-04-28T22:00:00+02:00
1153;Generación medida Nuclear;;;4318.657;2024-04-28T23:00:00+02:00
1153;Generación medida Nuclear;;;4322.814;2024-04-29T00:00:00+02:00
1153;Generación medida Nuclear;;;4319.69;2024-04-29T01:00:00+02:00
1153;Generación medida Nuclear;;;4319.641;2024-04-29T02:00:00+02:00
1153;Generación medida Nuclear;;;4318.083;2024-04-29T03:00:00+02:00
1153;Generación medida Nuclear;;;4317.998;2024-04-29T04:00:00+02:00
1153;Generación medida Nuclear;;;4318.518;2024-04-29T05:00:00+02:00
1153;Generación medida Nuclear;;;4318.16;2024-04-29T06:00:00+02:00
1153;Generación medida Nuclear;;;4317.685;2024-04-29T07:00:00+02:00
1153;Generación medida Nuclear;;;4318.24;2024-04-29T08:00:00+02:00
1153;Generación medida Nuclear;;;4318.761;2024-04-29T09:00:00+02:00
1153;Generación medida Nuclear;;;4319.552;2024-04-29T10:00:00+02:00
1153;Generación medida Nuclear;;;4319.703;2024-04-29T11:00:00+02:00
1153;Generación medida Nuclear;;;4319.552;2024-04-29T12:00:00+02:00
1153;Generación medida Nuclear;;;4318.606;2024-04-29T13:00:00+02:00
1153;Generación medida Nuclear;;;4317.615;2024-04-29T14:00:00+02:00
1153;Generación medida Nuclear;;;4318.604;2024-04-29T15:00:00+02:00
1153;Generación medida Nuclear;;;4317.995;2024-04-29T16:00:00+02:00
1153;Generación medida Nuclear;;;4328.574;2024-04-29T17:00:00+02:00
1153;Generación medida Nuclear;;;4353.166;2024-04-29T18:00:00+02:00
1153;Generación medida Nuclear;;;4376.361;2024-04-29T19:00:00+02:00
1153;Generación medida Nuclear;;;4401.466;2024-04-29T20:00:00+02:00
1153;Generación medida Nuclear;;;4425.293;2024-04-29T21:00:00+02:00
1153;Generación medida Nuclear;;;4441.615;2024-04-29T22:00:00+02:00
1153;Generación medida Nuclear;;;4468.632;2024-04-29T23:00:00+02:00
1153;Generación medida Nuclear;;;4494.132;2024-04-30T00:00:00+02:00
1153;Generación medida Nuclear;;;4511.725;2024-04-30T01:00:00+02:00
1153;Generación medida Nuclear;;;4533.389;2024-04-30T02:00:00+02:00
1153;Generación medida Nuclear;;;4555.653;2024-04-30T03:00:00+02:00
1153;Generación medida Nuclear;;;4574.513;2024-04-30T04:00:00+02:00
1153;Generación medida Nuclear;;;4603.723;2024-04-30T05:00:00+02:00
1153;Generación medida Nuclear;;;4627.88;2024-04-30T06:00:00+02:00
1153;Generación medida Nuclear;;;4652.885;2024-04-30T07:00:00+02:00
1153;Generación medida Nuclear;;;4663.7;2024-04-30T08:00:00+02:00
1153;Generación medida Nuclear;;;4662.54;2024-04-30T09:00:00+02:00
1153;Generación medida Nuclear;;;4665.945;2024-04-30T10:00:00+02:00
1153;Generación medida Nuclear;;;4664.321;2024-04-30T11:00:00+02:00
1153;Generación medida Nuclear;;;4659.767;2024-04-30T12:00:00+02:00
1153;Generación medida Nuclear;;;4658.207;2024-04-30T13:00:00+02:00
1153;Generación medida Nuclear;;;4656.039;2024-04-30T14:00:00+02:00
1153;Generación medida Nuclear;;;4653.943;2024-04-30T15:00:00+02:00
1153;Generación medida Nuclear;;;4649.549;2024-04-30T16:00:00+02:00
1153;Generación medida Nuclear;;;4649.288;2024-04-30T17:00:00+02:00
1153;Generación medida Nuclear;;;4647.97;2024-04-30T18:00:00+02:00
1153;Generación medida Nuclear;;;4651.714;2024-04-30T19:00:00+02:00
1153;Generación medida Nuclear;;;4657.451;2024-04-30T20:00:00+02:00
1153;Generación medida Nuclear;;;4661.051;2024-04-30T21:00:00+02:00
1153;Generación medida Nuclear;;;4662.695;2024-04-30T22:00:00+02:00
1153;Generación medida Nuclear;;;4662.8;2024-04-30T23:00:00+02:00
1163;Generación medida Océano y geotérmica;;;2.442;2024-04-01T00:00:00+02:00
1163;Generación medida Océano y geotérmica;;;2.407;2024-04-01T01:00:00+02:00
1163;Generación medida Océano y geotérmica;;;2.39;2024-04-01T02:00:00+02:00
1163;Generación medida Océano y geotérmica;;;2.393;2024-04-01T03:00:00+02:00
1163;Generación medida Océano y geotérmica;;;2.405;2024-04-01T04:00:00+02:00
1163;Generación medida Océano y geotérmica;;;2.423;2024-04-01T05:00:00+02:00
1163;Generación medida Océano y geotérmica;;;2.511;2024-04-01T06:00:00+02:00
1163;Generación medida Océano y geotérmica;;;2.534;2024-04-01T07:00:00+02:00
1163;Generación medida Océano y geotérmica;;;2.6;2024-04-01T08:00:00+02:00
1163;Generación medida Océano y geotérmica;;;2.593;2024-04-01T09:00:00+02:00
1163;Generación medida Océano y geotérmica;;;2.578;2024-04-01T10:00:00+02:00
1163;Generación medida Océano y geotérmica;;;2.541;2024-04-01T11:00:00+02:00
1163;Generación medida Océano y geotérmica;;;2.378;2024-04-01T12:00:00+02:00
1163;Generación medida Océano y geotérmica;;;2.485;2024-04-01T13:00:00+02:00
1163;Generación medida Océano y geotérmica;;;2.468;2024-04-01T14:00:00+02:00
1163;Generación medida Océano y geotérmica;;;2.412;2024-04-01T15:00:00+02:00
1163;Generación medida Océano y geotérmica;;;2.475;2024-04-01T16:00:00+02:00
1163;Generación medida Océano y geotérmica;;;2.495;2024-04-01T17:00:00+02:00
1163;Generación medida Océano y geotérmica;;;2.501;2024-04-01T18:00:00+02:00
1163;Generación medida Océano y geotérmica;;;2.524;2024-04-01T19:00:00+02:00
1163;Generación medida Océano y geotérmica;;;2.499;2024-04-01T20:00:00+02:00
1163;Generación medida Océano y geotérmica;;;2.567;2024-04-01T21:00:00+02:00
1163;Generación medida Océano y geotérmica;;;2.54;2024-04-01T22:00:00+02:00
1163;Generación medida Océano y geotérmica;;;2.51;2024-04-01T23:00:00+02:00
1163;Generación medida Océano y geotérmica;;;2.508;2024-04-02T00:00:00+02:00
1163;Generación medida Océano y geotérmica;;;2.478;2024-04-02T01:00:00+02:00
1163;Generación medida Océano y geotérmica;;;2.438;2024-04-02T02:00:00+02:00
1163;Generación medida Océano y geotérmica;;;2.473;2024-04-02T03:00:00+02:00
1163;Generación medida Océano y geotérmica;;;2.382;2024-04-02T04:00:00+02:00
1163;Generación medida Océano y geotérmica;;;2.441;2024-04-02T05:00:00+02:00
1163;Generación medida Océano y geotérmica;;;2.29;2024-04-02T06:00:00+02:00
1163;Generación medida Océano y geotérmica;;;2.35;2024-04-02T07:00:00+02:00
1163;Generación medida Océano y geotérmica;;;2.33;2024-04-02T08:00:00+02:00
1163;Generación medida Océano y geotérmica;;;2.329;2024-04-02T09:00:00+02:00
1163;Generación medida Océano y geotérmica;;;2.412;2024-04-02T10:00:00+02:00
1163;Generación medida Océano y geotérmica;;;2.314;2024-04-02T11:00:00+02:00
1163;Generación medida Océano y geotérmica;;;2.167;2024-04-02T12:00:00+02:00
1163;Generación medida Océano y geotérmica;;;2.281;2024-04-02T13:00:00+02:00
1163;Generación medida Océano y geotérmica;;;2.279;2024-04-02T14:00:00+02:00
1163;Generación medida Océano y geotérmica;;;2.282;2024-04-02T15:00:00+02:00
1163;Generación medida Océano y geotérmica;;;2.37;2024-04-02T16:00:00+02:00
1163;Generación medida Océano y geotérmica;;;2.36;2024-04-02T17:00:00+02:00
1163;Generación medida Océano y geotérmica;;;2.384;2024-04-02T18:00:00+02:00
1163;Generación medida Océano y geotérmica;;;2.412;2024-04-02T19:00:00+02:00
1163;Generación medida Océano y geotérmica;;;2.404;2024-04-02T20:00:00+02:00
1163;Generación medida Océano y geotérmica;;;2.42;2024-04-02T21:00:00+02:00
1163;Generación medida Océano y geotérmica;;;2.433;2024-04-02T22:00:00+02:00
1163;Generación medida Océano y geotérmica;;;2.454;2024-04-02T23:00:00+02:00
1163;Generación medida Océano y geotérmica;;;2.467;2024-04-03T00:00:00+02:00
1163;Generación medida Océano y geotérmica;;;2.504;2024-04-03T01:00:00+02:00
1163;Generación medida Océano y geotérmica;;;2.485;2024-04-03T02:00:00+02:00
1163;Generación medida Océano y geotérmica;;;2.477;2024-04-03T03:00:00+02:00
1163;Generación medida Océano y geotérmica;;;2.466;2024-04-03T04:00:00+02:00
1163;Generación medida Océano y geotérmica;;;2.468;2024-04-03T05:00:00+02:00
1163;Generación medida Océano y geotérmica;;;2.457;2024-04-03T06:00:00+02:00
1163;Generación medida Océano y geotérmica;;;2.43;2024-04-03T07:00:00+02:00
1163;Generación medida Océano y geotérmica;;;2.363;2024-04-03T08:00:00+02:00
1163;Generación medida Océano y geotérmica;;;1.247;2024-04-03T09:00:00+02:00
1163;Generación medida Océano y geotérmica;;;0.002;2024-04-03T10:00:00+02:00
1163;Generación medida Océano y geotérmica;;;0.003;2024-04-03T11:00:00+02:00
1163;Generación medida Océano y geotérmica;;;0.006;2024-04-03T12:00:00+02:00
1163;Generación medida Océano y geotérmica;;;0.005;2024-04-03T13:00:00+02:00
1163;Generación medida Océano y geotérmica;;;0.006;2024-04-03T14:00:00+02:00
1163;Generación medida Océano y geotérmica;;;0.007;2024-04-03T15:00:00+02:00
1163;Generación medida Océano y geotérmica;;;0.006;2024-04-03T16:00:00+02:00
1163;Generación medida Océano y geotérmica;;;0.006;2024-04-03T17:00:00+02:00
1163;Generación medida Océano y geotérmica;;;0.006;2024-04-03T18:00:00+02:00
1163;Generación medida Océano y geotérmica;;;0.007;2024-04-03T19:00:00+02:00
1163;Generación medida Océano y geotérmica;;;0.007;2024-04-03T20:00:00+02:00
1163;Generación medida Océano y geotérmica;;;0.009;2024-04-03T21:00:00+02:00
1163;Generación medida Océano y geotérmica;;;0.014;2024-04-03T22:00:00+02:00
1163;Generación medida Océano y geotérmica;;;0.016;2024-04-03T23:00:00+02:00
1163;Generación medida Océano y geotérmica;;;0.013;2024-04-04T00:00:00+02:00
1163;Generación medida Océano y geotérmica;;;0.012;2024-04-04T01:00:00+02:00
1163;Generación medida Océano y geotérmica;;;0.009;2024-04-04T02:00:00+02:00
1163;Generación medida Océano y geotérmica;;;0.009;2024-04-04T03:00:00+02:00
1163;Generación medida Océano y geotérmica;;;0.006;2024-04-04T04:00:00+02:00
1163;Generación medida Océano y geotérmica;;;0.008;2024-04-04T05:00:00+02:00
1163;Generación medida Océano y geotérmica;;;0.008;2024-04-04T06:00:00+02:00
1163;Generación medida Océano y geotérmica;;;0.007;2024-04-04T07:00:00+02:00
1163;Generación medida Océano y geotérmica;;;0.009;2024-04-04T08:00:00+02:00
1163;Generación medida Océano y geotérmica;;;0.007;2024-04-04T09:00:00+02:00
1163;Generación medida Océano y geotérmica;;;0.009;2024-04-04T10:00:00+02:00
1163;Generación medida Océano y geotérmica;;;0.012;2024-04-04T11:00:00+02:00
1163;Generación medida Océano y geotérmica;;;0.011;2024-04-04T12:00:00+02:00
1163;Generación medida Océano y geotérmica;;;0.009;2024-04-04T13:00:00+02:00
1163;Generación medida Océano y geotérmica;;;0.007;2024-04-04T14:00:00+02:00
1163;Generación medida Océano y geotérmica;;;0.006;2024-04-04T15:00:00+02:00
1163;Generación medida Océano y geotérmica;;;0.007;2024-04-04T16:00:00+02:00
1163;Generación medida Océano y geotérmica;;;0.006;2024-04-04T17:00:00+02:00
1163;Generación medida Océano y geotérmica;;;0.006;2024-04-04T18:00:00+02:00
1163;Generación medida Océano y geotérmica;;;0.004;2024-04-04T19:00:00+02:00
1163;Generación medida Océano y geotérmica;;;0.006;2024-04-04T20:00:00+02:00
1163;Generación medida Océano y geotérmica;;;0.004;2024-04-04T21:00:00+02:00
1163;Generación medida Océano y geotérmica;;;0.005;2024-04-04T22:00:00+02:00
1163;Generación medida Océano y geotérmica;;;0.005;2024-04-04T23:00:00+02:00
1163;Generación medida Océano y geotérmica;;;0.005;2024-04-05T00:00:00+02:00
1163;Generación medida Océano y geotérmica;;;0.003;2024-04-05T01:00:00+02:00
1163;Generación medida Océano y geotérmica;;;0.005;2024-04-05T02:00:00+02:00
1163;Generación medida Océano y geotérmica;;;0.004;2024-04-05T03:00:00+02:00
1163;Generación medida Océano y geotérmica;;;0.007;2024-04-05T04:00:00+02:00
1163;Generación medida Océano y geotérmica;;;0.012;2024-04-05T05:00:00+02:00
1163;Generación medida Océano y geotérmica;;;0.017;2024-04-05T06:00:00+02:00
1163;Generación medida Océano y geotérmica;;;0.026;2024-04-05T07:00:00+02:00
1163;Generación medida Océano y geotérmica;;;0.024;2024-04-05T08:00:00+02:00
1163;Generación medida Océano y geotérmica;;;0.021;2024-04-05T09:00:00+02:00
1163;Generación medida Océano y geotérmica;;;0.02;2024-04-05T10:00:00+02:00
1163;Generación medida Océano y geotérmica;;;0.013;2024-04-05T11:00:00+02:00
1163;Generación medida Océano y geotérmica;;;0.013;2024-04-05T12:00:00+02:00
1163;Generación medida Océano y geotérmica;;;0.019;2024-04-05T13:00:00+02:00
1163;Generación medida Océano y geotérmica;;;0.013;2024-04-05T14:00:00+02:00
1163;Generación medida Océano y geotérmica;;;0.012;2024-04-05T15:00:00+02:00
1163;Generación medida Océano y geotérmica;;;0.017;2024-04-05T16:00:00+02:00
1163;Generación medida Océano y geotérmica;;;0.019;2024-04-05T17:00:00+02:00
1163;Generación medida Océano y geotérmica;;;0.017;2024-04-05T18:00:00+02:00
1163;Generación medida Océano y geotérmica;;;0.02;2024-04-05T19:00:00+02:00
1163;Generación medida Océano y geotérmica;;;0.026;2024-04-05T20:00:00+02:00
1163;Generación medida Océano y geotérmica;;;0.027;2024-04-05T21:00:00+02:00
1163;Generación medida Océano y geotérmica;;;0.024;2024-04-05T22:00:00+02:00
1163;Generación medida Océano y geotérmica;;;0.03;2024-04-05T23:00:00+02:00
1163;Generación medida Océano y geotérmica;;;0.034;2024-04-06T00:00:00+02:00
1163;Generación medida Océano y geotérmica;;;0.034;2024-04-06T01:00:00+02:00
1163;Generación medida Océano y geotérmica;;;0.027;2024-04-06T02:00:00+02:00
1163;Generación medida Océano y geotérmica;;;0.03;2024-04-06T03:00:00+02:00
1163;Generación medida Océano y geotérmica;;;0.027;2024-04-06T04:00:00+02:00
1163;Generación medida Océano y geotérmica;;;0.029;2024-04-06T05:00:00+02:00
1163;Generación medida Océano y geotérmica;;;0.019;2024-04-06T06:00:00+02:00
1163;Generación medida Océano y geotérmica;;;0.014;2024-04-06T07:00:00+02:00
1163;Generación medida Océano y geotérmica;;;0.012;2024-04-06T08:00:00+02:00
1163;Generación medida Océano y geotérmica;;;0.004;2024-04-06T09:00:00+02:00
1163;Generación medida Océano y geotérmica;;;0.004;2024-04-06T10:00:00+02:00
1163;Generación medida Océano y geotérmica;;;0.005;2024-04-06T11:00:00+02:00
1163;Generación medida Océano y geotérmica;;;0.006;2024-04-06T12:00:00+02:00
1163;Generación medida Océano y geotérmica;;;0.007;2024-04-06T13:00:00+02:00
1163;Generación medida Océano y geotérmica;;;0.008;2024-04-06T14:00:00+02:00
1163;Generación medida Océano y geotérmica;;;0.01;2024-04-06T15:00:00+02:00
1163;Generación medida Océano y geotérmica;;;0.009;2024-04-06T16:00:00+02:00
1163;Generación medida Océano y geotérmica;;;0.005;2024-04-06T17:00:00+02:00
1163;Generación medida Océano y geotérmica;;;0.007;2024-04-06T18:00:00+02:00
1163;Generación medida Océano y geotérmica;;;0.006;2024-04-06T19:00:00+02:00
1163;Generación medida Océano y geotérmica;;;0.007;2024-04-06T20:00:00+02:00
1163;Generación medida Océano y geotérmica;;;0.008;2024-04-06T21:00:00+02:00
1163;Generación medida Océano y geotérmica;;;0.009;2024-04-06T22:00:00+02:00
1163;Generación medida Océano y geotérmica;;;0.008;2024-04-06T23:00:00+02:00
1163;Generación medida Océano y geotérmica;;;0.009;2024-04-07T00:00:00+02:00
1163;Generación medida Océano y geotérmica;;;0.007;2024-04-07T01:00:00+02:00
1163;Generación medida Océano y geotérmica;;;0.008;2024-04-07T02:00:00+02:00
1163;Generación medida Océano y geotérmica;;;0.007;2024-04-07T03:00:00+02:00
1163;Generación medida Océano y geotérmica;;;0.008;2024-04-07T04:00:00+02:00
1163;Generación medida Océano y geotérmica;;;0.009;2024-04-07T05:00:00+02:00
1163;Generación medida Océano y geotérmica;;;0.009;2024-04-07T06:00:00+02:00
1163;Generación medida Océano y geotérmica;;;0.01;2024-04-07T07:00:00+02:00
1163;Generación medida Océano y geotérmica;;;0.01;2024-04-07T08:00:00+02:00
1163;Generación medida Océano y geotérmica;;;0.01;2024-04-07T09:00:00+02:00
1163;Generación medida Océano y geotérmica;;;0.007;2024-04-07T10:00:00+02:00
1163;Generación medida Océano y geotérmica;;;0.007;2024-04-07T11:00:00+02:00
1163;Generación medida Océano y geotérmica;;;0.007;2024-04-07T12:00:00+02:00
1163;Generación medida Océano y geotérmica;;;0.008;2024-04-07T13:00:00+02:00
1163;Generación medida Océano y geotérmica;;;0.008;2024-04-07T14:00:00+02:00
1163;Generación medida Océano y geotérmica;;;0.005;2024-04-07T15:00:00+02:00
1163;Generación medida Océano y geotérmica;;;0.008;2024-04-07T16:00:00+02:00
1163;Generación medida Océano y geotérmica;;;0.007;2024-04-07T17:00:00+02:00
1163;Generación medida Océano y geotérmica;;;0.008;2024-04-07T18:00:00+02:00
1163;Generación medida Océano y geotérmica;;;0.009;2024-04-07T19:00:00+02:00
1163;Generación medida Océano y geotérmica;;;0.011;2024-04-07T20:00:00+02:00
1163;Generación medida Océano y geotérmica;;;0.011;2024-04-07T21:00:00+02:00
1163;Generación medida Océano y geotérmica;;;0.01;2024-04-07T22:00:00+02:00
1163;Generación medida Océano y geotérmica;;;0.008;2024-04-07T23:00:00+02:00
1163;Generación medida Océano y geotérmica;;;0.012;2024-04-08T00:00:00+02:00
1163;Generación medida Océano y geotérmica;;;0.014;2024-04-08T01:00:00+02:00
1163;Generación medida Océano y geotérmica;;;0.019;2024-04-08T02:00:00+02:00
1163;Generación medida Océano y geotérmica;;;0.019;2024-04-08T03:00:00+02:00
1163;Generación medida Océano y geotérmica;;;0.019;2024-04-08T04:00:00+02:00
1163;Generación medida Océano y geotérmica;;;0.016;2024-04-08T05:00:00+02:00
1163;Generación medida Océano y geotérmica;;;0.017;2024-04-08T06:00:00+02:00
1163;Generación medida Océano y geotérmica;;;0.017;2024-04-08T07:00:00+02:00
1163;Generación medida Océano y geotérmica;;;0.018;2024-04-08T08:00:00+02:00
1163;Generación medida Océano y geotérmica;;;0.016;2024-04-08T09:00:00+02:00
1163;Generación medida Océano y geotérmica;;;0.012;2024-04-08T10:00:00+02:00
1163;Generación medida Océano y geotérmica;;;0.012;2024-04-08T11:00:00+02:00
1163;Generación medida Océano y geotérmica;;;0.014;2024-04-08T12:00:00+02:00
1163;Generación medida Océano y geotérmica;;;0.016;2024-04-08T13:00:00+02:00
1163;Generación medida Océano y geotérmica;;;0.022;2024-04-08T14:00:00+02:00
1163;Generación medida Océano y geotérmica;;;0.025;2024-04-08T15:00:00+02:00
1163;Generación medida Océano y geotérmica;;;0.024;2024-04-08T16:00:00+02:00
1163;Generación medida Océano y geotérmica;;;0.04;2024-04-08T17:00:00+02:00
1163;Generación medida Océano y geotérmica;;;2.548;2024-04-08T18:00:00+02:00
1163;Generación medida Océano y geotérmica;;;2.62;2024-04-08T19:00:00+02:00
1163;Generación medida Océano y geotérmica;;;2.88;2024-04-08T20:00:00+02:00
1163;Generación medida Océano y geotérmica;;;2.766;2024-04-08T21:00:00+02:00
1163;Generación medida Océano y geotérmica;;;3.086;2024-04-08T22:00:00+02:00
1163;Generación medida Océano y geotérmica;;;3.231;2024-04-08T23:00:00+02:00
1163;Generación medida Océano y geotérmica;;;3.178;2024-04-09T00:00:00+02:00
1163;Generación medida Océano y geotérmica;;;3.115;2024-04-09T01:00:00+02:00
1163;Generación medida Océano y geotérmica;;;3.094;2024-04-09T02:00:00+02:00
1163;Generación medida Océano y geotérmica;;;3.081;2024-04-09T03:00:00+02:00
1163;Generación medida Océano y geotérmica;;;3.05;2024-04-09T04:00:00+02:00
1163;Generación medida Océano y geotérmica;;;2.897;2024-04-09T05:00:00+02:00
1163;Generación medida Océano y geotérmica;;;2.877;2024-04-09T06:00:00+02:00
1163;Generación medida Océano y geotérmica;;;2.779;2024-04-09T07:00:00+02:00
1163;Generación medida Océano y geotérmica;;;2.855;2024-04-09T08:00:00+02:00
1163;Generación medida Océano y geotérmica;;;2.912;2024-04-09T09:00:00+02:00
1163;Generación medida Océano y geotérmica;;;2.959;2024-04-09T10:00:00+02:00
1163;Generación medida Océano y geotérmica;;;3.037;2024-04-09T11:00:00+02:00
1163;Generación medida Océano y geotérmica;;;3.028;2024-04-09T12:00:00+02:00
1163;Generación medida Océano y geotérmica;;;3.1;2024-04-09T13:00:00+02:00
1163;Generación medida Océano y geotérmica;;;2.989;2024-04-09T14:00:00+02:00
1163;Generación medida Océano y geotérmica;;;2.907;2024-04-09T15:00:00+02:00
1163;Generación medida Océano y geotérmica;;;2.97;2024-04-09T16:00:00+02:00
1163;Generación medida Océano y geotérmica;;;3.064;2024-04-09T17:00:00+02:00
1163;Generación medida Océano y geotérmica;;;3.071;2024-04-09T18:00:00+02:00
1163;Generación medida Océano y geotérmica;;;3.045;2024-04-09T19:00:00+02:00
1163;Generación medida Océano y geotérmica;;;3.052;2024-04-09T20:00:00+02:00
1163;Generación medida Océano y geotérmica;;;3.052;2024-04-09T21:00:00+02:00
1163;Generación medida Océano y geotérmica;;;3.062;2024-04-09T22:00:00+02:00
1163;Generación medida Océano y geotérmica;;;3.089;2024-04-09T23:00:00+02:00
1163;Generación medida Océano y geotérmica;;;3.092;2024-04-10T00:00:00+02:00
1163;Generación medida Océano y geotérmica;;;3.094;2024-04-10T01:00:00+02:00
1163;Generación medida Océano y geotérmica;;;2.99;2024-04-10T02:00:00+02:00
1163;Generación medida Océano y geotérmica;;;2.868;2024-04-10T03:00:00+02:00
1163;Generación medida Océano y geotérmica;;;2.727;2024-04-10T04:00:00+02:00
1163;Generación medida Océano y geotérmica;;;2.699;2024-04-10T05:00:00+02:00
1163;Generación medida Océano y geotérmica;;;2.676;2024-04-10T06:00:00+02:00
1163;Generación medida Océano y geotérmica;;;2.683;2024-04-10T07:00:00+02:00
1163;Generación medida Océano y geotérmica;;;2.679;2024-04-10T08:00:00+02:00
1163;Generación medida Océano y geotérmica;;;2.67;2024-04-10T09:00:00+02:00
1163;Generación medida Océano y geotérmica;;;2.877;2024-04-10T10:00:00+02:00
1163;Generación medida Océano y geotérmica;;;3.087;2024-04-10T11:00:00+02:00
1163;Generación medida Océano y geotérmica;;;3.141;2024-04-10T12:00:00+02:00
1163;Generación medida Océano y geotérmica;;;3.132;2024-04-10T13:00:00+02:00
1163;Generación medida Océano y geotérmica;;;3.114;2024-04-10T14:00:00+02:00
1163;Generación medida Océano y geotérmica;;;3.093;2024-04-10T15:00:00+02:00
1163;Generación medida Océano y geotérmica;;;2.949;2024-04-10T16:00:00+02:00
1163;Generación medida Océano y geotérmica;;;2.851;2024-04-10T17:00:00+02:00
1163;Generación medida Océano y geotérmica;;;2.898;2024-04-10T18:00:00+02:00
1163;Generación medida Océano y geotérmica;;;2.833;2024-04-10T19:00:00+02:00
1163;Generación medida Océano y geotérmica;;;2.782;2024-04-10T20:00:00+02:00
1163;Generación medida Océano y geotérmica;;;2.794;2024-04-10T21:00:00+02:00
1163;Generación medida Océano y geotérmica;;;2.875;2024-04-10T22:00:00+02:00
1163;Generación medida Océano y geotérmica;;;2.888;2024-04-10T23:00:00+02:00
1163;Generación medida Océano y geotérmica;;;2.892;2024-04-11T00:00:00+02:00
1163;Generación medida Océano y geotérmica;;;2.887;2024-04-11T01:00:00+02:00
1163;Generación medida Océano y geotérmica;;;2.888;2024-04-11T02:00:00+02:00
1163;Generación medida Océano y geotérmica;;;2.903;2024-04-11T03:00:00+02:00
1163;Generación medida Océano y geotérmica;;;2.899;2024-04-11T04:00:00+02:00
1163;Generación medida Océano y geotérmica;;;2.876;2024-04-11T05:00:00+02:00
1163;Generación medida Océano y geotérmica;;;2.875;2024-04-11T06:00:00+02:00
1163;Generación medida Océano y geotérmica;;;2.864;2024-04-11T07:00:00+02:00
1163;Generación medida Océano y geotérmica;;;2.867;2024-04-11T08:00:00+02:00
1163;Generación medida Océano y geotérmica;;;2.919;2024-04-11T09:00:00+02:00
1163;Generación medida Océano y geotérmica;;;2.908;2024-04-11T10:00:00+02:00
1163;Generación medida Océano y geotérmica;;;2.901;2024-04-11T11:00:00+02:00
1163;Generación medida Océano y geotérmica;;;2.857;2024-04-11T12:00:00+02:00
1163;Generación medida Océano y geotérmica;;;2.885;2024-04-11T13:00:00+02:00
1163;Generación medida Océano y geotérmica;;;2.873;2024-04-11T14:00:00+02:00
1163;Generación medida Océano y geotérmica;;;2.86;2024-04-11T15:00:00+02:00
1163;Generación medida Océano y geotérmica;;;2.837;2024-04-11T16:00:00+02:00
1163;Generación medida Océano y geotérmica;;;2.844;2024-04-11T17:00:00+02:00
1163;Generación medida Océano y geotérmica;;;2.84;2024-04-11T18:00:00+02:00
1163;Generación medida Océano y geotérmica;;;2.847;2024-04-11T19:00:00+02:00
1163;Generación medida Océano y geotérmica;;;2.869;2024-04-11T20:00:00+02:00
1163;Generación medida Océano y geotérmica;;;2.864;2024-04-11T21:00:00+02:00
1163;Generación medida Océano y geotérmica;;;2.823;2024-04-11T22:00:00+02:00
1163;Generación medida Océano y geotérmica;;;2.818;2024-04-11T23:00:00+02:00
1163;Generación medida Océano y geotérmica;;;2.808;2024-04-12T00:00:00+02:00
1163;Generación medida Océano y geotérmica;;;2.79;2024-04-12T01:00:00+02:00
1163;Generación medida Océano y geotérmica;;;2.764;2024-04-12T02:00:00+02:00
1163;Generación medida Océano y geotérmica;;;2.748;2024-04-12T03:00:00+02:00
1163;Generación medida Océano y geotérmica;;;2.739;2024-04-12T04:00:00+02:00
1163;Generación medida Océano y geotérmica;;;2.732;2024-04-12T05:00:00+02:00
1163;Generación medida Océano y geotérmica;;;2.82;2024-04-12T06:00:00+02:00
1163;Generación medida Océano y geotérmica;;;2.909;2024-04-12T07:00:00+02:00
1163;Generación medida Océano y geotérmica;;;2.911;2024-04-12T08:00:00+02:00
1163;Generación medida Océano y geotérmica;;;2.975;2024-04-12T09:00:00+02:00
1163;Generación medida Océano y geotérmica;;;2.971;2024-04-12T10:00:00+02:00
1163;Generación medida Océano y geotérmica;;;3.08;2024-04-12T11:00:00+02:00
1163;Generación medida Océano y geotérmica;;;3.29;2024-04-12T12:00:00+02:00
1163;Generación medida Océano y geotérmica;;;3.292;2024-04-12T13:00:00+02:00
1163;Generación medida Océano y geotérmica;;;3.256;2024-04-12T14:00:00+02:00
1163;Generación medida Océano y geotérmica;;;3.247;2024-04-12T15:00:00+02:00
1163;Generación medida Océano y geotérmica;;;3.235;2024-04-12T16:00:00+02:00
1163;Generación medida Océano y geotérmica;;;3.237;2024-04-12T17:00:00+02:00
1163;Generación medida Océano y geotérmica;;;3.216;2024-04-12T18:00:00+02:00
1163;Generación medida Océano y geotérmica;;;3.208;2024-04-12T19:00:00+02:00
1163;Generación medida Océano y geotérmica;;;3.221;2024-04-12T20:00:00+02:00
1163;Generación medida Océano y geotérmica;;;3.223;2024-04-12T21:00:00+02:00
1163;Generación medida Océano y geotérmica;;;3.174;2024-04-12T22:00:00+02:00
1163;Generación medida Océano y geotérmica;;;3.193;2024-04-12T23:00:00+02:00
1163;Generación medida Océano y geotérmica;;;3.186;2024-04-13T00:00:00+02:00
1163;Generación medida Océano y geotérmica;;;3.208;2024-04-13T01:00:00+02:00
1163;Generación medida Océano y geotérmica;;;3.028;2024-04-13T02:00:00+02:00
1163;Generación medida Océano y geotérmica;;;2.996;2024-04-13T03:00:00+02:00
1163;Generación medida Océano y geotérmica;;;2.996;2024-04-13T04:00:00+02:00
1163;Generación medida Océano y geotérmica;;;2.995;2024-04-13T05:00:00+02:00
1163;Generación medida Océano y geotérmica;;;2.985;2024-04-13T06:00:00+02:00
1163;Generación medida Océano y geotérmica;;;3.003;2024-04-13T07:00:00+02:00
1163;Generación medida Océano y geotérmica;;;3.036;2024-04-13T08:00:00+02:00
1163;Generación medida Océano y geotérmica;;;3.023;2024-04-13T09:00:00+02:00
1163;Generación medida Océano y geotérmica;;;2.962;2024-04-13T10:00:00+02:00
1163;Generación medida Océano y geotérmica;;;2.931;2024-04-13T11:00:00+02:00
1163;Generación medida Océano y geotérmica;;;3.029;2024-04-13T12:00:00+02:00
1163;Generación medida Océano y geotérmica;;;3.019;2024-04-13T13:00:00+02:00
1163;Generación medida Océano y geotérmica;;;2.996;2024-04-13T14:00:00+02:00
1163;Generación medida Océano y geotérmica;;;3.017;2024-04-13T15:00:00+02:00
1163;Generación medida Océano y geotérmica;;;3.002;2024-04-13T16:00:00+02:00
1163;Generación medida Océano y geotérmica;;;2.789;2024-04-13T17:00:00+02:00
1163;Generación medida Océano y geotérmica;;;2.768;2024-04-13T18:00:00+02:00
1163;Generación medida Océano y geotérmica;;;2.792;2024-04-13T19:00:00+02:00
1163;Generación medida Océano y geotérmica;;;2.837;2024-04-13T20:00:00+02:00
1163;Generación medida Océano y geotérmica;;;2.861;2024-04-13T21:00:00+02:00
1163;Generación medida Océano y geotérmica;;;2.893;2024-04-13T22:00:00+02:00
1163;Generación medida Océano y geotérmica;;;2.891;2024-04-13T23:00:00+02:00
1163;Generación medida Océano y geotérmica;;;2.792;2024-04-14T00:00:00+02:00
1163;Generación medida Océano y geotérmica;;;2.805;2024-04-14T01:00:00+02:00
1163;Generación medida Océano y geotérmica;;;2.826;2024-04-14T02:00:00+02:00
1163;Generación medida Océano y geotérmica;;;2.82;2024-04-14T03:00:00+02:00
1163;Generación medida Océano y geotérmica;;;2.815;2024-04-14T04:00:00+02:00
1163;Generación medida Océano y geotérmica;;;2.788;2024-04-14T05:00:00+02:00
1163;Generación medida Océano y geotérmica;;;2.754;2024-04-14T06:00:00+02:00
1163;Generación medida Océano y geotérmica;;;2.727;2024-04-14T07:00:00+02:00
1163;Generación medida Océano y geotérmica;;;2.691;2024-04-14T08:00:00+02:00
1163;Generación medida Océano y geotérmica;;;2.648;2024-04-14T09:00:00+02:00
1163;Generación medida Océano y geotérmica;;;2.638;2024-04-14T10:00:00+02:00
1163;Generación medida Océano y geotérmica;;;2.624;2024-04-14T11:00:00+02:00
1163;Generación medida Océano y geotérmica;;;2.635;2024-04-14T12:00:00+02:00
1163;Generación medida Océano y geotérmica;;;2.664;2024-04-14T13:00:00+02:00
1163;Generación medida Océano y geotérmica;;;2.649;2024-04-14T14:00:00+02:00
1163;Generación medida Océano y geotérmica;;;2.68;2024-04-14T15:00:00+02:00
1163;Generación medida Océano y geotérmica;;;2.816;2024-04-14T16:00:00+02:00
1163;Generación medida Océano y geotérmica;;;2.772;2024-04-14T17:00:00+02:00
1163;Generación medida Océano y geotérmica;;;2.742;2024-04-14T18:00:00+02:00
1163;Generación medida Océano y geotérmica;;;2.732;2024-04-14T19:00:00+02:00
1163;Generación medida Océano y geotérmica;;;2.683;2024-04-14T20:00:00+02:00
1163;Generación medida Océano y geotérmica;;;2.756;2024-04-14T21:00:00+02:00
1163;Generación medida Océano y geotérmica;;;2.791;2024-04-14T22:00:00+02:00
1163;Generación medida Océano y geotérmica;;;2.817;2024-04-14T23:00:00+02:00
1163;Generación medida Océano y geotérmica;;;2.75;2024-04-15T00:00:00+02:00
1163;Generación medida Océano y geotérmica;;;3.076;2024-04-15T01:00:00+02:00
1163;Generación medida Océano y geotérmica;;;3.205;2024-04-15T02:00:00+02:00
1163;Generación medida Océano y geotérmica;;;3.196;2024-04-15T03:00:00+02:00
1163;Generación medida Océano y geotérmica;;;3.185;2024-04-15T04:00:00+02:00
1163;Generación medida Océano y geotérmica;;;3.189;2024-04-15T05:00:00+02:00
1163;Generación medida Océano y geotérmica;;;3.21;2024-04-15T06:00:00+02:00
1163;Generación medida Océano y geotérmica;;;3.222;2024-04-15T07:00:00+02:00
1163;Generación medida Océano y geotérmica;;;3.208;2024-04-15T08:00:00+02:00
1163;Generación medida Océano y geotérmica;;;2.967;2024-04-15T09:00:00+02:00
1163;Generación medida Océano y geotérmica;;;2.976;2024-04-15T10:00:00+02:00
1163;Generación medida Océano y geotérmica;;;2.136;2024-04-15T11:00:00+02:00
1163;Generación medida Océano y geotérmica;;;1.851;2024-04-15T12:00:00+02:00
1163;Generación medida Océano y geotérmica;;;1.826;2024-04-15T13:00:00+02:00
1163;Generación medida Océano y geotérmica;;;1.717;2024-04-15T14:00:00+02:00
1163;Generación medida Océano y geotérmica;;;1.839;2024-04-15T15:00:00+02:00
1163;Generación medida Océano y geotérmica;;;1.85;2024-04-15T16:00:00+02:00
1163;Generación medida Océano y geotérmica;;;1.845;2024-04-15T17:00:00+02:00
1163;Generación medida Océano y geotérmica;;;1.848;2024-04-15T18:00:00+02:00
1163;Generación medida Océano y geotérmica;;;1.854;2024-04-15T19:00:00+02:00
1163;Generación medida Océano y geotérmica;;;2.463;2024-04-15T20:00:00+02:00
1163;Generación medida Océano y geotérmica;;;2.777;2024-04-15T21:00:00+02:00
1163;Generación medida Océano y geotérmica;;;2.866;2024-04-15T22:00:00+02:00
1163;Generación medida Océano y geotérmica;;;2.684;2024-04-15T23:00:00+02:00
1163;Generación medida Océano y geotérmica;;;2.294;2024-04-16T00:00:00+02:00
1163;Generación medida Océano y geotérmica;;;2.324;2024-04-16T01:00:00+02:00
1163;Generación medida Océano y geotérmica;;;2.318;2024-04-16T02:00:00+02:00
1163;Generación medida Océano y geotérmica;;;2.319;2024-04-16T03:00:00+02:00
1163;Generación medida Océano y geotérmica;;;2.341;2024-04-16T04:00:00+02:00
1163;Generación medida Océano y geotérmica;;;2.334;2024-04-16T05:00:00+02:00
1163;Generación medida Océano y geotérmica;;;2.357;2024-04-16T06:00:00+02:00
1163;Generación medida Océano y geotérmica;;;2.392;2024-04-16T07:00:00+02:00
1163;Generación medida Océano y geotérmica;;;2.352;2024-04-16T08:00:00+02:00
1163;Generación medida Océano y geotérmica;;;2.356;2024-04-16T09:00:00+02:00
1163;Generación medida Océano y geotérmica;;;2.396;2024-04-16T10:00:00+02:00
1163;Generación medida Océano y geotérmica;;;2.555;2024-04-16T11:00:00+02:00
1163;Generación medida Océano y geotérmica;;;2.955;2024-04-16T12:00:00+02:00
1163;Generación medida Océano y geotérmica;;;3.164;2024-04-16T13:00:00+02:00
1163;Generación medida Océano y geotérmica;;;3.142;2024-04-16T14:00:00+02:00
1163;Generación medida Océano y geotérmica;;;3.176;2024-04-16T15:00:00+02:00
1163;Generación medida Océano y geotérmica;;;3.211;2024-04-16T16:00:00+02:00
1163;Generación medida Océano y geotérmica;;;3.271;2024-04-16T17:00:00+02:00
1163;Generación medida Océano y geotérmica;;;3.28;2024-04-16T18:00:00+02:00
1163;Generación medida Océano y geotérmica;;;3.268;2024-04-16T19:00:00+02:00
1163;Generación medida Océano y geotérmica;;;3.316;2024-04-16T20:00:00+02:00
1163;Generación medida Océano y geotérmica;;;3.288;2024-04-16T21:00:00+02:00
1163;Generación medida Océano y geotérmica;;;3.264;2024-04-16T22:00:00+02:00
1163;Generación medida Océano y geotérmica;;;3.22;2024-04-16T23:00:00+02:00
1163;Generación medida Océano y geotérmica;;;3.193;2024-04-17T00:00:00+02:00
1163;Generación medida Océano y geotérmica;;;3.16;2024-04-17T01:00:00+02:00
1163;Generación medida Océano y geotérmica;;;3.151;2024-04-17T02:00:00+02:00
1163;Generación medida Océano y geotérmica;;;3.135;2024-04-17T03:00:00+02:00
1163;Generación medida Océano y geotérmica;;;3.061;2024-04-17T04:00:00+02:00
1163;Generación medida Océano y geotérmica;;;3.049;2024-04-17T05:00:00+02:00
1163;Generación medida Océano y geotérmica;;;3.288;2024-04-17T06:00:00+02:00
1163;Generación medida Océano y geotérmica;;;3.305;2024-04-17T07:00:00+02:00
1163;Generación medida Océano y geotérmica;;;3.325;2024-04-17T08:00:00+02:00
1163;Generación medida Océano y geotérmica;;;3.317;2024-04-17T09:00:00+02:00
1163;Generación medida Océano y geotérmica;;;3.266;2024-04-17T10:00:00+02:00
1163;Generación medida Océano y geotérmica;;;3.246;2024-04-17T11:00:00+02:00
1163;Generación medida Océano y geotérmica;;;3.241;2024-04-17T12:00:00+02:00
1163;Generación medida Océano y geotérmica;;;3.263;2024-04-17T13:00:00+02:00
1163;Generación medida Océano y geotérmica;;;3.255;2024-04-17T14:00:00+02:00
1163;Generación medida Océano y geotérmica;;;3.265;2024-04-17T15:00:00+02:00
1163;Generación medida Océano y geotérmica;;;3.24;2024-04-17T16:00:00+02:00
1163;Generación medida Océano y geotérmica;;;3.2;2024-04-17T17:00:00+02:00
1163;Generación medida Océano y geotérmica;;;3.019;2024-04-17T18:00:00+02:00
1163;Generación medida Océano y geotérmica;;;3.068;2024-04-17T19:00:00+02:00
1163;Generación medida Océano y geotérmica;;;3.184;2024-04-17T20:00:00+02:00
1163;Generación medida Océano y geotérmica;;;3.227;2024-04-17T21:00:00+02:00
1163;Generación medida Océano y geotérmica;;;3.212;2024-04-17T22:00:00+02:00
1163;Generación medida Océano y geotérmica;;;3.237;2024-04-17T23:00:00+02:00
1163;Generación medida Océano y geotérmica;;;3.242;2024-04-18T00:00:00+02:00
1163;Generación medida Océano y geotérmica;;;3.237;2024-04-18T01:00:00+02:00
1163;Generación medida Océano y geotérmica;;;3.241;2024-04-18T02:00:00+02:00
1163;Generación medida Océano y geotérmica;;;3.248;2024-04-18T03:00:00+02:00
1163;Generación medida Océano y geotérmica;;;3.249;2024-04-18T04:00:00+02:00
1163;Generación medida Océano y geotérmica;;;3.25;2024-04-18T05:00:00+02:00
1163;Generación medida Océano y geotérmica;;;3.245;2024-04-18T06:00:00+02:00
1163;Generación medida Océano y geotérmica;;;3.232;2024-04-18T07:00:00+02:00
1163;Generación medida Océano y geotérmica;;;3.304;2024-04-18T08:00:00+02:00
1163;Generación medida Océano y geotérmica;;;3.313;2024-04-18T09:00:00+02:00
1163;Generación medida Océano y geotérmica;;;3.319;2024-04-18T10:00:00+02:00
1163;Generación medida Océano y geotérmica;;;3.312;2024-04-18T11:00:00+02:00
1163;Generación medida Océano y geotérmica;;;3.353;2024-04-18T12:00:00+02:00
1163;Generación medida Océano y geotérmica;;;3.395;2024-04-18T13:00:00+02:00
1163;Generación medida Océano y geotérmica;;;3.281;2024-04-18T14:00:00+02:00
1163;Generación medida Océano y geotérmica;;;3.218;2024-04-18T15:00:00+02:00
1163;Generación medida Océano y geotérmica;;;3.116;2024-04-18T16:00:00+02:00
1163;Generación medida Océano y geotérmica;;;3.098;2024-04-18T17:00:00+02:00
1163;Generación medida Océano y geotérmica;;;3.309;2024-04-18T18:00:00+02:00
1163;Generación medida Océano y geotérmica;;;3.311;2024-04-18T19:00:00+02:00
1163;Generación medida Océano y geotérmica;;;3.303;2024-04-18T20:00:00+02:00
1163;Generación medida Océano y geotérmica;;;3.218;2024-04-18T21:00:00+02:00
1163;Generación medida Océano y geotérmica;;;3.175;2024-04-18T22:00:00+02:00
1163;Generación medida Océano y geotérmica;;;3.253;2024-04-18T23:00:00+02:00
1163;Generación medida Océano y geotérmica;;;3.243;2024-04-19T00:00:00+02:00
1163;Generación medida Océano y geotérmica;;;3.234;2024-04-19T01:00:00+02:00
1163;Generación medida Océano y geotérmica;;;3.353;2024-04-19T02:00:00+02:00
1163;Generación medida Océano y geotérmica;;;3.401;2024-04-19T03:00:00+02:00
1163;Generación medida Océano y geotérmica;;;3.379;2024-04-19T04:00:00+02:00
1163;Generación medida Océano y geotérmica;;;3.359;2024-04-19T05:00:00+02:00
1163;Generación medida Océano y geotérmica;;;3.267;2024-04-19T06:00:00+02:00
1163;Generación medida Océano y geotérmica;;;3.225;2024-04-19T07:00:00+02:00
1163;Generación medida Océano y geotérmica;;;3.05;2024-04-19T08:00:00+02:00
1163;Generación medida Océano y geotérmica;;;2.743;2024-04-19T09:00:00+02:00
1163;Generación medida Océano y geotérmica;;;2.646;2024-04-19T10:00:00+02:00
1163;Generación medida Océano y geotérmica;;;2.678;2024-04-19T11:00:00+02:00
1163;Generación medida Océano y geotérmica;;;2.538;2024-04-19T12:00:00+02:00
1163;Generación medida Océano y geotérmica;;;2.523;2024-04-19T13:00:00+02:00
1163;Generación medida Océano y geotérmica;;;2.527;2024-04-19T14:00:00+02:00
1163;Generación medida Océano y geotérmica;;;2.542;2024-04-19T15:00:00+02:00
1163;Generación medida Océano y geotérmica;;;2.521;2024-04-19T16:00:00+02:00
1163;Generación medida Océano y geotérmica;;;2.524;2024-04-19T17:00:00+02:00
1163;Generación medida Océano y geotérmica;;;2.539;2024-04-19T18:00:00+02:00
1163;Generación medida Océano y geotérmica;;;2.53;2024-04-19T19:00:00+02:00
1163;Generación medida Océano y geotérmica;;;2.534;2024-04-19T20:00:00+02:00
1163;Generación medida Océano y geotérmica;;;2.541;2024-04-19T21:00:00+02:00
1163;Generación medida Océano y geotérmica;;;2.546;2024-04-19T22:00:00+02:00
1163;Generación medida Océano y geotérmica;;;2.626;2024-04-19T23:00:00+02:00
1163;Generación medida Océano y geotérmica;;;2.68;2024-04-20T00:00:00+02:00
1163;Generación medida Océano y geotérmica;;;2.681;2024-04-20T01:00:00+02:00
1163;Generación medida Océano y geotérmica;;;2.693;2024-04-20T02:00:00+02:00
1163;Generación medida Océano y geotérmica;;;2.72;2024-04-20T03:00:00+02:00
1163;Generación medida Océano y geotérmica;;;2.753;2024-04-20T04:00:00+02:00
1163;Generación medida Océano y geotérmica;;;2.769;2024-04-20T05:00:00+02:00
1163;Generación medida Océano y geotérmica;;;2.741;2024-04-20T06:00:00+02:00
1163;Generación medida Océano y geotérmica;;;3.247;2024-04-20T07:00:00+02:00
1163;Generación medida Océano y geotérmica;;;3.396;2024-04-20T08:00:00+02:00
1163;Generación medida Océano y geotérmica;;;3.433;2024-04-20T09:00:00+02:00
1163;Generación medida Océano y geotérmica;;;3.462;2024-04-20T10:00:00+02:00
1163;Generación medida Océano y geotérmica;;;3.454;2024-04-20T11:00:00+02:00
1163;Generación medida Océano y geotérmica;;;3.446;2024-04-20T12:00:00+02:00
1163;Generación medida Océano y geotérmica;;;3.441;2024-04-20T13:00:00+02:00
1163;Generación medida Océano y geotérmica;;;3.426;2024-04-20T14:00:00+02:00
1163;Generación medida Océano y geotérmica;;;3.429;2024-04-20T15:00:00+02:00
1163;Generación medida Océano y geotérmica;;;3.423;2024-04-20T16:00:00+02:00
1163;Generación medida Océano y geotérmica;;;3.297;2024-04-20T17:00:00+02:00
1163;Generación medida Océano y geotérmica;;;3.252;2024-04-20T18:00:00+02:00
1163;Generación medida Océano y geotérmica;;;3.257;2024-04-20T19:00:00+02:00
1163;Generación medida Océano y geotérmica;;;2.957;2024-04-20T20:00:00+02:00
1163;Generación medida Océano y geotérmica;;;2.658;2024-04-20T21:00:00+02:00
1163;Generación medida Océano y geotérmica;;;2.643;2024-04-20T22:00:00+02:00
1163;Generación medida Océano y geotérmica;;;2.667;2024-04-20T23:00:00+02:00
1163;Generación medida Océano y geotérmica;;;2.777;2024-04-21T00:00:00+02:00
1163;Generación medida Océano y geotérmica;;;2.867;2024-04-21T01:00:00+02:00
1163;Generación medida Océano y geotérmica;;;2.893;2024-04-21T02:00:00+02:00
1163;Generación medida Océano y geotérmica;;;2.882;2024-04-21T03:00:00+02:00
1163;Generación medida Océano y geotérmica;;;2.912;2024-04-21T04:00:00+02:00
1163;Generación medida Océano y geotérmica;;;2.91;2024-04-21T05:00:00+02:00
1163;Generación medida Océano y geotérmica;;;2.981;2024-04-21T06:00:00+02:00
1163;Generación medida Océano y geotérmica;;;3.017;2024-04-21T07:00:00+02:00
1163;Generación medida Océano y geotérmica;;;3.028;2024-04-21T08:00:00+02:00
1163;Generación medida Océano y geotérmica;;;3.019;2024-04-21T09:00:00+02:00
1163;Generación medida Océano y geotérmica;;;2.995;2024-04-21T10:00:00+02:00
1163;Generación medida Océano y geotérmica;;;2.957;2024-04-21T11:00:00+02:00
1163;Generación medida Océano y geotérmica;;;1.687;2024-04-21T12:00:00+02:00
1163;Generación medida Océano y geotérmica;;;0.764;2024-04-21T13:00:00+02:00
1163;Generación medida Océano y geotérmica;;;0.751;2024-04-21T14:00:00+02:00
1163;Generación medida Océano y geotérmica;;;0.762;2024-04-21T15:00:00+02:00
1163;Generación medida Océano y geotérmica;;;0.768;2024-04-21T16:00:00+02:00
1163;Generación medida Océano y geotérmica;;;0.758;2024-04-21T17:00:00+02:00
1163;Generación medida Océano y geotérmica;;;0.769;2024-04-21T18:00:00+02:00
1163;Generación medida Océano y geotérmica;;;0.788;2024-04-21T19:00:00+02:00
1163;Generación medida Océano y geotérmica;;;0.794;2024-04-21T20:00:00+02:00
1163;Generación medida Océano y geotérmica;;;0.818;2024-04-21T21:00:00+02:00
1163;Generación medida Océano y geotérmica;;;0.809;2024-04-21T22:00:00+02:00
1163;Generación medida Océano y geotérmica;;;0.818;2024-04-21T23:00:00+02:00
1163;Generación medida Océano y geotérmica;;;0.836;2024-04-22T00:00:00+02:00
1163;Generación medida Océano y geotérmica;;;0.846;2024-04-22T01:00:00+02:00
1163;Generación medida Océano y geotérmica;;;0.822;2024-04-22T02:00:00+02:00
1163;Generación medida Océano y geotérmica;;;0.848;2024-04-22T03:00:00+02:00
1163;Generación medida Océano y geotérmica;;;0.859;2024-04-22T04:00:00+02:00
1163;Generación medida Océano y geotérmica;;;0.898;2024-04-22T05:00:00+02:00
1163;Generación medida Océano y geotérmica;;;0.856;2024-04-22T06:00:00+02:00
1163;Generación medida Océano y geotérmica;;;0.859;2024-04-22T07:00:00+02:00
1163;Generación medida Océano y geotérmica;;;0.855;2024-04-22T08:00:00+02:00
1163;Generación medida Océano y geotérmica;;;0.81;2024-04-22T09:00:00+02:00
1163;Generación medida Océano y geotérmica;;;0.797;2024-04-22T10:00:00+02:00
1163;Generación medida Océano y geotérmica;;;0.783;2024-04-22T11:00:00+02:00
1163;Generación medida Océano y geotérmica;;;0.75;2024-04-22T12:00:00+02:00
1163;Generación medida Océano y geotérmica;;;0.762;2024-04-22T13:00:00+02:00
1163;Generación medida Océano y geotérmica;;;0.764;2024-04-22T14:00:00+02:00
1163;Generación medida Océano y geotérmica;;;0.739;2024-04-22T15:00:00+02:00
1163;Generación medida Océano y geotérmica;;;0.744;2024-04-22T16:00:00+02:00
1163;Generación medida Océano y geotérmica;;;0.707;2024-04-22T17:00:00+02:00
1163;Generación medida Océano y geotérmica;;;0.728;2024-04-22T18:00:00+02:00
1163;Generación medida Océano y geotérmica;;;0.707;2024-04-22T19:00:00+02:00
1163;Generación medida Océano y geotérmica;;;0.733;2024-04-22T20:00:00+02:00
1163;Generación medida Océano y geotérmica;;;0.754;2024-04-22T21:00:00+02:00
1163;Generación medida Océano y geotérmica;;;0.729;2024-04-22T22:00:00+02:00
1163;Generación medida Océano y geotérmica;;;0.722;2024-04-22T23:00:00+02:00
1163;Generación medida Océano y geotérmica;;;0.716;2024-04-23T00:00:00+02:00
1163;Generación medida Océano y geotérmica;;;0.709;2024-04-23T01:00:00+02:00
1163;Generación medida Océano y geotérmica;;;0.708;2024-04-23T02:00:00+02:00
1163;Generación medida Océano y geotérmica;;;0.698;2024-04-23T03:00:00+02:00
1163;Generación medida Océano y geotérmica;;;0.701;2024-04-23T04:00:00+02:00
1163;Generación medida Océano y geotérmica;;;0.707;2024-04-23T05:00:00+02:00
1163;Generación medida Océano y geotérmica;;;0.71;2024-04-23T06:00:00+02:00
1163;Generación medida Océano y geotérmica;;;0.775;2024-04-23T07:00:00+02:00
1163;Generación medida Océano y geotérmica;;;0.863;2024-04-23T08:00:00+02:00
1163;Generación medida Océano y geotérmica;;;0.543;2024-04-23T09:00:00+02:00
1163;Generación medida Océano y geotérmica;;;0.248;2024-04-23T10:00:00+02:00
1163;Generación medida Océano y geotérmica;;;0.007;2024-04-23T11:00:00+02:00
1163;Generación medida Océano y geotérmica;;;0.005;2024-04-23T12:00:00+02:00
1163;Generación medida Océano y geotérmica;;;0.002;2024-04-23T13:00:00+02:00
1163;Generación medida Océano y geotérmica;;;0.001;2024-04-23T14:00:00+02:00
1163;Generación medida Océano y geotérmica;;;0.464;2024-04-23T16:00:00+02:00
1163;Generación medida Océano y geotérmica;;;3.131;2024-04-23T17:00:00+02:00
1163;Generación medida Océano y geotérmica;;;3.246;2024-04-23T18:00:00+02:00
1163;Generación medida Océano y geotérmica;;;3.226;2024-04-23T19:00:00+02:00
1163;Generación medida Océano y geotérmica;;;3.218;2024-04-23T20:00:00+02:00
1163;Generación medida Océano y geotérmica;;;3.235;2024-04-23T21:00:00+02:00
1163;Generación medida Océano y geotérmica;;;3.252;2024-04-23T22:00:00+02:00
1163;Generación medida Océano y geotérmica;;;3.263;2024-04-23T23:00:00+02:00
1163;Generación medida Océano y geotérmica;;;3.269;2024-04-24T00:00:00+02:00
1163;Generación medida Océano y geotérmica;;;3.269;2024-04-24T01:00:00+02:00
1163;Generación medida Océano y geotérmica;;;3.295;2024-04-24T02:00:00+02:00
1163;Generación medida Océano y geotérmica;;;3.279;2024-04-24T03:00:00+02:00
1163;Generación medida Océano y geotérmica;;;3.292;2024-04-24T04:00:00+02:00
1163;Generación medida Océano y geotérmica;;;3.284;2024-04-24T05:00:00+02:00
1163;Generación medida Océano y geotérmica;;;3.301;2024-04-24T06:00:00+02:00
1163;Generación medida Océano y geotérmica;;;3.274;2024-04-24T07:00:00+02:00
1163;Generación medida Océano y geotérmica;;;3.279;2024-04-24T08:00:00+02:00
1163;Generación medida Océano y geotérmica;;;2.726;2024-04-24T09:00:00+02:00
1163;Generación medida Océano y geotérmica;;;3.001;2024-04-24T10:00:00+02:00
1163;Generación medida Océano y geotérmica;;;3.281;2024-04-24T11:00:00+02:00
1163;Generación medida Océano y geotérmica;;;3.347;2024-04-24T12:00:00+02:00
1163;Generación medida Océano y geotérmica;;;3.386;2024-04-24T13:00:00+02:00
1163;Generación medida Océano y geotérmica;;;3.396;2024-04-24T14:00:00+02:00
1163;Generación medida Océano y geotérmica;;;3.445;2024-04-24T15:00:00+02:00
1163;Generación medida Océano y geotérmica;;;3.433;2024-04-24T16:00:00+02:00
1163;Generación medida Océano y geotérmica;;;3.455;2024-04-24T17:00:00+02:00
1163;Generación medida Océano y geotérmica;;;3.47;2024-04-24T18:00:00+02:00
1163;Generación medida Océano y geotérmica;;;3.467;2024-04-24T19:00:00+02:00
1163;Generación medida Océano y geotérmica;;;3.469;2024-04-24T20:00:00+02:00
1163;Generación medida Océano y geotérmica;;;3.483;2024-04-24T21:00:00+02:00
1163;Generación medida Océano y geotérmica;;;3.491;2024-04-24T22:00:00+02:00
1163;Generación medida Océano y geotérmica;;;3.512;2024-04-24T23:00:00+02:00
1163;Generación medida Océano y geotérmica;;;3.521;2024-04-25T00:00:00+02:00
1163;Generación medida Océano y geotérmica;;;3.511;2024-04-25T01:00:00+02:00
1163;Generación medida Océano y geotérmica;;;3.491;2024-04-25T02:00:00+02:00
1163;Generación medida Océano y geotérmica;;;3.475;2024-04-25T03:00:00+02:00
1163;Generación medida Océano y geotérmica;;;3.467;2024-04-25T04:00:00+02:00
1163;Generación medida Océano y geotérmica;;;3.462;2024-04-25T05:00:00+02:00
1163;Generación medida Océano y geotérmica;;;3.463;2024-04-25T06:00:00+02:00
1163;Generación medida Océano y geotérmica;;;3.467;2024-04-25T07:00:00+02:00
1163;Generación medida Océano y geotérmica;;;3.472;2024-04-25T08:00:00+02:00
1163;Generación medida Océano y geotérmica;;;3.46;2024-04-25T09:00:00+02:00
1163;Generación medida Océano y geotérmica;;;3.46;2024-04-25T10:00:00+02:00
1163;Generación medida Océano y geotérmica;;;3.473;2024-04-25T11:00:00+02:00
1163;Generación medida Océano y geotérmica;;;3.476;2024-04-25T12:00:00+02:00
1163;Generación medida Océano y geotérmica;;;3.463;2024-04-25T13:00:00+02:00
1163;Generación medida Océano y geotérmica;;;3.49;2024-04-25T14:00:00+02:00
1163;Generación medida Océano y geotérmica;;;3.46;2024-04-25T15:00:00+02:00
1163;Generación medida Océano y geotérmica;;;3.454;2024-04-25T16:00:00+02:00
1163;Generación medida Océano y geotérmica;;;3.417;2024-04-25T17:00:00+02:00
1163;Generación medida Océano y geotérmica;;;3.427;2024-04-25T18:00:00+02:00
1163;Generación medida Océano y geotérmica;;;3.451;2024-04-25T19:00:00+02:00
1163;Generación medida Océano y geotérmica;;;3.44;2024-04-25T20:00:00+02:00
1163;Generación medida Océano y geotérmica;;;3.459;2024-04-25T21:00:00+02:00
1163;Generación medida Océano y geotérmica;;;3.482;2024-04-25T22:00:00+02:00
1163;Generación medida Océano y geotérmica;;;3.488;2024-04-25T23:00:00+02:00
1163;Generación medida Océano y geotérmica;;;3.482;2024-04-26T00:00:00+02:00
1163;Generación medida Océano y geotérmica;;;3.478;2024-04-26T01:00:00+02:00
1163;Generación medida Océano y geotérmica;;;3.416;2024-04-26T02:00:00+02:00
1163;Generación medida Océano y geotérmica;;;3.407;2024-04-26T03:00:00+02:00
1163;Generación medida Océano y geotérmica;;;3.354;2024-04-26T04:00:00+02:00
1163;Generación medida Océano y geotérmica;;;3.388;2024-04-26T05:00:00+02:00
1163;Generación medida Océano y geotérmica;;;3.45;2024-04-26T06:00:00+02:00
1163;Generación medida Océano y geotérmica;;;3.467;2024-04-26T07:00:00+02:00
1163;Generación medida Océano y geotérmica;;;3.461;2024-04-26T08:00:00+02:00
1163;Generación medida Océano y geotérmica;;;3.452;2024-04-26T09:00:00+02:00
1163;Generación medida Océano y geotérmica;;;3.449;2024-04-26T10:00:00+02:00
1163;Generación medida Océano y geotérmica;;;3.468;2024-04-26T11:00:00+02:00
1163;Generación medida Océano y geotérmica;;;3.508;2024-04-26T12:00:00+02:00
1163;Generación medida Océano y geotérmica;;;3.472;2024-04-26T13:00:00+02:00
1163;Generación medida Océano y geotérmica;;;3.471;2024-04-26T14:00:00+02:00
1163;Generación medida Océano y geotérmica;;;3.457;2024-04-26T15:00:00+02:00
1163;Generación medida Océano y geotérmica;;;3.443;2024-04-26T16:00:00+02:00
1163;Generación medida Océano y geotérmica;;;3.435;2024-04-26T17:00:00+02:00
1163;Generación medida Océano y geotérmica;;;3.426;2024-04-26T18:00:00+02:00
1163;Generación medida Océano y geotérmica;;;3.455;2024-04-26T19:00:00+02:00
1163;Generación medida Océano y geotérmica;;;3.425;2024-04-26T20:00:00+02:00
1163;Generación medida Océano y geotérmica;;;3.435;2024-04-26T21:00:00+02:00
1163;Generación medida Océano y geotérmica;;;3.423;2024-04-26T22:00:00+02:00
1163;Generación medida Océano y geotérmica;;;3.409;2024-04-26T23:00:00+02:00
1163;Generación medida Océano y geotérmica;;;3.357;2024-04-27T00:00:00+02:00
1163;Generación medida Océano y geotérmica;;;3.329;2024-04-27T01:00:00+02:00
1163;Generación medida Océano y geotérmica;;;3.336;2024-04-27T02:00:00+02:00
1163;Generación medida Océano y geotérmica;;;3.308;2024-04-27T03:00:00+02:00
1163;Generación medida Océano y geotérmica;;;3.27;2024-04-27T04:00:00+02:00
1163;Generación medida Océano y geotérmica;;;3.229;2024-04-27T05:00:00+02:00
1163;Generación medida Océano y geotérmica;;;3.204;2024-04-27T06:00:00+02:00
1163;Generación medida Océano y geotérmica;;;3.161;2024-04-27T07:00:00+02:00
1163;Generación medida Océano y geotérmica;;;3.172;2024-04-27T08:00:00+02:00
1163;Generación medida Océano y geotérmica;;;3.188;2024-04-27T09:00:00+02:00
1163;Generación medida Océano y geotérmica;;;3.189;2024-04-27T10:00:00+02:00
1163;Generación medida Océano y geotérmica;;;3.189;2024-04-27T11:00:00+02:00
1163;Generación medida Océano y geotérmica;;;3.137;2024-04-27T12:00:00+02:00
1163;Generación medida Océano y geotérmica;;;3.095;2024-04-27T13:00:00+02:00
1163;Generación medida Océano y geotérmica;;;3.108;2024-04-27T14:00:00+02:00
1163;Generación medida Océano y geotérmica;;;3.181;2024-04-27T15:00:00+02:00
1163;Generación medida Océano y geotérmica;;;3.182;2024-04-27T16:00:00+02:00
1163;Generación medida Océano y geotérmica;;;3.162;2024-04-27T17:00:00+02:00
1163;Generación medida Océano y geotérmica;;;2.757;2024-04-27T18:00:00+02:00
1163;Generación medida Océano y geotérmica;;;0.882;2024-04-27T19:00:00+02:00
1163;Generación medida Océano y geotérmica;;;0.821;2024-04-27T20:00:00+02:00
1163;Generación medida Océano y geotérmica;;;0.831;2024-04-27T21:00:00+02:00
1163;Generación medida Océano y geotérmica;;;0.821;2024-04-27T22:00:00+02:00
1163;Generación medida Océano y geotérmica;;;0.818;2024-04-27T23:00:00+02:00
1163;Generación medida Océano y geotérmica;;;0.812;2024-04-28T00:00:00+02:00
1163;Generación medida Océano y geotérmica;;;0.822;2024-04-28T01:00:00+02:00
1163;Generación medida Océano y geotérmica;;;0.839;2024-04-28T02:00:00+02:00
1163;Generación medida Océano y geotérmica;;;0.86;2024-04-28T03:00:00+02:00
1163;Generación medida Océano y geotérmica;;;0.856;2024-04-28T04:00:00+02:00
1163;Generación medida Océano y geotérmica;;;0.868;2024-04-28T05:00:00+02:00
1163;Generación medida Océano y geotérmica;;;0.875;2024-04-28T06:00:00+02:00
1163;Generación medida Océano y geotérmica;;;0.892;2024-04-28T07:00:00+02:00
1163;Generación medida Océano y geotérmica;;;0.895;2024-04-28T08:00:00+02:00
1163;Generación medida Océano y geotérmica;;;0.88;2024-04-28T09:00:00+02:00
1163;Generación medida Océano y geotérmica;;;0.865;2024-04-28T10:00:00+02:00
1163;Generación medida Océano y geotérmica;;;0.857;2024-04-28T11:00:00+02:00
1163;Generación medida Océano y geotérmica;;;0.863;2024-04-28T12:00:00+02:00
1163;Generación medida Océano y geotérmica;;;0.852;2024-04-28T13:00:00+02:00
1163;Generación medida Océano y geotérmica;;;2.623;2024-04-28T14:00:00+02:00
1163;Generación medida Océano y geotérmica;;;3.132;2024-04-28T15:00:00+02:00
1163;Generación medida Océano y geotérmica;;;3.186;2024-04-28T16:00:00+02:00
1163;Generación medida Océano y geotérmica;;;3.201;2024-04-28T17:00:00+02:00
1163;Generación medida Océano y geotérmica;;;3.218;2024-04-28T18:00:00+02:00
1163;Generación medida Océano y geotérmica;;;3.199;2024-04-28T19:00:00+02:00
1163;Generación medida Océano y geotérmica;;;3.204;2024-04-28T20:00:00+02:00
1163;Generación medida Océano y geotérmica;;;3.205;2024-04-28T21:00:00+02:00
1163;Generación medida Océano y geotérmica;;;3.204;2024-04-28T22:00:00+02:00
1163;Generación medida Océano y geotérmica;;;3.209;2024-04-28T23:00:00+02:00
1163;Generación medida Océano y geotérmica;;;3.212;2024-04-29T00:00:00+02:00
1163;Generación medida Océano y geotérmica;;;3.219;2024-04-29T01:00:00+02:00
1163;Generación medida Océano y geotérmica;;;3.208;2024-04-29T02:00:00+02:00
1163;Generación medida Océano y geotérmica;;;3.2;2024-04-29T03:00:00+02:00
1163;Generación medida Océano y geotérmica;;;3.211;2024-04-29T04:00:00+02:00
1163;Generación medida Océano y geotérmica;;;3.201;2024-04-29T05:00:00+02:00
1163;Generación medida Océano y geotérmica;;;3.17;2024-04-29T06:00:00+02:00
1163;Generación medida Océano y geotérmica;;;3.175;2024-04-29T07:00:00+02:00
1163;Generación medida Océano y geotérmica;;;3.229;2024-04-29T08:00:00+02:00
1163;Generación medida Océano y geotérmica;;;3.161;2024-04-29T09:00:00+02:00
1163;Generación medida Océano y geotérmica;;;3.237;2024-04-29T10:00:00+02:00
1163;Generación medida Océano y geotérmica;;;3.243;2024-04-29T11:00:00+02:00
1163;Generación medida Océano y geotérmica;;;3.278;2024-04-29T12:00:00+02:00
1163;Generación medida Océano y geotérmica;;;3.311;2024-04-29T13:00:00+02:00
1163;Generación medida Océano y geotérmica;;;3.317;2024-04-29T14:00:00+02:00
1163;Generación medida Océano y geotérmica;;;3.328;2024-04-29T15:00:00+02:00
1163;Generación medida Océano y geotérmica;;;3.337;2024-04-29T16:00:00+02:00
1163;Generación medida Océano y geotérmica;;;3.305;2024-04-29T17:00:00+02:00
1163;Generación medida Océano y geotérmica;;;3.315;2024-04-29T18:00:00+02:00
1163;Generación medida Océano y geotérmica;;;3.271;2024-04-29T19:00:00+02:00
1163;Generación medida Océano y geotérmica;;;3.246;2024-04-29T20:00:00+02:00
1163;Generación medida Océano y geotérmica;;;3.241;2024-04-29T21:00:00+02:00
1163;Generación medida Océano y geotérmica;;;3.273;2024-04-29T22:00:00+02:00
1163;Generación medida Océano y geotérmica;;;3.266;2024-04-29T23:00:00+02:00
1163;Generación medida Océano y geotérmica;;;3.254;2024-04-30T00:00:00+02:00
1163;Generación medida Océano y geotérmica;;;3.269;2024-04-30T01:00:00+02:00
1163;Generación medida Océano y geotérmica;;;3.273;2024-04-30T02:00:00+02:00
1163;Generación medida Océano y geotérmica;;;3.265;2024-04-30T03:00:00+02:00
1163;Generación medida Océano y geotérmica;;;3.274;2024-04-30T04:00:00+02:00
1163;Generación medida Océano y geotérmica;;;3.301;2024-04-30T05:00:00+02:00
1163;Generación medida Océano y geotérmica;;;3.3;2024-04-30T06:00:00+02:00
1163;Generación medida Océano y geotérmica;;;3.286;2024-04-30T07:00:00+02:00
1163;Generación medida Océano y geotérmica;;;3.282;2024-04-30T08:00:00+02:00
1163;Generación medida Océano y geotérmica;;;3.275;2024-04-30T09:00:00+02:00
1163;Generación medida Océano y geotérmica;;;3.238;2024-04-30T10:00:00+02:00
1163;Generación medida Océano y geotérmica;;;3.281;2024-04-30T11:00:00+02:00
1163;Generación medida Océano y geotérmica;;;3.354;2024-04-30T12:00:00+02:00
1163;Generación medida Océano y geotérmica;;;3.354;2024-04-30T13:00:00+02:00
1163;Generación medida Océano y geotérmica;;;3.282;2024-04-30T14:00:00+02:00
1163;Generación medida Océano y geotérmica;;;3.272;2024-04-30T15:00:00+02:00
1163;Generación medida Océano y geotérmica;;;3.242;2024-04-30T16:00:00+02:00
1163;Generación medida Océano y geotérmica;;;3.228;2024-04-30T17:00:00+02:00
1163;Generación medida Océano y geotérmica;;;3.244;2024-04-30T18:00:00+02:00
1163;Generación medida Océano y geotérmica;;;3.347;2024-04-30T19:00:00+02:00
1163;Generación medida Océano y geotérmica;;;3.331;2024-04-30T20:00:00+02:00
1163;Generación medida Océano y geotérmica;;;3.308;2024-04-30T21:00:00+02:00
1163;Generación medida Océano y geotérmica;;;3.294;2024-04-30T22:00:00+02:00
1163;Generación medida Océano y geotérmica;;;3.277;2024-04-30T23:00:00+02:00
1170;Generación medida Residuos domésticos y similares;;;134.016;2024-04-01T00:00:00+02:00
1170;Generación medida Residuos domésticos y similares;;;130.07;2024-04-01T01:00:00+02:00
1170;Generación medida Residuos domésticos y similares;;;130.036;2024-04-01T02:00:00+02:00
1170;Generación medida Residuos domésticos y similares;;;131.395;2024-04-01T03:00:00+02:00
1170;Generación medida Residuos domésticos y similares;;;132.052;2024-04-01T04:00:00+02:00
1170;Generación medida Residuos domésticos y similares;;;131.41;2024-04-01T05:00:00+02:00
1170;Generación medida Residuos domésticos y similares;;;128.851;2024-04-01T06:00:00+02:00
1170;Generación medida Residuos domésticos y similares;;;130.346;2024-04-01T07:00:00+02:00
1170;Generación medida Residuos domésticos y similares;;;128.1;2024-04-01T08:00:00+02:00
1170;Generación medida Residuos domésticos y similares;;;129.369;2024-04-01T09:00:00+02:00
1170;Generación medida Residuos domésticos y similares;;;122.966;2024-04-01T10:00:00+02:00
1170;Generación medida Residuos domésticos y similares;;;118.386;2024-04-01T11:00:00+02:00
1170;Generación medida Residuos domésticos y similares;;;118.688;2024-04-01T12:00:00+02:00
1170;Generación medida Residuos domésticos y similares;;;123.367;2024-04-01T13:00:00+02:00
1170;Generación medida Residuos domésticos y similares;;;119.634;2024-04-01T14:00:00+02:00
1170;Generación medida Residuos domésticos y similares;;;120.172;2024-04-01T15:00:00+02:00
1170;Generación medida Residuos domésticos y similares;;;121.994;2024-04-01T16:00:00+02:00
1170;Generación medida Residuos domésticos y similares;;;122.983;2024-04-01T17:00:00+02:00
1170;Generación medida Residuos domésticos y similares;;;121.62;2024-04-01T18:00:00+02:00
1170;Generación medida Residuos domésticos y similares;;;112.937;2024-04-01T19:00:00+02:00
1170;Generación medida Residuos domésticos y similares;;;109.828;2024-04-01T20:00:00+02:00
1170;Generación medida Residuos domésticos y similares;;;113.169;2024-04-01T21:00:00+02:00
1170;Generación medida Residuos domésticos y similares;;;118.832;2024-04-01T22:00:00+02:00
1170;Generación medida Residuos domésticos y similares;;;117.347;2024-04-01T23:00:00+02:00
1170;Generación medida Residuos domésticos y similares;;;117.977;2024-04-02T00:00:00+02:00
1170;Generación medida Residuos domésticos y similares;;;118.225;2024-04-02T01:00:00+02:00
1170;Generación medida Residuos domésticos y similares;;;117.15;2024-04-02T02:00:00+02:00
1170;Generación medida Residuos domésticos y similares;;;122.737;2024-04-02T03:00:00+02:00
1170;Generación medida Residuos domésticos y similares;;;127.552;2024-04-02T04:00:00+02:00
1170;Generación medida Residuos domésticos y similares;;;131.446;2024-04-02T05:00:00+02:00
1170;Generación medida Residuos domésticos y similares;;;129.03;2024-04-02T06:00:00+02:00
1170;Generación medida Residuos domésticos y similares;;;121.752;2024-04-02T07:00:00+02:00
1170;Generación medida Residuos domésticos y similares;;;119.524;2024-04-02T08:00:00+02:00
1170;Generación medida Residuos domésticos y similares;;;122.961;2024-04-02T09:00:00+02:00
1170;Generación medida Residuos domésticos y similares;;;126.558;2024-04-02T10:00:00+02:00
1170;Generación medida Residuos domésticos y similares;;;125.636;2024-04-02T11:00:00+02:00
1170;Generación medida Residuos domésticos y similares;;;130.426;2024-04-02T12:00:00+02:00
1170;Generación medida Residuos domésticos y similares;;;129.857;2024-04-02T13:00:00+02:00
1170;Generación medida Residuos domésticos y similares;;;127.678;2024-04-02T14:00:00+02:00
1170;Generación medida Residuos domésticos y similares;;;119.934;2024-04-02T15:00:00+02:00
1170;Generación medida Residuos domésticos y similares;;;106.258;2024-04-02T16:00:00+02:00
1170;Generación medida Residuos domésticos y similares;;;122.024;2024-04-02T17:00:00+02:00
1170;Generación medida Residuos domésticos y similares;;;123.175;2024-04-02T18:00:00+02:00
1170;Generación medida Residuos domésticos y similares;;;123.273;2024-04-02T19:00:00+02:00
1170;Generación medida Residuos domésticos y similares;;;123.283;2024-04-02T20:00:00+02:00
1170;Generación medida Residuos domésticos y similares;;;124.756;2024-04-02T21:00:00+02:00
1170;Generación medida Residuos domésticos y similares;;;120.246;2024-04-02T22:00:00+02:00
1170;Generación medida Residuos domésticos y similares;;;126.802;2024-04-02T23:00:00+02:00
1170;Generación medida Residuos domésticos y similares;;;124.604;2024-04-03T00:00:00+02:00
1170;Generación medida Residuos domésticos y similares;;;125.127;2024-04-03T01:00:00+02:00
1170;Generación medida Residuos domésticos y similares;;;125.562;2024-04-03T02:00:00+02:00
1170;Generación medida Residuos domésticos y similares;;;127.876;2024-04-03T03:00:00+02:00
1170;Generación medida Residuos domésticos y similares;;;126.656;2024-04-03T04:00:00+02:00
1170;Generación medida Residuos domésticos y similares;;;127.556;2024-04-03T05:00:00+02:00
1170;Generación medida Residuos domésticos y similares;;;125.652;2024-04-03T06:00:00+02:00
1170;Generación medida Residuos domésticos y similares;;;124.2;2024-04-03T07:00:00+02:00
1170;Generación medida Residuos domésticos y similares;;;112.36;2024-04-03T08:00:00+02:00
1170;Generación medida Residuos domésticos y similares;;;106.721;2024-04-03T09:00:00+02:00
1170;Generación medida Residuos domésticos y similares;;;108.176;2024-04-03T10:00:00+02:00
1170;Generación medida Residuos domésticos y similares;;;97.13;2024-04-03T11:00:00+02:00
1170;Generación medida Residuos domésticos y similares;;;100.615;2024-04-03T12:00:00+02:00
1170;Generación medida Residuos domésticos y similares;;;110.014;2024-04-03T13:00:00+02:00
1170;Generación medida Residuos domésticos y similares;;;111.577;2024-04-03T14:00:00+02:00
1170;Generación medida Residuos domésticos y similares;;;117.408;2024-04-03T15:00:00+02:00
1170;Generación medida Residuos domésticos y similares;;;117.791;2024-04-03T16:00:00+02:00
1170;Generación medida Residuos domésticos y similares;;;109.905;2024-04-03T17:00:00+02:00
1170;Generación medida Residuos domésticos y similares;;;117.59;2024-04-03T18:00:00+02:00
1170;Generación medida Residuos domésticos y similares;;;123.208;2024-04-03T19:00:00+02:00
1170;Generación medida Residuos domésticos y similares;;;126.619;2024-04-03T20:00:00+02:00
1170;Generación medida Residuos domésticos y similares;;;128.477;2024-04-03T21:00:00+02:00
1170;Generación medida Residuos domésticos y similares;;;133.882;2024-04-03T22:00:00+02:00
1170;Generación medida Residuos domésticos y similares;;;135.857;2024-04-03T23:00:00+02:00
1170;Generación medida Residuos domésticos y similares;;;134.224;2024-04-04T00:00:00+02:00
1170;Generación medida Residuos domésticos y similares;;;133.894;2024-04-04T01:00:00+02:00
1170;Generación medida Residuos domésticos y similares;;;135.021;2024-04-04T02:00:00+02:00
1170;Generación medida Residuos domésticos y similares;;;132.693;2024-04-04T03:00:00+02:00
1170;Generación medida Residuos domésticos y similares;;;136.568;2024-04-04T04:00:00+02:00
1170;Generación medida Residuos domésticos y similares;;;137.62;2024-04-04T05:00:00+02:00
1170;Generación medida Residuos domésticos y similares;;;136.591;2024-04-04T06:00:00+02:00
1170;Generación medida Residuos domésticos y similares;;;133.937;2024-04-04T07:00:00+02:00
1170;Generación medida Residuos domésticos y similares;;;136.533;2024-04-04T08:00:00+02:00
1170;Generación medida Residuos domésticos y similares;;;137.632;2024-04-04T09:00:00+02:00
1170;Generación medida Residuos domésticos y similares;;;138.177;2024-04-04T10:00:00+02:00
1170;Generación medida Residuos domésticos y similares;;;136.139;2024-04-04T11:00:00+02:00
1170;Generación medida Residuos domésticos y similares;;;143.733;2024-04-04T12:00:00+02:00
1170;Generación medida Residuos domésticos y similares;;;137.619;2024-04-04T13:00:00+02:00
1170;Generación medida Residuos domésticos y similares;;;116.273;2024-04-04T14:00:00+02:00
1170;Generación medida Residuos domésticos y similares;;;111.556;2024-04-04T15:00:00+02:00
1170;Generación medida Residuos domésticos y similares;;;112.442;2024-04-04T16:00:00+02:00
1170;Generación medida Residuos domésticos y similares;;;115.651;2024-04-04T17:00:00+02:00
1170;Generación medida Residuos domésticos y similares;;;105.277;2024-04-04T18:00:00+02:00
1170;Generación medida Residuos domésticos y similares;;;102.471;2024-04-04T19:00:00+02:00
1170;Generación medida Residuos domésticos y similares;;;99.083;2024-04-04T20:00:00+02:00
1170;Generación medida Residuos domésticos y similares;;;103.02;2024-04-04T21:00:00+02:00
1170;Generación medida Residuos domésticos y similares;;;105.314;2024-04-04T22:00:00+02:00
1170;Generación medida Residuos domésticos y similares;;;105.027;2024-04-04T23:00:00+02:00
1170;Generación medida Residuos domésticos y similares;;;105.49;2024-04-05T00:00:00+02:00
1170;Generación medida Residuos domésticos y similares;;;107.355;2024-04-05T01:00:00+02:00
1170;Generación medida Residuos domésticos y similares;;;110.325;2024-04-05T02:00:00+02:00
1170;Generación medida Residuos domésticos y similares;;;113.111;2024-04-05T03:00:00+02:00
1170;Generación medida Residuos domésticos y similares;;;114.681;2024-04-05T04:00:00+02:00
1170;Generación medida Residuos domésticos y similares;;;115.173;2024-04-05T05:00:00+02:00
1170;Generación medida Residuos domésticos y similares;;;115.249;2024-04-05T06:00:00+02:00
1170;Generación medida Residuos domésticos y similares;;;106.684;2024-04-05T07:00:00+02:00
1170;Generación medida Residuos domésticos y similares;;;109.402;2024-04-05T08:00:00+02:00
1170;Generación medida Residuos domésticos y similares;;;106.122;2024-04-05T09:00:00+02:00
1170;Generación medida Residuos domésticos y similares;;;104.507;2024-04-05T10:00:00+02:00
1170;Generación medida Residuos domésticos y similares;;;104.488;2024-04-05T11:00:00+02:00
1170;Generación medida Residuos domésticos y similares;;;104.597;2024-04-05T12:00:00+02:00
1170;Generación medida Residuos domésticos y similares;;;103.302;2024-04-05T13:00:00+02:00
1170;Generación medida Residuos domésticos y similares;;;105.938;2024-04-05T14:00:00+02:00
1170;Generación medida Residuos domésticos y similares;;;108.139;2024-04-05T15:00:00+02:00
1170;Generación medida Residuos domésticos y similares;;;110.247;2024-04-05T16:00:00+02:00
1170;Generación medida Residuos domésticos y similares;;;109.851;2024-04-05T17:00:00+02:00
1170;Generación medida Residuos domésticos y similares;;;108.507;2024-04-05T18:00:00+02:00
1170;Generación medida Residuos domésticos y similares;;;110.496;2024-04-05T19:00:00+02:00
1170;Generación medida Residuos domésticos y similares;;;112.35;2024-04-05T20:00:00+02:00
1170;Generación medida Residuos domésticos y similares;;;114.176;2024-04-05T21:00:00+02:00
1170;Generación medida Residuos domésticos y similares;;;114.902;2024-04-05T22:00:00+02:00
1170;Generación medida Residuos domésticos y similares;;;116.104;2024-04-05T23:00:00+02:00
1170;Generación medida Residuos domésticos y similares;;;115.403;2024-04-06T00:00:00+02:00
1170;Generación medida Residuos domésticos y similares;;;116.175;2024-04-06T01:00:00+02:00
1170;Generación medida Residuos domésticos y similares;;;112.873;2024-04-06T02:00:00+02:00
1170;Generación medida Residuos domésticos y similares;;;94.689;2024-04-06T03:00:00+02:00
1170;Generación medida Residuos domésticos y similares;;;91.913;2024-04-06T04:00:00+02:00
1170;Generación medida Residuos domésticos y similares;;;106.751;2024-04-06T05:00:00+02:00
1170;Generación medida Residuos domésticos y similares;;;107.892;2024-04-06T06:00:00+02:00
1170;Generación medida Residuos domésticos y similares;;;113.042;2024-04-06T07:00:00+02:00
1170;Generación medida Residuos domésticos y similares;;;114.283;2024-04-06T08:00:00+02:00
1170;Generación medida Residuos domésticos y similares;;;117.609;2024-04-06T09:00:00+02:00
1170;Generación medida Residuos domésticos y similares;;;117.81;2024-04-06T10:00:00+02:00
1170;Generación medida Residuos domésticos y similares;;;116.755;2024-04-06T11:00:00+02:00
1170;Generación medida Residuos domésticos y similares;;;113.244;2024-04-06T12:00:00+02:00
1170;Generación medida Residuos domésticos y similares;;;109.506;2024-04-06T13:00:00+02:00
1170;Generación medida Residuos domésticos y similares;;;116.22;2024-04-06T14:00:00+02:00
1170;Generación medida Residuos domésticos y similares;;;119.314;2024-04-06T15:00:00+02:00
1170;Generación medida Residuos domésticos y similares;;;116.583;2024-04-06T16:00:00+02:00
1170;Generación medida Residuos domésticos y similares;;;98.422;2024-04-06T17:00:00+02:00
1170;Generación medida Residuos domésticos y similares;;;96.688;2024-04-06T18:00:00+02:00
1170;Generación medida Residuos domésticos y similares;;;113.055;2024-04-06T19:00:00+02:00
1170;Generación medida Residuos domésticos y similares;;;113.974;2024-04-06T20:00:00+02:00
1170;Generación medida Residuos domésticos y similares;;;118.143;2024-04-06T21:00:00+02:00
1170;Generación medida Residuos domésticos y similares;;;117.015;2024-04-06T22:00:00+02:00
1170;Generación medida Residuos domésticos y similares;;;111.229;2024-04-06T23:00:00+02:00
1170;Generación medida Residuos domésticos y similares;;;109.067;2024-04-07T00:00:00+02:00
1170;Generación medida Residuos domésticos y similares;;;107.939;2024-04-07T01:00:00+02:00
1170;Generación medida Residuos domésticos y similares;;;108.822;2024-04-07T02:00:00+02:00
1170;Generación medida Residuos domésticos y similares;;;113.27;2024-04-07T03:00:00+02:00
1170;Generación medida Residuos domésticos y similares;;;114.789;2024-04-07T04:00:00+02:00
1170;Generación medida Residuos domésticos y similares;;;115.99;2024-04-07T05:00:00+02:00
1170;Generación medida Residuos domésticos y similares;;;116.475;2024-04-07T06:00:00+02:00
1170;Generación medida Residuos domésticos y similares;;;119.052;2024-04-07T07:00:00+02:00
1170;Generación medida Residuos domésticos y similares;;;121.471;2024-04-07T08:00:00+02:00
1170;Generación medida Residuos domésticos y similares;;;120.76;2024-04-07T09:00:00+02:00
1170;Generación medida Residuos domésticos y similares;;;109.291;2024-04-07T10:00:00+02:00
1170;Generación medida Residuos domésticos y similares;;;102.246;2024-04-07T11:00:00+02:00
1170;Generación medida Residuos domésticos y similares;;;108.343;2024-04-07T12:00:00+02:00
1170;Generación medida Residuos domésticos y similares;;;109.218;2024-04-07T13:00:00+02:00
1170;Generación medida Residuos domésticos y similares;;;110.779;2024-04-07T14:00:00+02:00
1170;Generación medida Residuos domésticos y similares;;;104.783;2024-04-07T15:00:00+02:00
1170;Generación medida Residuos domésticos y similares;;;106.413;2024-04-07T16:00:00+02:00
1170;Generación medida Residuos domésticos y similares;;;112.102;2024-04-07T17:00:00+02:00
1170;Generación medida Residuos domésticos y similares;;;113.132;2024-04-07T18:00:00+02:00
1170;Generación medida Residuos domésticos y similares;;;114.908;2024-04-07T19:00:00+02:00
1170;Generación medida Residuos domésticos y similares;;;113.422;2024-04-07T20:00:00+02:00
1170;Generación medida Residuos domésticos y similares;;;117.031;2024-04-07T21:00:00+02:00
1170;Generación medida Residuos domésticos y similares;;;115.157;2024-04-07T22:00:00+02:00
1170;Generación medida Residuos domésticos y similares;;;108.076;2024-04-07T23:00:00+02:00
1170;Generación medida Residuos domésticos y similares;;;108.675;2024-04-08T00:00:00+02:00
1170;Generación medida Residuos domésticos y similares;;;102.409;2024-04-08T01:00:00+02:00
1170;Generación medida Residuos domésticos y similares;;;98.853;2024-04-08T02:00:00+02:00
1170;Generación medida Residuos domésticos y similares;;;98.949;2024-04-08T03:00:00+02:00
1170;Generación medida Residuos domésticos y similares;;;101.572;2024-04-08T04:00:00+02:00
1170;Generación medida Residuos domésticos y similares;;;106.051;2024-04-08T05:00:00+02:00
1170;Generación medida Residuos domésticos y similares;;;109.118;2024-04-08T06:00:00+02:00
1170;Generación medida Residuos domésticos y similares;;;111.788;2024-04-08T07:00:00+02:00
1170;Generación medida Residuos domésticos y similares;;;111.936;2024-04-08T08:00:00+02:00
1170;Generación medida Residuos domésticos y similares;;;112.497;2024-04-08T09:00:00+02:00
1170;Generación medida Residuos domésticos y similares;;;112.878;2024-04-08T10:00:00+02:00
1170;Generación medida Residuos domésticos y similares;;;113.963;2024-04-08T11:00:00+02:00
1170;Generación medida Residuos domésticos y similares;;;112.642;2024-04-08T12:00:00+02:00
1170;Generación medida Residuos domésticos y similares;;;115.309;2024-04-08T13:00:00+02:00
1170;Generación medida Residuos domésticos y similares;;;111.934;2024-04-08T14:00:00+02:00
1170;Generación medida Residuos domésticos y similares;;;112.811;2024-04-08T15:00:00+02:00
1170;Generación medida Residuos domésticos y similares;;;104.384;2024-04-08T16:00:00+02:00
1170;Generación medida Residuos domésticos y similares;;;99.573;2024-04-08T17:00:00+02:00
1170;Generación medida Residuos domésticos y similares;;;103.358;2024-04-08T18:00:00+02:00
1170;Generación medida Residuos domésticos y similares;;;109.88;2024-04-08T19:00:00+02:00
1170;Generación medida Residuos domésticos y similares;;;114.342;2024-04-08T20:00:00+02:00
1170;Generación medida Residuos domésticos y similares;;;119.382;2024-04-08T21:00:00+02:00
1170;Generación medida Residuos domésticos y similares;;;117.976;2024-04-08T22:00:00+02:00
1170;Generación medida Residuos domésticos y similares;;;114.893;2024-04-08T23:00:00+02:00
1170;Generación medida Residuos domésticos y similares;;;112.163;2024-04-09T00:00:00+02:00
1170;Generación medida Residuos domésticos y similares;;;91.225;2024-04-09T01:00:00+02:00
1170;Generación medida Residuos domésticos y similares;;;101.037;2024-04-09T02:00:00+02:00
1170;Generación medida Residuos domésticos y similares;;;108.955;2024-04-09T03:00:00+02:00
1170;Generación medida Residuos domésticos y similares;;;111.562;2024-04-09T04:00:00+02:00
1170;Generación medida Residuos domésticos y similares;;;114.294;2024-04-09T05:00:00+02:00
1170;Generación medida Residuos domésticos y similares;;;111.422;2024-04-09T06:00:00+02:00
1170;Generación medida Residuos domésticos y similares;;;112.281;2024-04-09T07:00:00+02:00
1170;Generación medida Residuos domésticos y similares;;;115.504;2024-04-09T08:00:00+02:00
1170;Generación medida Residuos domésticos y similares;;;114.83;2024-04-09T09:00:00+02:00
1170;Generación medida Residuos domésticos y similares;;;115.167;2024-04-09T10:00:00+02:00
1170;Generación medida Residuos domésticos y similares;;;113.391;2024-04-09T11:00:00+02:00
1170;Generación medida Residuos domésticos y similares;;;114.986;2024-04-09T12:00:00+02:00
1170;Generación medida Residuos domésticos y similares;;;109.058;2024-04-09T13:00:00+02:00
1170;Generación medida Residuos domésticos y similares;;;108.777;2024-04-09T14:00:00+02:00
1170;Generación medida Residuos domésticos y similares;;;108.363;2024-04-09T15:00:00+02:00
1170;Generación medida Residuos domésticos y similares;;;111.029;2024-04-09T16:00:00+02:00
1170;Generación medida Residuos domésticos y similares;;;114.905;2024-04-09T17:00:00+02:00
1170;Generación medida Residuos domésticos y similares;;;112.374;2024-04-09T18:00:00+02:00
1170;Generación medida Residuos domésticos y similares;;;113.37;2024-04-09T19:00:00+02:00
1170;Generación medida Residuos domésticos y similares;;;116.847;2024-04-09T20:00:00+02:00
1170;Generación medida Residuos domésticos y similares;;;105.472;2024-04-09T21:00:00+02:00
1170;Generación medida Residuos domésticos y similares;;;106.664;2024-04-09T22:00:00+02:00
1170;Generación medida Residuos domésticos y similares;;;106.88;2024-04-09T23:00:00+02:00
1170;Generación medida Residuos domésticos y similares;;;111.561;2024-04-10T00:00:00+02:00
1170;Generación medida Residuos domésticos y similares;;;111.449;2024-04-10T01:00:00+02:00
1170;Generación medida Residuos domésticos y similares;;;106.91;2024-04-10T02:00:00+02:00
1170;Generación medida Residuos domésticos y similares;;;110.952;2024-04-10T03:00:00+02:00
1170;Generación medida Residuos domésticos y similares;;;115.103;2024-04-10T04:00:00+02:00
1170;Generación medida Residuos domésticos y similares;;;118.353;2024-04-10T05:00:00+02:00
1170;Generación medida Residuos domésticos y similares;;;106.632;2024-04-10T06:00:00+02:00
1170;Generación medida Residuos domésticos y similares;;;101.634;2024-04-10T07:00:00+02:00
1170;Generación medida Residuos domésticos y similares;;;91.469;2024-04-10T08:00:00+02:00
1170;Generación medida Residuos domésticos y similares;;;90.818;2024-04-10T09:00:00+02:00
1170;Generación medida Residuos domésticos y similares;;;95.534;2024-04-10T10:00:00+02:00
1170;Generación medida Residuos domésticos y similares;;;92.588;2024-04-10T11:00:00+02:00
1170;Generación medida Residuos domésticos y similares;;;83.843;2024-04-10T12:00:00+02:00
1170;Generación medida Residuos domésticos y similares;;;81.525;2024-04-10T13:00:00+02:00
1170;Generación medida Residuos domésticos y similares;;;85.506;2024-04-10T14:00:00+02:00
1170;Generación medida Residuos domésticos y similares;;;90.374;2024-04-10T15:00:00+02:00
1170;Generación medida Residuos domésticos y similares;;;91.14;2024-04-10T16:00:00+02:00
1170;Generación medida Residuos domésticos y similares;;;100.399;2024-04-10T17:00:00+02:00
1170;Generación medida Residuos domésticos y similares;;;102.875;2024-04-10T18:00:00+02:00
1170;Generación medida Residuos domésticos y similares;;;101.539;2024-04-10T19:00:00+02:00
1170;Generación medida Residuos domésticos y similares;;;102.437;2024-04-10T20:00:00+02:00
1170;Generación medida Residuos domésticos y similares;;;102.816;2024-04-10T21:00:00+02:00
1170;Generación medida Residuos domésticos y similares;;;101.886;2024-04-10T22:00:00+02:00
1170;Generación medida Residuos domésticos y similares;;;103.202;2024-04-10T23:00:00+02:00
1170;Generación medida Residuos domésticos y similares;;;100.791;2024-04-11T00:00:00+02:00
1170;Generación medida Residuos domésticos y similares;;;100.644;2024-04-11T01:00:00+02:00
1170;Generación medida Residuos domésticos y similares;;;102.3;2024-04-11T02:00:00+02:00
1170;Generación medida Residuos domésticos y similares;;;102.895;2024-04-11T03:00:00+02:00
1170;Generación medida Residuos domésticos y similares;;;99.273;2024-04-11T04:00:00+02:00
1170;Generación medida Residuos domésticos y similares;;;83.658;2024-04-11T05:00:00+02:00
1170;Generación medida Residuos domésticos y similares;;;88.211;2024-04-11T06:00:00+02:00
1170;Generación medida Residuos domésticos y similares;;;87.12;2024-04-11T07:00:00+02:00
1170;Generación medida Residuos domésticos y similares;;;86.306;2024-04-11T08:00:00+02:00
1170;Generación medida Residuos domésticos y similares;;;84.945;2024-04-11T09:00:00+02:00
1170;Generación medida Residuos domésticos y similares;;;86.939;2024-04-11T10:00:00+02:00
1170;Generación medida Residuos domésticos y similares;;;91.603;2024-04-11T11:00:00+02:00
1170;Generación medida Residuos domésticos y similares;;;94.471;2024-04-11T12:00:00+02:00
1170;Generación medida Residuos domésticos y similares;;;95.425;2024-04-11T13:00:00+02:00
1170;Generación medida Residuos domésticos y similares;;;94.254;2024-04-11T14:00:00+02:00
1170;Generación medida Residuos domésticos y similares;;;89.604;2024-04-11T15:00:00+02:00
1170;Generación medida Residuos domésticos y similares;;;89.835;2024-04-11T16:00:00+02:00
1170;Generación medida Residuos domésticos y similares;;;93.862;2024-04-11T17:00:00+02:00
1170;Generación medida Residuos domésticos y similares;;;95.217;2024-04-11T18:00:00+02:00
1170;Generación medida Residuos domésticos y similares;;;96.09;2024-04-11T19:00:00+02:00
1170;Generación medida Residuos domésticos y similares;;;100.338;2024-04-11T20:00:00+02:00
1170;Generación medida Residuos domésticos y similares;;;99.863;2024-04-11T21:00:00+02:00
1170;Generación medida Residuos domésticos y similares;;;100.611;2024-04-11T22:00:00+02:00
1170;Generación medida Residuos domésticos y similares;;;101.419;2024-04-11T23:00:00+02:00
1170;Generación medida Residuos domésticos y similares;;;98.795;2024-04-12T00:00:00+02:00
1170;Generación medida Residuos domésticos y similares;;;101.852;2024-04-12T01:00:00+02:00
1170;Generación medida Residuos domésticos y similares;;;97.539;2024-04-12T02:00:00+02:00
1170;Generación medida Residuos domésticos y similares;;;82.563;2024-04-12T03:00:00+02:00
1170;Generación medida Residuos domésticos y similares;;;81.367;2024-04-12T04:00:00+02:00
1170;Generación medida Residuos domésticos y similares;;;81.535;2024-04-12T05:00:00+02:00
1170;Generación medida Residuos domésticos y similares;;;78.066;2024-04-12T06:00:00+02:00
1170;Generación medida Residuos domésticos y similares;;;75.736;2024-04-12T07:00:00+02:00
1170;Generación medida Residuos domésticos y similares;;;79.445;2024-04-12T08:00:00+02:00
1170;Generación medida Residuos domésticos y similares;;;83.166;2024-04-12T09:00:00+02:00
1170;Generación medida Residuos domésticos y similares;;;87.548;2024-04-12T10:00:00+02:00
1170;Generación medida Residuos domésticos y similares;;;88.487;2024-04-12T11:00:00+02:00
1170;Generación medida Residuos domésticos y similares;;;76.275;2024-04-12T12:00:00+02:00
1170;Generación medida Residuos domésticos y similares;;;79.737;2024-04-12T13:00:00+02:00
1170;Generación medida Residuos domésticos y similares;;;85.736;2024-04-12T14:00:00+02:00
1170;Generación medida Residuos domésticos y similares;;;91.534;2024-04-12T15:00:00+02:00
1170;Generación medida Residuos domésticos y similares;;;99.025;2024-04-12T16:00:00+02:00
1170;Generación medida Residuos domésticos y similares;;;101.794;2024-04-12T17:00:00+02:00
1170;Generación medida Residuos domésticos y similares;;;106.579;2024-04-12T18:00:00+02:00
1170;Generación medida Residuos domésticos y similares;;;109.344;2024-04-12T19:00:00+02:00
1170;Generación medida Residuos domésticos y similares;;;109.603;2024-04-12T20:00:00+02:00
1170;Generación medida Residuos domésticos y similares;;;103.445;2024-04-12T21:00:00+02:00
1170;Generación medida Residuos domésticos y similares;;;101.191;2024-04-12T22:00:00+02:00
1170;Generación medida Residuos domésticos y similares;;;103.919;2024-04-12T23:00:00+02:00
1170;Generación medida Residuos domésticos y similares;;;104.807;2024-04-13T00:00:00+02:00
1170;Generación medida Residuos domésticos y similares;;;110.223;2024-04-13T01:00:00+02:00
1170;Generación medida Residuos domésticos y similares;;;108.642;2024-04-13T02:00:00+02:00
1170;Generación medida Residuos domésticos y similares;;;109.752;2024-04-13T03:00:00+02:00
1170;Generación medida Residuos domésticos y similares;;;109.908;2024-04-13T04:00:00+02:00
1170;Generación medida Residuos domésticos y similares;;;109.554;2024-04-13T05:00:00+02:00
1170;Generación medida Residuos domésticos y similares;;;109.15;2024-04-13T06:00:00+02:00
1170;Generación medida Residuos domésticos y similares;;;111.825;2024-04-13T07:00:00+02:00
1170;Generación medida Residuos domésticos y similares;;;110.475;2024-04-13T08:00:00+02:00
1170;Generación medida Residuos domésticos y similares;;;110.462;2024-04-13T09:00:00+02:00
1170;Generación medida Residuos domésticos y similares;;;109.044;2024-04-13T10:00:00+02:00
1170;Generación medida Residuos domésticos y similares;;;109.119;2024-04-13T11:00:00+02:00
1170;Generación medida Residuos domésticos y similares;;;99.464;2024-04-13T12:00:00+02:00
1170;Generación medida Residuos domésticos y similares;;;97.922;2024-04-13T13:00:00+02:00
1170;Generación medida Residuos domésticos y similares;;;76.413;2024-04-13T14:00:00+02:00
1170;Generación medida Residuos domésticos y similares;;;79.79;2024-04-13T15:00:00+02:00
1170;Generación medida Residuos domésticos y similares;;;87.979;2024-04-13T16:00:00+02:00
1170;Generación medida Residuos domésticos y similares;;;91.095;2024-04-13T17:00:00+02:00
1170;Generación medida Residuos domésticos y similares;;;99.376;2024-04-13T18:00:00+02:00
1170;Generación medida Residuos domésticos y similares;;;103.826;2024-04-13T19:00:00+02:00
1170;Generación medida Residuos domésticos y similares;;;111.683;2024-04-13T20:00:00+02:00
1170;Generación medida Residuos domésticos y similares;;;111.96;2024-04-13T21:00:00+02:00
1170;Generación medida Residuos domésticos y similares;;;112.764;2024-04-13T22:00:00+02:00
1170;Generación medida Residuos domésticos y similares;;;112.582;2024-04-13T23:00:00+02:00
1170;Generación medida Residuos domésticos y similares;;;112.378;2024-04-14T00:00:00+02:00
1170;Generación medida Residuos domésticos y similares;;;113.216;2024-04-14T01:00:00+02:00
1170;Generación medida Residuos domésticos y similares;;;112.627;2024-04-14T02:00:00+02:00
1170;Generación medida Residuos domésticos y similares;;;112.258;2024-04-14T03:00:00+02:00
1170;Generación medida Residuos domésticos y similares;;;114.065;2024-04-14T04:00:00+02:00
1170;Generación medida Residuos domésticos y similares;;;118.679;2024-04-14T05:00:00+02:00
1170;Generación medida Residuos domésticos y similares;;;119.737;2024-04-14T06:00:00+02:00
1170;Generación medida Residuos domésticos y similares;;;119.309;2024-04-14T07:00:00+02:00
1170;Generación medida Residuos domésticos y similares;;;117.901;2024-04-14T08:00:00+02:00
1170;Generación medida Residuos domésticos y similares;;;113.852;2024-04-14T09:00:00+02:00
1170;Generación medida Residuos domésticos y similares;;;120.633;2024-04-14T10:00:00+02:00
1170;Generación medida Residuos domésticos y similares;;;114.176;2024-04-14T11:00:00+02:00
1170;Generación medida Residuos domésticos y similares;;;110.534;2024-04-14T12:00:00+02:00
1170;Generación medida Residuos domésticos y similares;;;112.954;2024-04-14T13:00:00+02:00
1170;Generación medida Residuos domésticos y similares;;;113.413;2024-04-14T14:00:00+02:00
1170;Generación medida Residuos domésticos y similares;;;113.728;2024-04-14T15:00:00+02:00
1170;Generación medida Residuos domésticos y similares;;;112.878;2024-04-14T16:00:00+02:00
1170;Generación medida Residuos domésticos y similares;;;119.122;2024-04-14T17:00:00+02:00
1170;Generación medida Residuos domésticos y similares;;;117.54;2024-04-14T18:00:00+02:00
1170;Generación medida Residuos domésticos y similares;;;118.622;2024-04-14T19:00:00+02:00
1170;Generación medida Residuos domésticos y similares;;;118.999;2024-04-14T20:00:00+02:00
1170;Generación medida Residuos domésticos y similares;;;119.718;2024-04-14T21:00:00+02:00
1170;Generación medida Residuos domésticos y similares;;;118.43;2024-04-14T22:00:00+02:00
1170;Generación medida Residuos domésticos y similares;;;117.467;2024-04-14T23:00:00+02:00
1170;Generación medida Residuos domésticos y similares;;;116.096;2024-04-15T00:00:00+02:00
1170;Generación medida Residuos domésticos y similares;;;117.765;2024-04-15T01:00:00+02:00
1170;Generación medida Residuos domésticos y similares;;;115.991;2024-04-15T02:00:00+02:00
1170;Generación medida Residuos domésticos y similares;;;116.921;2024-04-15T03:00:00+02:00
1170;Generación medida Residuos domésticos y similares;;;115.368;2024-04-15T04:00:00+02:00
1170;Generación medida Residuos domésticos y similares;;;117.017;2024-04-15T05:00:00+02:00
1170;Generación medida Residuos domésticos y similares;;;115.605;2024-04-15T06:00:00+02:00
1170;Generación medida Residuos domésticos y similares;;;117.218;2024-04-15T07:00:00+02:00
1170;Generación medida Residuos domésticos y similares;;;115.541;2024-04-15T08:00:00+02:00
1170;Generación medida Residuos domésticos y similares;;;116.181;2024-04-15T09:00:00+02:00
1170;Generación medida Residuos domésticos y similares;;;117.871;2024-04-15T10:00:00+02:00
1170;Generación medida Residuos domésticos y similares;;;114.149;2024-04-15T11:00:00+02:00
1170;Generación medida Residuos domésticos y similares;;;114.62;2024-04-15T12:00:00+02:00
1170;Generación medida Residuos domésticos y similares;;;104.779;2024-04-15T13:00:00+02:00
1170;Generación medida Residuos domésticos y similares;;;102.436;2024-04-15T14:00:00+02:00
1170;Generación medida Residuos domésticos y similares;;;113.353;2024-04-15T15:00:00+02:00
1170;Generación medida Residuos domésticos y similares;;;98.706;2024-04-15T16:00:00+02:00
1170;Generación medida Residuos domésticos y similares;;;94.947;2024-04-15T17:00:00+02:00
1170;Generación medida Residuos domésticos y similares;;;96.878;2024-04-15T18:00:00+02:00
1170;Generación medida Residuos domésticos y similares;;;100.951;2024-04-15T19:00:00+02:00
1170;Generación medida Residuos domésticos y similares;;;104.123;2024-04-15T20:00:00+02:00
1170;Generación medida Residuos domésticos y similares;;;110.303;2024-04-15T21:00:00+02:00
1170;Generación medida Residuos domésticos y similares;;;107.258;2024-04-15T22:00:00+02:00
1170;Generación medida Residuos domésticos y similares;;;108.613;2024-04-15T23:00:00+02:00
1170;Generación medida Residuos domésticos y similares;;;107.265;2024-04-16T00:00:00+02:00
1170;Generación medida Residuos domésticos y similares;;;105.388;2024-04-16T01:00:00+02:00
1170;Generación medida Residuos domésticos y similares;;;104.471;2024-04-16T02:00:00+02:00
1170;Generación medida Residuos domésticos y similares;;;106.097;2024-04-16T03:00:00+02:00
1170;Generación medida Residuos domésticos y similares;;;109.131;2024-04-16T04:00:00+02:00
1170;Generación medida Residuos domésticos y similares;;;112.674;2024-04-16T05:00:00+02:00
1170;Generación medida Residuos domésticos y similares;;;109.078;2024-04-16T06:00:00+02:00
1170;Generación medida Residuos domésticos y similares;;;109.237;2024-04-16T07:00:00+02:00
1170;Generación medida Residuos domésticos y similares;;;102.447;2024-04-16T08:00:00+02:00
1170;Generación medida Residuos domésticos y similares;;;108.454;2024-04-16T09:00:00+02:00
1170;Generación medida Residuos domésticos y similares;;;110.966;2024-04-16T10:00:00+02:00
1170;Generación medida Residuos domésticos y similares;;;108.79;2024-04-16T11:00:00+02:00
1170;Generación medida Residuos domésticos y similares;;;104.906;2024-04-16T12:00:00+02:00
1170;Generación medida Residuos domésticos y similares;;;108.981;2024-04-16T13:00:00+02:00
1170;Generación medida Residuos domésticos y similares;;;109.943;2024-04-16T14:00:00+02:00
1170;Generación medida Residuos domésticos y similares;;;103.3;2024-04-16T15:00:00+02:00
1170;Generación medida Residuos domésticos y similares;;;99.584;2024-04-16T16:00:00+02:00
1170;Generación medida Residuos domésticos y similares;;;114.3;2024-04-16T17:00:00+02:00
1170;Generación medida Residuos domésticos y similares;;;115.746;2024-04-16T18:00:00+02:00
1170;Generación medida Residuos domésticos y similares;;;104.288;2024-04-16T19:00:00+02:00
1170;Generación medida Residuos domésticos y similares;;;94.598;2024-04-16T20:00:00+02:00
1170;Generación medida Residuos domésticos y similares;;;108.265;2024-04-16T21:00:00+02:00
1170;Generación medida Residuos domésticos y similares;;;108.539;2024-04-16T22:00:00+02:00
1170;Generación medida Residuos domésticos y similares;;;111.333;2024-04-16T23:00:00+02:00
1170;Generación medida Residuos domésticos y similares;;;115.794;2024-04-17T00:00:00+02:00
1170;Generación medida Residuos domésticos y similares;;;113.025;2024-04-17T01:00:00+02:00
1170;Generación medida Residuos domésticos y similares;;;114.314;2024-04-17T02:00:00+02:00
1170;Generación medida Residuos domésticos y similares;;;112.587;2024-04-17T03:00:00+02:00
1170;Generación medida Residuos domésticos y similares;;;109.174;2024-04-17T04:00:00+02:00
1170;Generación medida Residuos domésticos y similares;;;109.608;2024-04-17T05:00:00+02:00
1170;Generación medida Residuos domésticos y similares;;;107.674;2024-04-17T06:00:00+02:00
1170;Generación medida Residuos domésticos y similares;;;105.72;2024-04-17T07:00:00+02:00
1170;Generación medida Residuos domésticos y similares;;;83.133;2024-04-17T08:00:00+02:00
1170;Generación medida Residuos domésticos y similares;;;104.456;2024-04-17T09:00:00+02:00
1170;Generación medida Residuos domésticos y similares;;;113.073;2024-04-17T10:00:00+02:00
1170;Generación medida Residuos domésticos y similares;;;116.083;2024-04-17T11:00:00+02:00
1170;Generación medida Residuos domésticos y similares;;;115.898;2024-04-17T12:00:00+02:00
1170;Generación medida Residuos domésticos y similares;;;109.15;2024-04-17T13:00:00+02:00
1170;Generación medida Residuos domésticos y similares;;;114.545;2024-04-17T14:00:00+02:00
1170;Generación medida Residuos domésticos y similares;;;116.072;2024-04-17T15:00:00+02:00
1170;Generación medida Residuos domésticos y similares;;;117.976;2024-04-17T16:00:00+02:00
1170;Generación medida Residuos domésticos y similares;;;114.145;2024-04-17T17:00:00+02:00
1170;Generación medida Residuos domésticos y similares;;;112.306;2024-04-17T18:00:00+02:00
1170;Generación medida Residuos domésticos y similares;;;111.36;2024-04-17T19:00:00+02:00
1170;Generación medida Residuos domésticos y similares;;;109.871;2024-04-17T20:00:00+02:00
1170;Generación medida Residuos domésticos y similares;;;113.287;2024-04-17T21:00:00+02:00
1170;Generación medida Residuos domésticos y similares;;;114.271;2024-04-17T22:00:00+02:00
1170;Generación medida Residuos domésticos y similares;;;114.462;2024-04-17T23:00:00+02:00
1170;Generación medida Residuos domésticos y similares;;;114.895;2024-04-18T00:00:00+02:00
1170;Generación medida Residuos domésticos y similares;;;116.493;2024-04-18T01:00:00+02:00
1170;Generación medida Residuos domésticos y similares;;;116.51;2024-04-18T02:00:00+02:00
1170;Generación medida Residuos domésticos y similares;;;115.742;2024-04-18T03:00:00+02:00
1170;Generación medida Residuos domésticos y similares;;;115.499;2024-04-18T04:00:00+02:00
1170;Generación medida Residuos domésticos y similares;;;114.022;2024-04-18T05:00:00+02:00
1170;Generación medida Residuos domésticos y similares;;;103.581;2024-04-18T06:00:00+02:00
1170;Generación medida Residuos domésticos y similares;;;96.499;2024-04-18T07:00:00+02:00
1170;Generación medida Residuos domésticos y similares;;;97.622;2024-04-18T08:00:00+02:00
1170;Generación medida Residuos domésticos y similares;;;97.726;2024-04-18T09:00:00+02:00
1170;Generación medida Residuos domésticos y similares;;;107.381;2024-04-18T10:00:00+02:00
1170;Generación medida Residuos domésticos y similares;;;106.474;2024-04-18T11:00:00+02:00
1170;Generación medida Residuos domésticos y similares;;;110.038;2024-04-18T12:00:00+02:00
1170;Generación medida Residuos domésticos y similares;;;113.052;2024-04-18T13:00:00+02:00
1170;Generación medida Residuos domésticos y similares;;;112.143;2024-04-18T14:00:00+02:00
1170;Generación medida Residuos domésticos y similares;;;112.037;2024-04-18T15:00:00+02:00
1170;Generación medida Residuos domésticos y similares;;;112.573;2024-04-18T16:00:00+02:00
1170;Generación medida Residuos domésticos y similares;;;106.071;2024-04-18T17:00:00+02:00
1170;Generación medida Residuos domésticos y similares;;;101.235;2024-04-18T18:00:00+02:00
1170;Generación medida Residuos domésticos y similares;;;106.672;2024-04-18T19:00:00+02:00
1170;Generación medida Residuos domésticos y similares;;;110.207;2024-04-18T20:00:00+02:00
1170;Generación medida Residuos domésticos y similares;;;115.015;2024-04-18T21:00:00+02:00
1170;Generación medida Residuos domésticos y similares;;;111.912;2024-04-18T22:00:00+02:00
1170;Generación medida Residuos domésticos y similares;;;107.601;2024-04-18T23:00:00+02:00
1170;Generación medida Residuos domésticos y similares;;;99.627;2024-04-19T00:00:00+02:00
1170;Generación medida Residuos domésticos y similares;;;100.709;2024-04-19T01:00:00+02:00
1170;Generación medida Residuos domésticos y similares;;;109.874;2024-04-19T02:00:00+02:00
1170;Generación medida Residuos domésticos y similares;;;112.557;2024-04-19T03:00:00+02:00
1170;Generación medida Residuos domésticos y similares;;;111.793;2024-04-19T04:00:00+02:00
1170;Generación medida Residuos domésticos y similares;;;92.729;2024-04-19T05:00:00+02:00
1170;Generación medida Residuos domésticos y similares;;;86.647;2024-04-19T06:00:00+02:00
1170;Generación medida Residuos domésticos y similares;;;90.998;2024-04-19T07:00:00+02:00
1170;Generación medida Residuos domésticos y similares;;;80.09;2024-04-19T08:00:00+02:00
1170;Generación medida Residuos domésticos y similares;;;84.731;2024-04-19T09:00:00+02:00
1170;Generación medida Residuos domésticos y similares;;;87.673;2024-04-19T10:00:00+02:00
1170;Generación medida Residuos domésticos y similares;;;89.29;2024-04-19T11:00:00+02:00
1170;Generación medida Residuos domésticos y similares;;;93.014;2024-04-19T12:00:00+02:00
1170;Generación medida Residuos domésticos y similares;;;86.377;2024-04-19T13:00:00+02:00
1170;Generación medida Residuos domésticos y similares;;;97.53;2024-04-19T14:00:00+02:00
1170;Generación medida Residuos domésticos y similares;;;95.485;2024-04-19T15:00:00+02:00
1170;Generación medida Residuos domésticos y similares;;;96.807;2024-04-19T16:00:00+02:00
1170;Generación medida Residuos domésticos y similares;;;98.328;2024-04-19T17:00:00+02:00
1170;Generación medida Residuos domésticos y similares;;;99.636;2024-04-19T18:00:00+02:00
1170;Generación medida Residuos domésticos y similares;;;102.308;2024-04-19T19:00:00+02:00
1170;Generación medida Residuos domésticos y similares;;;105.223;2024-04-19T20:00:00+02:00
1170;Generación medida Residuos domésticos y similares;;;107.308;2024-04-19T21:00:00+02:00
1170;Generación medida Residuos domésticos y similares;;;106.821;2024-04-19T22:00:00+02:00
1170;Generación medida Residuos domésticos y similares;;;107.485;2024-04-19T23:00:00+02:00
1170;Generación medida Residuos domésticos y similares;;;106.543;2024-04-20T00:00:00+02:00
1170;Generación medida Residuos domésticos y similares;;;102.119;2024-04-20T01:00:00+02:00
1170;Generación medida Residuos domésticos y similares;;;101.042;2024-04-20T02:00:00+02:00
1170;Generación medida Residuos domésticos y similares;;;100.776;2024-04-20T03:00:00+02:00
1170;Generación medida Residuos domésticos y similares;;;102.071;2024-04-20T04:00:00+02:00
1170;Generación medida Residuos domésticos y similares;;;99.174;2024-04-20T05:00:00+02:00
1170;Generación medida Residuos domésticos y similares;;;97.835;2024-04-20T06:00:00+02:00
1170;Generación medida Residuos domésticos y similares;;;97.086;2024-04-20T07:00:00+02:00
1170;Generación medida Residuos domésticos y similares;;;96.622;2024-04-20T08:00:00+02:00
1170;Generación medida Residuos domésticos y similares;;;97.65;2024-04-20T09:00:00+02:00
1170;Generación medida Residuos domésticos y similares;;;97.2;2024-04-20T10:00:00+02:00
1170;Generación medida Residuos domésticos y similares;;;97.748;2024-04-20T11:00:00+02:00
1170;Generación medida Residuos domésticos y similares;;;94.213;2024-04-20T12:00:00+02:00
1170;Generación medida Residuos domésticos y similares;;;93.526;2024-04-20T13:00:00+02:00
1170;Generación medida Residuos domésticos y similares;;;95.613;2024-04-20T14:00:00+02:00
1170;Generación medida Residuos domésticos y similares;;;74.339;2024-04-20T15:00:00+02:00
1170;Generación medida Residuos domésticos y similares;;;85.958;2024-04-20T16:00:00+02:00
1170;Generación medida Residuos domésticos y similares;;;91.469;2024-04-20T17:00:00+02:00
1170;Generación medida Residuos domésticos y similares;;;95.173;2024-04-20T18:00:00+02:00
1170;Generación medida Residuos domésticos y similares;;;99.385;2024-04-20T19:00:00+02:00
1170;Generación medida Residuos domésticos y similares;;;98.41;2024-04-20T20:00:00+02:00
1170;Generación medida Residuos domésticos y similares;;;97.364;2024-04-20T21:00:00+02:00
1170;Generación medida Residuos domésticos y similares;;;91.36;2024-04-20T22:00:00+02:00
1170;Generación medida Residuos domésticos y similares;;;87.765;2024-04-20T23:00:00+02:00
1170;Generación medida Residuos domésticos y similares;;;87.751;2024-04-21T00:00:00+02:00
1170;Generación medida Residuos domésticos y similares;;;90.61;2024-04-21T01:00:00+02:00
1170;Generación medida Residuos domésticos y similares;;;95.221;2024-04-21T02:00:00+02:00
1170;Generación medida Residuos domésticos y similares;;;95.785;2024-04-21T03:00:00+02:00
1170;Generación medida Residuos domésticos y similares;;;96.366;2024-04-21T04:00:00+02:00
1170;Generación medida Residuos domésticos y similares;;;95.467;2024-04-21T05:00:00+02:00
1170;Generación medida Residuos domésticos y similares;;;95.023;2024-04-21T06:00:00+02:00
1170;Generación medida Residuos domésticos y similares;;;96.803;2024-04-21T07:00:00+02:00
1170;Generación medida Residuos domésticos y similares;;;97.247;2024-04-21T08:00:00+02:00
1170;Generación medida Residuos domésticos y similares;;;93.628;2024-04-21T09:00:00+02:00
1170;Generación medida Residuos domésticos y similares;;;94.968;2024-04-21T10:00:00+02:00
1170;Generación medida Residuos domésticos y similares;;;95.622;2024-04-21T11:00:00+02:00
1170;Generación medida Residuos domésticos y similares;;;94.906;2024-04-21T12:00:00+02:00
1170;Generación medida Residuos domésticos y similares;;;93.442;2024-04-21T13:00:00+02:00
1170;Generación medida Residuos domésticos y similares;;;95.525;2024-04-21T14:00:00+02:00
1170;Generación medida Residuos domésticos y similares;;;96.262;2024-04-21T15:00:00+02:00
1170;Generación medida Residuos domésticos y similares;;;93.272;2024-04-21T16:00:00+02:00
1170;Generación medida Residuos domésticos y similares;;;77.587;2024-04-21T17:00:00+02:00
1170;Generación medida Residuos domésticos y similares;;;69.637;2024-04-21T18:00:00+02:00
1170;Generación medida Residuos domésticos y similares;;;72.95;2024-04-21T19:00:00+02:00
1170;Generación medida Residuos domésticos y similares;;;81.82;2024-04-21T20:00:00+02:00
1170;Generación medida Residuos domésticos y similares;;;86.336;2024-04-21T21:00:00+02:00
1170;Generación medida Residuos domésticos y similares;;;100.13;2024-04-21T22:00:00+02:00
1170;Generación medida Residuos domésticos y similares;;;103.371;2024-04-21T23:00:00+02:00
1170;Generación medida Residuos domésticos y similares;;;101.825;2024-04-22T00:00:00+02:00
1170;Generación medida Residuos domésticos y similares;;;90.532;2024-04-22T01:00:00+02:00
1170;Generación medida Residuos domésticos y similares;;;94.371;2024-04-22T02:00:00+02:00
1170;Generación medida Residuos domésticos y similares;;;103.526;2024-04-22T03:00:00+02:00
1170;Generación medida Residuos domésticos y similares;;;107.844;2024-04-22T04:00:00+02:00
1170;Generación medida Residuos domésticos y similares;;;111.327;2024-04-22T05:00:00+02:00
1170;Generación medida Residuos domésticos y similares;;;111.095;2024-04-22T06:00:00+02:00
1170;Generación medida Residuos domésticos y similares;;;105.083;2024-04-22T07:00:00+02:00
1170;Generación medida Residuos domésticos y similares;;;101.173;2024-04-22T08:00:00+02:00
1170;Generación medida Residuos domésticos y similares;;;106.134;2024-04-22T09:00:00+02:00
1170;Generación medida Residuos domésticos y similares;;;102.599;2024-04-22T10:00:00+02:00
1170;Generación medida Residuos domésticos y similares;;;100.837;2024-04-22T11:00:00+02:00
1170;Generación medida Residuos domésticos y similares;;;103.612;2024-04-22T12:00:00+02:00
1170;Generación medida Residuos domésticos y similares;;;108.035;2024-04-22T13:00:00+02:00
1170;Generación medida Residuos domésticos y similares;;;109.751;2024-04-22T14:00:00+02:00
1170;Generación medida Residuos domésticos y similares;;;109.924;2024-04-22T15:00:00+02:00
1170;Generación medida Residuos domésticos y similares;;;109.164;2024-04-22T16:00:00+02:00
1170;Generación medida Residuos domésticos y similares;;;102.565;2024-04-22T17:00:00+02:00
1170;Generación medida Residuos domésticos y similares;;;104.573;2024-04-22T18:00:00+02:00
1170;Generación medida Residuos domésticos y similares;;;107.692;2024-04-22T19:00:00+02:00
1170;Generación medida Residuos domésticos y similares;;;103.544;2024-04-22T20:00:00+02:00
1170;Generación medida Residuos domésticos y similares;;;108.069;2024-04-22T21:00:00+02:00
1170;Generación medida Residuos domésticos y similares;;;88.988;2024-04-22T22:00:00+02:00
1170;Generación medida Residuos domésticos y similares;;;100.845;2024-04-22T23:00:00+02:00
1170;Generación medida Residuos domésticos y similares;;;98.292;2024-04-23T00:00:00+02:00
1170;Generación medida Residuos domésticos y similares;;;93.384;2024-04-23T01:00:00+02:00
1170;Generación medida Residuos domésticos y similares;;;90.452;2024-04-23T02:00:00+02:00
1170;Generación medida Residuos domésticos y similares;;;89.692;2024-04-23T03:00:00+02:00
1170;Generación medida Residuos domésticos y similares;;;90.758;2024-04-23T04:00:00+02:00
1170;Generación medida Residuos domésticos y similares;;;91.202;2024-04-23T05:00:00+02:00
1170;Generación medida Residuos domésticos y similares;;;91.619;2024-04-23T06:00:00+02:00
1170;Generación medida Residuos domésticos y similares;;;89.912;2024-04-23T07:00:00+02:00
1170;Generación medida Residuos domésticos y similares;;;92.018;2024-04-23T08:00:00+02:00
1170;Generación medida Residuos domésticos y similares;;;98.051;2024-04-23T09:00:00+02:00
1170;Generación medida Residuos domésticos y similares;;;104.582;2024-04-23T10:00:00+02:00
1170;Generación medida Residuos domésticos y similares;;;105.336;2024-04-23T11:00:00+02:00
1170;Generación medida Residuos domésticos y similares;;;92.745;2024-04-23T12:00:00+02:00
1170;Generación medida Residuos domésticos y similares;;;99.89;2024-04-23T13:00:00+02:00
1170;Generación medida Residuos domésticos y similares;;;102.252;2024-04-23T14:00:00+02:00
1170;Generación medida Residuos domésticos y similares;;;106.594;2024-04-23T15:00:00+02:00
1170;Generación medida Residuos domésticos y similares;;;108.286;2024-04-23T16:00:00+02:00
1170;Generación medida Residuos domésticos y similares;;;108.788;2024-04-23T17:00:00+02:00
1170;Generación medida Residuos domésticos y similares;;;109.323;2024-04-23T18:00:00+02:00
1170;Generación medida Residuos domésticos y similares;;;103.424;2024-04-23T19:00:00+02:00
1170;Generación medida Residuos domésticos y similares;;;96.565;2024-04-23T20:00:00+02:00
1170;Generación medida Residuos domésticos y similares;;;99.015;2024-04-23T21:00:00+02:00
1170;Generación medida Residuos domésticos y similares;;;92.782;2024-04-23T22:00:00+02:00
1170;Generación medida Residuos domésticos y similares;;;90.621;2024-04-23T23:00:00+02:00
1170;Generación medida Residuos domésticos y similares;;;90.929;2024-04-24T00:00:00+02:00
1170;Generación medida Residuos domésticos y similares;;;95.79;2024-04-24T01:00:00+02:00
1170;Generación medida Residuos domésticos y similares;;;103.027;2024-04-24T02:00:00+02:00
1170;Generación medida Residuos domésticos y similares;;;106.943;2024-04-24T03:00:00+02:00
1170;Generación medida Residuos domésticos y similares;;;103.657;2024-04-24T04:00:00+02:00
1170;Generación medida Residuos domésticos y similares;;;101.341;2024-04-24T05:00:00+02:00
1170;Generación medida Residuos domésticos y similares;;;95.43;2024-04-24T06:00:00+02:00
1170;Generación medida Residuos domésticos y similares;;;92.844;2024-04-24T07:00:00+02:00
1170;Generación medida Residuos domésticos y similares;;;78.784;2024-04-24T08:00:00+02:00
1170;Generación medida Residuos domésticos y similares;;;65.726;2024-04-24T09:00:00+02:00
1170;Generación medida Residuos domésticos y similares;;;79.417;2024-04-24T10:00:00+02:00
1170;Generación medida Residuos domésticos y similares;;;95.645;2024-04-24T11:00:00+02:00
1170;Generación medida Residuos domésticos y similares;;;94.122;2024-04-24T12:00:00+02:00
1170;Generación medida Residuos domésticos y similares;;;96.099;2024-04-24T13:00:00+02:00
1170;Generación medida Residuos domésticos y similares;;;97.91;2024-04-24T14:00:00+02:00
1170;Generación medida Residuos domésticos y similares;;;76.667;2024-04-24T15:00:00+02:00
1170;Generación medida Residuos domésticos y similares;;;91.299;2024-04-24T16:00:00+02:00
1170;Generación medida Residuos domésticos y similares;;;103.661;2024-04-24T17:00:00+02:00
1170;Generación medida Residuos domésticos y similares;;;102.705;2024-04-24T18:00:00+02:00
1170;Generación medida Residuos domésticos y similares;;;103.259;2024-04-24T19:00:00+02:00
1170;Generación medida Residuos domésticos y similares;;;103.607;2024-04-24T20:00:00+02:00
1170;Generación medida Residuos domésticos y similares;;;104.42;2024-04-24T21:00:00+02:00
1170;Generación medida Residuos domésticos y similares;;;104.284;2024-04-24T22:00:00+02:00
1170;Generación medida Residuos domésticos y similares;;;104.225;2024-04-24T23:00:00+02:00
1170;Generación medida Residuos domésticos y similares;;;104.456;2024-04-25T00:00:00+02:00
1170;Generación medida Residuos domésticos y similares;;;105.915;2024-04-25T01:00:00+02:00
1170;Generación medida Residuos domésticos y similares;;;104.741;2024-04-25T02:00:00+02:00
1170;Generación medida Residuos domésticos y similares;;;105.098;2024-04-25T03:00:00+02:00
1170;Generación medida Residuos domésticos y similares;;;103.85;2024-04-25T04:00:00+02:00
1170;Generación medida Residuos domésticos y similares;;;105.282;2024-04-25T05:00:00+02:00
1170;Generación medida Residuos domésticos y similares;;;92.666;2024-04-25T06:00:00+02:00
1170;Generación medida Residuos domésticos y similares;;;93.222;2024-04-25T07:00:00+02:00
1170;Generación medida Residuos domésticos y similares;;;91.92;2024-04-25T08:00:00+02:00
1170;Generación medida Residuos domésticos y similares;;;93.562;2024-04-25T09:00:00+02:00
1170;Generación medida Residuos domésticos y similares;;;89.202;2024-04-25T10:00:00+02:00
1170;Generación medida Residuos domésticos y similares;;;83.659;2024-04-25T11:00:00+02:00
1170;Generación medida Residuos domésticos y similares;;;93.177;2024-04-25T12:00:00+02:00
1170;Generación medida Residuos domésticos y similares;;;95.544;2024-04-25T13:00:00+02:00
1170;Generación medida Residuos domésticos y similares;;;105.97;2024-04-25T14:00:00+02:00
1170;Generación medida Residuos domésticos y similares;;;141.336;2024-04-25T15:00:00+02:00
1170;Generación medida Residuos domésticos y similares;;;101.576;2024-04-25T16:00:00+02:00
1170;Generación medida Residuos domésticos y similares;;;105.576;2024-04-25T17:00:00+02:00
1170;Generación medida Residuos domésticos y similares;;;106.351;2024-04-25T18:00:00+02:00
1170;Generación medida Residuos domésticos y similares;;;105.248;2024-04-25T19:00:00+02:00
1170;Generación medida Residuos domésticos y similares;;;107.107;2024-04-25T20:00:00+02:00
1170;Generación medida Residuos domésticos y similares;;;109.181;2024-04-25T21:00:00+02:00
1170;Generación medida Residuos domésticos y similares;;;109.512;2024-04-25T22:00:00+02:00
1170;Generación medida Residuos domésticos y similares;;;109.423;2024-04-25T23:00:00+02:00
1170;Generación medida Residuos domésticos y similares;;;108.187;2024-04-26T00:00:00+02:00
1170;Generación medida Residuos domésticos y similares;;;108.633;2024-04-26T01:00:00+02:00
1170;Generación medida Residuos domésticos y similares;;;109.406;2024-04-26T02:00:00+02:00
1170;Generación medida Residuos domésticos y similares;;;107.894;2024-04-26T03:00:00+02:00
1170;Generación medida Residuos domésticos y similares;;;107.268;2024-04-26T04:00:00+02:00
1170;Generación medida Residuos domésticos y similares;;;109.69;2024-04-26T05:00:00+02:00
1170;Generación medida Residuos domésticos y similares;;;102.876;2024-04-26T06:00:00+02:00
1170;Generación medida Residuos domésticos y similares;;;107.302;2024-04-26T07:00:00+02:00
1170;Generación medida Residuos domésticos y similares;;;107.357;2024-04-26T08:00:00+02:00
1170;Generación medida Residuos domésticos y similares;;;108.267;2024-04-26T09:00:00+02:00
1170;Generación medida Residuos domésticos y similares;;;107.778;2024-04-26T10:00:00+02:00
1170;Generación medida Residuos domésticos y similares;;;107.66;2024-04-26T11:00:00+02:00
1170;Generación medida Residuos domésticos y similares;;;105.717;2024-04-26T12:00:00+02:00
1170;Generación medida Residuos domésticos y similares;;;109.334;2024-04-26T13:00:00+02:00
1170;Generación medida Residuos domésticos y similares;;;109.602;2024-04-26T14:00:00+02:00
1170;Generación medida Residuos domésticos y similares;;;110.718;2024-04-26T15:00:00+02:00
1170;Generación medida Residuos domésticos y similares;;;109.677;2024-04-26T16:00:00+02:00
1170;Generación medida Residuos domésticos y similares;;;109.213;2024-04-26T17:00:00+02:00
1170;Generación medida Residuos domésticos y similares;;;108.119;2024-04-26T18:00:00+02:00
1170;Generación medida Residuos domésticos y similares;;;110.361;2024-04-26T19:00:00+02:00
1170;Generación medida Residuos domésticos y similares;;;109.59;2024-04-26T20:00:00+02:00
1170;Generación medida Residuos domésticos y similares;;;111.432;2024-04-26T21:00:00+02:00
1170;Generación medida Residuos domésticos y similares;;;112.003;2024-04-26T22:00:00+02:00
1170;Generación medida Residuos domésticos y similares;;;112.41;2024-04-26T23:00:00+02:00
1170;Generación medida Residuos domésticos y similares;;;111.894;2024-04-27T00:00:00+02:00
1170;Generación medida Residuos domésticos y similares;;;109.702;2024-04-27T01:00:00+02:00
1170;Generación medida Residuos domésticos y similares;;;110.69;2024-04-27T02:00:00+02:00
1170;Generación medida Residuos domésticos y similares;;;109.311;2024-04-27T03:00:00+02:00
1170;Generación medida Residuos domésticos y similares;;;110.543;2024-04-27T04:00:00+02:00
1170;Generación medida Residuos domésticos y similares;;;112.111;2024-04-27T05:00:00+02:00
1170;Generación medida Residuos domésticos y similares;;;111.039;2024-04-27T06:00:00+02:00
1170;Generación medida Residuos domésticos y similares;;;105.001;2024-04-27T07:00:00+02:00
1170;Generación medida Residuos domésticos y similares;;;111.585;2024-04-27T08:00:00+02:00
1170;Generación medida Residuos domésticos y similares;;;106.88;2024-04-27T09:00:00+02:00
1170;Generación medida Residuos domésticos y similares;;;108.494;2024-04-27T10:00:00+02:00
1170;Generación medida Residuos domésticos y similares;;;110.366;2024-04-27T11:00:00+02:00
1170;Generación medida Residuos domésticos y similares;;;108.683;2024-04-27T12:00:00+02:00
1170;Generación medida Residuos domésticos y similares;;;108.088;2024-04-27T13:00:00+02:00
1170;Generación medida Residuos domésticos y similares;;;110.918;2024-04-27T14:00:00+02:00
1170;Generación medida Residuos domésticos y similares;;;111.714;2024-04-27T15:00:00+02:00
1170;Generación medida Residuos domésticos y similares;;;111.723;2024-04-27T16:00:00+02:00
1170;Generación medida Residuos domésticos y similares;;;111.808;2024-04-27T17:00:00+02:00
1170;Generación medida Residuos domésticos y similares;;;110.777;2024-04-27T18:00:00+02:00
1170;Generación medida Residuos domésticos y similares;;;109.111;2024-04-27T19:00:00+02:00
1170;Generación medida Residuos domésticos y similares;;;107.98;2024-04-27T20:00:00+02:00
1170;Generación medida Residuos domésticos y similares;;;111.634;2024-04-27T21:00:00+02:00
1170;Generación medida Residuos domésticos y similares;;;112.677;2024-04-27T22:00:00+02:00
1170;Generación medida Residuos domésticos y similares;;;111.088;2024-04-27T23:00:00+02:00
1170;Generación medida Residuos domésticos y similares;;;109.825;2024-04-28T00:00:00+02:00
1170;Generación medida Residuos domésticos y similares;;;113.368;2024-04-28T01:00:00+02:00
1170;Generación medida Residuos domésticos y similares;;;112.691;2024-04-28T02:00:00+02:00
1170;Generación medida Residuos domésticos y similares;;;112.224;2024-04-28T03:00:00+02:00
1170;Generación medida Residuos domésticos y similares;;;112.137;2024-04-28T04:00:00+02:00
1170;Generación medida Residuos domésticos y similares;;;113.376;2024-04-28T05:00:00+02:00
1170;Generación medida Residuos domésticos y similares;;;106.103;2024-04-28T06:00:00+02:00
1170;Generación medida Residuos domésticos y similares;;;105.848;2024-04-28T07:00:00+02:00
1170;Generación medida Residuos domésticos y similares;;;111.674;2024-04-28T08:00:00+02:00
1170;Generación medida Residuos domésticos y similares;;;112.56;2024-04-28T09:00:00+02:00
1170;Generación medida Residuos domésticos y similares;;;107.234;2024-04-28T10:00:00+02:00
1170;Generación medida Residuos domésticos y similares;;;112.484;2024-04-28T11:00:00+02:00
1170;Generación medida Residuos domésticos y similares;;;113.852;2024-04-28T12:00:00+02:00
1170;Generación medida Residuos domésticos y similares;;;112.852;2024-04-28T13:00:00+02:00
1170;Generación medida Residuos domésticos y similares;;;110.443;2024-04-28T14:00:00+02:00
1170;Generación medida Residuos domésticos y similares;;;110.611;2024-04-28T15:00:00+02:00
1170;Generación medida Residuos domésticos y similares;;;112.083;2024-04-28T16:00:00+02:00
1170;Generación medida Residuos domésticos y similares;;;112.159;2024-04-28T17:00:00+02:00
1170;Generación medida Residuos domésticos y similares;;;111.289;2024-04-28T18:00:00+02:00
1170;Generación medida Residuos domésticos y similares;;;112.135;2024-04-28T19:00:00+02:00
1170;Generación medida Residuos domésticos y similares;;;108.217;2024-04-28T20:00:00+02:00
1170;Generación medida Residuos domésticos y similares;;;111.141;2024-04-28T21:00:00+02:00
1170;Generación medida Residuos domésticos y similares;;;110.615;2024-04-28T22:00:00+02:00
1170;Generación medida Residuos domésticos y similares;;;111.4;2024-04-28T23:00:00+02:00
1170;Generación medida Residuos domésticos y similares;;;108.826;2024-04-29T00:00:00+02:00
1170;Generación medida Residuos domésticos y similares;;;105.26;2024-04-29T01:00:00+02:00
1170;Generación medida Residuos domésticos y similares;;;111.34;2024-04-29T02:00:00+02:00
1170;Generación medida Residuos domésticos y similares;;;105.974;2024-04-29T03:00:00+02:00
1170;Generación medida Residuos domésticos y similares;;;108.99;2024-04-29T04:00:00+02:00
1170;Generación medida Residuos domésticos y similares;;;111.5;2024-04-29T05:00:00+02:00
1170;Generación medida Residuos domésticos y similares;;;108.646;2024-04-29T06:00:00+02:00
1170;Generación medida Residuos domésticos y similares;;;107.382;2024-04-29T07:00:00+02:00
1170;Generación medida Residuos domésticos y similares;;;105.822;2024-04-29T08:00:00+02:00
1170;Generación medida Residuos domésticos y similares;;;107.382;2024-04-29T09:00:00+02:00
1170;Generación medida Residuos domésticos y similares;;;104.89;2024-04-29T10:00:00+02:00
1170;Generación medida Residuos domésticos y similares;;;105.953;2024-04-29T11:00:00+02:00
1170;Generación medida Residuos domésticos y similares;;;107.298;2024-04-29T12:00:00+02:00
1170;Generación medida Residuos domésticos y similares;;;105.764;2024-04-29T13:00:00+02:00
1170;Generación medida Residuos domésticos y similares;;;106.069;2024-04-29T14:00:00+02:00
1170;Generación medida Residuos domésticos y similares;;;101.899;2024-04-29T15:00:00+02:00
1170;Generación medida Residuos domésticos y similares;;;105.391;2024-04-29T16:00:00+02:00
1170;Generación medida Residuos domésticos y similares;;;105.666;2024-04-29T17:00:00+02:00
1170;Generación medida Residuos domésticos y similares;;;105.991;2024-04-29T18:00:00+02:00
1170;Generación medida Residuos domésticos y similares;;;106.585;2024-04-29T19:00:00+02:00
1170;Generación medida Residuos domésticos y similares;;;107.311;2024-04-29T20:00:00+02:00
1170;Generación medida Residuos domésticos y similares;;;107.744;2024-04-29T21:00:00+02:00
1170;Generación medida Residuos domésticos y similares;;;107.683;2024-04-29T22:00:00+02:00
1170;Generación medida Residuos domésticos y similares;;;108.116;2024-04-29T23:00:00+02:00
1170;Generación medida Residuos domésticos y similares;;;108.311;2024-04-30T00:00:00+02:00
1170;Generación medida Residuos domésticos y similares;;;107.708;2024-04-30T01:00:00+02:00
1170;Generación medida Residuos domésticos y similares;;;108.651;2024-04-30T02:00:00+02:00
1170;Generación medida Residuos domésticos y similares;;;101.163;2024-04-30T03:00:00+02:00
1170;Generación medida Residuos domésticos y similares;;;101.814;2024-04-30T04:00:00+02:00
1170;Generación medida Residuos domésticos y similares;;;103.443;2024-04-30T05:00:00+02:00
1170;Generación medida Residuos domésticos y similares;;;98.85;2024-04-30T06:00:00+02:00
1170;Generación medida Residuos domésticos y similares;;;90.593;2024-04-30T07:00:00+02:00
1170;Generación medida Residuos domésticos y similares;;;92.103;2024-04-30T08:00:00+02:00
1170;Generación medida Residuos domésticos y similares;;;92.091;2024-04-30T09:00:00+02:00
1170;Generación medida Residuos domésticos y similares;;;93.173;2024-04-30T10:00:00+02:00
1170;Generación medida Residuos domésticos y similares;;;94.271;2024-04-30T11:00:00+02:00
1170;Generación medida Residuos domésticos y similares;;;96.371;2024-04-30T12:00:00+02:00
1170;Generación medida Residuos domésticos y similares;;;93.788;2024-04-30T13:00:00+02:00
1170;Generación medida Residuos domésticos y similares;;;91.497;2024-04-30T14:00:00+02:00
1170;Generación medida Residuos domésticos y similares;;;99.571;2024-04-30T15:00:00+02:00
1170;Generación medida Residuos domésticos y similares;;;105.332;2024-04-30T16:00:00+02:00
1170;Generación medida Residuos domésticos y similares;;;77.158;2024-04-30T17:00:00+02:00
1170;Generación medida Residuos domésticos y similares;;;84.084;2024-04-30T18:00:00+02:00
1170;Generación medida Residuos domésticos y similares;;;87.499;2024-04-30T19:00:00+02:00
1170;Generación medida Residuos domésticos y similares;;;89.388;2024-04-30T20:00:00+02:00
1170;Generación medida Residuos domésticos y similares;;;80.58;2024-04-30T21:00:00+02:00
1170;Generación medida Residuos domésticos y similares;;;75.174;2024-04-30T22:00:00+02:00
1170;Generación medida Residuos domésticos y similares;;;73.37;2024-04-30T23:00:00+02:00
1171;Generación medida Residuos varios;;;37.491;2024-04-01T00:00:00+02:00
1171;Generación medida Residuos varios;;;38.889;2024-04-01T01:00:00+02:00
1171;Generación medida Residuos varios;;;38.056;2024-04-01T02:00:00+02:00
1171;Generación medida Residuos varios;;;37.041;2024-04-01T03:00:00+02:00
1171;Generación medida Residuos varios;;;37.717;2024-04-01T04:00:00+02:00
1171;Generación medida Residuos varios;;;37.938;2024-04-01T05:00:00+02:00
1171;Generación medida Residuos varios;;;36.203;2024-04-01T06:00:00+02:00
1171;Generación medida Residuos varios;;;36.662;2024-04-01T07:00:00+02:00
1171;Generación medida Residuos varios;;;37.652;2024-04-01T08:00:00+02:00
1171;Generación medida Residuos varios;;;38.479;2024-04-01T09:00:00+02:00
1171;Generación medida Residuos varios;;;37.49;2024-04-01T10:00:00+02:00
1171;Generación medida Residuos varios;;;36.578;2024-04-01T11:00:00+02:00
1171;Generación medida Residuos varios;;;35.504;2024-04-01T12:00:00+02:00
1171;Generación medida Residuos varios;;;27.435;2024-04-01T13:00:00+02:00
1171;Generación medida Residuos varios;;;27.733;2024-04-01T14:00:00+02:00
1171;Generación medida Residuos varios;;;27.468;2024-04-01T15:00:00+02:00
1171;Generación medida Residuos varios;;;25.657;2024-04-01T16:00:00+02:00
1171;Generación medida Residuos varios;;;27.273;2024-04-01T17:00:00+02:00
1171;Generación medida Residuos varios;;;28.814;2024-04-01T18:00:00+02:00
1171;Generación medida Residuos varios;;;29.376;2024-04-01T19:00:00+02:00
1171;Generación medida Residuos varios;;;29.66;2024-04-01T20:00:00+02:00
1171;Generación medida Residuos varios;;;29.839;2024-04-01T21:00:00+02:00
1171;Generación medida Residuos varios;;;30.837;2024-04-01T22:00:00+02:00
1171;Generación medida Residuos varios;;;30.978;2024-04-01T23:00:00+02:00
1171;Generación medida Residuos varios;;;32.724;2024-04-02T00:00:00+02:00
1171;Generación medida Residuos varios;;;33.762;2024-04-02T01:00:00+02:00
1171;Generación medida Residuos varios;;;35.537;2024-04-02T02:00:00+02:00
1171;Generación medida Residuos varios;;;36.45;2024-04-02T03:00:00+02:00
1171;Generación medida Residuos varios;;;37.767;2024-04-02T04:00:00+02:00
1171;Generación medida Residuos varios;;;38.025;2024-04-02T05:00:00+02:00
1171;Generación medida Residuos varios;;;36.231;2024-04-02T06:00:00+02:00
1171;Generación medida Residuos varios;;;34.961;2024-04-02T07:00:00+02:00
1171;Generación medida Residuos varios;;;34.299;2024-04-02T08:00:00+02:00
1171;Generación medida Residuos varios;;;34.377;2024-04-02T09:00:00+02:00
1171;Generación medida Residuos varios;;;35.384;2024-04-02T10:00:00+02:00
1171;Generación medida Residuos varios;;;34.228;2024-04-02T11:00:00+02:00
1171;Generación medida Residuos varios;;;34.208;2024-04-02T12:00:00+02:00
1171;Generación medida Residuos varios;;;33.203;2024-04-02T13:00:00+02:00
1171;Generación medida Residuos varios;;;34.528;2024-04-02T14:00:00+02:00
1171;Generación medida Residuos varios;;;35.27;2024-04-02T15:00:00+02:00
1171;Generación medida Residuos varios;;;36.198;2024-04-02T16:00:00+02:00
1171;Generación medida Residuos varios;;;35.847;2024-04-02T17:00:00+02:00
1171;Generación medida Residuos varios;;;30.343;2024-04-02T18:00:00+02:00
1171;Generación medida Residuos varios;;;30.034;2024-04-02T19:00:00+02:00
1171;Generación medida Residuos varios;;;31.908;2024-04-02T20:00:00+02:00
1171;Generación medida Residuos varios;;;31.884;2024-04-02T21:00:00+02:00
1171;Generación medida Residuos varios;;;30.924;2024-04-02T22:00:00+02:00
1171;Generación medida Residuos varios;;;31.231;2024-04-02T23:00:00+02:00
1171;Generación medida Residuos varios;;;31.771;2024-04-03T00:00:00+02:00
1171;Generación medida Residuos varios;;;30.655;2024-04-03T01:00:00+02:00
1171;Generación medida Residuos varios;;;30.666;2024-04-03T02:00:00+02:00
1171;Generación medida Residuos varios;;;29.607;2024-04-03T03:00:00+02:00
1171;Generación medida Residuos varios;;;29.849;2024-04-03T04:00:00+02:00
1171;Generación medida Residuos varios;;;31.863;2024-04-03T05:00:00+02:00
1171;Generación medida Residuos varios;;;30.185;2024-04-03T06:00:00+02:00
1171;Generación medida Residuos varios;;;32.562;2024-04-03T07:00:00+02:00
1171;Generación medida Residuos varios;;;34.429;2024-04-03T08:00:00+02:00
1171;Generación medida Residuos varios;;;33.486;2024-04-03T09:00:00+02:00
1171;Generación medida Residuos varios;;;32.735;2024-04-03T10:00:00+02:00
1171;Generación medida Residuos varios;;;33.188;2024-04-03T11:00:00+02:00
1171;Generación medida Residuos varios;;;35.166;2024-04-03T12:00:00+02:00
1171;Generación medida Residuos varios;;;36.351;2024-04-03T13:00:00+02:00
1171;Generación medida Residuos varios;;;35.232;2024-04-03T14:00:00+02:00
1171;Generación medida Residuos varios;;;34.027;2024-04-03T15:00:00+02:00
1171;Generación medida Residuos varios;;;33.102;2024-04-03T16:00:00+02:00
1171;Generación medida Residuos varios;;;33.736;2024-04-03T17:00:00+02:00
1171;Generación medida Residuos varios;;;33.932;2024-04-03T18:00:00+02:00
1171;Generación medida Residuos varios;;;33.881;2024-04-03T19:00:00+02:00
1171;Generación medida Residuos varios;;;30.924;2024-04-03T20:00:00+02:00
1171;Generación medida Residuos varios;;;30.757;2024-04-03T21:00:00+02:00
1171;Generación medida Residuos varios;;;33.921;2024-04-03T22:00:00+02:00
1171;Generación medida Residuos varios;;;33.372;2024-04-03T23:00:00+02:00
1171;Generación medida Residuos varios;;;34.367;2024-04-04T00:00:00+02:00
1171;Generación medida Residuos varios;;;34.445;2024-04-04T01:00:00+02:00
1171;Generación medida Residuos varios;;;33.956;2024-04-04T02:00:00+02:00
1171;Generación medida Residuos varios;;;34.858;2024-04-04T03:00:00+02:00
1171;Generación medida Residuos varios;;;34.444;2024-04-04T04:00:00+02:00
1171;Generación medida Residuos varios;;;35.274;2024-04-04T05:00:00+02:00
1171;Generación medida Residuos varios;;;34.895;2024-04-04T06:00:00+02:00
1171;Generación medida Residuos varios;;;34.182;2024-04-04T07:00:00+02:00
1171;Generación medida Residuos varios;;;35.346;2024-04-04T08:00:00+02:00
1171;Generación medida Residuos varios;;;33.154;2024-04-04T09:00:00+02:00
1171;Generación medida Residuos varios;;;32.845;2024-04-04T10:00:00+02:00
1171;Generación medida Residuos varios;;;19.153;2024-04-04T11:00:00+02:00
1171;Generación medida Residuos varios;;;19.139;2024-04-04T12:00:00+02:00
1171;Generación medida Residuos varios;;;16.667;2024-04-04T13:00:00+02:00
1171;Generación medida Residuos varios;;;17.934;2024-04-04T14:00:00+02:00
1171;Generación medida Residuos varios;;;16.951;2024-04-04T15:00:00+02:00
1171;Generación medida Residuos varios;;;15.222;2024-04-04T16:00:00+02:00
1171;Generación medida Residuos varios;;;15.822;2024-04-04T17:00:00+02:00
1171;Generación medida Residuos varios;;;18.607;2024-04-04T18:00:00+02:00
1171;Generación medida Residuos varios;;;30.645;2024-04-04T19:00:00+02:00
1171;Generación medida Residuos varios;;;34.987;2024-04-04T20:00:00+02:00
1171;Generación medida Residuos varios;;;36.072;2024-04-04T21:00:00+02:00
1171;Generación medida Residuos varios;;;34.445;2024-04-04T22:00:00+02:00
1171;Generación medida Residuos varios;;;34.472;2024-04-04T23:00:00+02:00
1171;Generación medida Residuos varios;;;35.072;2024-04-05T00:00:00+02:00
1171;Generación medida Residuos varios;;;35.87;2024-04-05T01:00:00+02:00
1171;Generación medida Residuos varios;;;35.096;2024-04-05T02:00:00+02:00
1171;Generación medida Residuos varios;;;36.429;2024-04-05T03:00:00+02:00
1171;Generación medida Residuos varios;;;34.5;2024-04-05T04:00:00+02:00
1171;Generación medida Residuos varios;;;35.336;2024-04-05T05:00:00+02:00
1171;Generación medida Residuos varios;;;34.774;2024-04-05T06:00:00+02:00
1171;Generación medida Residuos varios;;;33.957;2024-04-05T07:00:00+02:00
1171;Generación medida Residuos varios;;;31.575;2024-04-05T08:00:00+02:00
1171;Generación medida Residuos varios;;;26.941;2024-04-05T09:00:00+02:00
1171;Generación medida Residuos varios;;;18.484;2024-04-05T10:00:00+02:00
1171;Generación medida Residuos varios;;;19.018;2024-04-05T11:00:00+02:00
1171;Generación medida Residuos varios;;;19.06;2024-04-05T12:00:00+02:00
1171;Generación medida Residuos varios;;;20.888;2024-04-05T13:00:00+02:00
1171;Generación medida Residuos varios;;;21.779;2024-04-05T14:00:00+02:00
1171;Generación medida Residuos varios;;;20.805;2024-04-05T15:00:00+02:00
1171;Generación medida Residuos varios;;;31.968;2024-04-05T16:00:00+02:00
1171;Generación medida Residuos varios;;;32.363;2024-04-05T17:00:00+02:00
1171;Generación medida Residuos varios;;;32.1;2024-04-05T18:00:00+02:00
1171;Generación medida Residuos varios;;;32.579;2024-04-05T19:00:00+02:00
1171;Generación medida Residuos varios;;;32.014;2024-04-05T20:00:00+02:00
1171;Generación medida Residuos varios;;;33.974;2024-04-05T21:00:00+02:00
1171;Generación medida Residuos varios;;;35.59;2024-04-05T22:00:00+02:00
1171;Generación medida Residuos varios;;;34.373;2024-04-05T23:00:00+02:00
1171;Generación medida Residuos varios;;;34.815;2024-04-06T00:00:00+02:00
1171;Generación medida Residuos varios;;;35.246;2024-04-06T01:00:00+02:00
1171;Generación medida Residuos varios;;;33.66;2024-04-06T02:00:00+02:00
1171;Generación medida Residuos varios;;;33.92;2024-04-06T03:00:00+02:00
1171;Generación medida Residuos varios;;;35.742;2024-04-06T04:00:00+02:00
1171;Generación medida Residuos varios;;;37.488;2024-04-06T05:00:00+02:00
1171;Generación medida Residuos varios;;;34.912;2024-04-06T06:00:00+02:00
1171;Generación medida Residuos varios;;;36.235;2024-04-06T07:00:00+02:00
1171;Generación medida Residuos varios;;;35.709;2024-04-06T08:00:00+02:00
1171;Generación medida Residuos varios;;;34.459;2024-04-06T09:00:00+02:00
1171;Generación medida Residuos varios;;;37.765;2024-04-06T10:00:00+02:00
1171;Generación medida Residuos varios;;;35.077;2024-04-06T11:00:00+02:00
1171;Generación medida Residuos varios;;;35.269;2024-04-06T12:00:00+02:00
1171;Generación medida Residuos varios;;;37.086;2024-04-06T13:00:00+02:00
1171;Generación medida Residuos varios;;;36.356;2024-04-06T14:00:00+02:00
1171;Generación medida Residuos varios;;;35.506;2024-04-06T15:00:00+02:00
1171;Generación medida Residuos varios;;;37.164;2024-04-06T16:00:00+02:00
1171;Generación medida Residuos varios;;;38.316;2024-04-06T17:00:00+02:00
1171;Generación medida Residuos varios;;;34.935;2024-04-06T18:00:00+02:00
1171;Generación medida Residuos varios;;;33.472;2024-04-06T19:00:00+02:00
1171;Generación medida Residuos varios;;;30.642;2024-04-06T20:00:00+02:00
1171;Generación medida Residuos varios;;;31.286;2024-04-06T21:00:00+02:00
1171;Generación medida Residuos varios;;;27.439;2024-04-06T22:00:00+02:00
1171;Generación medida Residuos varios;;;30.368;2024-04-06T23:00:00+02:00
1171;Generación medida Residuos varios;;;31.268;2024-04-07T00:00:00+02:00
1171;Generación medida Residuos varios;;;33.148;2024-04-07T01:00:00+02:00
1171;Generación medida Residuos varios;;;34.164;2024-04-07T02:00:00+02:00
1171;Generación medida Residuos varios;;;34.37;2024-04-07T03:00:00+02:00
1171;Generación medida Residuos varios;;;34.934;2024-04-07T04:00:00+02:00
1171;Generación medida Residuos varios;;;35.357;2024-04-07T05:00:00+02:00
1171;Generación medida Residuos varios;;;33.598;2024-04-07T06:00:00+02:00
1171;Generación medida Residuos varios;;;32.376;2024-04-07T07:00:00+02:00
1171;Generación medida Residuos varios;;;33.338;2024-04-07T08:00:00+02:00
1171;Generación medida Residuos varios;;;32.4;2024-04-07T09:00:00+02:00
1171;Generación medida Residuos varios;;;32.065;2024-04-07T10:00:00+02:00
1171;Generación medida Residuos varios;;;33.426;2024-04-07T11:00:00+02:00
1171;Generación medida Residuos varios;;;31.883;2024-04-07T12:00:00+02:00
1171;Generación medida Residuos varios;;;20.467;2024-04-07T13:00:00+02:00
1171;Generación medida Residuos varios;;;24.776;2024-04-07T14:00:00+02:00
1171;Generación medida Residuos varios;;;17.215;2024-04-07T15:00:00+02:00
1171;Generación medida Residuos varios;;;26.765;2024-04-07T16:00:00+02:00
1171;Generación medida Residuos varios;;;30.071;2024-04-07T17:00:00+02:00
1171;Generación medida Residuos varios;;;28.483;2024-04-07T18:00:00+02:00
1171;Generación medida Residuos varios;;;28.286;2024-04-07T19:00:00+02:00
1171;Generación medida Residuos varios;;;27.974;2024-04-07T20:00:00+02:00
1171;Generación medida Residuos varios;;;28.722;2024-04-07T21:00:00+02:00
1171;Generación medida Residuos varios;;;26.165;2024-04-07T22:00:00+02:00
1171;Generación medida Residuos varios;;;26.865;2024-04-07T23:00:00+02:00
1171;Generación medida Residuos varios;;;27.064;2024-04-08T00:00:00+02:00
1171;Generación medida Residuos varios;;;27.198;2024-04-08T01:00:00+02:00
1171;Generación medida Residuos varios;;;27.23;2024-04-08T02:00:00+02:00
1171;Generación medida Residuos varios;;;26.752;2024-04-08T03:00:00+02:00
1171;Generación medida Residuos varios;;;27.558;2024-04-08T04:00:00+02:00
1171;Generación medida Residuos varios;;;28.276;2024-04-08T05:00:00+02:00
1171;Generación medida Residuos varios;;;28.834;2024-04-08T06:00:00+02:00
1171;Generación medida Residuos varios;;;27.927;2024-04-08T07:00:00+02:00
1171;Generación medida Residuos varios;;;29.212;2024-04-08T08:00:00+02:00
1171;Generación medida Residuos varios;;;28.471;2024-04-08T09:00:00+02:00
1171;Generación medida Residuos varios;;;30.555;2024-04-08T10:00:00+02:00
1171;Generación medida Residuos varios;;;30.179;2024-04-08T11:00:00+02:00
1171;Generación medida Residuos varios;;;29.743;2024-04-08T12:00:00+02:00
1171;Generación medida Residuos varios;;;30.974;2024-04-08T13:00:00+02:00
1171;Generación medida Residuos varios;;;27.151;2024-04-08T14:00:00+02:00
1171;Generación medida Residuos varios;;;31.165;2024-04-08T15:00:00+02:00
1171;Generación medida Residuos varios;;;26.61;2024-04-08T16:00:00+02:00
1171;Generación medida Residuos varios;;;30.241;2024-04-08T17:00:00+02:00
1171;Generación medida Residuos varios;;;25.07;2024-04-08T18:00:00+02:00
1171;Generación medida Residuos varios;;;17.613;2024-04-08T19:00:00+02:00
1171;Generación medida Residuos varios;;;16.911;2024-04-08T20:00:00+02:00
1171;Generación medida Residuos varios;;;15.02;2024-04-08T21:00:00+02:00
1171;Generación medida Residuos varios;;;13.891;2024-04-08T22:00:00+02:00
1171;Generación medida Residuos varios;;;15.41;2024-04-08T23:00:00+02:00
1171;Generación medida Residuos varios;;;16.081;2024-04-09T00:00:00+02:00
1171;Generación medida Residuos varios;;;15.213;2024-04-09T01:00:00+02:00
1171;Generación medida Residuos varios;;;11.69;2024-04-09T02:00:00+02:00
1171;Generación medida Residuos varios;;;10.752;2024-04-09T03:00:00+02:00
1171;Generación medida Residuos varios;;;9.949;2024-04-09T04:00:00+02:00
1171;Generación medida Residuos varios;;;10.134;2024-04-09T05:00:00+02:00
1171;Generación medida Residuos varios;;;8.025;2024-04-09T06:00:00+02:00
1171;Generación medida Residuos varios;;;3.714;2024-04-09T07:00:00+02:00
1171;Generación medida Residuos varios;;;5.645;2024-04-09T08:00:00+02:00
1171;Generación medida Residuos varios;;;7.596;2024-04-09T09:00:00+02:00
1171;Generación medida Residuos varios;;;9.274;2024-04-09T10:00:00+02:00
1171;Generación medida Residuos varios;;;21.102;2024-04-09T11:00:00+02:00
1171;Generación medida Residuos varios;;;21.209;2024-04-09T12:00:00+02:00
1171;Generación medida Residuos varios;;;19.084;2024-04-09T13:00:00+02:00
1171;Generación medida Residuos varios;;;20.375;2024-04-09T14:00:00+02:00
1171;Generación medida Residuos varios;;;21.059;2024-04-09T15:00:00+02:00
1171;Generación medida Residuos varios;;;17.572;2024-04-09T16:00:00+02:00
1171;Generación medida Residuos varios;;;18.251;2024-04-09T17:00:00+02:00
1171;Generación medida Residuos varios;;;16.99;2024-04-09T18:00:00+02:00
1171;Generación medida Residuos varios;;;15.952;2024-04-09T19:00:00+02:00
1171;Generación medida Residuos varios;;;19.077;2024-04-09T20:00:00+02:00
1171;Generación medida Residuos varios;;;24.455;2024-04-09T21:00:00+02:00
1171;Generación medida Residuos varios;;;23.565;2024-04-09T22:00:00+02:00
1171;Generación medida Residuos varios;;;24.807;2024-04-09T23:00:00+02:00
1171;Generación medida Residuos varios;;;24.53;2024-04-10T00:00:00+02:00
1171;Generación medida Residuos varios;;;25.025;2024-04-10T01:00:00+02:00
1171;Generación medida Residuos varios;;;24.925;2024-04-10T02:00:00+02:00
1171;Generación medida Residuos varios;;;24.864;2024-04-10T03:00:00+02:00
1171;Generación medida Residuos varios;;;25.008;2024-04-10T04:00:00+02:00
1171;Generación medida Residuos varios;;;25.155;2024-04-10T05:00:00+02:00
1171;Generación medida Residuos varios;;;24.999;2024-04-10T06:00:00+02:00
1171;Generación medida Residuos varios;;;25.925;2024-04-10T07:00:00+02:00
1171;Generación medida Residuos varios;;;25.676;2024-04-10T08:00:00+02:00
1171;Generación medida Residuos varios;;;25.08;2024-04-10T09:00:00+02:00
1171;Generación medida Residuos varios;;;23.682;2024-04-10T10:00:00+02:00
1171;Generación medida Residuos varios;;;11.865;2024-04-10T11:00:00+02:00
1171;Generación medida Residuos varios;;;9.61;2024-04-10T12:00:00+02:00
1171;Generación medida Residuos varios;;;9.16;2024-04-10T13:00:00+02:00
1171;Generación medida Residuos varios;;;9.331;2024-04-10T14:00:00+02:00
1171;Generación medida Residuos varios;;;9.906;2024-04-10T15:00:00+02:00
1171;Generación medida Residuos varios;;;9.19;2024-04-10T16:00:00+02:00
1171;Generación medida Residuos varios;;;9.863;2024-04-10T17:00:00+02:00
1171;Generación medida Residuos varios;;;10.035;2024-04-10T18:00:00+02:00
1171;Generación medida Residuos varios;;;9.76;2024-04-10T19:00:00+02:00
1171;Generación medida Residuos varios;;;11.02;2024-04-10T20:00:00+02:00
1171;Generación medida Residuos varios;;;23.903;2024-04-10T21:00:00+02:00
1171;Generación medida Residuos varios;;;25.479;2024-04-10T22:00:00+02:00
1171;Generación medida Residuos varios;;;25.254;2024-04-10T23:00:00+02:00
1171;Generación medida Residuos varios;;;25.153;2024-04-11T00:00:00+02:00
1171;Generación medida Residuos varios;;;25.553;2024-04-11T01:00:00+02:00
1171;Generación medida Residuos varios;;;25.244;2024-04-11T02:00:00+02:00
1171;Generación medida Residuos varios;;;25.638;2024-04-11T03:00:00+02:00
1171;Generación medida Residuos varios;;;24.968;2024-04-11T04:00:00+02:00
1171;Generación medida Residuos varios;;;25.144;2024-04-11T05:00:00+02:00
1171;Generación medida Residuos varios;;;24.161;2024-04-11T06:00:00+02:00
1171;Generación medida Residuos varios;;;25.105;2024-04-11T07:00:00+02:00
1171;Generación medida Residuos varios;;;25.079;2024-04-11T08:00:00+02:00
1171;Generación medida Residuos varios;;;24.776;2024-04-11T09:00:00+02:00
1171;Generación medida Residuos varios;;;24.949;2024-04-11T10:00:00+02:00
1171;Generación medida Residuos varios;;;25.765;2024-04-11T11:00:00+02:00
1171;Generación medida Residuos varios;;;25.654;2024-04-11T12:00:00+02:00
1171;Generación medida Residuos varios;;;25.282;2024-04-11T13:00:00+02:00
1171;Generación medida Residuos varios;;;25.454;2024-04-11T14:00:00+02:00
1171;Generación medida Residuos varios;;;25.242;2024-04-11T15:00:00+02:00
1171;Generación medida Residuos varios;;;25.698;2024-04-11T16:00:00+02:00
1171;Generación medida Residuos varios;;;25.206;2024-04-11T17:00:00+02:00
1171;Generación medida Residuos varios;;;25.991;2024-04-11T18:00:00+02:00
1171;Generación medida Residuos varios;;;25.269;2024-04-11T19:00:00+02:00
1171;Generación medida Residuos varios;;;24.705;2024-04-11T20:00:00+02:00
1171;Generación medida Residuos varios;;;25.266;2024-04-11T21:00:00+02:00
1171;Generación medida Residuos varios;;;24.97;2024-04-11T22:00:00+02:00
1171;Generación medida Residuos varios;;;24.435;2024-04-11T23:00:00+02:00
1171;Generación medida Residuos varios;;;25.121;2024-04-12T00:00:00+02:00
1171;Generación medida Residuos varios;;;25.145;2024-04-12T01:00:00+02:00
1171;Generación medida Residuos varios;;;24.551;2024-04-12T02:00:00+02:00
1171;Generación medida Residuos varios;;;24.275;2024-04-12T03:00:00+02:00
1171;Generación medida Residuos varios;;;25.237;2024-04-12T04:00:00+02:00
1171;Generación medida Residuos varios;;;24.866;2024-04-12T05:00:00+02:00
1171;Generación medida Residuos varios;;;23.752;2024-04-12T06:00:00+02:00
1171;Generación medida Residuos varios;;;23.254;2024-04-12T07:00:00+02:00
1171;Generación medida Residuos varios;;;24.173;2024-04-12T08:00:00+02:00
1171;Generación medida Residuos varios;;;24.105;2024-04-12T09:00:00+02:00
1171;Generación medida Residuos varios;;;23.845;2024-04-12T10:00:00+02:00
1171;Generación medida Residuos varios;;;23.917;2024-04-12T11:00:00+02:00
1171;Generación medida Residuos varios;;;24.014;2024-04-12T12:00:00+02:00
1171;Generación medida Residuos varios;;;23.865;2024-04-12T13:00:00+02:00
1171;Generación medida Residuos varios;;;23.796;2024-04-12T14:00:00+02:00
1171;Generación medida Residuos varios;;;24.722;2024-04-12T15:00:00+02:00
1171;Generación medida Residuos varios;;;24.648;2024-04-12T16:00:00+02:00
1171;Generación medida Residuos varios;;;23.064;2024-04-12T17:00:00+02:00
1171;Generación medida Residuos varios;;;23.865;2024-04-12T18:00:00+02:00
1171;Generación medida Residuos varios;;;25.001;2024-04-12T19:00:00+02:00
1171;Generación medida Residuos varios;;;24.205;2024-04-12T20:00:00+02:00
1171;Generación medida Residuos varios;;;24.16;2024-04-12T21:00:00+02:00
1171;Generación medida Residuos varios;;;23.775;2024-04-12T22:00:00+02:00
1171;Generación medida Residuos varios;;;23.907;2024-04-12T23:00:00+02:00
1171;Generación medida Residuos varios;;;24.236;2024-04-13T00:00:00+02:00
1171;Generación medida Residuos varios;;;23.682;2024-04-13T01:00:00+02:00
1171;Generación medida Residuos varios;;;24.483;2024-04-13T02:00:00+02:00
1171;Generación medida Residuos varios;;;24.062;2024-04-13T03:00:00+02:00
1171;Generación medida Residuos varios;;;23.838;2024-04-13T04:00:00+02:00
1171;Generación medida Residuos varios;;;24.295;2024-04-13T05:00:00+02:00
1171;Generación medida Residuos varios;;;23.379;2024-04-13T06:00:00+02:00
1171;Generación medida Residuos varios;;;23.607;2024-04-13T07:00:00+02:00
1171;Generación medida Residuos varios;;;24.172;2024-04-13T08:00:00+02:00
1171;Generación medida Residuos varios;;;24.768;2024-04-13T09:00:00+02:00
1171;Generación medida Residuos varios;;;22.491;2024-04-13T10:00:00+02:00
1171;Generación medida Residuos varios;;;20.518;2024-04-13T11:00:00+02:00
1171;Generación medida Residuos varios;;;20.191;2024-04-13T12:00:00+02:00
1171;Generación medida Residuos varios;;;20.088;2024-04-13T13:00:00+02:00
1171;Generación medida Residuos varios;;;19.432;2024-04-13T14:00:00+02:00
1171;Generación medida Residuos varios;;;22.186;2024-04-13T15:00:00+02:00
1171;Generación medida Residuos varios;;;22.778;2024-04-13T16:00:00+02:00
1171;Generación medida Residuos varios;;;23.701;2024-04-13T17:00:00+02:00
1171;Generación medida Residuos varios;;;23.476;2024-04-13T18:00:00+02:00
1171;Generación medida Residuos varios;;;23.259;2024-04-13T19:00:00+02:00
1171;Generación medida Residuos varios;;;24.644;2024-04-13T20:00:00+02:00
1171;Generación medida Residuos varios;;;25.045;2024-04-13T21:00:00+02:00
1171;Generación medida Residuos varios;;;23.97;2024-04-13T22:00:00+02:00
1171;Generación medida Residuos varios;;;24.521;2024-04-13T23:00:00+02:00
1171;Generación medida Residuos varios;;;25.171;2024-04-14T00:00:00+02:00
1171;Generación medida Residuos varios;;;25.048;2024-04-14T01:00:00+02:00
1171;Generación medida Residuos varios;;;24.623;2024-04-14T02:00:00+02:00
1171;Generación medida Residuos varios;;;24.711;2024-04-14T03:00:00+02:00
1171;Generación medida Residuos varios;;;23.547;2024-04-14T04:00:00+02:00
1171;Generación medida Residuos varios;;;23.961;2024-04-14T05:00:00+02:00
1171;Generación medida Residuos varios;;;24.038;2024-04-14T06:00:00+02:00
1171;Generación medida Residuos varios;;;24.566;2024-04-14T07:00:00+02:00
1171;Generación medida Residuos varios;;;24.459;2024-04-14T08:00:00+02:00
1171;Generación medida Residuos varios;;;24.424;2024-04-14T09:00:00+02:00
1171;Generación medida Residuos varios;;;23.9;2024-04-14T10:00:00+02:00
1171;Generación medida Residuos varios;;;23.781;2024-04-14T11:00:00+02:00
1171;Generación medida Residuos varios;;;23.219;2024-04-14T12:00:00+02:00
1171;Generación medida Residuos varios;;;23.599;2024-04-14T13:00:00+02:00
1171;Generación medida Residuos varios;;;22.947;2024-04-14T14:00:00+02:00
1171;Generación medida Residuos varios;;;23.66;2024-04-14T15:00:00+02:00
1171;Generación medida Residuos varios;;;24.416;2024-04-14T16:00:00+02:00
1171;Generación medida Residuos varios;;;24.906;2024-04-14T17:00:00+02:00
1171;Generación medida Residuos varios;;;23.55;2024-04-14T18:00:00+02:00
1171;Generación medida Residuos varios;;;23.404;2024-04-14T19:00:00+02:00
1171;Generación medida Residuos varios;;;23.622;2024-04-14T20:00:00+02:00
1171;Generación medida Residuos varios;;;23.88;2024-04-14T21:00:00+02:00
1171;Generación medida Residuos varios;;;22.993;2024-04-14T22:00:00+02:00
1171;Generación medida Residuos varios;;;22.891;2024-04-14T23:00:00+02:00
1171;Generación medida Residuos varios;;;25.053;2024-04-15T00:00:00+02:00
1171;Generación medida Residuos varios;;;23.774;2024-04-15T01:00:00+02:00
1171;Generación medida Residuos varios;;;23.412;2024-04-15T02:00:00+02:00
1171;Generación medida Residuos varios;;;24.705;2024-04-15T03:00:00+02:00
1171;Generación medida Residuos varios;;;23.59;2024-04-15T04:00:00+02:00
1171;Generación medida Residuos varios;;;23.876;2024-04-15T05:00:00+02:00
1171;Generación medida Residuos varios;;;23.766;2024-04-15T06:00:00+02:00
1171;Generación medida Residuos varios;;;23.215;2024-04-15T07:00:00+02:00
1171;Generación medida Residuos varios;;;23.925;2024-04-15T08:00:00+02:00
1171;Generación medida Residuos varios;;;24.013;2024-04-15T09:00:00+02:00
1171;Generación medida Residuos varios;;;23.453;2024-04-15T10:00:00+02:00
1171;Generación medida Residuos varios;;;24.037;2024-04-15T11:00:00+02:00
1171;Generación medida Residuos varios;;;23.274;2024-04-15T12:00:00+02:00
1171;Generación medida Residuos varios;;;23.631;2024-04-15T13:00:00+02:00
1171;Generación medida Residuos varios;;;23.864;2024-04-15T14:00:00+02:00
1171;Generación medida Residuos varios;;;25.103;2024-04-15T15:00:00+02:00
1171;Generación medida Residuos varios;;;24.13;2024-04-15T16:00:00+02:00
1171;Generación medida Residuos varios;;;29.021;2024-04-15T17:00:00+02:00
1171;Generación medida Residuos varios;;;29.561;2024-04-15T18:00:00+02:00
1171;Generación medida Residuos varios;;;28.334;2024-04-15T19:00:00+02:00
1171;Generación medida Residuos varios;;;25.824;2024-04-15T20:00:00+02:00
1171;Generación medida Residuos varios;;;25.382;2024-04-15T21:00:00+02:00
1171;Generación medida Residuos varios;;;28.814;2024-04-15T22:00:00+02:00
1171;Generación medida Residuos varios;;;29.239;2024-04-15T23:00:00+02:00
1171;Generación medida Residuos varios;;;28.826;2024-04-16T00:00:00+02:00
1171;Generación medida Residuos varios;;;29.732;2024-04-16T01:00:00+02:00
1171;Generación medida Residuos varios;;;29.953;2024-04-16T02:00:00+02:00
1171;Generación medida Residuos varios;;;29.05;2024-04-16T03:00:00+02:00
1171;Generación medida Residuos varios;;;29.304;2024-04-16T04:00:00+02:00
1171;Generación medida Residuos varios;;;29.03;2024-04-16T05:00:00+02:00
1171;Generación medida Residuos varios;;;29.047;2024-04-16T06:00:00+02:00
1171;Generación medida Residuos varios;;;27.992;2024-04-16T07:00:00+02:00
1171;Generación medida Residuos varios;;;27.841;2024-04-16T08:00:00+02:00
1171;Generación medida Residuos varios;;;26.153;2024-04-16T09:00:00+02:00
1171;Generación medida Residuos varios;;;21.704;2024-04-16T10:00:00+02:00
1171;Generación medida Residuos varios;;;21.798;2024-04-16T11:00:00+02:00
1171;Generación medida Residuos varios;;;20.82;2024-04-16T12:00:00+02:00
1171;Generación medida Residuos varios;;;25.562;2024-04-16T13:00:00+02:00
1171;Generación medida Residuos varios;;;28.959;2024-04-16T14:00:00+02:00
1171;Generación medida Residuos varios;;;25.944;2024-04-16T15:00:00+02:00
1171;Generación medida Residuos varios;;;27.111;2024-04-16T16:00:00+02:00
1171;Generación medida Residuos varios;;;29.624;2024-04-16T17:00:00+02:00
1171;Generación medida Residuos varios;;;30.177;2024-04-16T18:00:00+02:00
1171;Generación medida Residuos varios;;;29.614;2024-04-16T19:00:00+02:00
1171;Generación medida Residuos varios;;;29.16;2024-04-16T20:00:00+02:00
1171;Generación medida Residuos varios;;;28.886;2024-04-16T21:00:00+02:00
1171;Generación medida Residuos varios;;;28.064;2024-04-16T22:00:00+02:00
1171;Generación medida Residuos varios;;;28.09;2024-04-16T23:00:00+02:00
1171;Generación medida Residuos varios;;;27.68;2024-04-17T00:00:00+02:00
1171;Generación medida Residuos varios;;;27.928;2024-04-17T01:00:00+02:00
1171;Generación medida Residuos varios;;;28.52;2024-04-17T02:00:00+02:00
1171;Generación medida Residuos varios;;;29.35;2024-04-17T03:00:00+02:00
1171;Generación medida Residuos varios;;;30.19;2024-04-17T04:00:00+02:00
1171;Generación medida Residuos varios;;;29.293;2024-04-17T05:00:00+02:00
1171;Generación medida Residuos varios;;;30.125;2024-04-17T06:00:00+02:00
1171;Generación medida Residuos varios;;;29.29;2024-04-17T07:00:00+02:00
1171;Generación medida Residuos varios;;;27.285;2024-04-17T08:00:00+02:00
1171;Generación medida Residuos varios;;;27.236;2024-04-17T09:00:00+02:00
1171;Generación medida Residuos varios;;;23.26;2024-04-17T10:00:00+02:00
1171;Generación medida Residuos varios;;;14.326;2024-04-17T11:00:00+02:00
1171;Generación medida Residuos varios;;;14.423;2024-04-17T12:00:00+02:00
1171;Generación medida Residuos varios;;;14.999;2024-04-17T13:00:00+02:00
1171;Generación medida Residuos varios;;;14.803;2024-04-17T14:00:00+02:00
1171;Generación medida Residuos varios;;;14.558;2024-04-17T15:00:00+02:00
1171;Generación medida Residuos varios;;;14.749;2024-04-17T16:00:00+02:00
1171;Generación medida Residuos varios;;;15.237;2024-04-17T17:00:00+02:00
1171;Generación medida Residuos varios;;;20.856;2024-04-17T18:00:00+02:00
1171;Generación medida Residuos varios;;;28.97;2024-04-17T19:00:00+02:00
1171;Generación medida Residuos varios;;;29.837;2024-04-17T20:00:00+02:00
1171;Generación medida Residuos varios;;;29.214;2024-04-17T21:00:00+02:00
1171;Generación medida Residuos varios;;;29.109;2024-04-17T22:00:00+02:00
1171;Generación medida Residuos varios;;;29.338;2024-04-17T23:00:00+02:00
1171;Generación medida Residuos varios;;;29.693;2024-04-18T00:00:00+02:00
1171;Generación medida Residuos varios;;;30.028;2024-04-18T01:00:00+02:00
1171;Generación medida Residuos varios;;;27.605;2024-04-18T02:00:00+02:00
1171;Generación medida Residuos varios;;;29.331;2024-04-18T03:00:00+02:00
1171;Generación medida Residuos varios;;;28.924;2024-04-18T04:00:00+02:00
1171;Generación medida Residuos varios;;;31.926;2024-04-18T05:00:00+02:00
1171;Generación medida Residuos varios;;;31.97;2024-04-18T06:00:00+02:00
1171;Generación medida Residuos varios;;;32.407;2024-04-18T07:00:00+02:00
1171;Generación medida Residuos varios;;;32.174;2024-04-18T08:00:00+02:00
1171;Generación medida Residuos varios;;;32.539;2024-04-18T09:00:00+02:00
1171;Generación medida Residuos varios;;;32.243;2024-04-18T10:00:00+02:00
1171;Generación medida Residuos varios;;;29.224;2024-04-18T11:00:00+02:00
1171;Generación medida Residuos varios;;;29.718;2024-04-18T12:00:00+02:00
1171;Generación medida Residuos varios;;;31.538;2024-04-18T13:00:00+02:00
1171;Generación medida Residuos varios;;;31.502;2024-04-18T14:00:00+02:00
1171;Generación medida Residuos varios;;;31.268;2024-04-18T15:00:00+02:00
1171;Generación medida Residuos varios;;;31.432;2024-04-18T16:00:00+02:00
1171;Generación medida Residuos varios;;;32.252;2024-04-18T17:00:00+02:00
1171;Generación medida Residuos varios;;;32.4;2024-04-18T18:00:00+02:00
1171;Generación medida Residuos varios;;;31.32;2024-04-18T19:00:00+02:00
1171;Generación medida Residuos varios;;;28.432;2024-04-18T20:00:00+02:00
1171;Generación medida Residuos varios;;;27.861;2024-04-18T21:00:00+02:00
1171;Generación medida Residuos varios;;;28.984;2024-04-18T22:00:00+02:00
1171;Generación medida Residuos varios;;;31.767;2024-04-18T23:00:00+02:00
1171;Generación medida Residuos varios;;;31.225;2024-04-19T00:00:00+02:00
1171;Generación medida Residuos varios;;;31.459;2024-04-19T01:00:00+02:00
1171;Generación medida Residuos varios;;;31.536;2024-04-19T02:00:00+02:00
1171;Generación medida Residuos varios;;;31.336;2024-04-19T03:00:00+02:00
1171;Generación medida Residuos varios;;;31.677;2024-04-19T04:00:00+02:00
1171;Generación medida Residuos varios;;;32.314;2024-04-19T05:00:00+02:00
1171;Generación medida Residuos varios;;;31.12;2024-04-19T06:00:00+02:00
1171;Generación medida Residuos varios;;;31.878;2024-04-19T07:00:00+02:00
1171;Generación medida Residuos varios;;;32.169;2024-04-19T08:00:00+02:00
1171;Generación medida Residuos varios;;;32.322;2024-04-19T09:00:00+02:00
1171;Generación medida Residuos varios;;;32.041;2024-04-19T10:00:00+02:00
1171;Generación medida Residuos varios;;;30.997;2024-04-19T11:00:00+02:00
1171;Generación medida Residuos varios;;;32.172;2024-04-19T12:00:00+02:00
1171;Generación medida Residuos varios;;;32.947;2024-04-19T13:00:00+02:00
1171;Generación medida Residuos varios;;;33.177;2024-04-19T14:00:00+02:00
1171;Generación medida Residuos varios;;;31.479;2024-04-19T15:00:00+02:00
1171;Generación medida Residuos varios;;;30.707;2024-04-19T16:00:00+02:00
1171;Generación medida Residuos varios;;;31.21;2024-04-19T17:00:00+02:00
1171;Generación medida Residuos varios;;;32.446;2024-04-19T18:00:00+02:00
1171;Generación medida Residuos varios;;;33.246;2024-04-19T19:00:00+02:00
1171;Generación medida Residuos varios;;;33.103;2024-04-19T20:00:00+02:00
1171;Generación medida Residuos varios;;;32.582;2024-04-19T21:00:00+02:00
1171;Generación medida Residuos varios;;;32.472;2024-04-19T22:00:00+02:00
1171;Generación medida Residuos varios;;;32.749;2024-04-19T23:00:00+02:00
1171;Generación medida Residuos varios;;;32.296;2024-04-20T00:00:00+02:00
1171;Generación medida Residuos varios;;;32.426;2024-04-20T01:00:00+02:00
1171;Generación medida Residuos varios;;;31.816;2024-04-20T02:00:00+02:00
1171;Generación medida Residuos varios;;;31.623;2024-04-20T03:00:00+02:00
1171;Generación medida Residuos varios;;;32.052;2024-04-20T04:00:00+02:00
1171;Generación medida Residuos varios;;;32.597;2024-04-20T05:00:00+02:00
1171;Generación medida Residuos varios;;;32.322;2024-04-20T06:00:00+02:00
1171;Generación medida Residuos varios;;;33.207;2024-04-20T07:00:00+02:00
1171;Generación medida Residuos varios;;;30.809;2024-04-20T08:00:00+02:00
1171;Generación medida Residuos varios;;;28.943;2024-04-20T09:00:00+02:00
1171;Generación medida Residuos varios;;;31.132;2024-04-20T10:00:00+02:00
1171;Generación medida Residuos varios;;;32.05;2024-04-20T11:00:00+02:00
1171;Generación medida Residuos varios;;;31.956;2024-04-20T12:00:00+02:00
1171;Generación medida Residuos varios;;;31.825;2024-04-20T13:00:00+02:00
1171;Generación medida Residuos varios;;;31.638;2024-04-20T14:00:00+02:00
1171;Generación medida Residuos varios;;;31.709;2024-04-20T15:00:00+02:00
1171;Generación medida Residuos varios;;;31.963;2024-04-20T16:00:00+02:00
1171;Generación medida Residuos varios;;;32.404;2024-04-20T17:00:00+02:00
1171;Generación medida Residuos varios;;;31.997;2024-04-20T18:00:00+02:00
1171;Generación medida Residuos varios;;;32.256;2024-04-20T19:00:00+02:00
1171;Generación medida Residuos varios;;;31.582;2024-04-20T20:00:00+02:00
1171;Generación medida Residuos varios;;;32.527;2024-04-20T21:00:00+02:00
1171;Generación medida Residuos varios;;;30.69;2024-04-20T22:00:00+02:00
1171;Generación medida Residuos varios;;;31.474;2024-04-20T23:00:00+02:00
1171;Generación medida Residuos varios;;;31.619;2024-04-21T00:00:00+02:00
1171;Generación medida Residuos varios;;;32.233;2024-04-21T01:00:00+02:00
1171;Generación medida Residuos varios;;;29.197;2024-04-21T02:00:00+02:00
1171;Generación medida Residuos varios;;;31.901;2024-04-21T03:00:00+02:00
1171;Generación medida Residuos varios;;;34.341;2024-04-21T04:00:00+02:00
1171;Generación medida Residuos varios;;;33.033;2024-04-21T05:00:00+02:00
1171;Generación medida Residuos varios;;;32.899;2024-04-21T06:00:00+02:00
1171;Generación medida Residuos varios;;;33.989;2024-04-21T07:00:00+02:00
1171;Generación medida Residuos varios;;;35.914;2024-04-21T08:00:00+02:00
1171;Generación medida Residuos varios;;;25.115;2024-04-21T09:00:00+02:00
1171;Generación medida Residuos varios;;;24.213;2024-04-21T10:00:00+02:00
1171;Generación medida Residuos varios;;;24.081;2024-04-21T11:00:00+02:00
1171;Generación medida Residuos varios;;;24.537;2024-04-21T12:00:00+02:00
1171;Generación medida Residuos varios;;;24.17;2024-04-21T13:00:00+02:00
1171;Generación medida Residuos varios;;;23.993;2024-04-21T14:00:00+02:00
1171;Generación medida Residuos varios;;;23.184;2024-04-21T15:00:00+02:00
1171;Generación medida Residuos varios;;;23.273;2024-04-21T16:00:00+02:00
1171;Generación medida Residuos varios;;;23.355;2024-04-21T17:00:00+02:00
1171;Generación medida Residuos varios;;;23.615;2024-04-21T18:00:00+02:00
1171;Generación medida Residuos varios;;;28.984;2024-04-21T19:00:00+02:00
1171;Generación medida Residuos varios;;;29.787;2024-04-21T20:00:00+02:00
1171;Generación medida Residuos varios;;;29.006;2024-04-21T21:00:00+02:00
1171;Generación medida Residuos varios;;;30.044;2024-04-21T22:00:00+02:00
1171;Generación medida Residuos varios;;;30.798;2024-04-21T23:00:00+02:00
1171;Generación medida Residuos varios;;;30.585;2024-04-22T00:00:00+02:00
1171;Generación medida Residuos varios;;;30.04;2024-04-22T01:00:00+02:00
1171;Generación medida Residuos varios;;;29.646;2024-04-22T02:00:00+02:00
1171;Generación medida Residuos varios;;;29.863;2024-04-22T03:00:00+02:00
1171;Generación medida Residuos varios;;;29.699;2024-04-22T04:00:00+02:00
1171;Generación medida Residuos varios;;;29.406;2024-04-22T05:00:00+02:00
1171;Generación medida Residuos varios;;;28.788;2024-04-22T06:00:00+02:00
1171;Generación medida Residuos varios;;;30.506;2024-04-22T07:00:00+02:00
1171;Generación medida Residuos varios;;;30.921;2024-04-22T08:00:00+02:00
1171;Generación medida Residuos varios;;;30.312;2024-04-22T09:00:00+02:00
1171;Generación medida Residuos varios;;;24.54;2024-04-22T10:00:00+02:00
1171;Generación medida Residuos varios;;;23.585;2024-04-22T11:00:00+02:00
1171;Generación medida Residuos varios;;;24.007;2024-04-22T12:00:00+02:00
1171;Generación medida Residuos varios;;;23.349;2024-04-22T13:00:00+02:00
1171;Generación medida Residuos varios;;;24.483;2024-04-22T14:00:00+02:00
1171;Generación medida Residuos varios;;;22.077;2024-04-22T15:00:00+02:00
1171;Generación medida Residuos varios;;;21.513;2024-04-22T16:00:00+02:00
1171;Generación medida Residuos varios;;;24.256;2024-04-22T17:00:00+02:00
1171;Generación medida Residuos varios;;;25.92;2024-04-22T18:00:00+02:00
1171;Generación medida Residuos varios;;;30.903;2024-04-22T19:00:00+02:00
1171;Generación medida Residuos varios;;;30.28;2024-04-22T20:00:00+02:00
1171;Generación medida Residuos varios;;;30.291;2024-04-22T21:00:00+02:00
1171;Generación medida Residuos varios;;;30.637;2024-04-22T22:00:00+02:00
1171;Generación medida Residuos varios;;;30.413;2024-04-22T23:00:00+02:00
1171;Generación medida Residuos varios;;;26.99;2024-04-23T00:00:00+02:00
1171;Generación medida Residuos varios;;;28.453;2024-04-23T01:00:00+02:00
1171;Generación medida Residuos varios;;;26.003;2024-04-23T02:00:00+02:00
1171;Generación medida Residuos varios;;;27.501;2024-04-23T03:00:00+02:00
1171;Generación medida Residuos varios;;;27.643;2024-04-23T04:00:00+02:00
1171;Generación medida Residuos varios;;;30.312;2024-04-23T05:00:00+02:00
1171;Generación medida Residuos varios;;;29.194;2024-04-23T06:00:00+02:00
1171;Generación medida Residuos varios;;;29.119;2024-04-23T07:00:00+02:00
1171;Generación medida Residuos varios;;;28.477;2024-04-23T08:00:00+02:00
1171;Generación medida Residuos varios;;;27.004;2024-04-23T09:00:00+02:00
1171;Generación medida Residuos varios;;;27.308;2024-04-23T10:00:00+02:00
1171;Generación medida Residuos varios;;;27.373;2024-04-23T11:00:00+02:00
1171;Generación medida Residuos varios;;;26.619;2024-04-23T12:00:00+02:00
1171;Generación medida Residuos varios;;;26.546;2024-04-23T13:00:00+02:00
1171;Generación medida Residuos varios;;;27.5;2024-04-23T14:00:00+02:00
1171;Generación medida Residuos varios;;;27.191;2024-04-23T15:00:00+02:00
1171;Generación medida Residuos varios;;;27.126;2024-04-23T16:00:00+02:00
1171;Generación medida Residuos varios;;;25.403;2024-04-23T17:00:00+02:00
1171;Generación medida Residuos varios;;;26.27;2024-04-23T18:00:00+02:00
1171;Generación medida Residuos varios;;;25.651;2024-04-23T19:00:00+02:00
1171;Generación medida Residuos varios;;;25.839;2024-04-23T20:00:00+02:00
1171;Generación medida Residuos varios;;;26.455;2024-04-23T21:00:00+02:00
1171;Generación medida Residuos varios;;;28.621;2024-04-23T22:00:00+02:00
1171;Generación medida Residuos varios;;;28.078;2024-04-23T23:00:00+02:00
1171;Generación medida Residuos varios;;;32.309;2024-04-24T00:00:00+02:00
1171;Generación medida Residuos varios;;;33.125;2024-04-24T01:00:00+02:00
1171;Generación medida Residuos varios;;;29.422;2024-04-24T02:00:00+02:00
1171;Generación medida Residuos varios;;;28.15;2024-04-24T03:00:00+02:00
1171;Generación medida Residuos varios;;;31.049;2024-04-24T04:00:00+02:00
1171;Generación medida Residuos varios;;;32.829;2024-04-24T05:00:00+02:00
1171;Generación medida Residuos varios;;;31.32;2024-04-24T06:00:00+02:00
1171;Generación medida Residuos varios;;;29.215;2024-04-24T07:00:00+02:00
1171;Generación medida Residuos varios;;;16.919;2024-04-24T08:00:00+02:00
1171;Generación medida Residuos varios;;;18.661;2024-04-24T09:00:00+02:00
1171;Generación medida Residuos varios;;;20.571;2024-04-24T10:00:00+02:00
1171;Generación medida Residuos varios;;;19.788;2024-04-24T11:00:00+02:00
1171;Generación medida Residuos varios;;;19.014;2024-04-24T12:00:00+02:00
1171;Generación medida Residuos varios;;;16.6;2024-04-24T13:00:00+02:00
1171;Generación medida Residuos varios;;;15.805;2024-04-24T14:00:00+02:00
1171;Generación medida Residuos varios;;;13.663;2024-04-24T15:00:00+02:00
1171;Generación medida Residuos varios;;;17.183;2024-04-24T16:00:00+02:00
1171;Generación medida Residuos varios;;;19.085;2024-04-24T17:00:00+02:00
1171;Generación medida Residuos varios;;;19.124;2024-04-24T18:00:00+02:00
1171;Generación medida Residuos varios;;;20.581;2024-04-24T19:00:00+02:00
1171;Generación medida Residuos varios;;;20.189;2024-04-24T20:00:00+02:00
1171;Generación medida Residuos varios;;;19.091;2024-04-24T21:00:00+02:00
1171;Generación medida Residuos varios;;;20.735;2024-04-24T22:00:00+02:00
1171;Generación medida Residuos varios;;;23.457;2024-04-24T23:00:00+02:00
1171;Generación medida Residuos varios;;;34.79;2024-04-25T00:00:00+02:00
1171;Generación medida Residuos varios;;;33.415;2024-04-25T01:00:00+02:00
1171;Generación medida Residuos varios;;;32.948;2024-04-25T02:00:00+02:00
1171;Generación medida Residuos varios;;;34.51;2024-04-25T03:00:00+02:00
1171;Generación medida Residuos varios;;;35.462;2024-04-25T04:00:00+02:00
1171;Generación medida Residuos varios;;;35.936;2024-04-25T05:00:00+02:00
1171;Generación medida Residuos varios;;;34.861;2024-04-25T06:00:00+02:00
1171;Generación medida Residuos varios;;;33.688;2024-04-25T07:00:00+02:00
1171;Generación medida Residuos varios;;;36.393;2024-04-25T08:00:00+02:00
1171;Generación medida Residuos varios;;;37.006;2024-04-25T09:00:00+02:00
1171;Generación medida Residuos varios;;;34.344;2024-04-25T10:00:00+02:00
1171;Generación medida Residuos varios;;;30.78;2024-04-25T11:00:00+02:00
1171;Generación medida Residuos varios;;;30.066;2024-04-25T12:00:00+02:00
1171;Generación medida Residuos varios;;;30.386;2024-04-25T13:00:00+02:00
1171;Generación medida Residuos varios;;;35.326;2024-04-25T14:00:00+02:00
1171;Generación medida Residuos varios;;;35.145;2024-04-25T15:00:00+02:00
1171;Generación medida Residuos varios;;;33.547;2024-04-25T16:00:00+02:00
1171;Generación medida Residuos varios;;;34.785;2024-04-25T17:00:00+02:00
1171;Generación medida Residuos varios;;;36.283;2024-04-25T18:00:00+02:00
1171;Generación medida Residuos varios;;;37.74;2024-04-25T19:00:00+02:00
1171;Generación medida Residuos varios;;;38.843;2024-04-25T20:00:00+02:00
1171;Generación medida Residuos varios;;;39.108;2024-04-25T21:00:00+02:00
1171;Generación medida Residuos varios;;;38.414;2024-04-25T22:00:00+02:00
1171;Generación medida Residuos varios;;;41.357;2024-04-25T23:00:00+02:00
1171;Generación medida Residuos varios;;;37.84;2024-04-26T00:00:00+02:00
1171;Generación medida Residuos varios;;;35.974;2024-04-26T01:00:00+02:00
1171;Generación medida Residuos varios;;;38.678;2024-04-26T02:00:00+02:00
1171;Generación medida Residuos varios;;;41.221;2024-04-26T03:00:00+02:00
1171;Generación medida Residuos varios;;;41.233;2024-04-26T04:00:00+02:00
1171;Generación medida Residuos varios;;;42.585;2024-04-26T05:00:00+02:00
1171;Generación medida Residuos varios;;;40.024;2024-04-26T06:00:00+02:00
1171;Generación medida Residuos varios;;;41.39;2024-04-26T07:00:00+02:00
1171;Generación medida Residuos varios;;;37.274;2024-04-26T08:00:00+02:00
1171;Generación medida Residuos varios;;;34.627;2024-04-26T09:00:00+02:00
1171;Generación medida Residuos varios;;;36.861;2024-04-26T10:00:00+02:00
1171;Generación medida Residuos varios;;;35.187;2024-04-26T11:00:00+02:00
1171;Generación medida Residuos varios;;;36.415;2024-04-26T12:00:00+02:00
1171;Generación medida Residuos varios;;;37.891;2024-04-26T13:00:00+02:00
1171;Generación medida Residuos varios;;;34.459;2024-04-26T14:00:00+02:00
1171;Generación medida Residuos varios;;;34.475;2024-04-26T15:00:00+02:00
1171;Generación medida Residuos varios;;;35.474;2024-04-26T16:00:00+02:00
1171;Generación medida Residuos varios;;;36.525;2024-04-26T17:00:00+02:00
1171;Generación medida Residuos varios;;;38.679;2024-04-26T18:00:00+02:00
1171;Generación medida Residuos varios;;;39.932;2024-04-26T19:00:00+02:00
1171;Generación medida Residuos varios;;;39.4;2024-04-26T20:00:00+02:00
1171;Generación medida Residuos varios;;;40.093;2024-04-26T21:00:00+02:00
1171;Generación medida Residuos varios;;;40.666;2024-04-26T22:00:00+02:00
1171;Generación medida Residuos varios;;;40.978;2024-04-26T23:00:00+02:00
1171;Generación medida Residuos varios;;;42.712;2024-04-27T00:00:00+02:00
1171;Generación medida Residuos varios;;;39.709;2024-04-27T01:00:00+02:00
1171;Generación medida Residuos varios;;;38.342;2024-04-27T02:00:00+02:00
1171;Generación medida Residuos varios;;;36.514;2024-04-27T03:00:00+02:00
1171;Generación medida Residuos varios;;;36.88;2024-04-27T04:00:00+02:00
1171;Generación medida Residuos varios;;;38.433;2024-04-27T05:00:00+02:00
1171;Generación medida Residuos varios;;;37.828;2024-04-27T06:00:00+02:00
1171;Generación medida Residuos varios;;;37.153;2024-04-27T07:00:00+02:00
1171;Generación medida Residuos varios;;;37.974;2024-04-27T08:00:00+02:00
1171;Generación medida Residuos varios;;;34.665;2024-04-27T09:00:00+02:00
1171;Generación medida Residuos varios;;;35.853;2024-04-27T10:00:00+02:00
1171;Generación medida Residuos varios;;;35.784;2024-04-27T11:00:00+02:00
1171;Generación medida Residuos varios;;;36.424;2024-04-27T12:00:00+02:00
1171;Generación medida Residuos varios;;;36.543;2024-04-27T13:00:00+02:00
1171;Generación medida Residuos varios;;;35.079;2024-04-27T14:00:00+02:00
1171;Generación medida Residuos varios;;;35.465;2024-04-27T15:00:00+02:00
1171;Generación medida Residuos varios;;;34.822;2024-04-27T16:00:00+02:00
1171;Generación medida Residuos varios;;;35.256;2024-04-27T17:00:00+02:00
1171;Generación medida Residuos varios;;;36.374;2024-04-27T18:00:00+02:00
1171;Generación medida Residuos varios;;;36.18;2024-04-27T19:00:00+02:00
1171;Generación medida Residuos varios;;;37.06;2024-04-27T20:00:00+02:00
1171;Generación medida Residuos varios;;;36.468;2024-04-27T21:00:00+02:00
1171;Generación medida Residuos varios;;;36.304;2024-04-27T22:00:00+02:00
1171;Generación medida Residuos varios;;;35.805;2024-04-27T23:00:00+02:00
1171;Generación medida Residuos varios;;;39.056;2024-04-28T00:00:00+02:00
1171;Generación medida Residuos varios;;;39.921;2024-04-28T01:00:00+02:00
1171;Generación medida Residuos varios;;;38.667;2024-04-28T02:00:00+02:00
1171;Generación medida Residuos varios;;;39.354;2024-04-28T03:00:00+02:00
1171;Generación medida Residuos varios;;;41.176;2024-04-28T04:00:00+02:00
1171;Generación medida Residuos varios;;;43.269;2024-04-28T05:00:00+02:00
1171;Generación medida Residuos varios;;;40.848;2024-04-28T06:00:00+02:00
1171;Generación medida Residuos varios;;;41.734;2024-04-28T07:00:00+02:00
1171;Generación medida Residuos varios;;;41.6;2024-04-28T08:00:00+02:00
1171;Generación medida Residuos varios;;;36.974;2024-04-28T09:00:00+02:00
1171;Generación medida Residuos varios;;;36.157;2024-04-28T10:00:00+02:00
1171;Generación medida Residuos varios;;;37.781;2024-04-28T11:00:00+02:00
1171;Generación medida Residuos varios;;;37.887;2024-04-28T12:00:00+02:00
1171;Generación medida Residuos varios;;;37.664;2024-04-28T13:00:00+02:00
1171;Generación medida Residuos varios;;;38.111;2024-04-28T14:00:00+02:00
1171;Generación medida Residuos varios;;;36.602;2024-04-28T15:00:00+02:00
1171;Generación medida Residuos varios;;;35.683;2024-04-28T16:00:00+02:00
1171;Generación medida Residuos varios;;;36.686;2024-04-28T17:00:00+02:00
1171;Generación medida Residuos varios;;;39.343;2024-04-28T18:00:00+02:00
1171;Generación medida Residuos varios;;;40.357;2024-04-28T19:00:00+02:00
1171;Generación medida Residuos varios;;;40.778;2024-04-28T20:00:00+02:00
1171;Generación medida Residuos varios;;;42.025;2024-04-28T21:00:00+02:00
1171;Generación medida Residuos varios;;;41.169;2024-04-28T22:00:00+02:00
1171;Generación medida Residuos varios;;;41.119;2024-04-28T23:00:00+02:00
1171;Generación medida Residuos varios;;;39.707;2024-04-29T00:00:00+02:00
1171;Generación medida Residuos varios;;;41.056;2024-04-29T01:00:00+02:00
1171;Generación medida Residuos varios;;;39.836;2024-04-29T02:00:00+02:00
1171;Generación medida Residuos varios;;;41.179;2024-04-29T03:00:00+02:00
1171;Generación medida Residuos varios;;;44.855;2024-04-29T04:00:00+02:00
1171;Generación medida Residuos varios;;;45.023;2024-04-29T05:00:00+02:00
1171;Generación medida Residuos varios;;;43.724;2024-04-29T06:00:00+02:00
1171;Generación medida Residuos varios;;;40.064;2024-04-29T07:00:00+02:00
1171;Generación medida Residuos varios;;;37.998;2024-04-29T08:00:00+02:00
1171;Generación medida Residuos varios;;;39.095;2024-04-29T09:00:00+02:00
1171;Generación medida Residuos varios;;;41.251;2024-04-29T10:00:00+02:00
1171;Generación medida Residuos varios;;;42.16;2024-04-29T11:00:00+02:00
1171;Generación medida Residuos varios;;;41.898;2024-04-29T12:00:00+02:00
1171;Generación medida Residuos varios;;;39.208;2024-04-29T13:00:00+02:00
1171;Generación medida Residuos varios;;;38.531;2024-04-29T14:00:00+02:00
1171;Generación medida Residuos varios;;;39.717;2024-04-29T15:00:00+02:00
1171;Generación medida Residuos varios;;;37.84;2024-04-29T16:00:00+02:00
1171;Generación medida Residuos varios;;;38.274;2024-04-29T17:00:00+02:00
1171;Generación medida Residuos varios;;;36.094;2024-04-29T18:00:00+02:00
1171;Generación medida Residuos varios;;;34.717;2024-04-29T19:00:00+02:00
1171;Generación medida Residuos varios;;;34.152;2024-04-29T20:00:00+02:00
1171;Generación medida Residuos varios;;;34.739;2024-04-29T21:00:00+02:00
1171;Generación medida Residuos varios;;;37.206;2024-04-29T22:00:00+02:00
1171;Generación medida Residuos varios;;;38.362;2024-04-29T23:00:00+02:00
1171;Generación medida Residuos varios;;;39.172;2024-04-30T00:00:00+02:00
1171;Generación medida Residuos varios;;;38.58;2024-04-30T01:00:00+02:00
1171;Generación medida Residuos varios;;;35.067;2024-04-30T02:00:00+02:00
1171;Generación medida Residuos varios;;;36.677;2024-04-30T03:00:00+02:00
1171;Generación medida Residuos varios;;;39.038;2024-04-30T04:00:00+02:00
1171;Generación medida Residuos varios;;;40.419;2024-04-30T05:00:00+02:00
1171;Generación medida Residuos varios;;;39.583;2024-04-30T06:00:00+02:00
1171;Generación medida Residuos varios;;;38.77;2024-04-30T07:00:00+02:00
1171;Generación medida Residuos varios;;;40.871;2024-04-30T08:00:00+02:00
1171;Generación medida Residuos varios;;;39.308;2024-04-30T09:00:00+02:00
1171;Generación medida Residuos varios;;;37.148;2024-04-30T10:00:00+02:00
1171;Generación medida Residuos varios;;;37.908;2024-04-30T11:00:00+02:00
1171;Generación medida Residuos varios;;;33.91;2024-04-30T12:00:00+02:00
1171;Generación medida Residuos varios;;;34.506;2024-04-30T13:00:00+02:00
1171;Generación medida Residuos varios;;;36.475;2024-04-30T14:00:00+02:00
1171;Generación medida Residuos varios;;;34.164;2024-04-30T15:00:00+02:00
1171;Generación medida Residuos varios;;;35.494;2024-04-30T16:00:00+02:00
1171;Generación medida Residuos varios;;;35.5;2024-04-30T17:00:00+02:00
1171;Generación medida Residuos varios;;;39.986;2024-04-30T18:00:00+02:00
1171;Generación medida Residuos varios;;;37.904;2024-04-30T19:00:00+02:00
1171;Generación medida Residuos varios;;;37.921;2024-04-30T20:00:00+02:00
1171;Generación medida Residuos varios;;;36.866;2024-04-30T21:00:00+02:00
1171;Generación medida Residuos varios;;;38.228;2024-04-30T22:00:00+02:00
1171;Generación medida Residuos varios;;;38.768;2024-04-30T23:00:00+02:00
1161;Generación medida Solar fotovoltaica;;;0.147;2024-04-01T00:00:00+02:00
1161;Generación medida Solar fotovoltaica;;;0.154;2024-04-01T01:00:00+02:00
1161;Generación medida Solar fotovoltaica;;;0.156;2024-04-01T02:00:00+02:00
1161;Generación medida Solar fotovoltaica;;;0.157;2024-04-01T03:00:00+02:00
1161;Generación medida Solar fotovoltaica;;;0.144;2024-04-01T04:00:00+02:00
1161;Generación medida Solar fotovoltaica;;;0.25;2024-04-01T05:00:00+02:00
1161;Generación medida Solar fotovoltaica;;;0.611;2024-04-01T06:00:00+02:00
1161;Generación medida Solar fotovoltaica;;;9.373;2024-04-01T07:00:00+02:00
1161;Generación medida Solar fotovoltaica;;;1284.117;2024-04-01T08:00:00+02:00
1161;Generación medida Solar fotovoltaica;;;5695.693;2024-04-01T09:00:00+02:00
1161;Generación medida Solar fotovoltaica;;;9432.575;2024-04-01T10:00:00+02:00
1161;Generación medida Solar fotovoltaica;;;10533.161;2024-04-01T11:00:00+02:00
1161;Generación medida Solar fotovoltaica;;;11962.654;2024-04-01T12:00:00+02:00
1161;Generación medida Solar fotovoltaica;;;12453.166;2024-04-01T13:00:00+02:00
1161;Generación medida Solar fotovoltaica;;;12431.079;2024-04-01T14:00:00+02:00
1161;Generación medida Solar fotovoltaica;;;12054.111;2024-04-01T15:00:00+02:00
1161;Generación medida Solar fotovoltaica;;;11065.614;2024-04-01T16:00:00+02:00
1161;Generación medida Solar fotovoltaica;;;10209.625;2024-04-01T17:00:00+02:00
1161;Generación medida Solar fotovoltaica;;;8649.829;2024-04-01T18:00:00+02:00
1161;Generación medida Solar fotovoltaica;;;4373.36;2024-04-01T19:00:00+02:00
1161;Generación medida Solar fotovoltaica;;;458.262;2024-04-01T20:00:00+02:00
1161;Generación medida Solar fotovoltaica;;;1.951;2024-04-01T21:00:00+02:00
1161;Generación medida Solar fotovoltaica;;;1.134;2024-04-01T22:00:00+02:00
1161;Generación medida Solar fotovoltaica;;;0.194;2024-04-01T23:00:00+02:00
1161;Generación medida Solar fotovoltaica;;;0.161;2024-04-02T00:00:00+02:00
1161;Generación medida Solar fotovoltaica;;;0.163;2024-04-02T01:00:00+02:00
1161;Generación medida Solar fotovoltaica;;;0.155;2024-04-02T02:00:00+02:00
1161;Generación medida Solar fotovoltaica;;;0.137;2024-04-02T03:00:00+02:00
1161;Generación medida Solar fotovoltaica;;;0.138;2024-04-02T04:00:00+02:00
1161;Generación medida Solar fotovoltaica;;;0.173;2024-04-02T05:00:00+02:00
1161;Generación medida Solar fotovoltaica;;;0.579;2024-04-02T06:00:00+02:00
1161;Generación medida Solar fotovoltaica;;;13.687;2024-04-02T07:00:00+02:00
1161;Generación medida Solar fotovoltaica;;;1152.202;2024-04-02T08:00:00+02:00
1161;Generación medida Solar fotovoltaica;;;5316.803;2024-04-02T09:00:00+02:00
1161;Generación medida Solar fotovoltaica;;;9519.546;2024-04-02T10:00:00+02:00
1161;Generación medida Solar fotovoltaica;;;11147.713;2024-04-02T11:00:00+02:00
1161;Generación medida Solar fotovoltaica;;;12070.818;2024-04-02T12:00:00+02:00
1161;Generación medida Solar fotovoltaica;;;11545.599;2024-04-02T13:00:00+02:00
1161;Generación medida Solar fotovoltaica;;;11735.903;2024-04-02T14:00:00+02:00
1161;Generación medida Solar fotovoltaica;;;10389.057;2024-04-02T15:00:00+02:00
1161;Generación medida Solar fotovoltaica;;;9819.087;2024-04-02T16:00:00+02:00
1161;Generación medida Solar fotovoltaica;;;8624.02;2024-04-02T17:00:00+02:00
1161;Generación medida Solar fotovoltaica;;;5832.265;2024-04-02T18:00:00+02:00
1161;Generación medida Solar fotovoltaica;;;3040.388;2024-04-02T19:00:00+02:00
1161;Generación medida Solar fotovoltaica;;;350.928;2024-04-02T20:00:00+02:00
1161;Generación medida Solar fotovoltaica;;;0.2;2024-04-02T21:00:00+02:00
1161;Generación medida Solar fotovoltaica;;;0.968;2024-04-02T22:00:00+02:00
1161;Generación medida Solar fotovoltaica;;;2.97;2024-04-02T23:00:00+02:00
1161;Generación medida Solar fotovoltaica;;;2.928;2024-04-03T00:00:00+02:00
1161;Generación medida Solar fotovoltaica;;;1.915;2024-04-03T01:00:00+02:00
1161;Generación medida Solar fotovoltaica;;;0.162;2024-04-03T02:00:00+02:00
1161;Generación medida Solar fotovoltaica;;;0.128;2024-04-03T03:00:00+02:00
1161;Generación medida Solar fotovoltaica;;;0.141;2024-04-03T04:00:00+02:00
1161;Generación medida Solar fotovoltaica;;;0.204;2024-04-03T05:00:00+02:00
1161;Generación medida Solar fotovoltaica;;;0.562;2024-04-03T06:00:00+02:00
1161;Generación medida Solar fotovoltaica;;;12.116;2024-04-03T07:00:00+02:00
1161;Generación medida Solar fotovoltaica;;;1484.186;2024-04-03T08:00:00+02:00
1161;Generación medida Solar fotovoltaica;;;6548.425;2024-04-03T09:00:00+02:00
1161;Generación medida Solar fotovoltaica;;;10214.294;2024-04-03T10:00:00+02:00
1161;Generación medida Solar fotovoltaica;;;12175.595;2024-04-03T11:00:00+02:00
1161;Generación medida Solar fotovoltaica;;;13818.117;2024-04-03T12:00:00+02:00
1161;Generación medida Solar fotovoltaica;;;13998.774;2024-04-03T13:00:00+02:00
1161;Generación medida Solar fotovoltaica;;;13902.503;2024-04-03T14:00:00+02:00
1161;Generación medida Solar fotovoltaica;;;13336.688;2024-04-03T15:00:00+02:00
1161;Generación medida Solar fotovoltaica;;;13242.003;2024-04-03T16:00:00+02:00
1161;Generación medida Solar fotovoltaica;;;12790.237;2024-04-03T17:00:00+02:00
1161;Generación medida Solar fotovoltaica;;;10241.594;2024-04-03T18:00:00+02:00
1161;Generación medida Solar fotovoltaica;;;5183.579;2024-04-03T19:00:00+02:00
1161;Generación medida Solar fotovoltaica;;;494.751;2024-04-03T20:00:00+02:00
1161;Generación medida Solar fotovoltaica;;;3.755;2024-04-03T21:00:00+02:00
1161;Generación medida Solar fotovoltaica;;;2.044;2024-04-03T22:00:00+02:00
1161;Generación medida Solar fotovoltaica;;;0.243;2024-04-03T23:00:00+02:00
1161;Generación medida Solar fotovoltaica;;;0.205;2024-04-04T00:00:00+02:00
1161;Generación medida Solar fotovoltaica;;;0.192;2024-04-04T01:00:00+02:00
1161;Generación medida Solar fotovoltaica;;;0.179;2024-04-04T02:00:00+02:00
1161;Generación medida Solar fotovoltaica;;;0.163;2024-04-04T03:00:00+02:00
1161;Generación medida Solar fotovoltaica;;;0.177;2024-04-04T04:00:00+02:00
1161;Generación medida Solar fotovoltaica;;;0.236;2024-04-04T05:00:00+02:00
1161;Generación medida Solar fotovoltaica;;;0.704;2024-04-04T06:00:00+02:00
1161;Generación medida Solar fotovoltaica;;;21.19;2024-04-04T07:00:00+02:00
1161;Generación medida Solar fotovoltaica;;;1999.056;2024-04-04T08:00:00+02:00
1161;Generación medida Solar fotovoltaica;;;8477.36;2024-04-04T09:00:00+02:00
1161;Generación medida Solar fotovoltaica;;;13757.434;2024-04-04T10:00:00+02:00
1161;Generación medida Solar fotovoltaica;;;14625.984;2024-04-04T11:00:00+02:00
1161;Generación medida Solar fotovoltaica;;;14510.152;2024-04-04T12:00:00+02:00
1161;Generación medida Solar fotovoltaica;;;13961.569;2024-04-04T13:00:00+02:00
1161;Generación medida Solar fotovoltaica;;;13564.275;2024-04-04T14:00:00+02:00
1161;Generación medida Solar fotovoltaica;;;13783.099;2024-04-04T15:00:00+02:00
1161;Generación medida Solar fotovoltaica;;;13039.457;2024-04-04T16:00:00+02:00
1161;Generación medida Solar fotovoltaica;;;12281.993;2024-04-04T17:00:00+02:00
1161;Generación medida Solar fotovoltaica;;;8993.384;2024-04-04T18:00:00+02:00
1161;Generación medida Solar fotovoltaica;;;3803.681;2024-04-04T19:00:00+02:00
1161;Generación medida Solar fotovoltaica;;;458.741;2024-04-04T20:00:00+02:00
1161;Generación medida Solar fotovoltaica;;;2.215;2024-04-04T21:00:00+02:00
1161;Generación medida Solar fotovoltaica;;;0.223;2024-04-04T22:00:00+02:00
1161;Generación medida Solar fotovoltaica;;;0.229;2024-04-04T23:00:00+02:00
1161;Generación medida Solar fotovoltaica;;;0.19;2024-04-05T00:00:00+02:00
1161;Generación medida Solar fotovoltaica;;;0.168;2024-04-05T01:00:00+02:00
1161;Generación medida Solar fotovoltaica;;;0.167;2024-04-05T02:00:00+02:00
1161;Generación medida Solar fotovoltaica;;;0.151;2024-04-05T03:00:00+02:00
1161;Generación medida Solar fotovoltaica;;;0.174;2024-04-05T04:00:00+02:00
1161;Generación medida Solar fotovoltaica;;;0.255;2024-04-05T05:00:00+02:00
1161;Generación medida Solar fotovoltaica;;;0.632;2024-04-05T06:00:00+02:00
1161;Generación medida Solar fotovoltaica;;;14.103;2024-04-05T07:00:00+02:00
1161;Generación medida Solar fotovoltaica;;;1598.761;2024-04-05T08:00:00+02:00
1161;Generación medida Solar fotovoltaica;;;7014.646;2024-04-05T09:00:00+02:00
1161;Generación medida Solar fotovoltaica;;;11539.273;2024-04-05T10:00:00+02:00
1161;Generación medida Solar fotovoltaica;;;13530.406;2024-04-05T11:00:00+02:00
1161;Generación medida Solar fotovoltaica;;;14551.915;2024-04-05T12:00:00+02:00
1161;Generación medida Solar fotovoltaica;;;14305.668;2024-04-05T13:00:00+02:00
1161;Generación medida Solar fotovoltaica;;;14390.326;2024-04-05T14:00:00+02:00
1161;Generación medida Solar fotovoltaica;;;13632.341;2024-04-05T15:00:00+02:00
1161;Generación medida Solar fotovoltaica;;;13552.288;2024-04-05T16:00:00+02:00
1161;Generación medida Solar fotovoltaica;;;11708.801;2024-04-05T17:00:00+02:00
1161;Generación medida Solar fotovoltaica;;;9060.066;2024-04-05T18:00:00+02:00
1161;Generación medida Solar fotovoltaica;;;4349.919;2024-04-05T19:00:00+02:00
1161;Generación medida Solar fotovoltaica;;;461.751;2024-04-05T20:00:00+02:00
1161;Generación medida Solar fotovoltaica;;;3.841;2024-04-05T21:00:00+02:00
1161;Generación medida Solar fotovoltaica;;;1.253;2024-04-05T22:00:00+02:00
1161;Generación medida Solar fotovoltaica;;;0.153;2024-04-05T23:00:00+02:00
1161;Generación medida Solar fotovoltaica;;;0.109;2024-04-06T00:00:00+02:00
1161;Generación medida Solar fotovoltaica;;;0.102;2024-04-06T01:00:00+02:00
1161;Generación medida Solar fotovoltaica;;;0.118;2024-04-06T02:00:00+02:00
1161;Generación medida Solar fotovoltaica;;;0.113;2024-04-06T03:00:00+02:00
1161;Generación medida Solar fotovoltaica;;;0.128;2024-04-06T04:00:00+02:00
1161;Generación medida Solar fotovoltaica;;;0.201;2024-04-06T05:00:00+02:00
1161;Generación medida Solar fotovoltaica;;;0.44;2024-04-06T06:00:00+02:00
1161;Generación medida Solar fotovoltaica;;;24.17;2024-04-06T07:00:00+02:00
1161;Generación medida Solar fotovoltaica;;;970.84;2024-04-06T08:00:00+02:00
1161;Generación medida Solar fotovoltaica;;;3509.822;2024-04-06T09:00:00+02:00
1161;Generación medida Solar fotovoltaica;;;6095.465;2024-04-06T10:00:00+02:00
1161;Generación medida Solar fotovoltaica;;;7514.442;2024-04-06T11:00:00+02:00
1161;Generación medida Solar fotovoltaica;;;8391.667;2024-04-06T12:00:00+02:00
1161;Generación medida Solar fotovoltaica;;;8902.203;2024-04-06T13:00:00+02:00
1161;Generación medida Solar fotovoltaica;;;8471.244;2024-04-06T14:00:00+02:00
1161;Generación medida Solar fotovoltaica;;;7466.692;2024-04-06T15:00:00+02:00
1161;Generación medida Solar fotovoltaica;;;6036.445;2024-04-06T16:00:00+02:00
1161;Generación medida Solar fotovoltaica;;;4850.492;2024-04-06T17:00:00+02:00
1161;Generación medida Solar fotovoltaica;;;3298.419;2024-04-06T18:00:00+02:00
1161;Generación medida Solar fotovoltaica;;;1451.203;2024-04-06T19:00:00+02:00
1161;Generación medida Solar fotovoltaica;;;158.864;2024-04-06T20:00:00+02:00
1161;Generación medida Solar fotovoltaica;;;0.893;2024-04-06T21:00:00+02:00
1161;Generación medida Solar fotovoltaica;;;0.19;2024-04-06T22:00:00+02:00
1161;Generación medida Solar fotovoltaica;;;0.209;2024-04-06T23:00:00+02:00
1161;Generación medida Solar fotovoltaica;;;0.171;2024-04-07T00:00:00+02:00
1161;Generación medida Solar fotovoltaica;;;0.169;2024-04-07T01:00:00+02:00
1161;Generación medida Solar fotovoltaica;;;0.163;2024-04-07T02:00:00+02:00
1161;Generación medida Solar fotovoltaica;;;0.145;2024-04-07T03:00:00+02:00
1161;Generación medida Solar fotovoltaica;;;0.149;2024-04-07T04:00:00+02:00
1161;Generación medida Solar fotovoltaica;;;0.197;2024-04-07T05:00:00+02:00
1161;Generación medida Solar fotovoltaica;;;0.508;2024-04-07T06:00:00+02:00
1161;Generación medida Solar fotovoltaica;;;5.084;2024-04-07T07:00:00+02:00
1161;Generación medida Solar fotovoltaica;;;445.975;2024-04-07T08:00:00+02:00
1161;Generación medida Solar fotovoltaica;;;2411.779;2024-04-07T09:00:00+02:00
1161;Generación medida Solar fotovoltaica;;;5354.709;2024-04-07T10:00:00+02:00
1161;Generación medida Solar fotovoltaica;;;7863.829;2024-04-07T11:00:00+02:00
1161;Generación medida Solar fotovoltaica;;;9640.925;2024-04-07T12:00:00+02:00
1161;Generación medida Solar fotovoltaica;;;10342.487;2024-04-07T13:00:00+02:00
1161;Generación medida Solar fotovoltaica;;;10578.117;2024-04-07T14:00:00+02:00
1161;Generación medida Solar fotovoltaica;;;10222.854;2024-04-07T15:00:00+02:00
1161;Generación medida Solar fotovoltaica;;;9795.898;2024-04-07T16:00:00+02:00
1161;Generación medida Solar fotovoltaica;;;9759.368;2024-04-07T17:00:00+02:00
1161;Generación medida Solar fotovoltaica;;;7662.908;2024-04-07T18:00:00+02:00
1161;Generación medida Solar fotovoltaica;;;3217.164;2024-04-07T19:00:00+02:00
1161;Generación medida Solar fotovoltaica;;;352.236;2024-04-07T20:00:00+02:00
1161;Generación medida Solar fotovoltaica;;;3.835;2024-04-07T21:00:00+02:00
1161;Generación medida Solar fotovoltaica;;;0.934;2024-04-07T22:00:00+02:00
1161;Generación medida Solar fotovoltaica;;;0.17;2024-04-07T23:00:00+02:00
1161;Generación medida Solar fotovoltaica;;;0.134;2024-04-08T00:00:00+02:00
1161;Generación medida Solar fotovoltaica;;;0.104;2024-04-08T01:00:00+02:00
1161;Generación medida Solar fotovoltaica;;;0.122;2024-04-08T02:00:00+02:00
1161;Generación medida Solar fotovoltaica;;;0.117;2024-04-08T03:00:00+02:00
1161;Generación medida Solar fotovoltaica;;;0.169;2024-04-08T04:00:00+02:00
1161;Generación medida Solar fotovoltaica;;;0.369;2024-04-08T05:00:00+02:00
1161;Generación medida Solar fotovoltaica;;;0.594;2024-04-08T06:00:00+02:00
1161;Generación medida Solar fotovoltaica;;;15.126;2024-04-08T07:00:00+02:00
1161;Generación medida Solar fotovoltaica;;;1575.596;2024-04-08T08:00:00+02:00
1161;Generación medida Solar fotovoltaica;;;6539.065;2024-04-08T09:00:00+02:00
1161;Generación medida Solar fotovoltaica;;;9986.751;2024-04-08T10:00:00+02:00
1161;Generación medida Solar fotovoltaica;;;10738.742;2024-04-08T11:00:00+02:00
1161;Generación medida Solar fotovoltaica;;;11057.636;2024-04-08T12:00:00+02:00
1161;Generación medida Solar fotovoltaica;;;11539.883;2024-04-08T13:00:00+02:00
1161;Generación medida Solar fotovoltaica;;;11153.176;2024-04-08T14:00:00+02:00
1161;Generación medida Solar fotovoltaica;;;9965.709;2024-04-08T15:00:00+02:00
1161;Generación medida Solar fotovoltaica;;;9377.997;2024-04-08T16:00:00+02:00
1161;Generación medida Solar fotovoltaica;;;8755.966;2024-04-08T17:00:00+02:00
1161;Generación medida Solar fotovoltaica;;;7347.845;2024-04-08T18:00:00+02:00
1161;Generación medida Solar fotovoltaica;;;4181.981;2024-04-08T19:00:00+02:00
1161;Generación medida Solar fotovoltaica;;;643.439;2024-04-08T20:00:00+02:00
1161;Generación medida Solar fotovoltaica;;;1.702;2024-04-08T21:00:00+02:00
1161;Generación medida Solar fotovoltaica;;;1.599;2024-04-08T22:00:00+02:00
1161;Generación medida Solar fotovoltaica;;;0.685;2024-04-08T23:00:00+02:00
1161;Generación medida Solar fotovoltaica;;;0.533;2024-04-09T00:00:00+02:00
1161;Generación medida Solar fotovoltaica;;;0.223;2024-04-09T01:00:00+02:00
1161;Generación medida Solar fotovoltaica;;;0.179;2024-04-09T02:00:00+02:00
1161;Generación medida Solar fotovoltaica;;;0.184;2024-04-09T03:00:00+02:00
1161;Generación medida Solar fotovoltaica;;;0.279;2024-04-09T04:00:00+02:00
1161;Generación medida Solar fotovoltaica;;;0.46;2024-04-09T05:00:00+02:00
1161;Generación medida Solar fotovoltaica;;;0.747;2024-04-09T06:00:00+02:00
1161;Generación medida Solar fotovoltaica;;;39.742;2024-04-09T07:00:00+02:00
1161;Generación medida Solar fotovoltaica;;;2726.907;2024-04-09T08:00:00+02:00
1161;Generación medida Solar fotovoltaica;;;9775.005;2024-04-09T09:00:00+02:00
1161;Generación medida Solar fotovoltaica;;;12946.621;2024-04-09T10:00:00+02:00
1161;Generación medida Solar fotovoltaica;;;13746.592;2024-04-09T11:00:00+02:00
1161;Generación medida Solar fotovoltaica;;;14104.754;2024-04-09T12:00:00+02:00
1161;Generación medida Solar fotovoltaica;;;14413.5;2024-04-09T13:00:00+02:00
1161;Generación medida Solar fotovoltaica;;;14202.313;2024-04-09T14:00:00+02:00
1161;Generación medida Solar fotovoltaica;;;13358.166;2024-04-09T15:00:00+02:00
1161;Generación medida Solar fotovoltaica;;;12932.969;2024-04-09T16:00:00+02:00
1161;Generación medida Solar fotovoltaica;;;12385.229;2024-04-09T17:00:00+02:00
1161;Generación medida Solar fotovoltaica;;;11153.315;2024-04-09T18:00:00+02:00
1161;Generación medida Solar fotovoltaica;;;6512.667;2024-04-09T19:00:00+02:00
1161;Generación medida Solar fotovoltaica;;;899.357;2024-04-09T20:00:00+02:00
1161;Generación medida Solar fotovoltaica;;;1.395;2024-04-09T21:00:00+02:00
1161;Generación medida Solar fotovoltaica;;;0.368;2024-04-09T22:00:00+02:00
1161;Generación medida Solar fotovoltaica;;;0.358;2024-04-09T23:00:00+02:00
1161;Generación medida Solar fotovoltaica;;;0.37;2024-04-10T00:00:00+02:00
1161;Generación medida Solar fotovoltaica;;;0.329;2024-04-10T01:00:00+02:00
1161;Generación medida Solar fotovoltaica;;;0.24;2024-04-10T02:00:00+02:00
1161;Generación medida Solar fotovoltaica;;;0.231;2024-04-10T03:00:00+02:00
1161;Generación medida Solar fotovoltaica;;;0.315;2024-04-10T04:00:00+02:00
1161;Generación medida Solar fotovoltaica;;;0.468;2024-04-10T05:00:00+02:00
1161;Generación medida Solar fotovoltaica;;;0.879;2024-04-10T06:00:00+02:00
1161;Generación medida Solar fotovoltaica;;;38.682;2024-04-10T07:00:00+02:00
1161;Generación medida Solar fotovoltaica;;;2915.248;2024-04-10T08:00:00+02:00
1161;Generación medida Solar fotovoltaica;;;10181.226;2024-04-10T09:00:00+02:00
1161;Generación medida Solar fotovoltaica;;;13084.854;2024-04-10T10:00:00+02:00
1161;Generación medida Solar fotovoltaica;;;13550.609;2024-04-10T11:00:00+02:00
1161;Generación medida Solar fotovoltaica;;;13918.427;2024-04-10T12:00:00+02:00
1161;Generación medida Solar fotovoltaica;;;13762.21;2024-04-10T13:00:00+02:00
1161;Generación medida Solar fotovoltaica;;;13507.133;2024-04-10T14:00:00+02:00
1161;Generación medida Solar fotovoltaica;;;13654.972;2024-04-10T15:00:00+02:00
1161;Generación medida Solar fotovoltaica;;;12730.415;2024-04-10T16:00:00+02:00
1161;Generación medida Solar fotovoltaica;;;11990.044;2024-04-10T17:00:00+02:00
1161;Generación medida Solar fotovoltaica;;;10076.966;2024-04-10T18:00:00+02:00
1161;Generación medida Solar fotovoltaica;;;5739.803;2024-04-10T19:00:00+02:00
1161;Generación medida Solar fotovoltaica;;;689.986;2024-04-10T20:00:00+02:00
1161;Generación medida Solar fotovoltaica;;;3.615;2024-04-10T21:00:00+02:00
1161;Generación medida Solar fotovoltaica;;;3.143;2024-04-10T22:00:00+02:00
1161;Generación medida Solar fotovoltaica;;;1.38;2024-04-10T23:00:00+02:00
1161;Generación medida Solar fotovoltaica;;;0.245;2024-04-11T00:00:00+02:00
1161;Generación medida Solar fotovoltaica;;;0.295;2024-04-11T01:00:00+02:00
1161;Generación medida Solar fotovoltaica;;;0.245;2024-04-11T02:00:00+02:00
1161;Generación medida Solar fotovoltaica;;;0.247;2024-04-11T03:00:00+02:00
1161;Generación medida Solar fotovoltaica;;;0.3;2024-04-11T04:00:00+02:00
1161;Generación medida Solar fotovoltaica;;;0.354;2024-04-11T05:00:00+02:00
1161;Generación medida Solar fotovoltaica;;;0.682;2024-04-11T06:00:00+02:00
1161;Generación medida Solar fotovoltaica;;;65.83;2024-04-11T07:00:00+02:00
1161;Generación medida Solar fotovoltaica;;;2762.295;2024-04-11T08:00:00+02:00
1161;Generación medida Solar fotovoltaica;;;9680.824;2024-04-11T09:00:00+02:00
1161;Generación medida Solar fotovoltaica;;;13194.078;2024-04-11T10:00:00+02:00
1161;Generación medida Solar fotovoltaica;;;13803.828;2024-04-11T11:00:00+02:00
1161;Generación medida Solar fotovoltaica;;;14488.956;2024-04-11T12:00:00+02:00
1161;Generación medida Solar fotovoltaica;;;14773.459;2024-04-11T13:00:00+02:00
1161;Generación medida Solar fotovoltaica;;;14568.739;2024-04-11T14:00:00+02:00
1161;Generación medida Solar fotovoltaica;;;14859.715;2024-04-11T15:00:00+02:00
1161;Generación medida Solar fotovoltaica;;;14069.901;2024-04-11T16:00:00+02:00
1161;Generación medida Solar fotovoltaica;;;14115.199;2024-04-11T17:00:00+02:00
1161;Generación medida Solar fotovoltaica;;;11897.425;2024-04-11T18:00:00+02:00
1161;Generación medida Solar fotovoltaica;;;6368.479;2024-04-11T19:00:00+02:00
1161;Generación medida Solar fotovoltaica;;;919.597;2024-04-11T20:00:00+02:00
1161;Generación medida Solar fotovoltaica;;;4.047;2024-04-11T21:00:00+02:00
1161;Generación medida Solar fotovoltaica;;;3.127;2024-04-11T22:00:00+02:00
1161;Generación medida Solar fotovoltaica;;;1.76;2024-04-11T23:00:00+02:00
1161;Generación medida Solar fotovoltaica;;;0.334;2024-04-12T00:00:00+02:00
1161;Generación medida Solar fotovoltaica;;;0.246;2024-04-12T01:00:00+02:00
1161;Generación medida Solar fotovoltaica;;;0.245;2024-04-12T02:00:00+02:00
1161;Generación medida Solar fotovoltaica;;;0.219;2024-04-12T03:00:00+02:00
1161;Generación medida Solar fotovoltaica;;;0.307;2024-04-12T04:00:00+02:00
1161;Generación medida Solar fotovoltaica;;;0.437;2024-04-12T05:00:00+02:00
1161;Generación medida Solar fotovoltaica;;;0.676;2024-04-12T06:00:00+02:00
1161;Generación medida Solar fotovoltaica;;;69.39;2024-04-12T07:00:00+02:00
1161;Generación medida Solar fotovoltaica;;;3322.297;2024-04-12T08:00:00+02:00
1161;Generación medida Solar fotovoltaica;;;10586.441;2024-04-12T09:00:00+02:00
1161;Generación medida Solar fotovoltaica;;;14182.013;2024-04-12T10:00:00+02:00
1161;Generación medida Solar fotovoltaica;;;15657.569;2024-04-12T11:00:00+02:00
1161;Generación medida Solar fotovoltaica;;;15646.023;2024-04-12T12:00:00+02:00
1161;Generación medida Solar fotovoltaica;;;14423.866;2024-04-12T13:00:00+02:00
1161;Generación medida Solar fotovoltaica;;;13958.67;2024-04-12T14:00:00+02:00
1161;Generación medida Solar fotovoltaica;;;13473.847;2024-04-12T15:00:00+02:00
1161;Generación medida Solar fotovoltaica;;;15416.395;2024-04-12T16:00:00+02:00
1161;Generación medida Solar fotovoltaica;;;15241.366;2024-04-12T17:00:00+02:00
1161;Generación medida Solar fotovoltaica;;;13095.444;2024-04-12T18:00:00+02:00
1161;Generación medida Solar fotovoltaica;;;6704.758;2024-04-12T19:00:00+02:00
1161;Generación medida Solar fotovoltaica;;;1031.075;2024-04-12T20:00:00+02:00
1161;Generación medida Solar fotovoltaica;;;4.127;2024-04-12T21:00:00+02:00
1161;Generación medida Solar fotovoltaica;;;0.998;2024-04-12T22:00:00+02:00
1161;Generación medida Solar fotovoltaica;;;0.392;2024-04-12T23:00:00+02:00
1161;Generación medida Solar fotovoltaica;;;0.395;2024-04-13T00:00:00+02:00
1161;Generación medida Solar fotovoltaica;;;0.331;2024-04-13T01:00:00+02:00
1161;Generación medida Solar fotovoltaica;;;0.238;2024-04-13T02:00:00+02:00
1161;Generación medida Solar fotovoltaica;;;0.228;2024-04-13T03:00:00+02:00
1161;Generación medida Solar fotovoltaica;;;0.201;2024-04-13T04:00:00+02:00
1161;Generación medida Solar fotovoltaica;;;0.268;2024-04-13T05:00:00+02:00
1161;Generación medida Solar fotovoltaica;;;0.616;2024-04-13T06:00:00+02:00
1161;Generación medida Solar fotovoltaica;;;90.924;2024-04-13T07:00:00+02:00
1161;Generación medida Solar fotovoltaica;;;3467.115;2024-04-13T08:00:00+02:00
1161;Generación medida Solar fotovoltaica;;;11289.834;2024-04-13T09:00:00+02:00
1161;Generación medida Solar fotovoltaica;;;12845.571;2024-04-13T10:00:00+02:00
1161;Generación medida Solar fotovoltaica;;;11921.328;2024-04-13T11:00:00+02:00
1161;Generación medida Solar fotovoltaica;;;11960.871;2024-04-13T12:00:00+02:00
1161;Generación medida Solar fotovoltaica;;;11990.927;2024-04-13T13:00:00+02:00
1161;Generación medida Solar fotovoltaica;;;11954.192;2024-04-13T14:00:00+02:00
1161;Generación medida Solar fotovoltaica;;;11703.341;2024-04-13T15:00:00+02:00
1161;Generación medida Solar fotovoltaica;;;11343.838;2024-04-13T16:00:00+02:00
1161;Generación medida Solar fotovoltaica;;;13021.009;2024-04-13T17:00:00+02:00
1161;Generación medida Solar fotovoltaica;;;12300.848;2024-04-13T18:00:00+02:00
1161;Generación medida Solar fotovoltaica;;;6463.577;2024-04-13T19:00:00+02:00
1161;Generación medida Solar fotovoltaica;;;863.111;2024-04-13T20:00:00+02:00
1161;Generación medida Solar fotovoltaica;;;4.317;2024-04-13T21:00:00+02:00
1161;Generación medida Solar fotovoltaica;;;0.738;2024-04-13T22:00:00+02:00
1161;Generación medida Solar fotovoltaica;;;0.418;2024-04-13T23:00:00+02:00
1161;Generación medida Solar fotovoltaica;;;0.242;2024-04-14T00:00:00+02:00
1161;Generación medida Solar fotovoltaica;;;0.318;2024-04-14T01:00:00+02:00
1161;Generación medida Solar fotovoltaica;;;0.243;2024-04-14T02:00:00+02:00
1161;Generación medida Solar fotovoltaica;;;0.241;2024-04-14T03:00:00+02:00
1161;Generación medida Solar fotovoltaica;;;0.235;2024-04-14T04:00:00+02:00
1161;Generación medida Solar fotovoltaica;;;0.296;2024-04-14T05:00:00+02:00
1161;Generación medida Solar fotovoltaica;;;0.63;2024-04-14T06:00:00+02:00
1161;Generación medida Solar fotovoltaica;;;106.932;2024-04-14T07:00:00+02:00
1161;Generación medida Solar fotovoltaica;;;3486.82;2024-04-14T08:00:00+02:00
1161;Generación medida Solar fotovoltaica;;;9211.371;2024-04-14T09:00:00+02:00
1161;Generación medida Solar fotovoltaica;;;11099.401;2024-04-14T10:00:00+02:00
1161;Generación medida Solar fotovoltaica;;;11114.742;2024-04-14T11:00:00+02:00
1161;Generación medida Solar fotovoltaica;;;11652.271;2024-04-14T12:00:00+02:00
1161;Generación medida Solar fotovoltaica;;;12022.862;2024-04-14T13:00:00+02:00
1161;Generación medida Solar fotovoltaica;;;12120.887;2024-04-14T14:00:00+02:00
1161;Generación medida Solar fotovoltaica;;;11562.657;2024-04-14T15:00:00+02:00
1161;Generación medida Solar fotovoltaica;;;10785.37;2024-04-14T16:00:00+02:00
1161;Generación medida Solar fotovoltaica;;;11372.722;2024-04-14T17:00:00+02:00
1161;Generación medida Solar fotovoltaica;;;9961.087;2024-04-14T18:00:00+02:00
1161;Generación medida Solar fotovoltaica;;;6172.436;2024-04-14T19:00:00+02:00
1161;Generación medida Solar fotovoltaica;;;1025.709;2024-04-14T20:00:00+02:00
1161;Generación medida Solar fotovoltaica;;;4.254;2024-04-14T21:00:00+02:00
1161;Generación medida Solar fotovoltaica;;;2.034;2024-04-14T22:00:00+02:00
1161;Generación medida Solar fotovoltaica;;;0.195;2024-04-14T23:00:00+02:00
1161;Generación medida Solar fotovoltaica;;;0.187;2024-04-15T00:00:00+02:00
1161;Generación medida Solar fotovoltaica;;;0.18;2024-04-15T01:00:00+02:00
1161;Generación medida Solar fotovoltaica;;;0.163;2024-04-15T02:00:00+02:00
1161;Generación medida Solar fotovoltaica;;;0.145;2024-04-15T03:00:00+02:00
1161;Generación medida Solar fotovoltaica;;;0.214;2024-04-15T04:00:00+02:00
1161;Generación medida Solar fotovoltaica;;;0.232;2024-04-15T05:00:00+02:00
1161;Generación medida Solar fotovoltaica;;;0.628;2024-04-15T06:00:00+02:00
1161;Generación medida Solar fotovoltaica;;;71.357;2024-04-15T07:00:00+02:00
1161;Generación medida Solar fotovoltaica;;;2594.589;2024-04-15T08:00:00+02:00
1161;Generación medida Solar fotovoltaica;;;9123.529;2024-04-15T09:00:00+02:00
1161;Generación medida Solar fotovoltaica;;;13354.468;2024-04-15T10:00:00+02:00
1161;Generación medida Solar fotovoltaica;;;14096.494;2024-04-15T11:00:00+02:00
1161;Generación medida Solar fotovoltaica;;;14818.704;2024-04-15T12:00:00+02:00
1161;Generación medida Solar fotovoltaica;;;14946.244;2024-04-15T13:00:00+02:00
1161;Generación medida Solar fotovoltaica;;;14121.986;2024-04-15T14:00:00+02:00
1161;Generación medida Solar fotovoltaica;;;13219.761;2024-04-15T15:00:00+02:00
1161;Generación medida Solar fotovoltaica;;;12048.872;2024-04-15T16:00:00+02:00
1161;Generación medida Solar fotovoltaica;;;12152.659;2024-04-15T17:00:00+02:00
1161;Generación medida Solar fotovoltaica;;;10239.904;2024-04-15T18:00:00+02:00
1161;Generación medida Solar fotovoltaica;;;6607.498;2024-04-15T19:00:00+02:00
1161;Generación medida Solar fotovoltaica;;;974.561;2024-04-15T20:00:00+02:00
1161;Generación medida Solar fotovoltaica;;;4.243;2024-04-15T21:00:00+02:00
1161;Generación medida Solar fotovoltaica;;;0.44;2024-04-15T22:00:00+02:00
1161;Generación medida Solar fotovoltaica;;;0.188;2024-04-15T23:00:00+02:00
1161;Generación medida Solar fotovoltaica;;;0.195;2024-04-16T00:00:00+02:00
1161;Generación medida Solar fotovoltaica;;;0.185;2024-04-16T01:00:00+02:00
1161;Generación medida Solar fotovoltaica;;;0.193;2024-04-16T02:00:00+02:00
1161;Generación medida Solar fotovoltaica;;;0.217;2024-04-16T03:00:00+02:00
1161;Generación medida Solar fotovoltaica;;;0.224;2024-04-16T04:00:00+02:00
1161;Generación medida Solar fotovoltaica;;;0.335;2024-04-16T05:00:00+02:00
1161;Generación medida Solar fotovoltaica;;;0.685;2024-04-16T06:00:00+02:00
1161;Generación medida Solar fotovoltaica;;;115.049;2024-04-16T07:00:00+02:00
1161;Generación medida Solar fotovoltaica;;;3418.768;2024-04-16T08:00:00+02:00
1161;Generación medida Solar fotovoltaica;;;10158.887;2024-04-16T09:00:00+02:00
1161;Generación medida Solar fotovoltaica;;;13501.241;2024-04-16T10:00:00+02:00
1161;Generación medida Solar fotovoltaica;;;14738.404;2024-04-16T11:00:00+02:00
1161;Generación medida Solar fotovoltaica;;;14938.253;2024-04-16T12:00:00+02:00
1161;Generación medida Solar fotovoltaica;;;14800.407;2024-04-16T13:00:00+02:00
1161;Generación medida Solar fotovoltaica;;;14482.844;2024-04-16T14:00:00+02:00
1161;Generación medida Solar fotovoltaica;;;13992.995;2024-04-16T15:00:00+02:00
1161;Generación medida Solar fotovoltaica;;;13435.474;2024-04-16T16:00:00+02:00
1161;Generación medida Solar fotovoltaica;;;13023.912;2024-04-16T17:00:00+02:00
1161;Generación medida Solar fotovoltaica;;;11937.464;2024-04-16T18:00:00+02:00
1161;Generación medida Solar fotovoltaica;;;6751.043;2024-04-16T19:00:00+02:00
1161;Generación medida Solar fotovoltaica;;;1118.374;2024-04-16T20:00:00+02:00
1161;Generación medida Solar fotovoltaica;;;3.473;2024-04-16T21:00:00+02:00
1161;Generación medida Solar fotovoltaica;;;0.482;2024-04-16T22:00:00+02:00
1161;Generación medida Solar fotovoltaica;;;0.187;2024-04-16T23:00:00+02:00
1161;Generación medida Solar fotovoltaica;;;0.192;2024-04-17T00:00:00+02:00
1161;Generación medida Solar fotovoltaica;;;0.152;2024-04-17T01:00:00+02:00
1161;Generación medida Solar fotovoltaica;;;0.148;2024-04-17T02:00:00+02:00
1161;Generación medida Solar fotovoltaica;;;0.152;2024-04-17T03:00:00+02:00
1161;Generación medida Solar fotovoltaica;;;0.166;2024-04-17T04:00:00+02:00
1161;Generación medida Solar fotovoltaica;;;0.25;2024-04-17T05:00:00+02:00
1161;Generación medida Solar fotovoltaica;;;0.627;2024-04-17T06:00:00+02:00
1161;Generación medida Solar fotovoltaica;;;142.74;2024-04-17T07:00:00+02:00
1161;Generación medida Solar fotovoltaica;;;3575.388;2024-04-17T08:00:00+02:00
1161;Generación medida Solar fotovoltaica;;;10260.725;2024-04-17T09:00:00+02:00
1161;Generación medida Solar fotovoltaica;;;13603.888;2024-04-17T10:00:00+02:00
1161;Generación medida Solar fotovoltaica;;;13833.729;2024-04-17T11:00:00+02:00
1161;Generación medida Solar fotovoltaica;;;14422.66;2024-04-17T12:00:00+02:00
1161;Generación medida Solar fotovoltaica;;;14630.775;2024-04-17T13:00:00+02:00
1161;Generación medida Solar fotovoltaica;;;14451.43;2024-04-17T14:00:00+02:00
1161;Generación medida Solar fotovoltaica;;;14236.693;2024-04-17T15:00:00+02:00
1161;Generación medida Solar fotovoltaica;;;13826.556;2024-04-17T16:00:00+02:00
1161;Generación medida Solar fotovoltaica;;;13130.2;2024-04-17T17:00:00+02:00
1161;Generación medida Solar fotovoltaica;;;11721.356;2024-04-17T18:00:00+02:00
1161;Generación medida Solar fotovoltaica;;;6353.506;2024-04-17T19:00:00+02:00
1161;Generación medida Solar fotovoltaica;;;1119.288;2024-04-17T20:00:00+02:00
1161;Generación medida Solar fotovoltaica;;;4.473;2024-04-17T21:00:00+02:00
1161;Generación medida Solar fotovoltaica;;;0.188;2024-04-17T22:00:00+02:00
1161;Generación medida Solar fotovoltaica;;;0.169;2024-04-17T23:00:00+02:00
1161;Generación medida Solar fotovoltaica;;;0.187;2024-04-18T00:00:00+02:00
1161;Generación medida Solar fotovoltaica;;;0.177;2024-04-18T01:00:00+02:00
1161;Generación medida Solar fotovoltaica;;;0.164;2024-04-18T02:00:00+02:00
1161;Generación medida Solar fotovoltaica;;;0.15;2024-04-18T03:00:00+02:00
1161;Generación medida Solar fotovoltaica;;;0.171;2024-04-18T04:00:00+02:00
1161;Generación medida Solar fotovoltaica;;;0.32;2024-04-18T05:00:00+02:00
1161;Generación medida Solar fotovoltaica;;;0.471;2024-04-18T06:00:00+02:00
1161;Generación medida Solar fotovoltaica;;;158.633;2024-04-18T07:00:00+02:00
1161;Generación medida Solar fotovoltaica;;;3666.568;2024-04-18T08:00:00+02:00
1161;Generación medida Solar fotovoltaica;;;10209.366;2024-04-18T09:00:00+02:00
1161;Generación medida Solar fotovoltaica;;;13091.173;2024-04-18T10:00:00+02:00
1161;Generación medida Solar fotovoltaica;;;14223.999;2024-04-18T11:00:00+02:00
1161;Generación medida Solar fotovoltaica;;;14972.996;2024-04-18T12:00:00+02:00
1161;Generación medida Solar fotovoltaica;;;15427.272;2024-04-18T13:00:00+02:00
1161;Generación medida Solar fotovoltaica;;;15301.302;2024-04-18T14:00:00+02:00
1161;Generación medida Solar fotovoltaica;;;14433.002;2024-04-18T15:00:00+02:00
1161;Generación medida Solar fotovoltaica;;;14259.61;2024-04-18T16:00:00+02:00
1161;Generación medida Solar fotovoltaica;;;13608.798;2024-04-18T17:00:00+02:00
1161;Generación medida Solar fotovoltaica;;;11839.921;2024-04-18T18:00:00+02:00
1161;Generación medida Solar fotovoltaica;;;6611.657;2024-04-18T19:00:00+02:00
1161;Generación medida Solar fotovoltaica;;;1074.716;2024-04-18T20:00:00+02:00
1161;Generación medida Solar fotovoltaica;;;4.23;2024-04-18T21:00:00+02:00
1161;Generación medida Solar fotovoltaica;;;0.228;2024-04-18T22:00:00+02:00
1161;Generación medida Solar fotovoltaica;;;0.176;2024-04-18T23:00:00+02:00
1161;Generación medida Solar fotovoltaica;;;0.158;2024-04-19T00:00:00+02:00
1161;Generación medida Solar fotovoltaica;;;0.169;2024-04-19T01:00:00+02:00
1161;Generación medida Solar fotovoltaica;;;0.12;2024-04-19T02:00:00+02:00
1161;Generación medida Solar fotovoltaica;;;0.11;2024-04-19T03:00:00+02:00
1161;Generación medida Solar fotovoltaica;;;0.127;2024-04-19T04:00:00+02:00
1161;Generación medida Solar fotovoltaica;;;0.22;2024-04-19T05:00:00+02:00
1161;Generación medida Solar fotovoltaica;;;0.541;2024-04-19T06:00:00+02:00
1161;Generación medida Solar fotovoltaica;;;187.212;2024-04-19T07:00:00+02:00
1161;Generación medida Solar fotovoltaica;;;3714.494;2024-04-19T08:00:00+02:00
1161;Generación medida Solar fotovoltaica;;;10277.284;2024-04-19T09:00:00+02:00
1161;Generación medida Solar fotovoltaica;;;13733.481;2024-04-19T10:00:00+02:00
1161;Generación medida Solar fotovoltaica;;;15578.41;2024-04-19T11:00:00+02:00
1161;Generación medida Solar fotovoltaica;;;16611.381;2024-04-19T12:00:00+02:00
1161;Generación medida Solar fotovoltaica;;;16673.793;2024-04-19T13:00:00+02:00
1161;Generación medida Solar fotovoltaica;;;16709.944;2024-04-19T14:00:00+02:00
1161;Generación medida Solar fotovoltaica;;;16127.049;2024-04-19T15:00:00+02:00
1161;Generación medida Solar fotovoltaica;;;15269.262;2024-04-19T16:00:00+02:00
1161;Generación medida Solar fotovoltaica;;;14306.933;2024-04-19T17:00:00+02:00
1161;Generación medida Solar fotovoltaica;;;11243.366;2024-04-19T18:00:00+02:00
1161;Generación medida Solar fotovoltaica;;;5591.908;2024-04-19T19:00:00+02:00
1161;Generación medida Solar fotovoltaica;;;847.756;2024-04-19T20:00:00+02:00
1161;Generación medida Solar fotovoltaica;;;3.643;2024-04-19T21:00:00+02:00
1161;Generación medida Solar fotovoltaica;;;0.486;2024-04-19T22:00:00+02:00
1161;Generación medida Solar fotovoltaica;;;3.418;2024-04-19T23:00:00+02:00
1161;Generación medida Solar fotovoltaica;;;0.199;2024-04-20T00:00:00+02:00
1161;Generación medida Solar fotovoltaica;;;0.151;2024-04-20T01:00:00+02:00
1161;Generación medida Solar fotovoltaica;;;0.115;2024-04-20T02:00:00+02:00
1161;Generación medida Solar fotovoltaica;;;0.086;2024-04-20T03:00:00+02:00
1161;Generación medida Solar fotovoltaica;;;0.131;2024-04-20T04:00:00+02:00
1161;Generación medida Solar fotovoltaica;;;0.203;2024-04-20T05:00:00+02:00
1161;Generación medida Solar fotovoltaica;;;0.575;2024-04-20T06:00:00+02:00
1161;Generación medida Solar fotovoltaica;;;251.166;2024-04-20T07:00:00+02:00
1161;Generación medida Solar fotovoltaica;;;3535.482;2024-04-20T08:00:00+02:00
1161;Generación medida Solar fotovoltaica;;;9442.618;2024-04-20T09:00:00+02:00
1161;Generación medida Solar fotovoltaica;;;12873.176;2024-04-20T10:00:00+02:00
1161;Generación medida Solar fotovoltaica;;;14810.607;2024-04-20T11:00:00+02:00
1161;Generación medida Solar fotovoltaica;;;15100.317;2024-04-20T12:00:00+02:00
1161;Generación medida Solar fotovoltaica;;;15137.678;2024-04-20T13:00:00+02:00
1161;Generación medida Solar fotovoltaica;;;13988.158;2024-04-20T14:00:00+02:00
1161;Generación medida Solar fotovoltaica;;;13619.791;2024-04-20T15:00:00+02:00
1161;Generación medida Solar fotovoltaica;;;12115.086;2024-04-20T16:00:00+02:00
1161;Generación medida Solar fotovoltaica;;;10926.357;2024-04-20T17:00:00+02:00
1161;Generación medida Solar fotovoltaica;;;10578.846;2024-04-20T18:00:00+02:00
1161;Generación medida Solar fotovoltaica;;;5597.763;2024-04-20T19:00:00+02:00
1161;Generación medida Solar fotovoltaica;;;910.02;2024-04-20T20:00:00+02:00
1161;Generación medida Solar fotovoltaica;;;3.858;2024-04-20T21:00:00+02:00
1161;Generación medida Solar fotovoltaica;;;0.198;2024-04-20T22:00:00+02:00
1161;Generación medida Solar fotovoltaica;;;0.199;2024-04-20T23:00:00+02:00
1161;Generación medida Solar fotovoltaica;;;0.205;2024-04-21T00:00:00+02:00
1161;Generación medida Solar fotovoltaica;;;0.178;2024-04-21T01:00:00+02:00
1161;Generación medida Solar fotovoltaica;;;0.139;2024-04-21T02:00:00+02:00
1161;Generación medida Solar fotovoltaica;;;0.133;2024-04-21T03:00:00+02:00
1161;Generación medida Solar fotovoltaica;;;0.18;2024-04-21T04:00:00+02:00
1161;Generación medida Solar fotovoltaica;;;0.228;2024-04-21T05:00:00+02:00
1161;Generación medida Solar fotovoltaica;;;0.716;2024-04-21T06:00:00+02:00
1161;Generación medida Solar fotovoltaica;;;252.052;2024-04-21T07:00:00+02:00
1161;Generación medida Solar fotovoltaica;;;4185.313;2024-04-21T08:00:00+02:00
1161;Generación medida Solar fotovoltaica;;;10550.379;2024-04-21T09:00:00+02:00
1161;Generación medida Solar fotovoltaica;;;12486.263;2024-04-21T10:00:00+02:00
1161;Generación medida Solar fotovoltaica;;;13368.941;2024-04-21T11:00:00+02:00
1161;Generación medida Solar fotovoltaica;;;13343.086;2024-04-21T12:00:00+02:00
1161;Generación medida Solar fotovoltaica;;;12528.744;2024-04-21T13:00:00+02:00
1161;Generación medida Solar fotovoltaica;;;12448.604;2024-04-21T14:00:00+02:00
1161;Generación medida Solar fotovoltaica;;;12119.782;2024-04-21T15:00:00+02:00
1161;Generación medida Solar fotovoltaica;;;12295.674;2024-04-21T16:00:00+02:00
1161;Generación medida Solar fotovoltaica;;;12135.458;2024-04-21T17:00:00+02:00
1161;Generación medida Solar fotovoltaica;;;10737.586;2024-04-21T18:00:00+02:00
1161;Generación medida Solar fotovoltaica;;;7140.774;2024-04-21T19:00:00+02:00
1161;Generación medida Solar fotovoltaica;;;1258.495;2024-04-21T20:00:00+02:00
1161;Generación medida Solar fotovoltaica;;;6.117;2024-04-21T21:00:00+02:00
1161;Generación medida Solar fotovoltaica;;;1.274;2024-04-21T22:00:00+02:00
1161;Generación medida Solar fotovoltaica;;;0.198;2024-04-21T23:00:00+02:00
1161;Generación medida Solar fotovoltaica;;;0.188;2024-04-22T00:00:00+02:00
1161;Generación medida Solar fotovoltaica;;;0.163;2024-04-22T01:00:00+02:00
1161;Generación medida Solar fotovoltaica;;;0.147;2024-04-22T02:00:00+02:00
1161;Generación medida Solar fotovoltaica;;;0.14;2024-04-22T03:00:00+02:00
1161;Generación medida Solar fotovoltaica;;;0.207;2024-04-22T04:00:00+02:00
1161;Generación medida Solar fotovoltaica;;;0.243;2024-04-22T05:00:00+02:00
1161;Generación medida Solar fotovoltaica;;;0.549;2024-04-22T06:00:00+02:00
1161;Generación medida Solar fotovoltaica;;;207.363;2024-04-22T07:00:00+02:00
1161;Generación medida Solar fotovoltaica;;;4155.498;2024-04-22T08:00:00+02:00
1161;Generación medida Solar fotovoltaica;;;10677.078;2024-04-22T09:00:00+02:00
1161;Generación medida Solar fotovoltaica;;;13197.872;2024-04-22T10:00:00+02:00
1161;Generación medida Solar fotovoltaica;;;13491.585;2024-04-22T11:00:00+02:00
1161;Generación medida Solar fotovoltaica;;;13910.222;2024-04-22T12:00:00+02:00
1161;Generación medida Solar fotovoltaica;;;13923.269;2024-04-22T13:00:00+02:00
1161;Generación medida Solar fotovoltaica;;;13978.639;2024-04-22T14:00:00+02:00
1161;Generación medida Solar fotovoltaica;;;13838.008;2024-04-22T15:00:00+02:00
1161;Generación medida Solar fotovoltaica;;;13260.123;2024-04-22T16:00:00+02:00
1161;Generación medida Solar fotovoltaica;;;12197.359;2024-04-22T17:00:00+02:00
1161;Generación medida Solar fotovoltaica;;;11524.576;2024-04-22T18:00:00+02:00
1161;Generación medida Solar fotovoltaica;;;7573.263;2024-04-22T19:00:00+02:00
1161;Generación medida Solar fotovoltaica;;;1532.106;2024-04-22T20:00:00+02:00
1161;Generación medida Solar fotovoltaica;;;7.472;2024-04-22T21:00:00+02:00
1161;Generación medida Solar fotovoltaica;;;1.115;2024-04-22T22:00:00+02:00
1161;Generación medida Solar fotovoltaica;;;0.192;2024-04-22T23:00:00+02:00
1161;Generación medida Solar fotovoltaica;;;0.183;2024-04-23T00:00:00+02:00
1161;Generación medida Solar fotovoltaica;;;0.167;2024-04-23T01:00:00+02:00
1161;Generación medida Solar fotovoltaica;;;0.161;2024-04-23T02:00:00+02:00
1161;Generación medida Solar fotovoltaica;;;0.165;2024-04-23T03:00:00+02:00
1161;Generación medida Solar fotovoltaica;;;0.512;2024-04-23T04:00:00+02:00
1161;Generación medida Solar fotovoltaica;;;0.692;2024-04-23T05:00:00+02:00
1161;Generación medida Solar fotovoltaica;;;1.389;2024-04-23T06:00:00+02:00
1161;Generación medida Solar fotovoltaica;;;315.445;2024-04-23T07:00:00+02:00
1161;Generación medida Solar fotovoltaica;;;4804.905;2024-04-23T08:00:00+02:00
1161;Generación medida Solar fotovoltaica;;;12291.32;2024-04-23T09:00:00+02:00
1161;Generación medida Solar fotovoltaica;;;15026.639;2024-04-23T10:00:00+02:00
1161;Generación medida Solar fotovoltaica;;;15962.16;2024-04-23T11:00:00+02:00
1161;Generación medida Solar fotovoltaica;;;16256.321;2024-04-23T12:00:00+02:00
1161;Generación medida Solar fotovoltaica;;;16304.87;2024-04-23T13:00:00+02:00
1161;Generación medida Solar fotovoltaica;;;15583.96;2024-04-23T14:00:00+02:00
1161;Generación medida Solar fotovoltaica;;;14661.237;2024-04-23T15:00:00+02:00
1161;Generación medida Solar fotovoltaica;;;13818.287;2024-04-23T16:00:00+02:00
1161;Generación medida Solar fotovoltaica;;;13269.994;2024-04-23T17:00:00+02:00
1161;Generación medida Solar fotovoltaica;;;11595.912;2024-04-23T18:00:00+02:00
1161;Generación medida Solar fotovoltaica;;;7438.575;2024-04-23T19:00:00+02:00
1161;Generación medida Solar fotovoltaica;;;1563.292;2024-04-23T20:00:00+02:00
1161;Generación medida Solar fotovoltaica;;;8.222;2024-04-23T21:00:00+02:00
1161;Generación medida Solar fotovoltaica;;;0.925;2024-04-23T22:00:00+02:00
1161;Generación medida Solar fotovoltaica;;;0.204;2024-04-23T23:00:00+02:00
1161;Generación medida Solar fotovoltaica;;;0.183;2024-04-24T00:00:00+02:00
1161;Generación medida Solar fotovoltaica;;;0.171;2024-04-24T01:00:00+02:00
1161;Generación medida Solar fotovoltaica;;;0.276;2024-04-24T02:00:00+02:00
1161;Generación medida Solar fotovoltaica;;;0.406;2024-04-24T03:00:00+02:00
1161;Generación medida Solar fotovoltaica;;;0.458;2024-04-24T04:00:00+02:00
1161;Generación medida Solar fotovoltaica;;;0.62;2024-04-24T05:00:00+02:00
1161;Generación medida Solar fotovoltaica;;;1.362;2024-04-24T06:00:00+02:00
1161;Generación medida Solar fotovoltaica;;;380.817;2024-04-24T07:00:00+02:00
1161;Generación medida Solar fotovoltaica;;;5380.43;2024-04-24T08:00:00+02:00
1161;Generación medida Solar fotovoltaica;;;12693.399;2024-04-24T09:00:00+02:00
1161;Generación medida Solar fotovoltaica;;;16408.042;2024-04-24T10:00:00+02:00
1161;Generación medida Solar fotovoltaica;;;18372.993;2024-04-24T11:00:00+02:00
1161;Generación medida Solar fotovoltaica;;;18558.884;2024-04-24T12:00:00+02:00
1161;Generación medida Solar fotovoltaica;;;18890.733;2024-04-24T13:00:00+02:00
1161;Generación medida Solar fotovoltaica;;;18501.352;2024-04-24T14:00:00+02:00
1161;Generación medida Solar fotovoltaica;;;17926.787;2024-04-24T15:00:00+02:00
1161;Generación medida Solar fotovoltaica;;;17039.598;2024-04-24T16:00:00+02:00
1161;Generación medida Solar fotovoltaica;;;15729.513;2024-04-24T17:00:00+02:00
1161;Generación medida Solar fotovoltaica;;;12357.151;2024-04-24T18:00:00+02:00
1161;Generación medida Solar fotovoltaica;;;6276.106;2024-04-24T19:00:00+02:00
1161;Generación medida Solar fotovoltaica;;;1350.479;2024-04-24T20:00:00+02:00
1161;Generación medida Solar fotovoltaica;;;11.19;2024-04-24T21:00:00+02:00
1161;Generación medida Solar fotovoltaica;;;0.953;2024-04-24T22:00:00+02:00
1161;Generación medida Solar fotovoltaica;;;0.187;2024-04-24T23:00:00+02:00
1161;Generación medida Solar fotovoltaica;;;0.192;2024-04-25T00:00:00+02:00
1161;Generación medida Solar fotovoltaica;;;0.213;2024-04-25T01:00:00+02:00
1161;Generación medida Solar fotovoltaica;;;0.264;2024-04-25T02:00:00+02:00
1161;Generación medida Solar fotovoltaica;;;0.342;2024-04-25T03:00:00+02:00
1161;Generación medida Solar fotovoltaica;;;0.367;2024-04-25T04:00:00+02:00
1161;Generación medida Solar fotovoltaica;;;0.466;2024-04-25T05:00:00+02:00
1161;Generación medida Solar fotovoltaica;;;1.414;2024-04-25T06:00:00+02:00
1161;Generación medida Solar fotovoltaica;;;279.861;2024-04-25T07:00:00+02:00
1161;Generación medida Solar fotovoltaica;;;3871.961;2024-04-25T08:00:00+02:00
1161;Generación medida Solar fotovoltaica;;;9334.782;2024-04-25T09:00:00+02:00
1161;Generación medida Solar fotovoltaica;;;12031.658;2024-04-25T10:00:00+02:00
1161;Generación medida Solar fotovoltaica;;;14641.969;2024-04-25T11:00:00+02:00
1161;Generación medida Solar fotovoltaica;;;15747.712;2024-04-25T12:00:00+02:00
1161;Generación medida Solar fotovoltaica;;;16027.179;2024-04-25T13:00:00+02:00
1161;Generación medida Solar fotovoltaica;;;15741.454;2024-04-25T14:00:00+02:00
1161;Generación medida Solar fotovoltaica;;;14752.064;2024-04-25T15:00:00+02:00
1161;Generación medida Solar fotovoltaica;;;12243.308;2024-04-25T16:00:00+02:00
1161;Generación medida Solar fotovoltaica;;;10510.245;2024-04-25T17:00:00+02:00
1161;Generación medida Solar fotovoltaica;;;8562.383;2024-04-25T18:00:00+02:00
1161;Generación medida Solar fotovoltaica;;;5844.889;2024-04-25T19:00:00+02:00
1161;Generación medida Solar fotovoltaica;;;1433.048;2024-04-25T20:00:00+02:00
1161;Generación medida Solar fotovoltaica;;;7.24;2024-04-25T21:00:00+02:00
1161;Generación medida Solar fotovoltaica;;;2.139;2024-04-25T22:00:00+02:00
1161;Generación medida Solar fotovoltaica;;;3.024;2024-04-25T23:00:00+02:00
1161;Generación medida Solar fotovoltaica;;;3.018;2024-04-26T00:00:00+02:00
1161;Generación medida Solar fotovoltaica;;;0.425;2024-04-26T01:00:00+02:00
1161;Generación medida Solar fotovoltaica;;;0.184;2024-04-26T02:00:00+02:00
1161;Generación medida Solar fotovoltaica;;;0.211;2024-04-26T03:00:00+02:00
1161;Generación medida Solar fotovoltaica;;;0.258;2024-04-26T04:00:00+02:00
1161;Generación medida Solar fotovoltaica;;;0.237;2024-04-26T05:00:00+02:00
1161;Generación medida Solar fotovoltaica;;;0.852;2024-04-26T06:00:00+02:00
1161;Generación medida Solar fotovoltaica;;;319.068;2024-04-26T07:00:00+02:00
1161;Generación medida Solar fotovoltaica;;;3573.605;2024-04-26T08:00:00+02:00
1161;Generación medida Solar fotovoltaica;;;8505.208;2024-04-26T09:00:00+02:00
1161;Generación medida Solar fotovoltaica;;;12388.486;2024-04-26T10:00:00+02:00
1161;Generación medida Solar fotovoltaica;;;13601.73;2024-04-26T11:00:00+02:00
1161;Generación medida Solar fotovoltaica;;;13994.08;2024-04-26T12:00:00+02:00
1161;Generación medida Solar fotovoltaica;;;13928.748;2024-04-26T13:00:00+02:00
1161;Generación medida Solar fotovoltaica;;;13679.443;2024-04-26T14:00:00+02:00
1161;Generación medida Solar fotovoltaica;;;13196.469;2024-04-26T15:00:00+02:00
1161;Generación medida Solar fotovoltaica;;;12223.955;2024-04-26T16:00:00+02:00
1161;Generación medida Solar fotovoltaica;;;10383.906;2024-04-26T17:00:00+02:00
1161;Generación medida Solar fotovoltaica;;;7333.372;2024-04-26T18:00:00+02:00
1161;Generación medida Solar fotovoltaica;;;3680.815;2024-04-26T19:00:00+02:00
1161;Generación medida Solar fotovoltaica;;;724.709;2024-04-26T20:00:00+02:00
1161;Generación medida Solar fotovoltaica;;;4.413;2024-04-26T21:00:00+02:00
1161;Generación medida Solar fotovoltaica;;;0.167;2024-04-26T22:00:00+02:00
1161;Generación medida Solar fotovoltaica;;;0.181;2024-04-26T23:00:00+02:00
1161;Generación medida Solar fotovoltaica;;;0.219;2024-04-27T00:00:00+02:00
1161;Generación medida Solar fotovoltaica;;;0.171;2024-04-27T01:00:00+02:00
1161;Generación medida Solar fotovoltaica;;;0.21;2024-04-27T02:00:00+02:00
1161;Generación medida Solar fotovoltaica;;;0.214;2024-04-27T03:00:00+02:00
1161;Generación medida Solar fotovoltaica;;;0.238;2024-04-27T04:00:00+02:00
1161;Generación medida Solar fotovoltaica;;;0.232;2024-04-27T05:00:00+02:00
1161;Generación medida Solar fotovoltaica;;;0.588;2024-04-27T06:00:00+02:00
1161;Generación medida Solar fotovoltaica;;;142.902;2024-04-27T07:00:00+02:00
1161;Generación medida Solar fotovoltaica;;;1980.682;2024-04-27T08:00:00+02:00
1161;Generación medida Solar fotovoltaica;;;4984.042;2024-04-27T09:00:00+02:00
1161;Generación medida Solar fotovoltaica;;;7313.193;2024-04-27T10:00:00+02:00
1161;Generación medida Solar fotovoltaica;;;9575.642;2024-04-27T11:00:00+02:00
1161;Generación medida Solar fotovoltaica;;;11756.087;2024-04-27T12:00:00+02:00
1161;Generación medida Solar fotovoltaica;;;11933.593;2024-04-27T13:00:00+02:00
1161;Generación medida Solar fotovoltaica;;;11044.535;2024-04-27T14:00:00+02:00
1161;Generación medida Solar fotovoltaica;;;11459.058;2024-04-27T15:00:00+02:00
1161;Generación medida Solar fotovoltaica;;;10848.498;2024-04-27T16:00:00+02:00
1161;Generación medida Solar fotovoltaica;;;10346.518;2024-04-27T17:00:00+02:00
1161;Generación medida Solar fotovoltaica;;;9893.078;2024-04-27T18:00:00+02:00
1161;Generación medida Solar fotovoltaica;;;6847.497;2024-04-27T19:00:00+02:00
1161;Generación medida Solar fotovoltaica;;;1589.266;2024-04-27T20:00:00+02:00
1161;Generación medida Solar fotovoltaica;;;10.93;2024-04-27T21:00:00+02:00
1161;Generación medida Solar fotovoltaica;;;1.199;2024-04-27T22:00:00+02:00
1161;Generación medida Solar fotovoltaica;;;1.493;2024-04-27T23:00:00+02:00
1161;Generación medida Solar fotovoltaica;;;1.514;2024-04-28T00:00:00+02:00
1161;Generación medida Solar fotovoltaica;;;0.529;2024-04-28T01:00:00+02:00
1161;Generación medida Solar fotovoltaica;;;0.187;2024-04-28T02:00:00+02:00
1161;Generación medida Solar fotovoltaica;;;0.216;2024-04-28T03:00:00+02:00
1161;Generación medida Solar fotovoltaica;;;0.318;2024-04-28T04:00:00+02:00
1161;Generación medida Solar fotovoltaica;;;0.358;2024-04-28T05:00:00+02:00
1161;Generación medida Solar fotovoltaica;;;1.53;2024-04-28T06:00:00+02:00
1161;Generación medida Solar fotovoltaica;;;325.892;2024-04-28T07:00:00+02:00
1161;Generación medida Solar fotovoltaica;;;4382.403;2024-04-28T08:00:00+02:00
1161;Generación medida Solar fotovoltaica;;;10920.035;2024-04-28T09:00:00+02:00
1161;Generación medida Solar fotovoltaica;;;13858.922;2024-04-28T10:00:00+02:00
1161;Generación medida Solar fotovoltaica;;;14177.853;2024-04-28T11:00:00+02:00
1161;Generación medida Solar fotovoltaica;;;14326.658;2024-04-28T12:00:00+02:00
1161;Generación medida Solar fotovoltaica;;;14042.239;2024-04-28T13:00:00+02:00
1161;Generación medida Solar fotovoltaica;;;13598.781;2024-04-28T14:00:00+02:00
1161;Generación medida Solar fotovoltaica;;;12271.106;2024-04-28T15:00:00+02:00
1161;Generación medida Solar fotovoltaica;;;10697.841;2024-04-28T16:00:00+02:00
1161;Generación medida Solar fotovoltaica;;;10309.833;2024-04-28T17:00:00+02:00
1161;Generación medida Solar fotovoltaica;;;9587.956;2024-04-28T18:00:00+02:00
1161;Generación medida Solar fotovoltaica;;;5973.632;2024-04-28T19:00:00+02:00
1161;Generación medida Solar fotovoltaica;;;1578.95;2024-04-28T20:00:00+02:00
1161;Generación medida Solar fotovoltaica;;;12.632;2024-04-28T21:00:00+02:00
1161;Generación medida Solar fotovoltaica;;;0.154;2024-04-28T22:00:00+02:00
1161;Generación medida Solar fotovoltaica;;;0.179;2024-04-28T23:00:00+02:00
1161;Generación medida Solar fotovoltaica;;;0.17;2024-04-29T00:00:00+02:00
1161;Generación medida Solar fotovoltaica;;;0.126;2024-04-29T01:00:00+02:00
1161;Generación medida Solar fotovoltaica;;;0.141;2024-04-29T02:00:00+02:00
1161;Generación medida Solar fotovoltaica;;;0.151;2024-04-29T03:00:00+02:00
1161;Generación medida Solar fotovoltaica;;;0.227;2024-04-29T04:00:00+02:00
1161;Generación medida Solar fotovoltaica;;;0.203;2024-04-29T05:00:00+02:00
1161;Generación medida Solar fotovoltaica;;;1.141;2024-04-29T06:00:00+02:00
1161;Generación medida Solar fotovoltaica;;;205.633;2024-04-29T07:00:00+02:00
1161;Generación medida Solar fotovoltaica;;;3458.908;2024-04-29T08:00:00+02:00
1161;Generación medida Solar fotovoltaica;;;8901.211;2024-04-29T09:00:00+02:00
1161;Generación medida Solar fotovoltaica;;;12171.242;2024-04-29T10:00:00+02:00
1161;Generación medida Solar fotovoltaica;;;13855.317;2024-04-29T11:00:00+02:00
1161;Generación medida Solar fotovoltaica;;;14580.48;2024-04-29T12:00:00+02:00
1161;Generación medida Solar fotovoltaica;;;14330.379;2024-04-29T13:00:00+02:00
1161;Generación medida Solar fotovoltaica;;;13060.786;2024-04-29T14:00:00+02:00
1161;Generación medida Solar fotovoltaica;;;11720.989;2024-04-29T15:00:00+02:00
1161;Generación medida Solar fotovoltaica;;;10936.733;2024-04-29T16:00:00+02:00
1161;Generación medida Solar fotovoltaica;;;10082.323;2024-04-29T17:00:00+02:00
1161;Generación medida Solar fotovoltaica;;;8528.233;2024-04-29T18:00:00+02:00
1161;Generación medida Solar fotovoltaica;;;5047.759;2024-04-29T19:00:00+02:00
1161;Generación medida Solar fotovoltaica;;;1305.054;2024-04-29T20:00:00+02:00
1161;Generación medida Solar fotovoltaica;;;12.789;2024-04-29T21:00:00+02:00
1161;Generación medida Solar fotovoltaica;;;0.14;2024-04-29T22:00:00+02:00
1161;Generación medida Solar fotovoltaica;;;0.103;2024-04-29T23:00:00+02:00
1161;Generación medida Solar fotovoltaica;;;0.066;2024-04-30T00:00:00+02:00
1161;Generación medida Solar fotovoltaica;;;0.056;2024-04-30T01:00:00+02:00
1161;Generación medida Solar fotovoltaica;;;0.046;2024-04-30T02:00:00+02:00
1161;Generación medida Solar fotovoltaica;;;0.067;2024-04-30T03:00:00+02:00
1161;Generación medida Solar fotovoltaica;;;0.158;2024-04-30T04:00:00+02:00
1161;Generación medida Solar fotovoltaica;;;0.175;2024-04-30T05:00:00+02:00
1161;Generación medida Solar fotovoltaica;;;1.379;2024-04-30T06:00:00+02:00
1161;Generación medida Solar fotovoltaica;;;312.577;2024-04-30T07:00:00+02:00
1161;Generación medida Solar fotovoltaica;;;3824.799;2024-04-30T08:00:00+02:00
1161;Generación medida Solar fotovoltaica;;;9557.559;2024-04-30T09:00:00+02:00
1161;Generación medida Solar fotovoltaica;;;12518.925;2024-04-30T10:00:00+02:00
1161;Generación medida Solar fotovoltaica;;;14203.559;2024-04-30T11:00:00+02:00
1161;Generación medida Solar fotovoltaica;;;14227.971;2024-04-30T12:00:00+02:00
1161;Generación medida Solar fotovoltaica;;;13492.856;2024-04-30T13:00:00+02:00
1161;Generación medida Solar fotovoltaica;;;13824.683;2024-04-30T14:00:00+02:00
1161;Generación medida Solar fotovoltaica;;;12658.245;2024-04-30T15:00:00+02:00
1161;Generación medida Solar fotovoltaica;;;11562.286;2024-04-30T16:00:00+02:00
1161;Generación medida Solar fotovoltaica;;;9690.232;2024-04-30T17:00:00+02:00
1161;Generación medida Solar fotovoltaica;;;7250.429;2024-04-30T18:00:00+02:00
1161;Generación medida Solar fotovoltaica;;;4296.757;2024-04-30T19:00:00+02:00
1161;Generación medida Solar fotovoltaica;;;1112.035;2024-04-30T20:00:00+02:00
1161;Generación medida Solar fotovoltaica;;;15.213;2024-04-30T21:00:00+02:00
1161;Generación medida Solar fotovoltaica;;;5.324;2024-04-30T22:00:00+02:00
1161;Generación medida Solar fotovoltaica;;;1.327;2024-04-30T23:00:00+02:00
1162;Generación medida Solar térmica;;;31.571;2024-04-01T00:00:00+02:00
1162;Generación medida Solar térmica;;;31.268;2024-04-01T01:00:00+02:00
1162;Generación medida Solar térmica;;;29.655;2024-04-01T02:00:00+02:00
1162;Generación medida Solar térmica;;;7.641;2024-04-01T03:00:00+02:00
1162;Generación medida Solar térmica;;;0.001;2024-04-01T08:00:00+02:00
1162;Generación medida Solar térmica;;;0.004;2024-04-01T09:00:00+02:00
1162;Generación medida Solar térmica;;;104.152;2024-04-01T10:00:00+02:00
1162;Generación medida Solar térmica;;;452.905;2024-04-01T11:00:00+02:00
1162;Generación medida Solar térmica;;;614.609;2024-04-01T12:00:00+02:00
1162;Generación medida Solar térmica;;;564.595;2024-04-01T13:00:00+02:00
1162;Generación medida Solar térmica;;;681.969;2024-04-01T14:00:00+02:00
1162;Generación medida Solar térmica;;;731.846;2024-04-01T15:00:00+02:00
1162;Generación medida Solar térmica;;;812.496;2024-04-01T16:00:00+02:00
1162;Generación medida Solar térmica;;;730.12;2024-04-01T17:00:00+02:00
1162;Generación medida Solar térmica;;;871.301;2024-04-01T18:00:00+02:00
1162;Generación medida Solar térmica;;;807.458;2024-04-01T19:00:00+02:00
1162;Generación medida Solar térmica;;;530.473;2024-04-01T20:00:00+02:00
1162;Generación medida Solar térmica;;;333.933;2024-04-01T21:00:00+02:00
1162;Generación medida Solar térmica;;;301.637;2024-04-01T22:00:00+02:00
1162;Generación medida Solar térmica;;;276.851;2024-04-01T23:00:00+02:00
1162;Generación medida Solar térmica;;;190.876;2024-04-02T00:00:00+02:00
1162;Generación medida Solar térmica;;;129.995;2024-04-02T01:00:00+02:00
1162;Generación medida Solar térmica;;;122.595;2024-04-02T02:00:00+02:00
1162;Generación medida Solar térmica;;;107.199;2024-04-02T03:00:00+02:00
1162;Generación medida Solar térmica;;;44.777;2024-04-02T04:00:00+02:00
1162;Generación medida Solar térmica;;;0.002;2024-04-02T08:00:00+02:00
1162;Generación medida Solar térmica;;;26.675;2024-04-02T09:00:00+02:00
1162;Generación medida Solar térmica;;;162.138;2024-04-02T10:00:00+02:00
1162;Generación medida Solar térmica;;;162.721;2024-04-02T11:00:00+02:00
1162;Generación medida Solar térmica;;;141.549;2024-04-02T12:00:00+02:00
1162;Generación medida Solar térmica;;;295.308;2024-04-02T13:00:00+02:00
1162;Generación medida Solar térmica;;;444.201;2024-04-02T14:00:00+02:00
1162;Generación medida Solar térmica;;;411.282;2024-04-02T15:00:00+02:00
1162;Generación medida Solar térmica;;;471.871;2024-04-02T16:00:00+02:00
1162;Generación medida Solar térmica;;;277.508;2024-04-02T17:00:00+02:00
1162;Generación medida Solar térmica;;;177.402;2024-04-02T18:00:00+02:00
1162;Generación medida Solar térmica;;;224.257;2024-04-02T19:00:00+02:00
1162;Generación medida Solar térmica;;;250.984;2024-04-02T20:00:00+02:00
1162;Generación medida Solar térmica;;;174.879;2024-04-02T21:00:00+02:00
1162;Generación medida Solar térmica;;;165.341;2024-04-02T22:00:00+02:00
1162;Generación medida Solar térmica;;;87.472;2024-04-02T23:00:00+02:00
1162;Generación medida Solar térmica;;;6.085;2024-04-03T00:00:00+02:00
1162;Generación medida Solar térmica;;;1.912;2024-04-03T04:00:00+02:00
1162;Generación medida Solar térmica;;;8.883;2024-04-03T05:00:00+02:00
1162;Generación medida Solar térmica;;;9.101;2024-04-03T06:00:00+02:00
1162;Generación medida Solar térmica;;;9.112;2024-04-03T07:00:00+02:00
1162;Generación medida Solar térmica;;;8.962;2024-04-03T08:00:00+02:00
1162;Generación medida Solar térmica;;;31.185;2024-04-03T09:00:00+02:00
1162;Generación medida Solar térmica;;;131.518;2024-04-03T10:00:00+02:00
1162;Generación medida Solar térmica;;;215.879;2024-04-03T11:00:00+02:00
1162;Generación medida Solar térmica;;;372.201;2024-04-03T12:00:00+02:00
1162;Generación medida Solar térmica;;;545.444;2024-04-03T13:00:00+02:00
1162;Generación medida Solar térmica;;;765.255;2024-04-03T14:00:00+02:00
1162;Generación medida Solar térmica;;;917.569;2024-04-03T15:00:00+02:00
1162;Generación medida Solar térmica;;;1031.586;2024-04-03T16:00:00+02:00
1162;Generación medida Solar térmica;;;1249.18;2024-04-03T17:00:00+02:00
1162;Generación medida Solar térmica;;;1467.288;2024-04-03T18:00:00+02:00
1162;Generación medida Solar térmica;;;1310.508;2024-04-03T19:00:00+02:00
1162;Generación medida Solar térmica;;;764.354;2024-04-03T20:00:00+02:00
1162;Generación medida Solar térmica;;;452.072;2024-04-03T21:00:00+02:00
1162;Generación medida Solar térmica;;;417.855;2024-04-03T22:00:00+02:00
1162;Generación medida Solar térmica;;;401.442;2024-04-03T23:00:00+02:00
1162;Generación medida Solar térmica;;;351.699;2024-04-04T00:00:00+02:00
1162;Generación medida Solar térmica;;;312.064;2024-04-04T01:00:00+02:00
1162;Generación medida Solar térmica;;;215.356;2024-04-04T02:00:00+02:00
1162;Generación medida Solar térmica;;;188.022;2024-04-04T03:00:00+02:00
1162;Generación medida Solar térmica;;;69.837;2024-04-04T04:00:00+02:00
1162;Generación medida Solar térmica;;;58.265;2024-04-04T05:00:00+02:00
1162;Generación medida Solar térmica;;;33.774;2024-04-04T06:00:00+02:00
1162;Generación medida Solar térmica;;;0.391;2024-04-04T07:00:00+02:00
1162;Generación medida Solar térmica;;;5.513;2024-04-04T08:00:00+02:00
1162;Generación medida Solar térmica;;;24.623;2024-04-04T09:00:00+02:00
1162;Generación medida Solar térmica;;;374.504;2024-04-04T10:00:00+02:00
1162;Generación medida Solar térmica;;;1197.453;2024-04-04T11:00:00+02:00
1162;Generación medida Solar térmica;;;1597.589;2024-04-04T12:00:00+02:00
1162;Generación medida Solar térmica;;;1596.414;2024-04-04T13:00:00+02:00
1162;Generación medida Solar térmica;;;1572.7;2024-04-04T14:00:00+02:00
1162;Generación medida Solar térmica;;;1520.885;2024-04-04T15:00:00+02:00
1162;Generación medida Solar térmica;;;1400.737;2024-04-04T16:00:00+02:00
1162;Generación medida Solar térmica;;;1097.091;2024-04-04T17:00:00+02:00
1162;Generación medida Solar térmica;;;952.036;2024-04-04T18:00:00+02:00
1162;Generación medida Solar térmica;;;837.602;2024-04-04T19:00:00+02:00
1162;Generación medida Solar térmica;;;577.831;2024-04-04T20:00:00+02:00
1162;Generación medida Solar térmica;;;547.648;2024-04-04T21:00:00+02:00
1162;Generación medida Solar térmica;;;484.684;2024-04-04T22:00:00+02:00
1162;Generación medida Solar térmica;;;433.26;2024-04-04T23:00:00+02:00
1162;Generación medida Solar térmica;;;405.394;2024-04-05T00:00:00+02:00
1162;Generación medida Solar térmica;;;313.634;2024-04-05T01:00:00+02:00
1162;Generación medida Solar térmica;;;214.087;2024-04-05T02:00:00+02:00
1162;Generación medida Solar térmica;;;153.045;2024-04-05T03:00:00+02:00
1162;Generación medida Solar térmica;;;36.764;2024-04-05T04:00:00+02:00
1162;Generación medida Solar térmica;;;28.569;2024-04-05T05:00:00+02:00
1162;Generación medida Solar térmica;;;10.795;2024-04-05T06:00:00+02:00
1162;Generación medida Solar térmica;;;2.938;2024-04-05T07:00:00+02:00
1162;Generación medida Solar térmica;;;7.738;2024-04-05T08:00:00+02:00
1162;Generación medida Solar térmica;;;14.376;2024-04-05T09:00:00+02:00
1162;Generación medida Solar térmica;;;307.915;2024-04-05T10:00:00+02:00
1162;Generación medida Solar térmica;;;940.693;2024-04-05T11:00:00+02:00
1162;Generación medida Solar térmica;;;1205.167;2024-04-05T12:00:00+02:00
1162;Generación medida Solar térmica;;;1243.523;2024-04-05T13:00:00+02:00
1162;Generación medida Solar térmica;;;1155.691;2024-04-05T14:00:00+02:00
1162;Generación medida Solar térmica;;;1184.037;2024-04-05T15:00:00+02:00
1162;Generación medida Solar térmica;;;1312.099;2024-04-05T16:00:00+02:00
1162;Generación medida Solar térmica;;;1252.011;2024-04-05T17:00:00+02:00
1162;Generación medida Solar térmica;;;1204.554;2024-04-05T18:00:00+02:00
1162;Generación medida Solar térmica;;;903.516;2024-04-05T19:00:00+02:00
1162;Generación medida Solar térmica;;;497.214;2024-04-05T20:00:00+02:00
1162;Generación medida Solar térmica;;;381.784;2024-04-05T21:00:00+02:00
1162;Generación medida Solar térmica;;;326.554;2024-04-05T22:00:00+02:00
1162;Generación medida Solar térmica;;;240.976;2024-04-05T23:00:00+02:00
1162;Generación medida Solar térmica;;;182.656;2024-04-06T00:00:00+02:00
1162;Generación medida Solar térmica;;;138.856;2024-04-06T01:00:00+02:00
1162;Generación medida Solar térmica;;;119.128;2024-04-06T02:00:00+02:00
1162;Generación medida Solar térmica;;;75.174;2024-04-06T03:00:00+02:00
1162;Generación medida Solar térmica;;;50.782;2024-04-06T04:00:00+02:00
1162;Generación medida Solar térmica;;;25.219;2024-04-06T05:00:00+02:00
1162;Generación medida Solar térmica;;;16.301;2024-04-06T06:00:00+02:00
1162;Generación medida Solar térmica;;;15.98;2024-04-06T07:00:00+02:00
1162;Generación medida Solar térmica;;;16.028;2024-04-06T08:00:00+02:00
1162;Generación medida Solar térmica;;;16.284;2024-04-06T09:00:00+02:00
1162;Generación medida Solar térmica;;;8.554;2024-04-06T10:00:00+02:00
1162;Generación medida Solar térmica;;;5.065;2024-04-06T11:00:00+02:00
1162;Generación medida Solar térmica;;;18.191;2024-04-06T12:00:00+02:00
1162;Generación medida Solar térmica;;;34.17;2024-04-06T13:00:00+02:00
1162;Generación medida Solar térmica;;;24.531;2024-04-06T14:00:00+02:00
1162;Generación medida Solar térmica;;;10.494;2024-04-06T15:00:00+02:00
1162;Generación medida Solar térmica;;;5.083;2024-04-06T16:00:00+02:00
1162;Generación medida Solar térmica;;;5.105;2024-04-06T17:00:00+02:00
1162;Generación medida Solar térmica;;;5.054;2024-04-06T18:00:00+02:00
1162;Generación medida Solar térmica;;;5.072;2024-04-06T19:00:00+02:00
1162;Generación medida Solar térmica;;;9.97;2024-04-06T20:00:00+02:00
1162;Generación medida Solar térmica;;;10.007;2024-04-06T21:00:00+02:00
1162;Generación medida Solar térmica;;;10.523;2024-04-06T22:00:00+02:00
1162;Generación medida Solar térmica;;;10.675;2024-04-06T23:00:00+02:00
1162;Generación medida Solar térmica;;;5.27;2024-04-07T00:00:00+02:00
1162;Generación medida Solar térmica;;;5.097;2024-04-07T01:00:00+02:00
1162;Generación medida Solar térmica;;;5.083;2024-04-07T02:00:00+02:00
1162;Generación medida Solar térmica;;;5.042;2024-04-07T03:00:00+02:00
1162;Generación medida Solar térmica;;;5.01;2024-04-07T04:00:00+02:00
1162;Generación medida Solar térmica;;;5.005;2024-04-07T05:00:00+02:00
1162;Generación medida Solar térmica;;;4.998;2024-04-07T06:00:00+02:00
1162;Generación medida Solar térmica;;;5.01;2024-04-07T07:00:00+02:00
1162;Generación medida Solar térmica;;;5.002;2024-04-07T08:00:00+02:00
1162;Generación medida Solar térmica;;;5.04;2024-04-07T09:00:00+02:00
1162;Generación medida Solar térmica;;;13.454;2024-04-07T10:00:00+02:00
1162;Generación medida Solar térmica;;;91.623;2024-04-07T11:00:00+02:00
1162;Generación medida Solar térmica;;;190.47;2024-04-07T12:00:00+02:00
1162;Generación medida Solar térmica;;;340.296;2024-04-07T13:00:00+02:00
1162;Generación medida Solar térmica;;;579.573;2024-04-07T14:00:00+02:00
1162;Generación medida Solar térmica;;;632.427;2024-04-07T15:00:00+02:00
1162;Generación medida Solar térmica;;;686.66;2024-04-07T16:00:00+02:00
1162;Generación medida Solar térmica;;;822.1;2024-04-07T17:00:00+02:00
1162;Generación medida Solar térmica;;;792.123;2024-04-07T18:00:00+02:00
1162;Generación medida Solar térmica;;;531.564;2024-04-07T19:00:00+02:00
1162;Generación medida Solar térmica;;;384.884;2024-04-07T20:00:00+02:00
1162;Generación medida Solar térmica;;;365.512;2024-04-07T21:00:00+02:00
1162;Generación medida Solar térmica;;;325.032;2024-04-07T22:00:00+02:00
1162;Generación medida Solar térmica;;;204.669;2024-04-07T23:00:00+02:00
1162;Generación medida Solar térmica;;;163.516;2024-04-08T00:00:00+02:00
1162;Generación medida Solar térmica;;;103.826;2024-04-08T01:00:00+02:00
1162;Generación medida Solar térmica;;;73.117;2024-04-08T02:00:00+02:00
1162;Generación medida Solar térmica;;;72.189;2024-04-08T03:00:00+02:00
1162;Generación medida Solar térmica;;;67.898;2024-04-08T04:00:00+02:00
1162;Generación medida Solar térmica;;;26.09;2024-04-08T05:00:00+02:00
1162;Generación medida Solar térmica;;;5.273;2024-04-08T06:00:00+02:00
1162;Generación medida Solar térmica;;;9.992;2024-04-08T07:00:00+02:00
1162;Generación medida Solar térmica;;;9.962;2024-04-08T08:00:00+02:00
1162;Generación medida Solar térmica;;;6.822;2024-04-08T09:00:00+02:00
1162;Generación medida Solar térmica;;;167.347;2024-04-08T10:00:00+02:00
1162;Generación medida Solar térmica;;;378.397;2024-04-08T11:00:00+02:00
1162;Generación medida Solar térmica;;;559.891;2024-04-08T12:00:00+02:00
1162;Generación medida Solar térmica;;;643.488;2024-04-08T13:00:00+02:00
1162;Generación medida Solar térmica;;;588.88;2024-04-08T14:00:00+02:00
1162;Generación medida Solar térmica;;;472.13;2024-04-08T15:00:00+02:00
1162;Generación medida Solar térmica;;;280.096;2024-04-08T16:00:00+02:00
1162;Generación medida Solar térmica;;;396.236;2024-04-08T17:00:00+02:00
1162;Generación medida Solar térmica;;;562.151;2024-04-08T18:00:00+02:00
1162;Generación medida Solar térmica;;;679.619;2024-04-08T19:00:00+02:00
1162;Generación medida Solar térmica;;;478.612;2024-04-08T20:00:00+02:00
1162;Generación medida Solar térmica;;;280.717;2024-04-08T21:00:00+02:00
1162;Generación medida Solar térmica;;;154.704;2024-04-08T22:00:00+02:00
1162;Generación medida Solar térmica;;;76.652;2024-04-08T23:00:00+02:00
1162;Generación medida Solar térmica;;;36.787;2024-04-09T00:00:00+02:00
1162;Generación medida Solar térmica;;;23.163;2024-04-09T01:00:00+02:00
1162;Generación medida Solar térmica;;;22.912;2024-04-09T02:00:00+02:00
1162;Generación medida Solar térmica;;;15.047;2024-04-09T03:00:00+02:00
1162;Generación medida Solar térmica;;;4.925;2024-04-09T04:00:00+02:00
1162;Generación medida Solar térmica;;;4.915;2024-04-09T05:00:00+02:00
1162;Generación medida Solar térmica;;;5.391;2024-04-09T06:00:00+02:00
1162;Generación medida Solar térmica;;;17.943;2024-04-09T07:00:00+02:00
1162;Generación medida Solar térmica;;;25.769;2024-04-09T08:00:00+02:00
1162;Generación medida Solar térmica;;;117.319;2024-04-09T09:00:00+02:00
1162;Generación medida Solar térmica;;;1148.07;2024-04-09T10:00:00+02:00
1162;Generación medida Solar térmica;;;1837.489;2024-04-09T11:00:00+02:00
1162;Generación medida Solar térmica;;;1936.15;2024-04-09T12:00:00+02:00
1162;Generación medida Solar térmica;;;1773.141;2024-04-09T13:00:00+02:00
1162;Generación medida Solar térmica;;;1695.357;2024-04-09T14:00:00+02:00
1162;Generación medida Solar térmica;;;1678.592;2024-04-09T15:00:00+02:00
1162;Generación medida Solar térmica;;;1659.385;2024-04-09T16:00:00+02:00
1162;Generación medida Solar térmica;;;1702.064;2024-04-09T17:00:00+02:00
1162;Generación medida Solar térmica;;;1809.552;2024-04-09T18:00:00+02:00
1162;Generación medida Solar térmica;;;1719.845;2024-04-09T19:00:00+02:00
1162;Generación medida Solar térmica;;;1018.403;2024-04-09T20:00:00+02:00
1162;Generación medida Solar térmica;;;614.182;2024-04-09T21:00:00+02:00
1162;Generación medida Solar térmica;;;558.919;2024-04-09T22:00:00+02:00
1162;Generación medida Solar térmica;;;556.98;2024-04-09T23:00:00+02:00
1162;Generación medida Solar térmica;;;555.036;2024-04-10T00:00:00+02:00
1162;Generación medida Solar térmica;;;554.275;2024-04-10T01:00:00+02:00
1162;Generación medida Solar térmica;;;540.516;2024-04-10T02:00:00+02:00
1162;Generación medida Solar térmica;;;524.396;2024-04-10T03:00:00+02:00
1162;Generación medida Solar térmica;;;496.178;2024-04-10T04:00:00+02:00
1162;Generación medida Solar térmica;;;310.79;2024-04-10T05:00:00+02:00
1162;Generación medida Solar térmica;;;168.408;2024-04-10T06:00:00+02:00
1162;Generación medida Solar térmica;;;132.319;2024-04-10T07:00:00+02:00
1162;Generación medida Solar térmica;;;95.59;2024-04-10T08:00:00+02:00
1162;Generación medida Solar térmica;;;281.188;2024-04-10T09:00:00+02:00
1162;Generación medida Solar térmica;;;1455.618;2024-04-10T10:00:00+02:00
1162;Generación medida Solar térmica;;;1707.496;2024-04-10T11:00:00+02:00
1162;Generación medida Solar térmica;;;1635.476;2024-04-10T12:00:00+02:00
1162;Generación medida Solar térmica;;;1628.467;2024-04-10T13:00:00+02:00
1162;Generación medida Solar térmica;;;1609.46;2024-04-10T14:00:00+02:00
1162;Generación medida Solar térmica;;;1633.298;2024-04-10T15:00:00+02:00
1162;Generación medida Solar térmica;;;1630.459;2024-04-10T16:00:00+02:00
1162;Generación medida Solar térmica;;;1612.715;2024-04-10T17:00:00+02:00
1162;Generación medida Solar térmica;;;1541.059;2024-04-10T18:00:00+02:00
1162;Generación medida Solar térmica;;;1435.708;2024-04-10T19:00:00+02:00
1162;Generación medida Solar térmica;;;863.8;2024-04-10T20:00:00+02:00
1162;Generación medida Solar térmica;;;638.416;2024-04-10T21:00:00+02:00
1162;Generación medida Solar térmica;;;556.065;2024-04-10T22:00:00+02:00
1162;Generación medida Solar térmica;;;541.687;2024-04-10T23:00:00+02:00
1162;Generación medida Solar térmica;;;524.227;2024-04-11T00:00:00+02:00
1162;Generación medida Solar térmica;;;488.291;2024-04-11T01:00:00+02:00
1162;Generación medida Solar térmica;;;430.238;2024-04-11T02:00:00+02:00
1162;Generación medida Solar térmica;;;384.154;2024-04-11T03:00:00+02:00
1162;Generación medida Solar térmica;;;317.12;2024-04-11T04:00:00+02:00
1162;Generación medida Solar térmica;;;240.806;2024-04-11T05:00:00+02:00
1162;Generación medida Solar térmica;;;228.656;2024-04-11T06:00:00+02:00
1162;Generación medida Solar térmica;;;203.132;2024-04-11T07:00:00+02:00
1162;Generación medida Solar térmica;;;171.812;2024-04-11T08:00:00+02:00
1162;Generación medida Solar térmica;;;301.955;2024-04-11T09:00:00+02:00
1162;Generación medida Solar térmica;;;1337.887;2024-04-11T10:00:00+02:00
1162;Generación medida Solar térmica;;;1688.595;2024-04-11T11:00:00+02:00
1162;Generación medida Solar térmica;;;1675.954;2024-04-11T12:00:00+02:00
1162;Generación medida Solar térmica;;;1675.315;2024-04-11T13:00:00+02:00
1162;Generación medida Solar térmica;;;1679.102;2024-04-11T14:00:00+02:00
1162;Generación medida Solar térmica;;;1684.943;2024-04-11T15:00:00+02:00
1162;Generación medida Solar térmica;;;1705.628;2024-04-11T16:00:00+02:00
1162;Generación medida Solar térmica;;;1711.272;2024-04-11T17:00:00+02:00
1162;Generación medida Solar térmica;;;1757.063;2024-04-11T18:00:00+02:00
1162;Generación medida Solar térmica;;;1617.163;2024-04-11T19:00:00+02:00
1162;Generación medida Solar térmica;;;1029.113;2024-04-11T20:00:00+02:00
1162;Generación medida Solar térmica;;;683.945;2024-04-11T21:00:00+02:00
1162;Generación medida Solar térmica;;;635.212;2024-04-11T22:00:00+02:00
1162;Generación medida Solar térmica;;;627.886;2024-04-11T23:00:00+02:00
1162;Generación medida Solar térmica;;;580.642;2024-04-12T00:00:00+02:00
1162;Generación medida Solar térmica;;;495.586;2024-04-12T01:00:00+02:00
1162;Generación medida Solar térmica;;;486.289;2024-04-12T02:00:00+02:00
1162;Generación medida Solar térmica;;;479.323;2024-04-12T03:00:00+02:00
1162;Generación medida Solar térmica;;;458.457;2024-04-12T04:00:00+02:00
1162;Generación medida Solar térmica;;;312.009;2024-04-12T05:00:00+02:00
1162;Generación medida Solar térmica;;;266.281;2024-04-12T06:00:00+02:00
1162;Generación medida Solar térmica;;;272.905;2024-04-12T07:00:00+02:00
1162;Generación medida Solar térmica;;;215.485;2024-04-12T08:00:00+02:00
1162;Generación medida Solar térmica;;;326.878;2024-04-12T09:00:00+02:00
1162;Generación medida Solar térmica;;;1240.358;2024-04-12T10:00:00+02:00
1162;Generación medida Solar térmica;;;1442.983;2024-04-12T11:00:00+02:00
1162;Generación medida Solar térmica;;;1501.909;2024-04-12T12:00:00+02:00
1162;Generación medida Solar térmica;;;1536.962;2024-04-12T13:00:00+02:00
1162;Generación medida Solar térmica;;;1523.191;2024-04-12T14:00:00+02:00
1162;Generación medida Solar térmica;;;1548.472;2024-04-12T15:00:00+02:00
1162;Generación medida Solar térmica;;;1507.177;2024-04-12T16:00:00+02:00
1162;Generación medida Solar térmica;;;1536.353;2024-04-12T17:00:00+02:00
1162;Generación medida Solar térmica;;;1541.963;2024-04-12T18:00:00+02:00
1162;Generación medida Solar térmica;;;1545.484;2024-04-12T19:00:00+02:00
1162;Generación medida Solar térmica;;;1034.859;2024-04-12T20:00:00+02:00
1162;Generación medida Solar térmica;;;690.442;2024-04-12T21:00:00+02:00
1162;Generación medida Solar térmica;;;649.893;2024-04-12T22:00:00+02:00
1162;Generación medida Solar térmica;;;643.307;2024-04-12T23:00:00+02:00
1162;Generación medida Solar térmica;;;633.092;2024-04-13T00:00:00+02:00
1162;Generación medida Solar térmica;;;624.688;2024-04-13T01:00:00+02:00
1162;Generación medida Solar térmica;;;604.988;2024-04-13T02:00:00+02:00
1162;Generación medida Solar térmica;;;529.31;2024-04-13T03:00:00+02:00
1162;Generación medida Solar térmica;;;437.77;2024-04-13T04:00:00+02:00
1162;Generación medida Solar térmica;;;329.597;2024-04-13T05:00:00+02:00
1162;Generación medida Solar térmica;;;197.553;2024-04-13T06:00:00+02:00
1162;Generación medida Solar térmica;;;138.944;2024-04-13T07:00:00+02:00
1162;Generación medida Solar térmica;;;116.974;2024-04-13T08:00:00+02:00
1162;Generación medida Solar térmica;;;326.679;2024-04-13T09:00:00+02:00
1162;Generación medida Solar térmica;;;1359.205;2024-04-13T10:00:00+02:00
1162;Generación medida Solar térmica;;;1662.931;2024-04-13T11:00:00+02:00
1162;Generación medida Solar térmica;;;1691.298;2024-04-13T12:00:00+02:00
1162;Generación medida Solar térmica;;;1738.267;2024-04-13T13:00:00+02:00
1162;Generación medida Solar térmica;;;1714.568;2024-04-13T14:00:00+02:00
1162;Generación medida Solar térmica;;;1695.256;2024-04-13T15:00:00+02:00
1162;Generación medida Solar térmica;;;1728.127;2024-04-13T16:00:00+02:00
1162;Generación medida Solar térmica;;;1686.582;2024-04-13T17:00:00+02:00
1162;Generación medida Solar térmica;;;1621.59;2024-04-13T18:00:00+02:00
1162;Generación medida Solar térmica;;;1464.429;2024-04-13T19:00:00+02:00
1162;Generación medida Solar térmica;;;928.286;2024-04-13T20:00:00+02:00
1162;Generación medida Solar térmica;;;683.334;2024-04-13T21:00:00+02:00
1162;Generación medida Solar térmica;;;658.575;2024-04-13T22:00:00+02:00
1162;Generación medida Solar térmica;;;653.621;2024-04-13T23:00:00+02:00
1162;Generación medida Solar térmica;;;558.398;2024-04-14T00:00:00+02:00
1162;Generación medida Solar térmica;;;533.313;2024-04-14T01:00:00+02:00
1162;Generación medida Solar térmica;;;534.444;2024-04-14T02:00:00+02:00
1162;Generación medida Solar térmica;;;533.017;2024-04-14T03:00:00+02:00
1162;Generación medida Solar térmica;;;521.33;2024-04-14T04:00:00+02:00
1162;Generación medida Solar térmica;;;359.167;2024-04-14T05:00:00+02:00
1162;Generación medida Solar térmica;;;189.639;2024-04-14T06:00:00+02:00
1162;Generación medida Solar térmica;;;94.677;2024-04-14T07:00:00+02:00
1162;Generación medida Solar térmica;;;24.727;2024-04-14T08:00:00+02:00
1162;Generación medida Solar térmica;;;214.256;2024-04-14T09:00:00+02:00
1162;Generación medida Solar térmica;;;908.99;2024-04-14T10:00:00+02:00
1162;Generación medida Solar térmica;;;1004.058;2024-04-14T11:00:00+02:00
1162;Generación medida Solar térmica;;;928.464;2024-04-14T12:00:00+02:00
1162;Generación medida Solar térmica;;;967.833;2024-04-14T13:00:00+02:00
1162;Generación medida Solar térmica;;;958.728;2024-04-14T14:00:00+02:00
1162;Generación medida Solar térmica;;;963.907;2024-04-14T15:00:00+02:00
1162;Generación medida Solar térmica;;;966.31;2024-04-14T16:00:00+02:00
1162;Generación medida Solar térmica;;;1285.521;2024-04-14T17:00:00+02:00
1162;Generación medida Solar térmica;;;1626.136;2024-04-14T18:00:00+02:00
1162;Generación medida Solar térmica;;;1532.582;2024-04-14T19:00:00+02:00
1162;Generación medida Solar térmica;;;964.866;2024-04-14T20:00:00+02:00
1162;Generación medida Solar térmica;;;678.293;2024-04-14T21:00:00+02:00
1162;Generación medida Solar térmica;;;649.434;2024-04-14T22:00:00+02:00
1162;Generación medida Solar térmica;;;604.322;2024-04-14T23:00:00+02:00
1162;Generación medida Solar térmica;;;568.906;2024-04-15T00:00:00+02:00
1162;Generación medida Solar térmica;;;530.388;2024-04-15T01:00:00+02:00
1162;Generación medida Solar térmica;;;514.441;2024-04-15T02:00:00+02:00
1162;Generación medida Solar térmica;;;477.419;2024-04-15T03:00:00+02:00
1162;Generación medida Solar térmica;;;385.483;2024-04-15T04:00:00+02:00
1162;Generación medida Solar térmica;;;234.405;2024-04-15T05:00:00+02:00
1162;Generación medida Solar térmica;;;158.886;2024-04-15T06:00:00+02:00
1162;Generación medida Solar térmica;;;147.259;2024-04-15T07:00:00+02:00
1162;Generación medida Solar térmica;;;110.436;2024-04-15T08:00:00+02:00
1162;Generación medida Solar térmica;;;159.341;2024-04-15T09:00:00+02:00
1162;Generación medida Solar térmica;;;1166.489;2024-04-15T10:00:00+02:00
1162;Generación medida Solar térmica;;;1584.984;2024-04-15T11:00:00+02:00
1162;Generación medida Solar térmica;;;1607.987;2024-04-15T12:00:00+02:00
1162;Generación medida Solar térmica;;;1637.2;2024-04-15T13:00:00+02:00
1162;Generación medida Solar térmica;;;1657.406;2024-04-15T14:00:00+02:00
1162;Generación medida Solar térmica;;;1616.375;2024-04-15T15:00:00+02:00
1162;Generación medida Solar térmica;;;1598.768;2024-04-15T16:00:00+02:00
1162;Generación medida Solar térmica;;;1596.848;2024-04-15T17:00:00+02:00
1162;Generación medida Solar térmica;;;1605.755;2024-04-15T18:00:00+02:00
1162;Generación medida Solar térmica;;;1420.387;2024-04-15T19:00:00+02:00
1162;Generación medida Solar térmica;;;937.217;2024-04-15T20:00:00+02:00
1162;Generación medida Solar térmica;;;685.707;2024-04-15T21:00:00+02:00
1162;Generación medida Solar térmica;;;600.31;2024-04-15T22:00:00+02:00
1162;Generación medida Solar térmica;;;569.991;2024-04-15T23:00:00+02:00
1162;Generación medida Solar térmica;;;554.397;2024-04-16T00:00:00+02:00
1162;Generación medida Solar térmica;;;488.71;2024-04-16T01:00:00+02:00
1162;Generación medida Solar térmica;;;481.306;2024-04-16T02:00:00+02:00
1162;Generación medida Solar térmica;;;457.173;2024-04-16T03:00:00+02:00
1162;Generación medida Solar térmica;;;439.272;2024-04-16T04:00:00+02:00
1162;Generación medida Solar térmica;;;320.56;2024-04-16T05:00:00+02:00
1162;Generación medida Solar térmica;;;157.894;2024-04-16T06:00:00+02:00
1162;Generación medida Solar térmica;;;124.923;2024-04-16T07:00:00+02:00
1162;Generación medida Solar térmica;;;90.209;2024-04-16T08:00:00+02:00
1162;Generación medida Solar térmica;;;130.526;2024-04-16T09:00:00+02:00
1162;Generación medida Solar térmica;;;1031.385;2024-04-16T10:00:00+02:00
1162;Generación medida Solar térmica;;;1655.447;2024-04-16T11:00:00+02:00
1162;Generación medida Solar térmica;;;1803.87;2024-04-16T12:00:00+02:00
1162;Generación medida Solar térmica;;;1837.741;2024-04-16T13:00:00+02:00
1162;Generación medida Solar térmica;;;1827.226;2024-04-16T14:00:00+02:00
1162;Generación medida Solar térmica;;;1827.954;2024-04-16T15:00:00+02:00
1162;Generación medida Solar térmica;;;1803.96;2024-04-16T16:00:00+02:00
1162;Generación medida Solar térmica;;;1764.885;2024-04-16T17:00:00+02:00
1162;Generación medida Solar térmica;;;1664.627;2024-04-16T18:00:00+02:00
1162;Generación medida Solar térmica;;;1394.909;2024-04-16T19:00:00+02:00
1162;Generación medida Solar térmica;;;820.709;2024-04-16T20:00:00+02:00
1162;Generación medida Solar térmica;;;573.641;2024-04-16T21:00:00+02:00
1162;Generación medida Solar térmica;;;541.001;2024-04-16T22:00:00+02:00
1162;Generación medida Solar térmica;;;531.276;2024-04-16T23:00:00+02:00
1162;Generación medida Solar térmica;;;473.028;2024-04-17T00:00:00+02:00
1162;Generación medida Solar térmica;;;439.255;2024-04-17T01:00:00+02:00
1162;Generación medida Solar térmica;;;377.251;2024-04-17T02:00:00+02:00
1162;Generación medida Solar térmica;;;302.838;2024-04-17T03:00:00+02:00
1162;Generación medida Solar térmica;;;227.695;2024-04-17T04:00:00+02:00
1162;Generación medida Solar térmica;;;186.545;2024-04-17T05:00:00+02:00
1162;Generación medida Solar térmica;;;183.198;2024-04-17T06:00:00+02:00
1162;Generación medida Solar térmica;;;229.823;2024-04-17T07:00:00+02:00
1162;Generación medida Solar térmica;;;141.322;2024-04-17T08:00:00+02:00
1162;Generación medida Solar térmica;;;300.089;2024-04-17T09:00:00+02:00
1162;Generación medida Solar térmica;;;925.843;2024-04-17T10:00:00+02:00
1162;Generación medida Solar térmica;;;1220.217;2024-04-17T11:00:00+02:00
1162;Generación medida Solar térmica;;;1283.746;2024-04-17T12:00:00+02:00
1162;Generación medida Solar térmica;;;1269.07;2024-04-17T13:00:00+02:00
1162;Generación medida Solar térmica;;;1316.127;2024-04-17T14:00:00+02:00
1162;Generación medida Solar térmica;;;1345.679;2024-04-17T15:00:00+02:00
1162;Generación medida Solar térmica;;;1298.52;2024-04-17T16:00:00+02:00
1162;Generación medida Solar térmica;;;1182.732;2024-04-17T17:00:00+02:00
1162;Generación medida Solar térmica;;;1034.938;2024-04-17T18:00:00+02:00
1162;Generación medida Solar térmica;;;952.442;2024-04-17T19:00:00+02:00
1162;Generación medida Solar térmica;;;706.501;2024-04-17T20:00:00+02:00
1162;Generación medida Solar térmica;;;614.345;2024-04-17T21:00:00+02:00
1162;Generación medida Solar térmica;;;569.009;2024-04-17T22:00:00+02:00
1162;Generación medida Solar térmica;;;541.234;2024-04-17T23:00:00+02:00
1162;Generación medida Solar térmica;;;526.694;2024-04-18T00:00:00+02:00
1162;Generación medida Solar térmica;;;491.367;2024-04-18T01:00:00+02:00
1162;Generación medida Solar térmica;;;444.714;2024-04-18T02:00:00+02:00
1162;Generación medida Solar térmica;;;343.556;2024-04-18T03:00:00+02:00
1162;Generación medida Solar térmica;;;212.047;2024-04-18T04:00:00+02:00
1162;Generación medida Solar térmica;;;85.179;2024-04-18T05:00:00+02:00
1162;Generación medida Solar térmica;;;79.327;2024-04-18T06:00:00+02:00
1162;Generación medida Solar térmica;;;110.47;2024-04-18T07:00:00+02:00
1162;Generación medida Solar térmica;;;94.073;2024-04-18T08:00:00+02:00
1162;Generación medida Solar térmica;;;227.977;2024-04-18T09:00:00+02:00
1162;Generación medida Solar térmica;;;888.517;2024-04-18T10:00:00+02:00
1162;Generación medida Solar térmica;;;1111.548;2024-04-18T11:00:00+02:00
1162;Generación medida Solar térmica;;;1141.514;2024-04-18T12:00:00+02:00
1162;Generación medida Solar térmica;;;1217.819;2024-04-18T13:00:00+02:00
1162;Generación medida Solar térmica;;;1358.751;2024-04-18T14:00:00+02:00
1162;Generación medida Solar térmica;;;1412.107;2024-04-18T15:00:00+02:00
1162;Generación medida Solar térmica;;;1515.02;2024-04-18T16:00:00+02:00
1162;Generación medida Solar térmica;;;1481.649;2024-04-18T17:00:00+02:00
1162;Generación medida Solar térmica;;;1437.911;2024-04-18T18:00:00+02:00
1162;Generación medida Solar térmica;;;1156.099;2024-04-18T19:00:00+02:00
1162;Generación medida Solar térmica;;;705.105;2024-04-18T20:00:00+02:00
1162;Generación medida Solar térmica;;;591.275;2024-04-18T21:00:00+02:00
1162;Generación medida Solar térmica;;;533.228;2024-04-18T22:00:00+02:00
1162;Generación medida Solar térmica;;;448.416;2024-04-18T23:00:00+02:00
1162;Generación medida Solar térmica;;;411.928;2024-04-19T00:00:00+02:00
1162;Generación medida Solar térmica;;;381.706;2024-04-19T01:00:00+02:00
1162;Generación medida Solar térmica;;;336.658;2024-04-19T02:00:00+02:00
1162;Generación medida Solar térmica;;;263.979;2024-04-19T03:00:00+02:00
1162;Generación medida Solar térmica;;;119.892;2024-04-19T04:00:00+02:00
1162;Generación medida Solar térmica;;;103.07;2024-04-19T05:00:00+02:00
1162;Generación medida Solar térmica;;;103.91;2024-04-19T06:00:00+02:00
1162;Generación medida Solar térmica;;;82.002;2024-04-19T07:00:00+02:00
1162;Generación medida Solar térmica;;;79.494;2024-04-19T08:00:00+02:00
1162;Generación medida Solar térmica;;;172.885;2024-04-19T09:00:00+02:00
1162;Generación medida Solar térmica;;;717.17;2024-04-19T10:00:00+02:00
1162;Generación medida Solar térmica;;;1070.767;2024-04-19T11:00:00+02:00
1162;Generación medida Solar térmica;;;1243.61;2024-04-19T12:00:00+02:00
1162;Generación medida Solar térmica;;;1113.097;2024-04-19T13:00:00+02:00
1162;Generación medida Solar térmica;;;1010.142;2024-04-19T14:00:00+02:00
1162;Generación medida Solar térmica;;;938.927;2024-04-19T15:00:00+02:00
1162;Generación medida Solar térmica;;;821.994;2024-04-19T16:00:00+02:00
1162;Generación medida Solar térmica;;;898.394;2024-04-19T17:00:00+02:00
1162;Generación medida Solar térmica;;;795.586;2024-04-19T18:00:00+02:00
1162;Generación medida Solar térmica;;;716.284;2024-04-19T19:00:00+02:00
1162;Generación medida Solar térmica;;;590.528;2024-04-19T20:00:00+02:00
1162;Generación medida Solar térmica;;;449.447;2024-04-19T21:00:00+02:00
1162;Generación medida Solar térmica;;;400.225;2024-04-19T22:00:00+02:00
1162;Generación medida Solar térmica;;;397.313;2024-04-19T23:00:00+02:00
1162;Generación medida Solar térmica;;;334.777;2024-04-20T00:00:00+02:00
1162;Generación medida Solar térmica;;;198.333;2024-04-20T01:00:00+02:00
1162;Generación medida Solar térmica;;;168.886;2024-04-20T02:00:00+02:00
1162;Generación medida Solar térmica;;;157.873;2024-04-20T03:00:00+02:00
1162;Generación medida Solar térmica;;;147.418;2024-04-20T04:00:00+02:00
1162;Generación medida Solar térmica;;;72.039;2024-04-20T05:00:00+02:00
1162;Generación medida Solar térmica;;;22.443;2024-04-20T06:00:00+02:00
1162;Generación medida Solar térmica;;;8.543;2024-04-20T07:00:00+02:00
1162;Generación medida Solar térmica;;;8.678;2024-04-20T08:00:00+02:00
1162;Generación medida Solar térmica;;;54.058;2024-04-20T09:00:00+02:00
1162;Generación medida Solar térmica;;;186.375;2024-04-20T10:00:00+02:00
1162;Generación medida Solar térmica;;;603.067;2024-04-20T11:00:00+02:00
1162;Generación medida Solar térmica;;;953.383;2024-04-20T12:00:00+02:00
1162;Generación medida Solar térmica;;;879.582;2024-04-20T13:00:00+02:00
1162;Generación medida Solar térmica;;;860.4;2024-04-20T14:00:00+02:00
1162;Generación medida Solar térmica;;;760.75;2024-04-20T15:00:00+02:00
1162;Generación medida Solar térmica;;;488.773;2024-04-20T16:00:00+02:00
1162;Generación medida Solar térmica;;;548.931;2024-04-20T17:00:00+02:00
1162;Generación medida Solar térmica;;;759.579;2024-04-20T18:00:00+02:00
1162;Generación medida Solar térmica;;;638.463;2024-04-20T19:00:00+02:00
1162;Generación medida Solar térmica;;;347.62;2024-04-20T20:00:00+02:00
1162;Generación medida Solar térmica;;;264.508;2024-04-20T21:00:00+02:00
1162;Generación medida Solar térmica;;;208.927;2024-04-20T22:00:00+02:00
1162;Generación medida Solar térmica;;;106.105;2024-04-20T23:00:00+02:00
1162;Generación medida Solar térmica;;;77.035;2024-04-21T00:00:00+02:00
1162;Generación medida Solar térmica;;;46.057;2024-04-21T01:00:00+02:00
1162;Generación medida Solar térmica;;;36.135;2024-04-21T02:00:00+02:00
1162;Generación medida Solar térmica;;;36.028;2024-04-21T03:00:00+02:00
1162;Generación medida Solar térmica;;;36.807;2024-04-21T04:00:00+02:00
1162;Generación medida Solar térmica;;;36.676;2024-04-21T05:00:00+02:00
1162;Generación medida Solar térmica;;;27.443;2024-04-21T06:00:00+02:00
1162;Generación medida Solar térmica;;;22.551;2024-04-21T07:00:00+02:00
1162;Generación medida Solar térmica;;;22.254;2024-04-21T08:00:00+02:00
1162;Generación medida Solar térmica;;;174.845;2024-04-21T09:00:00+02:00
1162;Generación medida Solar térmica;;;984.025;2024-04-21T10:00:00+02:00
1162;Generación medida Solar térmica;;;1532.928;2024-04-21T11:00:00+02:00
1162;Generación medida Solar térmica;;;1537.292;2024-04-21T12:00:00+02:00
1162;Generación medida Solar térmica;;;1523.108;2024-04-21T13:00:00+02:00
1162;Generación medida Solar térmica;;;1586.723;2024-04-21T14:00:00+02:00
1162;Generación medida Solar térmica;;;1486.529;2024-04-21T15:00:00+02:00
1162;Generación medida Solar térmica;;;1281.989;2024-04-21T16:00:00+02:00
1162;Generación medida Solar térmica;;;1434.898;2024-04-21T17:00:00+02:00
1162;Generación medida Solar térmica;;;1595.586;2024-04-21T18:00:00+02:00
1162;Generación medida Solar térmica;;;1314.073;2024-04-21T19:00:00+02:00
1162;Generación medida Solar térmica;;;712.416;2024-04-21T20:00:00+02:00
1162;Generación medida Solar térmica;;;563.683;2024-04-21T21:00:00+02:00
1162;Generación medida Solar térmica;;;540.725;2024-04-21T22:00:00+02:00
1162;Generación medida Solar térmica;;;541.78;2024-04-21T23:00:00+02:00
1162;Generación medida Solar térmica;;;539.977;2024-04-22T00:00:00+02:00
1162;Generación medida Solar térmica;;;473.064;2024-04-22T01:00:00+02:00
1162;Generación medida Solar térmica;;;404.653;2024-04-22T02:00:00+02:00
1162;Generación medida Solar térmica;;;376.478;2024-04-22T03:00:00+02:00
1162;Generación medida Solar térmica;;;340.371;2024-04-22T04:00:00+02:00
1162;Generación medida Solar térmica;;;266.271;2024-04-22T05:00:00+02:00
1162;Generación medida Solar térmica;;;102.668;2024-04-22T06:00:00+02:00
1162;Generación medida Solar térmica;;;66.479;2024-04-22T07:00:00+02:00
1162;Generación medida Solar térmica;;;9.77;2024-04-22T08:00:00+02:00
1162;Generación medida Solar térmica;;;227.925;2024-04-22T09:00:00+02:00
1162;Generación medida Solar térmica;;;1127.388;2024-04-22T10:00:00+02:00
1162;Generación medida Solar térmica;;;1526.302;2024-04-22T11:00:00+02:00
1162;Generación medida Solar térmica;;;1566.615;2024-04-22T12:00:00+02:00
1162;Generación medida Solar térmica;;;1692.038;2024-04-22T13:00:00+02:00
1162;Generación medida Solar térmica;;;1745.355;2024-04-22T14:00:00+02:00
1162;Generación medida Solar térmica;;;1790.74;2024-04-22T15:00:00+02:00
1162;Generación medida Solar térmica;;;1785.351;2024-04-22T16:00:00+02:00
1162;Generación medida Solar térmica;;;1636.747;2024-04-22T17:00:00+02:00
1162;Generación medida Solar térmica;;;1547.02;2024-04-22T18:00:00+02:00
1162;Generación medida Solar térmica;;;1437.878;2024-04-22T19:00:00+02:00
1162;Generación medida Solar térmica;;;986.484;2024-04-22T20:00:00+02:00
1162;Generación medida Solar térmica;;;648.175;2024-04-22T21:00:00+02:00
1162;Generación medida Solar térmica;;;578.317;2024-04-22T22:00:00+02:00
1162;Generación medida Solar térmica;;;574.036;2024-04-22T23:00:00+02:00
1162;Generación medida Solar térmica;;;567.52;2024-04-23T00:00:00+02:00
1162;Generación medida Solar térmica;;;538.513;2024-04-23T01:00:00+02:00
1162;Generación medida Solar térmica;;;516.953;2024-04-23T02:00:00+02:00
1162;Generación medida Solar térmica;;;507.151;2024-04-23T03:00:00+02:00
1162;Generación medida Solar térmica;;;473.237;2024-04-23T04:00:00+02:00
1162;Generación medida Solar térmica;;;398.749;2024-04-23T05:00:00+02:00
1162;Generación medida Solar térmica;;;248.82;2024-04-23T06:00:00+02:00
1162;Generación medida Solar térmica;;;174.331;2024-04-23T07:00:00+02:00
1162;Generación medida Solar térmica;;;86.513;2024-04-23T08:00:00+02:00
1162;Generación medida Solar térmica;;;666.923;2024-04-23T09:00:00+02:00
1162;Generación medida Solar térmica;;;1651.904;2024-04-23T10:00:00+02:00
1162;Generación medida Solar térmica;;;1659.2;2024-04-23T11:00:00+02:00
1162;Generación medida Solar térmica;;;1720.738;2024-04-23T12:00:00+02:00
1162;Generación medida Solar térmica;;;1728.467;2024-04-23T13:00:00+02:00
1162;Generación medida Solar térmica;;;1734.92;2024-04-23T14:00:00+02:00
1162;Generación medida Solar térmica;;;1749.128;2024-04-23T15:00:00+02:00
1162;Generación medida Solar térmica;;;1741.192;2024-04-23T16:00:00+02:00
1162;Generación medida Solar térmica;;;1650.824;2024-04-23T17:00:00+02:00
1162;Generación medida Solar térmica;;;1645.186;2024-04-23T18:00:00+02:00
1162;Generación medida Solar térmica;;;1566.967;2024-04-23T19:00:00+02:00
1162;Generación medida Solar térmica;;;1031.514;2024-04-23T20:00:00+02:00
1162;Generación medida Solar térmica;;;715.448;2024-04-23T21:00:00+02:00
1162;Generación medida Solar térmica;;;641.364;2024-04-23T22:00:00+02:00
1162;Generación medida Solar térmica;;;604.057;2024-04-23T23:00:00+02:00
1162;Generación medida Solar térmica;;;600.78;2024-04-24T00:00:00+02:00
1162;Generación medida Solar térmica;;;533.359;2024-04-24T01:00:00+02:00
1162;Generación medida Solar térmica;;;498.837;2024-04-24T02:00:00+02:00
1162;Generación medida Solar térmica;;;491.039;2024-04-24T03:00:00+02:00
1162;Generación medida Solar térmica;;;485.877;2024-04-24T04:00:00+02:00
1162;Generación medida Solar térmica;;;450.453;2024-04-24T05:00:00+02:00
1162;Generación medida Solar térmica;;;383.762;2024-04-24T06:00:00+02:00
1162;Generación medida Solar térmica;;;334.561;2024-04-24T07:00:00+02:00
1162;Generación medida Solar térmica;;;283.448;2024-04-24T08:00:00+02:00
1162;Generación medida Solar térmica;;;754.191;2024-04-24T09:00:00+02:00
1162;Generación medida Solar térmica;;;1657.535;2024-04-24T10:00:00+02:00
1162;Generación medida Solar térmica;;;1776.639;2024-04-24T11:00:00+02:00
1162;Generación medida Solar térmica;;;1666.229;2024-04-24T12:00:00+02:00
1162;Generación medida Solar térmica;;;1642.708;2024-04-24T13:00:00+02:00
1162;Generación medida Solar térmica;;;1601.706;2024-04-24T14:00:00+02:00
1162;Generación medida Solar térmica;;;1559.66;2024-04-24T15:00:00+02:00
1162;Generación medida Solar térmica;;;1411.209;2024-04-24T16:00:00+02:00
1162;Generación medida Solar térmica;;;1233.397;2024-04-24T17:00:00+02:00
1162;Generación medida Solar térmica;;;1037.335;2024-04-24T18:00:00+02:00
1162;Generación medida Solar térmica;;;880.369;2024-04-24T19:00:00+02:00
1162;Generación medida Solar térmica;;;647.691;2024-04-24T20:00:00+02:00
1162;Generación medida Solar térmica;;;612.615;2024-04-24T21:00:00+02:00
1162;Generación medida Solar térmica;;;613.142;2024-04-24T22:00:00+02:00
1162;Generación medida Solar térmica;;;584.147;2024-04-24T23:00:00+02:00
1162;Generación medida Solar térmica;;;574.667;2024-04-25T00:00:00+02:00
1162;Generación medida Solar térmica;;;553.779;2024-04-25T01:00:00+02:00
1162;Generación medida Solar térmica;;;448.87;2024-04-25T02:00:00+02:00
1162;Generación medida Solar térmica;;;377.891;2024-04-25T03:00:00+02:00
1162;Generación medida Solar térmica;;;232.017;2024-04-25T04:00:00+02:00
1162;Generación medida Solar térmica;;;110.478;2024-04-25T05:00:00+02:00
1162;Generación medida Solar térmica;;;93.241;2024-04-25T06:00:00+02:00
1162;Generación medida Solar térmica;;;125.529;2024-04-25T07:00:00+02:00
1162;Generación medida Solar térmica;;;52.931;2024-04-25T08:00:00+02:00
1162;Generación medida Solar térmica;;;349.862;2024-04-25T09:00:00+02:00
1162;Generación medida Solar térmica;;;951.758;2024-04-25T10:00:00+02:00
1162;Generación medida Solar térmica;;;878.164;2024-04-25T11:00:00+02:00
1162;Generación medida Solar térmica;;;953.643;2024-04-25T12:00:00+02:00
1162;Generación medida Solar térmica;;;1042.608;2024-04-25T13:00:00+02:00
1162;Generación medida Solar térmica;;;860.679;2024-04-25T14:00:00+02:00
1162;Generación medida Solar térmica;;;780.004;2024-04-25T15:00:00+02:00
1162;Generación medida Solar térmica;;;1010.245;2024-04-25T16:00:00+02:00
1162;Generación medida Solar térmica;;;1159.08;2024-04-25T17:00:00+02:00
1162;Generación medida Solar térmica;;;1173.298;2024-04-25T18:00:00+02:00
1162;Generación medida Solar térmica;;;972.392;2024-04-25T19:00:00+02:00
1162;Generación medida Solar térmica;;;804.192;2024-04-25T20:00:00+02:00
1162;Generación medida Solar térmica;;;542.023;2024-04-25T21:00:00+02:00
1162;Generación medida Solar térmica;;;492.69;2024-04-25T22:00:00+02:00
1162;Generación medida Solar térmica;;;441.691;2024-04-25T23:00:00+02:00
1162;Generación medida Solar térmica;;;419.028;2024-04-26T00:00:00+02:00
1162;Generación medida Solar térmica;;;308.649;2024-04-26T01:00:00+02:00
1162;Generación medida Solar térmica;;;250.006;2024-04-26T02:00:00+02:00
1162;Generación medida Solar térmica;;;171.654;2024-04-26T03:00:00+02:00
1162;Generación medida Solar térmica;;;34.925;2024-04-26T04:00:00+02:00
1162;Generación medida Solar térmica;;;8.618;2024-04-26T05:00:00+02:00
1162;Generación medida Solar térmica;;;8.542;2024-04-26T06:00:00+02:00
1162;Generación medida Solar térmica;;;7.421;2024-04-26T07:00:00+02:00
1162;Generación medida Solar térmica;;;10.309;2024-04-26T08:00:00+02:00
1162;Generación medida Solar térmica;;;164.352;2024-04-26T09:00:00+02:00
1162;Generación medida Solar térmica;;;612.995;2024-04-26T10:00:00+02:00
1162;Generación medida Solar térmica;;;806.954;2024-04-26T11:00:00+02:00
1162;Generación medida Solar térmica;;;711.393;2024-04-26T12:00:00+02:00
1162;Generación medida Solar térmica;;;533.925;2024-04-26T13:00:00+02:00
1162;Generación medida Solar térmica;;;364.45;2024-04-26T14:00:00+02:00
1162;Generación medida Solar térmica;;;324.548;2024-04-26T15:00:00+02:00
1162;Generación medida Solar térmica;;;312.436;2024-04-26T16:00:00+02:00
1162;Generación medida Solar térmica;;;372.198;2024-04-26T17:00:00+02:00
1162;Generación medida Solar térmica;;;271.738;2024-04-26T18:00:00+02:00
1162;Generación medida Solar térmica;;;196.468;2024-04-26T19:00:00+02:00
1162;Generación medida Solar térmica;;;176.65;2024-04-26T20:00:00+02:00
1162;Generación medida Solar térmica;;;166.828;2024-04-26T21:00:00+02:00
1162;Generación medida Solar térmica;;;176.362;2024-04-26T22:00:00+02:00
1162;Generación medida Solar térmica;;;132.136;2024-04-26T23:00:00+02:00
1162;Generación medida Solar térmica;;;68.671;2024-04-27T00:00:00+02:00
1162;Generación medida Solar térmica;;;66.406;2024-04-27T01:00:00+02:00
1162;Generación medida Solar térmica;;;29.505;2024-04-27T02:00:00+02:00
1162;Generación medida Solar térmica;;;33.277;2024-04-27T03:00:00+02:00
1162;Generación medida Solar térmica;;;36.706;2024-04-27T04:00:00+02:00
1162;Generación medida Solar térmica;;;23.068;2024-04-27T05:00:00+02:00
1162;Generación medida Solar térmica;;;8.358;2024-04-27T06:00:00+02:00
1162;Generación medida Solar térmica;;;9.243;2024-04-27T07:00:00+02:00
1162;Generación medida Solar térmica;;;8.442;2024-04-27T08:00:00+02:00
1162;Generación medida Solar térmica;;;30.743;2024-04-27T09:00:00+02:00
1162;Generación medida Solar térmica;;;101.501;2024-04-27T10:00:00+02:00
1162;Generación medida Solar térmica;;;161.789;2024-04-27T11:00:00+02:00
1162;Generación medida Solar térmica;;;216.472;2024-04-27T12:00:00+02:00
1162;Generación medida Solar térmica;;;313.104;2024-04-27T13:00:00+02:00
1162;Generación medida Solar térmica;;;354.795;2024-04-27T14:00:00+02:00
1162;Generación medida Solar térmica;;;603.28;2024-04-27T15:00:00+02:00
1162;Generación medida Solar térmica;;;641.49;2024-04-27T16:00:00+02:00
1162;Generación medida Solar térmica;;;579.583;2024-04-27T17:00:00+02:00
1162;Generación medida Solar térmica;;;674.968;2024-04-27T18:00:00+02:00
1162;Generación medida Solar térmica;;;844.582;2024-04-27T19:00:00+02:00
1162;Generación medida Solar térmica;;;595.93;2024-04-27T20:00:00+02:00
1162;Generación medida Solar térmica;;;406.364;2024-04-27T21:00:00+02:00
1162;Generación medida Solar térmica;;;349.838;2024-04-27T22:00:00+02:00
1162;Generación medida Solar térmica;;;310.571;2024-04-27T23:00:00+02:00
1162;Generación medida Solar térmica;;;292.452;2024-04-28T00:00:00+02:00
1162;Generación medida Solar térmica;;;253.14;2024-04-28T01:00:00+02:00
1162;Generación medida Solar térmica;;;128.305;2024-04-28T02:00:00+02:00
1162;Generación medida Solar térmica;;;76.799;2024-04-28T03:00:00+02:00
1162;Generación medida Solar térmica;;;34.352;2024-04-28T04:00:00+02:00
1162;Generación medida Solar térmica;;;8.617;2024-04-28T05:00:00+02:00
1162;Generación medida Solar térmica;;;8.633;2024-04-28T06:00:00+02:00
1162;Generación medida Solar térmica;;;8.467;2024-04-28T07:00:00+02:00
1162;Generación medida Solar térmica;;;14.538;2024-04-28T08:00:00+02:00
1162;Generación medida Solar térmica;;;140.904;2024-04-28T09:00:00+02:00
1162;Generación medida Solar térmica;;;1093.477;2024-04-28T10:00:00+02:00
1162;Generación medida Solar térmica;;;1465.091;2024-04-28T11:00:00+02:00
1162;Generación medida Solar térmica;;;1339.674;2024-04-28T12:00:00+02:00
1162;Generación medida Solar térmica;;;1140.633;2024-04-28T13:00:00+02:00
1162;Generación medida Solar térmica;;;1126.662;2024-04-28T14:00:00+02:00
1162;Generación medida Solar térmica;;;1234.081;2024-04-28T15:00:00+02:00
1162;Generación medida Solar térmica;;;1121.075;2024-04-28T16:00:00+02:00
1162;Generación medida Solar térmica;;;1279.772;2024-04-28T17:00:00+02:00
1162;Generación medida Solar térmica;;;1221.008;2024-04-28T18:00:00+02:00
1162;Generación medida Solar térmica;;;1274.39;2024-04-28T19:00:00+02:00
1162;Generación medida Solar térmica;;;899.251;2024-04-28T20:00:00+02:00
1162;Generación medida Solar térmica;;;539.848;2024-04-28T21:00:00+02:00
1162;Generación medida Solar térmica;;;489.247;2024-04-28T22:00:00+02:00
1162;Generación medida Solar térmica;;;484.307;2024-04-28T23:00:00+02:00
1162;Generación medida Solar térmica;;;486.754;2024-04-29T00:00:00+02:00
1162;Generación medida Solar térmica;;;465.173;2024-04-29T01:00:00+02:00
1162;Generación medida Solar térmica;;;368.274;2024-04-29T02:00:00+02:00
1162;Generación medida Solar térmica;;;249.272;2024-04-29T03:00:00+02:00
1162;Generación medida Solar térmica;;;196.905;2024-04-29T04:00:00+02:00
1162;Generación medida Solar térmica;;;131.675;2024-04-29T05:00:00+02:00
1162;Generación medida Solar térmica;;;59.863;2024-04-29T06:00:00+02:00
1162;Generación medida Solar térmica;;;45.361;2024-04-29T07:00:00+02:00
1162;Generación medida Solar térmica;;;48.931;2024-04-29T08:00:00+02:00
1162;Generación medida Solar térmica;;;270.453;2024-04-29T09:00:00+02:00
1162;Generación medida Solar térmica;;;1261.588;2024-04-29T10:00:00+02:00
1162;Generación medida Solar térmica;;;1398.546;2024-04-29T11:00:00+02:00
1162;Generación medida Solar térmica;;;1339.121;2024-04-29T12:00:00+02:00
1162;Generación medida Solar térmica;;;1290.305;2024-04-29T13:00:00+02:00
1162;Generación medida Solar térmica;;;1089.41;2024-04-29T14:00:00+02:00
1162;Generación medida Solar térmica;;;857.073;2024-04-29T15:00:00+02:00
1162;Generación medida Solar térmica;;;807.952;2024-04-29T16:00:00+02:00
1162;Generación medida Solar térmica;;;911.355;2024-04-29T17:00:00+02:00
1162;Generación medida Solar térmica;;;954.828;2024-04-29T18:00:00+02:00
1162;Generación medida Solar térmica;;;934.591;2024-04-29T19:00:00+02:00
1162;Generación medida Solar térmica;;;681.401;2024-04-29T20:00:00+02:00
1162;Generación medida Solar térmica;;;438.998;2024-04-29T21:00:00+02:00
1162;Generación medida Solar térmica;;;400.367;2024-04-29T22:00:00+02:00
1162;Generación medida Solar térmica;;;393.054;2024-04-29T23:00:00+02:00
1162;Generación medida Solar térmica;;;388.016;2024-04-30T00:00:00+02:00
1162;Generación medida Solar térmica;;;348.53;2024-04-30T01:00:00+02:00
1162;Generación medida Solar térmica;;;301.669;2024-04-30T02:00:00+02:00
1162;Generación medida Solar térmica;;;284.103;2024-04-30T03:00:00+02:00
1162;Generación medida Solar térmica;;;227.796;2024-04-30T04:00:00+02:00
1162;Generación medida Solar térmica;;;189.787;2024-04-30T05:00:00+02:00
1162;Generación medida Solar térmica;;;112.824;2024-04-30T06:00:00+02:00
1162;Generación medida Solar térmica;;;74.54;2024-04-30T07:00:00+02:00
1162;Generación medida Solar térmica;;;62.76;2024-04-30T08:00:00+02:00
1162;Generación medida Solar térmica;;;148.148;2024-04-30T09:00:00+02:00
1162;Generación medida Solar térmica;;;654.454;2024-04-30T10:00:00+02:00
1162;Generación medida Solar térmica;;;950.429;2024-04-30T11:00:00+02:00
1162;Generación medida Solar térmica;;;854.798;2024-04-30T12:00:00+02:00
1162;Generación medida Solar térmica;;;714.955;2024-04-30T13:00:00+02:00
1162;Generación medida Solar térmica;;;490.876;2024-04-30T14:00:00+02:00
1162;Generación medida Solar térmica;;;324.717;2024-04-30T15:00:00+02:00
1162;Generación medida Solar térmica;;;244.967;2024-04-30T16:00:00+02:00
1162;Generación medida Solar térmica;;;229.668;2024-04-30T17:00:00+02:00
1162;Generación medida Solar térmica;;;274.112;2024-04-30T18:00:00+02:00
1162;Generación medida Solar térmica;;;243.37;2024-04-30T19:00:00+02:00
1162;Generación medida Solar térmica;;;260.612;2024-04-30T20:00:00+02:00
1162;Generación medida Solar térmica;;;234.169;2024-04-30T21:00:00+02:00
1162;Generación medida Solar térmica;;;226.052;2024-04-30T22:00:00+02:00
1162;Generación medida Solar térmica;;;159.916;2024-04-30T23:00:00+02:00
1166;Generación medida Subproductos minería;;;0.002;2024-04-02T02:00:00+02:00
1166;Generación medida Subproductos minería;;;0.003;2024-04-02T03:00:00+02:00
1166;Generación medida Subproductos minería;;;0.006;2024-04-02T04:00:00+02:00
1166;Generación medida Subproductos minería;;;0.002;2024-04-02T11:00:00+02:00
1166;Generación medida Subproductos minería;;;0.001;2024-04-02T17:00:00+02:00
1166;Generación medida Subproductos minería;;;0.001;2024-04-02T19:00:00+02:00
1166;Generación medida Subproductos minería;;;0.003;2024-04-02T20:00:00+02:00
1166;Generación medida Subproductos minería;;;0.001;2024-04-02T21:00:00+02:00
1166;Generación medida Subproductos minería;;;0.001;2024-04-02T22:00:00+02:00
1166;Generación medida Subproductos minería;;;0.009;2024-04-03T03:00:00+02:00
1166;Generación medida Subproductos minería;;;0.013;2024-04-03T04:00:00+02:00
1166;Generación medida Subproductos minería;;;0.017;2024-04-03T05:00:00+02:00
1166;Generación medida Subproductos minería;;;0.001;2024-04-03T13:00:00+02:00
1166;Generación medida Subproductos minería;;;0.001;2024-04-03T14:00:00+02:00
1166;Generación medida Subproductos minería;;;0.001;2024-04-03T15:00:00+02:00
1166;Generación medida Subproductos minería;;;0.002;2024-04-03T16:00:00+02:00
1166;Generación medida Subproductos minería;;;0.01;2024-04-03T17:00:00+02:00
1166;Generación medida Subproductos minería;;;0.01;2024-04-03T18:00:00+02:00
1166;Generación medida Subproductos minería;;;0.001;2024-04-04T05:00:00+02:00
1166;Generación medida Subproductos minería;;;0.011;2024-04-04T21:00:00+02:00
1166;Generación medida Subproductos minería;;;0.009;2024-04-04T22:00:00+02:00
1166;Generación medida Subproductos minería;;;0.001;2024-04-05T03:00:00+02:00
1166;Generación medida Subproductos minería;;;0.003;2024-04-05T05:00:00+02:00
1166;Generación medida Subproductos minería;;;0.003;2024-04-05T07:00:00+02:00
1166;Generación medida Subproductos minería;;;0.002;2024-04-05T08:00:00+02:00
1166;Generación medida Subproductos minería;;;0.001;2024-04-05T09:00:00+02:00
1166;Generación medida Subproductos minería;;;0.001;2024-04-05T10:00:00+02:00
1166;Generación medida Subproductos minería;;;0.001;2024-04-05T12:00:00+02:00