datetime,Precio_Real,Prediccion_SARIMAX,Diferencia_SARIMAX,hour,month
2024-01-01 00:00:00,63.33,57.1181438987561,6.211856101243896,0,1
2024-01-01 01:00:00,50.09,48.65154941176161,1.4384505882383962,1,1
2024-01-01 02:00:00,47.5,46.82940683173467,0.6705931682653272,2,1
2024-01-01 03:00:00,43.5,42.38915753578192,1.1108424642180807,3,1
2024-01-01 04:00:00,42.5,37.83749895875951,4.662501041240489,4,1
2024-01-01 05:00:00,42.09,37.10094175210463,4.989058247895372,5,1
2024-01-01 06:00:00,42.5,43.97641776159128,-1.4764177615912786,6,1
2024-01-01 07:00:00,42.59,50.16855798470772,-7.5785579847077145,7,1
2024-01-01 08:00:00,43.37,53.7190731933332,-10.349073193333204,8,1
2024-01-01 09:00:00,42.29,58.30408988900035,-16.014089889000353,9,1
2024-01-01 10:00:00,25.0,57.48727321671521,-32.48727321671521,10,1
2024-01-01 11:00:00,3.9,51.304411373583946,-47.40441137358395,11,1
2024-01-01 12:00:00,3.2,50.162854603590176,-46.96285460359017,12,1
2024-01-01 13:00:00,2.06,44.569127311971556,-42.509127311971554,13,1
2024-01-01 14:00:00,1.73,42.47616438047504,-40.746164380475044,14,1
2024-01-01 15:00:00,5.72,43.931290376174445,-38.211290376174446,15,1
2024-01-01 16:00:00,18.49,55.94823119646861,-37.45823119646862,16,1
2024-01-01 17:00:00,37.0,74.25111767087083,-37.251117670870826,17,1
2024-01-01 18:00:00,47.5,85.50142357915507,-38.00142357915507,18,1
2024-01-01 19:00:00,54.97,97.62870883872012,-42.658708838720116,19,1
2024-01-01 20:00:00,60.9,95.10350255862443,-34.20350255862443,20,1
2024-01-01 21:00:00,60.0,89.27570356284008,-29.27570356284008,21,1
2024-01-01 22:00:00,47.5,75.48487221157859,-27.98487221157859,22,1
2024-01-01 23:00:00,42.09,69.0652578655558,-26.97525786555579,23,1
2024-01-02 00:00:00,37.8,53.471863273413874,-15.671863273413877,0,1
2024-01-02 01:00:00,25.0,46.28546618858019,-21.285466188580187,1,1
2024-01-02 02:00:00,3.99,44.85044237934943,-40.86044237934943,2,1
2024-01-02 03:00:00,14.0,39.56750138355022,-25.567501383550223,3,1
2024-01-02 04:00:00,10.0,34.68161161261759,-24.681611612617587,4,1
2024-01-02 05:00:00,14.54,32.990810919399564,-18.450810919399565,5,1
2024-01-02 06:00:00,36.29,39.88138127331979,-3.59138127331979,6,1
2024-01-02 07:00:00,44.7,42.951608422259085,1.748391577740918,7,1
2024-01-02 08:00:00,53.78,45.86036154288735,7.919638457112654,8,1
2024-01-02 09:00:00,54.23,49.49851584588504,4.731484154114959,9,1
2024-01-02 10:00:00,50.0,47.72843612612354,2.2715638738764596,10,1
2024-01-02 11:00:00,52.2,39.378589582518316,12.821410417481687,11,1
2024-01-02 12:00:00,45.0,35.50199036464079,9.49800963535921,12,1
2024-01-02 13:00:00,43.0,30.032516691524904,12.967483308475096,13,1
2024-01-02 14:00:00,43.0,28.438595055031726,14.561404944968274,14,1
2024-01-02 15:00:00,40.99,31.375003105944245,9.614996894055757,15,1
2024-01-02 16:00:00,43.66,47.36523656509769,-3.7052365650976924,16,1
2024-01-02 17:00:00,52.2,71.73280083374283,-19.532800833742826,17,1
2024-01-02 18:00:00,57.77,83.54037219755475,-25.770372197554742,18,1
2024-01-02 19:00:00,62.45,95.29785844542658,-32.84785844542658,19,1
2024-01-02 20:00:00,58.0,91.01909032641623,-33.01909032641623,20,1
2024-01-02 21:00:00,52.83,84.28430143068971,-31.45430143068971,21,1
2024-01-02 22:00:00,46.26,69.7807107783297,-23.520710778329708,22,1
2024-01-02 23:00:00,40.1,62.55421345769048,-22.45421345769048,23,1
2024-01-03 00:00:00,6.8,44.654459288664725,-37.85445928866473,0,1
2024-01-03 01:00:00,3.2,35.07827793258531,-31.87827793258531,1,1
2024-01-03 02:00:00,3.2,33.28144716439334,-30.081447164393342,2,1
2024-01-03 03:00:00,3.2,28.413910154447308,-25.21391015444731,3,1
2024-01-03 04:00:00,3.2,24.32252035367145,-21.12252035367145,4,1
2024-01-03 05:00:00,2.21,24.134356358422338,-21.924356358422337,5,1
2024-01-03 06:00:00,4.78,31.121737221300634,-26.341737221300633,6,1
2024-01-03 07:00:00,45.42,37.386892319026,8.033107680973998,7,1
2024-01-03 08:00:00,61.92,41.110234161997425,20.809765838002576,8,1
2024-01-03 09:00:00,67.0,45.298626471284706,21.701373528715294,9,1
2024-01-03 10:00:00,63.6,44.92913375724669,18.670866242753313,10,1
2024-01-03 11:00:00,57.1,39.53384807246516,17.56615192753484,11,1
2024-01-03 12:00:00,55.0,37.92077473433852,17.079225265661478,12,1
2024-01-03 13:00:00,55.42,34.25537868177753,21.164621318222473,13,1
2024-01-03 14:00:00,61.0,32.77197172642872,28.228028273571283,14,1
2024-01-03 15:00:00,66.03,36.22324722299521,29.80675277700479,15,1
2024-01-03 16:00:00,67.52,52.49436848097122,15.025631519028778,16,1
2024-01-03 17:00:00,89.57,73.2851610745721,16.28483892542789,17,1
2024-01-03 18:00:00,94.2,84.77730295866775,9.422697041332256,18,1
2024-01-03 19:00:00,104.35,100.88606905207905,3.463930947920943,19,1
2024-01-03 20:00:00,113.26,96.96717584123928,16.292824158760723,20,1
2024-01-03 21:00:00,113.26,90.63218184545997,22.627818154540037,21,1
2024-01-03 22:00:00,94.2,77.10522425440513,17.094775745594873,22,1
2024-01-03 23:00:00,86.58,71.45301881075636,15.126981189243637,23,1
2024-01-04 00:00:00,90.39,53.73102088029805,36.658979119701954,0,1
2024-01-04 01:00:00,87.0,44.57806325916175,42.42193674083825,1,1
2024-01-04 02:00:00,80.21,43.31830576080699,36.891694239193,2,1
2024-01-04 03:00:00,70.1,39.04005112267396,31.059948877326036,3,1
2024-01-04 04:00:00,66.86,35.14963518350049,31.710364816499506,4,1
2024-01-04 05:00:00,68.14,34.88701153379037,33.25298846620963,5,1
2024-01-04 06:00:00,86.74,41.795097121547144,44.94490287845285,6,1
2024-01-04 07:00:00,94.51,47.6023092075194,46.90769079248061,7,1
2024-01-04 08:00:00,96.0,52.28548242537249,43.71451757462751,8,1
2024-01-04 09:00:00,98.13,57.21390844857888,40.91609155142112,9,1
2024-01-04 10:00:00,95.0,56.43693908704415,38.56306091295585,10,1
2024-01-04 11:00:00,90.35,50.14313754461034,40.206862455389654,11,1
2024-01-04 12:00:00,89.0,47.7334008658101,41.2665991341899,12,1
2024-01-04 13:00:00,85.96,42.96478220061573,42.995217799384264,13,1
2024-01-04 14:00:00,92.11,41.33190980107946,50.77809019892054,14,1
2024-01-04 15:00:00,98.62,43.11359643092817,55.506403569071836,15,1
2024-01-04 16:00:00,99.5,57.07615440897189,42.42384559102811,16,1
2024-01-04 17:00:00,100.0,76.79597483085212,23.204025169147883,17,1
2024-01-04 18:00:00,102.57,88.55896022085744,14.01103977914255,18,1
2024-01-04 19:00:00,104.0,102.29828283964133,1.701717160358669,19,1
2024-01-04 20:00:00,105.18,99.3619445982626,5.818055401737411,20,1
2024-01-04 21:00:00,102.42,94.33615837616696,8.083841623833038,21,1
2024-01-04 22:00:00,99.41,81.73903662942735,17.67096337057265,22,1
2024-01-04 23:00:00,90.39,75.9002590109709,14.489740989029102,23,1
2024-01-05 00:00:00,86.08,58.216217892310056,27.863782107689943,0,1
2024-01-05 01:00:00,80.51,48.80063891473844,31.709361085261563,1,1
2024-01-05 02:00:00,77.01,46.681778898365565,30.32822110163444,2,1
2024-01-05 03:00:00,70.67,41.853484287650815,28.816515712349187,3,1
2024-01-05 04:00:00,61.1,37.70276223785493,23.397237762145075,4,1
2024-01-05 05:00:00,68.26,36.81972242978878,31.440277570211222,5,1
2024-01-05 06:00:00,75.0,43.6979962933234,31.3020037066766,6,1
2024-01-05 07:00:00,86.39,48.611426157758956,37.778573842241045,7,1
2024-01-05 08:00:00,90.88,52.31328798520309,38.566712014796906,8,1
2024-01-05 09:00:00,90.0,56.37360036349946,33.62639963650054,9,1
2024-01-05 10:00:00,76.47,55.44070655014525,21.029293449854748,10,1
2024-01-05 11:00:00,57.68,48.949986414538216,8.730013585461784,11,1
2024-01-05 12:00:00,45.87,46.97050343855278,-1.100503438552785,12,1
2024-01-05 13:00:00,44.07,42.13679633153498,1.9332036684650191,13,1
2024-01-05 14:00:00,40.0,40.04637198643866,-0.046371986438657586,14,1
2024-01-05 15:00:00,30.55,41.555649588371864,-11.005649588371863,15,1
2024-01-05 16:00:00,44.37,55.48741116256565,-11.117411162565652,16,1
2024-01-05 17:00:00,67.0,74.97494550710564,-7.9749455071056445,17,1
2024-01-05 18:00:00,75.47,85.69209966032014,-10.22209966032014,18,1
2024-01-05 19:00:00,78.19,99.98298011554516,-21.792980115545163,19,1
2024-01-05 20:00:00,79.94,96.48451639354698,-16.544516393546985,20,1
2024-01-05 21:00:00,78.26,90.97582675829955,-12.715826758299542,21,1
2024-01-05 22:00:00,75.0,76.91256219839016,-1.9125621983901624,22,1
2024-01-05 23:00:00,68.0,69.97701944506304,-1.9770194450630356,23,1
2024-01-06 00:00:00,52.5,53.06306775701688,-0.5630677570168814,0,1
2024-01-06 01:00:00,45.0,43.706978967164844,1.2930210328351563,1,1
2024-01-06 02:00:00,44.2,41.32573339988278,2.874266600117224,2,1
2024-01-06 03:00:00,43.5,35.40635024620235,8.09364975379765,3,1
2024-01-06 04:00:00,23.99,30.945757662929168,-6.9557576629291695,4,1
2024-01-06 05:00:00,23.99,29.683554556658407,-5.693554556658409,5,1
2024-01-06 06:00:00,30.51,35.78332560040195,-5.27332560040195,6,1
2024-01-06 07:00:00,44.4,41.944723140120004,2.4552768598799943,7,1
2024-01-06 08:00:00,45.8,45.37518186570264,0.4248181342973538,8,1
2024-01-06 09:00:00,45.0,49.06351568424202,-4.06351568424202,9,1
2024-01-06 10:00:00,25.0,46.38953695598394,-21.389536955983942,10,1
2024-01-06 11:00:00,4.0,39.0541169211906,-35.0541169211906,11,1
2024-01-06 12:00:00,3.2,36.498881074183146,-33.29888107418314,12,1
2024-01-06 13:00:00,3.2,31.80601344813357,-28.60601344813357,13,1
2024-01-06 14:00:00,3.2,30.905523190330655,-27.705523190330656,14,1
2024-01-06 15:00:00,3.2,33.60719447902824,-30.407194479028238,15,1
2024-01-06 16:00:00,25.0,48.36038544453527,-23.360385444535268,16,1
2024-01-06 17:00:00,65.0,70.04634754997028,-5.046347549970278,17,1
2024-01-06 18:00:00,85.96,82.38973992916209,3.5702600708379038,18,1
2024-01-06 19:00:00,92.05,97.31813441282867,-5.2681344128286725,19,1
2024-01-06 20:00:00,92.14,93.22400108398745,-1.0840010839874452,20,1
2024-01-06 21:00:00,88.0,87.32402232487328,0.6759776751267168,21,1
2024-01-06 22:00:00,86.57,73.28432244499447,13.28567755500552,22,1
2024-01-06 23:00:00,79.87,66.41047625427808,13.459523745721924,23,1
2024-01-07 00:00:00,84.08,48.50648454054124,35.57351545945876,0,1
2024-01-07 01:00:00,79.82,39.51659210338073,40.30340789661926,1,1
2024-01-07 02:00:00,76.76,38.09502156997024,38.66497843002976,2,1
2024-01-07 03:00:00,73.46,33.50489611765869,39.955103882341305,3,1
2024-01-07 04:00:00,71.86,29.062541881785762,42.79745811821424,4,1
2024-01-07 05:00:00,72.08,27.79144639600213,44.28855360399787,5,1
2024-01-07 06:00:00,74.9,33.28046432485968,41.61953567514033,6,1
2024-01-07 07:00:00,77.69,37.4979083961864,40.192091603813594,7,1
2024-01-07 08:00:00,81.79,40.29084371816856,41.499156281831446,8,1
2024-01-07 09:00:00,84.86,43.900724720337735,40.959275279662265,9,1
2024-01-07 10:00:00,61.0,42.38911316221731,18.610886837782687,10,1
2024-01-07 11:00:00,55.87,34.94528285541054,20.924717144589458,11,1
2024-01-07 12:00:00,50.6,32.09669767282554,18.50330232717446,12,1
2024-01-07 13:00:00,51.77,27.25873581390107,24.511264186098934,13,1
2024-01-07 14:00:00,49.98,26.506968671181824,23.473031328818173,14,1
2024-01-07 15:00:00,45.57,29.50981603911015,16.06018396088985,15,1
2024-01-07 16:00:00,60.0,46.11526338388501,13.884736616114992,16,1
2024-01-07 17:00:00,92.05,68.06526508501776,23.98473491498224,17,1
2024-01-07 18:00:00,104.85,80.65624050060148,24.19375949939851,18,1
2024-01-07 19:00:00,103.55,95.39151839573475,8.158481604265248,19,1
2024-01-07 20:00:00,100.5,91.77260565664511,8.727394343354888,20,1
2024-01-07 21:00:00,95.89,86.89436623448262,8.995633765517383,21,1
2024-01-07 22:00:00,91.17,73.07734731750827,18.09265268249173,22,1
2024-01-07 23:00:00,83.86,66.57833678339915,17.281663216600847,23,1
2024-01-08 00:00:00,86.97,49.89692939814921,37.07307060185079,0,1
2024-01-08 01:00:00,84.18,40.73848256452675,43.44151743547326,1,1
2024-01-08 02:00:00,81.53,39.132470739505436,42.397529260494565,2,1
2024-01-08 03:00:00,78.79,34.219955329168215,44.57004467083179,3,1
2024-01-08 04:00:00,78.43,29.897272649695765,48.53272735030424,4,1
2024-01-08 05:00:00,82.1,29.09395114496141,53.006048855038586,5,1
2024-01-08 06:00:00,94.3,34.47020495944656,59.829795040553435,6,1
2024-01-08 07:00:00,111.07,38.46714972746054,72.60285027253946,7,1
2024-01-08 08:00:00,120.4,41.6943617568939,78.70563824310611,8,1
2024-01-08 09:00:00,116.98,45.096112883018975,71.88388711698103,9,1
2024-01-08 10:00:00,110.57,43.56784225392158,67.00215774607841,10,1
2024-01-08 11:00:00,103.0,36.30148435654144,66.69851564345856,11,1
2024-01-08 12:00:00,95.46,33.924745894330044,61.53525410566995,12,1
2024-01-08 13:00:00,93.88,29.385333758271656,64.49466624172834,13,1
2024-01-08 14:00:00,100.0,29.384199895450877,70.61580010454912,14,1
2024-01-08 15:00:00,107.98,32.90630222655153,75.07369777344847,15,1
2024-01-08 16:00:00,115.27,50.062413956291664,65.20758604370833,16,1
2024-01-08 17:00:00,125.17,73.27844551552658,51.89155448447342,17,1
2024-01-08 18:00:00,129.99,86.25300480907856,43.73699519092145,18,1
2024-01-08 19:00:00,130.0,101.46747046512104,28.53252953487896,19,1
2024-01-08 20:00:00,133.28,97.10373343106664,36.17626656893336,20,1
2024-01-08 21:00:00,129.47,92.15232097344187,37.317679026558125,21,1
2024-01-08 22:00:00,115.42,78.71278522624493,36.70721477375507,22,1
2024-01-08 23:00:00,107.98,71.25686533124315,36.723134668756856,23,1
2024-01-09 00:00:00,98.92,54.53867319299616,44.381326807003845,0,1
2024-01-09 01:00:00,100.0,45.71751549435942,54.28248450564058,1,1
2024-01-09 02:00:00,98.43,44.665507271268154,53.76449272873185,2,1
2024-01-09 03:00:00,98.62,39.44390562567895,59.17609437432105,3,1
2024-01-09 04:00:00,97.15,35.14180703328509,62.008192966714915,4,1
2024-01-09 05:00:00,97.53,34.143073232456516,63.386926767543486,5,1
2024-01-09 06:00:00,102.79,40.82900454077259,61.96099545922742,6,1
2024-01-09 07:00:00,108.28,46.51714057164219,61.762859428357814,7,1
2024-01-09 08:00:00,122.55,51.33280072048677,71.21719927951322,8,1
2024-01-09 09:00:00,120.75,54.236833947332,66.513166052668,9,1
2024-01-09 10:00:00,110.32,50.899821579735544,59.42017842026445,10,1
2024-01-09 11:00:00,107.67,42.45558482732571,65.2144151726743,11,1
2024-01-09 12:00:00,107.01,39.731307524883505,67.2786924751165,12,1
2024-01-09 13:00:00,106.48,35.71363376957606,70.76636623042394,13,1
2024-01-09 14:00:00,107.07,34.223580060562426,72.84641993943757,14,1
2024-01-09 15:00:00,114.75,38.76146511458745,75.98853488541255,15,1
2024-01-09 16:00:00,124.29,56.24148697636741,68.0485130236326,16,1
2024-01-09 17:00:00,137.35,79.86895713747413,57.48104286252587,17,1
2024-01-09 18:00:00,137.0,92.64264122175234,44.35735877824766,18,1
2024-01-09 19:00:00,138.95,107.91847468534274,31.031525314657245,19,1
2024-01-09 20:00:00,148.01,105.02709498727683,42.982905012723165,20,1
2024-01-09 21:00:00,130.0,99.64070344798807,30.359296552011926,21,1
2024-01-09 22:00:00,111.86,84.88347016438274,26.976529835617256,22,1
2024-01-09 23:00:00,106.11,78.81608237681274,27.293917623187255,23,1
2024-01-10 00:00:00,92.33,61.70315538733263,30.62684461266737,0,1
2024-01-10 01:00:00,90.12,53.30000377960312,36.81999622039689,1,1
2024-01-10 02:00:00,87.01,52.71401145987869,34.295988540121314,2,1
2024-01-10 03:00:00,85.8,47.969172555982084,37.83082744401791,3,1
2024-01-10 04:00:00,85.0,43.891154616735776,41.108845383264224,4,1
2024-01-10 05:00:00,86.3,42.93057907140616,43.36942092859384,5,1
2024-01-10 06:00:00,95.0,49.200576789069885,45.799423210930115,6,1
2024-01-10 07:00:00,103.94,54.10065783980775,49.839342160192246,7,1
2024-01-10 08:00:00,121.4,57.70893558841664,63.69106441158337,8,1
2024-01-10 09:00:00,121.4,60.50651884385627,60.893481156143736,9,1
2024-01-10 10:00:00,105.38,58.37533136436451,47.00466863563548,10,1
2024-01-10 11:00:00,102.97,50.53204224177733,52.437957758222666,11,1
2024-01-10 12:00:00,99.99,47.312030188955646,52.67796981104435,12,1
2024-01-10 13:00:00,98.5,42.50410351173116,55.99589648826884,13,1
2024-01-10 14:00:00,94.76,40.74960605515821,54.010393944841795,14,1
2024-01-10 15:00:00,94.73,44.57288366466696,50.15711633533304,15,1
2024-01-10 16:00:00,99.37,60.99592169568422,38.37407830431579,16,1
2024-01-10 17:00:00,102.7,81.47874667928721,21.22125332071279,17,1
2024-01-10 18:00:00,111.29,92.41412673263426,18.875873267365748,18,1
2024-01-10 19:00:00,121.4,107.40351784898252,13.996482151017489,19,1
2024-01-10 20:00:00,120.0,104.05628614125084,15.943713858749163,20,1
2024-01-10 21:00:00,107.71,97.17215133215149,10.537848667848507,21,1
2024-01-10 22:00:00,101.32,83.5129447488788,17.8070552511212,22,1
2024-01-10 23:00:00,92.68,75.28304213476571,17.3969578652343,23,1
2024-01-11 00:00:00,91.75,58.29512712912339,33.45487287087661,0,1
2024-01-11 01:00:00,86.18,49.67254097586425,36.507459024135755,1,1
2024-01-11 02:00:00,82.1,48.30845913448053,33.791540865519465,2,1
2024-01-11 03:00:00,80.0,43.62181059279288,36.37818940720712,3,1
2024-01-11 04:00:00,79.6,39.53042249479131,40.069577505208684,4,1
2024-01-11 05:00:00,81.1,38.24296952955274,42.857030470447256,5,1
2024-01-11 06:00:00,85.91,44.8810089225355,41.0289910774645,6,1
2024-01-11 07:00:00,102.05,50.83586023147768,51.214139768522315,7,1
2024-01-11 08:00:00,113.84,54.57181957253556,59.26818042746444,8,1
2024-01-11 09:00:00,110.0,59.37039620642406,50.62960379357594,9,1
2024-01-11 10:00:00,97.63,58.5198606341736,39.1101393658264,10,1
2024-01-11 11:00:00,86.18,51.34750853738086,34.832491462619146,11,1
2024-01-11 12:00:00,83.89,48.554824991505086,35.335175008494915,12,1
2024-01-11 13:00:00,82.18,43.671062017924726,38.50893798207528,13,1
2024-01-11 14:00:00,83.0,41.80577619890266,41.19422380109734,14,1
2024-01-11 15:00:00,85.0,44.62229950820131,40.37770049179869,15,1
2024-01-11 16:00:00,97.63,59.730787384374594,37.8992126156254,16,1
2024-01-11 17:00:00,118.5,80.41522936410979,38.08477063589021,17,1
2024-01-11 18:00:00,128.93,92.30982774493935,36.62017225506065,18,1
2024-01-11 19:00:00,132.31,107.79489519876557,24.51510480123443,19,1
2024-01-11 20:00:00,117.93,104.00809558148666,13.92190441851335,20,1
2024-01-11 21:00:00,108.33,97.79757175373936,10.532428246260636,21,1
2024-01-11 22:00:00,100.0,84.10782674799339,15.892173252006614,22,1
2024-01-11 23:00:00,93.26,77.89962867588775,15.36037132411225,23,1
2024-01-12 00:00:00,88.98,61.38145740023259,27.598542599767413,0,1
2024-01-12 01:00:00,86.45,53.48824266393336,32.96175733606664,1,1
2024-01-12 02:00:00,84.99,52.043909721194666,32.94609027880533,2,1
2024-01-12 03:00:00,83.0,47.47023385761128,35.52976614238872,3,1
2024-01-12 04:00:00,83.14,43.35283986893563,39.78716013106437,4,1
2024-01-12 05:00:00,85.0,42.163983456596156,42.836016543403844,5,1
2024-01-12 06:00:00,89.0,49.58499183757243,39.41500816242757,6,1
2024-01-12 07:00:00,102.77,55.61359881079443,47.15640118920557,7,1
2024-01-12 08:00:00,113.28,58.96906573956295,54.31093426043705,8,1
2024-01-12 09:00:00,105.0,62.1126627622254,42.8873372377746,9,1
2024-01-12 10:00:00,100.0,59.6741199215615,40.3258800784385,10,1
2024-01-12 11:00:00,94.58,51.228574540727436,43.35142545927256,11,1
2024-01-12 12:00:00,92.0,48.58667948281993,43.41332051718007,12,1
2024-01-12 13:00:00,91.78,42.84282127020634,48.93717872979366,13,1
2024-01-12 14:00:00,90.1,42.68312245285699,47.416877547143,14,1
2024-01-12 15:00:00,92.01,46.04497787395911,45.96502212604089,15,1
2024-01-12 16:00:00,100.98,61.60541554715559,39.37458445284442,16,1
2024-01-12 17:00:00,107.1,82.61365428359397,24.48634571640602,17,1
2024-01-12 18:00:00,126.0,95.00006985180516,30.999930148194835,18,1
2024-01-12 19:00:00,119.47,110.2898099047851,9.180190095214897,19,1
2024-01-12 20:00:00,110.0,106.45271676222853,3.5472832377714667,20,1
2024-01-12 21:00:00,102.26,99.49358155000448,2.766418449995527,21,1
2024-01-12 22:00:00,98.0,85.7707416945911,12.229258305408905,22,1
2024-01-12 23:00:00,95.49,79.04991086493357,16.44008913506643,23,1
2024-01-13 00:00:00,90.0,62.49062722936549,27.509372770634513,0,1
2024-01-13 01:00:00,87.48,53.170278457844745,34.30972154215526,1,1
2024-01-13 02:00:00,82.0,51.91529301367524,30.08470698632476,2,1
2024-01-13 03:00:00,78.47,47.295722993450966,31.174277006549033,3,1
2024-01-13 04:00:00,75.0,43.249967370199045,31.750032629800955,4,1
2024-01-13 05:00:00,75.0,42.76012665263943,32.23987334736057,5,1
2024-01-13 06:00:00,78.3,50.48124103136837,27.818758968631627,6,1
2024-01-13 07:00:00,85.59,56.41895633904022,29.171043660959782,7,1
2024-01-13 08:00:00,92.71,59.58719393320587,33.122806066794126,8,1
2024-01-13 09:00:00,94.83,63.52787734031017,31.30212265968983,9,1
2024-01-13 10:00:00,90.93,60.44514290810116,30.484857091898846,10,1
2024-01-13 11:00:00,83.39,52.14462438682909,31.245375613170907,11,1
2024-01-13 12:00:00,73.96,48.83475067756979,25.125249322430207,12,1
2024-01-13 13:00:00,71.45,43.444226323599935,28.005773676400068,13,1
2024-01-13 14:00:00,74.51,42.29451241817293,32.21548758182708,14,1
2024-01-13 15:00:00,80.4,45.46274276396531,34.9372572360347,15,1
2024-01-13 16:00:00,91.23,61.688660643749586,29.54133935625042,16,1
2024-01-13 17:00:00,99.3,85.55802333536934,13.741976664630656,17,1
2024-01-13 18:00:00,107.99,98.25054099957117,9.739459000428823,18,1
2024-01-13 19:00:00,103.14,111.6648046158574,-8.524804615857406,19,1
2024-01-13 20:00:00,100.0,107.38596091776617,-7.38596091776617,20,1
2024-01-13 21:00:00,97.61,100.77768369170707,-3.1676836917070688,21,1
2024-01-13 22:00:00,93.12,86.9782701488092,6.141729851190803,22,1
2024-01-13 23:00:00,90.0,80.11032493148406,9.889675068515942,23,1
2024-01-14 00:00:00,86.1,62.604006395971226,23.49599360402877,0,1
2024-01-14 01:00:00,82.78,53.22589426825914,29.55410573174086,1,1
2024-01-14 02:00:00,78.66,50.81548904712014,27.844510952879858,2,1
2024-01-14 03:00:00,72.53,45.79642352835981,26.73357647164019,3,1
2024-01-14 04:00:00,69.34,41.64358409797205,27.69641590202795,4,1
2024-01-14 05:00:00,69.13,40.14609642315514,28.983903576844853,5,1
2024-01-14 06:00:00,69.71,45.36370638380265,24.346293616197343,6,1
2024-01-14 07:00:00,72.95,49.845503740659865,23.104496259340138,7,1
2024-01-14 08:00:00,77.9,51.69781585800217,26.202184141997833,8,1
2024-01-14 09:00:00,79.45,54.8694519793068,24.5805480206932,9,1
2024-01-14 10:00:00,74.69,53.02013186839076,21.669868131609235,10,1
2024-01-14 11:00:00,69.0,45.573787918537676,23.426212081462324,11,1
2024-01-14 12:00:00,67.8,42.890150988679636,24.90984901132036,12,1
2024-01-14 13:00:00,65.4,38.41799234237283,26.98200765762718,13,1
2024-01-14 14:00:00,63.1,38.061408085700634,25.038591914299367,14,1
2024-01-14 15:00:00,62.3,41.33501946903067,20.964980530969328,15,1
2024-01-14 16:00:00,65.13,56.14444298756064,8.985557012439358,16,1
2024-01-14 17:00:00,72.84,76.09054644894348,-3.2505464489434814,17,1
2024-01-14 18:00:00,86.18,87.07604814549393,-0.8960481454939213,18,1
2024-01-14 19:00:00,92.01,101.38447826779822,-9.37447826779821,19,1
2024-01-14 20:00:00,86.03,97.35630736711829,-11.32630736711829,20,1
2024-01-14 21:00:00,84.49,91.82059534790562,-7.3305953479056285,21,1
2024-01-14 22:00:00,82.97,78.10004410376081,4.8699558962391905,22,1
2024-01-14 23:00:00,72.52,71.53881197161866,0.9811880283813394,23,1
2024-01-15 00:00:00,77.7,54.026236456501636,23.673763543498367,0,1
2024-01-15 01:00:00,67.0,44.54479214559592,22.45520785440408,1,1
2024-01-15 02:00:00,64.99,42.83756143567507,22.152438564324925,2,1
2024-01-15 03:00:00,62.04,38.0739751336655,23.9660248663345,3,1
2024-01-15 04:00:00,62.1,33.65357612462748,28.446423875372524,4,1
2024-01-15 05:00:00,65.1,32.21968121986197,32.880318780138026,5,1
2024-01-15 06:00:00,69.13,37.16982192635646,31.960178073643533,6,1
2024-01-15 07:00:00,86.74,40.62981871474494,46.11018128525505,7,1
2024-01-15 08:00:00,99.52,42.2594074081627,57.260592591837295,8,1
2024-01-15 09:00:00,100.33,45.609686437446385,54.72031356255361,9,1
2024-01-15 10:00:00,94.92,48.152694146898284,46.76730585310172,10,1
2024-01-15 11:00:00,90.3,42.92190414588043,47.378095854119564,11,1
2024-01-15 12:00:00,85.7,42.46273559075564,43.23726440924436,12,1
2024-01-15 13:00:00,82.41,38.754362407532426,43.65563759246757,13,1
2024-01-15 14:00:00,84.99,39.24195876578881,45.748041234211186,14,1
2024-01-15 15:00:00,90.1,41.79564340056311,48.304356599436886,15,1
2024-01-15 16:00:00,95.82,55.268923076419924,40.55107692358007,16,1
2024-01-15 17:00:00,100.0,75.46833859293076,24.531661407069237,17,1
2024-01-15 18:00:00,112.85,88.07959960587675,24.770400394123243,18,1
2024-01-15 19:00:00,113.9,102.63791022660843,11.26208977339158,19,1
2024-01-15 20:00:00,107.58,98.68838662161806,8.891613378381933,20,1
2024-01-15 21:00:00,100.0,93.0284014336284,6.971598566371597,21,1
2024-01-15 22:00:00,97.21,79.83081138815362,17.379188611846374,22,1
2024-01-15 23:00:00,91.0,72.3608519563146,18.639148043685395,23,1
2024-01-16 00:00:00,86.59,55.08218069417842,31.507819305821585,0,1
2024-01-16 01:00:00,83.33,46.20278547972873,37.12721452027127,1,1
2024-01-16 02:00:00,80.94,45.10718555093672,35.83281444906328,2,1
2024-01-16 03:00:00,78.65,40.570437271694004,38.079562728306,3,1
2024-01-16 04:00:00,78.35,36.62631830507689,41.7236816949231,4,1
2024-01-16 05:00:00,80.37,36.54466581563372,43.825334184366284,5,1
2024-01-16 06:00:00,89.0,44.312320669100245,44.687679330899755,6,1
2024-01-16 07:00:00,101.0,50.112181337346954,50.887818662653046,7,1
2024-01-16 08:00:00,127.07,54.07267628730909,72.9973237126909,8,1
2024-01-16 09:00:00,120.18,58.09557686898114,62.084423131018866,9,1
2024-01-16 10:00:00,99.28,58.13639762446485,41.14360237553515,10,1
2024-01-16 11:00:00,91.69,52.32912279835858,39.360877201641415,11,1
2024-01-16 12:00:00,93.0,50.97372355121729,42.02627644878271,12,1
2024-01-16 13:00:00,89.42,45.268349853455106,44.151650146544895,13,1
2024-01-16 14:00:00,90.0,43.319947133907476,46.680052866092524,14,1
2024-01-16 15:00:00,88.0,44.82215104236491,43.17784895763509,15,1
2024-01-16 16:00:00,84.88,58.771814117378085,26.10818588262191,16,1
2024-01-16 17:00:00,88.0,77.97169427477633,10.028305725223674,17,1
2024-01-16 18:00:00,89.02,90.07225296951748,-1.0522529695174825,18,1
2024-01-16 19:00:00,99.49,106.03524379191845,-6.545243791918452,19,1
2024-01-16 20:00:00,99.78,102.79736516925243,-3.017365169252429,20,1
2024-01-16 21:00:00,88.75,97.20327887719077,-8.453278877190769,21,1
2024-01-16 22:00:00,75.99,83.24451453074317,-7.2545145307431795,22,1
2024-01-16 23:00:00,60.0,76.63344479847115,-16.633444798471146,23,1
2024-01-17 00:00:00,19.13,59.51697864968622,-40.38697864968623,0,1
2024-01-17 01:00:00,15.93,50.35529689611468,-34.42529689611468,1,1
2024-01-17 02:00:00,6.0,48.854101224204385,-42.854101224204385,2,1
2024-01-17 03:00:00,4.9,43.63939982497584,-38.73939982497584,3,1
2024-01-17 04:00:00,4.9,39.59820642976172,-34.69820642976172,4,1
2024-01-17 05:00:00,5.0,38.41425081899433,-33.41425081899433,5,1
2024-01-17 06:00:00,16.7,45.366999135627964,-28.666999135627965,6,1
2024-01-17 07:00:00,44.2,50.08101753134923,-5.881017531349229,7,1
2024-01-17 08:00:00,45.5,52.97742687273228,-7.477426872732281,8,1
2024-01-17 09:00:00,45.5,56.717976117868716,-11.217976117868716,9,1
2024-01-17 10:00:00,44.8,55.05346256372826,-10.253462563728263,10,1
2024-01-17 11:00:00,34.52,48.00313899722215,-13.483138997222149,11,1
2024-01-17 12:00:00,17.29,45.78264379171361,-28.49264379171361,12,1
2024-01-17 13:00:00,12.99,39.5467529851129,-26.5567529851129,13,1
2024-01-17 14:00:00,5.1,38.549113539517066,-33.449113539517064,14,1
2024-01-17 15:00:00,5.0,41.03981110708406,-36.03981110708406,15,1
2024-01-17 16:00:00,18.38,54.352670633047296,-35.9726706330473,16,1
2024-01-17 17:00:00,43.5,73.61196172653285,-30.111961726532854,17,1
2024-01-17 18:00:00,45.4,84.78412371738807,-39.38412371738807,18,1
2024-01-17 19:00:00,49.1,99.06354461707082,-49.963544617070816,19,1
2024-01-17 20:00:00,54.88,94.6222667206626,-39.74226672066259,20,1
2024-01-17 21:00:00,46.8,87.83021070909524,-41.03021070909524,21,1
2024-01-17 22:00:00,43.37,72.23041109498172,-28.86041109498172,22,1
2024-01-17 23:00:00,18.03,64.66508748934797,-46.63508748934797,23,1
2024-01-18 00:00:00,3.2,46.6968902870521,-43.496890287052096,0,1
2024-01-18 01:00:00,3.2,37.071169993485796,-33.87116999348579,1,1
2024-01-18 02:00:00,1.68,36.28106426616648,-34.60106426616648,2,1
2024-01-18 03:00:00,0.43,31.56351363094882,-31.13351363094882,3,1
2024-01-18 04:00:00,0.99,27.449399673222104,-26.459399673222105,4,1
2024-01-18 05:00:00,3.2,26.909187821597357,-23.709187821597357,5,1
2024-01-18 06:00:00,3.2,34.12814509865649,-30.92814509865649,6,1
2024-01-18 07:00:00,30.1,40.02085236861137,-9.92085236861137,7,1
2024-01-18 08:00:00,47.19,43.49450438259413,3.695495617405868,8,1
2024-01-18 09:00:00,55.77,47.3236939989211,8.446306001078902,9,1
2024-01-18 10:00:00,45.27,45.8407160638933,-0.5707160638932933,10,1
2024-01-18 11:00:00,43.66,38.901589631118156,4.75841036888184,11,1
2024-01-18 12:00:00,39.19,36.52804139166375,2.661958608336249,12,1
2024-01-18 13:00:00,35.0,33.731986952176385,1.2680130478236151,13,1
2024-01-18 14:00:00,35.3,33.53951718723346,1.76048281276654,14,1
2024-01-18 15:00:00,45.4,36.07414449056415,9.325855509435847,15,1
2024-01-18 16:00:00,62.17,50.24574027932988,11.924259720670122,16,1
2024-01-18 17:00:00,96.02,72.04542347908802,23.97457652091198,17,1
2024-01-18 18:00:00,103.71,85.52204502846286,18.18795497153714,18,1
2024-01-18 19:00:00,99.6,101.22140911026361,-1.6214091102636132,19,1
2024-01-18 20:00:00,105.34,96.9259297089369,8.414070291063098,20,1
2024-01-18 21:00:00,98.84,90.42494449059086,8.415055509409143,21,1
2024-01-18 22:00:00,92.14,76.50856518044014,15.631434819559857,22,1
2024-01-18 23:00:00,73.61,69.01176808199438,4.598231918005624,23,1
2024-01-19 00:00:00,71.82,52.3479772575169,19.47202274248309,0,1
2024-01-19 01:00:00,67.44,43.66928261853826,23.770717381461736,1,1
2024-01-19 02:00:00,67.17,42.11226713332735,25.05773286667265,2,1
2024-01-19 03:00:00,60.0,37.282437752293674,22.717562247706326,3,1
2024-01-19 04:00:00,54.79,33.65546926061944,21.13453073938056,4,1
2024-01-19 05:00:00,50.0,32.97655847194716,17.023441528052842,5,1
2024-01-19 06:00:00,60.0,40.05354742877421,19.94645257122579,6,1
2024-01-19 07:00:00,74.4,46.483000870038495,27.91699912996151,7,1
2024-01-19 08:00:00,82.32,49.28139172750838,33.038608272491615,8,1
2024-01-19 09:00:00,87.33,53.10918808736653,34.220811912633465,9,1
2024-01-19 10:00:00,81.0,51.96258110772732,29.037418892272683,10,1
2024-01-19 11:00:00,78.0,45.512125875345305,32.487874124654695,11,1
2024-01-19 12:00:00,78.74,42.82863107550253,35.91136892449747,12,1
2024-01-19 13:00:00,70.83,37.756584339137135,33.073415660862864,13,1
2024-01-19 14:00:00,61.13,36.29314286228578,24.836857137714226,14,1
2024-01-19 15:00:00,60.14,39.13804340946166,21.00195659053834,15,1
2024-01-19 16:00:00,63.0,54.70427376396941,8.295726236030589,16,1
2024-01-19 17:00:00,69.18,75.10321636021041,-5.923216360210404,17,1
2024-01-19 18:00:00,80.5,88.61739308311303,-8.11739308311303,18,1
2024-01-19 19:00:00,84.2,104.46034417924903,-20.26034417924903,19,1
2024-01-19 20:00:00,82.88,101.67858997280518,-18.79858997280519,20,1
2024-01-19 21:00:00,80.5,97.02306038781995,-16.523060387819953,21,1
2024-01-19 22:00:00,74.4,84.34631323088013,-9.946313230880122,22,1
2024-01-19 23:00:00,61.0,78.451185903142,-17.451185903142004,23,1
2024-01-20 00:00:00,73.75,61.92117783176178,11.828822168238219,0,1
2024-01-20 01:00:00,63.92,53.19342915243658,10.726570847563423,1,1
2024-01-20 02:00:00,63.81,51.25115269760124,12.55884730239876,2,1
2024-01-20 03:00:00,63.81,46.58297833577586,17.22702166422414,3,1
2024-01-20 04:00:00,63.68,42.47785050720552,21.202149492794483,4,1
2024-01-20 05:00:00,66.1,41.442040071789165,24.65795992821083,5,1
2024-01-20 06:00:00,70.3,48.974980223285854,21.325019776714143,6,1
2024-01-20 07:00:00,75.93,55.74918900653665,20.180810993463353,7,1
2024-01-20 08:00:00,84.09,59.25817230291676,24.83182769708324,8,1
2024-01-20 09:00:00,88.31,64.33539792254862,23.97460207745138,9,1
2024-01-20 10:00:00,82.85,64.69778770910409,18.152212290895903,10,1
2024-01-20 11:00:00,76.64,58.03359567110033,18.60640432889967,11,1
2024-01-20 12:00:00,74.65,54.800900101250704,19.8490998987493,12,1
2024-01-20 13:00:00,69.84,48.742407704546565,21.09759229545344,13,1
2024-01-20 14:00:00,73.41,45.57972062484788,27.830279375152116,14,1
2024-01-20 15:00:00,79.21,47.200280102389115,32.00971989761088,15,1
2024-01-20 16:00:00,87.97,61.3219611685073,26.6480388314927,16,1
2024-01-20 17:00:00,95.07,80.08315910472442,14.986840895275577,17,1
2024-01-20 18:00:00,99.94,92.18468278143553,7.755317218564471,18,1
2024-01-20 19:00:00,99.58,106.84050893931988,-7.260508939319877,19,1
2024-01-20 20:00:00,99.94,102.73145929705288,-2.7914592970528815,20,1
2024-01-20 21:00:00,99.58,96.1858206461331,3.394179353866903,21,1
2024-01-20 22:00:00,94.46,82.30733074979469,12.152669250205307,22,1
2024-01-20 23:00:00,85.78,75.73642609838379,10.043573901616213,23,1
2024-01-21 00:00:00,69.07,58.7628073458867,10.307192654113294,0,1
2024-01-21 01:00:00,59.11,49.81079171722024,9.299208282779759,1,1
2024-01-21 02:00:00,58.2,48.69981105290384,9.500188947096163,2,1
2024-01-21 03:00:00,57.57,43.987462489025404,13.582537510974596,3,1
2024-01-21 04:00:00,57.5,40.45750986083408,17.04249013916592,4,1
2024-01-21 05:00:00,57.5,39.89202909301815,17.607970906981848,5,1
2024-01-21 06:00:00,57.5,45.923950954876204,11.576049045123796,6,1
2024-01-21 07:00:00,59.0,50.60405067771944,8.395949322280558,7,1
2024-01-21 08:00:00,60.1,54.182409571274775,5.917590428725227,8,1
2024-01-21 09:00:00,59.0,57.79876669870299,1.201233301297009,9,1
2024-01-21 10:00:00,58.64,53.469400735323575,5.170599264676426,10,1
2024-01-21 11:00:00,56.8,43.72124742471942,13.078752575280575,11,1
2024-01-21 12:00:00,56.36,39.5656732656131,16.7943267343869,12,1
2024-01-21 13:00:00,47.42,34.20509401228691,13.214905987713095,13,1
2024-01-21 14:00:00,52.67,33.09822744244849,19.571772557551512,14,1
2024-01-21 15:00:00,53.75,36.268696314581234,17.481303685418766,15,1
2024-01-21 16:00:00,56.89,52.31538698834618,4.574613011653824,16,1
2024-01-21 17:00:00,64.89,76.48929104450639,-11.599291044506387,17,1
2024-01-21 18:00:00,83.98,90.64670954883638,-6.66670954883638,18,1
2024-01-21 19:00:00,93.52,106.12685856936389,-12.606858569363894,19,1
2024-01-21 20:00:00,95.62,102.24953028344038,-6.629530283440374,20,1
2024-01-21 21:00:00,94.52,96.20075145297727,-1.680751452977276,21,1
2024-01-21 22:00:00,76.83,82.14495024359326,-5.314950243593259,22,1
2024-01-21 23:00:00,59.2,75.68500541019807,-16.48500541019807,23,1
2024-01-22 00:00:00,47.0,57.48719433294656,-10.487194332946558,0,1
2024-01-22 01:00:00,41.8,47.955160148362324,-6.155160148362327,1,1
2024-01-22 02:00:00,35.0,46.049315001089155,-11.049315001089155,2,1
2024-01-22 03:00:00,25.0,41.5491486803262,-16.549148680326198,3,1
2024-01-22 04:00:00,28.1,37.56014005569938,-9.460140055699377,4,1
2024-01-22 05:00:00,40.0,36.961732970864375,3.038267029135625,5,1
2024-01-22 06:00:00,49.01,42.89725362131122,6.112746378688776,6,1
2024-01-22 07:00:00,75.0,47.034193360435324,27.965806639564676,7,1
2024-01-22 08:00:00,92.69,50.17264083833186,42.51735916166814,8,1
2024-01-22 09:00:00,86.66,53.02608676687527,33.63391323312473,9,1
2024-01-22 10:00:00,71.08,50.240333503305465,20.839666496694534,10,1
2024-01-22 11:00:00,61.99,41.12848777788207,20.86151222211793,11,1
2024-01-22 12:00:00,57.67,38.26807021251153,19.40192978748847,12,1
2024-01-22 13:00:00,58.48,33.05539446101233,25.42460553898767,13,1
2024-01-22 14:00:00,59.87,32.074742952555596,27.7952570474444,14,1
2024-01-22 15:00:00,59.99,35.13083499551573,24.859165004484275,15,1
2024-01-22 16:00:00,66.07,51.79875394540426,14.271246054595736,16,1
2024-01-22 17:00:00,79.09,78.60961520714943,0.4803847928505718,17,1
2024-01-22 18:00:00,98.18,94.23179127077458,3.9482087292254278,18,1
2024-01-22 19:00:00,104.91,108.6588160569732,-3.7488160569731974,19,1
2024-01-22 20:00:00,119.0,104.05458467314821,14.945415326851787,20,1
2024-01-22 21:00:00,103.21,96.50126013288241,6.708739867117586,21,1
2024-01-22 22:00:00,94.27,81.50991737318702,12.760082626812974,22,1
2024-01-22 23:00:00,75.93,74.13103293616973,1.7989670638302755,23,1
2024-01-23 00:00:00,61.1,56.133984950537354,4.966015049462648,0,1
2024-01-23 01:00:00,59.0,46.7508132224234,12.249186777576597,1,1
2024-01-23 02:00:00,58.5,44.577362473300354,13.922637526699646,2,1
2024-01-23 03:00:00,59.87,39.68596740580654,20.18403259419346,3,1
2024-01-23 04:00:00,58.5,35.43778443097699,23.06221556902301,4,1
2024-01-23 05:00:00,58.5,34.47473140640551,24.02526859359449,5,1
2024-01-23 06:00:00,65.55,42.19379766149956,23.356202338500438,6,1
2024-01-23 07:00:00,90.1,47.6945476456865,42.405452354313496,7,1
2024-01-23 08:00:00,97.5,51.64792185163617,45.85207814836383,8,1
2024-01-23 09:00:00,91.86,54.51555878510908,37.34444121489092,9,1
2024-01-23 10:00:00,81.0,51.0269224817514,29.9730775182486,10,1
2024-01-23 11:00:00,66.65,43.86163341047552,22.788366589524486,11,1
2024-01-23 12:00:00,61.91,41.39429794446926,20.51570205553074,12,1
2024-01-23 13:00:00,61.03,36.25580782707186,24.77419217292814,13,1
2024-01-23 14:00:00,62.01,35.56896188392767,26.441038116072328,14,1
2024-01-23 15:00:00,64.0,38.89540933551291,25.10459066448709,15,1
2024-01-23 16:00:00,66.62,56.03175132106594,10.588248678934065,16,1
2024-01-23 17:00:00,84.0,78.99308855349994,5.006911446500055,17,1
2024-01-23 18:00:00,96.98,93.45292967186623,3.5270703281337745,18,1
2024-01-23 19:00:00,115.0,109.15574795079186,5.844252049208137,19,1
2024-01-23 20:00:00,129.01,105.2615930125213,23.74840698747869,20,1
2024-01-23 21:00:00,106.76,98.97439755914468,7.785602440855328,21,1
2024-01-23 22:00:00,92.5,84.51645146526084,7.983548534739157,22,1
2024-01-23 23:00:00,84.51,77.49849517442897,7.011504825571038,23,1
2024-01-24 00:00:00,86.0,59.60036795969978,26.39963204030022,0,1
2024-01-24 01:00:00,78.93,51.3977440191818,27.532255980818206,1,1
2024-01-24 02:00:00,73.73,50.05005383956359,23.679946160436415,2,1
2024-01-24 03:00:00,71.69,44.9400433995736,26.7499566004264,3,1
2024-01-24 04:00:00,70.94,41.60927409853639,29.33072590146361,4,1
2024-01-24 05:00:00,71.69,40.803439365314716,30.88656063468528,5,1
2024-01-24 06:00:00,80.19,48.53796313886346,31.652036861136537,6,1
2024-01-24 07:00:00,93.18,55.363011091651174,37.81698890834883,7,1
2024-01-24 08:00:00,101.5,60.48231223840719,41.01768776159281,8,1
2024-01-24 09:00:00,89.02,61.958239314369735,27.06176068563026,9,1
2024-01-24 10:00:00,70.69,59.188475813036916,11.501524186963081,10,1
2024-01-24 11:00:00,61.8,51.462507956986656,10.337492043013341,11,1
2024-01-24 12:00:00,59.87,48.30642655719248,11.563573442807517,12,1
2024-01-24 13:00:00,58.2,42.69711069324802,15.502889306751982,13,1
2024-01-24 14:00:00,58.2,42.988482205744276,15.211517794255727,14,1
2024-01-24 15:00:00,60.5,47.00413176265215,13.49586823734785,15,1
2024-01-24 16:00:00,64.0,64.51898323773412,-0.518983237734119,16,1
2024-01-24 17:00:00,88.61,89.75523771228796,-1.1452377122879653,17,1
2024-01-24 18:00:00,94.94,102.60189757893659,-7.661897578936589,18,1
2024-01-24 19:00:00,150.41,117.3110330822227,33.09896691777729,19,1
2024-01-24 20:00:00,152.17,112.76327018728216,39.40672981271783,20,1
2024-01-24 21:00:00,103.0,106.82916470740912,-3.82916470740912,21,1
2024-01-24 22:00:00,88.04,92.90920933587637,-4.869209335876363,22,1
2024-01-24 23:00:00,74.86,86.11794961733511,-11.257949617335115,23,1
2024-01-25 00:00:00,64.97,68.1907912682779,-3.2207912682779067,0,1
2024-01-25 01:00:00,60.53,59.34702968154386,1.1829703184561424,1,1
2024-01-25 02:00:00,60.0,58.457758452736186,1.5422415472638136,2,1
2024-01-25 03:00:00,55.36,53.61394799237445,1.7460520076255506,3,1
2024-01-25 04:00:00,57.26,49.817409595542415,7.442590404457583,4,1
2024-01-25 05:00:00,63.29,49.19704402177359,14.092955978226406,5,1
2024-01-25 06:00:00,72.45,56.18276363336679,16.267236366633213,6,1
2024-01-25 07:00:00,83.5,59.87322147772039,23.626778522279608,7,1
2024-01-25 08:00:00,95.53,64.16891409454166,31.36108590545834,8,1
2024-01-25 09:00:00,89.84,66.21484379389011,23.625156206109892,9,1
2024-01-25 10:00:00,74.71,62.08146044655854,12.628539553441456,10,1
2024-01-25 11:00:00,65.01,53.304032137342176,11.705967862657829,11,1
2024-01-25 12:00:00,64.97,50.625947127496715,14.344052872503283,12,1
2024-01-25 13:00:00,64.97,45.278300612383646,19.691699387616353,13,1
2024-01-25 14:00:00,65.0,45.290519223731906,19.709480776268094,14,1
2024-01-25 15:00:00,61.85,49.16519034466887,12.68480965533113,15,1
2024-01-25 16:00:00,67.67,67.52500129266025,0.1449987073397523,16,1
2024-01-25 17:00:00,75.59,89.97962166533256,-14.389621665332555,17,1
2024-01-25 18:00:00,94.72,102.39065884367375,-7.670658843673749,18,1
2024-01-25 19:00:00,113.0,117.10270941952143,-4.102709419521432,19,1
2024-01-25 20:00:00,135.36,113.54864848240442,21.811351517595597,20,1
2024-01-25 21:00:00,103.01,106.60645021487085,-3.596450214870842,21,1
2024-01-25 22:00:00,80.95,92.00305766136188,-11.053057661361876,22,1
2024-01-25 23:00:00,73.58,84.4640917647875,-10.884091764787499,23,1
2024-01-26 00:00:00,63.37,67.66245104666564,-4.29245104666564,0,1
2024-01-26 01:00:00,65.0,57.60025437689552,7.399745623104479,1,1
2024-01-26 02:00:00,63.86,55.081376351529684,8.778623648470315,2,1
2024-01-26 03:00:00,63.86,50.008531009389344,13.851468990610655,3,1
2024-01-26 04:00:00,62.48,45.91584363570638,16.564156364293616,4,1
2024-01-26 05:00:00,63.86,44.55956252573634,19.30043747426366,5,1
2024-01-26 06:00:00,69.57,51.28944763827121,18.28055236172878,6,1
2024-01-26 07:00:00,80.02,56.39918032800574,23.620819671994255,7,1
2024-01-26 08:00:00,115.0,59.363533675358326,55.636466324641674,8,1
2024-01-26 09:00:00,77.3,61.41835224974869,15.881647750251304,9,1
2024-01-26 10:00:00,66.19,57.293202167073616,8.896797832926381,10,1
2024-01-26 11:00:00,62.39,49.20173044828107,13.188269551718932,11,1
2024-01-26 12:00:00,55.78,48.19024211127157,7.589757888728428,12,1
2024-01-26 13:00:00,50.7,43.21178051623963,7.488219483760375,13,1
2024-01-26 14:00:00,53.61,43.19925741564077,10.410742584359227,14,1
2024-01-26 15:00:00,55.52,46.858848552964844,8.66115144703516,15,1
2024-01-26 16:00:00,63.38,63.16603205049955,0.21396794950045006,16,1
2024-01-26 17:00:00,73.74,87.18091517573657,-13.440915175736578,17,1
2024-01-26 18:00:00,89.62,100.13797837019325,-10.517978370193248,18,1
2024-01-26 19:00:00,96.8,114.22287529679369,-17.42287529679369,19,1
2024-01-26 20:00:00,111.07,110.28217012860051,0.7878298713994809,20,1
2024-01-26 21:00:00,93.0,104.05377355780251,-11.053773557802515,21,1
2024-01-26 22:00:00,74.98,89.09658158180468,-14.116581581804681,22,1
2024-01-26 23:00:00,70.45,82.57134386098795,-12.121343860987949,23,1
2024-01-27 00:00:00,64.97,64.74846411447714,0.22153588552285441,0,1
2024-01-27 01:00:00,61.06,56.04748703465242,5.012512965347582,1,1
2024-01-27 02:00:00,59.05,54.4363856533883,4.613614346611698,2,1
2024-01-27 03:00:00,55.9,49.090948893051575,6.809051106948424,3,1
2024-01-27 04:00:00,55.9,44.67257298756266,11.227427012437339,4,1
2024-01-27 05:00:00,57.22,43.79931972476771,13.420680275232286,5,1
2024-01-27 06:00:00,59.36,49.96682357690969,9.39317642309031,6,1
2024-01-27 07:00:00,66.19,55.06339758339874,11.126602416601258,7,1
2024-01-27 08:00:00,78.09,57.29224704941453,20.797752950585476,8,1
2024-01-27 09:00:00,73.4,59.19955925976342,14.200440740236587,9,1
2024-01-27 10:00:00,62.01,53.705559623251304,8.304440376748694,10,1
2024-01-27 11:00:00,54.4,46.21752770140074,8.182472298599258,11,1
2024-01-27 12:00:00,47.0,45.27382576858628,1.7261742314137223,12,1
2024-01-27 13:00:00,47.7,41.268787131313104,6.431212868686899,13,1
2024-01-27 14:00:00,47.5,40.67964590324118,6.82035409675882,14,1
2024-01-27 15:00:00,47.0,44.157487234146686,2.8425127658533142,15,1
2024-01-27 16:00:00,55.2,60.649871528819006,-5.449871528819003,16,1
2024-01-27 17:00:00,74.43,83.28326317647355,-8.853263176473547,17,1
2024-01-27 18:00:00,95.97,95.84766390851894,0.12233609148105984,18,1
2024-01-27 19:00:00,92.51,110.53147551004525,-18.02147551004525,19,1
2024-01-27 20:00:00,92.53,106.56218230289647,-14.032182302896473,20,1
2024-01-27 21:00:00,89.5,99.53144888369195,-10.03144888369195,21,1
2024-01-27 22:00:00,75.97,85.51704527953638,-9.547045279536377,22,1
2024-01-27 23:00:00,72.7,77.60228931439912,-4.902289314399113,23,1
2024-01-28 00:00:00,62.03,60.176519052841854,1.8534809471581468,0,1
2024-01-28 01:00:00,58.2,50.94987840828105,7.250121591718951,1,1
2024-01-28 02:00:00,52.9,49.423150536948015,3.476849463051984,2,1
2024-01-28 03:00:00,47.21,44.3443504395384,2.8656495604615984,3,1
2024-01-28 04:00:00,44.0,40.07953006703508,3.92046993296492,4,1
2024-01-28 05:00:00,43.2,38.810821210756444,4.389178789243559,5,1
2024-01-28 06:00:00,47.05,44.84091065604645,2.2090893439535506,6,1
2024-01-28 07:00:00,51.4,48.8909650618379,2.5090349381620953,7,1
2024-01-28 08:00:00,55.29,50.521198916233345,4.768801083766654,8,1
2024-01-28 09:00:00,55.1,53.81910972505443,1.2808902749455697,9,1
2024-01-28 10:00:00,42.0,53.70380390330928,-11.703803903309279,10,1
2024-01-28 11:00:00,37.0,46.694915992843505,-9.694915992843505,11,1
2024-01-28 12:00:00,42.0,43.731903673889065,-1.7319036738890645,12,1
2024-01-28 13:00:00,39.93,39.223822135735816,0.706177864264184,13,1
2024-01-28 14:00:00,40.09,37.76757712408863,2.3224228759113714,14,1
2024-01-28 15:00:00,38.03,41.26643833512799,-3.2364383351279855,15,1
2024-01-28 16:00:00,43.12,57.18454867054743,-14.064548670547431,16,1
2024-01-28 17:00:00,60.8,79.77092966853883,-18.97092966853883,17,1
2024-01-28 18:00:00,71.14,93.07820581070627,-21.938205810706265,18,1
2024-01-28 19:00:00,71.55,107.65279589234126,-36.10279589234126,19,1
2024-01-28 20:00:00,69.87,103.52659534550548,-33.65659534550548,20,1
2024-01-28 21:00:00,63.11,97.10839836742423,-33.99839836742423,21,1
2024-01-28 22:00:00,60.34,83.95999030858712,-23.61999030858712,22,1
2024-01-28 23:00:00,56.0,77.09495291229581,-21.09495291229581,23,1
2024-01-29 00:00:00,49.97,58.787042591605825,-8.817042591605826,0,1
2024-01-29 01:00:00,47.26,49.24692162600712,-1.986921626007124,1,1
2024-01-29 02:00:00,48.12,47.55708132497904,0.5629186750209598,2,1
2024-01-29 03:00:00,47.97,42.26684356248751,5.70315643751249,3,1
2024-01-29 04:00:00,51.58,37.71595876154248,13.864041238457517,4,1
2024-01-29 05:00:00,60.06,36.91105713041094,23.148942869589064,5,1
2024-01-29 06:00:00,80.66,42.058747703996744,38.60125229600325,6,1
2024-01-29 07:00:00,88.7,44.97215745996186,43.72784254003814,7,1
2024-01-29 08:00:00,99.26,46.72426578957845,52.53573421042155,8,1
2024-01-29 09:00:00,88.39,50.18611309759183,38.20388690240817,9,1
2024-01-29 10:00:00,78.9,48.39556737607103,30.504432623928977,10,1
2024-01-29 11:00:00,71.27,42.1014442988689,29.168555701131098,11,1
2024-01-29 12:00:00,70.24,39.346345935865884,30.89365406413411,12,1
2024-01-29 13:00:00,73.81,34.44940002388853,39.36059997611147,13,1
2024-01-29 14:00:00,78.03,33.61515474844555,44.41484525155445,14,1
2024-01-29 15:00:00,78.78,37.33065494555939,41.44934505444061,15,1
2024-01-29 16:00:00,82.87,52.91299598103029,29.957004018969712,16,1
2024-01-29 17:00:00,89.86,74.6949510169942,15.165048983005804,17,1
2024-01-29 18:00:00,110.0,87.9891602814244,22.010839718575596,18,1
2024-01-29 19:00:00,107.52,103.50517599915725,4.014824000842751,19,1
2024-01-29 20:00:00,108.5,99.09116732485404,9.408832675145959,20,1
2024-01-29 21:00:00,92.18,93.31157006373274,-1.1315700637327382,21,1
2024-01-29 22:00:00,87.0,80.08053859039006,6.919461409609937,22,1
2024-01-29 23:00:00,80.29,73.02533491628299,7.26466508371702,23,1
2024-01-30 00:00:00,71.94,55.73237894585094,16.207621054149058,0,1
2024-01-30 01:00:00,68.64,46.773262460340845,21.866737539659155,1,1
2024-01-30 02:00:00,69.37,45.310727488908185,24.05927251109182,2,1
2024-01-30 03:00:00,65.1,40.29040628172311,24.809593718276886,3,1
2024-01-30 04:00:00,64.0,36.64909981159923,27.35090018840077,4,1
2024-01-30 05:00:00,69.37,35.791772977843095,33.57822702215691,5,1
2024-01-30 06:00:00,79.02,42.70095927844028,36.319040721559716,6,1
2024-01-30 07:00:00,91.04,48.87485923641083,42.16514076358918,7,1
2024-01-30 08:00:00,95.95,52.345113279855866,43.60488672014414,8,1
2024-01-30 09:00:00,88.7,56.7506245622659,31.949375437734105,9,1
2024-01-30 10:00:00,77.15,55.727902295183696,21.42209770481631,10,1
2024-01-30 11:00:00,70.1,48.157446710233614,21.94255328976638,11,1
2024-01-30 12:00:00,68.1,44.91473435502195,23.185265644978045,12,1
2024-01-30 13:00:00,68.23,38.38564742627682,29.844352573723185,13,1
2024-01-30 14:00:00,71.93,38.24589225743415,33.68410774256586,14,1
2024-01-30 15:00:00,71.95,42.34446023504216,29.60553976495784,15,1
2024-01-30 16:00:00,78.89,58.3735335715138,20.516466428486197,16,1
2024-01-30 17:00:00,88.83,80.01698290270934,8.813017097290654,17,1
2024-01-30 18:00:00,99.76,93.21667281265411,6.543327187345895,18,1
2024-01-30 19:00:00,107.0,109.86632542428902,-2.866325424289016,19,1
2024-01-30 20:00:00,123.22,106.91708705455056,16.302912945449435,20,1
2024-01-30 21:00:00,95.06,99.65235101080435,-4.59235101080435,21,1
2024-01-30 22:00:00,88.7,85.14419925600401,3.555800743995988,22,1
2024-01-30 23:00:00,78.78,77.37617048258642,1.403829517413584,23,1
2024-01-31 00:00:00,74.09,59.291097524975385,14.798902475024619,0,1
2024-01-31 01:00:00,71.48,49.86684133319693,21.613158666803074,1,1
2024-01-31 02:00:00,70.89,48.77381540083411,22.11618459916589,2,1
2024-01-31 03:00:00,69.82,43.875835031241536,25.944164968758457,3,1
2024-01-31 04:00:00,69.25,40.29789137414457,28.95210862585543,4,1
2024-01-31 05:00:00,74.01,40.21564393598362,33.794356064016384,5,1
2024-01-31 06:00:00,84.44,47.073320475687865,37.36667952431213,6,1
2024-01-31 07:00:00,93.29,53.35112061531947,39.93887938468053,7,1
2024-01-31 08:00:00,120.23,57.47039263815617,62.759607361843834,8,1
2024-01-31 09:00:00,93.23,60.76682093574709,32.46317906425291,9,1
2024-01-31 10:00:00,82.98,57.44177678258882,25.538223217411186,10,1
2024-01-31 11:00:00,72.19,49.779832813563814,22.410167186436183,11,1
2024-01-31 12:00:00,70.01,46.566995985763015,23.44300401423699,12,1
2024-01-31 13:00:00,66.5,42.4264030698273,24.073596930172698,13,1
2024-01-31 14:00:00,65.8,40.597224645323536,25.20277535467646,14,1
2024-01-31 15:00:00,64.95,44.11721153742741,20.832788462572594,15,1
2024-01-31 16:00:00,66.26,61.36419586752402,4.895804132475988,16,1
2024-01-31 17:00:00,77.0,83.71447139298408,-6.7144713929840805,17,1
2024-01-31 18:00:00,91.0,97.69713533637093,-6.697135336370934,18,1
2024-01-31 19:00:00,119.47,113.30569297587351,6.164307024126487,19,1
2024-01-31 20:00:00,168.35,109.17755468100171,59.172445318998285,20,1
2024-01-31 21:00:00,94.54,102.49123265835698,-7.951232658356972,21,1
2024-01-31 22:00:00,85.0,87.8827010638305,-2.8827010638304955,22,1
2024-01-31 23:00:00,77.52,80.24249296634412,-2.72249296634412,23,1
2024-02-01 00:00:00,69.0,63.58438013901156,5.415619860988443,0,2
2024-02-01 01:00:00,60.44,54.62205894836609,5.817941051633909,1,2
2024-02-01 02:00:00,55.1,53.1445415254517,1.9554584745483012,2,2
2024-02-01 03:00:00,54.6,48.30153861115099,6.298461388849013,3,2
2024-02-01 04:00:00,53.47,44.61730807253957,8.852691927460427,4,2
2024-02-01 05:00:00,59.82,44.52174354549197,15.298256454508028,5,2
2024-02-01 06:00:00,72.42,51.28202739636572,21.13797260363428,6,2
2024-02-01 07:00:00,88.76,56.83690630256399,31.923093697436016,7,2
2024-02-01 08:00:00,95.76,60.26041429058864,35.49958570941136,8,2
2024-02-01 09:00:00,88.77,63.69334059928809,25.076659400711904,9,2
2024-02-01 10:00:00,62.8,60.29399025599844,2.5060097440015596,10,2
2024-02-01 11:00:00,55.98,50.85727060435107,5.122729395648925,11,2
2024-02-01 12:00:00,54.44,47.07677873541172,7.363221264588276,12,2
2024-02-01 13:00:00,54.0,41.38444811029564,12.615551889704363,13,2
2024-02-01 14:00:00,54.44,39.224010179322136,15.215989820677862,14,2
2024-02-01 15:00:00,54.6,42.11693456328351,12.483065436716494,15,2
2024-02-01 16:00:00,60.44,58.496416345097316,1.9435836549026817,16,2
2024-02-01 17:00:00,76.0,82.7741022926702,-6.774102292670193,17,2
2024-02-01 18:00:00,101.89,97.82538604177023,4.064613958229771,18,2
2024-02-01 19:00:00,99.05,112.80350354375139,-13.753503543751393,19,2
2024-02-01 20:00:00,94.0,109.04644345747005,-15.046443457470048,20,2
2024-02-01 21:00:00,83.66,101.485823433738,-17.82582343373801,21,2
2024-02-01 22:00:00,82.13,85.70250643102833,-3.57250643102833,22,2
2024-02-01 23:00:00,71.19,79.0297940543017,-7.839794054301706,23,2
2024-02-02 00:00:00,62.95,61.704279257935866,1.2457207420641367,0,2
2024-02-02 01:00:00,60.05,52.19025237465763,7.859747625342365,1,2
2024-02-02 02:00:00,58.0,52.028837567020275,5.971162432979725,2,2
2024-02-02 03:00:00,54.69,47.061916872842005,7.628083127157993,3,2
2024-02-02 04:00:00,52.41,42.52261156934691,9.88738843065309,4,2
2024-02-02 05:00:00,55.0,41.090259346204505,13.909740653795495,5,2
2024-02-02 06:00:00,61.0,47.67915674958505,13.320843250414953,6,2
2024-02-02 07:00:00,80.34,54.22295501197027,26.117044988029733,7,2
2024-02-02 08:00:00,90.75,58.45071625815558,32.29928374184442,8,2
2024-02-02 09:00:00,83.98,60.21982627854027,23.760173721459736,9,2
2024-02-02 10:00:00,61.42,55.34289700741857,6.07710299258143,10,2
2024-02-02 11:00:00,54.0,46.87724545425175,7.122754545748251,11,2
2024-02-02 12:00:00,54.0,43.930450513363155,10.069549486636845,12,2
2024-02-02 13:00:00,55.5,39.208903786020755,16.291096213979245,13,2
2024-02-02 14:00:00,53.3,38.687777850283,14.612222149716999,14,2
2024-02-02 15:00:00,55.91,42.25484617603257,13.655153823967424,15,2
2024-02-02 16:00:00,55.5,58.72543116956268,-3.2254311695626825,16,2
2024-02-02 17:00:00,70.95,81.89706275492944,-10.947062754929433,17,2
2024-02-02 18:00:00,80.16,96.50709480540257,-16.347094805402577,18,2
2024-02-02 19:00:00,83.83,111.8798133358884,-28.049813335888402,19,2
2024-02-02 20:00:00,83.98,108.13188111419134,-24.15188111419134,20,2
2024-02-02 21:00:00,76.46,100.45311243442296,-23.99311243442297,21,2
2024-02-02 22:00:00,68.44,84.47646058086644,-16.036460580866446,22,2
2024-02-02 23:00:00,55.0,76.73449208905475,-21.734492089054754,23,2
2024-02-03 00:00:00,56.44,59.437731871348774,-2.997731871348776,0,2
2024-02-03 01:00:00,52.71,50.20279119185443,2.5072088081455703,1,2
2024-02-03 02:00:00,51.18,48.5220231910921,2.657976808907897,2,2
2024-02-03 03:00:00,50.83,43.45058998323094,7.379410016769057,3,2
2024-02-03 04:00:00,51.16,39.72802303795788,11.431976962042114,4,2
2024-02-03 05:00:00,52.57,39.18928169461083,13.380718305389173,5,2
2024-02-03 06:00:00,53.5,46.26574175566219,7.234258244337809,6,2
2024-02-03 07:00:00,56.8,53.02548923604968,3.7745107639503175,7,2
2024-02-03 08:00:00,63.0,55.71091621040392,7.289083789596077,8,2
2024-02-03 09:00:00,59.1,58.70371968951122,0.396280310488784,9,2
2024-02-03 10:00:00,53.28,54.7538409295571,-1.4738409295570989,10,2
2024-02-03 11:00:00,45.27,47.17771293276576,-1.9077129327657545,11,2
2024-02-03 12:00:00,41.58,44.60174069151486,-3.0217406915148644,12,2
2024-02-03 13:00:00,39.81,38.709862866289484,1.1001371337105184,13,2
2024-02-03 14:00:00,41.76,37.603323509168945,4.156676490831053,14,2
2024-02-03 15:00:00,46.44,40.82147921090893,5.618520789091065,15,2
2024-02-03 16:00:00,53.0,58.27984782321096,-5.279847823210957,16,2
2024-02-03 17:00:00,64.87,82.0025824276841,-17.1325824276841,17,2
2024-02-03 18:00:00,81.43,96.82695732956125,-15.396957329561246,18,2
2024-02-03 19:00:00,87.76,111.51397120017572,-23.753971200175712,19,2
2024-02-03 20:00:00,95.68,107.41565364486166,-11.735653644861657,20,2
2024-02-03 21:00:00,92.71,100.40266171327733,-7.692661713277332,21,2
2024-02-03 22:00:00,86.11,85.11006081458123,0.9999391854187678,22,2
2024-02-03 23:00:00,70.79,78.23390735153617,-7.4439073515361684,23,2
2024-02-04 00:00:00,66.62,62.50970393339611,4.110296066603894,0,2
2024-02-04 01:00:00,64.78,53.272693474849575,11.507306525150426,1,2
2024-02-04 02:00:00,64.91,51.13787167966001,13.772128320339988,2,2
2024-02-04 03:00:00,63.92,45.623114603167494,18.296885396832508,3,2
2024-02-04 04:00:00,61.75,41.405067949307636,20.344932050692364,4,2
2024-02-04 05:00:00,61.75,40.040637201015386,21.709362798984614,5,2
2024-02-04 06:00:00,60.0,45.5021221087531,14.497877891246901,6,2
2024-02-04 07:00:00,59.8,49.76812794666324,10.031872053336755,7,2
2024-02-04 08:00:00,63.92,52.915281646568644,11.004718353431358,8,2
2024-02-04 09:00:00,53.0,55.56891036043953,-2.5689103604395314,9,2
2024-02-04 10:00:00,44.7,51.94555290794534,-7.2455529079453385,10,2
2024-02-04 11:00:00,40.0,43.38260126891856,-3.382601268918563,11,2
2024-02-04 12:00:00,34.28,39.46048875251705,-5.18048875251705,12,2
2024-02-04 13:00:00,35.65,34.32445069055467,1.3255493094453286,13,2
2024-02-04 14:00:00,35.0,33.07762138868827,1.9223786113117285,14,2
2024-02-04 15:00:00,32.0,35.740255641447845,-3.7402556414478454,15,2
2024-02-04 16:00:00,43.35,53.5350994237175,-10.185099423717496,16,2
2024-02-04 17:00:00,54.93,78.9421510058163,-24.0121510058163,17,2
2024-02-04 18:00:00,77.5,96.21271403558387,-18.712714035583872,18,2
2024-02-04 19:00:00,89.0,111.17929322143226,-22.17929322143226,19,2
2024-02-04 20:00:00,129.81,107.4075470443309,22.402452955669105,20,2
2024-02-04 21:00:00,119.77,100.86744708867951,18.902552911320484,21,2
2024-02-04 22:00:00,82.94,87.24350574359573,-4.303505743595736,22,2
2024-02-04 23:00:00,75.0,80.58389656608011,-5.583896566080114,23,2
2024-02-05 00:00:00,71.66,63.71034058679993,7.949659413200067,0,2
2024-02-05 01:00:00,73.0,54.39091642565921,18.609083574340787,1,2
2024-02-05 02:00:00,69.1,52.39087249021145,16.709127509788544,2,2
2024-02-05 03:00:00,67.87,46.699699584654866,21.17030041534514,3,2
2024-02-05 04:00:00,67.87,42.283563839368696,25.586436160631308,4,2
2024-02-05 05:00:00,69.78,40.975631909530364,28.804368090469637,5,2
2024-02-05 06:00:00,73.22,46.128301213343775,27.091698786656224,6,2
2024-02-05 07:00:00,83.15,49.81431920325389,33.33568079674612,7,2
2024-02-05 08:00:00,98.59,51.679922553920676,46.91007744607933,8,2
2024-02-05 09:00:00,87.36,52.95638848306061,34.40361151693939,9,2
2024-02-05 10:00:00,76.68,48.972642102031614,27.707357897968393,10,2
2024-02-05 11:00:00,69.74,40.45339828911733,29.286601710882664,11,2
2024-02-05 12:00:00,60.0,37.73009485357693,22.26990514642307,12,2
2024-02-05 13:00:00,50.0,32.31130979750424,17.688690202495764,13,2
2024-02-05 14:00:00,51.0,32.00469997728794,18.99530002271206,14,2
2024-02-05 15:00:00,59.71,35.462995752446716,24.247004247553285,15,2
2024-02-05 16:00:00,68.8,53.43862902356375,15.361370976436248,16,2
2024-02-05 17:00:00,76.44,78.94298273205942,-2.5029827320594222,17,2
2024-02-05 18:00:00,89.13,94.69370225309234,-5.563702253092345,18,2
2024-02-05 19:00:00,129.47,109.52483397015885,19.945166029841147,19,2
2024-02-05 20:00:00,181.26,104.92992197443351,76.33007802556648,20,2
2024-02-05 21:00:00,111.36,98.86131949470825,12.498680505291745,21,2
2024-02-05 22:00:00,81.06,85.89182751362443,-4.831827513624432,22,2
2024-02-05 23:00:00,75.75,79.41793817201614,-3.667938172016136,23,2
2024-02-06 00:00:00,74.5,62.892116179977904,11.607883820022096,0,2
2024-02-06 01:00:00,75.0,53.30987004564429,21.69012995435571,1,2
2024-02-06 02:00:00,70.75,51.49521570043407,19.254784299565927,2,2
2024-02-06 03:00:00,68.88,46.16353611452922,22.716463885470773,3,2
2024-02-06 04:00:00,65.1,42.2056669819404,22.894333018059598,4,2
2024-02-06 05:00:00,68.88,41.623992842113296,27.2560071578867,5,2
2024-02-06 06:00:00,74.5,48.977375595171395,25.522624404828605,6,2
2024-02-06 07:00:00,82.06,53.695831812957124,28.36416818704288,7,2
2024-02-06 08:00:00,121.06,55.77118464329914,65.28881535670087,8,2
2024-02-06 09:00:00,96.06,56.71479077877183,39.345209221228174,9,2
2024-02-06 10:00:00,79.61,53.26244937142866,26.34755062857134,10,2
2024-02-06 11:00:00,72.48,44.301858913410854,28.17814108658915,11,2
2024-02-06 12:00:00,71.0,40.88293492507029,30.117065074929712,12,2
2024-02-06 13:00:00,56.47,35.25936642828799,21.21063357171201,13,2
2024-02-06 14:00:00,51.5,34.48831594812248,17.011684051877523,14,2
2024-02-06 15:00:00,56.44,38.69934535506354,17.740654644936455,15,2
2024-02-06 16:00:00,61.33,56.10928549434948,5.22071450565052,16,2
2024-02-06 17:00:00,71.0,80.76038061139582,-9.760380611395817,17,2
2024-02-06 18:00:00,78.77,94.6062399326222,-15.836239932622206,18,2
2024-02-06 19:00:00,89.01,108.33509123877627,-19.325091238776267,19,2
2024-02-06 20:00:00,88.87,103.5982095194874,-14.728209519487393,20,2
2024-02-06 21:00:00,78.28,97.20835551015335,-18.928355510153352,21,2
2024-02-06 22:00:00,69.03,83.44060920332919,-14.410609203329187,22,2
2024-02-06 23:00:00,56.09,76.20220566661925,-20.112205666619246,23,2
2024-02-07 00:00:00,41.7,59.53787768642263,-17.83787768642263,0,2
2024-02-07 01:00:00,39.0,50.199721515207614,-11.199721515207614,1,2
2024-02-07 02:00:00,37.45,48.36394768481102,-10.91394768481102,2,2
2024-02-07 03:00:00,33.21,43.1591294003681,-9.9491294003681,3,2
2024-02-07 04:00:00,21.01,39.38503778746565,-18.375037787465647,4,2
2024-02-07 05:00:00,38.0,38.154905837151716,-0.15490583715171624,5,2
2024-02-07 06:00:00,47.28,45.07855723238464,2.2014427676153616,6,2
2024-02-07 07:00:00,69.99,50.417665392482945,19.57233460751705,7,2
2024-02-07 08:00:00,74.49,53.903439595509155,20.58656040449084,8,2
2024-02-07 09:00:00,68.61,56.714168058160624,11.895831941839376,9,2
2024-02-07 10:00:00,66.04,54.92964258411786,11.110357415882149,10,2
2024-02-07 11:00:00,59.2,46.53136179211833,12.66863820788167,11,2
2024-02-07 12:00:00,45.0,43.106234199069206,1.8937658009307938,12,2
2024-02-07 13:00:00,40.4,37.01876474595883,3.381235254041165,13,2
2024-02-07 14:00:00,35.0,35.87124729584468,-0.8712472958446824,14,2
2024-02-07 15:00:00,28.33,39.48665426657465,-11.156654266574648,15,2
2024-02-07 16:00:00,37.45,55.642499366708705,-18.192499366708702,16,2
2024-02-07 17:00:00,41.0,77.59635205900054,-36.59635205900054,17,2
2024-02-07 18:00:00,57.84,91.11466721605336,-33.27466721605336,18,2
2024-02-07 19:00:00,72.76,107.61660056947494,-34.856600569474935,19,2
2024-02-07 20:00:00,76.89,104.05258667653283,-27.162586676532825,20,2
2024-02-07 21:00:00,67.72,97.87694289500507,-30.156942895005074,21,2
2024-02-07 22:00:00,58.42,84.31847360431175,-25.898473604311746,22,2
2024-02-07 23:00:00,45.8,76.77933858523869,-30.979338585238693,23,2
2024-02-08 00:00:00,46.73,59.26580911532102,-12.535809115321022,0,2
2024-02-08 01:00:00,39.0,49.70468431415554,-10.704684314155543,1,2
2024-02-08 02:00:00,33.8,48.325971860913,-14.525971860913003,2,2
2024-02-08 03:00:00,32.45,43.45152501203586,-11.001525012035856,3,2
2024-02-08 04:00:00,31.7,39.30922209256153,-7.609222092561527,4,2
2024-02-08 05:00:00,32.45,38.27140624117635,-5.821406241176348,5,2
2024-02-08 06:00:00,41.5,44.752016130111144,-3.2520161301111443,6,2
2024-02-08 07:00:00,50.0,50.57014437083262,-0.5701443708326224,7,2
2024-02-08 08:00:00,57.0,52.90058014916053,4.0994198508394675,8,2
2024-02-08 09:00:00,42.13,55.711004877919436,-13.581004877919433,9,2
2024-02-08 10:00:00,37.0,53.38075092056613,-16.38075092056613,10,2
2024-02-08 11:00:00,35.22,45.89635610866094,-10.67635610866094,11,2
2024-02-08 12:00:00,38.0,41.97838459695373,-3.978384596953731,12,2
2024-02-08 13:00:00,31.7,36.148874898111785,-4.448874898111786,13,2
2024-02-08 14:00:00,33.8,35.31426898277374,-1.5142689827737428,14,2
2024-02-08 15:00:00,33.08,38.77332063969726,-5.693320639697262,15,2
2024-02-08 16:00:00,39.4,53.98397826834548,-14.583978268345483,16,2
2024-02-08 17:00:00,41.5,74.6019410312058,-33.1019410312058,17,2
2024-02-08 18:00:00,44.23,87.28386577958662,-43.05386577958662,18,2
2024-02-08 19:00:00,40.0,101.75136627428776,-61.75136627428776,19,2
2024-02-08 20:00:00,40.5,97.0987600475546,-56.598760047554606,20,2
2024-02-08 21:00:00,37.94,90.47039931947631,-52.53039931947632,21,2
2024-02-08 22:00:00,40.19,76.14168165821201,-35.95168165821201,22,2
2024-02-08 23:00:00,28.7,68.21261845242725,-39.51261845242725,23,2
2024-02-09 00:00:00,22.04,50.609170561754695,-28.569170561754696,0,2
2024-02-09 01:00:00,11.17,41.30907348255755,-30.13907348255755,1,2
2024-02-09 02:00:00,5.0,39.92754860962742,-34.92754860962742,2,2
2024-02-09 03:00:00,3.2,34.01430165248132,-30.814301652481323,3,2
2024-02-09 04:00:00,3.2,29.600719325289504,-26.400719325289504,4,2
2024-02-09 05:00:00,11.14,28.99766624093172,-17.85766624093172,5,2
2024-02-09 06:00:00,29.62,35.041505578432805,-5.421505578432804,6,2
2024-02-09 07:00:00,48.92,41.348419889394506,7.571580110605495,7,2
2024-02-09 08:00:00,57.84,43.73963557877232,14.100364421227681,8,2
2024-02-09 09:00:00,65.0,45.15097509211404,19.849024907885962,9,2
2024-02-09 10:00:00,66.35,42.043241047985134,24.30675895201486,10,2
2024-02-09 11:00:00,57.84,36.43087535832632,21.409124641673685,11,2
2024-02-09 12:00:00,50.56,34.731349091092284,15.828650908907719,12,2
2024-02-09 13:00:00,46.73,30.60716549568116,16.12283450431884,13,2
2024-02-09 14:00:00,47.99,31.249009777013214,16.740990222986788,14,2
2024-02-09 15:00:00,46.73,34.223645584184624,12.506354415815373,15,2
2024-02-09 16:00:00,44.99,47.303832760157434,-2.313832760157432,16,2
2024-02-09 17:00:00,42.0,66.07448453094247,-24.07448453094247,17,2
2024-02-09 18:00:00,44.46,76.75140148203883,-32.29140148203883,18,2
2024-02-09 19:00:00,59.95,92.26591531179577,-32.31591531179576,19,2
2024-02-09 20:00:00,66.35,88.93718283495713,-22.587182834957133,20,2
2024-02-09 21:00:00,55.02,82.82139931767864,-27.801399317678637,21,2
2024-02-09 22:00:00,43.13,68.21589327280077,-25.085893272800767,22,2
2024-02-09 23:00:00,35.0,60.73625976768108,-25.736259767681076,23,2
2024-02-10 00:00:00,26.78,44.408463024558046,-17.628463024558044,0,2
2024-02-10 01:00:00,14.0,34.85098530436784,-20.85098530436784,1,2
2024-02-10 02:00:00,5.0,33.188957190312635,-28.188957190312635,2,2
2024-02-10 03:00:00,3.2,28.600669374886365,-25.400669374886366,3,2
2024-02-10 04:00:00,3.2,25.269338008869056,-22.069338008869057,4,2
2024-02-10 05:00:00,3.2,24.946760021336843,-21.746760021336843,5,2
2024-02-10 06:00:00,3.2,32.50906126040479,-29.309061260404793,6,2
2024-02-10 07:00:00,3.2,38.37142746182934,-35.17142746182934,7,2
2024-02-10 08:00:00,3.2,41.02415517391927,-37.824155173919266,8,2
2024-02-10 09:00:00,3.2,44.40185858653922,-41.20185858653922,9,2
2024-02-10 10:00:00,0.43,44.012669229426024,-43.582669229426024,10,2
2024-02-10 11:00:00,0.0,36.44101104627384,-36.44101104627384,11,2
2024-02-10 12:00:00,0.0,33.78979741984557,-33.78979741984557,12,2
2024-02-10 13:00:00,0.0,26.91955171426747,-26.91955171426747,13,2
2024-02-10 14:00:00,0.0,23.837908946507127,-23.837908946507127,14,2
2024-02-10 15:00:00,0.0,24.934629306716943,-24.934629306716943,15,2
2024-02-10 16:00:00,0.0,39.81790145157288,-39.81790145157288,16,2
2024-02-10 17:00:00,0.43,60.76854939685143,-60.33854939685143,17,2
2024-02-10 18:00:00,3.2,74.22169826203225,-71.02169826203225,18,2
2024-02-10 19:00:00,25.01,89.589256012769,-64.579256012769,19,2
2024-02-10 20:00:00,36.46,86.09079980938549,-49.630799809385486,20,2
2024-02-10 21:00:00,37.9,79.5855323961826,-41.6855323961826,21,2
2024-02-10 22:00:00,32.68,66.54330622762842,-33.86330622762842,22,2
2024-02-10 23:00:00,23.0,58.8044828889233,-35.8044828889233,23,2
2024-02-11 00:00:00,35.0,41.59030223386026,-6.590302233860257,0,2
2024-02-11 01:00:00,23.26,34.57747667418613,-11.317476674186128,1,2
2024-02-11 02:00:00,22.01,34.53153742832137,-12.52153742832137,2,2
2024-02-11 03:00:00,20.5,30.72465627469569,-10.22465627469569,3,2
2024-02-11 04:00:00,25.0,26.694333265311343,-1.694333265311343,4,2
2024-02-11 05:00:00,24.98,25.430716884981905,-0.45071688498190454,5,2
2024-02-11 06:00:00,37.9,32.07887347172999,5.821126528270007,6,2
2024-02-11 07:00:00,40.19,36.281829841427964,3.908170158572034,7,2
2024-02-11 08:00:00,41.0,39.414064333479985,1.5859356665200153,8,2
2024-02-11 09:00:00,42.1,43.632920593043195,-1.532920593043194,9,2
2024-02-11 10:00:00,43.46,41.5088181319029,1.9511818680971018,10,2
2024-02-11 11:00:00,40.19,33.767198034226055,6.422801965773942,11,2
2024-02-11 12:00:00,39.9,30.97768800333904,8.922311996660959,12,2
2024-02-11 13:00:00,40.19,25.8918014186479,14.298198581352096,13,2
2024-02-11 14:00:00,39.98,23.583670310312243,16.396329689687754,14,2
2024-02-11 15:00:00,39.99,25.863892378670528,14.126107621329474,15,2
2024-02-11 16:00:00,46.73,40.11592610195311,6.61407389804689,16,2
2024-02-11 17:00:00,61.94,63.22438341216258,-1.2843834121625832,17,2
2024-02-11 18:00:00,83.13,78.43196623893448,4.698033761065517,18,2
2024-02-11 19:00:00,83.98,94.24703203055913,-10.267032030559122,19,2
2024-02-11 20:00:00,76.82,90.06203583217166,-13.242035832171666,20,2
2024-02-11 21:00:00,70.01,84.55116714538815,-14.541167145388144,21,2
2024-02-11 22:00:00,56.94,70.2457192147462,-13.305719214746205,22,2
2024-02-11 23:00:00,40.7,64.16523122146873,-23.465231221468727,23,2
2024-02-12 00:00:00,39.23,47.4172305905264,-8.187230590526404,0,2
2024-02-12 01:00:00,38.12,38.11191764960182,0.008082350398176175,1,2
2024-02-12 02:00:00,35.0,36.517719258191846,-1.5177192581918462,2,2
2024-02-12 03:00:00,33.76,31.534573938911194,2.225426061088804,3,2
2024-02-12 04:00:00,33.76,27.697531170162392,6.062468829837606,4,2
2024-02-12 05:00:00,35.1,26.37955373193512,8.720446268064883,5,2
2024-02-12 06:00:00,37.4,31.68806900788178,5.711930992118219,6,2
2024-02-12 07:00:00,39.88,34.97747167347177,4.902528326528234,7,2
2024-02-12 08:00:00,50.5,37.724081301081185,12.775918698918815,8,2
2024-02-12 09:00:00,46.78,42.73231664575786,4.047683354242139,9,2
2024-02-12 10:00:00,40.0,43.13304054417404,-3.1330405441740368,10,2
2024-02-12 11:00:00,35.6,37.95899409584757,-2.358994095847571,11,2
2024-02-12 12:00:00,33.76,34.380091536350164,-0.6200915363501665,12,2
2024-02-12 13:00:00,35.6,28.800452267675666,6.799547732324335,13,2
2024-02-12 14:00:00,35.0,27.616167751776516,7.383832248223484,14,2
2024-02-12 15:00:00,35.0,29.16635543658583,5.833644563414168,15,2
2024-02-12 16:00:00,30.0,42.8139292260783,-12.8139292260783,16,2
2024-02-12 17:00:00,40.0,62.796505189997276,-22.796505189997276,17,2
2024-02-12 18:00:00,59.34,74.6802729301632,-15.340272930163195,18,2
2024-02-12 19:00:00,88.21,90.9448631213516,-2.7348631213516086,19,2
2024-02-12 20:00:00,79.15,88.31783505548339,-9.16783505548338,20,2
2024-02-12 21:00:00,71.54,83.39357318097638,-11.853573180976369,21,2
2024-02-12 22:00:00,65.87,71.00468268067277,-5.134682680672768,22,2
2024-02-12 23:00:00,61.9,64.9489411113779,-3.048941111377907,23,2
2024-02-13 00:00:00,53.87,49.8441124612242,4.025887538775798,0,2
2024-02-13 01:00:00,41.1,41.83149205372757,-0.7314920537275711,1,2
2024-02-13 02:00:00,40.0,41.18221981937057,-1.182219819370573,2,2
2024-02-13 03:00:00,40.0,37.136360563061146,2.863639436938854,3,2
2024-02-13 04:00:00,40.0,34.17654610952491,5.823453890475093,4,2
2024-02-13 05:00:00,42.61,34.63111285779354,7.97888714220646,5,2
2024-02-13 06:00:00,52.0,43.52602758216841,8.47397241783159,6,2
2024-02-13 07:00:00,65.91,50.01911738822605,15.890882611773947,7,2
2024-02-13 08:00:00,87.92,52.600121884859675,35.31987811514033,8,2
2024-02-13 09:00:00,66.8,54.10762184470718,12.692378155292815,9,2
2024-02-13 10:00:00,65.0,52.22484671799401,12.775153282005988,10,2
2024-02-13 11:00:00,63.87,44.428357178869646,19.44164282113035,11,2
2024-02-13 12:00:00,60.53,41.528140595973014,19.001859404026987,12,2
2024-02-13 13:00:00,60.26,35.739667476544525,24.520332523455473,13,2
2024-02-13 14:00:00,60.52,33.85522036218049,26.664779637819514,14,2
2024-02-13 15:00:00,60.52,35.715140705791555,24.80485929420845,15,2
2024-02-13 16:00:00,66.5,51.28560478311317,15.214395216886828,16,2
2024-02-13 17:00:00,68.61,73.19949366326455,-4.589493663264548,17,2
2024-02-13 18:00:00,87.92,87.55066604068207,0.36933395931792745,18,2
2024-02-13 19:00:00,91.81,104.55095457938887,-12.74095457938887,19,2
2024-02-13 20:00:00,82.14,102.91857902246602,-20.77857902246602,20,2
2024-02-13 21:00:00,73.17,96.96882684600251,-23.798826846002513,21,2
2024-02-13 22:00:00,69.18,83.09476577182096,-13.914765771820953,22,2
2024-02-13 23:00:00,65.0,76.03980006987632,-11.039800069876321,23,2
2024-02-14 00:00:00,60.63,59.745285979325104,0.8847140206748989,0,2
2024-02-14 01:00:00,59.34,51.665521136724465,7.674478863275539,1,2
2024-02-14 02:00:00,55.76,50.600737915270656,5.159262084729342,2,2
2024-02-14 03:00:00,54.79,45.5856598929135,9.204340107086502,3,2
2024-02-14 04:00:00,55.06,42.02289906661184,13.03710093338816,4,2
2024-02-14 05:00:00,59.21,41.967761510304854,17.242238489695147,5,2
2024-02-14 06:00:00,64.95,49.25296183966174,15.697038160338266,6,2
2024-02-14 07:00:00,74.28,54.75848185942664,19.521518140573363,7,2
2024-02-14 08:00:00,80.56,57.87922786499945,22.680772135000552,8,2
2024-02-14 09:00:00,69.65,59.144221942337026,10.50577805766298,9,2
2024-02-14 10:00:00,59.87,56.80658204246873,3.0634179575312643,10,2
2024-02-14 11:00:00,47.0,49.077801552966775,-2.0778015529667755,11,2
2024-02-14 12:00:00,46.1,45.780018245314466,0.3199817546855357,12,2
2024-02-14 13:00:00,41.1,40.41896963837172,0.6810303616282809,13,2
2024-02-14 14:00:00,39.88,39.181160417520346,0.6988395824796569,14,2
2024-02-14 15:00:00,40.0,41.76857531293837,-1.768575312938367,15,2
2024-02-14 16:00:00,43.0,57.33626550083466,-14.336265500834656,16,2
2024-02-14 17:00:00,59.93,78.81917405131242,-18.889174051312416,17,2
2024-02-14 18:00:00,65.0,93.24206591269149,-28.242065912691487,18,2
2024-02-14 19:00:00,85.16,110.40499966315355,-25.24499966315355,19,2
2024-02-14 20:00:00,77.1,106.67021090638264,-29.57021090638264,20,2
2024-02-14 21:00:00,69.59,100.18863251840276,-30.598632518402752,21,2
2024-02-14 22:00:00,61.77,86.82029254389829,-25.050292543898287,22,2
2024-02-14 23:00:00,59.93,80.02336232170882,-20.093362321708817,23,2
2024-02-15 00:00:00,50.5,63.24276693144634,-12.74276693144634,0,2
2024-02-15 01:00:00,39.88,54.26126437558497,-14.38126437558497,1,2
2024-02-15 02:00:00,36.37,52.87059915639435,-16.50059915639435,2,2
2024-02-15 03:00:00,36.37,48.23986869135314,-11.86986869135314,3,2
2024-02-15 04:00:00,36.6,44.41730895899997,-7.817308958999966,4,2
2024-02-15 05:00:00,36.87,43.33656378389463,-6.466563783894635,5,2
2024-02-15 06:00:00,47.0,49.55300789173913,-2.553007891739128,6,2
2024-02-15 07:00:00,62.53,55.092359329316366,7.437640670683635,7,2
2024-02-15 08:00:00,62.53,56.535415749845185,5.994584250154816,8,2
2024-02-15 09:00:00,59.93,57.15638011290298,2.77361988709702,9,2
2024-02-15 10:00:00,54.79,55.6260566288222,-0.8360566288221989,10,2
2024-02-15 11:00:00,55.99,49.550245747012525,6.439754252987477,11,2
2024-02-15 12:00:00,52.65,46.36930476678663,6.280695233213372,12,2
2024-02-15 13:00:00,48.01,41.01268785131629,6.9973121486837115,13,2
2024-02-15 14:00:00,45.56,39.995691015178124,5.564308984821878,14,2
2024-02-15 15:00:00,46.89,43.95996519043621,2.930034809563793,15,2
2024-02-15 16:00:00,45.39,59.068696212382235,-13.678696212382235,16,2
2024-02-15 17:00:00,49.0,78.12209226993707,-29.12209226993707,17,2
2024-02-15 18:00:00,59.5,91.23987299215099,-31.739872992150993,18,2
2024-02-15 19:00:00,64.44,106.38974806513721,-41.949748065137214,19,2
2024-02-15 20:00:00,63.29,102.62953932444623,-39.33953932444623,20,2
2024-02-15 21:00:00,60.0,95.90795347658678,-35.90795347658678,21,2
2024-02-15 22:00:00,59.5,82.37443852565059,-22.87443852565059,22,2
2024-02-15 23:00:00,55.68,75.01520524930362,-19.33520524930362,23,2
2024-02-16 00:00:00,51.76,57.4096882730999,-5.649688273099905,0,2
2024-02-16 01:00:00,51.08,47.91462355566637,3.1653764443336314,1,2
2024-02-16 02:00:00,49.92,46.33284180034008,3.5871581996599247,2,2
2024-02-16 03:00:00,47.06,40.113213455812115,6.946786544187887,3,2
2024-02-16 04:00:00,42.0,35.61661953039214,6.383380469607857,4,2
2024-02-16 05:00:00,46.0,35.10837834413445,10.89162165586555,5,2
2024-02-16 06:00:00,51.57,41.69454949034076,9.875450509659238,6,2
2024-02-16 07:00:00,60.5,47.224156629439506,13.275843370560494,7,2
2024-02-16 08:00:00,66.06,50.18996016781057,15.870039832189434,8,2
2024-02-16 09:00:00,59.0,53.95074498951118,5.049255010488821,9,2
2024-02-16 10:00:00,48.73,53.033087395135794,-4.3030873951357975,10,2
2024-02-16 11:00:00,47.06,46.72614762399053,0.3338523760094745,11,2
2024-02-16 12:00:00,42.1,44.06464018006977,-1.9646401800697717,12,2
2024-02-16 13:00:00,44.2,38.94522795360092,5.254772046399083,13,2
2024-02-16 14:00:00,42.1,39.07424040019549,3.025759599804509,14,2
2024-02-16 15:00:00,42.1,40.867289617030394,1.232710382969607,15,2
2024-02-16 16:00:00,47.06,55.18960785376032,-8.12960785376032,16,2
2024-02-16 17:00:00,52.08,75.51853619869553,-23.43853619869553,17,2
2024-02-16 18:00:00,63.22,87.92482108431608,-24.70482108431608,18,2
2024-02-16 19:00:00,77.93,103.4283774217053,-25.4983774217053,19,2
2024-02-16 20:00:00,73.09,99.53618376340819,-26.446183763408186,20,2
2024-02-16 21:00:00,69.66,92.74427581215252,-23.084275812152526,21,2
2024-02-16 22:00:00,65.94,78.78655465780025,-12.846554657800255,22,2
2024-02-16 23:00:00,61.6,71.31381866034769,-9.713818660347691,23,2
2024-02-17 00:00:00,46.8,55.153321418122744,-8.353321418122746,0,2
2024-02-17 01:00:00,46.0,46.960497374581735,-0.9604973745817347,1,2
2024-02-17 02:00:00,46.0,45.19242406116854,0.8075759388314623,2,2
2024-02-17 03:00:00,45.0,40.70620871686401,4.293791283135988,3,2
2024-02-17 04:00:00,45.0,36.82415016017154,8.175849839828459,4,2
2024-02-17 05:00:00,44.23,36.35630174780454,7.87369825219546,5,2
2024-02-17 06:00:00,44.23,42.49188815977129,1.7381118402287044,6,2
2024-02-17 07:00:00,45.27,47.00832613240192,-1.738326132401916,7,2
2024-02-17 08:00:00,46.34,49.70283132878774,-3.3628313287877347,8,2
2024-02-17 09:00:00,44.5,52.63752527036854,-8.137525270368542,9,2
2024-02-17 10:00:00,40.0,49.59389729446036,-9.593897294460362,10,2
2024-02-17 11:00:00,35.0,41.93570821104112,-6.935708211041117,11,2
2024-02-17 12:00:00,33.2,39.45185282444464,-6.25185282444464,12,2
2024-02-17 13:00:00,33.5,34.36711707367277,-0.8671170736727731,13,2
2024-02-17 14:00:00,32.4,34.26177109073575,-1.8617710907357505,14,2
2024-02-17 15:00:00,30.7,36.970298101527646,-6.270298101527647,15,2
2024-02-17 16:00:00,33.5,52.0439490006828,-18.5439490006828,16,2
2024-02-17 17:00:00,45.27,72.74774163302487,-27.47774163302487,17,2
2024-02-17 18:00:00,65.68,87.000380734602,-21.320380734601997,18,2
2024-02-17 19:00:00,82.93,103.71196140210623,-20.78196140210622,19,2
2024-02-17 20:00:00,75.03,99.94066903564686,-24.910669035646862,20,2
2024-02-17 21:00:00,70.75,93.85379333526618,-23.103793335266175,21,2
2024-02-17 22:00:00,68.2,81.00216617685868,-12.802166176858677,22,2
2024-02-17 23:00:00,69.11,74.20460613600949,-5.094606136009489,23,2
2024-02-18 00:00:00,59.98,56.6323609014334,3.347639098566596,0,2
2024-02-18 01:00:00,54.81,48.16261404214168,6.647385957858319,1,2
2024-02-18 02:00:00,51.05,46.9740850406846,4.075914959315398,2,2
2024-02-18 03:00:00,49.16,41.74098670071692,7.41901329928308,3,2
2024-02-18 04:00:00,47.72,37.98772199011415,9.732278009885846,4,2
2024-02-18 05:00:00,48.47,36.4863547835771,11.9836452164229,5,2
2024-02-18 06:00:00,46.02,42.46227245889588,3.5577275411041214,6,2
2024-02-18 07:00:00,48.97,47.001888071336055,1.9681119286639444,7,2
2024-02-18 08:00:00,47.28,49.98647439582152,-2.706474395821516,8,2
2024-02-18 09:00:00,43.03,51.27068300012763,-8.240683000127632,9,2
2024-02-18 10:00:00,40.0,47.04864005806968,-7.0486400580696795,10,2
2024-02-18 11:00:00,35.6,38.23103928279653,-2.6310392827965288,11,2
2024-02-18 12:00:00,34.8,35.18509523855454,-0.3850952385545412,12,2
2024-02-18 13:00:00,33.5,30.19956309239592,3.3004369076040803,13,2
2024-02-18 14:00:00,33.2,29.31496255018874,3.8850374498112643,14,2
2024-02-18 15:00:00,30.18,33.03285984082123,-2.852859840821232,15,2
2024-02-18 16:00:00,32.2,50.195383476242796,-17.995383476242793,16,2
2024-02-18 17:00:00,41.2,73.17296974184,-31.972969741840004,17,2
2024-02-18 18:00:00,51.96,90.83109486725522,-38.871094867255216,18,2
2024-02-18 19:00:00,63.91,105.97510813638229,-42.06510813638229,19,2
2024-02-18 20:00:00,64.71,103.25875738496615,-38.54875738496615,20,2
2024-02-18 21:00:00,59.83,97.81764387457054,-37.98764387457054,21,2
2024-02-18 22:00:00,57.33,84.35517647583771,-27.02517647583771,22,2
2024-02-18 23:00:00,53.94,78.1075147835599,-24.16751478355991,23,2
2024-02-19 00:00:00,44.0,60.9642768778607,-16.964276877860698,0,2
2024-02-19 01:00:00,44.33,51.79055552425916,-7.4605555242591635,1,2
2024-02-19 02:00:00,44.63,50.155507288082276,-5.525507288082274,2,2
2024-02-19 03:00:00,43.91,45.02661513497844,-1.1166151349784457,3,2
2024-02-19 04:00:00,43.67,41.1819774355896,2.4880225644104,4,2
2024-02-19 05:00:00,41.5,40.181141353896805,1.3188586461031946,5,2
2024-02-19 06:00:00,44.0,45.4550198967986,-1.4550198967986034,6,2
2024-02-19 07:00:00,55.0,49.34012261164048,5.659877388359519,7,2
2024-02-19 08:00:00,59.04,50.41962344933495,8.62037655066505,8,2
2024-02-19 09:00:00,44.0,50.17374622797297,-6.17374622797297,9,2
2024-02-19 10:00:00,39.5,46.821997128927705,-7.3219971289277055,10,2
2024-02-19 11:00:00,31.23,39.10116425647874,-7.871164256478739,11,2
2024-02-19 12:00:00,30.6,36.94817832098374,-6.348178320983742,12,2
2024-02-19 13:00:00,30.6,32.19227828192277,-1.5922782819227663,13,2
2024-02-19 14:00:00,30.0,32.73773667785326,-2.7377366778532632,14,2
2024-02-19 15:00:00,27.79,36.506834241292495,-8.716834241292496,15,2
2024-02-19 16:00:00,31.23,53.01046120792705,-21.78046120792705,16,2
2024-02-19 17:00:00,43.22,75.7313085274717,-32.5113085274717,17,2
2024-02-19 18:00:00,53.52,91.76961716442946,-38.24961716442946,18,2
2024-02-19 19:00:00,66.28,107.04750133019877,-40.76750133019877,19,2
2024-02-19 20:00:00,72.26,102.90573492143574,-30.645734921435732,20,2
2024-02-19 21:00:00,65.22,97.52074161427117,-32.300741614271175,21,2
2024-02-19 22:00:00,54.1,84.69619907243748,-30.59619907243748,22,2
2024-02-19 23:00:00,53.52,77.46973883109132,-23.949738831091317,23,2
2024-02-20 00:00:00,43.74,59.99975844118654,-16.25975844118654,0,2
2024-02-20 01:00:00,41.43,50.784844748470334,-9.354844748470335,1,2
2024-02-20 02:00:00,37.88,48.93590871910618,-11.055908719106178,2,2
2024-02-20 03:00:00,37.0,43.08099818998028,-6.080998189980278,3,2
2024-02-20 04:00:00,38.0,39.19078735998994,-1.1907873599899403,4,2
2024-02-20 05:00:00,41.0,38.158111608007744,2.8418883919922564,5,2
2024-02-20 06:00:00,47.96,45.5160060218239,2.4439939781761026,6,2
2024-02-20 07:00:00,61.0,52.63308127416076,8.366918725839241,7,2
2024-02-20 08:00:00,56.28,56.88263827847521,-0.6026382784752116,8,2
2024-02-20 09:00:00,47.67,58.47199877526276,-10.80199877526276,9,2
2024-02-20 10:00:00,32.2,54.32677917404476,-22.126779174044756,10,2
2024-02-20 11:00:00,28.6,46.955155889420325,-18.355155889420324,11,2
2024-02-20 12:00:00,28.76,43.79294735499559,-15.032947354995589,12,2
2024-02-20 13:00:00,28.76,38.889787028259036,-10.129787028259035,13,2
2024-02-20 14:00:00,28.6,38.10999988182948,-9.50999988182948,14,2
2024-02-20 15:00:00,29.68,41.718631975185076,-12.038631975185076,15,2
2024-02-20 16:00:00,30.62,58.028073552462786,-27.408073552462785,16,2
2024-02-20 17:00:00,43.06,81.66549548991497,-38.60549548991497,17,2
2024-02-20 18:00:00,72.64,98.49891845101871,-25.85891845101871,18,2
2024-02-20 19:00:00,75.44,113.72029188091142,-38.28029188091142,19,2
2024-02-20 20:00:00,181.0,107.888403327932,73.111596672068,20,2
2024-02-20 21:00:00,119.47,100.80587046662754,18.66412953337246,21,2
2024-02-20 22:00:00,63.16,86.1685689902929,-23.0085689902929,22,2
2024-02-20 23:00:00,54.76,79.04106711964306,-24.281067119643062,23,2
2024-02-21 00:00:00,52.84,61.55454773402391,-8.71454773402391,0,2
2024-02-21 01:00:00,49.5,52.82824351976717,-3.3282435197671703,1,2
2024-02-21 02:00:00,46.99,51.99294739257715,-5.002947392577148,2,2
2024-02-21 03:00:00,44.95,46.663270798361566,-1.7132707983615632,3,2
2024-02-21 04:00:00,45.68,43.01236741450049,2.6676325854995113,4,2
2024-02-21 05:00:00,50.35,42.25472602202086,8.09527397797914,5,2
2024-02-21 06:00:00,50.98,49.04604280650426,1.9339571934957362,6,2
2024-02-21 07:00:00,69.6,54.2651048456284,15.334895154371594,7,2
2024-02-21 08:00:00,76.7,56.815542948615416,19.884457051384587,8,2
2024-02-21 09:00:00,48.77,55.591447187015206,-6.8214471870152025,9,2
2024-02-21 10:00:00,35.0,50.95701695980881,-15.957016959808811,10,2
2024-02-21 11:00:00,32.72,41.647241057021404,-8.927241057021405,11,2
2024-02-21 12:00:00,33.2,39.81901083494512,-6.619010834945115,12,2
2024-02-21 13:00:00,30.0,34.367694588835946,-4.3676945888359455,13,2
2024-02-21 14:00:00,28.6,34.14407644869408,-5.544076448694078,14,2
2024-02-21 15:00:00,28.6,38.10509863062555,-9.505098630625547,15,2
2024-02-21 16:00:00,32.0,54.98922909687445,-22.989229096874453,16,2
2024-02-21 17:00:00,36.0,79.85096817015977,-43.850968170159774,17,2
2024-02-21 18:00:00,47.67,94.99610251177558,-47.326102511775574,18,2
2024-02-21 19:00:00,63.47,110.45355021929532,-46.983550219295324,19,2
2024-02-21 20:00:00,54.76,106.97915565721513,-52.21915565721513,20,2
2024-02-21 21:00:00,47.91,101.45117350362983,-53.541173503629835,21,2
2024-02-21 22:00:00,43.76,86.69151022237395,-42.93151022237395,22,2
2024-02-21 23:00:00,37.14,79.49415648613729,-42.354156486137285,23,2
2024-02-22 00:00:00,22.73,61.82256550109162,-39.09256550109161,0,2
2024-02-22 01:00:00,16.29,52.43140561134197,-36.14140561134197,1,2
2024-02-22 02:00:00,14.0,51.15185172231929,-37.15185172231929,2,2
2024-02-22 03:00:00,14.0,44.68517500209754,-30.685175002097537,3,2
2024-02-22 04:00:00,11.27,39.28757707582861,-28.01757707582861,4,2
2024-02-22 05:00:00,11.27,37.99501932598628,-26.725019325986278,5,2
2024-02-22 06:00:00,16.17,43.284322819923375,-27.114322819923373,6,2
2024-02-22 07:00:00,14.69,48.236759312006484,-33.546759312006486,7,2
2024-02-22 08:00:00,16.2,50.77626309054472,-34.576263090544714,8,2
2024-02-22 09:00:00,13.75,51.83484712453236,-38.08484712453236,9,2
2024-02-22 10:00:00,10.07,49.618904508695834,-39.548904508695834,10,2
2024-02-22 11:00:00,8.87,40.92116269738665,-32.05116269738665,11,2
2024-02-22 12:00:00,3.5,38.214378454095424,-34.714378454095424,12,2
2024-02-22 13:00:00,3.2,34.44531673281199,-31.24531673281199,13,2
2024-02-22 14:00:00,3.2,34.97624626275393,-31.776246262753933,14,2
2024-02-22 15:00:00,3.2,39.12790447581267,-35.92790447581267,15,2
2024-02-22 16:00:00,5.0,55.189848983120726,-50.189848983120726,16,2
2024-02-22 17:00:00,9.0,75.87296315439994,-66.87296315439994,17,2
2024-02-22 18:00:00,10.07,88.9260634949282,-78.85606349492821,18,2
2024-02-22 19:00:00,9.99,104.27221156407774,-94.28221156407774,19,2
2024-02-22 20:00:00,11.8,100.20536614478829,-88.40536614478829,20,2
2024-02-22 21:00:00,13.0,93.0471326313525,-80.0471326313525,21,2
2024-02-22 22:00:00,10.07,77.64095209108939,-67.5709520910894,22,2
2024-02-22 23:00:00,5.67,70.6272757534951,-64.9572757534951,23,2
2024-02-23 00:00:00,9.57,53.56184210922163,-43.99184210922163,0,2
2024-02-23 01:00:00,4.09,45.91500569648275,-41.82500569648275,1,2
2024-02-23 02:00:00,3.2,44.55937064768341,-41.359370647683406,2,2
2024-02-23 03:00:00,1.83,38.91773938226669,-37.08773938226669,3,2
2024-02-23 04:00:00,2.58,34.5555317336121,-31.9755317336121,4,2
2024-02-23 05:00:00,3.2,34.03736729557272,-30.837367295572722,5,2
2024-02-23 06:00:00,6.8,40.81468656132415,-34.014686561324154,6,2
2024-02-23 07:00:00,11.0,45.178193102538444,-34.178193102538444,7,2
2024-02-23 08:00:00,11.22,47.53987564304782,-36.31987564304782,8,2
2024-02-23 09:00:00,6.8,49.17840843230363,-42.37840843230363,9,2
2024-02-23 10:00:00,3.2,47.97180026911326,-44.77180026911326,10,2
2024-02-23 11:00:00,3.2,41.18544610986555,-37.98544610986555,11,2
2024-02-23 12:00:00,3.0,40.51982019911998,-37.51982019911998,12,2
2024-02-23 13:00:00,0.43,36.99351810340386,-36.56351810340386,13,2
2024-02-23 14:00:00,0.01,38.08421465084774,-38.07421465084774,14,2
2024-02-23 15:00:00,0.01,42.40257524849011,-42.39257524849011,15,2
2024-02-23 16:00:00,0.43,58.64376495542547,-58.21376495542547,16,2
2024-02-23 17:00:00,3.2,79.21831921059436,-76.01831921059436,17,2
2024-02-23 18:00:00,11.17,91.47955548543854,-80.30955548543854,18,2
2024-02-23 19:00:00,15.1,107.44127482522913,-92.34127482522914,19,2
2024-02-23 20:00:00,17.15,103.38532231658678,-86.23532231658677,20,2
2024-02-23 21:00:00,18.36,96.74340176646388,-78.38340176646388,21,2
2024-02-23 22:00:00,13.94,81.9922235523457,-68.05222355234571,22,2
2024-02-23 23:00:00,11.69,74.53248368117153,-62.84248368117153,23,2
2024-02-24 00:00:00,7.41,57.173421138792776,-49.76342113879278,0,2
2024-02-24 01:00:00,5.0,47.00801933288284,-42.00801933288284,1,2
2024-02-24 02:00:00,3.2,44.62795083713627,-41.427950837136265,2,2
2024-02-24 03:00:00,4.2,39.67009379938662,-35.47009379938662,3,2
2024-02-24 04:00:00,5.0,35.6629953914383,-30.6629953914383,4,2
2024-02-24 05:00:00,5.0,35.07758517959002,-30.077585179590017,5,2
2024-02-24 06:00:00,6.2,41.62571893815857,-35.42571893815857,6,2
2024-02-24 07:00:00,8.18,47.52014947251962,-39.34014947251962,7,2
2024-02-24 08:00:00,7.41,50.01232691147169,-42.60232691147169,8,2
2024-02-24 09:00:00,3.7,52.1327630336516,-48.4327630336516,9,2
2024-02-24 10:00:00,3.2,48.099753918146234,-44.89975391814623,10,2
2024-02-24 11:00:00,0.0,40.672865825270094,-40.672865825270094,11,2
2024-02-24 12:00:00,0.0,38.70678761103062,-38.70678761103062,12,2
2024-02-24 13:00:00,0.0,32.98046595807568,-32.98046595807568,13,2
2024-02-24 14:00:00,0.0,32.05536287190944,-32.05536287190944,14,2
2024-02-24 15:00:00,0.0,35.195561263276886,-35.195561263276886,15,2
2024-02-24 16:00:00,0.0,50.05810990390023,-50.05810990390023,16,2
2024-02-24 17:00:00,3.2,71.98885138548002,-68.78885138548002,17,2
2024-02-24 18:00:00,8.22,86.2935939450669,-78.0735939450669,18,2
2024-02-24 19:00:00,15.83,102.98163656503175,-87.15163656503175,19,2
2024-02-24 20:00:00,32.37,98.79430563323979,-66.42430563323978,20,2
2024-02-24 21:00:00,25.0,92.05124826225892,-67.05124826225892,21,2
2024-02-24 22:00:00,14.0,78.25095498044055,-64.25095498044055,22,2
2024-02-24 23:00:00,9.48,71.48963820181302,-62.00963820181302,23,2
2024-02-25 00:00:00,4.3,55.26191075072995,-50.961910750729956,0,2
2024-02-25 01:00:00,3.2,46.01839479867772,-42.818394798677716,1,2
2024-02-25 02:00:00,3.2,44.273429921907564,-41.07342992190756,2,2
2024-02-25 03:00:00,3.2,39.08133615621159,-35.88133615621159,3,2
2024-02-25 04:00:00,3.2,35.29663901696455,-32.096639016964545,4,2
2024-02-25 05:00:00,3.0,34.39166363322289,-31.39166363322289,5,2
2024-02-25 06:00:00,3.2,40.48032783844991,-37.28032783844991,6,2
2024-02-25 07:00:00,3.2,44.62538460482193,-41.42538460482193,7,2
2024-02-25 08:00:00,3.2,47.29128764102978,-44.09128764102978,8,2
2024-02-25 09:00:00,3.2,49.53386289978488,-46.333862899784876,9,2
2024-02-25 10:00:00,3.2,46.44533846617509,-43.245338466175085,10,2
2024-02-25 11:00:00,3.2,38.213037003366196,-35.01303700336619,11,2
2024-02-25 12:00:00,0.43,35.2503754741349,-34.8203754741349,12,2
2024-02-25 13:00:00,0.43,31.13682135884767,-30.70682135884767,13,2
2024-02-25 14:00:00,0.43,30.423472544207357,-29.993472544207357,14,2
2024-02-25 15:00:00,0.0,33.775953646515404,-33.775953646515404,15,2
2024-02-25 16:00:00,0.01,49.12811879589157,-49.11811879589157,16,2
2024-02-25 17:00:00,2.33,70.57405550630386,-68.24405550630387,17,2
2024-02-25 18:00:00,3.3,85.39942320647447,-82.09942320647447,18,2
2024-02-25 19:00:00,4.82,104.49943267420991,-99.67943267420992,19,2
2024-02-25 20:00:00,7.0,100.70087656405872,-93.70087656405872,20,2
2024-02-25 21:00:00,7.2,94.88224800633958,-87.68224800633958,21,2
2024-02-25 22:00:00,5.0,80.44393855977921,-75.44393855977921,22,2
2024-02-25 23:00:00,3.2,73.70502777383018,-70.50502777383018,23,2
2024-02-26 00:00:00,3.2,55.60359435624298,-52.40359435624298,0,2
2024-02-26 01:00:00,3.2,46.87303267985743,-43.67303267985743,1,2
2024-02-26 02:00:00,0.1,46.35762152481169,-46.25762152481169,2,2
2024-02-26 03:00:00,0.1,41.62388831332703,-41.52388831332703,3,2
2024-02-26 04:00:00,0.1,37.951581943272345,-37.85158194327234,4,2
2024-02-26 05:00:00,3.0,37.09601412301737,-34.09601412301737,5,2
2024-02-26 06:00:00,3.2,42.55395217347092,-39.353952173470915,6,2
2024-02-26 07:00:00,11.24,46.87953718180552,-35.639537181805515,7,2
2024-02-26 08:00:00,10.5,48.92651901858716,-38.42651901858716,8,2
2024-02-26 09:00:00,3.35,53.05064535187415,-49.70064535187415,9,2
2024-02-26 10:00:00,3.2,51.76436099875781,-48.564360998757806,10,2
2024-02-26 11:00:00,3.2,44.751143423168344,-41.55114342316834,11,2
2024-02-26 12:00:00,0.43,41.16844505312554,-40.73844505312554,12,2
2024-02-26 13:00:00,0.43,36.12911597812604,-35.69911597812604,13,2
2024-02-26 14:00:00,0.01,34.929031754061555,-34.91903175406156,14,2
2024-02-26 15:00:00,0.0,37.107994126076676,-37.107994126076676,15,2
2024-02-26 16:00:00,0.2,51.94031049500836,-51.74031049500836,16,2
2024-02-26 17:00:00,3.2,73.39897574862903,-70.19897574862902,17,2
2024-02-26 18:00:00,3.21,87.50878495748634,-84.29878495748635,18,2
2024-02-26 19:00:00,10.0,104.72657627106594,-94.72657627106594,19,2
2024-02-26 20:00:00,11.75,102.06503069635443,-90.31503069635443,20,2
2024-02-26 21:00:00,10.0,95.46142830638195,-85.46142830638195,21,2
2024-02-26 22:00:00,4.7,81.263850536201,-76.563850536201,22,2
2024-02-26 23:00:00,3.3,74.3588045762803,-71.05880457628031,23,2
2024-02-27 00:00:00,2.58,57.12021599337959,-54.54021599337959,0,2
2024-02-27 01:00:00,1.0,47.94428214395879,-46.94428214395879,1,2
2024-02-27 02:00:00,0.0,46.254079839109295,-46.254079839109295,2,2
2024-02-27 03:00:00,0.0,40.95867122907612,-40.95867122907612,3,2
2024-02-27 04:00:00,0.0,36.69972864277014,-36.69972864277014,4,2
2024-02-27 05:00:00,0.0,35.53220123563119,-35.53220123563119,5,2
2024-02-27 06:00:00,3.2,43.234706538726016,-40.03470653872601,6,2
2024-02-27 07:00:00,4.38,49.26490293219126,-44.88490293219126,7,2
2024-02-27 08:00:00,4.8,51.11456549570937,-46.314565495709374,8,2
2024-02-27 09:00:00,3.2,53.601461813196465,-50.40146181319646,9,2
2024-02-27 10:00:00,0.43,50.17363830212042,-49.743638302120424,10,2
2024-02-27 11:00:00,0.0,42.45546941685649,-42.45546941685649,11,2
2024-02-27 12:00:00,0.0,39.05540649095906,-39.05540649095906,12,2
2024-02-27 13:00:00,0.0,32.23234424707016,-32.23234424707016,13,2
2024-02-27 14:00:00,0.0,30.423767948162435,-30.423767948162435,14,2
2024-02-27 15:00:00,0.0,34.223836353441754,-34.223836353441754,15,2
2024-02-27 16:00:00,0.43,50.583424385333956,-50.153424385333956,16,2
2024-02-27 17:00:00,1.8,73.289889955999,-71.489889955999,17,2
2024-02-27 18:00:00,4.51,88.18318327172705,-83.67318327172704,18,2
2024-02-27 19:00:00,10.0,105.60253457039926,-95.60253457039926,19,2
2024-02-27 20:00:00,25.0,103.07194961855379,-78.07194961855379,20,2
2024-02-27 21:00:00,14.0,97.02654953560494,-83.02654953560494,21,2
2024-02-27 22:00:00,6.56,82.3459538280456,-75.78595382804559,22,2
2024-02-27 23:00:00,5.83,75.88138117777748,-70.05138117777749,23,2
2024-02-28 00:00:00,3.2,58.051477103392074,-54.85147710339207,0,2
2024-02-28 01:00:00,3.2,48.65901440520173,-45.45901440520173,1,2
2024-02-28 02:00:00,3.2,46.86369050931643,-43.663690509316424,2,2
2024-02-28 03:00:00,3.2,41.88053287407678,-38.680532874076775,3,2
2024-02-28 04:00:00,3.2,37.963470075999965,-34.76347007599996,4,2
2024-02-28 05:00:00,3.2,37.57723325381488,-34.37723325381488,5,2
2024-02-28 06:00:00,3.2,45.00250282512832,-41.802502825128315,6,2
2024-02-28 07:00:00,5.68,51.96782396813916,-46.28782396813916,7,2
2024-02-28 08:00:00,5.9,54.32052936043942,-48.420529360439424,8,2
2024-02-28 09:00:00,3.2,55.750193997988106,-52.5501939979881,9,2
2024-02-28 10:00:00,0.43,51.53715802316731,-51.10715802316731,10,2
2024-02-28 11:00:00,0.0,41.92870491341989,-41.92870491341989,11,2
2024-02-28 12:00:00,0.0,38.62835027531253,-38.62835027531253,12,2
2024-02-28 13:00:00,0.0,33.60260696413167,-33.60260696413167,13,2
2024-02-28 14:00:00,0.0,33.35752854177912,-33.35752854177912,14,2
2024-02-28 15:00:00,0.0,36.9929180263868,-36.9929180263868,15,2
2024-02-28 16:00:00,0.0,53.69136147240931,-53.69136147240931,16,2
2024-02-28 17:00:00,3.2,75.47532284886682,-72.27532284886682,17,2
2024-02-28 18:00:00,10.54,90.82769705270846,-80.28769705270847,18,2
2024-02-28 19:00:00,25.0,108.14851572358322,-83.14851572358322,19,2
2024-02-28 20:00:00,66.96,104.43371773924201,-37.47371773924202,20,2
2024-02-28 21:00:00,50.0,98.3983584868995,-48.3983584868995,21,2
2024-02-28 22:00:00,19.71,84.28975938038451,-64.5797593803845,22,2
2024-02-28 23:00:00,11.29,77.23418547762384,-65.94418547762385,23,2
2024-02-29 00:00:00,14.67,59.850022683231714,-45.18002268323171,0,2
2024-02-29 01:00:00,10.0,49.82379826363416,-39.82379826363416,1,2
2024-02-29 02:00:00,6.48,47.63938946933882,-41.15938946933882,2,2
2024-02-29 03:00:00,6.0,42.49212389794337,-36.49212389794337,3,2
2024-02-29 04:00:00,5.68,37.52146558372607,-31.84146558372607,4,2
2024-02-29 05:00:00,5.83,36.23877014143545,-30.408770141435454,5,2
2024-02-29 06:00:00,5.6,43.24647341852415,-37.646473418524145,6,2
2024-02-29 07:00:00,10.67,48.46932465892155,-37.79932465892155,7,2
2024-02-29 08:00:00,10.0,51.31883685909804,-41.31883685909804,8,2
2024-02-29 09:00:00,5.9,52.52650129275071,-46.62650129275071,9,2
2024-02-29 10:00:00,3.2,48.541689306348246,-45.34168930634824,10,2
2024-02-29 11:00:00,0.1,39.72055793114322,-39.62055793114322,11,2
2024-02-29 12:00:00,0.0,36.907577130079176,-36.907577130079176,12,2
2024-02-29 13:00:00,0.0,30.62575980913482,-30.62575980913482,13,2
2024-02-29 14:00:00,0.0,29.594510474692072,-29.594510474692072,14,2
2024-02-29 15:00:00,0.0,32.84117488525271,-32.84117488525271,15,2
2024-02-29 16:00:00,0.0,48.58092675454594,-48.58092675454594,16,2
2024-02-29 17:00:00,0.01,71.80361650086013,-71.79361650086013,17,2
2024-02-29 18:00:00,3.28,88.27730245742742,-84.99730245742742,18,2
2024-02-29 19:00:00,5.0,106.04162341330402,-101.04162341330402,19,2
2024-02-29 20:00:00,7.97,102.47852442119063,-94.50852442119063,20,2
2024-02-29 21:00:00,6.33,95.40945701840485,-89.07945701840485,21,2
2024-02-29 22:00:00,5.0,81.34409941342147,-76.34409941342147,22,2
2024-02-29 23:00:00,3.4,74.62669340684886,-71.22669340684885,23,2
2024-03-01 00:00:00,2.17,57.29550471973488,-55.12550471973488,0,3
2024-03-01 01:00:00,0.5,48.14004475765415,-47.64004475765415,1,3
2024-03-01 02:00:00,0.2,46.155132663484835,-45.95513266348483,2,3
2024-03-01 03:00:00,0.1,40.24888664245236,-40.14888664245236,3,3
2024-03-01 04:00:00,0.01,36.67372778279122,-36.66372778279122,4,3
2024-03-01 05:00:00,0.5,36.15550274161279,-35.65550274161279,5,3
2024-03-01 06:00:00,3.0,42.203311624105766,-39.203311624105766,6,3
2024-03-01 07:00:00,3.25,47.77221306968477,-44.52221306968477,7,3
2024-03-01 08:00:00,3.25,50.054009871559686,-46.804009871559686,8,3
2024-03-01 09:00:00,3.2,51.734758623910466,-48.53475862391046,9,3
2024-03-01 10:00:00,0.0,46.17342677995816,-46.17342677995816,10,3
2024-03-01 11:00:00,0.0,38.83145451831439,-38.83145451831439,11,3
2024-03-01 12:00:00,0.0,37.326099443829776,-37.326099443829776,12,3
2024-03-01 13:00:00,0.0,32.52177566013984,-32.52177566013984,13,3
2024-03-01 14:00:00,0.0,32.770303809208144,-32.770303809208144,14,3
2024-03-01 15:00:00,0.0,36.76017158019425,-36.76017158019425,15,3
2024-03-01 16:00:00,0.0,53.0181892924233,-53.0181892924233,16,3
2024-03-01 17:00:00,0.84,74.36048946907255,-73.52048946907254,17,3
2024-03-01 18:00:00,3.25,89.34965574186691,-86.09965574186691,18,3
2024-03-01 19:00:00,5.68,107.43558596421605,-101.75558596421604,19,3
2024-03-01 20:00:00,10.1,102.65654114419976,-92.55654114419977,20,3
2024-03-01 21:00:00,6.48,96.00680326316291,-89.5268032631629,21,3
2024-03-01 22:00:00,5.0,80.97941504310086,-75.97941504310086,22,3
2024-03-01 23:00:00,3.8,74.3768046943,-70.57680469430001,23,3
2024-03-02 00:00:00,3.2,56.39846251892283,-53.198462518922824,0,3
2024-03-02 01:00:00,2.0,46.557255789351075,-44.557255789351075,1,3
2024-03-02 02:00:00,0.5,43.909360855073146,-43.409360855073146,2,3
2024-03-02 03:00:00,0.01,37.51425719087905,-37.50425719087905,3,3
2024-03-02 04:00:00,0.01,32.552146359364656,-32.54214635936466,4,3
2024-03-02 05:00:00,0.0,31.436860755673422,-31.436860755673422,5,3
2024-03-02 06:00:00,0.1,38.66589364688099,-38.56589364688099,6,3
2024-03-02 07:00:00,2.1,44.1046207170138,-42.0046207170138,7,3
2024-03-02 08:00:00,2.17,45.843263062785354,-43.67326306278535,8,3
2024-03-02 09:00:00,2.05,46.182146788855846,-44.13214678885585,9,3
2024-03-02 10:00:00,1.68,41.052056261743076,-39.372056261743076,10,3
2024-03-02 11:00:00,0.01,32.532062311277116,-32.52206231127712,11,3
2024-03-02 12:00:00,0.0,29.21189562157764,-29.21189562157764,12,3
2024-03-02 13:00:00,0.01,24.536954098259685,-24.526954098259683,13,3
2024-03-02 14:00:00,0.01,23.275071260429286,-23.265071260429284,14,3
2024-03-02 15:00:00,0.01,26.574247424592784,-26.564247424592782,15,3
2024-03-02 16:00:00,1.02,43.27553354382525,-42.255533543825244,16,3
2024-03-02 17:00:00,2.1,66.21509268299178,-64.11509268299179,17,3
2024-03-02 18:00:00,3.2,82.20952647975503,-79.00952647975502,18,3
2024-03-02 19:00:00,8.12,99.0675781524817,-90.9475781524817,19,3
2024-03-02 20:00:00,31.25,95.10658344333308,-63.85658344333308,20,3
2024-03-02 21:00:00,30.6,88.97577063541712,-58.37577063541712,21,3
2024-03-02 22:00:00,5.6,74.65300758234531,-69.05300758234532,22,3
2024-03-02 23:00:00,4.2,67.53164039291642,-63.33164039291641,23,3
2024-03-03 00:00:00,1.8,49.95809993469703,-48.158099934697034,0,3
2024-03-03 01:00:00,0.1,40.90406332529426,-40.80406332529426,1,3
2024-03-03 02:00:00,0.0,39.89366579348109,-39.89366579348109,2,3
2024-03-03 03:00:00,0.0,35.6537423358231,-35.6537423358231,3,3
2024-03-03 04:00:00,0.0,31.604521146321076,-31.604521146321076,4,3
2024-03-03 05:00:00,0.0,29.76158261365663,-29.76158261365663,5,3
2024-03-03 06:00:00,0.01,35.75546204034896,-35.74546204034896,6,3
2024-03-03 07:00:00,0.19,40.10761481587525,-39.917614815875254,7,3
2024-03-03 08:00:00,0.0,42.17221316797247,-42.17221316797247,8,3
2024-03-03 09:00:00,0.0,45.162362014065025,-45.162362014065025,9,3
2024-03-03 10:00:00,0.0,44.35020514683998,-44.35020514683998,10,3
2024-03-03 11:00:00,0.0,38.1283325507938,-38.1283325507938,11,3
2024-03-03 12:00:00,0.0,36.172007613597316,-36.172007613597316,12,3
2024-03-03 13:00:00,0.0,32.30418643565304,-32.30418643565304,13,3
2024-03-03 14:00:00,0.0,31.079185226449,-31.079185226449,14,3
2024-03-03 15:00:00,0.0,32.90693129588715,-32.90693129588715,15,3
2024-03-03 16:00:00,0.0,47.50041778638604,-47.50041778638604,16,3
2024-03-03 17:00:00,0.0,68.41738075646566,-68.41738075646566,17,3
2024-03-03 18:00:00,2.06,81.82388654415092,-79.76388654415092,18,3
2024-03-03 19:00:00,7.98,97.72879234918344,-89.74879234918343,19,3
2024-03-03 20:00:00,29.6,93.35199157584293,-63.75199157584293,20,3
2024-03-03 21:00:00,30.6,86.9605170402217,-56.3605170402217,21,3
2024-03-03 22:00:00,14.0,73.9634430229076,-59.9634430229076,22,3
2024-03-03 23:00:00,4.6,68.3110025258805,-63.711002525880495,23,3
2024-03-04 00:00:00,6.0,51.99681793606982,-45.99681793606982,0,3
2024-03-04 01:00:00,3.2,42.73701753754011,-39.53701753754011,1,3
2024-03-04 02:00:00,3.2,41.06411135923895,-37.86411135923895,2,3
2024-03-04 03:00:00,3.2,36.15190737119798,-32.951907371197976,3,3
2024-03-04 04:00:00,3.19,32.684075505353235,-29.494075505353234,4,3
2024-03-04 05:00:00,3.2,32.599018100766955,-29.399018100766956,5,3
2024-03-04 06:00:00,3.2,37.50499274751354,-34.30499274751354,6,3
2024-03-04 07:00:00,20.0,41.42241377124168,-21.42241377124168,7,3
2024-03-04 08:00:00,25.0,43.691205847301205,-18.691205847301205,8,3
2024-03-04 09:00:00,15.0,45.60128830969944,-30.60128830969944,9,3
2024-03-04 10:00:00,7.6,43.281595549964266,-35.681595549964264,10,3
2024-03-04 11:00:00,3.2,35.73613147436163,-32.536131474361625,11,3
2024-03-04 12:00:00,3.2,32.4871375889133,-29.2871375889133,12,3
2024-03-04 13:00:00,2.91,29.229560226926537,-26.319560226926537,13,3
2024-03-04 14:00:00,1.68,29.657395253300365,-27.977395253300365,14,3
2024-03-04 15:00:00,1.0,32.975283332470724,-31.975283332470724,15,3
2024-03-04 16:00:00,2.33,48.68730482045322,-46.35730482045322,16,3
2024-03-04 17:00:00,3.2,70.57496682175298,-67.37496682175298,17,3
2024-03-04 18:00:00,5.0,85.91573970060892,-80.91573970060892,18,3
2024-03-04 19:00:00,14.0,103.36015991205443,-89.36015991205443,19,3
2024-03-04 20:00:00,25.0,100.13064153060532,-75.13064153060532,20,3
2024-03-04 21:00:00,17.98,94.50878340151968,-76.52878340151968,21,3
2024-03-04 22:00:00,12.5,81.39283495079565,-68.89283495079565,22,3
2024-03-04 23:00:00,6.1,75.07688537721833,-68.97688537721834,23,3
2024-03-05 00:00:00,7.36,58.03405792233201,-50.67405792233201,0,3
2024-03-05 01:00:00,4.66,49.235149626328166,-44.57514962632817,1,3
2024-03-05 02:00:00,4.66,48.118339715106686,-43.45833971510669,2,3
2024-03-05 03:00:00,5.0,43.05749082910131,-38.05749082910131,3,3
2024-03-05 04:00:00,6.0,39.42296322373193,-33.42296322373193,4,3
2024-03-05 05:00:00,8.23,39.671279984221144,-31.441279984221143,5,3
2024-03-05 06:00:00,24.1,48.10906365407851,-24.00906365407851,6,3
2024-03-05 07:00:00,50.01,54.93010554400297,-4.920105544002972,7,3
2024-03-05 08:00:00,61.45,56.733060957602106,4.716939042397897,8,3
2024-03-05 09:00:00,17.63,59.28864935324617,-41.658649353246176,9,3
2024-03-05 10:00:00,8.0,57.532946837012446,-49.532946837012446,10,3
2024-03-05 11:00:00,4.6,50.54675601366699,-45.94675601366699,11,3
2024-03-05 12:00:00,4.0,48.432036015522044,-44.432036015522044,12,3
2024-03-05 13:00:00,3.9,42.12114654701605,-38.221146547016055,13,3
2024-03-05 14:00:00,3.9,41.089655879475,-37.189655879475005,14,3
2024-03-05 15:00:00,4.0,44.93319399793728,-40.93319399793728,15,3
2024-03-05 16:00:00,5.83,59.94302155182339,-54.113021551823394,16,3
2024-03-05 17:00:00,17.0,80.17208358991547,-63.172083589915474,17,3
2024-03-05 18:00:00,50.51,93.38562584783989,-42.87562584783989,18,3
2024-03-05 19:00:00,125.17,109.81935940192494,15.35064059807506,19,3
2024-03-05 20:00:00,129.47,105.4005903042846,24.069409695715393,20,3
2024-03-05 21:00:00,99.12,99.07078937252851,0.04921062747149563,21,3
2024-03-05 22:00:00,85.41,85.61829247727172,-0.20829247727172628,22,3
2024-03-05 23:00:00,72.86,79.17351379369421,-6.313513793694213,23,3
2024-03-06 00:00:00,71.0,61.87352275367675,9.126477246323248,0,3
2024-03-06 01:00:00,50.5,52.28143067633215,-1.7814306763321497,1,3
2024-03-06 02:00:00,50.51,50.45254952017541,0.057450479824588285,2,3
2024-03-06 03:00:00,50.01,44.95675021955532,5.0532497804446805,3,3
2024-03-06 04:00:00,41.64,40.43199780930115,1.2080021906988492,4,3
2024-03-06 05:00:00,50.01,39.64065842525633,10.369341574743665,5,3
2024-03-06 06:00:00,65.68,46.12530299675808,19.554697003241927,6,3
2024-03-06 07:00:00,106.64,50.603120204487084,56.03687979551292,7,3
2024-03-06 08:00:00,108.7,52.35124028775755,56.348759712242455,8,3
2024-03-06 09:00:00,25.0,52.29071359244068,-27.29071359244068,9,3
2024-03-06 10:00:00,14.24,47.67129829915581,-33.431298299155806,10,3
2024-03-06 11:00:00,5.96,39.194359835800924,-33.23435983580092,11,3
2024-03-06 12:00:00,4.07,36.47745979525001,-32.40745979525001,12,3
2024-03-06 13:00:00,3.9,31.317036641707887,-27.417036641707888,13,3
2024-03-06 14:00:00,3.87,30.552839202018617,-26.682839202018616,14,3
2024-03-06 15:00:00,3.9,33.087936511979876,-29.187936511979878,15,3
2024-03-06 16:00:00,5.87,49.62863848673851,-43.75863848673851,16,3
2024-03-06 17:00:00,18.75,74.50590263860624,-55.755902638606244,17,3
2024-03-06 18:00:00,41.64,91.1516142384005,-49.5116142384005,18,3
2024-03-06 19:00:00,119.27,108.17920979123392,11.09079020876608,19,3
2024-03-06 20:00:00,103.75,104.36286532982439,-0.6128653298243876,20,3
2024-03-06 21:00:00,80.15,98.61481346248496,-18.464813462484955,21,3
2024-03-06 22:00:00,54.46,84.04933184465773,-29.58933184465773,22,3
2024-03-06 23:00:00,23.67,77.19963602662898,-53.52963602662898,23,3
2024-03-07 00:00:00,14.13,60.71535291564771,-46.58535291564771,0,3
2024-03-07 01:00:00,4.89,51.75000260611944,-46.86000260611944,1,3
2024-03-07 02:00:00,3.51,49.566769257767874,-46.056769257767876,2,3
2024-03-07 03:00:00,3.2,44.13837326547019,-40.93837326547019,3,3
2024-03-07 04:00:00,3.2,39.69612616977014,-36.496126169770136,4,3
2024-03-07 05:00:00,3.2,39.06398469635093,-35.863984696350926,5,3
2024-03-07 06:00:00,4.89,45.696546990019556,-40.806546990019555,6,3
2024-03-07 07:00:00,14.0,50.60686624358783,-36.60686624358783,7,3
2024-03-07 08:00:00,17.0,50.808642712235724,-33.808642712235724,8,3
2024-03-07 09:00:00,5.7,49.41939269119945,-43.719392691199445,9,3
2024-03-07 10:00:00,3.9,44.91949401333295,-41.01949401333295,10,3
2024-03-07 11:00:00,3.2,36.813478643202416,-33.61347864320241,11,3
2024-03-07 12:00:00,2.0,34.83715052842717,-32.83715052842717,12,3
2024-03-07 13:00:00,0.43,29.947647649973078,-29.517647649973078,13,3
2024-03-07 14:00:00,0.43,29.155835391989058,-28.725835391989058,14,3
2024-03-07 15:00:00,0.43,32.53171816009518,-32.10171816009518,15,3
2024-03-07 16:00:00,0.76,49.854719819794695,-49.0947198197947,16,3
2024-03-07 17:00:00,3.2,74.12459156923342,-70.92459156923341,17,3
2024-03-07 18:00:00,5.48,89.38818375229641,-83.90818375229641,18,3
2024-03-07 19:00:00,24.67,104.39082632687581,-79.72082632687581,19,3
2024-03-07 20:00:00,35.0,99.24616805053518,-64.24616805053518,20,3
2024-03-07 21:00:00,30.0,91.517813792286,-61.517813792286006,21,3
2024-03-07 22:00:00,16.0,76.76481742237542,-60.764817422375415,22,3
2024-03-07 23:00:00,5.33,69.30018057645975,-63.970180576459754,23,3
2024-03-08 00:00:00,3.2,50.71008790808628,-47.51008790808628,0,3
2024-03-08 01:00:00,0.59,42.042250780055326,-41.45225078005532,1,3
2024-03-08 02:00:00,0.35,40.07152931361509,-39.721529313615086,2,3
2024-03-08 03:00:00,0.05,34.710736438221886,-34.66073643822189,3,3
2024-03-08 04:00:00,0.01,30.354534702467674,-30.344534702467673,4,3
2024-03-08 05:00:00,0.13,29.095341017210615,-28.965341017210616,5,3
2024-03-08 06:00:00,3.2,36.1410488981619,-32.941048898161895,6,3
2024-03-08 07:00:00,4.0,41.52721606082048,-37.52721606082048,7,3
2024-03-08 08:00:00,4.0,44.17437818579833,-40.17437818579833,8,3
2024-03-08 09:00:00,3.2,47.84014648237138,-44.64014648237138,9,3
2024-03-08 10:00:00,0.43,43.8383648543749,-43.4083648543749,10,3
2024-03-08 11:00:00,0.0,35.884823746330426,-35.884823746330426,11,3
2024-03-08 12:00:00,0.0,33.040012569805924,-33.040012569805924,12,3
2024-03-08 13:00:00,0.0,28.224006767436492,-28.224006767436492,13,3
2024-03-08 14:00:00,0.0,27.161377797463047,-27.161377797463047,14,3
2024-03-08 15:00:00,0.0,30.048129797675074,-30.048129797675074,15,3
2024-03-08 16:00:00,0.0,44.942084416751015,-44.942084416751015,16,3
2024-03-08 17:00:00,2.41,65.42584922285835,-63.01584922285835,17,3
2024-03-08 18:00:00,1.59,77.01456373540105,-75.42456373540105,18,3
2024-03-08 19:00:00,3.2,93.17055806854762,-89.97055806854762,19,3
2024-03-08 20:00:00,5.98,88.78773690146443,-82.80773690146442,20,3
2024-03-08 21:00:00,4.0,82.30380459614719,-78.30380459614719,21,3
2024-03-08 22:00:00,3.2,69.7926381899195,-66.5926381899195,22,3
2024-03-08 23:00:00,0.43,63.66068408759651,-63.23068408759651,23,3
2024-03-09 00:00:00,0.01,45.471792760227174,-45.461792760227176,0,3
2024-03-09 01:00:00,0.0,36.32771801457534,-36.32771801457534,1,3
2024-03-09 02:00:00,0.0,34.54832484239944,-34.54832484239944,2,3
2024-03-09 03:00:00,0.0,29.732852746778576,-29.732852746778576,3,3
2024-03-09 04:00:00,0.0,26.135243363337054,-26.135243363337054,4,3
2024-03-09 05:00:00,0.0,25.25693699689134,-25.25693699689134,5,3
2024-03-09 06:00:00,0.0,32.64133785054224,-32.64133785054224,6,3
2024-03-09 07:00:00,0.0,38.510366091154026,-38.510366091154026,7,3
2024-03-09 08:00:00,0.01,40.48842544874162,-40.478425448741625,8,3
2024-03-09 09:00:00,0.13,41.64630736801439,-41.51630736801439,9,3
2024-03-09 10:00:00,0.43,38.78995121613667,-38.35995121613667,10,3
2024-03-09 11:00:00,0.1,32.245591139914666,-32.145591139914664,11,3
2024-03-09 12:00:00,0.0,29.485977397633803,-29.485977397633803,12,3
2024-03-09 13:00:00,0.0,24.502654232418536,-24.502654232418536,13,3
2024-03-09 14:00:00,0.0,23.029405007612922,-23.029405007612922,14,3
2024-03-09 15:00:00,0.0,26.729787780760148,-26.729787780760148,15,3
2024-03-09 16:00:00,0.0,41.63606982509657,-41.63606982509657,16,3
2024-03-09 17:00:00,0.0,64.15469208513616,-64.15469208513616,17,3
2024-03-09 18:00:00,0.2,77.54816062579152,-77.34816062579152,18,3
2024-03-09 19:00:00,3.2,94.4669131736124,-91.2669131736124,19,3
2024-03-09 20:00:00,3.5,90.8243930261736,-87.3243930261736,20,3
2024-03-09 21:00:00,3.2,86.13495750122621,-82.93495750122621,21,3
2024-03-09 22:00:00,3.2,73.17896656029774,-69.97896656029774,22,3
2024-03-09 23:00:00,0.2,67.01995527687171,-66.81995527687171,23,3
2024-03-10 00:00:00,0.0,49.86687991550593,-49.86687991550593,0,3
2024-03-10 01:00:00,0.0,40.16827977249636,-40.16827977249636,1,3
2024-03-10 02:00:00,0.0,39.02651919491706,-39.02651919491706,2,3
2024-03-10 03:00:00,0.0,33.977964911105005,-33.977964911105005,3,3
2024-03-10 04:00:00,0.0,29.498367918142378,-29.498367918142378,4,3
2024-03-10 05:00:00,0.0,27.866473981458228,-27.866473981458228,5,3
2024-03-10 06:00:00,0.0,33.51825719284699,-33.51825719284699,6,3
2024-03-10 07:00:00,0.0,37.57365519450559,-37.57365519450559,7,3
2024-03-10 08:00:00,0.0,39.733805676890256,-39.733805676890256,8,3
2024-03-10 09:00:00,0.0,43.951082784415064,-43.951082784415064,9,3
2024-03-10 10:00:00,0.0,43.74465300092447,-43.74465300092447,10,3
2024-03-10 11:00:00,0.0,37.18949932483139,-37.18949932483139,11,3
2024-03-10 12:00:00,0.0,33.80707496449588,-33.80707496449588,12,3
2024-03-10 13:00:00,0.0,28.273340146421106,-28.273340146421106,13,3
2024-03-10 14:00:00,0.0,25.552578931233086,-25.552578931233086,14,3
2024-03-10 15:00:00,0.0,26.872696966148055,-26.872696966148055,15,3
2024-03-10 16:00:00,0.0,39.92243834582604,-39.92243834582604,16,3
2024-03-10 17:00:00,0.0,63.40039195988254,-63.40039195988254,17,3
2024-03-10 18:00:00,0.0,76.84835501056142,-76.84835501056142,18,3
2024-03-10 19:00:00,3.19,94.86171375246875,-91.67171375246875,19,3
2024-03-10 20:00:00,3.2,92.96092550322243,-89.76092550322242,20,3
2024-03-10 21:00:00,3.2,88.0716990695181,-84.8716990695181,21,3
2024-03-10 22:00:00,3.2,74.87083411547718,-71.67083411547718,22,3
2024-03-10 23:00:00,0.1,67.79987053697232,-67.69987053697233,23,3
2024-03-11 00:00:00,0.1,51.505861979516,-51.405861979516,0,3
2024-03-11 01:00:00,0.0,42.47613979218289,-42.47613979218289,1,3
2024-03-11 02:00:00,0.0,41.27356325952155,-41.27356325952155,2,3
2024-03-11 03:00:00,0.0,36.540533911693956,-36.540533911693956,3,3
2024-03-11 04:00:00,0.0,33.37725152266745,-33.37725152266745,4,3
2024-03-11 05:00:00,0.0,33.346689383260184,-33.346689383260184,5,3
2024-03-11 06:00:00,1.68,40.028223055784,-38.348223055784,6,3
2024-03-11 07:00:00,4.97,44.4043912831566,-39.4343912831566,7,3
2024-03-11 08:00:00,3.2,44.77642248953566,-41.57642248953566,8,3
2024-03-11 09:00:00,0.01,47.00995016851061,-46.999950168510615,9,3
2024-03-11 10:00:00,0.0,46.16780792324056,-46.16780792324056,10,3
2024-03-11 11:00:00,0.0,39.021429610176824,-39.021429610176824,11,3
2024-03-11 12:00:00,0.0,37.050904513836485,-37.050904513836485,12,3
2024-03-11 13:00:00,0.0,33.429377091838546,-33.429377091838546,13,3
2024-03-11 14:00:00,0.0,32.23816352104927,-32.23816352104927,14,3
2024-03-11 15:00:00,0.0,35.17435044092872,-35.17435044092872,15,3
2024-03-11 16:00:00,0.0,51.03368042723588,-51.03368042723588,16,3
2024-03-11 17:00:00,0.0,72.22501454225966,-72.22501454225966,17,3
2024-03-11 18:00:00,5.51,86.88661098758757,-81.37661098758757,18,3
2024-03-11 19:00:00,70.0,105.6057892428878,-35.605789242887795,19,3
2024-03-11 20:00:00,87.97,102.98579755926437,-15.01579755926437,20,3
2024-03-11 21:00:00,76.64,97.35234999818658,-20.712349998186582,21,3
2024-03-11 22:00:00,75.0,84.3772397454336,-9.377239745433599,22,3
2024-03-11 23:00:00,26.1,77.1740368444602,-51.0740368444602,23,3
2024-03-12 00:00:00,35.0,60.49224073253282,-25.49224073253282,0,3
2024-03-12 01:00:00,27.3,51.2350052435649,-23.9350052435649,1,3
2024-03-12 02:00:00,25.0,49.84821972390239,-24.84821972390239,2,3
2024-03-12 03:00:00,24.6,45.29073446580287,-20.69073446580287,3,3
2024-03-12 04:00:00,25.0,41.317118868637806,-16.317118868637806,4,3
2024-03-12 05:00:00,25.0,40.76656191769683,-15.766561917696833,5,3
2024-03-12 06:00:00,60.02,48.93061304014583,11.089386959854174,6,3
2024-03-12 07:00:00,89.8,55.35244121064818,34.44755878935182,7,3
2024-03-12 08:00:00,75.0,57.041564183892376,17.958435816107624,8,3
2024-03-12 09:00:00,20.0,56.498292546666676,-36.498292546666676,9,3
2024-03-12 10:00:00,0.5,52.551430443128254,-52.051430443128254,10,3
2024-03-12 11:00:00,0.43,44.86264741840125,-44.43264741840125,11,3
2024-03-12 12:00:00,0.15,43.8757607162849,-43.7257607162849,12,3
2024-03-12 13:00:00,0.1,38.61461184380778,-38.51461184380778,13,3
2024-03-12 14:00:00,0.1,38.03638279837725,-37.936382798377245,14,3
2024-03-12 15:00:00,0.42,41.628153261195905,-41.2081532611959,15,3
2024-03-12 16:00:00,3.0,57.16844717559695,-54.16844717559695,16,3
2024-03-12 17:00:00,20.1,79.60218712603393,-59.502187126033924,17,3
2024-03-12 18:00:00,60.02,94.65360618450364,-34.63360618450364,18,3
2024-03-12 19:00:00,98.99,111.8754970159597,-12.8854970159597,19,3
2024-03-12 20:00:00,173.82,106.49282911262503,67.32717088737496,20,3
2024-03-12 21:00:00,117.9,100.85023107846933,17.04976892153067,21,3
2024-03-12 22:00:00,70.54,87.43189491701077,-16.89189491701076,22,3
2024-03-12 23:00:00,61.99,81.45755796783124,-19.467557967831233,23,3
2024-03-13 00:00:00,55.09,64.28998622167234,-9.199986221672333,0,3
2024-03-13 01:00:00,35.0,55.436934697449374,-20.436934697449374,1,3
2024-03-13 02:00:00,26.1,54.32765304506313,-28.22765304506313,2,3
2024-03-13 03:00:00,24.1,49.377383596378536,-25.277383596378534,3,3
2024-03-13 04:00:00,24.74,45.26364434971197,-20.52364434971197,4,3
2024-03-13 05:00:00,25.11,45.01259455343774,-19.902594553437737,5,3
2024-03-13 06:00:00,57.54,52.11900291636937,5.420997083630631,6,3
2024-03-13 07:00:00,88.03,58.394589773320604,29.635410226679397,7,3
2024-03-13 08:00:00,86.74,59.488868991265804,27.25113100873419,8,3
2024-03-13 09:00:00,22.08,58.82917696195051,-36.74917696195051,9,3
2024-03-13 10:00:00,10.0,53.734881287527344,-43.734881287527344,10,3
2024-03-13 11:00:00,3.2,46.85482616759373,-43.654826167593725,11,3
2024-03-13 12:00:00,3.0,44.73821980720356,-41.73821980720356,12,3
2024-03-13 13:00:00,2.3,39.694712900918375,-37.39471290091838,13,3
2024-03-13 14:00:00,2.01,38.672316219018796,-36.6623162190188,14,3
2024-03-13 15:00:00,2.3,42.27956165164238,-39.979561651642385,15,3
2024-03-13 16:00:00,3.2,59.346938501826514,-56.14693850182651,16,3
2024-03-13 17:00:00,21.62,83.38743092084712,-61.76743092084712,17,3
2024-03-13 18:00:00,76.41,99.8165576461372,-23.406557646137202,18,3
2024-03-13 19:00:00,98.78,117.50375659651229,-18.72375659651229,19,3
2024-03-13 20:00:00,134.32,113.53748416659329,20.782515833406705,20,3
2024-03-13 21:00:00,89.05,106.82179122653514,-17.771791226535143,21,3
2024-03-13 22:00:00,68.26,92.48108239901575,-24.221082399015742,22,3
2024-03-13 23:00:00,57.56,84.65361986890076,-27.09361986890076,23,3
2024-03-14 00:00:00,37.48,66.61030359041564,-29.130303590415643,0,3
2024-03-14 01:00:00,31.05,56.942312379189104,-25.892312379189104,1,3
2024-03-14 02:00:00,26.1,55.068545624380306,-28.968545624380305,2,3
2024-03-14 03:00:00,24.6,49.57628362685773,-24.97628362685773,3,3
2024-03-14 04:00:00,24.6,45.33493524478018,-20.734935244780182,4,3
2024-03-14 05:00:00,31.05,44.353598553812446,-13.303598553812446,5,3
2024-03-14 06:00:00,36.83,50.61082352667336,-13.780823526673359,6,3
2024-03-14 07:00:00,87.85,55.988905440991516,31.861094559008478,7,3
2024-03-14 08:00:00,70.0,56.31257465374341,13.687425346256589,8,3
2024-03-14 09:00:00,35.0,55.59456132066066,-20.59456132066066,9,3
2024-03-14 10:00:00,31.05,51.862185329641136,-20.812185329641135,10,3
2024-03-14 11:00:00,12.0,44.360735458605745,-32.360735458605745,11,3
2024-03-14 12:00:00,10.2,41.29313389892263,-31.093133898922634,12,3
2024-03-14 13:00:00,9.14,36.66463967302997,-27.524639673029967,13,3
2024-03-14 14:00:00,3.5,36.39752762814652,-32.89752762814652,14,3
2024-03-14 15:00:00,3.2,40.087542544529526,-36.88754254452952,15,3
2024-03-14 16:00:00,9.14,57.20766400859793,-48.06766400859793,16,3
2024-03-14 17:00:00,21.71,79.8668986192331,-58.1568986192331,17,3
2024-03-14 18:00:00,35.0,96.2158481144262,-61.215848114426194,18,3
2024-03-14 19:00:00,85.82,115.376948318828,-29.556948318828006,19,3
2024-03-14 20:00:00,78.25,111.6349366586569,-33.3849366586569,20,3
2024-03-14 21:00:00,62.8,103.57677439755565,-40.776774397555656,21,3
2024-03-14 22:00:00,59.91,88.37371865373933,-28.463718653739335,22,3
2024-03-14 23:00:00,37.48,80.93110822545196,-43.45110822545197,23,3
2024-03-15 00:00:00,34.97,63.06561078366735,-28.095610783667354,0,3
2024-03-15 01:00:00,27.2,54.61367418777519,-27.41367418777519,1,3
2024-03-15 02:00:00,24.1,52.915242546719526,-28.815242546719524,2,3
2024-03-15 03:00:00,23.6,47.23134688473408,-23.63134688473408,3,3
2024-03-15 04:00:00,20.89,43.36307501520116,-22.47307501520116,4,3
2024-03-15 05:00:00,24.1,43.256384058651975,-19.156384058651973,5,3
2024-03-15 06:00:00,33.26,50.87306688774811,-17.61306688774811,6,3
2024-03-15 07:00:00,51.92,56.43351388969569,-4.5135138896956875,7,3
2024-03-15 08:00:00,40.33,57.04951899945206,-16.719518999452063,8,3
2024-03-15 09:00:00,24.1,57.84641573667301,-33.74641573667301,9,3
2024-03-15 10:00:00,15.35,54.36189424878029,-39.01189424878029,10,3
2024-03-15 11:00:00,15.05,45.632789946726064,-30.582789946726063,11,3
2024-03-15 12:00:00,12.43,44.064955842077154,-31.634955842077154,12,3
2024-03-15 13:00:00,10.95,40.3144037483317,-29.3644037483317,13,3
2024-03-15 14:00:00,10.55,40.712503818711696,-30.162503818711695,14,3
2024-03-15 15:00:00,10.55,43.50554527108943,-32.955545271089434,15,3
2024-03-15 16:00:00,15.15,60.02889830017648,-44.87889830017648,16,3
2024-03-15 17:00:00,25.0,82.00779665181119,-57.00779665181119,17,3
2024-03-15 18:00:00,40.0,95.29259898662298,-55.29259898662298,18,3
2024-03-15 19:00:00,88.01,112.41423955725998,-24.40423955725997,19,3
2024-03-15 20:00:00,123.58,108.8829067075169,14.697093292483103,20,3
2024-03-15 21:00:00,110.0,101.94342900865416,8.056570991345836,21,3
2024-03-15 22:00:00,74.9,87.41728801045917,-12.517288010459168,22,3
2024-03-15 23:00:00,49.59,81.02095939789513,-31.430959397895123,23,3
2024-03-16 00:00:00,45.18,64.06769576003853,-18.887695760038532,0,3
2024-03-16 01:00:00,42.31,55.63078639373549,-13.320786393735489,1,3
2024-03-16 02:00:00,37.99,54.39378681482009,-16.403786814820087,2,3
2024-03-16 03:00:00,35.58,48.60270177669554,-13.022701776695541,3,3
2024-03-16 04:00:00,35.0,44.163530621248356,-9.163530621248356,4,3
2024-03-16 05:00:00,41.17,43.07975015822268,-1.9097501582226784,5,3
2024-03-16 06:00:00,48.28,49.54155225810092,-1.2615522581009202,6,3
2024-03-16 07:00:00,37.45,54.619714547172066,-17.169714547172063,7,3
2024-03-16 08:00:00,26.45,55.75213934645933,-29.30213934645933,8,3
2024-03-16 09:00:00,14.77,56.38557830431438,-41.61557830431438,9,3
2024-03-16 10:00:00,10.5,53.4965935334543,-42.9965935334543,10,3
2024-03-16 11:00:00,5.42,46.117526748249475,-40.69752674824947,11,3
2024-03-16 12:00:00,3.2,42.93995767878249,-39.73995767878249,12,3
2024-03-16 13:00:00,3.2,38.99207527069507,-35.792075270695065,13,3
2024-03-16 14:00:00,1.0,37.82090672423658,-36.82090672423658,14,3
2024-03-16 15:00:00,0.43,42.77017285459482,-42.34017285459482,15,3
2024-03-16 16:00:00,4.25,59.68195891799877,-55.43195891799877,16,3
2024-03-16 17:00:00,13.45,80.80183137620634,-67.35183137620633,17,3
2024-03-16 18:00:00,30.0,95.23530430798496,-65.23530430798496,18,3
2024-03-16 19:00:00,80.5,113.71018404736816,-33.21018404736816,19,3
2024-03-16 20:00:00,82.61,110.66976862907728,-28.059768629077283,20,3
2024-03-16 21:00:00,73.35,104.5755679337779,-31.22556793377791,21,3
2024-03-16 22:00:00,51.06,90.53915158596243,-39.47915158596243,22,3
2024-03-16 23:00:00,35.58,84.21040437311825,-48.63040437311825,23,3
2024-03-17 00:00:00,35.0,67.37975811341153,-32.379758113411526,0,3
2024-03-17 01:00:00,30.0,58.42440533592975,-28.424405335929748,1,3
2024-03-17 02:00:00,25.15,57.10244737915235,-31.952447379152353,2,3
2024-03-17 03:00:00,25.15,52.46157088153052,-27.31157088153052,3,3
2024-03-17 04:00:00,25.15,48.50191074285624,-23.35191074285624,4,3
2024-03-17 05:00:00,25.0,47.37705498799488,-22.37705498799488,5,3
2024-03-17 06:00:00,21.45,53.00148084314185,-31.55148084314185,6,3
2024-03-17 07:00:00,24.0,56.221916890790055,-32.221916890790055,7,3
2024-03-17 08:00:00,11.25,55.6171870563245,-44.3671870563245,8,3
2024-03-17 09:00:00,11.34,54.24840198274711,-42.90840198274711,9,3
2024-03-17 10:00:00,9.72,52.74885271089187,-43.02885271089187,10,3
2024-03-17 11:00:00,0.43,46.020157505882196,-45.590157505882196,11,3
2024-03-17 12:00:00,0.43,43.837832879008374,-43.407832879008375,12,3
2024-03-17 13:00:00,0.43,39.70320753158103,-39.27320753158103,13,3
2024-03-17 14:00:00,0.43,38.48024794090338,-38.05024794090338,14,3
2024-03-17 15:00:00,0.43,42.94562455335688,-42.51562455335688,15,3
2024-03-17 16:00:00,9.72,59.726859277026506,-50.00685927702651,16,3
2024-03-17 17:00:00,14.95,82.40861181823578,-67.45861181823578,17,3
2024-03-17 18:00:00,35.0,96.98373643928971,-61.983736439289714,18,3
2024-03-17 19:00:00,79.96,113.87343522883515,-33.913435228835155,19,3
2024-03-17 20:00:00,77.89,110.11522264513434,-32.22522264513434,20,3
2024-03-17 21:00:00,72.33,102.633878342191,-30.303878342191,21,3
2024-03-17 22:00:00,72.1,88.65285042688294,-16.55285042688294,22,3
2024-03-17 23:00:00,65.91,80.94655323190221,-15.036553231902218,23,3
2024-03-18 00:00:00,64.12,62.17342584601863,1.9465741539813735,0,3
2024-03-18 01:00:00,50.3,52.08477570275329,-1.7847757027532936,1,3
2024-03-18 02:00:00,48.85,50.4488146821912,-1.5988146821911968,2,3
2024-03-18 03:00:00,48.85,45.32605699457815,3.523943005421849,3,3
2024-03-18 04:00:00,46.03,40.64117672183153,5.3888232781684735,4,3
2024-03-18 05:00:00,44.28,39.66348067108299,4.616519328917008,5,3
2024-03-18 06:00:00,61.71,45.2332456125834,16.476754387416598,6,3
2024-03-18 07:00:00,94.68,49.0443750618204,45.6356249381796,7,3
2024-03-18 08:00:00,94.45,48.571859399592995,45.87814060040701,8,3
2024-03-18 09:00:00,52.61,49.89456577459049,2.71543422540951,9,3
2024-03-18 10:00:00,42.1,48.587055604428315,-6.487055604428313,10,3
2024-03-18 11:00:00,35.0,41.63999444683327,-6.639994446833271,11,3
2024-03-18 12:00:00,35.0,40.23078046562773,-5.230780465627731,12,3
2024-03-18 13:00:00,35.0,36.182538670124075,-1.1825386701240745,13,3
2024-03-18 14:00:00,35.0,36.52761825303901,-1.5276182530390088,14,3
2024-03-18 15:00:00,35.5,41.059342057085814,-5.559342057085814,15,3
2024-03-18 16:00:00,43.86,58.60528739074948,-14.745287390749482,16,3
2024-03-18 17:00:00,47.7,81.15666604232939,-33.45666604232939,17,3
2024-03-18 18:00:00,73.45,95.23203529030263,-21.78203529030263,18,3
2024-03-18 19:00:00,125.16,110.83906633150684,14.320933668493154,19,3
2024-03-18 20:00:00,114.24,106.65048887268898,7.589511127311013,20,3
2024-03-18 21:00:00,95.85,99.75470995692575,-3.904709956925757,21,3
2024-03-18 22:00:00,77.8,86.16325869418085,-8.363258694180857,22,3
2024-03-18 23:00:00,70.51,78.95883226827584,-8.448832268275837,23,3
2024-03-19 00:00:00,69.14,61.02914097592355,8.110859024076447,0,3
2024-03-19 01:00:00,65.06,52.5201549628913,12.539845037108705,1,3
2024-03-19 02:00:00,58.13,50.88230698499183,7.247693015008174,2,3
2024-03-19 03:00:00,56.18,45.84147181899169,10.338528181008307,3,3
2024-03-19 04:00:00,53.0,42.130439663956565,10.869560336043435,4,3
2024-03-19 05:00:00,58.76,41.91823675043986,16.841763249560138,5,3
2024-03-19 06:00:00,76.18,49.522706155303126,26.65729384469688,6,3
2024-03-19 07:00:00,101.64,54.830705413016574,46.80929458698343,7,3
2024-03-19 08:00:00,95.87,54.47481449038611,41.395185509613896,8,3
2024-03-19 09:00:00,58.13,55.23116154498683,2.89883845501317,9,3
2024-03-19 10:00:00,37.28,52.64369887737422,-15.363698877374219,10,3
2024-03-19 11:00:00,35.26,45.255418320111005,-9.995418320111007,11,3
2024-03-19 12:00:00,35.0,42.48100731245438,-7.4810073124543806,12,3
2024-03-19 13:00:00,35.0,38.998127613707254,-3.998127613707254,13,3
2024-03-19 14:00:00,35.0,40.02647193478424,-5.02647193478424,14,3
2024-03-19 15:00:00,35.0,44.31491199693738,-9.314911996937383,15,3
2024-03-19 16:00:00,35.54,61.301985614477076,-25.761985614477076,16,3
2024-03-19 17:00:00,54.5,84.1373032193286,-29.6373032193286,17,3
2024-03-19 18:00:00,76.62,98.04997656487922,-21.42997656487921,18,3
2024-03-19 19:00:00,128.96,114.74696494957004,14.213035050429966,19,3
2024-03-19 20:00:00,110.0,110.5507237967177,-0.5507237967177048,20,3
2024-03-19 21:00:00,92.01,103.65980934777804,-11.649809347778032,21,3
2024-03-19 22:00:00,81.75,89.41955652629696,-7.669556526296958,22,3
2024-03-19 23:00:00,76.1,81.72650622569631,-5.626506225696318,23,3
2024-03-20 00:00:00,70.0,64.57220011519286,5.427799884807143,0,3
2024-03-20 01:00:00,68.57,56.24689228241658,12.323107717583412,1,3
2024-03-20 02:00:00,60.78,54.82417068880005,5.955829311199949,2,3
2024-03-20 03:00:00,50.53,49.98777506481582,0.5422249351841799,3,3
2024-03-20 04:00:00,42.84,46.08270433418312,-3.2427043341831165,4,3
2024-03-20 05:00:00,58.0,45.51717320506043,12.48282679493957,5,3
2024-03-20 06:00:00,68.0,51.24484306952445,16.75515693047555,6,3
2024-03-20 07:00:00,88.38,54.55382275934858,33.82617724065142,7,3
2024-03-20 08:00:00,85.25,54.342750813787006,30.907249186212994,8,3
2024-03-20 09:00:00,61.76,54.74657132936261,7.0134286706373885,9,3
2024-03-20 10:00:00,35.7,51.783984010042275,-16.083984010042272,10,3
2024-03-20 11:00:00,35.0,43.21745649715433,-8.21745649715433,11,3
2024-03-20 12:00:00,33.26,42.44117784210448,-9.181177842104482,12,3
2024-03-20 13:00:00,27.0,37.69334799329977,-10.693347993299767,13,3
2024-03-20 14:00:00,27.28,37.82143907524102,-10.541439075241016,14,3
2024-03-20 15:00:00,28.69,41.91706654655144,-13.227066546551438,15,3
2024-03-20 16:00:00,34.15,59.0910667127298,-24.9410667127298,16,3
2024-03-20 17:00:00,35.43,81.58630262492068,-46.15630262492068,17,3
2024-03-20 18:00:00,61.02,96.71203598858938,-35.692035988589375,18,3
2024-03-20 19:00:00,97.01,112.86633598359174,-15.856335983591734,19,3
2024-03-20 20:00:00,100.76,108.62385768244644,-7.863857682446437,20,3
2024-03-20 21:00:00,79.25,100.81917116737668,-21.56917116737668,21,3
2024-03-20 22:00:00,68.0,86.59800239514459,-18.59800239514459,22,3
2024-03-20 23:00:00,50.0,77.99868804092273,-27.99868804092273,23,3
2024-03-21 00:00:00,35.0,61.228588660544915,-26.228588660544915,0,3
2024-03-21 01:00:00,34.47,52.28393413998589,-17.81393413998589,1,3
2024-03-21 02:00:00,33.97,50.799512956896876,-16.829512956896878,2,3
2024-03-21 03:00:00,34.17,45.87479040769358,-11.70479040769358,3,3
2024-03-21 04:00:00,34.07,42.56300067682747,-8.49300067682747,4,3
2024-03-21 05:00:00,35.0,42.04277940290518,-7.0427794029051825,5,3
2024-03-21 06:00:00,35.0,48.98053197794087,-13.98053197794087,6,3
2024-03-21 07:00:00,55.96,53.92700163727852,2.0329983627214787,7,3
2024-03-21 08:00:00,45.02,54.09097804835022,-9.07097804835022,8,3
2024-03-21 09:00:00,35.0,54.276211643261945,-19.276211643261945,9,3
2024-03-21 10:00:00,30.0,50.00119994057087,-20.00119994057087,10,3
2024-03-21 11:00:00,17.27,43.05148466435651,-25.78148466435651,11,3
2024-03-21 12:00:00,15.99,41.232736632677074,-25.242736632677072,12,3
2024-03-21 13:00:00,14.0,36.756367240762245,-22.756367240762245,13,3
2024-03-21 14:00:00,10.83,36.604627894598934,-25.774627894598936,14,3
2024-03-21 15:00:00,10.61,41.69777711564774,-31.08777711564774,15,3
2024-03-21 16:00:00,15.98,58.540787574180456,-42.56078757418045,16,3
2024-03-21 17:00:00,26.1,80.47856677142511,-54.378566771425106,17,3
2024-03-21 18:00:00,35.0,95.49796957950696,-60.49796957950696,18,3
2024-03-21 19:00:00,70.4,112.61895245400217,-42.218952454002164,19,3
2024-03-21 20:00:00,84.0,108.51326396395609,-24.513263963956092,20,3
2024-03-21 21:00:00,65.86,100.85315936067735,-34.99315936067735,21,3
2024-03-21 22:00:00,48.0,87.37870821196509,-39.37870821196509,22,3
2024-03-21 23:00:00,40.0,79.61629173235798,-39.61629173235798,23,3
2024-03-22 00:00:00,25.0,61.748910063793744,-36.748910063793744,0,3
2024-03-22 01:00:00,20.1,52.525385021030274,-32.42538502103027,1,3
2024-03-22 02:00:00,17.2,50.82099224561563,-33.620992245615625,2,3
2024-03-22 03:00:00,16.7,45.84975883506689,-29.149758835066894,3,3
2024-03-22 04:00:00,18.9,42.53978940020971,-23.639789400209715,4,3
2024-03-22 05:00:00,25.0,42.01362036293932,-17.01362036293932,5,3
2024-03-22 06:00:00,35.0,48.49535521166155,-13.495355211661547,6,3
2024-03-22 07:00:00,49.19,53.70079141986048,-4.510791419860482,7,3
2024-03-22 08:00:00,35.0,55.236295935001465,-20.236295935001465,8,3
2024-03-22 09:00:00,20.0,57.077156094169595,-37.077156094169595,9,3
2024-03-22 10:00:00,14.5,54.714620775830156,-40.214620775830156,10,3
2024-03-22 11:00:00,7.0,47.573004031566995,-40.573004031566995,11,3
2024-03-22 12:00:00,3.35,45.744377469470635,-42.39437746947063,12,3
2024-03-22 13:00:00,2.44,40.83161447277786,-38.39161447277786,13,3
2024-03-22 14:00:00,1.1,41.24006779812339,-40.14006779812339,14,3
2024-03-22 15:00:00,3.19,44.34914164925402,-41.159141649254025,15,3
2024-03-22 16:00:00,3.35,62.03904486422272,-58.689044864222716,16,3
2024-03-22 17:00:00,14.7,83.42738854624844,-68.72738854624843,17,3
2024-03-22 18:00:00,35.0,95.64200221714049,-60.64200221714049,18,3
2024-03-22 19:00:00,57.3,114.16720517477006,-56.86720517477006,19,3
2024-03-22 20:00:00,53.92,110.03148771776802,-56.111487717768014,20,3
2024-03-22 21:00:00,35.0,103.19856422437965,-68.19856422437965,21,3
2024-03-22 22:00:00,29.16,90.33110761852112,-61.17110761852112,22,3
2024-03-22 23:00:00,15.6,82.48927986950116,-66.88927986950117,23,3
2024-03-23 00:00:00,3.2,64.68446189921127,-61.48446189921127,0,3
2024-03-23 01:00:00,3.03,55.56711481141406,-52.53711481141406,1,3
2024-03-23 02:00:00,0.9,53.270972226605295,-52.370972226605296,2,3
2024-03-23 03:00:00,2.71,48.02484115532582,-45.314841155325816,3,3
2024-03-23 04:00:00,2.05,44.64612569558244,-42.596125695582444,4,3
2024-03-23 05:00:00,2.0,44.0952526060604,-42.0952526060604,5,3
2024-03-23 06:00:00,2.1,50.747556031312,-48.647556031312,6,3
2024-03-23 07:00:00,2.3,55.405592227663874,-53.10559222766388,7,3
2024-03-23 08:00:00,0.43,54.83596667202494,-54.40596667202494,8,3
2024-03-23 09:00:00,0.0,55.244029044410524,-55.244029044410524,9,3
2024-03-23 10:00:00,0.0,53.70251868232043,-53.70251868232043,10,3
2024-03-23 11:00:00,0.0,48.423391541668025,-48.423391541668025,11,3
2024-03-23 12:00:00,0.0,48.80259958835228,-48.80259958835228,12,3
2024-03-23 13:00:00,0.0,45.435969444124225,-45.435969444124225,13,3
2024-03-23 14:00:00,0.0,45.565814815451006,-45.565814815451006,14,3
2024-03-23 15:00:00,0.0,50.50291199276086,-50.50291199276086,15,3
2024-03-23 16:00:00,0.0,65.97033883764004,-65.97033883764004,16,3
2024-03-23 17:00:00,0.43,87.80942170335118,-87.37942170335117,17,3
2024-03-23 18:00:00,3.19,100.8952175848612,-97.7052175848612,18,3
2024-03-23 19:00:00,3.2,116.30249969600175,-113.10249969600174,19,3
2024-03-23 20:00:00,9.01,111.61425448613278,-102.60425448613277,20,3
2024-03-23 21:00:00,7.18,105.35598065216209,-98.17598065216208,21,3
2024-03-23 22:00:00,3.2,91.67170676955124,-88.47170676955123,22,3
2024-03-23 23:00:00,3.2,85.75842276031887,-82.55842276031886,23,3
2024-03-24 00:00:00,0.16,68.08393227601863,-67.92393227601863,0,3
2024-03-24 01:00:00,0.0,60.259158229779416,-60.259158229779416,1,3
2024-03-24 02:00:00,0.0,58.30638124854505,-58.30638124854505,2,3
2024-03-24 03:00:00,0.0,52.95926871919795,-52.95926871919795,3,3
2024-03-24 04:00:00,0.0,48.7564618150592,-48.7564618150592,4,3
2024-03-24 05:00:00,0.0,48.24880305366503,-48.24880305366503,5,3
2024-03-24 06:00:00,0.01,53.952250755536625,-53.94225075553663,6,3
2024-03-24 07:00:00,0.1,57.49714073186391,-57.39714073186391,7,3
2024-03-24 08:00:00,0.0,57.63321525437692,-57.63321525437692,8,3
2024-03-24 09:00:00,0.0,60.6198012815787,-60.6198012815787,9,3
2024-03-24 10:00:00,0.0,59.119114713060526,-59.119114713060526,10,3
2024-03-24 11:00:00,0.0,51.37893019683219,-51.37893019683219,11,3
2024-03-24 12:00:00,0.0,49.362286534110524,-49.362286534110524,12,3
2024-03-24 13:00:00,0.0,45.16807101172918,-45.16807101172918,13,3
2024-03-24 14:00:00,0.0,45.37928315183194,-45.37928315183194,14,3
2024-03-24 15:00:00,0.0,48.73498073753592,-48.73498073753592,15,3
2024-03-24 16:00:00,0.0,64.9870270883647,-64.9870270883647,16,3
2024-03-24 17:00:00,0.43,87.18681238609497,-86.75681238609496,17,3
2024-03-24 18:00:00,3.2,101.39437146820308,-98.19437146820307,18,3
2024-03-24 19:00:00,16.7,117.07503873525184,-100.37503873525183,19,3
2024-03-24 20:00:00,35.0,112.78832067544863,-77.78832067544863,20,3
2024-03-24 21:00:00,35.0,106.3895455004523,-71.3895455004523,21,3
2024-03-24 22:00:00,35.0,92.95510677516552,-57.95510677516552,22,3
2024-03-24 23:00:00,35.0,85.30487671891552,-50.30487671891552,23,3
2024-03-25 00:00:00,35.0,67.06616292497614,-32.06616292497614,0,3
2024-03-25 01:00:00,30.0,57.264985088187586,-27.264985088187586,1,3
2024-03-25 02:00:00,28.26,54.96638293201954,-26.70638293201954,2,3
2024-03-25 03:00:00,30.5,49.4191382811552,-18.9191382811552,3,3
2024-03-25 04:00:00,28.35,45.652016617062486,-17.302016617062485,4,3
2024-03-25 05:00:00,34.47,44.42855616501049,-9.958556165010492,5,3
2024-03-25 06:00:00,35.0,50.30275522448699,-15.302755224486987,6,3
2024-03-25 07:00:00,75.75,53.674501549213176,22.075498450786824,7,3
2024-03-25 08:00:00,59.0,54.22074978386752,4.779250216132482,8,3
2024-03-25 09:00:00,35.0,57.21943152762651,-22.21943152762651,9,3
2024-03-25 10:00:00,20.0,54.993362387691946,-34.993362387691946,10,3
2024-03-25 11:00:00,13.3,46.29834278108149,-32.99834278108149,11,3
2024-03-25 12:00:00,12.21,44.435880032363514,-32.22588003236351,12,3
2024-03-25 13:00:00,4.0,39.26959647127336,-35.26959647127336,13,3
2024-03-25 14:00:00,3.2,39.54482025168454,-36.34482025168454,14,3
2024-03-25 15:00:00,2.1,42.80343328822869,-40.70343328822869,15,3
2024-03-25 16:00:00,3.12,58.407841211307186,-55.28784121130719,16,3
2024-03-25 17:00:00,3.2,80.71607737553256,-77.51607737553256,17,3
2024-03-25 18:00:00,3.2,92.93749647957895,-89.73749647957895,18,3
2024-03-25 19:00:00,20.02,109.58272545304885,-89.56272545304886,19,3
2024-03-25 20:00:00,35.0,105.39543521866568,-70.39543521866568,20,3
2024-03-25 21:00:00,29.11,99.01397843172475,-69.90397843172475,21,3
2024-03-25 22:00:00,17.2,85.69393140352372,-68.49393140352372,22,3
2024-03-25 23:00:00,12.9,77.96272061147482,-65.06272061147482,23,3
2024-03-26 00:00:00,3.2,59.553487809893,-56.353487809893,0,3
2024-03-26 01:00:00,3.19,49.615897634675775,-46.42589763467578,1,3
2024-03-26 02:00:00,1.54,47.58368663029063,-46.04368663029063,2,3
2024-03-26 03:00:00,1.0,42.02303437670116,-41.02303437670116,3,3
2024-03-26 04:00:00,0.98,37.46335363205088,-36.483353632050886,4,3
2024-03-26 05:00:00,0.98,36.64262016429535,-35.662620164295355,5,3
2024-03-26 06:00:00,3.2,42.70563135552101,-39.505631355521004,6,3
2024-03-26 07:00:00,4.0,46.69833305433639,-42.69833305433639,7,3
2024-03-26 08:00:00,3.2,47.64332042427117,-44.443320424271164,8,3
2024-03-26 09:00:00,1.2,52.15661775083544,-50.956617750835434,9,3
2024-03-26 10:00:00,0.2,50.28544175817234,-50.08544175817234,10,3
2024-03-26 11:00:00,0.0,44.447211541852255,-44.447211541852255,11,3
2024-03-26 12:00:00,0.0,41.77686817403105,-41.77686817403105,12,3
2024-03-26 13:00:00,0.0,35.439230122612685,-35.439230122612685,13,3
2024-03-26 14:00:00,0.0,34.9488662731506,-34.9488662731506,14,3
2024-03-26 15:00:00,0.0,37.761595781000324,-37.761595781000324,15,3
2024-03-26 16:00:00,0.0,52.52197927315416,-52.52197927315416,16,3
2024-03-26 17:00:00,0.55,72.75049541041415,-72.20049541041415,17,3
2024-03-26 18:00:00,2.0,84.98207387209635,-82.98207387209635,18,3
2024-03-26 19:00:00,5.0,100.64144962481214,-95.64144962481214,19,3
2024-03-26 20:00:00,14.0,96.3017542263238,-82.3017542263238,20,3
2024-03-26 21:00:00,7.5,88.70498353748621,-81.20498353748621,21,3
2024-03-26 22:00:00,3.2,73.29131215246156,-70.09131215246155,22,3
2024-03-26 23:00:00,1.69,66.76409053611161,-65.07409053611161,23,3
2024-03-27 00:00:00,3.2,49.56576624618691,-46.36576624618691,0,3
2024-03-27 01:00:00,0.57,40.432566347214106,-39.862566347214106,1,3
2024-03-27 02:00:00,0.01,37.86625991429224,-37.856259914292245,2,3
2024-03-27 03:00:00,0.0,31.757935001064425,-31.757935001064425,3,3
2024-03-27 04:00:00,0.0,27.384154482945632,-27.384154482945632,4,3
2024-03-27 05:00:00,0.0,25.87625387777416,-25.87625387777416,5,3
2024-03-27 06:00:00,0.1,32.78470756641758,-32.68470756641758,6,3
2024-03-27 07:00:00,0.54,37.769332314440646,-37.22933231444065,7,3
2024-03-27 08:00:00,0.43,39.38826191753731,-38.95826191753731,8,3
2024-03-27 09:00:00,0.13,40.481916752954305,-40.3519167529543,9,3
2024-03-27 10:00:00,0.0,37.050975214635,-37.050975214635,10,3
2024-03-27 11:00:00,0.0,29.385030457278788,-29.385030457278788,11,3
2024-03-27 12:00:00,0.0,27.270435184696908,-27.270435184696908,12,3
2024-03-27 13:00:00,0.0,21.61655188496269,-21.61655188496269,13,3
2024-03-27 14:00:00,0.0,20.54088574417449,-20.54088574417449,14,3
2024-03-27 15:00:00,0.0,22.600896709316544,-22.600896709316544,15,3
2024-03-27 16:00:00,0.0,40.172204692411185,-40.172204692411185,16,3
2024-03-27 17:00:00,0.0,62.6761600041724,-62.6761600041724,17,3
2024-03-27 18:00:00,0.43,76.54428081589612,-76.11428081589611,18,3
2024-03-27 19:00:00,3.17,94.12142993234806,-90.95142993234806,19,3
2024-03-27 20:00:00,3.2,92.01710570056031,-88.8171057005603,20,3
2024-03-27 21:00:00,3.2,86.14137797775606,-82.94137797775606,21,3
2024-03-27 22:00:00,3.02,72.65435319499841,-69.63435319499841,22,3
2024-03-27 23:00:00,0.12,67.16128300301875,-67.04128300301875,23,3
2024-03-28 00:00:00,0.4,51.16934814809548,-50.76934814809548,0,3
2024-03-28 01:00:00,0.0,42.16804684391445,-42.16804684391445,1,3
2024-03-28 02:00:00,0.0,40.75959980718261,-40.75959980718261,2,3
2024-03-28 03:00:00,0.0,35.8879041203092,-35.8879041203092,3,3
2024-03-28 04:00:00,0.0,32.41284840970991,-32.41284840970991,4,3
2024-03-28 05:00:00,0.0,32.45401762855573,-32.45401762855573,5,3
2024-03-28 06:00:00,0.02,39.52004886593278,-39.500048865932776,6,3
2024-03-28 07:00:00,0.34,44.23912607692938,-43.89912607692938,7,3
2024-03-28 08:00:00,0.19,45.13294278807314,-44.94294278807314,8,3
2024-03-28 09:00:00,0.0,47.527860093955496,-47.527860093955496,9,3
2024-03-28 10:00:00,0.0,44.29277595166582,-44.29277595166582,10,3
2024-03-28 11:00:00,0.0,36.7566981705009,-36.7566981705009,11,3
2024-03-28 12:00:00,0.0,33.71026049529115,-33.71026049529115,12,3
2024-03-28 13:00:00,0.0,27.88790422407459,-27.88790422407459,13,3
2024-03-28 14:00:00,0.0,25.59910150937509,-25.59910150937509,14,3
2024-03-28 15:00:00,0.0,27.344491403527684,-27.344491403527684,15,3
2024-03-28 16:00:00,0.0,42.30384097396768,-42.30384097396768,16,3
2024-03-28 17:00:00,0.02,63.67890819982199,-63.65890819982199,17,3
2024-03-28 18:00:00,0.6,78.45518442463049,-77.8551844246305,18,3
2024-03-28 19:00:00,3.2,96.43654904351962,-93.23654904351962,19,3
2024-03-28 20:00:00,3.2,93.70605502203955,-90.50605502203955,20,3
2024-03-28 21:00:00,3.2,87.63609983203219,-84.43609983203218,21,3
2024-03-28 22:00:00,3.2,74.58565425931033,-71.38565425931033,22,3
2024-03-28 23:00:00,1.47,68.04653754518608,-66.57653754518608,23,3
2024-03-29 00:00:00,2.0,50.4065429241989,-48.4065429241989,0,3
2024-03-29 01:00:00,0.58,41.503310897623976,-40.92331089762398,1,3
2024-03-29 02:00:00,0.52,39.33407091812802,-38.81407091812802,2,3
2024-03-29 03:00:00,0.5,34.00469794505568,-33.50469794505568,3,3
2024-03-29 04:00:00,0.57,30.095596790934508,-29.525596790934507,4,3
2024-03-29 05:00:00,1.0,29.26505289271404,-28.26505289271404,5,3
2024-03-29 06:00:00,2.0,35.486171794380994,-33.486171794380994,6,3
2024-03-29 07:00:00,3.1,39.29806292761259,-36.19806292761259,7,3
2024-03-29 08:00:00,1.47,40.221530557960705,-38.751530557960706,8,3
2024-03-29 09:00:00,1.0,42.43356595446585,-41.43356595446585,9,3
2024-03-29 10:00:00,0.9,40.73277689899459,-39.83277689899459,10,3
2024-03-29 11:00:00,0.77,33.75839461356753,-32.98839461356753,11,3
2024-03-29 12:00:00,0.53,31.61096827269796,-31.08096827269796,12,3
2024-03-29 13:00:00,0.5,25.725321693602325,-25.225321693602325,13,3
2024-03-29 14:00:00,0.47,24.418194127279378,-23.94819412727938,14,3
2024-03-29 15:00:00,0.4,24.917600653977843,-24.517600653977844,15,3
2024-03-29 16:00:00,0.4,39.70738102921456,-39.30738102921456,16,3
2024-03-29 17:00:00,0.5,61.41800969123187,-60.91800969123187,17,3
2024-03-29 18:00:00,3.2,75.7493260556675,-72.54932605566749,18,3
2024-03-29 19:00:00,6.82,92.7352142008948,-85.91521420089481,19,3
2024-03-29 20:00:00,17.47,88.86354890843654,-71.39354890843654,20,3
2024-03-29 21:00:00,21.42,83.4280884397948,-62.008088439794804,21,3
2024-03-29 22:00:00,16.0,69.57610129336643,-53.576101293366435,22,3
2024-03-29 23:00:00,15.14,62.93785103867498,-47.79785103867498,23,3
2024-03-30 00:00:00,10.6,46.22495538835278,-35.62495538835278,0,3
2024-03-30 01:00:00,6.66,37.65059958076205,-30.990599580762048,1,3
2024-03-30 02:00:00,4.91,36.23562415018506,-31.32562415018506,2,3
2024-03-30 03:00:00,3.2,30.50323789573781,-27.303237895737812,3,3
2024-03-30 04:00:00,3.2,26.89137269491897,-23.69137269491897,4,3
2024-03-30 05:00:00,4.0,26.068398355540864,-22.068398355540864,5,3
2024-03-30 06:00:00,6.0,31.3936095718729,-25.3936095718729,6,3
2024-03-30 07:00:00,5.04,34.073888437587016,-29.033888437587017,7,3
2024-03-30 08:00:00,3.2,34.14772001860928,-30.947720018609278,8,3
2024-03-30 09:00:00,1.0,37.07170516524991,-36.07170516524991,9,3
2024-03-30 10:00:00,0.58,36.3799740016089,-35.7999740016089,10,3
2024-03-30 11:00:00,0.43,28.979940221017102,-28.549940221017103,11,3
2024-03-30 12:00:00,0.43,25.847899453270145,-25.417899453270145,12,3
2024-03-30 13:00:00,0.43,19.54637656575187,-19.11637656575187,13,3
2024-03-30 14:00:00,0.43,18.2201322642685,-17.7901322642685,14,3
2024-03-30 15:00:00,0.43,20.38763345844734,-19.95763345844734,15,3
2024-03-30 16:00:00,0.5,35.29643405249419,-34.79643405249419,16,3
2024-03-30 17:00:00,1.47,55.65942538694725,-54.18942538694725,17,3
2024-03-30 18:00:00,3.5,70.72928898974999,-67.22928898974999,18,3
2024-03-30 19:00:00,9.36,87.7360931749273,-78.3760931749273,19,3
2024-03-30 20:00:00,16.7,84.2586016150218,-67.5586016150218,20,3
2024-03-30 21:00:00,16.27,78.58008671673662,-62.31008671673662,21,3
2024-03-30 22:00:00,6.66,66.03909634777551,-59.379096347775516,22,3
2024-03-30 23:00:00,3.38,60.023053022577756,-56.64305302257775,23,3
2024-03-31 00:00:00,3.2,43.08505875238342,-39.885058752383415,0,3
2024-03-31 01:00:00,1.63,34.07764958666968,-32.44764958666968,1,3
2024-03-31 02:00:00,0.5,33.18434533106017,-32.68434533106017,2,3
2024-03-31 03:00:00,0.5,28.463202571229544,-27.963202571229544,3,3
2024-03-31 04:00:00,0.5,24.71785887327809,-24.21785887327809,4,3
2024-03-31 05:00:00,0.6,23.833129118672332,-23.23312911867233,5,3
2024-03-31 06:00:00,0.5,29.22481328363841,-28.72481328363841,6,3
2024-03-31 07:00:00,0.6,33.6124087161723,-33.012408716172295,7,3
2024-03-31 08:00:00,0.5,34.500895557060005,-34.000895557060005,8,3
2024-03-31 09:00:00,0.5,36.15920469391551,-35.65920469391551,9,3
2024-03-31 10:00:00,0.4,34.32826267079719,-33.92826267079719,10,3
2024-03-31 11:00:00,0.0,27.31542558738886,-27.31542558738886,11,3
2024-03-31 12:00:00,0.0,25.8949223799317,-25.8949223799317,12,3
2024-03-31 13:00:00,0.0,20.712177197175606,-20.712177197175606,13,3
2024-03-31 14:00:00,0.0,19.405052276152446,-19.405052276152446,14,3
2024-03-31 15:00:00,0.0,21.81650017435726,-21.81650017435726,15,3
2024-03-31 16:00:00,0.0,36.5417148480052,-36.5417148480052,16,3
2024-03-31 17:00:00,0.0,57.57423549469206,-57.57423549469206,17,3
2024-03-31 18:00:00,0.0,71.63571054603892,-71.63571054603892,18,3
2024-03-31 19:00:00,1.69,89.33738738456657,-87.64738738456657,19,3
2024-03-31 20:00:00,3.2,87.06683317431816,-83.86683317431816,20,3
2024-03-31 21:00:00,3.2,81.94306071351588,-78.74306071351587,21,3
2024-03-31 22:00:00,1.63,70.31271874095404,-68.68271874095404,22,3
2024-03-31 23:00:00,1.165,63.34876108944826,-62.18376108944826,23,3
2024-04-01 00:00:00,0.7,46.39350979614818,-45.69350979614818,0,4
2024-04-01 01:00:00,0.02,37.56470751031088,-37.54470751031088,1,4
2024-04-01 02:00:00,0.0,36.58101117111238,-36.58101117111238,2,4
2024-04-01 03:00:00,0.0,31.654342449953674,-31.654342449953674,3,4
2024-04-01 04:00:00,0.0,26.9963682560836,-26.9963682560836,4,4
2024-04-01 05:00:00,0.0,25.863856939308164,-25.863856939308164,5,4
2024-04-01 06:00:00,0.13,30.67616040738386,-30.546160407383862,6,4
2024-04-01 07:00:00,1.19,34.6990320690723,-33.509032069072305,7,4
2024-04-01 08:00:00,0.94,37.15148210678865,-36.21148210678865,8,4
2024-04-01 09:00:00,0.13,41.26803206933732,-41.13803206933732,9,4
2024-04-01 10:00:00,0.0,40.92308172011025,-40.92308172011025,10,4
2024-04-01 11:00:00,0.0,34.72012206091364,-34.72012206091364,11,4
2024-04-01 12:00:00,0.0,31.594681760975504,-31.594681760975504,12,4
2024-04-01 13:00:00,0.0,25.394731398434544,-25.394731398434544,13,4
2024-04-01 14:00:00,-0.01,23.92468873631043,-23.93468873631043,14,4
2024-04-01 15:00:00,-0.01,26.009784888530987,-26.01978488853099,15,4
2024-04-01 16:00:00,-0.01,39.607197725721846,-39.617197725721844,16,4
2024-04-01 17:00:00,0.0,61.134566771361904,-61.134566771361904,17,4
2024-04-01 18:00:00,0.0,74.22431365846614,-74.22431365846614,18,4
2024-04-01 19:00:00,0.44,92.52342135442376,-92.08342135442376,19,4
2024-04-01 20:00:00,11.33,92.3059606573654,-80.9759606573654,20,4
2024-04-01 21:00:00,21.43,88.0697247925039,-66.6397247925039,21,4
2024-04-01 22:00:00,17.47,75.94167222500738,-58.47167222500738,22,4
2024-04-01 23:00:00,12.58,68.9750339318278,-56.3950339318278,23,4
2024-04-02 00:00:00,3.6,51.55762142139048,-47.95762142139048,0,4
2024-04-02 01:00:00,3.25,43.0692901600205,-39.8192901600205,1,4
2024-04-02 02:00:00,3.25,41.93242254428765,-38.68242254428765,2,4
2024-04-02 03:00:00,1.63,37.946784607177335,-36.31678460717733,3,4
2024-04-02 04:00:00,2.0,34.29352817173714,-32.29352817173714,4,4
2024-04-02 05:00:00,3.25,33.64447942422356,-30.39447942422356,5,4
2024-04-02 06:00:00,20.0,40.748542991545094,-20.748542991545094,6,4
2024-04-02 07:00:00,35.0,47.17597007601057,-12.175970076010572,7,4
2024-04-02 08:00:00,35.0,50.696350423008425,-15.696350423008425,8,4
2024-04-02 09:00:00,10.02,51.81053652983695,-41.790536529836956,9,4
2024-04-02 10:00:00,1.63,47.264412745072605,-45.6344127450726,10,4
2024-04-02 11:00:00,0.44,38.07583649329683,-37.635836493296836,11,4
2024-04-02 12:00:00,0.44,35.02296478471271,-34.582964784712715,12,4
2024-04-02 13:00:00,0.01,29.738192365419593,-29.72819236541959,13,4
2024-04-02 14:00:00,0.0,29.16325746863413,-29.16325746863413,14,4
2024-04-02 15:00:00,0.0,31.462419737092205,-31.462419737092205,15,4
2024-04-02 16:00:00,0.01,46.28708254890023,-46.27708254890023,16,4
2024-04-02 17:00:00,0.94,67.63676348072329,-66.69676348072329,17,4
2024-04-02 18:00:00,2.77,79.95489189402815,-77.18489189402815,18,4
2024-04-02 19:00:00,8.69,98.4059012071898,-89.7159012071898,19,4
2024-04-02 20:00:00,34.9,99.22467537277652,-64.32467537277651,20,4
2024-04-02 21:00:00,35.0,94.74581251273804,-59.74581251273804,21,4
2024-04-02 22:00:00,29.6,83.34778005918412,-53.747780059184116,22,4
2024-04-02 23:00:00,5.0,76.27064516147476,-71.27064516147476,23,4
2024-04-03 00:00:00,3.25,59.09323351605616,-55.84323351605616,0,4
2024-04-03 01:00:00,1.68,49.89931241006849,-48.21931241006849,1,4
2024-04-03 02:00:00,1.35,47.86746828127235,-46.51746828127235,2,4
2024-04-03 03:00:00,1.0,42.721765550276814,-41.721765550276814,3,4
2024-04-03 04:00:00,0.09,38.794644581233456,-38.70464458123345,4,4
2024-04-03 05:00:00,1.0,37.875835089568,-36.875835089568,5,4
2024-04-03 06:00:00,3.25,44.227855463021456,-40.977855463021456,6,4
2024-04-03 07:00:00,28.07,48.31319989796208,-20.24319989796208,7,4
2024-04-03 08:00:00,34.9,49.52041541996198,-14.62041541996198,8,4
2024-04-03 09:00:00,5.5,52.4125020704268,-46.9125020704268,9,4
2024-04-03 10:00:00,2.0,50.39621273436535,-48.39621273436535,10,4
2024-04-03 11:00:00,0.44,42.37608979070126,-41.93608979070126,11,4
2024-04-03 12:00:00,0.0,40.55110288558615,-40.55110288558615,12,4
2024-04-03 13:00:00,0.0,35.55186342225409,-35.55186342225409,13,4
2024-04-03 14:00:00,0.0,34.16514415017389,-34.16514415017389,14,4
2024-04-03 15:00:00,0.0,38.20938173490248,-38.20938173490248,15,4
2024-04-03 16:00:00,0.0,53.19317213526915,-53.19317213526915,16,4
2024-04-03 17:00:00,0.0,74.190954690213,-74.190954690213,17,4
2024-04-03 18:00:00,0.4,88.44459423669127,-88.04459423669127,18,4
2024-04-03 19:00:00,6.76,105.65727489551642,-98.89727489551642,19,4
2024-04-03 20:00:00,35.0,102.74906392821168,-67.74906392821168,20,4
2024-04-03 21:00:00,35.0,97.40962584936506,-62.40962584936506,21,4
2024-04-03 22:00:00,31.62,83.480911801567,-51.860911801567,22,4
2024-04-03 23:00:00,25.43,78.07979785172125,-52.64979785172125,23,4
2024-04-04 00:00:00,2.6,61.47433984627145,-58.87433984627145,0,4
2024-04-04 01:00:00,0.44,51.96011164944133,-51.52011164944133,1,4
2024-04-04 02:00:00,3.25,50.55986022328938,-47.30986022328938,2,4
2024-04-04 03:00:00,4.99,45.958313848818136,-40.968313848818134,3,4
2024-04-04 04:00:00,3.25,42.65490396778176,-39.40490396778176,4,4
2024-04-04 05:00:00,3.25,42.22730925971263,-38.97730925971263,5,4
2024-04-04 06:00:00,3.25,49.64761051888854,-46.39761051888854,6,4
2024-04-04 07:00:00,11.19,53.75621520932452,-42.566215209324525,7,4
2024-04-04 08:00:00,13.47,54.61830116059866,-41.14830116059866,8,4
2024-04-04 09:00:00,3.74,56.25599621361823,-52.51599621361823,9,4
2024-04-04 10:00:00,0.44,53.71280335949456,-53.27280335949456,10,4
2024-04-04 11:00:00,0.0,44.96950563504532,-44.96950563504532,11,4
2024-04-04 12:00:00,0.0,40.69642898783684,-40.69642898783684,12,4
2024-04-04 13:00:00,0.0,36.296504773161416,-36.296504773161416,13,4
2024-04-04 14:00:00,0.0,35.21598105739241,-35.21598105739241,14,4
2024-04-04 15:00:00,0.0,37.95502705222759,-37.95502705222759,15,4
2024-04-04 16:00:00,0.0,52.62226302055586,-52.62226302055586,16,4
2024-04-04 17:00:00,0.0,72.36655372411974,-72.36655372411974,17,4
2024-04-04 18:00:00,0.0,86.03978121915856,-86.03978121915856,18,4
2024-04-04 19:00:00,3.25,104.89178881444406,-101.64178881444406,19,4
2024-04-04 20:00:00,10.0,103.95971181735206,-93.95971181735206,20,4
2024-04-04 21:00:00,25.0,98.38119292533304,-73.38119292533304,21,4
2024-04-04 22:00:00,4.6,83.32285944189852,-78.72285944189852,22,4
2024-04-04 23:00:00,3.25,75.52624946060286,-72.27624946060286,23,4
2024-04-05 00:00:00,0.44,57.63336871022631,-57.19336871022631,0,4
2024-04-05 01:00:00,0.48,48.14257487423981,-47.662574874239816,1,4
2024-04-05 02:00:00,0.01,45.304837036608546,-45.29483703660855,2,4
2024-04-05 03:00:00,0.0,39.774746142329036,-39.774746142329036,3,4
2024-04-05 04:00:00,0.0,36.05759394487586,-36.05759394487586,4,4
2024-04-05 05:00:00,0.0,35.74221769019664,-35.74221769019664,5,4
2024-04-05 06:00:00,0.4,43.02968614977334,-42.62968614977334,6,4
2024-04-05 07:00:00,3.25,48.70393748829582,-45.45393748829582,7,4
2024-04-05 08:00:00,2.97,50.25579726522926,-47.28579726522926,8,4
2024-04-05 09:00:00,0.0,51.68928062981081,-51.68928062981081,9,4
2024-04-05 10:00:00,0.0,46.55280626290613,-46.55280626290613,10,4
2024-04-05 11:00:00,0.0,38.501941367338986,-38.501941367338986,11,4
2024-04-05 12:00:00,0.0,36.72048415306119,-36.72048415306119,12,4
2024-04-05 13:00:00,0.0,32.93685678642822,-32.93685678642822,13,4
2024-04-05 14:00:00,-0.01,32.99916649795483,-33.00916649795483,14,4
2024-04-05 15:00:00,-0.01,35.980999769580365,-35.99099976958036,15,4
2024-04-05 16:00:00,0.0,51.76350816263448,-51.76350816263448,16,4
2024-04-05 17:00:00,0.0,72.20522197869383,-72.20522197869383,17,4
2024-04-05 18:00:00,0.0,84.68094226979508,-84.68094226979508,18,4
2024-04-05 19:00:00,0.0,101.95222313532884,-101.95222313532884,19,4
2024-04-05 20:00:00,0.02,99.66503837841736,-99.64503837841737,20,4
2024-04-05 21:00:00,2.0,93.69161869256448,-91.69161869256448,21,4
2024-04-05 22:00:00,1.0,79.27744904977794,-78.27744904977794,22,4
2024-04-05 23:00:00,0.0,70.93929381620126,-70.93929381620126,23,4
2024-04-06 00:00:00,0.0,52.780190432520044,-52.780190432520044,0,4
2024-04-06 01:00:00,0.0,43.36208518415515,-43.36208518415515,1,4
2024-04-06 02:00:00,0.0,40.82090961158957,-40.82090961158957,2,4
2024-04-06 03:00:00,0.0,34.317621987087534,-34.317621987087534,3,4
2024-04-06 04:00:00,0.0,30.719331182725057,-30.719331182725057,4,4
2024-04-06 05:00:00,0.0,29.765306689236866,-29.765306689236866,5,4
2024-04-06 06:00:00,0.0,36.44033741383373,-36.44033741383373,6,4
2024-04-06 07:00:00,0.0,43.08754159593218,-43.08754159593218,7,4
2024-04-06 08:00:00,0.0,46.59763771265909,-46.59763771265909,8,4
2024-04-06 09:00:00,0.0,48.2658196845278,-48.2658196845278,9,4
2024-04-06 10:00:00,-0.01,45.4618522855979,-45.4718522855979,10,4
2024-04-06 11:00:00,-0.01,38.15245031454117,-38.16245031454117,11,4
2024-04-06 12:00:00,-0.01,37.22709127487366,-37.237091274873656,12,4
2024-04-06 13:00:00,-0.01,33.39915612956577,-33.409156129565766,13,4
2024-04-06 14:00:00,-0.01,33.72561672683304,-33.73561672683304,14,4
2024-04-06 15:00:00,-0.02,37.413967109541716,-37.43396710954172,15,4
2024-04-06 16:00:00,-0.01,52.122086945900605,-52.1320869459006,16,4
2024-04-06 17:00:00,-0.01,72.59262953335184,-72.60262953335184,17,4
2024-04-06 18:00:00,0.0,84.7365612990929,-84.7365612990929,18,4
2024-04-06 19:00:00,0.01,101.3630731865104,-101.3530731865104,19,4
2024-04-06 20:00:00,3.25,99.96029813786583,-96.71029813786583,20,4
2024-04-06 21:00:00,8.0,94.63790210364795,-86.63790210364795,21,4
2024-04-06 22:00:00,3.44,80.71058181876538,-77.27058181876538,22,4
2024-04-06 23:00:00,3.25,74.00773607375243,-70.75773607375243,23,4
2024-04-07 00:00:00,0.97,56.20838989277547,-55.23838989277547,0,4
2024-04-07 01:00:00,0.15,47.50247124026362,-47.35247124026362,1,4
2024-04-07 02:00:00,0.0,46.01447485924473,-46.01447485924473,2,4
2024-04-07 03:00:00,0.0,40.358313272757414,-40.358313272757414,3,4
2024-04-07 04:00:00,0.0,36.85867565704717,-36.85867565704717,4,4
2024-04-07 05:00:00,0.0,35.6417290730123,-35.6417290730123,5,4
2024-04-07 06:00:00,0.0,40.254932986789925,-40.254932986789925,6,4
2024-04-07 07:00:00,0.0,43.79226787914121,-43.79226787914121,7,4
2024-04-07 08:00:00,0.0,45.516013944278995,-45.516013944278995,8,4
2024-04-07 09:00:00,0.0,50.040742780012295,-50.040742780012295,9,4
2024-04-07 10:00:00,0.0,50.1640005806579,-50.1640005806579,10,4
2024-04-07 11:00:00,0.0,44.33725419352584,-44.33725419352584,11,4
2024-04-07 12:00:00,0.0,42.811645060474575,-42.811645060474575,12,4
2024-04-07 13:00:00,-0.01,37.28471498498982,-37.29471498498982,13,4
2024-04-07 14:00:00,-0.01,37.3625181398578,-37.372518139857796,14,4
2024-04-07 15:00:00,-0.01,39.97512852915753,-39.98512852915753,15,4
2024-04-07 16:00:00,-0.01,55.27201770075635,-55.28201770075635,16,4
2024-04-07 17:00:00,0.0,75.6989127698302,-75.6989127698302,17,4
2024-04-07 18:00:00,0.0,89.12026532580603,-89.12026532580603,18,4
2024-04-07 19:00:00,0.4,106.65499273292744,-106.25499273292743,19,4
2024-04-07 20:00:00,25.0,103.59287795252914,-78.59287795252914,20,4
2024-04-07 21:00:00,35.0,98.15067161650012,-63.15067161650012,21,4
2024-04-07 22:00:00,25.0,84.62794451807855,-59.62794451807855,22,4
2024-04-07 23:00:00,10.66,77.14827678505691,-66.48827678505691,23,4
2024-04-08 00:00:00,1.33,58.39579211651966,-57.06579211651966,0,4
2024-04-08 01:00:00,0.0,49.52009967647439,-49.52009967647439,1,4
2024-04-08 02:00:00,0.0,47.99726091651195,-47.99726091651195,2,4
2024-04-08 03:00:00,0.0,42.95284726544833,-42.95284726544833,3,4
2024-04-08 04:00:00,0.0,38.37793085823665,-38.37793085823665,4,4
2024-04-08 05:00:00,0.0,37.485807776670185,-37.485807776670185,5,4
2024-04-08 06:00:00,0.0,42.88084713648402,-42.88084713648402,6,4
2024-04-08 07:00:00,3.25,46.220311012216996,-42.970311012216996,7,4
2024-04-08 08:00:00,3.25,49.47635951112778,-46.22635951112778,8,4
2024-04-08 09:00:00,0.0,53.867188574844135,-53.867188574844135,9,4
2024-04-08 10:00:00,0.0,52.95610877019192,-52.95610877019192,10,4
2024-04-08 11:00:00,0.0,46.36328909216746,-46.36328909216746,11,4
2024-04-08 12:00:00,0.0,44.72082747882371,-44.72082747882371,12,4
2024-04-08 13:00:00,0.0,39.98546919241289,-39.98546919241289,13,4
2024-04-08 14:00:00,0.0,39.30105118571532,-39.30105118571532,14,4
2024-04-08 15:00:00,0.0,41.33035025535054,-41.33035025535054,15,4
2024-04-08 16:00:00,-0.01,56.64171312791342,-56.65171312791342,16,4
2024-04-08 17:00:00,0.0,76.72290131331522,-76.72290131331522,17,4
2024-04-08 18:00:00,0.0,88.85765176343551,-88.85765176343551,18,4
2024-04-08 19:00:00,0.0,107.8628142073631,-107.8628142073631,19,4
2024-04-08 20:00:00,0.44,105.19208741897637,-104.75208741897637,20,4
2024-04-08 21:00:00,3.25,99.43500782309928,-96.18500782309928,21,4
2024-04-08 22:00:00,1.0,85.2479386302602,-84.2479386302602,22,4
2024-04-08 23:00:00,0.0,76.82711768644742,-76.82711768644742,23,4
2024-04-09 00:00:00,0.0,59.40501698318678,-59.40501698318678,0,4
2024-04-09 01:00:00,0.0,49.80970960097392,-49.80970960097392,1,4
2024-04-09 02:00:00,0.0,47.68565148581905,-47.68565148581905,2,4
2024-04-09 03:00:00,0.0,42.26974897916489,-42.26974897916489,3,4
2024-04-09 04:00:00,0.0,37.748311568822885,-37.748311568822885,4,4
2024-04-09 05:00:00,0.0,36.854982240480524,-36.854982240480524,5,4
2024-04-09 06:00:00,0.0,44.47013130502228,-44.47013130502228,6,4
2024-04-09 07:00:00,0.0,50.06083066918279,-50.06083066918279,7,4
2024-04-09 08:00:00,0.0,52.198781362000545,-52.198781362000545,8,4
2024-04-09 09:00:00,0.0,52.38761626877522,-52.38761626877522,9,4
2024-04-09 10:00:00,0.0,48.508620761478255,-48.508620761478255,10,4
2024-04-09 11:00:00,-0.01,41.840479434574036,-41.850479434574034,11,4
2024-04-09 12:00:00,-0.02,40.34944248929281,-40.369442489292815,12,4
2024-04-09 13:00:00,-0.02,35.70170604335004,-35.721706043350046,13,4
2024-04-09 14:00:00,-0.02,36.67959807171002,-36.69959807171002,14,4
2024-04-09 15:00:00,-0.02,40.561000005250264,-40.58100000525027,15,4
2024-04-09 16:00:00,-0.02,56.347852180995346,-56.36785218099535,16,4
2024-04-09 17:00:00,-0.02,76.74509795578143,-76.76509795578143,17,4
2024-04-09 18:00:00,0.0,89.23922908226149,-89.23922908226149,18,4
2024-04-09 19:00:00,0.01,106.71973086528914,-106.70973086528913,19,4
2024-04-09 20:00:00,5.0,105.26936508250202,-100.26936508250202,20,4
2024-04-09 21:00:00,14.72,99.76223126961895,-85.04223126961895,21,4
2024-04-09 22:00:00,6.35,85.95750986066878,-79.60750986066878,22,4
2024-04-09 23:00:00,5.0,78.3490580164061,-73.3490580164061,23,4
2024-04-10 00:00:00,4.21,61.0208257346701,-56.8108257346701,0,4
2024-04-10 01:00:00,3.25,51.191086972198605,-47.941086972198605,1,4
2024-04-10 02:00:00,1.0,49.681947292463065,-48.681947292463065,2,4
2024-04-10 03:00:00,0.44,45.06520133913483,-44.62520133913483,3,4
2024-04-10 04:00:00,0.35,41.86002838882354,-41.510028388823535,4,4
2024-04-10 05:00:00,1.0,41.42785116659519,-40.42785116659519,5,4
2024-04-10 06:00:00,2.17,48.21823270218039,-46.048232702180385,6,4
2024-04-10 07:00:00,35.0,55.762062815144645,-20.762062815144645,7,4
2024-04-10 08:00:00,7.68,58.65739083708593,-50.97739083708593,8,4
2024-04-10 09:00:00,0.0,56.236735013345765,-56.236735013345765,9,4
2024-04-10 10:00:00,-0.01,51.99281905157619,-52.00281905157619,10,4
2024-04-10 11:00:00,-0.03,44.12041024015599,-44.15041024015599,11,4
2024-04-10 12:00:00,-0.03,42.40780365210105,-42.43780365210105,12,4
2024-04-10 13:00:00,-0.03,37.86525451475171,-37.89525451475171,13,4
2024-04-10 14:00:00,-0.05,37.912449316063714,-37.96244931606371,14,4
2024-04-10 15:00:00,-0.05,41.962304239615946,-42.01230423961594,15,4
2024-04-10 16:00:00,-0.05,58.42226359100073,-58.472263591000726,16,4
2024-04-10 17:00:00,-0.05,80.29312870521517,-80.34312870521516,17,4
2024-04-10 18:00:00,-0.01,93.25237080049368,-93.26237080049368,18,4
2024-04-10 19:00:00,0.0,111.01953717696756,-111.01953717696756,19,4
2024-04-10 20:00:00,6.0,112.41104885235666,-106.41104885235666,20,4
2024-04-10 21:00:00,34.45,107.08485723852414,-72.63485723852413,21,4
2024-04-10 22:00:00,5.0,92.95593161089471,-87.95593161089471,22,4
2024-04-10 23:00:00,3.25,85.82145941804646,-82.57145941804646,23,4
2024-04-11 00:00:00,3.25,68.52903224433607,-65.27903224433607,0,4
2024-04-11 01:00:00,1.0,59.56822885688047,-58.56822885688047,1,4
2024-04-11 02:00:00,0.04,58.030649514538084,-57.990649514538084,2,4
2024-04-11 03:00:00,0.0,53.25914539883229,-53.25914539883229,3,4
2024-04-11 04:00:00,0.0,49.03503200284621,-49.03503200284621,4,4
2024-04-11 05:00:00,1.47,48.837111413095954,-47.367111413095955,5,4
2024-04-11 06:00:00,3.6,55.1964744487903,-51.596474448790296,6,4
2024-04-11 07:00:00,22.42,61.10574395226644,-38.685743952266435,7,4
2024-04-11 08:00:00,17.04,62.31862482775739,-45.27862482775739,8,4
2024-04-11 09:00:00,0.01,59.581775277425265,-59.57177527742527,9,4
2024-04-11 10:00:00,0.0,54.285906668493055,-54.285906668493055,10,4
2024-04-11 11:00:00,-0.01,46.794935179662275,-46.80493517966227,11,4
2024-04-11 12:00:00,-0.01,44.13212506246816,-44.14212506246816,12,4
2024-04-11 13:00:00,-0.01,38.68977723673851,-38.699777236738505,13,4
2024-04-11 14:00:00,-0.02,39.17769936281434,-39.19769936281434,14,4
2024-04-11 15:00:00,-0.01,42.35462003989602,-42.36462003989602,15,4
2024-04-11 16:00:00,-0.01,59.064541788220424,-59.07454178822042,16,4
2024-04-11 17:00:00,-0.01,81.75459960304033,-81.76459960304034,17,4
2024-04-11 18:00:00,0.0,94.15618372787469,-94.15618372787469,18,4
2024-04-11 19:00:00,4.9,111.91430513295143,-107.01430513295142,19,4
2024-04-11 20:00:00,60.0,111.2594062981147,-51.2594062981147,20,4
2024-04-11 21:00:00,70.95,105.98483849782997,-35.034838497829966,21,4
2024-04-11 22:00:00,70.01,92.59571676296872,-22.585716762968715,22,4
2024-04-11 23:00:00,34.08,85.4242753428756,-51.344275342875605,23,4
2024-04-12 00:00:00,23.77,68.1819935793614,-44.41199357936141,0,4
2024-04-12 01:00:00,15.37,58.850157972430566,-43.48015797243057,1,4
2024-04-12 02:00:00,12.5,57.794157553209175,-45.294157553209175,2,4
2024-04-12 03:00:00,11.94,52.64547276035637,-40.70547276035637,3,4
2024-04-12 04:00:00,12.49,48.4374984760463,-35.9474984760463,4,4
2024-04-12 05:00:00,16.93,48.267579995009385,-31.337579995009385,5,4
2024-04-12 06:00:00,33.47,54.407286170501834,-20.937286170501835,6,4
2024-04-12 07:00:00,78.44,60.455648684714276,17.98435131528572,7,4
2024-04-12 08:00:00,74.04,62.421476254972674,11.618523745027332,8,4
2024-04-12 09:00:00,5.85,61.717473542047344,-55.86747354204734,9,4
2024-04-12 10:00:00,0.0,57.93805030030353,-57.93805030030353,10,4
2024-04-12 11:00:00,0.0,51.78961825270085,-51.78961825270085,11,4
2024-04-12 12:00:00,0.0,50.240903249930284,-50.240903249930284,12,4
2024-04-12 13:00:00,-0.06,45.94208315949032,-46.002083159490326,13,4
2024-04-12 14:00:00,-0.06,45.86121558610529,-45.92121558610529,14,4
2024-04-12 15:00:00,-0.1,49.103080117991055,-49.20308011799106,15,4
2024-04-12 16:00:00,-0.03,65.63594726534814,-65.66594726534814,16,4
2024-04-12 17:00:00,0.0,86.44515927163195,-86.44515927163195,17,4
2024-04-12 18:00:00,0.0,99.02083933676744,-99.02083933676744,18,4
2024-04-12 19:00:00,15.77,117.23778190924338,-101.46778190924339,19,4
2024-04-12 20:00:00,39.35,116.04818105015926,-76.69818105015926,20,4
2024-04-12 21:00:00,74.23,110.57957770804654,-36.34957770804654,21,4
2024-04-12 22:00:00,38.05,95.87737770068497,-57.82737770068498,22,4
2024-04-12 23:00:00,26.67,88.46734259014158,-61.79734259014158,23,4
2024-04-13 00:00:00,24.15,71.55986656413148,-47.409866564131484,0,4
2024-04-13 01:00:00,17.73,63.01853305411396,-45.288533054113955,1,4
2024-04-13 02:00:00,17.15,61.82160950328665,-44.67160950328665,2,4
2024-04-13 03:00:00,11.13,56.23715003681531,-45.107150036815305,3,4
2024-04-13 04:00:00,7.74,51.97562588439109,-44.23562588439109,4,4
2024-04-13 05:00:00,6.79,50.547763804304054,-43.757763804304055,5,4
2024-04-13 06:00:00,10.39,56.118268955066696,-45.728268955066696,6,4
2024-04-13 07:00:00,11.76,61.10578448690774,-49.34578448690774,7,4
2024-04-13 08:00:00,13.26,60.0918855375744,-46.8318855375744,8,4
2024-04-13 09:00:00,0.01,59.68167100331169,-59.671671003311694,9,4
2024-04-13 10:00:00,-0.02,55.77725942270064,-55.79725942270064,10,4
2024-04-13 11:00:00,-0.1,49.343999755279015,-49.443999755279016,11,4
2024-04-13 12:00:00,-0.1,48.06940910216855,-48.16940910216855,12,4
2024-04-13 13:00:00,-0.1,45.29569378182612,-45.39569378182612,13,4
2024-04-13 14:00:00,-0.2,45.634780368126314,-45.83478036812632,14,4
2024-04-13 15:00:00,-0.4,49.69690218850667,-50.09690218850667,15,4
2024-04-13 16:00:00,-0.4,64.27779788868384,-64.67779788868384,16,4
2024-04-13 17:00:00,-0.08,85.11134551301683,-85.19134551301683,17,4
2024-04-13 18:00:00,0.0,98.27363655545145,-98.27363655545145,18,4
2024-04-13 19:00:00,3.25,114.65746121739232,-111.40746121739232,19,4
2024-04-13 20:00:00,24.96,113.0513749381517,-88.09137493815169,20,4
2024-04-13 21:00:00,35.0,107.27140176596862,-72.27140176596862,21,4
2024-04-13 22:00:00,24.26,92.33393574653445,-68.07393574653445,22,4
2024-04-13 23:00:00,13.83,85.5052809868613,-71.6752809868613,23,4
2024-04-14 00:00:00,5.79,68.1563774372172,-62.3663774372172,0,4
2024-04-14 01:00:00,2.74,59.250070044749066,-56.510070044749064,1,4
2024-04-14 02:00:00,1.69,57.456158128524976,-55.76615812852498,2,4
2024-04-14 03:00:00,1.51,52.40330697953624,-50.89330697953624,3,4
2024-04-14 04:00:00,3.25,47.469067243636175,-44.219067243636175,4,4
2024-04-14 05:00:00,6.35,46.16160318943952,-39.811603189439516,5,4
2024-04-14 06:00:00,12.86,51.192249986131515,-38.332249986131515,6,4
2024-04-14 07:00:00,13.0,54.440651289262405,-41.440651289262405,7,4
2024-04-14 08:00:00,5.6,53.69050269712886,-48.09050269712886,8,4
2024-04-14 09:00:00,0.0,53.701052160301174,-53.701052160301174,9,4
2024-04-14 10:00:00,-0.53,53.52568077227869,-54.05568077227869,10,4
2024-04-14 11:00:00,-1.0,48.963858577411486,-49.963858577411486,11,4
2024-04-14 12:00:00,-1.0,47.48534578537675,-48.48534578537675,12,4
2024-04-14 13:00:00,-1.0,43.84192818727331,-44.84192818727331,13,4
2024-04-14 14:00:00,-1.0,44.118135503090116,-45.118135503090116,14,4
2024-04-14 15:00:00,-1.01,47.79397001188403,-48.803970011884026,15,4
2024-04-14 16:00:00,-1.01,63.75492924676092,-64.76492924676093,16,4
2024-04-14 17:00:00,-0.25,82.62569385432732,-82.87569385432732,17,4
2024-04-14 18:00:00,-0.02,94.6577436182015,-94.67774361820149,18,4
2024-04-14 19:00:00,2.5,112.6802039497241,-110.1802039497241,19,4
2024-04-14 20:00:00,18.41,110.41125074796076,-92.00125074796077,20,4
2024-04-14 21:00:00,30.77,104.83706794540126,-74.06706794540126,21,4
2024-04-14 22:00:00,19.72,90.49718205561288,-70.77718205561288,22,4
2024-04-14 23:00:00,17.0,83.57234863676263,-66.57234863676263,23,4
2024-04-15 00:00:00,7.3,67.00696011763114,-59.70696011763114,0,4
2024-04-15 01:00:00,3.25,57.60853578281262,-54.35853578281262,1,4
2024-04-15 02:00:00,1.77,55.171902932171804,-53.4019029321718,2,4
2024-04-15 03:00:00,0.44,49.48308586104571,-49.04308586104571,3,4
2024-04-15 04:00:00,0.03,45.62916428398864,-45.59916428398864,4,4
2024-04-15 05:00:00,0.07,44.585195145265345,-44.515195145265345,5,4
2024-04-15 06:00:00,1.0,49.19972026843533,-48.19972026843533,6,4
2024-04-15 07:00:00,10.75,52.0373901050923,-41.2873901050923,7,4
2024-04-15 08:00:00,18.7,50.149146190731585,-31.449146190731586,8,4
2024-04-15 09:00:00,1.5,50.69119742461271,-49.19119742461271,9,4
2024-04-15 10:00:00,0.0,51.26787692575175,-51.26787692575175,10,4
2024-04-15 11:00:00,0.0,46.28671207310714,-46.28671207310714,11,4
2024-04-15 12:00:00,-0.01,44.476589462638,-44.486589462638,12,4
2024-04-15 13:00:00,-0.04,40.83745667622111,-40.87745667622111,13,4
2024-04-15 14:00:00,-0.1,41.128286886764386,-41.22828688676439,14,4
2024-04-15 15:00:00,-0.32,45.34406440105562,-45.66406440105562,15,4
2024-04-15 16:00:00,-1.0,62.12339589131926,-63.12339589131926,16,4
2024-04-15 17:00:00,-0.09,83.1447836139588,-83.2347836139588,17,4
2024-04-15 18:00:00,0.0,96.23119142686056,-96.23119142686056,18,4
2024-04-15 19:00:00,0.44,113.07596789542868,-112.63596789542868,19,4
2024-04-15 20:00:00,10.0,111.94894748186607,-101.94894748186607,20,4
2024-04-15 21:00:00,19.72,106.36454007202781,-86.64454007202781,21,4
2024-04-15 22:00:00,6.0,92.02349947325285,-86.02349947325285,22,4
2024-04-15 23:00:00,4.2,84.18633874055053,-79.98633874055052,23,4
2024-04-16 00:00:00,0.44,66.55361816510555,-66.11361816510555,0,4
2024-04-16 01:00:00,0.0,56.83731817928992,-56.83731817928992,1,4
2024-04-16 02:00:00,0.0,54.18798483251334,-54.18798483251334,2,4
2024-04-16 03:00:00,0.0,48.54578538848807,-48.54578538848807,3,4
2024-04-16 04:00:00,0.0,44.41932430860686,-44.41932430860686,4,4
2024-04-16 05:00:00,0.0,43.846566340648906,-43.846566340648906,5,4
2024-04-16 06:00:00,0.08,51.3851804388446,-51.3051804388446,6,4
2024-04-16 07:00:00,6.0,58.75109943910127,-52.75109943910127,7,4
2024-04-16 08:00:00,4.47,59.98991624360542,-55.51991624360542,8,4
2024-04-16 09:00:00,0.0,61.19949952998246,-61.19949952998246,9,4
2024-04-16 10:00:00,-0.01,59.777705238878525,-59.78770523887852,10,4
2024-04-16 11:00:00,-0.01,54.06932525930603,-54.079325259306025,11,4
2024-04-16 12:00:00,-0.03,53.31760451932212,-53.34760451932212,12,4
2024-04-16 13:00:00,-0.1,50.27818128866761,-50.37818128866761,13,4
2024-04-16 14:00:00,-0.1,50.618931417797455,-50.71893141779746,14,4
2024-04-16 15:00:00,-0.1,54.47499425476849,-54.57499425476849,15,4
2024-04-16 16:00:00,-0.13,69.88351561220264,-70.01351561220264,16,4
2024-04-16 17:00:00,-0.1,89.38804843833896,-89.48804843833895,17,4
2024-04-16 18:00:00,-0.01,101.3696103053631,-101.3796103053631,18,4
2024-04-16 19:00:00,0.0,117.01342181643787,-117.01342181643787,19,4
2024-04-16 20:00:00,4.15,115.5462720559945,-111.3962720559945,20,4
2024-04-16 21:00:00,10.01,109.12459257783871,-99.1145925778387,21,4
2024-04-16 22:00:00,5.0,94.42748291330776,-89.42748291330776,22,4
2024-04-16 23:00:00,3.25,86.48700482424584,-83.23700482424584,23,4
2024-04-17 00:00:00,3.25,68.83404800107957,-65.58404800107957,0,4
2024-04-17 01:00:00,3.25,59.3451266716242,-56.0951266716242,1,4
2024-04-17 02:00:00,1.77,56.79618432491765,-55.026184324917644,2,4
2024-04-17 03:00:00,1.24,51.45223889029205,-50.21223889029205,3,4
2024-04-17 04:00:00,1.0,47.15404693284984,-46.15404693284984,4,4
2024-04-17 05:00:00,1.5,45.949613696142535,-44.449613696142535,5,4
2024-04-17 06:00:00,3.25,52.60281306176063,-49.35281306176063,6,4
2024-04-17 07:00:00,19.72,60.157169648065576,-40.43716964806558,7,4
2024-04-17 08:00:00,5.0,62.20227998476821,-57.20227998476821,8,4
2024-04-17 09:00:00,0.44,63.53538627186106,-63.09538627186106,9,4
2024-04-17 10:00:00,0.0,61.56896753101063,-61.56896753101063,10,4
2024-04-17 11:00:00,-0.01,54.70279587986391,-54.71279587986391,11,4
2024-04-17 12:00:00,-0.02,52.76610192368287,-52.78610192368287,12,4
2024-04-17 13:00:00,-0.03,48.58290726777858,-48.61290726777858,13,4
2024-04-17 14:00:00,-0.05,48.95892179993433,-49.00892179993433,14,4
2024-04-17 15:00:00,-0.05,52.678485596825226,-52.72848559682522,15,4
2024-04-17 16:00:00,-0.03,69.05888551889689,-69.08888551889689,16,4
2024-04-17 17:00:00,-0.01,90.86833978632512,-90.87833978632513,17,4
2024-04-17 18:00:00,0.0,102.35856340289962,-102.35856340289962,18,4
2024-04-17 19:00:00,0.44,118.0726477858114,-117.6326477858114,19,4
2024-04-17 20:00:00,6.0,116.76278928220353,-110.76278928220353,20,4
2024-04-17 21:00:00,22.34,110.45188549895909,-88.11188549895908,21,4
2024-04-17 22:00:00,6.0,95.50017873503191,-89.50017873503191,22,4
2024-04-17 23:00:00,3.25,86.54146791136861,-83.29146791136861,23,4
2024-04-18 00:00:00,3.25,69.19711609369654,-65.94711609369654,0,4
2024-04-18 01:00:00,2.9,58.93199129827036,-56.03199129827036,1,4
2024-04-18 02:00:00,2.2,56.79170348325164,-54.591703483251635,2,4
2024-04-18 03:00:00,2.0,51.310274803540494,-49.310274803540494,3,4
2024-04-18 04:00:00,1.77,46.280814854557036,-44.51081485455703,4,4
2024-04-18 05:00:00,2.0,45.18299177864611,-43.18299177864611,5,4
2024-04-18 06:00:00,3.25,51.707432626944296,-48.457432626944296,6,4
2024-04-18 07:00:00,21.03,58.3348414704285,-37.3048414704285,7,4
2024-04-18 08:00:00,6.0,58.44193862265621,-52.44193862265621,8,4
2024-04-18 09:00:00,1.77,58.40488235127543,-56.63488235127543,9,4
2024-04-18 10:00:00,0.0,56.04318578673741,-56.04318578673741,10,4
2024-04-18 11:00:00,0.0,49.24952961795731,-49.24952961795731,11,4
2024-04-18 12:00:00,0.0,46.70439681631933,-46.70439681631933,12,4
2024-04-18 13:00:00,0.0,41.66573187945994,-41.66573187945994,13,4
2024-04-18 14:00:00,0.0,42.029676905314886,-42.029676905314886,14,4
2024-04-18 15:00:00,-0.01,45.494018311198886,-45.504018311198884,15,4
2024-04-18 16:00:00,0.0,61.30245954083273,-61.30245954083273,16,4
2024-04-18 17:00:00,0.0,82.68211384672247,-82.68211384672247,17,4
2024-04-18 18:00:00,0.0,95.17153260463516,-95.17153260463516,18,4
2024-04-18 19:00:00,2.0,112.2833444193883,-110.2833444193883,19,4
2024-04-18 20:00:00,12.17,110.78645514553875,-98.61645514553875,20,4
2024-04-18 21:00:00,30.77,104.61041363711882,-73.84041363711883,21,4
2024-04-18 22:00:00,14.21,90.06997042474995,-75.85997042474995,22,4
2024-04-18 23:00:00,3.6,82.2232672919991,-78.6232672919991,23,4
2024-04-19 00:00:00,13.07,65.02620600096111,-51.95620600096111,0,4
2024-04-19 01:00:00,12.17,56.08569625950258,-43.91569625950258,1,4
2024-04-19 02:00:00,12.59,53.634395120806005,-41.044395120806,2,4
2024-04-19 03:00:00,13.75,48.43599555448799,-34.68599555448799,3,4
2024-04-19 04:00:00,9.02,44.18489278376825,-35.16489278376825,4,4
2024-04-19 05:00:00,17.59,43.67810191209986,-26.088101912099862,5,4
2024-04-19 06:00:00,25.73,49.714395264043276,-23.984395264043275,6,4
2024-04-19 07:00:00,35.0,56.33482756181331,-21.334827561813313,7,4
2024-04-19 08:00:00,35.0,56.77934554148203,-21.77934554148203,8,4
2024-04-19 09:00:00,8.6,56.37183304970529,-47.771833049705286,9,4
2024-04-19 10:00:00,3.35,52.856377575118586,-49.506377575118584,10,4
2024-04-19 11:00:00,3.25,45.179280955186925,-41.929280955186925,11,4
2024-04-19 12:00:00,0.6,43.27525126534971,-42.67525126534971,12,4
2024-04-19 13:00:00,0.04,38.89248856986666,-38.85248856986666,13,4
2024-04-19 14:00:00,0.02,38.92185376775336,-38.90185376775336,14,4
2024-04-19 15:00:00,0.0,42.5395015380393,-42.5395015380393,15,4
2024-04-19 16:00:00,0.0,58.871862601929024,-58.871862601929024,16,4
2024-04-19 17:00:00,2.5,80.40338388725894,-77.90338388725894,17,4
2024-04-19 18:00:00,7.62,93.2387186014588,-85.6187186014588,18,4
2024-04-19 19:00:00,21.96,110.59131159246016,-88.63131159246015,19,4
2024-04-19 20:00:00,34.96,109.85096072679261,-74.8909607267926,20,4
2024-04-19 21:00:00,37.52,103.21045754959522,-65.69045754959521,21,4
2024-04-19 22:00:00,35.0,88.52369567266453,-53.52369567266453,22,4
2024-04-19 23:00:00,35.0,81.35928906344645,-46.359289063446454,23,4
2024-04-20 00:00:00,24.69,65.01978533070803,-40.329785330708035,0,4
2024-04-20 01:00:00,10.0,56.229495050077446,-46.229495050077446,1,4
2024-04-20 02:00:00,11.39,54.47027295416132,-43.080272954161316,2,4
2024-04-20 03:00:00,10.0,49.2991414057214,-39.2991414057214,3,4
2024-04-20 04:00:00,9.57,45.89570014109421,-36.32570014109421,4,4
2024-04-20 05:00:00,7.0,44.496822716252154,-37.496822716252154,5,4
2024-04-20 06:00:00,7.54,50.89852952110192,-43.35852952110192,6,4
2024-04-20 07:00:00,8.43,54.8573414758236,-46.4273414758236,7,4
2024-04-20 08:00:00,7.42,53.74151609086408,-46.32151609086408,8,4
2024-04-20 09:00:00,2.1,53.731518624734065,-51.63151862473406,9,4
2024-04-20 10:00:00,0.44,50.33901308208851,-49.899013082088516,10,4
2024-04-20 11:00:00,0.05,41.513073395391245,-41.46307339539125,11,4
2024-04-20 12:00:00,0.0,38.071380290937554,-38.071380290937554,12,4
2024-04-20 13:00:00,0.0,32.9963201919669,-32.9963201919669,13,4
2024-04-20 14:00:00,0.0,32.78389007944838,-32.78389007944838,14,4
2024-04-20 15:00:00,-0.04,36.45215916593412,-36.49215916593412,15,4
2024-04-20 16:00:00,-0.07,52.635626239921805,-52.705626239921806,16,4
2024-04-20 17:00:00,-0.01,74.53227754744671,-74.54227754744672,17,4
2024-04-20 18:00:00,0.04,88.71465117815853,-88.67465117815853,18,4
2024-04-20 19:00:00,3.25,106.16810028494217,-102.91810028494217,19,4
2024-04-20 20:00:00,7.88,105.5568029668101,-97.6768029668101,20,4
2024-04-20 21:00:00,10.0,100.33970199833652,-90.33970199833652,21,4
2024-04-20 22:00:00,8.58,86.40173208711354,-77.82173208711355,22,4
2024-04-20 23:00:00,7.54,79.18919127878314,-71.64919127878314,23,4
2024-04-21 00:00:00,3.25,62.97352283284084,-59.72352283284084,0,4
2024-04-21 01:00:00,3.25,53.39951205022362,-50.14951205022362,1,4
2024-04-21 02:00:00,3.22,51.39645568798295,-48.17645568798295,2,4
2024-04-21 03:00:00,3.25,46.116326910298426,-42.866326910298426,3,4
2024-04-21 04:00:00,3.25,42.23272599600381,-38.98272599600381,4,4
2024-04-21 05:00:00,3.25,41.271989769697086,-38.021989769697086,5,4
2024-04-21 06:00:00,3.6,45.99062491509926,-42.39062491509926,6,4
2024-04-21 07:00:00,7.46,49.176611805343214,-41.71661180534321,7,4
2024-04-21 08:00:00,3.25,50.535041930033344,-47.285041930033344,8,4
2024-04-21 09:00:00,0.44,50.43074891974862,-49.990748919748626,9,4
2024-04-21 10:00:00,0.0,46.87560105050511,-46.87560105050511,10,4
2024-04-21 11:00:00,-0.01,39.14386830344995,-39.15386830344995,11,4
2024-04-21 12:00:00,-0.07,36.90229907279638,-36.97229907279638,12,4
2024-04-21 13:00:00,-1.21,33.04383483450738,-34.25383483450738,13,4
2024-04-21 14:00:00,-1.49,33.67972819963654,-35.169728199636545,14,4
2024-04-21 15:00:00,-1.5,35.33074599986827,-36.83074599986827,15,4
2024-04-21 16:00:00,-1.32,52.05308586963599,-53.37308586963599,16,4
2024-04-21 17:00:00,-0.25,73.15857724962831,-73.40857724962831,17,4
2024-04-21 18:00:00,-0.01,85.03849753177514,-85.04849753177514,18,4
2024-04-21 19:00:00,0.44,103.61737936094863,-103.17737936094863,19,4
2024-04-21 20:00:00,3.35,103.62554172647799,-100.275541726478,20,4
2024-04-21 21:00:00,8.93,98.58182516171524,-89.65182516171524,21,4
2024-04-21 22:00:00,7.46,85.49755268699096,-78.03755268699096,22,4
2024-04-21 23:00:00,3.6,78.75022016114718,-75.15022016114719,23,4
2024-04-22 00:00:00,3.0,61.27144067304857,-58.27144067304857,0,4
2024-04-22 01:00:00,2.0,52.36085789839865,-50.36085789839865,1,4
2024-04-22 02:00:00,1.1,50.77556245050732,-49.67556245050732,2,4
2024-04-22 03:00:00,1.01,46.32185113150331,-45.31185113150331,3,4
2024-04-22 04:00:00,0.49,42.31922777047015,-41.82922777047015,4,4
2024-04-22 05:00:00,1.0,41.156825523336124,-40.156825523336124,5,4
2024-04-22 06:00:00,1.1,46.74641966542464,-45.64641966542464,6,4
2024-04-22 07:00:00,3.25,51.022015788040676,-47.772015788040676,7,4
2024-04-22 08:00:00,1.1,49.770546883311454,-48.67054688331145,8,4
2024-04-22 09:00:00,0.0,48.23687912475242,-48.23687912475242,9,4
2024-04-22 10:00:00,0.0,45.47131635023089,-45.47131635023089,10,4
2024-04-22 11:00:00,-0.01,38.823934033001876,-38.833934033001874,11,4
2024-04-22 12:00:00,-0.03,36.82066607634931,-36.85066607634931,12,4
2024-04-22 13:00:00,-0.05,33.98371055504174,-34.033710555041736,13,4
2024-04-22 14:00:00,-0.1,34.7709466355127,-34.8709466355127,14,4
2024-04-22 15:00:00,-0.25,38.36069718437221,-38.61069718437221,15,4
2024-04-22 16:00:00,-0.3,54.23327916308904,-54.533279163089034,16,4
2024-04-22 17:00:00,-0.1,75.19819693906709,-75.29819693906708,17,4
2024-04-22 18:00:00,0.0,87.98589495479519,-87.98589495479519,18,4
2024-04-22 19:00:00,0.45,105.51250833165625,-105.06250833165625,19,4
2024-04-22 20:00:00,6.0,106.3043121713037,-100.3043121713037,20,4
2024-04-22 21:00:00,12.81,102.6212313408434,-89.81123134084339,21,4
2024-04-22 22:00:00,7.62,89.07308631739306,-81.45308631739306,22,4
2024-04-22 23:00:00,5.54,82.18725694741283,-76.64725694741283,23,4
2024-04-23 00:00:00,6.15,64.79080355959957,-58.64080355959957,0,4
2024-04-23 01:00:00,3.6,54.532030594551316,-50.932030594551314,1,4
2024-04-23 02:00:00,3.25,52.83276156391281,-49.58276156391281,2,4
2024-04-23 03:00:00,3.35,48.11858927857264,-44.76858927857264,3,4
2024-04-23 04:00:00,3.6,44.29535313448184,-40.69535313448184,4,4
2024-04-23 05:00:00,5.0,43.11560123384953,-38.11560123384953,5,4
2024-04-23 06:00:00,6.58,50.11371127561381,-43.53371127561381,6,4
2024-04-23 07:00:00,20.0,56.102609970869366,-36.102609970869366,7,4
2024-04-23 08:00:00,6.9,56.21587684496984,-49.31587684496984,8,4
2024-04-23 09:00:00,0.5,56.47533161753785,-55.97533161753785,9,4
2024-04-23 10:00:00,0.0,52.831902380690735,-52.831902380690735,10,4
2024-04-23 11:00:00,0.0,45.8356580194548,-45.8356580194548,11,4
2024-04-23 12:00:00,0.0,44.24437520065351,-44.24437520065351,12,4
2024-04-23 13:00:00,0.0,38.847729652051726,-38.847729652051726,13,4
2024-04-23 14:00:00,-0.01,38.327714159849336,-38.337714159849334,14,4
2024-04-23 15:00:00,-0.01,42.14635904515961,-42.15635904515961,15,4
2024-04-23 16:00:00,-0.01,57.52610220003538,-57.53610220003538,16,4
2024-04-23 17:00:00,0.0,79.0695035237988,-79.0695035237988,17,4
2024-04-23 18:00:00,0.0,92.01351113223922,-92.01351113223922,18,4
2024-04-23 19:00:00,1.0,108.99827873399948,-107.99827873399948,19,4
2024-04-23 20:00:00,12.17,108.7570075153211,-96.5870075153211,20,4
2024-04-23 21:00:00,35.0,103.10982904694771,-68.10982904694771,21,4
2024-04-23 22:00:00,24.89,88.70217741867827,-63.812177418678274,22,4
2024-04-23 23:00:00,8.21,80.94247887988536,-72.73247887988535,23,4
2024-04-24 00:00:00,23.21,62.942518049196735,-39.732518049196734,0,4
2024-04-24 01:00:00,16.05,53.31806557256294,-37.268065572562946,1,4
2024-04-24 02:00:00,12.08,50.550199644451766,-38.47019964445177,2,4
2024-04-24 03:00:00,11.28,45.59229338056434,-34.31229338056434,3,4
2024-04-24 04:00:00,10.7,41.05725601600682,-30.35725601600682,4,4
2024-04-24 05:00:00,11.93,39.85792982231089,-27.927929822310894,5,4
2024-04-24 06:00:00,17.33,46.78931702857102,-29.45931702857102,6,4
2024-04-24 07:00:00,33.69,52.97267279532372,-19.28267279532372,7,4
2024-04-24 08:00:00,24.89,52.37180055012686,-27.481800550126863,8,4
2024-04-24 09:00:00,5.0,50.00924465702758,-45.00924465702758,9,4
2024-04-24 10:00:00,1.0,46.590366663336965,-45.590366663336965,10,4
2024-04-24 11:00:00,0.04,39.41001777122034,-39.37001777122034,11,4
2024-04-24 12:00:00,0.0,37.05155430712358,-37.05155430712358,12,4
2024-04-24 13:00:00,0.0,32.41988785359655,-32.41988785359655,13,4
2024-04-24 14:00:00,0.0,32.84471979362888,-32.84471979362888,14,4
2024-04-24 15:00:00,0.0,37.31529480154887,-37.31529480154887,15,4
2024-04-24 16:00:00,0.0,53.61931405496949,-53.61931405496949,16,4
2024-04-24 17:00:00,0.04,74.54023248530387,-74.50023248530387,17,4
2024-04-24 18:00:00,3.25,89.06683650064406,-85.81683650064406,18,4
2024-04-24 19:00:00,24.89,106.16368880990899,-81.27368880990899,19,4
2024-04-24 20:00:00,35.02,105.7773336409362,-70.7573336409362,20,4
2024-04-24 21:00:00,101.48,100.41756263425731,1.0624373657426958,21,4
2024-04-24 22:00:00,78.85,85.88154115288347,-7.031541152883477,22,4
2024-04-24 23:00:00,35.01,78.18457746928624,-43.17457746928624,23,4
2024-04-25 00:00:00,38.07,60.692202653310574,-22.622202653310573,0,4
2024-04-25 01:00:00,35.02,52.292176974892584,-17.27217697489258,1,4
2024-04-25 02:00:00,35.01,50.866025816804154,-15.856025816804156,2,4
2024-04-25 03:00:00,35.01,46.09951904375259,-11.089519043752595,3,4
2024-04-25 04:00:00,35.01,42.38202175387278,-7.3720217538727795,4,4
2024-04-25 05:00:00,35.01,41.74958083327368,-6.739580833273685,5,4
2024-04-25 06:00:00,38.69,48.72848064689333,-10.038480646893333,6,4
2024-04-25 07:00:00,100.0,54.34943197842853,45.65056802157147,7,4
2024-04-25 08:00:00,66.85,52.14391621465256,14.706083785347431,8,4
2024-04-25 09:00:00,35.0,50.33085190823107,-15.330851908231068,9,4
2024-04-25 10:00:00,26.96,45.53726572021958,-18.57726572021958,10,4
2024-04-25 11:00:00,22.3,36.97952897661452,-14.679528976614517,11,4
2024-04-25 12:00:00,19.29,35.255178686659974,-15.965178686659975,12,4
2024-04-25 13:00:00,15.65,30.06354764064764,-14.413547640647641,13,4
2024-04-25 14:00:00,9.99,29.268731786565866,-19.278731786565864,14,4
2024-04-25 15:00:00,7.0,32.62548027139303,-25.62548027139303,15,4
2024-04-25 16:00:00,6.0,49.115669227452486,-43.115669227452486,16,4
2024-04-25 17:00:00,9.35,71.87147349057892,-62.52147349057892,17,4
2024-04-25 18:00:00,22.3,86.75120591707679,-64.45120591707679,18,4
2024-04-25 19:00:00,32.56,104.95345823607857,-72.39345823607857,19,4
2024-04-25 20:00:00,88.61,103.36964342997999,-14.759643429979988,20,4
2024-04-25 21:00:00,109.9,97.53794232234856,12.36205767765145,21,4
2024-04-25 22:00:00,91.35,82.64069289061706,8.709307109382934,22,4
2024-04-25 23:00:00,79.74,75.43496035828969,4.305039641710309,23,4
2024-04-26 00:00:00,79.87,58.015912742678836,21.85408725732117,0,4
2024-04-26 01:00:00,74.0,48.21184456900056,25.78815543099944,1,4
2024-04-26 02:00:00,65.15,46.01232826911274,19.137671730887263,2,4
2024-04-26 03:00:00,74.07,40.72446871760826,33.34553128239173,3,4
2024-04-26 04:00:00,77.1,36.326320242021666,40.77367975797833,4,4
2024-04-26 05:00:00,73.88,35.55537166775571,38.32462833224429,5,4
2024-04-26 06:00:00,91.82,42.37506940332128,49.44493059667872,6,4
2024-04-26 07:00:00,104.06,47.43213302985504,56.627866970144964,7,4
2024-04-26 08:00:00,96.06,48.025117294797155,48.03488270520285,8,4
2024-04-26 09:00:00,81.08,47.88327943509489,33.19672056490511,9,4
2024-04-26 10:00:00,35.33,45.372040647190374,-10.042040647190376,10,4
2024-04-26 11:00:00,35.0,38.18923030620965,-3.1892303062096516,11,4
2024-04-26 12:00:00,33.75,37.3643856903679,-3.6143856903678966,12,4
2024-04-26 13:00:00,31.2,32.43362937182019,-1.2336293718201894,13,4
2024-04-26 14:00:00,21.2,33.40805901726651,-12.20805901726651,14,4
2024-04-26 15:00:00,20.1,37.74720034630934,-17.64720034630934,15,4
2024-04-26 16:00:00,16.98,53.13265475021558,-36.152654750215575,16,4
2024-04-26 17:00:00,20.2,74.84131174872903,-54.641311748729024,17,4
2024-04-26 18:00:00,24.89,87.41835071909907,-62.528350719099066,18,4
2024-04-26 19:00:00,35.0,102.54275439705248,-67.54275439705248,19,4
2024-04-26 20:00:00,58.53,101.24087126264021,-42.71087126264021,20,4
2024-04-26 21:00:00,96.06,95.41017035748894,0.6498296425110652,21,4
2024-04-26 22:00:00,81.49,79.47525853846611,2.0147414615338874,22,4
2024-04-26 23:00:00,52.97,71.62122338115319,-18.651223381153187,23,4
2024-04-27 00:00:00,47.88,53.86145398386196,-5.981453983861961,0,4
2024-04-27 01:00:00,40.0,44.571574069808094,-4.5715740698080936,1,4
2024-04-27 02:00:00,35.0,42.47385223284272,-7.473852232842717,2,4
2024-04-27 03:00:00,35.0,37.143312696000805,-2.1433126960008053,3,4
2024-04-27 04:00:00,35.0,32.84182263173534,2.15817736826466,4,4
2024-04-27 05:00:00,35.0,31.55906439081349,3.4409356091865106,5,4
2024-04-27 06:00:00,35.0,37.81347752659099,-2.8134775265909866,6,4
2024-04-27 07:00:00,34.21,43.05772484138657,-8.847724841386572,7,4
2024-04-27 08:00:00,30.0,43.953904235564494,-13.953904235564494,8,4
2024-04-27 09:00:00,15.4,43.66711584952901,-28.267115849529013,9,4
2024-04-27 10:00:00,7.3,39.132350891022156,-31.832350891022156,10,4
2024-04-27 11:00:00,3.25,32.38104963625938,-29.131049636259377,11,4
2024-04-27 12:00:00,0.03,31.735908293829766,-31.705908293829765,12,4
2024-04-27 13:00:00,0.0,27.256106750410822,-27.256106750410822,13,4
2024-04-27 14:00:00,0.0,26.572025875056227,-26.572025875056227,14,4
2024-04-27 15:00:00,0.0,30.77256112200007,-30.77256112200007,15,4
2024-04-27 16:00:00,0.0,46.505206342371764,-46.505206342371764,16,4
2024-04-27 17:00:00,0.0,69.01260580225829,-69.01260580225829,17,4
2024-04-27 18:00:00,0.44,83.44725174970625,-83.00725174970626,18,4
2024-04-27 19:00:00,14.98,101.9225051090425,-86.9425051090425,19,4
2024-04-27 20:00:00,45.51,99.73647344092274,-54.22647344092274,20,4
2024-04-27 21:00:00,65.27,93.65642253740407,-28.386422537404073,21,4
2024-04-27 22:00:00,62.78,77.37927933473424,-14.599279334734234,22,4
2024-04-27 23:00:00,58.52,70.43401985850363,-11.914019858503629,23,4
2024-04-28 00:00:00,56.39,53.80565123832753,2.584348761672473,0,4
2024-04-28 01:00:00,38.96,44.951669428183095,-5.991669428183094,1,4
2024-04-28 02:00:00,39.6,42.47539171360842,-2.8753917136084155,2,4
2024-04-28 03:00:00,35.01,36.54552101428436,-1.5355210142843632,3,4
2024-04-28 04:00:00,35.01,32.5166527726667,2.4933472273332953,4,4
2024-04-28 05:00:00,35.5,31.16791003560752,4.33208996439248,5,4
2024-04-28 06:00:00,35.76,37.27290121261734,-1.5129012126173436,6,4
2024-04-28 07:00:00,36.73,40.9679416053811,-4.237941605381103,7,4
2024-04-28 08:00:00,35.0,42.33918983699101,-7.339189836991011,8,4
2024-04-28 09:00:00,14.98,44.51391385558372,-29.533913855583723,9,4
2024-04-28 10:00:00,0.44,43.31208248749107,-42.87208248749107,10,4
2024-04-28 11:00:00,0.0,35.838147698581,-35.838147698581,11,4
2024-04-28 12:00:00,0.0,32.38885826890555,-32.38885826890555,12,4
2024-04-28 13:00:00,0.0,28.936295717419114,-28.936295717419114,13,4
2024-04-28 14:00:00,0.0,28.742324399059896,-28.742324399059896,14,4
2024-04-28 15:00:00,0.0,31.042149877508336,-31.042149877508336,15,4
2024-04-28 16:00:00,-0.01,46.375429649369266,-46.385429649369264,16,4
2024-04-28 17:00:00,0.0,67.96615771379436,-67.96615771379436,17,4
2024-04-28 18:00:00,20.66,81.12341696508133,-60.463416965081336,18,4
2024-04-28 19:00:00,35.01,97.16013987510979,-62.150139875109794,19,4
2024-04-28 20:00:00,58.88,96.37701266414177,-37.49701266414177,20,4
2024-04-28 21:00:00,78.56,91.49385673248781,-12.933856732487811,21,4
2024-04-28 22:00:00,72.21,77.76114935116414,-5.551149351164142,22,4
2024-04-28 23:00:00,60.65,71.64144140075325,-10.991441400753253,23,4
2024-04-29 00:00:00,63.15,55.64752921861742,7.502470781382577,0,4
2024-04-29 01:00:00,60.05,46.439486256232385,13.610513743767612,1,4
2024-04-29 02:00:00,58.93,44.934977333781035,13.995022666218965,2,4
2024-04-29 03:00:00,58.87,39.424886918268726,19.44511308173127,3,4
2024-04-29 04:00:00,56.0,35.93291449625309,20.06708550374691,4,4
2024-04-29 05:00:00,58.52,35.49940683368959,23.020593166310412,5,4
2024-04-29 06:00:00,52.25,41.60148252502023,10.64851747497977,6,4
2024-04-29 07:00:00,102.26,45.901180798479345,56.35881920152066,7,4
2024-04-29 08:00:00,96.24,45.164284456529856,51.07571554347014,8,4
2024-04-29 09:00:00,59.79,44.308021375236876,15.481978624763123,9,4
2024-04-29 10:00:00,45.5,40.78996483380348,4.710035166196519,10,4
2024-04-29 11:00:00,36.73,35.32031993989682,1.4096800601031774,11,4
2024-04-29 12:00:00,35.1,33.01387230457442,2.0861276954255814,12,4
2024-04-29 13:00:00,35.01,29.599592837202636,5.4104071627973624,13,4
2024-04-29 14:00:00,35.01,29.67595655098995,5.334043449010046,14,4
2024-04-29 15:00:00,35.01,33.64307573066486,1.3669242693351364,15,4
2024-04-29 16:00:00,35.0,50.307574790841784,-15.307574790841784,16,4
2024-04-29 17:00:00,35.2,71.2302004660607,-36.03020046606069,17,4
2024-04-29 18:00:00,40.74,85.1773177880126,-44.4373177880126,18,4
2024-04-29 19:00:00,60.53,102.91860310955389,-42.388603109553884,19,4
2024-04-29 20:00:00,87.21,101.12046921682384,-13.910469216823842,20,4
2024-04-29 21:00:00,97.92,96.90477984631286,1.0152201536871388,21,4
2024-04-29 22:00:00,83.75,85.3950844625013,-1.645084462501302,22,4
2024-04-29 23:00:00,69.77,78.00805307096977,-8.23805307096977,23,4
2024-04-30 00:00:00,73.73,60.133142594031256,13.596857405968748,0,4
2024-04-30 01:00:00,57.83,51.37951768413217,6.450482315867831,1,4
2024-04-30 02:00:00,58.99,49.340784626885295,9.649215373114707,2,4
2024-04-30 03:00:00,68.81,44.43947281483736,24.370527185162643,3,4
2024-04-30 04:00:00,64.77,40.8109773944816,23.9590226055184,4,4
2024-04-30 05:00:00,77.13,39.91668073176669,37.213319268233306,5,4
2024-04-30 06:00:00,85.36,47.03055345171896,38.32944654828104,6,4
2024-04-30 07:00:00,99.32,52.3204882715396,46.99951172846039,7,4
2024-04-30 08:00:00,84.41,53.306684591057945,31.103315408942052,8,4
2024-04-30 09:00:00,58.0,53.84803535693118,4.151964643068823,9,4
2024-04-30 10:00:00,41.0,49.956221709863485,-8.956221709863485,10,4
2024-04-30 11:00:00,35.01,44.07814828854714,-9.068148288547142,11,4
2024-04-30 12:00:00,28.26,42.33837892735062,-14.078378927350617,12,4
2024-04-30 13:00:00,15.1,36.72862837429034,-21.628628374290336,13,4
2024-04-30 14:00:00,17.5,36.946210706974625,-19.446210706974625,14,4
2024-04-30 15:00:00,19.14,39.84136894996482,-20.701368949964817,15,4
2024-04-30 16:00:00,17.5,54.3781352378989,-36.8781352378989,16,4
2024-04-30 17:00:00,20.4,75.15623653098481,-54.756236530984815,17,4
2024-04-30 18:00:00,31.96,88.79496592761461,-56.83496592761461,18,4
2024-04-30 19:00:00,48.25,106.30339089941577,-58.053390899415774,19,4
2024-04-30 20:00:00,60.1,104.83572383548562,-44.73572383548562,20,4
2024-04-30 21:00:00,83.91,100.98995858391345,-17.079958583913452,21,4
2024-04-30 22:00:00,70.98,85.08696280957952,-14.106962809579514,22,4
2024-04-30 23:00:00,65.0,77.4659945775042,-12.465994577504205,23,4
2024-05-01 00:00:00,35.01,60.93215587075531,-25.92215587075531,0,5
2024-05-01 01:00:00,34.99,51.97775200123829,-16.987752001238285,1,5
2024-05-01 02:00:00,21.07,49.409282576550424,-28.339282576550424,2,5
2024-05-01 03:00:00,19.77,44.11132927656041,-24.341329276560412,3,5
2024-05-01 04:00:00,17.83,39.10409382306159,-21.27409382306159,4,5
2024-05-01 05:00:00,17.83,37.79486869986158,-19.964868699861583,5,5
2024-05-01 06:00:00,18.97,44.48387731965596,-25.51387731965596,6,5
2024-05-01 07:00:00,17.83,49.30571734329152,-31.47571734329152,7,5
2024-05-01 08:00:00,8.0,49.491840986626926,-41.491840986626926,8,5
2024-05-01 09:00:00,3.0,50.11316845211047,-47.11316845211047,9,5
2024-05-01 10:00:00,-0.01,44.408984856014456,-44.418984856014454,10,5
2024-05-01 11:00:00,-0.07,38.15407152734275,-38.22407152734275,11,5
2024-05-01 12:00:00,-0.06,37.495625717679275,-37.55562571767928,12,5
2024-05-01 13:00:00,-1.0,33.356051308755866,-34.356051308755866,13,5
2024-05-01 14:00:00,-1.26,32.24811491982513,-33.508114919825125,14,5
2024-05-01 15:00:00,-1.29,36.03273490252917,-37.32273490252917,15,5
2024-05-01 16:00:00,-1.29,52.158689245621645,-53.448689245621644,16,5
2024-05-01 17:00:00,-0.13,73.18074851185321,-73.3107485118532,17,5
2024-05-01 18:00:00,0.0,86.96396948118064,-86.96396948118064,18,5
2024-05-01 19:00:00,0.44,104.99630971828401,-104.55630971828401,19,5
2024-05-01 20:00:00,19.0,102.3045171148915,-83.3045171148915,20,5
2024-05-01 21:00:00,35.0,96.03272119678252,-61.03272119678252,21,5
2024-05-01 22:00:00,33.4,81.9397001085631,-48.5397001085631,22,5
2024-05-01 23:00:00,23.71,75.09588824482694,-51.38588824482694,23,5
2024-05-02 00:00:00,14.56,58.05492153618587,-43.49492153618587,0,5
2024-05-02 01:00:00,10.94,49.233325261083905,-38.29332526108391,1,5
2024-05-02 02:00:00,10.0,47.336108229296144,-37.336108229296144,2,5
2024-05-02 03:00:00,7.8,42.36658651370294,-34.566586513702944,3,5
2024-05-02 04:00:00,8.0,38.24882014630742,-30.248820146307423,4,5
2024-05-02 05:00:00,10.94,37.09810000534543,-26.158100005345432,5,5
2024-05-02 06:00:00,22.9,41.6054390130401,-18.7054390130401,6,5
2024-05-02 07:00:00,35.01,44.601544148998755,-9.591544148998757,7,5
2024-05-02 08:00:00,35.0,44.588099551445566,-9.588099551445566,8,5
2024-05-02 09:00:00,10.94,44.39904624046426,-33.45904624046426,9,5
2024-05-02 10:00:00,3.25,43.16185613033957,-39.91185613033957,10,5
2024-05-02 11:00:00,2.49,34.39505777172997,-31.905057771729965,11,5
2024-05-02 12:00:00,1.79,31.775701061732207,-29.985701061732208,12,5
2024-05-02 13:00:00,1.83,27.964400589285958,-26.13440058928596,13,5
2024-05-02 14:00:00,0.0,27.697118074663763,-27.697118074663763,14,5
2024-05-02 15:00:00,0.44,29.526968579348534,-29.086968579348532,15,5
2024-05-02 16:00:00,1.06,44.41589617182086,-43.35589617182086,16,5
2024-05-02 17:00:00,0.44,65.67276671691104,-65.23276671691104,17,5
2024-05-02 18:00:00,5.39,79.54260338695997,-74.15260338695997,18,5
2024-05-02 19:00:00,17.6,96.89728398677323,-79.29728398677324,19,5
2024-05-02 20:00:00,35.4,97.03023170741773,-61.63023170741773,20,5
2024-05-02 21:00:00,59.14,92.58274445409774,-33.442744454097735,21,5
2024-05-02 22:00:00,43.9,78.89995994483371,-34.99995994483371,22,5
2024-05-02 23:00:00,35.64,72.80860295147966,-37.168602951479656,23,5
2024-05-03 00:00:00,35.01,56.330344087556796,-21.320344087556798,0,5
2024-05-03 01:00:00,35.01,47.18497416416341,-12.174974164163409,1,5
2024-05-03 02:00:00,35.0,45.179843428292145,-10.179843428292145,2,5
2024-05-03 03:00:00,35.0,40.66851151140759,-5.668511511407587,3,5
2024-05-03 04:00:00,35.0,36.04490197949269,-1.0449019794926926,4,5
2024-05-03 05:00:00,34.43,35.30656096713852,-0.8765609671385235,5,5
2024-05-03 06:00:00,35.0,43.54034015900913,-8.540340159009133,6,5
2024-05-03 07:00:00,41.0,49.573466010443724,-8.573466010443724,7,5
2024-05-03 08:00:00,35.0,47.574745512398636,-12.574745512398636,8,5
2024-05-03 09:00:00,28.9,46.02251128515354,-17.122511285153543,9,5
2024-05-03 10:00:00,16.2,41.60960622773058,-25.40960622773058,10,5
2024-05-03 11:00:00,4.99,33.504976356500606,-28.514976356500604,11,5
2024-05-03 12:00:00,6.1,32.02652407591188,-25.92652407591188,12,5
2024-05-03 13:00:00,5.0,28.37902804700019,-23.37902804700019,13,5
2024-05-03 14:00:00,3.25,29.468941550266265,-26.218941550266265,14,5
2024-05-03 15:00:00,2.51,33.31307349767263,-30.803073497672635,15,5
2024-05-03 16:00:00,0.44,50.00805263506214,-49.568052635062145,16,5
2024-05-03 17:00:00,3.25,71.28692761643413,-68.03692761643413,17,5
2024-05-03 18:00:00,9.08,84.6415891732741,-75.5615891732741,18,5
2024-05-03 19:00:00,27.94,103.00142494270449,-75.06142494270449,19,5
2024-05-03 20:00:00,40.0,101.99706209802389,-61.99706209802389,20,5
2024-05-03 21:00:00,66.52,98.20449912111292,-31.68449912111292,21,5
2024-05-03 22:00:00,50.02,83.14958631144845,-33.12958631144844,22,5
2024-05-03 23:00:00,42.0,77.06237011860321,-35.06237011860321,23,5
2024-05-04 00:00:00,35.0,59.81182118125821,-24.81182118125821,0,5
2024-05-04 01:00:00,33.11,50.82595524226724,-17.715955242267242,1,5
2024-05-04 02:00:00,27.94,49.15098966614926,-21.210989666149256,2,5
2024-05-04 03:00:00,18.9,44.54756344160717,-25.64756344160717,3,5
2024-05-04 04:00:00,16.2,40.476479716969095,-24.276479716969096,4,5
2024-05-04 05:00:00,18.9,40.503437194667754,-21.603437194667755,5,5
2024-05-04 06:00:00,22.23,46.72127611196345,-24.491276111963447,6,5
2024-05-04 07:00:00,26.22,51.59904948931211,-25.37904948931211,7,5
2024-05-04 08:00:00,16.2,49.92720286908599,-33.727202869085986,8,5
2024-05-04 09:00:00,2.1,46.3630429440243,-44.2630429440243,9,5
2024-05-04 10:00:00,0.01,43.22588490806686,-43.21588490806686,10,5
2024-05-04 11:00:00,0.0,35.704765957517,-35.704765957517,11,5
2024-05-04 12:00:00,0.0,33.97581254143978,-33.97581254143978,12,5
2024-05-04 13:00:00,0.0,29.993057432186674,-29.993057432186674,13,5
2024-05-04 14:00:00,0.0,30.46432960233369,-30.46432960233369,14,5
2024-05-04 15:00:00,0.0,35.169144929628374,-35.169144929628374,15,5
2024-05-04 16:00:00,0.0,51.4524552192766,-51.4524552192766,16,5
2024-05-04 17:00:00,0.0,72.78532892679942,-72.78532892679942,17,5
2024-05-04 18:00:00,0.0,86.02114344630229,-86.02114344630229,18,5
2024-05-04 19:00:00,3.25,104.2560646125118,-101.0060646125118,19,5
2024-05-04 20:00:00,30.0,102.47991243277943,-72.47991243277943,20,5
2024-05-04 21:00:00,35.01,96.99441731695549,-61.98441731695549,21,5
2024-05-04 22:00:00,35.02,81.33156143935571,-46.31156143935571,22,5
2024-05-04 23:00:00,35.01,74.63776230108505,-39.62776230108505,23,5
2024-05-05 00:00:00,30.0,56.12571871231853,-26.12571871231853,0,5
2024-05-05 01:00:00,26.87,46.18570026697131,-19.31570026697131,1,5
2024-05-05 02:00:00,24.13,44.01530596041431,-19.88530596041431,2,5
2024-05-05 03:00:00,22.62,38.93081182803542,-16.310811828035416,3,5
2024-05-05 04:00:00,22.86,34.722787643728566,-11.862787643728566,4,5
2024-05-05 05:00:00,24.81,33.33213567837163,-8.52213567837163,5,5
2024-05-05 06:00:00,26.87,39.03398883911672,-12.163988839116715,6,5
2024-05-05 07:00:00,25.63,44.562875144084614,-18.932875144084615,7,5
2024-05-05 08:00:00,16.72,47.37096445755071,-30.650964457550714,8,5
2024-05-05 09:00:00,3.25,48.63103318900079,-45.38103318900079,9,5
2024-05-05 10:00:00,1.88,46.52815896729459,-44.648158967294584,10,5
2024-05-05 11:00:00,0.44,40.22667759221707,-39.786677592217075,11,5
2024-05-05 12:00:00,0.0,39.14417836908609,-39.14417836908609,12,5
2024-05-05 13:00:00,-0.04,35.86864426398034,-35.90864426398034,13,5
2024-05-05 14:00:00,-0.58,35.98444304293787,-36.56444304293787,14,5
2024-05-05 15:00:00,-0.1,40.39678355088631,-40.49678355088631,15,5
2024-05-05 16:00:00,0.0,56.597268773204746,-56.597268773204746,16,5
2024-05-05 17:00:00,0.0,78.36355601570432,-78.36355601570432,17,5
2024-05-05 18:00:00,3.25,91.05935412009183,-87.80935412009183,18,5
2024-05-05 19:00:00,6.1,107.22539956451476,-101.12539956451477,19,5
2024-05-05 20:00:00,29.9,105.14335916984692,-75.24335916984691,20,5
2024-05-05 21:00:00,54.33,100.34596737048571,-46.01596737048571,21,5
2024-05-05 22:00:00,51.61,86.88225242915195,-35.27225242915195,22,5
2024-05-05 23:00:00,50.15,79.96561811384396,-29.81561811384396,23,5
2024-05-06 00:00:00,63.58,62.017244406816076,1.5627555931839225,0,5
2024-05-06 01:00:00,55.99,52.596033683065286,3.3939663169347156,1,5
2024-05-06 02:00:00,51.91,49.896215746916596,2.0137842530834007,2,5
2024-05-06 03:00:00,53.96,44.45160486223705,9.508395137762953,3,5
2024-05-06 04:00:00,51.08,39.23397721661729,11.846022783382708,4,5
2024-05-06 05:00:00,53.96,37.9976227352235,15.9623772647765,5,5
2024-05-06 06:00:00,57.1,43.68990768587315,13.41009231412685,6,5
2024-05-06 07:00:00,84.03,46.326447162528495,37.703552837471506,7,5
2024-05-06 08:00:00,86.89,47.55980586193266,39.33019413806734,8,5
2024-05-06 09:00:00,61.54,50.12501999734485,11.414980002655149,9,5
2024-05-06 10:00:00,45.13,48.71923334681435,-3.5892333468143462,10,5
2024-05-06 11:00:00,35.0,41.69049269855037,-6.690492698550372,11,5
2024-05-06 12:00:00,18.9,40.64591546423782,-21.745915464237818,12,5
2024-05-06 13:00:00,10.0,37.132587091582536,-27.132587091582536,13,5
2024-05-06 14:00:00,6.1,38.02163590483332,-31.921635904833316,14,5
2024-05-06 15:00:00,4.99,40.47426442158729,-35.48426442158729,15,5
2024-05-06 16:00:00,4.23,55.741852975572044,-51.51185297557204,16,5
2024-05-06 17:00:00,5.0,77.24325641738335,-72.24325641738335,17,5
2024-05-06 18:00:00,9.9,90.39992659867664,-80.49992659867664,18,5
2024-05-06 19:00:00,37.62,106.41619782986095,-68.79619782986094,19,5
2024-05-06 20:00:00,75.1,103.25252840071425,-28.15252840071426,20,5
2024-05-06 21:00:00,97.69,98.12293506996662,-0.4329350699666179,21,5
2024-05-06 22:00:00,93.2,84.6617907420349,8.538209257965107,22,5
2024-05-06 23:00:00,84.42,77.86387131872056,6.556128681279446,23,5
2024-05-07 00:00:00,81.73,60.58095899142887,21.149041008571132,0,5
2024-05-07 01:00:00,77.64,51.87075509472953,25.76924490527047,1,5
2024-05-07 02:00:00,74.77,50.54975217598286,24.220247824017136,2,5
2024-05-07 03:00:00,68.24,46.3324623935153,21.907537606484695,3,5
2024-05-07 04:00:00,66.82,42.566137628844444,24.25386237115555,4,5
2024-05-07 05:00:00,69.09,42.689610014662264,26.40038998533774,5,5
2024-05-07 06:00:00,75.98,49.704835087513004,26.275164912487,6,5
2024-05-07 07:00:00,99.87,54.37649273008384,45.493507269916165,7,5
2024-05-07 08:00:00,75.62,55.48111137805495,20.138888621945057,8,5
2024-05-07 09:00:00,35.0,57.47099469838514,-22.47099469838514,9,5
2024-05-07 10:00:00,10.0,54.89694742260468,-44.89694742260468,10,5
2024-05-07 11:00:00,3.6,47.10002876516455,-43.50002876516455,11,5
2024-05-07 12:00:00,0.0,43.956371275352865,-43.956371275352865,12,5
2024-05-07 13:00:00,0.0,38.957100603472895,-38.957100603472895,13,5
2024-05-07 14:00:00,0.0,39.11406368244593,-39.11406368244593,14,5
2024-05-07 15:00:00,0.0,42.265471462388916,-42.265471462388916,15,5
2024-05-07 16:00:00,0.0,58.02907572934157,-58.02907572934157,16,5
2024-05-07 17:00:00,0.0,79.91727352991416,-79.91727352991416,17,5
2024-05-07 18:00:00,0.0,93.34360511113681,-93.34360511113681,18,5
2024-05-07 19:00:00,35.0,110.22495896640874,-75.22495896640874,19,5
2024-05-07 20:00:00,56.18,107.88349002101705,-51.70349002101705,20,5
2024-05-07 21:00:00,67.44,102.52574995234221,-35.08574995234221,21,5
2024-05-07 22:00:00,62.0,88.58225411772645,-26.58225411772645,22,5
2024-05-07 23:00:00,50.01,82.29306133344869,-32.28306133344869,23,5
2024-05-08 00:00:00,30.0,64.76740978337949,-34.76740978337949,0,5
2024-05-08 01:00:00,20.18,55.14756991513997,-34.96756991513997,1,5
2024-05-08 02:00:00,19.47,52.914086686959934,-33.444086686959935,2,5
2024-05-08 03:00:00,17.27,47.91427770500917,-30.64427770500917,3,5
2024-05-08 04:00:00,19.47,44.32575038278759,-24.85575038278759,4,5
2024-05-08 05:00:00,18.67,43.386126918549564,-24.716126918549563,5,5
2024-05-08 06:00:00,21.07,50.46267816882897,-29.392678168828972,6,5
2024-05-08 07:00:00,35.01,56.40791360665452,-21.39791360665452,7,5
2024-05-08 08:00:00,30.0,55.117854745732814,-25.117854745732814,8,5
2024-05-08 09:00:00,18.67,53.93001970198941,-35.26001970198941,9,5
2024-05-08 10:00:00,10.0,52.54277888107214,-42.54277888107214,10,5
2024-05-08 11:00:00,6.55,45.968531472276766,-39.41853147227677,11,5
2024-05-08 12:00:00,3.25,44.94681839329104,-41.69681839329104,12,5
2024-05-08 13:00:00,3.25,40.15408819280992,-36.90408819280992,13,5
2024-05-08 14:00:00,3.25,40.56261321325752,-37.31261321325752,14,5
2024-05-08 15:00:00,3.25,45.4761578030965,-42.2261578030965,15,5
2024-05-08 16:00:00,3.25,61.4140081241635,-58.1640081241635,16,5
2024-05-08 17:00:00,3.6,83.98179036974864,-80.38179036974864,17,5
2024-05-08 18:00:00,10.0,97.79932826075935,-87.79932826075935,18,5
2024-05-08 19:00:00,24.5,112.87446169236586,-88.37446169236586,19,5
2024-05-08 20:00:00,39.52,111.44991014522077,-71.92991014522076,20,5
2024-05-08 21:00:00,63.38,106.03384016225192,-42.65384016225192,21,5
2024-05-08 22:00:00,54.36,91.3274771552762,-36.9674771552762,22,5
2024-05-08 23:00:00,51.91,83.56518476572546,-31.655184765725465,23,5
2024-05-09 00:00:00,35.01,65.81934412904877,-30.809344129048775,0,5
2024-05-09 01:00:00,35.01,56.442514416150686,-21.43251441615069,1,5
2024-05-09 02:00:00,35.0,54.43964773184592,-19.439647731845923,2,5
2024-05-09 03:00:00,35.0,49.752427847835975,-14.752427847835975,3,5
2024-05-09 04:00:00,35.01,45.45926811510441,-10.44926811510441,4,5
2024-05-09 05:00:00,35.01,44.74288217153202,-9.732882171532019,5,5
2024-05-09 06:00:00,47.33,52.02463023131634,-4.694630231316339,6,5
2024-05-09 07:00:00,68.78,56.88199884127141,11.89800115872859,7,5
2024-05-09 08:00:00,40.15,55.945508783943296,-15.795508783943298,8,5
2024-05-09 09:00:00,29.9,55.867409090984665,-25.967409090984667,9,5
2024-05-09 10:00:00,10.99,53.01554572994536,-42.02554572994536,10,5
2024-05-09 11:00:00,3.25,45.3379773623397,-42.0879773623397,11,5
2024-05-09 12:00:00,0.44,43.3470488557017,-42.9070488557017,12,5
2024-05-09 13:00:00,0.44,39.845465039076885,-39.40546503907689,13,5
2024-05-09 14:00:00,0.44,40.13650648142527,-39.696506481425274,14,5
2024-05-09 15:00:00,0.44,44.767475637050836,-44.32747563705084,15,5
2024-05-09 16:00:00,1.74,61.062111310005434,-59.32211131000543,16,5
2024-05-09 17:00:00,5.89,82.85745620598317,-76.96745620598317,17,5
2024-05-09 18:00:00,14.99,95.91409958102645,-80.92409958102645,18,5
2024-05-09 19:00:00,35.0,112.80124187068344,-77.80124187068344,19,5
2024-05-09 20:00:00,72.94,111.58650687752908,-38.64650687752908,20,5
2024-05-09 21:00:00,104.62,105.08856836985024,-0.46856836985023165,21,5
2024-05-09 22:00:00,91.83,88.94604421437458,2.8839557856254174,22,5
2024-05-09 23:00:00,65.72,80.63826437607793,-14.918264376077929,23,5
2024-05-10 00:00:00,45.0,64.05184502755418,-19.05184502755418,0,5
2024-05-10 01:00:00,40.74,54.77215650519207,-14.03215650519207,1,5
2024-05-10 02:00:00,39.95,52.46697669304086,-12.51697669304086,2,5
2024-05-10 03:00:00,38.0,48.245544182539504,-10.245544182539504,3,5
2024-05-10 04:00:00,38.55,44.36963121970456,-5.819631219704561,4,5
2024-05-10 05:00:00,40.86,43.01324676024865,-2.153246760248649,5,5
2024-05-10 06:00:00,57.0,48.07447084019685,8.925529159803148,6,5
2024-05-10 07:00:00,75.72,51.91970658314739,23.80029341685261,7,5
2024-05-10 08:00:00,40.89,51.83126417023584,-10.94126417023584,8,5
2024-05-10 09:00:00,22.98,51.80435503510995,-28.82435503510995,9,5
2024-05-10 10:00:00,12.1,51.60378782144812,-39.50378782144812,10,5
2024-05-10 11:00:00,3.25,45.397889232573164,-42.147889232573164,11,5
2024-05-10 12:00:00,0.98,43.991206600711735,-43.01120660071174,12,5
2024-05-10 13:00:00,0.44,40.76008782808174,-40.32008782808174,13,5
2024-05-10 14:00:00,0.44,40.79610209129282,-40.356102091292826,14,5
2024-05-10 15:00:00,0.88,44.786113710880784,-43.90611371088078,15,5
2024-05-10 16:00:00,3.25,60.997266377973176,-57.747266377973176,16,5
2024-05-10 17:00:00,6.31,81.40987701343329,-75.09987701343329,17,5
2024-05-10 18:00:00,9.76,94.61808308043396,-84.85808308043396,18,5
2024-05-10 19:00:00,14.99,111.70668537473699,-96.716685374737,19,5
2024-05-10 20:00:00,39.52,110.03220044684576,-70.51220044684575,20,5
2024-05-10 21:00:00,75.72,104.01442035350237,-28.294420353502375,21,5
2024-05-10 22:00:00,47.25,89.28900387829316,-42.03900387829316,22,5
2024-05-10 23:00:00,40.17,80.96538383903737,-40.79538383903737,23,5
2024-05-11 00:00:00,38.86,62.825244148124284,-23.965244148124285,0,5
2024-05-11 01:00:00,35.01,53.799364830825425,-18.789364830825427,1,5
2024-05-11 02:00:00,35.0,51.32569847224812,-16.32569847224812,2,5
2024-05-11 03:00:00,35.01,46.110689246866855,-11.100689246866857,3,5
2024-05-11 04:00:00,35.01,42.262219232511654,-7.252219232511656,4,5
2024-05-11 05:00:00,35.01,40.79828560860568,-5.788285608605683,5,5
2024-05-11 06:00:00,35.01,46.97132797858711,-11.961327978587114,6,5
2024-05-11 07:00:00,35.01,51.622655565896366,-16.612655565896368,7,5
2024-05-11 08:00:00,28.07,50.847320451296866,-22.777320451296866,8,5
2024-05-11 09:00:00,6.4,51.63543186086116,-45.23543186086116,9,5
2024-05-11 10:00:00,0.0,51.32482504546101,-51.32482504546101,10,5
2024-05-11 11:00:00,0.0,46.129712014041445,-46.129712014041445,11,5
2024-05-11 12:00:00,0.0,46.117526278181,-46.117526278181,12,5
2024-05-11 13:00:00,0.0,43.3662293643759,-43.3662293643759,13,5
2024-05-11 14:00:00,-0.01,43.136464598838586,-43.146464598838584,14,5
2024-05-11 15:00:00,-0.25,46.9088441524288,-47.1588441524288,15,5
2024-05-11 16:00:00,-0.41,62.086010507506955,-62.49601050750695,16,5
2024-05-11 17:00:00,0.0,82.8827038578114,-82.8827038578114,17,5
2024-05-11 18:00:00,3.25,96.7320613937843,-93.4820613937843,18,5
2024-05-11 19:00:00,11.1,114.45623983292506,-103.35623983292507,19,5
2024-05-11 20:00:00,35.0,111.29247581417235,-76.29247581417235,20,5
2024-05-11 21:00:00,44.0,103.65774070232453,-59.65774070232453,21,5
2024-05-11 22:00:00,41.63,89.5624753618365,-47.9324753618365,22,5
2024-05-11 23:00:00,41.46,80.85535535496507,-39.39535535496507,23,5
2024-05-12 00:00:00,35.01,64.49412767982443,-29.484127679824432,0,5
2024-05-12 01:00:00,35.0,55.71720392560951,-20.71720392560951,1,5
2024-05-12 02:00:00,35.0,54.391183198033275,-19.391183198033275,2,5
2024-05-12 03:00:00,35.0,49.572608090476194,-14.572608090476194,3,5
2024-05-12 04:00:00,35.0,45.53866937442791,-10.538669374427911,4,5
2024-05-12 05:00:00,35.0,44.07504013632877,-9.075040136328766,5,5
2024-05-12 06:00:00,35.0,49.4197371549634,-14.4197371549634,6,5
2024-05-12 07:00:00,34.07,52.42169023183129,-18.35169023183129,7,5
2024-05-12 08:00:00,2.35,51.840458368374016,-49.490458368374014,8,5
2024-05-12 09:00:00,0.0,54.12234878942979,-54.12234878942979,9,5
2024-05-12 10:00:00,0.0,54.09952337695728,-54.09952337695728,10,5
2024-05-12 11:00:00,-0.75,48.88698595938524,-49.63698595938524,11,5
2024-05-12 12:00:00,-0.62,48.72358016995031,-49.34358016995031,12,5
2024-05-12 13:00:00,-0.66,46.87670474567784,-47.53670474567784,13,5
2024-05-12 14:00:00,-0.66,47.313805922757524,-47.97380592275752,14,5
2024-05-12 15:00:00,-1.0,50.779965806571454,-51.779965806571454,15,5
2024-05-12 16:00:00,-1.0,67.06477666458863,-68.06477666458863,16,5
2024-05-12 17:00:00,0.0,85.88585160130191,-85.88585160130191,17,5
2024-05-12 18:00:00,14.3,99.39975528964578,-85.09975528964578,18,5
2024-05-12 19:00:00,35.0,116.88761236514028,-81.88761236514028,19,5
2024-05-12 20:00:00,39.53,114.08428885100318,-74.55428885100318,20,5
2024-05-12 21:00:00,61.5,108.66310987055977,-47.163109870559765,21,5
2024-05-12 22:00:00,49.98,95.76283468116844,-45.782834681168445,22,5
2024-05-12 23:00:00,39.68,88.70881026978623,-49.02881026978623,23,5
2024-05-13 00:00:00,35.0,71.08299113723956,-36.08299113723956,0,5
2024-05-13 01:00:00,35.0,61.068311620827046,-26.068311620827046,1,5
2024-05-13 02:00:00,35.0,58.548599562102936,-23.548599562102936,2,5
2024-05-13 03:00:00,34.04,53.06395957911354,-19.023959579113544,3,5
2024-05-13 04:00:00,34.03,48.064517671994565,-14.034517671994564,4,5
2024-05-13 05:00:00,34.0,46.14428253652886,-12.144282536528863,5,5
2024-05-13 06:00:00,35.0,50.859164993851834,-15.859164993851834,6,5
2024-05-13 07:00:00,49.35,52.72688990323587,-3.3768899032358703,7,5
2024-05-13 08:00:00,50.0,51.29175160613124,-1.2917516061312426,8,5
2024-05-13 09:00:00,38.03,55.22891544337699,-17.19891544337699,9,5
2024-05-13 10:00:00,11.7,54.59855567919374,-42.898555679193734,10,5
2024-05-13 11:00:00,1.52,50.2348394017892,-48.7148394017892,11,5
2024-05-13 12:00:00,0.0,49.94469760803213,-49.94469760803213,12,5
2024-05-13 13:00:00,0.0,46.784209796991945,-46.784209796991945,13,5
2024-05-13 14:00:00,0.0,46.52392417537891,-46.52392417537891,14,5
2024-05-13 15:00:00,0.0,50.28170336712844,-50.28170336712844,15,5
2024-05-13 16:00:00,0.44,65.6048256868915,-65.1648256868915,16,5
2024-05-13 17:00:00,1.7,86.41300250109748,-84.71300250109748,17,5
2024-05-13 18:00:00,3.25,98.27356206943529,-95.02356206943529,18,5
2024-05-13 19:00:00,14.3,114.23432667864301,-99.93432667864302,19,5
2024-05-13 20:00:00,35.0,110.63298642213158,-75.63298642213158,20,5
2024-05-13 21:00:00,38.03,105.50071049389817,-67.47071049389817,21,5
2024-05-13 22:00:00,39.68,92.11272129129611,-52.43272129129611,22,5
2024-05-13 23:00:00,35.01,84.90075499502984,-49.890754995029845,23,5
2024-05-14 00:00:00,11.1,67.3197223518356,-56.21972235183559,0,5
2024-05-14 01:00:00,5.0,57.35639086561838,-52.35639086561838,1,5
2024-05-14 02:00:00,4.16,54.506459588183134,-50.34645958818314,2,5
2024-05-14 03:00:00,2.0,48.68976205885309,-46.68976205885309,3,5
2024-05-14 04:00:00,0.01,43.4621789097701,-43.452178909770105,4,5
2024-05-14 05:00:00,0.49,41.51184093055798,-41.02184093055798,5,5
2024-05-14 06:00:00,3.25,47.732975167906375,-44.482975167906375,6,5
2024-05-14 07:00:00,22.0,51.73003964749756,-29.730039647497563,7,5
2024-05-14 08:00:00,16.5,51.52788499687108,-35.02788499687108,8,5
2024-05-14 09:00:00,7.67,52.52342400060422,-44.85342400060422,9,5
2024-05-14 10:00:00,0.0,52.21876034302295,-52.21876034302295,10,5
2024-05-14 11:00:00,0.0,46.99349626440471,-46.99349626440471,11,5
2024-05-14 12:00:00,0.0,47.03256814298038,-47.03256814298038,12,5
2024-05-14 13:00:00,0.0,43.63955024840652,-43.63955024840652,13,5
2024-05-14 14:00:00,-0.01,44.29461292327477,-44.30461292327477,14,5
2024-05-14 15:00:00,-0.06,48.8359480498803,-48.8959480498803,15,5
2024-05-14 16:00:00,-0.01,63.69604729222374,-63.70604729222374,16,5
2024-05-14 17:00:00,0.0,84.73832227554806,-84.73832227554806,17,5
2024-05-14 18:00:00,0.0,97.63793042286318,-97.63793042286318,18,5
2024-05-14 19:00:00,3.25,113.29979424427563,-110.04979424427563,19,5
2024-05-14 20:00:00,21.96,110.43485224572782,-88.47485224572782,20,5
2024-05-14 21:00:00,35.0,104.33117169987133,-69.33117169987133,21,5
2024-05-14 22:00:00,35.0,89.03303485661598,-54.033034856615984,22,5
2024-05-14 23:00:00,28.07,81.35915462229485,-53.28915462229485,23,5
2024-05-15 00:00:00,17.84,64.07294362589005,-46.232943625890044,0,5
2024-05-15 01:00:00,14.99,55.073086915914985,-40.08308691591498,1,5
2024-05-15 02:00:00,12.03,53.469716903638584,-41.43971690363858,2,5
2024-05-15 03:00:00,10.96,48.33225177101684,-37.37225177101684,3,5
2024-05-15 04:00:00,11.0,43.08099826367726,-32.08099826367726,4,5
2024-05-15 05:00:00,16.55,41.57661531644072,-25.026615316440722,5,5
2024-05-15 06:00:00,30.64,48.170912528235704,-17.530912528235703,6,5
2024-05-15 07:00:00,35.01,51.993636267548936,-16.98363626754894,7,5
2024-05-15 08:00:00,30.0,51.545716545727146,-21.545716545727146,8,5
2024-05-15 09:00:00,3.25,52.24723174431642,-48.99723174431642,9,5
2024-05-15 10:00:00,3.21,49.91820523619481,-46.70820523619481,10,5
2024-05-15 11:00:00,0.15,43.074018585199894,-42.924018585199896,11,5
2024-05-15 12:00:00,0.0,41.39913193732457,-41.39913193732457,12,5
2024-05-15 13:00:00,0.0,36.81429544779894,-36.81429544779894,13,5
2024-05-15 14:00:00,0.0,35.61415139732719,-35.61415139732719,14,5
2024-05-15 15:00:00,0.0,39.06787897464318,-39.06787897464318,15,5
2024-05-15 16:00:00,0.0,54.21424067229282,-54.21424067229282,16,5
2024-05-15 17:00:00,0.0,75.5447822382115,-75.5447822382115,17,5
2024-05-15 18:00:00,0.01,89.9256222316559,-89.91562223165589,18,5
2024-05-15 19:00:00,3.25,106.27806287617392,-103.02806287617392,19,5
2024-05-15 20:00:00,22.78,104.89853565018421,-82.11853565018421,20,5
2024-05-15 21:00:00,43.12,99.07107814280846,-55.95107814280846,21,5
2024-05-15 22:00:00,51.29,83.8715226034272,-32.581522603427196,22,5
2024-05-15 23:00:00,35.01,76.12634749069724,-41.116347490697244,23,5
2024-05-16 00:00:00,53.52,59.09407309822194,-5.5740730982219375,0,5
2024-05-16 01:00:00,39.52,49.60609347633704,-10.086093476337034,1,5
2024-05-16 02:00:00,35.5,47.57223280675703,-12.072232806757029,2,5
2024-05-16 03:00:00,35.01,42.4403231472366,-7.430323147236599,3,5
2024-05-16 04:00:00,35.0,38.76936578323284,-3.7693657832328427,4,5
2024-05-16 05:00:00,34.47,37.21926102696261,-2.749261026962614,5,5
2024-05-16 06:00:00,35.0,44.456082231032724,-9.456082231032724,6,5
2024-05-16 07:00:00,35.01,49.46946537269935,-14.459465372699349,7,5
2024-05-16 08:00:00,35.01,47.72326327224556,-12.713263272245563,8,5
2024-05-16 09:00:00,30.0,46.44654871032867,-16.44654871032867,9,5
2024-05-16 10:00:00,12.0,44.004997823334065,-32.004997823334065,10,5
2024-05-16 11:00:00,3.25,37.66029054908569,-34.41029054908569,11,5
2024-05-16 12:00:00,3.25,37.22899040770841,-33.97899040770841,12,5
2024-05-16 13:00:00,2.95,32.809270610844806,-29.859270610844806,13,5
2024-05-16 14:00:00,2.15,32.74875712498397,-30.59875712498397,14,5
2024-05-16 15:00:00,0.49,35.60962351447233,-35.11962351447233,15,5
2024-05-16 16:00:00,0.57,51.93769797882487,-51.36769797882487,16,5
2024-05-16 17:00:00,2.6,73.90665603421712,-71.30665603421713,17,5
2024-05-16 18:00:00,3.25,88.34318245700564,-85.09318245700564,18,5
2024-05-16 19:00:00,30.0,105.70984389217676,-75.70984389217676,19,5
2024-05-16 20:00:00,39.52,103.92882423814831,-64.4088242381483,20,5
2024-05-16 21:00:00,120.0,97.83649224301968,22.163507756980323,21,5
2024-05-16 22:00:00,106.39,82.74781534687219,23.642184653127813,22,5
2024-05-16 23:00:00,81.94,75.56393949082127,6.376060509178728,23,5
2024-05-17 00:00:00,90.34,58.83604923484876,31.503950765151245,0,5
2024-05-17 01:00:00,80.32,49.809782588460905,30.510217411539088,1,5
2024-05-17 02:00:00,67.51,47.49556751375138,20.014432486248623,2,5
2024-05-17 03:00:00,60.0,42.10093593749531,17.899064062504692,3,5
2024-05-17 04:00:00,50.6,38.14338646494804,12.456613535051964,4,5
2024-05-17 05:00:00,59.5,37.19858475038393,22.30141524961607,5,5
2024-05-17 06:00:00,67.78,44.87074210802075,22.90925789197925,6,5
2024-05-17 07:00:00,102.66,49.73467948320621,52.92532051679379,7,5
2024-05-17 08:00:00,89.46,47.66969553179433,41.79030446820566,8,5
2024-05-17 09:00:00,49.84,47.32722755421315,2.512772445786851,9,5
2024-05-17 10:00:00,35.01,45.345730752406666,-10.335730752406668,10,5
2024-05-17 11:00:00,33.49,39.972494628841616,-6.482494628841614,11,5
2024-05-17 12:00:00,35.01,40.09858907450615,-5.088589074506153,12,5
2024-05-17 13:00:00,20.39,35.46914713654439,-15.079147136544393,13,5
2024-05-17 14:00:00,16.84,36.63991989153351,-19.79991989153351,14,5
2024-05-17 15:00:00,11.9,38.96514028327624,-27.065140283276243,15,5
2024-05-17 16:00:00,10.61,54.472198101569745,-43.862198101569746,16,5
2024-05-17 17:00:00,17.74,75.30178905419365,-57.56178905419365,17,5
2024-05-17 18:00:00,29.57,89.41224154240223,-59.84224154240223,18,5
2024-05-17 19:00:00,37.93,106.53443353756876,-68.60443353756875,19,5
2024-05-17 20:00:00,64.8,105.76268893100382,-40.962688931003825,20,5
2024-05-17 21:00:00,84.24,100.3049762406954,-16.0649762406954,21,5
2024-05-17 22:00:00,89.4,86.44520353100569,2.954796468994317,22,5
2024-05-17 23:00:00,77.18,78.66978738236583,-1.4897873823658188,23,5
2024-05-18 00:00:00,71.37,61.33442595945775,10.035574040542258,0,5
2024-05-18 01:00:00,63.23,52.40462520851571,10.825374791484286,1,5
2024-05-18 02:00:00,45.13,50.69074767214579,-5.560747672145787,2,5
2024-05-18 03:00:00,44.98,46.02282869457525,-1.042828694575256,3,5
2024-05-18 04:00:00,47.78,42.163159317148086,5.616840682851915,4,5
2024-05-18 05:00:00,48.16,41.264899205444806,6.895100794555191,5,5
2024-05-18 06:00:00,50.85,46.80092935493235,4.049070645067651,6,5
2024-05-18 07:00:00,43.48,51.41787329708245,-7.937873297082454,7,5
2024-05-18 08:00:00,31.96,52.32166665448568,-20.36166665448568,8,5
2024-05-18 09:00:00,20.6,52.52400150439365,-31.92400150439365,9,5
2024-05-18 10:00:00,9.43,50.294532172708784,-40.864532172708785,10,5
2024-05-18 11:00:00,0.71,43.757094470768095,-43.047094470768094,11,5
2024-05-18 12:00:00,0.0,41.50482584389283,-41.50482584389283,12,5
2024-05-18 13:00:00,0.0,37.55711325429252,-37.55711325429252,13,5
2024-05-18 14:00:00,0.0,36.42777558927423,-36.42777558927423,14,5
2024-05-18 15:00:00,0.0,39.50652185821514,-39.50652185821514,15,5
2024-05-18 16:00:00,0.0,55.970825431240996,-55.970825431240996,16,5
2024-05-18 17:00:00,4.9,76.93242676847484,-72.03242676847483,17,5
2024-05-18 18:00:00,15.25,90.76496755933323,-75.51496755933323,18,5
2024-05-18 19:00:00,35.0,106.98173517216543,-71.98173517216543,19,5
2024-05-18 20:00:00,45.42,105.67189325859488,-60.251893258594876,20,5
2024-05-18 21:00:00,72.87,100.3054299577363,-27.43542995773629,21,5
2024-05-18 22:00:00,74.46,86.90604160470775,-12.446041604707759,22,5
2024-05-18 23:00:00,66.17,80.09094849842688,-13.920948498426881,23,5
2024-05-19 00:00:00,58.15,62.84316201930159,-4.693162019301589,0,5
2024-05-19 01:00:00,53.85,53.60889724458252,0.2411027554174794,1,5
2024-05-19 02:00:00,50.91,52.46673465408168,-1.55673465408168,2,5
2024-05-19 03:00:00,49.98,47.10157374417611,2.8784262558238893,3,5
2024-05-19 04:00:00,48.47,42.59703099939759,5.87296900060241,4,5
2024-05-19 05:00:00,39.9,40.591923141879704,-0.6919231418797054,5,5
2024-05-19 06:00:00,41.2,46.72330121123224,-5.523301211232237,6,5
2024-05-19 07:00:00,49.19,50.61348630690213,-1.4234863069021344,7,5
2024-05-19 08:00:00,35.0,49.062757397653684,-14.062757397653684,8,5
2024-05-19 09:00:00,6.69,48.74971348529954,-42.05971348529954,9,5
2024-05-19 10:00:00,0.0,46.46591338975594,-46.46591338975594,10,5
2024-05-19 11:00:00,0.0,39.37599268903915,-39.37599268903915,11,5
2024-05-19 12:00:00,0.0,38.33639243561004,-38.33639243561004,12,5
2024-05-19 13:00:00,0.0,35.33880957925112,-35.33880957925112,13,5
2024-05-19 14:00:00,0.0,35.750078813372,-35.750078813372,14,5
2024-05-19 15:00:00,-0.62,39.994185245579956,-40.614185245579954,15,5
2024-05-19 16:00:00,-0.62,55.97995734430623,-56.599957344306226,16,5
2024-05-19 17:00:00,0.0,76.98365836193562,-76.98365836193562,17,5
2024-05-19 18:00:00,5.0,89.93426140692151,-84.93426140692151,18,5
2024-05-19 19:00:00,20.8,106.89798813002409,-86.09798813002409,19,5
2024-05-19 20:00:00,35.0,107.40770531611702,-72.40770531611702,20,5
2024-05-19 21:00:00,51.86,102.33442760511718,-50.474427605117185,21,5
2024-05-19 22:00:00,45.54,89.19526945198379,-43.65526945198379,22,5
2024-05-19 23:00:00,48.15,80.9880625615857,-32.83806256158571,23,5
2024-05-20 00:00:00,49.12,63.857643411976085,-14.737643411976087,0,5
2024-05-20 01:00:00,44.0,53.6681790332384,-9.668179033238403,1,5
2024-05-20 02:00:00,46.62,51.32851544409357,-4.708515444093571,2,5
2024-05-20 03:00:00,48.16,45.78373222037362,2.3762677796263745,3,5
2024-05-20 04:00:00,48.4,41.491277935524806,6.908722064475192,4,5
2024-05-20 05:00:00,50.5,40.84524774188685,9.654752258113149,5,5
2024-05-20 06:00:00,55.99,46.188336395104784,9.801663604895218,6,5
2024-05-20 07:00:00,58.82,48.12854401920032,10.691455980799681,7,5
2024-05-20 08:00:00,49.98,46.97587773329582,3.0041222667041794,8,5
2024-05-20 09:00:00,33.8,46.986097365014075,-13.186097365014078,9,5
2024-05-20 10:00:00,13.5,44.813329187183626,-31.313329187183626,10,5
2024-05-20 11:00:00,8.33,38.86515156885656,-30.535151568856563,11,5
2024-05-20 12:00:00,3.26,36.7845798420708,-33.5245798420708,12,5
2024-05-20 13:00:00,1.09,33.3589288560824,-32.2689288560824,13,5
2024-05-20 14:00:00,0.78,33.81553161276156,-33.03553161276156,14,5
2024-05-20 15:00:00,0.54,38.526972574978345,-37.986972574978346,15,5
2024-05-20 16:00:00,3.25,53.746613045015806,-50.496613045015806,16,5
2024-05-20 17:00:00,5.0,75.83045329934589,-70.83045329934589,17,5
2024-05-20 18:00:00,15.17,89.67697757214927,-74.50697757214927,18,5
2024-05-20 19:00:00,33.8,107.33954835416341,-73.53954835416341,19,5
2024-05-20 20:00:00,49.12,105.7320697168758,-56.6120697168758,20,5
2024-05-20 21:00:00,59.31,100.38061927954044,-41.07061927954044,21,5
2024-05-20 22:00:00,57.63,86.10024532867914,-28.470245328679134,22,5
2024-05-20 23:00:00,49.0,79.57566978465786,-30.575669784657862,23,5
2024-05-21 00:00:00,72.43,63.49953449031983,8.930465509680175,0,5
2024-05-21 01:00:00,70.5,54.33397640347084,16.166023596529158,1,5
2024-05-21 02:00:00,69.13,52.004355343982695,17.1256446560173,2,5
2024-05-21 03:00:00,69.0,46.923795902996744,22.076204097003256,3,5
2024-05-21 04:00:00,68.01,42.82335188704474,25.186648112955268,4,5
2024-05-21 05:00:00,68.84,42.52530720609519,26.31469279390481,5,5
2024-05-21 06:00:00,67.0,49.47266475660689,17.52733524339311,6,5
2024-05-21 07:00:00,67.92,53.591987959938194,14.328012040061807,7,5
2024-05-21 08:00:00,72.87,51.93089534099761,20.939104659002396,8,5
2024-05-21 09:00:00,41.7,51.64812815203504,-9.94812815203504,9,5
2024-05-21 10:00:00,30.0,47.72180445645927,-17.721804456459267,10,5
2024-05-21 11:00:00,18.82,40.58421255569925,-21.764212555699253,11,5
2024-05-21 12:00:00,20.43,40.11843498920592,-19.688434989205923,12,5
2024-05-21 13:00:00,14.7,36.296025663478815,-21.596025663478816,13,5
2024-05-21 14:00:00,9.66,37.212448922871886,-27.552448922871886,14,5
2024-05-21 15:00:00,8.21,40.39443466914389,-32.18443466914389,15,5
2024-05-21 16:00:00,7.44,55.709552560735005,-48.26955256073501,16,5
2024-05-21 17:00:00,14.7,76.90061051729822,-62.200610517298216,17,5
2024-05-21 18:00:00,19.44,90.14451380693316,-70.70451380693316,18,5
2024-05-21 19:00:00,34.79,106.88371949876586,-72.09371949876586,19,5
2024-05-21 20:00:00,62.73,105.87459369632586,-43.14459369632586,20,5
2024-05-21 21:00:00,68.01,102.04200361138317,-34.03200361138316,21,5
2024-05-21 22:00:00,66.77,88.10891625535919,-21.338916255359194,22,5
2024-05-21 23:00:00,63.08,80.71253933426976,-17.632539334269765,23,5
2024-05-22 00:00:00,72.0,62.54355358717555,9.456446412824448,0,5
2024-05-22 01:00:00,68.9,52.75508517404808,16.14491482595193,1,5
2024-05-22 02:00:00,65.9,50.27127649312439,15.628723506875616,2,5
2024-05-22 03:00:00,66.32,45.16141146948223,21.15858853051776,3,5
2024-05-22 04:00:00,64.76,41.50050911393316,23.259490886066843,4,5
2024-05-22 05:00:00,67.88,41.12798392731719,26.752016072682807,5,5
2024-05-22 06:00:00,62.9,47.509326338934954,15.390673661065044,6,5
2024-05-22 07:00:00,66.43,52.65314883429744,13.776851165702567,7,5
2024-05-22 08:00:00,58.58,50.72693746196876,7.853062538031239,8,5
2024-05-22 09:00:00,38.65,50.74218038939625,-12.092180389396255,9,5
2024-05-22 10:00:00,24.17,48.619804013822204,-24.449804013822202,10,5
2024-05-22 11:00:00,22.0,42.91300859738618,-20.91300859738618,11,5
2024-05-22 12:00:00,21.76,41.70604140007708,-19.946041400077082,12,5
2024-05-22 13:00:00,11.72,37.279408151003736,-25.559408151003737,13,5
2024-05-22 14:00:00,10.23,38.511525322248986,-28.281525322248985,14,5
2024-05-22 15:00:00,3.25,41.74396578271222,-38.49396578271222,15,5
2024-05-22 16:00:00,3.25,56.216567371965425,-52.966567371965425,16,5
2024-05-22 17:00:00,8.47,78.02600643979412,-69.55600643979412,17,5
2024-05-22 18:00:00,25.1,90.37063626180151,-65.27063626180151,18,5
2024-05-22 19:00:00,41.2,107.31515111755908,-66.11515111755908,19,5
2024-05-22 20:00:00,57.24,105.81947487410014,-48.579474874100136,20,5
2024-05-22 21:00:00,74.63,101.31283092971387,-26.682830929713873,21,5
2024-05-22 22:00:00,67.88,87.17447732721945,-19.294477327219454,22,5
2024-05-22 23:00:00,71.0,80.41205679635124,-9.412056796351237,23,5
2024-05-23 00:00:00,72.0,63.0185618542331,8.981438145766901,0,5
2024-05-23 01:00:00,71.12,53.25025367514053,17.869746324859477,1,5
2024-05-23 02:00:00,54.0,51.04017713535376,2.9598228646462417,2,5
2024-05-23 03:00:00,71.3,45.63392152811468,25.666078471885314,3,5
2024-05-23 04:00:00,71.12,41.909286331983424,29.21071366801658,4,5
2024-05-23 05:00:00,71.74,40.575425210356286,31.16457478964371,5,5
2024-05-23 06:00:00,72.0,47.84166862239488,24.158331377605123,6,5
2024-05-23 07:00:00,80.58,53.25899811349524,27.32100188650476,7,5
2024-05-23 08:00:00,82.67,51.64282936155257,31.02717063844743,8,5
2024-05-23 09:00:00,71.74,50.51104477003446,21.228955229965536,9,5
2024-05-23 10:00:00,49.21,48.26365577852863,0.9463442214713709,10,5
2024-05-23 11:00:00,42.63,42.32184406590778,0.30815593409221975,11,5
2024-05-23 12:00:00,35.01,41.118638496770075,-6.108638496770077,12,5
2024-05-23 13:00:00,35.0,38.280555921134635,-3.280555921134635,13,5
2024-05-23 14:00:00,30.39,39.67807602562283,-9.288076025622829,14,5
2024-05-23 15:00:00,26.1,43.83384953902163,-17.733849539021627,15,5
2024-05-23 16:00:00,26.31,59.93405985276269,-33.624059852762684,16,5
2024-05-23 17:00:00,35.01,80.88628091320413,-45.876280913204134,17,5
2024-05-23 18:00:00,43.56,93.74206099918524,-50.18206099918524,18,5
2024-05-23 19:00:00,71.12,110.48700173407491,-39.367001734074904,19,5
2024-05-23 20:00:00,68.43,109.6152303735812,-41.18523037358119,20,5
2024-05-23 21:00:00,91.73,104.92007502650569,-13.190075026505681,21,5
2024-05-23 22:00:00,92.3,91.29739422383415,1.0026057761658507,22,5
2024-05-23 23:00:00,85.65,84.57924565967426,1.070754340325749,23,5
2024-05-24 00:00:00,85.0,67.42851238546683,17.57148761453317,0,5
2024-05-24 01:00:00,78.34,58.12317601781348,20.216823982186526,1,5
2024-05-24 02:00:00,77.51,55.7073268225048,21.80267317749521,2,5
2024-05-24 03:00:00,72.0,50.817849770685086,21.182150229314914,3,5
2024-05-24 04:00:00,71.0,46.9479285857924,24.052071414207603,4,5
2024-05-24 05:00:00,81.09,46.78872435224321,34.301275647756796,5,5
2024-05-24 06:00:00,83.34,53.659673103249474,29.68032689675053,6,5
2024-05-24 07:00:00,89.72,58.05659407053491,31.663405929465085,7,5
2024-05-24 08:00:00,86.84,57.52584759166757,29.314152408332433,8,5
2024-05-24 09:00:00,74.9,58.356526853498565,16.54347314650144,9,5
2024-05-24 10:00:00,61.22,56.58449177555889,4.635508224441111,10,5
2024-05-24 11:00:00,48.1,50.00589956181011,-1.9058995618101093,11,5
2024-05-24 12:00:00,48.3,49.59642250522211,-1.296422505222111,12,5
2024-05-24 13:00:00,40.8,45.90947733312231,-5.109477333122314,13,5
2024-05-24 14:00:00,36.76,47.448777706698365,-10.688777706698367,14,5
2024-05-24 15:00:00,35.01,52.02139972044955,-17.011399720449553,15,5
2024-05-24 16:00:00,38.5,67.40143203542237,-28.901432035422374,16,5
2024-05-24 17:00:00,41.1,89.21556905435415,-48.11556905435415,17,5
2024-05-24 18:00:00,68.0,102.31826813306031,-34.318268133060315,18,5
2024-05-24 19:00:00,81.56,118.51019428709765,-36.950194287097645,19,5
2024-05-24 20:00:00,92.76,117.781125255078,-25.02112525507799,20,5
2024-05-24 21:00:00,117.19,112.01828172546573,5.171718274534271,21,5
2024-05-24 22:00:00,111.1,97.6801997321491,13.419800267850889,22,5
2024-05-24 23:00:00,99.84,90.2470798267853,9.592920173214708,23,5
2024-05-25 00:00:00,94.88,72.87879230442002,22.00120769557998,0,5
2024-05-25 01:00:00,85.74,63.789246478511814,21.95075352148818,1,5
2024-05-25 02:00:00,74.88,61.41267450698916,13.467325493010833,2,5
2024-05-25 03:00:00,72.0,56.08222530098669,15.917774699013307,3,5
2024-05-25 04:00:00,70.99,51.620691287592365,19.36930871240763,4,5
2024-05-25 05:00:00,70.0,50.41781113918074,19.582188860819258,5,5
2024-05-25 06:00:00,71.3,57.098082811167615,14.201917188832383,6,5
2024-05-25 07:00:00,71.74,61.6597253682105,10.080274631789493,7,5
2024-05-25 08:00:00,30.52,61.01540715485032,-30.495407154850323,8,5
2024-05-25 09:00:00,24.44,60.673223295754724,-36.233223295754726,9,5
2024-05-25 10:00:00,16.5,58.267711735944715,-41.767711735944715,10,5
2024-05-25 11:00:00,9.32,51.78881857636759,-42.46881857636759,11,5
2024-05-25 12:00:00,3.24,50.6793301974418,-47.4393301974418,12,5
2024-05-25 13:00:00,0.04,47.698549488190224,-47.658549488190225,13,5
2024-05-25 14:00:00,0.0,48.9107686613753,-48.9107686613753,14,5
2024-05-25 15:00:00,0.0,53.05886391927913,-53.05886391927913,15,5
2024-05-25 16:00:00,0.0,69.20370379503134,-69.20370379503134,16,5
2024-05-25 17:00:00,0.0,90.72200522025054,-90.72200522025054,17,5
2024-05-25 18:00:00,2.0,104.214792426033,-102.214792426033,18,5
2024-05-25 19:00:00,28.5,121.84644030472799,-93.34644030472799,19,5
2024-05-25 20:00:00,70.99,119.47352299617557,-48.48352299617558,20,5
2024-05-25 21:00:00,80.54,113.9310364529129,-33.3910364529129,21,5
2024-05-25 22:00:00,86.85,98.5667722693396,-11.7167722693396,22,5
2024-05-25 23:00:00,84.68,91.01561630123393,-6.335616301233927,23,5
2024-05-26 00:00:00,56.64,72.0459074779011,-15.405907477901096,0,5
2024-05-26 01:00:00,53.71,62.0938586476114,-8.383858647611397,1,5
2024-05-26 02:00:00,46.65,60.11320972220835,-13.463209722208354,2,5
2024-05-26 03:00:00,46.65,54.94756643867629,-8.297566438676292,3,5
2024-05-26 04:00:00,50.0,50.025321571657514,-0.02532157165751414,4,5
2024-05-26 05:00:00,55.92,47.68158732014575,8.23841267985425,5,5
2024-05-26 06:00:00,56.16,52.78314491024048,3.376855089759516,6,5
2024-05-26 07:00:00,35.8,56.610268622415276,-20.81026862241528,7,5
2024-05-26 08:00:00,20.33,56.958981036706234,-36.628981036706236,8,5
2024-05-26 09:00:00,0.02,56.16531812030496,-56.14531812030496,9,5
2024-05-26 10:00:00,0.0,55.06516053232929,-55.06516053232929,10,5
2024-05-26 11:00:00,-0.01,49.293191676105835,-49.30319167610583,11,5
2024-05-26 12:00:00,-0.01,48.89780158451293,-48.90780158451293,12,5
2024-05-26 13:00:00,-0.01,48.469839148102096,-48.479839148102094,13,5
2024-05-26 14:00:00,-0.03,49.35369383906573,-49.38369383906573,14,5
2024-05-26 15:00:00,-0.6,53.434790064895935,-54.03479006489594,15,5
2024-05-26 16:00:00,-0.6,69.97138158179052,-70.57138158179052,16,5
2024-05-26 17:00:00,0.0,91.45233919246141,-91.45233919246141,17,5
2024-05-26 18:00:00,0.44,104.12844800637941,-103.68844800637942,18,5
2024-05-26 19:00:00,16.72,120.04575898790904,-103.32575898790904,19,5
2024-05-26 20:00:00,35.23,117.41682023355645,-82.18682023355646,20,5
2024-05-26 21:00:00,46.0,111.50971574360426,-65.50971574360426,21,5
2024-05-26 22:00:00,55.52,97.6930812348844,-42.1730812348844,22,5
2024-05-26 23:00:00,35.6,89.48111776796895,-53.88111776796895,23,5
2024-05-27 00:00:00,32.3,71.69781396201773,-39.397813962017736,0,5
2024-05-27 01:00:00,33.0,61.555193599492156,-28.555193599492156,1,5
2024-05-27 02:00:00,31.0,59.51443744861399,-28.51443744861399,2,5
2024-05-27 03:00:00,30.9,54.295219963620696,-23.395219963620697,3,5
2024-05-27 04:00:00,28.0,49.863472743703824,-21.863472743703824,4,5
2024-05-27 05:00:00,30.8,48.8056616055124,-18.005661605512397,5,5
2024-05-27 06:00:00,35.01,53.947842602709784,-18.937842602709786,6,5
2024-05-27 07:00:00,43.01,57.110662888993204,-14.100662888993206,7,5
2024-05-27 08:00:00,35.0,57.37911276415758,-22.379112764157583,8,5
2024-05-27 09:00:00,33.5,59.66594673346515,-26.165946733465148,9,5
2024-05-27 10:00:00,31.53,60.13334600174818,-28.60334600174818,10,5
2024-05-27 11:00:00,26.12,55.524397299197005,-29.404397299197004,11,5
2024-05-27 12:00:00,30.6,54.891852110938885,-24.291852110938883,12,5
2024-05-27 13:00:00,25.0,51.98431289003895,-26.98431289003895,13,5
2024-05-27 14:00:00,22.23,53.674829880788025,-31.444829880788024,14,5
2024-05-27 15:00:00,14.33,57.96409327494786,-43.63409327494786,15,5
2024-05-27 16:00:00,6.0,73.50496870466543,-67.50496870466543,16,5
2024-05-27 17:00:00,17.72,94.10174340359208,-76.38174340359208,17,5
2024-05-27 18:00:00,25.57,105.70471322271794,-80.13471322271795,18,5
2024-05-27 19:00:00,31.66,122.78513931389375,-91.12513931389375,19,5
2024-05-27 20:00:00,35.01,119.56459908406572,-84.55459908406573,20,5
2024-05-27 21:00:00,54.0,114.71639540885758,-60.71639540885758,21,5
2024-05-27 22:00:00,52.82,100.64891904831626,-47.82891904831626,22,5
2024-05-27 23:00:00,35.05,92.52366570497617,-57.47366570497617,23,5
2024-05-28 00:00:00,35.0,73.54689998248773,-38.54689998248773,0,5
2024-05-28 01:00:00,35.0,63.23054374627924,-28.23054374627924,1,5
2024-05-28 02:00:00,35.01,60.82127162822337,-25.811271628223373,2,5
2024-05-28 03:00:00,35.01,55.12322527582228,-20.11322527582228,3,5
2024-05-28 04:00:00,35.01,50.52116577905758,-15.511165779057585,4,5
2024-05-28 05:00:00,35.01,49.49763903075757,-14.48763903075757,5,5
2024-05-28 06:00:00,41.22,56.486264717151016,-15.266264717151017,6,5
2024-05-28 07:00:00,51.79,62.544903719091906,-10.754903719091907,7,5
2024-05-28 08:00:00,40.74,62.658491055072204,-21.918491055072202,8,5
2024-05-28 09:00:00,35.0,63.20504799713831,-28.20504799713831,9,5
2024-05-28 10:00:00,28.2,61.93090827716509,-33.730908277165085,10,5
2024-05-28 11:00:00,0.07,56.37144014158383,-56.30144014158383,11,5
2024-05-28 12:00:00,0.08,55.37416712077095,-55.29416712077095,12,5
2024-05-28 13:00:00,0.0,52.668667842488674,-52.668667842488674,13,5
2024-05-28 14:00:00,0.0,53.65835757745049,-53.65835757745049,14,5
2024-05-28 15:00:00,0.0,57.712446860212424,-57.712446860212424,15,5
2024-05-28 16:00:00,0.01,73.77580937471384,-73.76580937471384,16,5
2024-05-28 17:00:00,5.0,94.44002334710098,-89.44002334710098,17,5
2024-05-28 18:00:00,8.0,106.38323854558581,-98.38323854558581,18,5
2024-05-28 19:00:00,29.6,121.08446233634493,-91.48446233634493,19,5
2024-05-28 20:00:00,41.1,118.10249081483346,-77.00249081483346,20,5
2024-05-28 21:00:00,70.96,112.36345620661734,-41.40345620661735,21,5
2024-05-28 22:00:00,55.94,97.70331986415084,-41.763319864150844,22,5
2024-05-28 23:00:00,41.46,88.95619886010479,-47.49619886010479,23,5
2024-05-29 00:00:00,54.77,70.52905999571624,-15.759059995716235,0,5
2024-05-29 01:00:00,40.94,61.22427710890696,-20.284277108906963,1,5
2024-05-29 02:00:00,40.58,58.993220486784764,-18.413220486784766,2,5
2024-05-29 03:00:00,40.34,54.12020904753729,-13.780209047537284,3,5
2024-05-29 04:00:00,40.7,50.04486987002434,-9.34486987002434,4,5
2024-05-29 05:00:00,40.94,49.12684032594183,-8.18684032594183,5,5
2024-05-29 06:00:00,59.36,56.6143573318555,2.745642668144498,6,5
2024-05-29 07:00:00,65.0,61.30800114781039,3.691998852189613,7,5
2024-05-29 08:00:00,52.19,61.86060856359683,-9.67060856359683,8,5
2024-05-29 09:00:00,38.5,62.083007582106234,-23.583007582106234,9,5
2024-05-29 10:00:00,29.0,60.610644499006355,-31.610644499006355,10,5
2024-05-29 11:00:00,20.5,55.583378501111156,-35.083378501111156,11,5
2024-05-29 12:00:00,24.08,55.598173776857436,-31.518173776857438,12,5
2024-05-29 13:00:00,18.4,52.94831485821493,-34.54831485821493,13,5
2024-05-29 14:00:00,17.47,53.94340906070926,-36.47340906070926,14,5
2024-05-29 15:00:00,11.98,58.138844608792795,-46.15884460879279,15,5
2024-05-29 16:00:00,11.0,74.72740297523916,-63.72740297523916,16,5
2024-05-29 17:00:00,19.76,96.46547610078107,-76.70547610078107,17,5
2024-05-29 18:00:00,29.38,109.47218500372497,-80.09218500372498,18,5
2024-05-29 19:00:00,35.01,125.36091363648734,-90.35091363648735,19,5
2024-05-29 20:00:00,40.94,121.22092176448797,-80.28092176448797,20,5
2024-05-29 21:00:00,67.94,115.13769549949438,-47.19769549949439,21,5
2024-05-29 22:00:00,69.87,101.10522615723517,-31.23522615723516,22,5
2024-05-29 23:00:00,63.95,92.94107883765855,-28.99107883765855,23,5
2024-05-30 00:00:00,50.94,75.15354188001771,-24.213541880017715,0,5
2024-05-30 01:00:00,45.32,65.59050175672832,-20.270501756728315,1,5
2024-05-30 02:00:00,43.12,62.25198861696538,-19.13198861696538,2,5
2024-05-30 03:00:00,40.53,55.814318949771916,-15.284318949771915,3,5
2024-05-30 04:00:00,38.64,51.469599599250955,-12.829599599250955,4,5
2024-05-30 05:00:00,42.79,50.13906988657692,-7.34906988657692,5,5
2024-05-30 06:00:00,45.44,56.75444670941346,-11.31444670941346,6,5
2024-05-30 07:00:00,45.44,61.511580829225124,-16.071580829225127,7,5
2024-05-30 08:00:00,38.64,62.50629960762848,-23.866299607628477,8,5
2024-05-30 09:00:00,27.42,64.05292494391585,-36.63292494391585,9,5
2024-05-30 10:00:00,10.27,65.32863669371676,-55.058636693716764,10,5
2024-05-30 11:00:00,3.82,61.49188581792123,-57.67188581792123,11,5
2024-05-30 12:00:00,3.25,60.343925848460515,-57.093925848460515,12,5
2024-05-30 13:00:00,0.44,57.680052217762295,-57.2400522177623,13,5
2024-05-30 14:00:00,0.0,58.92086101929726,-58.92086101929726,14,5
2024-05-30 15:00:00,0.0,62.747674790405085,-62.747674790405085,15,5
2024-05-30 16:00:00,0.0,79.40358832762007,-79.40358832762007,16,5
2024-05-30 17:00:00,0.0,101.00757165749417,-101.00757165749417,17,5
2024-05-30 18:00:00,1.0,113.7532910406452,-112.7532910406452,18,5
2024-05-30 19:00:00,7.0,128.9784832716009,-121.97848327160091,19,5
2024-05-30 20:00:00,37.5,125.02594028730255,-87.52594028730255,20,5
2024-05-30 21:00:00,35.01,118.66521676300812,-83.65521676300813,21,5
2024-05-30 22:00:00,37.92,102.6776841846044,-64.7576841846044,22,5
2024-05-30 23:00:00,30.33,93.45473813099437,-63.12473813099437,23,5
2024-05-31 00:00:00,10.0,75.50514483926275,-65.50514483926275,0,5
2024-05-31 01:00:00,5.5,65.561652705352,-60.061652705352,1,5
2024-05-31 02:00:00,4.77,62.13032904945112,-57.360329049451124,2,5
2024-05-31 03:00:00,3.25,55.97202769964713,-52.72202769964713,3,5
2024-05-31 04:00:00,3.25,50.84590158958525,-47.59590158958525,4,5
2024-05-31 05:00:00,4.37,48.99987178410157,-44.629871784101574,5,5
2024-05-31 06:00:00,6.67,56.70875559301288,-50.03875559301288,6,5
2024-05-31 07:00:00,5.0,62.94672037831663,-57.94672037831663,7,5
2024-05-31 08:00:00,2.47,65.11342373604532,-62.64342373604532,8,5
2024-05-31 09:00:00,0.0,67.10895983909154,-67.10895983909154,9,5
2024-05-31 10:00:00,0.0,68.1013865153389,-68.1013865153389,10,5
2024-05-31 11:00:00,0.0,63.22142684929855,-63.22142684929855,11,5
2024-05-31 12:00:00,0.0,63.23040512924808,-63.23040512924808,12,5
2024-05-31 13:00:00,0.0,60.86487976206939,-60.86487976206939,13,5
2024-05-31 14:00:00,-0.01,62.988568379117964,-62.99856837911796,14,5
2024-05-31 15:00:00,-0.01,66.06694052783524,-66.07694052783525,15,5
2024-05-31 16:00:00,-0.01,82.69273877672117,-82.70273877672118,16,5
2024-05-31 17:00:00,-0.01,103.08184041945242,-103.09184041945242,17,5
2024-05-31 18:00:00,0.0,114.5745102322133,-114.5745102322133,18,5
2024-05-31 19:00:00,0.0,130.25375775076452,-130.25375775076452,19,5
2024-05-31 20:00:00,3.25,125.7628502059481,-122.5128502059481,20,5
2024-05-31 21:00:00,7.3,118.57676126149153,-111.27676126149153,21,5
2024-05-31 22:00:00,5.5,102.71457001221648,-97.21457001221648,22,5
2024-05-31 23:00:00,3.25,94.26385049384254,-91.01385049384254,23,5
2024-06-01 00:00:00,4.99,75.0940269323458,-70.1040269323458,0,6
2024-06-01 01:00:00,3.25,65.21876178397406,-61.96876178397406,1,6
2024-06-01 02:00:00,3.25,62.887999219524886,-59.637999219524886,2,6
2024-06-01 03:00:00,1.23,56.77571015260372,-55.545710152603725,3,6
2024-06-01 04:00:00,0.09,52.7189716335871,-52.6289716335871,4,6
2024-06-01 05:00:00,3.25,51.506193031462146,-48.256193031462146,5,6
2024-06-01 06:00:00,3.25,59.25159516370002,-56.00159516370002,6,6
2024-06-01 07:00:00,3.25,64.93899286605762,-61.68899286605762,7,6
2024-06-01 08:00:00,0.0,64.10744721514482,-64.10744721514482,8,6
2024-06-01 09:00:00,0.0,66.6572388409171,-66.6572388409171,9,6
2024-06-01 10:00:00,-0.01,64.56344453364392,-64.57344453364392,10,6
2024-06-01 11:00:00,-0.36,59.66005326823546,-60.02005326823546,11,6
2024-06-01 12:00:00,-0.5,59.130240607279234,-59.630240607279234,12,6
2024-06-01 13:00:00,-0.36,56.36792464474968,-56.72792464474968,13,6
2024-06-01 14:00:00,-0.6,57.364753392776265,-57.96475339277627,14,6
2024-06-01 15:00:00,-0.62,61.068591382252635,-61.68859138225263,15,6
2024-06-01 16:00:00,-0.66,75.89042362503989,-76.55042362503988,16,6
2024-06-01 17:00:00,-0.6,95.93885428736337,-96.53885428736336,17,6
2024-06-01 18:00:00,-0.01,108.7214200287188,-108.7314200287188,18,6
2024-06-01 19:00:00,0.0,124.09663807259102,-124.09663807259102,19,6
2024-06-01 20:00:00,3.25,120.49348140363008,-117.24348140363008,20,6
2024-06-01 21:00:00,7.2,113.51965067884078,-106.31965067884077,21,6
2024-06-01 22:00:00,8.44,98.28102363470543,-89.84102363470544,22,6
2024-06-01 23:00:00,4.5,89.99483825570218,-85.49483825570218,23,6
2024-06-02 00:00:00,7.2,71.74920778757985,-64.54920778757985,0,6
2024-06-02 01:00:00,5.0,62.83487915935331,-57.83487915935331,1,6
2024-06-02 02:00:00,4.35,60.15250323818623,-55.802503238186226,2,6
2024-06-02 03:00:00,3.6,54.565065885387185,-50.96506588538718,3,6
2024-06-02 04:00:00,3.6,49.98232280001167,-46.38232280001167,4,6
2024-06-02 05:00:00,5.0,48.40798009990465,-43.40798009990465,5,6
2024-06-02 06:00:00,4.43,54.35675402544257,-49.92675402544257,6,6
2024-06-02 07:00:00,3.25,58.34228487711971,-55.09228487711971,7,6
2024-06-02 08:00:00,0.0,58.721553453827084,-58.721553453827084,8,6
2024-06-02 09:00:00,-0.03,59.116698370323434,-59.146698370323435,9,6
2024-06-02 10:00:00,-1.05,58.375753757690234,-59.42575375769023,10,6
2024-06-02 11:00:00,-1.86,52.61290408923395,-54.47290408923395,11,6
2024-06-02 12:00:00,-1.86,51.56464393571457,-53.42464393571457,12,6
2024-06-02 13:00:00,-1.86,48.41929110349611,-50.27929110349611,13,6
2024-06-02 14:00:00,-1.86,48.858890961780844,-50.71889096178084,14,6
2024-06-02 15:00:00,-1.86,52.40031076629509,-54.26031076629509,15,6
2024-06-02 16:00:00,-1.86,68.08382317088865,-69.94382317088865,16,6
2024-06-02 17:00:00,-1.0,89.65489999092222,-90.65489999092222,17,6
2024-06-02 18:00:00,-0.01,102.69269054462256,-102.70269054462257,18,6
2024-06-02 19:00:00,0.44,118.91252630520489,-118.4725263052049,19,6
2024-06-02 20:00:00,11.35,116.46820666283821,-105.11820666283822,20,6
2024-06-02 21:00:00,25.01,111.7738711196937,-86.76387111969369,21,6
2024-06-02 22:00:00,28.87,97.81828038181135,-68.94828038181134,22,6
2024-06-02 23:00:00,13.42,90.04780689855147,-76.62780689855147,23,6
2024-06-03 00:00:00,9.16,72.30260094552415,-63.14260094552415,0,6
2024-06-03 01:00:00,14.1,62.154869090209445,-48.05486909020944,1,6
2024-06-03 02:00:00,14.1,59.73297804924863,-45.63297804924863,2,6
2024-06-03 03:00:00,12.5,53.98043602831575,-41.48043602831575,3,6
2024-06-03 04:00:00,14.32,49.60294191851261,-35.28294191851261,4,6
2024-06-03 05:00:00,10.15,48.260206463920156,-38.11020646392016,5,6
2024-06-03 06:00:00,35.01,54.5872453820449,-19.5772453820449,6,6
2024-06-03 07:00:00,37.94,57.4851059361344,-19.545105936134405,7,6
2024-06-03 08:00:00,41.93,56.62725006388183,-14.697250063881832,8,6
2024-06-03 09:00:00,35.0,57.48598691174749,-22.48598691174749,9,6
2024-06-03 10:00:00,16.9,56.507576946633606,-39.60757694663361,10,6
2024-06-03 11:00:00,5.44,50.849554585809415,-45.40955458580942,11,6
2024-06-03 12:00:00,4.46,49.3603024416787,-44.9003024416787,12,6
2024-06-03 13:00:00,8.3,46.7180056268528,-38.4180056268528,13,6
2024-06-03 14:00:00,3.25,48.009011487522685,-44.759011487522685,14,6
2024-06-03 15:00:00,1.31,52.37621226708427,-51.06621226708427,15,6
2024-06-03 16:00:00,3.25,68.59410795280985,-65.34410795280985,16,6
2024-06-03 17:00:00,11.86,90.04783914892744,-78.18783914892744,17,6
2024-06-03 18:00:00,35.0,102.78582128543684,-67.78582128543684,18,6
2024-06-03 19:00:00,49.22,118.89164098931417,-69.67164098931417,19,6
2024-06-03 20:00:00,75.37,117.82378310898963,-42.453783108989626,20,6
2024-06-03 21:00:00,102.15,112.66927087890076,-10.519270878900755,21,6
2024-06-03 22:00:00,81.31,99.23726692232134,-17.927266922321337,22,6
2024-06-03 23:00:00,63.3,91.61362942832,-28.31362942832,23,6
2024-06-04 00:00:00,99.2,74.28792535701666,24.91207464298334,0,6
2024-06-04 01:00:00,92.72,65.66731622578311,27.052683774216888,1,6
2024-06-04 02:00:00,94.88,63.538091078894865,31.34190892110513,2,6
2024-06-04 03:00:00,84.82,58.654139466514266,26.165860533485727,3,6
2024-06-04 04:00:00,94.88,54.50242511474727,40.37757488525273,4,6
2024-06-04 05:00:00,95.4,53.64074593311,41.75925406689001,5,6
2024-06-04 06:00:00,150.0,59.45845633812917,90.54154366187083,6,6
2024-06-04 07:00:00,175.55,63.849974731215525,111.70002526878449,7,6
2024-06-04 08:00:00,113.22,63.02515650312159,50.194843496878406,8,6
2024-06-04 09:00:00,81.82,62.9270447784038,18.892955221596196,9,6
2024-06-04 10:00:00,70.0,61.66930509299232,8.330694907007683,10,6
2024-06-04 11:00:00,37.3,57.4473668415763,-20.1473668415763,11,6
2024-06-04 12:00:00,35.01,57.5839625302533,-22.573962530253304,12,6
2024-06-04 13:00:00,35.0,54.54936764925242,-19.549367649252417,13,6
2024-06-04 14:00:00,35.0,54.4797769820961,-19.479776982096098,14,6
2024-06-04 15:00:00,27.5,58.291286965001916,-30.791286965001916,15,6
2024-06-04 16:00:00,30.0,74.31958740933169,-44.31958740933169,16,6
2024-06-04 17:00:00,35.01,93.83067926388384,-58.82067926388384,17,6
2024-06-04 18:00:00,59.48,105.41326710016364,-45.93326710016364,18,6
2024-06-04 19:00:00,67.18,123.25695318274683,-56.07695318274682,19,6
2024-06-04 20:00:00,116.24,120.59363943854663,-4.353639438546637,20,6
2024-06-04 21:00:00,171.15,114.69810475184534,56.45189524815467,21,6
2024-06-04 22:00:00,157.0,101.09998113074977,55.90001886925023,22,6
2024-06-04 23:00:00,145.0,92.53995743404664,52.46004256595336,23,6
2024-06-05 00:00:00,117.01,75.5350078786974,41.474992121302606,0,6
2024-06-05 01:00:00,112.42,66.31157032176753,46.10842967823247,1,6
2024-06-05 02:00:00,110.0,63.98799285963105,46.01200714036895,2,6
2024-06-05 03:00:00,110.0,58.18535389765708,51.81464610234292,3,6
2024-06-05 04:00:00,104.68,53.3255933275172,51.35440667248281,4,6
2024-06-05 05:00:00,107.19,51.76666418307366,55.42333581692634,5,6
2024-06-05 06:00:00,110.0,57.345843026516775,52.654156973483225,6,6
2024-06-05 07:00:00,123.08,61.246923201202094,61.833076798797904,7,6
2024-06-05 08:00:00,120.22,60.77747994310323,59.44252005689677,8,6
2024-06-05 09:00:00,110.91,61.7987316303732,49.1112683696268,9,6
2024-06-05 10:00:00,81.56,58.97081008550089,22.589189914499116,10,6
2024-06-05 11:00:00,55.0,54.55663226649483,0.4433677335051698,11,6
2024-06-05 12:00:00,50.21,54.84954258041478,-4.639542580414776,12,6
2024-06-05 13:00:00,47.25,51.18046496259092,-3.930464962590918,13,6
2024-06-05 14:00:00,35.01,51.946347219754216,-16.936347219754218,14,6
2024-06-05 15:00:00,35.01,56.57207381899025,-21.56207381899025,15,6
2024-06-05 16:00:00,35.01,72.50360973393327,-37.493609733933276,16,6
2024-06-05 17:00:00,54.88,93.72587142063162,-38.84587142063162,17,6
2024-06-05 18:00:00,79.0,107.6045912812545,-28.6045912812545,18,6
2024-06-05 19:00:00,108.41,123.64676169564973,-15.236761695649733,19,6
2024-06-05 20:00:00,124.12,120.83723383813447,3.2827661618655384,20,6
2024-06-05 21:00:00,170.01,116.9660880038607,53.043911996139286,21,6
2024-06-05 22:00:00,124.07,102.68742696608462,21.382573033915378,22,6
2024-06-05 23:00:00,113.2,94.25075503726788,18.949244962732124,23,6
2024-06-06 00:00:00,103.72,75.0370703772486,28.682929622751402,0,6
2024-06-06 01:00:00,107.63,64.48052721050652,43.14947278949347,1,6
2024-06-06 02:00:00,110.3,62.12457966931777,48.17542033068223,2,6
2024-06-06 03:00:00,109.53,56.9119485180816,52.6180514819184,3,6
2024-06-06 04:00:00,110.0,52.01964748449569,57.98035251550431,4,6
2024-06-06 05:00:00,110.3,50.481381724770586,59.81861827522941,5,6
2024-06-06 06:00:00,112.88,56.84736003446733,56.03263996553267,6,6
2024-06-06 07:00:00,114.47,62.353903806252276,52.11609619374772,7,6
2024-06-06 08:00:00,101.44,64.52915292467497,36.91084707532502,8,6
2024-06-06 09:00:00,84.16,65.99300146579208,18.16699853420792,9,6
2024-06-06 10:00:00,81.15,64.96335674081996,16.186643259180045,10,6
2024-06-06 11:00:00,69.0,60.05779455923897,8.942205440761029,11,6
2024-06-06 12:00:00,62.0,59.42096419496272,2.579035805037279,12,6
2024-06-06 13:00:00,56.3,56.30978622468183,-0.009786224681832323,13,6
2024-06-06 14:00:00,56.2,57.17215101927434,-0.9721510192743352,14,6
2024-06-06 15:00:00,55.9,60.545982674577886,-4.645982674577887,15,6
2024-06-06 16:00:00,62.0,76.13318031323638,-14.13318031323638,16,6
2024-06-06 17:00:00,80.0,97.94231069901241,-17.94231069901241,17,6
2024-06-06 18:00:00,90.0,111.53169966641724,-21.53169966641724,18,6
2024-06-06 19:00:00,100.3,127.32908897967019,-27.029088979670192,19,6
2024-06-06 20:00:00,115.23,123.91699089708356,-8.686990897083561,20,6
2024-06-06 21:00:00,122.37,117.38508715440645,4.984912845593556,21,6
2024-06-06 22:00:00,116.87,102.51090878318672,14.359091216813283,22,6
2024-06-06 23:00:00,110.41,93.51680586500419,16.89319413499581,23,6
2024-06-07 00:00:00,98.98,73.6311543610754,25.3488456389246,0,6
2024-06-07 01:00:00,98.0,63.29247977929856,34.70752022070144,1,6
2024-06-07 02:00:00,95.0,59.88786623530444,35.11213376469556,2,6
2024-06-07 03:00:00,97.79,54.15695190565657,43.63304809434344,3,6
2024-06-07 04:00:00,97.79,49.31369025578476,48.47630974421524,4,6
2024-06-07 05:00:00,98.0,48.581183628754616,49.418816371245384,5,6
2024-06-07 06:00:00,98.0,55.72798807640595,42.27201192359405,6,6
2024-06-07 07:00:00,99.82,61.97654947498529,37.8434505250147,7,6
2024-06-07 08:00:00,103.49,64.85604693725361,38.633953062746386,8,6
2024-06-07 09:00:00,97.65,68.1383730705947,29.51162692940531,9,6
2024-06-07 10:00:00,78.2,69.38815932598663,8.811840674013368,10,6
2024-06-07 11:00:00,52.4,64.3259852908003,-11.925985290800305,11,6
2024-06-07 12:00:00,50.69,64.68591190411837,-13.995911904118373,12,6
2024-06-07 13:00:00,45.1,62.131584473551925,-17.031584473551924,13,6
2024-06-07 14:00:00,39.5,63.14360343201014,-23.64360343201014,14,6
2024-06-07 15:00:00,38.1,68.32345086469655,-30.223450864696552,15,6
2024-06-07 16:00:00,38.1,84.79310578927465,-46.69310578927465,16,6
2024-06-07 17:00:00,40.0,106.07064589278241,-66.07064589278241,17,6
2024-06-07 18:00:00,56.2,119.40963707920037,-63.20963707920036,18,6
2024-06-07 19:00:00,82.84,134.41335186495257,-51.57335186495257,19,6
2024-06-07 20:00:00,94.2,129.30602490577985,-35.10602490577985,20,6
2024-06-07 21:00:00,100.0,121.67337968361272,-21.673379683612723,21,6
2024-06-07 22:00:00,99.94,106.05256591220888,-6.112565912208879,22,6
2024-06-07 23:00:00,99.4,96.88375752487065,2.51624247512936,23,6
2024-06-08 00:00:00,95.09,78.14472711852648,16.945272881473528,0,6
2024-06-08 01:00:00,90.0,67.67029655289332,22.32970344710668,1,6
2024-06-08 02:00:00,85.86,64.91489464939337,20.945105350606624,2,6
2024-06-08 03:00:00,85.64,58.49555071493069,27.144449285069314,3,6
2024-06-08 04:00:00,85.64,53.4328030598561,32.2071969401439,4,6
2024-06-08 05:00:00,85.88,51.667647256899386,34.21235274310061,5,6
2024-06-08 06:00:00,99.35,57.203639556598205,42.14636044340179,6,6
2024-06-08 07:00:00,101.44,63.06586055086143,38.37413944913857,7,6
2024-06-08 08:00:00,100.3,64.3532122010796,35.9467877989204,8,6
2024-06-08 09:00:00,94.01,66.97070569972016,27.03929430027985,9,6
2024-06-08 10:00:00,70.2,68.35940625681627,1.8405937431837316,10,6
2024-06-08 11:00:00,51.44,61.15427843354735,-9.71427843354735,11,6
2024-06-08 12:00:00,42.1,60.448146043938095,-18.348146043938094,12,6
2024-06-08 13:00:00,41.6,56.23722923149643,-14.637229231496427,13,6
2024-06-08 14:00:00,35.13,56.47456599204986,-21.34456599204986,14,6
2024-06-08 15:00:00,35.0,60.67763469092938,-25.67763469092938,15,6
2024-06-08 16:00:00,30.49,76.66852905962241,-46.17852905962242,16,6
2024-06-08 17:00:00,25.3,96.62720973175408,-71.32720973175408,17,6
2024-06-08 18:00:00,35.01,107.69970602842568,-72.68970602842569,18,6
2024-06-08 19:00:00,47.7,122.31868002000851,-74.61868002000851,19,6
2024-06-08 20:00:00,85.03,118.30043720810096,-33.27043720810096,20,6
2024-06-08 21:00:00,101.12,111.363826263835,-10.24382626383499,21,6
2024-06-08 22:00:00,100.76,97.32675727420963,3.433242725790379,22,6
2024-06-08 23:00:00,90.0,90.2040658936296,-0.20406589362960403,23,6
2024-06-09 00:00:00,35.13,71.61004987212266,-36.480049872122656,0,6
2024-06-09 01:00:00,22.41,61.52873453654303,-39.11873453654303,1,6
2024-06-09 02:00:00,12.76,58.858475487676,-46.098475487676005,2,6
2024-06-09 03:00:00,8.46,53.25692830072148,-44.79692830072148,3,6
2024-06-09 04:00:00,8.94,48.199564212946825,-39.25956421294683,4,6
2024-06-09 05:00:00,22.99,47.06450552967135,-24.074505529671352,5,6
2024-06-09 06:00:00,10.0,51.59606493193047,-41.59606493193047,6,6
2024-06-09 07:00:00,5.0,54.44557210619621,-49.44557210619621,7,6
2024-06-09 08:00:00,3.25,54.204731154347314,-50.954731154347314,8,6
2024-06-09 09:00:00,0.0,56.02725311198884,-56.02725311198884,9,6
2024-06-09 10:00:00,0.0,54.57438428123868,-54.57438428123868,10,6
2024-06-09 11:00:00,0.0,48.08765532183901,-48.08765532183901,11,6
2024-06-09 12:00:00,0.0,45.54902658742412,-45.54902658742412,12,6
2024-06-09 13:00:00,0.0,41.69065835928319,-41.69065835928319,13,6
2024-06-09 14:00:00,0.0,41.0132809091499,-41.0132809091499,14,6
2024-06-09 15:00:00,-0.01,43.903917404663446,-43.913917404663444,15,6
2024-06-09 16:00:00,-0.01,59.08606725323682,-59.09606725323682,16,6
2024-06-09 17:00:00,0.0,78.50589250213937,-78.50589250213937,17,6
2024-06-09 18:00:00,3.25,91.90845806290207,-88.65845806290207,18,6
2024-06-09 19:00:00,35.0,109.2572455429966,-74.2572455429966,19,6
2024-06-09 20:00:00,41.8,106.77292682903419,-64.9729268290342,20,6
2024-06-09 21:00:00,58.76,101.79337499232503,-43.03337499232503,21,6
2024-06-09 22:00:00,69.64,88.23503913319968,-18.595039133199677,22,6
2024-06-09 23:00:00,56.9,80.6661800013942,-23.766180001394197,23,6
2024-06-10 00:00:00,69.41,63.123759028526536,6.286240971473461,0,6
2024-06-10 01:00:00,35.5,54.305766298050116,-18.805766298050116,1,6
2024-06-10 02:00:00,38.2,51.99356344705433,-13.793563447054325,2,6
2024-06-10 03:00:00,35.01,46.90851154223594,-11.898511542235944,3,6
2024-06-10 04:00:00,35.0,42.755689023888294,-7.755689023888294,4,6
2024-06-10 05:00:00,35.01,41.687231855358505,-6.677231855358507,5,6
2024-06-10 06:00:00,38.5,47.46044932466657,-8.96044932466657,6,6
2024-06-10 07:00:00,55.05,50.616731083228274,4.433268916771723,7,6
2024-06-10 08:00:00,35.5,50.854604798679816,-15.354604798679816,8,6
2024-06-10 09:00:00,38.3,54.48059427286495,-16.18059427286495,9,6
2024-06-10 10:00:00,35.13,53.154665909774224,-18.02466590977422,10,6
2024-06-10 11:00:00,35.1,47.36868928425321,-12.268689284253206,11,6
2024-06-10 12:00:00,35.01,46.06489542378006,-11.05489542378006,12,6
2024-06-10 13:00:00,35.01,43.16606477238207,-8.156064772382074,13,6
2024-06-10 14:00:00,35.0,45.24572665738219,-10.245726657382193,14,6
2024-06-10 15:00:00,34.8,47.27910057007534,-12.479100570075346,15,6
2024-06-10 16:00:00,34.8,63.218338976527434,-28.418338976527437,16,6
2024-06-10 17:00:00,35.0,82.69543143630182,-47.69543143630182,17,6
2024-06-10 18:00:00,35.0,94.77535302912304,-59.77535302912304,18,6
2024-06-10 19:00:00,40.56,111.64562031951652,-71.08562031951652,19,6
2024-06-10 20:00:00,71.36,109.788008193228,-38.428008193227996,20,6
2024-06-10 21:00:00,86.75,104.84740088121555,-18.09740088121555,21,6
2024-06-10 22:00:00,71.48,92.55898496063713,-21.07898496063713,22,6
2024-06-10 23:00:00,70.06,85.84678380972304,-15.786783809723033,23,6
2024-06-11 00:00:00,98.3,68.03413229948848,30.26586770051152,0,6
2024-06-11 01:00:00,95.09,59.28813030595512,35.80186969404488,1,6
2024-06-11 02:00:00,84.83,58.78751893507507,26.042481064924928,2,6
2024-06-11 03:00:00,78.2,53.27419090825697,24.925809091743034,3,6
2024-06-11 04:00:00,78.2,49.147588626372624,29.05241137362738,4,6
2024-06-11 05:00:00,85.41,48.88904605724349,36.520953942756506,5,6
2024-06-11 06:00:00,71.48,56.20238458211264,15.277615417887361,6,6
2024-06-11 07:00:00,90.34,59.88753861120682,30.452461388793182,7,6
2024-06-11 08:00:00,98.13,60.407553850753175,37.72244614924682,8,6
2024-06-11 09:00:00,70.0,63.37463196276502,6.625368037234978,9,6
2024-06-11 10:00:00,44.8,61.22494852966037,-16.42494852966037,10,6
2024-06-11 11:00:00,42.3,53.94084529244776,-11.640845292447764,11,6
2024-06-11 12:00:00,41.2,51.30834059996977,-10.108340599969765,12,6
2024-06-11 13:00:00,40.0,46.002187108797955,-6.002187108797955,13,6
2024-06-11 14:00:00,35.02,44.52596826263016,-9.505968262630155,14,6
2024-06-11 15:00:00,35.01,46.57052963853772,-11.560529638537723,15,6
2024-06-11 16:00:00,35.01,60.50346957664232,-25.49346957664232,16,6
2024-06-11 17:00:00,35.13,81.53913940973797,-46.40913940973797,17,6
2024-06-11 18:00:00,43.0,94.23192036744365,-51.23192036744365,18,6
2024-06-11 19:00:00,66.05,110.58099935554719,-44.530999355547195,19,6
2024-06-11 20:00:00,71.12,108.63297014778232,-37.51297014778231,20,6
2024-06-11 21:00:00,85.41,104.31242783309733,-18.902427833097335,21,6
2024-06-11 22:00:00,77.29,91.48280586418821,-14.192805864188202,22,6
2024-06-11 23:00:00,70.13,84.37572827362675,-14.245728273626753,23,6
2024-06-12 00:00:00,83.13,66.56890144735257,16.561098552647422,0,6
2024-06-12 01:00:00,61.4,57.15792380908073,4.242076190919271,1,6
2024-06-12 02:00:00,61.58,55.25265126827122,6.327348731728776,2,6
2024-06-12 03:00:00,60.1,50.90039582643021,9.199604173569789,3,6
2024-06-12 04:00:00,55.2,47.4037254201325,7.7962745798675,4,6
2024-06-12 05:00:00,55.2,47.58245331451809,7.617546685481912,5,6
2024-06-12 06:00:00,60.0,55.06968034308187,4.93031965691813,6,6
2024-06-12 07:00:00,90.34,60.359443779478056,29.980556220521947,7,6
2024-06-12 08:00:00,75.0,59.94883927216,15.05116072784,8,6
2024-06-12 09:00:00,42.5,61.04369809845252,-18.543698098452523,9,6
2024-06-12 10:00:00,35.02,57.63091682371277,-22.610916823712763,10,6
2024-06-12 11:00:00,35.01,51.64783693410186,-16.637836934101863,11,6
2024-06-12 12:00:00,35.01,49.96321331451651,-14.95321331451651,12,6
2024-06-12 13:00:00,35.01,46.634885725527965,-11.624885725527967,13,6
2024-06-12 14:00:00,33.0,47.16769642846248,-14.167696428462477,14,6
2024-06-12 15:00:00,12.25,51.935805417991844,-39.685805417991844,15,6
2024-06-12 16:00:00,10.43,67.01648412503732,-56.58648412503732,16,6
2024-06-12 17:00:00,25.73,87.98756674055903,-62.25756674055903,17,6
2024-06-12 18:00:00,40.0,99.4897762567582,-59.489776256758205,18,6
2024-06-12 19:00:00,55.1,114.42165068650348,-59.32165068650348,19,6
2024-06-12 20:00:00,75.0,112.99029359946263,-37.99029359946263,20,6
2024-06-12 21:00:00,101.34,107.33584369820926,-5.9958436982092564,21,6
2024-06-12 22:00:00,100.98,94.2236777475228,6.756322252477204,22,6
2024-06-12 23:00:00,85.17,87.00376183735273,-1.833761837352725,23,6
2024-06-13 00:00:00,97.86,68.72089744660326,29.13910255339674,0,6
2024-06-13 01:00:00,93.1,59.20540425039502,33.894595749604974,1,6
2024-06-13 02:00:00,90.34,57.97070005022812,32.369299949771886,2,6
2024-06-13 03:00:00,95.26,52.99989862805705,42.26010137194295,3,6
2024-06-13 04:00:00,101.76,49.01080651166194,52.749193488338065,4,6
2024-06-13 05:00:00,105.36,48.16283294367156,57.19716705632844,5,6
2024-06-13 06:00:00,120.0,55.216596668084264,64.78340333191574,6,6
2024-06-13 07:00:00,130.0,58.627760630900696,71.3722393690993,7,6
2024-06-13 08:00:00,90.0,58.40991472224664,31.59008527775336,8,6
2024-06-13 09:00:00,72.94,59.18912718642571,13.75087281357429,9,6
2024-06-13 10:00:00,35.02,56.77277885327305,-21.75277885327305,10,6
2024-06-13 11:00:00,35.0,49.70269011195353,-14.70269011195353,11,6
2024-06-13 12:00:00,33.9,48.447144750319524,-14.547144750319525,12,6
2024-06-13 13:00:00,10.0,45.968931348012404,-35.968931348012404,13,6
2024-06-13 14:00:00,0.0,44.57858948086374,-44.57858948086374,14,6
2024-06-13 15:00:00,0.0,47.55271963414282,-47.55271963414282,15,6
2024-06-13 16:00:00,0.0,64.04084576975072,-64.04084576975072,16,6
2024-06-13 17:00:00,5.49,85.84281605933296,-80.35281605933297,17,6
2024-06-13 18:00:00,14.74,98.98182729377265,-84.24182729377266,18,6
2024-06-13 19:00:00,35.45,115.59931396357428,-80.14931396357427,19,6
2024-06-13 20:00:00,82.1,114.548810814136,-32.44881081413601,20,6
2024-06-13 21:00:00,111.81,110.17938601332531,1.630613986674689,21,6
2024-06-13 22:00:00,109.81,96.91438043446522,12.895619565534787,22,6
2024-06-13 23:00:00,95.26,89.26380322357653,5.996196776423474,23,6
2024-06-14 00:00:00,78.86,72.08870580200227,6.771294197997733,0,6
2024-06-14 01:00:00,76.44,63.21349789678504,13.226502103214955,1,6
2024-06-14 02:00:00,75.72,61.159205337711455,14.560794662288544,2,6
2024-06-14 03:00:00,75.3,55.46792078872943,19.832079211270567,3,6
2024-06-14 04:00:00,75.72,50.96421067452491,24.755789325475092,4,6
2024-06-14 05:00:00,78.02,49.56943420448812,28.450565795511878,5,6
2024-06-14 06:00:00,79.1,55.02982126408591,24.070178735914084,6,6
2024-06-14 07:00:00,90.0,58.13641355824058,31.863586441759423,7,6
2024-06-14 08:00:00,79.34,57.75731229793246,21.582687702067545,8,6
2024-06-14 09:00:00,45.91,57.68103270596157,-11.771032705961574,9,6
2024-06-14 10:00:00,35.01,55.876843474538816,-20.86684347453882,10,6
2024-06-14 11:00:00,12.21,49.80682929756051,-37.59682929756051,11,6
2024-06-14 12:00:00,3.25,49.07620571579014,-45.82620571579014,12,6
2024-06-14 13:00:00,0.44,46.949007403415635,-46.50900740341564,13,6
2024-06-14 14:00:00,0.02,47.82933992450148,-47.80933992450148,14,6
2024-06-14 15:00:00,0.0,52.294325147793245,-52.294325147793245,15,6
2024-06-14 16:00:00,0.0,68.43839217580955,-68.43839217580955,16,6
2024-06-14 17:00:00,0.0,89.97275619976966,-89.97275619976966,17,6
2024-06-14 18:00:00,0.96,102.83728934394378,-101.87728934394379,18,6
2024-06-14 19:00:00,7.0,117.23120188131975,-110.23120188131975,19,6
2024-06-14 20:00:00,35.02,115.34821661588722,-80.32821661588721,20,6
2024-06-14 21:00:00,75.72,109.43399591887538,-33.71399591887538,21,6
2024-06-14 22:00:00,76.44,93.96919091510796,-17.52919091510796,22,6
2024-06-14 23:00:00,49.36,85.31405437800527,-35.95405437800527,23,6
2024-06-15 00:00:00,38.1,66.85921451106196,-28.759214511061963,0,6
2024-06-15 01:00:00,35.02,57.24213467650452,-22.222134676504517,1,6
2024-06-15 02:00:00,35.02,54.737701093263354,-19.71770109326335,2,6
2024-06-15 03:00:00,35.02,48.60428359327989,-13.584283593279885,3,6
2024-06-15 04:00:00,35.02,43.09371338344681,-8.073713383446808,4,6
2024-06-15 05:00:00,35.02,41.93304975997319,-6.913049759973184,5,6
2024-06-15 06:00:00,35.02,49.754057873028614,-14.734057873028611,6,6
2024-06-15 07:00:00,35.01,55.602626207198625,-20.592626207198627,7,6
2024-06-15 08:00:00,17.8,58.50229017322977,-40.70229017322977,8,6
2024-06-15 09:00:00,0.0,60.14132933743724,-60.14132933743724,9,6
2024-06-15 10:00:00,-0.01,60.43992726330026,-60.44992726330026,10,6
2024-06-15 11:00:00,-0.6,56.0686194043804,-56.6686194043804,11,6
2024-06-15 12:00:00,-0.25,55.96365587540697,-56.21365587540697,12,6
2024-06-15 13:00:00,-0.5,53.524623830585426,-54.024623830585426,13,6
2024-06-15 14:00:00,-0.6,54.54633657066955,-55.146336570669554,14,6
2024-06-15 15:00:00,-0.72,58.8704284619119,-59.5904284619119,15,6
2024-06-15 16:00:00,-0.79,74.29283469049363,-75.08283469049364,16,6
2024-06-15 17:00:00,-0.62,94.5254621874845,-95.1454621874845,17,6
2024-06-15 18:00:00,0.0,105.62709930819392,-105.62709930819392,18,6
2024-06-15 19:00:00,9.59,120.47999621397514,-110.88999621397514,19,6
2024-06-15 20:00:00,35.01,116.70722654717571,-81.69722654717572,20,6
2024-06-15 21:00:00,41.64,110.11944811913872,-68.47944811913872,21,6
2024-06-15 22:00:00,47.7,93.86594541406743,-46.16594541406742,22,6
2024-06-15 23:00:00,41.76,85.69268118852148,-43.93268118852148,23,6
2024-06-16 00:00:00,35.01,67.52008623946415,-32.51008623946415,0,6
2024-06-16 01:00:00,35.0,57.323898233705336,-22.323898233705336,1,6
2024-06-16 02:00:00,35.0,53.32612224418085,-18.32612224418085,2,6
2024-06-16 03:00:00,35.0,48.57240433883612,-13.572404338836122,3,6
2024-06-16 04:00:00,35.0,42.632797572395646,-7.632797572395646,4,6
2024-06-16 05:00:00,35.0,41.71262142727875,-6.712621427278748,5,6
2024-06-16 06:00:00,35.01,48.42799414119543,-13.417994141195429,6,6
2024-06-16 07:00:00,18.5,53.069436747330656,-34.569436747330656,7,6
2024-06-16 08:00:00,0.0,51.82737725733364,-51.82737725733364,8,6
2024-06-16 09:00:00,-0.62,53.32350575038663,-53.94350575038663,9,6
2024-06-16 10:00:00,-1.01,59.005373843488144,-60.01537384348814,10,6
2024-06-16 11:00:00,-2.0,52.154953177871164,-54.154953177871164,11,6
2024-06-16 12:00:00,-2.0,49.73713192756469,-51.73713192756469,12,6
2024-06-16 13:00:00,-2.0,44.94474331722455,-46.94474331722455,13,6
2024-06-16 14:00:00,-2.0,45.68931110224315,-47.68931110224315,14,6
2024-06-16 15:00:00,-2.0,49.151210349445876,-51.151210349445876,15,6
2024-06-16 16:00:00,-2.0,65.2852363065187,-67.2852363065187,16,6
2024-06-16 17:00:00,-0.85,86.20131372947475,-87.05131372947474,17,6
2024-06-16 18:00:00,-0.01,97.93214766223855,-97.94214766223855,18,6
2024-06-16 19:00:00,3.25,113.3866954148499,-110.1366954148499,19,6
2024-06-16 20:00:00,16.8,111.10849164383495,-94.30849164383496,20,6
2024-06-16 21:00:00,35.02,105.45798039540875,-70.43798039540874,21,6
2024-06-16 22:00:00,41.26,91.50875212778732,-50.24875212778732,22,6
2024-06-16 23:00:00,41.62,84.13668097198405,-42.51668097198405,23,6
2024-06-17 00:00:00,41.49,66.21567042885687,-24.725670428856866,0,6
2024-06-17 01:00:00,35.01,55.47255105405742,-20.46255105405742,1,6
2024-06-17 02:00:00,35.0,53.9131283190153,-18.9131283190153,2,6
2024-06-17 03:00:00,35.0,47.856743151149146,-12.856743151149146,3,6
2024-06-17 04:00:00,32.0,42.68197290708173,-10.681972907081729,4,6
2024-06-17 05:00:00,35.0,41.12611025660459,-6.126110256604591,5,6
2024-06-17 06:00:00,35.01,46.32198317610829,-11.311983176108292,6,6
2024-06-17 07:00:00,46.5,49.047531715980654,-2.5475317159806536,7,6
2024-06-17 08:00:00,46.5,47.44215172165394,-0.9421517216539428,8,6
2024-06-17 09:00:00,35.01,49.448307453329676,-14.438307453329678,9,6
2024-06-17 10:00:00,22.28,49.24806912493705,-26.968069124937045,10,6
2024-06-17 11:00:00,3.25,44.384249205850836,-41.134249205850836,11,6
2024-06-17 12:00:00,1.5,45.88785446162069,-44.38785446162069,12,6
2024-06-17 13:00:00,0.44,41.99285837906348,-41.55285837906348,13,6
2024-06-17 14:00:00,0.0,42.85786469516853,-42.85786469516853,14,6
2024-06-17 15:00:00,0.0,47.22390800470856,-47.22390800470856,15,6
2024-06-17 16:00:00,0.0,62.99144477582064,-62.99144477582064,16,6
2024-06-17 17:00:00,0.44,83.734236693134,-83.294236693134,17,6
2024-06-17 18:00:00,3.25,97.07712442340784,-93.82712442340784,18,6
2024-06-17 19:00:00,21.72,113.32518181522761,-91.60518181522761,19,6
2024-06-17 20:00:00,46.38,111.0407338927173,-64.6607338927173,20,6
2024-06-17 21:00:00,72.75,106.93385857943935,-34.183858579439345,21,6
2024-06-17 22:00:00,91.27,91.93290637063546,-0.6629063706354685,22,6
2024-06-17 23:00:00,62.78,83.60803733788185,-20.828037337881852,23,6
2024-06-18 00:00:00,51.76,64.11512963963776,-12.35512963963776,0,6
2024-06-18 01:00:00,37.0,54.27494049561261,-17.27494049561261,1,6
2024-06-18 02:00:00,51.01,51.67130513231888,-0.6613051323188799,2,6
2024-06-18 03:00:00,52.59,45.90193790584999,6.688062094150013,3,6
2024-06-18 04:00:00,53.99,41.015808509344595,12.974191490655407,4,6
2024-06-18 05:00:00,66.75,39.43203893634262,27.31796106365738,5,6
2024-06-18 06:00:00,96.13,46.684905684743796,49.4450943152562,6,6
2024-06-18 07:00:00,101.0,50.486072560656,50.513927439344,7,6
2024-06-18 08:00:00,96.13,50.80530153080764,45.324698469192356,8,6
2024-06-18 09:00:00,53.39,51.6008893944275,1.7891106055725032,9,6
2024-06-18 10:00:00,39.0,51.362948114994765,-12.362948114994765,10,6
2024-06-18 11:00:00,35.0,47.53319728075951,-12.53319728075951,11,6
2024-06-18 12:00:00,28.37,47.13548444561087,-18.76548444561087,12,6
2024-06-18 13:00:00,20.97,43.45462558398236,-22.484625583982364,13,6
2024-06-18 14:00:00,11.21,44.78340637599268,-33.57340637599268,14,6
2024-06-18 15:00:00,10.6,48.87628609358211,-38.27628609358211,15,6
2024-06-18 16:00:00,9.99,64.71751118238512,-54.72751118238512,16,6
2024-06-18 17:00:00,20.27,85.06843091034636,-64.79843091034637,17,6
2024-06-18 18:00:00,35.0,97.54446085261424,-62.544460852614236,18,6
2024-06-18 19:00:00,45.28,113.99245472861844,-68.71245472861844,19,6
2024-06-18 20:00:00,80.23,111.61198859202113,-31.38198859202113,20,6
2024-06-18 21:00:00,124.12,104.79319589720615,19.326804102793858,21,6
2024-06-18 22:00:00,130.9,88.31379948398012,42.586200516019886,22,6
2024-06-18 23:00:00,110.41,80.10228174118475,30.307718258815243,23,6
2024-06-19 00:00:00,105.16,62.0093450999787,43.150654900021294,0,6
2024-06-19 01:00:00,99.96,51.97316473870575,47.986835261294246,1,6
2024-06-19 02:00:00,94.76,49.81012902568813,44.94987097431188,2,6
2024-06-19 03:00:00,90.56,44.2662501782425,46.2937498217575,3,6
2024-06-19 04:00:00,90.56,39.48551905511596,51.074480944884044,4,6
2024-06-19 05:00:00,94.76,37.83510269654249,56.92489730345751,5,6
2024-06-19 06:00:00,100.0,44.24566093911949,55.75433906088051,6,6
2024-06-19 07:00:00,114.32,48.71097808023728,65.60902191976271,7,6
2024-06-19 08:00:00,100.0,50.36121781594329,49.63878218405671,8,6
2024-06-19 09:00:00,84.69,52.54630144206908,32.14369855793092,9,6
2024-06-19 10:00:00,74.71,50.1609395471217,24.549060452878294,10,6
2024-06-19 11:00:00,46.41,44.526946492224,1.8830535077759976,11,6
2024-06-19 12:00:00,43.54,43.361388403494516,0.1786115965054833,12,6
2024-06-19 13:00:00,37.0,39.38500390827488,-2.385003908274882,13,6
2024-06-19 14:00:00,36.4,38.31341955266896,-1.9134195526689624,14,6
2024-06-19 15:00:00,35.02,41.52666150744881,-6.506661507448804,15,6
2024-06-19 16:00:00,35.01,56.55775709289651,-21.54775709289651,16,6
2024-06-19 17:00:00,35.02,77.16301916674104,-42.143019166741034,17,6
2024-06-19 18:00:00,38.47,91.62518216744019,-53.15518216744019,18,6
2024-06-19 19:00:00,79.83,108.06929060917957,-28.239290609179577,19,6
2024-06-19 20:00:00,87.41,106.52103069742628,-19.111030697426287,20,6
2024-06-19 21:00:00,109.81,100.69795030231649,9.112049697683517,21,6
2024-06-19 22:00:00,109.0,86.86134351667158,22.13865648332842,22,6
2024-06-19 23:00:00,89.59,79.46497123927259,10.125028760727417,23,6
2024-06-20 00:00:00,109.26,61.66529467457292,47.594705325427086,0,6
2024-06-20 01:00:00,105.0,51.86919126499566,53.13080873500434,1,6
2024-06-20 02:00:00,103.0,49.74863914343831,53.25136085656169,2,6
2024-06-20 03:00:00,102.1,44.1892533539683,57.9107466460317,3,6
2024-06-20 04:00:00,96.9,39.78282789363794,57.11717210636206,4,6
2024-06-20 05:00:00,94.3,39.19095368760685,55.10904631239315,5,6
2024-06-20 06:00:00,99.0,46.287861430083694,52.712138569916306,6,6
2024-06-20 07:00:00,111.72,51.05399666046384,60.66600333953616,7,6
2024-06-20 08:00:00,103.0,49.1861444273855,53.8138555726145,8,6
2024-06-20 09:00:00,95.0,49.04905739244953,45.95094260755047,9,6
2024-06-20 10:00:00,71.87,45.94008893245069,25.929911067549313,10,6
2024-06-20 11:00:00,63.04,41.119789426436455,21.920210573563544,11,6
2024-06-20 12:00:00,59.94,39.050548937413794,20.889451062586204,12,6
2024-06-20 13:00:00,58.35,34.80185098715174,23.548149012848263,13,6
2024-06-20 14:00:00,61.42,33.6799573271619,27.7400426728381,14,6
2024-06-20 15:00:00,61.93,37.472063514020306,24.457936485979694,15,6
2024-06-20 16:00:00,61.42,52.11742991208558,9.302570087914418,16,6
2024-06-20 17:00:00,62.15,74.14527372610905,-11.995273726109055,17,6
2024-06-20 18:00:00,77.46,87.23390574090598,-9.773905740905988,18,6
2024-06-20 19:00:00,107.0,104.822794211325,2.1772057886749963,19,6
2024-06-20 20:00:00,115.28,102.20327098995568,13.076729010044318,20,6
2024-06-20 21:00:00,122.78,96.69897569407334,26.08102430592666,21,6
2024-06-20 22:00:00,120.0,82.70824772138417,37.29175227861583,22,6
2024-06-20 23:00:00,112.48,76.56637732650364,35.91362267349636,23,6
2024-06-21 00:00:00,102.72,59.16342590086521,43.55657409913479,0,6
2024-06-21 01:00:00,100.34,49.468226865772806,50.8717731342272,1,6
2024-06-21 02:00:00,102.3,48.082973619149925,54.21702638085007,2,6
2024-06-21 03:00:00,102.3,42.347285293750474,59.95271470624952,3,6
2024-06-21 04:00:00,102.3,37.48006497845313,64.81993502154687,4,6
2024-06-21 05:00:00,102.72,36.99023901185092,65.72976098814908,5,6
2024-06-21 06:00:00,100.0,44.064781496015655,55.935218503984345,6,6
2024-06-21 07:00:00,113.47,48.13203482011113,65.33796517988887,7,6
2024-06-21 08:00:00,114.32,47.32944948941213,66.99055051058787,8,6
2024-06-21 09:00:00,105.0,49.4853948636549,55.5146051363451,9,6
2024-06-21 10:00:00,80.0,47.10051604868079,32.89948395131921,10,6
2024-06-21 11:00:00,60.0,40.61502217874835,19.384977821251653,11,6
2024-06-21 12:00:00,61.34,40.552893187638404,20.7871068123616,12,6
2024-06-21 13:00:00,57.4,35.40697092149702,21.99302907850298,13,6
2024-06-21 14:00:00,55.1,35.38616795638171,19.71383204361829,14,6
2024-06-21 15:00:00,43.17,37.82782594125422,5.342174058745783,15,6
2024-06-21 16:00:00,40.0,54.23775904544402,-14.237759045444022,16,6
2024-06-21 17:00:00,49.8,75.30772501603906,-25.50772501603906,17,6
2024-06-21 18:00:00,56.75,88.77986640350463,-32.02986640350463,18,6
2024-06-21 19:00:00,77.46,105.90810625396034,-28.448106253960347,19,6
2024-06-21 20:00:00,100.01,103.73034511662394,-3.720345116623932,20,6
2024-06-21 21:00:00,114.86,99.06917759386977,15.790822406130232,21,6
2024-06-21 22:00:00,115.0,84.53203035615871,30.467969643841286,22,6
2024-06-21 23:00:00,105.74,77.1701561801475,28.569843819852494,23,6
2024-06-22 00:00:00,84.0,59.27735603597216,24.72264396402784,0,6
2024-06-22 01:00:00,76.58,50.40956132269423,26.170438677305768,1,6
2024-06-22 02:00:00,75.64,48.931241346687614,26.708758653312387,2,6
2024-06-22 03:00:00,76.1,43.91996852013932,32.18003147986067,3,6
2024-06-22 04:00:00,75.74,39.94995091266293,35.79004908733707,4,6
2024-06-22 05:00:00,75.62,39.04474030402679,36.575259695973216,5,6
2024-06-22 06:00:00,75.64,47.07968354839983,28.560316451600173,6,6
2024-06-22 07:00:00,63.45,52.8969505610977,10.553049438902306,7,6
2024-06-22 08:00:00,36.95,51.442743584943,-14.492743584943,8,6
2024-06-22 09:00:00,34.65,52.28224746512683,-17.63224746512683,9,6
2024-06-22 10:00:00,12.54,50.492399370358214,-37.952399370358215,10,6
2024-06-22 11:00:00,3.59,45.38175931857262,-41.791759318572616,11,6
2024-06-22 12:00:00,0.44,45.049666564012284,-44.60966656401229,12,6
2024-06-22 13:00:00,0.03,41.95009085525777,-41.92009085525777,13,6
2024-06-22 14:00:00,0.0,41.85157882923863,-41.85157882923863,14,6
2024-06-22 15:00:00,0.0,46.46423577373804,-46.46423577373804,15,6
2024-06-22 16:00:00,0.0,62.72053842511991,-62.72053842511991,16,6
2024-06-22 17:00:00,0.0,85.25095020948413,-85.25095020948413,17,6
2024-06-22 18:00:00,0.44,99.37483037623389,-98.93483037623389,18,6
2024-06-22 19:00:00,35.0,116.35470711647292,-81.35470711647292,19,6
2024-06-22 20:00:00,50.0,112.37145319761197,-62.37145319761197,20,6
2024-06-22 21:00:00,76.79,107.22770445748023,-30.437704457480223,21,6
2024-06-22 22:00:00,99.1,92.90544012078396,6.19455987921603,22,6
2024-06-22 23:00:00,77.46,85.49435852623128,-8.034358526231287,23,6
2024-06-23 00:00:00,77.0,67.75028301029266,9.249716989707338,0,6
2024-06-23 01:00:00,56.99,57.14373544679228,-0.15373544679227535,1,6
2024-06-23 02:00:00,46.19,53.8662829556996,-7.676282955699605,2,6
2024-06-23 03:00:00,35.01,48.460476589468556,-13.450476589468558,3,6
2024-06-23 04:00:00,35.0,43.792019124268165,-8.792019124268165,4,6
2024-06-23 05:00:00,35.0,41.85764346532255,-6.857643465322553,5,6
2024-06-23 06:00:00,35.0,48.21935760002083,-13.219357600020828,6,6
2024-06-23 07:00:00,30.65,53.30940827196952,-22.659408271969518,7,6
2024-06-23 08:00:00,9.76,54.07108607364387,-44.31108607364387,8,6
2024-06-23 09:00:00,0.0,56.25169532162033,-56.25169532162033,9,6
2024-06-23 10:00:00,-0.01,56.50843941107706,-56.51843941107706,10,6
2024-06-23 11:00:00,-0.11,50.16985858177537,-50.27985858177537,11,6
2024-06-23 12:00:00,-0.5,49.9980310796052,-50.4980310796052,12,6
2024-06-23 13:00:00,-1.0,47.74453444528103,-48.74453444528103,13,6
2024-06-23 14:00:00,-1.99,49.34240411514452,-51.33240411514452,14,6
2024-06-23 15:00:00,-2.0,52.53508571191651,-54.53508571191651,15,6
2024-06-23 16:00:00,-0.85,68.4820762797259,-69.3320762797259,16,6
2024-06-23 17:00:00,-0.66,89.76919436526032,-90.42919436526032,17,6
2024-06-23 18:00:00,-0.01,103.32602033798838,-103.33602033798839,18,6
2024-06-23 19:00:00,1.0,117.86043587539086,-116.86043587539086,19,6
2024-06-23 20:00:00,35.01,112.94204845527543,-77.93204845527544,20,6
2024-06-23 21:00:00,77.0,106.94208108481291,-29.942081084812912,21,6
2024-06-23 22:00:00,95.62,93.2007442330156,2.4192557669844064,22,6
2024-06-23 23:00:00,80.15,85.20880368288778,-5.0588036828877705,23,6
2024-06-24 00:00:00,51.8,67.07998027154275,-15.279980271542755,0,6
2024-06-24 01:00:00,43.6,56.39705512270018,-12.79705512270018,1,6
2024-06-24 02:00:00,40.0,53.837965123947185,-13.837965123947185,2,6
2024-06-24 03:00:00,35.4,48.18847952355361,-12.788479523553612,3,6
2024-06-24 04:00:00,35.02,43.063957498473485,-8.043957498473482,4,6
2024-06-24 05:00:00,49.07,41.99795000774782,7.0720499922521824,5,6
2024-06-24 06:00:00,55.03,48.96308481629421,6.066915183705788,6,6
2024-06-24 07:00:00,70.0,54.7181400292701,15.281859970729897,7,6
2024-06-24 08:00:00,40.0,54.94583848538326,-14.945838485383263,8,6
2024-06-24 09:00:00,35.02,57.77765852337291,-22.757658523372903,9,6
2024-06-24 10:00:00,35.0,58.38889274911651,-23.388892749116508,10,6
2024-06-24 11:00:00,5.0,53.020465393551945,-48.020465393551945,11,6
2024-06-24 12:00:00,3.6,53.08097017316226,-49.480970173162255,12,6
2024-06-24 13:00:00,5.1,50.74870982279492,-45.64870982279492,13,6
2024-06-24 14:00:00,2.9,53.00594168664145,-50.10594168664145,14,6
2024-06-24 15:00:00,0.0,56.408128144608156,-56.408128144608156,15,6
2024-06-24 16:00:00,0.0,71.66181364146854,-71.66181364146854,16,6
2024-06-24 17:00:00,5.0,92.48249834168934,-87.48249834168934,17,6
2024-06-24 18:00:00,34.8,105.09694207964719,-70.2969420796472,18,6
2024-06-24 19:00:00,35.45,120.12609461145519,-84.67609461145518,19,6
2024-06-24 20:00:00,83.27,116.84917577809193,-33.57917577809194,20,6
2024-06-24 21:00:00,117.33,111.90409951588742,5.425900484112574,21,6
2024-06-24 22:00:00,113.7,97.78016760545734,15.919832394542667,22,6
2024-06-24 23:00:00,91.54,89.51207862141308,2.0279213785869246,23,6
2024-06-25 00:00:00,79.51,70.43034674591365,9.079653254086352,0,6
2024-06-25 01:00:00,94.85,60.34245693623848,34.50754306376152,1,6
2024-06-25 02:00:00,91.15,57.120034419910155,34.02996558008985,2,6
2024-06-25 03:00:00,82.0,52.19976956745836,29.80023043254164,3,6
2024-06-25 04:00:00,89.85,47.5132275202069,42.3367724797931,4,6
2024-06-25 05:00:00,73.0,46.7568640431121,26.243135956887897,5,6
2024-06-25 06:00:00,82.0,55.013993118712904,26.986006881287096,6,6
2024-06-25 07:00:00,98.2,59.984872522358046,38.21512747764196,7,6
2024-06-25 08:00:00,74.77,59.62214112332316,15.147858876676835,8,6
2024-06-25 09:00:00,64.9,60.30248451490809,4.597515485091918,9,6
2024-06-25 10:00:00,35.69,59.43865478171705,-23.74865478171705,10,6
2024-06-25 11:00:00,35.02,55.141525394242535,-20.121525394242532,11,6
2024-06-25 12:00:00,35.01,54.81647877735651,-19.80647877735651,12,6
2024-06-25 13:00:00,35.01,51.23673549574414,-16.226735495744144,13,6
2024-06-25 14:00:00,35.0,51.71121093485493,-16.711210934854932,14,6
2024-06-25 15:00:00,35.0,56.344726216868764,-21.344726216868764,15,6
2024-06-25 16:00:00,35.0,72.53299685161551,-37.53299685161551,16,6
2024-06-25 17:00:00,35.02,93.37790596911418,-58.35790596911418,17,6
2024-06-25 18:00:00,48.99,106.02654276325205,-57.03654276325205,18,6
2024-06-25 19:00:00,77.0,121.96953026683553,-44.969530266835534,19,6
2024-06-25 20:00:00,105.0,119.28851432661861,-14.28851432661861,20,6
2024-06-25 21:00:00,117.41,113.5570507436787,3.8529492563212955,21,6
2024-06-25 22:00:00,116.81,99.27527234676558,17.534727653234427,22,6
2024-06-25 23:00:00,105.45,90.73509048754204,14.714909512457965,23,6
2024-06-26 00:00:00,107.43,71.82247178098481,35.607528219015194,0,6
2024-06-26 01:00:00,99.96,61.14693880886233,38.81306119113766,1,6
2024-06-26 02:00:00,95.32,58.28331892600653,37.03668107399346,2,6
2024-06-26 03:00:00,95.46,52.581272714350575,42.87872728564942,3,6
2024-06-26 04:00:00,91.7,47.91199644649913,43.78800355350087,4,6
2024-06-26 05:00:00,97.12,46.2139688947758,50.9060311052242,5,6
2024-06-26 06:00:00,109.59,52.481780229831145,57.10821977016886,6,6
2024-06-26 07:00:00,130.0,57.4709422000808,72.5290577999192,7,6
2024-06-26 08:00:00,115.45,58.143436758541725,57.30656324145828,8,6
2024-06-26 09:00:00,101.76,59.86908336158427,41.89091663841573,9,6
2024-06-26 10:00:00,90.98,58.63036286209649,32.349637137903514,10,6
2024-06-26 11:00:00,85.99,53.66726826921075,32.32273173078924,11,6
2024-06-26 12:00:00,79.41,54.49282924586112,24.91717075413888,12,6
2024-06-26 13:00:00,77.24,52.830417981878384,24.40958201812161,13,6
2024-06-26 14:00:00,73.65,53.083829411881084,20.566170588118922,14,6
2024-06-26 15:00:00,60.0,57.925969278839716,2.074030721160284,15,6
2024-06-26 16:00:00,61.0,74.05398195758738,-13.053981957587382,16,6
2024-06-26 17:00:00,82.01,93.94322263153924,-11.933222631539238,17,6
2024-06-26 18:00:00,91.22,106.71670101956505,-15.496701019565052,18,6
2024-06-26 19:00:00,104.55,120.76970328358516,-16.21970328358516,19,6
2024-06-26 20:00:00,116.05,117.7644239704938,-1.7144239704937974,20,6
2024-06-26 21:00:00,137.18,111.53353568546567,25.64646431453434,21,6
2024-06-26 22:00:00,118.98,95.10740888712957,23.872591112870438,22,6
2024-06-26 23:00:00,110.0,86.15451106136419,23.84548893863581,23,6
2024-06-27 00:00:00,102.07,66.45085431047255,35.61914568952744,0,6
2024-06-27 01:00:00,99.0,55.829437958916,43.170562041084,1,6
2024-06-27 02:00:00,101.77,52.46816869253172,49.30183130746828,2,6
2024-06-27 03:00:00,104.37,47.320958541962455,57.04904145803755,3,6
2024-06-27 04:00:00,101.77,42.61805475006901,59.15194524993099,4,6
2024-06-27 05:00:00,99.17,40.69926362191711,58.47073637808289,5,6
2024-06-27 06:00:00,112.72,46.927960976747215,65.79203902325278,6,6
2024-06-27 07:00:00,120.74,52.675237471012565,68.06476252898743,7,6
2024-06-27 08:00:00,115.44,54.1812291982983,61.2587708017017,8,6
2024-06-27 09:00:00,102.07,56.83669672383712,45.23330327616287,9,6
2024-06-27 10:00:00,100.47,55.688192731969366,44.78180726803063,10,6
2024-06-27 11:00:00,77.0,49.98342874526429,27.01657125473571,11,6
2024-06-27 12:00:00,65.01,50.2857445555386,14.724255444461406,12,6
2024-06-27 13:00:00,64.75,46.20800929944244,18.541990700557562,13,6
2024-06-27 14:00:00,51.1,45.65240659390673,5.447593406093269,14,6
2024-06-27 15:00:00,45.66,48.54987527523116,-2.8898752752311623,15,6
2024-06-27 16:00:00,42.45,63.053304794928295,-20.60330479492829,16,6
2024-06-27 17:00:00,45.06,83.35887082927024,-38.29887082927024,17,6
2024-06-27 18:00:00,63.43,96.52310780220256,-33.09310780220256,18,6
2024-06-27 19:00:00,75.39,112.77732605967373,-37.387326059673725,19,6
2024-06-27 20:00:00,99.75,110.37775232377055,-10.627752323770551,20,6
2024-06-27 21:00:00,116.05,104.42538403876938,11.624615961230617,21,6
2024-06-27 22:00:00,118.35,90.25577744296413,28.094222557035863,22,6
2024-06-27 23:00:00,114.72,83.44486365497772,31.275136345022275,23,6
2024-06-28 00:00:00,99.0,65.275243492019,33.724756507981,0,6
2024-06-28 01:00:00,100.0,55.11430743763054,44.88569256236946,1,6
2024-06-28 02:00:00,98.6,52.69406868496725,45.905931315032745,2,6
2024-06-28 03:00:00,94.04,47.23975547980115,46.80024452019886,3,6
2024-06-28 04:00:00,93.4,43.349289032855324,50.05071096714468,4,6
2024-06-28 05:00:00,95.81,41.49386175191256,54.31613824808744,5,6
2024-06-28 06:00:00,99.9,47.396365057629225,52.50363494237078,6,6
2024-06-28 07:00:00,100.16,52.003366011564594,48.1566339884354,7,6
2024-06-28 08:00:00,103.5,53.62222757391066,49.87777242608934,8,6
2024-06-28 09:00:00,98.6,56.37425000645419,42.225749993545804,9,6
2024-06-28 10:00:00,92.0,55.97100536074953,36.02899463925047,10,6
2024-06-28 11:00:00,76.1,50.37086211267007,25.729137887329927,11,6
2024-06-28 12:00:00,59.99,49.457740806990955,10.532259193009047,12,6
2024-06-28 13:00:00,47.01,46.14395727494599,0.8660427250540081,13,6
2024-06-28 14:00:00,45.77,46.55633453060898,-0.7863345306089755,14,6
2024-06-28 15:00:00,40.0,50.90476193239789,-10.90476193239789,15,6
2024-06-28 16:00:00,35.02,66.403305025375,-31.383305025375,16,6
2024-06-28 17:00:00,35.02,87.40314052501174,-52.38314052501173,17,6
2024-06-28 18:00:00,48.64,101.08561331517433,-52.44561331517433,18,6
2024-06-28 19:00:00,88.5,118.19364095582472,-29.69364095582472,19,6
2024-06-28 20:00:00,94.04,116.2336660579499,-22.193666057949898,20,6
2024-06-28 21:00:00,105.42,109.60354280374895,-4.183542803748949,21,6
2024-06-28 22:00:00,113.3,94.53052473777626,18.769475262223736,22,6
2024-06-28 23:00:00,105.18,87.88772086184622,17.292279138153788,23,6
2024-06-29 00:00:00,90.0,69.26895355139186,20.73104644860814,0,6
2024-06-29 01:00:00,71.6,59.349466630608504,12.25053336939149,1,6
2024-06-29 02:00:00,47.5,56.3514960020579,-8.8514960020579,2,6
2024-06-29 03:00:00,47.5,50.665279887992426,-3.165279887992426,3,6
2024-06-29 04:00:00,47.29,45.9572490084268,1.3327509915731994,4,6
2024-06-29 05:00:00,47.01,44.75782040083459,2.2521795991654088,5,6
2024-06-29 06:00:00,47.29,50.65442805090839,-3.364428050908394,6,6
2024-06-29 07:00:00,50.2,55.22209598684873,-5.022095986848726,7,6
2024-06-29 08:00:00,47.29,55.476837380668485,-8.186837380668486,8,6
2024-06-29 09:00:00,46.62,56.954346410732796,-10.334346410732799,9,6
2024-06-29 10:00:00,45.06,55.86129384879149,-10.801293848791488,10,6
2024-06-29 11:00:00,35.02,50.170306796439775,-15.150306796439772,11,6
2024-06-29 12:00:00,35.01,47.740787973289684,-12.730787973289686,12,6
2024-06-29 13:00:00,35.0,42.832857462315985,-7.832857462315985,13,6
2024-06-29 14:00:00,10.0,42.04010347698221,-32.04010347698221,14,6
2024-06-29 15:00:00,1.5,44.62274776609485,-43.12274776609485,15,6
2024-06-29 16:00:00,12.76,57.71519010057017,-44.95519010057017,16,6
2024-06-29 17:00:00,31.86,78.37959263019991,-46.51959263019991,17,6
2024-06-29 18:00:00,35.02,91.30900166640589,-56.28900166640589,18,6
2024-06-29 19:00:00,46.6,107.55807380829577,-60.95807380829577,19,6
2024-06-29 20:00:00,73.37,106.01192972112767,-32.64192972112767,20,6
2024-06-29 21:00:00,102.36,99.45139594033617,2.90860405966383,21,6
2024-06-29 22:00:00,106.08,86.50212799855677,19.577872001443225,22,6
2024-06-29 23:00:00,100.94,79.11283772316659,21.827162276833405,23,6
2024-06-30 00:00:00,102.9,60.98051700704235,41.919482992957654,0,6
2024-06-30 01:00:00,101.7,51.36369871765169,50.336301282348316,1,6
2024-06-30 02:00:00,101.7,49.46664795182966,52.233352048170346,2,6
2024-06-30 03:00:00,101.7,44.566599690874455,57.13340030912555,3,6
2024-06-30 04:00:00,100.92,39.71595493889777,61.204045061102235,4,6
2024-06-30 05:00:00,100.92,37.74797316753319,63.17202683246681,5,6
2024-06-30 06:00:00,99.75,44.0631303606894,55.6868696393106,6,6
2024-06-30 07:00:00,73.37,47.973935651765544,25.39606434823446,7,6
2024-06-30 08:00:00,47.5,49.56621430697129,-2.0662143069712897,8,6
2024-06-30 09:00:00,44.01,52.88783152107618,-8.877831521076182,9,6
2024-06-30 10:00:00,35.01,53.654276107222984,-18.644276107222986,10,6
2024-06-30 11:00:00,22.99,47.48454801641128,-24.494548016411283,11,6
2024-06-30 12:00:00,10.0,46.034561097424955,-36.034561097424955,12,6
2024-06-30 13:00:00,4.49,40.86094127968698,-36.37094127968698,13,6
2024-06-30 14:00:00,0.02,39.52387445604177,-39.503874456041764,14,6
2024-06-30 15:00:00,0.0,41.74984872832198,-41.74984872832198,15,6
2024-06-30 16:00:00,0.94,56.77390771243802,-55.83390771243802,16,6
2024-06-30 17:00:00,3.6,77.84332359883888,-74.24332359883888,17,6
2024-06-30 18:00:00,27.43,90.21982486080265,-62.789824860802646,18,6
2024-06-30 19:00:00,46.62,106.64557721682417,-60.02557721682417,19,6
2024-06-30 20:00:00,59.1,103.6053688678283,-44.5053688678283,20,6
2024-06-30 21:00:00,101.64,97.8116955443013,3.8283044556986994,21,6
2024-06-30 22:00:00,103.22,84.25096988987269,18.969030110127306,22,6
2024-06-30 23:00:00,100.92,76.97633168129477,23.943668318705235,23,6
2024-07-01 00:00:00,73.37,59.494650338638394,13.87534966136161,0,7
2024-07-01 01:00:00,67.3,49.58369067837657,17.716309321623427,1,7
2024-07-01 02:00:00,60.0,48.13792294274782,11.86207705725218,2,7
2024-07-01 03:00:00,66.54,43.21203929653194,23.327960703468065,3,7
2024-07-01 04:00:00,50.2,38.953694219030524,11.246305780969479,4,7
2024-07-01 05:00:00,51.9,37.88085421757381,14.019145782426186,5,7
2024-07-01 06:00:00,59.26,43.83172691217169,15.428273087828309,6,7
2024-07-01 07:00:00,87.57,46.392041622682655,41.17795837731734,7,7
2024-07-01 08:00:00,71.18,46.90751024941483,24.27248975058518,8,7
2024-07-01 09:00:00,50.03,48.60157498300947,1.4284250169905306,9,7
2024-07-01 10:00:00,44.52,47.16249683406397,-2.6424968340639694,10,7
2024-07-01 11:00:00,35.01,41.90797047550029,-6.897970475500294,11,7
2024-07-01 12:00:00,35.01,41.23923656272353,-6.2292365627235355,12,7
2024-07-01 13:00:00,35.0,37.87106079681473,-2.8710607968147315,13,7
2024-07-01 14:00:00,21.17,38.60922186533003,-17.439221865330026,14,7
2024-07-01 15:00:00,15.02,42.279520301371406,-27.259520301371406,15,7
2024-07-01 16:00:00,10.15,57.421118529553155,-47.271118529553156,16,7
2024-07-01 17:00:00,21.17,80.19532528250016,-59.02532528250016,17,7
2024-07-01 18:00:00,35.02,94.31148167180834,-59.291481671808334,18,7
2024-07-01 19:00:00,49.28,110.45677557666608,-61.176775576666074,19,7
2024-07-01 20:00:00,71.18,108.63652278886747,-37.45652278886746,20,7
2024-07-01 21:00:00,80.79,103.87903170951353,-23.08903170951352,21,7
2024-07-01 22:00:00,99.26,89.88833587753913,9.37166412246087,22,7
2024-07-01 23:00:00,87.46,82.81834635828119,4.641653641718804,23,7
2024-07-02 00:00:00,65.53,65.06052391913585,0.4694760808641547,0,7
2024-07-02 01:00:00,49.9,56.50209290921879,-6.60209290921879,1,7
2024-07-02 02:00:00,39.69,53.83987765483505,-14.149877654835052,2,7
2024-07-02 03:00:00,38.01,48.18954352155038,-10.179543521550379,3,7
2024-07-02 04:00:00,37.75,43.05039219233021,-5.300392192330207,4,7
2024-07-02 05:00:00,41.07,42.385098840194075,-1.315098840194075,5,7
2024-07-02 06:00:00,55.0,51.01051309995739,3.989486900042607,6,7
2024-07-02 07:00:00,81.82,56.555272828457134,25.26472717154286,7,7
2024-07-02 08:00:00,61.66,56.703687234226095,4.956312765773902,8,7
2024-07-02 09:00:00,45.0,57.35624216683681,-12.356242166836807,9,7
2024-07-02 10:00:00,35.0,55.67028369942204,-20.670283699422043,10,7
2024-07-02 11:00:00,30.9,50.81838750892996,-19.91838750892996,11,7
2024-07-02 12:00:00,26.79,50.920921174016655,-24.130921174016656,12,7
2024-07-02 13:00:00,24.99,45.9610702824898,-20.9710702824898,13,7
2024-07-02 14:00:00,17.95,47.575438750753335,-29.625438750753336,14,7
2024-07-02 15:00:00,4.0,51.36886280773041,-47.36886280773041,15,7
2024-07-02 16:00:00,4.0,67.77847245725616,-63.77847245725616,16,7
2024-07-02 17:00:00,10.96,89.72605495530854,-78.76605495530853,17,7
2024-07-02 18:00:00,35.0,102.78232928721087,-67.78232928721087,18,7
2024-07-02 19:00:00,37.75,118.10654316028649,-80.35654316028649,19,7
2024-07-02 20:00:00,74.64,116.31787746496104,-41.67787746496104,20,7
2024-07-02 21:00:00,110.41,110.74135688502002,-0.33135688502002836,21,7
2024-07-02 22:00:00,109.45,95.94829037661145,13.50170962338855,22,7
2024-07-02 23:00:00,89.99,87.65170348709393,2.3382965129060693,23,7
2024-07-03 00:00:00,94.22,70.0551401475991,24.164859852400895,0,7
2024-07-03 01:00:00,83.79,59.4613123739295,24.328687626070504,1,7
2024-07-03 02:00:00,80.0,56.41336361069415,23.586636389305852,2,7
2024-07-03 03:00:00,72.0,51.28854778970657,20.71145221029343,3,7
2024-07-03 04:00:00,70.8,46.53405443712046,24.265945562879537,4,7
2024-07-03 05:00:00,65.65,45.42682270480924,20.223177295190766,5,7
2024-07-03 06:00:00,85.0,54.069558003457416,30.930441996542584,6,7
2024-07-03 07:00:00,99.77,58.802001971129016,40.96799802887098,7,7
2024-07-03 08:00:00,95.75,59.415593480215534,36.334406519784466,8,7
2024-07-03 09:00:00,76.0,60.268299603662285,15.731700396337715,9,7
2024-07-03 10:00:00,54.08,59.11950479875958,-5.03950479875958,10,7
2024-07-03 11:00:00,40.25,53.56228796124975,-13.312287961249751,11,7
2024-07-03 12:00:00,35.0,53.156290129881086,-18.156290129881086,12,7
2024-07-03 13:00:00,21.34,49.55974419246979,-28.219744192469793,13,7
2024-07-03 14:00:00,14.0,49.86396675452778,-35.86396675452778,14,7
2024-07-03 15:00:00,8.68,55.21282358205946,-46.53282358205946,15,7
2024-07-03 16:00:00,3.6,71.57604781626111,-67.97604781626112,16,7
2024-07-03 17:00:00,12.17,93.24331758911364,-81.07331758911364,17,7
2024-07-03 18:00:00,34.27,106.62706246091363,-72.35706246091362,18,7
2024-07-03 19:00:00,35.02,122.185156614866,-87.16515661486599,19,7
2024-07-03 20:00:00,89.9,119.51619313723597,-29.616193137235967,20,7
2024-07-03 21:00:00,107.51,113.39313259981077,-5.883132599810764,21,7
2024-07-03 22:00:00,106.49,99.6928202928853,6.797179707114694,22,7
2024-07-03 23:00:00,95.66,90.93664563830714,4.723354361692856,23,7
2024-07-04 00:00:00,94.94,72.89027479296158,22.04972520703842,0,7
2024-07-04 01:00:00,80.0,62.785326486963925,17.214673513036075,1,7
2024-07-04 02:00:00,72.5,59.93088878802138,12.569111211978623,2,7
2024-07-04 03:00:00,83.54,54.53041194478806,29.00958805521195,3,7
2024-07-04 04:00:00,80.0,49.05045229445636,30.949547705543637,4,7
2024-07-04 05:00:00,86.27,47.600583975256086,38.66941602474391,5,7
2024-07-04 06:00:00,96.04,55.62837332766628,40.411626672333725,6,7
2024-07-04 07:00:00,99.88,63.158799430042734,36.72120056995726,7,7
2024-07-04 08:00:00,83.82,65.50450428593547,18.315495714064525,8,7
2024-07-04 09:00:00,40.0,66.74569428967027,-26.74569428967027,9,7
2024-07-04 10:00:00,4.83,66.34286658366688,-61.51286658366688,10,7
2024-07-04 11:00:00,0.0,60.96456650007184,-60.96456650007184,11,7
2024-07-04 12:00:00,0.0,59.79280151512364,-59.79280151512364,12,7
2024-07-04 13:00:00,0.0,57.48315726872028,-57.48315726872028,13,7
2024-07-04 14:00:00,0.0,58.02226814918055,-58.02226814918055,14,7
2024-07-04 15:00:00,-0.82,62.6484033170654,-63.4684033170654,15,7
2024-07-04 16:00:00,-0.82,78.80116261734537,-79.62116261734536,16,7
2024-07-04 17:00:00,0.0,101.50244712945005,-101.50244712945005,17,7
2024-07-04 18:00:00,6.77,113.50846421743921,-106.73846421743922,18,7
2024-07-04 19:00:00,42.38,129.00991234716543,-86.62991234716543,19,7
2024-07-04 20:00:00,86.9,124.58176382552887,-37.68176382552886,20,7
2024-07-04 21:00:00,99.64,117.42375887886755,-17.783758878867545,21,7
2024-07-04 22:00:00,98.5,102.62448272999137,-4.124482729991371,22,7
2024-07-04 23:00:00,90.0,94.4870503548097,-4.487050354809696,23,7
2024-07-05 00:00:00,81.66,75.77642119283001,5.883578807169982,0,7
2024-07-05 01:00:00,81.66,65.46170639664086,16.198293603359133,1,7
2024-07-05 02:00:00,81.42,62.84232837816768,18.577671621832323,2,7
2024-07-05 03:00:00,87.75,56.96420101840107,30.78579898159893,3,7
2024-07-05 04:00:00,88.2,52.46096643346522,35.739033566534786,4,7
2024-07-05 05:00:00,90.01,51.30097302323634,38.70902697676367,5,7
2024-07-05 06:00:00,95.33,59.0022471358115,36.3277528641885,6,7
2024-07-05 07:00:00,104.25,66.48859615924596,37.76140384075404,7,7
2024-07-05 08:00:00,91.43,68.6408700757072,22.78912992429281,8,7
2024-07-05 09:00:00,59.5,71.07800016386057,-11.578000163860565,9,7
2024-07-05 10:00:00,35.01,71.69744503111872,-36.68744503111872,10,7
2024-07-05 11:00:00,29.0,67.61789590287964,-38.61789590287964,11,7
2024-07-05 12:00:00,7.44,69.09071531565615,-61.65071531565616,12,7
2024-07-05 13:00:00,3.32,65.95626295805164,-62.63626295805164,13,7
2024-07-05 14:00:00,3.32,67.24151777273352,-63.921517772733516,14,7
2024-07-05 15:00:00,1.23,71.94705577576218,-70.71705577576218,15,7
2024-07-05 16:00:00,3.32,87.73779074670665,-84.41779074670666,16,7
2024-07-05 17:00:00,17.42,108.37108151389958,-90.95108151389958,17,7
2024-07-05 18:00:00,38.0,120.36133134700242,-82.36133134700242,18,7
2024-07-05 19:00:00,63.31,135.57605156704983,-72.26605156704983,19,7
2024-07-05 20:00:00,82.7,130.77769915861558,-48.07769915861557,20,7
2024-07-05 21:00:00,95.0,123.4420597946322,-28.4420597946322,21,7
2024-07-05 22:00:00,106.33,107.723938177548,-1.3939381775480086,22,7
2024-07-05 23:00:00,90.4,99.32804419480294,-8.928044194802936,23,7
2024-07-06 00:00:00,101.0,80.02491540802293,20.975084591977065,0,7
2024-07-06 01:00:00,96.96,68.98214446184244,27.977855538157556,1,7
2024-07-06 02:00:00,79.74,65.38840598956341,14.351594010436585,2,7
2024-07-06 03:00:00,71.91,58.58380484318775,13.326195156812247,3,7
2024-07-06 04:00:00,77.25,53.5759852701828,23.674014729817202,4,7
2024-07-06 05:00:00,70.66,52.038863072240986,18.62113692775901,5,7
2024-07-06 06:00:00,70.66,58.83927461918711,11.820725380812888,6,7
2024-07-06 07:00:00,65.5,66.09763509915388,-0.5976350991538766,7,7
2024-07-06 08:00:00,30.87,67.49356344184253,-36.62356344184252,8,7
2024-07-06 09:00:00,0.0,69.12198795596856,-69.12198795596856,9,7
2024-07-06 10:00:00,0.0,68.41042359970481,-68.41042359970481,10,7
2024-07-06 11:00:00,-0.01,63.976491072371914,-63.98649107237191,11,7
2024-07-06 12:00:00,-0.51,63.88759996838678,-64.39759996838679,12,7
2024-07-06 13:00:00,-0.76,59.96505078884326,-60.725050788843255,13,7
2024-07-06 14:00:00,-0.95,60.04301632850576,-60.99301632850576,14,7
2024-07-06 15:00:00,-1.0,63.41156715842658,-64.41156715842658,15,7
2024-07-06 16:00:00,-1.01,79.2134031857745,-80.2234031857745,16,7
2024-07-06 17:00:00,-1.0,99.7297107073415,-100.7297107073415,17,7
2024-07-06 18:00:00,-0.82,112.21016983856282,-113.03016983856281,18,7
2024-07-06 19:00:00,0.0,128.2130212251888,-128.2130212251888,19,7
2024-07-06 20:00:00,9.23,125.65970992349469,-116.42970992349468,20,7
2024-07-06 21:00:00,41.1,118.43177532059883,-77.33177532059884,21,7
2024-07-06 22:00:00,59.7,102.65863091921659,-42.95863091921659,22,7
2024-07-06 23:00:00,46.89,94.43164315363953,-47.54164315363953,23,7
2024-07-07 00:00:00,56.55,75.19498502926689,-18.64498502926689,0,7
2024-07-07 01:00:00,48.95,64.60797073203457,-15.65797073203457,1,7
2024-07-07 02:00:00,44.16,60.213319016679065,-16.05331901667907,2,7
2024-07-07 03:00:00,44.9,53.355621466205776,-8.455621466205777,3,7
2024-07-07 04:00:00,44.16,49.17098500927182,-5.0109850092718204,4,7
2024-07-07 05:00:00,56.55,46.460761255183,10.089238744816996,5,7
2024-07-07 06:00:00,56.55,51.85078344347636,4.699216556523638,6,7
2024-07-07 07:00:00,56.68,55.40582974706223,1.2741702529377719,7,7
2024-07-07 08:00:00,24.87,54.85502844174255,-29.985028441742546,8,7
2024-07-07 09:00:00,-0.01,56.68217486063077,-56.692174860630764,9,7
2024-07-07 10:00:00,-0.51,55.62219426427282,-56.13219426427282,10,7
2024-07-07 11:00:00,-0.78,50.338846790913124,-51.118846790913125,11,7
2024-07-07 12:00:00,-0.66,50.06352175078183,-50.72352175078183,12,7
2024-07-07 13:00:00,-0.02,46.32802179232266,-46.34802179232266,13,7
2024-07-07 14:00:00,-0.78,46.949079333894474,-47.729079333894475,14,7
2024-07-07 15:00:00,-1.0,50.73709728687379,-51.73709728687379,15,7
2024-07-07 16:00:00,-1.01,66.08987392745411,-67.09987392745411,16,7
2024-07-07 17:00:00,0.0,87.76200883383183,-87.76200883383183,17,7
2024-07-07 18:00:00,3.32,100.1681394188538,-96.8481394188538,18,7
2024-07-07 19:00:00,35.94,115.99153939667002,-80.05153939667002,19,7
2024-07-07 20:00:00,59.57,113.08978606744057,-53.51978606744057,20,7
2024-07-07 21:00:00,100.73,107.95412496952787,-7.224124969527864,21,7
2024-07-07 22:00:00,104.58,94.40758943768361,10.172410562316387,22,7
2024-07-07 23:00:00,100.25,86.20442373418649,14.045576265813509,23,7
2024-07-08 00:00:00,98.7,66.83757417918014,31.862425820819865,0,7
2024-07-08 01:00:00,86.66,56.601758565674515,30.05824143432548,1,7
2024-07-08 02:00:00,85.94,53.57692765381074,32.363072346189256,2,7
2024-07-08 03:00:00,85.7,47.48025167326921,38.219748326730794,3,7
2024-07-08 04:00:00,83.43,43.001071995529685,40.42892800447032,4,7
2024-07-08 05:00:00,85.94,41.70909181034756,44.23090818965244,5,7
2024-07-08 06:00:00,89.72,47.356060967037365,42.363939032962634,6,7
2024-07-08 07:00:00,103.21,49.87525557335903,53.33474442664097,7,7
2024-07-08 08:00:00,100.61,48.67519426162693,51.93480573837307,8,7
2024-07-08 09:00:00,78.22,49.733137716865144,28.486862283134855,9,7
2024-07-08 10:00:00,54.6,49.65567120139889,4.944328798601113,10,7
2024-07-08 11:00:00,40.88,44.468377712813094,-3.5883777128130916,11,7
2024-07-08 12:00:00,35.0,44.358443196898065,-9.358443196898065,12,7
2024-07-08 13:00:00,32.65,41.43953394410147,-8.789533944101471,13,7
2024-07-08 14:00:00,31.98,42.48761466380489,-10.50761466380489,14,7
2024-07-08 15:00:00,35.0,47.086655037799346,-12.086655037799346,15,7
2024-07-08 16:00:00,35.0,62.94848008672852,-27.948480086728523,16,7
2024-07-08 17:00:00,41.99,84.21217090711718,-42.22217090711718,17,7
2024-07-08 18:00:00,44.88,96.23790496251638,-51.35790496251638,18,7
2024-07-08 19:00:00,81.0,113.15465023407842,-32.15465023407842,19,7
2024-07-08 20:00:00,103.21,111.69053864366123,-8.480538643661234,20,7
2024-07-08 21:00:00,115.15,108.24180475771902,6.908195242280982,21,7
2024-07-08 22:00:00,109.0,92.95532408546717,16.04467591453283,22,7
2024-07-08 23:00:00,98.01,85.1267426602497,12.883257339750301,23,7
2024-07-09 00:00:00,95.92,66.5534137911626,29.366586208837404,0,7
2024-07-09 01:00:00,72.25,56.663144623888854,15.586855376111146,1,7
2024-07-09 02:00:00,77.0,53.770928104577024,23.229071895422976,2,7
2024-07-09 03:00:00,73.22,48.391894356504395,24.828105643495604,3,7
2024-07-09 04:00:00,66.71,43.800023168778125,22.90997683122187,4,7
2024-07-09 05:00:00,65.5,42.08448027372526,23.415519726274738,5,7
2024-07-09 06:00:00,80.0,49.08350931797139,30.91649068202861,6,7
2024-07-09 07:00:00,101.51,53.82547383535052,47.68452616464948,7,7
2024-07-09 08:00:00,88.33,55.56599795624106,32.764002043758936,8,7
2024-07-09 09:00:00,70.8,57.24567349134628,13.554326508653716,9,7
2024-07-09 10:00:00,46.63,56.21239520398393,-9.582395203983928,10,7
2024-07-09 11:00:00,42.49,50.909288516773586,-8.419288516773584,11,7
2024-07-09 12:00:00,33.76,49.8290556413088,-16.0690556413088,12,7
2024-07-09 13:00:00,22.98,47.94041309630933,-24.960413096309328,13,7
2024-07-09 14:00:00,8.3,48.55978627371701,-40.25978627371701,14,7
2024-07-09 15:00:00,15.59,52.55573055951811,-36.96573055951811,15,7
2024-07-09 16:00:00,29.39,68.48063547250564,-39.09063547250564,16,7
2024-07-09 17:00:00,48.8,90.49484862982229,-41.69484862982229,17,7
2024-07-09 18:00:00,60.7,103.6822541992641,-42.98225419926409,18,7
2024-07-09 19:00:00,84.77,119.47276856764813,-34.702768567648135,19,7
2024-07-09 20:00:00,106.18,115.43772588074683,-9.257725880746818,20,7
2024-07-09 21:00:00,120.09,108.84136886341577,11.248631136584237,21,7
2024-07-09 22:00:00,141.94,93.61018239707215,48.32981760292785,22,7
2024-07-09 23:00:00,116.38,86.36236193210982,30.017638067890175,23,7
2024-07-10 00:00:00,107.94,67.37418719467956,40.565812805320434,0,7
2024-07-10 01:00:00,106.81,56.935494203772635,49.87450579622737,1,7
2024-07-10 02:00:00,104.22,53.073023436231324,51.146976563768675,2,7
2024-07-10 03:00:00,102.61,47.571158027350975,55.038841972649024,3,7
2024-07-10 04:00:00,101.92,42.6468144942541,59.2731855057459,4,7
2024-07-10 05:00:00,104.22,41.049188191585756,63.17081180841424,5,7
2024-07-10 06:00:00,101.5,49.80256738868184,51.69743261131816,6,7
2024-07-10 07:00:00,108.43,56.79485604226204,51.63514395773797,7,7
2024-07-10 08:00:00,101.92,58.46059817956632,43.45940182043368,8,7
2024-07-10 09:00:00,94.99,59.89576709926257,35.094232900737424,9,7
2024-07-10 10:00:00,65.0,59.122395850403564,5.877604149596436,10,7
2024-07-10 11:00:00,57.75,55.29617050793905,2.4538294920609474,11,7
2024-07-10 12:00:00,57.21,55.76757887455511,1.4424211254448878,12,7
2024-07-10 13:00:00,51.1,52.90243325103597,-1.8024332510359713,13,7
2024-07-10 14:00:00,50.77,53.98894531123722,-3.2189453112372135,14,7
2024-07-10 15:00:00,45.06,58.33292489467135,-13.272924894671348,15,7
2024-07-10 16:00:00,45.06,73.35425844422383,-28.29425844422383,16,7
2024-07-10 17:00:00,52.5,93.50411247834427,-41.00411247834427,17,7
2024-07-10 18:00:00,75.0,106.53617983521235,-31.53617983521235,18,7
2024-07-10 19:00:00,99.58,122.8208549188808,-23.2408549188808,19,7
2024-07-10 20:00:00,105.0,120.0183750525378,-15.018375052537806,20,7
2024-07-10 21:00:00,120.18,114.12598820172843,6.054011798271574,21,7
2024-07-10 22:00:00,131.98,99.74653680816078,32.233463191839206,22,7
2024-07-10 23:00:00,111.87,92.55362161372472,19.31637838627529,23,7
2024-07-11 00:00:00,105.0,73.46809743452366,31.531902565476344,0,7
2024-07-11 01:00:00,101.78,61.63167351996344,40.14832648003656,1,7
2024-07-11 02:00:00,101.74,58.889758291400256,42.85024170859974,2,7
2024-07-11 03:00:00,100.0,52.60081380201319,47.39918619798681,3,7
2024-07-11 04:00:00,99.5,47.54056476000102,51.95943523999898,4,7
2024-07-11 05:00:00,99.92,46.80131225805275,53.118687741947255,5,7
2024-07-11 06:00:00,100.0,54.41322324772244,45.58677675227756,6,7
2024-07-11 07:00:00,107.34,61.02694866541162,46.31305133458838,7,7
2024-07-11 08:00:00,100.96,61.85204760205153,39.107952397948466,8,7
2024-07-11 09:00:00,90.69,64.47385810358543,26.21614189641457,9,7
2024-07-11 10:00:00,81.0,64.5679065400102,16.4320934599898,10,7
2024-07-11 11:00:00,68.49,60.290104224907566,8.199895775092429,11,7
2024-07-11 12:00:00,60.0,61.10767675514222,-1.1076767551422222,12,7
2024-07-11 13:00:00,54.19,58.522596132344006,-4.332596132344008,13,7
2024-07-11 14:00:00,52.0,59.93994591822815,-7.9399459182281475,14,7
2024-07-11 15:00:00,50.98,64.63113969197286,-13.651139691972865,15,7
2024-07-11 16:00:00,55.99,81.18913483162044,-25.199134831620434,16,7
2024-07-11 17:00:00,57.61,103.67402945435464,-46.06402945435464,17,7
2024-07-11 18:00:00,61.49,116.95960868763649,-55.46960868763649,18,7
2024-07-11 19:00:00,84.19,132.21928313792375,-48.029283137923755,19,7
2024-07-11 20:00:00,101.78,128.32417242020966,-26.544172420209662,20,7
2024-07-11 21:00:00,109.55,121.60562836603134,-12.055628366031343,21,7
2024-07-11 22:00:00,111.39,107.33056566113038,4.059434338869622,22,7
2024-07-11 23:00:00,97.15,98.75786031696367,-1.6078603169636665,23,7
2024-07-12 00:00:00,85.0,79.41850717487381,5.58149282512619,0,7
2024-07-12 01:00:00,71.32,68.29864138607257,3.0213586139274184,1,7
2024-07-12 02:00:00,74.44,64.70146468232332,9.738535317676678,2,7
2024-07-12 03:00:00,62.7,58.29899964209176,4.401000357908245,3,7
2024-07-12 04:00:00,56.5,52.99397958770794,3.5060204122920595,4,7
2024-07-12 05:00:00,60.3,51.40442477120706,8.895575228792936,5,7
2024-07-12 06:00:00,70.0,59.376562709544885,10.623437290455115,6,7
2024-07-12 07:00:00,75.6,66.11120331151665,9.488796688483347,7,7
2024-07-12 08:00:00,73.72,67.90947224920359,5.81052775079641,8,7
2024-07-12 09:00:00,49.0,70.68205457977672,-21.682054579776718,9,7
2024-07-12 10:00:00,41.75,71.12193888057453,-29.371938880574533,10,7
2024-07-12 11:00:00,41.36,65.90607088882331,-24.54607088882331,11,7
2024-07-12 12:00:00,41.49,66.52260698298306,-25.03260698298306,12,7
2024-07-12 13:00:00,41.49,63.69763046518847,-22.207630465188466,13,7
2024-07-12 14:00:00,41.1,64.06502075091885,-22.965020750918846,14,7
2024-07-12 15:00:00,36.03,68.4371842665642,-32.4071842665642,15,7
2024-07-12 16:00:00,24.45,84.08419550011587,-59.634195500115865,16,7
2024-07-12 17:00:00,38.36,105.18076924239506,-66.82076924239506,17,7
2024-07-12 18:00:00,41.49,118.58595463004286,-77.09595463004285,18,7
2024-07-12 19:00:00,52.2,132.63327095425507,-80.43327095425506,19,7
2024-07-12 20:00:00,75.58,127.84757729394425,-52.26757729394426,20,7
2024-07-12 21:00:00,89.93,121.53799432910137,-31.60799432910136,21,7
2024-07-12 22:00:00,87.0,106.13745903701323,-19.13745903701323,22,7
2024-07-12 23:00:00,79.97,97.96972480473784,-17.999724804737838,23,7
2024-07-13 00:00:00,90.22,78.8509651103962,11.369034889603796,0,7
2024-07-13 01:00:00,86.11,66.81641154650805,19.29358845349195,1,7
2024-07-13 02:00:00,75.9,62.22511775717675,13.674882242823259,2,7
2024-07-13 03:00:00,75.59,57.079592655890224,18.51040734410978,3,7
2024-07-13 04:00:00,79.0,52.217083984059116,26.782916015940884,4,7
2024-07-13 05:00:00,83.61,51.39577622704218,32.21422377295782,5,7
2024-07-13 06:00:00,86.22,61.04597326735933,25.17402673264067,6,7
2024-07-13 07:00:00,86.46,68.10044315375313,18.35955684624686,7,7
2024-07-13 08:00:00,50.01,69.74333691711661,-19.73333691711661,8,7
2024-07-13 09:00:00,43.99,70.85112237265179,-26.861122372651785,9,7
2024-07-13 10:00:00,10.0,70.19170551920342,-60.191705519203424,10,7
2024-07-13 11:00:00,3.32,65.55422746466155,-62.23422746466155,11,7
2024-07-13 12:00:00,0.44,65.12949610992558,-64.68949610992559,12,7
2024-07-13 13:00:00,0.44,62.143740471081856,-61.70374047108186,13,7
2024-07-13 14:00:00,0.0,63.00694677890772,-63.00694677890772,14,7
2024-07-13 15:00:00,0.0,66.84551602646445,-66.84551602646445,15,7
2024-07-13 16:00:00,0.0,83.04197954498846,-83.04197954498846,16,7
2024-07-13 17:00:00,0.9,104.65420703991799,-103.75420703991799,17,7
2024-07-13 18:00:00,30.51,117.87429676735599,-87.36429676735598,18,7
2024-07-13 19:00:00,49.38,132.41033893490578,-83.03033893490579,19,7
2024-07-13 20:00:00,75.45,128.36813161292116,-52.91813161292116,20,7
2024-07-13 21:00:00,97.81,122.01868018118364,-24.208680181183638,21,7
2024-07-13 22:00:00,107.48,107.67136100236127,-0.19136100236126197,22,7
2024-07-13 23:00:00,100.16,98.38144649706095,1.7785535029390473,23,7
2024-07-14 00:00:00,107.51,79.53725042516561,27.972749574834396,0,7
2024-07-14 01:00:00,99.22,68.66970083483801,30.550299165161988,1,7
2024-07-14 02:00:00,97.94,64.63155519440812,33.308444805591876,2,7
2024-07-14 03:00:00,96.71,59.06038919431376,37.64961080568624,3,7
2024-07-14 04:00:00,96.71,53.992434284998296,42.7175657150017,4,7
2024-07-14 05:00:00,95.41,51.834911617462694,43.5750883825373,5,7
2024-07-14 06:00:00,96.8,58.06655134084025,38.73344865915975,6,7
2024-07-14 07:00:00,86.32,62.246157392843884,24.07384260715611,7,7
2024-07-14 08:00:00,46.0,61.40838458341267,-15.40838458341267,8,7
2024-07-14 09:00:00,0.44,62.281848275387176,-61.84184827538718,9,7
2024-07-14 10:00:00,-0.01,61.53424592492138,-61.54424592492138,10,7
2024-07-14 11:00:00,-0.62,56.284343816861394,-56.90434381686139,11,7
2024-07-14 12:00:00,-0.8,55.6958664619537,-56.495866461953696,12,7
2024-07-14 13:00:00,-0.62,52.779833963336955,-53.39983396333695,13,7
2024-07-14 14:00:00,-0.62,54.05794072492279,-54.677940724922784,14,7
2024-07-14 15:00:00,-0.95,58.29236034402322,-59.242360344023226,15,7
2024-07-14 16:00:00,-0.95,74.38810495917608,-75.33810495917608,16,7
2024-07-14 17:00:00,0.0,94.77563979677234,-94.77563979677234,17,7
2024-07-14 18:00:00,9.79,107.59751674247696,-97.80751674247696,18,7
2024-07-14 19:00:00,44.81,122.73834849473258,-77.92834849473257,19,7
2024-07-14 20:00:00,74.57,120.92840643431299,-46.358406434313,20,7
2024-07-14 21:00:00,99.31,114.76552835215847,-15.455528352158467,21,7
2024-07-14 22:00:00,109.91,98.65923966979398,11.25076033020602,22,7
2024-07-14 23:00:00,97.89,90.7176966535556,7.172303346444394,23,7
2024-07-15 00:00:00,89.61,71.45682955429538,18.153170445704617,0,7
2024-07-15 01:00:00,75.0,60.925391395943336,14.074608604056664,1,7
2024-07-15 02:00:00,60.31,58.66062760312934,1.6493723968706604,2,7
2024-07-15 03:00:00,60.31,52.41356912866058,7.896430871339419,3,7
2024-07-15 04:00:00,59.79,46.86679404810383,12.923205951896172,4,7
2024-07-15 05:00:00,59.92,44.48953065984227,15.430469340157728,5,7
2024-07-15 06:00:00,66.56,50.10313021666843,16.45686978333157,6,7
2024-07-15 07:00:00,89.87,56.00887232494085,33.86112767505915,7,7
2024-07-15 08:00:00,82.15,56.34366047313358,25.806339526866424,8,7
2024-07-15 09:00:00,62.01,58.267972554738776,3.742027445261222,9,7
2024-07-15 10:00:00,39.49,59.82790138977714,-20.337901389777137,10,7
2024-07-15 11:00:00,15.84,55.81068501552551,-39.970685015525504,11,7
2024-07-15 12:00:00,6.06,56.056486967312196,-49.996486967312194,12,7
2024-07-15 13:00:00,3.74,52.96698149779223,-49.22698149779223,13,7
2024-07-15 14:00:00,3.9,53.91553727991993,-50.01553727991993,14,7
2024-07-15 15:00:00,7.48,57.9662106019739,-50.486210601973895,15,7
2024-07-15 16:00:00,5.99,73.72660946004521,-67.73660946004522,16,7
2024-07-15 17:00:00,14.0,93.78405303451655,-79.78405303451655,17,7
2024-07-15 18:00:00,40.0,107.0606344575379,-67.0606344575379,18,7
2024-07-15 19:00:00,60.0,121.61821044011498,-61.61821044011498,19,7
2024-07-15 20:00:00,80.0,119.14403443431138,-39.14403443431138,20,7
2024-07-15 21:00:00,108.78,113.09347252216617,-4.313472522166165,21,7
2024-07-15 22:00:00,109.37,98.1588605643775,11.2111394356225,22,7
2024-07-15 23:00:00,94.7,89.45941783591752,5.240582164082483,23,7
2024-07-16 00:00:00,105.48,70.55351708606713,34.92648291393287,0,7
2024-07-16 01:00:00,97.15,60.074530449583904,37.0754695504161,1,7
2024-07-16 02:00:00,97.15,57.95029819909962,39.199701800900385,2,7
2024-07-16 03:00:00,97.0,52.07505748585595,44.92494251414405,3,7
2024-07-16 04:00:00,97.15,46.84674278644019,50.30325721355982,4,7
2024-07-16 05:00:00,100.1,45.17497786226011,54.92502213773989,5,7
2024-07-16 06:00:00,98.7,53.12475477453489,45.57524522546511,6,7
2024-07-16 07:00:00,108.0,61.126336935266636,46.873663064733364,7,7
2024-07-16 08:00:00,98.45,63.07546350112142,35.374536498878584,8,7
2024-07-16 09:00:00,86.75,64.82694753589794,21.923052464102057,9,7
2024-07-16 10:00:00,73.28,65.97319137093137,7.306808629068627,10,7
2024-07-16 11:00:00,61.59,61.02258558639272,0.5674144136072812,11,7
2024-07-16 12:00:00,61.38,61.09054138775741,0.2894586122425906,12,7
2024-07-16 13:00:00,61.38,56.93887534413636,4.441124655863639,13,7
2024-07-16 14:00:00,60.31,57.889540336077175,2.420459663922827,14,7
2024-07-16 15:00:00,59.92,61.44759488753169,-1.5275948875316914,15,7
2024-07-16 16:00:00,59.79,76.74798741305608,-16.95798741305608,16,7
2024-07-16 17:00:00,60.18,98.12917761933863,-37.949177619338634,17,7
2024-07-16 18:00:00,67.77,110.73879415219909,-42.968794152199095,18,7
2024-07-16 19:00:00,94.5,125.48745219252606,-30.987452192526064,19,7
2024-07-16 20:00:00,109.11,121.28813840776093,-12.178138407760926,20,7
2024-07-16 21:00:00,125.02,115.10962338075086,9.910376619249135,21,7
2024-07-16 22:00:00,115.0,100.80663052971198,14.193369470288019,22,7
2024-07-16 23:00:00,98.7,91.784676829121,6.915323170879006,23,7
2024-07-17 00:00:00,101.78,73.0258510045295,28.7541489954705,0,7
2024-07-17 01:00:00,96.02,61.96005110042307,34.05994889957692,1,7
2024-07-17 02:00:00,92.23,58.965401709280115,33.26459829071989,2,7
2024-07-17 03:00:00,94.95,52.74724924579289,42.202750754207116,3,7
2024-07-17 04:00:00,96.25,48.07541089771479,48.17458910228521,4,7
2024-07-17 05:00:00,96.25,46.55014903067189,49.69985096932811,5,7
2024-07-17 06:00:00,107.0,54.412922399729666,52.587077600270334,6,7
2024-07-17 07:00:00,113.22,61.29087204861406,51.92912795138594,7,7
2024-07-17 08:00:00,105.7,63.20865062553128,42.491349374468726,8,7
2024-07-17 09:00:00,97.55,64.43200042916914,33.11799957083086,9,7
2024-07-17 10:00:00,93.65,63.450209514088556,30.19979048591145,10,7
2024-07-17 11:00:00,75.0,58.00855982825095,16.991440171749048,11,7
2024-07-17 12:00:00,71.38,58.03412640530223,13.345873594697764,12,7
2024-07-17 13:00:00,70.18,55.601794106996635,14.578205893003371,13,7
2024-07-17 14:00:00,70.0,56.74998068578759,13.250019314212409,14,7
2024-07-17 15:00:00,69.79,61.06382166561792,8.726178334382084,15,7
2024-07-17 16:00:00,69.66,77.68237801341002,-8.02237801341002,16,7
2024-07-17 17:00:00,70.18,98.88884102115173,-28.708841021151727,17,7
2024-07-17 18:00:00,87.69,113.00527817202459,-25.31527817202459,18,7
2024-07-17 19:00:00,104.63,128.4754861015653,-23.845486101565314,19,7
2024-07-17 20:00:00,115.75,123.78703032435976,-8.037030324359762,20,7
2024-07-17 21:00:00,125.26,115.79908845331056,9.460911546689445,21,7
2024-07-17 22:00:00,127.0,100.86590278127608,26.134097218723923,22,7
2024-07-17 23:00:00,115.01,92.93851715440292,22.07148284559709,23,7
2024-07-18 00:00:00,108.13,73.81178395881699,34.31821604118301,0,7
2024-07-18 01:00:00,100.5,63.62358391245641,36.87641608754359,1,7
2024-07-18 02:00:00,96.37,60.62600496953252,35.74399503046749,2,7
2024-07-18 03:00:00,96.08,54.38247306109281,41.69752693890719,3,7
2024-07-18 04:00:00,96.18,49.11974619373706,47.06025380626295,4,7
2024-07-18 05:00:00,97.48,47.68013994653472,49.79986005346528,5,7
2024-07-18 06:00:00,107.31,54.277063420986906,53.032936579013096,6,7
2024-07-18 07:00:00,111.94,60.666602862368904,51.27339713763109,7,7
2024-07-18 08:00:00,107.21,63.22417390601032,43.98582609398967,8,7
2024-07-18 09:00:00,93.58,65.59619712543008,27.983802874569918,9,7
2024-07-18 10:00:00,94.0,66.27274367668497,27.727256323315032,10,7
2024-07-18 11:00:00,90.98,62.0472640955237,28.932735904476303,11,7
2024-07-18 12:00:00,86.38,63.32032922074768,23.059670779252315,12,7
2024-07-18 13:00:00,84.61,60.56191456982992,24.048085430170076,13,7
2024-07-18 14:00:00,83.0,61.71211934655531,21.287880653444688,14,7
2024-07-18 15:00:00,79.21,66.3267051234285,12.883294876571497,15,7
2024-07-18 16:00:00,80.0,82.95567188578258,-2.9556718857825786,16,7
2024-07-18 17:00:00,90.0,104.58424608262669,-14.584246082626692,17,7
2024-07-18 18:00:00,102.85,117.59745162837407,-14.74745162837408,18,7
2024-07-18 19:00:00,121.22,134.19137334708125,-12.971373347081254,19,7
2024-07-18 20:00:00,130.05,130.40931626771476,-0.3593162677147461,20,7
2024-07-18 21:00:00,138.23,123.83706465420107,14.392935345798918,21,7
2024-07-18 22:00:00,124.24,107.6888445039989,16.5511554960011,22,7
2024-07-18 23:00:00,113.22,97.28552991392183,15.934470086078164,23,7
2024-07-19 00:00:00,108.49,78.20430836014577,30.28569163985422,0,7
2024-07-19 01:00:00,106.37,68.19730789446197,38.17269210553803,1,7
2024-07-19 02:00:00,103.99,64.57360993019512,39.416390069804876,2,7
2024-07-19 03:00:00,103.98,59.263027417158526,44.71697258284148,3,7
2024-07-19 04:00:00,103.98,54.326589340043654,49.65341065995635,4,7
2024-07-19 05:00:00,105.87,52.99474283305227,52.87525716694773,5,7
2024-07-19 06:00:00,109.8,58.778299391806115,51.02170060819388,6,7
2024-07-19 07:00:00,116.22,64.41743452423646,51.802565475763544,7,7
2024-07-19 08:00:00,108.85,67.30379748530686,41.546202514693135,8,7
2024-07-19 09:00:00,101.0,71.32988282018346,29.670117179816543,9,7
2024-07-19 10:00:00,95.46,72.6267432135952,22.83325678640479,10,7
2024-07-19 11:00:00,83.8,68.6697175068254,15.13028249317459,11,7
2024-07-19 12:00:00,80.35,68.923386492968,11.426613507031988,12,7
2024-07-19 13:00:00,78.59,66.87399167878124,11.716008321218766,13,7
2024-07-19 14:00:00,77.92,68.28677946538647,9.633220534613528,14,7
2024-07-19 15:00:00,75.0,71.22468413543322,3.775315864566778,15,7
2024-07-19 16:00:00,68.72,88.36736012627244,-19.647360126272446,16,7
2024-07-19 17:00:00,78.05,109.96624034395245,-31.916240343952452,17,7
2024-07-19 18:00:00,85.06,123.31826051285259,-38.25826051285259,18,7
2024-07-19 19:00:00,98.1,137.42664985633593,-39.32664985633593,19,7
2024-07-19 20:00:00,111.9,132.06432019599208,-20.164320195992076,20,7
2024-07-19 21:00:00,121.22,124.95145792900985,-3.7314579290098493,21,7
2024-07-19 22:00:00,114.94,109.70792040757215,5.232079592427851,22,7
2024-07-19 23:00:00,109.11,101.4206475115086,7.689352488491394,23,7
2024-07-20 00:00:00,101.7,82.5609913730429,19.139008626957107,0,7
2024-07-20 01:00:00,98.65,71.37114703650224,27.27885296349777,1,7
2024-07-20 02:00:00,101.01,66.89506067645675,34.114939323543254,2,7
2024-07-20 03:00:00,98.65,60.426907916457026,38.22309208354298,3,7
2024-07-20 04:00:00,96.86,54.84668127439329,42.01331872560671,4,7
2024-07-20 05:00:00,96.05,53.593200925305894,42.4567990746941,5,7
2024-07-20 06:00:00,94.75,60.22865214141808,34.52134785858192,6,7
2024-07-20 07:00:00,92.9,67.37056494506226,25.52943505493775,7,7
2024-07-20 08:00:00,67.74,71.18817898321589,-3.4481789832158967,8,7
2024-07-20 09:00:00,50.0,76.2118824561386,-26.211882456138596,9,7
2024-07-20 10:00:00,9.96,78.82637621830088,-68.86637621830087,10,7
2024-07-20 11:00:00,1.57,74.92882318468429,-73.3588231846843,11,7
2024-07-20 12:00:00,0.44,75.45265432980915,-75.01265432980915,12,7
2024-07-20 13:00:00,0.0,72.94901334458507,-72.94901334458507,13,7
2024-07-20 14:00:00,-0.01,74.28972062767798,-74.29972062767798,14,7
2024-07-20 15:00:00,0.0,77.84439870160315,-77.84439870160315,15,7
2024-07-20 16:00:00,0.0,94.10873791086317,-94.10873791086317,16,7
2024-07-20 17:00:00,0.0,114.8690226797516,-114.8690226797516,17,7
2024-07-20 18:00:00,1.9,126.94205836112087,-125.04205836112087,18,7
2024-07-20 19:00:00,6.15,139.86633122918374,-133.71633122918374,19,7
2024-07-20 20:00:00,60.05,133.13001754183017,-73.08001754183017,20,7
2024-07-20 21:00:00,87.93,125.1578435208632,-37.22784352086319,21,7
2024-07-20 22:00:00,88.31,108.86418543886958,-20.55418543886958,22,7
2024-07-20 23:00:00,80.68,99.28453685480093,-18.604536854800926,23,7
2024-07-21 00:00:00,67.98,79.82619382563576,-11.846193825635751,0,7
2024-07-21 01:00:00,49.77,68.00422228647807,-18.234222286478065,1,7
2024-07-21 02:00:00,42.26,64.08882780979428,-21.828827809794284,2,7
2024-07-21 03:00:00,43.41,56.84370147214031,-13.433701472140314,3,7
2024-07-21 04:00:00,35.35,51.58152966940327,-16.231529669403265,4,7
2024-07-21 05:00:00,30.8,49.327405570039275,-18.527405570039274,5,7
2024-07-21 06:00:00,32.0,53.90619308680397,-21.906193086803967,6,7
2024-07-21 07:00:00,34.57,60.47936124392902,-25.90936124392902,7,7
2024-07-21 08:00:00,25.07,63.71825360558449,-38.64825360558449,8,7
2024-07-21 09:00:00,0.49,65.94182607778822,-65.45182607778823,9,7
2024-07-21 10:00:00,0.0,67.42620862002633,-67.42620862002633,10,7
2024-07-21 11:00:00,0.0,63.34930330755077,-63.34930330755077,11,7
2024-07-21 12:00:00,-0.01,63.23351084364998,-63.24351084364998,12,7
2024-07-21 13:00:00,-0.1,61.480066514132034,-61.580066514132035,13,7
2024-07-21 14:00:00,-0.25,62.21697055478012,-62.46697055478012,14,7
2024-07-21 15:00:00,-0.01,65.12186675789746,-65.13186675789747,15,7
2024-07-21 16:00:00,0.0,80.32460735417214,-80.32460735417214,16,7
2024-07-21 17:00:00,0.0,100.51202809009027,-100.51202809009027,17,7
2024-07-21 18:00:00,0.1,112.30908100459152,-112.20908100459152,18,7
2024-07-21 19:00:00,25.06,128.0040476891868,-102.94404768918679,19,7
2024-07-21 20:00:00,59.0,124.68537105765307,-65.68537105765307,20,7
2024-07-21 21:00:00,95.0,117.51482751935697,-22.51482751935697,21,7
2024-07-21 22:00:00,95.44,103.07657153524895,-7.636571535248947,22,7
2024-07-21 23:00:00,93.98,94.21196157544432,-0.23196157544431628,23,7
2024-07-22 00:00:00,94.5,74.66916395264536,19.830836047354637,0,7
2024-07-22 01:00:00,90.9,63.33197444796559,27.568025552034413,1,7
2024-07-22 02:00:00,80.0,59.52233609316477,20.477663906835232,2,7
2024-07-22 03:00:00,77.98,53.449912915826644,24.53008708417336,3,7
2024-07-22 04:00:00,76.31,49.17284914646888,27.137150853531125,4,7
2024-07-22 05:00:00,82.0,48.48830410126385,33.51169589873615,5,7
2024-07-22 06:00:00,92.21,54.89802941889042,37.31197058110958,6,7
2024-07-22 07:00:00,96.11,61.6078410221383,34.5021589778617,7,7
2024-07-22 08:00:00,94.81,62.05437873071594,32.75562126928406,8,7
2024-07-22 09:00:00,63.37,63.17342390506917,0.19657609493082617,9,7
2024-07-22 10:00:00,56.18,61.827206057315436,-5.647206057315437,10,7
2024-07-22 11:00:00,54.99,57.05625966584597,-2.066259665845969,11,7
2024-07-22 12:00:00,55.66,56.95001070947524,-1.29001070947524,12,7
2024-07-22 13:00:00,56.05,54.19552667354748,1.8544733264525206,13,7
2024-07-22 14:00:00,56.18,55.99650051209187,0.1834994879081293,14,7
2024-07-22 15:00:00,55.92,60.916703556159064,-4.996703556159062,15,7
2024-07-22 16:00:00,55.79,78.00249266038423,-22.212492660384235,16,7
2024-07-22 17:00:00,56.31,99.56688247618456,-43.25688247618456,17,7
2024-07-22 18:00:00,63.37,111.76825711419025,-48.39825711419025,18,7
2024-07-22 19:00:00,91.32,127.09405218360388,-35.774052183603885,19,7
2024-07-22 20:00:00,106.55,122.55044742466976,-16.00044742466976,20,7
2024-07-22 21:00:00,133.58,117.60769647661363,15.972303523386387,21,7
2024-07-22 22:00:00,114.43,103.58980251470632,10.840197485293686,22,7
2024-07-22 23:00:00,104.21,95.60325546224573,8.606744537754267,23,7
2024-07-23 00:00:00,101.98,76.97688650028573,25.003113499714274,0,7
2024-07-23 01:00:00,99.74,67.24446305077169,32.49553694922831,1,7
2024-07-23 02:00:00,96.02,64.9568919331918,31.063108066808198,2,7
2024-07-23 03:00:00,96.02,59.47362509110502,36.546374908894975,3,7
2024-07-23 04:00:00,98.62,54.348224584117645,44.27177541588236,4,7
2024-07-23 05:00:00,102.0,52.92234216161654,49.07765783838346,5,7
2024-07-23 06:00:00,103.92,60.25657415539962,43.66342584460038,6,7
2024-07-23 07:00:00,106.05,66.7080234527026,39.34197654729739,7,7
2024-07-23 08:00:00,102.5,68.93552653781694,33.56447346218306,8,7
2024-07-23 09:00:00,90.82,70.69264352576431,20.127356474235683,9,7
2024-07-23 10:00:00,70.7,70.51533717486205,0.18466282513794852,10,7
2024-07-23 11:00:00,66.18,66.16058442135596,0.019415578644043308,11,7
2024-07-23 12:00:00,70.0,66.03178420492219,3.9682157950778105,12,7
2024-07-23 13:00:00,72.2,63.699702736716176,8.500297263283827,13,7
2024-07-23 14:00:00,74.14,65.93766377698586,8.202336223014143,14,7
2024-07-23 15:00:00,70.7,70.2762978791938,0.4237021208061975,15,7
2024-07-23 16:00:00,70.7,86.82339130517903,-16.123391305179027,16,7
2024-07-23 17:00:00,80.0,109.1438498668827,-29.143849866882704,17,7
2024-07-23 18:00:00,84.32,123.0747384603934,-38.75473846039341,18,7
2024-07-23 19:00:00,100.0,138.2851841818267,-38.28518418182671,19,7
2024-07-23 20:00:00,106.57,132.6950982602434,-26.12509826024342,20,7
2024-07-23 21:00:00,122.23,125.19011249187162,-2.9601124918716124,21,7
2024-07-23 22:00:00,110.0,110.29567145626692,-0.29567145626691627,22,7
2024-07-23 23:00:00,106.04,101.85760034850796,4.182399651492048,23,7
2024-07-24 00:00:00,104.38,82.29039020077226,22.08960979922773,0,7
2024-07-24 01:00:00,100.0,70.83977388633951,29.160226113660485,1,7
2024-07-24 02:00:00,98.0,67.71672536024522,30.28327463975478,2,7
2024-07-24 03:00:00,99.07,62.13452889405232,36.93547110594767,3,7
2024-07-24 04:00:00,100.0,56.73772254241385,43.26227745758615,4,7
2024-07-24 05:00:00,102.43,55.520159166908684,46.90984083309132,5,7
2024-07-24 06:00:00,107.9,63.21529077422605,44.68470922577396,6,7
2024-07-24 07:00:00,110.62,70.28555987002352,40.334440129976485,7,7
2024-07-24 08:00:00,105.3,73.55544908387424,31.74455091612576,8,7
2024-07-24 09:00:00,92.57,76.69767915250873,15.872320847491267,9,7
2024-07-24 10:00:00,84.77,78.80325552581013,5.966744474189866,10,7
2024-07-24 11:00:00,76.0,73.92344888947724,2.0765511105227574,11,7
2024-07-24 12:00:00,80.0,74.26769373936577,5.732306260634232,12,7
2024-07-24 13:00:00,82.0,72.06953041648717,9.930469583512831,13,7
2024-07-24 14:00:00,80.0,74.5755723906156,5.424427609384395,14,7
2024-07-24 15:00:00,75.8,79.35113021921785,-3.5511302192178533,15,7
2024-07-24 16:00:00,75.31,95.84901010306419,-20.539010103064186,16,7
2024-07-24 17:00:00,75.99,117.5244958546773,-41.5344958546773,17,7
2024-07-24 18:00:00,76.01,130.18634650023705,-54.176346500237045,18,7
2024-07-24 19:00:00,99.07,144.86758179840717,-45.79758179840718,19,7
2024-07-24 20:00:00,108.98,139.4022413469943,-30.422241346994284,20,7
2024-07-24 21:00:00,124.11,131.6184370448159,-7.508437044815892,21,7
2024-07-24 22:00:00,111.7,115.5439517542664,-3.8439517542663992,22,7
2024-07-24 23:00:00,107.11,106.25869892513646,0.8513010748635423,23,7
2024-07-25 00:00:00,105.35,86.90667751162397,18.443322488376026,0,7
2024-07-25 01:00:00,100.0,75.58595288972771,24.414047110272293,1,7
2024-07-25 02:00:00,99.6,71.94523027633312,27.654769723666874,2,7
2024-07-25 03:00:00,100.84,65.37541671194765,35.46458328805235,3,7
2024-07-25 04:00:00,101.59,59.7495647229851,41.840435277014905,4,7
2024-07-25 05:00:00,103.82,57.235332750872146,46.58466724912785,5,7
2024-07-25 06:00:00,105.64,64.20865242714825,41.43134757285175,6,7
2024-07-25 07:00:00,110.61,72.23809122021692,38.371908779783084,7,7
2024-07-25 08:00:00,101.96,75.43473659194052,26.525263408059473,8,7
2024-07-25 09:00:00,75.04,78.91917256867634,-3.8791725686763385,9,7
2024-07-25 10:00:00,70.79,81.67655352805582,-10.886553528055813,10,7
2024-07-25 11:00:00,70.02,78.28305556958588,-8.263055569585887,11,7
2024-07-25 12:00:00,70.92,78.62246208115323,-7.702462081153229,12,7
2024-07-25 13:00:00,71.05,76.36249161120014,-5.312491611200144,13,7
2024-07-25 14:00:00,70.79,78.2616487083609,-7.471648708360888,14,7
2024-07-25 15:00:00,63.37,83.24805389290992,-19.878053892909925,15,7
2024-07-25 16:00:00,59.1,99.01090725751487,-39.91090725751487,16,7
2024-07-25 17:00:00,59.33,120.0457964553558,-60.7157964553558,17,7
2024-07-25 18:00:00,70.92,131.4667827930162,-60.54678279301619,18,7
2024-07-25 19:00:00,86.93,144.7423355062749,-57.812335506274906,19,7
2024-07-25 20:00:00,106.44,138.84571391783254,-32.40571391783254,20,7
2024-07-25 21:00:00,116.52,131.1293278929781,-14.6093278929781,21,7
2024-07-25 22:00:00,113.97,114.57851283056436,-0.608512830564365,22,7
2024-07-25 23:00:00,107.74,105.27666957133039,2.4633304286696074,23,7
2024-07-26 00:00:00,105.44,85.94620234239574,19.49379765760426,0,7
2024-07-26 01:00:00,104.71,74.6489508947165,30.061049105283487,1,7
2024-07-26 02:00:00,104.31,70.32336220830422,33.986637791695784,2,7
2024-07-26 03:00:00,104.71,63.59303558085327,41.116964419146726,3,7
2024-07-26 04:00:00,104.98,57.86351441015063,47.116485589849376,4,7
2024-07-26 05:00:00,105.22,55.404496914628396,49.8155030853716,5,7
2024-07-26 06:00:00,106.2,62.14164635656152,44.05835364343848,6,7
2024-07-26 07:00:00,110.1,69.13905379666596,40.96094620333403,7,7
2024-07-26 08:00:00,106.01,71.19546137437544,34.814538625624564,8,7
2024-07-26 09:00:00,102.88,73.60028864870407,29.27971135129593,9,7
2024-07-26 10:00:00,84.0,74.68863958319434,9.311360416805655,10,7
2024-07-26 11:00:00,75.99,70.3443969949987,5.645603005001291,11,7
2024-07-26 12:00:00,75.29,68.95351080397893,6.336489196021077,12,7
2024-07-26 13:00:00,75.01,66.37684842995588,8.63315157004412,13,7
2024-07-26 14:00:00,72.8,67.69945106170945,5.100548938290544,14,7
2024-07-26 15:00:00,71.97,71.75953025702165,0.21046974297834709,15,7
2024-07-26 16:00:00,71.2,87.18369649325092,-15.983696493250918,16,7
2024-07-26 17:00:00,72.8,107.57664109741756,-34.77664109741757,17,7
2024-07-26 18:00:00,76.0,120.75242066652538,-44.75242066652538,18,7
2024-07-26 19:00:00,95.0,135.91186345492594,-40.911863454925935,19,7
2024-07-26 20:00:00,107.26,131.10909762770962,-23.84909762770961,20,7
2024-07-26 21:00:00,122.23,124.42550380725652,-2.1955038072565145,21,7
2024-07-26 22:00:00,113.97,108.5435765006307,5.426423499369292,22,7
2024-07-26 23:00:00,109.44,99.55977288366836,9.880227116331639,23,7
2024-07-27 00:00:00,106.51,80.07254580404305,26.43745419595696,0,7
2024-07-27 01:00:00,108.47,69.33019395390812,39.13980604609188,1,7
2024-07-27 02:00:00,104.48,65.47596124173566,39.00403875826434,2,7
2024-07-27 03:00:00,106.09,58.75341085161642,47.33658914838358,3,7
2024-07-27 04:00:00,106.09,53.33156213984665,52.75843786015335,4,7
2024-07-27 05:00:00,106.09,52.075290648549185,54.01470935145082,5,7
2024-07-27 06:00:00,108.21,58.98279002241054,49.22720997758945,6,7
2024-07-27 07:00:00,107.71,64.94047278575704,42.769527214242956,7,7
2024-07-27 08:00:00,102.2,66.27936581405805,35.92063418594195,8,7
2024-07-27 09:00:00,72.96,68.37499719759967,4.585002802400325,9,7
2024-07-27 10:00:00,58.99,68.73849790552401,-9.748497905524012,10,7
2024-07-27 11:00:00,58.5,64.39270460393811,-5.892704603938114,11,7
2024-07-27 12:00:00,36.0,64.32178060887486,-28.32178060887486,12,7
2024-07-27 13:00:00,17.8,62.35975731674324,-44.559757316743244,13,7
2024-07-27 14:00:00,17.92,64.10093965982253,-46.18093965982253,14,7
2024-07-27 15:00:00,18.8,67.90581841387325,-49.10581841387325,15,7
2024-07-27 16:00:00,15.0,84.89262922340129,-69.89262922340129,16,7
2024-07-27 17:00:00,31.51,105.78111384677834,-74.27111384677833,17,7
2024-07-27 18:00:00,55.24,119.22641889438381,-63.98641889438381,18,7
2024-07-27 19:00:00,67.84,135.98835005100528,-68.14835005100528,19,7
2024-07-27 20:00:00,103.18,131.66651036344183,-28.486510363441823,20,7
2024-07-27 21:00:00,117.92,124.25749061632422,-6.337490616324217,21,7
2024-07-27 22:00:00,115.19,109.43185477592039,5.7581452240796125,22,7
2024-07-27 23:00:00,104.61,100.87347897003076,3.7365210299692393,23,7
2024-07-28 00:00:00,108.33,81.2324840685252,27.097515931474803,0,7
2024-07-28 01:00:00,105.25,70.76561287907629,34.484387120923714,1,7
2024-07-28 02:00:00,98.88,67.94540950690163,30.93459049309837,2,7
2024-07-28 03:00:00,101.87,60.98667868087182,40.883321319128186,3,7
2024-07-28 04:00:00,101.87,55.69502017652468,46.174979823475326,4,7
2024-07-28 05:00:00,102.87,53.74121774402994,49.128782255970066,5,7
2024-07-28 06:00:00,104.07,59.27619313855661,44.793806861443386,6,7
2024-07-28 07:00:00,103.87,64.29827042098503,39.57172957901497,7,7
2024-07-28 08:00:00,70.0,66.26368454284034,3.7363154571596624,8,7
2024-07-28 09:00:00,50.0,68.19222960945103,-18.192229609451033,9,7
2024-07-28 10:00:00,0.44,67.84524591778239,-67.4052459177824,10,7
2024-07-28 11:00:00,0.0,63.989240543779374,-63.989240543779374,11,7
2024-07-28 12:00:00,0.0,64.38300112219378,-64.38300112219378,12,7
2024-07-28 13:00:00,0.0,62.76377104103591,-62.76377104103591,13,7
2024-07-28 14:00:00,0.0,64.00621994468275,-64.00621994468275,14,7
2024-07-28 15:00:00,0.0,68.71768623315353,-68.71768623315353,15,7
2024-07-28 16:00:00,0.0,85.15201497352962,-85.15201497352962,16,7
2024-07-28 17:00:00,0.15,106.33187907237368,-106.18187907237368,17,7
2024-07-28 18:00:00,41.26,119.82024425509877,-78.56024425509878,18,7
2024-07-28 19:00:00,66.84,137.07841970854736,-70.23841970854735,19,7
2024-07-28 20:00:00,105.47,133.8743742234629,-28.404374223462895,20,7
2024-07-28 21:00:00,115.98,126.52620859181604,-10.54620859181604,21,7
2024-07-28 22:00:00,125.5,110.71170656356088,14.788293436439119,22,7
2024-07-28 23:00:00,117.2,101.08621659724912,16.113783402750883,23,7
2024-07-29 00:00:00,113.64,82.09533389465975,31.544666105340255,0,7
2024-07-29 01:00:00,110.98,70.99075435715264,39.989245642847365,1,7
2024-07-29 02:00:00,106.91,67.63874005237574,39.27125994762426,2,7
2024-07-29 03:00:00,106.41,60.28745844583716,46.12254155416284,3,7
2024-07-29 04:00:00,106.91,54.524901539840414,52.38509846015958,4,7
2024-07-29 05:00:00,106.91,51.86173345608785,55.04826654391215,5,7
2024-07-29 06:00:00,109.15,57.37596944964224,51.774030550357764,6,7
2024-07-29 07:00:00,112.03,64.88084353764157,47.149156462358434,7,7
2024-07-29 08:00:00,112.46,67.97034378992953,44.489656210070464,8,7
2024-07-29 09:00:00,111.93,70.03468636571182,41.895313634288186,9,7
2024-07-29 10:00:00,111.41,71.72950014322623,39.680499856773764,10,7
2024-07-29 11:00:00,106.91,67.58348947286754,39.326510527132456,11,7
2024-07-29 12:00:00,104.31,67.6067016734404,36.703298326559604,12,7
2024-07-29 13:00:00,100.0,65.7232444477325,34.2767555522675,13,7
2024-07-29 14:00:00,99.09,66.72601454556224,32.36398545443777,14,7
2024-07-29 15:00:00,93.0,70.86939147244976,22.130608527550237,15,7
2024-07-29 16:00:00,93.56,86.65364049050345,6.9063595094965535,16,7
2024-07-29 17:00:00,102.76,108.21436942931473,-5.454369429314724,17,7
2024-07-29 18:00:00,106.41,120.28500253163281,-13.875002531632816,18,7
2024-07-29 19:00:00,107.67,136.08126799151353,-28.411267991513526,19,7
2024-07-29 20:00:00,112.22,130.68262818454969,-18.462628184549686,20,7
2024-07-29 21:00:00,135.01,122.98938529664468,12.020614703355307,21,7
2024-07-29 22:00:00,129.0,108.60633318945196,20.39366681054804,22,7
2024-07-29 23:00:00,111.98,100.1086725951647,11.871327404835299,23,7
2024-07-30 00:00:00,110.2,80.32406396556433,29.875936034435668,0,7
2024-07-30 01:00:00,108.83,70.19240437226102,38.637595627738975,1,7
2024-07-30 02:00:00,107.83,67.90072519498682,39.92927480501318,2,7
2024-07-30 03:00:00,108.33,61.8617551137674,46.4682448862326,3,7
2024-07-30 04:00:00,108.48,57.50875256342039,50.97124743657962,4,7
2024-07-30 05:00:00,108.95,57.0093243837282,51.940675616271804,5,7
2024-07-30 06:00:00,109.13,64.27506101308785,44.854938986912146,6,7
2024-07-30 07:00:00,111.43,70.76082733769903,40.66917266230098,7,7
2024-07-30 08:00:00,110.06,75.29855796081921,34.76144203918079,8,7
2024-07-30 09:00:00,106.23,79.73583258620539,26.494167413794614,9,7
2024-07-30 10:00:00,88.5,80.30945411069251,8.190545889307487,10,7
2024-07-30 11:00:00,75.97,75.89299800790519,0.07700199209480729,11,7
2024-07-30 12:00:00,75.58,76.08250134354415,-0.5025013435441537,12,7
2024-07-30 13:00:00,75.0,73.62712743645523,1.3728725635447745,13,7
2024-07-30 14:00:00,74.98,74.33392990010691,0.6460700998930946,14,7
2024-07-30 15:00:00,68.43,77.88120431204834,-9.451204312048333,15,7
2024-07-30 16:00:00,64.0,93.52673511244251,-29.52673511244251,16,7
2024-07-30 17:00:00,73.99,113.2823298896169,-39.29232988961691,17,7
2024-07-30 18:00:00,83.74,123.8030806038281,-40.06308060382811,18,7
2024-07-30 19:00:00,108.31,137.54562357764695,-29.235623577646948,19,7
2024-07-30 20:00:00,113.03,131.88247458400087,-18.852474584000873,20,7
2024-07-30 21:00:00,142.48,124.18237619524155,18.297623804758445,21,7
2024-07-30 22:00:00,142.48,110.17972676300451,32.30027323699548,22,7
2024-07-30 23:00:00,117.0,101.47008683066827,15.529913169331735,23,7
2024-07-31 00:00:00,115.82,83.31216723053171,32.50783276946828,0,7
2024-07-31 01:00:00,112.14,73.46747056106199,38.672529438938014,1,7
2024-07-31 02:00:00,111.14,69.23402062716406,41.905979372835944,2,7
2024-07-31 03:00:00,112.14,62.784842547381686,49.355157452618315,3,7
2024-07-31 04:00:00,112.44,57.38689624200771,55.05310375799229,4,7
2024-07-31 05:00:00,113.03,56.13301824829506,56.89698175170494,5,7
2024-07-31 06:00:00,115.34,62.73172928757765,52.60827071242235,6,7
2024-07-31 07:00:00,118.48,68.90409137607293,49.57590862392708,7,7
2024-07-31 08:00:00,115.34,73.75027908849916,41.58972091150085,8,7
2024-07-31 09:00:00,111.14,77.86620142177782,33.273798578222184,9,7
2024-07-31 10:00:00,105.0,78.262423767987,26.737576232012998,10,7
2024-07-31 11:00:00,86.1,73.57132471728085,12.52867528271915,11,7
2024-07-31 12:00:00,82.1,73.28417679876998,8.815823201230018,12,7
2024-07-31 13:00:00,81.97,70.66996174268434,11.300038257315663,13,7
2024-07-31 14:00:00,81.71,72.48294603699958,9.227053963000415,14,7
2024-07-31 15:00:00,80.01,76.78937102755884,3.220628972441162,15,7
2024-07-31 16:00:00,79.59,92.91001007423392,-13.32001007423392,16,7
2024-07-31 17:00:00,79.8,114.38104756080224,-34.58104756080225,17,7
2024-07-31 18:00:00,94.37,126.07989394897822,-31.70989394897822,18,7
2024-07-31 19:00:00,111.14,140.78234005660636,-29.642340056606358,19,7
2024-07-31 20:00:00,117.53,136.8494778719712,-19.319477871971202,20,7
2024-07-31 21:00:00,142.48,127.49072565545288,14.989274344547113,21,7
2024-07-31 22:00:00,132.4,110.28813597359664,22.111864026403367,22,7
2024-07-31 23:00:00,116.98,101.50561918588716,15.474380814112848,23,7
2024-08-01 00:00:00,117.02,81.75547973561714,35.26452026438285,0,8
2024-08-01 01:00:00,113.14,70.16023496761994,42.97976503238006,1,8
2024-08-01 02:00:00,112.38,66.53040987829587,45.849590121704125,2,8
2024-08-01 03:00:00,112.64,60.367989488815226,52.272010511184774,3,8
2024-08-01 04:00:00,112.58,55.38606901647887,57.19393098352113,4,8
2024-08-01 05:00:00,112.88,53.72435581376055,59.15564418623944,5,8
2024-08-01 06:00:00,116.84,59.42585275921914,57.41414724078086,6,8
2024-08-01 07:00:00,120.72,67.03189846962147,53.68810153037853,7,8
2024-08-01 08:00:00,116.84,71.85660852186743,44.983391478132575,8,8
2024-08-01 09:00:00,112.82,76.04146505791209,36.7785349420879,9,8
2024-08-01 10:00:00,111.92,77.57328137968142,34.34671862031858,10,8
2024-08-01 11:00:00,98.0,72.84575362975039,25.15424637024961,11,8
2024-08-01 12:00:00,92.98,73.86278977119196,19.117210228808048,12,8
2024-08-01 13:00:00,92.79,72.09562096492522,20.69437903507479,13,8
2024-08-01 14:00:00,88.99,73.9220662603824,15.067933739617601,14,8
2024-08-01 15:00:00,83.0,78.35793350629632,4.64206649370368,15,8
2024-08-01 16:00:00,81.8,95.28160584955356,-13.48160584955356,16,8
2024-08-01 17:00:00,81.8,115.44970174574928,-33.64970174574928,17,8
2024-08-01 18:00:00,94.37,128.1140455938811,-33.74404559388108,18,8
2024-08-01 19:00:00,109.2,141.0689012726874,-31.86890127268741,19,8
2024-08-01 20:00:00,117.6,135.14687678151773,-17.54687678151774,20,8
2024-08-01 21:00:00,132.66,126.73173666276097,5.928263337239031,21,8
2024-08-01 22:00:00,125.5,111.36895889003023,14.131041109969772,22,8
2024-08-01 23:00:00,117.14,102.17638070137707,14.96361929862293,23,8
2024-08-02 00:00:00,113.84,81.75985147853481,32.08014852146519,0,8
2024-08-02 01:00:00,114.24,71.75662244791732,42.48337755208267,1,8
2024-08-02 02:00:00,111.64,68.68397594813092,42.95602405186908,2,8
2024-08-02 03:00:00,112.64,62.35957614119326,50.28042385880674,3,8
2024-08-02 04:00:00,111.64,57.46035381218752,54.17964618781248,4,8
2024-08-02 05:00:00,111.64,55.914536376531885,55.725463623468116,5,8
2024-08-02 06:00:00,112.64,62.18220770418702,50.45779229581298,6,8
2024-08-02 07:00:00,114.0,70.20490376241241,43.795096237587586,7,8
2024-08-02 08:00:00,109.92,74.1800486215783,35.73995137842171,8,8
2024-08-02 09:00:00,104.42,77.93038859085539,26.489611409144615,9,8
2024-08-02 10:00:00,75.59,78.61734014726801,-3.0273401472680064,10,8
2024-08-02 11:00:00,65.16,74.23326751321974,-9.073267513219747,11,8
2024-08-02 12:00:00,69.83,74.87594027019679,-5.045940270196795,12,8
2024-08-02 13:00:00,60.0,73.14363188873483,-13.14363188873483,13,8
2024-08-02 14:00:00,58.1,74.27791250589337,-16.177912505893367,14,8
2024-08-02 15:00:00,52.43,78.06238297768454,-25.632382977684536,15,8
2024-08-02 16:00:00,49.95,95.12106000104234,-45.171060001042335,16,8
2024-08-02 17:00:00,58.77,115.72873154592162,-56.958731545921616,17,8
2024-08-02 18:00:00,65.0,127.60524384155076,-62.60524384155076,18,8
2024-08-02 19:00:00,88.0,142.23718089163998,-54.23718089163998,19,8
2024-08-02 20:00:00,114.0,137.5368143058401,-23.536814305840096,20,8
2024-08-02 21:00:00,128.53,129.03515528273715,-0.5051552827371495,21,8
2024-08-02 22:00:00,126.63,112.17963400768633,14.450365992313664,22,8
2024-08-02 23:00:00,115.36,102.50924428298987,12.85075571701013,23,8
2024-08-03 00:00:00,119.34,82.99707961167667,36.342920388323336,0,8
2024-08-03 01:00:00,116.1,71.95988840932398,44.140111590676014,1,8
2024-08-03 02:00:00,113.85,68.45501464551904,45.39498535448095,2,8
2024-08-03 03:00:00,113.85,61.409906652218694,52.4400933477813,3,8
2024-08-03 04:00:00,112.37,55.43684281591476,56.933157184085246,4,8
2024-08-03 05:00:00,112.67,53.63527310842193,59.034726891578075,5,8
2024-08-03 06:00:00,114.3,60.86682075153351,53.43317924846649,6,8
2024-08-03 07:00:00,115.65,67.65887351065777,47.991126489342236,7,8
2024-08-03 08:00:00,103.02,69.72080189028998,33.29919810971002,8,8
2024-08-03 09:00:00,68.3,71.71997871655526,-3.4199787165552635,9,8
2024-08-03 10:00:00,32.44,70.03621052255636,-37.59621052255636,10,8
2024-08-03 11:00:00,20.36,64.88112897426055,-44.52112897426055,11,8
2024-08-03 12:00:00,14.66,65.72456375243888,-51.064563752438886,12,8
2024-08-03 13:00:00,6.41,62.40164196671134,-55.99164196671134,13,8
2024-08-03 14:00:00,5.0,64.03152946225214,-59.03152946225214,14,8
2024-08-03 15:00:00,10.07,68.07094167608932,-58.00094167608932,15,8
2024-08-03 16:00:00,10.2,83.74511368464732,-73.54511368464732,16,8
2024-08-03 17:00:00,20.0,104.99960561724009,-84.99960561724009,17,8
2024-08-03 18:00:00,58.75,117.87646447082648,-59.12646447082648,18,8
2024-08-03 19:00:00,80.0,134.20003174276349,-54.200031742763485,19,8
2024-08-03 20:00:00,121.49,129.5202252064916,-8.030225206491608,20,8
2024-08-03 21:00:00,136.53,123.18524504102822,13.344754958971777,21,8
2024-08-03 22:00:00,131.49,107.86814174589688,23.62185825410313,22,8
2024-08-03 23:00:00,126.63,99.69664088456028,26.933359115439714,23,8
2024-08-04 00:00:00,115.34,80.03075798551811,35.309242014481896,0,8
2024-08-04 01:00:00,112.82,68.83610511807058,43.983894881929416,1,8
2024-08-04 02:00:00,106.0,65.81818120354166,40.181818796458344,2,8
2024-08-04 03:00:00,111.47,59.658100153250814,51.811899846749185,3,8
2024-08-04 04:00:00,111.92,53.849385028690165,58.07061497130984,4,8
2024-08-04 05:00:00,113.27,51.94943282589162,61.320567174108376,5,8
2024-08-04 06:00:00,113.72,58.187493045397105,55.532506954602894,6,8
2024-08-04 07:00:00,113.53,64.44670461732602,49.08329538267398,7,8
2024-08-04 08:00:00,97.89,65.38402643282518,32.50597356717482,8,8
2024-08-04 09:00:00,68.1,67.54568421984027,0.554315780159726,9,8
2024-08-04 10:00:00,15.0,67.34487416708714,-52.34487416708714,10,8
2024-08-04 11:00:00,2.05,62.38939633070362,-60.33939633070362,11,8
2024-08-04 12:00:00,0.44,62.66666115193317,-62.22666115193317,12,8
2024-08-04 13:00:00,4.55,60.437467995248426,-55.88746799524843,13,8
2024-08-04 14:00:00,10.0,61.47779223916655,-51.47779223916655,14,8
2024-08-04 15:00:00,2.0,65.12433941040138,-63.124339410401376,15,8
2024-08-04 16:00:00,1.45,81.45835822213002,-80.00835822213001,16,8
2024-08-04 17:00:00,22.05,102.6629305764115,-80.6129305764115,17,8
2024-08-04 18:00:00,63.37,116.0495634517045,-52.6795634517045,18,8
2024-08-04 19:00:00,82.97,131.8088049045242,-48.83880490452421,19,8
2024-08-04 20:00:00,123.44,128.32040155180732,-4.880401551807324,20,8
2024-08-04 21:00:00,142.76,121.31138851656834,21.448611483431648,21,8
2024-08-04 22:00:00,144.24,106.3582237627216,37.881776237278416,22,8
2024-08-04 23:00:00,133.06,98.0846203336938,34.975379666306196,23,8
2024-08-05 00:00:00,119.96,79.73765996588298,40.22234003411701,0,8
2024-08-05 01:00:00,116.42,69.839392404443,46.580607595557,1,8
2024-08-05 02:00:00,114.17,66.35833975660688,47.81166024339312,2,8
2024-08-05 03:00:00,115.97,59.810990210651426,56.15900978934857,3,8
2024-08-05 04:00:00,115.97,54.60011652508899,61.369883474911006,4,8
2024-08-05 05:00:00,118.04,52.623280523680535,65.41671947631947,5,8
2024-08-05 06:00:00,121.28,57.88461226652879,63.39538773347121,6,8
2024-08-05 07:00:00,126.1,64.58701449504827,61.51298550495173,7,8
2024-08-05 08:00:00,123.0,67.4324264258945,55.567573574105495,8,8
2024-08-05 09:00:00,117.23,69.70634378808575,47.52365621191426,9,8
2024-08-05 10:00:00,114.17,70.79162330413823,43.378376695861775,10,8
2024-08-05 11:00:00,88.62,66.60288549102944,22.017114508970565,11,8
2024-08-05 12:00:00,83.01,67.99541593442791,15.014584065572095,12,8
2024-08-05 13:00:00,82.59,65.56934912987714,17.020650870122864,13,8
2024-08-05 14:00:00,82.1,66.5138837648189,15.586116235181095,14,8
2024-08-05 15:00:00,81.58,70.96671332334091,10.613286676659087,15,8
2024-08-05 16:00:00,81.45,86.96697363869788,-5.516973638697877,16,8
2024-08-05 17:00:00,81.97,108.23342974763528,-26.263429747635286,17,8
2024-08-05 18:00:00,86.69,121.1312191693354,-34.4412191693354,18,8
2024-08-05 19:00:00,118.85,136.8323570658966,-17.982357065896593,19,8
2024-08-05 20:00:00,129.38,133.12744825797768,-3.7474482579776804,20,8
2024-08-05 21:00:00,150.89,126.38819487525024,24.50180512474975,21,8
2024-08-05 22:00:00,140.0,110.68547283944065,29.31452716055935,22,8
2024-08-05 23:00:00,126.34,102.19703743005113,24.142962569948878,23,8
2024-08-06 00:00:00,114.76,83.23864834904793,31.52135165095207,0,8
2024-08-06 01:00:00,109.86,72.79566234888688,37.06433765111312,1,8
2024-08-06 02:00:00,100.0,69.47164400136091,30.528355998639086,2,8
2024-08-06 03:00:00,110.56,63.08035840343672,47.47964159656328,3,8
2024-08-06 04:00:00,110.09,57.498346256943535,52.59165374305647,4,8
2024-08-06 05:00:00,113.32,55.90172427928064,57.41827572071935,5,8
2024-08-06 06:00:00,119.69,62.03064704128519,57.659352958714805,6,8
2024-08-06 07:00:00,130.0,69.07345530181533,60.92654469818467,7,8
2024-08-06 08:00:00,120.3,72.42355442269184,47.87644557730816,8,8
2024-08-06 09:00:00,110.56,75.09791998583091,35.46208001416909,9,8
2024-08-06 10:00:00,102.73,75.75279523460296,26.977204765397047,10,8
2024-08-06 11:00:00,90.0,71.05567883971702,18.944321160282982,11,8
2024-08-06 12:00:00,83.78,71.5644937812416,12.215506218758406,12,8
2024-08-06 13:00:00,83.4,69.22949499884805,14.170505001151952,13,8
2024-08-06 14:00:00,83.18,69.70289409314466,13.477105906855343,14,8
2024-08-06 15:00:00,82.44,74.42692339534807,8.013076604651928,15,8
2024-08-06 16:00:00,82.31,89.71919280720715,-7.409192807207148,16,8
2024-08-06 17:00:00,83.18,110.53622495341784,-27.356224953417836,17,8
2024-08-06 18:00:00,90.4,122.75906940265361,-32.3590694026536,18,8
2024-08-06 19:00:00,113.32,137.69897687188757,-24.378976871887573,19,8
2024-08-06 20:00:00,123.21,132.78653178266558,-9.576531782665583,20,8
2024-08-06 21:00:00,132.34,125.40219260540613,6.937807394593875,21,8
2024-08-06 22:00:00,126.1,109.83712550253955,16.262874497460444,22,8
2024-08-06 23:00:00,117.86,101.0473376828997,16.812662317100305,23,8
2024-08-07 00:00:00,107.22,81.83012839560666,25.389871604393335,0,8
2024-08-07 01:00:00,107.22,70.9857404919237,36.23425950807629,1,8
2024-08-07 02:00:00,107.21,67.18854301994543,40.021456980054566,2,8
2024-08-07 03:00:00,107.21,60.7843026062406,46.42569739375939,3,8
2024-08-07 04:00:00,95.0,55.344097813601934,39.655902186398066,4,8
2024-08-07 05:00:00,102.44,53.490673256516004,48.949326743483994,5,8
2024-08-07 06:00:00,105.0,58.832264853021286,46.167735146978714,6,8
2024-08-07 07:00:00,115.1,65.07675342273558,50.023246577264416,7,8
2024-08-07 08:00:00,102.44,67.95674332850814,34.48325667149186,8,8
2024-08-07 09:00:00,87.97,71.27079903996264,16.69920096003736,9,8
2024-08-07 10:00:00,78.7,73.22661836858873,5.4733816314112715,10,8
2024-08-07 11:00:00,79.6,68.35611131879006,11.243888681209938,11,8
2024-08-07 12:00:00,81.1,68.104231657127,12.995768342872992,12,8
2024-08-07 13:00:00,82.0,65.00715545351437,16.992844546485628,13,8
2024-08-07 14:00:00,82.49,66.97544212382525,15.514557876174749,14,8
2024-08-07 15:00:00,79.6,71.28912779193882,8.31087220806117,15,8
2024-08-07 16:00:00,79.6,86.7366283811931,-7.1366283811931055,16,8
2024-08-07 17:00:00,82.0,108.77320922858576,-26.773209228585756,17,8
2024-08-07 18:00:00,84.23,122.18636188559884,-37.95636188559884,18,8
2024-08-07 19:00:00,89.0,137.33167337046063,-48.331673370460635,19,8
2024-08-07 20:00:00,116.2,132.43707915949688,-16.237079159496872,20,8
2024-08-07 21:00:00,128.9,124.60704245319505,4.292957546804956,21,8
2024-08-07 22:00:00,122.42,108.52837670232151,13.891623297678493,22,8
2024-08-07 23:00:00,115.58,99.69550072993496,15.884499270065035,23,8
2024-08-08 00:00:00,107.75,81.50643713257244,26.243562867427556,0,8
2024-08-08 01:00:00,103.79,70.39287845531896,33.39712154468104,1,8
2024-08-08 02:00:00,98.38,67.13369695980026,31.246303040199734,2,8
2024-08-08 03:00:00,101.81,60.70095884459397,41.10904115540603,3,8
2024-08-08 04:00:00,101.81,55.77809068073145,46.03190931926855,4,8
2024-08-08 05:00:00,101.93,54.25685196876668,47.673148031233325,5,8
2024-08-08 06:00:00,107.75,60.85482936264685,46.89517063735315,6,8
2024-08-08 07:00:00,115.1,67.69208468904617,47.407915310953825,7,8
2024-08-08 08:00:00,107.82,71.28848574584941,36.53151425415058,8,8
2024-08-08 09:00:00,109.1,74.13496224119251,34.96503775880748,9,8
2024-08-08 10:00:00,89.0,74.61495037647586,14.38504962352414,10,8
2024-08-08 11:00:00,83.1,70.11294562007453,12.987054379925468,11,8
2024-08-08 12:00:00,83.0,69.90285751352178,13.09714248647822,12,8
2024-08-08 13:00:00,83.0,67.54112595414972,15.45887404585028,13,8
2024-08-08 14:00:00,83.0,68.92073415290378,14.079265847096224,14,8
2024-08-08 15:00:00,82.0,73.10960940697879,8.890390593021209,15,8
2024-08-08 16:00:00,82.0,88.99926316073413,-6.999263160734131,16,8
2024-08-08 17:00:00,87.19,109.73658805765018,-22.546588057650183,17,8
2024-08-08 18:00:00,96.5,122.65898277069391,-26.15898277069391,18,8
2024-08-08 19:00:00,110.5,139.1768049880436,-28.676804988043614,19,8
2024-08-08 20:00:00,115.5,134.25801109703576,-18.758011097035762,20,8
2024-08-08 21:00:00,140.01,126.82623966852759,13.1837603314724,21,8
2024-08-08 22:00:00,126.48,110.7913607781332,15.688639221866808,22,8
2024-08-08 23:00:00,111.95,101.19071266684563,10.759287333154376,23,8
2024-08-09 00:00:00,118.06,82.36001083631635,35.699989163683654,0,8
2024-08-09 01:00:00,116.92,71.09727430553386,45.82272569446614,1,8
2024-08-09 02:00:00,111.7,67.33123774735282,44.36876225264719,2,8
2024-08-09 03:00:00,117.1,61.80153804120306,55.298461958796935,3,8
2024-08-09 04:00:00,112.32,56.68579864368638,55.63420135631361,4,8
2024-08-09 05:00:00,110.46,54.94057534011887,55.519424659881125,5,8
2024-08-09 06:00:00,116.92,60.373642532479835,56.54635746752017,6,8
2024-08-09 07:00:00,118.85,67.87578628663209,50.9742137133679,7,8
2024-08-09 08:00:00,116.92,71.3722868611448,45.5477131388552,8,8
2024-08-09 09:00:00,111.2,74.05380549438019,37.14619450561982,9,8
2024-08-09 10:00:00,85.0,74.95983842403217,10.04016157596783,10,8
2024-08-09 11:00:00,81.81,70.22458258539541,11.585417414604592,11,8
2024-08-09 12:00:00,81.68,70.67457051931001,11.005429480689997,12,8
2024-08-09 13:00:00,81.68,68.31723008236179,13.362769917638218,13,8
2024-08-09 14:00:00,81.55,69.20024141744204,12.349758582557953,14,8
2024-08-09 15:00:00,80.0,73.96439233890715,6.035607661092854,15,8
2024-08-09 16:00:00,80.0,89.69841661930855,-9.698416619308546,16,8
2024-08-09 17:00:00,81.18,110.37256850223253,-29.19256850223252,17,8
2024-08-09 18:00:00,82.07,123.50838920553525,-41.43838920553526,18,8
2024-08-09 19:00:00,97.7,139.30995703821594,-41.60995703821594,19,8
2024-08-09 20:00:00,113.3,134.91631842785318,-21.616318427853187,20,8
2024-08-09 21:00:00,127.71,126.99639150670112,0.713608493298878,21,8
2024-08-09 22:00:00,120.33,111.78025262139573,8.549747378604266,22,8
2024-08-09 23:00:00,111.2,103.31176875926246,7.8882312407375395,23,8
2024-08-10 00:00:00,109.56,84.98463841508453,24.57536158491547,0,8
2024-08-10 01:00:00,105.0,73.84163029332501,31.15836970667499,1,8
2024-08-10 02:00:00,99.0,70.46915458933984,28.530845410660163,2,8
2024-08-10 03:00:00,117.75,63.430944357994235,54.319055642005765,3,8
2024-08-10 04:00:00,115.01,58.15337462419615,56.85662537580386,4,8
2024-08-10 05:00:00,115.43,56.16592343444921,59.264076565550795,5,8
2024-08-10 06:00:00,116.93,61.710941155745786,55.21905884425422,6,8
2024-08-10 07:00:00,117.89,69.32341692242903,48.56658307757097,7,8
2024-08-10 08:00:00,113.3,74.04959405417185,39.25040594582815,8,8
2024-08-10 09:00:00,68.99,77.6443442098282,-8.65434420982821,9,8
2024-08-10 10:00:00,12.55,78.01485084928214,-65.46485084928214,10,8
2024-08-10 11:00:00,0.44,73.71508597717121,-73.27508597717122,11,8
2024-08-10 12:00:00,0.44,73.69082787832946,-73.25082787832946,12,8
2024-08-10 13:00:00,1.9,71.60494220771523,-69.70494220771522,13,8
2024-08-10 14:00:00,2.4,72.73011614732991,-70.3301161473299,14,8
2024-08-10 15:00:00,0.45,77.07938757253834,-76.62938757253833,15,8
2024-08-10 16:00:00,0.45,93.28696090442736,-92.83696090442736,16,8
2024-08-10 17:00:00,3.32,114.05955539287595,-110.73955539287596,17,8
2024-08-10 18:00:00,50.0,127.485257934343,-77.485257934343,18,8
2024-08-10 19:00:00,81.67,142.74224517624288,-61.07224517624287,19,8
2024-08-10 20:00:00,115.43,138.116780637432,-22.68678063743198,20,8
2024-08-10 21:00:00,127.57,130.21692492845864,-2.6469249284586454,21,8
2024-08-10 22:00:00,124.29,114.6013418577648,9.688658142235212,22,8
2024-08-10 23:00:00,112.82,105.05667117028128,7.763328829718716,23,8
2024-08-11 00:00:00,119.2,85.92452031996595,33.27547968003405,0,8
2024-08-11 01:00:00,116.7,74.57932828274488,42.12067171725512,1,8
2024-08-11 02:00:00,105.0,70.52181764947011,34.47818235052989,2,8
2024-08-11 03:00:00,109.74,63.7442079072365,45.995792092763494,3,8
2024-08-11 04:00:00,108.11,57.46345737828295,50.646542621717046,4,8
2024-08-11 05:00:00,110.0,55.714238127586555,54.285761872413445,5,8
2024-08-11 06:00:00,113.2,60.71626916631078,52.48373083368922,6,8
2024-08-11 07:00:00,110.0,67.84545952477896,42.15454047522104,7,8
2024-08-11 08:00:00,94.5,72.49755175094043,22.00244824905957,8,8
2024-08-11 09:00:00,50.0,75.6105811174923,-25.610581117492302,9,8
2024-08-11 10:00:00,0.0,77.03041019035368,-77.03041019035368,10,8
2024-08-11 11:00:00,0.0,72.18630637199772,-72.18630637199772,11,8
2024-08-11 12:00:00,0.0,72.46553818444562,-72.46553818444562,12,8
2024-08-11 13:00:00,0.0,70.00986024933871,-70.00986024933871,13,8
2024-08-11 14:00:00,0.0,70.95128928850914,-70.95128928850914,14,8
2024-08-11 15:00:00,0.0,74.64715401189835,-74.64715401189835,15,8
2024-08-11 16:00:00,0.0,90.34847044064082,-90.34847044064082,16,8
2024-08-11 17:00:00,4.12,110.7727916431578,-106.6527916431578,17,8
2024-08-11 18:00:00,36.42,123.12838309520964,-86.70838309520964,18,8
2024-08-11 19:00:00,80.54,138.65609749319765,-58.11609749319764,19,8
2024-08-11 20:00:00,116.34,133.68690617811404,-17.34690617811404,20,8
2024-08-11 21:00:00,128.58,125.5685063377702,3.0114936622298103,21,8
2024-08-11 22:00:00,136.29,109.09798677141333,27.19201322858666,22,8
2024-08-11 23:00:00,122.6,99.50459233550004,23.09540766449996,23,8
2024-08-12 00:00:00,114.7,80.04409960799143,34.655900392008576,0,8
2024-08-12 01:00:00,107.0,68.95760424699705,38.04239575300295,1,8
2024-08-12 02:00:00,104.0,65.4062668197825,38.5937331802175,2,8
2024-08-12 03:00:00,110.0,58.511450769270084,51.488549230729916,3,8
2024-08-12 04:00:00,110.1,52.789147073874574,57.31085292612542,4,8
2024-08-12 05:00:00,119.26,50.52444478664165,68.73555521335835,5,8
2024-08-12 06:00:00,120.34,55.49444960144092,64.84555039855908,6,8
2024-08-12 07:00:00,128.22,62.93280637615027,65.28719362384973,7,8
2024-08-12 08:00:00,120.82,68.73064600803565,52.089353991964344,8,8
2024-08-12 09:00:00,116.45,70.43476469916902,46.01523530083098,9,8
2024-08-12 10:00:00,97.5,71.28689368182489,26.213106318175107,10,8
2024-08-12 11:00:00,83.18,67.34434812206143,15.835651877938574,11,8
2024-08-12 12:00:00,81.99,68.85392244117497,13.136077558825022,12,8
2024-08-12 13:00:00,82.0,66.30683898248952,15.693161017510477,13,8
2024-08-12 14:00:00,81.8,67.43913990380543,14.360860096194571,14,8
2024-08-12 15:00:00,81.28,71.1705501175411,10.109449882458904,15,8
2024-08-12 16:00:00,80.1,86.08363433306039,-5.983634333060394,16,8
2024-08-12 17:00:00,82.1,105.94073917473418,-23.840739174734182,17,8
2024-08-12 18:00:00,90.57,119.00451525966986,-28.434515259669865,18,8
2024-08-12 19:00:00,117.15,134.92020640852581,-17.77020640852581,19,8
2024-08-12 20:00:00,124.95,130.8400892942417,-5.89008929424169,20,8
2024-08-12 21:00:00,136.13,123.4532868369534,12.6767131630466,21,8
2024-08-12 22:00:00,128.72,108.0988168741232,20.621183125876797,22,8
2024-08-12 23:00:00,121.06,100.03869291253102,21.021307087468983,23,8
2024-08-13 00:00:00,116.1,80.03549339175959,36.06450660824041,0,8
2024-08-13 01:00:00,115.0,69.76628158807574,45.23371841192426,1,8
2024-08-13 02:00:00,110.0,66.51051862429915,43.48948137570085,2,8
2024-08-13 03:00:00,115.92,60.43096678976394,55.48903321023606,3,8
2024-08-13 04:00:00,113.2,54.95262799790555,58.24737200209445,4,8
2024-08-13 05:00:00,110.0,52.96639823169971,57.03360176830029,5,8
2024-08-13 06:00:00,116.1,58.29289517211686,57.80710482788314,6,8
2024-08-13 07:00:00,125.5,64.59640594797327,60.90359405202673,7,8
2024-08-13 08:00:00,117.89,67.82194141385116,50.06805858614884,8,8
2024-08-13 09:00:00,104.88,71.61394212717221,33.26605787282779,9,8
2024-08-13 10:00:00,106.51,71.55480383125104,34.95519616874897,10,8
2024-08-13 11:00:00,96.0,67.2750802141208,28.724919785879194,11,8
2024-08-13 12:00:00,90.0,66.99714765226821,23.00285234773179,12,8
2024-08-13 13:00:00,88.0,64.20305587002292,23.796944129977078,13,8
2024-08-13 14:00:00,85.0,64.84453801890612,20.15546198109388,14,8
2024-08-13 15:00:00,81.39,68.13283782382206,13.257162176177943,15,8
2024-08-13 16:00:00,80.05,83.96044980919748,-3.9104498091974875,16,8
2024-08-13 17:00:00,84.5,105.3617042760983,-20.861704276098294,17,8
2024-08-13 18:00:00,96.02,117.89228474218044,-21.87228474218044,18,8
2024-08-13 19:00:00,101.51,133.3813734516268,-31.87137345162681,19,8
2024-08-13 20:00:00,118.71,128.88576622793357,-10.175766227933579,20,8
2024-08-13 21:00:00,130.48,121.5587246834599,8.92127531654009,21,8
2024-08-13 22:00:00,129.2,105.31578439360584,23.88421560639415,22,8
2024-08-13 23:00:00,120.96,95.81187419377875,25.148125806221245,23,8
2024-08-14 00:00:00,115.02,76.74977284312627,38.27022715687373,0,8
2024-08-14 01:00:00,108.64,65.8414742786241,42.798525721375896,1,8
2024-08-14 02:00:00,104.63,62.311100404106526,42.31889959589347,2,8
2024-08-14 03:00:00,105.25,56.35247850391988,48.89752149608012,3,8
2024-08-14 04:00:00,93.63,51.5462460661775,42.08375393382249,4,8
2024-08-14 05:00:00,94.37,49.23033658135836,45.139663418641646,5,8
2024-08-14 06:00:00,99.45,54.378108147402315,45.07189185259769,6,8
2024-08-14 07:00:00,113.3,60.033273390795046,53.26672660920495,7,8
2024-08-14 08:00:00,109.87,62.05113732589166,47.818862674108345,8,8
2024-08-14 09:00:00,90.0,64.64699117547895,25.353008824521055,9,8
2024-08-14 10:00:00,75.0,65.82367228912761,9.176327710872386,10,8
2024-08-14 11:00:00,64.88,60.64766133343886,4.232338666561134,11,8
2024-08-14 12:00:00,64.55,59.988672063056015,4.561327936943982,12,8
2024-08-14 13:00:00,64.99,56.614853107663066,8.375146892336929,13,8
2024-08-14 14:00:00,64.88,56.45984597305619,8.420154026943806,14,8
2024-08-14 15:00:00,63.37,59.692550457894924,3.677449542105073,15,8
2024-08-14 16:00:00,60.0,75.01417920912496,-15.014179209124961,16,8
2024-08-14 17:00:00,63.91,95.97182666643033,-32.061826666430335,17,8
2024-08-14 18:00:00,69.99,107.62121874613104,-37.63121874613104,18,8
2024-08-14 19:00:00,85.53,121.9869922431281,-36.4569922431281,19,8
2024-08-14 20:00:00,109.02,118.35004098183333,-9.330040981833335,20,8
2024-08-14 21:00:00,114.26,111.73955819588565,2.5204418041143555,21,8
2024-08-14 22:00:00,108.54,96.28060523436056,12.259394765639442,22,8
2024-08-14 23:00:00,94.18,87.51911143022716,6.660888569772851,23,8
2024-08-15 00:00:00,74.23,69.15725774855821,5.072742251441795,0,8
2024-08-15 01:00:00,61.77,59.498221004724144,2.2717789952758594,1,8
2024-08-15 02:00:00,61.77,56.793992521136204,4.976007478863799,2,8
2024-08-15 03:00:00,61.28,51.16702346559612,10.112976534403884,3,8
2024-08-15 04:00:00,61.28,46.86166115413357,14.41833884586643,4,8
2024-08-15 05:00:00,61.28,45.392121936491094,15.887878063508907,5,8
2024-08-15 06:00:00,61.41,51.34147762254389,10.068522377456105,6,8
2024-08-15 07:00:00,61.67,58.43112926842548,3.238870731574522,7,8
2024-08-15 08:00:00,49.65,62.27749787464302,-12.62749787464302,8,8
2024-08-15 09:00:00,3.6,64.60693577228142,-61.006935772281416,9,8
2024-08-15 10:00:00,0.0,61.79292334844399,-61.79292334844399,10,8
2024-08-15 11:00:00,0.0,55.97814405473355,-55.97814405473355,11,8
2024-08-15 12:00:00,0.0,55.53530217824243,-55.53530217824243,12,8
2024-08-15 13:00:00,0.0,53.41646304785763,-53.41646304785763,13,8
2024-08-15 14:00:00,0.0,53.780678770096415,-53.780678770096415,14,8
2024-08-15 15:00:00,0.0,56.483801351415764,-56.483801351415764,15,8
2024-08-15 16:00:00,0.0,72.59728940281997,-72.59728940281997,16,8
2024-08-15 17:00:00,1.53,92.9402959193576,-91.4102959193576,17,8
2024-08-15 18:00:00,15.98,105.4945045425095,-89.5145045425095,18,8
2024-08-15 19:00:00,62.0,120.4284990819421,-58.42849908194211,19,8
2024-08-15 20:00:00,97.64,118.89035914046792,-21.25035914046792,20,8
2024-08-15 21:00:00,117.13,112.4355280513438,4.694471948656201,21,8
2024-08-15 22:00:00,112.45,98.09409517642626,14.355904823573738,22,8
2024-08-15 23:00:00,98.3,91.08859460285817,7.2114053971418315,23,8
2024-08-16 00:00:00,106.09,71.72180803585144,34.368191964148565,0,8
2024-08-16 01:00:00,104.44,61.73790957431089,42.70209042568911,1,8
2024-08-16 02:00:00,90.0,59.048155195196216,30.951844804803784,2,8
2024-08-16 03:00:00,88.33,53.154371436148324,35.175628563851674,3,8
2024-08-16 04:00:00,103.27,48.338240732934366,54.93175926706563,4,8
2024-08-16 05:00:00,104.71,47.18154605949792,57.528453940502075,5,8
2024-08-16 06:00:00,105.61,52.82638430722352,52.78361569277648,6,8
2024-08-16 07:00:00,114.02,58.360038061970045,55.65996193802995,7,8
2024-08-16 08:00:00,100.57,58.93738440876837,41.63261559123163,8,8
2024-08-16 09:00:00,70.0,59.534172817080616,10.465827182919384,9,8
2024-08-16 10:00:00,63.87,57.96204052611171,5.90795947388829,10,8
2024-08-16 11:00:00,63.37,52.87142331883234,10.498576681167656,11,8
2024-08-16 12:00:00,59.22,52.42774237478159,6.7922576252184115,12,8
2024-08-16 13:00:00,53.93,49.8631420735918,4.066857926408197,13,8
2024-08-16 14:00:00,50.72,51.11719173885194,-0.39719173885194436,14,8
2024-08-16 15:00:00,56.27,55.027022911819984,1.2429770881800195,15,8
2024-08-16 16:00:00,62.17,71.2956657118848,-9.125665711884793,16,8
2024-08-16 17:00:00,63.37,92.74856748921428,-29.378567489214284,17,8
2024-08-16 18:00:00,65.4,106.56638333972154,-41.166383339721534,18,8
2024-08-16 19:00:00,103.52,121.55720315999315,-18.037203159993155,19,8
2024-08-16 20:00:00,118.92,119.21277797416712,-0.29277797416712303,20,8
2024-08-16 21:00:00,129.78,112.74748009448251,17.03251990551749,21,8
2024-08-16 22:00:00,123.72,98.60696925289471,25.113030747105284,22,8
2024-08-16 23:00:00,116.16,91.01716024084271,25.142839759157283,23,8
2024-08-17 00:00:00,114.02,72.42366530723444,41.59633469276555,0,8
2024-08-17 01:00:00,112.94,62.10166492636404,50.83833507363596,1,8
2024-08-17 02:00:00,113.37,59.44618106198976,53.92381893801024,2,8
2024-08-17 03:00:00,110.68,53.827851900473775,56.85214809952623,3,8
2024-08-17 04:00:00,105.5,49.09729927167729,56.40270072832271,4,8
2024-08-17 05:00:00,101.5,47.72594476652813,53.77405523347187,5,8
2024-08-17 06:00:00,100.64,53.86529274075741,46.77470725924259,6,8
2024-08-17 07:00:00,101.1,60.94255018112716,40.157449818872834,7,8
2024-08-17 08:00:00,90.0,63.96907966834999,26.03092033165001,8,8
2024-08-17 09:00:00,71.74,65.71536654430605,6.0246334556939445,9,8
2024-08-17 10:00:00,68.01,64.7051714219296,3.304828578070399,10,8
2024-08-17 11:00:00,52.66,58.773187326125765,-6.113187326125768,11,8
2024-08-17 12:00:00,43.31,59.02206099628688,-15.71206099628688,12,8
2024-08-17 13:00:00,37.37,56.916002387487254,-19.546002387487256,13,8
2024-08-17 14:00:00,34.72,58.98878599028325,-24.26878599028325,14,8
2024-08-17 15:00:00,37.57,63.48143081480168,-25.911430814801683,15,8
2024-08-17 16:00:00,47.81,79.60775299475404,-31.797752994754035,16,8
2024-08-17 17:00:00,56.1,101.08027766315291,-44.98027766315291,17,8
2024-08-17 18:00:00,68.54,113.56288972346914,-45.022889723469135,18,8
2024-08-17 19:00:00,87.41,129.3412678145569,-41.93126781455689,19,8
2024-08-17 20:00:00,103.92,124.93417293510305,-21.014172935103048,20,8
2024-08-17 21:00:00,120.0,117.49043677055437,2.5095632294456323,21,8
2024-08-17 22:00:00,113.2,102.23485890497608,10.965141095023924,22,8
2024-08-17 23:00:00,105.02,93.82231739556056,11.197682604439436,23,8
2024-08-18 00:00:00,119.5,76.11316562297998,43.38683437702002,0,8
2024-08-18 01:00:00,111.62,66.07032161359365,45.549678386406356,1,8
2024-08-18 02:00:00,103.9,63.17060564081447,40.729394359185534,2,8
2024-08-18 03:00:00,93.38,56.6447952159665,36.7352047840335,3,8
2024-08-18 04:00:00,85.0,50.640323554473696,34.359676445526304,4,8
2024-08-18 05:00:00,84.5,48.87179618896141,35.62820381103859,5,8
2024-08-18 06:00:00,79.44,54.071946877324365,25.368053122675633,6,8
2024-08-18 07:00:00,76.23,60.50219698737783,15.727803012622175,7,8
2024-08-18 08:00:00,63.1,64.47677320527134,-1.3767732052713413,8,8
2024-08-18 09:00:00,40.71,66.7284430718579,-26.018443071857895,9,8
2024-08-18 10:00:00,0.44,66.69200685734609,-66.25200685734609,10,8
2024-08-18 11:00:00,0.0,61.85749370639587,-61.85749370639587,11,8
2024-08-18 12:00:00,0.0,62.311932666687426,-62.311932666687426,12,8
2024-08-18 13:00:00,0.0,59.70355026724474,-59.70355026724474,13,8
2024-08-18 14:00:00,0.0,61.04885483009588,-61.04885483009588,14,8
2024-08-18 15:00:00,0.0,65.48669033223513,-65.48669033223513,15,8
2024-08-18 16:00:00,0.0,82.6581510603167,-82.6581510603167,16,8
2024-08-18 17:00:00,0.0,104.28300550734292,-104.28300550734292,17,8
2024-08-18 18:00:00,3.32,117.43316887648729,-114.1131688764873,18,8
2024-08-18 19:00:00,61.99,132.63842618997728,-70.64842618997727,19,8
2024-08-18 20:00:00,89.5,128.30709119083247,-38.807091190832466,20,8
2024-08-18 21:00:00,110.34,122.15708699799916,-11.817086997999155,21,8
2024-08-18 22:00:00,111.64,105.33830623241266,6.301693767587338,22,8
2024-08-18 23:00:00,99.69,96.8157252852393,2.874274714760702,23,8
2024-08-19 00:00:00,91.7,78.43565308730183,13.264346912698173,0,8
2024-08-19 01:00:00,76.6,67.68225522077392,8.91774477922607,1,8
2024-08-19 02:00:00,74.8,63.00997908318874,11.790020916811258,2,8
2024-08-19 03:00:00,75.92,56.35878972504747,19.56121027495253,3,8
2024-08-19 04:00:00,75.65,50.4385456539199,25.211454346080103,4,8
2024-08-19 05:00:00,79.97,48.28936896413478,31.68063103586522,5,8
2024-08-19 06:00:00,85.1,53.39770394345476,31.702296056545237,6,8
2024-08-19 07:00:00,116.02,60.07238856266031,55.94761143733969,7,8
2024-08-19 08:00:00,116.92,64.01316757475661,52.906832425243394,8,8
2024-08-19 09:00:00,112.58,67.15787386189498,45.422126138105014,9,8
2024-08-19 10:00:00,82.35,68.1327343837238,14.217265616276194,10,8
2024-08-19 11:00:00,74.28,63.76600905166532,10.51399094833468,11,8
2024-08-19 12:00:00,70.0,63.260770450874816,6.739229549125184,12,8
2024-08-19 13:00:00,69.0,61.54006018292171,7.459939817078293,13,8
2024-08-19 14:00:00,69.0,62.95032915814977,6.049670841850229,14,8
2024-08-19 15:00:00,67.1,67.26691205538498,-0.16691205538498366,15,8
2024-08-19 16:00:00,70.0,83.34489787589541,-13.344897875895413,16,8
2024-08-19 17:00:00,79.44,104.35593412137297,-24.91593412137297,17,8
2024-08-19 18:00:00,103.0,117.23830692439753,-14.238306924397534,18,8
2024-08-19 19:00:00,116.26,132.19459834013884,-15.934598340138834,19,8
2024-08-19 20:00:00,129.72,130.09536704490824,-0.3753670449082449,20,8
2024-08-19 21:00:00,157.48,123.65706987607956,33.82293012392043,21,8
2024-08-19 22:00:00,131.3,108.50447646428233,22.795523535717678,22,8
2024-08-19 23:00:00,125.0,100.57478951476565,24.425210485234345,23,8
2024-08-20 00:00:00,119.81,81.77308092324603,38.036919076753975,0,8
2024-08-20 01:00:00,113.2,70.92731071797334,42.27268928202666,1,8
2024-08-20 02:00:00,119.88,66.88368951848258,52.99631048151741,2,8
2024-08-20 03:00:00,117.78,60.42822738978532,57.35177261021468,3,8
2024-08-20 04:00:00,117.08,55.89285743352042,61.18714256647958,4,8
2024-08-20 05:00:00,115.0,55.35891946488675,59.64108053511325,5,8
2024-08-20 06:00:00,120.78,62.58739500022142,58.19260499977858,6,8
2024-08-20 07:00:00,125.08,70.0551788027642,55.024821197235795,7,8
2024-08-20 08:00:00,120.78,72.35156722031297,48.42843277968703,8,8
2024-08-20 09:00:00,96.76,73.45046173293031,23.309538267069698,9,8
2024-08-20 10:00:00,71.5,72.48483470556397,-0.9848347055639692,10,8
2024-08-20 11:00:00,63.37,66.36216937692205,-2.9921693769220568,11,8
2024-08-20 12:00:00,65.16,65.62554072872183,-0.46554072872183383,12,8
2024-08-20 13:00:00,68.14,62.679698050811226,5.460301949188775,13,8
2024-08-20 14:00:00,65.16,63.69981679857244,1.4601832014275544,14,8
2024-08-20 15:00:00,63.1,67.80493254452688,-4.704932544526876,15,8
2024-08-20 16:00:00,60.0,83.61613611496722,-23.61613611496722,16,8
2024-08-20 17:00:00,61.99,105.18318961944198,-43.19318961944197,17,8
2024-08-20 18:00:00,63.37,118.20752724375251,-54.83752724375251,18,8
2024-08-20 19:00:00,95.0,132.9519155029036,-37.9519155029036,19,8
2024-08-20 20:00:00,110.0,129.16495049697744,-19.16495049697744,20,8
2024-08-20 21:00:00,121.5,122.45702312203497,-0.9570231220349683,21,8
2024-08-20 22:00:00,113.86,108.2785321507518,5.581467849248199,22,8
2024-08-20 23:00:00,106.64,99.66315930450162,6.976840695498382,23,8
2024-08-21 00:00:00,105.29,81.18807473442024,24.101925265579766,0,8
2024-08-21 01:00:00,82.8,72.01098114733082,10.789018852669173,1,8
2024-08-21 02:00:00,80.18,67.6943872641753,12.485612735824702,2,8
2024-08-21 03:00:00,65.16,61.296907350990466,3.8630926490095305,3,8
2024-08-21 04:00:00,60.0,56.325840102729615,3.6741598972703855,4,8
2024-08-21 05:00:00,65.16,54.385078127268514,10.774921872731483,5,8
2024-08-21 06:00:00,82.28,60.21670220394856,22.063297796051444,6,8
2024-08-21 07:00:00,104.76,66.71208132219061,38.04791867780939,7,8
2024-08-21 08:00:00,89.16,69.509573649451,19.650426350548997,8,8
2024-08-21 09:00:00,57.27,71.62147135640396,-14.351471356403955,9,8
2024-08-21 10:00:00,8.0,71.88403998419619,-63.88403998419619,10,8
2024-08-21 11:00:00,5.22,66.83720871201655,-61.61720871201655,11,8
2024-08-21 12:00:00,7.48,66.97462132109968,-59.49462132109967,12,8
2024-08-21 13:00:00,40.0,63.96862730321095,-23.96862730321095,13,8
2024-08-21 14:00:00,53.1,65.85041927271249,-12.750419272712485,14,8
2024-08-21 15:00:00,60.5,70.94435532410654,-10.444355324106539,15,8
2024-08-21 16:00:00,65.33,87.46413028896177,-22.13413028896177,16,8
2024-08-21 17:00:00,80.39,108.42771639757893,-28.037716397578933,17,8
2024-08-21 18:00:00,98.27,120.32681408982864,-22.05681408982865,18,8
2024-08-21 19:00:00,111.8,135.8018481547707,-24.001848154770713,19,8
2024-08-21 20:00:00,129.2,132.5900901727594,-3.3900901727594146,20,8
2024-08-21 21:00:00,165.01,124.7514466351733,40.258553364826696,21,8
2024-08-21 22:00:00,150.34,108.64491101023992,41.69508898976008,22,8
2024-08-21 23:00:00,130.7,100.57707970476821,30.12292029523178,23,8
2024-08-22 00:00:00,120.3,81.90604707847768,38.39395292152231,0,8
2024-08-22 01:00:00,115.71,71.76325904625827,43.946740953741724,1,8
2024-08-22 02:00:00,118.85,68.49623405755267,50.353765942447325,2,8
2024-08-22 03:00:00,118.89,61.982726159294714,56.90727384070529,3,8
2024-08-22 04:00:00,118.85,56.710739440955024,62.13926055904497,4,8
2024-08-22 05:00:00,118.85,55.12078932565481,63.72921067434518,5,8
2024-08-22 06:00:00,121.02,61.62414874134964,59.39585125865035,6,8
2024-08-22 07:00:00,126.71,69.3042280484317,57.4057719515683,7,8
2024-08-22 08:00:00,121.02,72.8597176335378,48.1602823664622,8,8
2024-08-22 09:00:00,117.49,75.04509053053522,42.444909469464775,9,8
2024-08-22 10:00:00,103.77,75.22759847890046,28.542401521099535,10,8
2024-08-22 11:00:00,82.41,68.85789075212136,13.552109247878633,11,8
2024-08-22 12:00:00,81.25,67.6325421099807,13.617457890019296,12,8
2024-08-22 13:00:00,82.28,64.68613281687107,17.593867183128935,13,8
2024-08-22 14:00:00,80.99,65.47848678745572,15.511513212544273,14,8
2024-08-22 15:00:00,78.39,69.16588705219101,9.22411294780899,15,8
2024-08-22 16:00:00,78.18,82.87291900656146,-4.692919006561453,16,8
2024-08-22 17:00:00,80.99,103.99792384030803,-23.007923840308038,17,8
2024-08-22 18:00:00,86.31,117.41583235346616,-31.105832353466155,18,8
2024-08-22 19:00:00,117.49,133.43800909837188,-15.948009098371884,19,8
2024-08-22 20:00:00,131.99,130.72291586774514,1.2670841322548654,20,8
2024-08-22 21:00:00,164.5,123.04927164526555,41.45072835473445,21,8
2024-08-22 22:00:00,137.79,107.11132382398807,30.67867617601192,22,8
2024-08-22 23:00:00,121.5,98.33532634412484,23.164673655875163,23,8
2024-08-23 00:00:00,115.85,79.91023119889411,35.939768801105885,0,8
2024-08-23 01:00:00,113.49,68.70522872055568,44.784771279444314,1,8
2024-08-23 02:00:00,109.21,65.53205255914833,43.67794744085167,2,8
2024-08-23 03:00:00,116.69,59.29710765740185,57.392892342598145,3,8
2024-08-23 04:00:00,116.69,53.96761453836797,62.72238546163203,4,8
2024-08-23 05:00:00,115.85,52.437205815494394,63.4127941845056,5,8
2024-08-23 06:00:00,117.27,57.4477582651337,59.822241734866296,6,8
2024-08-23 07:00:00,124.9,62.100852344492864,62.79914765550714,7,8
2024-08-23 08:00:00,119.39,65.34270232770223,54.04729767229777,8,8
2024-08-23 09:00:00,116.69,67.61266577840837,49.07733422159163,9,8
2024-08-23 10:00:00,104.92,68.68800316452496,36.231996835475044,10,8
2024-08-23 11:00:00,82.36,64.10969608664726,18.250303913352738,11,8
2024-08-23 12:00:00,81.87,64.02069194087164,17.84930805912836,12,8
2024-08-23 13:00:00,82.36,61.7568828580342,20.603117141965797,13,8
2024-08-23 14:00:00,81.74,62.51268313151411,19.227316868485886,14,8
2024-08-23 15:00:00,77.0,65.75409054800929,11.245909451990713,15,8
2024-08-23 16:00:00,77.95,81.12010062069169,-3.1701006206916844,16,8
2024-08-23 17:00:00,82.15,102.13993537481224,-19.989935374812234,17,8
2024-08-23 18:00:00,104.76,114.66166980540112,-9.901669805401113,18,8
2024-08-23 19:00:00,116.57,129.11390544085202,-12.54390544085203,19,8
2024-08-23 20:00:00,124.9,125.0977491391871,-0.19774913918709558,20,8
2024-08-23 21:00:00,141.2,118.38157771736059,22.818422282639403,21,8
2024-08-23 22:00:00,125.99,103.01412234336391,22.975877656636086,22,8
2024-08-23 23:00:00,120.29,94.48564760021372,25.804352399786282,23,8
2024-08-24 00:00:00,115.23,76.58284775084161,38.647152249158395,0,8
2024-08-24 01:00:00,113.92,66.38108531455106,47.538914685448944,1,8
2024-08-24 02:00:00,104.92,63.6539023859641,41.2660976140359,2,8
2024-08-24 03:00:00,109.02,57.572962103330724,51.44703789666927,3,8
2024-08-24 04:00:00,98.75,53.15658051737205,45.59341948262795,4,8
2024-08-24 05:00:00,98.0,51.73695075402361,46.26304924597639,5,8
2024-08-24 06:00:00,103.42,57.06815130967112,46.35184869032888,6,8
2024-08-24 07:00:00,105.91,61.78555968592519,44.1244403140748,7,8
2024-08-24 08:00:00,82.9,64.28439422948884,18.615605770511166,8,8
2024-08-24 09:00:00,15.0,67.91940547804109,-52.919405478041085,9,8
2024-08-24 10:00:00,0.01,67.69934028064466,-67.68934028064466,10,8
2024-08-24 11:00:00,0.0,63.04504610914512,-63.04504610914512,11,8
2024-08-24 12:00:00,0.0,63.90463464460527,-63.90463464460527,12,8
2024-08-24 13:00:00,0.0,61.70978039817783,-61.70978039817783,13,8
2024-08-24 14:00:00,0.0,62.315510472339554,-62.315510472339554,14,8
2024-08-24 15:00:00,0.0,65.87099198239355,-65.87099198239355,15,8
2024-08-24 16:00:00,0.0,81.93375611471754,-81.93375611471754,16,8
2024-08-24 17:00:00,3.32,103.66293123436179,-100.3429312343618,17,8
2024-08-24 18:00:00,16.77,114.96037522802413,-98.19037522802414,18,8
2024-08-24 19:00:00,71.41,130.9692892137665,-59.559289213766505,19,8
2024-08-24 20:00:00,103.42,126.85942014545248,-23.439420145452473,20,8
2024-08-24 21:00:00,116.62,119.22666463449889,-2.606664634498884,21,8
2024-08-24 22:00:00,98.75,103.17336879756238,-4.423368797562375,22,8
2024-08-24 23:00:00,90.41,95.03962200035363,-4.629622000353635,23,8
2024-08-25 00:00:00,70.0,76.45408305976696,-6.454083059766958,0,8
2024-08-25 01:00:00,56.44,66.03057892618847,-9.59057892618847,1,8
2024-08-25 02:00:00,50.0,62.380787278987896,-12.380787278987896,2,8
2024-08-25 03:00:00,42.02,56.31127668412449,-14.29127668412449,3,8
2024-08-25 04:00:00,8.0,51.16269847758298,-43.16269847758298,4,8
2024-08-25 05:00:00,6.99,49.079154273601375,-42.08915427360137,5,8
2024-08-25 06:00:00,14.0,53.68429267600487,-39.68429267600487,6,8
2024-08-25 07:00:00,14.0,60.27381090430873,-46.27381090430873,7,8
2024-08-25 08:00:00,3.32,65.55703161923338,-62.237031619233385,8,8
2024-08-25 09:00:00,0.0,67.39816683067244,-67.39816683067244,9,8
2024-08-25 10:00:00,-0.72,68.32147113119083,-69.04147113119083,10,8
2024-08-25 11:00:00,-0.95,64.47068390680226,-65.42068390680227,11,8
2024-08-25 12:00:00,-0.66,64.99502187774016,-65.65502187774015,12,8
2024-08-25 13:00:00,-0.01,63.517223897918484,-63.52722389791848,13,8
2024-08-25 14:00:00,0.0,65.0988081073952,-65.0988081073952,14,8
2024-08-25 15:00:00,0.0,68.93897822962731,-68.93897822962731,15,8
2024-08-25 16:00:00,0.0,84.06506976403818,-84.06506976403818,16,8
2024-08-25 17:00:00,0.44,104.1466343690035,-103.7066343690035,17,8
2024-08-25 18:00:00,14.2,117.33556472863057,-103.13556472863057,18,8
2024-08-25 19:00:00,71.41,133.11187444555128,-61.70187444555128,19,8
2024-08-25 20:00:00,94.02,130.0181774647944,-35.99817746479441,20,8
2024-08-25 21:00:00,109.91,122.49431222217981,-12.584312222179818,21,8
2024-08-25 22:00:00,102.88,107.61666678412303,-4.736666784123031,22,8
2024-08-25 23:00:00,93.53,99.35700799730176,-5.827007997301763,23,8
2024-08-26 00:00:00,97.14,80.16227608373981,16.97772391626019,0,8
2024-08-26 01:00:00,85.23,69.40625045602854,15.82374954397146,1,8
2024-08-26 02:00:00,75.0,66.04025295686216,8.959747043137838,2,8
2024-08-26 03:00:00,74.87,59.03406259377056,15.835937406229448,3,8
2024-08-26 04:00:00,74.87,54.251830960112386,20.61816903988762,4,8
2024-08-26 05:00:00,75.5,52.180090403980046,23.319909596019954,5,8
2024-08-26 06:00:00,105.0,57.68261791301558,47.31738208698442,6,8
2024-08-26 07:00:00,122.2,64.26856509051538,57.93143490948462,7,8
2024-08-26 08:00:00,120.01,67.63260312129148,52.377396878708524,8,8
2024-08-26 09:00:00,83.06,69.60121994623421,13.458780053765793,9,8
2024-08-26 10:00:00,64.99,69.46640692496334,-4.476406924963342,10,8
2024-08-26 11:00:00,63.37,64.93678656610535,-1.5667865661053568,11,8
2024-08-26 12:00:00,64.99,64.81939603408449,0.17060396591550386,12,8
2024-08-26 13:00:00,73.94,61.49457268134154,12.44542731865846,13,8
2024-08-26 14:00:00,74.87,62.14574499154838,12.724255008451621,14,8
2024-08-26 15:00:00,74.07,65.6862504369663,8.383749563033689,15,8
2024-08-26 16:00:00,73.81,81.5277262183696,-7.717726218369592,16,8
2024-08-26 17:00:00,85.34,101.99855974110852,-16.65855974110852,17,8
2024-08-26 18:00:00,110.78,115.63040200046737,-4.850402000467369,18,8
2024-08-26 19:00:00,120.0,130.8879143741114,-10.887914374111404,19,8
2024-08-26 20:00:00,127.04,128.59794472267805,-1.5579447226780445,20,8
2024-08-26 21:00:00,160.0,122.12062770715374,37.879372292846256,21,8
2024-08-26 22:00:00,130.0,108.01162493051362,21.98837506948638,22,8
2024-08-26 23:00:00,124.54,100.10242337419845,24.437576625801555,23,8
2024-08-27 00:00:00,129.21,81.68072382505068,47.52927617494933,0,8
2024-08-27 01:00:00,122.73,71.14358016517161,51.58641983482839,1,8
2024-08-27 02:00:00,119.0,68.14350330848862,50.85649669151138,2,8
2024-08-27 03:00:00,119.0,62.33614331938685,56.66385668061315,3,8
2024-08-27 04:00:00,112.39,57.07235763532316,55.31764236467684,4,8
2024-08-27 05:00:00,109.99,55.69952542134922,54.29047457865077,5,8
2024-08-27 06:00:00,114.76,61.52541975434116,53.23458024565885,6,8
2024-08-27 07:00:00,124.1,68.04825603464798,56.05174396535202,7,8
2024-08-27 08:00:00,119.58,70.92050806095301,48.65949193904699,8,8
2024-08-27 09:00:00,110.78,73.06800848107218,37.71199151892782,9,8
2024-08-27 10:00:00,94.2,71.23518530700818,22.964814692991823,10,8
2024-08-27 11:00:00,81.2,65.18809263438465,16.011907365615357,11,8
2024-08-27 12:00:00,77.5,63.68225362716123,13.81774637283877,12,8
2024-08-27 13:00:00,77.5,60.92466574339397,16.575334256606027,13,8
2024-08-27 14:00:00,75.93,61.286252388563355,14.643747611436652,14,8
2024-08-27 15:00:00,75.0,65.21941505995835,9.78058494004165,15,8
2024-08-27 16:00:00,75.31,80.5545937853916,-5.244593785391601,16,8
2024-08-27 17:00:00,87.95,102.51432102533249,-14.56432102533249,17,8
2024-08-27 18:00:00,114.0,115.87509347948048,-1.8750934794804834,18,8
2024-08-27 19:00:00,123.85,131.49955445639677,-7.649554456396771,19,8
2024-08-27 20:00:00,125.14,128.035295121913,-2.8952951219130085,20,8
2024-08-27 21:00:00,153.2,121.51462111583481,31.685378884165175,21,8
2024-08-27 22:00:00,123.78,106.05607337460611,17.723926625393887,22,8
2024-08-27 23:00:00,119.0,98.41815804832908,20.581841951670924,23,8
2024-08-28 00:00:00,122.92,79.87418232821017,43.045817671789834,0,8
2024-08-28 01:00:00,119.33,70.11589224703852,49.21410775296148,1,8
2024-08-28 02:00:00,117.8,67.70640421331512,50.09359578668487,2,8
2024-08-28 03:00:00,118.63,61.4714100638177,57.158589936182295,3,8
2024-08-28 04:00:00,118.63,56.44017445206566,62.18982554793433,4,8
2024-08-28 05:00:00,118.63,55.36304058191996,63.266959418080035,5,8
2024-08-28 06:00:00,117.0,61.42255565009572,55.57744434990428,6,8
2024-08-28 07:00:00,124.28,66.94197140576682,57.33802859423318,7,8
2024-08-28 08:00:00,120.76,69.12630897097233,51.63369102902767,8,8
2024-08-28 09:00:00,118.85,70.79555166441554,48.05444833558445,9,8
2024-08-28 10:00:00,105.91,70.47602169599367,35.43397830400633,10,8
2024-08-28 11:00:00,83.7,63.79317315713058,19.90682684286942,11,8
2024-08-28 12:00:00,80.2,63.87770187126904,16.322298128730964,12,8
2024-08-28 13:00:00,79.94,61.9959005113688,17.944099488631196,13,8
2024-08-28 14:00:00,77.16,63.82874840817493,13.331251591825065,14,8
2024-08-28 15:00:00,75.0,68.31010325162225,6.689896748377748,15,8
2024-08-28 16:00:00,82.0,84.3150686259545,-2.3150686259544955,16,8
2024-08-28 17:00:00,94.38,106.05036789115786,-11.670367891157866,17,8
2024-08-28 18:00:00,108.26,118.07589806475278,-9.815898064752773,18,8
2024-08-28 19:00:00,123.16,133.8159378519955,-10.655937851995503,19,8
2024-08-28 20:00:00,125.78,130.16600192226093,-4.386001922260931,20,8
2024-08-28 21:00:00,138.58,122.5592556034992,16.020744396500817,21,8
2024-08-28 22:00:00,119.93,107.04608891198677,12.883911088013235,22,8
2024-08-28 23:00:00,111.53,99.10851217687576,12.421487823124238,23,8
2024-08-29 00:00:00,124.36,80.84111053773512,43.51888946226488,0,8
2024-08-29 01:00:00,119.0,70.17524124383277,48.82475875616723,1,8
2024-08-29 02:00:00,117.13,66.74784657479933,50.38215342520067,2,8
2024-08-29 03:00:00,118.53,60.403308273520395,58.126691726479606,3,8
2024-08-29 04:00:00,118.85,55.404356902030656,63.44564309796934,4,8
2024-08-29 05:00:00,119.82,54.0785878729597,65.74141212704029,5,8
2024-08-29 06:00:00,124.5,59.83200478433673,64.66799521566327,6,8
2024-08-29 07:00:00,128.45,66.04804923909688,62.401950760903105,7,8
2024-08-29 08:00:00,128.85,70.03113886845898,58.81886113154101,8,8
2024-08-29 09:00:00,120.0,73.23304924103951,46.76695075896049,9,8
2024-08-29 10:00:00,112.84,73.23501845103868,39.60498154896132,10,8
2024-08-29 11:00:00,114.6,68.33644153194024,46.263558468059756,11,8
2024-08-29 12:00:00,107.42,68.06107930534921,39.35892069465079,12,8
2024-08-29 13:00:00,111.11,65.0231794505645,46.0868205494355,13,8
2024-08-29 14:00:00,117.13,66.39014673421354,50.73985326578645,14,8
2024-08-29 15:00:00,114.0,69.74143360444288,44.258566395557125,15,8
2024-08-29 16:00:00,114.0,84.50937219469017,29.490627805309828,16,8
2024-08-29 17:00:00,108.96,106.13914665204675,2.8208533479532463,17,8
2024-08-29 18:00:00,117.89,117.7479720616958,0.1420279383041958,18,8
2024-08-29 19:00:00,128.18,135.21011741950707,-7.030117419507064,19,8
2024-08-29 20:00:00,131.99,131.7872847829932,0.20271521700681205,20,8
2024-08-29 21:00:00,138.0,124.15555047107705,13.84444952892295,21,8
2024-08-29 22:00:00,128.45,108.8711555165192,19.578844483480793,22,8
2024-08-29 23:00:00,124.73,99.9116588826958,24.8183411173042,23,8
2024-08-30 00:00:00,122.0,80.99754614632661,41.00245385367339,0,8
2024-08-30 01:00:00,120.16,70.40953029315682,49.75046970684318,1,8
2024-08-30 02:00:00,111.17,67.09909882249218,44.07090117750782,2,8
2024-08-30 03:00:00,120.16,60.5822305291216,59.577769470878394,3,8
2024-08-30 04:00:00,119.46,55.665171405096714,63.79482859490328,4,8
2024-08-30 05:00:00,116.2,54.39072435059859,61.809275649401414,5,8
2024-08-30 06:00:00,123.16,60.202899270396586,62.95710072960341,6,8
2024-08-30 07:00:00,129.0,64.98329900462255,64.01670099537745,7,8
2024-08-30 08:00:00,126.0,68.50341278046324,57.496587219536764,8,8
2024-08-30 09:00:00,125.5,72.4199252580442,53.0800747419558,9,8
2024-08-30 10:00:00,116.66,71.12173948524116,45.53826051475883,10,8
2024-08-30 11:00:00,99.54,64.35571783219262,35.18428216780738,11,8
2024-08-30 12:00:00,92.29,63.2312016733282,29.058798326671806,12,8
2024-08-30 13:00:00,92.29,59.71581519867067,32.57418480132934,13,8
2024-08-30 14:00:00,91.94,59.86686119943988,32.073138800560116,14,8
2024-08-30 15:00:00,91.81,62.744700165038296,29.065299834961706,15,8
2024-08-30 16:00:00,92.07,78.329008627674,13.740991372325993,16,8
2024-08-30 17:00:00,105.97,98.56926441235703,7.40073558764297,17,8
2024-08-30 18:00:00,120.0,110.51811200002203,9.481887999977971,18,8
2024-08-30 19:00:00,125.5,126.42355775456917,-0.923557754569174,19,8
2024-08-30 20:00:00,131.99,122.62085985195063,9.369140148049382,20,8
2024-08-30 21:00:00,140.01,115.51814403798431,24.491855962015677,21,8
2024-08-30 22:00:00,131.99,101.10141933082429,30.888580669175724,22,8
2024-08-30 23:00:00,128.78,93.97088429975287,34.80911570024713,23,8
2024-08-31 00:00:00,128.5,76.403634561508,52.096365438492,0,8
2024-08-31 01:00:00,124.9,66.77699421772468,58.12300578227533,1,8
2024-08-31 02:00:00,121.26,63.24823912204539,58.011760877954615,2,8
2024-08-31 03:00:00,119.51,57.28599904689304,62.224000953106966,3,8
2024-08-31 04:00:00,120.0,53.04340291724753,66.95659708275247,4,8
2024-08-31 05:00:00,124.36,51.92439802422973,72.43560197577027,5,8
2024-08-31 06:00:00,126.26,58.503008718585534,67.75699128141447,6,8
2024-08-31 07:00:00,126.26,64.17682729046044,62.08317270953957,7,8
2024-08-31 08:00:00,128.5,67.42470809597881,61.075291904021185,8,8
2024-08-31 09:00:00,124.64,69.90674129569584,54.73325870430416,9,8
2024-08-31 10:00:00,115.91,68.88682206561526,47.023177934384734,10,8
2024-08-31 11:00:00,89.63,62.353038921192365,27.27696107880763,11,8
2024-08-31 12:00:00,85.45,62.11895677945756,23.33104322054244,12,8
2024-08-31 13:00:00,88.2,59.27068554579466,28.92931445420534,13,8
2024-08-31 14:00:00,87.94,60.628253898531,27.311746101468998,14,8
2024-08-31 15:00:00,85.23,63.87988653273749,21.350113467262517,15,8
2024-08-31 16:00:00,88.07,79.28134686447174,8.78865313552825,16,8
2024-08-31 17:00:00,100.0,100.1975203110407,-0.1975203110407051,17,8
2024-08-31 18:00:00,118.85,111.3332971811871,7.516702818812888,18,8
2024-08-31 19:00:00,127.42,126.00758467429665,1.4124153257033498,19,8
2024-08-31 20:00:00,133.0,122.33106368473568,10.668936315264318,20,8
2024-08-31 21:00:00,154.15,115.24386180678198,38.90613819321803,21,8
2024-08-31 22:00:00,145.68,100.4397577729926,45.2402422270074,22,8
2024-08-31 23:00:00,135.01,91.93067125616005,43.07932874383994,23,8
2024-09-01 00:00:00,134.02,73.7118321920019,60.3081678079981,0,9
2024-09-01 01:00:00,129.16,64.69443550533413,64.46556449466587,1,9
2024-09-01 02:00:00,125.92,62.360953427484105,63.559046572515896,2,9
2024-09-01 03:00:00,124.3,56.228220358017495,68.0717796419825,3,9
2024-09-01 04:00:00,122.68,50.97252505690102,71.70747494309899,4,9
2024-09-01 05:00:00,121.39,49.123730128872126,72.26626987112788,5,9
2024-09-01 06:00:00,124.09,54.291271562751206,69.7987284372488,6,9
2024-09-01 07:00:00,124.9,60.21128129089584,64.68871870910417,7,9
2024-09-01 08:00:00,113.08,63.16538184155769,49.91461815844231,8,9
2024-09-01 09:00:00,100.66,65.5659489451848,35.094051054815196,9,9
2024-09-01 10:00:00,78.5,64.91174859891538,13.58825140108462,10,9
2024-09-01 11:00:00,51.99,58.30222126451298,-6.312221264512978,11,9
2024-09-01 12:00:00,43.0,57.10168028695222,-14.101680286952217,12,9
2024-09-01 13:00:00,43.0,53.63090603952185,-10.630906039521847,13,9
2024-09-01 14:00:00,46.53,53.64141619028646,-7.111416190286462,14,9
2024-09-01 15:00:00,30.1,57.29768707936006,-27.19768707936006,15,9
2024-09-01 16:00:00,28.98,71.65414948514922,-42.674149485149215,16,9
2024-09-01 17:00:00,81.37,92.63605371290413,-11.266053712904124,17,9
2024-09-01 18:00:00,99.64,105.66554966246758,-6.025549662467583,18,9
2024-09-01 19:00:00,123.6,122.76030282011635,0.8396971798836432,19,9
2024-09-01 20:00:00,134.02,119.92072303538936,14.099276964610652,20,9
2024-09-01 21:00:00,141.74,113.14945046691565,28.590549533084356,21,9
2024-09-01 22:00:00,139.7,98.01954773701965,41.68045226298034,22,9
2024-09-01 23:00:00,129.1,90.48536428103893,38.61463571896107,23,9
2024-09-02 00:00:00,132.16,73.31634174995474,58.84365825004525,0,9
2024-09-02 01:00:00,128.0,63.113335384567165,64.88666461543284,1,9
2024-09-02 02:00:00,125.14,60.77521455106597,64.36478544893403,2,9
2024-09-02 03:00:00,120.0,55.08845204400677,64.91154795599323,3,9
2024-09-02 04:00:00,118.5,51.0029216971202,67.4970783028798,4,9
2024-09-02 05:00:00,122.5,49.360357483897644,73.13964251610236,5,9
2024-09-02 06:00:00,127.14,54.05697989466506,73.08302010533494,6,9
2024-09-02 07:00:00,131.95,58.10100495123862,73.84899504876137,7,9
2024-09-02 08:00:00,131.52,60.82512665479351,70.6948733452065,8,9
2024-09-02 09:00:00,122.98,63.07207400045286,59.907925999547146,9,9
2024-09-02 10:00:00,109.9,60.237791762525205,49.6622082374748,10,9
2024-09-02 11:00:00,90.98,53.06044254697804,37.919557453021966,11,9
2024-09-02 12:00:00,89.87,52.192624642875785,37.67737535712422,12,9
2024-09-02 13:00:00,90.29,49.251098291833046,41.03890170816696,13,9
2024-09-02 14:00:00,90.08,51.613015605079,38.466984394921,14,9
2024-09-02 15:00:00,91.9,55.35645461054196,36.543545389458046,15,9
2024-09-02 16:00:00,95.97,70.60647210201228,25.363527897987723,16,9
2024-09-02 17:00:00,104.9,92.56442648101006,12.335573518989946,17,9
2024-09-02 18:00:00,122.09,107.1511666471647,14.938833352835303,18,9
2024-09-02 19:00:00,130.0,123.53344552079113,6.466554479208867,19,9
2024-09-02 20:00:00,138.0,120.71219007781787,17.287809922182134,20,9
2024-09-02 21:00:00,134.53,114.6527953372127,19.877204662787307,21,9
2024-09-02 22:00:00,128.72,99.39534353846744,29.324656461532555,22,9
2024-09-02 23:00:00,122.74,91.90742495450274,30.83257504549725,23,9
2024-09-03 00:00:00,124.9,74.32342755588968,50.576572444110326,0,9
2024-09-03 01:00:00,122.29,64.97664206228109,57.31335793771892,1,9
2024-09-03 02:00:00,114.51,63.03329758478486,51.476702415215144,2,9
2024-09-03 03:00:00,108.0,57.364963161916876,50.635036838083124,3,9
2024-09-03 04:00:00,105.0,52.85200946311903,52.14799053688097,4,9
2024-09-03 05:00:00,106.21,51.98947341292654,54.22052658707345,5,9
2024-09-03 06:00:00,115.74,58.404913332318245,57.33508666768175,6,9
2024-09-03 07:00:00,125.0,64.8947371776868,60.10526282231319,7,9
2024-09-03 08:00:00,133.95,67.56318162452249,66.3868183754775,8,9
2024-09-03 09:00:00,115.98,69.1792776670851,46.8007223329149,9,9
2024-09-03 10:00:00,98.88,67.92350081715801,30.95649918284198,10,9
2024-09-03 11:00:00,90.02,61.71629566351726,28.30370433648274,11,9
2024-09-03 12:00:00,85.0,60.45152217212973,24.548477827870272,12,9
2024-09-03 13:00:00,83.08,57.20391486455105,25.876085135448946,13,9
2024-09-03 14:00:00,84.68,58.17205925805263,26.50794074194738,14,9
2024-09-03 15:00:00,87.2,62.12271351219903,25.077286487800976,15,9
2024-09-03 16:00:00,86.08,78.46635882066414,7.613641179335858,16,9
2024-09-03 17:00:00,90.49,99.35411629803912,-8.864116298039121,17,9
2024-09-03 18:00:00,101.92,112.35100396288254,-10.431003962882542,18,9
2024-09-03 19:00:00,120.94,127.1169397629921,-6.176939762992106,19,9
2024-09-03 20:00:00,131.0,123.94509303605128,7.054906963948724,20,9
2024-09-03 21:00:00,130.01,117.36270614533788,12.64729385466211,21,9
2024-09-03 22:00:00,126.57,102.31992261218187,24.250077387818123,22,9
2024-09-03 23:00:00,115.19,93.54959249624096,21.640407503759036,23,9
2024-09-04 00:00:00,108.38,75.16800155774166,33.211998442258334,0,9
2024-09-04 01:00:00,99.35,65.54534183711468,33.80465816288532,1,9
2024-09-04 02:00:00,94.5,62.63282962376354,31.86717037623646,2,9
2024-09-04 03:00:00,101.31,56.35200799536983,44.95799200463017,3,9
2024-09-04 04:00:00,101.0,51.464668295091144,49.535331704908856,4,9
2024-09-04 05:00:00,98.0,49.940810206954154,48.059189793045846,5,9
2024-09-04 06:00:00,109.28,56.06276892442759,53.217231075572414,6,9
2024-09-04 07:00:00,122.3,62.98781131277269,59.312188687227305,7,9
2024-09-04 08:00:00,127.42,65.55944215240544,61.86055784759456,8,9
2024-09-04 09:00:00,117.99,68.00993813672744,49.98006186327255,9,9
2024-09-04 10:00:00,89.5,66.32778048128705,23.17221951871295,10,9
2024-09-04 11:00:00,79.96,59.771695420851756,20.188304579148237,11,9
2024-09-04 12:00:00,75.5,59.11885736981935,16.381142630180648,12,9
2024-09-04 13:00:00,76.0,55.710949218076905,20.289050781923095,13,9
2024-09-04 14:00:00,70.5,55.68713404385517,14.812865956144833,14,9
2024-09-04 15:00:00,60.89,58.72482338523656,2.165176614763439,15,9
2024-09-04 16:00:00,51.99,74.35301619044714,-22.363016190447134,16,9
2024-09-04 17:00:00,53.1,95.64604200456489,-42.54604200456489,17,9
2024-09-04 18:00:00,76.99,107.77606590950876,-30.786065909508764,18,9
2024-09-04 19:00:00,103.0,123.66983169312459,-20.669831693124593,19,9
2024-09-04 20:00:00,122.81,121.30748185383231,1.502518146167688,20,9
2024-09-04 21:00:00,124.44,114.30452683322017,10.135473166779832,21,9
2024-09-04 22:00:00,117.14,98.2929560976375,18.8470439023625,22,9
2024-09-04 23:00:00,108.55,90.59716339754732,17.952836602452678,23,9
2024-09-05 00:00:00,105.0,72.62373646982286,32.37626353017714,0,9
2024-09-05 01:00:00,105.7,62.56477411631721,43.13522588368279,1,9
2024-09-05 02:00:00,99.35,60.483024216055185,38.86697578394481,2,9
2024-09-05 03:00:00,99.41,54.33493626172992,45.075063738270075,3,9
2024-09-05 04:00:00,96.0,49.57799635142152,46.42200364857848,4,9
2024-09-05 05:00:00,100.0,48.93595285191935,51.06404714808065,5,9
2024-09-05 06:00:00,118.06,54.89700913238619,63.162990867613814,6,9
2024-09-05 07:00:00,124.9,60.81547029973126,64.08452970026875,7,9
2024-09-05 08:00:00,125.0,63.767508088845545,61.232491911154455,8,9
2024-09-05 09:00:00,113.42,66.22243314249766,47.19756685750234,9,9
2024-09-05 10:00:00,92.5,63.91634043598589,28.583659564014113,10,9
2024-09-05 11:00:00,84.81,57.66059849584241,27.149401504157595,11,9
2024-09-05 12:00:00,84.81,56.668586189877374,28.14141381012263,12,9
2024-09-05 13:00:00,84.81,53.017379630837695,31.792620369162307,13,9
2024-09-05 14:00:00,84.68,52.59814580333091,32.0818541966691,14,9
2024-09-05 15:00:00,81.18,56.00993185821454,25.170068141785464,15,9
2024-09-05 16:00:00,84.55,72.66068235619463,11.88931764380537,16,9
2024-09-05 17:00:00,87.87,92.96089188063115,-5.090891880631148,17,9
2024-09-05 18:00:00,105.7,105.86910903852481,-0.16910903852480885,18,9
2024-09-05 19:00:00,118.22,121.70896782207126,-3.4889678220712597,19,9
2024-09-05 20:00:00,129.7,119.65780705838353,10.042192941616463,20,9
2024-09-05 21:00:00,134.0,113.40040653243875,20.59959346756125,21,9
2024-09-05 22:00:00,124.9,98.09269859227987,26.807301407720132,22,9
2024-09-05 23:00:00,118.22,90.1609389394917,28.0590610605083,23,9
2024-09-06 00:00:00,111.98,71.49506432507093,40.484935674929076,0,9
2024-09-06 01:00:00,109.0,61.58579974861442,47.41420025138558,1,9
2024-09-06 02:00:00,103.35,59.13546545186483,44.21453454813516,2,9
2024-09-06 03:00:00,98.0,53.10489398064982,44.89510601935018,3,9
2024-09-06 04:00:00,97.55,48.51067789070714,49.039322109292854,4,9
2024-09-06 05:00:00,98.0,47.77241468794085,50.22758531205915,5,9
2024-09-06 06:00:00,110.0,53.83029834621078,56.16970165378922,6,9
2024-09-06 07:00:00,116.0,60.15497784108169,55.84502215891831,7,9
2024-09-06 08:00:00,115.0,61.89119032531835,53.10880967468165,8,9
2024-09-06 09:00:00,102.25,63.16885247111725,39.08114752888275,9,9
2024-09-06 10:00:00,85.23,60.36270828933044,24.867291710669562,10,9
2024-09-06 11:00:00,74.99,53.87052954180706,21.119470458192936,11,9
2024-09-06 12:00:00,63.37,53.207287453218896,10.162712546781101,12,9
2024-09-06 13:00:00,46.22,49.41214507548227,-3.192145075482273,13,9
2024-09-06 14:00:00,31.2,50.21247922117254,-19.012479221172544,14,9
2024-09-06 15:00:00,26.85,54.35740902409049,-27.507409024090485,15,9
2024-09-06 16:00:00,19.56,70.94004790871514,-51.38004790871514,16,9
2024-09-06 17:00:00,43.6,92.5213282197501,-48.9213282197501,17,9
2024-09-06 18:00:00,70.2,105.8328077014935,-35.63280770149349,18,9
2024-09-06 19:00:00,104.41,122.14197601301913,-17.731976013019136,19,9
2024-09-06 20:00:00,114.81,119.27366558510312,-4.463665585103115,20,9
2024-09-06 21:00:00,118.2,112.45297173164738,5.747028268352622,21,9
2024-09-06 22:00:00,112.46,96.03799385822543,16.42200614177456,22,9
2024-09-06 23:00:00,109.14,88.25731988246235,20.882680117537646,23,9
2024-09-07 00:00:00,117.32,71.51293826435068,45.80706173564931,0,9
2024-09-07 01:00:00,116.42,61.18640156286949,55.23359843713051,1,9
2024-09-07 02:00:00,103.35,57.90327800979537,45.44672199020462,2,9
2024-09-07 03:00:00,103.35,52.03572855210575,51.31427144789424,3,9
2024-09-07 04:00:00,101.12,46.74122480427485,54.378775195725154,4,9
2024-09-07 05:00:00,99.34,45.05787460664209,54.282125393357916,5,9
2024-09-07 06:00:00,104.0,50.627232445228344,53.372767554771656,6,9
2024-09-07 07:00:00,108.83,55.94438241563819,52.88561758436181,7,9
2024-09-07 08:00:00,104.68,58.920509532161475,45.75949046783853,8,9
2024-09-07 09:00:00,77.95,57.97437596112201,19.975624038877996,9,9
2024-09-07 10:00:00,51.52,53.161123041378175,-1.6411230413781723,10,9
2024-09-07 11:00:00,3.32,45.85528902185911,-42.53528902185911,11,9
2024-09-07 12:00:00,3.32,44.6343966930192,-41.3143966930192,12,9
2024-09-07 13:00:00,1.02,40.699626625324754,-39.67962662532475,13,9
2024-09-07 14:00:00,0.44,40.690970610076704,-40.250970610076706,14,9
2024-09-07 15:00:00,3.32,45.593791739675964,-42.273791739675964,15,9
2024-09-07 16:00:00,14.0,61.81506004335165,-47.81506004335165,16,9
2024-09-07 17:00:00,50.24,82.45570319892437,-32.215703198924366,17,9
2024-09-07 18:00:00,83.32,95.8115548555972,-12.491554855597201,18,9
2024-09-07 19:00:00,116.51,113.22104670774434,3.2889532922556697,19,9
2024-09-07 20:00:00,136.07,110.21365667291269,25.856343327087302,20,9
2024-09-07 21:00:00,148.56,103.25896140359839,45.30103859640161,21,9
2024-09-07 22:00:00,124.44,86.53155509587026,37.90844490412974,22,9
2024-09-07 23:00:00,123.86,78.64274121855397,45.217258781446034,23,9
2024-09-08 00:00:00,120.86,60.45243332529657,60.40756667470343,0,9
2024-09-08 01:00:00,117.14,50.10614518011005,67.03385481988995,1,9
2024-09-08 02:00:00,114.32,47.801730541491054,66.51826945850894,2,9
2024-09-08 03:00:00,110.0,41.66024170474037,68.33975829525963,3,9
2024-09-08 04:00:00,107.8,37.03820200580253,70.76179799419747,4,9
2024-09-08 05:00:00,106.87,35.369327632268835,71.50067236773117,5,9
2024-09-08 06:00:00,110.11,40.5697556685883,69.5402443314117,6,9
2024-09-08 07:00:00,113.3,46.721712146840446,66.57828785315955,7,9
2024-09-08 08:00:00,108.04,49.928114989605774,58.11188501039423,8,9
2024-09-08 09:00:00,78.87,50.13518734533875,28.734812654661255,9,9
2024-09-08 10:00:00,8.29,45.87545391566522,-37.58545391566522,10,9
2024-09-08 11:00:00,0.44,39.43136215635633,-38.99136215635633,11,9
2024-09-08 12:00:00,0.04,39.97170730444992,-39.93170730444992,12,9
2024-09-08 13:00:00,0.0,37.94384441656757,-37.94384441656757,13,9
2024-09-08 14:00:00,0.0,38.5723624737916,-38.5723624737916,14,9
2024-09-08 15:00:00,0.0,42.66303164268379,-42.66303164268379,15,9
2024-09-08 16:00:00,0.0,58.96043660860312,-58.96043660860312,16,9
2024-09-08 17:00:00,0.0,80.71926072705969,-80.71926072705969,17,9
2024-09-08 18:00:00,3.32,94.87911727371238,-91.55911727371239,18,9
2024-09-08 19:00:00,76.16,112.4124795476144,-36.2524795476144,19,9
2024-09-08 20:00:00,106.87,109.06998479201695,-2.1999847920169486,20,9
2024-09-08 21:00:00,117.22,103.40609090052465,13.813909099475353,21,9
2024-09-08 22:00:00,116.42,88.62412399509753,27.795876004902468,22,9
2024-09-08 23:00:00,110.11,81.70675983317602,28.403240166823977,23,9
2024-09-09 00:00:00,115.7,63.996635986889146,51.70336401311086,0,9
2024-09-09 01:00:00,110.3,55.250093493054806,55.04990650694519,1,9
2024-09-09 02:00:00,108.75,53.073734479577354,55.676265520422646,2,9
2024-09-09 03:00:00,108.66,47.736184187655056,60.92381581234494,3,9
2024-09-09 04:00:00,100.2,43.37731480733123,56.82268519266877,4,9
2024-09-09 05:00:00,108.36,41.70685323427284,66.65314676572716,5,9
2024-09-09 06:00:00,116.42,46.38372467476904,70.03627532523096,6,9
2024-09-09 07:00:00,120.0,51.399073092986384,68.60092690701362,7,9
2024-09-09 08:00:00,120.0,53.4905757917827,66.5094242082173,8,9
2024-09-09 09:00:00,115.1,54.67316330719984,60.42683669280015,9,9
2024-09-09 10:00:00,72.2,50.633712632022025,21.566287367977978,10,9
2024-09-09 11:00:00,50.24,43.915859709650874,6.324140290349128,11,9
2024-09-09 12:00:00,45.31,44.329286929441764,0.9807130705582381,12,9
2024-09-09 13:00:00,40.5,40.96992056301201,-0.46992056301201046,13,9
2024-09-09 14:00:00,20.0,42.11296455624921,-22.11296455624921,14,9
2024-09-09 15:00:00,6.12,47.05262318819837,-40.93262318819837,15,9
2024-09-09 16:00:00,9.54,63.106330918894855,-53.566330918894856,16,9
2024-09-09 17:00:00,40.5,83.82006868454437,-43.32006868454437,17,9
2024-09-09 18:00:00,71.94,95.87853879685912,-23.93853879685912,18,9
2024-09-09 19:00:00,116.5,113.65918547634936,2.8408145236506357,19,9
2024-09-09 20:00:00,121.56,112.5179900468928,9.042009953107197,20,9
2024-09-09 21:00:00,132.0,106.11739544179676,25.88260455820324,21,9
2024-09-09 22:00:00,118.3,91.85066132525566,26.44933867474434,22,9
2024-09-09 23:00:00,108.66,84.58922685550209,24.070773144497906,23,9
2024-09-10 00:00:00,110.32,66.42675653387386,43.89324346612614,0,9
2024-09-10 01:00:00,103.83,56.916139772173665,46.91386022782633,1,9
2024-09-10 02:00:00,105.0,54.66668347832086,50.33331652167914,2,9
2024-09-10 03:00:00,103.92,49.433734575903145,54.48626542409686,3,9
2024-09-10 04:00:00,99.42,45.202225158164026,54.217774841835976,4,9
2024-09-10 05:00:00,100.01,44.068667859250354,55.94133214074965,5,9
2024-09-10 06:00:00,109.47,50.450232646036625,59.019767353963374,6,9
2024-09-10 07:00:00,112.64,57.075101645150994,55.56489835484901,7,9
2024-09-10 08:00:00,114.59,60.328116437019844,54.26188356298016,8,9
2024-09-10 09:00:00,100.0,61.46422479800714,38.53577520199286,9,9
2024-09-10 10:00:00,62.0,58.23567397686486,3.7643260231351405,10,9
2024-09-10 11:00:00,30.1,51.99993094575035,-21.89993094575035,11,9
2024-09-10 12:00:00,14.74,50.1282170825001,-35.3882170825001,12,9
2024-09-10 13:00:00,19.56,46.96743749578633,-27.40743749578633,13,9
2024-09-10 14:00:00,6.31,48.83598903499018,-42.525989034990175,14,9
2024-09-10 15:00:00,3.04,53.36806424940875,-50.32806424940875,15,9
2024-09-10 16:00:00,4.59,69.77118353832776,-65.18118353832776,16,9
2024-09-10 17:00:00,28.41,90.75595901480705,-62.34595901480705,17,9
2024-09-10 18:00:00,53.1,102.89185882999533,-49.79185882999533,18,9
2024-09-10 19:00:00,99.42,119.94248360073226,-20.522483600732258,19,9
2024-09-10 20:00:00,109.0,117.73167001446564,-8.731670014465635,20,9
2024-09-10 21:00:00,111.74,110.05016567897741,1.6898343210225875,21,9
2024-09-10 22:00:00,105.5,94.48545125794453,11.014548742055467,22,9
2024-09-10 23:00:00,98.42,86.47167335183514,11.948326648164866,23,9
2024-09-11 00:00:00,80.89,68.35769039800698,12.53230960199302,0,9
2024-09-11 01:00:00,77.75,58.90942264573363,18.840577354266372,1,9
2024-09-11 02:00:00,71.0,56.67952018654324,14.320479813456757,2,9
2024-09-11 03:00:00,79.77,50.87568626035545,28.894313739644545,3,9
2024-09-11 04:00:00,84.84,46.449537289712055,38.39046271028795,4,9
2024-09-11 05:00:00,89.84,46.04845162200854,43.79154837799146,5,9
2024-09-11 06:00:00,97.63,52.71638526992393,44.91361473007606,6,9
2024-09-11 07:00:00,102.98,60.284701565793,42.695298434207004,7,9
2024-09-11 08:00:00,103.7,64.4229000044304,39.2770999955696,8,9
2024-09-11 09:00:00,94.44,65.23536162430497,29.204638375695026,9,9
2024-09-11 10:00:00,70.1,62.49963836564069,7.600361634359302,10,9
2024-09-11 11:00:00,51.99,56.624553264055464,-4.634553264055462,11,9
2024-09-11 12:00:00,50.24,55.45454324172232,-5.214543241722318,12,9
2024-09-11 13:00:00,47.7,52.33767388960416,-4.637673889604159,13,9
2024-09-11 14:00:00,45.0,53.503198631691305,-8.503198631691305,14,9
2024-09-11 15:00:00,23.75,57.74347910006378,-33.99347910006378,15,9
2024-09-11 16:00:00,15.0,73.61024064883532,-58.610240648835315,16,9
2024-09-11 17:00:00,50.24,94.48560911161661,-44.24560911161661,17,9
2024-09-11 18:00:00,76.16,106.40913992479938,-30.24913992479938,18,9
2024-09-11 19:00:00,99.95,123.06758369121206,-23.11758369121206,19,9
2024-09-11 20:00:00,113.0,121.0199222827693,-8.0199222827693,20,9
2024-09-11 21:00:00,110.04,113.6961439420071,-3.656143942007091,21,9
2024-09-11 22:00:00,102.98,99.00187875143445,3.9781212485655573,22,9
2024-09-11 23:00:00,102.74,90.20073318028165,12.53926681971835,23,9
2024-09-12 00:00:00,100.64,71.88991476726972,28.750085232730285,0,9
2024-09-12 01:00:00,99.83,61.64738263327183,38.18261736672817,1,9
2024-09-12 02:00:00,99.5,58.9810799645486,40.5189200354514,2,9
2024-09-12 03:00:00,95.0,53.39327088924125,41.60672911075875,3,9
2024-09-12 04:00:00,95.42,49.555107672005875,45.86489232799413,4,9
2024-09-12 05:00:00,98.42,48.48585561282596,49.934144387174044,5,9
2024-09-12 06:00:00,100.64,54.723422758690674,45.91657724130933,6,9
2024-09-12 07:00:00,113.55,60.54867969120926,53.00132030879074,7,9
2024-09-12 08:00:00,116.37,63.75680345771667,52.61319654228333,8,9
2024-09-12 09:00:00,101.46,64.4683575260533,36.9916424739467,9,9
2024-09-12 10:00:00,73.6,60.80779355387119,12.792206446128802,10,9
2024-09-12 11:00:00,52.1,54.24994473154345,-2.1499447315434494,11,9
2024-09-12 12:00:00,44.3,52.90523124473515,-8.605231244735151,12,9
2024-09-12 13:00:00,14.0,50.081740353229634,-36.081740353229634,13,9
2024-09-12 14:00:00,3.6,51.36770431892501,-47.767704318925006,14,9
2024-09-12 15:00:00,3.32,56.23772454046815,-52.91772454046815,15,9
2024-09-12 16:00:00,3.32,71.35917882342511,-68.03917882342512,16,9
2024-09-12 17:00:00,3.6,90.68429324303037,-87.08429324303037,17,9
2024-09-12 18:00:00,51.55,103.2169926615494,-51.6669926615494,18,9
2024-09-12 19:00:00,80.0,120.27522448676598,-40.27522448676598,19,9
2024-09-12 20:00:00,101.46,117.24617341322971,-15.786173413229719,20,9
2024-09-12 21:00:00,100.5,109.9414086100042,-9.441408610004203,21,9
2024-09-12 22:00:00,93.53,93.64126532780864,-0.1112653278086384,22,9
2024-09-12 23:00:00,87.35,85.17451987066426,2.175480129335739,23,9
2024-09-13 00:00:00,78.89,67.9336000599937,10.956399940006307,0,9
2024-09-13 01:00:00,75.05,58.58453743854244,16.465462561457556,1,9
2024-09-13 02:00:00,74.76,55.72411683698175,19.035883163018255,2,9
2024-09-13 03:00:00,74.76,50.4036513199307,24.356348680069303,3,9
2024-09-13 04:00:00,67.52,45.89111594568715,21.62888405431285,4,9
2024-09-13 05:00:00,62.2,44.510279854270834,17.68972014572917,5,9
2024-09-13 06:00:00,76.5,50.88486537814384,25.615134621856157,6,9
2024-09-13 07:00:00,89.74,58.15138365464355,31.588616345356442,7,9
2024-09-13 08:00:00,85.23,61.883847265109466,23.346152734890538,8,9
2024-09-13 09:00:00,61.0,63.88858881773467,-2.8885888177346715,9,9
2024-09-13 10:00:00,3.32,62.69893055539802,-59.37893055539802,10,9
2024-09-13 11:00:00,0.0,55.266621935539035,-55.266621935539035,11,9
2024-09-13 12:00:00,0.0,55.55538298551795,-55.55538298551795,12,9
2024-09-13 13:00:00,0.0,52.61308345819447,-52.61308345819447,13,9
2024-09-13 14:00:00,0.0,53.28362663702825,-53.28362663702825,14,9
2024-09-13 15:00:00,0.0,57.95692991726838,-57.95692991726838,15,9
2024-09-13 16:00:00,0.0,73.94764517394395,-73.94764517394395,16,9
2024-09-13 17:00:00,0.0,95.52300143487588,-95.52300143487588,17,9
2024-09-13 18:00:00,2.0,108.92107096739153,-106.92107096739153,18,9
2024-09-13 19:00:00,62.07,124.94342433668959,-62.87342433668959,19,9
2024-09-13 20:00:00,89.98,121.53234687043675,-31.55234687043675,20,9
2024-09-13 21:00:00,85.29,115.42919806328729,-30.13919806328728,21,9
2024-09-13 22:00:00,80.01,99.59800309298987,-19.588003092989865,22,9
2024-09-13 23:00:00,62.2,91.2568843833892,-29.056884383389203,23,9
2024-09-14 00:00:00,55.2,73.26495060380762,-18.064950603807617,0,9
2024-09-14 01:00:00,54.0,63.76357703772726,-9.76357703772726,1,9
2024-09-14 02:00:00,49.86,60.902230608163904,-11.042230608163905,2,9
2024-09-14 03:00:00,45.98,56.045250996753225,-10.065250996753228,3,9
2024-09-14 04:00:00,49.08,51.831770990535574,-2.751770990535576,4,9
2024-09-14 05:00:00,48.88,50.665945874458714,-1.7859458744587116,5,9
2024-09-14 06:00:00,55.07,57.29392455456275,-2.2239245545627497,6,9
2024-09-14 07:00:00,65.0,64.46317686129845,0.5368231387015499,7,9
2024-09-14 08:00:00,68.86,67.56682926609142,1.2931707339085818,8,9
2024-09-14 09:00:00,56.18,67.42071339195644,-11.24071339195644,9,9
2024-09-14 10:00:00,10.0,63.630084539094014,-53.630084539094014,10,9
2024-09-14 11:00:00,0.44,56.20722327102345,-55.767223271023454,11,9
2024-09-14 12:00:00,0.44,54.76854172473486,-54.32854172473486,12,9
2024-09-14 13:00:00,0.79,51.235660108578315,-50.445660108578316,13,9
2024-09-14 14:00:00,0.44,50.225490364429106,-49.78549036442911,14,9
2024-09-14 15:00:00,0.44,53.99234482242383,-53.552344822423834,15,9
2024-09-14 16:00:00,0.44,69.1844102268364,-68.74441022683641,16,9
2024-09-14 17:00:00,11.25,90.9526099149549,-79.7026099149549,17,9
2024-09-14 18:00:00,55.2,102.98212810753421,-47.782128107534206,18,9
2024-09-14 19:00:00,89.55,120.26996791741811,-30.719967917418117,19,9
2024-09-14 20:00:00,101.72,117.3787818547334,-15.658781854733405,20,9
2024-09-14 21:00:00,106.85,110.6559632438125,-3.8059632438124993,21,9
2024-09-14 22:00:00,87.99,95.54876387421416,-7.558763874214165,22,9
2024-09-14 23:00:00,80.98,88.2758688833162,-7.295868883316203,23,9
2024-09-15 00:00:00,61.7,70.04282926621528,-8.342829266215276,0,9
2024-09-15 01:00:00,60.5,60.811075054473804,-0.3110750544738039,1,9
2024-09-15 02:00:00,55.3,59.286413594306964,-3.986413594306967,2,9
2024-09-15 03:00:00,54.05,53.75008784841572,0.2999121515842802,3,9
2024-09-15 04:00:00,54.05,49.39590362557442,4.654096374425578,4,9
2024-09-15 05:00:00,54.16,48.56949175265163,5.590508247348367,5,9
2024-09-15 06:00:00,54.05,53.70297279069774,0.3470272093022544,6,9
2024-09-15 07:00:00,54.05,57.981531789803284,-3.9315317898032873,7,9
2024-09-15 08:00:00,32.48,60.652263346854625,-28.172263346854628,8,9
2024-09-15 09:00:00,6.0,60.47527069293699,-54.47527069293699,9,9
2024-09-15 10:00:00,0.0,56.442153033946454,-56.442153033946454,10,9
2024-09-15 11:00:00,-0.01,47.94135760644889,-47.95135760644889,11,9
2024-09-15 12:00:00,-0.25,45.80144076603028,-46.05144076603028,12,9
2024-09-15 13:00:00,-0.01,43.40695040510707,-43.416950405107066,13,9
2024-09-15 14:00:00,-0.36,45.12983624898999,-45.48983624898999,14,9
2024-09-15 15:00:00,-0.36,48.29966652964305,-48.65966652964305,15,9
2024-09-15 16:00:00,-0.36,64.28094757352892,-64.64094757352892,16,9
2024-09-15 17:00:00,-0.01,86.49099733194112,-86.50099733194112,17,9
2024-09-15 18:00:00,0.44,99.48751058853543,-99.04751058853543,18,9
2024-09-15 19:00:00,49.85,117.47982611853257,-67.62982611853258,19,9
2024-09-15 20:00:00,65.08,115.15475891604348,-50.07475891604348,20,9
2024-09-15 21:00:00,64.39,107.66901169580984,-43.27901169580984,21,9
2024-09-15 22:00:00,60.74,93.88773068013404,-33.14773068013404,22,9
2024-09-15 23:00:00,54.91,87.23243592490832,-32.32243592490832,23,9
2024-09-16 00:00:00,30.0,68.36960182170662,-38.369601821706624,0,9
2024-09-16 01:00:00,13.03,59.09400108670536,-46.06400108670536,1,9
2024-09-16 02:00:00,15.0,56.80734603703843,-41.80734603703843,2,9
2024-09-16 03:00:00,11.85,51.54482600233837,-39.69482600233837,3,9
2024-09-16 04:00:00,6.0,47.71356182944794,-41.71356182944794,4,9
2024-09-16 05:00:00,10.15,46.991444577855134,-36.841444577855135,5,9
2024-09-16 06:00:00,41.1,52.34481817182842,-11.24481817182842,6,9
2024-09-16 07:00:00,60.0,55.47127854319939,4.528721456800611,7,9
2024-09-16 08:00:00,60.0,57.94839328431999,2.051606715680009,8,9
2024-09-16 09:00:00,45.1,59.55985469923604,-14.45985469923604,9,9
2024-09-16 10:00:00,3.32,56.703437419040085,-53.383437419040085,10,9
2024-09-16 11:00:00,0.0,51.38140308397993,-51.38140308397993,11,9
2024-09-16 12:00:00,0.0,52.210218601489714,-52.210218601489714,12,9
2024-09-16 13:00:00,0.0,48.75127805788179,-48.75127805788179,13,9
2024-09-16 14:00:00,0.0,50.04080895009048,-50.04080895009048,14,9
2024-09-16 15:00:00,0.0,54.485176348668915,-54.485176348668915,15,9
2024-09-16 16:00:00,0.0,70.42648956812207,-70.42648956812207,16,9
2024-09-16 17:00:00,0.06,91.34364728172068,-91.28364728172068,17,9
2024-09-16 18:00:00,29.68,101.9434801578007,-72.2634801578007,18,9
2024-09-16 19:00:00,60.98,118.08029975557758,-57.10029975557759,19,9
2024-09-16 20:00:00,88.4,115.01126229481298,-26.611262294812974,20,9
2024-09-16 21:00:00,81.82,107.80652176802386,-25.986521768023863,21,9
2024-09-16 22:00:00,55.92,93.16939967393449,-37.24939967393449,22,9
2024-09-16 23:00:00,40.06,84.94430322064375,-44.884303220643744,23,9
2024-09-17 00:00:00,26.3,66.40304902547598,-40.10304902547598,0,9
2024-09-17 01:00:00,12.18,56.672410087118976,-44.49241008711898,1,9
2024-09-17 02:00:00,6.99,55.417756753571155,-48.42775675357115,2,9
2024-09-17 03:00:00,9.24,50.28921530743543,-41.049215307435425,3,9
2024-09-17 04:00:00,5.15,45.79371800387884,-40.64371800387884,4,9
2024-09-17 05:00:00,5.0,45.013042929999926,-40.013042929999926,5,9
2024-09-17 06:00:00,33.88,51.55313515687618,-17.673135156876178,6,9
2024-09-17 07:00:00,49.71,58.081851526893274,-8.371851526893273,7,9
2024-09-17 08:00:00,53.34,62.66163875059908,-9.321638750599078,8,9
2024-09-17 09:00:00,33.99,64.34395282821635,-30.353952828216343,9,9
2024-09-17 10:00:00,0.44,62.021850163588226,-61.58185016358823,10,9
2024-09-17 11:00:00,0.0,55.93836530966604,-55.93836530966604,11,9
2024-09-17 12:00:00,0.0,54.969650094686074,-54.969650094686074,12,9
2024-09-17 13:00:00,0.0,51.979031287788416,-51.979031287788416,13,9
2024-09-17 14:00:00,0.0,52.60427233011421,-52.60427233011421,14,9
2024-09-17 15:00:00,0.0,56.459733078490615,-56.459733078490615,15,9
2024-09-17 16:00:00,0.0,72.46853662179547,-72.46853662179547,16,9
2024-09-17 17:00:00,3.0,92.67850568537017,-89.67850568537017,17,9
2024-09-17 18:00:00,32.26,104.07602429731628,-71.81602429731629,18,9
2024-09-17 19:00:00,50.76,119.49309259950803,-68.73309259950804,19,9
2024-09-17 20:00:00,93.52,115.15424590817202,-21.63424590817202,20,9
2024-09-17 21:00:00,85.23,107.51696149559126,-22.286961495591257,21,9
2024-09-17 22:00:00,60.74,91.19743988359181,-30.45743988359181,22,9
2024-09-17 23:00:00,55.0,83.57320151478251,-28.57320151478251,23,9
2024-09-18 00:00:00,70.59,65.53003511450015,5.059964885499852,0,9
2024-09-18 01:00:00,81.0,56.14695909227299,24.853040907727006,1,9
2024-09-18 02:00:00,81.22,54.14477623958385,27.07522376041615,2,9
2024-09-18 03:00:00,81.22,48.97666321071608,32.243336789283916,3,9
2024-09-18 04:00:00,82.44,44.67574499985079,37.764255000149205,4,9
2024-09-18 05:00:00,88.01,43.46615537048126,44.543844629518745,5,9
2024-09-18 06:00:00,99.22,49.13890706253022,50.081092937469776,6,9
2024-09-18 07:00:00,113.22,54.31146723464917,58.90853276535083,7,9
2024-09-18 08:00:00,123.0,57.817897625865726,65.18210237413427,8,9
2024-09-18 09:00:00,108.65,58.01951972693388,50.63048027306613,9,9
2024-09-18 10:00:00,85.74,55.6902861665655,30.049713833434495,10,9
2024-09-18 11:00:00,65.82,48.69169865840689,17.1283013415931,11,9
2024-09-18 12:00:00,60.0,47.53745408400357,12.46254591599643,12,9
2024-09-18 13:00:00,60.0,44.449875810796925,15.550124189203075,13,9
2024-09-18 14:00:00,57.61,44.32800847369822,13.28199152630178,14,9
2024-09-18 15:00:00,56.47,48.06166826798375,8.40833173201625,15,9
2024-09-18 16:00:00,61.0,63.550341580252734,-2.5503415802527343,16,9
2024-09-18 17:00:00,85.5,85.00770316285241,0.49229683714759176,17,9
2024-09-18 18:00:00,88.0,97.82731385129631,-9.82731385129631,18,9
2024-09-18 19:00:00,120.01,114.43410704915948,5.575892950840526,19,9
2024-09-18 20:00:00,143.02,112.00140690949718,31.018593090502833,20,9
2024-09-18 21:00:00,148.26,104.04928053535741,44.21071946464258,21,9
2024-09-18 22:00:00,112.24,89.41669437545323,22.823305624546762,22,9
2024-09-18 23:00:00,109.85,81.97336916151102,27.87663083848898,23,9
2024-09-19 00:00:00,100.67,64.77862993547882,35.89137006452118,0,9
2024-09-19 01:00:00,97.89,55.72724548122051,42.162754518779494,1,9
2024-09-19 02:00:00,98.02,53.43943631016111,44.58056368983888,2,9
2024-09-19 03:00:00,98.42,48.22437582378586,50.19562417621414,3,9
2024-09-19 04:00:00,100.67,44.48777329228079,56.18222670771921,4,9
2024-09-19 05:00:00,93.0,43.395196232710816,49.604803767289184,5,9
2024-09-19 06:00:00,106.42,49.178256827422445,57.24174317257756,6,9
2024-09-19 07:00:00,118.23,55.694658632754,62.535341367246005,7,9
2024-09-19 08:00:00,120.85,60.18306616013524,60.666933839864754,8,9
2024-09-19 09:00:00,114.7,61.28324001097542,53.416759989024584,9,9
2024-09-19 10:00:00,97.94,58.231439972028795,39.7085600279712,10,9
2024-09-19 11:00:00,97.89,50.74902449628894,47.14097550371106,11,9
2024-09-19 12:00:00,97.33,48.196060593415154,49.133939406584844,12,9
2024-09-19 13:00:00,95.5,44.84545327062392,50.65454672937608,13,9
2024-09-19 14:00:00,95.0,44.69479602949792,50.30520397050208,14,9
2024-09-19 15:00:00,88.0,48.87129147370814,39.12870852629186,15,9
2024-09-19 16:00:00,95.4,65.34470553637578,30.05529446362422,16,9
2024-09-19 17:00:00,95.5,86.93711810600638,8.56288189399362,17,9
2024-09-19 18:00:00,102.0,99.02349112609056,2.976508873909438,18,9
2024-09-19 19:00:00,119.44,114.95199032179971,4.488009678200285,19,9
2024-09-19 20:00:00,146.5,110.69558258832075,35.80441741167925,20,9
2024-09-19 21:00:00,155.01,103.28832065842153,51.721679341578465,21,9
2024-09-19 22:00:00,120.69,89.36735349000054,31.32264650999946,22,9
2024-09-19 23:00:00,112.46,81.85702058680312,30.602979413196877,23,9
2024-09-20 00:00:00,115.31,64.7996976249662,50.5103023750338,0,9
2024-09-20 01:00:00,108.9,54.893813741561246,54.00618625843876,1,9
2024-09-20 02:00:00,104.61,52.68012616437619,51.92987383562381,2,9
2024-09-20 03:00:00,104.61,47.50127673341251,57.10872326658749,3,9
2024-09-20 04:00:00,106.62,43.6266672132719,62.993332786728104,4,9
2024-09-20 05:00:00,107.9,41.977382933877664,65.92261706612234,5,9
2024-09-20 06:00:00,111.6,48.93160446922303,62.66839553077696,6,9
2024-09-20 07:00:00,124.9,54.101555360424584,70.79844463957542,7,9
2024-09-20 08:00:00,124.9,57.2143757877692,67.6856242122308,8,9
2024-09-20 09:00:00,114.92,59.61762221350858,55.30237778649142,9,9
2024-09-20 10:00:00,115.98,56.6846969908334,59.2953030091666,10,9
2024-09-20 11:00:00,106.62,50.47418989734405,56.14581010265596,11,9
2024-09-20 12:00:00,87.0,48.40964772585335,38.59035227414665,12,9
2024-09-20 13:00:00,81.34,44.38177659057652,36.95822340942348,13,9
2024-09-20 14:00:00,77.84,42.88804318540133,34.951956814598674,14,9
2024-09-20 15:00:00,72.85,44.63158877847758,28.218411221522416,15,9
2024-09-20 16:00:00,77.1,60.49084314878269,16.609156851217307,16,9
2024-09-20 17:00:00,85.5,80.92384258495315,4.5761574150468505,17,9
2024-09-20 18:00:00,106.62,92.87545036770786,13.744549632292149,18,9
2024-09-20 19:00:00,113.0,109.35440123172964,3.645598768270361,19,9
2024-09-20 20:00:00,145.73,106.81078517106465,38.91921482893534,20,9
2024-09-20 21:00:00,146.97,100.97433330973831,45.995666690261686,21,9
2024-09-20 22:00:00,125.0,86.3823390141107,38.6176609858893,22,9
2024-09-20 23:00:00,118.72,78.1412622096039,40.578737790396104,23,9
2024-09-21 00:00:00,104.64,61.04380899625164,43.59619100374836,0,9
2024-09-21 01:00:00,100.28,51.52637531039727,48.75362468960273,1,9
2024-09-21 02:00:00,98.02,49.678744556640595,48.3412554433594,2,9
2024-09-21 03:00:00,102.55,44.67102144836116,57.87897855163884,3,9
2024-09-21 04:00:00,100.07,41.09095812933049,58.979041870669505,4,9
2024-09-21 05:00:00,100.28,40.77689440606781,59.50310559393219,5,9
2024-09-21 06:00:00,94.9,47.39619282015008,47.50380717984993,6,9
2024-09-21 07:00:00,95.9,52.98724535313846,42.91275464686154,7,9
2024-09-21 08:00:00,100.07,55.96566046302456,44.10433953697543,8,9
2024-09-21 09:00:00,100.87,58.88810134281857,41.98189865718143,9,9
2024-09-21 10:00:00,95.01,55.66405022006472,39.34594977993528,10,9
2024-09-21 11:00:00,74.29,49.70939274677613,24.580607253223874,11,9
2024-09-21 12:00:00,64.7,47.65876932659154,17.041230673408464,12,9
2024-09-21 13:00:00,50.24,43.193389069541126,7.0466109304588755,13,9
2024-09-21 14:00:00,30.0,42.776835233304666,-12.776835233304666,14,9
2024-09-21 15:00:00,3.32,45.913884127418214,-42.593884127418214,15,9
2024-09-21 16:00:00,20.22,61.22611705365733,-41.006117053657334,16,9
2024-09-21 17:00:00,49.77,83.00255507732538,-33.23255507732538,17,9
2024-09-21 18:00:00,75.0,94.83761420723431,-19.83761420723431,18,9
2024-09-21 19:00:00,108.67,111.37747496822436,-2.7074749682243606,19,9
2024-09-21 20:00:00,117.31,107.64955002476665,9.660449975233348,20,9
2024-09-21 21:00:00,133.02,100.60190746167063,32.418092538329375,21,9
2024-09-21 22:00:00,115.14,86.01064034588507,29.129359654114936,22,9
2024-09-21 23:00:00,115.0,79.13992261545923,35.86007738454077,23,9
2024-09-22 00:00:00,99.98,61.72457718867537,38.255422811324635,0,9
2024-09-22 01:00:00,95.58,52.91989606006922,42.66010393993078,1,9
2024-09-22 02:00:00,95.55,51.41663527283964,44.133364727160355,2,9
2024-09-22 03:00:00,95.84,46.51268530261592,49.32731469738408,3,9
2024-09-22 04:00:00,93.9,41.44353946439918,52.456460535600826,4,9
2024-09-22 05:00:00,97.9,40.563295164929286,57.33670483507072,5,9
2024-09-22 06:00:00,102.55,45.26610267354181,57.28389732645819,6,9
2024-09-22 07:00:00,102.98,49.46176289547509,53.518237104524914,7,9
2024-09-22 08:00:00,96.31,52.33144111206093,43.97855888793907,8,9
2024-09-22 09:00:00,90.63,56.6188050935034,34.0111949064966,9,9
2024-09-22 10:00:00,50.24,55.22375867934227,-4.983758679342266,10,9
2024-09-22 11:00:00,11.87,48.58541501303563,-36.71541501303563,11,9
2024-09-22 12:00:00,11.68,45.44872200684296,-33.76872200684296,12,9
2024-09-22 13:00:00,0.1,39.58185585741245,-39.48185585741245,13,9
2024-09-22 14:00:00,0.01,39.06406298466277,-39.05406298466277,14,9
2024-09-22 15:00:00,2.0,42.95560384036975,-40.95560384036975,15,9
2024-09-22 16:00:00,2.0,57.786100329364444,-55.786100329364444,16,9
2024-09-22 17:00:00,28.45,79.1183603419775,-50.668360341977504,17,9
2024-09-22 18:00:00,70.0,92.98393618502314,-22.98393618502314,18,9
2024-09-22 19:00:00,102.69,110.7703584082908,-8.080358408290806,19,9
2024-09-22 20:00:00,110.22,106.85200768625697,3.3679923137430308,20,9
2024-09-22 21:00:00,114.53,100.6151048638767,13.914895136123306,21,9
2024-09-22 22:00:00,102.74,85.29795436635658,17.442045633643417,22,9
2024-09-22 23:00:00,99.98,78.27653897611293,21.703461023887073,23,9
2024-09-23 00:00:00,102.55,60.67301018384046,41.876989816159536,0,9
2024-09-23 01:00:00,95.58,51.18351741829707,44.39648258170293,1,9
2024-09-23 02:00:00,90.0,49.54746567174885,40.45253432825115,2,9
2024-09-23 03:00:00,93.17,44.20153323267209,48.96846676732791,3,9
2024-09-23 04:00:00,93.88,40.1567958803555,53.72320411964449,4,9
2024-09-23 05:00:00,95.58,39.1680802241018,56.4119197758982,5,9
2024-09-23 06:00:00,96.4,45.29773605085461,51.102263949145396,6,9
2024-09-23 07:00:00,115.26,49.404007866161635,65.85599213383837,7,9
2024-09-23 08:00:00,120.01,52.57294512733006,67.43705487266995,8,9
2024-09-23 09:00:00,101.7,56.18286893462789,45.51713106537211,9,9
2024-09-23 10:00:00,85.0,52.35773855733834,32.64226144266166,10,9
2024-09-23 11:00:00,66.54,44.672945585739456,21.86705441426055,11,9
2024-09-23 12:00:00,51.1,43.37944768345608,7.720552316543923,12,9
2024-09-23 13:00:00,50.24,39.91551067910939,10.324489320890613,13,9
2024-09-23 14:00:00,39.9,40.56529160741019,-0.6652916074101896,14,9
2024-09-23 15:00:00,20.5,43.37429384133526,-22.87429384133526,15,9
2024-09-23 16:00:00,40.65,59.37112823971489,-18.721128239714893,16,9
2024-09-23 17:00:00,60.81,80.94095453942657,-20.13095453942657,17,9
2024-09-23 18:00:00,95.58,93.19232970849589,2.387670291504108,18,9
2024-09-23 19:00:00,116.05,110.34965190765263,5.700348092347369,19,9
2024-09-23 20:00:00,155.01,107.09462061564989,47.9153793843501,20,9
2024-09-23 21:00:00,157.66,101.2116271619912,56.448372838008794,21,9
2024-09-23 22:00:00,112.55,87.78012253757129,24.76987746242871,22,9
2024-09-23 23:00:00,105.08,80.67196961249397,24.40803038750603,23,9
2024-09-24 00:00:00,95.52,62.63306009256104,32.88693990743896,0,9
2024-09-24 01:00:00,95.0,53.38823916721367,41.61176083278633,1,9
2024-09-24 02:00:00,94.5,51.25138003846678,43.24861996153322,2,9
2024-09-24 03:00:00,93.84,46.124656274024744,47.71534372597526,3,9
2024-09-24 04:00:00,93.84,42.12802969109413,51.711970308905876,4,9
2024-09-24 05:00:00,93.84,41.76883837502072,52.07116162497928,5,9
2024-09-24 06:00:00,107.74,48.41677559742101,59.32322440257899,6,9
2024-09-24 07:00:00,120.1,55.22373809336767,64.87626190663232,7,9
2024-09-24 08:00:00,127.67,58.84968633891617,68.82031366108383,8,9
2024-09-24 09:00:00,117.9,60.631426879253354,57.26857312074665,9,9
2024-09-24 10:00:00,94.08,56.50145680018926,37.57854319981074,10,9
2024-09-24 11:00:00,79.49,47.79175897048384,31.698241029516154,11,9
2024-09-24 12:00:00,64.96,45.90201357968175,19.057986420318244,12,9
2024-09-24 13:00:00,59.77,42.71638126021469,17.053618739785314,13,9
2024-09-24 14:00:00,57.31,42.11199876506004,15.198001234939966,14,9
2024-09-24 15:00:00,59.55,46.2116050484359,13.338394951564098,15,9
2024-09-24 16:00:00,60.2,61.11460955700977,-0.9146095570097685,16,9
2024-09-24 17:00:00,82.44,82.44503450051656,-0.005034500516558182,17,9
2024-09-24 18:00:00,83.65,96.1530839081654,-12.503083908165394,18,9
2024-09-24 19:00:00,124.76,112.3200190924415,12.439980907558507,19,9
2024-09-24 20:00:00,140.0,108.62751700027695,31.372482999723047,20,9
2024-09-24 21:00:00,138.44,101.5039488463828,36.9360511536172,21,9
2024-09-24 22:00:00,112.55,86.32402410651304,26.22597589348696,22,9
2024-09-24 23:00:00,102.34,79.40560349457672,22.93439650542328,23,9
2024-09-25 00:00:00,92.4,61.561382261283086,30.83861773871692,0,9
2024-09-25 01:00:00,75.49,51.54612670852998,23.943873291470013,1,9
2024-09-25 02:00:00,73.08,48.93810525785358,24.14189474214642,2,9
2024-09-25 03:00:00,72.72,43.1798998497008,29.540100150299196,3,9
2024-09-25 04:00:00,60.8,38.36235766184507,22.43764233815493,4,9
2024-09-25 05:00:00,60.7,37.35736028482921,23.34263971517079,5,9
2024-09-25 06:00:00,60.7,43.761093098008814,16.93890690199119,6,9
2024-09-25 07:00:00,84.24,49.16144805469503,35.078551945304966,7,9
2024-09-25 08:00:00,88.09,52.3109372345678,35.7790627654322,8,9
2024-09-25 09:00:00,70.76,55.67470102913825,15.085298970861757,9,9
2024-09-25 10:00:00,61.5,53.6889625866134,7.8110374133866,10,9
2024-09-25 11:00:00,52.1,46.886391891433334,5.2136081085666675,11,9
2024-09-25 12:00:00,40.0,44.979602731771024,-4.979602731771024,12,9
2024-09-25 13:00:00,34.27,40.40948976328434,-6.139489763284338,13,9
2024-09-25 14:00:00,36.23,40.69137876303256,-4.461378763032563,14,9
2024-09-25 15:00:00,15.0,44.74605506213766,-29.746055062137657,15,9
2024-09-25 16:00:00,14.0,59.586072925640735,-45.586072925640735,16,9
2024-09-25 17:00:00,34.23,80.42880138742362,-46.19880138742362,17,9
2024-09-25 18:00:00,41.91,92.94411029667708,-51.034110296677085,18,9
2024-09-25 19:00:00,60.8,109.03295818470917,-48.232958184709176,19,9
2024-09-25 20:00:00,74.0,106.37116590572435,-32.371165905724354,20,9
2024-09-25 21:00:00,73.08,100.1543330186384,-27.0743330186384,21,9
2024-09-25 22:00:00,57.3,85.40846934505652,-28.10846934505652,22,9
2024-09-25 23:00:00,40.0,77.78174580213437,-37.78174580213437,23,9
2024-09-26 00:00:00,20.3,59.39666624709082,-39.09666624709082,0,9
2024-09-26 01:00:00,6.99,50.36977693225754,-43.379776932257535,1,9
2024-09-26 02:00:00,10.29,49.095469964372,-38.805469964372,2,9
2024-09-26 03:00:00,4.92,43.90436173823514,-38.98436173823514,3,9
2024-09-26 04:00:00,3.32,40.221136598299836,-36.901136598299836,4,9
2024-09-26 05:00:00,7.33,39.798702635481334,-32.468702635481336,5,9
2024-09-26 06:00:00,33.83,46.13639802764038,-12.306398027640384,6,9
2024-09-26 07:00:00,58.27,51.85247278914966,6.417527210850345,7,9
2024-09-26 08:00:00,65.0,55.469466431374826,9.530533568625174,8,9
2024-09-26 09:00:00,53.52,58.9124732771503,-5.392473277150295,9,9
2024-09-26 10:00:00,3.6,57.2813926106964,-53.6813926106964,10,9
2024-09-26 11:00:00,0.46,50.20773902349805,-49.74773902349805,11,9
2024-09-26 12:00:00,0.0,47.819166862267934,-47.819166862267934,12,9
2024-09-26 13:00:00,0.0,43.913893336252045,-43.913893336252045,13,9
2024-09-26 14:00:00,0.0,43.21610676026228,-43.21610676026228,14,9
2024-09-26 15:00:00,0.0,47.03409013065851,-47.03409013065851,15,9
2024-09-26 16:00:00,0.0,62.49253464360538,-62.49253464360538,16,9
2024-09-26 17:00:00,2.4,81.07170469024521,-78.6717046902452,17,9
2024-09-26 18:00:00,11.99,93.4244171989792,-81.4344171989792,18,9
2024-09-26 19:00:00,55.23,109.61533652841024,-54.38533652841024,19,9
2024-09-26 20:00:00,65.5,106.01544598101873,-40.51544598101873,20,9
2024-09-26 21:00:00,72.5,99.19304775430118,-26.693047754301176,21,9
2024-09-26 22:00:00,54.9,84.15646510792197,-29.256465107921976,22,9
2024-09-26 23:00:00,49.9,75.89161466094299,-25.991614660942993,23,9
2024-09-27 00:00:00,7.0,58.550513161769516,-51.550513161769516,0,9
2024-09-27 01:00:00,3.32,49.46426887523563,-46.14426887523563,1,9
2024-09-27 02:00:00,3.32,47.860945051284375,-44.540945051284375,2,9
2024-09-27 03:00:00,3.32,43.38744823298617,-40.06744823298617,3,9
2024-09-27 04:00:00,3.32,38.92152105190547,-35.60152105190547,4,9
2024-09-27 05:00:00,3.32,37.71346390143776,-34.39346390143776,5,9
2024-09-27 06:00:00,5.14,44.99982984993483,-39.859829849934826,6,9
2024-09-27 07:00:00,45.0,51.74169217602088,-6.741692176020877,7,9
2024-09-27 08:00:00,52.1,56.43939004663406,-4.339390046634058,8,9
2024-09-27 09:00:00,10.08,59.29361536075396,-49.21361536075396,9,9
2024-09-27 10:00:00,0.44,59.38924863115034,-58.94924863115034,10,9
2024-09-27 11:00:00,0.0,53.25763658671673,-53.25763658671673,11,9
2024-09-27 12:00:00,-0.01,50.40190164294705,-50.41190164294705,12,9
2024-09-27 13:00:00,-0.15,46.64779824265082,-46.79779824265082,13,9
2024-09-27 14:00:00,-0.04,46.35510153787243,-46.39510153787243,14,9
2024-09-27 15:00:00,-0.01,49.842913860562646,-49.852913860562644,15,9
2024-09-27 16:00:00,0.0,63.915928812765856,-63.915928812765856,16,9
2024-09-27 17:00:00,0.44,84.22642521456021,-83.78642521456021,17,9
2024-09-27 18:00:00,34.21,95.86206093604079,-61.65206093604079,18,9
2024-09-27 19:00:00,69.85,111.91953801745564,-42.06953801745564,19,9
2024-09-27 20:00:00,98.07,109.00345863753358,-10.93345863753359,20,9
2024-09-27 21:00:00,109.83,102.00884172808662,7.821158271913376,21,9
2024-09-27 22:00:00,87.0,85.96690792841514,1.0330920715848606,22,9
2024-09-27 23:00:00,79.0,78.25972127033549,0.7402787296645101,23,9
2024-09-28 00:00:00,86.04,61.26871644405742,24.77128355594259,0,9
2024-09-28 01:00:00,75.1,51.76193360180213,23.338066398197867,1,9
2024-09-28 02:00:00,54.0,49.63212704907812,4.367872950921878,2,9
2024-09-28 03:00:00,49.0,44.660507511040464,4.339492488959536,3,9
2024-09-28 04:00:00,45.0,40.666953489111734,4.333046510888266,4,9
2024-09-28 05:00:00,43.77,39.69097705532698,4.079022944673021,5,9
2024-09-28 06:00:00,45.0,46.96726585322193,-1.9672658532219316,6,9
2024-09-28 07:00:00,54.18,52.239286786651576,1.940713213348424,7,9
2024-09-28 08:00:00,50.0,56.21991957988507,-6.219919579885072,8,9
2024-09-28 09:00:00,24.17,57.91582680202123,-33.74582680202123,9,9
2024-09-28 10:00:00,3.6,54.18164672745735,-50.58164672745735,10,9
2024-09-28 11:00:00,0.0,46.270329837612735,-46.270329837612735,11,9
2024-09-28 12:00:00,0.0,43.619564213984404,-43.619564213984404,12,9
2024-09-28 13:00:00,0.0,39.845294906346396,-39.845294906346396,13,9
2024-09-28 14:00:00,0.0,38.61878706502796,-38.61878706502796,14,9
2024-09-28 15:00:00,0.0,41.46339745100431,-41.46339745100431,15,9
2024-09-28 16:00:00,0.0,57.18881207612401,-57.18881207612401,16,9
2024-09-28 17:00:00,0.44,77.82990559087705,-77.38990559087705,17,9
2024-09-28 18:00:00,50.24,88.68698997942386,-38.446989979423854,18,9
2024-09-28 19:00:00,111.23,106.52105151961149,4.708948480388514,19,9
2024-09-28 20:00:00,114.29,104.43349832403294,9.856501675967067,20,9
2024-09-28 21:00:00,120.11,98.00082658490612,22.109173415093878,21,9
2024-09-28 22:00:00,106.0,82.8222083770616,23.1777916229384,22,9
2024-09-28 23:00:00,91.25,75.49323940126351,15.756760598736491,23,9
2024-09-29 00:00:00,84.99,58.86107701131573,26.128922988684266,0,9
2024-09-29 01:00:00,79.49,49.517166063979346,29.97283393602065,1,9
2024-09-29 02:00:00,74.9,47.082451989519996,27.81754801048001,2,9
2024-09-29 03:00:00,58.36,41.7239693371767,16.636030662823302,3,9
2024-09-29 04:00:00,49.2,37.8565751072544,11.343424892745603,4,9
2024-09-29 05:00:00,49.2,37.04318547593118,12.156814524068821,5,9
2024-09-29 06:00:00,55.0,42.398591902017415,12.601408097982585,6,9
2024-09-29 07:00:00,60.66,47.64699556338826,13.013004436611737,7,9
2024-09-29 08:00:00,57.94,51.82144765156164,6.118552348438357,8,9
2024-09-29 09:00:00,19.9,53.600168863647355,-33.700168863647356,9,9
2024-09-29 10:00:00,0.0,48.82579660009708,-48.82579660009708,10,9
2024-09-29 11:00:00,-0.12,40.2765331158717,-40.3965331158717,11,9
2024-09-29 12:00:00,-0.39,38.49949104503844,-38.88949104503844,12,9
2024-09-29 13:00:00,-0.5,34.69546219750015,-35.19546219750015,13,9
2024-09-29 14:00:00,-0.45,35.946354141181416,-36.39635414118142,14,9
2024-09-29 15:00:00,-0.79,40.05179550062741,-40.841795500627406,15,9
2024-09-29 16:00:00,-0.79,56.125738154489454,-56.91573815448945,16,9
2024-09-29 17:00:00,-0.01,77.59167465748163,-77.60167465748164,17,9
2024-09-29 18:00:00,8.6,90.36333523957808,-81.76333523957808,18,9
2024-09-29 19:00:00,72.34,108.51471481960778,-36.17471481960777,19,9
2024-09-29 20:00:00,95.0,105.57923154165968,-10.57923154165968,20,9
2024-09-29 21:00:00,101.89,99.0652221373947,2.824777862605302,21,9
2024-09-29 22:00:00,95.98,84.55775386662248,11.422246133377527,22,9
2024-09-29 23:00:00,84.99,77.4765788014638,7.513421198536193,23,9
2024-09-30 00:00:00,80.35,58.61931980853859,21.730680191461403,0,9
2024-09-30 01:00:00,83.0,49.29562860003068,33.70437139996932,1,9
2024-09-30 02:00:00,94.4,47.40045268963132,46.99954731036868,2,9
2024-09-30 03:00:00,88.0,41.4376245953693,46.5623754046307,3,9
2024-09-30 04:00:00,85.0,37.09623848747475,47.90376151252525,4,9
2024-09-30 05:00:00,95.98,35.58503174987595,60.39496825012405,5,9
2024-09-30 06:00:00,106.0,40.98567542413434,65.01432457586566,6,9
2024-09-30 07:00:00,141.94,44.58907065130654,97.35092934869346,7,9
2024-09-30 08:00:00,160.1,48.52386068049191,111.57613931950809,8,9
2024-09-30 09:00:00,106.0,51.12125791328452,54.87874208671548,9,9
2024-09-30 10:00:00,69.14,48.476718953133684,20.663281046866317,10,9
2024-09-30 11:00:00,47.77,42.26331607114656,5.506683928853441,11,9
2024-09-30 12:00:00,29.21,41.675972192873644,-12.465972192873643,12,9
2024-09-30 13:00:00,25.2,38.74937275456898,-13.549372754568981,13,9
2024-09-30 14:00:00,10.0,39.888968073710316,-29.888968073710316,14,9
2024-09-30 15:00:00,2.4,44.5119929274033,-42.1119929274033,15,9
2024-09-30 16:00:00,18.2,60.48424691165468,-42.28424691165468,16,9
2024-09-30 17:00:00,49.54,81.07617393777207,-31.53617393777207,17,9
2024-09-30 18:00:00,95.74,93.80800123250611,1.93199876749388,18,9
2024-09-30 19:00:00,119.72,111.08397136609824,8.63602863390176,19,9
2024-09-30 20:00:00,176.21,107.30766274489156,68.90233725510845,20,9
2024-09-30 21:00:00,174.5,99.34993913710116,75.15006086289884,21,9
2024-09-30 22:00:00,124.44,84.5804328297686,39.8595671702314,22,9
2024-09-30 23:00:00,125.45,77.9722348235199,47.477765176480105,23,9
2024-10-01 00:00:00,104.0,61.44897801030413,42.55102198969587,0,10
2024-10-01 01:00:00,97.68,52.594403645205205,45.0855963547948,1,10
2024-10-01 02:00:00,97.68,50.40327703294412,47.27672296705589,2,10
2024-10-01 03:00:00,94.86,44.90203835655893,49.95796164344107,3,10
2024-10-01 04:00:00,84.01,40.95316326760337,43.05683673239663,4,10
2024-10-01 05:00:00,80.35,40.074513063762026,40.27548693623797,5,10
2024-10-01 06:00:00,88.13,46.11996678947628,42.010033210523716,6,10
2024-10-01 07:00:00,117.04,52.332186450909944,64.70781354909006,7,10
2024-10-01 08:00:00,123.81,56.22315649578985,67.58684350421015,8,10
2024-10-01 09:00:00,100.0,58.13902016203633,41.86097983796367,9,10
2024-10-01 10:00:00,99.54,55.426378778938954,44.11362122106105,10,10
2024-10-01 11:00:00,79.49,49.77957024485187,29.710429755148127,11,10
2024-10-01 12:00:00,58.48,49.891623922045255,8.588376077954742,12,10
2024-10-01 13:00:00,55.41,47.43958971390555,7.970410286094449,13,10
2024-10-01 14:00:00,56.28,48.546253352841234,7.7337466471587675,14,10
2024-10-01 15:00:00,57.98,52.6080208082405,5.3719791917595,15,10
2024-10-01 16:00:00,55.9,68.57816588129515,-12.67816588129515,16,10
2024-10-01 17:00:00,76.14,90.42624792330435,-14.286247923304344,17,10
2024-10-01 18:00:00,103.57,104.13096314278567,-0.5609631427856812,18,10
2024-10-01 19:00:00,143.44,119.41646758364556,24.023532416354442,19,10
2024-10-01 20:00:00,173.81,114.59684309735746,59.21315690264254,20,10
2024-10-01 21:00:00,165.98,105.17552619279934,60.80447380720065,21,10
2024-10-01 22:00:00,125.45,88.62156688435891,36.82843311564109,22,10
2024-10-01 23:00:00,110.6,80.19795694427,30.40204305572999,23,10
2024-10-02 00:00:00,98.02,62.248533099435974,35.77146690056402,0,10
2024-10-02 01:00:00,99.0,52.640483466655496,46.359516533344504,1,10
2024-10-02 02:00:00,98.02,49.7618885974984,48.2581114025016,2,10
2024-10-02 03:00:00,88.66,43.93128300698589,44.7287169930141,3,10
2024-10-02 04:00:00,86.43,39.24898077334649,47.18101922665352,4,10
2024-10-02 05:00:00,81.59,37.79759915628307,43.79240084371693,5,10
2024-10-02 06:00:00,101.6,42.97310024134873,58.62689975865126,6,10
2024-10-02 07:00:00,119.48,49.34792613516163,70.13207386483838,7,10
2024-10-02 08:00:00,124.24,53.68384782995918,70.55615217004082,8,10
2024-10-02 09:00:00,109.25,57.784138345512474,51.465861654487526,9,10
2024-10-02 10:00:00,90.22,55.95563539617467,34.26436460382533,10,10
2024-10-02 11:00:00,88.66,50.35564941693883,38.304350583061165,11,10
2024-10-02 12:00:00,87.26,48.791326648190875,38.46867335180913,12,10
2024-10-02 13:00:00,78.38,45.584851835425695,32.7951481645743,13,10
2024-10-02 14:00:00,65.0,47.109819310370085,17.890180689629915,14,10
2024-10-02 15:00:00,65.0,51.38938263014472,13.610617369855277,15,10
2024-10-02 16:00:00,71.5,65.91384643471855,5.58615356528145,16,10
2024-10-02 17:00:00,79.44,86.4565716560993,-7.016571656099302,17,10
2024-10-02 18:00:00,101.84,97.5379093127051,4.302090687294907,18,10
2024-10-02 19:00:00,116.86,113.91052936358153,2.949470636418468,19,10
2024-10-02 20:00:00,117.25,109.10945734232291,8.140542657677088,20,10
2024-10-02 21:00:00,100.0,99.89691119241763,0.10308880758236683,21,10
2024-10-02 22:00:00,93.55,84.48104297511071,9.068957024889286,22,10
2024-10-02 23:00:00,85.0,76.6942155390094,8.305784460990594,23,10
2024-10-03 00:00:00,59.36,57.72413322674794,1.6358667732520615,0,10
2024-10-03 01:00:00,40.0,49.32299697750045,-9.322996977500452,1,10
2024-10-03 02:00:00,40.0,48.38091812224792,-8.38091812224792,2,10
2024-10-03 03:00:00,17.8,41.90061631908151,-24.100616319081507,3,10
2024-10-03 04:00:00,8.0,37.57326348168192,-29.57326348168192,4,10
2024-10-03 05:00:00,32.57,36.45114924709458,-3.8811492470945765,5,10
2024-10-03 06:00:00,57.17,43.13219695692197,14.037803043078029,6,10
2024-10-03 07:00:00,77.63,48.77758183446474,28.852418165535255,7,10
2024-10-03 08:00:00,86.74,54.62255346506004,32.11744653493996,8,10
2024-10-03 09:00:00,74.61,59.45726801301214,15.15273198698786,9,10
2024-10-03 10:00:00,50.1,57.199865987528995,-7.099865987528993,10,10
2024-10-03 11:00:00,45.0,51.035191272020654,-6.035191272020654,11,10
2024-10-03 12:00:00,40.0,49.9833728517641,-9.983372851764102,12,10
2024-10-03 13:00:00,31.67,46.892440364951995,-15.222440364951993,13,10
2024-10-03 14:00:00,24.47,46.1917626832319,-21.7217626832319,14,10
2024-10-03 15:00:00,15.1,48.30228833133822,-33.20228833133822,15,10
2024-10-03 16:00:00,14.0,63.69254206693887,-49.69254206693887,16,10
2024-10-03 17:00:00,47.88,84.38810848749927,-36.508108487499264,17,10
2024-10-03 18:00:00,74.61,96.41755182609722,-21.807551826097225,18,10
2024-10-03 19:00:00,109.52,111.6941098228786,-2.1741098228786058,19,10
2024-10-03 20:00:00,125.0,108.79146682188957,16.20853317811043,20,10
2024-10-03 21:00:00,126.98,102.70249270536101,24.277507294638994,21,10
2024-10-03 22:00:00,99.99,88.49633178221,11.493668217789988,22,10
2024-10-03 23:00:00,91.88,80.74127926729864,11.138720732701358,23,10
2024-10-04 00:00:00,99.0,62.17653582874709,36.82346417125291,0,10
2024-10-04 01:00:00,100.2,52.61086929489818,47.58913070510182,1,10
2024-10-04 02:00:00,98.02,50.910623197677126,47.10937680232287,2,10
2024-10-04 03:00:00,94.8,46.51952826434433,48.28047173565567,3,10
2024-10-04 04:00:00,102.68,42.43642627607346,60.243573723926545,4,10
2024-10-04 05:00:00,99.54,41.14345888179486,58.39654111820515,5,10
2024-10-04 06:00:00,103.0,47.54714713508082,55.45285286491918,6,10
2024-10-04 07:00:00,127.79,53.786736378944624,74.00326362105538,7,10
2024-10-04 08:00:00,141.37,59.01326552193984,82.35673447806016,8,10
2024-10-04 09:00:00,116.57,60.548744548184345,56.02125545181565,9,10
2024-10-04 10:00:00,100.11,55.14686231520028,44.96313768479972,10,10
2024-10-04 11:00:00,76.39,47.69011805727615,28.69988194272385,11,10
2024-10-04 12:00:00,60.2,46.10572313756302,14.094276862436985,12,10
2024-10-04 13:00:00,59.3,42.724295893239116,16.57570410676088,13,10
2024-10-04 14:00:00,50.0,41.824333740945576,8.175666259054424,14,10
2024-10-04 15:00:00,49.1,45.16915143646116,3.930848563538838,15,10
2024-10-04 16:00:00,57.88,60.47170855638035,-2.591708556380347,16,10
2024-10-04 17:00:00,77.42,79.72700508320105,-2.307005083201048,17,10
2024-10-04 18:00:00,100.2,94.48939868509797,5.710601314902036,18,10
2024-10-04 19:00:00,137.24,112.16293750586232,25.077062494137692,19,10
2024-10-04 20:00:00,146.03,109.3561988642108,36.673801135789205,20,10
2024-10-04 21:00:00,146.41,101.55814805801378,44.85185194198621,21,10
2024-10-04 22:00:00,117.17,86.92122638253556,30.248773617464437,22,10
2024-10-04 23:00:00,115.0,79.93583792329713,35.06416207670287,23,10
2024-10-05 00:00:00,93.1,63.187534567175646,29.912465432824348,0,10
2024-10-05 01:00:00,85.98,54.024270748055756,31.95572925194425,1,10
2024-10-05 02:00:00,85.5,51.647206614398726,33.852793385601274,2,10
2024-10-05 03:00:00,85.5,46.392041547300664,39.107958452699336,3,10
2024-10-05 04:00:00,82.47,42.540361685013124,39.929638314986875,4,10
2024-10-05 05:00:00,79.82,41.24427593859957,38.57572406140042,5,10
2024-10-05 06:00:00,86.2,47.859565351925426,38.34043464807458,6,10
2024-10-05 07:00:00,100.4,54.050523561323246,46.34947643867676,7,10
2024-10-05 08:00:00,109.38,57.344326341057354,52.03567365894264,8,10
2024-10-05 09:00:00,89.02,57.39503134985773,31.624968650142264,9,10
2024-10-05 10:00:00,57.0,52.65820574756418,4.341794252435818,10,10
2024-10-05 11:00:00,39.99,44.540309462263906,-4.550309462263904,11,10
2024-10-05 12:00:00,2.0,41.40508213195517,-39.40508213195517,12,10
2024-10-05 13:00:00,0.01,38.48756128537161,-38.477561285371614,13,10
2024-10-05 14:00:00,0.0,39.03804723918677,-39.03804723918677,14,10
2024-10-05 15:00:00,0.0,43.151981950194056,-43.151981950194056,15,10
2024-10-05 16:00:00,0.0,59.31579454822747,-59.31579454822747,16,10
2024-10-05 17:00:00,0.44,80.81183679199154,-80.37183679199154,17,10
2024-10-05 18:00:00,45.0,94.65683254077578,-49.65683254077578,18,10
2024-10-05 19:00:00,85.23,112.5973507751429,-27.367350775142896,19,10
2024-10-05 20:00:00,95.18,109.90421693762784,-14.72421693762783,20,10
2024-10-05 21:00:00,82.47,103.5381426818189,-21.068142681818898,21,10
2024-10-05 22:00:00,77.8,87.89912515378938,-10.099125153789387,22,10
2024-10-05 23:00:00,67.0,80.89305514187777,-13.893055141877767,23,10
2024-10-06 00:00:00,47.4,62.547825837962876,-15.147825837962877,0,10
2024-10-06 01:00:00,30.83,52.02737401250755,-21.197374012507552,1,10
2024-10-06 02:00:00,25.0,49.88489261959353,-24.88489261959353,2,10
2024-10-06 03:00:00,10.39,45.144025365235166,-34.754025365235165,3,10
2024-10-06 04:00:00,5.0,41.07637643459293,-36.07637643459293,4,10
2024-10-06 05:00:00,4.69,39.6258843543622,-34.9358843543622,5,10
2024-10-06 06:00:00,10.39,44.585309703096186,-34.195309703096186,6,10
2024-10-06 07:00:00,10.39,48.6862658464658,-38.2962658464658,7,10
2024-10-06 08:00:00,10.39,50.54996684400169,-40.15996684400169,8,10
2024-10-06 09:00:00,10.39,51.74761179577638,-41.35761179577638,9,10
2024-10-06 10:00:00,3.32,46.74604984816091,-43.42604984816091,10,10
2024-10-06 11:00:00,0.01,38.97468715082027,-38.964687150820275,11,10
2024-10-06 12:00:00,0.0,39.592924031125335,-39.592924031125335,12,10
2024-10-06 13:00:00,-0.01,36.89978633092716,-36.909786330927155,13,10
2024-10-06 14:00:00,-0.01,38.83647789087263,-38.84647789087263,14,10
2024-10-06 15:00:00,-0.01,41.37570810541905,-41.38570810541905,15,10
2024-10-06 16:00:00,0.0,56.08222505905542,-56.08222505905542,16,10
2024-10-06 17:00:00,0.44,76.18306635078972,-75.74306635078972,17,10
2024-10-06 18:00:00,17.76,89.28022123371682,-71.52022123371681,18,10
2024-10-06 19:00:00,59.03,106.41170029951707,-47.381700299517064,19,10
2024-10-06 20:00:00,78.05,103.31106856923208,-25.26106856923208,20,10
2024-10-06 21:00:00,85.23,96.69456453780981,-11.464564537809807,21,10
2024-10-06 22:00:00,63.5,81.47227149168754,-17.972271491687536,22,10
2024-10-06 23:00:00,54.9,74.15294842582131,-19.25294842582131,23,10
2024-10-07 00:00:00,65.08,55.737681308458036,9.342318691541962,0,10
2024-10-07 01:00:00,46.34,46.61250881557936,-0.27250881557935713,1,10
2024-10-07 02:00:00,40.0,44.095604768020564,-4.095604768020564,2,10
2024-10-07 03:00:00,30.1,38.78057629546066,-8.68057629546066,3,10
2024-10-07 04:00:00,29.97,35.03917350659253,-5.069173506592534,4,10
2024-10-07 05:00:00,30.1,33.59436331698299,-3.494363316982991,5,10
2024-10-07 06:00:00,52.02,38.37473169018557,13.645268309814433,6,10
2024-10-07 07:00:00,84.5,42.79041357167608,41.70958642832392,7,10
2024-10-07 08:00:00,108.32,46.16068959484903,62.15931040515096,8,10
2024-10-07 09:00:00,91.75,49.987736674190046,41.762263325809954,9,10
2024-10-07 10:00:00,65.98,49.27487441686549,16.705125583134517,10,10
2024-10-07 11:00:00,56.01,43.28916364794554,12.720836352054455,11,10
2024-10-07 12:00:00,44.71,41.49579236748144,3.2142076325185585,12,10
2024-10-07 13:00:00,30.1,38.49583919129225,-8.395839191292247,13,10
2024-10-07 14:00:00,27.08,39.22377237124715,-12.143772371247152,14,10
2024-10-07 15:00:00,26.83,42.470171791574614,-15.640171791574616,15,10
2024-10-07 16:00:00,30.25,57.36440745532411,-27.114407455324113,16,10
2024-10-07 17:00:00,50.24,77.85573186242436,-27.61573186242436,17,10
2024-10-07 18:00:00,68.0,90.22497020151638,-22.224970201516385,18,10
2024-10-07 19:00:00,73.61,106.50312188228497,-32.89312188228497,19,10
2024-10-07 20:00:00,85.01,103.06110381358894,-18.051103813588938,20,10
2024-10-07 21:00:00,67.73,96.20509278626332,-28.475092786263318,21,10
2024-10-07 22:00:00,65.8,81.85570321637977,-16.05570321637977,22,10
2024-10-07 23:00:00,61.39,74.56660684383206,-13.176606843832062,23,10
2024-10-08 00:00:00,33.1,57.49548875459709,-24.39548875459709,0,10
2024-10-08 01:00:00,24.35,48.167344011700266,-23.817344011700264,1,10
2024-10-08 02:00:00,19.57,46.370137721592016,-26.800137721592016,2,10
2024-10-08 03:00:00,7.0,41.37966458005536,-34.37966458005536,3,10
2024-10-08 04:00:00,4.9,36.77858587959827,-31.87858587959827,4,10
2024-10-08 05:00:00,21.54,36.36776584974058,-14.82776584974058,5,10
2024-10-08 06:00:00,39.58,43.418451776436484,-3.838451776436486,6,10
2024-10-08 07:00:00,52.98,48.14408079789928,4.835919202100719,7,10
2024-10-08 08:00:00,77.71,52.39426891012016,25.315731089879833,8,10
2024-10-08 09:00:00,48.38,58.20268278053072,-9.82268278053072,9,10
2024-10-08 10:00:00,30.1,58.303798095768286,-28.203798095768285,10,10
2024-10-08 11:00:00,3.32,51.37853005492451,-48.05853005492451,11,10
2024-10-08 12:00:00,3.32,48.836074002127134,-45.516074002127134,12,10
2024-10-08 13:00:00,0.97,42.33392399015696,-41.36392399015696,13,10
2024-10-08 14:00:00,0.01,40.46902123773805,-40.45902123773805,14,10
2024-10-08 15:00:00,0.0,41.57403726232104,-41.57403726232104,15,10
2024-10-08 16:00:00,0.51,56.35770232780061,-55.84770232780061,16,10
2024-10-08 17:00:00,5.0,76.62203088226352,-71.62203088226352,17,10
2024-10-08 18:00:00,48.38,87.9712267379424,-39.5912267379424,18,10
2024-10-08 19:00:00,79.9,102.15905305073744,-22.259053050737435,19,10
2024-10-08 20:00:00,90.0,98.5609201600497,-8.560920160049704,20,10
2024-10-08 21:00:00,83.19,92.2453253032212,-9.055325303221196,21,10
2024-10-08 22:00:00,46.08,77.72216385042742,-31.642163850427423,22,10
2024-10-08 23:00:00,33.1,70.11335139733467,-37.01335139733467,23,10
2024-10-09 00:00:00,19.86,52.076209462185204,-32.216209462185205,0,10
2024-10-09 01:00:00,3.6,43.70279186739998,-40.10279186739998,1,10
2024-10-09 02:00:00,2.0,42.23359649921201,-40.23359649921201,2,10
2024-10-09 03:00:00,0.98,37.23023491703543,-36.250234917035435,3,10
2024-10-09 04:00:00,0.98,33.62462290804484,-32.644622908044845,4,10
2024-10-09 05:00:00,2.0,33.868508237326694,-31.868508237326694,5,10
2024-10-09 06:00:00,16.98,40.608279347180314,-23.628279347180314,6,10
2024-10-09 07:00:00,40.0,46.19772484750911,-6.197724847509107,7,10
2024-10-09 08:00:00,52.8,51.06782594749512,1.7321740525048739,8,10
2024-10-09 09:00:00,47.59,54.10696807521094,-6.51696807521094,9,10
2024-10-09 10:00:00,35.06,52.289023032457635,-17.229023032457633,10,10
2024-10-09 11:00:00,30.3,45.835360601075024,-15.535360601075023,11,10
2024-10-09 12:00:00,26.5,44.06558256917913,-17.565582569179128,12,10
2024-10-09 13:00:00,20.33,40.8968394961193,-20.5668394961193,13,10
2024-10-09 14:00:00,6.0,39.688089594176404,-33.688089594176404,14,10
2024-10-09 15:00:00,3.32,42.53488117605906,-39.21488117605906,15,10
2024-10-09 16:00:00,3.32,57.38089569459561,-54.06089569459561,16,10
2024-10-09 17:00:00,8.75,77.03707515125569,-68.28707515125569,17,10
2024-10-09 18:00:00,30.3,87.52387642336231,-57.22387642336231,18,10
2024-10-09 19:00:00,40.0,102.71151270168991,-62.71151270168991,19,10
2024-10-09 20:00:00,60.8,99.00614587207838,-38.20614587207838,20,10
2024-10-09 21:00:00,49.08,92.07107213520015,-42.991072135200156,21,10
2024-10-09 22:00:00,46.69,77.3547810912915,-30.664781091291502,22,10
2024-10-09 23:00:00,41.13,70.40421224650868,-29.274212246508675,23,10
2024-10-10 00:00:00,40.08,53.08808348430057,-13.00808348430057,0,10
2024-10-10 01:00:00,40.0,44.71573093007851,-4.715730930078507,1,10
2024-10-10 02:00:00,40.0,43.041065129381366,-3.0410651293813658,2,10
2024-10-10 03:00:00,40.0,37.65086642527638,2.3491335747236235,3,10
2024-10-10 04:00:00,44.0,33.96094877637836,10.039051223621641,4,10
2024-10-10 05:00:00,55.01,32.97536418447385,22.03463581552615,5,10
2024-10-10 06:00:00,69.0,39.171279144313644,29.828720855686356,6,10
2024-10-10 07:00:00,91.48,43.71937904096376,47.760620959036245,7,10
2024-10-10 08:00:00,108.8,46.57760317622581,62.22239682377419,8,10
2024-10-10 09:00:00,92.0,50.38999584521514,41.61000415478486,9,10
2024-10-10 10:00:00,69.0,49.171227731865486,19.828772268134514,10,10
2024-10-10 11:00:00,40.29,44.016215156566716,-3.7262151565667168,11,10
2024-10-10 12:00:00,39.83,43.55959326444378,-3.7295932644437784,12,10
2024-10-10 13:00:00,40.08,39.916966039045064,0.16303396095493383,13,10
2024-10-10 14:00:00,39.83,40.165891945286035,-0.3358919452860363,14,10
2024-10-10 15:00:00,40.5,42.56335957220654,-2.0633595722065365,15,10
2024-10-10 16:00:00,55.26,57.59193931739486,-2.3319393173948626,16,10
2024-10-10 17:00:00,71.78,78.52566559107089,-6.745665591070889,17,10
2024-10-10 18:00:00,100.0,89.90075669151958,10.099243308480425,18,10
2024-10-10 19:00:00,129.22,105.7094883136333,23.510511686366698,19,10
2024-10-10 20:00:00,180.0,103.43069851625984,76.56930148374016,20,10
2024-10-10 21:00:00,173.4,96.94121403075945,76.45878596924055,21,10
2024-10-10 22:00:00,120.0,82.3806201059354,37.61937989406459,22,10
2024-10-10 23:00:00,108.8,75.01755225069547,33.782447749304524,23,10
2024-10-11 00:00:00,111.03,57.767944849917285,53.262055150082716,0,10
2024-10-11 01:00:00,99.0,48.56694585243963,50.43305414756037,1,10
2024-10-11 02:00:00,92.0,46.707153436937176,45.292846563062824,2,10
2024-10-11 03:00:00,88.71,41.60304040341106,47.106959596588936,3,10
2024-10-11 04:00:00,84.72,37.35854533847635,47.36145466152365,4,10
2024-10-11 05:00:00,81.37,36.991209282476916,44.37879071752309,5,10
2024-10-11 06:00:00,99.95,43.33441784662591,56.61558215337409,6,10
2024-10-11 07:00:00,140.41,50.13800102777742,90.27199897222258,7,10
2024-10-11 08:00:00,155.49,54.38652051927795,101.10347948072206,8,10
2024-10-11 09:00:00,110.01,55.89652565434949,54.113474345650516,9,10
2024-10-11 10:00:00,90.0,51.2705454315477,38.7294545684523,10,10
2024-10-11 11:00:00,79.9,41.77574088259138,38.12425911740863,11,10
2024-10-11 12:00:00,70.1,38.99141222694391,31.108587773056087,12,10
2024-10-11 13:00:00,58.11,35.096703088314825,23.013296911685174,13,10
2024-10-11 14:00:00,61.95,34.87300307114975,27.07699692885025,14,10
2024-10-11 15:00:00,66.95,38.49196605815922,28.45803394184078,15,10
2024-10-11 16:00:00,70.0,54.76994519550118,15.23005480449882,16,10
2024-10-11 17:00:00,71.35,74.71706026776758,-3.3670602677675845,17,10
2024-10-11 18:00:00,82.44,89.2223907920337,-6.782390792033709,18,10
2024-10-11 19:00:00,100.8,108.00095316063448,-7.200953160634484,19,10
2024-10-11 20:00:00,109.01,104.95705225498466,4.052947745015345,20,10
2024-10-11 21:00:00,90.69,99.15307769629976,-8.463077696299763,21,10
2024-10-11 22:00:00,81.37,86.16324962798029,-4.793249627980288,22,10
2024-10-11 23:00:00,80.57,78.45741899726403,2.112581002735965,23,10
2024-10-12 00:00:00,67.29,61.32876372007115,5.961236279928855,0,10
2024-10-12 01:00:00,57.57,52.27004727209675,5.2999527279032534,1,10
2024-10-12 02:00:00,47.96,52.02012971826633,-4.060129718266332,2,10
2024-10-12 03:00:00,38.91,47.0467757572701,-8.136775757270101,3,10
2024-10-12 04:00:00,38.91,42.262377661570724,-3.3523776615707277,4,10
2024-10-12 05:00:00,42.63,41.11735189253824,1.5126481074617644,5,10
2024-10-12 06:00:00,60.21,46.300855192121105,13.909144807878896,6,10
2024-10-12 07:00:00,61.0,50.352665620903736,10.647334379096264,7,10
2024-10-12 08:00:00,62.97,53.31172275549318,9.65827724450682,8,10
2024-10-12 09:00:00,67.08,56.571312892739115,10.508687107260883,9,10
2024-10-12 10:00:00,69.31,55.16590650175158,14.144093498248424,10,10
2024-10-12 11:00:00,72.5,47.1362075604041,25.363792439595898,11,10
2024-10-12 12:00:00,70.0,43.76211071153682,26.23788928846318,12,10
2024-10-12 13:00:00,69.31,38.8067438344836,30.503256165516405,13,10
2024-10-12 14:00:00,66.83,38.11764321249399,28.71235678750601,14,10
2024-10-12 15:00:00,53.0,41.53470762348934,11.46529237651066,15,10
2024-10-12 16:00:00,53.0,56.757932019860505,-3.7579320198605046,16,10
2024-10-12 17:00:00,67.08,75.51943277259699,-8.439432772596987,17,10
2024-10-12 18:00:00,84.65,87.61494322269533,-2.964943222695325,18,10
2024-10-12 19:00:00,92.08,103.27508286580758,-11.195082865807578,19,10
2024-10-12 20:00:00,119.93,99.69729506369009,20.232704936309915,20,10
2024-10-12 21:00:00,117.1,92.88877114521546,24.211228854784537,21,10
2024-10-12 22:00:00,105.62,78.517641061272,27.102358938728003,22,10
2024-10-12 23:00:00,91.61,73.00666769745493,18.60333230254507,23,10
2024-10-13 00:00:00,69.78,55.272348638858375,14.507651361141626,0,10
2024-10-13 01:00:00,62.91,45.62096329783964,17.28903670216036,1,10
2024-10-13 02:00:00,57.0,43.84703870441547,13.152961295584532,2,10
2024-10-13 03:00:00,58.69,38.80126300138704,19.888736998612956,3,10
2024-10-13 04:00:00,55.0,34.69492141260008,20.30507858739992,4,10
2024-10-13 05:00:00,60.87,33.66500734830464,27.204992651695356,5,10
2024-10-13 06:00:00,55.1,39.28530633843087,15.81469366156913,6,10
2024-10-13 07:00:00,64.97,44.10847775595505,20.86152224404495,7,10
2024-10-13 08:00:00,60.0,47.780909427870256,12.219090572129744,8,10
2024-10-13 09:00:00,46.5,52.61319304559834,-6.1131930455983365,9,10
2024-10-13 10:00:00,35.06,53.538102294088105,-18.478102294088103,10,10
2024-10-13 11:00:00,6.99,46.97308621600109,-39.98308621600109,11,10
2024-10-13 12:00:00,4.49,44.509738806643895,-40.01973880664389,12,10
2024-10-13 13:00:00,0.08,39.17111247606891,-39.091112476068915,13,10
2024-10-13 14:00:00,0.0,37.39993453377065,-37.39993453377065,14,10
2024-10-13 15:00:00,0.0,38.5951609130085,-38.5951609130085,15,10
2024-10-13 16:00:00,6.8,52.19575301450874,-45.39575301450874,16,10
2024-10-13 17:00:00,31.28,72.39368066273516,-41.11368066273516,17,10
2024-10-13 18:00:00,62.82,84.95769956338933,-22.137699563389326,18,10
2024-10-13 19:00:00,93.08,102.34111253701957,-9.26111253701957,19,10
2024-10-13 20:00:00,116.97,99.39020925689579,17.579790743104212,20,10
2024-10-13 21:00:00,121.28,93.95193652050978,27.328063479490226,21,10
2024-10-13 22:00:00,102.78,81.14152415247378,21.638475847526223,22,10
2024-10-13 23:00:00,93.56,75.10023058279842,18.459769417201585,23,10
2024-10-14 00:00:00,93.98,57.1774958911933,36.8025041088067,0,10
2024-10-14 01:00:00,85.23,47.98546677516708,37.24453322483292,1,10
2024-10-14 02:00:00,85.75,46.96736295909409,38.78263704090591,2,10
2024-10-14 03:00:00,83.83,42.48590631762232,41.344093682377675,3,10
2024-10-14 04:00:00,85.23,38.623499093275484,46.60650090672452,4,10
2024-10-14 05:00:00,93.74,37.87890211251187,55.86109788748813,5,10
2024-10-14 06:00:00,102.0,43.40136448543956,58.59863551456044,6,10
2024-10-14 07:00:00,122.86,48.01860345845921,74.84139654154079,7,10
2024-10-14 08:00:00,155.0,51.31200654198625,103.68799345801375,8,10
2024-10-14 09:00:00,122.86,54.370067885747915,68.48993211425208,9,10
2024-10-14 10:00:00,111.54,51.97250127109868,59.56749872890133,10,10
2024-10-14 11:00:00,92.5,44.88356090061569,47.61643909938431,11,10
2024-10-14 12:00:00,85.7,42.88491861367879,42.81508138632121,12,10
2024-10-14 13:00:00,78.42,39.684535609509624,38.73546439049038,13,10
2024-10-14 14:00:00,74.16,39.24404081069201,34.91595918930798,14,10
2024-10-14 15:00:00,73.07,42.71365853570575,30.356341464294246,15,10
2024-10-14 16:00:00,71.2,57.21926981302647,13.980730186973531,16,10
2024-10-14 17:00:00,97.46,78.1650263093577,19.294973690642294,17,10
2024-10-14 18:00:00,121.04,90.72347410235977,30.316525897640233,18,10
2024-10-14 19:00:00,161.89,107.96578041841178,53.924219581588204,19,10
2024-10-14 20:00:00,178.61,105.3828103864987,73.22718961350131,20,10
2024-10-14 21:00:00,128.9,99.73343401608315,29.166565983916854,21,10
2024-10-14 22:00:00,100.24,86.28143142186866,13.958568578131334,22,10
2024-10-14 23:00:00,94.8,79.71891864001282,15.08108135998718,23,10
2024-10-15 00:00:00,82.19,62.325276029394956,19.86472397060504,0,10
2024-10-15 01:00:00,79.99,53.22567420654104,26.76432579345895,1,10
2024-10-15 02:00:00,80.0,51.92537576767603,28.07462423232397,2,10
2024-10-15 03:00:00,77.05,47.04807710617007,30.001922893829928,3,10
2024-10-15 04:00:00,69.78,43.27526920209402,26.504730797905978,4,10
2024-10-15 05:00:00,72.0,42.70989379922753,29.29010620077247,5,10
2024-10-15 06:00:00,72.0,49.0493429472607,22.950657052739302,6,10
2024-10-15 07:00:00,91.36,55.13316964457306,36.22683035542694,7,10
2024-10-15 08:00:00,122.28,58.140240976604844,64.13975902339516,8,10
2024-10-15 09:00:00,110.47,62.50555229995996,47.96444770004004,9,10
2024-10-15 10:00:00,92.74,61.48754416707442,31.252455832925577,10,10
2024-10-15 11:00:00,83.05,56.08271748748797,26.96728251251203,11,10
2024-10-15 12:00:00,80.0,54.381970947095795,25.618029052904205,12,10
2024-10-15 13:00:00,79.92,49.15779321661768,30.762206783382325,13,10
2024-10-15 14:00:00,70.16,47.91626367042784,22.243736329572158,14,10
2024-10-15 15:00:00,71.9,50.32634126169722,21.573658738302782,15,10
2024-10-15 16:00:00,82.19,63.712933566885624,18.477066433114373,16,10
2024-10-15 17:00:00,81.0,82.99380909182855,-1.9938090918285525,17,10
2024-10-15 18:00:00,90.08,94.71655202166392,-4.636552021663917,18,10
2024-10-15 19:00:00,105.01,109.49626850428024,-4.486268504280233,19,10
2024-10-15 20:00:00,125.89,105.31663907587586,20.573360924124145,20,10
2024-10-15 21:00:00,105.01,98.85159310469788,6.158406895302122,21,10
2024-10-15 22:00:00,90.08,84.22030598015311,5.859694019846884,22,10
2024-10-15 23:00:00,79.26,77.26623155078101,1.9937684492189902,23,10
2024-10-16 00:00:00,54.5,58.624763960600774,-4.124763960600774,0,10
2024-10-16 01:00:00,47.51,48.85299081161622,-1.3429908116162252,1,10
2024-10-16 02:00:00,45.0,47.65116916084503,-2.651169160845029,2,10
2024-10-16 03:00:00,40.32,42.324607722616804,-2.0046077226168038,3,10
2024-10-16 04:00:00,40.0,37.98185775818308,2.0181422418169177,4,10
2024-10-16 05:00:00,40.0,37.22037196303762,2.7796280369623787,5,10
2024-10-16 06:00:00,52.84,43.86741029071948,8.972589709280527,6,10
2024-10-16 07:00:00,49.9,50.00167097555391,-0.10167097555390825,7,10
2024-10-16 08:00:00,59.55,53.369146114927275,6.180853885072722,8,10
2024-10-16 09:00:00,54.29,57.6542677115354,-3.3642677115353976,9,10
2024-10-16 10:00:00,30.0,56.208508292294425,-26.208508292294425,10,10
2024-10-16 11:00:00,14.16,49.80712286646957,-35.64712286646957,11,10
2024-10-16 12:00:00,4.09,46.853291147030404,-42.7632911470304,12,10
2024-10-16 13:00:00,3.32,41.773039895325496,-38.453039895325496,13,10
2024-10-16 14:00:00,4.0,40.30307531420692,-36.30307531420692,14,10
2024-10-16 15:00:00,14.18,42.05024546592023,-27.870245465920227,15,10
2024-10-16 16:00:00,30.84,56.03702989395356,-25.19702989395356,16,10
2024-10-16 17:00:00,51.81,74.82995367738846,-23.019953677388457,17,10
2024-10-16 18:00:00,75.74,86.57296748060003,-10.832967480600033,18,10
2024-10-16 19:00:00,83.91,101.00767232974061,-17.097672329740618,19,10
2024-10-16 20:00:00,112.08,97.63872360899899,14.441276391001011,20,10
2024-10-16 21:00:00,105.01,91.10128373499401,13.908716265005992,21,10
2024-10-16 22:00:00,83.3,77.10523376648848,6.1947662335115155,22,10
2024-10-16 23:00:00,75.74,70.644591353365,5.0954086466349935,23,10
2024-10-17 00:00:00,84.8,53.187521923704765,31.612478076295233,0,10
2024-10-17 01:00:00,76.5,44.50966015622396,31.99033984377604,1,10
2024-10-17 02:00:00,70.12,43.62969484953442,26.490305150465588,2,10
2024-10-17 03:00:00,70.0,38.77689406577201,31.223105934227988,3,10
2024-10-17 04:00:00,60.0,35.24392447985633,24.756075520143668,4,10
2024-10-17 05:00:00,54.08,35.68342711676655,18.396572883233446,5,10
2024-10-17 06:00:00,63.38,44.05281686872934,19.327183131270665,6,10
2024-10-17 07:00:00,84.34,50.20939825441474,34.13060174558527,7,10
2024-10-17 08:00:00,83.93,54.26254690552287,29.66745309447714,8,10
2024-10-17 09:00:00,82.27,58.57826370583405,23.69173629416595,9,10
2024-10-17 10:00:00,55.0,59.153854498273006,-4.153854498273006,10,10
2024-10-17 11:00:00,7.0,53.48285389805386,-46.48285389805386,11,10
2024-10-17 12:00:00,3.32,51.615136628487164,-48.295136628487164,12,10
2024-10-17 13:00:00,3.32,45.083684182764955,-41.763684182764955,13,10
2024-10-17 14:00:00,1.51,44.303669263757286,-42.79366926375729,14,10
2024-10-17 15:00:00,0.44,45.21590997006217,-44.77590997006217,15,10
2024-10-17 16:00:00,0.44,58.394638242585756,-57.95463824258576,16,10
2024-10-17 17:00:00,3.32,77.22272074855988,-73.90272074855989,17,10
2024-10-17 18:00:00,49.97,90.28554027977452,-40.315540279774524,18,10
2024-10-17 19:00:00,82.27,107.35828330186797,-25.088283301867975,19,10
2024-10-17 20:00:00,82.27,103.90657963624659,-21.636579636246594,20,10
2024-10-17 21:00:00,72.59,96.9647934872969,-24.3747934872969,21,10
2024-10-17 22:00:00,71.08,81.61847884350766,-10.538478843507662,22,10
2024-10-17 23:00:00,68.06,74.22000148896308,-6.160001488963076,23,10
2024-10-18 00:00:00,50.1,56.84046096276177,-6.740460962761766,0,10
2024-10-18 01:00:00,45.62,48.16563309864574,-2.5456330986457445,1,10
2024-10-18 02:00:00,38.06,46.1188637414823,-8.058863741482298,2,10
2024-10-18 03:00:00,30.3,41.31519985435955,-11.015199854359548,3,10
2024-10-18 04:00:00,30.3,37.14954419621233,-6.849544196212332,4,10
2024-10-18 05:00:00,49.03,36.829199365748934,12.200800634251067,5,10
2024-10-18 06:00:00,57.84,44.366522450394996,13.473477549605008,6,10
2024-10-18 07:00:00,75.0,50.170135570847435,24.829864429152565,7,10
2024-10-18 08:00:00,99.5,53.64931117914648,45.85068882085352,8,10
2024-10-18 09:00:00,75.0,56.6461816659824,18.353818334017603,9,10
2024-10-18 10:00:00,54.5,53.66870772671268,0.8312922732873176,10,10
2024-10-18 11:00:00,29.88,46.366943665571625,-16.486943665571626,11,10
2024-10-18 12:00:00,5.0,44.59954903877741,-39.59954903877741,12,10
2024-10-18 13:00:00,3.81,40.84371391854563,-37.03371391854563,13,10
2024-10-18 14:00:00,3.6,40.63357479902777,-37.03357479902777,14,10
2024-10-18 15:00:00,3.32,43.43843815722397,-40.11843815722397,15,10
2024-10-18 16:00:00,6.0,58.63191707083644,-52.63191707083644,16,10
2024-10-18 17:00:00,49.97,79.52561852801341,-29.55561852801341,17,10
2024-10-18 18:00:00,81.89,92.40312745275736,-10.51312745275736,18,10
2024-10-18 19:00:00,109.56,110.10947838546133,-0.5494783854613274,19,10
2024-10-18 20:00:00,103.25,105.92382847958112,-2.6738284795811182,20,10
2024-10-18 21:00:00,93.89,99.4209055638974,-5.530905563897406,21,10
2024-10-18 22:00:00,81.2,84.5408838592237,-3.3408838592236947,22,10
2024-10-18 23:00:00,71.08,77.19074641184642,-6.110746411846421,23,10
2024-10-19 00:00:00,65.0,59.388495694791004,5.611504305208996,0,10
2024-10-19 01:00:00,62.14,50.110942284025896,12.029057715974105,1,10
2024-10-19 02:00:00,51.21,48.86985372373891,2.3401462762610876,2,10
2024-10-19 03:00:00,40.0,44.044003976680926,-4.044003976680926,3,10
2024-10-19 04:00:00,40.0,40.49982828293963,-0.49982828293963166,4,10
2024-10-19 05:00:00,41.25,39.5267857902968,1.723214209703201,5,10
2024-10-19 06:00:00,54.78,46.12178550616443,8.658214493835573,6,10
2024-10-19 07:00:00,62.4,51.95074319473423,10.449256805265769,7,10
2024-10-19 08:00:00,70.0,56.030226634272935,13.969773365727065,8,10
2024-10-19 09:00:00,64.53,58.127365463000785,6.402634536999216,9,10
2024-10-19 10:00:00,46.42,53.54051047443426,-7.120510474434255,10,10
2024-10-19 11:00:00,35.0,45.17487806522803,-10.174878065228029,11,10
2024-10-19 12:00:00,30.24,43.16237841916865,-12.922378419168648,12,10
2024-10-19 13:00:00,17.67,39.010685732677416,-21.340685732677414,13,10
2024-10-19 14:00:00,13.17,38.09914376709628,-24.929143767096278,14,10
2024-10-19 15:00:00,5.79,41.64990051438821,-35.85990051438821,15,10
2024-10-19 16:00:00,5.05,56.67214409690939,-51.622144096909395,16,10
2024-10-19 17:00:00,22.32,76.5528376757689,-54.2328376757689,17,10
2024-10-19 18:00:00,44.13,90.69357099806109,-46.56357099806109,18,10
2024-10-19 19:00:00,70.0,106.35995606049505,-36.35995606049505,19,10
2024-10-19 20:00:00,82.88,102.57706339741696,-19.69706339741697,20,10
2024-10-19 21:00:00,91.5,96.30851425592505,-4.808514255925047,21,10
2024-10-19 22:00:00,80.18,82.47179768495647,-2.291797684956464,22,10
2024-10-19 23:00:00,73.33,74.9572463745697,-1.627246374569708,23,10
2024-10-20 00:00:00,56.0,57.986183941972,-1.9861839419720013,0,10
2024-10-20 01:00:00,40.0,48.70603701190703,-8.706037011907028,1,10
2024-10-20 02:00:00,30.1,46.41251710585493,-16.31251710585493,2,10
2024-10-20 03:00:00,31.25,41.848853095916866,-10.598853095916866,3,10
2024-10-20 04:00:00,35.01,37.78326636226268,-2.7732663622626816,4,10
2024-10-20 05:00:00,43.1,37.01416305413784,6.085836945862162,5,10
2024-10-20 06:00:00,54.85,42.821606592583635,12.028393407416367,6,10
2024-10-20 07:00:00,54.85,47.0917525305108,7.7582474694891985,7,10
2024-10-20 08:00:00,55.27,50.247986805203425,5.022013194796578,8,10
2024-10-20 09:00:00,45.0,53.746400687082144,-8.746400687082144,9,10
2024-10-20 10:00:00,6.37,50.815861843711616,-44.44586184371162,10,10
2024-10-20 11:00:00,0.08,42.215697504973775,-42.13569750497378,11,10
2024-10-20 12:00:00,0.0,40.844516823211734,-40.844516823211734,12,10
2024-10-20 13:00:00,-0.01,36.55784403040053,-36.56784403040053,13,10
2024-10-20 14:00:00,-0.01,36.55858655284567,-36.568586552845666,14,10
2024-10-20 15:00:00,0.0,39.02129850477678,-39.02129850477678,15,10
2024-10-20 16:00:00,0.03,52.90780356756096,-52.87780356756096,16,10
2024-10-20 17:00:00,8.64,73.93406854315646,-65.29406854315646,17,10
2024-10-20 18:00:00,64.82,87.6243708133353,-22.80437081333531,18,10
2024-10-20 19:00:00,99.87,104.60290186356582,-4.732901863565814,19,10
2024-10-20 20:00:00,125.01,102.44389036699425,22.566109633005752,20,10
2024-10-20 21:00:00,125.89,96.67346792384348,29.216532076156525,21,10
2024-10-20 22:00:00,100.23,82.98138780184638,17.248612198153623,22,10
2024-10-20 23:00:00,95.56,75.87440906894199,19.685590931058016,23,10
2024-10-21 00:00:00,92.0,57.9983439598505,34.0016560401495,0,10
2024-10-21 01:00:00,85.23,48.78622662408685,36.44377337591315,1,10
2024-10-21 02:00:00,70.0,47.01011953600238,22.989880463997622,2,10
2024-10-21 03:00:00,64.0,42.05996518618025,21.94003481381975,3,10
2024-10-21 04:00:00,64.0,38.0974034399747,25.9025965600253,4,10
2024-10-21 05:00:00,70.0,36.93952807655984,33.06047192344016,5,10
2024-10-21 06:00:00,90.71,42.85141575391617,47.85858424608382,6,10
2024-10-21 07:00:00,105.01,46.40407249310505,58.60592750689496,7,10
2024-10-21 08:00:00,125.89,49.61181581007031,76.27818418992969,8,10
2024-10-21 09:00:00,103.9,51.873666264886424,52.02633373511358,9,10
2024-10-21 10:00:00,88.77,50.675065825516754,38.09493417448324,10,10
2024-10-21 11:00:00,81.5,43.683750792842716,37.816249207157284,11,10
2024-10-21 12:00:00,73.29,43.729937952429566,29.56006204757044,12,10
2024-10-21 13:00:00,69.0,39.43938836067707,29.56061163932293,13,10
2024-10-21 14:00:00,67.04,41.028266074256294,26.011733925743712,14,10
2024-10-21 15:00:00,67.88,45.06772586308364,22.812274136916358,15,10
2024-10-21 16:00:00,70.47,60.497031903531706,9.972968096468293,16,10
2024-10-21 17:00:00,90.22,81.34836484036896,8.87163515963104,17,10
2024-10-21 18:00:00,103.41,94.91788057043726,8.492119429562734,18,10
2024-10-21 19:00:00,158.4,111.85217323564956,46.54782676435045,19,10
2024-10-21 20:00:00,181.0,108.69334714373684,72.30665285626316,20,10
2024-10-21 21:00:00,126.39,101.52585071759631,24.864149282403687,21,10
2024-10-21 22:00:00,103.37,88.65869759322305,14.711302406776952,22,10
2024-10-21 23:00:00,95.56,82.18568194486068,13.374318055139327,23,10
2024-10-22 00:00:00,80.85,63.74906111412565,17.100938885874342,0,10
2024-10-22 01:00:00,70.0,53.797278158585584,16.202721841414416,1,10
2024-10-22 02:00:00,63.79,52.2091332740693,11.580866725930697,2,10
2024-10-22 03:00:00,69.4,47.33711028557059,22.062889714429417,3,10
2024-10-22 04:00:00,60.0,43.54629752486392,16.453702475136083,4,10
2024-10-22 05:00:00,70.0,43.71438915275792,26.285610847242083,5,10
2024-10-22 06:00:00,75.97,50.489777849151494,25.480222150848505,6,10
2024-10-22 07:00:00,102.17,57.201863573438175,44.96813642656183,7,10
2024-10-22 08:00:00,123.02,61.996861199676175,61.02313880032382,8,10
2024-10-22 09:00:00,105.5,65.52156341816965,39.97843658183035,9,10
2024-10-22 10:00:00,93.02,61.69412164227248,31.325878357727518,10,10
2024-10-22 11:00:00,55.4,55.166950264043805,0.23304973595619316,11,10
2024-10-22 12:00:00,53.54,53.07181040013421,0.4681895998657879,12,10
2024-10-22 13:00:00,50.24,50.56278019334968,-0.3227801933496792,13,10
2024-10-22 14:00:00,53.54,51.239308580323495,2.300691419676504,14,10
2024-10-22 15:00:00,53.54,54.40677555629145,-0.8667755562914508,15,10
2024-10-22 16:00:00,52.5,69.81483698831755,-17.314836988317552,16,10
2024-10-22 17:00:00,74.99,90.3003662305976,-15.310366230597609,17,10
2024-10-22 18:00:00,95.91,103.05448252561808,-7.144482525618088,18,10
2024-10-22 19:00:00,124.71,120.76897383649248,3.941026163507516,19,10
2024-10-22 20:00:00,112.02,117.13271343875414,-5.112713438754142,20,10
2024-10-22 21:00:00,100.0,110.46120278241062,-10.461202782410624,21,10
2024-10-22 22:00:00,95.78,95.79029343931319,-0.010293439313187491,22,10
2024-10-22 23:00:00,88.35,87.96532110311927,0.38467889688072887,23,10
2024-10-23 00:00:00,75.56,68.86219075184158,6.697809248158421,0,10
2024-10-23 01:00:00,79.25,60.23721941542891,19.01278058457109,1,10
2024-10-23 02:00:00,71.0,58.807738940067225,12.192261059932775,2,10
2024-10-23 03:00:00,64.32,53.48476024190785,10.835239758092143,3,10
2024-10-23 04:00:00,64.29,48.80612618915478,15.483873810845225,4,10
2024-10-23 05:00:00,65.0,47.83739222663047,17.16260777336953,5,10
2024-10-23 06:00:00,84.98,54.283802686735044,30.69619731326496,6,10
2024-10-23 07:00:00,102.1,60.36285828931511,41.73714171068488,7,10
2024-10-23 08:00:00,134.71,65.51886323867336,69.19113676132665,8,10
2024-10-23 09:00:00,110.06,69.66250659878261,40.39749340121739,9,10
2024-10-23 10:00:00,85.0,64.61421908066154,20.38578091933846,10,10
2024-10-23 11:00:00,65.0,55.715148621425215,9.284851378574785,11,10
2024-10-23 12:00:00,64.08,54.15185047175987,9.928149528240127,12,10
2024-10-23 13:00:00,56.58,51.631614891282084,4.948385108717915,13,10
2024-10-23 14:00:00,56.08,51.877491095295795,4.202508904704203,14,10
2024-10-23 15:00:00,59.99,55.05966832710004,4.93033167289996,15,10
2024-10-23 16:00:00,63.4,69.8839314901096,-6.483931490109605,16,10
2024-10-23 17:00:00,71.99,89.09328562146266,-17.10328562146266,17,10
2024-10-23 18:00:00,103.41,102.13045921168117,1.2795407883188261,18,10
2024-10-23 19:00:00,155.8,118.76284984316277,37.03715015683724,19,10
2024-10-23 20:00:00,145.97,115.17005378410698,30.799946215893016,20,10
2024-10-23 21:00:00,121.89,108.71367423301695,13.176325766983055,21,10
2024-10-23 22:00:00,99.87,94.37427568969144,5.49572431030856,22,10
2024-10-23 23:00:00,93.16,87.07991175450718,6.080088245492817,23,10
2024-10-24 00:00:00,74.9,68.49972801701813,6.400271982981877,0,10
2024-10-24 01:00:00,65.15,59.9857533008319,5.164246699168103,1,10
2024-10-24 02:00:00,62.08,57.617163900497985,4.462836099502013,2,10
2024-10-24 03:00:00,62.08,52.333727189477145,9.746272810522854,3,10
2024-10-24 04:00:00,62.29,48.327329146346585,13.962670853653414,4,10
2024-10-24 05:00:00,66.3,47.49804174913277,18.80195825086723,5,10
2024-10-24 06:00:00,71.76,54.66541376556506,17.094586234434942,6,10
2024-10-24 07:00:00,90.01,60.48880124253196,29.521198757468042,7,10
2024-10-24 08:00:00,120.01,65.10758061982699,54.902419380173015,8,10
2024-10-24 09:00:00,98.15,67.92394281556705,30.22605718443296,9,10
2024-10-24 10:00:00,69.17,62.908184268697255,6.261815731302747,10,10
2024-10-24 11:00:00,60.0,53.17717151988671,6.822828480113287,11,10
2024-10-24 12:00:00,50.24,50.47101450641526,-0.23101450641525645,12,10
2024-10-24 13:00:00,43.54,46.94022055819687,-3.400220558196871,13,10
2024-10-24 14:00:00,30.01,46.84258612387089,-16.832586123870886,14,10
2024-10-24 15:00:00,24.55,48.76524368785482,-24.21524368785482,15,10
2024-10-24 16:00:00,47.44,63.55536710259372,-16.115367102593723,16,10
2024-10-24 17:00:00,60.4,83.57321938473825,-23.173219384738253,17,10
2024-10-24 18:00:00,79.36,97.35732096457502,-17.997320964575025,18,10
2024-10-24 19:00:00,110.16,114.95351943855917,-4.793519438559173,19,10
2024-10-24 20:00:00,101.35,110.35120742274353,-9.001207422743533,20,10
2024-10-24 21:00:00,92.98,103.07291936138466,-10.09291936138466,21,10
2024-10-24 22:00:00,75.72,87.77486183366295,-12.054861833662954,22,10
2024-10-24 23:00:00,67.0,80.44304627076144,-13.443046270761442,23,10
2024-10-25 00:00:00,57.0,62.393953396044765,-5.393953396044765,0,10
2024-10-25 01:00:00,55.0,53.26333935791672,1.7366606420832795,1,10
2024-10-25 02:00:00,43.5,51.26796346607097,-7.767963466070967,2,10
2024-10-25 03:00:00,44.0,46.27876221039878,-2.2787622103987815,3,10
2024-10-25 04:00:00,49.0,42.75374810810558,6.246251891894417,4,10
2024-10-25 05:00:00,41.0,42.17325889020378,-1.1732588902037833,5,10
2024-10-25 06:00:00,56.5,48.73354088338834,7.7664591166116566,6,10
2024-10-25 07:00:00,70.1,54.595330718102275,15.50466928189772,7,10
2024-10-25 08:00:00,90.3,59.192106157332375,31.10789384266762,8,10
2024-10-25 09:00:00,79.64,62.12644608429622,17.51355391570378,9,10
2024-10-25 10:00:00,70.0,57.54947294948778,12.450527050512221,10,10
2024-10-25 11:00:00,60.0,48.798106780943215,11.201893219056785,11,10
2024-10-25 12:00:00,55.83,46.062676834372496,9.767323165627502,12,10
2024-10-25 13:00:00,54.0,42.6697879381918,11.330212061808197,13,10
2024-10-25 14:00:00,50.0,43.97115952678348,6.028840473216519,14,10
2024-10-25 15:00:00,42.0,46.52625522271097,-4.526255222710972,15,10
2024-10-25 16:00:00,40.0,60.725769298064904,-20.725769298064904,16,10
2024-10-25 17:00:00,53.9,79.75595091491465,-25.85595091491465,17,10
2024-10-25 18:00:00,70.57,93.5150182655239,-22.945018265523913,18,10
2024-10-25 19:00:00,102.17,109.20698344143148,-7.036983441431474,19,10
2024-10-25 20:00:00,103.06,105.53500273230333,-2.4750027323033237,20,10
2024-10-25 21:00:00,90.5,98.66940045109743,-8.169400451097431,21,10
2024-10-25 22:00:00,79.03,84.02192989500719,-4.991929895007189,22,10
2024-10-25 23:00:00,74.0,77.09224292006013,-3.09224292006013,23,10
2024-10-26 00:00:00,67.82,60.27204381464355,7.5479561853564405,0,10
2024-10-26 01:00:00,56.29,51.231756344315954,5.058243655684045,1,10
2024-10-26 02:00:00,50.0,49.707365670453726,0.29263432954627433,2,10
2024-10-26 03:00:00,42.76,45.97392714338031,-3.2139271433803103,3,10
2024-10-26 04:00:00,42.9,42.50084329918241,0.399156700817592,4,10
2024-10-26 05:00:00,41.94,41.604673411807255,0.33532658819274275,5,10
2024-10-26 06:00:00,50.1,49.20414809786007,0.8958519021399312,6,10
2024-10-26 07:00:00,56.5,54.164112691358355,2.335887308641645,7,10
2024-10-26 08:00:00,57.82,57.74972375401933,0.07027624598067206,8,10
2024-10-26 09:00:00,65.56,62.17385544943261,3.386144550567394,9,10
2024-10-26 10:00:00,56.08,59.554520356327885,-3.4745203563278864,10,10
2024-10-26 11:00:00,44.99,52.77778018461305,-7.787780184613048,11,10
2024-10-26 12:00:00,25.1,50.352385715385424,-25.252385715385422,12,10
2024-10-26 13:00:00,25.1,44.69038791430364,-19.59038791430364,13,10
2024-10-26 14:00:00,16.41,42.82728685799947,-26.417286857999468,14,10
2024-10-26 15:00:00,5.01,43.77173979058472,-38.76173979058472,15,10
2024-10-26 16:00:00,5.01,58.182197455283244,-53.172197455283246,16,10
2024-10-26 17:00:00,40.0,77.40437331461249,-37.404373314612485,17,10
2024-10-26 18:00:00,57.4,89.63205862277766,-32.232058622777664,18,10
2024-10-26 19:00:00,90.98,106.2547984090487,-15.2747984090487,19,10
2024-10-26 20:00:00,83.3,101.73047617986612,-18.43047617986612,20,10
2024-10-26 21:00:00,66.25,94.29412612486618,-28.04412612486618,21,10
2024-10-26 22:00:00,68.22,78.8479310259512,-10.627931025951199,22,10
2024-10-26 23:00:00,75.0,71.05334043014778,3.9466595698522156,23,10
2024-10-27 00:00:00,87.71,53.174896428987836,34.53510357101216,0,10
2024-10-27 01:00:00,83.31,43.30293102574774,40.00706897425226,1,10
2024-10-27 02:00:00,82.23,41.42484297353366,40.80515702646635,2,10
2024-10-27 03:00:00,80.68,36.06040877645563,44.619591223544376,3,10
2024-10-27 04:00:00,81.3,31.946302100731657,49.35369789926834,4,10
2024-10-27 05:00:00,80.68,30.685377452896716,49.99462254710329,5,10
2024-10-27 06:00:00,70.0,35.89158225983016,34.10841774016984,6,10
2024-10-27 07:00:00,80.0,40.438190017004615,39.561809982995385,7,10
2024-10-27 08:00:00,86.24,44.69501408081061,41.544985919189386,8,10
2024-10-27 09:00:00,81.3,46.34262313828185,34.957376861718146,9,10
2024-10-27 10:00:00,64.36,42.754137463140296,21.605862536859703,10,10
2024-10-27 11:00:00,54.72,34.51670246755356,20.20329753244644,11,10
2024-10-27 12:00:00,42.5,32.02583410467537,10.474165895324631,12,10
2024-10-27 13:00:00,39.99,27.742115979072707,12.247884020927295,13,10
2024-10-27 14:00:00,40.0,27.316897969903437,12.683102030096563,14,10
2024-10-27 15:00:00,55.19,30.588320357497707,24.60167964250229,15,10
2024-10-27 16:00:00,44.99,45.94075891919567,-0.9507589191956711,16,10
2024-10-27 17:00:00,63.97,65.79480858013909,-1.8248085801390914,17,10
2024-10-27 18:00:00,81.25,78.7807566388239,2.4692433611760976,18,10
2024-10-27 19:00:00,96.27,94.95461836621394,1.3153816337860604,19,10
2024-10-27 20:00:00,128.7,91.99173292983221,36.70826707016778,20,10
2024-10-27 21:00:00,115.51,86.93290163681542,28.57709836318459,21,10
2024-10-27 22:00:00,107.36,73.61162454240315,33.74837545759685,22,10
2024-10-27 23:00:00,96.78,66.80040271382512,29.97959728617488,23,10
2024-10-28 00:00:00,60.61,50.43033950581491,10.179660494185086,0,10
2024-10-28 01:00:00,50.31,41.92058555635646,8.389414443643545,1,10
2024-10-28 02:00:00,49.0,39.60141335880371,9.398586641196289,2,10
2024-10-28 03:00:00,43.1,35.52052980348361,7.5794701965163895,3,10
2024-10-28 04:00:00,43.92,31.599566828253842,12.32043317174616,4,10
2024-10-28 05:00:00,49.2,30.786554062301548,18.413445937698455,5,10
2024-10-28 06:00:00,65.78,35.69743807624758,30.082561923752422,6,10
2024-10-28 07:00:00,86.74,39.12815495347883,47.61184504652117,7,10
2024-10-28 08:00:00,98.94,41.582474125083536,57.35752587491646,8,10
2024-10-28 09:00:00,68.39,43.50335952896154,24.88664047103846,9,10
2024-10-28 10:00:00,60.61,39.74108311971219,20.868916880287813,10,10
2024-10-28 11:00:00,51.99,32.80240412211384,19.18759587788616,11,10
2024-10-28 12:00:00,50.24,31.59021616082805,18.649783839171953,12,10
2024-10-28 13:00:00,51.97,28.09543131067346,23.874568689326537,13,10
2024-10-28 14:00:00,51.97,28.80756913853611,23.16243086146389,14,10
2024-10-28 15:00:00,52.51,33.32345168142251,19.186548318577486,15,10
2024-10-28 16:00:00,84.89,48.56466686420839,36.32533313579161,16,10
2024-10-28 17:00:00,115.57,69.31956461157233,46.25043538842766,17,10
2024-10-28 18:00:00,149.48,82.38952730251094,67.09047269748905,18,10
2024-10-28 19:00:00,133.66,97.92249925835426,35.73750074164573,19,10
2024-10-28 20:00:00,115.73,95.05619746881155,20.673802531188457,20,10
2024-10-28 21:00:00,110.49,89.28715357505644,21.20284642494356,21,10
2024-10-28 22:00:00,98.61,75.37758850840783,23.232411491592174,22,10
2024-10-28 23:00:00,81.25,68.67082595555922,12.579174044440776,23,10
2024-10-29 00:00:00,70.0,50.02510557211332,19.97489442788668,0,10
2024-10-29 01:00:00,65.14,41.723314550089356,23.416685449910645,1,10
2024-10-29 02:00:00,56.21,40.759806811863655,15.450193188136346,2,10
2024-10-29 03:00:00,49.28,36.19235062965424,13.087649370345758,3,10
2024-10-29 04:00:00,49.04,32.82359099934473,16.21640900065527,4,10
2024-10-29 05:00:00,58.4,32.89498469481049,25.50501530518951,5,10
2024-10-29 06:00:00,70.84,39.47724247651314,31.362757523486863,6,10
2024-10-29 07:00:00,83.09,45.78364565480541,37.30635434519459,7,10
2024-10-29 08:00:00,91.36,49.65638028835423,41.70361971164577,8,10
2024-10-29 09:00:00,72.4,52.05724634492714,20.34275365507287,9,10
2024-10-29 10:00:00,73.61,49.2298470926429,24.3801529073571,10,10
2024-10-29 11:00:00,71.1,43.45714895351034,27.642851046489653,11,10
2024-10-29 12:00:00,71.1,41.81235116164396,29.287648838356034,12,10
2024-10-29 13:00:00,71.0,37.738726740883465,33.261273259116535,13,10
2024-10-29 14:00:00,70.84,38.04361430579854,32.79638569420146,14,10
2024-10-29 15:00:00,71.1,42.20819801565369,28.8918019843463,15,10
2024-10-29 16:00:00,73.61,58.01725804504906,15.592741954950938,16,10
2024-10-29 17:00:00,74.7,80.28031928663609,-5.580319286636083,17,10
2024-10-29 18:00:00,85.0,91.92423993929452,-6.924239939294523,18,10
2024-10-29 19:00:00,93.34,106.39706139770169,-13.057061397701688,19,10
2024-10-29 20:00:00,98.61,102.1797657426365,-3.5697657426365055,20,10
2024-10-29 21:00:00,90.0,95.62145058578596,-5.621450585785965,21,10
2024-10-29 22:00:00,83.22,81.9994486682553,1.2205513317447014,22,10
2024-10-29 23:00:00,68.7,75.24205227896977,-6.542052278969763,23,10
2024-10-30 00:00:00,66.0,58.28003081736097,7.7199691826390335,0,10
2024-10-30 01:00:00,55.0,49.35647549851666,5.643524501483341,1,10
2024-10-30 02:00:00,52.99,48.369020372997966,4.620979627002036,2,10
2024-10-30 03:00:00,44.6,44.200676155175415,0.39932384482458616,3,10
2024-10-30 04:00:00,40.0,40.65022858049372,-0.6502285804937173,4,10
2024-10-30 05:00:00,52.5,40.32786412693463,12.172135873065372,5,10
2024-10-30 06:00:00,68.68,47.36688077194276,21.313119228057246,6,10
2024-10-30 07:00:00,76.04,52.54622691665065,23.493773083349353,7,10
2024-10-30 08:00:00,90.25,55.134911320498475,35.115088679501525,8,10
2024-10-30 09:00:00,85.0,58.941260388666535,26.058739611333465,9,10
2024-10-30 10:00:00,69.7,58.00150033760326,11.698499662396742,10,10
2024-10-30 11:00:00,69.57,50.650131006432616,18.919868993567377,11,10
2024-10-30 12:00:00,73.05,49.688746655825014,23.361253344174983,12,10
2024-10-30 13:00:00,73.52,43.65585941465724,29.864140585342753,13,10
2024-10-30 14:00:00,69.57,41.370017728521645,28.199982271478348,14,10
2024-10-30 15:00:00,72.65,43.508714680481944,29.14128531951806,15,10
2024-10-30 16:00:00,86.81,56.78885243737602,30.02114756262398,16,10
2024-10-30 17:00:00,102.3,76.10808645700394,26.191913542996062,17,10
2024-10-30 18:00:00,145.0,87.33821814777184,57.66178185222816,18,10
2024-10-30 19:00:00,143.36,102.15077547816736,41.20922452183265,19,10
2024-10-30 20:00:00,143.36,97.44109367257755,45.91890632742246,20,10
2024-10-30 21:00:00,132.33,90.78727441439179,41.542725585608224,21,10
2024-10-30 22:00:00,99.8,76.16161995172155,23.63838004827845,22,10
2024-10-30 23:00:00,91.71,69.03339012594637,22.676609874053625,23,10
2024-10-31 00:00:00,80.0,51.516598242751456,28.483401757248544,0,10
2024-10-31 01:00:00,76.79,42.15914901102036,34.630850988979645,1,10
2024-10-31 02:00:00,75.0,41.09384025453983,33.90615974546017,2,10
2024-10-31 03:00:00,72.59,36.083066407714,36.506933592286,3,10
2024-10-31 04:00:00,70.99,32.95575571310451,38.034244286895486,4,10
2024-10-31 05:00:00,77.0,32.16857539099732,44.83142460900268,5,10
2024-10-31 06:00:00,88.39,39.27190281523076,49.11809718476924,6,10
2024-10-31 07:00:00,117.05,44.740144566094955,72.30985543390504,7,10
2024-10-31 08:00:00,121.58,48.289654134748844,73.29034586525115,8,10
2024-10-31 09:00:00,102.8,52.53914587843093,50.26085412156907,9,10
2024-10-31 10:00:00,93.2,52.388503631400226,40.81149636859978,10,10
2024-10-31 11:00:00,85.04,47.37408312447843,37.665916875521575,11,10
2024-10-31 12:00:00,88.91,44.716582005725,44.193417994274995,12,10
2024-10-31 13:00:00,85.31,39.776546009189985,45.53345399081002,13,10
2024-10-31 14:00:00,85.51,39.90763419309661,45.60236580690339,14,10
2024-10-31 15:00:00,95.5,42.58326519880109,52.91673480119891,15,10
2024-10-31 16:00:00,113.0,57.851899536268036,55.148100463731964,16,10
2024-10-31 17:00:00,130.0,78.37382274011355,51.62617725988645,17,10
2024-10-31 18:00:00,134.14,89.77026852872518,44.369731471274804,18,10
2024-10-31 19:00:00,135.01,104.7774657745457,30.232534225454287,19,10
2024-10-31 20:00:00,148.72,99.8249189084114,48.895081091588594,20,10
2024-10-31 21:00:00,134.34,92.929117887313,41.410882112687005,21,10
2024-10-31 22:00:00,115.2,79.54958855224857,35.65041144775144,22,10
2024-10-31 23:00:00,102.0,73.03219202150461,28.967807978495387,23,10
2024-11-01 00:00:00,86.48,55.50334787932411,30.976652120675894,0,11
2024-11-01 01:00:00,81.71,45.88517947085495,35.82482052914504,1,11
2024-11-01 02:00:00,75.0,44.99227677755442,30.007723222445577,2,11
2024-11-01 03:00:00,70.7,39.940415421757905,30.759584578242098,3,11
2024-11-01 04:00:00,70.68,35.98244437711742,34.69755562288259,4,11
2024-11-01 05:00:00,71.66,35.16956261897451,36.49043738102549,5,11
2024-11-01 06:00:00,73.84,42.82368371572329,31.016316284276712,6,11
2024-11-01 07:00:00,78.0,48.39185959233686,29.608140407663143,7,11
2024-11-01 08:00:00,73.09,52.08706845464741,21.002931545352595,8,11
2024-11-01 09:00:00,70.0,55.68141203222547,14.318587967774533,9,11
2024-11-01 10:00:00,66.71,54.311956810943514,12.39804318905648,10,11
2024-11-01 11:00:00,47.8,47.07617704243506,0.7238229575649342,11,11
2024-11-01 12:00:00,49.99,44.98677760745841,5.003222392541595,12,11
2024-11-01 13:00:00,50.24,39.94196354616838,10.298036453831621,13,11
2024-11-01 14:00:00,60.0,39.36970256247565,20.630297437524348,14,11
2024-11-01 15:00:00,70.43,42.133728980795524,28.296271019204482,15,11
2024-11-01 16:00:00,83.76,57.38556899024411,26.374431009755895,16,11
2024-11-01 17:00:00,105.48,78.63615609207318,26.843843907926825,17,11
2024-11-01 18:00:00,125.88,91.46202145692428,34.41797854307572,18,11
2024-11-01 19:00:00,120.01,106.4568602393336,13.553139760666411,19,11
2024-11-01 20:00:00,119.7,101.1151874558928,18.58481254410721,20,11
2024-11-01 21:00:00,110.75,94.12789133150045,16.62210866849955,21,11
2024-11-01 22:00:00,101.09,80.92681173960449,20.163188260395515,22,11
2024-11-01 23:00:00,95.65,74.48217159136044,21.167828408639565,23,11
2024-11-02 00:00:00,96.28,56.64667260940274,39.63332739059726,0,11
2024-11-02 01:00:00,91.56,47.25563476981233,44.30436523018767,1,11
2024-11-02 02:00:00,88.93,45.544552292848095,43.38544770715191,2,11
2024-11-02 03:00:00,86.0,40.47635429400253,45.52364570599747,3,11
2024-11-02 04:00:00,86.85,36.9322353204671,49.917764679532894,4,11
2024-11-02 05:00:00,85.62,35.9080564195624,49.711943580437605,5,11
2024-11-02 06:00:00,93.14,41.6092426546831,51.5307573453169,6,11
2024-11-02 07:00:00,100.11,46.297636266485995,53.812363733514005,7,11
2024-11-02 08:00:00,101.16,48.52982438271886,52.63017561728114,8,11
2024-11-02 09:00:00,88.93,51.38808565883386,37.54191434116615,9,11
2024-11-02 10:00:00,77.89,49.643151440707186,28.246848559292815,10,11
2024-11-02 11:00:00,71.77,42.1816228896127,29.5883771103873,11,11
2024-11-02 12:00:00,74.63,40.244978811734654,34.38502118826534,12,11
2024-11-02 13:00:00,69.84,36.038269222731515,33.80173077726849,13,11
2024-11-02 14:00:00,72.34,35.76556849979181,36.57443150020819,14,11
2024-11-02 15:00:00,70.63,39.27831566644227,31.351684333557728,15,11
2024-11-02 16:00:00,85.0,54.60050212720438,30.39949787279562,16,11
2024-11-02 17:00:00,105.82,78.09012041282472,27.729879587175276,17,11
2024-11-02 18:00:00,114.64,91.68628576503306,22.953714234966938,18,11
2024-11-02 19:00:00,114.64,107.08085108962581,7.559148910374191,19,11
2024-11-02 20:00:00,112.46,104.08094657667971,8.379053423320286,20,11
2024-11-02 21:00:00,111.54,98.33424726573332,13.205752734266682,21,11
2024-11-02 22:00:00,106.28,85.1500217963744,21.129978203625598,22,11
2024-11-02 23:00:00,100.61,78.79416578662227,21.815834213377727,23,11
2024-11-03 00:00:00,101.19,62.24662154644517,38.94337845355483,0,11
2024-11-03 01:00:00,91.36,53.38152803592351,37.97847196407649,1,11
2024-11-03 02:00:00,85.51,51.71641905590678,33.79358094409322,2,11
2024-11-03 03:00:00,85.0,46.508923032277096,38.491076967722904,3,11
2024-11-03 04:00:00,76.25,42.3004081826852,33.9495918173148,4,11
2024-11-03 05:00:00,75.12,40.96158127774987,34.15841872225013,5,11
2024-11-03 06:00:00,84.18,46.751424641244,37.42857535875601,6,11
2024-11-03 07:00:00,87.14,51.49353301592333,35.64646698407667,7,11
2024-11-03 08:00:00,77.89,53.84024437716488,24.04975562283512,8,11
2024-11-03 09:00:00,40.1,56.06068040950504,-15.960680409505038,9,11
2024-11-03 10:00:00,30.0,53.65941334308121,-23.659413343081212,10,11
2024-11-03 11:00:00,19.99,46.40782013221764,-26.41782013221764,11,11
2024-11-03 12:00:00,7.4,44.280586190023996,-36.880586190024,12,11
2024-11-03 13:00:00,24.77,39.371398929802524,-14.601398929802524,13,11
2024-11-03 14:00:00,25.1,39.35541233878416,-14.255412338784161,14,11
2024-11-03 15:00:00,30.3,43.90101906293836,-13.60101906293836,15,11
2024-11-03 16:00:00,65.97,60.177445237017764,5.792554762982235,16,11
2024-11-03 17:00:00,94.73,83.23699584551969,11.493004154480317,17,11
2024-11-03 18:00:00,116.67,96.1861438415583,20.483856158441696,18,11
2024-11-03 19:00:00,114.01,110.1221102522776,3.8878897477224115,19,11
2024-11-03 20:00:00,111.04,105.97495353151442,5.0650464684855905,20,11
2024-11-03 21:00:00,102.54,99.67351036389249,2.8664896361075165,21,11
2024-11-03 22:00:00,100.2,86.2735277449749,13.926472255025104,22,11
2024-11-03 23:00:00,95.24,79.46249171592166,15.777508284078337,23,11
2024-11-04 00:00:00,92.04,62.21478959540974,29.825210404590266,0,11
2024-11-04 01:00:00,89.96,53.31243670914972,36.64756329085027,1,11
2024-11-04 02:00:00,90.07,51.93984334410044,38.130156655899555,2,11
2024-11-04 03:00:00,83.82,46.8864878066143,36.933512193385695,3,11
2024-11-04 04:00:00,85.36,42.088159662301734,43.271840337698265,4,11
2024-11-04 05:00:00,89.89,40.473191532995145,49.416808467004856,5,11
2024-11-04 06:00:00,104.14,46.00556754386355,58.13443245613645,6,11
2024-11-04 07:00:00,121.54,49.951301210563315,71.58869878943669,7,11
2024-11-04 08:00:00,124.08,52.590831491226936,71.48916850877306,8,11
2024-11-04 09:00:00,118.04,53.186483410573146,64.85351658942686,9,11
2024-11-04 10:00:00,99.88,50.4688200501015,49.4111799498985,10,11
2024-11-04 11:00:00,93.32,43.84381261583462,49.47618738416537,11,11
2024-11-04 12:00:00,91.39,42.447136989765966,48.942863010234035,12,11
2024-11-04 13:00:00,90.1,39.08242183734001,51.01757816265999,13,11
2024-11-04 14:00:00,92.4,38.43155159171528,53.96844840828473,14,11
2024-11-04 15:00:00,109.64,41.16196864873035,68.47803135126965,15,11
2024-11-04 16:00:00,120.94,57.18354586246926,63.75645413753074,16,11
2024-11-04 17:00:00,135.24,80.2452666171381,54.99473338286191,17,11
2024-11-04 18:00:00,160.54,92.47950376752038,68.06049623247961,18,11
2024-11-04 19:00:00,151.52,106.24605571912468,45.27394428087533,19,11
2024-11-04 20:00:00,123.0,102.43499902938453,20.565000970615472,20,11
2024-11-04 21:00:00,118.28,96.9836930053201,21.296306994679895,21,11
2024-11-04 22:00:00,118.28,83.76993393131352,34.510066068686484,22,11
2024-11-04 23:00:00,109.64,77.39616631518624,32.243833684813765,23,11
2024-11-05 00:00:00,101.47,60.32524968425639,41.14475031574361,0,11
2024-11-05 01:00:00,94.0,51.817337387816565,42.182662612183435,1,11
2024-11-05 02:00:00,90.43,50.95265747612876,39.47734252387124,2,11
2024-11-05 03:00:00,90.89,46.5620182453593,44.3279817546407,3,11
2024-11-05 04:00:00,91.1,42.97327266301943,48.126727336980565,4,11
2024-11-05 05:00:00,101.47,42.50092568171311,58.969074318286886,5,11
2024-11-05 06:00:00,115.17,49.45670866559561,65.71329133440439,6,11
2024-11-05 07:00:00,124.09,54.62598184415265,69.46401815584736,7,11
2024-11-05 08:00:00,133.14,58.058960740355474,75.08103925964451,8,11
2024-11-05 09:00:00,118.23,60.41270291215881,57.8172970878412,9,11
2024-11-05 10:00:00,105.87,59.04534630528957,46.824653694710435,10,11
2024-11-05 11:00:00,95.28,52.98730900856032,42.292690991439684,11,11
2024-11-05 12:00:00,94.92,50.66381504551998,44.25618495448002,12,11
2024-11-05 13:00:00,99.25,46.821146321677986,52.428853678322014,13,11
2024-11-05 14:00:00,109.5,47.20103168776188,62.29896831223812,14,11
2024-11-05 15:00:00,111.33,51.14347122589294,60.18652877410706,15,11
2024-11-05 16:00:00,115.54,67.14912698454629,48.39087301545372,16,11
2024-11-05 17:00:00,123.62,88.57595610306277,35.04404389693724,17,11
2024-11-05 18:00:00,193.0,100.88760440504501,92.11239559495499,18,11
2024-11-05 19:00:00,186.2,114.93231783588044,71.26768216411955,19,11
2024-11-05 20:00:00,154.45,110.29335246921528,44.15664753078471,20,11
2024-11-05 21:00:00,126.63,104.27391270982616,22.356087290173832,21,11
2024-11-05 22:00:00,121.28,89.53169185777682,31.74830814222318,22,11
2024-11-05 23:00:00,112.23,82.28812956514787,29.941870434852135,23,11
2024-11-06 00:00:00,123.04,64.98844493312947,58.051555066870534,0,11
2024-11-06 01:00:00,119.23,56.090460908370005,63.13953909163,1,11
2024-11-06 02:00:00,117.98,54.56754754579538,63.412452454204626,2,11
2024-11-06 03:00:00,116.03,49.68815580459125,66.34184419540875,3,11
2024-11-06 04:00:00,110.43,46.35043171782672,64.07956828217328,4,11
2024-11-06 05:00:00,112.53,46.279707164838726,66.25029283516128,5,11
2024-11-06 06:00:00,119.23,54.15277683451069,65.07722316548931,6,11
2024-11-06 07:00:00,125.01,59.58731952164351,65.4226804783565,7,11
2024-11-06 08:00:00,128.89,62.1107012471345,66.77929875286549,8,11
2024-11-06 09:00:00,119.23,62.71068373289944,56.519316267100564,9,11
2024-11-06 10:00:00,100.34,60.733217630705894,39.60678236929411,10,11
2024-11-06 11:00:00,92.33,53.02523208854086,39.30476791145914,11,11
2024-11-06 12:00:00,88.0,50.84289725024246,37.15710274975754,12,11
2024-11-06 13:00:00,90.0,47.016547523194276,42.983452476805724,13,11
2024-11-06 14:00:00,86.0,47.27988192824466,38.72011807175534,14,11
2024-11-06 15:00:00,92.58,51.33119853442412,41.24880146557588,15,11
2024-11-06 16:00:00,105.8,69.27052641852782,36.529473581472175,16,11
2024-11-06 17:00:00,125.0,93.02491165979524,31.975088340204763,17,11
2024-11-06 18:00:00,171.89,104.91126024954292,66.97873975045707,18,11
2024-11-06 19:00:00,167.02,118.84405946193789,48.17594053806212,19,11
2024-11-06 20:00:00,135.18,114.60060494169471,20.579395058305295,20,11
2024-11-06 21:00:00,124.65,107.95933262085032,16.690667379149687,21,11
2024-11-06 22:00:00,117.39,93.62680079334245,23.763199206657546,22,11
2024-11-06 23:00:00,116.16,85.97996960634146,30.18003039365854,23,11
2024-11-07 00:00:00,106.54,69.38694283292716,37.153057167072845,0,11
2024-11-07 01:00:00,95.72,60.08216527774863,35.63783472225137,1,11
2024-11-07 02:00:00,94.01,58.43320176923726,35.57679823076275,2,11
2024-11-07 03:00:00,99.32,52.67696595999928,46.643034040000714,3,11
2024-11-07 04:00:00,100.2,48.24501989686928,51.95498010313072,4,11
2024-11-07 05:00:00,107.61,46.65222462592902,60.95777537407098,5,11
2024-11-07 06:00:00,109.9,53.53812002913401,56.361879970866,6,11
2024-11-07 07:00:00,122.76,59.28582383118288,63.474176168817124,7,11
2024-11-07 08:00:00,127.51,62.29007219784762,65.21992780215238,8,11
2024-11-07 09:00:00,120.04,62.4879035348456,57.552096465154406,9,11
2024-11-07 10:00:00,105.6,60.833733720860096,44.7662662791399,10,11
2024-11-07 11:00:00,95.0,53.94363456995336,41.05636543004664,11,11
2024-11-07 12:00:00,90.0,52.53728967187226,37.46271032812774,12,11
2024-11-07 13:00:00,90.0,48.72889039265823,41.27110960734177,13,11
2024-11-07 14:00:00,92.0,48.77379188619085,43.22620811380915,14,11
2024-11-07 15:00:00,106.87,52.75703686980103,54.11296313019898,15,11
2024-11-07 16:00:00,119.16,69.16419945867852,49.99580054132147,16,11
2024-11-07 17:00:00,122.98,93.44178754790249,29.53821245209751,17,11
2024-11-07 18:00:00,151.49,105.79513601569982,45.694863984300184,18,11
2024-11-07 19:00:00,144.66,119.16394514873468,25.496054851265313,19,11
2024-11-07 20:00:00,130.99,114.42611778532483,16.563882214675175,20,11
2024-11-07 21:00:00,124.48,107.38818513467015,17.09181486532985,21,11
2024-11-07 22:00:00,115.31,92.55264479488176,22.757355205118245,22,11
2024-11-07 23:00:00,111.73,85.23769985240841,26.492300147591592,23,11
2024-11-08 00:00:00,103.48,67.9094071544315,35.5705928455685,0,11
2024-11-08 01:00:00,104.0,58.854172798624575,45.145827201375425,1,11
2024-11-08 02:00:00,98.78,57.17068073293734,41.60931926706266,2,11
2024-11-08 03:00:00,98.78,51.778430116503614,47.00156988349639,3,11
2024-11-08 04:00:00,98.8,47.28548022177563,51.51451977822437,4,11
2024-11-08 05:00:00,103.23,46.31981224289592,56.91018775710408,5,11
2024-11-08 06:00:00,112.09,53.5784203160988,58.5115796839012,6,11
2024-11-08 07:00:00,126.56,59.89727674249116,66.66272325750884,7,11
2024-11-08 08:00:00,130.37,62.0933693922575,68.2766306077425,8,11
2024-11-08 09:00:00,124.1,61.943441894803584,62.15655810519641,9,11
2024-11-08 10:00:00,117.34,59.90721835865247,57.43278164134753,10,11
2024-11-08 11:00:00,110.94,53.12178807679686,57.81821192320314,11,11
2024-11-08 12:00:00,105.59,51.59056486082318,53.999435139176825,12,11
2024-11-08 13:00:00,106.81,47.580115784637655,59.22988421536235,13,11
2024-11-08 14:00:00,112.53,47.003846791902674,65.52615320809733,14,11
2024-11-08 15:00:00,122.8,50.69258099791642,72.10741900208357,15,11
2024-11-08 16:00:00,127.74,67.68190169702149,60.05809830297851,16,11
2024-11-08 17:00:00,129.88,90.01691747542554,39.86308252457445,17,11
2024-11-08 18:00:00,133.58,103.44388736259958,30.13611263740043,18,11
2024-11-08 19:00:00,134.28,116.7333352116242,17.546664788375807,19,11
2024-11-08 20:00:00,134.28,111.79406942647392,22.485930573526076,20,11
2024-11-08 21:00:00,132.28,104.36817867171152,27.911821328288482,21,11
2024-11-08 22:00:00,127.74,89.56193646766815,38.17806353233185,22,11
2024-11-08 23:00:00,123.76,82.27596223419482,41.48403776580518,23,11
2024-11-09 00:00:00,115.7,65.2298439947732,50.4701560052268,0,11
2024-11-09 01:00:00,115.7,56.716099790799205,58.9839002092008,1,11
2024-11-09 02:00:00,98.96,55.66944408089461,43.29055591910539,2,11
2024-11-09 03:00:00,98.96,50.51487482946527,48.44512517053472,3,11
2024-11-09 04:00:00,98.41,46.61998525523671,51.79001474476328,4,11
2024-11-09 05:00:00,100.17,45.544885333958405,54.6251146660416,5,11
2024-11-09 06:00:00,104.31,51.93126055188026,52.378739448119745,6,11
2024-11-09 07:00:00,109.87,58.058859517661915,51.81114048233809,7,11
2024-11-09 08:00:00,114.1,60.366914823687296,53.7330851763127,8,11
2024-11-09 09:00:00,114.6,62.40688225219702,52.19311774780297,9,11
2024-11-09 10:00:00,109.97,60.40921449103092,49.560785508969076,10,11
2024-11-09 11:00:00,106.4,53.72231055392177,52.67768944607823,11,11
2024-11-09 12:00:00,100.37,52.18227832775153,48.18772167224847,12,11
2024-11-09 13:00:00,96.8,48.14179940793542,48.658200592064574,13,11
2024-11-09 14:00:00,93.23,47.66722507486327,45.562774925136736,14,11
2024-11-09 15:00:00,90.2,50.418071080827644,39.78192891917236,15,11
2024-11-09 16:00:00,114.08,66.7984798972289,47.2815201027711,16,11
2024-11-09 17:00:00,130.04,87.90481164455423,42.13518835544576,17,11
2024-11-09 18:00:00,133.34,99.06890752338421,34.27109247661579,18,11
2024-11-09 19:00:00,134.86,113.6919789947325,21.16802100526752,19,11
2024-11-09 20:00:00,128.32,109.32725450172398,18.992745498276008,20,11
2024-11-09 21:00:00,117.96,103.16227982009752,14.79772017990247,21,11
2024-11-09 22:00:00,114.53,89.63385522880543,24.89614477119457,22,11
2024-11-09 23:00:00,110.1,82.90005721044645,27.199942789553546,23,11
2024-11-10 00:00:00,104.99,66.4202885807012,38.5697114192988,0,11
2024-11-10 01:00:00,102.28,57.684840323668254,44.59515967633175,1,11
2024-11-10 02:00:00,97.69,56.078218230997095,41.6117817690029,2,11
2024-11-10 03:00:00,92.52,51.313095618558634,41.20690438144136,3,11
2024-11-10 04:00:00,90.0,47.66728692246477,42.33271307753523,4,11
2024-11-10 05:00:00,89.18,46.52575643851219,42.65424356148782,5,11
2024-11-10 06:00:00,95.09,52.20670299102483,42.88329700897518,6,11
2024-11-10 07:00:00,102.45,56.77257601653588,45.677423983464124,7,11
2024-11-10 08:00:00,97.95,59.25355002985111,38.69644997014889,8,11
2024-11-10 09:00:00,82.78,61.95923655543652,20.820763444563482,9,11
2024-11-10 10:00:00,65.2,59.565603735518096,5.634396264481907,10,11
2024-11-10 11:00:00,50.0,51.53301322855481,-1.5330132285548075,11,11
2024-11-10 12:00:00,48.4,48.447753724714175,-0.047753724714176826,12,11
2024-11-10 13:00:00,49.01,44.6420006491262,4.367999350873795,13,11
2024-11-10 14:00:00,49.01,44.579475443552894,4.430524556447104,14,11
2024-11-10 15:00:00,50.24,47.723224228212246,2.5167757717877564,15,11
2024-11-10 16:00:00,83.2,63.528657726518475,19.671342273481528,16,11
2024-11-10 17:00:00,116.0,85.61076929276265,30.389230707237346,17,11
2024-11-10 18:00:00,127.99,98.57838001060304,29.411619989396954,18,11
2024-11-10 19:00:00,128.02,112.16250644407,15.857493555930006,19,11
2024-11-10 20:00:00,125.31,108.32810707537806,16.981892924621945,20,11
2024-11-10 21:00:00,115.28,102.22967456368377,13.050325436316228,21,11
2024-11-10 22:00:00,111.1,88.25803393904147,22.841966060958526,22,11
2024-11-10 23:00:00,108.02,80.65687799236508,27.363122007634914,23,11
2024-11-11 00:00:00,109.0,62.988126724161134,46.011873275838866,0,11
2024-11-11 01:00:00,101.71,53.70766996129379,48.002330038706205,1,11
2024-11-11 02:00:00,99.39,51.74188761514989,47.64811238485011,2,11
2024-11-11 03:00:00,85.38,46.22642426519394,39.153575734806054,3,11
2024-11-11 04:00:00,80.66,41.36951598946075,39.290484010539245,4,11
2024-11-11 05:00:00,80.2,39.543007395852385,40.65699260414762,5,11
2024-11-11 06:00:00,84.1,44.918803249392,39.181196750607995,6,11
2024-11-11 07:00:00,105.72,48.266946160639804,57.453053839360194,7,11
2024-11-11 08:00:00,109.0,50.367195834711595,58.632804165288405,8,11
2024-11-11 09:00:00,79.9,52.12995953917766,27.770040460822344,9,11
2024-11-11 10:00:00,50.24,50.61312862471635,-0.373128624716351,10,11
2024-11-11 11:00:00,45.2,43.94802210235429,1.251977897645716,11,11
2024-11-11 12:00:00,33.49,43.155901976306495,-9.665901976306493,12,11
2024-11-11 13:00:00,15.2,39.78535901490574,-24.585359014905737,13,11
2024-11-11 14:00:00,7.0,39.8477503979002,-32.8477503979002,14,11
2024-11-11 15:00:00,5.0,43.55492255930602,-38.55492255930602,15,11
2024-11-11 16:00:00,65.63,60.041942775658526,5.588057224341469,16,11
2024-11-11 17:00:00,106.7,81.46134855825358,25.238651441746427,17,11
2024-11-11 18:00:00,115.89,93.71699183525084,22.173008164749163,18,11
2024-11-11 19:00:00,116.86,108.64232763928254,8.217672360717458,19,11
2024-11-11 20:00:00,109.69,105.81051313808416,3.8794868619158365,20,11
2024-11-11 21:00:00,96.73,100.05307215098685,-3.323072150986846,21,11
2024-11-11 22:00:00,88.92,87.77106413664893,1.1489358633510705,22,11
2024-11-11 23:00:00,78.2,80.76221462835025,-2.5622146283502474,23,11
2024-11-12 00:00:00,65.0,62.88722117413704,2.1127788258629607,0,11
2024-11-12 01:00:00,49.97,54.01903282604047,-4.049032826040474,1,11
2024-11-12 02:00:00,49.78,52.44164573922967,-2.6616457392296695,2,11
2024-11-12 03:00:00,45.38,47.50839171420728,-2.1283917142072752,3,11
2024-11-12 04:00:00,31.24,43.58033872963318,-12.340338729633185,4,11
2024-11-12 05:00:00,49.84,43.813292499288764,6.02670750071124,5,11
2024-11-12 06:00:00,70.2,50.71875505180424,19.481244948195766,6,11
2024-11-12 07:00:00,102.66,56.77335461741359,45.88664538258641,7,11
2024-11-12 08:00:00,102.67,59.92654937721517,42.743450622784835,8,11
2024-11-12 09:00:00,69.98,63.80903994935494,6.170960050645064,9,11
2024-11-12 10:00:00,4.31,61.159712177348524,-56.84971217734852,10,11
2024-11-12 11:00:00,3.32,55.24121253702697,-51.92121253702697,11,11
2024-11-12 12:00:00,3.32,54.17582926919573,-50.85582926919573,12,11
2024-11-12 13:00:00,3.32,50.78017610579951,-47.46017610579951,13,11
2024-11-12 14:00:00,3.32,51.01256449334005,-47.69256449334005,14,11
2024-11-12 15:00:00,3.32,53.990455259281646,-50.670455259281646,15,11
2024-11-12 16:00:00,49.84,69.68262748707565,-19.842627487075646,16,11
2024-11-12 17:00:00,102.67,93.55484600475768,9.115153995242324,17,11
2024-11-12 18:00:00,115.06,105.79514116219337,9.264858837806628,18,11
2024-11-12 19:00:00,120.76,119.55546843885168,1.204531561148329,19,11
2024-11-12 20:00:00,128.86,114.84714906199815,14.012850938001861,20,11
2024-11-12 21:00:00,120.28,108.47273109055163,11.807268909448368,21,11
2024-11-12 22:00:00,119.92,93.72739808465178,26.19260191534822,22,11
2024-11-12 23:00:00,113.87,85.76186716987172,28.108132830128284,23,11
2024-11-13 00:00:00,100.13,67.48569341053258,32.64430658946742,0,11
2024-11-13 01:00:00,99.47,58.494677467777365,40.975322532222634,1,11
2024-11-13 02:00:00,99.12,57.07581669343551,42.04418330656449,2,11
2024-11-13 03:00:00,95.33,51.715570348208985,43.61442965179101,3,11
2024-11-13 04:00:00,91.82,47.67103976486953,44.14896023513046,4,11
2024-11-13 05:00:00,94.9,47.11003184164275,47.789968158357254,5,11
2024-11-13 06:00:00,104.09,53.42381825157423,50.66618174842577,6,11
2024-11-13 07:00:00,120.0,59.04061535507316,60.95938464492684,7,11
2024-11-13 08:00:00,121.76,61.00192026244372,60.75807973755629,8,11
2024-11-13 09:00:00,120.86,62.84525586519146,58.01474413480854,9,11
2024-11-13 10:00:00,104.09,61.062115108869136,43.02788489113087,10,11
2024-11-13 11:00:00,84.9,54.49362684654062,30.406373153459384,11,11
2024-11-13 12:00:00,82.99,52.62620370918802,30.363796290811976,12,11
2024-11-13 13:00:00,83.2,47.57842039703479,35.62157960296521,13,11
2024-11-13 14:00:00,84.9,46.97755704552054,37.922442954479465,14,11
2024-11-13 15:00:00,95.97,51.036398453905406,44.93360154609459,15,11
2024-11-13 16:00:00,112.35,66.8350311322593,45.51496886774069,16,11
2024-11-13 17:00:00,116.28,90.63144966704652,25.648550332953477,17,11
2024-11-13 18:00:00,121.28,102.9635429383527,18.3164570616473,18,11
2024-11-13 19:00:00,132.18,116.74559151830374,15.434408481696266,19,11
2024-11-13 20:00:00,133.61,112.26723527384308,21.34276472615693,20,11
2024-11-13 21:00:00,119.8,104.72857231947432,15.071427680525673,21,11
2024-11-13 22:00:00,115.88,89.79393407025469,26.086065929745303,22,11
2024-11-13 23:00:00,100.0,81.6095005268748,18.390499473125203,23,11
2024-11-14 00:00:00,90.2,63.97086475307191,26.229135246928095,0,11
2024-11-14 01:00:00,90.0,53.72705232846329,36.27294767153671,1,11
2024-11-14 02:00:00,89.53,52.03580575547244,37.49419424452756,2,11
2024-11-14 03:00:00,89.99,47.622408049203386,42.36759195079661,3,11
2024-11-14 04:00:00,90.2,43.63485464660812,46.565145353391884,4,11
2024-11-14 05:00:00,95.74,42.68535683929332,53.054643160706675,5,11
2024-11-14 06:00:00,110.99,49.00205804227659,61.98794195772341,6,11
2024-11-14 07:00:00,125.28,53.733217595073086,71.54678240492692,7,11
2024-11-14 08:00:00,134.11,56.98586582518152,77.1241341748185,8,11
2024-11-14 09:00:00,125.8,60.62807396954446,65.17192603045554,9,11
2024-11-14 10:00:00,121.71,59.43824524454902,62.27175475545097,10,11
2024-11-14 11:00:00,120.76,52.93806133251826,67.82193866748175,11,11
2024-11-14 12:00:00,119.8,51.738823926797295,68.0611760732027,12,11
2024-11-14 13:00:00,120.76,46.52776500885369,74.23223499114631,13,11
2024-11-14 14:00:00,122.54,46.133725102857966,76.40627489714204,14,11
2024-11-14 15:00:00,126.04,49.97966266824898,76.06033733175103,15,11
2024-11-14 16:00:00,133.12,63.795968499702724,69.32403150029728,16,11
2024-11-14 17:00:00,136.23,83.82514546380952,52.40485453619047,17,11
2024-11-14 18:00:00,146.26,96.29721536614886,49.96278463385113,18,11
2024-11-14 19:00:00,151.63,111.10310129634536,40.52689870365464,19,11
2024-11-14 20:00:00,140.1,107.93018398463818,32.16981601536182,20,11
2024-11-14 21:00:00,129.81,102.03369644612462,27.77630355387538,21,11
2024-11-14 22:00:00,123.28,88.58186118260016,34.69813881739984,22,11
2024-11-14 23:00:00,112.91,81.63578190293146,31.27421809706854,23,11
2024-11-15 00:00:00,111.6,64.60231457775598,46.99768542224402,0,11
2024-11-15 01:00:00,107.31,55.88035656905663,51.42964343094337,1,11
2024-11-15 02:00:00,107.43,54.88239039423496,52.54760960576505,2,11
2024-11-15 03:00:00,104.05,50.07403578417279,53.975964215827204,3,11
2024-11-15 04:00:00,104.81,46.782101662170305,58.0278983378297,4,11
2024-11-15 05:00:00,109.55,46.89229004821925,62.657709951780745,5,11
2024-11-15 06:00:00,130.98,54.697254023970686,76.2827459760293,6,11
2024-11-15 07:00:00,141.66,60.925578900786775,80.73442109921322,7,11
2024-11-15 08:00:00,147.22,63.10220982898886,84.11779017101114,8,11
2024-11-15 09:00:00,138.36,65.6652912630613,72.69470873693871,9,11
2024-11-15 10:00:00,131.25,64.6747613098039,66.5752386901961,10,11
2024-11-15 11:00:00,125.6,58.846627911979965,66.75337208802003,11,11
2024-11-15 12:00:00,120.47,55.81877533560896,64.65122466439104,12,11
2024-11-15 13:00:00,119.54,51.8153831849628,67.72461681503721,13,11
2024-11-15 14:00:00,120.0,51.169353352018504,68.8306466479815,14,11
2024-11-15 15:00:00,119.55,54.77240843376234,64.77759156623766,15,11
2024-11-15 16:00:00,128.7,69.57567800477739,59.1243219952226,16,11
2024-11-15 17:00:00,139.68,89.43189471087675,50.24810528912326,17,11
2024-11-15 18:00:00,138.66,101.7591354219723,36.900864578027694,18,11
2024-11-15 19:00:00,134.05,116.46893883794894,17.58106116205107,19,11
2024-11-15 20:00:00,133.85,112.86960664157164,20.98039335842836,20,11
2024-11-15 21:00:00,134.19,106.71226677802605,27.47773322197395,21,11
2024-11-15 22:00:00,126.69,93.0235819696465,33.6664180303535,22,11
2024-11-15 23:00:00,114.08,86.26621133949834,27.813788660501658,23,11
2024-11-16 00:00:00,104.59,69.80761458249594,34.78238541750406,0,11
2024-11-16 01:00:00,99.0,60.59216473868463,38.40783526131537,1,11
2024-11-16 02:00:00,94.5,58.692574631866194,35.807425368133806,2,11
2024-11-16 03:00:00,92.28,53.74184795286391,38.538152047136094,3,11
2024-11-16 04:00:00,92.37,49.96093088701406,42.40906911298595,4,11
2024-11-16 05:00:00,91.98,48.894004678889075,43.08599532111093,5,11
2024-11-16 06:00:00,93.99,55.54273146616538,38.44726853383462,6,11
2024-11-16 07:00:00,104.52,61.17767411835155,43.34232588164845,7,11
2024-11-16 08:00:00,114.32,64.00896761970358,50.31103238029641,8,11
2024-11-16 09:00:00,116.0,67.19801933654787,48.80198066345213,9,11
2024-11-16 10:00:00,112.2,66.33524297800636,45.86475702199364,10,11
2024-11-16 11:00:00,104.0,58.822560433957904,45.177439566042096,11,11
2024-11-16 12:00:00,101.49,55.60495199180332,45.88504800819668,12,11
2024-11-16 13:00:00,99.54,50.21615718974391,49.323842810256096,13,11
2024-11-16 14:00:00,101.51,49.968566952939796,51.54143304706021,14,11
2024-11-16 15:00:00,109.05,52.94075391908541,56.10924608091459,15,11
2024-11-16 16:00:00,120.64,67.47294403111533,53.16705596888467,16,11
2024-11-16 17:00:00,131.22,88.9032622489105,42.316737751089505,17,11
2024-11-16 18:00:00,134.0,100.77763147549211,33.222368524507885,18,11
2024-11-16 19:00:00,135.74,115.42489032052754,20.31510967947247,19,11
2024-11-16 20:00:00,138.2,110.84119903209836,27.35880096790163,20,11
2024-11-16 21:00:00,139.0,104.12585134053171,34.87414865946829,21,11
2024-11-16 22:00:00,131.79,91.16899439163325,40.621005608366744,22,11
2024-11-16 23:00:00,130.0,83.58980697822852,46.41019302177148,23,11
2024-11-17 00:00:00,129.34,65.70698256099445,63.633017439005556,0,11
2024-11-17 01:00:00,117.74,56.52753742230692,61.212462577693074,1,11
2024-11-17 02:00:00,108.06,54.72216744581402,53.33783255418598,2,11
2024-11-17 03:00:00,107.74,49.77449731132134,57.965502688678654,3,11
2024-11-17 04:00:00,100.0,45.90201451787232,54.09798548212768,4,11
2024-11-17 05:00:00,103.0,45.03969274585677,57.96030725414323,5,11
2024-11-17 06:00:00,97.31,50.216813290007735,47.09318670999227,6,11
2024-11-17 07:00:00,107.74,55.26591203490699,52.474087965093005,7,11
2024-11-17 08:00:00,105.0,58.56959287803693,46.43040712196307,8,11
2024-11-17 09:00:00,95.98,60.84876654371271,35.13123345628729,9,11
2024-11-17 10:00:00,87.79,58.69970381905972,29.090296180940285,10,11
2024-11-17 11:00:00,89.09,51.97138380268956,37.118616197310445,11,11
2024-11-17 12:00:00,92.68,49.12847215593047,43.55152784406954,12,11
2024-11-17 13:00:00,87.79,44.09980150530242,43.69019849469758,13,11
2024-11-17 14:00:00,92.73,44.19495414787366,48.535045852126345,14,11
2024-11-17 15:00:00,96.11,47.84366286560862,48.26633713439138,15,11
2024-11-17 16:00:00,109.9,63.92160033567171,45.97839966432829,16,11
2024-11-17 17:00:00,135.01,87.07612295794536,47.93387704205463,17,11
2024-11-17 18:00:00,140.3,98.56031762722665,41.73968237277336,18,11
2024-11-17 19:00:00,145.43,112.57465965637209,32.855340343627915,19,11
2024-11-17 20:00:00,150.0,109.1039111589929,40.8960888410071,20,11
2024-11-17 21:00:00,154.43,103.31523492785652,51.114765072143484,21,11
2024-11-17 22:00:00,144.14,90.43498044489786,53.705019555102126,22,11
2024-11-17 23:00:00,139.2,84.30194857665225,54.89805142334774,23,11
2024-11-18 00:00:00,133.98,67.95801250680148,66.02198749319851,0,11
2024-11-18 01:00:00,126.61,59.40299270198426,67.20700729801574,1,11
2024-11-18 02:00:00,117.33,57.81161422293934,59.51838577706066,2,11
2024-11-18 03:00:00,122.03,52.64387497003679,69.38612502996321,3,11
2024-11-18 04:00:00,125.0,47.961414647522304,77.0385853524777,4,11
2024-11-18 05:00:00,126.46,47.78199441359692,78.67800558640307,5,11
2024-11-18 06:00:00,139.43,53.52393078024926,85.90606921975075,6,11
2024-11-18 07:00:00,143.41,57.81909175627345,85.59090824372655,7,11
2024-11-18 08:00:00,150.8,59.374004640641374,91.42599535935864,8,11
2024-11-18 09:00:00,140.22,61.56814931103389,78.6518506889661,9,11
2024-11-18 10:00:00,130.28,58.47904591553714,71.80095408446286,10,11
2024-11-18 11:00:00,126.31,50.48446979287172,75.82553020712828,11,11
2024-11-18 12:00:00,117.27,49.37640627412128,67.89359372587872,12,11
2024-11-18 13:00:00,117.33,45.22330331455828,72.10669668544172,13,11
2024-11-18 14:00:00,122.9,45.485322689117424,77.41467731088258,14,11
2024-11-18 15:00:00,130.98,49.629235440222146,81.35076455977784,15,11
2024-11-18 16:00:00,139.98,66.73640102492254,73.24359897507745,16,11
2024-11-18 17:00:00,154.69,90.85230122233173,63.837698777668265,17,11
2024-11-18 18:00:00,168.2,103.21621364567176,64.98378635432823,18,11
2024-11-18 19:00:00,158.96,117.3018073168152,41.65819268318481,19,11
2024-11-18 20:00:00,159.38,113.77198293799114,45.608017062008855,20,11
2024-11-18 21:00:00,147.24,107.77241529064628,39.46758470935373,21,11
2024-11-18 22:00:00,139.98,94.78766924042827,45.19233075957172,22,11
2024-11-18 23:00:00,134.22,88.20677971596723,46.01322028403277,23,11
2024-11-19 00:00:00,139.31,70.46200233483154,68.84799766516846,0,11
2024-11-19 01:00:00,135.01,62.003299251256124,73.00670074874387,1,11
2024-11-19 02:00:00,133.5,59.975686310624894,73.5243136893751,2,11
2024-11-19 03:00:00,132.62,54.60946718331189,78.01053281668811,3,11
2024-11-19 04:00:00,125.33,50.299171365299514,75.03082863470048,4,11
2024-11-19 05:00:00,125.48,49.51658188713219,75.96341811286781,5,11
2024-11-19 06:00:00,136.0,57.248802054204816,78.75119794579518,6,11
2024-11-19 07:00:00,142.36,62.71163219839434,79.64836780160567,7,11
2024-11-19 08:00:00,145.61,65.05891237912368,80.55108762087633,8,11
2024-11-19 09:00:00,139.31,65.9897349906912,73.3202650093088,9,11
2024-11-19 10:00:00,139.33,62.068142646013825,77.26185735398619,10,11
2024-11-19 11:00:00,139.0,53.66020157145937,85.33979842854063,11,11
2024-11-19 12:00:00,130.53,51.45587279207473,79.07412720792527,12,11
2024-11-19 13:00:00,108.5,47.565219122373264,60.934780877626736,13,11
2024-11-19 14:00:00,96.63,47.77241461138112,48.85758538861887,14,11
2024-11-19 15:00:00,100.0,51.60854238257747,48.39145761742253,15,11
2024-11-19 16:00:00,134.02,68.45539629098096,65.56460370901905,16,11
2024-11-19 17:00:00,146.98,93.08488729162246,53.895112708377525,17,11
2024-11-19 18:00:00,147.48,103.93332903947356,43.54667096052643,18,11
2024-11-19 19:00:00,147.48,118.28825679654608,29.19174320345391,19,11
2024-11-19 20:00:00,147.48,113.72558061664807,33.754419383351916,20,11
2024-11-19 21:00:00,146.5,107.12731436856825,39.37268563143175,21,11
2024-11-19 22:00:00,139.83,92.51596611693964,47.314033883060375,22,11
2024-11-19 23:00:00,125.48,84.85996478523504,40.62003521476497,23,11
2024-11-20 00:00:00,102.01,67.07468638631224,34.93531361368777,0,11
2024-11-20 01:00:00,88.78,57.66757816546823,31.112421834531773,1,11
2024-11-20 02:00:00,86.03,56.12154851871719,29.90845148128281,2,11
2024-11-20 03:00:00,81.5,50.87666157662392,30.623338423376083,3,11
2024-11-20 04:00:00,76.15,46.755979563660105,29.3940204363399,4,11
2024-11-20 05:00:00,83.79,46.31019927722872,37.47980072277129,5,11
2024-11-20 06:00:00,101.73,53.126862817830954,48.60313718216905,6,11
2024-11-20 07:00:00,122.0,58.895350578901116,63.104649421098884,7,11
2024-11-20 08:00:00,129.74,61.90893712227012,67.83106287772989,8,11
2024-11-20 09:00:00,108.36,64.34694485080564,44.01305514919436,9,11
2024-11-20 10:00:00,89.5,62.264480544498895,27.235519455501105,10,11
2024-11-20 11:00:00,64.89,54.884923944036814,10.005076055963187,11,11
2024-11-20 12:00:00,50.24,52.917221709110834,-2.6772217091108317,12,11
2024-11-20 13:00:00,50.2,47.38817854598773,2.811821454012275,13,11
2024-11-20 14:00:00,29.12,47.22984760392188,-18.10984760392188,14,11
2024-11-20 15:00:00,50.2,51.17465133314022,-0.9746513331402156,15,11
2024-11-20 16:00:00,89.24,66.27230883891497,22.96769116108503,16,11
2024-11-20 17:00:00,126.74,87.82370071624666,38.91629928375333,17,11
2024-11-20 18:00:00,143.18,99.08736142480495,44.09263857519505,18,11
2024-11-20 19:00:00,141.56,113.86419240085934,27.695807599140664,19,11
2024-11-20 20:00:00,135.98,109.44126602656542,26.538733973434574,20,11
2024-11-20 21:00:00,126.91,103.30155555002159,23.608444449978407,21,11
2024-11-20 22:00:00,117.5,89.11057679078937,28.389423209210634,22,11
2024-11-20 23:00:00,103.5,81.59060451234217,21.909395487657832,23,11
2024-11-21 00:00:00,93.96,63.5017796527265,30.458220347273496,0,11
2024-11-21 01:00:00,84.99,53.83202337126346,31.157976628736535,1,11
2024-11-21 02:00:00,75.0,52.01828025425556,22.981719745744442,2,11
2024-11-21 03:00:00,65.1,45.815238203035165,19.28476179696483,3,11
2024-11-21 04:00:00,64.89,41.45751366379574,23.432486336204263,4,11
2024-11-21 05:00:00,65.18,40.90886683032562,24.271133169674385,5,11
2024-11-21 06:00:00,75.2,48.78622572267733,26.413774277322673,6,11
2024-11-21 07:00:00,95.0,55.29728255984219,39.70271744015781,7,11
2024-11-21 08:00:00,107.99,58.884319605496216,49.10568039450378,8,11
2024-11-21 09:00:00,87.8,60.95110700211359,26.84889299788641,9,11
2024-11-21 10:00:00,69.39,56.766626695579816,12.623373304420184,10,11
2024-11-21 11:00:00,50.0,50.116076152639096,-0.11607615263909565,11,11
2024-11-21 12:00:00,33.2,47.69680086315492,-14.496800863154917,12,11
2024-11-21 13:00:00,33.2,44.00603913270771,-10.80603913270771,13,11
2024-11-21 14:00:00,29.8,43.79328790203431,-13.993287902034307,14,11
2024-11-21 15:00:00,14.0,47.00159417524196,-33.00159417524196,15,11
2024-11-21 16:00:00,64.78,62.10081518160638,2.6791848183936224,16,11
2024-11-21 17:00:00,84.99,86.76407176839831,-1.774071768398315,17,11
2024-11-21 18:00:00,116.49,98.21770282140744,18.272297178592552,18,11
2024-11-21 19:00:00,125.01,112.62626470021189,12.383735299788114,19,11
2024-11-21 20:00:00,122.11,109.10192252309037,13.008077476909634,20,11
2024-11-21 21:00:00,116.92,102.12460097578963,14.795399024210369,21,11
2024-11-21 22:00:00,107.74,87.86704303252901,19.872956967470984,22,11
2024-11-21 23:00:00,87.22,80.71929918767069,6.500700812329313,23,11
2024-11-22 00:00:00,87.63,62.841858573352624,24.78814142664737,0,11
2024-11-22 01:00:00,84.53,53.79783997556211,30.73216002443789,1,11
2024-11-22 02:00:00,83.2,51.82047474297087,31.37952525702913,2,11
2024-11-22 03:00:00,80.58,46.58952791455596,33.99047208544404,3,11
2024-11-22 04:00:00,77.13,42.662103997976374,34.46789600202362,4,11
2024-11-22 05:00:00,87.6,42.07215382998527,45.527846170014726,5,11
2024-11-22 06:00:00,100.09,48.73760760586782,51.35239239413218,6,11
2024-11-22 07:00:00,129.57,54.43719678229667,75.13280321770333,7,11
2024-11-22 08:00:00,141.31,57.37921043056423,83.93078956943577,8,11
2024-11-22 09:00:00,136.32,59.83004467968067,76.48995532031932,9,11
2024-11-22 10:00:00,116.71,58.123393787011594,58.5866062129884,10,11
2024-11-22 11:00:00,115.0,51.000321704780106,63.999678295219894,11,11
2024-11-22 12:00:00,107.16,48.24538741963073,58.914612580369266,12,11
2024-11-22 13:00:00,97.02,43.13757349825528,53.88242650174472,13,11
2024-11-22 14:00:00,104.0,41.377847439536424,62.622152560463576,14,11
2024-11-22 15:00:00,121.22,43.94860466262497,77.27139533737503,15,11
2024-11-22 16:00:00,140.01,58.661857179482126,81.34814282051786,16,11
2024-11-22 17:00:00,146.89,80.64858695407992,66.24141304592007,17,11
2024-11-22 18:00:00,151.24,93.12559397782258,58.114406022177434,18,11
2024-11-22 19:00:00,160.87,108.05360633759022,52.81639366240978,19,11
2024-11-22 20:00:00,161.26,104.5598646362048,56.7001353637952,20,11
2024-11-22 21:00:00,151.24,99.05433365036293,52.185666349637074,21,11
2024-11-22 22:00:00,143.9,85.56392041203287,58.336079587967134,22,11
2024-11-22 23:00:00,143.9,78.87579873188315,65.02420126811685,23,11
2024-11-23 00:00:00,131.63,61.9516908572773,69.6783091427227,0,11
2024-11-23 01:00:00,114.28,53.341312714512696,60.938687285487305,1,11
2024-11-23 02:00:00,104.0,52.21018706677182,51.78981293322818,2,11
2024-11-23 03:00:00,97.0,48.01063469647784,48.98936530352216,3,11
2024-11-23 04:00:00,84.99,45.1801076244779,39.8098923755221,4,11
2024-11-23 05:00:00,84.78,45.75596803220827,39.02403196779173,5,11
2024-11-23 06:00:00,85.95,53.52684237262969,32.423157627370315,6,11
2024-11-23 07:00:00,93.0,60.630432614556355,32.369567385443645,7,11
2024-11-23 08:00:00,99.25,64.7201441494098,34.529855850590195,8,11
2024-11-23 09:00:00,85.62,67.40240043497931,18.21759956502069,9,11
2024-11-23 10:00:00,67.04,65.27998110946288,1.7600188905371255,10,11
2024-11-23 11:00:00,40.0,58.05582848155683,-18.05582848155683,11,11
2024-11-23 12:00:00,42.5,55.688664691907206,-13.188664691907206,12,11
2024-11-23 13:00:00,36.95,53.36484519657802,-16.414845196578014,13,11
2024-11-23 14:00:00,30.52,53.94439229997266,-23.424392299972663,14,11
2024-11-23 15:00:00,36.94,56.90524238244342,-19.96524238244342,15,11
2024-11-23 16:00:00,58.9,73.21822816718367,-14.318228167183669,16,11
2024-11-23 17:00:00,84.53,94.90867494485713,-10.378674944857124,17,11
2024-11-23 18:00:00,101.0,107.13095602866412,-6.130956028664116,18,11
2024-11-23 19:00:00,101.8,123.16026780889354,-21.36026780889354,19,11
2024-11-23 20:00:00,92.0,118.65581306843109,-26.655813068431087,20,11
2024-11-23 21:00:00,84.99,111.533211154112,-26.543211154112,21,11
2024-11-23 22:00:00,78.78,96.83826987879053,-18.058269878790526,22,11
2024-11-23 23:00:00,40.0,89.88452560506727,-49.88452560506727,23,11
2024-11-24 00:00:00,13.81,71.57944894151422,-57.76944894151421,0,11
2024-11-24 01:00:00,8.48,62.12972888458711,-53.649728884587105,1,11
2024-11-24 02:00:00,5.53,59.689899635012466,-54.159899635012465,2,11
2024-11-24 03:00:00,3.71,53.72717923297495,-50.01717923297495,3,11
2024-11-24 04:00:00,3.32,49.17430053313353,-45.85430053313353,4,11
2024-11-24 05:00:00,4.68,47.52102947270424,-42.84102947270424,5,11
2024-11-24 06:00:00,3.92,52.479352742374715,-48.55935274237471,6,11
2024-11-24 07:00:00,3.71,56.45445721284358,-52.74445721284358,7,11
2024-11-24 08:00:00,3.32,59.122079009907566,-55.802079009907565,8,11
2024-11-24 09:00:00,5.24,62.03236291897804,-56.792362918978036,9,11
2024-11-24 10:00:00,3.32,60.56478084023814,-57.24478084023814,10,11
2024-11-24 11:00:00,3.32,53.13937104433279,-49.81937104433279,11,11
2024-11-24 12:00:00,3.32,51.18976514331035,-47.86976514331035,12,11
2024-11-24 13:00:00,3.32,46.40747206448168,-43.08747206448168,13,11
2024-11-24 14:00:00,3.32,45.35891068837128,-42.03891068837128,14,11
2024-11-24 15:00:00,3.32,49.319564848282596,-45.999564848282596,15,11
2024-11-24 16:00:00,3.74,64.33886421970072,-60.59886421970072,16,11
2024-11-24 17:00:00,11.17,85.1045475109442,-73.9345475109442,17,11
2024-11-24 18:00:00,28.49,96.75894376109306,-68.26894376109307,18,11
2024-11-24 19:00:00,41.54,110.49343948453526,-68.95343948453527,19,11
2024-11-24 20:00:00,34.61,105.8972777224397,-71.2872777224397,20,11
2024-11-24 21:00:00,27.14,100.14171203938906,-73.00171203938906,21,11
2024-11-24 22:00:00,20.26,87.17727398458607,-66.91727398458606,22,11
2024-11-24 23:00:00,14.46,79.41083415941688,-64.95083415941687,23,11
2024-11-25 00:00:00,10.32,61.77580674190551,-51.45580674190551,0,11
2024-11-25 01:00:00,8.41,52.62301300106492,-44.21301300106492,1,11
2024-11-25 02:00:00,3.94,50.736204704865315,-46.79620470486532,2,11
2024-11-25 03:00:00,3.32,45.59639278454324,-42.27639278454324,3,11
2024-11-25 04:00:00,3.32,40.88328454081483,-37.56328454081483,4,11
2024-11-25 05:00:00,3.71,39.57014464535763,-35.86014464535763,5,11
2024-11-25 06:00:00,15.27,45.703149555691766,-30.433149555691767,6,11
2024-11-25 07:00:00,83.0,50.39534037299046,32.60465962700954,7,11
2024-11-25 08:00:00,107.29,52.664126928918165,54.62587307108184,8,11
2024-11-25 09:00:00,100.95,55.690362969044145,45.25963703095586,9,11
2024-11-25 10:00:00,82.9,55.894424246816186,27.00557575318382,10,11
2024-11-25 11:00:00,74.59,50.975362109072535,23.61463789092747,11,11
2024-11-25 12:00:00,76.23,49.50644857307452,26.723551426925482,12,11
2024-11-25 13:00:00,71.98,45.832930205985576,26.147069794014428,13,11
2024-11-25 14:00:00,71.3,45.444007978579634,25.855992021420363,14,11
2024-11-25 15:00:00,93.39,48.214568820306056,45.175431179693945,15,11
2024-11-25 16:00:00,118.71,63.93381548637291,54.776184513627086,16,11
2024-11-25 17:00:00,141.91,83.56140290769923,58.348597092300764,17,11
2024-11-25 18:00:00,145.62,95.14465597802081,50.4753440219792,18,11
2024-11-25 19:00:00,149.15,109.70880007085907,39.441199929140936,19,11
2024-11-25 20:00:00,159.82,106.03093013754113,53.78906986245886,20,11
2024-11-25 21:00:00,150.82,100.70619791112483,50.11380208887516,21,11
2024-11-25 22:00:00,145.26,87.87389079485416,57.38610920514583,22,11
2024-11-25 23:00:00,140.26,81.33558957342649,58.9244104265735,23,11
2024-11-26 00:00:00,139.1,64.69067097609326,74.40932902390674,0,11
2024-11-26 01:00:00,135.2,56.82576654674784,78.37423345325215,1,11
2024-11-26 02:00:00,132.0,55.53825146118055,76.46174853881945,2,11
2024-11-26 03:00:00,130.38,50.285706873398965,80.09429312660103,3,11
2024-11-26 04:00:00,133.48,46.67626971591176,86.80373028408823,4,11
2024-11-26 05:00:00,137.5,46.694511993724234,90.80548800627577,5,11
2024-11-26 06:00:00,142.6,54.085241534183695,88.5147584658163,6,11
2024-11-26 07:00:00,147.8,60.17255362971673,87.62744637028328,7,11
2024-11-26 08:00:00,156.11,64.26766398890504,91.84233601109497,8,11
2024-11-26 09:00:00,147.8,68.13923858506382,79.66076141493619,9,11
2024-11-26 10:00:00,144.06,68.24232466231717,75.81767533768283,10,11
2024-11-26 11:00:00,141.0,60.89043864381142,80.10956135618858,11,11
2024-11-26 12:00:00,139.1,58.73701897594793,80.36298102405206,12,11
2024-11-26 13:00:00,138.7,53.2829656314035,85.41703436859649,13,11
2024-11-26 14:00:00,138.7,51.670635443051935,87.02936455694805,14,11
2024-11-26 15:00:00,140.5,54.271045693492624,86.22895430650738,15,11
2024-11-26 16:00:00,140.5,68.44393485675585,72.05606514324415,16,11
2024-11-26 17:00:00,148.85,90.14773536178188,58.70226463821811,17,11
2024-11-26 18:00:00,162.07,101.1663556277872,60.903644372212796,18,11
2024-11-26 19:00:00,154.84,115.28021729921358,39.55978270078643,19,11
2024-11-26 20:00:00,153.25,110.75240047678778,42.497599523212216,20,11
2024-11-26 21:00:00,149.73,103.85850616890514,45.87149383109485,21,11
2024-11-26 22:00:00,144.36,90.5867796347818,53.77322036521821,22,11
2024-11-26 23:00:00,140.26,83.9354519975044,56.32454800249559,23,11
2024-11-27 00:00:00,140.0,66.9415751963374,73.0584248036626,0,11
2024-11-27 01:00:00,135.21,57.3646926232048,77.8453073767952,1,11
2024-11-27 02:00:00,131.77,56.41943191674608,75.35056808325393,2,11
2024-11-27 03:00:00,128.0,51.66499043748166,76.33500956251834,3,11
2024-11-27 04:00:00,125.84,47.98946477109661,77.8505352289034,4,11
2024-11-27 05:00:00,131.77,47.87373514118758,83.89626485881243,5,11
2024-11-27 06:00:00,142.6,56.266660467532404,86.33333953246759,6,11
2024-11-27 07:00:00,151.7,63.012055728817415,88.68794427118257,7,11
2024-11-27 08:00:00,157.0,66.99707751142006,90.00292248857994,8,11
2024-11-27 09:00:00,145.47,68.5515761407288,76.9184238592712,9,11
2024-11-27 10:00:00,122.0,64.33219314476986,57.66780685523014,10,11
2024-11-27 11:00:00,105.57,56.906809907123375,48.66319009287662,11,11
2024-11-27 12:00:00,105.44,54.259731819591934,51.18026818040806,12,11
2024-11-27 13:00:00,105.57,49.894920155821865,55.67507984417813,13,11
2024-11-27 14:00:00,105.57,50.9297169538994,54.64028304610059,14,11
2024-11-27 15:00:00,112.78,56.18434577572964,56.59565422427036,15,11
2024-11-27 16:00:00,142.6,74.41209390842062,68.18790609157938,16,11
2024-11-27 17:00:00,149.07,94.90914346371972,54.16085653628028,17,11
2024-11-27 18:00:00,165.08,106.38605686550682,58.693943134493196,18,11
2024-11-27 19:00:00,161.2,120.95893501923246,40.24106498076753,19,11
2024-11-27 20:00:00,165.01,116.81022760688171,48.19977239311828,20,11
2024-11-27 21:00:00,157.94,110.83211809466616,47.10788190533384,21,11
2024-11-27 22:00:00,147.2,96.85688643191872,50.343113568081264,22,11
2024-11-27 23:00:00,140.5,89.19846268779128,51.30153731220872,23,11
2024-11-28 00:00:00,141.75,71.1040675174878,70.6459324825122,0,11
2024-11-28 01:00:00,135.01,61.32726395989022,73.68273604010977,1,11
2024-11-28 02:00:00,122.0,59.33223168337605,62.66776831662395,2,11
2024-11-28 03:00:00,121.4,54.94691994471589,66.45308005528412,3,11
2024-11-28 04:00:00,111.5,50.78186922897362,60.71813077102638,4,11
2024-11-28 05:00:00,115.79,49.59590948870101,66.194090511299,5,11
2024-11-28 06:00:00,135.0,56.45208370069486,78.54791629930514,6,11
2024-11-28 07:00:00,150.0,62.87906690002774,87.12093309997226,7,11
2024-11-28 08:00:00,152.28,65.56201411824787,86.71798588175213,8,11
2024-11-28 09:00:00,140.8,66.4708789823382,74.3291210176618,9,11
2024-11-28 10:00:00,121.0,63.24983742312941,57.75016257687059,10,11
2024-11-28 11:00:00,108.95,55.141213804980566,53.80878619501944,11,11
2024-11-28 12:00:00,103.5,52.57633311034823,50.92366688965177,12,11
2024-11-28 13:00:00,103.19,47.5459208961953,55.6440791038047,13,11
2024-11-28 14:00:00,108.5,47.04223836190454,61.45776163809546,14,11
2024-11-28 15:00:00,119.81,51.11451672985925,68.69548327014076,15,11
2024-11-28 16:00:00,137.1,70.21140498095576,66.88859501904423,16,11
2024-11-28 17:00:00,150.4,95.67286338986946,54.72713661013054,17,11
2024-11-28 18:00:00,158.24,107.10137023201492,51.138629767985094,18,11
2024-11-28 19:00:00,154.12,121.50417617498442,32.61582382501558,19,11
2024-11-28 20:00:00,153.0,116.96520089951383,36.03479910048617,20,11
2024-11-28 21:00:00,148.58,110.9757411280113,37.60425887198872,21,11
2024-11-28 22:00:00,140.6,96.45480614817615,44.14519385182385,22,11
2024-11-28 23:00:00,140.01,89.03730070177693,50.97269929822306,23,11
2024-11-29 00:00:00,120.9,71.09913860588023,49.80086139411978,0,11
2024-11-29 01:00:00,109.78,61.337868160418395,48.442131839581606,1,11
2024-11-29 02:00:00,105.0,60.43797107950593,44.56202892049407,2,11
2024-11-29 03:00:00,105.0,55.991880035879944,49.008119964120056,3,11
2024-11-29 04:00:00,102.0,52.239105752346916,49.760894247653084,4,11
2024-11-29 05:00:00,105.0,51.49460247728473,53.50539752271527,5,11
2024-11-29 06:00:00,121.06,58.16093121863122,62.89906878136878,6,11
2024-11-29 07:00:00,140.01,64.1638091486044,75.84619085139559,7,11
2024-11-29 08:00:00,144.08,67.5622681055413,76.5177318944587,8,11
2024-11-29 09:00:00,140.01,69.19642314180896,70.81357685819103,9,11
2024-11-29 10:00:00,121.06,65.45886872501256,55.60113127498744,10,11
2024-11-29 11:00:00,109.99,57.426911754488515,52.56308824551148,11,11
2024-11-29 12:00:00,109.06,55.17634308269311,53.883656917306894,12,11
2024-11-29 13:00:00,108.2,49.92155455099169,58.278445449008316,13,11
2024-11-29 14:00:00,108.87,49.486366102199725,59.38363389780028,14,11
2024-11-29 15:00:00,121.06,53.95103803288674,67.10896196711326,15,11
2024-11-29 16:00:00,138.57,71.60664413578866,66.96335586421134,16,11
2024-11-29 17:00:00,144.26,94.3815027302374,49.87849726976259,17,11
2024-11-29 18:00:00,152.77,105.4996872319386,47.270312768061416,18,11
2024-11-29 19:00:00,155.95,119.37807143036724,36.571928569632746,19,11
2024-11-29 20:00:00,155.95,114.80982336681961,41.140176633180374,20,11
2024-11-29 21:00:00,150.0,108.61137950225867,41.38862049774133,21,11
2024-11-29 22:00:00,144.08,94.46025442704286,49.61974557295716,22,11
2024-11-29 23:00:00,139.1,87.67116873081198,51.42883126918801,23,11
2024-11-30 00:00:00,136.15,71.08054503666528,65.06945496333472,0,11
2024-11-30 01:00:00,128.5,62.97377525232878,65.52622474767122,1,11
2024-11-30 02:00:00,132.83,61.33408548156217,71.49591451843784,2,11
2024-11-30 03:00:00,129.5,56.3308869827942,73.1691130172058,3,11
2024-11-30 04:00:00,127.29,52.69257075984672,74.59742924015329,4,11
2024-11-30 05:00:00,125.34,52.30580759084182,73.03419240915818,5,11
2024-11-30 06:00:00,125.34,58.86700846282008,66.47299153717992,6,11
2024-11-30 07:00:00,132.83,64.96007966392563,67.86992033607439,7,11
2024-11-30 08:00:00,137.07,67.75492929383779,69.3150707061622,8,11
2024-11-30 09:00:00,122.77,69.80326268553983,52.96673731446016,9,11
2024-11-30 10:00:00,100.0,66.33188639119021,33.66811360880979,10,11
2024-11-30 11:00:00,88.67,58.804534376628226,29.865465623371776,11,11
2024-11-30 12:00:00,89.49,57.41278839704779,32.077211602952204,12,11
2024-11-30 13:00:00,92.0,52.839332169865315,39.160667830134685,13,11
2024-11-30 14:00:00,99.17,53.19316953666248,45.97683046333752,14,11
2024-11-30 15:00:00,105.99,57.5680416417012,48.421958358298795,15,11
2024-11-30 16:00:00,120.91,73.47807937202828,47.43192062797172,16,11
2024-11-30 17:00:00,136.67,95.29894749998596,41.37105250001403,17,11
2024-11-30 18:00:00,142.5,106.38079559817243,36.119204401827574,18,11
2024-11-30 19:00:00,142.27,120.5626485845084,21.707351415491615,19,11
2024-11-30 20:00:00,141.74,116.6134840512899,25.126515948710107,20,11
2024-11-30 21:00:00,141.5,111.650794729329,29.849205270671007,21,11
2024-11-30 22:00:00,140.0,98.4018968777682,41.598103122231805,22,11
2024-11-30 23:00:00,137.67,91.21322421971485,46.45677578028514,23,11
2024-12-01 00:00:00,122.9,73.35184499318825,49.548155006811754,0,12
2024-12-01 01:00:00,110.5,65.0570374096539,45.4429625903461,1,12
2024-12-01 02:00:00,105.99,64.17660018190765,41.81339981809235,2,12
2024-12-01 03:00:00,105.99,59.8534501320828,46.136549867917196,3,12
2024-12-01 04:00:00,105.78,55.78424838338367,49.99575161661633,4,12
2024-12-01 05:00:00,105.99,54.31070368628133,51.679296313718666,5,12
2024-12-01 06:00:00,110.2,59.58065458505399,50.61934541494601,6,12
2024-12-01 07:00:00,119.78,64.254780119884,55.525219880116,7,12
2024-12-01 08:00:00,130.0,66.84126727517372,63.15873272482628,8,12
2024-12-01 09:00:00,121.4,68.35693532204414,53.04306467795587,9,12
2024-12-01 10:00:00,106.66,64.44443630967606,42.21556369032393,10,12
2024-12-01 11:00:00,105.99,56.66662229719651,49.323377702803484,11,12
2024-12-01 12:00:00,105.53,54.922287782828505,50.607712217171496,12,12
2024-12-01 13:00:00,112.0,51.21920608489194,60.78079391510806,13,12
2024-12-01 14:00:00,130.0,51.78648165903343,78.21351834096657,14,12
2024-12-01 15:00:00,134.19,56.32377670366452,77.86622329633548,15,12
2024-12-01 16:00:00,141.14,72.90833979030015,68.23166020969984,16,12
2024-12-01 17:00:00,149.7,96.17839667547173,53.52160332452826,17,12
2024-12-01 18:00:00,153.02,105.80656185860914,47.21343814139087,18,12
2024-12-01 19:00:00,163.7,118.73744972554982,44.962550274450166,19,12
2024-12-01 20:00:00,175.2,113.7160004108128,61.48399958918719,20,12
2024-12-01 21:00:00,145.2,107.79110777208103,37.408892227918955,21,12
2024-12-01 22:00:00,142.3,94.42940772016493,47.87059227983508,22,12
2024-12-01 23:00:00,133.21,88.03849864881249,45.171501351187516,23,12
2024-12-02 00:00:00,137.77,70.32088986297771,67.4491101370223,0,12
2024-12-02 01:00:00,134.93,60.62644884138348,74.30355115861653,1,12
2024-12-02 02:00:00,131.93,58.89195335632013,73.03804664367988,2,12
2024-12-02 03:00:00,128.93,53.48791888408374,75.44208111591627,3,12
2024-12-02 04:00:00,129.0,49.39739313160089,79.6026068683991,4,12
2024-12-02 05:00:00,133.0,48.17585298391674,84.82414701608326,5,12
2024-12-02 06:00:00,141.5,53.30897844236944,88.19102155763056,6,12
2024-12-02 07:00:00,150.83,57.67377651452654,93.15622348547348,7,12
2024-12-02 08:00:00,157.2,60.69139852160288,96.50860147839711,8,12
2024-12-02 09:00:00,154.73,64.96759136985304,89.76240863014695,9,12
2024-12-02 10:00:00,147.3,62.532546062888684,84.76745393711133,10,12
2024-12-02 11:00:00,139.1,56.253358591482595,82.8466414085174,11,12
2024-12-02 12:00:00,132.26,55.11283389710161,77.14716610289838,12,12
2024-12-02 13:00:00,130.0,50.22718984008861,79.77281015991139,13,12
2024-12-02 14:00:00,126.56,50.73904732065722,75.82095267934278,14,12
2024-12-02 15:00:00,135.0,54.31231811671739,80.68768188328261,15,12
2024-12-02 16:00:00,147.3,70.61775981029456,76.68224018970545,16,12
2024-12-02 17:00:00,154.73,91.87458733508339,62.8554126649166,17,12
2024-12-02 18:00:00,156.48,103.40075404704487,53.07924595295512,18,12
2024-12-02 19:00:00,157.16,117.69497854423781,39.465021455762184,19,12
2024-12-02 20:00:00,157.2,113.78509019214403,43.41490980785596,20,12
2024-12-02 21:00:00,154.73,107.07367252037938,47.656327479620614,21,12
2024-12-02 22:00:00,152.13,93.5116730895466,58.61832691045339,22,12
2024-12-02 23:00:00,147.3,86.95282972367772,60.34717027632229,23,12
2024-12-03 00:00:00,139.46,70.35750815303624,69.10249184696377,0,12
2024-12-03 01:00:00,135.0,61.484779698887564,73.51522030111244,1,12
2024-12-03 02:00:00,130.46,60.09020723569904,70.36979276430097,2,12
2024-12-03 03:00:00,125.36,55.18658005997452,70.17341994002548,3,12
2024-12-03 04:00:00,123.72,50.9932908287567,72.7267091712433,4,12
2024-12-03 05:00:00,125.67,51.491346177102,74.178653822898,5,12
2024-12-03 06:00:00,138.54,58.597517486647405,79.94248251335259,6,12
2024-12-03 07:00:00,149.36,65.6786499223793,83.68135007762072,7,12
2024-12-03 08:00:00,158.84,69.92646132804714,88.91353867195286,8,12
2024-12-03 09:00:00,154.9,72.23954297915213,82.66045702084787,9,12
2024-12-03 10:00:00,146.06,68.88021804303884,77.17978195696116,10,12
2024-12-03 11:00:00,142.0,62.4993784953964,79.5006215046036,11,12
2024-12-03 12:00:00,138.54,60.233925660102614,78.30607433989738,12,12
2024-12-03 13:00:00,130.46,55.204001493599606,75.2559985064004,13,12
2024-12-03 14:00:00,121.18,55.753533182935826,65.42646681706418,14,12
2024-12-03 15:00:00,121.46,58.726658323709614,62.73334167629038,15,12
2024-12-03 16:00:00,140.65,72.72496270133689,67.92503729866311,16,12
2024-12-03 17:00:00,150.0,95.40322843512496,54.59677156487504,17,12
2024-12-03 18:00:00,157.23,106.90210007152098,50.32789992847901,18,12
2024-12-03 19:00:00,160.02,121.2603674214152,38.759632578584814,19,12
2024-12-03 20:00:00,158.46,116.60236851096698,41.857631489033025,20,12
2024-12-03 21:00:00,150.0,110.094714360218,39.905285639781994,21,12
2024-12-03 22:00:00,142.08,96.2503080305708,45.829691969429206,22,12
2024-12-03 23:00:00,130.81,90.01294553187404,40.797054468125964,23,12
2024-12-04 00:00:00,124.12,72.43359722550997,51.686402774490034,0,12
2024-12-04 01:00:00,116.66,63.179567308531716,53.48043269146828,1,12
2024-12-04 02:00:00,112.79,60.44659622034504,52.34340377965496,2,12
2024-12-04 03:00:00,108.9,55.354668893959456,53.54533110604055,3,12
2024-12-04 04:00:00,106.98,51.14331451632228,55.836685483677726,4,12
2024-12-04 05:00:00,110.72,48.81846053660564,61.90153946339436,5,12
2024-12-04 06:00:00,132.55,55.70177089468831,76.8482291053117,6,12
2024-12-04 07:00:00,149.23,61.22460958038096,88.00539041961903,7,12
2024-12-04 08:00:00,155.52,63.808676177448376,91.71132382255163,8,12
2024-12-04 09:00:00,150.16,66.73974961978558,83.42025038021441,9,12
2024-12-04 10:00:00,137.94,65.68785376563653,72.25214623436347,10,12
2024-12-04 11:00:00,108.9,57.89348097434316,51.00651902565684,11,12
2024-12-04 12:00:00,108.25,55.73532308559356,52.51467691440644,12,12
2024-12-04 13:00:00,108.51,49.57226180302166,58.937738196978344,13,12
2024-12-04 14:00:00,108.9,48.68146743885245,60.218532561147555,14,12
2024-12-04 15:00:00,121.12,52.28984968882827,68.83015031117174,15,12
2024-12-04 16:00:00,147.53,68.98637166408645,78.54362833591355,16,12
2024-12-04 17:00:00,152.94,88.87343296190676,64.06656703809324,17,12
2024-12-04 18:00:00,174.99,99.15433007378635,75.83566992621365,18,12
2024-12-04 19:00:00,171.45,113.55173872373774,57.89826127626225,19,12
2024-12-04 20:00:00,153.02,109.50167064228401,43.518329357716,20,12
2024-12-04 21:00:00,152.48,103.02417091441629,49.4558290855837,21,12
2024-12-04 22:00:00,148.03,89.34385043149189,58.686149568508114,22,12
2024-12-04 23:00:00,139.1,82.34759155293409,56.7524084470659,23,12
2024-12-05 00:00:00,137.61,65.14269984668323,72.46730015331678,0,12
2024-12-05 01:00:00,132.38,56.109445417248025,76.27055458275197,1,12
2024-12-05 02:00:00,130.69,55.41094566084371,75.27905433915629,2,12
2024-12-05 03:00:00,130.18,51.1533330841022,79.0266669158978,3,12
2024-12-05 04:00:00,128.22,47.87305245898483,80.34694754101517,4,12
2024-12-05 05:00:00,128.22,47.76357031074497,80.45642968925503,5,12
2024-12-05 06:00:00,140.01,55.633041401530704,84.37695859846929,6,12
2024-12-05 07:00:00,151.02,61.50373726535321,89.5162627346468,7,12
2024-12-05 08:00:00,155.89,65.03154209915226,90.85845790084772,8,12
2024-12-05 09:00:00,147.37,68.63037005476201,78.739629945238,9,12
2024-12-05 10:00:00,125.97,65.87796134912759,60.09203865087241,10,12
2024-12-05 11:00:00,112.71,59.04482457673231,53.665175423267684,11,12
2024-12-05 12:00:00,108.93,57.046242811650075,51.88375718834993,12,12
2024-12-05 13:00:00,107.56,51.98904084380297,55.570959156197034,13,12
2024-12-05 14:00:00,108.45,50.50193566185652,57.94806433814348,14,12
2024-12-05 15:00:00,108.99,53.7180605000388,55.27193949996119,15,12
2024-12-05 16:00:00,131.22,70.89557385868414,60.324426141315854,16,12
2024-12-05 17:00:00,148.42,92.88157846588933,55.538421534110654,17,12
2024-12-05 18:00:00,154.55,103.22255114824543,51.32744885175458,18,12
2024-12-05 19:00:00,155.27,116.6744441539762,38.595555846023814,19,12
2024-12-05 20:00:00,156.22,112.95591751798372,43.26408248201628,20,12
2024-12-05 21:00:00,152.98,106.3250330741347,46.654966925865295,21,12
2024-12-05 22:00:00,148.41,93.6333589799541,54.7766410200459,22,12
2024-12-05 23:00:00,145.01,86.79432723970234,58.21567276029765,23,12
2024-12-06 00:00:00,129.0,68.32717143142804,60.67282856857196,0,12
2024-12-06 01:00:00,117.19,58.83306333962133,58.356936660378665,1,12
2024-12-06 02:00:00,100.8,56.716446232557416,44.08355376744258,2,12
2024-12-06 03:00:00,94.99,52.26869720167241,42.721302798327585,3,12
2024-12-06 04:00:00,92.53,48.12572577871663,44.40427422128337,4,12
2024-12-06 05:00:00,91.21,47.52714536947485,43.68285463052514,5,12
2024-12-06 06:00:00,100.0,54.50534058702141,45.49465941297859,6,12
2024-12-06 07:00:00,110.03,60.54199108580406,49.488008914195944,7,12
2024-12-06 08:00:00,125.07,63.04776647315015,62.022233526849845,8,12
2024-12-06 09:00:00,120.73,65.53540149514572,55.194598504854284,9,12
2024-12-06 10:00:00,111.07,62.4728579163131,48.59714208368689,10,12
2024-12-06 11:00:00,105.67,55.818585481377454,49.85141451862255,11,12
2024-12-06 12:00:00,94.0,53.34586769098428,40.65413230901572,12,12
2024-12-06 13:00:00,100.7,48.84034613218091,51.85965386781909,13,12
2024-12-06 14:00:00,100.83,47.36723426676889,53.46276573323111,14,12
2024-12-06 15:00:00,112.0,51.89202589653951,60.10797410346049,15,12
2024-12-06 16:00:00,129.22,68.8537650934411,60.3662349065589,16,12
2024-12-06 17:00:00,143.2,90.98398771100693,52.216012288993056,17,12
2024-12-06 18:00:00,146.85,101.20885695112588,45.64114304887411,18,12
2024-12-06 19:00:00,143.67,114.51734527877716,29.15265472122283,19,12
2024-12-06 20:00:00,144.24,110.3010913211582,33.93890867884181,20,12
2024-12-06 21:00:00,142.48,104.12075363526151,38.35924636473848,21,12
2024-12-06 22:00:00,137.26,89.37550173211457,47.88449826788542,22,12
2024-12-06 23:00:00,129.35,82.6812143140807,46.66878568591929,23,12
2024-12-07 00:00:00,73.45,64.81080407067964,8.639195929320366,0,12
2024-12-07 01:00:00,71.85,55.731366626811734,16.11863337318826,1,12
2024-12-07 02:00:00,65.27,53.36660903373587,11.903390966264126,2,12
2024-12-07 03:00:00,46.5,47.676304764651036,-1.1763047646510358,3,12
2024-12-07 04:00:00,39.04,43.33982710769442,-4.299827107694419,4,12
2024-12-07 05:00:00,28.2,42.28387903625139,-14.083879036251393,5,12
2024-12-07 06:00:00,28.85,47.51207479920771,-18.66207479920771,6,12
2024-12-07 07:00:00,40.31,51.30796229387039,-10.997962293870387,7,12
2024-12-07 08:00:00,43.22,54.065717319139026,-10.845717319139027,8,12
2024-12-07 09:00:00,42.36,57.37513876248505,-15.015138762485051,9,12
2024-12-07 10:00:00,26.0,55.70248289962228,-29.702482899622282,10,12
2024-12-07 11:00:00,5.0,51.04579355479808,-46.04579355479808,11,12
2024-12-07 12:00:00,3.32,49.75099874868732,-46.43099874868732,12,12
2024-12-07 13:00:00,3.32,45.96263136737474,-42.64263136737474,13,12
2024-12-07 14:00:00,2.28,45.31372009783456,-43.03372009783456,14,12
2024-12-07 15:00:00,2.0,48.462198706300796,-46.462198706300796,15,12
2024-12-07 16:00:00,3.6,65.64199684180318,-62.041996841803176,16,12
2024-12-07 17:00:00,41.9,87.71982469982237,-45.81982469982237,17,12
2024-12-07 18:00:00,56.34,98.60090262119769,-42.26090262119769,18,12
2024-12-07 19:00:00,62.97,112.11275674722486,-49.142756747224865,19,12
2024-12-07 20:00:00,71.85,107.42761537679951,-35.577615376799514,20,12
2024-12-07 21:00:00,45.51,100.76084182230045,-55.25084182230045,21,12
2024-12-07 22:00:00,41.9,85.44827749157815,-43.548277491578155,22,12
2024-12-07 23:00:00,35.0,79.28134142773729,-44.28134142773729,23,12
2024-12-08 00:00:00,18.64,60.91097826911084,-42.27097826911084,0,12
2024-12-08 01:00:00,13.9,51.2963620874678,-37.3963620874678,1,12
2024-12-08 02:00:00,8.19,49.41073415590512,-41.22073415590512,2,12
2024-12-08 03:00:00,3.6,43.842730529351854,-40.24273052935185,3,12
2024-12-08 04:00:00,3.32,39.762047753344746,-36.442047753344745,4,12
2024-12-08 05:00:00,3.32,38.90864492883816,-35.58864492883816,5,12
2024-12-08 06:00:00,3.32,46.00115973705499,-42.68115973705499,6,12
2024-12-08 07:00:00,5.0,50.952190658968846,-45.952190658968846,7,12
2024-12-08 08:00:00,5.0,54.17051388998084,-49.17051388998084,8,12
2024-12-08 09:00:00,3.32,58.26386433351604,-54.94386433351604,9,12
2024-12-08 10:00:00,3.04,57.8477416551483,-54.8077416551483,10,12
2024-12-08 11:00:00,0.44,52.900816633101044,-52.46081663310105,11,12
2024-12-08 12:00:00,0.44,50.98113102112177,-50.54113102112177,12,12
2024-12-08 13:00:00,0.44,47.1673167030055,-46.7273167030055,13,12
2024-12-08 14:00:00,0.44,47.43132224412574,-46.99132224412574,14,12
2024-12-08 15:00:00,0.44,50.678712914691914,-50.23871291469192,15,12
2024-12-08 16:00:00,3.32,67.3225610577548,-64.0025610577548,16,12
2024-12-08 17:00:00,41.24,87.85692145355819,-46.616921453558184,17,12
2024-12-08 18:00:00,74.97,98.85322062892874,-23.88322062892874,18,12
2024-12-08 19:00:00,72.5,112.487999159516,-39.987999159515994,19,12
2024-12-08 20:00:00,71.68,108.3673697504442,-36.68736975044419,20,12
2024-12-08 21:00:00,72.4,102.60813831264187,-30.208138312641864,21,12
2024-12-08 22:00:00,68.5,88.69190618724872,-20.19190618724872,22,12
2024-12-08 23:00:00,55.06,81.42269225263851,-26.36269225263851,23,12
2024-12-09 00:00:00,55.0,65.00366868534223,-10.003668685342234,0,12
2024-12-09 01:00:00,37.55,55.87372322560094,-18.323723225600943,1,12
2024-12-09 02:00:00,31.82,54.116244442651634,-22.296244442651634,2,12
2024-12-09 03:00:00,13.99,48.21201563780767,-34.222015637807665,3,12
2024-12-09 04:00:00,5.43,43.36183715050578,-37.93183715050578,4,12
2024-12-09 05:00:00,25.95,41.72362683482373,-15.773626834823734,5,12
2024-12-09 06:00:00,67.44,47.06804551945362,20.37195448054638,6,12
2024-12-09 07:00:00,111.16,50.6103097021051,60.5496902978949,7,12
2024-12-09 08:00:00,122.98,52.954416761248865,70.02558323875114,8,12
2024-12-09 09:00:00,85.3,56.09646010801765,29.203539891982345,9,12
2024-12-09 10:00:00,40.5,54.466981711996254,-13.966981711996254,10,12
2024-12-09 11:00:00,14.0,47.22696336225101,-33.22696336225101,11,12
2024-12-09 12:00:00,5.0,46.13665033819399,-41.13665033819399,12,12
2024-12-09 13:00:00,3.85,42.29223996876516,-38.44223996876516,13,12
2024-12-09 14:00:00,3.85,41.505079194806,-37.655079194806,14,12
2024-12-09 15:00:00,9.07,45.054837265539675,-35.984837265539674,15,12
2024-12-09 16:00:00,74.78,62.22781998140647,12.552180018593532,16,12
2024-12-09 17:00:00,125.34,83.85892840375664,41.48107159624337,17,12
2024-12-09 18:00:00,132.06,95.48333429422911,36.57666570577089,18,12
2024-12-09 19:00:00,130.0,109.37966214730358,20.620337852696423,19,12
2024-12-09 20:00:00,132.95,105.17333590290815,27.77666409709184,20,12
2024-12-09 21:00:00,137.21,98.61927756135691,38.5907224386431,21,12
2024-12-09 22:00:00,132.95,84.35832323793517,48.59167676206482,22,12
2024-12-09 23:00:00,114.35,77.80886896237439,36.541131037625604,23,12
2024-12-10 00:00:00,122.19,60.26524709430902,61.92475290569098,0,12
2024-12-10 01:00:00,109.02,50.800084664335884,58.21991533566411,1,12
2024-12-10 02:00:00,100.7,48.52005380386163,52.179946196138374,2,12
2024-12-10 03:00:00,100.7,43.432907256088015,57.26709274391199,3,12
2024-12-10 04:00:00,105.0,39.066480841241,65.933519158759,4,12
2024-12-10 05:00:00,115.0,38.05050109489224,76.94949890510776,5,12
2024-12-10 06:00:00,116.0,45.20672429558027,70.79327570441973,6,12
2024-12-10 07:00:00,140.0,50.277706117758385,89.72229388224162,7,12
2024-12-10 08:00:00,150.32,53.007848910541156,97.31215108945884,8,12
2024-12-10 09:00:00,142.18,56.050825210171695,86.12917478982831,9,12
2024-12-10 10:00:00,132.77,53.87892596165062,78.89107403834939,10,12
2024-12-10 11:00:00,119.0,48.253714964045855,70.74628503595414,11,12
2024-12-10 12:00:00,117.35,46.88671696656445,70.46328303343554,12,12
2024-12-10 13:00:00,115.21,42.42429143236376,72.78570856763623,13,12
2024-12-10 14:00:00,120.72,41.38018317031833,79.33981682968167,14,12
2024-12-10 15:00:00,131.0,45.01373205074697,85.98626794925303,15,12
2024-12-10 16:00:00,145.01,60.30416884370527,84.70583115629472,16,12
2024-12-10 17:00:00,160.6,82.58644676314998,78.01355323685002,17,12
2024-12-10 18:00:00,181.0,94.30637313532526,86.69362686467474,18,12
2024-12-10 19:00:00,178.28,108.7045498742217,69.5754501257783,19,12
2024-12-10 20:00:00,167.13,104.91135411629625,62.21864588370374,20,12
2024-12-10 21:00:00,162.0,98.73700191514996,63.26299808485004,21,12
2024-12-10 22:00:00,150.2,84.87938625487038,65.3206137451296,22,12
2024-12-10 23:00:00,140.0,77.35921048346461,62.64078951653539,23,12
2024-12-11 00:00:00,129.0,60.30091661978423,68.69908338021577,0,12
2024-12-11 01:00:00,114.49,50.748422440325896,63.7415775596741,1,12
2024-12-11 02:00:00,114.49,49.3843246620595,65.1056753379405,2,12
2024-12-11 03:00:00,113.05,43.81705034688673,69.23294965311327,3,12
2024-12-11 04:00:00,113.12,39.7082964452066,73.4117035547934,4,12
2024-12-11 05:00:00,114.16,38.86233229178873,75.29766770821126,5,12
2024-12-11 06:00:00,123.45,45.92876781872832,77.52123218127169,6,12
2024-12-11 07:00:00,155.64,52.616328387703504,103.02367161229648,7,12
2024-12-11 08:00:00,165.5,57.41789298446196,108.08210701553804,8,12
2024-12-11 09:00:00,157.5,61.81205860995698,95.68794139004302,9,12
2024-12-11 10:00:00,139.5,59.15524559653886,80.34475440346114,10,12
2024-12-11 11:00:00,125.0,52.28184138647248,72.71815861352752,11,12
2024-12-11 12:00:00,119.31,50.78980750581417,68.52019249418584,12,12
2024-12-11 13:00:00,121.6,46.97641697296035,74.62358302703964,13,12
2024-12-11 14:00:00,130.0,46.60250846272805,83.39749153727195,14,12
2024-12-11 15:00:00,134.76,50.477282759983666,84.28271724001632,15,12
2024-12-11 16:00:00,141.0,67.82769758755921,73.17230241244079,16,12
2024-12-11 17:00:00,158.66,90.38496255968363,68.27503744031637,17,12
2024-12-11 18:00:00,167.62,102.27760497791661,65.3423950220834,18,12
2024-12-11 19:00:00,170.0,116.75197855977956,53.24802144022044,19,12
2024-12-11 20:00:00,179.07,112.81312881034148,66.25687118965851,20,12
2024-12-11 21:00:00,165.2,105.45905076094317,59.74094923905682,21,12
2024-12-11 22:00:00,150.0,90.84479273768153,59.15520726231847,22,12
2024-12-11 23:00:00,136.1,83.39035326064771,52.70964673935228,23,12
2024-12-12 00:00:00,136.5,65.75055268619633,70.74944731380367,0,12
2024-12-12 01:00:00,120.77,56.0445578688462,64.7254421311538,1,12
2024-12-12 02:00:00,116.0,53.502796359254546,62.497203640745454,2,12
2024-12-12 03:00:00,113.23,48.80139795696664,64.42860204303337,3,12
2024-12-12 04:00:00,112.6,44.68855045251331,67.91144954748668,4,12
2024-12-12 05:00:00,120.92,43.61009254751622,77.30990745248378,5,12
2024-12-12 06:00:00,137.51,50.36595818504031,87.14404181495968,6,12
2024-12-12 07:00:00,162.12,55.85854760606122,106.26145239393878,7,12
2024-12-12 08:00:00,177.38,59.64898082526355,117.73101917473645,8,12
2024-12-12 09:00:00,167.63,65.1244512869601,102.5055487130399,9,12
2024-12-12 10:00:00,153.85,64.64257017339759,89.20742982660241,10,12
2024-12-12 11:00:00,140.01,57.209568990658966,82.80043100934103,11,12
2024-12-12 12:00:00,137.97,55.06479581075939,82.9052041892406,12,12
2024-12-12 13:00:00,139.0,50.488551285742346,88.51144871425765,13,12
2024-12-12 14:00:00,142.91,50.05097608750498,92.85902391249502,14,12
2024-12-12 15:00:00,148.0,54.04189508335321,93.95810491664679,15,12
2024-12-12 16:00:00,163.03,70.09942377031052,92.93057622968948,16,12
2024-12-12 17:00:00,162.42,90.04405735917885,72.37594264082114,17,12
2024-12-12 18:00:00,167.84,101.33377439377591,66.50622560622409,18,12
2024-12-12 19:00:00,172.06,114.2399201651059,57.8200798348941,19,12
2024-12-12 20:00:00,174.25,109.55874337997761,64.69125662002239,20,12
2024-12-12 21:00:00,169.4,102.81314560934646,66.58685439065354,21,12
2024-12-12 22:00:00,150.0,88.0454590172107,61.9545409827893,22,12
2024-12-12 23:00:00,134.75,80.38214059858478,54.36785940141522,23,12
2024-12-13 00:00:00,132.71,63.4711099998471,69.2388900001529,0,12
2024-12-13 01:00:00,125.0,53.51857035695451,71.48142964304549,1,12
2024-12-13 02:00:00,118.97,51.21542659059617,67.75457340940383,2,12
2024-12-13 03:00:00,114.95,46.20933490887194,68.74066509112807,3,12
2024-12-13 04:00:00,115.64,42.21657746974921,73.42342253025079,4,12
2024-12-13 05:00:00,123.96,41.31415280933436,82.64584719066563,5,12
2024-12-13 06:00:00,138.0,48.96181572178193,89.03818427821807,6,12
2024-12-13 07:00:00,154.9,54.85236834013091,100.0476316598691,7,12
2024-12-13 08:00:00,164.07,58.98669301100148,105.08330698899852,8,12
2024-12-13 09:00:00,163.8,63.54811763301774,100.25188236698227,9,12
2024-12-13 10:00:00,150.35,61.57452056162873,88.77547943837126,10,12
2024-12-13 11:00:00,145.01,54.74796599240699,90.262034007593,11,12
2024-12-13 12:00:00,141.0,52.60739145348367,88.39260854651633,12,12
2024-12-13 13:00:00,137.76,47.6595632620639,90.10043673793609,13,12
2024-12-13 14:00:00,137.76,46.3587854080389,91.4012145919611,14,12
2024-12-13 15:00:00,143.18,48.909199804740865,94.27080019525914,15,12
2024-12-13 16:00:00,151.66,64.56796231972447,87.09203768027552,16,12
2024-12-13 17:00:00,156.06,84.63537236657379,71.42462763342621,17,12
2024-12-13 18:00:00,172.35,95.11719280788543,77.23280719211456,18,12
2024-12-13 19:00:00,172.35,109.39492669989602,62.955073300103976,19,12
2024-12-13 20:00:00,172.35,105.6849589764584,66.66504102354159,20,12
2024-12-13 21:00:00,146.22,100.00952011818009,46.21047988181991,21,12
2024-12-13 22:00:00,141.45,86.06761774899945,55.382382251000536,22,12
2024-12-13 23:00:00,129.96,79.03685240408186,50.92314759591815,23,12
2024-12-14 00:00:00,141.17,61.28032604883367,79.88967395116632,0,12
2024-12-14 01:00:00,130.93,53.21407917695524,77.71592082304477,1,12
2024-12-14 02:00:00,130.18,52.50987511264361,77.6701248873564,2,12
2024-12-14 03:00:00,129.47,47.32590853987983,82.14409146012017,3,12
2024-12-14 04:00:00,126.87,43.47671696942035,83.39328303057965,4,12
2024-12-14 05:00:00,126.15,43.41856233936676,82.73143766063325,5,12
2024-12-14 06:00:00,129.47,50.33879663785501,79.13120336214499,6,12
2024-12-14 07:00:00,133.37,57.538598226375086,75.83140177362492,7,12
2024-12-14 08:00:00,137.27,60.869794399634145,76.40020560036587,8,12
2024-12-14 09:00:00,132.07,63.66242326853495,68.40757673146504,9,12
2024-12-14 10:00:00,122.0,59.51415506939463,62.48584493060537,10,12
2024-12-14 11:00:00,110.43,52.48842683223887,57.941573167761135,11,12
2024-12-14 12:00:00,109.73,49.955744843404204,59.7742551565958,12,12
2024-12-14 13:00:00,107.95,44.82171290180122,63.12828709819878,13,12
2024-12-14 14:00:00,104.07,44.483735487765955,59.58626451223404,14,12
2024-12-14 15:00:00,104.58,47.71160808179695,56.868391918203045,15,12
2024-12-14 16:00:00,112.29,64.80194701630467,47.48805298369534,16,12
2024-12-14 17:00:00,134.67,89.00937071738241,45.66062928261758,17,12
2024-12-14 18:00:00,151.32,101.09774878133834,50.222251218661654,18,12
2024-12-14 19:00:00,149.43,114.34236621059256,35.08763378940745,19,12
2024-12-14 20:00:00,150.0,109.76169141914562,40.23830858085438,20,12
2024-12-14 21:00:00,144.8,103.25315967801231,41.5468403219877,21,12
2024-12-14 22:00:00,142.37,87.45634368818389,54.91365631181611,22,12
2024-12-14 23:00:00,131.69,80.46084670031456,51.229153299685436,23,12
2024-12-15 00:00:00,125.92,62.13278946660694,63.787210533393065,0,12
2024-12-15 01:00:00,110.89,53.53233712383263,57.35766287616737,1,12
2024-12-15 02:00:00,108.0,52.06994216778463,55.93005783221537,2,12
2024-12-15 03:00:00,105.65,47.67121174723263,57.97878825276737,3,12
2024-12-15 04:00:00,100.45,43.542664117956804,56.9073358820432,4,12
2024-12-15 05:00:00,95.7,42.64665020155098,53.05334979844902,5,12
2024-12-15 06:00:00,95.7,49.007134474735665,46.69286552526434,6,12
2024-12-15 07:00:00,95.3,53.600174654146656,41.69982534585334,7,12
2024-12-15 08:00:00,103.33,56.540059006579725,46.789940993420274,8,12
2024-12-15 09:00:00,85.18,59.75025258096565,25.429747419034356,9,12
2024-12-15 10:00:00,74.57,59.319425405691845,15.250574594308148,10,12
2024-12-15 11:00:00,72.69,51.500845263466715,21.189154736533283,11,12
2024-12-15 12:00:00,77.87,47.96741133667899,29.902588663321012,12,12
2024-12-15 13:00:00,75.82,43.42589075667814,32.39410924332185,13,12
2024-12-15 14:00:00,71.89,43.894720291654664,27.995279708345336,14,12
2024-12-15 15:00:00,70.47,48.04710151324326,22.422898486756736,15,12
2024-12-15 16:00:00,85.18,65.61709633515142,19.56290366484859,16,12
2024-12-15 17:00:00,115.9,87.45926641618632,28.44073358381368,17,12
2024-12-15 18:00:00,133.95,98.13852390981373,35.81147609018626,18,12
2024-12-15 19:00:00,133.95,112.14945098905639,21.800549010943598,19,12
2024-12-15 20:00:00,138.84,109.13684869629179,29.70315130370821,20,12
2024-12-15 21:00:00,135.07,103.97034280362186,31.099657196378132,21,12
2024-12-15 22:00:00,131.71,90.80907846753234,40.90092153246766,22,12
2024-12-15 23:00:00,127.84,86.0806037102858,41.7593962897142,23,12
2024-12-16 00:00:00,110.0,68.29973993891099,41.70026006108901,0,12
2024-12-16 01:00:00,103.51,59.298957686987706,44.2110423130123,1,12
2024-12-16 02:00:00,101.2,57.21412608549383,43.98587391450617,2,12
2024-12-16 03:00:00,100.63,52.29680951939764,48.333190480602354,3,12
2024-12-16 04:00:00,100.14,48.13197964202931,52.00802035797069,4,12
2024-12-16 05:00:00,99.14,46.418293285422976,52.721706714577024,5,12
2024-12-16 06:00:00,110.9,52.1300170727925,58.76998292720751,6,12
2024-12-16 07:00:00,131.15,56.25708664006805,74.89291335993195,7,12
2024-12-16 08:00:00,141.04,60.25035894911019,80.7896410508898,8,12
2024-12-16 09:00:00,135.22,63.15836859441862,72.06163140558138,9,12
2024-12-16 10:00:00,111.6,60.29411942475713,51.30588057524287,10,12
2024-12-16 11:00:00,97.14,52.3770893939145,44.7629106060855,11,12
2024-12-16 12:00:00,95.19,50.53211517703562,44.65788482296438,12,12
2024-12-16 13:00:00,96.43,46.574993117812085,49.85500688218792,13,12
2024-12-16 14:00:00,96.89,47.13810538580452,49.75189461419548,14,12
2024-12-16 15:00:00,101.83,50.70229196123756,51.127708038762435,15,12
2024-12-16 16:00:00,121.5,68.24878131697312,53.25121868302688,16,12
2024-12-16 17:00:00,137.8,92.46835030350275,45.331649696497266,17,12
2024-12-16 18:00:00,163.43,104.4675316395672,58.96246836043281,18,12
2024-12-16 19:00:00,165.23,119.01854687857815,46.21145312142184,19,12
2024-12-16 20:00:00,166.89,115.21436147215798,51.67563852784201,20,12
2024-12-16 21:00:00,152.94,109.70657731299116,43.23342268700884,21,12
2024-12-16 22:00:00,135.5,95.92684996982143,39.57315003017857,22,12
2024-12-16 23:00:00,125.38,89.79843009169878,35.58156990830122,23,12
2024-12-17 00:00:00,122.13,72.23754328970125,49.892456710298745,0,12
2024-12-17 01:00:00,116.13,63.2762481559065,52.853751844093495,1,12
2024-12-17 02:00:00,106.25,61.75946733794376,44.49053266205624,2,12
2024-12-17 03:00:00,104.99,56.454837197676454,48.53516280232354,3,12
2024-12-17 04:00:00,101.24,52.358641935188245,48.88135806481175,4,12
2024-12-17 05:00:00,104.13,51.95412810061521,52.17587189938479,5,12
2024-12-17 06:00:00,110.5,59.771098130614064,50.728901869385936,6,12
2024-12-17 07:00:00,128.8,66.7099196158793,62.09008038412071,7,12
2024-12-17 08:00:00,145.0,71.5291323520924,73.4708676479076,8,12
2024-12-17 09:00:00,140.78,73.86072061048452,66.91927938951548,9,12
2024-12-17 10:00:00,124.1,69.01231153397919,55.08768846602081,10,12
2024-12-17 11:00:00,107.13,60.22116223892357,46.90883776107643,11,12
2024-12-17 12:00:00,102.91,56.43260961479507,46.47739038520493,12,12
2024-12-17 13:00:00,106.43,52.42651465267505,54.003485347324954,13,12
2024-12-17 14:00:00,109.93,51.518648993948716,58.41135100605129,14,12
2024-12-17 15:00:00,113.61,55.51781428870004,58.09218571129996,15,12
2024-12-17 16:00:00,123.8,73.11374964511191,50.68625035488809,16,12
2024-12-17 17:00:00,135.74,98.23249425485295,37.50750574514706,17,12
2024-12-17 18:00:00,143.33,109.22849963053977,34.10150036946024,18,12
2024-12-17 19:00:00,145.01,122.66868078375228,22.34131921624771,19,12
2024-12-17 20:00:00,146.24,118.2612491904319,27.978750809568112,20,12
2024-12-17 21:00:00,139.03,110.86841848570026,28.16158151429974,21,12
2024-12-17 22:00:00,125.16,96.1994200538125,28.960579946187494,22,12
2024-12-17 23:00:00,122.13,88.29897101268818,33.83102898731181,23,12
2024-12-18 00:00:00,116.9,70.44601643275092,46.45398356724908,0,12
2024-12-18 01:00:00,104.15,60.90569996928832,43.244300030711685,1,12
2024-12-18 02:00:00,91.89,58.631497644215756,33.258502355784245,2,12
2024-12-18 03:00:00,91.68,53.21018961075691,38.469810389243094,3,12
2024-12-18 04:00:00,91.89,49.41238413212977,42.47761586787023,4,12
2024-12-18 05:00:00,98.96,48.50002919034233,50.45997080965766,5,12
2024-12-18 06:00:00,119.41,55.691353664483756,63.71864633551624,6,12
2024-12-18 07:00:00,129.05,61.362079467370904,67.68792053262911,7,12
2024-12-18 08:00:00,146.54,64.75662750322965,81.78337249677034,8,12
2024-12-18 09:00:00,134.12,67.49459514530963,66.62540485469037,9,12
2024-12-18 10:00:00,119.41,64.8648580754932,54.545141924506794,10,12
2024-12-18 11:00:00,98.0,57.899121765501434,40.100878234498566,11,12
2024-12-18 12:00:00,90.8,55.45745746132724,35.34254253867276,12,12
2024-12-18 13:00:00,90.46,51.0682791667121,39.39172083328789,13,12
2024-12-18 14:00:00,90.0,51.47504658738319,38.52495341261681,14,12
2024-12-18 15:00:00,101.15,55.654774915074256,45.49522508492575,15,12
2024-12-18 16:00:00,120.44,73.24291909661349,47.19708090338651,16,12
2024-12-18 17:00:00,132.55,95.05035929388453,37.499640706115486,17,12
2024-12-18 18:00:00,136.14,105.483986588243,30.656013411756987,18,12
2024-12-18 19:00:00,135.15,118.86381453424394,16.286185465756063,19,12
2024-12-18 20:00:00,135.01,114.21415512366866,20.79584487633133,20,12
2024-12-18 21:00:00,129.95,107.96661000923103,21.983389990768956,21,12
2024-12-18 22:00:00,122.03,93.62051180993751,28.40948819006249,22,12
2024-12-18 23:00:00,97.0,86.67079341236098,10.329206587639021,23,12
2024-12-19 00:00:00,75.0,69.26454094840398,5.735459051596024,0,12
2024-12-19 01:00:00,30.1,60.24218777037294,-30.142187770372935,1,12
2024-12-19 02:00:00,10.0,59.02896813509517,-49.02896813509517,2,12
2024-12-19 03:00:00,6.0,54.293520529423176,-48.293520529423176,3,12
2024-12-19 04:00:00,5.0,50.71175072161924,-45.71175072161924,4,12
2024-12-19 05:00:00,14.0,50.39969784179232,-36.39969784179232,5,12
2024-12-19 06:00:00,58.12,57.66436500316814,0.45563499683185427,6,12
2024-12-19 07:00:00,86.09,63.885627078638095,22.20437292136191,7,12
2024-12-19 08:00:00,111.0,67.26071509800812,43.73928490199188,8,12
2024-12-19 09:00:00,109.79,69.55264650018188,40.23735349981813,9,12
2024-12-19 10:00:00,86.3,65.76780338633552,20.532196613664482,10,12
2024-12-19 11:00:00,76.96,57.95983471902849,19.0001652809715,11,12
2024-12-19 12:00:00,74.16,56.43653845802271,17.723461541977287,12,12
2024-12-19 13:00:00,70.4,52.04300179051654,18.356998209483464,13,12
2024-12-19 14:00:00,60.38,52.02385179656852,8.35614820343148,14,12
2024-12-19 15:00:00,61.2,55.81043776790938,5.389562232090626,15,12
2024-12-19 16:00:00,83.17,71.67883678378581,11.49116321621419,16,12
2024-12-19 17:00:00,100.79,92.20203286987726,8.587967130122749,17,12
2024-12-19 18:00:00,112.79,102.08607555608506,10.703924443914943,18,12
2024-12-19 19:00:00,120.68,115.6239452788372,5.056054721162809,19,12
2024-12-19 20:00:00,122.78,110.62489179975324,12.155108200246758,20,12
2024-12-19 21:00:00,122.78,104.00639851884523,18.77360148115477,21,12
2024-12-19 22:00:00,120.68,89.19819897501202,31.481801024987988,22,12
2024-12-19 23:00:00,103.9,80.82856886775824,23.07143113224177,23,12
2024-12-20 00:00:00,118.04,61.30135154479541,56.7386484552046,0,12
2024-12-20 01:00:00,109.18,51.6490122159243,57.530987784075705,1,12
2024-12-20 02:00:00,89.49,50.31700498854292,39.172995011457076,2,12
2024-12-20 03:00:00,86.2,45.21816510359355,40.981834896406454,3,12
2024-12-20 04:00:00,86.2,40.58063432744012,45.61936567255988,4,12
2024-12-20 05:00:00,89.99,40.33904708352708,49.65095291647292,5,12
2024-12-20 06:00:00,112.18,48.98376049710765,63.196239502892354,6,12
2024-12-20 07:00:00,130.6,57.61506375951626,72.98493624048373,7,12
2024-12-20 08:00:00,141.08,62.31616002026021,78.7638399797398,8,12
2024-12-20 09:00:00,131.98,66.71578082797885,65.26421917202114,9,12
2024-12-20 10:00:00,114.2,67.41965907453675,46.78034092546325,10,12
2024-12-20 11:00:00,99.27,60.72435038669079,38.54564961330921,11,12
2024-12-20 12:00:00,89.37,57.90694923175016,31.463050768249843,12,12
2024-12-20 13:00:00,85.81,52.531893358189734,33.27810664181027,13,12
2024-12-20 14:00:00,90.63,51.034694628984994,39.595305371015,14,12
2024-12-20 15:00:00,101.19,53.8030424159914,47.3869575840086,15,12
2024-12-20 16:00:00,112.18,70.02918835859032,42.15081164140969,16,12
2024-12-20 17:00:00,135.01,91.87727586555673,43.132724134443265,17,12
2024-12-20 18:00:00,141.08,103.93921825994136,37.14078174005866,18,12
2024-12-20 19:00:00,145.39,118.40305482833935,26.986945171660636,19,12
2024-12-20 20:00:00,145.38,114.47398042670869,30.906019573291303,20,12
2024-12-20 21:00:00,140.01,107.68733578594913,32.32266421405086,21,12
2024-12-20 22:00:00,131.98,93.29366049159881,38.686339508401176,22,12
2024-12-20 23:00:00,125.68,86.38068584644526,39.29931415355475,23,12
2024-12-21 00:00:00,125.8,68.94563626287572,56.854363737124274,0,12
2024-12-21 01:00:00,112.76,59.63615235445326,53.123847645546746,1,12
2024-12-21 02:00:00,97.0,57.73186349881405,39.26813650118595,2,12
2024-12-21 03:00:00,87.3,51.69061254771839,35.60938745228161,3,12
2024-12-21 04:00:00,87.09,47.92058858750022,39.169411412499784,4,12
2024-12-21 05:00:00,86.88,47.06436330442591,39.815636695574085,5,12
2024-12-21 06:00:00,90.8,53.94328383028687,36.856716169713124,6,12
2024-12-21 07:00:00,108.59,59.74355231028716,48.846447689712846,7,12
2024-12-21 08:00:00,114.98,62.988418379617826,51.99158162038218,8,12
2024-12-21 09:00:00,95.0,66.6069723708182,28.393027629181802,9,12
2024-12-21 10:00:00,80.0,62.83722744704369,17.162772552956312,10,12
2024-12-21 11:00:00,43.0,54.439490509446614,-11.439490509446614,11,12
2024-12-21 12:00:00,36.09,50.72485687539108,-14.63485687539108,12,12
2024-12-21 13:00:00,35.78,44.64370105420983,-8.863701054209827,13,12
2024-12-21 14:00:00,35.07,43.55107447942402,-8.481074479424016,14,12
2024-12-21 15:00:00,38.98,45.870372346301565,-6.890372346301568,15,12
2024-12-21 16:00:00,85.0,64.23685206933317,20.763147930666833,16,12
2024-12-21 17:00:00,126.2,87.2023855916006,38.9976144083994,17,12
2024-12-21 18:00:00,130.12,98.67097076408913,31.44902923591087,18,12
2024-12-21 19:00:00,133.24,111.9890813196863,21.250918680313703,19,12
2024-12-21 20:00:00,133.48,107.24781058651354,26.232189413486452,20,12
2024-12-21 21:00:00,133.48,99.48262973148917,33.99737026851082,21,12
2024-12-21 22:00:00,130.01,86.11913905426672,43.890860945733266,22,12
2024-12-21 23:00:00,126.78,78.93099801911,47.849001980889994,23,12
2024-12-22 00:00:00,100.5,61.20208126490519,39.29791873509481,0,12
2024-12-22 01:00:00,85.0,51.76779004834509,33.23220995165491,1,12
2024-12-22 02:00:00,72.62,49.63637741681839,22.983622583181614,2,12
2024-12-22 03:00:00,64.99,44.6966635084853,20.293336491514694,3,12
2024-12-22 04:00:00,59.88,40.56065745212544,19.319342547874562,4,12
2024-12-22 05:00:00,59.2,39.35304797728742,19.846952022712586,5,12
2024-12-22 06:00:00,59.63,44.758949901442975,14.871050098557028,6,12
2024-12-22 07:00:00,60.28,49.08424012564819,11.195759874351808,7,12
2024-12-22 08:00:00,60.3,53.48380325527512,6.816196744724877,8,12
2024-12-22 09:00:00,50.24,57.22875140777944,-6.988751407779439,9,12
2024-12-22 10:00:00,20.0,54.125124431399115,-34.125124431399115,10,12
2024-12-22 11:00:00,16.01,45.08657661164142,-29.076576611641418,11,12
2024-12-22 12:00:00,18.67,42.77097019587592,-24.100970195875917,12,12
2024-12-22 13:00:00,15.38,38.04503096875294,-22.665030968752937,13,12
2024-12-22 14:00:00,10.96,37.432782677154364,-26.472782677154363,14,12
2024-12-22 15:00:00,5.0,40.139674558336765,-35.139674558336765,15,12
2024-12-22 16:00:00,18.6,58.57753964330709,-39.97753964330709,16,12
2024-12-22 17:00:00,55.0,82.16498687167035,-27.16498687167035,17,12
2024-12-22 18:00:00,77.44,94.1509366285909,-16.7109366285909,18,12
2024-12-22 19:00:00,79.97,107.88272583223596,-27.912725832235964,19,12
2024-12-22 20:00:00,84.75,103.94224220754734,-19.192242207547338,20,12
2024-12-22 21:00:00,84.97,97.72978339545807,-12.759783395458072,21,12
2024-12-22 22:00:00,70.3,84.74122495468657,-14.441224954686575,22,12
2024-12-22 23:00:00,64.6,77.8805437394484,-13.280543739448404,23,12
2024-12-23 00:00:00,17.27,59.367457370227555,-42.09745737022756,0,12
2024-12-23 01:00:00,11.48,49.56837760211391,-38.08837760211391,1,12
2024-12-23 02:00:00,10.19,47.34381450411337,-37.15381450411337,2,12
2024-12-23 03:00:00,7.33,41.15023995128257,-33.82023995128257,3,12
2024-12-23 04:00:00,6.0,36.428114357026914,-30.428114357026914,4,12
2024-12-23 05:00:00,7.07,34.80416545984542,-27.73416545984542,5,12
2024-12-23 06:00:00,25.95,39.85792251375938,-13.907922513759377,6,12
2024-12-23 07:00:00,61.2,43.67708059087278,17.522919409127226,7,12
2024-12-23 08:00:00,72.47,46.434335702208784,26.035664297791214,8,12
2024-12-23 09:00:00,70.93,50.046459349444376,20.88354065055563,9,12
2024-12-23 10:00:00,25.0,47.841998411736256,-22.841998411736256,10,12
2024-12-23 11:00:00,5.11,41.92764014706273,-36.81764014706273,11,12
2024-12-23 12:00:00,3.32,39.77051424884951,-36.45051424884951,12,12
2024-12-23 13:00:00,3.32,35.57791554814088,-32.25791554814088,13,12
2024-12-23 14:00:00,3.6,35.377154416736914,-31.777154416736913,14,12
2024-12-23 15:00:00,5.0,38.31105671558953,-33.31105671558953,15,12
2024-12-23 16:00:00,30.9,55.09980139386499,-24.199801393864995,16,12
2024-12-23 17:00:00,87.11,78.81326158124716,8.296738418752838,17,12
2024-12-23 18:00:00,114.72,91.73584290981847,22.984157090181526,18,12
2024-12-23 19:00:00,124.89,105.66245581694136,19.22754418305864,19,12
2024-12-23 20:00:00,118.97,101.35801765358508,17.61198234641492,20,12
2024-12-23 21:00:00,109.28,96.35985419797612,12.920145802023882,21,12
2024-12-23 22:00:00,105.82,82.54022720017218,23.27977279982781,22,12
2024-12-23 23:00:00,90.8,75.34471682675229,15.455283173247707,23,12
2024-12-24 00:00:00,85.08,58.03300757206733,27.046992427932665,0,12
2024-12-24 01:00:00,82.84,48.3615901092345,34.478409890765505,1,12
2024-12-24 02:00:00,75.18,46.84507669694409,28.334923303055916,2,12
2024-12-24 03:00:00,65.0,41.84394776780141,23.15605223219859,3,12
2024-12-24 04:00:00,57.88,38.06714156073997,19.812858439260033,4,12
2024-12-24 05:00:00,58.3,37.51146079942822,20.788539200571776,5,12
2024-12-24 06:00:00,65.0,45.243223468851966,19.756776531148034,6,12
2024-12-24 07:00:00,84.16,51.5519913530876,32.608008646912396,7,12
2024-12-24 08:00:00,101.0,55.4074900983108,45.5925099016892,8,12
2024-12-24 09:00:00,84.97,59.324362694454805,25.645637305545193,9,12
2024-12-24 10:00:00,50.24,56.78960657344692,-6.5496065734469155,10,12
2024-12-24 11:00:00,40.0,50.34385845292519,-10.34385845292519,11,12
2024-12-24 12:00:00,36.0,48.29673951725812,-12.296739517258118,12,12
2024-12-24 13:00:00,35.78,43.114000718521424,-7.334000718521423,13,12
2024-12-24 14:00:00,35.0,41.93295827831298,-6.932958278312981,14,12
2024-12-24 15:00:00,36.0,45.667675710105584,-9.667675710105584,15,12
2024-12-24 16:00:00,65.0,62.164264304737515,2.8357356952624855,16,12
2024-12-24 17:00:00,112.21,85.54754161023186,26.662458389768133,17,12
2024-12-24 18:00:00,110.98,97.47969227151845,13.500307728481559,18,12
2024-12-24 19:00:00,105.66,111.63239821560177,-5.972398215601771,19,12
2024-12-24 20:00:00,102.56,107.3971109222528,-4.837110922252805,20,12
2024-12-24 21:00:00,94.63,101.05597504065145,-6.425975040651451,21,12
2024-12-24 22:00:00,99.04,86.99773987250518,12.042260127494828,22,12
2024-12-24 23:00:00,90.0,79.37552910312104,10.624470896878961,23,12
2024-12-25 00:00:00,91.37,61.634294170628266,29.73570582937174,0,12
2024-12-25 01:00:00,86.44,52.276698574020315,34.16330142597968,1,12
2024-12-25 02:00:00,85.07,49.80976066870954,35.26023933129045,2,12
2024-12-25 03:00:00,80.81,44.057907737456446,36.752092262543556,3,12
2024-12-25 04:00:00,75.99,39.05799301563053,36.932006984369465,4,12
2024-12-25 05:00:00,80.81,37.99486119225378,42.81513880774622,5,12
2024-12-25 06:00:00,83.18,44.35069442432393,38.829305575676074,6,12
2024-12-25 07:00:00,84.94,49.35722425921068,35.582775740789316,7,12
2024-12-25 08:00:00,90.21,52.65273056156667,37.55726943843332,8,12
2024-12-25 09:00:00,99.24,55.37714404298822,43.862855957011774,9,12
2024-12-25 10:00:00,86.7,51.15337776050313,35.54662223949687,10,12
2024-12-25 11:00:00,85.08,44.110410577625316,40.96958942237468,11,12
2024-12-25 12:00:00,86.63,42.08582784451107,44.54417215548892,12,12
2024-12-25 13:00:00,87.3,36.81139713106671,50.488602868933285,13,12
2024-12-25 14:00:00,85.08,37.10639369318267,47.97360630681733,14,12
2024-12-25 15:00:00,86.88,39.95649162692888,46.923508373071115,15,12
2024-12-25 16:00:00,108.27,56.795971327476536,51.47402867252346,16,12
2024-12-25 17:00:00,120.5,80.78124468780356,39.718755312196436,17,12
2024-12-25 18:00:00,135.05,91.8431443207553,43.20685567924471,18,12
2024-12-25 19:00:00,136.6,105.40815551295856,31.191844487041436,19,12
2024-12-25 20:00:00,140.7,100.37714893327768,40.32285106672231,20,12
2024-12-25 21:00:00,141.08,93.31631560640972,47.763684393590296,21,12
2024-12-25 22:00:00,136.6,78.96673565369622,57.633264346303775,22,12
2024-12-25 23:00:00,128.11,72.44629778685504,55.66370221314497,23,12
2024-12-26 00:00:00,138.08,56.038576845662476,82.04142315433754,0,12
2024-12-26 01:00:00,130.65,47.387726302965405,83.2622736970346,1,12
2024-12-26 02:00:00,128.11,45.60143707355974,82.50856292644028,2,12
2024-12-26 03:00:00,120.48,39.524568758106,80.955431241894,3,12
2024-12-26 04:00:00,120.48,34.738111086843105,85.7418889131569,4,12
2024-12-26 05:00:00,122.39,33.59656197763752,88.79343802236248,5,12
2024-12-26 06:00:00,134.11,38.86326096656478,95.24673903343523,6,12
2024-12-26 07:00:00,141.73,42.71794750585178,99.01205249414821,7,12
2024-12-26 08:00:00,149.99,45.18452043908292,104.80547956091709,8,12
2024-12-26 09:00:00,143.28,48.755616920008435,94.52438307999157,9,12
2024-12-26 10:00:00,129.48,46.3480554805343,83.13194451946569,10,12
2024-12-26 11:00:00,114.14,40.782481094139996,73.35751890586,11,12
2024-12-26 12:00:00,107.71,39.47644019495948,68.23355980504051,12,12
2024-12-26 13:00:00,105.3,35.81818921040275,69.48181078959725,13,12
2024-12-26 14:00:00,109.64,35.50262032869466,74.13737967130534,14,12
2024-12-26 15:00:00,120.75,39.14650810487882,81.60349189512118,15,12
2024-12-26 16:00:00,123.48,56.798800028364326,66.68119997163568,16,12
2024-12-26 17:00:00,141.98,80.12010077676337,61.859899223236624,17,12
2024-12-26 18:00:00,155.52,90.57871514974909,64.94128485025092,18,12
2024-12-26 19:00:00,159.02,105.47783890381953,53.54216109618048,19,12
2024-12-26 20:00:00,161.57,101.72974299052271,59.840257009477284,20,12
2024-12-26 21:00:00,166.8,94.87361098760584,71.92638901239417,21,12
2024-12-26 22:00:00,148.0,82.46704802076226,65.53295197923774,22,12
2024-12-26 23:00:00,141.98,75.95120645290814,66.02879354709185,23,12
2024-12-27 00:00:00,139.83,58.81875445733817,81.01124554266184,0,12
2024-12-27 01:00:00,132.96,49.412683300323465,83.54731669967654,1,12
2024-12-27 02:00:00,127.83,47.92426906460895,79.90573093539105,2,12
2024-12-27 03:00:00,117.58,42.13898024081692,75.44101975918308,3,12
2024-12-27 04:00:00,115.83,37.8068416032296,78.0231583967704,4,12
2024-12-27 05:00:00,117.0,37.68901187355419,79.3109881264458,5,12
2024-12-27 06:00:00,130.62,45.53369801031846,85.08630198968154,6,12
2024-12-27 07:00:00,144.33,50.74125982334925,93.58874017665076,7,12
2024-12-27 08:00:00,148.2,53.658907112052646,94.54109288794734,8,12
2024-12-27 09:00:00,145.01,58.063230111555185,86.9467698884448,9,12
2024-12-27 10:00:00,130.0,56.460155762526426,73.53984423747357,10,12
2024-12-27 11:00:00,107.94,49.55659792388741,58.38340207611259,11,12
2024-12-27 12:00:00,107.81,47.26660117046907,60.54339882953093,12,12
2024-12-27 13:00:00,107.94,41.93470781002674,66.00529218997326,13,12
2024-12-27 14:00:00,110.3,41.60812143694329,68.6918785630567,14,12
2024-12-27 15:00:00,114.15,44.810269583649415,69.33973041635059,15,12
2024-12-27 16:00:00,129.98,62.03794154135062,67.94205845864937,16,12
2024-12-27 17:00:00,149.78,84.75594662732459,65.02405337267541,17,12
2024-12-27 18:00:00,158.4,95.81536989243631,62.5846301075637,18,12
2024-12-27 19:00:00,159.02,109.7548647138712,49.26513528612881,19,12
2024-12-27 20:00:00,161.5,105.49014264937296,56.009857350627044,20,12
2024-12-27 21:00:00,158.5,98.91499057157267,59.58500942842733,21,12
2024-12-27 22:00:00,147.63,85.4598745916959,62.1701254083041,22,12
2024-12-27 23:00:00,144.36,78.0174657949176,66.34253420508242,23,12
2024-12-28 00:00:00,142.0,60.45412547395165,81.54587452604835,0,12
2024-12-28 01:00:00,135.33,51.00551455961852,84.3244854403815,1,12
2024-12-28 02:00:00,132.25,48.911354490523536,83.33864550947646,2,12
2024-12-28 03:00:00,125.42,43.85258333285242,81.56741666714758,3,12
2024-12-28 04:00:00,121.35,40.52182159280369,80.8281784071963,4,12
2024-12-28 05:00:00,122.05,40.48382010213476,81.56617989786524,5,12
2024-12-28 06:00:00,130.0,47.12197475915872,82.87802524084128,6,12
2024-12-28 07:00:00,135.0,52.37018491003943,82.62981508996057,7,12
2024-12-28 08:00:00,141.66,55.61604473523573,86.04395526476426,8,12
2024-12-28 09:00:00,137.25,59.59016845926482,77.65983154073518,9,12
2024-12-28 10:00:00,122.83,56.854540597521236,65.97545940247876,10,12
2024-12-28 11:00:00,113.4,48.38715600727528,65.01284399272473,11,12
2024-12-28 12:00:00,108.97,44.13846093152512,64.83153906847488,12,12
2024-12-28 13:00:00,110.01,39.49146797947094,70.51853202052907,13,12
2024-12-28 14:00:00,114.09,39.36319499751909,74.72680500248092,14,12
2024-12-28 15:00:00,114.09,42.83558111342387,71.25441888657613,15,12
2024-12-28 16:00:00,121.27,59.88679523996649,61.38320476003351,16,12
2024-12-28 17:00:00,142.61,84.10705520397721,58.5029447960228,17,12
2024-12-28 18:00:00,152.78,96.33376731252525,56.44623268747475,18,12
2024-12-28 19:00:00,157.0,110.28347520915759,46.71652479084241,19,12
2024-12-28 20:00:00,160.78,105.61470123591977,55.165298764080234,20,12
2024-12-28 21:00:00,157.0,98.99353607003565,58.006463929964355,21,12
2024-12-28 22:00:00,151.54,85.4333289378954,66.1066710621046,22,12
2024-12-28 23:00:00,146.44,79.5393875166464,66.9006124833536,23,12
2024-12-29 00:00:00,146.28,62.64244414097476,83.63755585902524,0,12
2024-12-29 01:00:00,142.77,53.798344442348366,88.97165555765164,1,12
2024-12-29 02:00:00,140.08,51.561277074612065,88.51872292538795,2,12
2024-12-29 03:00:00,138.3,46.4416109179723,91.85838908202771,3,12
2024-12-29 04:00:00,137.26,42.16373902059581,95.09626097940418,4,12
2024-12-29 05:00:00,137.26,41.20075097586465,96.05924902413534,5,12
2024-12-29 06:00:00,134.11,47.36438339705728,86.74561660294273,6,12
2024-12-29 07:00:00,138.3,51.722203413293016,86.577796586707,7,12
2024-12-29 08:00:00,141.66,54.25383089576172,87.40616910423827,8,12
2024-12-29 09:00:00,138.3,57.284891925464194,81.01510807453582,9,12
2024-12-29 10:00:00,115.88,54.176694848542695,61.7033051514573,10,12
2024-12-29 11:00:00,109.94,44.866957077813595,65.0730429221864,11,12
2024-12-29 12:00:00,109.4,40.95498270781843,68.44501729218157,12,12
2024-12-29 13:00:00,108.88,36.10029396704556,72.77970603295444,13,12
2024-12-29 14:00:00,109.81,35.54514638023295,74.26485361976705,14,12
2024-12-29 15:00:00,113.87,39.73199359096708,74.13800640903293,15,12
2024-12-29 16:00:00,125.13,58.71920339164183,66.41079660835817,16,12
2024-12-29 17:00:00,145.18,81.7351794944093,63.44482050559071,17,12
2024-12-29 18:00:00,152.78,93.41612849540826,59.36387150459174,18,12
2024-12-29 19:00:00,158.67,107.5092640327806,51.16073596721938,19,12
2024-12-29 20:00:00,162.0,103.18261245366881,58.81738754633119,20,12
2024-12-29 21:00:00,161.94,97.1812505665257,64.75874943347429,21,12
2024-12-29 22:00:00,151.54,84.22388819024127,67.31611180975872,22,12
2024-12-29 23:00:00,148.19,77.37096891997822,70.81903108002177,23,12
2024-12-30 00:00:00,141.5,60.13349051175169,81.36650948824831,0,12
2024-12-30 01:00:00,135.0,50.841807260198266,84.15819273980173,1,12
2024-12-30 02:00:00,131.0,48.360593668298634,82.63940633170137,2,12
2024-12-30 03:00:00,125.0,42.58332229377379,82.41667770622621,3,12
2024-12-30 04:00:00,124.0,38.27230704735513,85.72769295264487,4,12
2024-12-30 05:00:00,130.53,37.156703481501665,93.37329651849834,5,12
2024-12-30 06:00:00,143.97,42.844885381674715,101.12511461832528,6,12
2024-12-30 07:00:00,150.01,46.517114361075926,103.49288563892407,7,12
2024-12-30 08:00:00,159.83,49.746482924372515,110.0835170756275,8,12
2024-12-30 09:00:00,152.03,52.97089646395352,99.05910353604648,9,12
2024-12-30 10:00:00,141.5,48.81938429290261,92.68061570709739,10,12
2024-12-30 11:00:00,119.04,41.72741706401007,77.31258293598994,11,12
2024-12-30 12:00:00,121.42,39.55764587406429,81.86235412593571,12,12
2024-12-30 13:00:00,116.02,35.127731028026005,80.89226897197399,13,12
2024-12-30 14:00:00,119.5,35.07551984641748,84.42448015358252,14,12
2024-12-30 15:00:00,120.0,39.91404930470014,80.08595069529986,15,12
2024-12-30 16:00:00,133.53,58.12855366092322,75.40144633907678,16,12
2024-12-30 17:00:00,147.75,82.97545038987897,64.77454961012103,17,12
2024-12-30 18:00:00,162.43,95.70525444643584,66.72474555356416,18,12
2024-12-30 19:00:00,166.73,109.04825882840561,57.68174117159438,19,12
2024-12-30 20:00:00,172.72,104.69262097209622,68.02737902790378,20,12
2024-12-30 21:00:00,167.21,98.09462314791602,69.11537685208398,21,12
2024-12-30 22:00:00,155.65,84.82349052749464,70.82650947250536,22,12
2024-12-30 23:00:00,146.13,78.29308329930893,67.83691670069106,23,12
2024-12-31 00:00:00,145.0,61.278549438100015,83.72145056189999,0,12
2024-12-31 01:00:00,139.03,51.94309876637584,87.08690123362416,1,12
2024-12-31 02:00:00,137.48,50.24599579583071,87.23400420416928,2,12
2024-12-31 03:00:00,134.66,45.20838460320226,89.45161539679773,3,12
2024-12-31 04:00:00,127.37,41.274603223239865,86.09539677676014,4,12
2024-12-31 05:00:00,131.15,40.71698345814531,90.4330165418547,5,12
2024-12-31 06:00:00,137.18,47.871247962545965,89.30875203745404,6,12
2024-12-31 07:00:00,142.98,53.73357781214514,89.24642218785485,7,12
2024-12-31 08:00:00,149.77,57.429901805345594,92.34009819465442,8,12
2024-12-31 09:00:00,145.0,60.75015591108354,84.24984408891646,9,12
2024-12-31 10:00:00,134.66,57.836434786619975,76.82356521338002,10,12
2024-12-31 11:00:00,114.16,49.365411636131796,64.7945883638682,11,12
2024-12-31 12:00:00,112.01,45.801846149094956,66.20815385090505,12,12
2024-12-31 13:00:00,112.01,40.878141785048285,71.13185821495172,13,12
2024-12-31 14:00:00,111.75,39.78990677614496,71.96009322385504,14,12
2024-12-31 15:00:00,111.88,43.651515268617686,68.22848473138231,15,12
2024-12-31 16:00:00,124.37,62.08693746153898,62.283062538461024,16,12
2024-12-31 17:00:00,145.0,85.96342755899815,59.03657244100185,17,12
2024-12-31 18:00:00,155.01,98.12687765134814,56.88312234865185,18,12
2024-12-31 19:00:00,159.44,112.02842806582123,47.41157193417877,19,12
2024-12-31 20:00:00,156.1,107.13842562428772,48.961574375712274,20,12
2024-12-31 21:00:00,150.85,99.65529628658453,51.194703713415464,21,12
2024-12-31 22:00:00,144.4,85.33504128636957,59.06495871363043,22,12
2024-12-31 23:00:00,139.37,78.9700948578415,60.3999051421585,23,12
