datetime,Precio_Real,Prediccion_ARIMA,Diferencia_ARIMA,hour,month
2024-01-01 00:00:00,63.33,66.8780046385275,-3.5480046385275017,0,1
2024-01-01 01:00:00,50.09,61.57416826986197,-11.484168269861968,1,1
2024-01-01 02:00:00,47.5,57.1258350738658,-9.625835073865801,2,1
2024-01-01 03:00:00,43.5,53.91422122511771,-10.414221225117707,3,1
2024-01-01 04:00:00,42.5,51.904091919895166,-9.404091919895166,4,1
2024-01-01 05:00:00,42.09,50.85903370989014,-8.769033709890138,5,1
2024-01-01 06:00:00,42.5,50.485410094894995,-7.985410094894995,6,1
2024-01-01 07:00:00,42.59,50.51454506376612,-7.924545063766118,7,1
2024-01-01 08:00:00,43.37,50.739144235157234,-7.369144235157236,8,1
2024-01-01 09:00:00,42.29,51.020269825632774,-8.730269825632774,9,1
2024-01-01 10:00:00,25.0,51.278366512741606,-26.278366512741606,10,1
2024-01-01 11:00:00,3.9,51.47797145980839,-47.57797145980839,11,1
2024-01-01 12:00:00,3.2,51.612061013032275,-48.41206101303227,12,1
2024-01-01 13:00:00,2.06,51.68906751742856,-49.62906751742856,13,1
2024-01-01 14:00:00,1.73,51.723592034669686,-49.99359203466969,14,1
2024-01-01 15:00:00,5.72,51.73065110040531,-46.01065110040531,15,1
2024-01-01 16:00:00,18.49,51.722733112382976,-33.232733112382974,16,1
2024-01-01 17:00:00,37.0,51.708791467373906,-14.708791467373906,17,1
2024-01-01 18:00:00,47.5,51.69438654706624,-4.194386547066237,18,1
2024-01-01 19:00:00,54.97,51.682374531036544,3.287625468963455,19,1
2024-01-01 20:00:00,60.9,51.67374333090858,9.22625666909142,20,1
2024-01-01 21:00:00,60.0,51.66836959834427,8.33163040165573,21,1
2024-01-01 22:00:00,47.5,51.66559850085627,-4.1655985008562695,22,1
2024-01-01 23:00:00,42.09,51.66462954355359,-9.574629543553584,23,1
2024-01-02 00:00:00,37.8,51.664735429673435,-13.864735429673438,0,1
2024-01-02 01:00:00,25.0,51.665357827389705,-26.665357827389705,1,1
2024-01-02 02:00:00,3.99,51.666124331804696,-47.676124331804694,2,1
2024-01-02 03:00:00,14.0,51.66682305392068,-37.66682305392068,3,1
2024-01-02 04:00:00,10.0,51.66736071568084,-41.66736071568084,4,1
2024-01-02 05:00:00,14.54,51.667720155899374,-37.127720155899375,5,1
2024-01-02 06:00:00,36.29,51.66792528277968,-15.377925282779678,6,1
2024-01-02 07:00:00,44.7,51.66801612234699,-6.968016122346988,7,1
2024-01-02 08:00:00,53.78,51.66803344449689,2.111966555503109,8,1
2024-01-02 09:00:00,54.23,51.66801096373964,2.561989036260357,9,1
2024-01-02 10:00:00,50.0,51.66797273648121,-1.667972736481211,10,1
2024-01-02 11:00:00,52.2,51.6679336228084,0.5320663771916045,11,1
2024-01-02 12:00:00,45.0,51.66790119178476,-6.6679011917847575,12,1
2024-01-02 13:00:00,43.0,51.66787799927433,-8.667877999274332,13,1
2024-01-02 14:00:00,43.0,51.6678636365634,-8.667863636563403,14,1
2024-01-02 15:00:00,40.99,51.667856291572804,-10.677856291572802,15,1
2024-01-02 16:00:00,43.66,51.66785378272827,-8.007853782728276,16,1
2024-01-02 17:00:00,52.2,51.6678541416376,0.532145858362405,17,1
2024-01-02 18:00:00,57.77,51.66785586471843,6.10214413528157,18,1
2024-01-02 19:00:00,62.45,51.66785795396755,10.782142046032455,19,1
2024-01-02 20:00:00,58.0,51.66785984519316,6.332140154806837,20,1
2024-01-02 21:00:00,52.83,51.66786129322112,1.162138706778876,21,1
2024-01-02 22:00:00,46.26,51.66786225656261,-5.407862256562609,22,1
2024-01-02 23:00:00,40.1,51.66786280282103,-11.567862802821026,23,1
2024-01-03 00:00:00,6.8,51.66786304166728,-44.867863041667285,0,1
2024-01-03 01:00:00,3.2,51.66786308376604,-48.46786308376604,1,1
2024-01-03 02:00:00,3.2,51.66786302011991,-48.46786302011991,2,1
2024-01-03 03:00:00,3.2,51.667862915354085,-48.46786291535408,3,1
2024-01-03 04:00:00,3.2,51.667862809173506,-48.4678628091735,4,1
2024-01-03 05:00:00,2.21,51.667862721628374,-49.45786272162837,5,1
2024-01-03 06:00:00,4.78,51.667862659319084,-46.88786265931908,6,1
2024-01-03 07:00:00,45.42,51.66786262093919,-6.247862620939188,7,1
2024-01-03 08:00:00,61.92,51.66786260147872,10.252137398521285,8,1
2024-01-03 09:00:00,67.0,51.66786259499409,15.33213740500591,9,1
2024-01-03 10:00:00,63.6,51.66786259615896,11.93213740384104,10,1
2024-01-03 11:00:00,57.1,51.667862600924856,5.432137399075145,11,1
2024-01-03 12:00:00,55.0,51.66786260661772,3.3321373933822827,12,1
2024-01-03 13:00:00,55.42,51.667862611735714,3.7521373882642877,13,1
2024-01-03 14:00:00,61.0,51.66786261563491,9.33213738436509,14,1
2024-01-03 15:00:00,66.03,51.66786261821631,14.36213738178369,15,1
2024-01-03 16:00:00,67.52,51.6678626196706,15.852137380329395,16,1
2024-01-03 17:00:00,89.57,51.667862620298145,37.90213737970185,17,1
2024-01-03 18:00:00,94.2,51.667862620399255,42.53213737960075,18,1
2024-01-03 19:00:00,104.35,51.66786262021952,52.68213737978047,19,1
2024-01-03 20:00:00,113.26,51.667862619932535,61.59213738006747,20,1
2024-01-03 21:00:00,113.26,51.66786261964435,61.59213738035565,21,1
2024-01-03 22:00:00,94.2,51.66786261940807,42.532137380591934,22,1
2024-01-03 23:00:00,86.58,51.667862619240694,34.912137380759305,23,1
2024-01-04 00:00:00,90.39,51.667862619138155,38.722137380861845,0,1
2024-01-04 01:00:00,87.0,51.66786261908662,35.33213738091338,1,1
2024-01-04 02:00:00,80.21,51.66786261906989,28.5421373809301,2,1
2024-01-04 03:00:00,70.1,51.66786261907357,18.432137380926427,3,1
2024-01-04 04:00:00,66.86,51.66786261908674,15.192137380913259,4,1
2024-01-04 05:00:00,68.14,51.667862619102245,16.472137380897756,5,1
2024-01-04 06:00:00,86.74,51.66786261911609,35.0721373808839,6,1
2024-01-04 07:00:00,94.51,51.66786261912659,42.84213738087342,7,1
2024-01-04 08:00:00,96.0,51.6678626191335,44.3321373808665,8,1
2024-01-04 09:00:00,98.13,51.667862619137374,46.46213738086262,9,1
2024-01-04 10:00:00,95.0,51.66786261913902,43.33213738086098,10,1
2024-01-04 11:00:00,90.35,51.667862619139264,38.68213738086073,11,1
2024-01-04 12:00:00,89.0,51.66786261913876,37.33213738086124,12,1
2024-01-04 13:00:00,85.96,51.66786261913797,34.29213738086202,13,1
2024-01-04 14:00:00,92.11,51.66786261913719,40.44213738086281,14,1
2024-01-04 15:00:00,98.62,51.66786261913655,46.952137380863455,15,1
2024-01-04 16:00:00,99.5,51.6678626191361,47.8321373808639,16,1
2024-01-04 17:00:00,100.0,51.667862619135825,48.332137380864175,17,1
2024-01-04 18:00:00,102.57,51.66786261913569,50.9021373808643,18,1
2024-01-04 19:00:00,104.0,51.66786261913565,52.33213738086435,19,1
2024-01-04 20:00:00,105.18,51.66786261913566,53.512137380864345,20,1
2024-01-04 21:00:00,102.42,51.6678626191357,50.752137380864305,21,1
2024-01-04 22:00:00,99.41,51.66786261913574,47.74213738086426,22,1
2024-01-04 23:00:00,90.39,51.667862619135775,38.722137380864226,23,1
2024-01-05 00:00:00,86.08,51.6678626191358,34.412137380864195,0,1
2024-01-05 01:00:00,80.51,51.667862619135825,28.84213738086418,1,1
2024-01-05 02:00:00,77.01,51.66786261913583,25.342137380864173,2,1
2024-01-05 03:00:00,70.67,51.66786261913584,19.002137380864163,3,1
2024-01-05 04:00:00,61.1,51.66786261913584,9.432137380864162,4,1
2024-01-05 05:00:00,68.26,51.66786261913584,16.592137380864166,5,1
2024-01-05 06:00:00,75.0,51.66786261913584,23.33213738086416,6,1
2024-01-05 07:00:00,86.39,51.66786261913584,34.72213738086416,7,1
2024-01-05 08:00:00,90.88,51.66786261913584,39.21213738086416,8,1
2024-01-05 09:00:00,90.0,51.66786261913584,38.33213738086416,9,1
2024-01-05 10:00:00,76.47,51.66786261913584,24.80213738086416,10,1
2024-01-05 11:00:00,57.68,51.66786261913584,6.012137380864161,11,1
2024-01-05 12:00:00,45.87,51.66786261913584,-5.7978626191358416,12,1
2024-01-05 13:00:00,44.07,51.66786261913584,-7.597862619135839,13,1
2024-01-05 14:00:00,40.0,51.66786261913584,-11.667862619135839,14,1
2024-01-05 15:00:00,30.55,51.66786261913584,-21.11786261913584,15,1
2024-01-05 16:00:00,44.37,51.66786261913584,-7.2978626191358416,16,1
2024-01-05 17:00:00,67.0,51.66786261913584,15.332137380864161,17,1
2024-01-05 18:00:00,75.47,51.66786261913584,23.80213738086416,18,1
2024-01-05 19:00:00,78.19,51.66786261913584,26.52213738086416,19,1
2024-01-05 20:00:00,79.94,51.66786261913584,28.27213738086416,20,1
2024-01-05 21:00:00,78.26,51.66786261913584,26.592137380864166,21,1
2024-01-05 22:00:00,75.0,51.66786261913584,23.33213738086416,22,1
2024-01-05 23:00:00,68.0,51.66786261913584,16.33213738086416,23,1
2024-01-06 00:00:00,52.5,51.66786261913584,0.832137380864161,0,1
2024-01-06 01:00:00,45.0,51.66786261913584,-6.667862619135839,1,1
2024-01-06 02:00:00,44.2,51.66786261913584,-7.467862619135836,2,1
2024-01-06 03:00:00,43.5,51.66786261913584,-8.167862619135839,3,1
2024-01-06 04:00:00,23.99,51.66786261913584,-27.67786261913584,4,1
2024-01-06 05:00:00,23.99,51.66786261913584,-27.67786261913584,5,1
2024-01-06 06:00:00,30.51,51.66786261913584,-21.157862619135837,6,1
2024-01-06 07:00:00,44.4,51.66786261913584,-7.26786261913584,7,1
2024-01-06 08:00:00,45.8,51.66786261913584,-5.867862619135842,8,1
2024-01-06 09:00:00,45.0,51.66786261913584,-6.667862619135839,9,1
2024-01-06 10:00:00,25.0,51.66786261913584,-26.66786261913584,10,1
2024-01-06 11:00:00,4.0,51.66786261913584,-47.66786261913584,11,1
2024-01-06 12:00:00,3.2,51.66786261913584,-48.467862619135836,12,1
2024-01-06 13:00:00,3.2,51.66786261913584,-48.467862619135836,13,1
2024-01-06 14:00:00,3.2,51.66786261913584,-48.467862619135836,14,1
2024-01-06 15:00:00,3.2,51.66786261913584,-48.467862619135836,15,1
2024-01-06 16:00:00,25.0,51.66786261913584,-26.66786261913584,16,1
2024-01-06 17:00:00,65.0,51.66786261913584,13.332137380864161,17,1
2024-01-06 18:00:00,85.96,51.66786261913584,34.292137380864155,18,1
2024-01-06 19:00:00,92.05,51.66786261913584,40.38213738086416,19,1
2024-01-06 20:00:00,92.14,51.66786261913584,40.47213738086416,20,1
2024-01-06 21:00:00,88.0,51.66786261913584,36.33213738086416,21,1
2024-01-06 22:00:00,86.57,51.66786261913584,34.902137380864154,22,1
2024-01-06 23:00:00,79.87,51.66786261913584,28.202137380864166,23,1
2024-01-07 00:00:00,84.08,51.66786261913584,32.41213738086416,0,1
2024-01-07 01:00:00,79.82,51.66786261913584,28.152137380864154,1,1
2024-01-07 02:00:00,76.76,51.66786261913584,25.092137380864166,2,1
2024-01-07 03:00:00,73.46,51.66786261913584,21.792137380864155,3,1
2024-01-07 04:00:00,71.86,51.66786261913584,20.19213738086416,4,1
2024-01-07 05:00:00,72.08,51.66786261913584,20.41213738086416,5,1
2024-01-07 06:00:00,74.9,51.66786261913584,23.232137380864167,6,1
2024-01-07 07:00:00,77.69,51.66786261913584,26.02213738086416,7,1
2024-01-07 08:00:00,81.79,51.66786261913584,30.122137380864167,8,1
2024-01-07 09:00:00,84.86,51.66786261913584,33.19213738086416,9,1
2024-01-07 10:00:00,61.0,51.66786261913584,9.332137380864161,10,1
2024-01-07 11:00:00,55.87,51.66786261913584,4.2021373808641584,11,1
2024-01-07 12:00:00,50.6,51.66786261913584,-1.0678626191358376,12,1
2024-01-07 13:00:00,51.77,51.66786261913584,0.10213738086416413,13,1
2024-01-07 14:00:00,49.98,51.66786261913584,-1.6878626191358421,14,1
2024-01-07 15:00:00,45.57,51.66786261913584,-6.097862619135839,15,1
2024-01-07 16:00:00,60.0,51.66786261913584,8.332137380864161,16,1
2024-01-07 17:00:00,92.05,51.66786261913584,40.38213738086416,17,1
2024-01-07 18:00:00,104.85,51.66786261913584,53.182137380864155,18,1
2024-01-07 19:00:00,103.55,51.66786261913584,51.88213738086416,19,1
2024-01-07 20:00:00,100.5,51.66786261913584,48.83213738086416,20,1
2024-01-07 21:00:00,95.89,51.66786261913584,44.22213738086416,21,1
2024-01-07 22:00:00,91.17,51.66786261913584,39.50213738086416,22,1
2024-01-07 23:00:00,83.86,51.66786261913584,32.19213738086416,23,1
2024-01-08 00:00:00,86.97,51.66786261913584,35.30213738086416,0,1
2024-01-08 01:00:00,84.18,51.66786261913584,32.51213738086417,1,1
2024-01-08 02:00:00,81.53,51.66786261913584,29.862137380864162,2,1
2024-01-08 03:00:00,78.79,51.66786261913584,27.122137380864167,3,1
2024-01-08 04:00:00,78.43,51.66786261913584,26.762137380864168,4,1
2024-01-08 05:00:00,82.1,51.66786261913584,30.432137380864155,5,1
2024-01-08 06:00:00,94.3,51.66786261913584,42.63213738086416,6,1
2024-01-08 07:00:00,111.07,51.66786261913584,59.402137380864154,7,1
2024-01-08 08:00:00,120.4,51.66786261913584,68.73213738086417,8,1
2024-01-08 09:00:00,116.98,51.66786261913584,65.31213738086416,9,1
2024-01-08 10:00:00,110.57,51.66786261913584,58.902137380864154,10,1
2024-01-08 11:00:00,103.0,51.66786261913584,51.33213738086416,11,1
2024-01-08 12:00:00,95.46,51.66786261913584,43.792137380864155,12,1
2024-01-08 13:00:00,93.88,51.66786261913584,42.21213738086416,13,1
2024-01-08 14:00:00,100.0,51.66786261913584,48.33213738086416,14,1
2024-01-08 15:00:00,107.98,51.66786261913584,56.312137380864165,15,1
2024-01-08 16:00:00,115.27,51.66786261913584,63.60213738086416,16,1
2024-01-08 17:00:00,125.17,51.66786261913584,73.50213738086416,17,1
2024-01-08 18:00:00,129.99,51.66786261913584,78.32213738086418,18,1
2024-01-08 19:00:00,130.0,51.66786261913584,78.33213738086417,19,1
2024-01-08 20:00:00,133.28,51.66786261913584,81.61213738086417,20,1
2024-01-08 21:00:00,129.47,51.66786261913584,77.80213738086417,21,1
2024-01-08 22:00:00,115.42,51.66786261913584,63.75213738086416,22,1
2024-01-08 23:00:00,107.98,51.66786261913584,56.312137380864165,23,1
2024-01-09 00:00:00,98.92,51.66786261913584,47.25213738086416,0,1
2024-01-09 01:00:00,100.0,51.66786261913584,48.33213738086416,1,1
2024-01-09 02:00:00,98.43,51.66786261913584,46.76213738086417,2,1
2024-01-09 03:00:00,98.62,51.66786261913584,46.952137380864166,3,1
2024-01-09 04:00:00,97.15,51.66786261913584,45.48213738086417,4,1
2024-01-09 05:00:00,97.53,51.66786261913584,45.86213738086416,5,1
2024-01-09 06:00:00,102.79,51.66786261913584,51.12213738086417,6,1
2024-01-09 07:00:00,108.28,51.66786261913584,56.61213738086416,7,1
2024-01-09 08:00:00,122.55,51.66786261913584,70.88213738086415,8,1
2024-01-09 09:00:00,120.75,51.66786261913584,69.08213738086417,9,1
2024-01-09 10:00:00,110.32,51.66786261913584,58.652137380864154,10,1
2024-01-09 11:00:00,107.67,51.66786261913584,56.00213738086416,11,1
2024-01-09 12:00:00,107.01,51.66786261913584,55.342137380864166,12,1
2024-01-09 13:00:00,106.48,51.66786261913584,54.812137380864165,13,1
2024-01-09 14:00:00,107.07,51.66786261913584,55.402137380864154,14,1
2024-01-09 15:00:00,114.75,51.66786261913584,63.08213738086416,15,1
2024-01-09 16:00:00,124.29,51.66786261913584,72.62213738086416,16,1
2024-01-09 17:00:00,137.35,51.66786261913584,85.68213738086416,17,1
2024-01-09 18:00:00,137.0,51.66786261913584,85.33213738086417,18,1
2024-01-09 19:00:00,138.95,51.66786261913584,87.28213738086416,19,1
2024-01-09 20:00:00,148.01,51.66786261913584,96.34213738086416,20,1
2024-01-09 21:00:00,130.0,51.66786261913584,78.33213738086417,21,1
2024-01-09 22:00:00,111.86,51.66786261913584,60.19213738086416,22,1
2024-01-09 23:00:00,106.11,51.66786261913584,54.44213738086416,23,1
2024-01-10 00:00:00,92.33,51.66786261913584,40.66213738086416,0,1
2024-01-10 01:00:00,90.12,51.66786261913584,38.452137380864166,1,1
2024-01-10 02:00:00,87.01,51.66786261913584,35.342137380864166,2,1
2024-01-10 03:00:00,85.8,51.66786261913584,34.13213738086416,3,1
2024-01-10 04:00:00,85.0,51.66786261913584,33.33213738086416,4,1
2024-01-10 05:00:00,86.3,51.66786261913584,34.63213738086416,5,1
2024-01-10 06:00:00,95.0,51.66786261913584,43.33213738086416,6,1
2024-01-10 07:00:00,103.94,51.66786261913584,52.27213738086416,7,1
2024-01-10 08:00:00,121.4,51.66786261913584,69.73213738086417,8,1
2024-01-10 09:00:00,121.4,51.66786261913584,69.73213738086417,9,1
2024-01-10 10:00:00,105.38,51.66786261913584,53.71213738086416,10,1
2024-01-10 11:00:00,102.97,51.66786261913584,51.30213738086416,11,1
2024-01-10 12:00:00,99.99,51.66786261913584,48.322137380864156,12,1
2024-01-10 13:00:00,98.5,51.66786261913584,46.83213738086416,13,1
2024-01-10 14:00:00,94.76,51.66786261913584,43.092137380864166,14,1
2024-01-10 15:00:00,94.73,51.66786261913584,43.062137380864165,15,1
2024-01-10 16:00:00,99.37,51.66786261913584,47.702137380864166,16,1
2024-01-10 17:00:00,102.7,51.66786261913584,51.032137380864164,17,1
2024-01-10 18:00:00,111.29,51.66786261913584,59.62213738086417,18,1
2024-01-10 19:00:00,121.4,51.66786261913584,69.73213738086417,19,1
2024-01-10 20:00:00,120.0,51.66786261913584,68.33213738086417,20,1
2024-01-10 21:00:00,107.71,51.66786261913584,56.042137380864155,21,1
2024-01-10 22:00:00,101.32,51.66786261913584,49.652137380864154,22,1
2024-01-10 23:00:00,92.68,51.66786261913584,41.01213738086417,23,1
2024-01-11 00:00:00,91.75,51.66786261913584,40.08213738086416,0,1
2024-01-11 01:00:00,86.18,51.66786261913584,34.51213738086417,1,1
2024-01-11 02:00:00,82.1,51.66786261913584,30.432137380864155,2,1
2024-01-11 03:00:00,80.0,51.66786261913584,28.33213738086416,3,1
2024-01-11 04:00:00,79.6,51.66786261913584,27.932137380864155,4,1
2024-01-11 05:00:00,81.1,51.66786261913584,29.432137380864155,5,1
2024-01-11 06:00:00,85.91,51.66786261913584,34.24213738086416,6,1
2024-01-11 07:00:00,102.05,51.66786261913584,50.38213738086416,7,1
2024-01-11 08:00:00,113.84,51.66786261913584,62.172137380864164,8,1
2024-01-11 09:00:00,110.0,51.66786261913584,58.33213738086416,9,1
2024-01-11 10:00:00,97.63,51.66786261913584,45.96213738086416,10,1
2024-01-11 11:00:00,86.18,51.66786261913584,34.51213738086417,11,1
2024-01-11 12:00:00,83.89,51.66786261913584,32.22213738086416,12,1
2024-01-11 13:00:00,82.18,51.66786261913584,30.512137380864168,13,1
2024-01-11 14:00:00,83.0,51.66786261913584,31.33213738086416,14,1
2024-01-11 15:00:00,85.0,51.66786261913584,33.33213738086416,15,1
2024-01-11 16:00:00,97.63,51.66786261913584,45.96213738086416,16,1
2024-01-11 17:00:00,118.5,51.66786261913584,66.83213738086417,17,1
2024-01-11 18:00:00,128.93,51.66786261913584,77.26213738086417,18,1
2024-01-11 19:00:00,132.31,51.66786261913584,80.64213738086417,19,1
2024-01-11 20:00:00,117.93,51.66786261913584,66.26213738086417,20,1
2024-01-11 21:00:00,108.33,51.66786261913584,56.66213738086416,21,1
2024-01-11 22:00:00,100.0,51.66786261913584,48.33213738086416,22,1
2024-01-11 23:00:00,93.26,51.66786261913584,41.592137380864166,23,1
2024-01-12 00:00:00,88.98,51.66786261913584,37.312137380864165,0,1
2024-01-12 01:00:00,86.45,51.66786261913584,34.782137380864164,1,1
2024-01-12 02:00:00,84.99,51.66786261913584,33.322137380864156,2,1
2024-01-12 03:00:00,83.0,51.66786261913584,31.33213738086416,3,1
2024-01-12 04:00:00,83.14,51.66786261913584,31.47213738086416,4,1
2024-01-12 05:00:00,85.0,51.66786261913584,33.33213738086416,5,1
2024-01-12 06:00:00,89.0,51.66786261913584,37.33213738086416,6,1
2024-01-12 07:00:00,102.77,51.66786261913584,51.10213738086416,7,1
2024-01-12 08:00:00,113.28,51.66786261913584,61.61213738086416,8,1
2024-01-12 09:00:00,105.0,51.66786261913584,53.33213738086416,9,1
2024-01-12 10:00:00,100.0,51.66786261913584,48.33213738086416,10,1
2024-01-12 11:00:00,94.58,51.66786261913584,42.91213738086416,11,1
2024-01-12 12:00:00,92.0,51.66786261913584,40.33213738086416,12,1
2024-01-12 13:00:00,91.78,51.66786261913584,40.11213738086416,13,1
2024-01-12 14:00:00,90.1,51.66786261913584,38.432137380864155,14,1
2024-01-12 15:00:00,92.01,51.66786261913584,40.342137380864166,15,1
2024-01-12 16:00:00,100.98,51.66786261913584,49.312137380864165,16,1
2024-01-12 17:00:00,107.1,51.66786261913584,55.432137380864155,17,1
2024-01-12 18:00:00,126.0,51.66786261913584,74.33213738086417,18,1
2024-01-12 19:00:00,119.47,51.66786261913584,67.80213738086417,19,1
2024-01-12 20:00:00,110.0,51.66786261913584,58.33213738086416,20,1
2024-01-12 21:00:00,102.26,51.66786261913584,50.592137380864166,21,1
2024-01-12 22:00:00,98.0,51.66786261913584,46.33213738086416,22,1
2024-01-12 23:00:00,95.49,51.66786261913584,43.822137380864156,23,1
2024-01-13 00:00:00,90.0,51.66786261913584,38.33213738086416,0,1
2024-01-13 01:00:00,87.48,51.66786261913584,35.812137380864165,1,1
2024-01-13 02:00:00,82.0,51.66786261913584,30.33213738086416,2,1
2024-01-13 03:00:00,78.47,51.66786261913584,26.80213738086416,3,1
2024-01-13 04:00:00,75.0,51.66786261913584,23.33213738086416,4,1
2024-01-13 05:00:00,75.0,51.66786261913584,23.33213738086416,5,1
2024-01-13 06:00:00,78.3,51.66786261913584,26.632137380864158,6,1
2024-01-13 07:00:00,85.59,51.66786261913584,33.922137380864164,7,1
2024-01-13 08:00:00,92.71,51.66786261913584,41.042137380864155,8,1
2024-01-13 09:00:00,94.83,51.66786261913584,43.16213738086416,9,1
2024-01-13 10:00:00,90.93,51.66786261913584,39.26213738086417,10,1
2024-01-13 11:00:00,83.39,51.66786261913584,31.72213738086416,11,1
2024-01-13 12:00:00,73.96,51.66786261913584,22.292137380864155,12,1
2024-01-13 13:00:00,71.45,51.66786261913584,19.782137380864164,13,1
2024-01-13 14:00:00,74.51,51.66786261913584,22.842137380864166,14,1
2024-01-13 15:00:00,80.4,51.66786261913584,28.732137380864167,15,1
2024-01-13 16:00:00,91.23,51.66786261913584,39.562137380864165,16,1
2024-01-13 17:00:00,99.3,51.66786261913584,47.63213738086416,17,1
2024-01-13 18:00:00,107.99,51.66786261913584,56.322137380864156,18,1
2024-01-13 19:00:00,103.14,51.66786261913584,51.47213738086416,19,1
2024-01-13 20:00:00,100.0,51.66786261913584,48.33213738086416,20,1
2024-01-13 21:00:00,97.61,51.66786261913584,45.94213738086416,21,1
2024-01-13 22:00:00,93.12,51.66786261913584,41.452137380864166,22,1
2024-01-13 23:00:00,90.0,51.66786261913584,38.33213738086416,23,1
2024-01-14 00:00:00,86.1,51.66786261913584,34.432137380864155,0,1
2024-01-14 01:00:00,82.78,51.66786261913584,31.112137380864162,1,1
2024-01-14 02:00:00,78.66,51.66786261913584,26.992137380864158,2,1
2024-01-14 03:00:00,72.53,51.66786261913584,20.862137380864162,3,1
2024-01-14 04:00:00,69.34,51.66786261913584,17.672137380864164,4,1
2024-01-14 05:00:00,69.13,51.66786261913584,17.462137380864156,5,1
2024-01-14 06:00:00,69.71,51.66786261913584,18.042137380864155,6,1
2024-01-14 07:00:00,72.95,51.66786261913584,21.282137380864164,7,1
2024-01-14 08:00:00,77.9,51.66786261913584,26.232137380864167,8,1
2024-01-14 09:00:00,79.45,51.66786261913584,27.782137380864164,9,1
2024-01-14 10:00:00,74.69,51.66786261913584,23.02213738086416,10,1
2024-01-14 11:00:00,69.0,51.66786261913584,17.33213738086416,11,1
2024-01-14 12:00:00,67.8,51.66786261913584,16.132137380864158,12,1
2024-01-14 13:00:00,65.4,51.66786261913584,13.732137380864167,13,1
2024-01-14 14:00:00,63.1,51.66786261913584,11.432137380864162,14,1
2024-01-14 15:00:00,62.3,51.66786261913584,10.632137380864158,15,1
2024-01-14 16:00:00,65.13,51.66786261913584,13.462137380864156,16,1
2024-01-14 17:00:00,72.84,51.66786261913584,21.172137380864164,17,1
2024-01-14 18:00:00,86.18,51.66786261913584,34.51213738086417,18,1
2024-01-14 19:00:00,92.01,51.66786261913584,40.342137380864166,19,1
2024-01-14 20:00:00,86.03,51.66786261913584,34.36213738086416,20,1
2024-01-14 21:00:00,84.49,51.66786261913584,32.822137380864156,21,1
2024-01-14 22:00:00,82.97,51.66786261913584,31.30213738086416,22,1
2024-01-14 23:00:00,72.52,51.66786261913584,20.852137380864157,23,1
2024-01-15 00:00:00,77.7,51.66786261913584,26.032137380864164,0,1
2024-01-15 01:00:00,67.0,51.66786261913584,15.332137380864161,1,1
2024-01-15 02:00:00,64.99,51.66786261913584,13.322137380864156,2,1
2024-01-15 03:00:00,62.04,51.66786261913584,10.37213738086416,3,1
2024-01-15 04:00:00,62.1,51.66786261913584,10.432137380864162,4,1
2024-01-15 05:00:00,65.1,51.66786261913584,13.432137380864155,5,1
2024-01-15 06:00:00,69.13,51.66786261913584,17.462137380864156,6,1
2024-01-15 07:00:00,86.74,51.66786261913584,35.072137380864156,7,1
2024-01-15 08:00:00,99.52,51.66786261913584,47.85213738086416,8,1
2024-01-15 09:00:00,100.33,51.66786261913584,48.66213738086416,9,1
2024-01-15 10:00:00,94.92,51.66786261913584,43.25213738086416,10,1
2024-01-15 11:00:00,90.3,51.66786261913584,38.63213738086416,11,1
2024-01-15 12:00:00,85.7,51.66786261913584,34.032137380864164,12,1
2024-01-15 13:00:00,82.41,51.66786261913584,30.742137380864158,13,1
2024-01-15 14:00:00,84.99,51.66786261913584,33.322137380864156,14,1
2024-01-15 15:00:00,90.1,51.66786261913584,38.432137380864155,15,1
2024-01-15 16:00:00,95.82,51.66786261913584,44.152137380864154,16,1
2024-01-15 17:00:00,100.0,51.66786261913584,48.33213738086416,17,1
2024-01-15 18:00:00,112.85,51.66786261913584,61.182137380864155,18,1
2024-01-15 19:00:00,113.9,51.66786261913584,62.23213738086417,19,1
2024-01-15 20:00:00,107.58,51.66786261913584,55.91213738086416,20,1
2024-01-15 21:00:00,100.0,51.66786261913584,48.33213738086416,21,1
2024-01-15 22:00:00,97.21,51.66786261913584,45.542137380864155,22,1
2024-01-15 23:00:00,91.0,51.66786261913584,39.33213738086416,23,1
2024-01-16 00:00:00,86.59,51.66786261913584,34.922137380864164,0,1
2024-01-16 01:00:00,83.33,51.66786261913584,31.66213738086416,1,1
2024-01-16 02:00:00,80.94,51.66786261913584,29.27213738086416,2,1
2024-01-16 03:00:00,78.65,51.66786261913584,26.982137380864167,3,1
2024-01-16 04:00:00,78.35,51.66786261913584,26.682137380864155,4,1
2024-01-16 05:00:00,80.37,51.66786261913584,28.702137380864166,5,1
2024-01-16 06:00:00,89.0,51.66786261913584,37.33213738086416,6,1
2024-01-16 07:00:00,101.0,51.66786261913584,49.33213738086416,7,1
2024-01-16 08:00:00,127.07,51.66786261913584,75.40213738086416,8,1
2024-01-16 09:00:00,120.18,51.66786261913584,68.51213738086417,9,1
2024-01-16 10:00:00,99.28,51.66786261913584,47.61213738086416,10,1
2024-01-16 11:00:00,91.69,51.66786261913584,40.02213738086416,11,1
2024-01-16 12:00:00,93.0,51.66786261913584,41.33213738086416,12,1
2024-01-16 13:00:00,89.42,51.66786261913584,37.75213738086416,13,1
2024-01-16 14:00:00,90.0,51.66786261913584,38.33213738086416,14,1
2024-01-16 15:00:00,88.0,51.66786261913584,36.33213738086416,15,1
2024-01-16 16:00:00,84.88,51.66786261913584,33.21213738086416,16,1
2024-01-16 17:00:00,88.0,51.66786261913584,36.33213738086416,17,1
2024-01-16 18:00:00,89.02,51.66786261913584,37.35213738086416,18,1
2024-01-16 19:00:00,99.49,51.66786261913584,47.822137380864156,19,1
2024-01-16 20:00:00,99.78,51.66786261913584,48.11213738086416,20,1
2024-01-16 21:00:00,88.75,51.66786261913584,37.08213738086416,21,1
2024-01-16 22:00:00,75.99,51.66786261913584,24.322137380864156,22,1
2024-01-16 23:00:00,60.0,51.66786261913584,8.332137380864161,23,1
2024-01-17 00:00:00,19.13,51.66786261913584,-32.537862619135836,0,1
2024-01-17 01:00:00,15.93,51.66786261913584,-35.73786261913584,1,1
2024-01-17 02:00:00,6.0,51.66786261913584,-45.66786261913584,2,1
2024-01-17 03:00:00,4.9,51.66786261913584,-46.76786261913584,3,1
2024-01-17 04:00:00,4.9,51.66786261913584,-46.76786261913584,4,1
2024-01-17 05:00:00,5.0,51.66786261913584,-46.66786261913584,5,1
2024-01-17 06:00:00,16.7,51.66786261913584,-34.96786261913584,6,1
2024-01-17 07:00:00,44.2,51.66786261913584,-7.467862619135836,7,1
2024-01-17 08:00:00,45.5,51.66786261913584,-6.167862619135839,8,1
2024-01-17 09:00:00,45.5,51.66786261913584,-6.167862619135839,9,1
2024-01-17 10:00:00,44.8,51.66786261913584,-6.867862619135842,10,1
2024-01-17 11:00:00,34.52,51.66786261913584,-17.147862619135836,11,1
2024-01-17 12:00:00,17.29,51.66786261913584,-34.37786261913584,12,1
2024-01-17 13:00:00,12.99,51.66786261913584,-38.67786261913584,13,1
2024-01-17 14:00:00,5.1,51.66786261913584,-46.56786261913584,14,1
2024-01-17 15:00:00,5.0,51.66786261913584,-46.66786261913584,15,1
2024-01-17 16:00:00,18.38,51.66786261913584,-33.287862619135836,16,1
2024-01-17 17:00:00,43.5,51.66786261913584,-8.167862619135839,17,1
2024-01-17 18:00:00,45.4,51.66786261913584,-6.26786261913584,18,1
2024-01-17 19:00:00,49.1,51.66786261913584,-2.5678626191358376,19,1
2024-01-17 20:00:00,54.88,51.66786261913584,3.2121373808641636,20,1
2024-01-17 21:00:00,46.8,51.66786261913584,-4.867862619135842,21,1
2024-01-17 22:00:00,43.37,51.66786261913584,-8.297862619135842,22,1
2024-01-17 23:00:00,18.03,51.66786261913584,-33.63786261913584,23,1
2024-01-18 00:00:00,3.2,51.66786261913584,-48.467862619135836,0,1
2024-01-18 01:00:00,3.2,51.66786261913584,-48.467862619135836,1,1
2024-01-18 02:00:00,1.68,51.66786261913584,-49.98786261913584,2,1
2024-01-18 03:00:00,0.43,51.66786261913584,-51.23786261913584,3,1
2024-01-18 04:00:00,0.99,51.66786261913584,-50.67786261913584,4,1
2024-01-18 05:00:00,3.2,51.66786261913584,-48.467862619135836,5,1
2024-01-18 06:00:00,3.2,51.66786261913584,-48.467862619135836,6,1
2024-01-18 07:00:00,30.1,51.66786261913584,-21.567862619135838,7,1
2024-01-18 08:00:00,47.19,51.66786261913584,-4.477862619135841,8,1
2024-01-18 09:00:00,55.77,51.66786261913584,4.102137380864164,9,1
2024-01-18 10:00:00,45.27,51.66786261913584,-6.397862619135836,10,1
2024-01-18 11:00:00,43.66,51.66786261913584,-8.007862619135842,11,1
2024-01-18 12:00:00,39.19,51.66786261913584,-12.477862619135841,12,1
2024-01-18 13:00:00,35.0,51.66786261913584,-16.66786261913584,13,1
2024-01-18 14:00:00,35.3,51.66786261913584,-16.367862619135842,14,1
2024-01-18 15:00:00,45.4,51.66786261913584,-6.26786261913584,15,1
2024-01-18 16:00:00,62.17,51.66786261913584,10.502137380864163,16,1
2024-01-18 17:00:00,96.02,51.66786261913584,44.35213738086416,17,1
2024-01-18 18:00:00,103.71,51.66786261913584,52.042137380864155,18,1
2024-01-18 19:00:00,99.6,51.66786261913584,47.932137380864155,19,1
2024-01-18 20:00:00,105.34,51.66786261913584,53.672137380864164,20,1
2024-01-18 21:00:00,98.84,51.66786261913584,47.172137380864164,21,1
2024-01-18 22:00:00,92.14,51.66786261913584,40.47213738086416,22,1
2024-01-18 23:00:00,73.61,51.66786261913584,21.94213738086416,23,1
2024-01-19 00:00:00,71.82,51.66786261913584,20.152137380864154,0,1
2024-01-19 01:00:00,67.44,51.66786261913584,15.772137380864159,1,1
2024-01-19 02:00:00,67.17,51.66786261913584,15.502137380864163,2,1
2024-01-19 03:00:00,60.0,51.66786261913584,8.332137380864161,3,1
2024-01-19 04:00:00,54.79,51.66786261913584,3.12213738086416,4,1
2024-01-19 05:00:00,50.0,51.66786261913584,-1.667862619135839,5,1
2024-01-19 06:00:00,60.0,51.66786261913584,8.332137380864161,6,1
2024-01-19 07:00:00,74.4,51.66786261913584,22.732137380864167,7,1
2024-01-19 08:00:00,82.32,51.66786261913584,30.652137380864154,8,1
2024-01-19 09:00:00,87.33,51.66786261913584,35.66213738086416,9,1
2024-01-19 10:00:00,81.0,51.66786261913584,29.33213738086416,10,1
2024-01-19 11:00:00,78.0,51.66786261913584,26.33213738086416,11,1
2024-01-19 12:00:00,78.74,51.66786261913584,27.072137380864156,12,1
2024-01-19 13:00:00,70.83,51.66786261913584,19.16213738086416,13,1
2024-01-19 14:00:00,61.13,51.66786261913584,9.462137380864164,14,1
2024-01-19 15:00:00,60.14,51.66786261913584,8.472137380864162,15,1
2024-01-19 16:00:00,63.0,51.66786261913584,11.332137380864161,16,1
2024-01-19 17:00:00,69.18,51.66786261913584,17.512137380864168,17,1
2024-01-19 18:00:00,80.5,51.66786261913584,28.83213738086416,18,1
2024-01-19 19:00:00,84.2,51.66786261913584,32.532137380864164,19,1
2024-01-19 20:00:00,82.88,51.66786261913584,31.212137380864156,20,1
2024-01-19 21:00:00,80.5,51.66786261913584,28.83213738086416,21,1
2024-01-19 22:00:00,74.4,51.66786261913584,22.732137380864167,22,1
2024-01-19 23:00:00,61.0,51.66786261913584,9.332137380864161,23,1
2024-01-20 00:00:00,73.75,51.66786261913584,22.08213738086416,0,1
2024-01-20 01:00:00,63.92,51.66786261913584,12.252137380864163,1,1
2024-01-20 02:00:00,63.81,51.66786261913584,12.142137380864163,2,1
2024-01-20 03:00:00,63.81,51.66786261913584,12.142137380864163,3,1
2024-01-20 04:00:00,63.68,51.66786261913584,12.01213738086416,4,1
2024-01-20 05:00:00,66.1,51.66786261913584,14.432137380864155,5,1
2024-01-20 06:00:00,70.3,51.66786261913584,18.632137380864158,6,1
2024-01-20 07:00:00,75.93,51.66786261913584,24.262137380864168,7,1
2024-01-20 08:00:00,84.09,51.66786261913584,32.422137380864164,8,1
2024-01-20 09:00:00,88.31,51.66786261913584,36.64213738086416,9,1
2024-01-20 10:00:00,82.85,51.66786261913584,31.182137380864155,10,1
2024-01-20 11:00:00,76.64,51.66786261913584,24.97213738086416,11,1
2024-01-20 12:00:00,74.65,51.66786261913584,22.982137380864167,12,1
2024-01-20 13:00:00,69.84,51.66786261913584,18.172137380864164,13,1
2024-01-20 14:00:00,73.41,51.66786261913584,21.742137380864158,14,1
2024-01-20 15:00:00,79.21,51.66786261913584,27.542137380864155,15,1
2024-01-20 16:00:00,87.97,51.66786261913584,36.30213738086416,16,1
2024-01-20 17:00:00,95.07,51.66786261913584,43.402137380864154,17,1
2024-01-20 18:00:00,99.94,51.66786261913584,48.27213738086416,18,1
2024-01-20 19:00:00,99.58,51.66786261913584,47.91213738086416,19,1
2024-01-20 20:00:00,99.94,51.66786261913584,48.27213738086416,20,1
2024-01-20 21:00:00,99.58,51.66786261913584,47.91213738086416,21,1
2024-01-20 22:00:00,94.46,51.66786261913584,42.792137380864155,22,1
2024-01-20 23:00:00,85.78,51.66786261913584,34.11213738086416,23,1
2024-01-21 00:00:00,69.07,51.66786261913584,17.402137380864154,0,1
2024-01-21 01:00:00,59.11,51.66786261913584,7.44213738086416,1,1
2024-01-21 02:00:00,58.2,51.66786261913584,6.532137380864164,2,1
2024-01-21 03:00:00,57.57,51.66786261913584,5.902137380864161,3,1
2024-01-21 04:00:00,57.5,51.66786261913584,5.832137380864161,4,1
2024-01-21 05:00:00,57.5,51.66786261913584,5.832137380864161,5,1
2024-01-21 06:00:00,57.5,51.66786261913584,5.832137380864161,6,1
2024-01-21 07:00:00,59.0,51.66786261913584,7.332137380864161,7,1
2024-01-21 08:00:00,60.1,51.66786261913584,8.432137380864162,8,1
2024-01-21 09:00:00,59.0,51.66786261913584,7.332137380864161,9,1
2024-01-21 10:00:00,58.64,51.66786261913584,6.972137380864162,10,1
2024-01-21 11:00:00,56.8,51.66786261913584,5.132137380864158,11,1
2024-01-21 12:00:00,56.36,51.66786261913584,4.69213738086416,12,1
2024-01-21 13:00:00,47.42,51.66786261913584,-4.247862619135837,13,1
2024-01-21 14:00:00,52.67,51.66786261913584,1.0021373808641627,14,1
2024-01-21 15:00:00,53.75,51.66786261913584,2.082137380864161,15,1
2024-01-21 16:00:00,56.89,51.66786261913584,5.222137380864162,16,1
2024-01-21 17:00:00,64.89,51.66786261913584,13.222137380864162,17,1
2024-01-21 18:00:00,83.98,51.66786261913584,32.312137380864165,18,1
2024-01-21 19:00:00,93.52,51.66786261913584,41.85213738086416,19,1
2024-01-21 20:00:00,95.62,51.66786261913584,43.952137380864166,20,1
2024-01-21 21:00:00,94.52,51.66786261913584,42.85213738086416,21,1
2024-01-21 22:00:00,76.83,51.66786261913584,25.16213738086416,22,1
2024-01-21 23:00:00,59.2,51.66786261913584,7.532137380864164,23,1
2024-01-22 00:00:00,47.0,51.66786261913584,-4.667862619135839,0,1
2024-01-22 01:00:00,41.8,51.66786261913584,-9.867862619135842,1,1
2024-01-22 02:00:00,35.0,51.66786261913584,-16.66786261913584,2,1
2024-01-22 03:00:00,25.0,51.66786261913584,-26.66786261913584,3,1
2024-01-22 04:00:00,28.1,51.66786261913584,-23.567862619135838,4,1
2024-01-22 05:00:00,40.0,51.66786261913584,-11.667862619135839,5,1
2024-01-22 06:00:00,49.01,51.66786261913584,-2.657862619135841,6,1
2024-01-22 07:00:00,75.0,51.66786261913584,23.33213738086416,7,1
2024-01-22 08:00:00,92.69,51.66786261913584,41.02213738086416,8,1
2024-01-22 09:00:00,86.66,51.66786261913584,34.99213738086416,9,1
2024-01-22 10:00:00,71.08,51.66786261913584,19.41213738086416,10,1
2024-01-22 11:00:00,61.99,51.66786261913584,10.322137380864163,11,1
2024-01-22 12:00:00,57.67,51.66786261913584,6.002137380864163,12,1
2024-01-22 13:00:00,58.48,51.66786261913584,6.812137380864158,13,1
2024-01-22 14:00:00,59.87,51.66786261913584,8.202137380864158,14,1
2024-01-22 15:00:00,59.99,51.66786261913584,8.322137380864163,15,1
2024-01-22 16:00:00,66.07,51.66786261913584,14.402137380864154,16,1
2024-01-22 17:00:00,79.09,51.66786261913584,27.422137380864164,17,1
2024-01-22 18:00:00,98.18,51.66786261913584,46.51213738086417,18,1
2024-01-22 19:00:00,104.91,51.66786261913584,53.24213738086416,19,1
2024-01-22 20:00:00,119.0,51.66786261913584,67.33213738086417,20,1
2024-01-22 21:00:00,103.21,51.66786261913584,51.542137380864155,21,1
2024-01-22 22:00:00,94.27,51.66786261913584,42.60213738086416,22,1
2024-01-22 23:00:00,75.93,51.66786261913584,24.262137380864168,23,1
2024-01-23 00:00:00,61.1,51.66786261913584,9.432137380864162,0,1
2024-01-23 01:00:00,59.0,51.66786261913584,7.332137380864161,1,1
2024-01-23 02:00:00,58.5,51.66786261913584,6.832137380864161,2,1
2024-01-23 03:00:00,59.87,51.66786261913584,8.202137380864158,3,1
2024-01-23 04:00:00,58.5,51.66786261913584,6.832137380864161,4,1
2024-01-23 05:00:00,58.5,51.66786261913584,6.832137380864161,5,1
2024-01-23 06:00:00,65.55,51.66786261913584,13.882137380864158,6,1
2024-01-23 07:00:00,90.1,51.66786261913584,38.432137380864155,7,1
2024-01-23 08:00:00,97.5,51.66786261913584,45.83213738086416,8,1
2024-01-23 09:00:00,91.86,51.66786261913584,40.19213738086416,9,1
2024-01-23 10:00:00,81.0,51.66786261913584,29.33213738086416,10,1
2024-01-23 11:00:00,66.65,51.66786261913584,14.982137380864167,11,1
2024-01-23 12:00:00,61.91,51.66786261913584,10.242137380864158,12,1
2024-01-23 13:00:00,61.03,51.66786261913584,9.362137380864162,13,1
2024-01-23 14:00:00,62.01,51.66786261913584,10.342137380864159,14,1
2024-01-23 15:00:00,64.0,51.66786261913584,12.332137380864161,15,1
2024-01-23 16:00:00,66.62,51.66786261913584,14.952137380864166,16,1
2024-01-23 17:00:00,84.0,51.66786261913584,32.33213738086416,17,1
2024-01-23 18:00:00,96.98,51.66786261913584,45.312137380864165,18,1
2024-01-23 19:00:00,115.0,51.66786261913584,63.33213738086416,19,1
2024-01-23 20:00:00,129.01,51.66786261913584,77.34213738086416,20,1
2024-01-23 21:00:00,106.76,51.66786261913584,55.092137380864166,21,1
2024-01-23 22:00:00,92.5,51.66786261913584,40.83213738086416,22,1
2024-01-23 23:00:00,84.51,51.66786261913584,32.842137380864166,23,1
2024-01-24 00:00:00,86.0,51.66786261913584,34.33213738086416,0,1
2024-01-24 01:00:00,78.93,51.66786261913584,27.262137380864168,1,1
2024-01-24 02:00:00,73.73,51.66786261913584,22.062137380864165,2,1
2024-01-24 03:00:00,71.69,51.66786261913584,20.02213738086416,3,1
2024-01-24 04:00:00,70.94,51.66786261913584,19.27213738086416,4,1
2024-01-24 05:00:00,71.69,51.66786261913584,20.02213738086416,5,1
2024-01-24 06:00:00,80.19,51.66786261913584,28.52213738086416,6,1
2024-01-24 07:00:00,93.18,51.66786261913584,41.51213738086417,7,1
2024-01-24 08:00:00,101.5,51.66786261913584,49.83213738086416,8,1
2024-01-24 09:00:00,89.02,51.66786261913584,37.35213738086416,9,1
2024-01-24 10:00:00,70.69,51.66786261913584,19.02213738086416,10,1
2024-01-24 11:00:00,61.8,51.66786261913584,10.132137380864158,11,1
2024-01-24 12:00:00,59.87,51.66786261913584,8.202137380864158,12,1
2024-01-24 13:00:00,58.2,51.66786261913584,6.532137380864164,13,1
2024-01-24 14:00:00,58.2,51.66786261913584,6.532137380864164,14,1
2024-01-24 15:00:00,60.5,51.66786261913584,8.832137380864161,15,1
2024-01-24 16:00:00,64.0,51.66786261913584,12.332137380864161,16,1
2024-01-24 17:00:00,88.61,51.66786261913584,36.94213738086416,17,1
2024-01-24 18:00:00,94.94,51.66786261913584,43.27213738086416,18,1
2024-01-24 19:00:00,150.41,51.66786261913584,98.74213738086416,19,1
2024-01-24 20:00:00,152.17,51.66786261913584,100.50213738086416,20,1
2024-01-24 21:00:00,103.0,51.66786261913584,51.33213738086416,21,1
2024-01-24 22:00:00,88.04,51.66786261913584,36.37213738086417,22,1
2024-01-24 23:00:00,74.86,51.66786261913584,23.19213738086416,23,1
2024-01-25 00:00:00,64.97,51.66786261913584,13.30213738086416,0,1
2024-01-25 01:00:00,60.53,51.66786261913584,8.862137380864162,1,1
2024-01-25 02:00:00,60.0,51.66786261913584,8.332137380864161,2,1
2024-01-25 03:00:00,55.36,51.66786261913584,3.6921373808641604,3,1
2024-01-25 04:00:00,57.26,51.66786261913584,5.592137380864159,4,1
2024-01-25 05:00:00,63.29,51.66786261913584,11.62213738086416,5,1
2024-01-25 06:00:00,72.45,51.66786261913584,20.782137380864164,6,1
2024-01-25 07:00:00,83.5,51.66786261913584,31.83213738086416,7,1
2024-01-25 08:00:00,95.53,51.66786261913584,43.86213738086416,8,1
2024-01-25 09:00:00,89.84,51.66786261913584,38.172137380864164,9,1
2024-01-25 10:00:00,74.71,51.66786261913584,23.042137380864155,10,1
2024-01-25 11:00:00,65.01,51.66786261913584,13.342137380864166,11,1
2024-01-25 12:00:00,64.97,51.66786261913584,13.30213738086416,12,1
2024-01-25 13:00:00,64.97,51.66786261913584,13.30213738086416,13,1
2024-01-25 14:00:00,65.0,51.66786261913584,13.332137380864161,14,1
2024-01-25 15:00:00,61.85,51.66786261913584,10.182137380864162,15,1
2024-01-25 16:00:00,67.67,51.66786261913584,16.002137380864163,16,1
2024-01-25 17:00:00,75.59,51.66786261913584,23.922137380864164,17,1
2024-01-25 18:00:00,94.72,51.66786261913584,43.05213738086416,18,1
2024-01-25 19:00:00,113.0,51.66786261913584,61.33213738086416,19,1
2024-01-25 20:00:00,135.36,51.66786261913584,83.69213738086418,20,1
2024-01-25 21:00:00,103.01,51.66786261913584,51.342137380864166,21,1
2024-01-25 22:00:00,80.95,51.66786261913584,29.282137380864164,22,1
2024-01-25 23:00:00,73.58,51.66786261913584,21.91213738086416,23,1
2024-01-26 00:00:00,63.37,51.66786261913584,11.702137380864158,0,1
2024-01-26 01:00:00,65.0,51.66786261913584,13.332137380864161,1,1
2024-01-26 02:00:00,63.86,51.66786261913584,12.19213738086416,2,1
2024-01-26 03:00:00,63.86,51.66786261913584,12.19213738086416,3,1
2024-01-26 04:00:00,62.48,51.66786261913584,10.812137380864158,4,1
2024-01-26 05:00:00,63.86,51.66786261913584,12.19213738086416,5,1
2024-01-26 06:00:00,69.57,51.66786261913584,17.902137380864154,6,1
2024-01-26 07:00:00,80.02,51.66786261913584,28.352137380864157,7,1
2024-01-26 08:00:00,115.0,51.66786261913584,63.33213738086416,8,1
2024-01-26 09:00:00,77.3,51.66786261913584,25.632137380864158,9,1
2024-01-26 10:00:00,66.19,51.66786261913584,14.522137380864159,10,1
2024-01-26 11:00:00,62.39,51.66786261913584,10.722137380864162,11,1
2024-01-26 12:00:00,55.78,51.66786261913584,4.112137380864162,12,1
2024-01-26 13:00:00,50.7,51.66786261913584,-0.9678626191358362,13,1
2024-01-26 14:00:00,53.61,51.66786261913584,1.9421373808641604,14,1
2024-01-26 15:00:00,55.52,51.66786261913584,3.852137380864164,15,1
2024-01-26 16:00:00,63.38,51.66786261913584,11.712137380864164,16,1
2024-01-26 17:00:00,73.74,51.66786261913584,22.072137380864156,17,1
2024-01-26 18:00:00,89.62,51.66786261913584,37.952137380864166,18,1
2024-01-26 19:00:00,96.8,51.66786261913584,45.13213738086416,19,1
2024-01-26 20:00:00,111.07,51.66786261913584,59.402137380864154,20,1
2024-01-26 21:00:00,93.0,51.66786261913584,41.33213738086416,21,1
2024-01-26 22:00:00,74.98,51.66786261913584,23.312137380864165,22,1
2024-01-26 23:00:00,70.45,51.66786261913584,18.782137380864164,23,1
2024-01-27 00:00:00,64.97,51.66786261913584,13.30213738086416,0,1
2024-01-27 01:00:00,61.06,51.66786261913584,9.392137380864163,1,1
2024-01-27 02:00:00,59.05,51.66786261913584,7.382137380864158,2,1
2024-01-27 03:00:00,55.9,51.66786261913584,4.23213738086416,3,1
2024-01-27 04:00:00,55.9,51.66786261913584,4.23213738086416,4,1
2024-01-27 05:00:00,57.22,51.66786261913584,5.55213738086416,5,1
2024-01-27 06:00:00,59.36,51.66786261913584,7.69213738086416,6,1
2024-01-27 07:00:00,66.19,51.66786261913584,14.522137380864159,7,1
2024-01-27 08:00:00,78.09,51.66786261913584,26.422137380864164,8,1
2024-01-27 09:00:00,73.4,51.66786261913584,21.732137380864167,9,1
2024-01-27 10:00:00,62.01,51.66786261913584,10.342137380864159,10,1
2024-01-27 11:00:00,54.4,51.66786261913584,2.7321373808641596,11,1
2024-01-27 12:00:00,47.0,51.66786261913584,-4.667862619135839,12,1
2024-01-27 13:00:00,47.7,51.66786261913584,-3.967862619135836,13,1
2024-01-27 14:00:00,47.5,51.66786261913584,-4.167862619135839,14,1
2024-01-27 15:00:00,47.0,51.66786261913584,-4.667862619135839,15,1
2024-01-27 16:00:00,55.2,51.66786261913584,3.532137380864164,16,1
2024-01-27 17:00:00,74.43,51.66786261913584,22.762137380864168,17,1
2024-01-27 18:00:00,95.97,51.66786261913584,44.30213738086416,18,1
2024-01-27 19:00:00,92.51,51.66786261913584,40.842137380864166,19,1
2024-01-27 20:00:00,92.53,51.66786261913584,40.86213738086416,20,1
2024-01-27 21:00:00,89.5,51.66786261913584,37.83213738086416,21,1
2024-01-27 22:00:00,75.97,51.66786261913584,24.30213738086416,22,1
2024-01-27 23:00:00,72.7,51.66786261913584,21.032137380864164,23,1
2024-01-28 00:00:00,62.03,51.66786261913584,10.362137380864162,0,1
2024-01-28 01:00:00,58.2,51.66786261913584,6.532137380864164,1,1
2024-01-28 02:00:00,52.9,51.66786261913584,1.2321373808641596,2,1
2024-01-28 03:00:00,47.21,51.66786261913584,-4.457862619135838,3,1
2024-01-28 04:00:00,44.0,51.66786261913584,-7.667862619135839,4,1
2024-01-28 05:00:00,43.2,51.66786261913584,-8.467862619135836,5,1
2024-01-28 06:00:00,47.05,51.66786261913584,-4.617862619135842,6,1
2024-01-28 07:00:00,51.4,51.66786261913584,-0.2678626191358404,7,1
2024-01-28 08:00:00,55.29,51.66786261913584,3.62213738086416,8,1
2024-01-28 09:00:00,55.1,51.66786261913584,3.4321373808641624,9,1
2024-01-28 10:00:00,42.0,51.66786261913584,-9.667862619135839,10,1
2024-01-28 11:00:00,37.0,51.66786261913584,-14.667862619135839,11,1
2024-01-28 12:00:00,42.0,51.66786261913584,-9.667862619135839,12,1
2024-01-28 13:00:00,39.93,51.66786261913584,-11.73786261913584,13,1
2024-01-28 14:00:00,40.09,51.66786261913584,-11.577862619135836,14,1
2024-01-28 15:00:00,38.03,51.66786261913584,-13.637862619135838,15,1
2024-01-28 16:00:00,43.12,51.66786261913584,-8.547862619135842,16,1
2024-01-28 17:00:00,60.8,51.66786261913584,9.132137380864158,17,1
2024-01-28 18:00:00,71.14,51.66786261913584,19.47213738086416,18,1
2024-01-28 19:00:00,71.55,51.66786261913584,19.882137380864158,19,1
2024-01-28 20:00:00,69.87,51.66786261913584,18.202137380864166,20,1
2024-01-28 21:00:00,63.11,51.66786261913584,11.44213738086416,21,1
2024-01-28 22:00:00,60.34,51.66786261913584,8.672137380864164,22,1
2024-01-28 23:00:00,56.0,51.66786261913584,4.332137380864161,23,1
2024-01-29 00:00:00,49.97,51.66786261913584,-1.6978626191358401,0,1
2024-01-29 01:00:00,47.26,51.66786261913584,-4.407862619135841,1,1
2024-01-29 02:00:00,48.12,51.66786261913584,-3.5478626191358416,2,1
2024-01-29 03:00:00,47.97,51.66786261913584,-3.69786261913584,3,1
2024-01-29 04:00:00,51.58,51.66786261913584,-0.0878626191358407,4,1
2024-01-29 05:00:00,60.06,51.66786261913584,8.392137380864163,5,1
2024-01-29 06:00:00,80.66,51.66786261913584,28.992137380864158,6,1
2024-01-29 07:00:00,88.7,51.66786261913584,37.032137380864164,7,1
2024-01-29 08:00:00,99.26,51.66786261913584,47.592137380864166,8,1
2024-01-29 09:00:00,88.39,51.66786261913584,36.72213738086416,9,1
2024-01-29 10:00:00,78.9,51.66786261913584,27.232137380864167,10,1
2024-01-29 11:00:00,71.27,51.66786261913584,19.602137380864157,11,1
2024-01-29 12:00:00,70.24,51.66786261913584,18.572137380864156,12,1
2024-01-29 13:00:00,73.81,51.66786261913584,22.142137380864163,13,1
2024-01-29 14:00:00,78.03,51.66786261913584,26.362137380864162,14,1
2024-01-29 15:00:00,78.78,51.66786261913584,27.112137380864162,15,1
2024-01-29 16:00:00,82.87,51.66786261913584,31.202137380864166,16,1
2024-01-29 17:00:00,89.86,51.66786261913584,38.19213738086416,17,1
2024-01-29 18:00:00,110.0,51.66786261913584,58.33213738086416,18,1
2024-01-29 19:00:00,107.52,51.66786261913584,55.85213738086416,19,1
2024-01-29 20:00:00,108.5,51.66786261913584,56.83213738086416,20,1
2024-01-29 21:00:00,92.18,51.66786261913584,40.51213738086417,21,1
2024-01-29 22:00:00,87.0,51.66786261913584,35.33213738086416,22,1
2024-01-29 23:00:00,80.29,51.66786261913584,28.622137380864167,23,1
2024-01-30 00:00:00,71.94,51.66786261913584,20.27213738086416,0,1
2024-01-30 01:00:00,68.64,51.66786261913584,16.97213738086416,1,1
2024-01-30 02:00:00,69.37,51.66786261913584,17.702137380864166,2,1
2024-01-30 03:00:00,65.1,51.66786261913584,13.432137380864155,3,1
2024-01-30 04:00:00,64.0,51.66786261913584,12.332137380864161,4,1
2024-01-30 05:00:00,69.37,51.66786261913584,17.702137380864166,5,1
2024-01-30 06:00:00,79.02,51.66786261913584,27.352137380864157,6,1
2024-01-30 07:00:00,91.04,51.66786261913584,39.37213738086417,7,1
2024-01-30 08:00:00,95.95,51.66786261913584,44.282137380864164,8,1
2024-01-30 09:00:00,88.7,51.66786261913584,37.032137380864164,9,1
2024-01-30 10:00:00,77.15,51.66786261913584,25.482137380864167,10,1
2024-01-30 11:00:00,70.1,51.66786261913584,18.432137380864155,11,1
2024-01-30 12:00:00,68.1,51.66786261913584,16.432137380864155,12,1
2024-01-30 13:00:00,68.23,51.66786261913584,16.562137380864165,13,1
2024-01-30 14:00:00,71.93,51.66786261913584,20.262137380864168,14,1
2024-01-30 15:00:00,71.95,51.66786261913584,20.282137380864164,15,1
2024-01-30 16:00:00,78.89,51.66786261913584,27.22213738086416,16,1
2024-01-30 17:00:00,88.83,51.66786261913584,37.16213738086416,17,1
2024-01-30 18:00:00,99.76,51.66786261913584,48.092137380864166,18,1
2024-01-30 19:00:00,107.0,51.66786261913584,55.33213738086416,19,1
2024-01-30 20:00:00,123.22,51.66786261913584,71.55213738086417,20,1
2024-01-30 21:00:00,95.06,51.66786261913584,43.39213738086416,21,1
2024-01-30 22:00:00,88.7,51.66786261913584,37.032137380864164,22,1
2024-01-30 23:00:00,78.78,51.66786261913584,27.112137380864162,23,1
2024-01-31 00:00:00,74.09,51.66786261913584,22.422137380864164,0,1
2024-01-31 01:00:00,71.48,51.66786261913584,19.812137380864165,1,1
2024-01-31 02:00:00,70.89,51.66786261913584,19.22213738086416,2,1
2024-01-31 03:00:00,69.82,51.66786261913584,18.152137380864154,3,1
2024-01-31 04:00:00,69.25,51.66786261913584,17.58213738086416,4,1
2024-01-31 05:00:00,74.01,51.66786261913584,22.342137380864166,5,1
2024-01-31 06:00:00,84.44,51.66786261913584,32.77213738086416,6,1
2024-01-31 07:00:00,93.29,51.66786261913584,41.62213738086417,7,1
2024-01-31 08:00:00,120.23,51.66786261913584,68.56213738086416,8,1
2024-01-31 09:00:00,93.23,51.66786261913584,41.562137380864165,9,1
2024-01-31 10:00:00,82.98,51.66786261913584,31.312137380864165,10,1
2024-01-31 11:00:00,72.19,51.66786261913584,20.52213738086416,11,1
2024-01-31 12:00:00,70.01,51.66786261913584,18.342137380864166,12,1
2024-01-31 13:00:00,66.5,51.66786261913584,14.832137380864161,13,1
2024-01-31 14:00:00,65.8,51.66786261913584,14.132137380864158,14,1
2024-01-31 15:00:00,64.95,51.66786261913584,13.282137380864164,15,1
2024-01-31 16:00:00,66.26,51.66786261913584,14.592137380864166,16,1
2024-01-31 17:00:00,77.0,51.66786261913584,25.33213738086416,17,1
2024-01-31 18:00:00,91.0,51.66786261913584,39.33213738086416,18,1
2024-01-31 19:00:00,119.47,51.66786261913584,67.80213738086417,19,1
2024-01-31 20:00:00,168.35,51.66786261913584,116.68213738086416,20,1
2024-01-31 21:00:00,94.54,51.66786261913584,42.87213738086417,21,1
2024-01-31 22:00:00,85.0,51.66786261913584,33.33213738086416,22,1
2024-01-31 23:00:00,77.52,51.66786261913584,25.852137380864157,23,1
2024-02-01 00:00:00,69.0,51.66786261913584,17.33213738086416,0,2
2024-02-01 01:00:00,60.44,51.66786261913584,8.772137380864159,1,2
2024-02-01 02:00:00,55.1,51.66786261913584,3.4321373808641624,2,2
2024-02-01 03:00:00,54.6,51.66786261913584,2.9321373808641624,3,2
2024-02-01 04:00:00,53.47,51.66786261913584,1.8021373808641599,4,2
2024-02-01 05:00:00,59.82,51.66786261913584,8.152137380864161,5,2
2024-02-01 06:00:00,72.42,51.66786261913584,20.752137380864163,6,2
2024-02-01 07:00:00,88.76,51.66786261913584,37.092137380864166,7,2
2024-02-01 08:00:00,95.76,51.66786261913584,44.092137380864166,8,2
2024-02-01 09:00:00,88.77,51.66786261913584,37.10213738086416,9,2
2024-02-01 10:00:00,62.8,51.66786261913584,11.132137380864158,10,2
2024-02-01 11:00:00,55.98,51.66786261913584,4.312137380864158,11,2
2024-02-01 12:00:00,54.44,51.66786261913584,2.7721373808641587,12,2
2024-02-01 13:00:00,54.0,51.66786261913584,2.332137380864161,13,2
2024-02-01 14:00:00,54.44,51.66786261913584,2.7721373808641587,14,2
2024-02-01 15:00:00,54.6,51.66786261913584,2.9321373808641624,15,2
2024-02-01 16:00:00,60.44,51.66786261913584,8.772137380864159,16,2
2024-02-01 17:00:00,76.0,51.66786261913584,24.33213738086416,17,2
2024-02-01 18:00:00,101.89,51.66786261913584,50.22213738086416,18,2
2024-02-01 19:00:00,99.05,51.66786261913584,47.38213738086416,19,2
2024-02-01 20:00:00,94.0,51.66786261913584,42.33213738086416,20,2
2024-02-01 21:00:00,83.66,51.66786261913584,31.992137380864158,21,2
2024-02-01 22:00:00,82.13,51.66786261913584,30.462137380864156,22,2
2024-02-01 23:00:00,71.19,51.66786261913584,19.52213738086416,23,2
2024-02-02 00:00:00,62.95,51.66786261913584,11.282137380864164,0,2
2024-02-02 01:00:00,60.05,51.66786261913584,8.382137380864158,1,2
2024-02-02 02:00:00,58.0,51.66786261913584,6.332137380864161,2,2
2024-02-02 03:00:00,54.69,51.66786261913584,3.0221373808641587,3,2
2024-02-02 04:00:00,52.41,51.66786261913584,0.7421373808641576,4,2
2024-02-02 05:00:00,55.0,51.66786261913584,3.332137380864161,5,2
2024-02-02 06:00:00,61.0,51.66786261913584,9.332137380864161,6,2
2024-02-02 07:00:00,80.34,51.66786261913584,28.672137380864164,7,2
2024-02-02 08:00:00,90.75,51.66786261913584,39.08213738086416,8,2
2024-02-02 09:00:00,83.98,51.66786261913584,32.312137380864165,9,2
2024-02-02 10:00:00,61.42,51.66786261913584,9.752137380864163,10,2
2024-02-02 11:00:00,54.0,51.66786261913584,2.332137380864161,11,2
2024-02-02 12:00:00,54.0,51.66786261913584,2.332137380864161,12,2
2024-02-02 13:00:00,55.5,51.66786261913584,3.832137380864161,13,2
2024-02-02 14:00:00,53.3,51.66786261913584,1.6321373808641582,14,2
2024-02-02 15:00:00,55.91,51.66786261913584,4.242137380864158,15,2
2024-02-02 16:00:00,55.5,51.66786261913584,3.832137380864161,16,2
2024-02-02 17:00:00,70.95,51.66786261913584,19.282137380864164,17,2
2024-02-02 18:00:00,80.16,51.66786261913584,28.492137380864158,18,2
2024-02-02 19:00:00,83.83,51.66786261913584,32.16213738086416,19,2
2024-02-02 20:00:00,83.98,51.66786261913584,32.312137380864165,20,2
2024-02-02 21:00:00,76.46,51.66786261913584,24.792137380864155,21,2
2024-02-02 22:00:00,68.44,51.66786261913584,16.77213738086416,22,2
2024-02-02 23:00:00,55.0,51.66786261913584,3.332137380864161,23,2
2024-02-03 00:00:00,56.44,51.66786261913584,4.772137380864159,0,2
2024-02-03 01:00:00,52.71,51.66786261913584,1.0421373808641619,1,2
2024-02-03 02:00:00,51.18,51.66786261913584,-0.4878626191358393,2,2
2024-02-03 03:00:00,50.83,51.66786261913584,-0.8378626191358407,3,2
2024-02-03 04:00:00,51.16,51.66786261913584,-0.5078626191358424,4,2
2024-02-03 05:00:00,52.57,51.66786261913584,0.9021373808641613,5,2
2024-02-03 06:00:00,53.5,51.66786261913584,1.832137380864161,6,2
2024-02-03 07:00:00,56.8,51.66786261913584,5.132137380864158,7,2
2024-02-03 08:00:00,63.0,51.66786261913584,11.332137380864161,8,2
2024-02-03 09:00:00,59.1,51.66786261913584,7.432137380864162,9,2
2024-02-03 10:00:00,53.28,51.66786261913584,1.6121373808641621,10,2
2024-02-03 11:00:00,45.27,51.66786261913584,-6.397862619135836,11,2
2024-02-03 12:00:00,41.58,51.66786261913584,-10.08786261913584,12,2
2024-02-03 13:00:00,39.81,51.66786261913584,-11.857862619135837,13,2
2024-02-03 14:00:00,41.76,51.66786261913584,-9.907862619135841,14,2
2024-02-03 15:00:00,46.44,51.66786261913584,-5.227862619135841,15,2
2024-02-03 16:00:00,53.0,51.66786261913584,1.332137380864161,16,2
2024-02-03 17:00:00,64.87,51.66786261913584,13.202137380864166,17,2
2024-02-03 18:00:00,81.43,51.66786261913584,29.762137380864168,18,2
2024-02-03 19:00:00,87.76,51.66786261913584,36.092137380864166,19,2
2024-02-03 20:00:00,95.68,51.66786261913584,44.01213738086417,20,2
2024-02-03 21:00:00,92.71,51.66786261913584,41.042137380864155,21,2
2024-02-03 22:00:00,86.11,51.66786261913584,34.44213738086416,22,2
2024-02-03 23:00:00,70.79,51.66786261913584,19.122137380864167,23,2
2024-02-04 00:00:00,66.62,51.66786261913584,14.952137380864166,0,2
2024-02-04 01:00:00,64.78,51.66786261913584,13.112137380864162,1,2
2024-02-04 02:00:00,64.91,51.66786261913584,13.242137380864158,2,2
2024-02-04 03:00:00,63.92,51.66786261913584,12.252137380864163,3,2
2024-02-04 04:00:00,61.75,51.66786261913584,10.082137380864161,4,2
2024-02-04 05:00:00,61.75,51.66786261913584,10.082137380864161,5,2
2024-02-04 06:00:00,60.0,51.66786261913584,8.332137380864161,6,2
2024-02-04 07:00:00,59.8,51.66786261913584,8.132137380864158,7,2
2024-02-04 08:00:00,63.92,51.66786261913584,12.252137380864163,8,2
2024-02-04 09:00:00,53.0,51.66786261913584,1.332137380864161,9,2
2024-02-04 10:00:00,44.7,51.66786261913584,-6.967862619135836,10,2
2024-02-04 11:00:00,40.0,51.66786261913584,-11.667862619135839,11,2
2024-02-04 12:00:00,34.28,51.66786261913584,-17.387862619135838,12,2
2024-02-04 13:00:00,35.65,51.66786261913584,-16.01786261913584,13,2
2024-02-04 14:00:00,35.0,51.66786261913584,-16.66786261913584,14,2
2024-02-04 15:00:00,32.0,51.66786261913584,-19.66786261913584,15,2
2024-02-04 16:00:00,43.35,51.66786261913584,-8.317862619135838,16,2
2024-02-04 17:00:00,54.93,51.66786261913584,3.2621373808641607,17,2
2024-02-04 18:00:00,77.5,51.66786261913584,25.83213738086416,18,2
2024-02-04 19:00:00,89.0,51.66786261913584,37.33213738086416,19,2
2024-02-04 20:00:00,129.81,51.66786261913584,78.14213738086417,20,2
2024-02-04 21:00:00,119.77,51.66786261913584,68.10213738086415,21,2
2024-02-04 22:00:00,82.94,51.66786261913584,31.27213738086416,22,2
2024-02-04 23:00:00,75.0,51.66786261913584,23.33213738086416,23,2
2024-02-05 00:00:00,71.66,51.66786261913584,19.992137380864158,0,2
2024-02-05 01:00:00,73.0,51.66786261913584,21.33213738086416,1,2
2024-02-05 02:00:00,69.1,51.66786261913584,17.432137380864155,2,2
2024-02-05 03:00:00,67.87,51.66786261913584,16.202137380864166,3,2
2024-02-05 04:00:00,67.87,51.66786261913584,16.202137380864166,4,2
2024-02-05 05:00:00,69.78,51.66786261913584,18.112137380864162,5,2
2024-02-05 06:00:00,73.22,51.66786261913584,21.55213738086416,6,2
2024-02-05 07:00:00,83.15,51.66786261913584,31.482137380864167,7,2
2024-02-05 08:00:00,98.59,51.66786261913584,46.922137380864164,8,2
2024-02-05 09:00:00,87.36,51.66786261913584,35.69213738086416,9,2
2024-02-05 10:00:00,76.68,51.66786261913584,25.012137380864168,10,2
2024-02-05 11:00:00,69.74,51.66786261913584,18.072137380864156,11,2
2024-02-05 12:00:00,60.0,51.66786261913584,8.332137380864161,12,2
2024-02-05 13:00:00,50.0,51.66786261913584,-1.667862619135839,13,2
2024-02-05 14:00:00,51.0,51.66786261913584,-0.667862619135839,14,2
2024-02-05 15:00:00,59.71,51.66786261913584,8.042137380864162,15,2
2024-02-05 16:00:00,68.8,51.66786261913584,17.132137380864158,16,2
2024-02-05 17:00:00,76.44,51.66786261913584,24.77213738086416,17,2
2024-02-05 18:00:00,89.13,51.66786261913584,37.46213738086416,18,2
2024-02-05 19:00:00,129.47,51.66786261913584,77.80213738086417,19,2
2024-02-05 20:00:00,181.26,51.66786261913584,129.59213738086416,20,2
2024-02-05 21:00:00,111.36,51.66786261913584,59.69213738086416,21,2
2024-02-05 22:00:00,81.06,51.66786261913584,29.392137380864163,22,2
2024-02-05 23:00:00,75.75,51.66786261913584,24.08213738086416,23,2
2024-02-06 00:00:00,74.5,51.66786261913584,22.83213738086416,0,2
2024-02-06 01:00:00,75.0,51.66786261913584,23.33213738086416,1,2
2024-02-06 02:00:00,70.75,51.66786261913584,19.08213738086416,2,2
2024-02-06 03:00:00,68.88,51.66786261913584,17.212137380864156,3,2
2024-02-06 04:00:00,65.1,51.66786261913584,13.432137380864155,4,2
2024-02-06 05:00:00,68.88,51.66786261913584,17.212137380864156,5,2
2024-02-06 06:00:00,74.5,51.66786261913584,22.83213738086416,6,2
2024-02-06 07:00:00,82.06,51.66786261913584,30.392137380864163,7,2
2024-02-06 08:00:00,121.06,51.66786261913584,69.39213738086417,8,2
2024-02-06 09:00:00,96.06,51.66786261913584,44.39213738086416,9,2
2024-02-06 10:00:00,79.61,51.66786261913584,27.94213738086416,10,2
2024-02-06 11:00:00,72.48,51.66786261913584,20.812137380864165,11,2
2024-02-06 12:00:00,71.0,51.66786261913584,19.33213738086416,12,2
2024-02-06 13:00:00,56.47,51.66786261913584,4.80213738086416,13,2
2024-02-06 14:00:00,51.5,51.66786261913584,-0.167862619135839,14,2
2024-02-06 15:00:00,56.44,51.66786261913584,4.772137380864159,15,2
2024-02-06 16:00:00,61.33,51.66786261913584,9.66213738086416,16,2
2024-02-06 17:00:00,71.0,51.66786261913584,19.33213738086416,17,2
2024-02-06 18:00:00,78.77,51.66786261913584,27.102137380864157,18,2
2024-02-06 19:00:00,89.01,51.66786261913584,37.342137380864166,19,2
2024-02-06 20:00:00,88.87,51.66786261913584,37.202137380864166,20,2
2024-02-06 21:00:00,78.28,51.66786261913584,26.612137380864162,21,2
2024-02-06 22:00:00,69.03,51.66786261913584,17.362137380864162,22,2
2024-02-06 23:00:00,56.09,51.66786261913584,4.422137380864164,23,2
2024-02-07 00:00:00,41.7,51.66786261913584,-9.967862619135836,0,2
2024-02-07 01:00:00,39.0,51.66786261913584,-12.667862619135839,1,2
2024-02-07 02:00:00,37.45,51.66786261913584,-14.217862619135836,2,2
2024-02-07 03:00:00,33.21,51.66786261913584,-18.457862619135838,3,2
2024-02-07 04:00:00,21.01,51.66786261913584,-30.657862619135837,4,2
2024-02-07 05:00:00,38.0,51.66786261913584,-13.667862619135839,5,2
2024-02-07 06:00:00,47.28,51.66786261913584,-4.387862619135838,6,2
2024-02-07 07:00:00,69.99,51.66786261913584,18.322137380864156,7,2
2024-02-07 08:00:00,74.49,51.66786261913584,22.822137380864156,8,2
2024-02-07 09:00:00,68.61,51.66786261913584,16.94213738086416,9,2
2024-02-07 10:00:00,66.04,51.66786261913584,14.372137380864167,10,2
2024-02-07 11:00:00,59.2,51.66786261913584,7.532137380864164,11,2
2024-02-07 12:00:00,45.0,51.66786261913584,-6.667862619135839,12,2
2024-02-07 13:00:00,40.4,51.66786261913584,-11.26786261913584,13,2
2024-02-07 14:00:00,35.0,51.66786261913584,-16.66786261913584,14,2
2024-02-07 15:00:00,28.33,51.66786261913584,-23.33786261913584,15,2
2024-02-07 16:00:00,37.45,51.66786261913584,-14.217862619135836,16,2
2024-02-07 17:00:00,41.0,51.66786261913584,-10.667862619135839,17,2
2024-02-07 18:00:00,57.84,51.66786261913584,6.172137380864164,18,2
2024-02-07 19:00:00,72.76,51.66786261913584,21.092137380864166,19,2
2024-02-07 20:00:00,76.89,51.66786261913584,25.22213738086416,20,2
2024-02-07 21:00:00,67.72,51.66786261913584,16.05213738086416,21,2
2024-02-07 22:00:00,58.42,51.66786261913584,6.752137380864163,22,2
2024-02-07 23:00:00,45.8,51.66786261913584,-5.867862619135842,23,2
2024-02-08 00:00:00,46.73,51.66786261913584,-4.937862619135842,0,2
2024-02-08 01:00:00,39.0,51.66786261913584,-12.667862619135839,1,2
2024-02-08 02:00:00,33.8,51.66786261913584,-17.867862619135842,2,2
2024-02-08 03:00:00,32.45,51.66786261913584,-19.217862619135836,3,2
2024-02-08 04:00:00,31.7,51.66786261913584,-19.96786261913584,4,2
2024-02-08 05:00:00,32.45,51.66786261913584,-19.217862619135836,5,2
2024-02-08 06:00:00,41.5,51.66786261913584,-10.167862619135839,6,2
2024-02-08 07:00:00,50.0,51.66786261913584,-1.667862619135839,7,2
2024-02-08 08:00:00,57.0,51.66786261913584,5.332137380864161,8,2
2024-02-08 09:00:00,42.13,51.66786261913584,-9.537862619135836,9,2
2024-02-08 10:00:00,37.0,51.66786261913584,-14.667862619135839,10,2
2024-02-08 11:00:00,35.22,51.66786261913584,-16.44786261913584,11,2
2024-02-08 12:00:00,38.0,51.66786261913584,-13.667862619135839,12,2
2024-02-08 13:00:00,31.7,51.66786261913584,-19.96786261913584,13,2
2024-02-08 14:00:00,33.8,51.66786261913584,-17.867862619135842,14,2
2024-02-08 15:00:00,33.08,51.66786261913584,-18.58786261913584,15,2
2024-02-08 16:00:00,39.4,51.66786261913584,-12.26786261913584,16,2
2024-02-08 17:00:00,41.5,51.66786261913584,-10.167862619135839,17,2
2024-02-08 18:00:00,44.23,51.66786261913584,-7.437862619135842,18,2
2024-02-08 19:00:00,40.0,51.66786261913584,-11.667862619135839,19,2
2024-02-08 20:00:00,40.5,51.66786261913584,-11.167862619135839,20,2
2024-02-08 21:00:00,37.94,51.66786261913584,-13.727862619135841,21,2
2024-02-08 22:00:00,40.19,51.66786261913584,-11.477862619135841,22,2
2024-02-08 23:00:00,28.7,51.66786261913584,-22.96786261913584,23,2
2024-02-09 00:00:00,22.04,51.66786261913584,-29.62786261913584,0,2
2024-02-09 01:00:00,11.17,51.66786261913584,-40.49786261913584,1,2
2024-02-09 02:00:00,5.0,51.66786261913584,-46.66786261913584,2,2
2024-02-09 03:00:00,3.2,51.66786261913584,-48.467862619135836,3,2
2024-02-09 04:00:00,3.2,51.66786261913584,-48.467862619135836,4,2
2024-02-09 05:00:00,11.14,51.66786261913584,-40.52786261913584,5,2
2024-02-09 06:00:00,29.62,51.66786261913584,-22.047862619135838,6,2
2024-02-09 07:00:00,48.92,51.66786261913584,-2.7478626191358373,7,2
2024-02-09 08:00:00,57.84,51.66786261913584,6.172137380864164,8,2
2024-02-09 09:00:00,65.0,51.66786261913584,13.332137380864161,9,2
2024-02-09 10:00:00,66.35,51.66786261913584,14.682137380864155,10,2
2024-02-09 11:00:00,57.84,51.66786261913584,6.172137380864164,11,2
2024-02-09 12:00:00,50.56,51.66786261913584,-1.1078626191358367,12,2
2024-02-09 13:00:00,46.73,51.66786261913584,-4.937862619135842,13,2
2024-02-09 14:00:00,47.99,51.66786261913584,-3.677862619135837,14,2
2024-02-09 15:00:00,46.73,51.66786261913584,-4.937862619135842,15,2
2024-02-09 16:00:00,44.99,51.66786261913584,-6.677862619135837,16,2
2024-02-09 17:00:00,42.0,51.66786261913584,-9.667862619135839,17,2
2024-02-09 18:00:00,44.46,51.66786261913584,-7.207862619135838,18,2
2024-02-09 19:00:00,59.95,51.66786261913584,8.282137380864164,19,2
2024-02-09 20:00:00,66.35,51.66786261913584,14.682137380864155,20,2
2024-02-09 21:00:00,55.02,51.66786261913584,3.352137380864164,21,2
2024-02-09 22:00:00,43.13,51.66786261913584,-8.537862619135836,22,2
2024-02-09 23:00:00,35.0,51.66786261913584,-16.66786261913584,23,2
2024-02-10 00:00:00,26.78,51.66786261913584,-24.887862619135838,0,2
2024-02-10 01:00:00,14.0,51.66786261913584,-37.66786261913584,1,2
2024-02-10 02:00:00,5.0,51.66786261913584,-46.66786261913584,2,2
2024-02-10 03:00:00,3.2,51.66786261913584,-48.467862619135836,3,2
2024-02-10 04:00:00,3.2,51.66786261913584,-48.467862619135836,4,2
2024-02-10 05:00:00,3.2,51.66786261913584,-48.467862619135836,5,2
2024-02-10 06:00:00,3.2,51.66786261913584,-48.467862619135836,6,2
2024-02-10 07:00:00,3.2,51.66786261913584,-48.467862619135836,7,2
2024-02-10 08:00:00,3.2,51.66786261913584,-48.467862619135836,8,2
2024-02-10 09:00:00,3.2,51.66786261913584,-48.467862619135836,9,2
2024-02-10 10:00:00,0.43,51.66786261913584,-51.23786261913584,10,2
2024-02-10 11:00:00,0.0,51.66786261913584,-51.66786261913584,11,2
2024-02-10 12:00:00,0.0,51.66786261913584,-51.66786261913584,12,2
2024-02-10 13:00:00,0.0,51.66786261913584,-51.66786261913584,13,2
2024-02-10 14:00:00,0.0,51.66786261913584,-51.66786261913584,14,2
2024-02-10 15:00:00,0.0,51.66786261913584,-51.66786261913584,15,2
2024-02-10 16:00:00,0.0,51.66786261913584,-51.66786261913584,16,2
2024-02-10 17:00:00,0.43,51.66786261913584,-51.23786261913584,17,2
2024-02-10 18:00:00,3.2,51.66786261913584,-48.467862619135836,18,2
2024-02-10 19:00:00,25.01,51.66786261913584,-26.657862619135837,19,2
2024-02-10 20:00:00,36.46,51.66786261913584,-15.207862619135838,20,2
2024-02-10 21:00:00,37.9,51.66786261913584,-13.76786261913584,21,2
2024-02-10 22:00:00,32.68,51.66786261913584,-18.98786261913584,22,2
2024-02-10 23:00:00,23.0,51.66786261913584,-28.66786261913584,23,2
2024-02-11 00:00:00,35.0,51.66786261913584,-16.66786261913584,0,2
2024-02-11 01:00:00,23.26,51.66786261913584,-28.407862619135837,1,2
2024-02-11 02:00:00,22.01,51.66786261913584,-29.657862619135837,2,2
2024-02-11 03:00:00,20.5,51.66786261913584,-31.16786261913584,3,2
2024-02-11 04:00:00,25.0,51.66786261913584,-26.66786261913584,4,2
2024-02-11 05:00:00,24.98,51.66786261913584,-26.68786261913584,5,2
2024-02-11 06:00:00,37.9,51.66786261913584,-13.76786261913584,6,2
2024-02-11 07:00:00,40.19,51.66786261913584,-11.477862619135841,7,2
2024-02-11 08:00:00,41.0,51.66786261913584,-10.667862619135839,8,2
2024-02-11 09:00:00,42.1,51.66786261913584,-9.567862619135838,9,2
2024-02-11 10:00:00,43.46,51.66786261913584,-8.207862619135838,10,2
2024-02-11 11:00:00,40.19,51.66786261913584,-11.477862619135841,11,2
2024-02-11 12:00:00,39.9,51.66786261913584,-11.76786261913584,12,2
2024-02-11 13:00:00,40.19,51.66786261913584,-11.477862619135841,13,2
2024-02-11 14:00:00,39.98,51.66786261913584,-11.687862619135842,14,2
2024-02-11 15:00:00,39.99,51.66786261913584,-11.677862619135837,15,2
2024-02-11 16:00:00,46.73,51.66786261913584,-4.937862619135842,16,2
2024-02-11 17:00:00,61.94,51.66786261913584,10.272137380864159,17,2
2024-02-11 18:00:00,83.13,51.66786261913584,31.462137380864156,18,2
2024-02-11 19:00:00,83.98,51.66786261913584,32.312137380864165,19,2
2024-02-11 20:00:00,76.82,51.66786261913584,25.152137380864154,20,2
2024-02-11 21:00:00,70.01,51.66786261913584,18.342137380864166,21,2
2024-02-11 22:00:00,56.94,51.66786261913584,5.272137380864159,22,2
2024-02-11 23:00:00,40.7,51.66786261913584,-10.967862619135836,23,2
2024-02-12 00:00:00,39.23,51.66786261913584,-12.437862619135842,0,2
2024-02-12 01:00:00,38.12,51.66786261913584,-13.547862619135842,1,2
2024-02-12 02:00:00,35.0,51.66786261913584,-16.66786261913584,2,2
2024-02-12 03:00:00,33.76,51.66786261913584,-17.90786261913584,3,2
2024-02-12 04:00:00,33.76,51.66786261913584,-17.90786261913584,4,2
2024-02-12 05:00:00,35.1,51.66786261913584,-16.567862619135838,5,2
2024-02-12 06:00:00,37.4,51.66786261913584,-14.26786261913584,6,2
2024-02-12 07:00:00,39.88,51.66786261913584,-11.787862619135836,7,2
2024-02-12 08:00:00,50.5,51.66786261913584,-1.167862619135839,8,2
2024-02-12 09:00:00,46.78,51.66786261913584,-4.887862619135838,9,2
2024-02-12 10:00:00,40.0,51.66786261913584,-11.667862619135839,10,2
2024-02-12 11:00:00,35.6,51.66786261913584,-16.067862619135838,11,2
2024-02-12 12:00:00,33.76,51.66786261913584,-17.90786261913584,12,2
2024-02-12 13:00:00,35.6,51.66786261913584,-16.067862619135838,13,2
2024-02-12 14:00:00,35.0,51.66786261913584,-16.66786261913584,14,2
2024-02-12 15:00:00,35.0,51.66786261913584,-16.66786261913584,15,2
2024-02-12 16:00:00,30.0,51.66786261913584,-21.66786261913584,16,2
2024-02-12 17:00:00,40.0,51.66786261913584,-11.667862619135839,17,2
2024-02-12 18:00:00,59.34,51.66786261913584,7.672137380864164,18,2
2024-02-12 19:00:00,88.21,51.66786261913584,36.542137380864155,19,2
2024-02-12 20:00:00,79.15,51.66786261913584,27.482137380864167,20,2
2024-02-12 21:00:00,71.54,51.66786261913584,19.872137380864167,21,2
2024-02-12 22:00:00,65.87,51.66786261913584,14.202137380864166,22,2
2024-02-12 23:00:00,61.9,51.66786261913584,10.23213738086416,23,2
2024-02-13 00:00:00,53.87,51.66786261913584,2.2021373808641584,0,2
2024-02-13 01:00:00,41.1,51.66786261913584,-10.567862619135838,1,2
2024-02-13 02:00:00,40.0,51.66786261913584,-11.667862619135839,2,2
2024-02-13 03:00:00,40.0,51.66786261913584,-11.667862619135839,3,2
2024-02-13 04:00:00,40.0,51.66786261913584,-11.667862619135839,4,2
2024-02-13 05:00:00,42.61,51.66786261913584,-9.05786261913584,5,2
2024-02-13 06:00:00,52.0,51.66786261913584,0.332137380864161,6,2
2024-02-13 07:00:00,65.91,51.66786261913584,14.242137380864158,7,2
2024-02-13 08:00:00,87.92,51.66786261913584,36.25213738086416,8,2
2024-02-13 09:00:00,66.8,51.66786261913584,15.132137380864158,9,2
2024-02-13 10:00:00,65.0,51.66786261913584,13.332137380864161,10,2
2024-02-13 11:00:00,63.87,51.66786261913584,12.202137380864158,11,2
2024-02-13 12:00:00,60.53,51.66786261913584,8.862137380864162,12,2
2024-02-13 13:00:00,60.26,51.66786261913584,8.592137380864159,13,2
2024-02-13 14:00:00,60.52,51.66786261913584,8.852137380864164,14,2
2024-02-13 15:00:00,60.52,51.66786261913584,8.852137380864164,15,2
2024-02-13 16:00:00,66.5,51.66786261913584,14.832137380864161,16,2
2024-02-13 17:00:00,68.61,51.66786261913584,16.94213738086416,17,2
2024-02-13 18:00:00,87.92,51.66786261913584,36.25213738086416,18,2
2024-02-13 19:00:00,91.81,51.66786261913584,40.14213738086416,19,2
2024-02-13 20:00:00,82.14,51.66786261913584,30.47213738086416,20,2
2024-02-13 21:00:00,73.17,51.66786261913584,21.502137380864163,21,2
2024-02-13 22:00:00,69.18,51.66786261913584,17.512137380864168,22,2
2024-02-13 23:00:00,65.0,51.66786261913584,13.332137380864161,23,2
2024-02-14 00:00:00,60.63,51.66786261913584,8.962137380864164,0,2
2024-02-14 01:00:00,59.34,51.66786261913584,7.672137380864164,1,2
2024-02-14 02:00:00,55.76,51.66786261913584,4.092137380864159,2,2
2024-02-14 03:00:00,54.79,51.66786261913584,3.12213738086416,3,2
2024-02-14 04:00:00,55.06,51.66786261913584,3.3921373808641633,4,2
2024-02-14 05:00:00,59.21,51.66786261913584,7.542137380864162,5,2
2024-02-14 06:00:00,64.95,51.66786261913584,13.282137380864164,6,2
2024-02-14 07:00:00,74.28,51.66786261913584,22.612137380864162,7,2
2024-02-14 08:00:00,80.56,51.66786261913584,28.892137380864163,8,2
2024-02-14 09:00:00,69.65,51.66786261913584,17.982137380864167,9,2
2024-02-14 10:00:00,59.87,51.66786261913584,8.202137380864158,10,2
2024-02-14 11:00:00,47.0,51.66786261913584,-4.667862619135839,11,2
2024-02-14 12:00:00,46.1,51.66786261913584,-5.567862619135838,12,2
2024-02-14 13:00:00,41.1,51.66786261913584,-10.567862619135838,13,2
2024-02-14 14:00:00,39.88,51.66786261913584,-11.787862619135836,14,2
2024-02-14 15:00:00,40.0,51.66786261913584,-11.667862619135839,15,2
2024-02-14 16:00:00,43.0,51.66786261913584,-8.667862619135839,16,2
2024-02-14 17:00:00,59.93,51.66786261913584,8.26213738086416,17,2
2024-02-14 18:00:00,65.0,51.66786261913584,13.332137380864161,18,2
2024-02-14 19:00:00,85.16,51.66786261913584,33.49213738086416,19,2
2024-02-14 20:00:00,77.1,51.66786261913584,25.432137380864155,20,2
2024-02-14 21:00:00,69.59,51.66786261913584,17.922137380864164,21,2
2024-02-14 22:00:00,61.77,51.66786261913584,10.102137380864164,22,2
2024-02-14 23:00:00,59.93,51.66786261913584,8.26213738086416,23,2
2024-02-15 00:00:00,50.5,51.66786261913584,-1.167862619135839,0,2
2024-02-15 01:00:00,39.88,51.66786261913584,-11.787862619135836,1,2
2024-02-15 02:00:00,36.37,51.66786261913584,-15.297862619135842,2,2
2024-02-15 03:00:00,36.37,51.66786261913584,-15.297862619135842,3,2
2024-02-15 04:00:00,36.6,51.66786261913584,-15.067862619135838,4,2
2024-02-15 05:00:00,36.87,51.66786261913584,-14.797862619135842,5,2
2024-02-15 06:00:00,47.0,51.66786261913584,-4.667862619135839,6,2
2024-02-15 07:00:00,62.53,51.66786261913584,10.862137380864162,7,2
2024-02-15 08:00:00,62.53,51.66786261913584,10.862137380864162,8,2
2024-02-15 09:00:00,59.93,51.66786261913584,8.26213738086416,9,2
2024-02-15 10:00:00,54.79,51.66786261913584,3.12213738086416,10,2
2024-02-15 11:00:00,55.99,51.66786261913584,4.322137380864163,11,2
2024-02-15 12:00:00,52.65,51.66786261913584,0.9821373808641596,12,2
2024-02-15 13:00:00,48.01,51.66786261913584,-3.657862619135841,13,2
2024-02-15 14:00:00,45.56,51.66786261913584,-6.107862619135837,14,2
2024-02-15 15:00:00,46.89,51.66786261913584,-4.777862619135838,15,2
2024-02-15 16:00:00,45.39,51.66786261913584,-6.277862619135838,16,2
2024-02-15 17:00:00,49.0,51.66786261913584,-2.667862619135839,17,2
2024-02-15 18:00:00,59.5,51.66786261913584,7.832137380864161,18,2
2024-02-15 19:00:00,64.44,51.66786261913584,12.772137380864159,19,2
2024-02-15 20:00:00,63.29,51.66786261913584,11.62213738086416,20,2
2024-02-15 21:00:00,60.0,51.66786261913584,8.332137380864161,21,2
2024-02-15 22:00:00,59.5,51.66786261913584,7.832137380864161,22,2
2024-02-15 23:00:00,55.68,51.66786261913584,4.012137380864161,23,2
2024-02-16 00:00:00,51.76,51.66786261913584,0.09213738086415901,0,2
2024-02-16 01:00:00,51.08,51.66786261913584,-0.5878626191358407,1,2
2024-02-16 02:00:00,49.92,51.66786261913584,-1.7478626191358373,2,2
2024-02-16 03:00:00,47.06,51.66786261913584,-4.607862619135837,3,2
2024-02-16 04:00:00,42.0,51.66786261913584,-9.667862619135839,4,2
2024-02-16 05:00:00,46.0,51.66786261913584,-5.667862619135839,5,2
2024-02-16 06:00:00,51.57,51.66786261913584,-0.09786261913583871,6,2
2024-02-16 07:00:00,60.5,51.66786261913584,8.832137380864161,7,2
2024-02-16 08:00:00,66.06,51.66786261913584,14.392137380864163,8,2
2024-02-16 09:00:00,59.0,51.66786261913584,7.332137380864161,9,2
2024-02-16 10:00:00,48.73,51.66786261913584,-2.937862619135842,10,2
2024-02-16 11:00:00,47.06,51.66786261913584,-4.607862619135837,11,2
2024-02-16 12:00:00,42.1,51.66786261913584,-9.567862619135838,12,2
2024-02-16 13:00:00,44.2,51.66786261913584,-7.467862619135836,13,2
2024-02-16 14:00:00,42.1,51.66786261913584,-9.567862619135838,14,2
2024-02-16 15:00:00,42.1,51.66786261913584,-9.567862619135838,15,2
2024-02-16 16:00:00,47.06,51.66786261913584,-4.607862619135837,16,2
2024-02-16 17:00:00,52.08,51.66786261913584,0.4121373808641593,17,2
2024-02-16 18:00:00,63.22,51.66786261913584,11.55213738086416,18,2
2024-02-16 19:00:00,77.93,51.66786261913584,26.262137380864168,19,2
2024-02-16 20:00:00,73.09,51.66786261913584,21.422137380864164,20,2
2024-02-16 21:00:00,69.66,51.66786261913584,17.992137380864158,21,2
2024-02-16 22:00:00,65.94,51.66786261913584,14.272137380864159,22,2
2024-02-16 23:00:00,61.6,51.66786261913584,9.932137380864162,23,2
2024-02-17 00:00:00,46.8,51.66786261913584,-4.867862619135842,0,2
2024-02-17 01:00:00,46.0,51.66786261913584,-5.667862619135839,1,2
2024-02-17 02:00:00,46.0,51.66786261913584,-5.667862619135839,2,2
2024-02-17 03:00:00,45.0,51.66786261913584,-6.667862619135839,3,2
2024-02-17 04:00:00,45.0,51.66786261913584,-6.667862619135839,4,2
2024-02-17 05:00:00,44.23,51.66786261913584,-7.437862619135842,5,2
2024-02-17 06:00:00,44.23,51.66786261913584,-7.437862619135842,6,2
2024-02-17 07:00:00,45.27,51.66786261913584,-6.397862619135836,7,2
2024-02-17 08:00:00,46.34,51.66786261913584,-5.327862619135836,8,2
2024-02-17 09:00:00,44.5,51.66786261913584,-7.167862619135839,9,2
2024-02-17 10:00:00,40.0,51.66786261913584,-11.667862619135839,10,2
2024-02-17 11:00:00,35.0,51.66786261913584,-16.66786261913584,11,2
2024-02-17 12:00:00,33.2,51.66786261913584,-18.467862619135836,12,2
2024-02-17 13:00:00,33.5,51.66786261913584,-18.16786261913584,13,2
2024-02-17 14:00:00,32.4,51.66786261913584,-19.26786261913584,14,2
2024-02-17 15:00:00,30.7,51.66786261913584,-20.96786261913584,15,2
2024-02-17 16:00:00,33.5,51.66786261913584,-18.16786261913584,16,2
2024-02-17 17:00:00,45.27,51.66786261913584,-6.397862619135836,17,2
2024-02-17 18:00:00,65.68,51.66786261913584,14.012137380864168,18,2
2024-02-17 19:00:00,82.93,51.66786261913584,31.262137380864168,19,2
2024-02-17 20:00:00,75.03,51.66786261913584,23.362137380864162,20,2
2024-02-17 21:00:00,70.75,51.66786261913584,19.08213738086416,21,2
2024-02-17 22:00:00,68.2,51.66786261913584,16.532137380864164,22,2
2024-02-17 23:00:00,69.11,51.66786261913584,17.44213738086416,23,2
2024-02-18 00:00:00,59.98,51.66786261913584,8.312137380864158,0,2
2024-02-18 01:00:00,54.81,51.66786261913584,3.1421373808641633,1,2
2024-02-18 02:00:00,51.05,51.66786261913584,-0.6178626191358418,2,2
2024-02-18 03:00:00,49.16,51.66786261913584,-2.5078626191358424,3,2
2024-02-18 04:00:00,47.72,51.66786261913584,-3.94786261913584,4,2
2024-02-18 05:00:00,48.47,51.66786261913584,-3.19786261913584,5,2
2024-02-18 06:00:00,46.02,51.66786261913584,-5.647862619135836,6,2
2024-02-18 07:00:00,48.97,51.66786261913584,-2.69786261913584,7,2
2024-02-18 08:00:00,47.28,51.66786261913584,-4.387862619135838,8,2
2024-02-18 09:00:00,43.03,51.66786261913584,-8.637862619135838,9,2
2024-02-18 10:00:00,40.0,51.66786261913584,-11.667862619135839,10,2
2024-02-18 11:00:00,35.6,51.66786261913584,-16.067862619135838,11,2
2024-02-18 12:00:00,34.8,51.66786261913584,-16.867862619135842,12,2
2024-02-18 13:00:00,33.5,51.66786261913584,-18.16786261913584,13,2
2024-02-18 14:00:00,33.2,51.66786261913584,-18.467862619135836,14,2
2024-02-18 15:00:00,30.18,51.66786261913584,-21.48786261913584,15,2
2024-02-18 16:00:00,32.2,51.66786261913584,-19.467862619135836,16,2
2024-02-18 17:00:00,41.2,51.66786261913584,-10.467862619135836,17,2
2024-02-18 18:00:00,51.96,51.66786261913584,0.29213738086416186,18,2
2024-02-18 19:00:00,63.91,51.66786261913584,12.242137380864158,19,2
2024-02-18 20:00:00,64.71,51.66786261913584,13.042137380864155,20,2
2024-02-18 21:00:00,59.83,51.66786261913584,8.16213738086416,21,2
2024-02-18 22:00:00,57.33,51.66786261913584,5.662137380864159,22,2
2024-02-18 23:00:00,53.94,51.66786261913584,2.2721373808641587,23,2
2024-02-19 00:00:00,44.0,51.66786261913584,-7.667862619135839,0,2
2024-02-19 01:00:00,44.33,51.66786261913584,-7.337862619135841,1,2
2024-02-19 02:00:00,44.63,51.66786261913584,-7.037862619135836,2,2
2024-02-19 03:00:00,43.91,51.66786261913584,-7.757862619135842,3,2
2024-02-19 04:00:00,43.67,51.66786261913584,-7.997862619135837,4,2
2024-02-19 05:00:00,41.5,51.66786261913584,-10.167862619135839,5,2
2024-02-19 06:00:00,44.0,51.66786261913584,-7.667862619135839,6,2
2024-02-19 07:00:00,55.0,51.66786261913584,3.332137380864161,7,2
2024-02-19 08:00:00,59.04,51.66786261913584,7.37213738086416,8,2
2024-02-19 09:00:00,44.0,51.66786261913584,-7.667862619135839,9,2
2024-02-19 10:00:00,39.5,51.66786261913584,-12.167862619135839,10,2
2024-02-19 11:00:00,31.23,51.66786261913584,-20.43786261913584,11,2
2024-02-19 12:00:00,30.6,51.66786261913584,-21.067862619135838,12,2
2024-02-19 13:00:00,30.6,51.66786261913584,-21.067862619135838,13,2
2024-02-19 14:00:00,30.0,51.66786261913584,-21.66786261913584,14,2
2024-02-19 15:00:00,27.79,51.66786261913584,-23.87786261913584,15,2
2024-02-19 16:00:00,31.23,51.66786261913584,-20.43786261913584,16,2
2024-02-19 17:00:00,43.22,51.66786261913584,-8.44786261913584,17,2
2024-02-19 18:00:00,53.52,51.66786261913584,1.8521373808641641,18,2
2024-02-19 19:00:00,66.28,51.66786261913584,14.612137380864162,19,2
2024-02-19 20:00:00,72.26,51.66786261913584,20.592137380864166,20,2
2024-02-19 21:00:00,65.22,51.66786261913584,13.55213738086416,21,2
2024-02-19 22:00:00,54.1,51.66786261913584,2.4321373808641624,22,2
2024-02-19 23:00:00,53.52,51.66786261913584,1.8521373808641641,23,2
2024-02-20 00:00:00,43.74,51.66786261913584,-7.927862619135837,0,2
2024-02-20 01:00:00,41.43,51.66786261913584,-10.23786261913584,1,2
2024-02-20 02:00:00,37.88,51.66786261913584,-13.787862619135836,2,2
2024-02-20 03:00:00,37.0,51.66786261913584,-14.667862619135839,3,2
2024-02-20 04:00:00,38.0,51.66786261913584,-13.667862619135839,4,2
2024-02-20 05:00:00,41.0,51.66786261913584,-10.667862619135839,5,2
2024-02-20 06:00:00,47.96,51.66786261913584,-3.707862619135838,6,2
2024-02-20 07:00:00,61.0,51.66786261913584,9.332137380864161,7,2
2024-02-20 08:00:00,56.28,51.66786261913584,4.612137380864162,8,2
2024-02-20 09:00:00,47.67,51.66786261913584,-3.9978626191358373,9,2
2024-02-20 10:00:00,32.2,51.66786261913584,-19.467862619135836,10,2
2024-02-20 11:00:00,28.6,51.66786261913584,-23.067862619135838,11,2
2024-02-20 12:00:00,28.76,51.66786261913584,-22.907862619135837,12,2
2024-02-20 13:00:00,28.76,51.66786261913584,-22.907862619135837,13,2
2024-02-20 14:00:00,28.6,51.66786261913584,-23.067862619135838,14,2
2024-02-20 15:00:00,29.68,51.66786261913584,-21.98786261913584,15,2
2024-02-20 16:00:00,30.62,51.66786261913584,-21.047862619135838,16,2
2024-02-20 17:00:00,43.06,51.66786261913584,-8.607862619135837,17,2
2024-02-20 18:00:00,72.64,51.66786261913584,20.97213738086416,18,2
2024-02-20 19:00:00,75.44,51.66786261913584,23.77213738086416,19,2
2024-02-20 20:00:00,181.0,51.66786261913584,129.33213738086417,20,2
2024-02-20 21:00:00,119.47,51.66786261913584,67.80213738086417,21,2
2024-02-20 22:00:00,63.16,51.66786261913584,11.492137380864158,22,2
2024-02-20 23:00:00,54.76,51.66786261913584,3.092137380864159,23,2
2024-02-21 00:00:00,52.84,51.66786261913584,1.1721373808641644,0,2
2024-02-21 01:00:00,49.5,51.66786261913584,-2.167862619135839,1,2
2024-02-21 02:00:00,46.99,51.66786261913584,-4.677862619135837,2,2
2024-02-21 03:00:00,44.95,51.66786261913584,-6.717862619135836,3,2
2024-02-21 04:00:00,45.68,51.66786261913584,-5.987862619135839,4,2
2024-02-21 05:00:00,50.35,51.66786261913584,-1.3178626191358376,5,2
2024-02-21 06:00:00,50.98,51.66786261913584,-0.6878626191358421,6,2
2024-02-21 07:00:00,69.6,51.66786261913584,17.932137380864155,7,2
2024-02-21 08:00:00,76.7,51.66786261913584,25.032137380864164,8,2
2024-02-21 09:00:00,48.77,51.66786261913584,-2.897862619135836,9,2
2024-02-21 10:00:00,35.0,51.66786261913584,-16.66786261913584,10,2
2024-02-21 11:00:00,32.72,51.66786261913584,-18.94786261913584,11,2
2024-02-21 12:00:00,33.2,51.66786261913584,-18.467862619135836,12,2
2024-02-21 13:00:00,30.0,51.66786261913584,-21.66786261913584,13,2
2024-02-21 14:00:00,28.6,51.66786261913584,-23.067862619135838,14,2
2024-02-21 15:00:00,28.6,51.66786261913584,-23.067862619135838,15,2
2024-02-21 16:00:00,32.0,51.66786261913584,-19.66786261913584,16,2
2024-02-21 17:00:00,36.0,51.66786261913584,-15.667862619135839,17,2
2024-02-21 18:00:00,47.67,51.66786261913584,-3.9978626191358373,18,2
2024-02-21 19:00:00,63.47,51.66786261913584,11.80213738086416,19,2
2024-02-21 20:00:00,54.76,51.66786261913584,3.092137380864159,20,2
2024-02-21 21:00:00,47.91,51.66786261913584,-3.7578626191358424,21,2
2024-02-21 22:00:00,43.76,51.66786261913584,-7.907862619135841,22,2
2024-02-21 23:00:00,37.14,51.66786261913584,-14.527862619135838,23,2
2024-02-22 00:00:00,22.73,51.66786261913584,-28.93786261913584,0,2
2024-02-22 01:00:00,16.29,51.66786261913584,-35.37786261913584,1,2
2024-02-22 02:00:00,14.0,51.66786261913584,-37.66786261913584,2,2
2024-02-22 03:00:00,14.0,51.66786261913584,-37.66786261913584,3,2
2024-02-22 04:00:00,11.27,51.66786261913584,-40.397862619135836,4,2
2024-02-22 05:00:00,11.27,51.66786261913584,-40.397862619135836,5,2
2024-02-22 06:00:00,16.17,51.66786261913584,-35.49786261913584,6,2
2024-02-22 07:00:00,14.69,51.66786261913584,-36.97786261913584,7,2
2024-02-22 08:00:00,16.2,51.66786261913584,-35.46786261913584,8,2
2024-02-22 09:00:00,13.75,51.66786261913584,-37.91786261913584,9,2
2024-02-22 10:00:00,10.07,51.66786261913584,-41.59786261913584,10,2
2024-02-22 11:00:00,8.87,51.66786261913584,-42.79786261913584,11,2
2024-02-22 12:00:00,3.5,51.66786261913584,-48.16786261913584,12,2
2024-02-22 13:00:00,3.2,51.66786261913584,-48.467862619135836,13,2
2024-02-22 14:00:00,3.2,51.66786261913584,-48.467862619135836,14,2
2024-02-22 15:00:00,3.2,51.66786261913584,-48.467862619135836,15,2
2024-02-22 16:00:00,5.0,51.66786261913584,-46.66786261913584,16,2
2024-02-22 17:00:00,9.0,51.66786261913584,-42.66786261913584,17,2
2024-02-22 18:00:00,10.07,51.66786261913584,-41.59786261913584,18,2
2024-02-22 19:00:00,9.99,51.66786261913584,-41.67786261913584,19,2
2024-02-22 20:00:00,11.8,51.66786261913584,-39.867862619135835,20,2
2024-02-22 21:00:00,13.0,51.66786261913584,-38.66786261913584,21,2
2024-02-22 22:00:00,10.07,51.66786261913584,-41.59786261913584,22,2
2024-02-22 23:00:00,5.67,51.66786261913584,-45.99786261913584,23,2
2024-02-23 00:00:00,9.57,51.66786261913584,-42.09786261913584,0,2
2024-02-23 01:00:00,4.09,51.66786261913584,-47.57786261913584,1,2
2024-02-23 02:00:00,3.2,51.66786261913584,-48.467862619135836,2,2
2024-02-23 03:00:00,1.83,51.66786261913584,-49.83786261913584,3,2
2024-02-23 04:00:00,2.58,51.66786261913584,-49.08786261913584,4,2
2024-02-23 05:00:00,3.2,51.66786261913584,-48.467862619135836,5,2
2024-02-23 06:00:00,6.8,51.66786261913584,-44.86786261913584,6,2
2024-02-23 07:00:00,11.0,51.66786261913584,-40.66786261913584,7,2
2024-02-23 08:00:00,11.22,51.66786261913584,-40.44786261913584,8,2
2024-02-23 09:00:00,6.8,51.66786261913584,-44.86786261913584,9,2
2024-02-23 10:00:00,3.2,51.66786261913584,-48.467862619135836,10,2
2024-02-23 11:00:00,3.2,51.66786261913584,-48.467862619135836,11,2
2024-02-23 12:00:00,3.0,51.66786261913584,-48.66786261913584,12,2
2024-02-23 13:00:00,0.43,51.66786261913584,-51.23786261913584,13,2
2024-02-23 14:00:00,0.01,51.66786261913584,-51.65786261913584,14,2
2024-02-23 15:00:00,0.01,51.66786261913584,-51.65786261913584,15,2
2024-02-23 16:00:00,0.43,51.66786261913584,-51.23786261913584,16,2
2024-02-23 17:00:00,3.2,51.66786261913584,-48.467862619135836,17,2
2024-02-23 18:00:00,11.17,51.66786261913584,-40.49786261913584,18,2
2024-02-23 19:00:00,15.1,51.66786261913584,-36.56786261913584,19,2
2024-02-23 20:00:00,17.15,51.66786261913584,-34.51786261913584,20,2
2024-02-23 21:00:00,18.36,51.66786261913584,-33.30786261913584,21,2
2024-02-23 22:00:00,13.94,51.66786261913584,-37.72786261913584,22,2
2024-02-23 23:00:00,11.69,51.66786261913584,-39.97786261913584,23,2
2024-02-24 00:00:00,7.41,51.66786261913584,-44.257862619135835,0,2
2024-02-24 01:00:00,5.0,51.66786261913584,-46.66786261913584,1,2
2024-02-24 02:00:00,3.2,51.66786261913584,-48.467862619135836,2,2
2024-02-24 03:00:00,4.2,51.66786261913584,-47.467862619135836,3,2
2024-02-24 04:00:00,5.0,51.66786261913584,-46.66786261913584,4,2
2024-02-24 05:00:00,5.0,51.66786261913584,-46.66786261913584,5,2
2024-02-24 06:00:00,6.2,51.66786261913584,-45.467862619135836,6,2
2024-02-24 07:00:00,8.18,51.66786261913584,-43.48786261913584,7,2
2024-02-24 08:00:00,7.41,51.66786261913584,-44.257862619135835,8,2
2024-02-24 09:00:00,3.7,51.66786261913584,-47.967862619135836,9,2
2024-02-24 10:00:00,3.2,51.66786261913584,-48.467862619135836,10,2
2024-02-24 11:00:00,0.0,51.66786261913584,-51.66786261913584,11,2
2024-02-24 12:00:00,0.0,51.66786261913584,-51.66786261913584,12,2
2024-02-24 13:00:00,0.0,51.66786261913584,-51.66786261913584,13,2
2024-02-24 14:00:00,0.0,51.66786261913584,-51.66786261913584,14,2
2024-02-24 15:00:00,0.0,51.66786261913584,-51.66786261913584,15,2
2024-02-24 16:00:00,0.0,51.66786261913584,-51.66786261913584,16,2
2024-02-24 17:00:00,3.2,51.66786261913584,-48.467862619135836,17,2
2024-02-24 18:00:00,8.22,51.66786261913584,-43.44786261913584,18,2
2024-02-24 19:00:00,15.83,51.66786261913584,-35.83786261913584,19,2
2024-02-24 20:00:00,32.37,51.66786261913584,-19.29786261913584,20,2
2024-02-24 21:00:00,25.0,51.66786261913584,-26.66786261913584,21,2
2024-02-24 22:00:00,14.0,51.66786261913584,-37.66786261913584,22,2
2024-02-24 23:00:00,9.48,51.66786261913584,-42.18786261913584,23,2
2024-02-25 00:00:00,4.3,51.66786261913584,-47.36786261913584,0,2
2024-02-25 01:00:00,3.2,51.66786261913584,-48.467862619135836,1,2
2024-02-25 02:00:00,3.2,51.66786261913584,-48.467862619135836,2,2
2024-02-25 03:00:00,3.2,51.66786261913584,-48.467862619135836,3,2
2024-02-25 04:00:00,3.2,51.66786261913584,-48.467862619135836,4,2
2024-02-25 05:00:00,3.0,51.66786261913584,-48.66786261913584,5,2
2024-02-25 06:00:00,3.2,51.66786261913584,-48.467862619135836,6,2
2024-02-25 07:00:00,3.2,51.66786261913584,-48.467862619135836,7,2
2024-02-25 08:00:00,3.2,51.66786261913584,-48.467862619135836,8,2
2024-02-25 09:00:00,3.2,51.66786261913584,-48.467862619135836,9,2
2024-02-25 10:00:00,3.2,51.66786261913584,-48.467862619135836,10,2
2024-02-25 11:00:00,3.2,51.66786261913584,-48.467862619135836,11,2
2024-02-25 12:00:00,0.43,51.66786261913584,-51.23786261913584,12,2
2024-02-25 13:00:00,0.43,51.66786261913584,-51.23786261913584,13,2
2024-02-25 14:00:00,0.43,51.66786261913584,-51.23786261913584,14,2
2024-02-25 15:00:00,0.0,51.66786261913584,-51.66786261913584,15,2
2024-02-25 16:00:00,0.01,51.66786261913584,-51.65786261913584,16,2
2024-02-25 17:00:00,2.33,51.66786261913584,-49.33786261913584,17,2
2024-02-25 18:00:00,3.3,51.66786261913584,-48.36786261913584,18,2
2024-02-25 19:00:00,4.82,51.66786261913584,-46.84786261913584,19,2
2024-02-25 20:00:00,7.0,51.66786261913584,-44.66786261913584,20,2
2024-02-25 21:00:00,7.2,51.66786261913584,-44.467862619135836,21,2
2024-02-25 22:00:00,5.0,51.66786261913584,-46.66786261913584,22,2
2024-02-25 23:00:00,3.2,51.66786261913584,-48.467862619135836,23,2
2024-02-26 00:00:00,3.2,51.66786261913584,-48.467862619135836,0,2
2024-02-26 01:00:00,3.2,51.66786261913584,-48.467862619135836,1,2
2024-02-26 02:00:00,0.1,51.66786261913584,-51.56786261913584,2,2
2024-02-26 03:00:00,0.1,51.66786261913584,-51.56786261913584,3,2
2024-02-26 04:00:00,0.1,51.66786261913584,-51.56786261913584,4,2
2024-02-26 05:00:00,3.0,51.66786261913584,-48.66786261913584,5,2
2024-02-26 06:00:00,3.2,51.66786261913584,-48.467862619135836,6,2
2024-02-26 07:00:00,11.24,51.66786261913584,-40.42786261913584,7,2
2024-02-26 08:00:00,10.5,51.66786261913584,-41.16786261913584,8,2
2024-02-26 09:00:00,3.35,51.66786261913584,-48.31786261913584,9,2
2024-02-26 10:00:00,3.2,51.66786261913584,-48.467862619135836,10,2
2024-02-26 11:00:00,3.2,51.66786261913584,-48.467862619135836,11,2
2024-02-26 12:00:00,0.43,51.66786261913584,-51.23786261913584,12,2
2024-02-26 13:00:00,0.43,51.66786261913584,-51.23786261913584,13,2
2024-02-26 14:00:00,0.01,51.66786261913584,-51.65786261913584,14,2
2024-02-26 15:00:00,0.0,51.66786261913584,-51.66786261913584,15,2
2024-02-26 16:00:00,0.2,51.66786261913584,-51.467862619135836,16,2
2024-02-26 17:00:00,3.2,51.66786261913584,-48.467862619135836,17,2
2024-02-26 18:00:00,3.21,51.66786261913584,-48.45786261913584,18,2
2024-02-26 19:00:00,10.0,51.66786261913584,-41.66786261913584,19,2
2024-02-26 20:00:00,11.75,51.66786261913584,-39.91786261913584,20,2
2024-02-26 21:00:00,10.0,51.66786261913584,-41.66786261913584,21,2
2024-02-26 22:00:00,4.7,51.66786261913584,-46.967862619135836,22,2
2024-02-26 23:00:00,3.3,51.66786261913584,-48.36786261913584,23,2
2024-02-27 00:00:00,2.58,51.66786261913584,-49.08786261913584,0,2
2024-02-27 01:00:00,1.0,51.66786261913584,-50.66786261913584,1,2
2024-02-27 02:00:00,0.0,51.66786261913584,-51.66786261913584,2,2
2024-02-27 03:00:00,0.0,51.66786261913584,-51.66786261913584,3,2
2024-02-27 04:00:00,0.0,51.66786261913584,-51.66786261913584,4,2
2024-02-27 05:00:00,0.0,51.66786261913584,-51.66786261913584,5,2
2024-02-27 06:00:00,3.2,51.66786261913584,-48.467862619135836,6,2
2024-02-27 07:00:00,4.38,51.66786261913584,-47.287862619135836,7,2
2024-02-27 08:00:00,4.8,51.66786261913584,-46.86786261913584,8,2
2024-02-27 09:00:00,3.2,51.66786261913584,-48.467862619135836,9,2
2024-02-27 10:00:00,0.43,51.66786261913584,-51.23786261913584,10,2
2024-02-27 11:00:00,0.0,51.66786261913584,-51.66786261913584,11,2
2024-02-27 12:00:00,0.0,51.66786261913584,-51.66786261913584,12,2
2024-02-27 13:00:00,0.0,51.66786261913584,-51.66786261913584,13,2
2024-02-27 14:00:00,0.0,51.66786261913584,-51.66786261913584,14,2
2024-02-27 15:00:00,0.0,51.66786261913584,-51.66786261913584,15,2
2024-02-27 16:00:00,0.43,51.66786261913584,-51.23786261913584,16,2
2024-02-27 17:00:00,1.8,51.66786261913584,-49.86786261913584,17,2
2024-02-27 18:00:00,4.51,51.66786261913584,-47.15786261913584,18,2
2024-02-27 19:00:00,10.0,51.66786261913584,-41.66786261913584,19,2
2024-02-27 20:00:00,25.0,51.66786261913584,-26.66786261913584,20,2
2024-02-27 21:00:00,14.0,51.66786261913584,-37.66786261913584,21,2
2024-02-27 22:00:00,6.56,51.66786261913584,-45.10786261913584,22,2
2024-02-27 23:00:00,5.83,51.66786261913584,-45.83786261913584,23,2
2024-02-28 00:00:00,3.2,51.66786261913584,-48.467862619135836,0,2
2024-02-28 01:00:00,3.2,51.66786261913584,-48.467862619135836,1,2
2024-02-28 02:00:00,3.2,51.66786261913584,-48.467862619135836,2,2
2024-02-28 03:00:00,3.2,51.66786261913584,-48.467862619135836,3,2
2024-02-28 04:00:00,3.2,51.66786261913584,-48.467862619135836,4,2
2024-02-28 05:00:00,3.2,51.66786261913584,-48.467862619135836,5,2
2024-02-28 06:00:00,3.2,51.66786261913584,-48.467862619135836,6,2
2024-02-28 07:00:00,5.68,51.66786261913584,-45.98786261913584,7,2
2024-02-28 08:00:00,5.9,51.66786261913584,-45.76786261913584,8,2
2024-02-28 09:00:00,3.2,51.66786261913584,-48.467862619135836,9,2
2024-02-28 10:00:00,0.43,51.66786261913584,-51.23786261913584,10,2
2024-02-28 11:00:00,0.0,51.66786261913584,-51.66786261913584,11,2
2024-02-28 12:00:00,0.0,51.66786261913584,-51.66786261913584,12,2
2024-02-28 13:00:00,0.0,51.66786261913584,-51.66786261913584,13,2
2024-02-28 14:00:00,0.0,51.66786261913584,-51.66786261913584,14,2
2024-02-28 15:00:00,0.0,51.66786261913584,-51.66786261913584,15,2
2024-02-28 16:00:00,0.0,51.66786261913584,-51.66786261913584,16,2
2024-02-28 17:00:00,3.2,51.66786261913584,-48.467862619135836,17,2
2024-02-28 18:00:00,10.54,51.66786261913584,-41.12786261913584,18,2
2024-02-28 19:00:00,25.0,51.66786261913584,-26.66786261913584,19,2
2024-02-28 20:00:00,66.96,51.66786261913584,15.292137380864155,20,2
2024-02-28 21:00:00,50.0,51.66786261913584,-1.667862619135839,21,2
2024-02-28 22:00:00,19.71,51.66786261913584,-31.957862619135838,22,2
2024-02-28 23:00:00,11.29,51.66786261913584,-40.37786261913584,23,2
2024-02-29 00:00:00,14.67,51.66786261913584,-36.99786261913584,0,2
2024-02-29 01:00:00,10.0,51.66786261913584,-41.66786261913584,1,2
2024-02-29 02:00:00,6.48,51.66786261913584,-45.18786261913584,2,2
2024-02-29 03:00:00,6.0,51.66786261913584,-45.66786261913584,3,2
2024-02-29 04:00:00,5.68,51.66786261913584,-45.98786261913584,4,2
2024-02-29 05:00:00,5.83,51.66786261913584,-45.83786261913584,5,2
2024-02-29 06:00:00,5.6,51.66786261913584,-46.06786261913584,6,2
2024-02-29 07:00:00,10.67,51.66786261913584,-40.99786261913584,7,2
2024-02-29 08:00:00,10.0,51.66786261913584,-41.66786261913584,8,2
2024-02-29 09:00:00,5.9,51.66786261913584,-45.76786261913584,9,2
2024-02-29 10:00:00,3.2,51.66786261913584,-48.467862619135836,10,2
2024-02-29 11:00:00,0.1,51.66786261913584,-51.56786261913584,11,2
2024-02-29 12:00:00,0.0,51.66786261913584,-51.66786261913584,12,2
2024-02-29 13:00:00,0.0,51.66786261913584,-51.66786261913584,13,2
2024-02-29 14:00:00,0.0,51.66786261913584,-51.66786261913584,14,2
2024-02-29 15:00:00,0.0,51.66786261913584,-51.66786261913584,15,2
2024-02-29 16:00:00,0.0,51.66786261913584,-51.66786261913584,16,2
2024-02-29 17:00:00,0.01,51.66786261913584,-51.65786261913584,17,2
2024-02-29 18:00:00,3.28,51.66786261913584,-48.38786261913584,18,2
2024-02-29 19:00:00,5.0,51.66786261913584,-46.66786261913584,19,2
2024-02-29 20:00:00,7.97,51.66786261913584,-43.69786261913584,20,2
2024-02-29 21:00:00,6.33,51.66786261913584,-45.33786261913584,21,2
2024-02-29 22:00:00,5.0,51.66786261913584,-46.66786261913584,22,2
2024-02-29 23:00:00,3.4,51.66786261913584,-48.26786261913584,23,2
2024-03-01 00:00:00,2.17,51.66786261913584,-49.49786261913584,0,3
2024-03-01 01:00:00,0.5,51.66786261913584,-51.16786261913584,1,3
2024-03-01 02:00:00,0.2,51.66786261913584,-51.467862619135836,2,3
2024-03-01 03:00:00,0.1,51.66786261913584,-51.56786261913584,3,3
2024-03-01 04:00:00,0.01,51.66786261913584,-51.65786261913584,4,3
2024-03-01 05:00:00,0.5,51.66786261913584,-51.16786261913584,5,3
2024-03-01 06:00:00,3.0,51.66786261913584,-48.66786261913584,6,3
2024-03-01 07:00:00,3.25,51.66786261913584,-48.41786261913584,7,3
2024-03-01 08:00:00,3.25,51.66786261913584,-48.41786261913584,8,3
2024-03-01 09:00:00,3.2,51.66786261913584,-48.467862619135836,9,3
2024-03-01 10:00:00,0.0,51.66786261913584,-51.66786261913584,10,3
2024-03-01 11:00:00,0.0,51.66786261913584,-51.66786261913584,11,3
2024-03-01 12:00:00,0.0,51.66786261913584,-51.66786261913584,12,3
2024-03-01 13:00:00,0.0,51.66786261913584,-51.66786261913584,13,3
2024-03-01 14:00:00,0.0,51.66786261913584,-51.66786261913584,14,3
2024-03-01 15:00:00,0.0,51.66786261913584,-51.66786261913584,15,3
2024-03-01 16:00:00,0.0,51.66786261913584,-51.66786261913584,16,3
2024-03-01 17:00:00,0.84,51.66786261913584,-50.827862619135836,17,3
2024-03-01 18:00:00,3.25,51.66786261913584,-48.41786261913584,18,3
2024-03-01 19:00:00,5.68,51.66786261913584,-45.98786261913584,19,3
2024-03-01 20:00:00,10.1,51.66786261913584,-41.56786261913584,20,3
2024-03-01 21:00:00,6.48,51.66786261913584,-45.18786261913584,21,3
2024-03-01 22:00:00,5.0,51.66786261913584,-46.66786261913584,22,3
2024-03-01 23:00:00,3.8,51.66786261913584,-47.86786261913584,23,3
2024-03-02 00:00:00,3.2,51.66786261913584,-48.467862619135836,0,3
2024-03-02 01:00:00,2.0,51.66786261913584,-49.66786261913584,1,3
2024-03-02 02:00:00,0.5,51.66786261913584,-51.16786261913584,2,3
2024-03-02 03:00:00,0.01,51.66786261913584,-51.65786261913584,3,3
2024-03-02 04:00:00,0.01,51.66786261913584,-51.65786261913584,4,3
2024-03-02 05:00:00,0.0,51.66786261913584,-51.66786261913584,5,3
2024-03-02 06:00:00,0.1,51.66786261913584,-51.56786261913584,6,3
2024-03-02 07:00:00,2.1,51.66786261913584,-49.56786261913584,7,3
2024-03-02 08:00:00,2.17,51.66786261913584,-49.49786261913584,8,3
2024-03-02 09:00:00,2.05,51.66786261913584,-49.61786261913584,9,3
2024-03-02 10:00:00,1.68,51.66786261913584,-49.98786261913584,10,3
2024-03-02 11:00:00,0.01,51.66786261913584,-51.65786261913584,11,3
2024-03-02 12:00:00,0.0,51.66786261913584,-51.66786261913584,12,3
2024-03-02 13:00:00,0.01,51.66786261913584,-51.65786261913584,13,3
2024-03-02 14:00:00,0.01,51.66786261913584,-51.65786261913584,14,3
2024-03-02 15:00:00,0.01,51.66786261913584,-51.65786261913584,15,3
2024-03-02 16:00:00,1.02,51.66786261913584,-50.647862619135836,16,3
2024-03-02 17:00:00,2.1,51.66786261913584,-49.56786261913584,17,3
2024-03-02 18:00:00,3.2,51.66786261913584,-48.467862619135836,18,3
2024-03-02 19:00:00,8.12,51.66786261913584,-43.54786261913584,19,3
2024-03-02 20:00:00,31.25,51.66786261913584,-20.41786261913584,20,3
2024-03-02 21:00:00,30.6,51.66786261913584,-21.067862619135838,21,3
2024-03-02 22:00:00,5.6,51.66786261913584,-46.06786261913584,22,3
2024-03-02 23:00:00,4.2,51.66786261913584,-47.467862619135836,23,3
2024-03-03 00:00:00,1.8,51.66786261913584,-49.86786261913584,0,3
2024-03-03 01:00:00,0.1,51.66786261913584,-51.56786261913584,1,3
2024-03-03 02:00:00,0.0,51.66786261913584,-51.66786261913584,2,3
2024-03-03 03:00:00,0.0,51.66786261913584,-51.66786261913584,3,3
2024-03-03 04:00:00,0.0,51.66786261913584,-51.66786261913584,4,3
2024-03-03 05:00:00,0.0,51.66786261913584,-51.66786261913584,5,3
2024-03-03 06:00:00,0.01,51.66786261913584,-51.65786261913584,6,3
2024-03-03 07:00:00,0.19,51.66786261913584,-51.47786261913584,7,3
2024-03-03 08:00:00,0.0,51.66786261913584,-51.66786261913584,8,3
2024-03-03 09:00:00,0.0,51.66786261913584,-51.66786261913584,9,3
2024-03-03 10:00:00,0.0,51.66786261913584,-51.66786261913584,10,3
2024-03-03 11:00:00,0.0,51.66786261913584,-51.66786261913584,11,3
2024-03-03 12:00:00,0.0,51.66786261913584,-51.66786261913584,12,3
2024-03-03 13:00:00,0.0,51.66786261913584,-51.66786261913584,13,3
2024-03-03 14:00:00,0.0,51.66786261913584,-51.66786261913584,14,3
2024-03-03 15:00:00,0.0,51.66786261913584,-51.66786261913584,15,3
2024-03-03 16:00:00,0.0,51.66786261913584,-51.66786261913584,16,3
2024-03-03 17:00:00,0.0,51.66786261913584,-51.66786261913584,17,3
2024-03-03 18:00:00,2.06,51.66786261913584,-49.60786261913584,18,3
2024-03-03 19:00:00,7.98,51.66786261913584,-43.68786261913584,19,3
2024-03-03 20:00:00,29.6,51.66786261913584,-22.067862619135838,20,3
2024-03-03 21:00:00,30.6,51.66786261913584,-21.067862619135838,21,3
2024-03-03 22:00:00,14.0,51.66786261913584,-37.66786261913584,22,3
2024-03-03 23:00:00,4.6,51.66786261913584,-47.06786261913584,23,3
2024-03-04 00:00:00,6.0,51.66786261913584,-45.66786261913584,0,3
2024-03-04 01:00:00,3.2,51.66786261913584,-48.467862619135836,1,3
2024-03-04 02:00:00,3.2,51.66786261913584,-48.467862619135836,2,3
2024-03-04 03:00:00,3.2,51.66786261913584,-48.467862619135836,3,3
2024-03-04 04:00:00,3.19,51.66786261913584,-48.47786261913584,4,3
2024-03-04 05:00:00,3.2,51.66786261913584,-48.467862619135836,5,3
2024-03-04 06:00:00,3.2,51.66786261913584,-48.467862619135836,6,3
2024-03-04 07:00:00,20.0,51.66786261913584,-31.66786261913584,7,3
2024-03-04 08:00:00,25.0,51.66786261913584,-26.66786261913584,8,3
2024-03-04 09:00:00,15.0,51.66786261913584,-36.66786261913584,9,3
2024-03-04 10:00:00,7.6,51.66786261913584,-44.06786261913584,10,3
2024-03-04 11:00:00,3.2,51.66786261913584,-48.467862619135836,11,3
2024-03-04 12:00:00,3.2,51.66786261913584,-48.467862619135836,12,3
2024-03-04 13:00:00,2.91,51.66786261913584,-48.757862619135835,13,3
2024-03-04 14:00:00,1.68,51.66786261913584,-49.98786261913584,14,3
2024-03-04 15:00:00,1.0,51.66786261913584,-50.66786261913584,15,3
2024-03-04 16:00:00,2.33,51.66786261913584,-49.33786261913584,16,3
2024-03-04 17:00:00,3.2,51.66786261913584,-48.467862619135836,17,3
2024-03-04 18:00:00,5.0,51.66786261913584,-46.66786261913584,18,3
2024-03-04 19:00:00,14.0,51.66786261913584,-37.66786261913584,19,3
2024-03-04 20:00:00,25.0,51.66786261913584,-26.66786261913584,20,3
2024-03-04 21:00:00,17.98,51.66786261913584,-33.68786261913584,21,3
2024-03-04 22:00:00,12.5,51.66786261913584,-39.16786261913584,22,3
2024-03-04 23:00:00,6.1,51.66786261913584,-45.56786261913584,23,3
2024-03-05 00:00:00,7.36,51.66786261913584,-44.30786261913584,0,3
2024-03-05 01:00:00,4.66,51.66786261913584,-47.007862619135835,1,3
2024-03-05 02:00:00,4.66,51.66786261913584,-47.007862619135835,2,3
2024-03-05 03:00:00,5.0,51.66786261913584,-46.66786261913584,3,3
2024-03-05 04:00:00,6.0,51.66786261913584,-45.66786261913584,4,3
2024-03-05 05:00:00,8.23,51.66786261913584,-43.43786261913584,5,3
2024-03-05 06:00:00,24.1,51.66786261913584,-27.567862619135838,6,3
2024-03-05 07:00:00,50.01,51.66786261913584,-1.657862619135841,7,3
2024-03-05 08:00:00,61.45,51.66786261913584,9.782137380864164,8,3
2024-03-05 09:00:00,17.63,51.66786261913584,-34.037862619135836,9,3
2024-03-05 10:00:00,8.0,51.66786261913584,-43.66786261913584,10,3
2024-03-05 11:00:00,4.6,51.66786261913584,-47.06786261913584,11,3
2024-03-05 12:00:00,4.0,51.66786261913584,-47.66786261913584,12,3
2024-03-05 13:00:00,3.9,51.66786261913584,-47.76786261913584,13,3
2024-03-05 14:00:00,3.9,51.66786261913584,-47.76786261913584,14,3
2024-03-05 15:00:00,4.0,51.66786261913584,-47.66786261913584,15,3
2024-03-05 16:00:00,5.83,51.66786261913584,-45.83786261913584,16,3
2024-03-05 17:00:00,17.0,51.66786261913584,-34.66786261913584,17,3
2024-03-05 18:00:00,50.51,51.66786261913584,-1.157862619135841,18,3
2024-03-05 19:00:00,125.17,51.66786261913584,73.50213738086416,19,3
2024-03-05 20:00:00,129.47,51.66786261913584,77.80213738086417,20,3
2024-03-05 21:00:00,99.12,51.66786261913584,47.452137380864166,21,3
2024-03-05 22:00:00,85.41,51.66786261913584,33.74213738086416,22,3
2024-03-05 23:00:00,72.86,51.66786261913584,21.19213738086416,23,3
2024-03-06 00:00:00,71.0,51.66786261913584,19.33213738086416,0,3
2024-03-06 01:00:00,50.5,51.66786261913584,-1.167862619135839,1,3
2024-03-06 02:00:00,50.51,51.66786261913584,-1.157862619135841,2,3
2024-03-06 03:00:00,50.01,51.66786261913584,-1.657862619135841,3,3
2024-03-06 04:00:00,41.64,51.66786261913584,-10.027862619135838,4,3
2024-03-06 05:00:00,50.01,51.66786261913584,-1.657862619135841,5,3
2024-03-06 06:00:00,65.68,51.66786261913584,14.012137380864168,6,3
2024-03-06 07:00:00,106.64,51.66786261913584,54.97213738086416,7,3
2024-03-06 08:00:00,108.7,51.66786261913584,57.032137380864164,8,3
2024-03-06 09:00:00,25.0,51.66786261913584,-26.66786261913584,9,3
2024-03-06 10:00:00,14.24,51.66786261913584,-37.42786261913584,10,3
2024-03-06 11:00:00,5.96,51.66786261913584,-45.70786261913584,11,3
2024-03-06 12:00:00,4.07,51.66786261913584,-47.59786261913584,12,3
2024-03-06 13:00:00,3.9,51.66786261913584,-47.76786261913584,13,3
2024-03-06 14:00:00,3.87,51.66786261913584,-47.79786261913584,14,3
2024-03-06 15:00:00,3.9,51.66786261913584,-47.76786261913584,15,3
2024-03-06 16:00:00,5.87,51.66786261913584,-45.79786261913584,16,3
2024-03-06 17:00:00,18.75,51.66786261913584,-32.91786261913584,17,3
2024-03-06 18:00:00,41.64,51.66786261913584,-10.027862619135838,18,3
2024-03-06 19:00:00,119.27,51.66786261913584,67.60213738086415,19,3
2024-03-06 20:00:00,103.75,51.66786261913584,52.08213738086416,20,3
2024-03-06 21:00:00,80.15,51.66786261913584,28.482137380864167,21,3
2024-03-06 22:00:00,54.46,51.66786261913584,2.792137380864162,22,3
2024-03-06 23:00:00,23.67,51.66786261913584,-27.997862619135837,23,3
2024-03-07 00:00:00,14.13,51.66786261913584,-37.537862619135836,0,3
2024-03-07 01:00:00,4.89,51.66786261913584,-46.77786261913584,1,3
2024-03-07 02:00:00,3.51,51.66786261913584,-48.15786261913584,2,3
2024-03-07 03:00:00,3.2,51.66786261913584,-48.467862619135836,3,3
2024-03-07 04:00:00,3.2,51.66786261913584,-48.467862619135836,4,3
2024-03-07 05:00:00,3.2,51.66786261913584,-48.467862619135836,5,3
2024-03-07 06:00:00,4.89,51.66786261913584,-46.77786261913584,6,3
2024-03-07 07:00:00,14.0,51.66786261913584,-37.66786261913584,7,3
2024-03-07 08:00:00,17.0,51.66786261913584,-34.66786261913584,8,3
2024-03-07 09:00:00,5.7,51.66786261913584,-45.967862619135836,9,3
2024-03-07 10:00:00,3.9,51.66786261913584,-47.76786261913584,10,3
2024-03-07 11:00:00,3.2,51.66786261913584,-48.467862619135836,11,3
2024-03-07 12:00:00,2.0,51.66786261913584,-49.66786261913584,12,3
2024-03-07 13:00:00,0.43,51.66786261913584,-51.23786261913584,13,3
2024-03-07 14:00:00,0.43,51.66786261913584,-51.23786261913584,14,3
2024-03-07 15:00:00,0.43,51.66786261913584,-51.23786261913584,15,3
2024-03-07 16:00:00,0.76,51.66786261913584,-50.90786261913584,16,3
2024-03-07 17:00:00,3.2,51.66786261913584,-48.467862619135836,17,3
2024-03-07 18:00:00,5.48,51.66786261913584,-46.18786261913584,18,3
2024-03-07 19:00:00,24.67,51.66786261913584,-26.997862619135837,19,3
2024-03-07 20:00:00,35.0,51.66786261913584,-16.66786261913584,20,3
2024-03-07 21:00:00,30.0,51.66786261913584,-21.66786261913584,21,3
2024-03-07 22:00:00,16.0,51.66786261913584,-35.66786261913584,22,3
2024-03-07 23:00:00,5.33,51.66786261913584,-46.33786261913584,23,3
2024-03-08 00:00:00,3.2,51.66786261913584,-48.467862619135836,0,3
2024-03-08 01:00:00,0.59,51.66786261913584,-51.077862619135836,1,3
2024-03-08 02:00:00,0.35,51.66786261913584,-51.31786261913584,2,3
2024-03-08 03:00:00,0.05,51.66786261913584,-51.61786261913584,3,3
2024-03-08 04:00:00,0.01,51.66786261913584,-51.65786261913584,4,3
2024-03-08 05:00:00,0.13,51.66786261913584,-51.537862619135836,5,3
2024-03-08 06:00:00,3.2,51.66786261913584,-48.467862619135836,6,3
2024-03-08 07:00:00,4.0,51.66786261913584,-47.66786261913584,7,3
2024-03-08 08:00:00,4.0,51.66786261913584,-47.66786261913584,8,3
2024-03-08 09:00:00,3.2,51.66786261913584,-48.467862619135836,9,3
2024-03-08 10:00:00,0.43,51.66786261913584,-51.23786261913584,10,3
2024-03-08 11:00:00,0.0,51.66786261913584,-51.66786261913584,11,3
2024-03-08 12:00:00,0.0,51.66786261913584,-51.66786261913584,12,3
2024-03-08 13:00:00,0.0,51.66786261913584,-51.66786261913584,13,3
2024-03-08 14:00:00,0.0,51.66786261913584,-51.66786261913584,14,3
2024-03-08 15:00:00,0.0,51.66786261913584,-51.66786261913584,15,3
2024-03-08 16:00:00,0.0,51.66786261913584,-51.66786261913584,16,3
2024-03-08 17:00:00,2.41,51.66786261913584,-49.257862619135835,17,3
2024-03-08 18:00:00,1.59,51.66786261913584,-50.077862619135836,18,3
2024-03-08 19:00:00,3.2,51.66786261913584,-48.467862619135836,19,3
2024-03-08 20:00:00,5.98,51.66786261913584,-45.68786261913584,20,3
2024-03-08 21:00:00,4.0,51.66786261913584,-47.66786261913584,21,3
2024-03-08 22:00:00,3.2,51.66786261913584,-48.467862619135836,22,3
2024-03-08 23:00:00,0.43,51.66786261913584,-51.23786261913584,23,3
2024-03-09 00:00:00,0.01,51.66786261913584,-51.65786261913584,0,3
2024-03-09 01:00:00,0.0,51.66786261913584,-51.66786261913584,1,3
2024-03-09 02:00:00,0.0,51.66786261913584,-51.66786261913584,2,3
2024-03-09 03:00:00,0.0,51.66786261913584,-51.66786261913584,3,3
2024-03-09 04:00:00,0.0,51.66786261913584,-51.66786261913584,4,3
2024-03-09 05:00:00,0.0,51.66786261913584,-51.66786261913584,5,3
2024-03-09 06:00:00,0.0,51.66786261913584,-51.66786261913584,6,3
2024-03-09 07:00:00,0.0,51.66786261913584,-51.66786261913584,7,3
2024-03-09 08:00:00,0.01,51.66786261913584,-51.65786261913584,8,3
2024-03-09 09:00:00,0.13,51.66786261913584,-51.537862619135836,9,3
2024-03-09 10:00:00,0.43,51.66786261913584,-51.23786261913584,10,3
2024-03-09 11:00:00,0.1,51.66786261913584,-51.56786261913584,11,3
2024-03-09 12:00:00,0.0,51.66786261913584,-51.66786261913584,12,3
2024-03-09 13:00:00,0.0,51.66786261913584,-51.66786261913584,13,3
2024-03-09 14:00:00,0.0,51.66786261913584,-51.66786261913584,14,3
2024-03-09 15:00:00,0.0,51.66786261913584,-51.66786261913584,15,3
2024-03-09 16:00:00,0.0,51.66786261913584,-51.66786261913584,16,3
2024-03-09 17:00:00,0.0,51.66786261913584,-51.66786261913584,17,3
2024-03-09 18:00:00,0.2,51.66786261913584,-51.467862619135836,18,3
2024-03-09 19:00:00,3.2,51.66786261913584,-48.467862619135836,19,3
2024-03-09 20:00:00,3.5,51.66786261913584,-48.16786261913584,20,3
2024-03-09 21:00:00,3.2,51.66786261913584,-48.467862619135836,21,3
2024-03-09 22:00:00,3.2,51.66786261913584,-48.467862619135836,22,3
2024-03-09 23:00:00,0.2,51.66786261913584,-51.467862619135836,23,3
2024-03-10 00:00:00,0.0,51.66786261913584,-51.66786261913584,0,3
2024-03-10 01:00:00,0.0,51.66786261913584,-51.66786261913584,1,3
2024-03-10 02:00:00,0.0,51.66786261913584,-51.66786261913584,2,3
2024-03-10 03:00:00,0.0,51.66786261913584,-51.66786261913584,3,3
2024-03-10 04:00:00,0.0,51.66786261913584,-51.66786261913584,4,3
2024-03-10 05:00:00,0.0,51.66786261913584,-51.66786261913584,5,3
2024-03-10 06:00:00,0.0,51.66786261913584,-51.66786261913584,6,3
2024-03-10 07:00:00,0.0,51.66786261913584,-51.66786261913584,7,3
2024-03-10 08:00:00,0.0,51.66786261913584,-51.66786261913584,8,3
2024-03-10 09:00:00,0.0,51.66786261913584,-51.66786261913584,9,3
2024-03-10 10:00:00,0.0,51.66786261913584,-51.66786261913584,10,3
2024-03-10 11:00:00,0.0,51.66786261913584,-51.66786261913584,11,3
2024-03-10 12:00:00,0.0,51.66786261913584,-51.66786261913584,12,3
2024-03-10 13:00:00,0.0,51.66786261913584,-51.66786261913584,13,3
2024-03-10 14:00:00,0.0,51.66786261913584,-51.66786261913584,14,3
2024-03-10 15:00:00,0.0,51.66786261913584,-51.66786261913584,15,3
2024-03-10 16:00:00,0.0,51.66786261913584,-51.66786261913584,16,3
2024-03-10 17:00:00,0.0,51.66786261913584,-51.66786261913584,17,3
2024-03-10 18:00:00,0.0,51.66786261913584,-51.66786261913584,18,3
2024-03-10 19:00:00,3.19,51.66786261913584,-48.47786261913584,19,3
2024-03-10 20:00:00,3.2,51.66786261913584,-48.467862619135836,20,3
2024-03-10 21:00:00,3.2,51.66786261913584,-48.467862619135836,21,3
2024-03-10 22:00:00,3.2,51.66786261913584,-48.467862619135836,22,3
2024-03-10 23:00:00,0.1,51.66786261913584,-51.56786261913584,23,3
2024-03-11 00:00:00,0.1,51.66786261913584,-51.56786261913584,0,3
2024-03-11 01:00:00,0.0,51.66786261913584,-51.66786261913584,1,3
2024-03-11 02:00:00,0.0,51.66786261913584,-51.66786261913584,2,3
2024-03-11 03:00:00,0.0,51.66786261913584,-51.66786261913584,3,3
2024-03-11 04:00:00,0.0,51.66786261913584,-51.66786261913584,4,3
2024-03-11 05:00:00,0.0,51.66786261913584,-51.66786261913584,5,3
2024-03-11 06:00:00,1.68,51.66786261913584,-49.98786261913584,6,3
2024-03-11 07:00:00,4.97,51.66786261913584,-46.69786261913584,7,3
2024-03-11 08:00:00,3.2,51.66786261913584,-48.467862619135836,8,3
2024-03-11 09:00:00,0.01,51.66786261913584,-51.65786261913584,9,3
2024-03-11 10:00:00,0.0,51.66786261913584,-51.66786261913584,10,3
2024-03-11 11:00:00,0.0,51.66786261913584,-51.66786261913584,11,3
2024-03-11 12:00:00,0.0,51.66786261913584,-51.66786261913584,12,3
2024-03-11 13:00:00,0.0,51.66786261913584,-51.66786261913584,13,3
2024-03-11 14:00:00,0.0,51.66786261913584,-51.66786261913584,14,3
2024-03-11 15:00:00,0.0,51.66786261913584,-51.66786261913584,15,3
2024-03-11 16:00:00,0.0,51.66786261913584,-51.66786261913584,16,3
2024-03-11 17:00:00,0.0,51.66786261913584,-51.66786261913584,17,3
2024-03-11 18:00:00,5.51,51.66786261913584,-46.15786261913584,18,3
2024-03-11 19:00:00,70.0,51.66786261913584,18.33213738086416,19,3
2024-03-11 20:00:00,87.97,51.66786261913584,36.30213738086416,20,3
2024-03-11 21:00:00,76.64,51.66786261913584,24.97213738086416,21,3
2024-03-11 22:00:00,75.0,51.66786261913584,23.33213738086416,22,3
2024-03-11 23:00:00,26.1,51.66786261913584,-25.567862619135838,23,3
2024-03-12 00:00:00,35.0,51.66786261913584,-16.66786261913584,0,3
2024-03-12 01:00:00,27.3,51.66786261913584,-24.36786261913584,1,3
2024-03-12 02:00:00,25.0,51.66786261913584,-26.66786261913584,2,3
2024-03-12 03:00:00,24.6,51.66786261913584,-27.067862619135838,3,3
2024-03-12 04:00:00,25.0,51.66786261913584,-26.66786261913584,4,3
2024-03-12 05:00:00,25.0,51.66786261913584,-26.66786261913584,5,3
2024-03-12 06:00:00,60.02,51.66786261913584,8.352137380864164,6,3
2024-03-12 07:00:00,89.8,51.66786261913584,38.13213738086416,7,3
2024-03-12 08:00:00,75.0,51.66786261913584,23.33213738086416,8,3
2024-03-12 09:00:00,20.0,51.66786261913584,-31.66786261913584,9,3
2024-03-12 10:00:00,0.5,51.66786261913584,-51.16786261913584,10,3
2024-03-12 11:00:00,0.43,51.66786261913584,-51.23786261913584,11,3
2024-03-12 12:00:00,0.15,51.66786261913584,-51.51786261913584,12,3
2024-03-12 13:00:00,0.1,51.66786261913584,-51.56786261913584,13,3
2024-03-12 14:00:00,0.1,51.66786261913584,-51.56786261913584,14,3
2024-03-12 15:00:00,0.42,51.66786261913584,-51.24786261913584,15,3
2024-03-12 16:00:00,3.0,51.66786261913584,-48.66786261913584,16,3
2024-03-12 17:00:00,20.1,51.66786261913584,-31.567862619135838,17,3
2024-03-12 18:00:00,60.02,51.66786261913584,8.352137380864164,18,3
2024-03-12 19:00:00,98.99,51.66786261913584,47.322137380864156,19,3
2024-03-12 20:00:00,173.82,51.66786261913584,122.15213738086416,20,3
2024-03-12 21:00:00,117.9,51.66786261913584,66.23213738086417,21,3
2024-03-12 22:00:00,70.54,51.66786261913584,18.872137380864167,22,3
2024-03-12 23:00:00,61.99,51.66786261913584,10.322137380864163,23,3
2024-03-13 00:00:00,55.09,51.66786261913584,3.4221373808641644,0,3
2024-03-13 01:00:00,35.0,51.66786261913584,-16.66786261913584,1,3
2024-03-13 02:00:00,26.1,51.66786261913584,-25.567862619135838,2,3
2024-03-13 03:00:00,24.1,51.66786261913584,-27.567862619135838,3,3
2024-03-13 04:00:00,24.74,51.66786261913584,-26.92786261913584,4,3
2024-03-13 05:00:00,25.11,51.66786261913584,-26.55786261913584,5,3
2024-03-13 06:00:00,57.54,51.66786261913584,5.87213738086416,6,3
2024-03-13 07:00:00,88.03,51.66786261913584,36.36213738086416,7,3
2024-03-13 08:00:00,86.74,51.66786261913584,35.072137380864156,8,3
2024-03-13 09:00:00,22.08,51.66786261913584,-29.58786261913584,9,3
2024-03-13 10:00:00,10.0,51.66786261913584,-41.66786261913584,10,3
2024-03-13 11:00:00,3.2,51.66786261913584,-48.467862619135836,11,3
2024-03-13 12:00:00,3.0,51.66786261913584,-48.66786261913584,12,3
2024-03-13 13:00:00,2.3,51.66786261913584,-49.36786261913584,13,3
2024-03-13 14:00:00,2.01,51.66786261913584,-49.65786261913584,14,3
2024-03-13 15:00:00,2.3,51.66786261913584,-49.36786261913584,15,3
2024-03-13 16:00:00,3.2,51.66786261913584,-48.467862619135836,16,3
2024-03-13 17:00:00,21.62,51.66786261913584,-30.047862619135838,17,3
2024-03-13 18:00:00,76.41,51.66786261913584,24.742137380864158,18,3
2024-03-13 19:00:00,98.78,51.66786261913584,47.11213738086416,19,3
2024-03-13 20:00:00,134.32,51.66786261913584,82.65213738086416,20,3
2024-03-13 21:00:00,89.05,51.66786261913584,37.38213738086416,21,3
2024-03-13 22:00:00,68.26,51.66786261913584,16.592137380864166,22,3
2024-03-13 23:00:00,57.56,51.66786261913584,5.892137380864163,23,3
2024-03-14 00:00:00,37.48,51.66786261913584,-14.187862619135842,0,3
2024-03-14 01:00:00,31.05,51.66786261913584,-20.61786261913584,1,3
2024-03-14 02:00:00,26.1,51.66786261913584,-25.567862619135838,2,3
2024-03-14 03:00:00,24.6,51.66786261913584,-27.067862619135838,3,3
2024-03-14 04:00:00,24.6,51.66786261913584,-27.067862619135838,4,3
2024-03-14 05:00:00,31.05,51.66786261913584,-20.61786261913584,5,3
2024-03-14 06:00:00,36.83,51.66786261913584,-14.83786261913584,6,3
2024-03-14 07:00:00,87.85,51.66786261913584,36.182137380864155,7,3
2024-03-14 08:00:00,70.0,51.66786261913584,18.33213738086416,8,3
2024-03-14 09:00:00,35.0,51.66786261913584,-16.66786261913584,9,3
2024-03-14 10:00:00,31.05,51.66786261913584,-20.61786261913584,10,3
2024-03-14 11:00:00,12.0,51.66786261913584,-39.66786261913584,11,3
2024-03-14 12:00:00,10.2,51.66786261913584,-41.46786261913584,12,3
2024-03-14 13:00:00,9.14,51.66786261913584,-42.52786261913584,13,3
2024-03-14 14:00:00,3.5,51.66786261913584,-48.16786261913584,14,3
2024-03-14 15:00:00,3.2,51.66786261913584,-48.467862619135836,15,3
2024-03-14 16:00:00,9.14,51.66786261913584,-42.52786261913584,16,3
2024-03-14 17:00:00,21.71,51.66786261913584,-29.957862619135838,17,3
2024-03-14 18:00:00,35.0,51.66786261913584,-16.66786261913584,18,3
2024-03-14 19:00:00,85.82,51.66786261913584,34.152137380864154,19,3
2024-03-14 20:00:00,78.25,51.66786261913584,26.58213738086416,20,3
2024-03-14 21:00:00,62.8,51.66786261913584,11.132137380864158,21,3
2024-03-14 22:00:00,59.91,51.66786261913584,8.242137380864158,22,3
2024-03-14 23:00:00,37.48,51.66786261913584,-14.187862619135842,23,3
2024-03-15 00:00:00,34.97,51.66786261913584,-16.69786261913584,0,3
2024-03-15 01:00:00,27.2,51.66786261913584,-24.46786261913584,1,3
2024-03-15 02:00:00,24.1,51.66786261913584,-27.567862619135838,2,3
2024-03-15 03:00:00,23.6,51.66786261913584,-28.067862619135838,3,3
2024-03-15 04:00:00,20.89,51.66786261913584,-30.77786261913584,4,3
2024-03-15 05:00:00,24.1,51.66786261913584,-27.567862619135838,5,3
2024-03-15 06:00:00,33.26,51.66786261913584,-18.40786261913584,6,3
2024-03-15 07:00:00,51.92,51.66786261913584,0.2521373808641627,7,3
2024-03-15 08:00:00,40.33,51.66786261913584,-11.33786261913584,8,3
2024-03-15 09:00:00,24.1,51.66786261913584,-27.567862619135838,9,3
2024-03-15 10:00:00,15.35,51.66786261913584,-36.31786261913584,10,3
2024-03-15 11:00:00,15.05,51.66786261913584,-36.617862619135835,11,3
2024-03-15 12:00:00,12.43,51.66786261913584,-39.23786261913584,12,3
2024-03-15 13:00:00,10.95,51.66786261913584,-40.71786261913584,13,3
2024-03-15 14:00:00,10.55,51.66786261913584,-41.117862619135835,14,3
2024-03-15 15:00:00,10.55,51.66786261913584,-41.117862619135835,15,3
2024-03-15 16:00:00,15.15,51.66786261913584,-36.51786261913584,16,3
2024-03-15 17:00:00,25.0,51.66786261913584,-26.66786261913584,17,3
2024-03-15 18:00:00,40.0,51.66786261913584,-11.667862619135839,18,3
2024-03-15 19:00:00,88.01,51.66786261913584,36.342137380864166,19,3
2024-03-15 20:00:00,123.58,51.66786261913584,71.91213738086415,20,3
2024-03-15 21:00:00,110.0,51.66786261913584,58.33213738086416,21,3
2024-03-15 22:00:00,74.9,51.66786261913584,23.232137380864167,22,3
2024-03-15 23:00:00,49.59,51.66786261913584,-2.0778626191358356,23,3
2024-03-16 00:00:00,45.18,51.66786261913584,-6.487862619135839,0,3
2024-03-16 01:00:00,42.31,51.66786261913584,-9.357862619135837,1,3
2024-03-16 02:00:00,37.99,51.66786261913584,-13.677862619135837,2,3
2024-03-16 03:00:00,35.58,51.66786261913584,-16.08786261913584,3,3
2024-03-16 04:00:00,35.0,51.66786261913584,-16.66786261913584,4,3
2024-03-16 05:00:00,41.17,51.66786261913584,-10.497862619135837,5,3
2024-03-16 06:00:00,48.28,51.66786261913584,-3.387862619135838,6,3
2024-03-16 07:00:00,37.45,51.66786261913584,-14.217862619135836,7,3
2024-03-16 08:00:00,26.45,51.66786261913584,-25.21786261913584,8,3
2024-03-16 09:00:00,14.77,51.66786261913584,-36.897862619135836,9,3
2024-03-16 10:00:00,10.5,51.66786261913584,-41.16786261913584,10,3
2024-03-16 11:00:00,5.42,51.66786261913584,-46.24786261913584,11,3
2024-03-16 12:00:00,3.2,51.66786261913584,-48.467862619135836,12,3
2024-03-16 13:00:00,3.2,51.66786261913584,-48.467862619135836,13,3
2024-03-16 14:00:00,1.0,51.66786261913584,-50.66786261913584,14,3
2024-03-16 15:00:00,0.43,51.66786261913584,-51.23786261913584,15,3
2024-03-16 16:00:00,4.25,51.66786261913584,-47.41786261913584,16,3
2024-03-16 17:00:00,13.45,51.66786261913584,-38.21786261913584,17,3
2024-03-16 18:00:00,30.0,51.66786261913584,-21.66786261913584,18,3
2024-03-16 19:00:00,80.5,51.66786261913584,28.83213738086416,19,3
2024-03-16 20:00:00,82.61,51.66786261913584,30.94213738086416,20,3
2024-03-16 21:00:00,73.35,51.66786261913584,21.682137380864155,21,3
2024-03-16 22:00:00,51.06,51.66786261913584,-0.6078626191358367,22,3
2024-03-16 23:00:00,35.58,51.66786261913584,-16.08786261913584,23,3
2024-03-17 00:00:00,35.0,51.66786261913584,-16.66786261913584,0,3
2024-03-17 01:00:00,30.0,51.66786261913584,-21.66786261913584,1,3
2024-03-17 02:00:00,25.15,51.66786261913584,-26.51786261913584,2,3
2024-03-17 03:00:00,25.15,51.66786261913584,-26.51786261913584,3,3
2024-03-17 04:00:00,25.15,51.66786261913584,-26.51786261913584,4,3
2024-03-17 05:00:00,25.0,51.66786261913584,-26.66786261913584,5,3
2024-03-17 06:00:00,21.45,51.66786261913584,-30.21786261913584,6,3
2024-03-17 07:00:00,24.0,51.66786261913584,-27.66786261913584,7,3
2024-03-17 08:00:00,11.25,51.66786261913584,-40.41786261913584,8,3
2024-03-17 09:00:00,11.34,51.66786261913584,-40.32786261913584,9,3
2024-03-17 10:00:00,9.72,51.66786261913584,-41.94786261913584,10,3
2024-03-17 11:00:00,0.43,51.66786261913584,-51.23786261913584,11,3
2024-03-17 12:00:00,0.43,51.66786261913584,-51.23786261913584,12,3
2024-03-17 13:00:00,0.43,51.66786261913584,-51.23786261913584,13,3
2024-03-17 14:00:00,0.43,51.66786261913584,-51.23786261913584,14,3
2024-03-17 15:00:00,0.43,51.66786261913584,-51.23786261913584,15,3
2024-03-17 16:00:00,9.72,51.66786261913584,-41.94786261913584,16,3
2024-03-17 17:00:00,14.95,51.66786261913584,-36.71786261913584,17,3
2024-03-17 18:00:00,35.0,51.66786261913584,-16.66786261913584,18,3
2024-03-17 19:00:00,79.96,51.66786261913584,28.292137380864155,19,3
2024-03-17 20:00:00,77.89,51.66786261913584,26.22213738086416,20,3
2024-03-17 21:00:00,72.33,51.66786261913584,20.66213738086416,21,3
2024-03-17 22:00:00,72.1,51.66786261913584,20.432137380864155,22,3
2024-03-17 23:00:00,65.91,51.66786261913584,14.242137380864158,23,3
2024-03-18 00:00:00,64.12,51.66786261913584,12.452137380864166,0,3
2024-03-18 01:00:00,50.3,51.66786261913584,-1.3678626191358418,1,3
2024-03-18 02:00:00,48.85,51.66786261913584,-2.8178626191358376,2,3
2024-03-18 03:00:00,48.85,51.66786261913584,-2.8178626191358376,3,3
2024-03-18 04:00:00,46.03,51.66786261913584,-5.637862619135838,4,3
2024-03-18 05:00:00,44.28,51.66786261913584,-7.387862619135838,5,3
2024-03-18 06:00:00,61.71,51.66786261913584,10.042137380864162,6,3
2024-03-18 07:00:00,94.68,51.66786261913584,43.01213738086417,7,3
2024-03-18 08:00:00,94.45,51.66786261913584,42.782137380864164,8,3
2024-03-18 09:00:00,52.61,51.66786261913584,0.9421373808641604,9,3
2024-03-18 10:00:00,42.1,51.66786261913584,-9.567862619135838,10,3
2024-03-18 11:00:00,35.0,51.66786261913584,-16.66786261913584,11,3
2024-03-18 12:00:00,35.0,51.66786261913584,-16.66786261913584,12,3
2024-03-18 13:00:00,35.0,51.66786261913584,-16.66786261913584,13,3
2024-03-18 14:00:00,35.0,51.66786261913584,-16.66786261913584,14,3
2024-03-18 15:00:00,35.5,51.66786261913584,-16.16786261913584,15,3
2024-03-18 16:00:00,43.86,51.66786261913584,-7.80786261913584,16,3
2024-03-18 17:00:00,47.7,51.66786261913584,-3.967862619135836,17,3
2024-03-18 18:00:00,73.45,51.66786261913584,21.782137380864164,18,3
2024-03-18 19:00:00,125.16,51.66786261913584,73.49213738086416,19,3
2024-03-18 20:00:00,114.24,51.66786261913584,62.572137380864156,20,3
2024-03-18 21:00:00,95.85,51.66786261913584,44.182137380864155,21,3
2024-03-18 22:00:00,77.8,51.66786261913584,26.132137380864158,22,3
2024-03-18 23:00:00,70.51,51.66786261913584,18.842137380864166,23,3
2024-03-19 00:00:00,69.14,51.66786261913584,17.47213738086416,0,3
2024-03-19 01:00:00,65.06,51.66786261913584,13.392137380864163,1,3
2024-03-19 02:00:00,58.13,51.66786261913584,6.462137380864164,2,3
2024-03-19 03:00:00,56.18,51.66786261913584,4.512137380864161,3,3
2024-03-19 04:00:00,53.0,51.66786261913584,1.332137380864161,4,3
2024-03-19 05:00:00,58.76,51.66786261913584,7.092137380864159,5,3
2024-03-19 06:00:00,76.18,51.66786261913584,24.512137380864168,6,3
2024-03-19 07:00:00,101.64,51.66786261913584,49.97213738086416,7,3
2024-03-19 08:00:00,95.87,51.66786261913584,44.202137380864166,8,3
2024-03-19 09:00:00,58.13,51.66786261913584,6.462137380864164,9,3
2024-03-19 10:00:00,37.28,51.66786261913584,-14.387862619135838,10,3
2024-03-19 11:00:00,35.26,51.66786261913584,-16.40786261913584,11,3
2024-03-19 12:00:00,35.0,51.66786261913584,-16.66786261913584,12,3
2024-03-19 13:00:00,35.0,51.66786261913584,-16.66786261913584,13,3
2024-03-19 14:00:00,35.0,51.66786261913584,-16.66786261913584,14,3
2024-03-19 15:00:00,35.0,51.66786261913584,-16.66786261913584,15,3
2024-03-19 16:00:00,35.54,51.66786261913584,-16.12786261913584,16,3
2024-03-19 17:00:00,54.5,51.66786261913584,2.832137380864161,17,3
2024-03-19 18:00:00,76.62,51.66786261913584,24.952137380864166,18,3
2024-03-19 19:00:00,128.96,51.66786261913584,77.29213738086418,19,3
2024-03-19 20:00:00,110.0,51.66786261913584,58.33213738086416,20,3
2024-03-19 21:00:00,92.01,51.66786261913584,40.342137380864166,21,3
2024-03-19 22:00:00,81.75,51.66786261913584,30.08213738086416,22,3
2024-03-19 23:00:00,76.1,51.66786261913584,24.432137380864155,23,3
2024-03-20 00:00:00,70.0,51.66786261913584,18.33213738086416,0,3
2024-03-20 01:00:00,68.57,51.66786261913584,16.902137380864154,1,3
2024-03-20 02:00:00,60.78,51.66786261913584,9.112137380864162,2,3
2024-03-20 03:00:00,50.53,51.66786261913584,-1.1378626191358379,3,3
2024-03-20 04:00:00,42.84,51.66786261913584,-8.827862619135836,4,3
2024-03-20 05:00:00,58.0,51.66786261913584,6.332137380864161,5,3
2024-03-20 06:00:00,68.0,51.66786261913584,16.33213738086416,6,3
2024-03-20 07:00:00,88.38,51.66786261913584,36.71213738086416,7,3
2024-03-20 08:00:00,85.25,51.66786261913584,33.58213738086416,8,3
2024-03-20 09:00:00,61.76,51.66786261913584,10.092137380864159,9,3
2024-03-20 10:00:00,35.7,51.66786261913584,-15.967862619135836,10,3
2024-03-20 11:00:00,35.0,51.66786261913584,-16.66786261913584,11,3
2024-03-20 12:00:00,33.26,51.66786261913584,-18.40786261913584,12,3
2024-03-20 13:00:00,27.0,51.66786261913584,-24.66786261913584,13,3
2024-03-20 14:00:00,27.28,51.66786261913584,-24.387862619135838,14,3
2024-03-20 15:00:00,28.69,51.66786261913584,-22.977862619135838,15,3
2024-03-20 16:00:00,34.15,51.66786261913584,-17.51786261913584,16,3
2024-03-20 17:00:00,35.43,51.66786261913584,-16.23786261913584,17,3
2024-03-20 18:00:00,61.02,51.66786261913584,9.352137380864164,18,3
2024-03-20 19:00:00,97.01,51.66786261913584,45.342137380864166,19,3
2024-03-20 20:00:00,100.76,51.66786261913584,49.092137380864166,20,3
2024-03-20 21:00:00,79.25,51.66786261913584,27.58213738086416,21,3
2024-03-20 22:00:00,68.0,51.66786261913584,16.33213738086416,22,3
2024-03-20 23:00:00,50.0,51.66786261913584,-1.667862619135839,23,3
2024-03-21 00:00:00,35.0,51.66786261913584,-16.66786261913584,0,3
2024-03-21 01:00:00,34.47,51.66786261913584,-17.19786261913584,1,3
2024-03-21 02:00:00,33.97,51.66786261913584,-17.69786261913584,2,3
2024-03-21 03:00:00,34.17,51.66786261913584,-17.497862619135837,3,3
2024-03-21 04:00:00,34.07,51.66786261913584,-17.59786261913584,4,3
2024-03-21 05:00:00,35.0,51.66786261913584,-16.66786261913584,5,3
2024-03-21 06:00:00,35.0,51.66786261913584,-16.66786261913584,6,3
2024-03-21 07:00:00,55.96,51.66786261913584,4.292137380864162,7,3
2024-03-21 08:00:00,45.02,51.66786261913584,-6.647862619135836,8,3
2024-03-21 09:00:00,35.0,51.66786261913584,-16.66786261913584,9,3
2024-03-21 10:00:00,30.0,51.66786261913584,-21.66786261913584,10,3
2024-03-21 11:00:00,17.27,51.66786261913584,-34.397862619135836,11,3
2024-03-21 12:00:00,15.99,51.66786261913584,-35.67786261913584,12,3
2024-03-21 13:00:00,14.0,51.66786261913584,-37.66786261913584,13,3
2024-03-21 14:00:00,10.83,51.66786261913584,-40.83786261913584,14,3
2024-03-21 15:00:00,10.61,51.66786261913584,-41.05786261913584,15,3
2024-03-21 16:00:00,15.98,51.66786261913584,-35.68786261913584,16,3
2024-03-21 17:00:00,26.1,51.66786261913584,-25.567862619135838,17,3
2024-03-21 18:00:00,35.0,51.66786261913584,-16.66786261913584,18,3
2024-03-21 19:00:00,70.4,51.66786261913584,18.732137380864167,19,3
2024-03-21 20:00:00,84.0,51.66786261913584,32.33213738086416,20,3
2024-03-21 21:00:00,65.86,51.66786261913584,14.19213738086416,21,3
2024-03-21 22:00:00,48.0,51.66786261913584,-3.667862619135839,22,3
2024-03-21 23:00:00,40.0,51.66786261913584,-11.667862619135839,23,3
2024-03-22 00:00:00,25.0,51.66786261913584,-26.66786261913584,0,3
2024-03-22 01:00:00,20.1,51.66786261913584,-31.567862619135838,1,3
2024-03-22 02:00:00,17.2,51.66786261913584,-34.46786261913584,2,3
2024-03-22 03:00:00,16.7,51.66786261913584,-34.96786261913584,3,3
2024-03-22 04:00:00,18.9,51.66786261913584,-32.76786261913584,4,3
2024-03-22 05:00:00,25.0,51.66786261913584,-26.66786261913584,5,3
2024-03-22 06:00:00,35.0,51.66786261913584,-16.66786261913584,6,3
2024-03-22 07:00:00,49.19,51.66786261913584,-2.4778626191358413,7,3
2024-03-22 08:00:00,35.0,51.66786261913584,-16.66786261913584,8,3
2024-03-22 09:00:00,20.0,51.66786261913584,-31.66786261913584,9,3
2024-03-22 10:00:00,14.5,51.66786261913584,-37.16786261913584,10,3
2024-03-22 11:00:00,7.0,51.66786261913584,-44.66786261913584,11,3
2024-03-22 12:00:00,3.35,51.66786261913584,-48.31786261913584,12,3
2024-03-22 13:00:00,2.44,51.66786261913584,-49.22786261913584,13,3
2024-03-22 14:00:00,1.1,51.66786261913584,-50.56786261913584,14,3
2024-03-22 15:00:00,3.19,51.66786261913584,-48.47786261913584,15,3
2024-03-22 16:00:00,3.35,51.66786261913584,-48.31786261913584,16,3
2024-03-22 17:00:00,14.7,51.66786261913584,-36.96786261913584,17,3
2024-03-22 18:00:00,35.0,51.66786261913584,-16.66786261913584,18,3
2024-03-22 19:00:00,57.3,51.66786261913584,5.632137380864158,19,3
2024-03-22 20:00:00,53.92,51.66786261913584,2.2521373808641627,20,3
2024-03-22 21:00:00,35.0,51.66786261913584,-16.66786261913584,21,3
2024-03-22 22:00:00,29.16,51.66786261913584,-22.50786261913584,22,3
2024-03-22 23:00:00,15.6,51.66786261913584,-36.06786261913584,23,3
2024-03-23 00:00:00,3.2,51.66786261913584,-48.467862619135836,0,3
2024-03-23 01:00:00,3.03,51.66786261913584,-48.63786261913584,1,3
2024-03-23 02:00:00,0.9,51.66786261913584,-50.76786261913584,2,3
2024-03-23 03:00:00,2.71,51.66786261913584,-48.95786261913584,3,3
2024-03-23 04:00:00,2.05,51.66786261913584,-49.61786261913584,4,3
2024-03-23 05:00:00,2.0,51.66786261913584,-49.66786261913584,5,3
2024-03-23 06:00:00,2.1,51.66786261913584,-49.56786261913584,6,3
2024-03-23 07:00:00,2.3,51.66786261913584,-49.36786261913584,7,3
2024-03-23 08:00:00,0.43,51.66786261913584,-51.23786261913584,8,3
2024-03-23 09:00:00,0.0,51.66786261913584,-51.66786261913584,9,3
2024-03-23 10:00:00,0.0,51.66786261913584,-51.66786261913584,10,3
2024-03-23 11:00:00,0.0,51.66786261913584,-51.66786261913584,11,3
2024-03-23 12:00:00,0.0,51.66786261913584,-51.66786261913584,12,3
2024-03-23 13:00:00,0.0,51.66786261913584,-51.66786261913584,13,3
2024-03-23 14:00:00,0.0,51.66786261913584,-51.66786261913584,14,3
2024-03-23 15:00:00,0.0,51.66786261913584,-51.66786261913584,15,3
2024-03-23 16:00:00,0.0,51.66786261913584,-51.66786261913584,16,3
2024-03-23 17:00:00,0.43,51.66786261913584,-51.23786261913584,17,3
2024-03-23 18:00:00,3.19,51.66786261913584,-48.47786261913584,18,3
2024-03-23 19:00:00,3.2,51.66786261913584,-48.467862619135836,19,3
2024-03-23 20:00:00,9.01,51.66786261913584,-42.65786261913584,20,3
2024-03-23 21:00:00,7.18,51.66786261913584,-44.48786261913584,21,3
2024-03-23 22:00:00,3.2,51.66786261913584,-48.467862619135836,22,3
2024-03-23 23:00:00,3.2,51.66786261913584,-48.467862619135836,23,3
2024-03-24 00:00:00,0.16,51.66786261913584,-51.50786261913584,0,3
2024-03-24 01:00:00,0.0,51.66786261913584,-51.66786261913584,1,3
2024-03-24 02:00:00,0.0,51.66786261913584,-51.66786261913584,2,3
2024-03-24 03:00:00,0.0,51.66786261913584,-51.66786261913584,3,3
2024-03-24 04:00:00,0.0,51.66786261913584,-51.66786261913584,4,3
2024-03-24 05:00:00,0.0,51.66786261913584,-51.66786261913584,5,3
2024-03-24 06:00:00,0.01,51.66786261913584,-51.65786261913584,6,3
2024-03-24 07:00:00,0.1,51.66786261913584,-51.56786261913584,7,3
2024-03-24 08:00:00,0.0,51.66786261913584,-51.66786261913584,8,3
2024-03-24 09:00:00,0.0,51.66786261913584,-51.66786261913584,9,3
2024-03-24 10:00:00,0.0,51.66786261913584,-51.66786261913584,10,3
2024-03-24 11:00:00,0.0,51.66786261913584,-51.66786261913584,11,3
2024-03-24 12:00:00,0.0,51.66786261913584,-51.66786261913584,12,3
2024-03-24 13:00:00,0.0,51.66786261913584,-51.66786261913584,13,3
2024-03-24 14:00:00,0.0,51.66786261913584,-51.66786261913584,14,3
2024-03-24 15:00:00,0.0,51.66786261913584,-51.66786261913584,15,3
2024-03-24 16:00:00,0.0,51.66786261913584,-51.66786261913584,16,3
2024-03-24 17:00:00,0.43,51.66786261913584,-51.23786261913584,17,3
2024-03-24 18:00:00,3.2,51.66786261913584,-48.467862619135836,18,3
2024-03-24 19:00:00,16.7,51.66786261913584,-34.96786261913584,19,3
2024-03-24 20:00:00,35.0,51.66786261913584,-16.66786261913584,20,3
2024-03-24 21:00:00,35.0,51.66786261913584,-16.66786261913584,21,3
2024-03-24 22:00:00,35.0,51.66786261913584,-16.66786261913584,22,3
2024-03-24 23:00:00,35.0,51.66786261913584,-16.66786261913584,23,3
2024-03-25 00:00:00,35.0,51.66786261913584,-16.66786261913584,0,3
2024-03-25 01:00:00,30.0,51.66786261913584,-21.66786261913584,1,3
2024-03-25 02:00:00,28.26,51.66786261913584,-23.407862619135837,2,3
2024-03-25 03:00:00,30.5,51.66786261913584,-21.16786261913584,3,3
2024-03-25 04:00:00,28.35,51.66786261913584,-23.317862619135838,4,3
2024-03-25 05:00:00,34.47,51.66786261913584,-17.19786261913584,5,3
2024-03-25 06:00:00,35.0,51.66786261913584,-16.66786261913584,6,3
2024-03-25 07:00:00,75.75,51.66786261913584,24.08213738086416,7,3
2024-03-25 08:00:00,59.0,51.66786261913584,7.332137380864161,8,3
2024-03-25 09:00:00,35.0,51.66786261913584,-16.66786261913584,9,3
2024-03-25 10:00:00,20.0,51.66786261913584,-31.66786261913584,10,3
2024-03-25 11:00:00,13.3,51.66786261913584,-38.367862619135835,11,3
2024-03-25 12:00:00,12.21,51.66786261913584,-39.45786261913584,12,3
2024-03-25 13:00:00,4.0,51.66786261913584,-47.66786261913584,13,3
2024-03-25 14:00:00,3.2,51.66786261913584,-48.467862619135836,14,3
2024-03-25 15:00:00,2.1,51.66786261913584,-49.56786261913584,15,3
2024-03-25 16:00:00,3.12,51.66786261913584,-48.54786261913584,16,3
2024-03-25 17:00:00,3.2,51.66786261913584,-48.467862619135836,17,3
2024-03-25 18:00:00,3.2,51.66786261913584,-48.467862619135836,18,3
2024-03-25 19:00:00,20.02,51.66786261913584,-31.64786261913584,19,3
2024-03-25 20:00:00,35.0,51.66786261913584,-16.66786261913584,20,3
2024-03-25 21:00:00,29.11,51.66786261913584,-22.55786261913584,21,3
2024-03-25 22:00:00,17.2,51.66786261913584,-34.46786261913584,22,3
2024-03-25 23:00:00,12.9,51.66786261913584,-38.76786261913584,23,3
2024-03-26 00:00:00,3.2,51.66786261913584,-48.467862619135836,0,3
2024-03-26 01:00:00,3.19,51.66786261913584,-48.47786261913584,1,3
2024-03-26 02:00:00,1.54,51.66786261913584,-50.12786261913584,2,3
2024-03-26 03:00:00,1.0,51.66786261913584,-50.66786261913584,3,3
2024-03-26 04:00:00,0.98,51.66786261913584,-50.68786261913584,4,3
2024-03-26 05:00:00,0.98,51.66786261913584,-50.68786261913584,5,3
2024-03-26 06:00:00,3.2,51.66786261913584,-48.467862619135836,6,3
2024-03-26 07:00:00,4.0,51.66786261913584,-47.66786261913584,7,3
2024-03-26 08:00:00,3.2,51.66786261913584,-48.467862619135836,8,3
2024-03-26 09:00:00,1.2,51.66786261913584,-50.467862619135836,9,3
2024-03-26 10:00:00,0.2,51.66786261913584,-51.467862619135836,10,3
2024-03-26 11:00:00,0.0,51.66786261913584,-51.66786261913584,11,3
2024-03-26 12:00:00,0.0,51.66786261913584,-51.66786261913584,12,3
2024-03-26 13:00:00,0.0,51.66786261913584,-51.66786261913584,13,3
2024-03-26 14:00:00,0.0,51.66786261913584,-51.66786261913584,14,3
2024-03-26 15:00:00,0.0,51.66786261913584,-51.66786261913584,15,3
2024-03-26 16:00:00,0.0,51.66786261913584,-51.66786261913584,16,3
2024-03-26 17:00:00,0.55,51.66786261913584,-51.11786261913584,17,3
2024-03-26 18:00:00,2.0,51.66786261913584,-49.66786261913584,18,3
2024-03-26 19:00:00,5.0,51.66786261913584,-46.66786261913584,19,3
2024-03-26 20:00:00,14.0,51.66786261913584,-37.66786261913584,20,3
2024-03-26 21:00:00,7.5,51.66786261913584,-44.16786261913584,21,3
2024-03-26 22:00:00,3.2,51.66786261913584,-48.467862619135836,22,3
2024-03-26 23:00:00,1.69,51.66786261913584,-49.97786261913584,23,3
2024-03-27 00:00:00,3.2,51.66786261913584,-48.467862619135836,0,3
2024-03-27 01:00:00,0.57,51.66786261913584,-51.09786261913584,1,3
2024-03-27 02:00:00,0.01,51.66786261913584,-51.65786261913584,2,3
2024-03-27 03:00:00,0.0,51.66786261913584,-51.66786261913584,3,3
2024-03-27 04:00:00,0.0,51.66786261913584,-51.66786261913584,4,3
2024-03-27 05:00:00,0.0,51.66786261913584,-51.66786261913584,5,3
2024-03-27 06:00:00,0.1,51.66786261913584,-51.56786261913584,6,3
2024-03-27 07:00:00,0.54,51.66786261913584,-51.12786261913584,7,3
2024-03-27 08:00:00,0.43,51.66786261913584,-51.23786261913584,8,3
2024-03-27 09:00:00,0.13,51.66786261913584,-51.537862619135836,9,3
2024-03-27 10:00:00,0.0,51.66786261913584,-51.66786261913584,10,3
2024-03-27 11:00:00,0.0,51.66786261913584,-51.66786261913584,11,3
2024-03-27 12:00:00,0.0,51.66786261913584,-51.66786261913584,12,3
2024-03-27 13:00:00,0.0,51.66786261913584,-51.66786261913584,13,3
2024-03-27 14:00:00,0.0,51.66786261913584,-51.66786261913584,14,3
2024-03-27 15:00:00,0.0,51.66786261913584,-51.66786261913584,15,3
2024-03-27 16:00:00,0.0,51.66786261913584,-51.66786261913584,16,3
2024-03-27 17:00:00,0.0,51.66786261913584,-51.66786261913584,17,3
2024-03-27 18:00:00,0.43,51.66786261913584,-51.23786261913584,18,3
2024-03-27 19:00:00,3.17,51.66786261913584,-48.49786261913584,19,3
2024-03-27 20:00:00,3.2,51.66786261913584,-48.467862619135836,20,3
2024-03-27 21:00:00,3.2,51.66786261913584,-48.467862619135836,21,3
2024-03-27 22:00:00,3.02,51.66786261913584,-48.647862619135836,22,3
2024-03-27 23:00:00,0.12,51.66786261913584,-51.54786261913584,23,3
2024-03-28 00:00:00,0.4,51.66786261913584,-51.26786261913584,0,3
2024-03-28 01:00:00,0.0,51.66786261913584,-51.66786261913584,1,3
2024-03-28 02:00:00,0.0,51.66786261913584,-51.66786261913584,2,3
2024-03-28 03:00:00,0.0,51.66786261913584,-51.66786261913584,3,3
2024-03-28 04:00:00,0.0,51.66786261913584,-51.66786261913584,4,3
2024-03-28 05:00:00,0.0,51.66786261913584,-51.66786261913584,5,3
2024-03-28 06:00:00,0.02,51.66786261913584,-51.647862619135836,6,3
2024-03-28 07:00:00,0.34,51.66786261913584,-51.327862619135836,7,3
2024-03-28 08:00:00,0.19,51.66786261913584,-51.47786261913584,8,3
2024-03-28 09:00:00,0.0,51.66786261913584,-51.66786261913584,9,3
2024-03-28 10:00:00,0.0,51.66786261913584,-51.66786261913584,10,3
2024-03-28 11:00:00,0.0,51.66786261913584,-51.66786261913584,11,3
2024-03-28 12:00:00,0.0,51.66786261913584,-51.66786261913584,12,3
2024-03-28 13:00:00,0.0,51.66786261913584,-51.66786261913584,13,3
2024-03-28 14:00:00,0.0,51.66786261913584,-51.66786261913584,14,3
2024-03-28 15:00:00,0.0,51.66786261913584,-51.66786261913584,15,3
2024-03-28 16:00:00,0.0,51.66786261913584,-51.66786261913584,16,3
2024-03-28 17:00:00,0.02,51.66786261913584,-51.647862619135836,17,3
2024-03-28 18:00:00,0.6,51.66786261913584,-51.06786261913584,18,3
2024-03-28 19:00:00,3.2,51.66786261913584,-48.467862619135836,19,3
2024-03-28 20:00:00,3.2,51.66786261913584,-48.467862619135836,20,3
2024-03-28 21:00:00,3.2,51.66786261913584,-48.467862619135836,21,3
2024-03-28 22:00:00,3.2,51.66786261913584,-48.467862619135836,22,3
2024-03-28 23:00:00,1.47,51.66786261913584,-50.19786261913584,23,3
2024-03-29 00:00:00,2.0,51.66786261913584,-49.66786261913584,0,3
2024-03-29 01:00:00,0.58,51.66786261913584,-51.08786261913584,1,3
2024-03-29 02:00:00,0.52,51.66786261913584,-51.147862619135836,2,3
2024-03-29 03:00:00,0.5,51.66786261913584,-51.16786261913584,3,3
2024-03-29 04:00:00,0.57,51.66786261913584,-51.09786261913584,4,3
2024-03-29 05:00:00,1.0,51.66786261913584,-50.66786261913584,5,3
2024-03-29 06:00:00,2.0,51.66786261913584,-49.66786261913584,6,3
2024-03-29 07:00:00,3.1,51.66786261913584,-48.56786261913584,7,3
2024-03-29 08:00:00,1.47,51.66786261913584,-50.19786261913584,8,3
2024-03-29 09:00:00,1.0,51.66786261913584,-50.66786261913584,9,3
2024-03-29 10:00:00,0.9,51.66786261913584,-50.76786261913584,10,3
2024-03-29 11:00:00,0.77,51.66786261913584,-50.897862619135836,11,3
2024-03-29 12:00:00,0.53,51.66786261913584,-51.13786261913584,12,3
2024-03-29 13:00:00,0.5,51.66786261913584,-51.16786261913584,13,3
2024-03-29 14:00:00,0.47,51.66786261913584,-51.19786261913584,14,3
2024-03-29 15:00:00,0.4,51.66786261913584,-51.26786261913584,15,3
2024-03-29 16:00:00,0.4,51.66786261913584,-51.26786261913584,16,3
2024-03-29 17:00:00,0.5,51.66786261913584,-51.16786261913584,17,3
2024-03-29 18:00:00,3.2,51.66786261913584,-48.467862619135836,18,3
2024-03-29 19:00:00,6.82,51.66786261913584,-44.84786261913584,19,3
2024-03-29 20:00:00,17.47,51.66786261913584,-34.19786261913584,20,3
2024-03-29 21:00:00,21.42,51.66786261913584,-30.247862619135837,21,3
2024-03-29 22:00:00,16.0,51.66786261913584,-35.66786261913584,22,3
2024-03-29 23:00:00,15.14,51.66786261913584,-36.52786261913584,23,3
2024-03-30 00:00:00,10.6,51.66786261913584,-41.06786261913584,0,3
2024-03-30 01:00:00,6.66,51.66786261913584,-45.007862619135835,1,3
2024-03-30 02:00:00,4.91,51.66786261913584,-46.757862619135835,2,3
2024-03-30 03:00:00,3.2,51.66786261913584,-48.467862619135836,3,3
2024-03-30 04:00:00,3.2,51.66786261913584,-48.467862619135836,4,3
2024-03-30 05:00:00,4.0,51.66786261913584,-47.66786261913584,5,3
2024-03-30 06:00:00,6.0,51.66786261913584,-45.66786261913584,6,3
2024-03-30 07:00:00,5.04,51.66786261913584,-46.62786261913584,7,3
2024-03-30 08:00:00,3.2,51.66786261913584,-48.467862619135836,8,3
2024-03-30 09:00:00,1.0,51.66786261913584,-50.66786261913584,9,3
2024-03-30 10:00:00,0.58,51.66786261913584,-51.08786261913584,10,3
2024-03-30 11:00:00,0.43,51.66786261913584,-51.23786261913584,11,3
2024-03-30 12:00:00,0.43,51.66786261913584,-51.23786261913584,12,3
2024-03-30 13:00:00,0.43,51.66786261913584,-51.23786261913584,13,3
2024-03-30 14:00:00,0.43,51.66786261913584,-51.23786261913584,14,3
2024-03-30 15:00:00,0.43,51.66786261913584,-51.23786261913584,15,3
2024-03-30 16:00:00,0.5,51.66786261913584,-51.16786261913584,16,3
2024-03-30 17:00:00,1.47,51.66786261913584,-50.19786261913584,17,3
2024-03-30 18:00:00,3.5,51.66786261913584,-48.16786261913584,18,3
2024-03-30 19:00:00,9.36,51.66786261913584,-42.30786261913584,19,3
2024-03-30 20:00:00,16.7,51.66786261913584,-34.96786261913584,20,3
2024-03-30 21:00:00,16.27,51.66786261913584,-35.397862619135836,21,3
2024-03-30 22:00:00,6.66,51.66786261913584,-45.007862619135835,22,3
2024-03-30 23:00:00,3.38,51.66786261913584,-48.287862619135836,23,3
2024-03-31 00:00:00,3.2,51.66786261913584,-48.467862619135836,0,3
2024-03-31 01:00:00,1.63,51.66786261913584,-50.037862619135836,1,3
2024-03-31 02:00:00,0.5,51.66786261913584,-51.16786261913584,2,3
2024-03-31 03:00:00,0.5,51.66786261913584,-51.16786261913584,3,3
2024-03-31 04:00:00,0.5,51.66786261913584,-51.16786261913584,4,3
2024-03-31 05:00:00,0.6,51.66786261913584,-51.06786261913584,5,3
2024-03-31 06:00:00,0.5,51.66786261913584,-51.16786261913584,6,3
2024-03-31 07:00:00,0.6,51.66786261913584,-51.06786261913584,7,3
2024-03-31 08:00:00,0.5,51.66786261913584,-51.16786261913584,8,3
2024-03-31 09:00:00,0.5,51.66786261913584,-51.16786261913584,9,3
2024-03-31 10:00:00,0.4,51.66786261913584,-51.26786261913584,10,3
2024-03-31 11:00:00,0.0,51.66786261913584,-51.66786261913584,11,3
2024-03-31 12:00:00,0.0,51.66786261913584,-51.66786261913584,12,3
2024-03-31 13:00:00,0.0,51.66786261913584,-51.66786261913584,13,3
2024-03-31 14:00:00,0.0,51.66786261913584,-51.66786261913584,14,3
2024-03-31 15:00:00,0.0,51.66786261913584,-51.66786261913584,15,3
2024-03-31 16:00:00,0.0,51.66786261913584,-51.66786261913584,16,3
2024-03-31 17:00:00,0.0,51.66786261913584,-51.66786261913584,17,3
2024-03-31 18:00:00,0.0,51.66786261913584,-51.66786261913584,18,3
2024-03-31 19:00:00,1.69,51.66786261913584,-49.97786261913584,19,3
2024-03-31 20:00:00,3.2,51.66786261913584,-48.467862619135836,20,3
2024-03-31 21:00:00,3.2,51.66786261913584,-48.467862619135836,21,3
2024-03-31 22:00:00,1.63,51.66786261913584,-50.037862619135836,22,3
2024-03-31 23:00:00,1.165,51.66786261913584,-50.50286261913584,23,3
2024-04-01 00:00:00,0.7,51.66786261913584,-50.967862619135836,0,4
2024-04-01 01:00:00,0.02,51.66786261913584,-51.647862619135836,1,4
2024-04-01 02:00:00,0.0,51.66786261913584,-51.66786261913584,2,4
2024-04-01 03:00:00,0.0,51.66786261913584,-51.66786261913584,3,4
2024-04-01 04:00:00,0.0,51.66786261913584,-51.66786261913584,4,4
2024-04-01 05:00:00,0.0,51.66786261913584,-51.66786261913584,5,4
2024-04-01 06:00:00,0.13,51.66786261913584,-51.537862619135836,6,4
2024-04-01 07:00:00,1.19,51.66786261913584,-50.47786261913584,7,4
2024-04-01 08:00:00,0.94,51.66786261913584,-50.72786261913584,8,4
2024-04-01 09:00:00,0.13,51.66786261913584,-51.537862619135836,9,4
2024-04-01 10:00:00,0.0,51.66786261913584,-51.66786261913584,10,4
2024-04-01 11:00:00,0.0,51.66786261913584,-51.66786261913584,11,4
2024-04-01 12:00:00,0.0,51.66786261913584,-51.66786261913584,12,4
2024-04-01 13:00:00,0.0,51.66786261913584,-51.66786261913584,13,4
2024-04-01 14:00:00,-0.01,51.66786261913584,-51.67786261913584,14,4
2024-04-01 15:00:00,-0.01,51.66786261913584,-51.67786261913584,15,4
2024-04-01 16:00:00,-0.01,51.66786261913584,-51.67786261913584,16,4
2024-04-01 17:00:00,0.0,51.66786261913584,-51.66786261913584,17,4
2024-04-01 18:00:00,0.0,51.66786261913584,-51.66786261913584,18,4
2024-04-01 19:00:00,0.44,51.66786261913584,-51.22786261913584,19,4
2024-04-01 20:00:00,11.33,51.66786261913584,-40.33786261913584,20,4
2024-04-01 21:00:00,21.43,51.66786261913584,-30.23786261913584,21,4
2024-04-01 22:00:00,17.47,51.66786261913584,-34.19786261913584,22,4
2024-04-01 23:00:00,12.58,51.66786261913584,-39.08786261913584,23,4
2024-04-02 00:00:00,3.6,51.66786261913584,-48.06786261913584,0,4
2024-04-02 01:00:00,3.25,51.66786261913584,-48.41786261913584,1,4
2024-04-02 02:00:00,3.25,51.66786261913584,-48.41786261913584,2,4
2024-04-02 03:00:00,1.63,51.66786261913584,-50.037862619135836,3,4
2024-04-02 04:00:00,2.0,51.66786261913584,-49.66786261913584,4,4
2024-04-02 05:00:00,3.25,51.66786261913584,-48.41786261913584,5,4
2024-04-02 06:00:00,20.0,51.66786261913584,-31.66786261913584,6,4
2024-04-02 07:00:00,35.0,51.66786261913584,-16.66786261913584,7,4
2024-04-02 08:00:00,35.0,51.66786261913584,-16.66786261913584,8,4
2024-04-02 09:00:00,10.02,51.66786261913584,-41.647862619135836,9,4
2024-04-02 10:00:00,1.63,51.66786261913584,-50.037862619135836,10,4
2024-04-02 11:00:00,0.44,51.66786261913584,-51.22786261913584,11,4
2024-04-02 12:00:00,0.44,51.66786261913584,-51.22786261913584,12,4
2024-04-02 13:00:00,0.01,51.66786261913584,-51.65786261913584,13,4
2024-04-02 14:00:00,0.0,51.66786261913584,-51.66786261913584,14,4
2024-04-02 15:00:00,0.0,51.66786261913584,-51.66786261913584,15,4
2024-04-02 16:00:00,0.01,51.66786261913584,-51.65786261913584,16,4
2024-04-02 17:00:00,0.94,51.66786261913584,-50.72786261913584,17,4
2024-04-02 18:00:00,2.77,51.66786261913584,-48.897862619135836,18,4
2024-04-02 19:00:00,8.69,51.66786261913584,-42.97786261913584,19,4
2024-04-02 20:00:00,34.9,51.66786261913584,-16.76786261913584,20,4
2024-04-02 21:00:00,35.0,51.66786261913584,-16.66786261913584,21,4
2024-04-02 22:00:00,29.6,51.66786261913584,-22.067862619135838,22,4
2024-04-02 23:00:00,5.0,51.66786261913584,-46.66786261913584,23,4
2024-04-03 00:00:00,3.25,51.66786261913584,-48.41786261913584,0,4
2024-04-03 01:00:00,1.68,51.66786261913584,-49.98786261913584,1,4
2024-04-03 02:00:00,1.35,51.66786261913584,-50.31786261913584,2,4
2024-04-03 03:00:00,1.0,51.66786261913584,-50.66786261913584,3,4
2024-04-03 04:00:00,0.09,51.66786261913584,-51.577862619135836,4,4
2024-04-03 05:00:00,1.0,51.66786261913584,-50.66786261913584,5,4
2024-04-03 06:00:00,3.25,51.66786261913584,-48.41786261913584,6,4
2024-04-03 07:00:00,28.07,51.66786261913584,-23.59786261913584,7,4
2024-04-03 08:00:00,34.9,51.66786261913584,-16.76786261913584,8,4
2024-04-03 09:00:00,5.5,51.66786261913584,-46.16786261913584,9,4
2024-04-03 10:00:00,2.0,51.66786261913584,-49.66786261913584,10,4
2024-04-03 11:00:00,0.44,51.66786261913584,-51.22786261913584,11,4
2024-04-03 12:00:00,0.0,51.66786261913584,-51.66786261913584,12,4
2024-04-03 13:00:00,0.0,51.66786261913584,-51.66786261913584,13,4
2024-04-03 14:00:00,0.0,51.66786261913584,-51.66786261913584,14,4
2024-04-03 15:00:00,0.0,51.66786261913584,-51.66786261913584,15,4
2024-04-03 16:00:00,0.0,51.66786261913584,-51.66786261913584,16,4
2024-04-03 17:00:00,0.0,51.66786261913584,-51.66786261913584,17,4
2024-04-03 18:00:00,0.4,51.66786261913584,-51.26786261913584,18,4
2024-04-03 19:00:00,6.76,51.66786261913584,-44.90786261913584,19,4
2024-04-03 20:00:00,35.0,51.66786261913584,-16.66786261913584,20,4
2024-04-03 21:00:00,35.0,51.66786261913584,-16.66786261913584,21,4
2024-04-03 22:00:00,31.62,51.66786261913584,-20.047862619135838,22,4
2024-04-03 23:00:00,25.43,51.66786261913584,-26.23786261913584,23,4
2024-04-04 00:00:00,2.6,51.66786261913584,-49.06786261913584,0,4
2024-04-04 01:00:00,0.44,51.66786261913584,-51.22786261913584,1,4
2024-04-04 02:00:00,3.25,51.66786261913584,-48.41786261913584,2,4
2024-04-04 03:00:00,4.99,51.66786261913584,-46.67786261913584,3,4
2024-04-04 04:00:00,3.25,51.66786261913584,-48.41786261913584,4,4
2024-04-04 05:00:00,3.25,51.66786261913584,-48.41786261913584,5,4
2024-04-04 06:00:00,3.25,51.66786261913584,-48.41786261913584,6,4
2024-04-04 07:00:00,11.19,51.66786261913584,-40.47786261913584,7,4
2024-04-04 08:00:00,13.47,51.66786261913584,-38.19786261913584,8,4
2024-04-04 09:00:00,3.74,51.66786261913584,-47.92786261913584,9,4
2024-04-04 10:00:00,0.44,51.66786261913584,-51.22786261913584,10,4
2024-04-04 11:00:00,0.0,51.66786261913584,-51.66786261913584,11,4
2024-04-04 12:00:00,0.0,51.66786261913584,-51.66786261913584,12,4
2024-04-04 13:00:00,0.0,51.66786261913584,-51.66786261913584,13,4
2024-04-04 14:00:00,0.0,51.66786261913584,-51.66786261913584,14,4
2024-04-04 15:00:00,0.0,51.66786261913584,-51.66786261913584,15,4
2024-04-04 16:00:00,0.0,51.66786261913584,-51.66786261913584,16,4
2024-04-04 17:00:00,0.0,51.66786261913584,-51.66786261913584,17,4
2024-04-04 18:00:00,0.0,51.66786261913584,-51.66786261913584,18,4
2024-04-04 19:00:00,3.25,51.66786261913584,-48.41786261913584,19,4
2024-04-04 20:00:00,10.0,51.66786261913584,-41.66786261913584,20,4
2024-04-04 21:00:00,25.0,51.66786261913584,-26.66786261913584,21,4
2024-04-04 22:00:00,4.6,51.66786261913584,-47.06786261913584,22,4
2024-04-04 23:00:00,3.25,51.66786261913584,-48.41786261913584,23,4
2024-04-05 00:00:00,0.44,51.66786261913584,-51.22786261913584,0,4
2024-04-05 01:00:00,0.48,51.66786261913584,-51.18786261913584,1,4
2024-04-05 02:00:00,0.01,51.66786261913584,-51.65786261913584,2,4
2024-04-05 03:00:00,0.0,51.66786261913584,-51.66786261913584,3,4
2024-04-05 04:00:00,0.0,51.66786261913584,-51.66786261913584,4,4
2024-04-05 05:00:00,0.0,51.66786261913584,-51.66786261913584,5,4
2024-04-05 06:00:00,0.4,51.66786261913584,-51.26786261913584,6,4
2024-04-05 07:00:00,3.25,51.66786261913584,-48.41786261913584,7,4
2024-04-05 08:00:00,2.97,51.66786261913584,-48.69786261913584,8,4
2024-04-05 09:00:00,0.0,51.66786261913584,-51.66786261913584,9,4
2024-04-05 10:00:00,0.0,51.66786261913584,-51.66786261913584,10,4
2024-04-05 11:00:00,0.0,51.66786261913584,-51.66786261913584,11,4
2024-04-05 12:00:00,0.0,51.66786261913584,-51.66786261913584,12,4
2024-04-05 13:00:00,0.0,51.66786261913584,-51.66786261913584,13,4
2024-04-05 14:00:00,-0.01,51.66786261913584,-51.67786261913584,14,4
2024-04-05 15:00:00,-0.01,51.66786261913584,-51.67786261913584,15,4
2024-04-05 16:00:00,0.0,51.66786261913584,-51.66786261913584,16,4
2024-04-05 17:00:00,0.0,51.66786261913584,-51.66786261913584,17,4
2024-04-05 18:00:00,0.0,51.66786261913584,-51.66786261913584,18,4
2024-04-05 19:00:00,0.0,51.66786261913584,-51.66786261913584,19,4
2024-04-05 20:00:00,0.02,51.66786261913584,-51.647862619135836,20,4
2024-04-05 21:00:00,2.0,51.66786261913584,-49.66786261913584,21,4
2024-04-05 22:00:00,1.0,51.66786261913584,-50.66786261913584,22,4
2024-04-05 23:00:00,0.0,51.66786261913584,-51.66786261913584,23,4
2024-04-06 00:00:00,0.0,51.66786261913584,-51.66786261913584,0,4
2024-04-06 01:00:00,0.0,51.66786261913584,-51.66786261913584,1,4
2024-04-06 02:00:00,0.0,51.66786261913584,-51.66786261913584,2,4
2024-04-06 03:00:00,0.0,51.66786261913584,-51.66786261913584,3,4
2024-04-06 04:00:00,0.0,51.66786261913584,-51.66786261913584,4,4
2024-04-06 05:00:00,0.0,51.66786261913584,-51.66786261913584,5,4
2024-04-06 06:00:00,0.0,51.66786261913584,-51.66786261913584,6,4
2024-04-06 07:00:00,0.0,51.66786261913584,-51.66786261913584,7,4
2024-04-06 08:00:00,0.0,51.66786261913584,-51.66786261913584,8,4
2024-04-06 09:00:00,0.0,51.66786261913584,-51.66786261913584,9,4
2024-04-06 10:00:00,-0.01,51.66786261913584,-51.67786261913584,10,4
2024-04-06 11:00:00,-0.01,51.66786261913584,-51.67786261913584,11,4
2024-04-06 12:00:00,-0.01,51.66786261913584,-51.67786261913584,12,4
2024-04-06 13:00:00,-0.01,51.66786261913584,-51.67786261913584,13,4
2024-04-06 14:00:00,-0.01,51.66786261913584,-51.67786261913584,14,4
2024-04-06 15:00:00,-0.02,51.66786261913584,-51.68786261913584,15,4
2024-04-06 16:00:00,-0.01,51.66786261913584,-51.67786261913584,16,4
2024-04-06 17:00:00,-0.01,51.66786261913584,-51.67786261913584,17,4
2024-04-06 18:00:00,0.0,51.66786261913584,-51.66786261913584,18,4
2024-04-06 19:00:00,0.01,51.66786261913584,-51.65786261913584,19,4
2024-04-06 20:00:00,3.25,51.66786261913584,-48.41786261913584,20,4
2024-04-06 21:00:00,8.0,51.66786261913584,-43.66786261913584,21,4
2024-04-06 22:00:00,3.44,51.66786261913584,-48.22786261913584,22,4
2024-04-06 23:00:00,3.25,51.66786261913584,-48.41786261913584,23,4
2024-04-07 00:00:00,0.97,51.66786261913584,-50.69786261913584,0,4
2024-04-07 01:00:00,0.15,51.66786261913584,-51.51786261913584,1,4
2024-04-07 02:00:00,0.0,51.66786261913584,-51.66786261913584,2,4
2024-04-07 03:00:00,0.0,51.66786261913584,-51.66786261913584,3,4
2024-04-07 04:00:00,0.0,51.66786261913584,-51.66786261913584,4,4
2024-04-07 05:00:00,0.0,51.66786261913584,-51.66786261913584,5,4
2024-04-07 06:00:00,0.0,51.66786261913584,-51.66786261913584,6,4
2024-04-07 07:00:00,0.0,51.66786261913584,-51.66786261913584,7,4
2024-04-07 08:00:00,0.0,51.66786261913584,-51.66786261913584,8,4
2024-04-07 09:00:00,0.0,51.66786261913584,-51.66786261913584,9,4
2024-04-07 10:00:00,0.0,51.66786261913584,-51.66786261913584,10,4
2024-04-07 11:00:00,0.0,51.66786261913584,-51.66786261913584,11,4
2024-04-07 12:00:00,0.0,51.66786261913584,-51.66786261913584,12,4
2024-04-07 13:00:00,-0.01,51.66786261913584,-51.67786261913584,13,4
2024-04-07 14:00:00,-0.01,51.66786261913584,-51.67786261913584,14,4
2024-04-07 15:00:00,-0.01,51.66786261913584,-51.67786261913584,15,4
2024-04-07 16:00:00,-0.01,51.66786261913584,-51.67786261913584,16,4
2024-04-07 17:00:00,0.0,51.66786261913584,-51.66786261913584,17,4
2024-04-07 18:00:00,0.0,51.66786261913584,-51.66786261913584,18,4
2024-04-07 19:00:00,0.4,51.66786261913584,-51.26786261913584,19,4
2024-04-07 20:00:00,25.0,51.66786261913584,-26.66786261913584,20,4
2024-04-07 21:00:00,35.0,51.66786261913584,-16.66786261913584,21,4
2024-04-07 22:00:00,25.0,51.66786261913584,-26.66786261913584,22,4
2024-04-07 23:00:00,10.66,51.66786261913584,-41.007862619135835,23,4
2024-04-08 00:00:00,1.33,51.66786261913584,-50.33786261913584,0,4
2024-04-08 01:00:00,0.0,51.66786261913584,-51.66786261913584,1,4
2024-04-08 02:00:00,0.0,51.66786261913584,-51.66786261913584,2,4
2024-04-08 03:00:00,0.0,51.66786261913584,-51.66786261913584,3,4
2024-04-08 04:00:00,0.0,51.66786261913584,-51.66786261913584,4,4
2024-04-08 05:00:00,0.0,51.66786261913584,-51.66786261913584,5,4
2024-04-08 06:00:00,0.0,51.66786261913584,-51.66786261913584,6,4
2024-04-08 07:00:00,3.25,51.66786261913584,-48.41786261913584,7,4
2024-04-08 08:00:00,3.25,51.66786261913584,-48.41786261913584,8,4
2024-04-08 09:00:00,0.0,51.66786261913584,-51.66786261913584,9,4
2024-04-08 10:00:00,0.0,51.66786261913584,-51.66786261913584,10,4
2024-04-08 11:00:00,0.0,51.66786261913584,-51.66786261913584,11,4
2024-04-08 12:00:00,0.0,51.66786261913584,-51.66786261913584,12,4
2024-04-08 13:00:00,0.0,51.66786261913584,-51.66786261913584,13,4
2024-04-08 14:00:00,0.0,51.66786261913584,-51.66786261913584,14,4
2024-04-08 15:00:00,0.0,51.66786261913584,-51.66786261913584,15,4
2024-04-08 16:00:00,-0.01,51.66786261913584,-51.67786261913584,16,4
2024-04-08 17:00:00,0.0,51.66786261913584,-51.66786261913584,17,4
2024-04-08 18:00:00,0.0,51.66786261913584,-51.66786261913584,18,4
2024-04-08 19:00:00,0.0,51.66786261913584,-51.66786261913584,19,4
2024-04-08 20:00:00,0.44,51.66786261913584,-51.22786261913584,20,4
2024-04-08 21:00:00,3.25,51.66786261913584,-48.41786261913584,21,4
2024-04-08 22:00:00,1.0,51.66786261913584,-50.66786261913584,22,4
2024-04-08 23:00:00,0.0,51.66786261913584,-51.66786261913584,23,4
2024-04-09 00:00:00,0.0,51.66786261913584,-51.66786261913584,0,4
2024-04-09 01:00:00,0.0,51.66786261913584,-51.66786261913584,1,4
2024-04-09 02:00:00,0.0,51.66786261913584,-51.66786261913584,2,4
2024-04-09 03:00:00,0.0,51.66786261913584,-51.66786261913584,3,4
2024-04-09 04:00:00,0.0,51.66786261913584,-51.66786261913584,4,4
2024-04-09 05:00:00,0.0,51.66786261913584,-51.66786261913584,5,4
2024-04-09 06:00:00,0.0,51.66786261913584,-51.66786261913584,6,4
2024-04-09 07:00:00,0.0,51.66786261913584,-51.66786261913584,7,4
2024-04-09 08:00:00,0.0,51.66786261913584,-51.66786261913584,8,4
2024-04-09 09:00:00,0.0,51.66786261913584,-51.66786261913584,9,4
2024-04-09 10:00:00,0.0,51.66786261913584,-51.66786261913584,10,4
2024-04-09 11:00:00,-0.01,51.66786261913584,-51.67786261913584,11,4
2024-04-09 12:00:00,-0.02,51.66786261913584,-51.68786261913584,12,4
2024-04-09 13:00:00,-0.02,51.66786261913584,-51.68786261913584,13,4
2024-04-09 14:00:00,-0.02,51.66786261913584,-51.68786261913584,14,4
2024-04-09 15:00:00,-0.02,51.66786261913584,-51.68786261913584,15,4
2024-04-09 16:00:00,-0.02,51.66786261913584,-51.68786261913584,16,4
2024-04-09 17:00:00,-0.02,51.66786261913584,-51.68786261913584,17,4
2024-04-09 18:00:00,0.0,51.66786261913584,-51.66786261913584,18,4
2024-04-09 19:00:00,0.01,51.66786261913584,-51.65786261913584,19,4
2024-04-09 20:00:00,5.0,51.66786261913584,-46.66786261913584,20,4
2024-04-09 21:00:00,14.72,51.66786261913584,-36.94786261913584,21,4
2024-04-09 22:00:00,6.35,51.66786261913584,-45.31786261913584,22,4
2024-04-09 23:00:00,5.0,51.66786261913584,-46.66786261913584,23,4
2024-04-10 00:00:00,4.21,51.66786261913584,-47.45786261913584,0,4
2024-04-10 01:00:00,3.25,51.66786261913584,-48.41786261913584,1,4
2024-04-10 02:00:00,1.0,51.66786261913584,-50.66786261913584,2,4
2024-04-10 03:00:00,0.44,51.66786261913584,-51.22786261913584,3,4
2024-04-10 04:00:00,0.35,51.66786261913584,-51.31786261913584,4,4
2024-04-10 05:00:00,1.0,51.66786261913584,-50.66786261913584,5,4
2024-04-10 06:00:00,2.17,51.66786261913584,-49.49786261913584,6,4
2024-04-10 07:00:00,35.0,51.66786261913584,-16.66786261913584,7,4
2024-04-10 08:00:00,7.68,51.66786261913584,-43.98786261913584,8,4
2024-04-10 09:00:00,0.0,51.66786261913584,-51.66786261913584,9,4
2024-04-10 10:00:00,-0.01,51.66786261913584,-51.67786261913584,10,4
2024-04-10 11:00:00,-0.03,51.66786261913584,-51.69786261913584,11,4
2024-04-10 12:00:00,-0.03,51.66786261913584,-51.69786261913584,12,4
2024-04-10 13:00:00,-0.03,51.66786261913584,-51.69786261913584,13,4
2024-04-10 14:00:00,-0.05,51.66786261913584,-51.717862619135836,14,4
2024-04-10 15:00:00,-0.05,51.66786261913584,-51.717862619135836,15,4
2024-04-10 16:00:00,-0.05,51.66786261913584,-51.717862619135836,16,4
2024-04-10 17:00:00,-0.05,51.66786261913584,-51.717862619135836,17,4
2024-04-10 18:00:00,-0.01,51.66786261913584,-51.67786261913584,18,4
2024-04-10 19:00:00,0.0,51.66786261913584,-51.66786261913584,19,4
2024-04-10 20:00:00,6.0,51.66786261913584,-45.66786261913584,20,4
2024-04-10 21:00:00,34.45,51.66786261913584,-17.217862619135836,21,4
2024-04-10 22:00:00,5.0,51.66786261913584,-46.66786261913584,22,4
2024-04-10 23:00:00,3.25,51.66786261913584,-48.41786261913584,23,4
2024-04-11 00:00:00,3.25,51.66786261913584,-48.41786261913584,0,4
2024-04-11 01:00:00,1.0,51.66786261913584,-50.66786261913584,1,4
2024-04-11 02:00:00,0.04,51.66786261913584,-51.62786261913584,2,4
2024-04-11 03:00:00,0.0,51.66786261913584,-51.66786261913584,3,4
2024-04-11 04:00:00,0.0,51.66786261913584,-51.66786261913584,4,4
2024-04-11 05:00:00,1.47,51.66786261913584,-50.19786261913584,5,4
2024-04-11 06:00:00,3.6,51.66786261913584,-48.06786261913584,6,4
2024-04-11 07:00:00,22.42,51.66786261913584,-29.247862619135837,7,4
2024-04-11 08:00:00,17.04,51.66786261913584,-34.62786261913584,8,4
2024-04-11 09:00:00,0.01,51.66786261913584,-51.65786261913584,9,4
2024-04-11 10:00:00,0.0,51.66786261913584,-51.66786261913584,10,4
2024-04-11 11:00:00,-0.01,51.66786261913584,-51.67786261913584,11,4
2024-04-11 12:00:00,-0.01,51.66786261913584,-51.67786261913584,12,4
2024-04-11 13:00:00,-0.01,51.66786261913584,-51.67786261913584,13,4
2024-04-11 14:00:00,-0.02,51.66786261913584,-51.68786261913584,14,4
2024-04-11 15:00:00,-0.01,51.66786261913584,-51.67786261913584,15,4
2024-04-11 16:00:00,-0.01,51.66786261913584,-51.67786261913584,16,4
2024-04-11 17:00:00,-0.01,51.66786261913584,-51.67786261913584,17,4
2024-04-11 18:00:00,0.0,51.66786261913584,-51.66786261913584,18,4
2024-04-11 19:00:00,4.9,51.66786261913584,-46.76786261913584,19,4
2024-04-11 20:00:00,60.0,51.66786261913584,8.332137380864161,20,4
2024-04-11 21:00:00,70.95,51.66786261913584,19.282137380864164,21,4
2024-04-11 22:00:00,70.01,51.66786261913584,18.342137380864166,22,4
2024-04-11 23:00:00,34.08,51.66786261913584,-17.58786261913584,23,4
2024-04-12 00:00:00,23.77,51.66786261913584,-27.89786261913584,0,4
2024-04-12 01:00:00,15.37,51.66786261913584,-36.29786261913584,1,4
2024-04-12 02:00:00,12.5,51.66786261913584,-39.16786261913584,2,4
2024-04-12 03:00:00,11.94,51.66786261913584,-39.72786261913584,3,4
2024-04-12 04:00:00,12.49,51.66786261913584,-39.17786261913584,4,4
2024-04-12 05:00:00,16.93,51.66786261913584,-34.73786261913584,5,4
2024-04-12 06:00:00,33.47,51.66786261913584,-18.19786261913584,6,4
2024-04-12 07:00:00,78.44,51.66786261913584,26.77213738086416,7,4
2024-04-12 08:00:00,74.04,51.66786261913584,22.372137380864167,8,4
2024-04-12 09:00:00,5.85,51.66786261913584,-45.81786261913584,9,4
2024-04-12 10:00:00,0.0,51.66786261913584,-51.66786261913584,10,4
2024-04-12 11:00:00,0.0,51.66786261913584,-51.66786261913584,11,4
2024-04-12 12:00:00,0.0,51.66786261913584,-51.66786261913584,12,4
2024-04-12 13:00:00,-0.06,51.66786261913584,-51.72786261913584,13,4
2024-04-12 14:00:00,-0.06,51.66786261913584,-51.72786261913584,14,4
2024-04-12 15:00:00,-0.1,51.66786261913584,-51.76786261913584,15,4
2024-04-12 16:00:00,-0.03,51.66786261913584,-51.69786261913584,16,4
2024-04-12 17:00:00,0.0,51.66786261913584,-51.66786261913584,17,4
2024-04-12 18:00:00,0.0,51.66786261913584,-51.66786261913584,18,4
2024-04-12 19:00:00,15.77,51.66786261913584,-35.897862619135836,19,4
2024-04-12 20:00:00,39.35,51.66786261913584,-12.317862619135838,20,4
2024-04-12 21:00:00,74.23,51.66786261913584,22.562137380864165,21,4
2024-04-12 22:00:00,38.05,51.66786261913584,-13.617862619135842,22,4
2024-04-12 23:00:00,26.67,51.66786261913584,-24.997862619135837,23,4
2024-04-13 00:00:00,24.15,51.66786261913584,-27.51786261913584,0,4
2024-04-13 01:00:00,17.73,51.66786261913584,-33.93786261913584,1,4
2024-04-13 02:00:00,17.15,51.66786261913584,-34.51786261913584,2,4
2024-04-13 03:00:00,11.13,51.66786261913584,-40.537862619135836,3,4
2024-04-13 04:00:00,7.74,51.66786261913584,-43.92786261913584,4,4
2024-04-13 05:00:00,6.79,51.66786261913584,-44.87786261913584,5,4
2024-04-13 06:00:00,10.39,51.66786261913584,-41.27786261913584,6,4
2024-04-13 07:00:00,11.76,51.66786261913584,-39.90786261913584,7,4
2024-04-13 08:00:00,13.26,51.66786261913584,-38.40786261913584,8,4
2024-04-13 09:00:00,0.01,51.66786261913584,-51.65786261913584,9,4
2024-04-13 10:00:00,-0.02,51.66786261913584,-51.68786261913584,10,4
2024-04-13 11:00:00,-0.1,51.66786261913584,-51.76786261913584,11,4
2024-04-13 12:00:00,-0.1,51.66786261913584,-51.76786261913584,12,4
2024-04-13 13:00:00,-0.1,51.66786261913584,-51.76786261913584,13,4
2024-04-13 14:00:00,-0.2,51.66786261913584,-51.86786261913584,14,4
2024-04-13 15:00:00,-0.4,51.66786261913584,-52.06786261913584,15,4
2024-04-13 16:00:00,-0.4,51.66786261913584,-52.06786261913584,16,4
2024-04-13 17:00:00,-0.08,51.66786261913584,-51.74786261913584,17,4
2024-04-13 18:00:00,0.0,51.66786261913584,-51.66786261913584,18,4
2024-04-13 19:00:00,3.25,51.66786261913584,-48.41786261913584,19,4
2024-04-13 20:00:00,24.96,51.66786261913584,-26.707862619135838,20,4
2024-04-13 21:00:00,35.0,51.66786261913584,-16.66786261913584,21,4
2024-04-13 22:00:00,24.26,51.66786261913584,-27.407862619135837,22,4
2024-04-13 23:00:00,13.83,51.66786261913584,-37.83786261913584,23,4
2024-04-14 00:00:00,5.79,51.66786261913584,-45.87786261913584,0,4
2024-04-14 01:00:00,2.74,51.66786261913584,-48.92786261913584,1,4
2024-04-14 02:00:00,1.69,51.66786261913584,-49.97786261913584,2,4
2024-04-14 03:00:00,1.51,51.66786261913584,-50.15786261913584,3,4
2024-04-14 04:00:00,3.25,51.66786261913584,-48.41786261913584,4,4
2024-04-14 05:00:00,6.35,51.66786261913584,-45.31786261913584,5,4
2024-04-14 06:00:00,12.86,51.66786261913584,-38.80786261913584,6,4
2024-04-14 07:00:00,13.0,51.66786261913584,-38.66786261913584,7,4
2024-04-14 08:00:00,5.6,51.66786261913584,-46.06786261913584,8,4
2024-04-14 09:00:00,0.0,51.66786261913584,-51.66786261913584,9,4
2024-04-14 10:00:00,-0.53,51.66786261913584,-52.19786261913584,10,4
2024-04-14 11:00:00,-1.0,51.66786261913584,-52.66786261913584,11,4
2024-04-14 12:00:00,-1.0,51.66786261913584,-52.66786261913584,12,4
2024-04-14 13:00:00,-1.0,51.66786261913584,-52.66786261913584,13,4
2024-04-14 14:00:00,-1.0,51.66786261913584,-52.66786261913584,14,4
2024-04-14 15:00:00,-1.01,51.66786261913584,-52.67786261913584,15,4
2024-04-14 16:00:00,-1.01,51.66786261913584,-52.67786261913584,16,4
2024-04-14 17:00:00,-0.25,51.66786261913584,-51.91786261913584,17,4
2024-04-14 18:00:00,-0.02,51.66786261913584,-51.68786261913584,18,4
2024-04-14 19:00:00,2.5,51.66786261913584,-49.16786261913584,19,4
2024-04-14 20:00:00,18.41,51.66786261913584,-33.257862619135835,20,4
2024-04-14 21:00:00,30.77,51.66786261913584,-20.89786261913584,21,4
2024-04-14 22:00:00,19.72,51.66786261913584,-31.94786261913584,22,4
2024-04-14 23:00:00,17.0,51.66786261913584,-34.66786261913584,23,4
2024-04-15 00:00:00,7.3,51.66786261913584,-44.36786261913584,0,4
2024-04-15 01:00:00,3.25,51.66786261913584,-48.41786261913584,1,4
2024-04-15 02:00:00,1.77,51.66786261913584,-49.897862619135836,2,4
2024-04-15 03:00:00,0.44,51.66786261913584,-51.22786261913584,3,4
2024-04-15 04:00:00,0.03,51.66786261913584,-51.63786261913584,4,4
2024-04-15 05:00:00,0.07,51.66786261913584,-51.59786261913584,5,4
2024-04-15 06:00:00,1.0,51.66786261913584,-50.66786261913584,6,4
2024-04-15 07:00:00,10.75,51.66786261913584,-40.91786261913584,7,4
2024-04-15 08:00:00,18.7,51.66786261913584,-32.96786261913584,8,4
2024-04-15 09:00:00,1.5,51.66786261913584,-50.16786261913584,9,4
2024-04-15 10:00:00,0.0,51.66786261913584,-51.66786261913584,10,4
2024-04-15 11:00:00,0.0,51.66786261913584,-51.66786261913584,11,4
2024-04-15 12:00:00,-0.01,51.66786261913584,-51.67786261913584,12,4
2024-04-15 13:00:00,-0.04,51.66786261913584,-51.70786261913584,13,4
2024-04-15 14:00:00,-0.1,51.66786261913584,-51.76786261913584,14,4
2024-04-15 15:00:00,-0.32,51.66786261913584,-51.98786261913584,15,4
2024-04-15 16:00:00,-1.0,51.66786261913584,-52.66786261913584,16,4
2024-04-15 17:00:00,-0.09,51.66786261913584,-51.75786261913584,17,4
2024-04-15 18:00:00,0.0,51.66786261913584,-51.66786261913584,18,4
2024-04-15 19:00:00,0.44,51.66786261913584,-51.22786261913584,19,4
2024-04-15 20:00:00,10.0,51.66786261913584,-41.66786261913584,20,4
2024-04-15 21:00:00,19.72,51.66786261913584,-31.94786261913584,21,4
2024-04-15 22:00:00,6.0,51.66786261913584,-45.66786261913584,22,4
2024-04-15 23:00:00,4.2,51.66786261913584,-47.467862619135836,23,4
2024-04-16 00:00:00,0.44,51.66786261913584,-51.22786261913584,0,4
2024-04-16 01:00:00,0.0,51.66786261913584,-51.66786261913584,1,4
2024-04-16 02:00:00,0.0,51.66786261913584,-51.66786261913584,2,4
2024-04-16 03:00:00,0.0,51.66786261913584,-51.66786261913584,3,4
2024-04-16 04:00:00,0.0,51.66786261913584,-51.66786261913584,4,4
2024-04-16 05:00:00,0.0,51.66786261913584,-51.66786261913584,5,4
2024-04-16 06:00:00,0.08,51.66786261913584,-51.58786261913584,6,4
2024-04-16 07:00:00,6.0,51.66786261913584,-45.66786261913584,7,4
2024-04-16 08:00:00,4.47,51.66786261913584,-47.19786261913584,8,4
2024-04-16 09:00:00,0.0,51.66786261913584,-51.66786261913584,9,4
2024-04-16 10:00:00,-0.01,51.66786261913584,-51.67786261913584,10,4
2024-04-16 11:00:00,-0.01,51.66786261913584,-51.67786261913584,11,4
2024-04-16 12:00:00,-0.03,51.66786261913584,-51.69786261913584,12,4
2024-04-16 13:00:00,-0.1,51.66786261913584,-51.76786261913584,13,4
2024-04-16 14:00:00,-0.1,51.66786261913584,-51.76786261913584,14,4
2024-04-16 15:00:00,-0.1,51.66786261913584,-51.76786261913584,15,4
2024-04-16 16:00:00,-0.13,51.66786261913584,-51.79786261913584,16,4
2024-04-16 17:00:00,-0.1,51.66786261913584,-51.76786261913584,17,4
2024-04-16 18:00:00,-0.01,51.66786261913584,-51.67786261913584,18,4
2024-04-16 19:00:00,0.0,51.66786261913584,-51.66786261913584,19,4
2024-04-16 20:00:00,4.15,51.66786261913584,-47.51786261913584,20,4
2024-04-16 21:00:00,10.01,51.66786261913584,-41.65786261913584,21,4
2024-04-16 22:00:00,5.0,51.66786261913584,-46.66786261913584,22,4
2024-04-16 23:00:00,3.25,51.66786261913584,-48.41786261913584,23,4
2024-04-17 00:00:00,3.25,51.66786261913584,-48.41786261913584,0,4
2024-04-17 01:00:00,3.25,51.66786261913584,-48.41786261913584,1,4
2024-04-17 02:00:00,1.77,51.66786261913584,-49.897862619135836,2,4
2024-04-17 03:00:00,1.24,51.66786261913584,-50.42786261913584,3,4
2024-04-17 04:00:00,1.0,51.66786261913584,-50.66786261913584,4,4
2024-04-17 05:00:00,1.5,51.66786261913584,-50.16786261913584,5,4
2024-04-17 06:00:00,3.25,51.66786261913584,-48.41786261913584,6,4
2024-04-17 07:00:00,19.72,51.66786261913584,-31.94786261913584,7,4
2024-04-17 08:00:00,5.0,51.66786261913584,-46.66786261913584,8,4
2024-04-17 09:00:00,0.44,51.66786261913584,-51.22786261913584,9,4
2024-04-17 10:00:00,0.0,51.66786261913584,-51.66786261913584,10,4
2024-04-17 11:00:00,-0.01,51.66786261913584,-51.67786261913584,11,4
2024-04-17 12:00:00,-0.02,51.66786261913584,-51.68786261913584,12,4
2024-04-17 13:00:00,-0.03,51.66786261913584,-51.69786261913584,13,4
2024-04-17 14:00:00,-0.05,51.66786261913584,-51.717862619135836,14,4
2024-04-17 15:00:00,-0.05,51.66786261913584,-51.717862619135836,15,4
2024-04-17 16:00:00,-0.03,51.66786261913584,-51.69786261913584,16,4
2024-04-17 17:00:00,-0.01,51.66786261913584,-51.67786261913584,17,4
2024-04-17 18:00:00,0.0,51.66786261913584,-51.66786261913584,18,4
2024-04-17 19:00:00,0.44,51.66786261913584,-51.22786261913584,19,4
2024-04-17 20:00:00,6.0,51.66786261913584,-45.66786261913584,20,4
2024-04-17 21:00:00,22.34,51.66786261913584,-29.32786261913584,21,4
2024-04-17 22:00:00,6.0,51.66786261913584,-45.66786261913584,22,4
2024-04-17 23:00:00,3.25,51.66786261913584,-48.41786261913584,23,4
2024-04-18 00:00:00,3.25,51.66786261913584,-48.41786261913584,0,4
2024-04-18 01:00:00,2.9,51.66786261913584,-48.76786261913584,1,4
2024-04-18 02:00:00,2.2,51.66786261913584,-49.467862619135836,2,4
2024-04-18 03:00:00,2.0,51.66786261913584,-49.66786261913584,3,4
2024-04-18 04:00:00,1.77,51.66786261913584,-49.897862619135836,4,4
2024-04-18 05:00:00,2.0,51.66786261913584,-49.66786261913584,5,4
2024-04-18 06:00:00,3.25,51.66786261913584,-48.41786261913584,6,4
2024-04-18 07:00:00,21.03,51.66786261913584,-30.637862619135838,7,4
2024-04-18 08:00:00,6.0,51.66786261913584,-45.66786261913584,8,4
2024-04-18 09:00:00,1.77,51.66786261913584,-49.897862619135836,9,4
2024-04-18 10:00:00,0.0,51.66786261913584,-51.66786261913584,10,4
2024-04-18 11:00:00,0.0,51.66786261913584,-51.66786261913584,11,4
2024-04-18 12:00:00,0.0,51.66786261913584,-51.66786261913584,12,4
2024-04-18 13:00:00,0.0,51.66786261913584,-51.66786261913584,13,4
2024-04-18 14:00:00,0.0,51.66786261913584,-51.66786261913584,14,4
2024-04-18 15:00:00,-0.01,51.66786261913584,-51.67786261913584,15,4
2024-04-18 16:00:00,0.0,51.66786261913584,-51.66786261913584,16,4
2024-04-18 17:00:00,0.0,51.66786261913584,-51.66786261913584,17,4
2024-04-18 18:00:00,0.0,51.66786261913584,-51.66786261913584,18,4
2024-04-18 19:00:00,2.0,51.66786261913584,-49.66786261913584,19,4
2024-04-18 20:00:00,12.17,51.66786261913584,-39.49786261913584,20,4
2024-04-18 21:00:00,30.77,51.66786261913584,-20.89786261913584,21,4
2024-04-18 22:00:00,14.21,51.66786261913584,-37.45786261913584,22,4
2024-04-18 23:00:00,3.6,51.66786261913584,-48.06786261913584,23,4
2024-04-19 00:00:00,13.07,51.66786261913584,-38.59786261913584,0,4
2024-04-19 01:00:00,12.17,51.66786261913584,-39.49786261913584,1,4
2024-04-19 02:00:00,12.59,51.66786261913584,-39.07786261913584,2,4
2024-04-19 03:00:00,13.75,51.66786261913584,-37.91786261913584,3,4
2024-04-19 04:00:00,9.02,51.66786261913584,-42.647862619135836,4,4
2024-04-19 05:00:00,17.59,51.66786261913584,-34.07786261913584,5,4
2024-04-19 06:00:00,25.73,51.66786261913584,-25.93786261913584,6,4
2024-04-19 07:00:00,35.0,51.66786261913584,-16.66786261913584,7,4
2024-04-19 08:00:00,35.0,51.66786261913584,-16.66786261913584,8,4
2024-04-19 09:00:00,8.6,51.66786261913584,-43.06786261913584,9,4
2024-04-19 10:00:00,3.35,51.66786261913584,-48.31786261913584,10,4
2024-04-19 11:00:00,3.25,51.66786261913584,-48.41786261913584,11,4
2024-04-19 12:00:00,0.6,51.66786261913584,-51.06786261913584,12,4
2024-04-19 13:00:00,0.04,51.66786261913584,-51.62786261913584,13,4
2024-04-19 14:00:00,0.02,51.66786261913584,-51.647862619135836,14,4
2024-04-19 15:00:00,0.0,51.66786261913584,-51.66786261913584,15,4
2024-04-19 16:00:00,0.0,51.66786261913584,-51.66786261913584,16,4
2024-04-19 17:00:00,2.5,51.66786261913584,-49.16786261913584,17,4
2024-04-19 18:00:00,7.62,51.66786261913584,-44.04786261913584,18,4
2024-04-19 19:00:00,21.96,51.66786261913584,-29.707862619135838,19,4
2024-04-19 20:00:00,34.96,51.66786261913584,-16.707862619135838,20,4
2024-04-19 21:00:00,37.52,51.66786261913584,-14.147862619135836,21,4
2024-04-19 22:00:00,35.0,51.66786261913584,-16.66786261913584,22,4
2024-04-19 23:00:00,35.0,51.66786261913584,-16.66786261913584,23,4
2024-04-20 00:00:00,24.69,51.66786261913584,-26.977862619135838,0,4
2024-04-20 01:00:00,10.0,51.66786261913584,-41.66786261913584,1,4
2024-04-20 02:00:00,11.39,51.66786261913584,-40.27786261913584,2,4
2024-04-20 03:00:00,10.0,51.66786261913584,-41.66786261913584,3,4
2024-04-20 04:00:00,9.57,51.66786261913584,-42.09786261913584,4,4
2024-04-20 05:00:00,7.0,51.66786261913584,-44.66786261913584,5,4
2024-04-20 06:00:00,7.54,51.66786261913584,-44.12786261913584,6,4
2024-04-20 07:00:00,8.43,51.66786261913584,-43.23786261913584,7,4
2024-04-20 08:00:00,7.42,51.66786261913584,-44.24786261913584,8,4
2024-04-20 09:00:00,2.1,51.66786261913584,-49.56786261913584,9,4
2024-04-20 10:00:00,0.44,51.66786261913584,-51.22786261913584,10,4
2024-04-20 11:00:00,0.05,51.66786261913584,-51.61786261913584,11,4
2024-04-20 12:00:00,0.0,51.66786261913584,-51.66786261913584,12,4
2024-04-20 13:00:00,0.0,51.66786261913584,-51.66786261913584,13,4
2024-04-20 14:00:00,0.0,51.66786261913584,-51.66786261913584,14,4
2024-04-20 15:00:00,-0.04,51.66786261913584,-51.70786261913584,15,4
2024-04-20 16:00:00,-0.07,51.66786261913584,-51.73786261913584,16,4
2024-04-20 17:00:00,-0.01,51.66786261913584,-51.67786261913584,17,4
2024-04-20 18:00:00,0.04,51.66786261913584,-51.62786261913584,18,4
2024-04-20 19:00:00,3.25,51.66786261913584,-48.41786261913584,19,4
2024-04-20 20:00:00,7.88,51.66786261913584,-43.787862619135836,20,4
2024-04-20 21:00:00,10.0,51.66786261913584,-41.66786261913584,21,4
2024-04-20 22:00:00,8.58,51.66786261913584,-43.08786261913584,22,4
2024-04-20 23:00:00,7.54,51.66786261913584,-44.12786261913584,23,4
2024-04-21 00:00:00,3.25,51.66786261913584,-48.41786261913584,0,4
2024-04-21 01:00:00,3.25,51.66786261913584,-48.41786261913584,1,4
2024-04-21 02:00:00,3.22,51.66786261913584,-48.44786261913584,2,4
2024-04-21 03:00:00,3.25,51.66786261913584,-48.41786261913584,3,4
2024-04-21 04:00:00,3.25,51.66786261913584,-48.41786261913584,4,4
2024-04-21 05:00:00,3.25,51.66786261913584,-48.41786261913584,5,4
2024-04-21 06:00:00,3.6,51.66786261913584,-48.06786261913584,6,4
2024-04-21 07:00:00,7.46,51.66786261913584,-44.20786261913584,7,4
2024-04-21 08:00:00,3.25,51.66786261913584,-48.41786261913584,8,4
2024-04-21 09:00:00,0.44,51.66786261913584,-51.22786261913584,9,4
2024-04-21 10:00:00,0.0,51.66786261913584,-51.66786261913584,10,4
2024-04-21 11:00:00,-0.01,51.66786261913584,-51.67786261913584,11,4
2024-04-21 12:00:00,-0.07,51.66786261913584,-51.73786261913584,12,4
2024-04-21 13:00:00,-1.21,51.66786261913584,-52.87786261913584,13,4
2024-04-21 14:00:00,-1.49,51.66786261913584,-53.15786261913584,14,4
2024-04-21 15:00:00,-1.5,51.66786261913584,-53.16786261913584,15,4
2024-04-21 16:00:00,-1.32,51.66786261913584,-52.98786261913584,16,4
2024-04-21 17:00:00,-0.25,51.66786261913584,-51.91786261913584,17,4
2024-04-21 18:00:00,-0.01,51.66786261913584,-51.67786261913584,18,4
2024-04-21 19:00:00,0.44,51.66786261913584,-51.22786261913584,19,4
2024-04-21 20:00:00,3.35,51.66786261913584,-48.31786261913584,20,4
2024-04-21 21:00:00,8.93,51.66786261913584,-42.73786261913584,21,4
2024-04-21 22:00:00,7.46,51.66786261913584,-44.20786261913584,22,4
2024-04-21 23:00:00,3.6,51.66786261913584,-48.06786261913584,23,4
2024-04-22 00:00:00,3.0,51.66786261913584,-48.66786261913584,0,4
2024-04-22 01:00:00,2.0,51.66786261913584,-49.66786261913584,1,4
2024-04-22 02:00:00,1.1,51.66786261913584,-50.56786261913584,2,4
2024-04-22 03:00:00,1.01,51.66786261913584,-50.65786261913584,3,4
2024-04-22 04:00:00,0.49,51.66786261913584,-51.17786261913584,4,4
2024-04-22 05:00:00,1.0,51.66786261913584,-50.66786261913584,5,4
2024-04-22 06:00:00,1.1,51.66786261913584,-50.56786261913584,6,4
2024-04-22 07:00:00,3.25,51.66786261913584,-48.41786261913584,7,4
2024-04-22 08:00:00,1.1,51.66786261913584,-50.56786261913584,8,4
2024-04-22 09:00:00,0.0,51.66786261913584,-51.66786261913584,9,4
2024-04-22 10:00:00,0.0,51.66786261913584,-51.66786261913584,10,4
2024-04-22 11:00:00,-0.01,51.66786261913584,-51.67786261913584,11,4
2024-04-22 12:00:00,-0.03,51.66786261913584,-51.69786261913584,12,4
2024-04-22 13:00:00,-0.05,51.66786261913584,-51.717862619135836,13,4
2024-04-22 14:00:00,-0.1,51.66786261913584,-51.76786261913584,14,4
2024-04-22 15:00:00,-0.25,51.66786261913584,-51.91786261913584,15,4
2024-04-22 16:00:00,-0.3,51.66786261913584,-51.967862619135836,16,4
2024-04-22 17:00:00,-0.1,51.66786261913584,-51.76786261913584,17,4
2024-04-22 18:00:00,0.0,51.66786261913584,-51.66786261913584,18,4
2024-04-22 19:00:00,0.45,51.66786261913584,-51.217862619135836,19,4
2024-04-22 20:00:00,6.0,51.66786261913584,-45.66786261913584,20,4
2024-04-22 21:00:00,12.81,51.66786261913584,-38.85786261913584,21,4
2024-04-22 22:00:00,7.62,51.66786261913584,-44.04786261913584,22,4
2024-04-22 23:00:00,5.54,51.66786261913584,-46.12786261913584,23,4
2024-04-23 00:00:00,6.15,51.66786261913584,-45.51786261913584,0,4
2024-04-23 01:00:00,3.6,51.66786261913584,-48.06786261913584,1,4
2024-04-23 02:00:00,3.25,51.66786261913584,-48.41786261913584,2,4
2024-04-23 03:00:00,3.35,51.66786261913584,-48.31786261913584,3,4
2024-04-23 04:00:00,3.6,51.66786261913584,-48.06786261913584,4,4
2024-04-23 05:00:00,5.0,51.66786261913584,-46.66786261913584,5,4
2024-04-23 06:00:00,6.58,51.66786261913584,-45.08786261913584,6,4
2024-04-23 07:00:00,20.0,51.66786261913584,-31.66786261913584,7,4
2024-04-23 08:00:00,6.9,51.66786261913584,-44.76786261913584,8,4
2024-04-23 09:00:00,0.5,51.66786261913584,-51.16786261913584,9,4
2024-04-23 10:00:00,0.0,51.66786261913584,-51.66786261913584,10,4
2024-04-23 11:00:00,0.0,51.66786261913584,-51.66786261913584,11,4
2024-04-23 12:00:00,0.0,51.66786261913584,-51.66786261913584,12,4
2024-04-23 13:00:00,0.0,51.66786261913584,-51.66786261913584,13,4
2024-04-23 14:00:00,-0.01,51.66786261913584,-51.67786261913584,14,4
2024-04-23 15:00:00,-0.01,51.66786261913584,-51.67786261913584,15,4
2024-04-23 16:00:00,-0.01,51.66786261913584,-51.67786261913584,16,4
2024-04-23 17:00:00,0.0,51.66786261913584,-51.66786261913584,17,4
2024-04-23 18:00:00,0.0,51.66786261913584,-51.66786261913584,18,4
2024-04-23 19:00:00,1.0,51.66786261913584,-50.66786261913584,19,4
2024-04-23 20:00:00,12.17,51.66786261913584,-39.49786261913584,20,4
2024-04-23 21:00:00,35.0,51.66786261913584,-16.66786261913584,21,4
2024-04-23 22:00:00,24.89,51.66786261913584,-26.77786261913584,22,4
2024-04-23 23:00:00,8.21,51.66786261913584,-43.45786261913584,23,4
2024-04-24 00:00:00,23.21,51.66786261913584,-28.457862619135838,0,4
2024-04-24 01:00:00,16.05,51.66786261913584,-35.617862619135835,1,4
2024-04-24 02:00:00,12.08,51.66786261913584,-39.58786261913584,2,4
2024-04-24 03:00:00,11.28,51.66786261913584,-40.38786261913584,3,4
2024-04-24 04:00:00,10.7,51.66786261913584,-40.96786261913584,4,4
2024-04-24 05:00:00,11.93,51.66786261913584,-39.73786261913584,5,4
2024-04-24 06:00:00,17.33,51.66786261913584,-34.33786261913584,6,4
2024-04-24 07:00:00,33.69,51.66786261913584,-17.97786261913584,7,4
2024-04-24 08:00:00,24.89,51.66786261913584,-26.77786261913584,8,4
2024-04-24 09:00:00,5.0,51.66786261913584,-46.66786261913584,9,4
2024-04-24 10:00:00,1.0,51.66786261913584,-50.66786261913584,10,4
2024-04-24 11:00:00,0.04,51.66786261913584,-51.62786261913584,11,4
2024-04-24 12:00:00,0.0,51.66786261913584,-51.66786261913584,12,4
2024-04-24 13:00:00,0.0,51.66786261913584,-51.66786261913584,13,4
2024-04-24 14:00:00,0.0,51.66786261913584,-51.66786261913584,14,4
2024-04-24 15:00:00,0.0,51.66786261913584,-51.66786261913584,15,4
2024-04-24 16:00:00,0.0,51.66786261913584,-51.66786261913584,16,4
2024-04-24 17:00:00,0.04,51.66786261913584,-51.62786261913584,17,4
2024-04-24 18:00:00,3.25,51.66786261913584,-48.41786261913584,18,4
2024-04-24 19:00:00,24.89,51.66786261913584,-26.77786261913584,19,4
2024-04-24 20:00:00,35.02,51.66786261913584,-16.647862619135836,20,4
2024-04-24 21:00:00,101.48,51.66786261913584,49.812137380864165,21,4
2024-04-24 22:00:00,78.85,51.66786261913584,27.182137380864155,22,4
2024-04-24 23:00:00,35.01,51.66786261913584,-16.65786261913584,23,4
2024-04-25 00:00:00,38.07,51.66786261913584,-13.597862619135839,0,4
2024-04-25 01:00:00,35.02,51.66786261913584,-16.647862619135836,1,4
2024-04-25 02:00:00,35.01,51.66786261913584,-16.65786261913584,2,4
2024-04-25 03:00:00,35.01,51.66786261913584,-16.65786261913584,3,4
2024-04-25 04:00:00,35.01,51.66786261913584,-16.65786261913584,4,4
2024-04-25 05:00:00,35.01,51.66786261913584,-16.65786261913584,5,4
2024-04-25 06:00:00,38.69,51.66786261913584,-12.977862619135841,6,4
2024-04-25 07:00:00,100.0,51.66786261913584,48.33213738086416,7,4
2024-04-25 08:00:00,66.85,51.66786261913584,15.182137380864155,8,4
2024-04-25 09:00:00,35.0,51.66786261913584,-16.66786261913584,9,4
2024-04-25 10:00:00,26.96,51.66786261913584,-24.707862619135838,10,4
2024-04-25 11:00:00,22.3,51.66786261913584,-29.36786261913584,11,4
2024-04-25 12:00:00,19.29,51.66786261913584,-32.37786261913584,12,4
2024-04-25 13:00:00,15.65,51.66786261913584,-36.01786261913584,13,4
2024-04-25 14:00:00,9.99,51.66786261913584,-41.67786261913584,14,4
2024-04-25 15:00:00,7.0,51.66786261913584,-44.66786261913584,15,4
2024-04-25 16:00:00,6.0,51.66786261913584,-45.66786261913584,16,4
2024-04-25 17:00:00,9.35,51.66786261913584,-42.31786261913584,17,4
2024-04-25 18:00:00,22.3,51.66786261913584,-29.36786261913584,18,4
2024-04-25 19:00:00,32.56,51.66786261913584,-19.107862619135837,19,4
2024-04-25 20:00:00,88.61,51.66786261913584,36.94213738086416,20,4
2024-04-25 21:00:00,109.9,51.66786261913584,58.23213738086417,21,4
2024-04-25 22:00:00,91.35,51.66786261913584,39.682137380864155,22,4
2024-04-25 23:00:00,79.74,51.66786261913584,28.072137380864156,23,4
2024-04-26 00:00:00,79.87,51.66786261913584,28.202137380864166,0,4
2024-04-26 01:00:00,74.0,51.66786261913584,22.33213738086416,1,4
2024-04-26 02:00:00,65.15,51.66786261913584,13.482137380864167,2,4
2024-04-26 03:00:00,74.07,51.66786261913584,22.402137380864154,3,4
2024-04-26 04:00:00,77.1,51.66786261913584,25.432137380864155,4,4
2024-04-26 05:00:00,73.88,51.66786261913584,22.212137380864156,5,4
2024-04-26 06:00:00,91.82,51.66786261913584,40.152137380864154,6,4
2024-04-26 07:00:00,104.06,51.66786261913584,52.39213738086416,7,4
2024-04-26 08:00:00,96.06,51.66786261913584,44.39213738086416,8,4
2024-04-26 09:00:00,81.08,51.66786261913584,29.41213738086416,9,4
2024-04-26 10:00:00,35.33,51.66786261913584,-16.33786261913584,10,4
2024-04-26 11:00:00,35.0,51.66786261913584,-16.66786261913584,11,4
2024-04-26 12:00:00,33.75,51.66786261913584,-17.91786261913584,12,4
2024-04-26 13:00:00,31.2,51.66786261913584,-20.46786261913584,13,4
2024-04-26 14:00:00,21.2,51.66786261913584,-30.46786261913584,14,4
2024-04-26 15:00:00,20.1,51.66786261913584,-31.567862619135838,15,4
2024-04-26 16:00:00,16.98,51.66786261913584,-34.68786261913584,16,4
2024-04-26 17:00:00,20.2,51.66786261913584,-31.46786261913584,17,4
2024-04-26 18:00:00,24.89,51.66786261913584,-26.77786261913584,18,4
2024-04-26 19:00:00,35.0,51.66786261913584,-16.66786261913584,19,4
2024-04-26 20:00:00,58.53,51.66786261913584,6.862137380864162,20,4
2024-04-26 21:00:00,96.06,51.66786261913584,44.39213738086416,21,4
2024-04-26 22:00:00,81.49,51.66786261913584,29.822137380864156,22,4
2024-04-26 23:00:00,52.97,51.66786261913584,1.3021373808641599,23,4
2024-04-27 00:00:00,47.88,51.66786261913584,-3.7878626191358364,0,4
2024-04-27 01:00:00,40.0,51.66786261913584,-11.667862619135839,1,4
2024-04-27 02:00:00,35.0,51.66786261913584,-16.66786261913584,2,4
2024-04-27 03:00:00,35.0,51.66786261913584,-16.66786261913584,3,4
2024-04-27 04:00:00,35.0,51.66786261913584,-16.66786261913584,4,4
2024-04-27 05:00:00,35.0,51.66786261913584,-16.66786261913584,5,4
2024-04-27 06:00:00,35.0,51.66786261913584,-16.66786261913584,6,4
2024-04-27 07:00:00,34.21,51.66786261913584,-17.457862619135838,7,4
2024-04-27 08:00:00,30.0,51.66786261913584,-21.66786261913584,8,4
2024-04-27 09:00:00,15.4,51.66786261913584,-36.26786261913584,9,4
2024-04-27 10:00:00,7.3,51.66786261913584,-44.36786261913584,10,4
2024-04-27 11:00:00,3.25,51.66786261913584,-48.41786261913584,11,4
2024-04-27 12:00:00,0.03,51.66786261913584,-51.63786261913584,12,4
2024-04-27 13:00:00,0.0,51.66786261913584,-51.66786261913584,13,4
2024-04-27 14:00:00,0.0,51.66786261913584,-51.66786261913584,14,4
2024-04-27 15:00:00,0.0,51.66786261913584,-51.66786261913584,15,4
2024-04-27 16:00:00,0.0,51.66786261913584,-51.66786261913584,16,4
2024-04-27 17:00:00,0.0,51.66786261913584,-51.66786261913584,17,4
2024-04-27 18:00:00,0.44,51.66786261913584,-51.22786261913584,18,4
2024-04-27 19:00:00,14.98,51.66786261913584,-36.68786261913584,19,4
2024-04-27 20:00:00,45.51,51.66786261913584,-6.157862619135841,20,4
2024-04-27 21:00:00,65.27,51.66786261913584,13.602137380864157,21,4
2024-04-27 22:00:00,62.78,51.66786261913584,11.112137380864162,22,4
2024-04-27 23:00:00,58.52,51.66786261913584,6.852137380864164,23,4
2024-04-28 00:00:00,56.39,51.66786261913584,4.722137380864162,0,4
2024-04-28 01:00:00,38.96,51.66786261913584,-12.707862619135838,1,4
2024-04-28 02:00:00,39.6,51.66786261913584,-12.067862619135838,2,4
2024-04-28 03:00:00,35.01,51.66786261913584,-16.65786261913584,3,4
2024-04-28 04:00:00,35.01,51.66786261913584,-16.65786261913584,4,4
2024-04-28 05:00:00,35.5,51.66786261913584,-16.16786261913584,5,4
2024-04-28 06:00:00,35.76,51.66786261913584,-15.907862619135841,6,4
2024-04-28 07:00:00,36.73,51.66786261913584,-14.937862619135842,7,4
2024-04-28 08:00:00,35.0,51.66786261913584,-16.66786261913584,8,4
2024-04-28 09:00:00,14.98,51.66786261913584,-36.68786261913584,9,4
2024-04-28 10:00:00,0.44,51.66786261913584,-51.22786261913584,10,4
2024-04-28 11:00:00,0.0,51.66786261913584,-51.66786261913584,11,4
2024-04-28 12:00:00,0.0,51.66786261913584,-51.66786261913584,12,4
2024-04-28 13:00:00,0.0,51.66786261913584,-51.66786261913584,13,4
2024-04-28 14:00:00,0.0,51.66786261913584,-51.66786261913584,14,4
2024-04-28 15:00:00,0.0,51.66786261913584,-51.66786261913584,15,4
2024-04-28 16:00:00,-0.01,51.66786261913584,-51.67786261913584,16,4
2024-04-28 17:00:00,0.0,51.66786261913584,-51.66786261913584,17,4
2024-04-28 18:00:00,20.66,51.66786261913584,-31.00786261913584,18,4
2024-04-28 19:00:00,35.01,51.66786261913584,-16.65786261913584,19,4
2024-04-28 20:00:00,58.88,51.66786261913584,7.212137380864164,20,4
2024-04-28 21:00:00,78.56,51.66786261913584,26.892137380864163,21,4
2024-04-28 22:00:00,72.21,51.66786261913584,20.542137380864155,22,4
2024-04-28 23:00:00,60.65,51.66786261913584,8.98213738086416,23,4
2024-04-29 00:00:00,63.15,51.66786261913584,11.48213738086416,0,4
2024-04-29 01:00:00,60.05,51.66786261913584,8.382137380864158,1,4
2024-04-29 02:00:00,58.93,51.66786261913584,7.262137380864161,2,4
2024-04-29 03:00:00,58.87,51.66786261913584,7.2021373808641584,3,4
2024-04-29 04:00:00,56.0,51.66786261913584,4.332137380864161,4,4
2024-04-29 05:00:00,58.52,51.66786261913584,6.852137380864164,5,4
2024-04-29 06:00:00,52.25,51.66786261913584,0.582137380864161,6,4
2024-04-29 07:00:00,102.26,51.66786261913584,50.592137380864166,7,4
2024-04-29 08:00:00,96.24,51.66786261913584,44.572137380864156,8,4
2024-04-29 09:00:00,59.79,51.66786261913584,8.12213738086416,9,4
2024-04-29 10:00:00,45.5,51.66786261913584,-6.167862619135839,10,4
2024-04-29 11:00:00,36.73,51.66786261913584,-14.937862619135842,11,4
2024-04-29 12:00:00,35.1,51.66786261913584,-16.567862619135838,12,4
2024-04-29 13:00:00,35.01,51.66786261913584,-16.65786261913584,13,4
2024-04-29 14:00:00,35.01,51.66786261913584,-16.65786261913584,14,4
2024-04-29 15:00:00,35.01,51.66786261913584,-16.65786261913584,15,4
2024-04-29 16:00:00,35.0,51.66786261913584,-16.66786261913584,16,4
2024-04-29 17:00:00,35.2,51.66786261913584,-16.467862619135836,17,4
2024-04-29 18:00:00,40.74,51.66786261913584,-10.927862619135837,18,4
2024-04-29 19:00:00,60.53,51.66786261913584,8.862137380864162,19,4
2024-04-29 20:00:00,87.21,51.66786261913584,35.542137380864155,20,4
2024-04-29 21:00:00,97.92,51.66786261913584,46.25213738086416,21,4
2024-04-29 22:00:00,83.75,51.66786261913584,32.08213738086416,22,4
2024-04-29 23:00:00,69.77,51.66786261913584,18.102137380864157,23,4
2024-04-30 00:00:00,73.73,51.66786261913584,22.062137380864165,0,4
2024-04-30 01:00:00,57.83,51.66786261913584,6.162137380864159,1,4
2024-04-30 02:00:00,58.99,51.66786261913584,7.322137380864163,2,4
2024-04-30 03:00:00,68.81,51.66786261913584,17.142137380864163,3,4
2024-04-30 04:00:00,64.77,51.66786261913584,13.102137380864157,4,4
2024-04-30 05:00:00,77.13,51.66786261913584,25.462137380864156,5,4
2024-04-30 06:00:00,85.36,51.66786261913584,33.69213738086416,6,4
2024-04-30 07:00:00,99.32,51.66786261913584,47.652137380864154,7,4
2024-04-30 08:00:00,84.41,51.66786261913584,32.74213738086416,8,4
2024-04-30 09:00:00,58.0,51.66786261913584,6.332137380864161,9,4
2024-04-30 10:00:00,41.0,51.66786261913584,-10.667862619135839,10,4
2024-04-30 11:00:00,35.01,51.66786261913584,-16.65786261913584,11,4
2024-04-30 12:00:00,28.26,51.66786261913584,-23.407862619135837,12,4
2024-04-30 13:00:00,15.1,51.66786261913584,-36.56786261913584,13,4
2024-04-30 14:00:00,17.5,51.66786261913584,-34.16786261913584,14,4
2024-04-30 15:00:00,19.14,51.66786261913584,-32.52786261913584,15,4
2024-04-30 16:00:00,17.5,51.66786261913584,-34.16786261913584,16,4
2024-04-30 17:00:00,20.4,51.66786261913584,-31.26786261913584,17,4
2024-04-30 18:00:00,31.96,51.66786261913584,-19.707862619135838,18,4
2024-04-30 19:00:00,48.25,51.66786261913584,-3.417862619135839,19,4
2024-04-30 20:00:00,60.1,51.66786261913584,8.432137380864162,20,4
2024-04-30 21:00:00,83.91,51.66786261913584,32.24213738086416,21,4
2024-04-30 22:00:00,70.98,51.66786261913584,19.312137380864165,22,4
2024-04-30 23:00:00,65.0,51.66786261913584,13.332137380864161,23,4
2024-05-01 00:00:00,35.01,51.66786261913584,-16.65786261913584,0,5
2024-05-01 01:00:00,34.99,51.66786261913584,-16.677862619135837,1,5
2024-05-01 02:00:00,21.07,51.66786261913584,-30.59786261913584,2,5
2024-05-01 03:00:00,19.77,51.66786261913584,-31.89786261913584,3,5
2024-05-01 04:00:00,17.83,51.66786261913584,-33.83786261913584,4,5
2024-05-01 05:00:00,17.83,51.66786261913584,-33.83786261913584,5,5
2024-05-01 06:00:00,18.97,51.66786261913584,-32.69786261913584,6,5
2024-05-01 07:00:00,17.83,51.66786261913584,-33.83786261913584,7,5
2024-05-01 08:00:00,8.0,51.66786261913584,-43.66786261913584,8,5
2024-05-01 09:00:00,3.0,51.66786261913584,-48.66786261913584,9,5
2024-05-01 10:00:00,-0.01,51.66786261913584,-51.67786261913584,10,5
2024-05-01 11:00:00,-0.07,51.66786261913584,-51.73786261913584,11,5
2024-05-01 12:00:00,-0.06,51.66786261913584,-51.72786261913584,12,5
2024-05-01 13:00:00,-1.0,51.66786261913584,-52.66786261913584,13,5
2024-05-01 14:00:00,-1.26,51.66786261913584,-52.92786261913584,14,5
2024-05-01 15:00:00,-1.29,51.66786261913584,-52.95786261913584,15,5
2024-05-01 16:00:00,-1.29,51.66786261913584,-52.95786261913584,16,5
2024-05-01 17:00:00,-0.13,51.66786261913584,-51.79786261913584,17,5
2024-05-01 18:00:00,0.0,51.66786261913584,-51.66786261913584,18,5
2024-05-01 19:00:00,0.44,51.66786261913584,-51.22786261913584,19,5
2024-05-01 20:00:00,19.0,51.66786261913584,-32.66786261913584,20,5
2024-05-01 21:00:00,35.0,51.66786261913584,-16.66786261913584,21,5
2024-05-01 22:00:00,33.4,51.66786261913584,-18.26786261913584,22,5
2024-05-01 23:00:00,23.71,51.66786261913584,-27.957862619135838,23,5
2024-05-02 00:00:00,14.56,51.66786261913584,-37.10786261913584,0,5
2024-05-02 01:00:00,10.94,51.66786261913584,-40.72786261913584,1,5
2024-05-02 02:00:00,10.0,51.66786261913584,-41.66786261913584,2,5
2024-05-02 03:00:00,7.8,51.66786261913584,-43.86786261913584,3,5
2024-05-02 04:00:00,8.0,51.66786261913584,-43.66786261913584,4,5
2024-05-02 05:00:00,10.94,51.66786261913584,-40.72786261913584,5,5
2024-05-02 06:00:00,22.9,51.66786261913584,-28.76786261913584,6,5
2024-05-02 07:00:00,35.01,51.66786261913584,-16.65786261913584,7,5
2024-05-02 08:00:00,35.0,51.66786261913584,-16.66786261913584,8,5
2024-05-02 09:00:00,10.94,51.66786261913584,-40.72786261913584,9,5
2024-05-02 10:00:00,3.25,51.66786261913584,-48.41786261913584,10,5
2024-05-02 11:00:00,2.49,51.66786261913584,-49.17786261913584,11,5
2024-05-02 12:00:00,1.79,51.66786261913584,-49.87786261913584,12,5
2024-05-02 13:00:00,1.83,51.66786261913584,-49.83786261913584,13,5
2024-05-02 14:00:00,0.0,51.66786261913584,-51.66786261913584,14,5
2024-05-02 15:00:00,0.44,51.66786261913584,-51.22786261913584,15,5
2024-05-02 16:00:00,1.06,51.66786261913584,-50.60786261913584,16,5
2024-05-02 17:00:00,0.44,51.66786261913584,-51.22786261913584,17,5
2024-05-02 18:00:00,5.39,51.66786261913584,-46.27786261913584,18,5
2024-05-02 19:00:00,17.6,51.66786261913584,-34.06786261913584,19,5
2024-05-02 20:00:00,35.4,51.66786261913584,-16.26786261913584,20,5
2024-05-02 21:00:00,59.14,51.66786261913584,7.472137380864162,21,5
2024-05-02 22:00:00,43.9,51.66786261913584,-7.76786261913584,22,5
2024-05-02 23:00:00,35.64,51.66786261913584,-16.02786261913584,23,5
2024-05-03 00:00:00,35.01,51.66786261913584,-16.65786261913584,0,5
2024-05-03 01:00:00,35.01,51.66786261913584,-16.65786261913584,1,5
2024-05-03 02:00:00,35.0,51.66786261913584,-16.66786261913584,2,5
2024-05-03 03:00:00,35.0,51.66786261913584,-16.66786261913584,3,5
2024-05-03 04:00:00,35.0,51.66786261913584,-16.66786261913584,4,5
2024-05-03 05:00:00,34.43,51.66786261913584,-17.23786261913584,5,5
2024-05-03 06:00:00,35.0,51.66786261913584,-16.66786261913584,6,5
2024-05-03 07:00:00,41.0,51.66786261913584,-10.667862619135839,7,5
2024-05-03 08:00:00,35.0,51.66786261913584,-16.66786261913584,8,5
2024-05-03 09:00:00,28.9,51.66786261913584,-22.76786261913584,9,5
2024-05-03 10:00:00,16.2,51.66786261913584,-35.46786261913584,10,5
2024-05-03 11:00:00,4.99,51.66786261913584,-46.67786261913584,11,5
2024-05-03 12:00:00,6.1,51.66786261913584,-45.56786261913584,12,5
2024-05-03 13:00:00,5.0,51.66786261913584,-46.66786261913584,13,5
2024-05-03 14:00:00,3.25,51.66786261913584,-48.41786261913584,14,5
2024-05-03 15:00:00,2.51,51.66786261913584,-49.15786261913584,15,5
2024-05-03 16:00:00,0.44,51.66786261913584,-51.22786261913584,16,5
2024-05-03 17:00:00,3.25,51.66786261913584,-48.41786261913584,17,5
2024-05-03 18:00:00,9.08,51.66786261913584,-42.58786261913584,18,5
2024-05-03 19:00:00,27.94,51.66786261913584,-23.727862619135838,19,5
2024-05-03 20:00:00,40.0,51.66786261913584,-11.667862619135839,20,5
2024-05-03 21:00:00,66.52,51.66786261913584,14.852137380864157,21,5
2024-05-03 22:00:00,50.02,51.66786261913584,-1.6478626191358359,22,5
2024-05-03 23:00:00,42.0,51.66786261913584,-9.667862619135839,23,5
2024-05-04 00:00:00,35.0,51.66786261913584,-16.66786261913584,0,5
2024-05-04 01:00:00,33.11,51.66786261913584,-18.55786261913584,1,5
2024-05-04 02:00:00,27.94,51.66786261913584,-23.727862619135838,2,5
2024-05-04 03:00:00,18.9,51.66786261913584,-32.76786261913584,3,5
2024-05-04 04:00:00,16.2,51.66786261913584,-35.46786261913584,4,5
2024-05-04 05:00:00,18.9,51.66786261913584,-32.76786261913584,5,5
2024-05-04 06:00:00,22.23,51.66786261913584,-29.43786261913584,6,5
2024-05-04 07:00:00,26.22,51.66786261913584,-25.44786261913584,7,5
2024-05-04 08:00:00,16.2,51.66786261913584,-35.46786261913584,8,5
2024-05-04 09:00:00,2.1,51.66786261913584,-49.56786261913584,9,5
2024-05-04 10:00:00,0.01,51.66786261913584,-51.65786261913584,10,5
2024-05-04 11:00:00,0.0,51.66786261913584,-51.66786261913584,11,5
2024-05-04 12:00:00,0.0,51.66786261913584,-51.66786261913584,12,5
2024-05-04 13:00:00,0.0,51.66786261913584,-51.66786261913584,13,5
2024-05-04 14:00:00,0.0,51.66786261913584,-51.66786261913584,14,5
2024-05-04 15:00:00,0.0,51.66786261913584,-51.66786261913584,15,5
2024-05-04 16:00:00,0.0,51.66786261913584,-51.66786261913584,16,5
2024-05-04 17:00:00,0.0,51.66786261913584,-51.66786261913584,17,5
2024-05-04 18:00:00,0.0,51.66786261913584,-51.66786261913584,18,5
2024-05-04 19:00:00,3.25,51.66786261913584,-48.41786261913584,19,5
2024-05-04 20:00:00,30.0,51.66786261913584,-21.66786261913584,20,5
2024-05-04 21:00:00,35.01,51.66786261913584,-16.65786261913584,21,5
2024-05-04 22:00:00,35.02,51.66786261913584,-16.647862619135836,22,5
2024-05-04 23:00:00,35.01,51.66786261913584,-16.65786261913584,23,5
2024-05-05 00:00:00,30.0,51.66786261913584,-21.66786261913584,0,5
2024-05-05 01:00:00,26.87,51.66786261913584,-24.797862619135838,1,5
2024-05-05 02:00:00,24.13,51.66786261913584,-27.53786261913584,2,5
2024-05-05 03:00:00,22.62,51.66786261913584,-29.047862619135838,3,5
2024-05-05 04:00:00,22.86,51.66786261913584,-28.80786261913584,4,5
2024-05-05 05:00:00,24.81,51.66786261913584,-26.85786261913584,5,5
2024-05-05 06:00:00,26.87,51.66786261913584,-24.797862619135838,6,5
2024-05-05 07:00:00,25.63,51.66786261913584,-26.03786261913584,7,5
2024-05-05 08:00:00,16.72,51.66786261913584,-34.94786261913584,8,5
2024-05-05 09:00:00,3.25,51.66786261913584,-48.41786261913584,9,5
2024-05-05 10:00:00,1.88,51.66786261913584,-49.787862619135836,10,5
2024-05-05 11:00:00,0.44,51.66786261913584,-51.22786261913584,11,5
2024-05-05 12:00:00,0.0,51.66786261913584,-51.66786261913584,12,5
2024-05-05 13:00:00,-0.04,51.66786261913584,-51.70786261913584,13,5
2024-05-05 14:00:00,-0.58,51.66786261913584,-52.24786261913584,14,5
2024-05-05 15:00:00,-0.1,51.66786261913584,-51.76786261913584,15,5
2024-05-05 16:00:00,0.0,51.66786261913584,-51.66786261913584,16,5
2024-05-05 17:00:00,0.0,51.66786261913584,-51.66786261913584,17,5
2024-05-05 18:00:00,3.25,51.66786261913584,-48.41786261913584,18,5
2024-05-05 19:00:00,6.1,51.66786261913584,-45.56786261913584,19,5
2024-05-05 20:00:00,29.9,51.66786261913584,-21.76786261913584,20,5
2024-05-05 21:00:00,54.33,51.66786261913584,2.6621373808641593,21,5
2024-05-05 22:00:00,51.61,51.66786261913584,-0.057862619135839566,22,5
2024-05-05 23:00:00,50.15,51.66786261913584,-1.5178626191358404,23,5
2024-05-06 00:00:00,63.58,51.66786261913584,11.91213738086416,0,5
2024-05-06 01:00:00,55.99,51.66786261913584,4.322137380864163,1,5
2024-05-06 02:00:00,51.91,51.66786261913584,0.2421373808641576,2,5
2024-05-06 03:00:00,53.96,51.66786261913584,2.292137380864162,3,5
2024-05-06 04:00:00,51.08,51.66786261913584,-0.5878626191358407,4,5
2024-05-06 05:00:00,53.96,51.66786261913584,2.292137380864162,5,5
2024-05-06 06:00:00,57.1,51.66786261913584,5.432137380864162,6,5
2024-05-06 07:00:00,84.03,51.66786261913584,32.36213738086416,7,5
2024-05-06 08:00:00,86.89,51.66786261913584,35.22213738086416,8,5
2024-05-06 09:00:00,61.54,51.66786261913584,9.87213738086416,9,5
2024-05-06 10:00:00,45.13,51.66786261913584,-6.537862619135836,10,5
2024-05-06 11:00:00,35.0,51.66786261913584,-16.66786261913584,11,5
2024-05-06 12:00:00,18.9,51.66786261913584,-32.76786261913584,12,5
2024-05-06 13:00:00,10.0,51.66786261913584,-41.66786261913584,13,5
2024-05-06 14:00:00,6.1,51.66786261913584,-45.56786261913584,14,5
2024-05-06 15:00:00,4.99,51.66786261913584,-46.67786261913584,15,5
2024-05-06 16:00:00,4.23,51.66786261913584,-47.43786261913584,16,5
2024-05-06 17:00:00,5.0,51.66786261913584,-46.66786261913584,17,5
2024-05-06 18:00:00,9.9,51.66786261913584,-41.76786261913584,18,5
2024-05-06 19:00:00,37.62,51.66786261913584,-14.047862619135842,19,5
2024-05-06 20:00:00,75.1,51.66786261913584,23.432137380864155,20,5
2024-05-06 21:00:00,97.69,51.66786261913584,46.02213738086416,21,5
2024-05-06 22:00:00,93.2,51.66786261913584,41.532137380864164,22,5
2024-05-06 23:00:00,84.42,51.66786261913584,32.75213738086416,23,5
2024-05-07 00:00:00,81.73,51.66786261913584,30.062137380864165,0,5
2024-05-07 01:00:00,77.64,51.66786261913584,25.97213738086416,1,5
2024-05-07 02:00:00,74.77,51.66786261913584,23.102137380864157,2,5
2024-05-07 03:00:00,68.24,51.66786261913584,16.572137380864156,3,5
2024-05-07 04:00:00,66.82,51.66786261913584,15.152137380864154,4,5
2024-05-07 05:00:00,69.09,51.66786261913584,17.422137380864164,5,5
2024-05-07 06:00:00,75.98,51.66786261913584,24.312137380864165,6,5
2024-05-07 07:00:00,99.87,51.66786261913584,48.202137380864166,7,5
2024-05-07 08:00:00,75.62,51.66786261913584,23.952137380864166,8,5
2024-05-07 09:00:00,35.0,51.66786261913584,-16.66786261913584,9,5
2024-05-07 10:00:00,10.0,51.66786261913584,-41.66786261913584,10,5
2024-05-07 11:00:00,3.6,51.66786261913584,-48.06786261913584,11,5
2024-05-07 12:00:00,0.0,51.66786261913584,-51.66786261913584,12,5
2024-05-07 13:00:00,0.0,51.66786261913584,-51.66786261913584,13,5
2024-05-07 14:00:00,0.0,51.66786261913584,-51.66786261913584,14,5
2024-05-07 15:00:00,0.0,51.66786261913584,-51.66786261913584,15,5
2024-05-07 16:00:00,0.0,51.66786261913584,-51.66786261913584,16,5
2024-05-07 17:00:00,0.0,51.66786261913584,-51.66786261913584,17,5
2024-05-07 18:00:00,0.0,51.66786261913584,-51.66786261913584,18,5
2024-05-07 19:00:00,35.0,51.66786261913584,-16.66786261913584,19,5
2024-05-07 20:00:00,56.18,51.66786261913584,4.512137380864161,20,5
2024-05-07 21:00:00,67.44,51.66786261913584,15.772137380864159,21,5
2024-05-07 22:00:00,62.0,51.66786261913584,10.332137380864161,22,5
2024-05-07 23:00:00,50.01,51.66786261913584,-1.657862619135841,23,5
2024-05-08 00:00:00,30.0,51.66786261913584,-21.66786261913584,0,5
2024-05-08 01:00:00,20.18,51.66786261913584,-31.48786261913584,1,5
2024-05-08 02:00:00,19.47,51.66786261913584,-32.19786261913584,2,5
2024-05-08 03:00:00,17.27,51.66786261913584,-34.397862619135836,3,5
2024-05-08 04:00:00,19.47,51.66786261913584,-32.19786261913584,4,5
2024-05-08 05:00:00,18.67,51.66786261913584,-32.99786261913584,5,5
2024-05-08 06:00:00,21.07,51.66786261913584,-30.59786261913584,6,5
2024-05-08 07:00:00,35.01,51.66786261913584,-16.65786261913584,7,5
2024-05-08 08:00:00,30.0,51.66786261913584,-21.66786261913584,8,5
2024-05-08 09:00:00,18.67,51.66786261913584,-32.99786261913584,9,5
2024-05-08 10:00:00,10.0,51.66786261913584,-41.66786261913584,10,5
2024-05-08 11:00:00,6.55,51.66786261913584,-45.11786261913584,11,5
2024-05-08 12:00:00,3.25,51.66786261913584,-48.41786261913584,12,5
2024-05-08 13:00:00,3.25,51.66786261913584,-48.41786261913584,13,5
2024-05-08 14:00:00,3.25,51.66786261913584,-48.41786261913584,14,5
2024-05-08 15:00:00,3.25,51.66786261913584,-48.41786261913584,15,5
2024-05-08 16:00:00,3.25,51.66786261913584,-48.41786261913584,16,5
2024-05-08 17:00:00,3.6,51.66786261913584,-48.06786261913584,17,5
2024-05-08 18:00:00,10.0,51.66786261913584,-41.66786261913584,18,5
2024-05-08 19:00:00,24.5,51.66786261913584,-27.16786261913584,19,5
2024-05-08 20:00:00,39.52,51.66786261913584,-12.147862619135836,20,5
2024-05-08 21:00:00,63.38,51.66786261913584,11.712137380864164,21,5
2024-05-08 22:00:00,54.36,51.66786261913584,2.6921373808641604,22,5
2024-05-08 23:00:00,51.91,51.66786261913584,0.2421373808641576,23,5
2024-05-09 00:00:00,35.01,51.66786261913584,-16.65786261913584,0,5
2024-05-09 01:00:00,35.01,51.66786261913584,-16.65786261913584,1,5
2024-05-09 02:00:00,35.0,51.66786261913584,-16.66786261913584,2,5
2024-05-09 03:00:00,35.0,51.66786261913584,-16.66786261913584,3,5
2024-05-09 04:00:00,35.01,51.66786261913584,-16.65786261913584,4,5
2024-05-09 05:00:00,35.01,51.66786261913584,-16.65786261913584,5,5
2024-05-09 06:00:00,47.33,51.66786261913584,-4.337862619135841,6,5
2024-05-09 07:00:00,68.78,51.66786261913584,17.112137380864162,7,5
2024-05-09 08:00:00,40.15,51.66786261913584,-11.51786261913584,8,5
2024-05-09 09:00:00,29.9,51.66786261913584,-21.76786261913584,9,5
2024-05-09 10:00:00,10.99,51.66786261913584,-40.67786261913584,10,5
2024-05-09 11:00:00,3.25,51.66786261913584,-48.41786261913584,11,5
2024-05-09 12:00:00,0.44,51.66786261913584,-51.22786261913584,12,5
2024-05-09 13:00:00,0.44,51.66786261913584,-51.22786261913584,13,5
2024-05-09 14:00:00,0.44,51.66786261913584,-51.22786261913584,14,5
2024-05-09 15:00:00,0.44,51.66786261913584,-51.22786261913584,15,5
2024-05-09 16:00:00,1.74,51.66786261913584,-49.92786261913584,16,5
2024-05-09 17:00:00,5.89,51.66786261913584,-45.77786261913584,17,5
2024-05-09 18:00:00,14.99,51.66786261913584,-36.67786261913584,18,5
2024-05-09 19:00:00,35.0,51.66786261913584,-16.66786261913584,19,5
2024-05-09 20:00:00,72.94,51.66786261913584,21.27213738086416,20,5
2024-05-09 21:00:00,104.62,51.66786261913584,52.952137380864166,21,5
2024-05-09 22:00:00,91.83,51.66786261913584,40.16213738086416,22,5
2024-05-09 23:00:00,65.72,51.66786261913584,14.05213738086416,23,5
2024-05-10 00:00:00,45.0,51.66786261913584,-6.667862619135839,0,5
2024-05-10 01:00:00,40.74,51.66786261913584,-10.927862619135837,1,5
2024-05-10 02:00:00,39.95,51.66786261913584,-11.717862619135836,2,5
2024-05-10 03:00:00,38.0,51.66786261913584,-13.667862619135839,3,5
2024-05-10 04:00:00,38.55,51.66786261913584,-13.117862619135842,4,5
2024-05-10 05:00:00,40.86,51.66786261913584,-10.80786261913584,5,5
2024-05-10 06:00:00,57.0,51.66786261913584,5.332137380864161,6,5
2024-05-10 07:00:00,75.72,51.66786261913584,24.05213738086416,7,5
2024-05-10 08:00:00,40.89,51.66786261913584,-10.777862619135838,8,5
2024-05-10 09:00:00,22.98,51.66786261913584,-28.68786261913584,9,5
2024-05-10 10:00:00,12.1,51.66786261913584,-39.56786261913584,10,5
2024-05-10 11:00:00,3.25,51.66786261913584,-48.41786261913584,11,5
2024-05-10 12:00:00,0.98,51.66786261913584,-50.68786261913584,12,5
2024-05-10 13:00:00,0.44,51.66786261913584,-51.22786261913584,13,5
2024-05-10 14:00:00,0.44,51.66786261913584,-51.22786261913584,14,5
2024-05-10 15:00:00,0.88,51.66786261913584,-50.787862619135836,15,5
2024-05-10 16:00:00,3.25,51.66786261913584,-48.41786261913584,16,5
2024-05-10 17:00:00,6.31,51.66786261913584,-45.35786261913584,17,5
2024-05-10 18:00:00,9.76,51.66786261913584,-41.90786261913584,18,5
2024-05-10 19:00:00,14.99,51.66786261913584,-36.67786261913584,19,5
2024-05-10 20:00:00,39.52,51.66786261913584,-12.147862619135836,20,5
2024-05-10 21:00:00,75.72,51.66786261913584,24.05213738086416,21,5
2024-05-10 22:00:00,47.25,51.66786261913584,-4.417862619135839,22,5
2024-05-10 23:00:00,40.17,51.66786261913584,-11.497862619135837,23,5
2024-05-11 00:00:00,38.86,51.66786261913584,-12.80786261913584,0,5
2024-05-11 01:00:00,35.01,51.66786261913584,-16.65786261913584,1,5
2024-05-11 02:00:00,35.0,51.66786261913584,-16.66786261913584,2,5
2024-05-11 03:00:00,35.01,51.66786261913584,-16.65786261913584,3,5
2024-05-11 04:00:00,35.01,51.66786261913584,-16.65786261913584,4,5
2024-05-11 05:00:00,35.01,51.66786261913584,-16.65786261913584,5,5
2024-05-11 06:00:00,35.01,51.66786261913584,-16.65786261913584,6,5
2024-05-11 07:00:00,35.01,51.66786261913584,-16.65786261913584,7,5
2024-05-11 08:00:00,28.07,51.66786261913584,-23.59786261913584,8,5
2024-05-11 09:00:00,6.4,51.66786261913584,-45.26786261913584,9,5
2024-05-11 10:00:00,0.0,51.66786261913584,-51.66786261913584,10,5
2024-05-11 11:00:00,0.0,51.66786261913584,-51.66786261913584,11,5
2024-05-11 12:00:00,0.0,51.66786261913584,-51.66786261913584,12,5
2024-05-11 13:00:00,0.0,51.66786261913584,-51.66786261913584,13,5
2024-05-11 14:00:00,-0.01,51.66786261913584,-51.67786261913584,14,5
2024-05-11 15:00:00,-0.25,51.66786261913584,-51.91786261913584,15,5
2024-05-11 16:00:00,-0.41,51.66786261913584,-52.077862619135836,16,5
2024-05-11 17:00:00,0.0,51.66786261913584,-51.66786261913584,17,5
2024-05-11 18:00:00,3.25,51.66786261913584,-48.41786261913584,18,5
2024-05-11 19:00:00,11.1,51.66786261913584,-40.56786261913584,19,5
2024-05-11 20:00:00,35.0,51.66786261913584,-16.66786261913584,20,5
2024-05-11 21:00:00,44.0,51.66786261913584,-7.667862619135839,21,5
2024-05-11 22:00:00,41.63,51.66786261913584,-10.037862619135836,22,5
2024-05-11 23:00:00,41.46,51.66786261913584,-10.207862619135838,23,5
2024-05-12 00:00:00,35.01,51.66786261913584,-16.65786261913584,0,5
2024-05-12 01:00:00,35.0,51.66786261913584,-16.66786261913584,1,5
2024-05-12 02:00:00,35.0,51.66786261913584,-16.66786261913584,2,5
2024-05-12 03:00:00,35.0,51.66786261913584,-16.66786261913584,3,5
2024-05-12 04:00:00,35.0,51.66786261913584,-16.66786261913584,4,5
2024-05-12 05:00:00,35.0,51.66786261913584,-16.66786261913584,5,5
2024-05-12 06:00:00,35.0,51.66786261913584,-16.66786261913584,6,5
2024-05-12 07:00:00,34.07,51.66786261913584,-17.59786261913584,7,5
2024-05-12 08:00:00,2.35,51.66786261913584,-49.31786261913584,8,5
2024-05-12 09:00:00,0.0,51.66786261913584,-51.66786261913584,9,5
2024-05-12 10:00:00,0.0,51.66786261913584,-51.66786261913584,10,5
2024-05-12 11:00:00,-0.75,51.66786261913584,-52.41786261913584,11,5
2024-05-12 12:00:00,-0.62,51.66786261913584,-52.287862619135836,12,5
2024-05-12 13:00:00,-0.66,51.66786261913584,-52.327862619135836,13,5
2024-05-12 14:00:00,-0.66,51.66786261913584,-52.327862619135836,14,5
2024-05-12 15:00:00,-1.0,51.66786261913584,-52.66786261913584,15,5
2024-05-12 16:00:00,-1.0,51.66786261913584,-52.66786261913584,16,5
2024-05-12 17:00:00,0.0,51.66786261913584,-51.66786261913584,17,5
2024-05-12 18:00:00,14.3,51.66786261913584,-37.367862619135835,18,5
2024-05-12 19:00:00,35.0,51.66786261913584,-16.66786261913584,19,5
2024-05-12 20:00:00,39.53,51.66786261913584,-12.137862619135838,20,5
2024-05-12 21:00:00,61.5,51.66786261913584,9.832137380864161,21,5
2024-05-12 22:00:00,49.98,51.66786261913584,-1.6878626191358421,22,5
2024-05-12 23:00:00,39.68,51.66786261913584,-11.98786261913584,23,5
2024-05-13 00:00:00,35.0,51.66786261913584,-16.66786261913584,0,5
2024-05-13 01:00:00,35.0,51.66786261913584,-16.66786261913584,1,5
2024-05-13 02:00:00,35.0,51.66786261913584,-16.66786261913584,2,5
2024-05-13 03:00:00,34.04,51.66786261913584,-17.62786261913584,3,5
2024-05-13 04:00:00,34.03,51.66786261913584,-17.637862619135838,4,5
2024-05-13 05:00:00,34.0,51.66786261913584,-17.66786261913584,5,5
2024-05-13 06:00:00,35.0,51.66786261913584,-16.66786261913584,6,5
2024-05-13 07:00:00,49.35,51.66786261913584,-2.3178626191358376,7,5
2024-05-13 08:00:00,50.0,51.66786261913584,-1.667862619135839,8,5
2024-05-13 09:00:00,38.03,51.66786261913584,-13.637862619135838,9,5
2024-05-13 10:00:00,11.7,51.66786261913584,-39.96786261913584,10,5
2024-05-13 11:00:00,1.52,51.66786261913584,-50.147862619135836,11,5
2024-05-13 12:00:00,0.0,51.66786261913584,-51.66786261913584,12,5
2024-05-13 13:00:00,0.0,51.66786261913584,-51.66786261913584,13,5
2024-05-13 14:00:00,0.0,51.66786261913584,-51.66786261913584,14,5
2024-05-13 15:00:00,0.0,51.66786261913584,-51.66786261913584,15,5
2024-05-13 16:00:00,0.44,51.66786261913584,-51.22786261913584,16,5
2024-05-13 17:00:00,1.7,51.66786261913584,-49.967862619135836,17,5
2024-05-13 18:00:00,3.25,51.66786261913584,-48.41786261913584,18,5
2024-05-13 19:00:00,14.3,51.66786261913584,-37.367862619135835,19,5
2024-05-13 20:00:00,35.0,51.66786261913584,-16.66786261913584,20,5
2024-05-13 21:00:00,38.03,51.66786261913584,-13.637862619135838,21,5
2024-05-13 22:00:00,39.68,51.66786261913584,-11.98786261913584,22,5
2024-05-13 23:00:00,35.01,51.66786261913584,-16.65786261913584,23,5
2024-05-14 00:00:00,11.1,51.66786261913584,-40.56786261913584,0,5
2024-05-14 01:00:00,5.0,51.66786261913584,-46.66786261913584,1,5
2024-05-14 02:00:00,4.16,51.66786261913584,-47.507862619135835,2,5
2024-05-14 03:00:00,2.0,51.66786261913584,-49.66786261913584,3,5
2024-05-14 04:00:00,0.01,51.66786261913584,-51.65786261913584,4,5
2024-05-14 05:00:00,0.49,51.66786261913584,-51.17786261913584,5,5
2024-05-14 06:00:00,3.25,51.66786261913584,-48.41786261913584,6,5
2024-05-14 07:00:00,22.0,51.66786261913584,-29.66786261913584,7,5
2024-05-14 08:00:00,16.5,51.66786261913584,-35.16786261913584,8,5
2024-05-14 09:00:00,7.67,51.66786261913584,-43.99786261913584,9,5
2024-05-14 10:00:00,0.0,51.66786261913584,-51.66786261913584,10,5
2024-05-14 11:00:00,0.0,51.66786261913584,-51.66786261913584,11,5
2024-05-14 12:00:00,0.0,51.66786261913584,-51.66786261913584,12,5
2024-05-14 13:00:00,0.0,51.66786261913584,-51.66786261913584,13,5
2024-05-14 14:00:00,-0.01,51.66786261913584,-51.67786261913584,14,5
2024-05-14 15:00:00,-0.06,51.66786261913584,-51.72786261913584,15,5
2024-05-14 16:00:00,-0.01,51.66786261913584,-51.67786261913584,16,5
2024-05-14 17:00:00,0.0,51.66786261913584,-51.66786261913584,17,5
2024-05-14 18:00:00,0.0,51.66786261913584,-51.66786261913584,18,5
2024-05-14 19:00:00,3.25,51.66786261913584,-48.41786261913584,19,5
2024-05-14 20:00:00,21.96,51.66786261913584,-29.707862619135838,20,5
2024-05-14 21:00:00,35.0,51.66786261913584,-16.66786261913584,21,5
2024-05-14 22:00:00,35.0,51.66786261913584,-16.66786261913584,22,5
2024-05-14 23:00:00,28.07,51.66786261913584,-23.59786261913584,23,5
2024-05-15 00:00:00,17.84,51.66786261913584,-33.82786261913584,0,5
2024-05-15 01:00:00,14.99,51.66786261913584,-36.67786261913584,1,5
2024-05-15 02:00:00,12.03,51.66786261913584,-39.63786261913584,2,5
2024-05-15 03:00:00,10.96,51.66786261913584,-40.70786261913584,3,5
2024-05-15 04:00:00,11.0,51.66786261913584,-40.66786261913584,4,5
2024-05-15 05:00:00,16.55,51.66786261913584,-35.117862619135835,5,5
2024-05-15 06:00:00,30.64,51.66786261913584,-21.02786261913584,6,5
2024-05-15 07:00:00,35.01,51.66786261913584,-16.65786261913584,7,5
2024-05-15 08:00:00,30.0,51.66786261913584,-21.66786261913584,8,5
2024-05-15 09:00:00,3.25,51.66786261913584,-48.41786261913584,9,5
2024-05-15 10:00:00,3.21,51.66786261913584,-48.45786261913584,10,5
2024-05-15 11:00:00,0.15,51.66786261913584,-51.51786261913584,11,5
2024-05-15 12:00:00,0.0,51.66786261913584,-51.66786261913584,12,5
2024-05-15 13:00:00,0.0,51.66786261913584,-51.66786261913584,13,5
2024-05-15 14:00:00,0.0,51.66786261913584,-51.66786261913584,14,5
2024-05-15 15:00:00,0.0,51.66786261913584,-51.66786261913584,15,5
2024-05-15 16:00:00,0.0,51.66786261913584,-51.66786261913584,16,5
2024-05-15 17:00:00,0.0,51.66786261913584,-51.66786261913584,17,5
2024-05-15 18:00:00,0.01,51.66786261913584,-51.65786261913584,18,5
2024-05-15 19:00:00,3.25,51.66786261913584,-48.41786261913584,19,5
2024-05-15 20:00:00,22.78,51.66786261913584,-28.887862619135838,20,5
2024-05-15 21:00:00,43.12,51.66786261913584,-8.547862619135842,21,5
2024-05-15 22:00:00,51.29,51.66786261913584,-0.37786261913583985,22,5
2024-05-15 23:00:00,35.01,51.66786261913584,-16.65786261913584,23,5
2024-05-16 00:00:00,53.52,51.66786261913584,1.8521373808641641,0,5
2024-05-16 01:00:00,39.52,51.66786261913584,-12.147862619135836,1,5
2024-05-16 02:00:00,35.5,51.66786261913584,-16.16786261913584,2,5
2024-05-16 03:00:00,35.01,51.66786261913584,-16.65786261913584,3,5
2024-05-16 04:00:00,35.0,51.66786261913584,-16.66786261913584,4,5
2024-05-16 05:00:00,34.47,51.66786261913584,-17.19786261913584,5,5
2024-05-16 06:00:00,35.0,51.66786261913584,-16.66786261913584,6,5
2024-05-16 07:00:00,35.01,51.66786261913584,-16.65786261913584,7,5
2024-05-16 08:00:00,35.01,51.66786261913584,-16.65786261913584,8,5
2024-05-16 09:00:00,30.0,51.66786261913584,-21.66786261913584,9,5
2024-05-16 10:00:00,12.0,51.66786261913584,-39.66786261913584,10,5
2024-05-16 11:00:00,3.25,51.66786261913584,-48.41786261913584,11,5
2024-05-16 12:00:00,3.25,51.66786261913584,-48.41786261913584,12,5
2024-05-16 13:00:00,2.95,51.66786261913584,-48.717862619135836,13,5
2024-05-16 14:00:00,2.15,51.66786261913584,-49.51786261913584,14,5
2024-05-16 15:00:00,0.49,51.66786261913584,-51.17786261913584,15,5
2024-05-16 16:00:00,0.57,51.66786261913584,-51.09786261913584,16,5
2024-05-16 17:00:00,2.6,51.66786261913584,-49.06786261913584,17,5
2024-05-16 18:00:00,3.25,51.66786261913584,-48.41786261913584,18,5
2024-05-16 19:00:00,30.0,51.66786261913584,-21.66786261913584,19,5
2024-05-16 20:00:00,39.52,51.66786261913584,-12.147862619135836,20,5
2024-05-16 21:00:00,120.0,51.66786261913584,68.33213738086417,21,5
2024-05-16 22:00:00,106.39,51.66786261913584,54.72213738086416,22,5
2024-05-16 23:00:00,81.94,51.66786261913584,30.27213738086416,23,5
2024-05-17 00:00:00,90.34,51.66786261913584,38.672137380864164,0,5
2024-05-17 01:00:00,80.32,51.66786261913584,28.652137380864154,1,5
2024-05-17 02:00:00,67.51,51.66786261913584,15.842137380864166,2,5
2024-05-17 03:00:00,60.0,51.66786261913584,8.332137380864161,3,5
2024-05-17 04:00:00,50.6,51.66786261913584,-1.0678626191358376,4,5
2024-05-17 05:00:00,59.5,51.66786261913584,7.832137380864161,5,5
2024-05-17 06:00:00,67.78,51.66786261913584,16.112137380864162,6,5
2024-05-17 07:00:00,102.66,51.66786261913584,50.99213738086416,7,5
2024-05-17 08:00:00,89.46,51.66786261913584,37.792137380864155,8,5
2024-05-17 09:00:00,49.84,51.66786261913584,-1.8278626191358356,9,5
2024-05-17 10:00:00,35.01,51.66786261913584,-16.65786261913584,10,5
2024-05-17 11:00:00,33.49,51.66786261913584,-18.177862619135837,11,5
2024-05-17 12:00:00,35.01,51.66786261913584,-16.65786261913584,12,5
2024-05-17 13:00:00,20.39,51.66786261913584,-31.27786261913584,13,5
2024-05-17 14:00:00,16.84,51.66786261913584,-34.82786261913584,14,5
2024-05-17 15:00:00,11.9,51.66786261913584,-39.76786261913584,15,5
2024-05-17 16:00:00,10.61,51.66786261913584,-41.05786261913584,16,5
2024-05-17 17:00:00,17.74,51.66786261913584,-33.92786261913584,17,5
2024-05-17 18:00:00,29.57,51.66786261913584,-22.09786261913584,18,5
2024-05-17 19:00:00,37.93,51.66786261913584,-13.73786261913584,19,5
2024-05-17 20:00:00,64.8,51.66786261913584,13.132137380864158,20,5
2024-05-17 21:00:00,84.24,51.66786261913584,32.572137380864156,21,5
2024-05-17 22:00:00,89.4,51.66786261913584,37.73213738086417,22,5
2024-05-17 23:00:00,77.18,51.66786261913584,25.512137380864168,23,5
2024-05-18 00:00:00,71.37,51.66786261913584,19.702137380864166,0,5
2024-05-18 01:00:00,63.23,51.66786261913584,11.562137380864158,1,5
2024-05-18 02:00:00,45.13,51.66786261913584,-6.537862619135836,2,5
2024-05-18 03:00:00,44.98,51.66786261913584,-6.687862619135842,3,5
2024-05-18 04:00:00,47.78,51.66786261913584,-3.887862619135838,4,5
2024-05-18 05:00:00,48.16,51.66786261913584,-3.5078626191358424,5,5
2024-05-18 06:00:00,50.85,51.66786261913584,-0.8178626191358376,6,5
2024-05-18 07:00:00,43.48,51.66786261913584,-8.187862619135842,7,5
2024-05-18 08:00:00,31.96,51.66786261913584,-19.707862619135838,8,5
2024-05-18 09:00:00,20.6,51.66786261913584,-31.067862619135838,9,5
2024-05-18 10:00:00,9.43,51.66786261913584,-42.23786261913584,10,5
2024-05-18 11:00:00,0.71,51.66786261913584,-50.95786261913584,11,5
2024-05-18 12:00:00,0.0,51.66786261913584,-51.66786261913584,12,5
2024-05-18 13:00:00,0.0,51.66786261913584,-51.66786261913584,13,5
2024-05-18 14:00:00,0.0,51.66786261913584,-51.66786261913584,14,5
2024-05-18 15:00:00,0.0,51.66786261913584,-51.66786261913584,15,5
2024-05-18 16:00:00,0.0,51.66786261913584,-51.66786261913584,16,5
2024-05-18 17:00:00,4.9,51.66786261913584,-46.76786261913584,17,5
2024-05-18 18:00:00,15.25,51.66786261913584,-36.41786261913584,18,5
2024-05-18 19:00:00,35.0,51.66786261913584,-16.66786261913584,19,5
2024-05-18 20:00:00,45.42,51.66786261913584,-6.247862619135837,20,5
2024-05-18 21:00:00,72.87,51.66786261913584,21.202137380864166,21,5
2024-05-18 22:00:00,74.46,51.66786261913584,22.792137380864155,22,5
2024-05-18 23:00:00,66.17,51.66786261913584,14.502137380864163,23,5
2024-05-19 00:00:00,58.15,51.66786261913584,6.48213738086416,0,5
2024-05-19 01:00:00,53.85,51.66786261913584,2.1821373808641624,1,5
2024-05-19 02:00:00,50.91,51.66786261913584,-0.7578626191358424,2,5
2024-05-19 03:00:00,49.98,51.66786261913584,-1.6878626191358421,3,5
2024-05-19 04:00:00,48.47,51.66786261913584,-3.19786261913584,4,5
2024-05-19 05:00:00,39.9,51.66786261913584,-11.76786261913584,5,5
2024-05-19 06:00:00,41.2,51.66786261913584,-10.467862619135836,6,5
2024-05-19 07:00:00,49.19,51.66786261913584,-2.4778626191358413,7,5
2024-05-19 08:00:00,35.0,51.66786261913584,-16.66786261913584,8,5
2024-05-19 09:00:00,6.69,51.66786261913584,-44.97786261913584,9,5
2024-05-19 10:00:00,0.0,51.66786261913584,-51.66786261913584,10,5
2024-05-19 11:00:00,0.0,51.66786261913584,-51.66786261913584,11,5
2024-05-19 12:00:00,0.0,51.66786261913584,-51.66786261913584,12,5
2024-05-19 13:00:00,0.0,51.66786261913584,-51.66786261913584,13,5
2024-05-19 14:00:00,0.0,51.66786261913584,-51.66786261913584,14,5
2024-05-19 15:00:00,-0.62,51.66786261913584,-52.287862619135836,15,5
2024-05-19 16:00:00,-0.62,51.66786261913584,-52.287862619135836,16,5
2024-05-19 17:00:00,0.0,51.66786261913584,-51.66786261913584,17,5
2024-05-19 18:00:00,5.0,51.66786261913584,-46.66786261913584,18,5
2024-05-19 19:00:00,20.8,51.66786261913584,-30.86786261913584,19,5
2024-05-19 20:00:00,35.0,51.66786261913584,-16.66786261913584,20,5
2024-05-19 21:00:00,51.86,51.66786261913584,0.19213738086416043,21,5
2024-05-19 22:00:00,45.54,51.66786261913584,-6.12786261913584,22,5
2024-05-19 23:00:00,48.15,51.66786261913584,-3.5178626191358404,23,5
2024-05-20 00:00:00,49.12,51.66786261913584,-2.5478626191358416,0,5
2024-05-20 01:00:00,44.0,51.66786261913584,-7.667862619135839,1,5
2024-05-20 02:00:00,46.62,51.66786261913584,-5.0478626191358416,2,5
2024-05-20 03:00:00,48.16,51.66786261913584,-3.5078626191358424,3,5
2024-05-20 04:00:00,48.4,51.66786261913584,-3.2678626191358404,4,5
2024-05-20 05:00:00,50.5,51.66786261913584,-1.167862619135839,5,5
2024-05-20 06:00:00,55.99,51.66786261913584,4.322137380864163,6,5
2024-05-20 07:00:00,58.82,51.66786261913584,7.152137380864161,7,5
2024-05-20 08:00:00,49.98,51.66786261913584,-1.6878626191358421,8,5
2024-05-20 09:00:00,33.8,51.66786261913584,-17.867862619135842,9,5
2024-05-20 10:00:00,13.5,51.66786261913584,-38.16786261913584,10,5
2024-05-20 11:00:00,8.33,51.66786261913584,-43.33786261913584,11,5
2024-05-20 12:00:00,3.26,51.66786261913584,-48.40786261913584,12,5
2024-05-20 13:00:00,1.09,51.66786261913584,-50.577862619135836,13,5
2024-05-20 14:00:00,0.78,51.66786261913584,-50.88786261913584,14,5
2024-05-20 15:00:00,0.54,51.66786261913584,-51.12786261913584,15,5
2024-05-20 16:00:00,3.25,51.66786261913584,-48.41786261913584,16,5
2024-05-20 17:00:00,5.0,51.66786261913584,-46.66786261913584,17,5
2024-05-20 18:00:00,15.17,51.66786261913584,-36.49786261913584,18,5
2024-05-20 19:00:00,33.8,51.66786261913584,-17.867862619135842,19,5
2024-05-20 20:00:00,49.12,51.66786261913584,-2.5478626191358416,20,5
2024-05-20 21:00:00,59.31,51.66786261913584,7.642137380864163,21,5
2024-05-20 22:00:00,57.63,51.66786261913584,5.962137380864164,22,5
2024-05-20 23:00:00,49.0,51.66786261913584,-2.667862619135839,23,5
2024-05-21 00:00:00,72.43,51.66786261913584,20.762137380864168,0,5
2024-05-21 01:00:00,70.5,51.66786261913584,18.83213738086416,1,5
2024-05-21 02:00:00,69.13,51.66786261913584,17.462137380864156,2,5
2024-05-21 03:00:00,69.0,51.66786261913584,17.33213738086416,3,5
2024-05-21 04:00:00,68.01,51.66786261913584,16.342137380864166,4,5
2024-05-21 05:00:00,68.84,51.66786261913584,17.172137380864164,5,5
2024-05-21 06:00:00,67.0,51.66786261913584,15.332137380864161,6,5
2024-05-21 07:00:00,67.92,51.66786261913584,16.252137380864163,7,5
2024-05-21 08:00:00,72.87,51.66786261913584,21.202137380864166,8,5
2024-05-21 09:00:00,41.7,51.66786261913584,-9.967862619135836,9,5
2024-05-21 10:00:00,30.0,51.66786261913584,-21.66786261913584,10,5
2024-05-21 11:00:00,18.82,51.66786261913584,-32.84786261913584,11,5
2024-05-21 12:00:00,20.43,51.66786261913584,-31.23786261913584,12,5
2024-05-21 13:00:00,14.7,51.66786261913584,-36.96786261913584,13,5
2024-05-21 14:00:00,9.66,51.66786261913584,-42.007862619135835,14,5
2024-05-21 15:00:00,8.21,51.66786261913584,-43.45786261913584,15,5
2024-05-21 16:00:00,7.44,51.66786261913584,-44.22786261913584,16,5
2024-05-21 17:00:00,14.7,51.66786261913584,-36.96786261913584,17,5
2024-05-21 18:00:00,19.44,51.66786261913584,-32.227862619135834,18,5
2024-05-21 19:00:00,34.79,51.66786261913584,-16.87786261913584,19,5
2024-05-21 20:00:00,62.73,51.66786261913584,11.062137380864158,20,5
2024-05-21 21:00:00,68.01,51.66786261913584,16.342137380864166,21,5
2024-05-21 22:00:00,66.77,51.66786261913584,15.102137380864157,22,5
2024-05-21 23:00:00,63.08,51.66786261913584,11.41213738086416,23,5
2024-05-22 00:00:00,72.0,51.66786261913584,20.33213738086416,0,5
2024-05-22 01:00:00,68.9,51.66786261913584,17.232137380864167,1,5
2024-05-22 02:00:00,65.9,51.66786261913584,14.232137380864167,2,5
2024-05-22 03:00:00,66.32,51.66786261913584,14.652137380864154,3,5
2024-05-22 04:00:00,64.76,51.66786261913584,13.092137380864166,4,5
2024-05-22 05:00:00,67.88,51.66786261913584,16.212137380864156,5,5
2024-05-22 06:00:00,62.9,51.66786261913584,11.23213738086416,6,5
2024-05-22 07:00:00,66.43,51.66786261913584,14.762137380864168,7,5
2024-05-22 08:00:00,58.58,51.66786261913584,6.912137380864159,8,5
2024-05-22 09:00:00,38.65,51.66786261913584,-13.01786261913584,9,5
2024-05-22 10:00:00,24.17,51.66786261913584,-27.497862619135837,10,5
2024-05-22 11:00:00,22.0,51.66786261913584,-29.66786261913584,11,5
2024-05-22 12:00:00,21.76,51.66786261913584,-29.907862619135837,12,5
2024-05-22 13:00:00,11.72,51.66786261913584,-39.94786261913584,13,5
2024-05-22 14:00:00,10.23,51.66786261913584,-41.43786261913584,14,5
2024-05-22 15:00:00,3.25,51.66786261913584,-48.41786261913584,15,5
2024-05-22 16:00:00,3.25,51.66786261913584,-48.41786261913584,16,5
2024-05-22 17:00:00,8.47,51.66786261913584,-43.19786261913584,17,5
2024-05-22 18:00:00,25.1,51.66786261913584,-26.567862619135838,18,5
2024-05-22 19:00:00,41.2,51.66786261913584,-10.467862619135836,19,5
2024-05-22 20:00:00,57.24,51.66786261913584,5.572137380864163,20,5
2024-05-22 21:00:00,74.63,51.66786261913584,22.962137380864156,21,5
2024-05-22 22:00:00,67.88,51.66786261913584,16.212137380864156,22,5
2024-05-22 23:00:00,71.0,51.66786261913584,19.33213738086416,23,5
2024-05-23 00:00:00,72.0,51.66786261913584,20.33213738086416,0,5
2024-05-23 01:00:00,71.12,51.66786261913584,19.452137380864166,1,5
2024-05-23 02:00:00,54.0,51.66786261913584,2.332137380864161,2,5
2024-05-23 03:00:00,71.3,51.66786261913584,19.632137380864158,3,5
2024-05-23 04:00:00,71.12,51.66786261913584,19.452137380864166,4,5
2024-05-23 05:00:00,71.74,51.66786261913584,20.072137380864156,5,5
2024-05-23 06:00:00,72.0,51.66786261913584,20.33213738086416,6,5
2024-05-23 07:00:00,80.58,51.66786261913584,28.91213738086416,7,5
2024-05-23 08:00:00,82.67,51.66786261913584,31.002137380864163,8,5
2024-05-23 09:00:00,71.74,51.66786261913584,20.072137380864156,9,5
2024-05-23 10:00:00,49.21,51.66786261913584,-2.457862619135838,10,5
2024-05-23 11:00:00,42.63,51.66786261913584,-9.037862619135836,11,5
2024-05-23 12:00:00,35.01,51.66786261913584,-16.65786261913584,12,5
2024-05-23 13:00:00,35.0,51.66786261913584,-16.66786261913584,13,5
2024-05-23 14:00:00,30.39,51.66786261913584,-21.27786261913584,14,5
2024-05-23 15:00:00,26.1,51.66786261913584,-25.567862619135838,15,5
2024-05-23 16:00:00,26.31,51.66786261913584,-25.35786261913584,16,5
2024-05-23 17:00:00,35.01,51.66786261913584,-16.65786261913584,17,5
2024-05-23 18:00:00,43.56,51.66786261913584,-8.107862619135837,18,5
2024-05-23 19:00:00,71.12,51.66786261913584,19.452137380864166,19,5
2024-05-23 20:00:00,68.43,51.66786261913584,16.762137380864168,20,5
2024-05-23 21:00:00,91.73,51.66786261913584,40.062137380864165,21,5
2024-05-23 22:00:00,92.3,51.66786261913584,40.63213738086416,22,5
2024-05-23 23:00:00,85.65,51.66786261913584,33.98213738086417,23,5
2024-05-24 00:00:00,85.0,51.66786261913584,33.33213738086416,0,5
2024-05-24 01:00:00,78.34,51.66786261913584,26.672137380864164,1,5
2024-05-24 02:00:00,77.51,51.66786261913584,25.842137380864166,2,5
2024-05-24 03:00:00,72.0,51.66786261913584,20.33213738086416,3,5
2024-05-24 04:00:00,71.0,51.66786261913584,19.33213738086416,4,5
2024-05-24 05:00:00,81.09,51.66786261913584,29.422137380864164,5,5
2024-05-24 06:00:00,83.34,51.66786261913584,31.672137380864164,6,5
2024-05-24 07:00:00,89.72,51.66786261913584,38.05213738086416,7,5
2024-05-24 08:00:00,86.84,51.66786261913584,35.172137380864164,8,5
2024-05-24 09:00:00,74.9,51.66786261913584,23.232137380864167,9,5
2024-05-24 10:00:00,61.22,51.66786261913584,9.55213738086416,10,5
2024-05-24 11:00:00,48.1,51.66786261913584,-3.5678626191358376,11,5
2024-05-24 12:00:00,48.3,51.66786261913584,-3.367862619135842,12,5
2024-05-24 13:00:00,40.8,51.66786261913584,-10.867862619135842,13,5
2024-05-24 14:00:00,36.76,51.66786261913584,-14.907862619135841,14,5
2024-05-24 15:00:00,35.01,51.66786261913584,-16.65786261913584,15,5
2024-05-24 16:00:00,38.5,51.66786261913584,-13.167862619135839,16,5
2024-05-24 17:00:00,41.1,51.66786261913584,-10.567862619135838,17,5
2024-05-24 18:00:00,68.0,51.66786261913584,16.33213738086416,18,5
2024-05-24 19:00:00,81.56,51.66786261913584,29.892137380864163,19,5
2024-05-24 20:00:00,92.76,51.66786261913584,41.092137380864166,20,5
2024-05-24 21:00:00,117.19,51.66786261913584,65.52213738086417,21,5
2024-05-24 22:00:00,111.1,51.66786261913584,59.432137380864155,22,5
2024-05-24 23:00:00,99.84,51.66786261913584,48.172137380864164,23,5
2024-05-25 00:00:00,94.88,51.66786261913584,43.21213738086416,0,5
2024-05-25 01:00:00,85.74,51.66786261913584,34.072137380864156,1,5
2024-05-25 02:00:00,74.88,51.66786261913584,23.212137380864156,2,5
2024-05-25 03:00:00,72.0,51.66786261913584,20.33213738086416,3,5
2024-05-25 04:00:00,70.99,51.66786261913584,19.322137380864156,4,5
2024-05-25 05:00:00,70.0,51.66786261913584,18.33213738086416,5,5
2024-05-25 06:00:00,71.3,51.66786261913584,19.632137380864158,6,5
2024-05-25 07:00:00,71.74,51.66786261913584,20.072137380864156,7,5
2024-05-25 08:00:00,30.52,51.66786261913584,-21.14786261913584,8,5
2024-05-25 09:00:00,24.44,51.66786261913584,-27.227862619135838,9,5
2024-05-25 10:00:00,16.5,51.66786261913584,-35.16786261913584,10,5
2024-05-25 11:00:00,9.32,51.66786261913584,-42.34786261913584,11,5
2024-05-25 12:00:00,3.24,51.66786261913584,-48.42786261913584,12,5
2024-05-25 13:00:00,0.04,51.66786261913584,-51.62786261913584,13,5
2024-05-25 14:00:00,0.0,51.66786261913584,-51.66786261913584,14,5
2024-05-25 15:00:00,0.0,51.66786261913584,-51.66786261913584,15,5
2024-05-25 16:00:00,0.0,51.66786261913584,-51.66786261913584,16,5
2024-05-25 17:00:00,0.0,51.66786261913584,-51.66786261913584,17,5
2024-05-25 18:00:00,2.0,51.66786261913584,-49.66786261913584,18,5
2024-05-25 19:00:00,28.5,51.66786261913584,-23.16786261913584,19,5
2024-05-25 20:00:00,70.99,51.66786261913584,19.322137380864156,20,5
2024-05-25 21:00:00,80.54,51.66786261913584,28.872137380864167,21,5
2024-05-25 22:00:00,86.85,51.66786261913584,35.182137380864155,22,5
2024-05-25 23:00:00,84.68,51.66786261913584,33.01213738086417,23,5
2024-05-26 00:00:00,56.64,51.66786261913584,4.972137380864162,0,5
2024-05-26 01:00:00,53.71,51.66786261913584,2.042137380864162,1,5
2024-05-26 02:00:00,46.65,51.66786261913584,-5.01786261913584,2,5
2024-05-26 03:00:00,46.65,51.66786261913584,-5.01786261913584,3,5
2024-05-26 04:00:00,50.0,51.66786261913584,-1.667862619135839,4,5
2024-05-26 05:00:00,55.92,51.66786261913584,4.252137380864163,5,5
2024-05-26 06:00:00,56.16,51.66786261913584,4.492137380864158,6,5
2024-05-26 07:00:00,35.8,51.66786261913584,-15.867862619135842,7,5
2024-05-26 08:00:00,20.33,51.66786261913584,-31.33786261913584,8,5
2024-05-26 09:00:00,0.02,51.66786261913584,-51.647862619135836,9,5
2024-05-26 10:00:00,0.0,51.66786261913584,-51.66786261913584,10,5
2024-05-26 11:00:00,-0.01,51.66786261913584,-51.67786261913584,11,5
2024-05-26 12:00:00,-0.01,51.66786261913584,-51.67786261913584,12,5
2024-05-26 13:00:00,-0.01,51.66786261913584,-51.67786261913584,13,5
2024-05-26 14:00:00,-0.03,51.66786261913584,-51.69786261913584,14,5
2024-05-26 15:00:00,-0.6,51.66786261913584,-52.26786261913584,15,5
2024-05-26 16:00:00,-0.6,51.66786261913584,-52.26786261913584,16,5
2024-05-26 17:00:00,0.0,51.66786261913584,-51.66786261913584,17,5
2024-05-26 18:00:00,0.44,51.66786261913584,-51.22786261913584,18,5
2024-05-26 19:00:00,16.72,51.66786261913584,-34.94786261913584,19,5
2024-05-26 20:00:00,35.23,51.66786261913584,-16.437862619135842,20,5
2024-05-26 21:00:00,46.0,51.66786261913584,-5.667862619135839,21,5
2024-05-26 22:00:00,55.52,51.66786261913584,3.852137380864164,22,5
2024-05-26 23:00:00,35.6,51.66786261913584,-16.067862619135838,23,5
2024-05-27 00:00:00,32.3,51.66786261913584,-19.367862619135842,0,5
2024-05-27 01:00:00,33.0,51.66786261913584,-18.66786261913584,1,5
2024-05-27 02:00:00,31.0,51.66786261913584,-20.66786261913584,2,5
2024-05-27 03:00:00,30.9,51.66786261913584,-20.76786261913584,3,5
2024-05-27 04:00:00,28.0,51.66786261913584,-23.66786261913584,4,5
2024-05-27 05:00:00,30.8,51.66786261913584,-20.86786261913584,5,5
2024-05-27 06:00:00,35.01,51.66786261913584,-16.65786261913584,6,5
2024-05-27 07:00:00,43.01,51.66786261913584,-8.657862619135841,7,5
2024-05-27 08:00:00,35.0,51.66786261913584,-16.66786261913584,8,5
2024-05-27 09:00:00,33.5,51.66786261913584,-18.16786261913584,9,5
2024-05-27 10:00:00,31.53,51.66786261913584,-20.137862619135838,10,5
2024-05-27 11:00:00,26.12,51.66786261913584,-25.547862619135838,11,5
2024-05-27 12:00:00,30.6,51.66786261913584,-21.067862619135838,12,5
2024-05-27 13:00:00,25.0,51.66786261913584,-26.66786261913584,13,5
2024-05-27 14:00:00,22.23,51.66786261913584,-29.43786261913584,14,5
2024-05-27 15:00:00,14.33,51.66786261913584,-37.33786261913584,15,5
2024-05-27 16:00:00,6.0,51.66786261913584,-45.66786261913584,16,5
2024-05-27 17:00:00,17.72,51.66786261913584,-33.94786261913584,17,5
2024-05-27 18:00:00,25.57,51.66786261913584,-26.09786261913584,18,5
2024-05-27 19:00:00,31.66,51.66786261913584,-20.00786261913584,19,5
2024-05-27 20:00:00,35.01,51.66786261913584,-16.65786261913584,20,5
2024-05-27 21:00:00,54.0,51.66786261913584,2.332137380864161,21,5
2024-05-27 22:00:00,52.82,51.66786261913584,1.1521373808641613,22,5
2024-05-27 23:00:00,35.05,51.66786261913584,-16.617862619135842,23,5
2024-05-28 00:00:00,35.0,51.66786261913584,-16.66786261913584,0,5
2024-05-28 01:00:00,35.0,51.66786261913584,-16.66786261913584,1,5
2024-05-28 02:00:00,35.01,51.66786261913584,-16.65786261913584,2,5
2024-05-28 03:00:00,35.01,51.66786261913584,-16.65786261913584,3,5
2024-05-28 04:00:00,35.01,51.66786261913584,-16.65786261913584,4,5
2024-05-28 05:00:00,35.01,51.66786261913584,-16.65786261913584,5,5
2024-05-28 06:00:00,41.22,51.66786261913584,-10.44786261913584,6,5
2024-05-28 07:00:00,51.79,51.66786261913584,0.12213738086416015,7,5
2024-05-28 08:00:00,40.74,51.66786261913584,-10.927862619135837,8,5
2024-05-28 09:00:00,35.0,51.66786261913584,-16.66786261913584,9,5
2024-05-28 10:00:00,28.2,51.66786261913584,-23.46786261913584,10,5
2024-05-28 11:00:00,0.07,51.66786261913584,-51.59786261913584,11,5
2024-05-28 12:00:00,0.08,51.66786261913584,-51.58786261913584,12,5
2024-05-28 13:00:00,0.0,51.66786261913584,-51.66786261913584,13,5
2024-05-28 14:00:00,0.0,51.66786261913584,-51.66786261913584,14,5
2024-05-28 15:00:00,0.0,51.66786261913584,-51.66786261913584,15,5
2024-05-28 16:00:00,0.01,51.66786261913584,-51.65786261913584,16,5
2024-05-28 17:00:00,5.0,51.66786261913584,-46.66786261913584,17,5
2024-05-28 18:00:00,8.0,51.66786261913584,-43.66786261913584,18,5
2024-05-28 19:00:00,29.6,51.66786261913584,-22.067862619135838,19,5
2024-05-28 20:00:00,41.1,51.66786261913584,-10.567862619135838,20,5
2024-05-28 21:00:00,70.96,51.66786261913584,19.292137380864155,21,5
2024-05-28 22:00:00,55.94,51.66786261913584,4.272137380864159,22,5
2024-05-28 23:00:00,41.46,51.66786261913584,-10.207862619135838,23,5
2024-05-29 00:00:00,54.77,51.66786261913584,3.102137380864164,0,5
2024-05-29 01:00:00,40.94,51.66786261913584,-10.727862619135841,1,5
2024-05-29 02:00:00,40.58,51.66786261913584,-11.08786261913584,2,5
2024-05-29 03:00:00,40.34,51.66786261913584,-11.327862619135836,3,5
2024-05-29 04:00:00,40.7,51.66786261913584,-10.967862619135836,4,5
2024-05-29 05:00:00,40.94,51.66786261913584,-10.727862619135841,5,5
2024-05-29 06:00:00,59.36,51.66786261913584,7.69213738086416,6,5
2024-05-29 07:00:00,65.0,51.66786261913584,13.332137380864161,7,5
2024-05-29 08:00:00,52.19,51.66786261913584,0.5221373808641587,8,5
2024-05-29 09:00:00,38.5,51.66786261913584,-13.167862619135839,9,5
2024-05-29 10:00:00,29.0,51.66786261913584,-22.66786261913584,10,5
2024-05-29 11:00:00,20.5,51.66786261913584,-31.16786261913584,11,5
2024-05-29 12:00:00,24.08,51.66786261913584,-27.58786261913584,12,5
2024-05-29 13:00:00,18.4,51.66786261913584,-33.26786261913584,13,5
2024-05-29 14:00:00,17.47,51.66786261913584,-34.19786261913584,14,5
2024-05-29 15:00:00,11.98,51.66786261913584,-39.68786261913584,15,5
2024-05-29 16:00:00,11.0,51.66786261913584,-40.66786261913584,16,5
2024-05-29 17:00:00,19.76,51.66786261913584,-31.907862619135837,17,5
2024-05-29 18:00:00,29.38,51.66786261913584,-22.28786261913584,18,5
2024-05-29 19:00:00,35.01,51.66786261913584,-16.65786261913584,19,5
2024-05-29 20:00:00,40.94,51.66786261913584,-10.727862619135841,20,5
2024-05-29 21:00:00,67.94,51.66786261913584,16.27213738086416,21,5
2024-05-29 22:00:00,69.87,51.66786261913584,18.202137380864166,22,5
2024-05-29 23:00:00,63.95,51.66786261913584,12.282137380864164,23,5
2024-05-30 00:00:00,50.94,51.66786261913584,-0.7278626191358413,0,5
2024-05-30 01:00:00,45.32,51.66786261913584,-6.347862619135839,1,5
2024-05-30 02:00:00,43.12,51.66786261913584,-8.547862619135842,2,5
2024-05-30 03:00:00,40.53,51.66786261913584,-11.137862619135838,3,5
2024-05-30 04:00:00,38.64,51.66786261913584,-13.027862619135838,4,5
2024-05-30 05:00:00,42.79,51.66786261913584,-8.87786261913584,5,5
2024-05-30 06:00:00,45.44,51.66786261913584,-6.227862619135841,6,5
2024-05-30 07:00:00,45.44,51.66786261913584,-6.227862619135841,7,5
2024-05-30 08:00:00,38.64,51.66786261913584,-13.027862619135838,8,5
2024-05-30 09:00:00,27.42,51.66786261913584,-24.247862619135837,9,5
2024-05-30 10:00:00,10.27,51.66786261913584,-41.397862619135836,10,5
2024-05-30 11:00:00,3.82,51.66786261913584,-47.84786261913584,11,5
2024-05-30 12:00:00,3.25,51.66786261913584,-48.41786261913584,12,5
2024-05-30 13:00:00,0.44,51.66786261913584,-51.22786261913584,13,5
2024-05-30 14:00:00,0.0,51.66786261913584,-51.66786261913584,14,5
2024-05-30 15:00:00,0.0,51.66786261913584,-51.66786261913584,15,5
2024-05-30 16:00:00,0.0,51.66786261913584,-51.66786261913584,16,5
2024-05-30 17:00:00,0.0,51.66786261913584,-51.66786261913584,17,5
2024-05-30 18:00:00,1.0,51.66786261913584,-50.66786261913584,18,5
2024-05-30 19:00:00,7.0,51.66786261913584,-44.66786261913584,19,5
2024-05-30 20:00:00,37.5,51.66786261913584,-14.167862619135839,20,5
2024-05-30 21:00:00,35.01,51.66786261913584,-16.65786261913584,21,5
2024-05-30 22:00:00,37.92,51.66786261913584,-13.747862619135837,22,5
2024-05-30 23:00:00,30.33,51.66786261913584,-21.33786261913584,23,5
2024-05-31 00:00:00,10.0,51.66786261913584,-41.66786261913584,0,5
2024-05-31 01:00:00,5.5,51.66786261913584,-46.16786261913584,1,5
2024-05-31 02:00:00,4.77,51.66786261913584,-46.897862619135836,2,5
2024-05-31 03:00:00,3.25,51.66786261913584,-48.41786261913584,3,5
2024-05-31 04:00:00,3.25,51.66786261913584,-48.41786261913584,4,5
2024-05-31 05:00:00,4.37,51.66786261913584,-47.29786261913584,5,5
2024-05-31 06:00:00,6.67,51.66786261913584,-44.99786261913584,6,5
2024-05-31 07:00:00,5.0,51.66786261913584,-46.66786261913584,7,5
2024-05-31 08:00:00,2.47,51.66786261913584,-49.19786261913584,8,5
2024-05-31 09:00:00,0.0,51.66786261913584,-51.66786261913584,9,5
2024-05-31 10:00:00,0.0,51.66786261913584,-51.66786261913584,10,5
2024-05-31 11:00:00,0.0,51.66786261913584,-51.66786261913584,11,5
2024-05-31 12:00:00,0.0,51.66786261913584,-51.66786261913584,12,5
2024-05-31 13:00:00,0.0,51.66786261913584,-51.66786261913584,13,5
2024-05-31 14:00:00,-0.01,51.66786261913584,-51.67786261913584,14,5
2024-05-31 15:00:00,-0.01,51.66786261913584,-51.67786261913584,15,5
2024-05-31 16:00:00,-0.01,51.66786261913584,-51.67786261913584,16,5
2024-05-31 17:00:00,-0.01,51.66786261913584,-51.67786261913584,17,5
2024-05-31 18:00:00,0.0,51.66786261913584,-51.66786261913584,18,5
2024-05-31 19:00:00,0.0,51.66786261913584,-51.66786261913584,19,5
2024-05-31 20:00:00,3.25,51.66786261913584,-48.41786261913584,20,5
2024-05-31 21:00:00,7.3,51.66786261913584,-44.36786261913584,21,5
2024-05-31 22:00:00,5.5,51.66786261913584,-46.16786261913584,22,5
2024-05-31 23:00:00,3.25,51.66786261913584,-48.41786261913584,23,5
2024-06-01 00:00:00,4.99,51.66786261913584,-46.67786261913584,0,6
2024-06-01 01:00:00,3.25,51.66786261913584,-48.41786261913584,1,6
2024-06-01 02:00:00,3.25,51.66786261913584,-48.41786261913584,2,6
2024-06-01 03:00:00,1.23,51.66786261913584,-50.43786261913584,3,6
2024-06-01 04:00:00,0.09,51.66786261913584,-51.577862619135836,4,6
2024-06-01 05:00:00,3.25,51.66786261913584,-48.41786261913584,5,6
2024-06-01 06:00:00,3.25,51.66786261913584,-48.41786261913584,6,6
2024-06-01 07:00:00,3.25,51.66786261913584,-48.41786261913584,7,6
2024-06-01 08:00:00,0.0,51.66786261913584,-51.66786261913584,8,6
2024-06-01 09:00:00,0.0,51.66786261913584,-51.66786261913584,9,6
2024-06-01 10:00:00,-0.01,51.66786261913584,-51.67786261913584,10,6
2024-06-01 11:00:00,-0.36,51.66786261913584,-52.02786261913584,11,6
2024-06-01 12:00:00,-0.5,51.66786261913584,-52.16786261913584,12,6
2024-06-01 13:00:00,-0.36,51.66786261913584,-52.02786261913584,13,6
2024-06-01 14:00:00,-0.6,51.66786261913584,-52.26786261913584,14,6
2024-06-01 15:00:00,-0.62,51.66786261913584,-52.287862619135836,15,6
2024-06-01 16:00:00,-0.66,51.66786261913584,-52.327862619135836,16,6
2024-06-01 17:00:00,-0.6,51.66786261913584,-52.26786261913584,17,6
2024-06-01 18:00:00,-0.01,51.66786261913584,-51.67786261913584,18,6
2024-06-01 19:00:00,0.0,51.66786261913584,-51.66786261913584,19,6
2024-06-01 20:00:00,3.25,51.66786261913584,-48.41786261913584,20,6
2024-06-01 21:00:00,7.2,51.66786261913584,-44.467862619135836,21,6
2024-06-01 22:00:00,8.44,51.66786261913584,-43.22786261913584,22,6
2024-06-01 23:00:00,4.5,51.66786261913584,-47.16786261913584,23,6
2024-06-02 00:00:00,7.2,51.66786261913584,-44.467862619135836,0,6
2024-06-02 01:00:00,5.0,51.66786261913584,-46.66786261913584,1,6
2024-06-02 02:00:00,4.35,51.66786261913584,-47.31786261913584,2,6
2024-06-02 03:00:00,3.6,51.66786261913584,-48.06786261913584,3,6
2024-06-02 04:00:00,3.6,51.66786261913584,-48.06786261913584,4,6
2024-06-02 05:00:00,5.0,51.66786261913584,-46.66786261913584,5,6
2024-06-02 06:00:00,4.43,51.66786261913584,-47.23786261913584,6,6
2024-06-02 07:00:00,3.25,51.66786261913584,-48.41786261913584,7,6
2024-06-02 08:00:00,0.0,51.66786261913584,-51.66786261913584,8,6
2024-06-02 09:00:00,-0.03,51.66786261913584,-51.69786261913584,9,6
2024-06-02 10:00:00,-1.05,51.66786261913584,-52.717862619135836,10,6
2024-06-02 11:00:00,-1.86,51.66786261913584,-53.52786261913584,11,6
2024-06-02 12:00:00,-1.86,51.66786261913584,-53.52786261913584,12,6
2024-06-02 13:00:00,-1.86,51.66786261913584,-53.52786261913584,13,6
2024-06-02 14:00:00,-1.86,51.66786261913584,-53.52786261913584,14,6
2024-06-02 15:00:00,-1.86,51.66786261913584,-53.52786261913584,15,6
2024-06-02 16:00:00,-1.86,51.66786261913584,-53.52786261913584,16,6
2024-06-02 17:00:00,-1.0,51.66786261913584,-52.66786261913584,17,6
2024-06-02 18:00:00,-0.01,51.66786261913584,-51.67786261913584,18,6
2024-06-02 19:00:00,0.44,51.66786261913584,-51.22786261913584,19,6
2024-06-02 20:00:00,11.35,51.66786261913584,-40.31786261913584,20,6
2024-06-02 21:00:00,25.01,51.66786261913584,-26.657862619135837,21,6
2024-06-02 22:00:00,28.87,51.66786261913584,-22.797862619135838,22,6
2024-06-02 23:00:00,13.42,51.66786261913584,-38.24786261913584,23,6
2024-06-03 00:00:00,9.16,51.66786261913584,-42.507862619135835,0,6
2024-06-03 01:00:00,14.1,51.66786261913584,-37.56786261913584,1,6
2024-06-03 02:00:00,14.1,51.66786261913584,-37.56786261913584,2,6
2024-06-03 03:00:00,12.5,51.66786261913584,-39.16786261913584,3,6
2024-06-03 04:00:00,14.32,51.66786261913584,-37.34786261913584,4,6
2024-06-03 05:00:00,10.15,51.66786261913584,-41.51786261913584,5,6
2024-06-03 06:00:00,35.01,51.66786261913584,-16.65786261913584,6,6
2024-06-03 07:00:00,37.94,51.66786261913584,-13.727862619135841,7,6
2024-06-03 08:00:00,41.93,51.66786261913584,-9.73786261913584,8,6
2024-06-03 09:00:00,35.0,51.66786261913584,-16.66786261913584,9,6
2024-06-03 10:00:00,16.9,51.66786261913584,-34.76786261913584,10,6
2024-06-03 11:00:00,5.44,51.66786261913584,-46.22786261913584,11,6
2024-06-03 12:00:00,4.46,51.66786261913584,-47.20786261913584,12,6
2024-06-03 13:00:00,8.3,51.66786261913584,-43.367862619135835,13,6
2024-06-03 14:00:00,3.25,51.66786261913584,-48.41786261913584,14,6
2024-06-03 15:00:00,1.31,51.66786261913584,-50.35786261913584,15,6
2024-06-03 16:00:00,3.25,51.66786261913584,-48.41786261913584,16,6
2024-06-03 17:00:00,11.86,51.66786261913584,-39.80786261913584,17,6
2024-06-03 18:00:00,35.0,51.66786261913584,-16.66786261913584,18,6
2024-06-03 19:00:00,49.22,51.66786261913584,-2.44786261913584,19,6
2024-06-03 20:00:00,75.37,51.66786261913584,23.702137380864166,20,6
2024-06-03 21:00:00,102.15,51.66786261913584,50.48213738086417,21,6
2024-06-03 22:00:00,81.31,51.66786261913584,29.642137380864163,22,6
2024-06-03 23:00:00,63.3,51.66786261913584,11.632137380864158,23,6
2024-06-04 00:00:00,99.2,51.66786261913584,47.532137380864164,0,6
2024-06-04 01:00:00,92.72,51.66786261913584,41.05213738086416,1,6
2024-06-04 02:00:00,94.88,51.66786261913584,43.21213738086416,2,6
2024-06-04 03:00:00,84.82,51.66786261913584,33.152137380864154,3,6
2024-06-04 04:00:00,94.88,51.66786261913584,43.21213738086416,4,6
2024-06-04 05:00:00,95.4,51.66786261913584,43.73213738086417,5,6
2024-06-04 06:00:00,150.0,51.66786261913584,98.33213738086417,6,6
2024-06-04 07:00:00,175.55,51.66786261913584,123.88213738086418,7,6
2024-06-04 08:00:00,113.22,51.66786261913584,61.55213738086416,8,6
2024-06-04 09:00:00,81.82,51.66786261913584,30.152137380864154,9,6
2024-06-04 10:00:00,70.0,51.66786261913584,18.33213738086416,10,6
2024-06-04 11:00:00,37.3,51.66786261913584,-14.367862619135842,11,6
2024-06-04 12:00:00,35.01,51.66786261913584,-16.65786261913584,12,6
2024-06-04 13:00:00,35.0,51.66786261913584,-16.66786261913584,13,6
2024-06-04 14:00:00,35.0,51.66786261913584,-16.66786261913584,14,6
2024-06-04 15:00:00,27.5,51.66786261913584,-24.16786261913584,15,6
2024-06-04 16:00:00,30.0,51.66786261913584,-21.66786261913584,16,6
2024-06-04 17:00:00,35.01,51.66786261913584,-16.65786261913584,17,6
2024-06-04 18:00:00,59.48,51.66786261913584,7.812137380864158,18,6
2024-06-04 19:00:00,67.18,51.66786261913584,15.512137380864168,19,6
2024-06-04 20:00:00,116.24,51.66786261913584,64.57213738086415,20,6
2024-06-04 21:00:00,171.15,51.66786261913584,119.48213738086417,21,6
2024-06-04 22:00:00,157.0,51.66786261913584,105.33213738086417,22,6
2024-06-04 23:00:00,145.0,51.66786261913584,93.33213738086417,23,6
2024-06-05 00:00:00,117.01,51.66786261913584,65.34213738086416,0,6
2024-06-05 01:00:00,112.42,51.66786261913584,60.75213738086416,1,6
2024-06-05 02:00:00,110.0,51.66786261913584,58.33213738086416,2,6
2024-06-05 03:00:00,110.0,51.66786261913584,58.33213738086416,3,6
2024-06-05 04:00:00,104.68,51.66786261913584,53.01213738086417,4,6
2024-06-05 05:00:00,107.19,51.66786261913584,55.52213738086416,5,6
2024-06-05 06:00:00,110.0,51.66786261913584,58.33213738086416,6,6
2024-06-05 07:00:00,123.08,51.66786261913584,71.41213738086415,7,6
2024-06-05 08:00:00,120.22,51.66786261913584,68.55213738086417,8,6
2024-06-05 09:00:00,110.91,51.66786261913584,59.24213738086416,9,6
2024-06-05 10:00:00,81.56,51.66786261913584,29.892137380864163,10,6
2024-06-05 11:00:00,55.0,51.66786261913584,3.332137380864161,11,6
2024-06-05 12:00:00,50.21,51.66786261913584,-1.4578626191358381,12,6
2024-06-05 13:00:00,47.25,51.66786261913584,-4.417862619135839,13,6
2024-06-05 14:00:00,35.01,51.66786261913584,-16.65786261913584,14,6
2024-06-05 15:00:00,35.01,51.66786261913584,-16.65786261913584,15,6
2024-06-05 16:00:00,35.01,51.66786261913584,-16.65786261913584,16,6
2024-06-05 17:00:00,54.88,51.66786261913584,3.2121373808641636,17,6
2024-06-05 18:00:00,79.0,51.66786261913584,27.33213738086416,18,6
2024-06-05 19:00:00,108.41,51.66786261913584,56.74213738086416,19,6
2024-06-05 20:00:00,124.12,51.66786261913584,72.45213738086417,20,6
2024-06-05 21:00:00,170.01,51.66786261913584,118.34213738086416,21,6
2024-06-05 22:00:00,124.07,51.66786261913584,72.40213738086416,22,6
2024-06-05 23:00:00,113.2,51.66786261913584,61.532137380864164,23,6
2024-06-06 00:00:00,103.72,51.66786261913584,52.05213738086416,0,6
2024-06-06 01:00:00,107.63,51.66786261913584,55.96213738086416,1,6
2024-06-06 02:00:00,110.3,51.66786261913584,58.63213738086416,2,6
2024-06-06 03:00:00,109.53,51.66786261913584,57.86213738086416,3,6
2024-06-06 04:00:00,110.0,51.66786261913584,58.33213738086416,4,6
2024-06-06 05:00:00,110.3,51.66786261913584,58.63213738086416,5,6
2024-06-06 06:00:00,112.88,51.66786261913584,61.21213738086416,6,6
2024-06-06 07:00:00,114.47,51.66786261913584,62.80213738086416,7,6
2024-06-06 08:00:00,101.44,51.66786261913584,49.77213738086416,8,6
2024-06-06 09:00:00,84.16,51.66786261913584,32.49213738086416,9,6
2024-06-06 10:00:00,81.15,51.66786261913584,29.482137380864167,10,6
2024-06-06 11:00:00,69.0,51.66786261913584,17.33213738086416,11,6
2024-06-06 12:00:00,62.0,51.66786261913584,10.332137380864161,12,6
2024-06-06 13:00:00,56.3,51.66786261913584,4.632137380864158,13,6
2024-06-06 14:00:00,56.2,51.66786261913584,4.532137380864164,14,6
2024-06-06 15:00:00,55.9,51.66786261913584,4.23213738086416,15,6
2024-06-06 16:00:00,62.0,51.66786261913584,10.332137380864161,16,6
2024-06-06 17:00:00,80.0,51.66786261913584,28.33213738086416,17,6
2024-06-06 18:00:00,90.0,51.66786261913584,38.33213738086416,18,6
2024-06-06 19:00:00,100.3,51.66786261913584,48.63213738086416,19,6
2024-06-06 20:00:00,115.23,51.66786261913584,63.562137380864165,20,6
2024-06-06 21:00:00,122.37,51.66786261913584,70.70213738086417,21,6
2024-06-06 22:00:00,116.87,51.66786261913584,65.20213738086417,22,6
2024-06-06 23:00:00,110.41,51.66786261913584,58.74213738086416,23,6
2024-06-07 00:00:00,98.98,51.66786261913584,47.312137380864165,0,6
2024-06-07 01:00:00,98.0,51.66786261913584,46.33213738086416,1,6
2024-06-07 02:00:00,95.0,51.66786261913584,43.33213738086416,2,6
2024-06-07 03:00:00,97.79,51.66786261913584,46.12213738086417,3,6
2024-06-07 04:00:00,97.79,51.66786261913584,46.12213738086417,4,6
2024-06-07 05:00:00,98.0,51.66786261913584,46.33213738086416,5,6
2024-06-07 06:00:00,98.0,51.66786261913584,46.33213738086416,6,6
2024-06-07 07:00:00,99.82,51.66786261913584,48.152137380864154,7,6
2024-06-07 08:00:00,103.49,51.66786261913584,51.822137380864156,8,6
2024-06-07 09:00:00,97.65,51.66786261913584,45.98213738086417,9,6
2024-06-07 10:00:00,78.2,51.66786261913584,26.532137380864164,10,6
2024-06-07 11:00:00,52.4,51.66786261913584,0.7321373808641596,11,6
2024-06-07 12:00:00,50.69,51.66786261913584,-0.9778626191358413,12,6
2024-06-07 13:00:00,45.1,51.66786261913584,-6.567862619135838,13,6
2024-06-07 14:00:00,39.5,51.66786261913584,-12.167862619135839,14,6
2024-06-07 15:00:00,38.1,51.66786261913584,-13.567862619135838,15,6
2024-06-07 16:00:00,38.1,51.66786261913584,-13.567862619135838,16,6
2024-06-07 17:00:00,40.0,51.66786261913584,-11.667862619135839,17,6
2024-06-07 18:00:00,56.2,51.66786261913584,4.532137380864164,18,6
2024-06-07 19:00:00,82.84,51.66786261913584,31.172137380864164,19,6
2024-06-07 20:00:00,94.2,51.66786261913584,42.532137380864164,20,6
2024-06-07 21:00:00,100.0,51.66786261913584,48.33213738086416,21,6
2024-06-07 22:00:00,99.94,51.66786261913584,48.27213738086416,22,6
2024-06-07 23:00:00,99.4,51.66786261913584,47.73213738086417,23,6
2024-06-08 00:00:00,95.09,51.66786261913584,43.422137380864164,0,6
2024-06-08 01:00:00,90.0,51.66786261913584,38.33213738086416,1,6
2024-06-08 02:00:00,85.86,51.66786261913584,34.19213738086416,2,6
2024-06-08 03:00:00,85.64,51.66786261913584,33.97213738086416,3,6
2024-06-08 04:00:00,85.64,51.66786261913584,33.97213738086416,4,6
2024-06-08 05:00:00,85.88,51.66786261913584,34.21213738086416,5,6
2024-06-08 06:00:00,99.35,51.66786261913584,47.682137380864155,6,6
2024-06-08 07:00:00,101.44,51.66786261913584,49.77213738086416,7,6
2024-06-08 08:00:00,100.3,51.66786261913584,48.63213738086416,8,6
2024-06-08 09:00:00,94.01,51.66786261913584,42.342137380864166,9,6
2024-06-08 10:00:00,70.2,51.66786261913584,18.532137380864164,10,6
2024-06-08 11:00:00,51.44,51.66786261913584,-0.22786261913584127,11,6
2024-06-08 12:00:00,42.1,51.66786261913584,-9.567862619135838,12,6
2024-06-08 13:00:00,41.6,51.66786261913584,-10.067862619135838,13,6
2024-06-08 14:00:00,35.13,51.66786261913584,-16.537862619135836,14,6
2024-06-08 15:00:00,35.0,51.66786261913584,-16.66786261913584,15,6
2024-06-08 16:00:00,30.49,51.66786261913584,-21.17786261913584,16,6
2024-06-08 17:00:00,25.3,51.66786261913584,-26.36786261913584,17,6
2024-06-08 18:00:00,35.01,51.66786261913584,-16.65786261913584,18,6
2024-06-08 19:00:00,47.7,51.66786261913584,-3.967862619135836,19,6
2024-06-08 20:00:00,85.03,51.66786261913584,33.36213738086416,20,6
2024-06-08 21:00:00,101.12,51.66786261913584,49.452137380864166,21,6
2024-06-08 22:00:00,100.76,51.66786261913584,49.092137380864166,22,6
2024-06-08 23:00:00,90.0,51.66786261913584,38.33213738086416,23,6
2024-06-09 00:00:00,35.13,51.66786261913584,-16.537862619135836,0,6
2024-06-09 01:00:00,22.41,51.66786261913584,-29.25786261913584,1,6
2024-06-09 02:00:00,12.76,51.66786261913584,-38.90786261913584,2,6
2024-06-09 03:00:00,8.46,51.66786261913584,-43.20786261913584,3,6
2024-06-09 04:00:00,8.94,51.66786261913584,-42.72786261913584,4,6
2024-06-09 05:00:00,22.99,51.66786261913584,-28.67786261913584,5,6
2024-06-09 06:00:00,10.0,51.66786261913584,-41.66786261913584,6,6
2024-06-09 07:00:00,5.0,51.66786261913584,-46.66786261913584,7,6
2024-06-09 08:00:00,3.25,51.66786261913584,-48.41786261913584,8,6
2024-06-09 09:00:00,0.0,51.66786261913584,-51.66786261913584,9,6
2024-06-09 10:00:00,0.0,51.66786261913584,-51.66786261913584,10,6
2024-06-09 11:00:00,0.0,51.66786261913584,-51.66786261913584,11,6
2024-06-09 12:00:00,0.0,51.66786261913584,-51.66786261913584,12,6
2024-06-09 13:00:00,0.0,51.66786261913584,-51.66786261913584,13,6
2024-06-09 14:00:00,0.0,51.66786261913584,-51.66786261913584,14,6
2024-06-09 15:00:00,-0.01,51.66786261913584,-51.67786261913584,15,6
2024-06-09 16:00:00,-0.01,51.66786261913584,-51.67786261913584,16,6
2024-06-09 17:00:00,0.0,51.66786261913584,-51.66786261913584,17,6
2024-06-09 18:00:00,3.25,51.66786261913584,-48.41786261913584,18,6
2024-06-09 19:00:00,35.0,51.66786261913584,-16.66786261913584,19,6
2024-06-09 20:00:00,41.8,51.66786261913584,-9.867862619135842,20,6
2024-06-09 21:00:00,58.76,51.66786261913584,7.092137380864159,21,6
2024-06-09 22:00:00,69.64,51.66786261913584,17.97213738086416,22,6
2024-06-09 23:00:00,56.9,51.66786261913584,5.23213738086416,23,6
2024-06-10 00:00:00,69.41,51.66786261913584,17.742137380864158,0,6
2024-06-10 01:00:00,35.5,51.66786261913584,-16.16786261913584,1,6
2024-06-10 02:00:00,38.2,51.66786261913584,-13.467862619135836,2,6
2024-06-10 03:00:00,35.01,51.66786261913584,-16.65786261913584,3,6
2024-06-10 04:00:00,35.0,51.66786261913584,-16.66786261913584,4,6
2024-06-10 05:00:00,35.01,51.66786261913584,-16.65786261913584,5,6
2024-06-10 06:00:00,38.5,51.66786261913584,-13.167862619135839,6,6
2024-06-10 07:00:00,55.05,51.66786261913584,3.382137380864158,7,6
2024-06-10 08:00:00,35.5,51.66786261913584,-16.16786261913584,8,6
2024-06-10 09:00:00,38.3,51.66786261913584,-13.367862619135842,9,6
2024-06-10 10:00:00,35.13,51.66786261913584,-16.537862619135836,10,6
2024-06-10 11:00:00,35.1,51.66786261913584,-16.567862619135838,11,6
2024-06-10 12:00:00,35.01,51.66786261913584,-16.65786261913584,12,6
2024-06-10 13:00:00,35.01,51.66786261913584,-16.65786261913584,13,6
2024-06-10 14:00:00,35.0,51.66786261913584,-16.66786261913584,14,6
2024-06-10 15:00:00,34.8,51.66786261913584,-16.867862619135842,15,6
2024-06-10 16:00:00,34.8,51.66786261913584,-16.867862619135842,16,6
2024-06-10 17:00:00,35.0,51.66786261913584,-16.66786261913584,17,6
2024-06-10 18:00:00,35.0,51.66786261913584,-16.66786261913584,18,6
2024-06-10 19:00:00,40.56,51.66786261913584,-11.107862619135837,19,6
2024-06-10 20:00:00,71.36,51.66786261913584,19.69213738086416,20,6
2024-06-10 21:00:00,86.75,51.66786261913584,35.08213738086416,21,6
2024-06-10 22:00:00,71.48,51.66786261913584,19.812137380864165,22,6
2024-06-10 23:00:00,70.06,51.66786261913584,18.392137380864163,23,6
2024-06-11 00:00:00,98.3,51.66786261913584,46.63213738086416,0,6
2024-06-11 01:00:00,95.09,51.66786261913584,43.422137380864164,1,6
2024-06-11 02:00:00,84.83,51.66786261913584,33.16213738086416,2,6
2024-06-11 03:00:00,78.2,51.66786261913584,26.532137380864164,3,6
2024-06-11 04:00:00,78.2,51.66786261913584,26.532137380864164,4,6
2024-06-11 05:00:00,85.41,51.66786261913584,33.74213738086416,5,6
2024-06-11 06:00:00,71.48,51.66786261913584,19.812137380864165,6,6
2024-06-11 07:00:00,90.34,51.66786261913584,38.672137380864164,7,6
2024-06-11 08:00:00,98.13,51.66786261913584,46.46213738086416,8,6
2024-06-11 09:00:00,70.0,51.66786261913584,18.33213738086416,9,6
2024-06-11 10:00:00,44.8,51.66786261913584,-6.867862619135842,10,6
2024-06-11 11:00:00,42.3,51.66786261913584,-9.367862619135842,11,6
2024-06-11 12:00:00,41.2,51.66786261913584,-10.467862619135836,12,6
2024-06-11 13:00:00,40.0,51.66786261913584,-11.667862619135839,13,6
2024-06-11 14:00:00,35.02,51.66786261913584,-16.647862619135836,14,6
2024-06-11 15:00:00,35.01,51.66786261913584,-16.65786261913584,15,6
2024-06-11 16:00:00,35.01,51.66786261913584,-16.65786261913584,16,6
2024-06-11 17:00:00,35.13,51.66786261913584,-16.537862619135836,17,6
2024-06-11 18:00:00,43.0,51.66786261913584,-8.667862619135839,18,6
2024-06-11 19:00:00,66.05,51.66786261913584,14.382137380864158,19,6
2024-06-11 20:00:00,71.12,51.66786261913584,19.452137380864166,20,6
2024-06-11 21:00:00,85.41,51.66786261913584,33.74213738086416,21,6
2024-06-11 22:00:00,77.29,51.66786261913584,25.622137380864167,22,6
2024-06-11 23:00:00,70.13,51.66786261913584,18.462137380864156,23,6
2024-06-12 00:00:00,83.13,51.66786261913584,31.462137380864156,0,6
2024-06-12 01:00:00,61.4,51.66786261913584,9.73213738086416,1,6
2024-06-12 02:00:00,61.58,51.66786261913584,9.91213738086416,2,6
2024-06-12 03:00:00,60.1,51.66786261913584,8.432137380864162,3,6
2024-06-12 04:00:00,55.2,51.66786261913584,3.532137380864164,4,6
2024-06-12 05:00:00,55.2,51.66786261913584,3.532137380864164,5,6
2024-06-12 06:00:00,60.0,51.66786261913584,8.332137380864161,6,6
2024-06-12 07:00:00,90.34,51.66786261913584,38.672137380864164,7,6
2024-06-12 08:00:00,75.0,51.66786261913584,23.33213738086416,8,6
2024-06-12 09:00:00,42.5,51.66786261913584,-9.167862619135839,9,6
2024-06-12 10:00:00,35.02,51.66786261913584,-16.647862619135836,10,6
2024-06-12 11:00:00,35.01,51.66786261913584,-16.65786261913584,11,6
2024-06-12 12:00:00,35.01,51.66786261913584,-16.65786261913584,12,6
2024-06-12 13:00:00,35.01,51.66786261913584,-16.65786261913584,13,6
2024-06-12 14:00:00,33.0,51.66786261913584,-18.66786261913584,14,6
2024-06-12 15:00:00,12.25,51.66786261913584,-39.41786261913584,15,6
2024-06-12 16:00:00,10.43,51.66786261913584,-41.23786261913584,16,6
2024-06-12 17:00:00,25.73,51.66786261913584,-25.93786261913584,17,6
2024-06-12 18:00:00,40.0,51.66786261913584,-11.667862619135839,18,6
2024-06-12 19:00:00,55.1,51.66786261913584,3.4321373808641624,19,6
2024-06-12 20:00:00,75.0,51.66786261913584,23.33213738086416,20,6
2024-06-12 21:00:00,101.34,51.66786261913584,49.672137380864164,21,6
2024-06-12 22:00:00,100.98,51.66786261913584,49.312137380864165,22,6
2024-06-12 23:00:00,85.17,51.66786261913584,33.50213738086416,23,6
2024-06-13 00:00:00,97.86,51.66786261913584,46.19213738086416,0,6
2024-06-13 01:00:00,93.1,51.66786261913584,41.432137380864155,1,6
2024-06-13 02:00:00,90.34,51.66786261913584,38.672137380864164,2,6
2024-06-13 03:00:00,95.26,51.66786261913584,43.592137380864166,3,6
2024-06-13 04:00:00,101.76,51.66786261913584,50.092137380864166,4,6
2024-06-13 05:00:00,105.36,51.66786261913584,53.69213738086416,5,6
2024-06-13 06:00:00,120.0,51.66786261913584,68.33213738086417,6,6
2024-06-13 07:00:00,130.0,51.66786261913584,78.33213738086417,7,6
2024-06-13 08:00:00,90.0,51.66786261913584,38.33213738086416,8,6
2024-06-13 09:00:00,72.94,51.66786261913584,21.27213738086416,9,6
2024-06-13 10:00:00,35.02,51.66786261913584,-16.647862619135836,10,6
2024-06-13 11:00:00,35.0,51.66786261913584,-16.66786261913584,11,6
2024-06-13 12:00:00,33.9,51.66786261913584,-17.76786261913584,12,6
2024-06-13 13:00:00,10.0,51.66786261913584,-41.66786261913584,13,6
2024-06-13 14:00:00,0.0,51.66786261913584,-51.66786261913584,14,6
2024-06-13 15:00:00,0.0,51.66786261913584,-51.66786261913584,15,6
2024-06-13 16:00:00,0.0,51.66786261913584,-51.66786261913584,16,6
2024-06-13 17:00:00,5.49,51.66786261913584,-46.17786261913584,17,6
2024-06-13 18:00:00,14.74,51.66786261913584,-36.92786261913584,18,6
2024-06-13 19:00:00,35.45,51.66786261913584,-16.217862619135836,19,6
2024-06-13 20:00:00,82.1,51.66786261913584,30.432137380864155,20,6
2024-06-13 21:00:00,111.81,51.66786261913584,60.14213738086416,21,6
2024-06-13 22:00:00,109.81,51.66786261913584,58.14213738086416,22,6
2024-06-13 23:00:00,95.26,51.66786261913584,43.592137380864166,23,6
2024-06-14 00:00:00,78.86,51.66786261913584,27.19213738086416,0,6
2024-06-14 01:00:00,76.44,51.66786261913584,24.77213738086416,1,6
2024-06-14 02:00:00,75.72,51.66786261913584,24.05213738086416,2,6
2024-06-14 03:00:00,75.3,51.66786261913584,23.632137380864158,3,6
2024-06-14 04:00:00,75.72,51.66786261913584,24.05213738086416,4,6
2024-06-14 05:00:00,78.02,51.66786261913584,26.352137380864157,5,6
2024-06-14 06:00:00,79.1,51.66786261913584,27.432137380864155,6,6
2024-06-14 07:00:00,90.0,51.66786261913584,38.33213738086416,7,6
2024-06-14 08:00:00,79.34,51.66786261913584,27.672137380864164,8,6
2024-06-14 09:00:00,45.91,51.66786261913584,-5.757862619135842,9,6
2024-06-14 10:00:00,35.01,51.66786261913584,-16.65786261913584,10,6
2024-06-14 11:00:00,12.21,51.66786261913584,-39.45786261913584,11,6
2024-06-14 12:00:00,3.25,51.66786261913584,-48.41786261913584,12,6
2024-06-14 13:00:00,0.44,51.66786261913584,-51.22786261913584,13,6
2024-06-14 14:00:00,0.02,51.66786261913584,-51.647862619135836,14,6
2024-06-14 15:00:00,0.0,51.66786261913584,-51.66786261913584,15,6
2024-06-14 16:00:00,0.0,51.66786261913584,-51.66786261913584,16,6
2024-06-14 17:00:00,0.0,51.66786261913584,-51.66786261913584,17,6
2024-06-14 18:00:00,0.96,51.66786261913584,-50.70786261913584,18,6
2024-06-14 19:00:00,7.0,51.66786261913584,-44.66786261913584,19,6
2024-06-14 20:00:00,35.02,51.66786261913584,-16.647862619135836,20,6
2024-06-14 21:00:00,75.72,51.66786261913584,24.05213738086416,21,6
2024-06-14 22:00:00,76.44,51.66786261913584,24.77213738086416,22,6
2024-06-14 23:00:00,49.36,51.66786261913584,-2.3078626191358396,23,6
2024-06-15 00:00:00,38.1,51.66786261913584,-13.567862619135838,0,6
2024-06-15 01:00:00,35.02,51.66786261913584,-16.647862619135836,1,6
2024-06-15 02:00:00,35.02,51.66786261913584,-16.647862619135836,2,6
2024-06-15 03:00:00,35.02,51.66786261913584,-16.647862619135836,3,6
2024-06-15 04:00:00,35.02,51.66786261913584,-16.647862619135836,4,6
2024-06-15 05:00:00,35.02,51.66786261913584,-16.647862619135836,5,6
2024-06-15 06:00:00,35.02,51.66786261913584,-16.647862619135836,6,6
2024-06-15 07:00:00,35.01,51.66786261913584,-16.65786261913584,7,6
2024-06-15 08:00:00,17.8,51.66786261913584,-33.867862619135835,8,6
2024-06-15 09:00:00,0.0,51.66786261913584,-51.66786261913584,9,6
2024-06-15 10:00:00,-0.01,51.66786261913584,-51.67786261913584,10,6
2024-06-15 11:00:00,-0.6,51.66786261913584,-52.26786261913584,11,6
2024-06-15 12:00:00,-0.25,51.66786261913584,-51.91786261913584,12,6
2024-06-15 13:00:00,-0.5,51.66786261913584,-52.16786261913584,13,6
2024-06-15 14:00:00,-0.6,51.66786261913584,-52.26786261913584,14,6
2024-06-15 15:00:00,-0.72,51.66786261913584,-52.38786261913584,15,6
2024-06-15 16:00:00,-0.79,51.66786261913584,-52.45786261913584,16,6
2024-06-15 17:00:00,-0.62,51.66786261913584,-52.287862619135836,17,6
2024-06-15 18:00:00,0.0,51.66786261913584,-51.66786261913584,18,6
2024-06-15 19:00:00,9.59,51.66786261913584,-42.07786261913584,19,6
2024-06-15 20:00:00,35.01,51.66786261913584,-16.65786261913584,20,6
2024-06-15 21:00:00,41.64,51.66786261913584,-10.027862619135838,21,6
2024-06-15 22:00:00,47.7,51.66786261913584,-3.967862619135836,22,6
2024-06-15 23:00:00,41.76,51.66786261913584,-9.907862619135841,23,6
2024-06-16 00:00:00,35.01,51.66786261913584,-16.65786261913584,0,6
2024-06-16 01:00:00,35.0,51.66786261913584,-16.66786261913584,1,6
2024-06-16 02:00:00,35.0,51.66786261913584,-16.66786261913584,2,6
2024-06-16 03:00:00,35.0,51.66786261913584,-16.66786261913584,3,6
2024-06-16 04:00:00,35.0,51.66786261913584,-16.66786261913584,4,6
2024-06-16 05:00:00,35.0,51.66786261913584,-16.66786261913584,5,6
2024-06-16 06:00:00,35.01,51.66786261913584,-16.65786261913584,6,6
2024-06-16 07:00:00,18.5,51.66786261913584,-33.16786261913584,7,6
2024-06-16 08:00:00,0.0,51.66786261913584,-51.66786261913584,8,6
2024-06-16 09:00:00,-0.62,51.66786261913584,-52.287862619135836,9,6
2024-06-16 10:00:00,-1.01,51.66786261913584,-52.67786261913584,10,6
2024-06-16 11:00:00,-2.0,51.66786261913584,-53.66786261913584,11,6
2024-06-16 12:00:00,-2.0,51.66786261913584,-53.66786261913584,12,6
2024-06-16 13:00:00,-2.0,51.66786261913584,-53.66786261913584,13,6
2024-06-16 14:00:00,-2.0,51.66786261913584,-53.66786261913584,14,6
2024-06-16 15:00:00,-2.0,51.66786261913584,-53.66786261913584,15,6
2024-06-16 16:00:00,-2.0,51.66786261913584,-53.66786261913584,16,6
2024-06-16 17:00:00,-0.85,51.66786261913584,-52.51786261913584,17,6
2024-06-16 18:00:00,-0.01,51.66786261913584,-51.67786261913584,18,6
2024-06-16 19:00:00,3.25,51.66786261913584,-48.41786261913584,19,6
2024-06-16 20:00:00,16.8,51.66786261913584,-34.867862619135835,20,6
2024-06-16 21:00:00,35.02,51.66786261913584,-16.647862619135836,21,6
2024-06-16 22:00:00,41.26,51.66786261913584,-10.407862619135841,22,6
2024-06-16 23:00:00,41.62,51.66786261913584,-10.047862619135842,23,6
2024-06-17 00:00:00,41.49,51.66786261913584,-10.177862619135837,0,6
2024-06-17 01:00:00,35.01,51.66786261913584,-16.65786261913584,1,6
2024-06-17 02:00:00,35.0,51.66786261913584,-16.66786261913584,2,6
2024-06-17 03:00:00,35.0,51.66786261913584,-16.66786261913584,3,6
2024-06-17 04:00:00,32.0,51.66786261913584,-19.66786261913584,4,6
2024-06-17 05:00:00,35.0,51.66786261913584,-16.66786261913584,5,6
2024-06-17 06:00:00,35.01,51.66786261913584,-16.65786261913584,6,6
2024-06-17 07:00:00,46.5,51.66786261913584,-5.167862619135839,7,6
2024-06-17 08:00:00,46.5,51.66786261913584,-5.167862619135839,8,6
2024-06-17 09:00:00,35.01,51.66786261913584,-16.65786261913584,9,6
2024-06-17 10:00:00,22.28,51.66786261913584,-29.387862619135838,10,6
2024-06-17 11:00:00,3.25,51.66786261913584,-48.41786261913584,11,6
2024-06-17 12:00:00,1.5,51.66786261913584,-50.16786261913584,12,6
2024-06-17 13:00:00,0.44,51.66786261913584,-51.22786261913584,13,6
2024-06-17 14:00:00,0.0,51.66786261913584,-51.66786261913584,14,6
2024-06-17 15:00:00,0.0,51.66786261913584,-51.66786261913584,15,6
2024-06-17 16:00:00,0.0,51.66786261913584,-51.66786261913584,16,6
2024-06-17 17:00:00,0.44,51.66786261913584,-51.22786261913584,17,6
2024-06-17 18:00:00,3.25,51.66786261913584,-48.41786261913584,18,6
2024-06-17 19:00:00,21.72,51.66786261913584,-29.94786261913584,19,6
2024-06-17 20:00:00,46.38,51.66786261913584,-5.287862619135836,20,6
2024-06-17 21:00:00,72.75,51.66786261913584,21.08213738086416,21,6
2024-06-17 22:00:00,91.27,51.66786261913584,39.60213738086416,22,6
2024-06-17 23:00:00,62.78,51.66786261913584,11.112137380864162,23,6
2024-06-18 00:00:00,51.76,51.66786261913584,0.09213738086415901,0,6
2024-06-18 01:00:00,37.0,51.66786261913584,-14.667862619135839,1,6
2024-06-18 02:00:00,51.01,51.66786261913584,-0.657862619135841,2,6
2024-06-18 03:00:00,52.59,51.66786261913584,0.9221373808641644,3,6
2024-06-18 04:00:00,53.99,51.66786261913584,2.322137380864163,4,6
2024-06-18 05:00:00,66.75,51.66786261913584,15.082137380864161,5,6
2024-06-18 06:00:00,96.13,51.66786261913584,44.46213738086416,6,6
2024-06-18 07:00:00,101.0,51.66786261913584,49.33213738086416,7,6
2024-06-18 08:00:00,96.13,51.66786261913584,44.46213738086416,8,6
2024-06-18 09:00:00,53.39,51.66786261913584,1.7221373808641616,9,6
2024-06-18 10:00:00,39.0,51.66786261913584,-12.667862619135839,10,6
2024-06-18 11:00:00,35.0,51.66786261913584,-16.66786261913584,11,6
2024-06-18 12:00:00,28.37,51.66786261913584,-23.297862619135838,12,6
2024-06-18 13:00:00,20.97,51.66786261913584,-30.69786261913584,13,6
2024-06-18 14:00:00,11.21,51.66786261913584,-40.45786261913584,14,6
2024-06-18 15:00:00,10.6,51.66786261913584,-41.06786261913584,15,6
2024-06-18 16:00:00,9.99,51.66786261913584,-41.67786261913584,16,6
2024-06-18 17:00:00,20.27,51.66786261913584,-31.39786261913584,17,6
2024-06-18 18:00:00,35.0,51.66786261913584,-16.66786261913584,18,6
2024-06-18 19:00:00,45.28,51.66786261913584,-6.387862619135838,19,6
2024-06-18 20:00:00,80.23,51.66786261913584,28.562137380864165,20,6
2024-06-18 21:00:00,124.12,51.66786261913584,72.45213738086417,21,6
2024-06-18 22:00:00,130.9,51.66786261913584,79.23213738086417,22,6
2024-06-18 23:00:00,110.41,51.66786261913584,58.74213738086416,23,6
2024-06-19 00:00:00,105.16,51.66786261913584,53.49213738086416,0,6
2024-06-19 01:00:00,99.96,51.66786261913584,48.292137380864155,1,6
2024-06-19 02:00:00,94.76,51.66786261913584,43.092137380864166,2,6
2024-06-19 03:00:00,90.56,51.66786261913584,38.89213738086416,3,6
2024-06-19 04:00:00,90.56,51.66786261913584,38.89213738086416,4,6
2024-06-19 05:00:00,94.76,51.66786261913584,43.092137380864166,5,6
2024-06-19 06:00:00,100.0,51.66786261913584,48.33213738086416,6,6
2024-06-19 07:00:00,114.32,51.66786261913584,62.652137380864154,7,6
2024-06-19 08:00:00,100.0,51.66786261913584,48.33213738086416,8,6
2024-06-19 09:00:00,84.69,51.66786261913584,33.02213738086416,9,6
2024-06-19 10:00:00,74.71,51.66786261913584,23.042137380864155,10,6
2024-06-19 11:00:00,46.41,51.66786261913584,-5.257862619135842,11,6
2024-06-19 12:00:00,43.54,51.66786261913584,-8.12786261913584,12,6
2024-06-19 13:00:00,37.0,51.66786261913584,-14.667862619135839,13,6
2024-06-19 14:00:00,36.4,51.66786261913584,-15.26786261913584,14,6
2024-06-19 15:00:00,35.02,51.66786261913584,-16.647862619135836,15,6
2024-06-19 16:00:00,35.01,51.66786261913584,-16.65786261913584,16,6
2024-06-19 17:00:00,35.02,51.66786261913584,-16.647862619135836,17,6
2024-06-19 18:00:00,38.47,51.66786261913584,-13.19786261913584,18,6
2024-06-19 19:00:00,79.83,51.66786261913584,28.16213738086416,19,6
2024-06-19 20:00:00,87.41,51.66786261913584,35.74213738086416,20,6
2024-06-19 21:00:00,109.81,51.66786261913584,58.14213738086416,21,6
2024-06-19 22:00:00,109.0,51.66786261913584,57.33213738086416,22,6
2024-06-19 23:00:00,89.59,51.66786261913584,37.922137380864164,23,6
2024-06-20 00:00:00,109.26,51.66786261913584,57.592137380864166,0,6
2024-06-20 01:00:00,105.0,51.66786261913584,53.33213738086416,1,6
2024-06-20 02:00:00,103.0,51.66786261913584,51.33213738086416,2,6
2024-06-20 03:00:00,102.1,51.66786261913584,50.432137380864155,3,6
2024-06-20 04:00:00,96.9,51.66786261913584,45.23213738086417,4,6
2024-06-20 05:00:00,94.3,51.66786261913584,42.63213738086416,5,6
2024-06-20 06:00:00,99.0,51.66786261913584,47.33213738086416,6,6
2024-06-20 07:00:00,111.72,51.66786261913584,60.05213738086416,7,6
2024-06-20 08:00:00,103.0,51.66786261913584,51.33213738086416,8,6
2024-06-20 09:00:00,95.0,51.66786261913584,43.33213738086416,9,6
2024-06-20 10:00:00,71.87,51.66786261913584,20.202137380864166,10,6
2024-06-20 11:00:00,63.04,51.66786261913584,11.37213738086416,11,6
2024-06-20 12:00:00,59.94,51.66786261913584,8.272137380864159,12,6
2024-06-20 13:00:00,58.35,51.66786261913584,6.682137380864162,13,6
2024-06-20 14:00:00,61.42,51.66786261913584,9.752137380864163,14,6
2024-06-20 15:00:00,61.93,51.66786261913584,10.26213738086416,15,6
2024-06-20 16:00:00,61.42,51.66786261913584,9.752137380864163,16,6
2024-06-20 17:00:00,62.15,51.66786261913584,10.48213738086416,17,6
2024-06-20 18:00:00,77.46,51.66786261913584,25.792137380864155,18,6
2024-06-20 19:00:00,107.0,51.66786261913584,55.33213738086416,19,6
2024-06-20 20:00:00,115.28,51.66786261913584,63.61213738086416,20,6
2024-06-20 21:00:00,122.78,51.66786261913584,71.11213738086417,21,6
2024-06-20 22:00:00,120.0,51.66786261913584,68.33213738086417,22,6
2024-06-20 23:00:00,112.48,51.66786261913584,60.812137380864165,23,6
2024-06-21 00:00:00,102.72,51.66786261913584,51.05213738086416,0,6
2024-06-21 01:00:00,100.34,51.66786261913584,48.672137380864164,1,6
2024-06-21 02:00:00,102.3,51.66786261913584,50.63213738086416,2,6
2024-06-21 03:00:00,102.3,51.66786261913584,50.63213738086416,3,6
2024-06-21 04:00:00,102.3,51.66786261913584,50.63213738086416,4,6
2024-06-21 05:00:00,102.72,51.66786261913584,51.05213738086416,5,6
2024-06-21 06:00:00,100.0,51.66786261913584,48.33213738086416,6,6
2024-06-21 07:00:00,113.47,51.66786261913584,61.80213738086416,7,6
2024-06-21 08:00:00,114.32,51.66786261913584,62.652137380864154,8,6
2024-06-21 09:00:00,105.0,51.66786261913584,53.33213738086416,9,6
2024-06-21 10:00:00,80.0,51.66786261913584,28.33213738086416,10,6
2024-06-21 11:00:00,60.0,51.66786261913584,8.332137380864161,11,6
2024-06-21 12:00:00,61.34,51.66786261913584,9.672137380864164,12,6
2024-06-21 13:00:00,57.4,51.66786261913584,5.73213738086416,13,6
2024-06-21 14:00:00,55.1,51.66786261913584,3.4321373808641624,14,6
2024-06-21 15:00:00,43.17,51.66786261913584,-8.497862619135837,15,6
2024-06-21 16:00:00,40.0,51.66786261913584,-11.667862619135839,16,6
2024-06-21 17:00:00,49.8,51.66786261913584,-1.8678626191358418,17,6
2024-06-21 18:00:00,56.75,51.66786261913584,5.082137380864161,18,6
2024-06-21 19:00:00,77.46,51.66786261913584,25.792137380864155,19,6
2024-06-21 20:00:00,100.01,51.66786261913584,48.342137380864166,20,6
2024-06-21 21:00:00,114.86,51.66786261913584,63.19213738086416,21,6
2024-06-21 22:00:00,115.0,51.66786261913584,63.33213738086416,22,6
2024-06-21 23:00:00,105.74,51.66786261913584,54.072137380864156,23,6
2024-06-22 00:00:00,84.0,51.66786261913584,32.33213738086416,0,6
2024-06-22 01:00:00,76.58,51.66786261913584,24.91213738086416,1,6
2024-06-22 02:00:00,75.64,51.66786261913584,23.97213738086416,2,6
2024-06-22 03:00:00,76.1,51.66786261913584,24.432137380864155,3,6
2024-06-22 04:00:00,75.74,51.66786261913584,24.072137380864156,4,6
2024-06-22 05:00:00,75.62,51.66786261913584,23.952137380864166,5,6
2024-06-22 06:00:00,75.64,51.66786261913584,23.97213738086416,6,6
2024-06-22 07:00:00,63.45,51.66786261913584,11.782137380864164,7,6
2024-06-22 08:00:00,36.95,51.66786261913584,-14.717862619135836,8,6
2024-06-22 09:00:00,34.65,51.66786261913584,-17.01786261913584,9,6
2024-06-22 10:00:00,12.54,51.66786261913584,-39.12786261913584,10,6
2024-06-22 11:00:00,3.59,51.66786261913584,-48.07786261913584,11,6
2024-06-22 12:00:00,0.44,51.66786261913584,-51.22786261913584,12,6
2024-06-22 13:00:00,0.03,51.66786261913584,-51.63786261913584,13,6
2024-06-22 14:00:00,0.0,51.66786261913584,-51.66786261913584,14,6
2024-06-22 15:00:00,0.0,51.66786261913584,-51.66786261913584,15,6
2024-06-22 16:00:00,0.0,51.66786261913584,-51.66786261913584,16,6
2024-06-22 17:00:00,0.0,51.66786261913584,-51.66786261913584,17,6
2024-06-22 18:00:00,0.44,51.66786261913584,-51.22786261913584,18,6
2024-06-22 19:00:00,35.0,51.66786261913584,-16.66786261913584,19,6
2024-06-22 20:00:00,50.0,51.66786261913584,-1.667862619135839,20,6
2024-06-22 21:00:00,76.79,51.66786261913584,25.122137380864167,21,6
2024-06-22 22:00:00,99.1,51.66786261913584,47.432137380864155,22,6
2024-06-22 23:00:00,77.46,51.66786261913584,25.792137380864155,23,6
2024-06-23 00:00:00,77.0,51.66786261913584,25.33213738086416,0,6
2024-06-23 01:00:00,56.99,51.66786261913584,5.322137380864163,1,6
2024-06-23 02:00:00,46.19,51.66786261913584,-5.477862619135841,2,6
2024-06-23 03:00:00,35.01,51.66786261913584,-16.65786261913584,3,6
2024-06-23 04:00:00,35.0,51.66786261913584,-16.66786261913584,4,6
2024-06-23 05:00:00,35.0,51.66786261913584,-16.66786261913584,5,6
2024-06-23 06:00:00,35.0,51.66786261913584,-16.66786261913584,6,6
2024-06-23 07:00:00,30.65,51.66786261913584,-21.01786261913584,7,6
2024-06-23 08:00:00,9.76,51.66786261913584,-41.90786261913584,8,6
2024-06-23 09:00:00,0.0,51.66786261913584,-51.66786261913584,9,6
2024-06-23 10:00:00,-0.01,51.66786261913584,-51.67786261913584,10,6
2024-06-23 11:00:00,-0.11,51.66786261913584,-51.77786261913584,11,6
2024-06-23 12:00:00,-0.5,51.66786261913584,-52.16786261913584,12,6
2024-06-23 13:00:00,-1.0,51.66786261913584,-52.66786261913584,13,6
2024-06-23 14:00:00,-1.99,51.66786261913584,-53.65786261913584,14,6
2024-06-23 15:00:00,-2.0,51.66786261913584,-53.66786261913584,15,6
2024-06-23 16:00:00,-0.85,51.66786261913584,-52.51786261913584,16,6
2024-06-23 17:00:00,-0.66,51.66786261913584,-52.327862619135836,17,6
2024-06-23 18:00:00,-0.01,51.66786261913584,-51.67786261913584,18,6
2024-06-23 19:00:00,1.0,51.66786261913584,-50.66786261913584,19,6
2024-06-23 20:00:00,35.01,51.66786261913584,-16.65786261913584,20,6
2024-06-23 21:00:00,77.0,51.66786261913584,25.33213738086416,21,6
2024-06-23 22:00:00,95.62,51.66786261913584,43.952137380864166,22,6
2024-06-23 23:00:00,80.15,51.66786261913584,28.482137380864167,23,6
2024-06-24 00:00:00,51.8,51.66786261913584,0.13213738086415816,0,6
2024-06-24 01:00:00,43.6,51.66786261913584,-8.067862619135838,1,6
2024-06-24 02:00:00,40.0,51.66786261913584,-11.667862619135839,2,6
2024-06-24 03:00:00,35.4,51.66786261913584,-16.26786261913584,3,6
2024-06-24 04:00:00,35.02,51.66786261913584,-16.647862619135836,4,6
2024-06-24 05:00:00,49.07,51.66786261913584,-2.5978626191358387,5,6
2024-06-24 06:00:00,55.03,51.66786261913584,3.362137380864162,6,6
2024-06-24 07:00:00,70.0,51.66786261913584,18.33213738086416,7,6
2024-06-24 08:00:00,40.0,51.66786261913584,-11.667862619135839,8,6
2024-06-24 09:00:00,35.02,51.66786261913584,-16.647862619135836,9,6
2024-06-24 10:00:00,35.0,51.66786261913584,-16.66786261913584,10,6
2024-06-24 11:00:00,5.0,51.66786261913584,-46.66786261913584,11,6
2024-06-24 12:00:00,3.6,51.66786261913584,-48.06786261913584,12,6
2024-06-24 13:00:00,5.1,51.66786261913584,-46.56786261913584,13,6
2024-06-24 14:00:00,2.9,51.66786261913584,-48.76786261913584,14,6
2024-06-24 15:00:00,0.0,51.66786261913584,-51.66786261913584,15,6
2024-06-24 16:00:00,0.0,51.66786261913584,-51.66786261913584,16,6
2024-06-24 17:00:00,5.0,51.66786261913584,-46.66786261913584,17,6
2024-06-24 18:00:00,34.8,51.66786261913584,-16.867862619135842,18,6
2024-06-24 19:00:00,35.45,51.66786261913584,-16.217862619135836,19,6
2024-06-24 20:00:00,83.27,51.66786261913584,31.602137380864157,20,6
2024-06-24 21:00:00,117.33,51.66786261913584,65.66213738086415,21,6
2024-06-24 22:00:00,113.7,51.66786261913584,62.032137380864164,22,6
2024-06-24 23:00:00,91.54,51.66786261913584,39.87213738086417,23,6
2024-06-25 00:00:00,79.51,51.66786261913584,27.842137380864166,0,6
2024-06-25 01:00:00,94.85,51.66786261913584,43.182137380864155,1,6
2024-06-25 02:00:00,91.15,51.66786261913584,39.48213738086417,2,6
2024-06-25 03:00:00,82.0,51.66786261913584,30.33213738086416,3,6
2024-06-25 04:00:00,89.85,51.66786261913584,38.182137380864155,4,6
2024-06-25 05:00:00,73.0,51.66786261913584,21.33213738086416,5,6
2024-06-25 06:00:00,82.0,51.66786261913584,30.33213738086416,6,6
2024-06-25 07:00:00,98.2,51.66786261913584,46.532137380864164,7,6
2024-06-25 08:00:00,74.77,51.66786261913584,23.102137380864157,8,6
2024-06-25 09:00:00,64.9,51.66786261913584,13.232137380864167,9,6
2024-06-25 10:00:00,35.69,51.66786261913584,-15.977862619135841,10,6
2024-06-25 11:00:00,35.02,51.66786261913584,-16.647862619135836,11,6
2024-06-25 12:00:00,35.01,51.66786261913584,-16.65786261913584,12,6
2024-06-25 13:00:00,35.01,51.66786261913584,-16.65786261913584,13,6
2024-06-25 14:00:00,35.0,51.66786261913584,-16.66786261913584,14,6
2024-06-25 15:00:00,35.0,51.66786261913584,-16.66786261913584,15,6
2024-06-25 16:00:00,35.0,51.66786261913584,-16.66786261913584,16,6
2024-06-25 17:00:00,35.02,51.66786261913584,-16.647862619135836,17,6
2024-06-25 18:00:00,48.99,51.66786261913584,-2.677862619135837,18,6
2024-06-25 19:00:00,77.0,51.66786261913584,25.33213738086416,19,6
2024-06-25 20:00:00,105.0,51.66786261913584,53.33213738086416,20,6
2024-06-25 21:00:00,117.41,51.66786261913584,65.74213738086416,21,6
2024-06-25 22:00:00,116.81,51.66786261913584,65.14213738086417,22,6
2024-06-25 23:00:00,105.45,51.66786261913584,53.782137380864164,23,6
2024-06-26 00:00:00,107.43,51.66786261913584,55.76213738086417,0,6
2024-06-26 01:00:00,99.96,51.66786261913584,48.292137380864155,1,6
2024-06-26 02:00:00,95.32,51.66786261913584,43.652137380864154,2,6
2024-06-26 03:00:00,95.46,51.66786261913584,43.792137380864155,3,6
2024-06-26 04:00:00,91.7,51.66786261913584,40.032137380864164,4,6
2024-06-26 05:00:00,97.12,51.66786261913584,45.452137380864166,5,6
2024-06-26 06:00:00,109.59,51.66786261913584,57.922137380864164,6,6
2024-06-26 07:00:00,130.0,51.66786261913584,78.33213738086417,7,6
2024-06-26 08:00:00,115.45,51.66786261913584,63.782137380864164,8,6
2024-06-26 09:00:00,101.76,51.66786261913584,50.092137380864166,9,6
2024-06-26 10:00:00,90.98,51.66786261913584,39.312137380864165,10,6
2024-06-26 11:00:00,85.99,51.66786261913584,34.322137380864156,11,6
2024-06-26 12:00:00,79.41,51.66786261913584,27.742137380864158,12,6
2024-06-26 13:00:00,77.24,51.66786261913584,25.572137380864156,13,6
2024-06-26 14:00:00,73.65,51.66786261913584,21.982137380864167,14,6
2024-06-26 15:00:00,60.0,51.66786261913584,8.332137380864161,15,6
2024-06-26 16:00:00,61.0,51.66786261913584,9.332137380864161,16,6
2024-06-26 17:00:00,82.01,51.66786261913584,30.342137380864166,17,6
2024-06-26 18:00:00,91.22,51.66786261913584,39.55213738086416,18,6
2024-06-26 19:00:00,104.55,51.66786261913584,52.88213738086416,19,6
2024-06-26 20:00:00,116.05,51.66786261913584,64.38213738086415,20,6
2024-06-26 21:00:00,137.18,51.66786261913584,85.51213738086417,21,6
2024-06-26 22:00:00,118.98,51.66786261913584,67.31213738086416,22,6
2024-06-26 23:00:00,110.0,51.66786261913584,58.33213738086416,23,6
2024-06-27 00:00:00,102.07,51.66786261913584,50.402137380864154,0,6
2024-06-27 01:00:00,99.0,51.66786261913584,47.33213738086416,1,6
2024-06-27 02:00:00,101.77,51.66786261913584,50.10213738086416,2,6
2024-06-27 03:00:00,104.37,51.66786261913584,52.702137380864166,3,6
2024-06-27 04:00:00,101.77,51.66786261913584,50.10213738086416,4,6
2024-06-27 05:00:00,99.17,51.66786261913584,47.50213738086416,5,6
2024-06-27 06:00:00,112.72,51.66786261913584,61.05213738086416,6,6
2024-06-27 07:00:00,120.74,51.66786261913584,69.07213738086415,7,6
2024-06-27 08:00:00,115.44,51.66786261913584,63.77213738086416,8,6
2024-06-27 09:00:00,102.07,51.66786261913584,50.402137380864154,9,6
2024-06-27 10:00:00,100.47,51.66786261913584,48.80213738086416,10,6
2024-06-27 11:00:00,77.0,51.66786261913584,25.33213738086416,11,6
2024-06-27 12:00:00,65.01,51.66786261913584,13.342137380864166,12,6
2024-06-27 13:00:00,64.75,51.66786261913584,13.082137380864161,13,6
2024-06-27 14:00:00,51.1,51.66786261913584,-0.5678626191358376,14,6
2024-06-27 15:00:00,45.66,51.66786261913584,-6.007862619135842,15,6
2024-06-27 16:00:00,42.45,51.66786261913584,-9.217862619135836,16,6
2024-06-27 17:00:00,45.06,51.66786261913584,-6.607862619135837,17,6
2024-06-27 18:00:00,63.43,51.66786261913584,11.76213738086416,18,6
2024-06-27 19:00:00,75.39,51.66786261913584,23.72213738086416,19,6
2024-06-27 20:00:00,99.75,51.66786261913584,48.08213738086416,20,6
2024-06-27 21:00:00,116.05,51.66786261913584,64.38213738086415,21,6
2024-06-27 22:00:00,118.35,51.66786261913584,66.68213738086416,22,6
2024-06-27 23:00:00,114.72,51.66786261913584,63.05213738086416,23,6
2024-06-28 00:00:00,99.0,51.66786261913584,47.33213738086416,0,6
2024-06-28 01:00:00,100.0,51.66786261913584,48.33213738086416,1,6
2024-06-28 02:00:00,98.6,51.66786261913584,46.932137380864155,2,6
2024-06-28 03:00:00,94.04,51.66786261913584,42.37213738086417,3,6
2024-06-28 04:00:00,93.4,51.66786261913584,41.73213738086417,4,6
2024-06-28 05:00:00,95.81,51.66786261913584,44.14213738086416,5,6
2024-06-28 06:00:00,99.9,51.66786261913584,48.23213738086417,6,6
2024-06-28 07:00:00,100.16,51.66786261913584,48.49213738086416,7,6
2024-06-28 08:00:00,103.5,51.66786261913584,51.83213738086416,8,6
2024-06-28 09:00:00,98.6,51.66786261913584,46.932137380864155,9,6
2024-06-28 10:00:00,92.0,51.66786261913584,40.33213738086416,10,6
2024-06-28 11:00:00,76.1,51.66786261913584,24.432137380864155,11,6
2024-06-28 12:00:00,59.99,51.66786261913584,8.322137380864163,12,6
2024-06-28 13:00:00,47.01,51.66786261913584,-4.657862619135841,13,6
2024-06-28 14:00:00,45.77,51.66786261913584,-5.897862619135836,14,6
2024-06-28 15:00:00,40.0,51.66786261913584,-11.667862619135839,15,6
2024-06-28 16:00:00,35.02,51.66786261913584,-16.647862619135836,16,6
2024-06-28 17:00:00,35.02,51.66786261913584,-16.647862619135836,17,6
2024-06-28 18:00:00,48.64,51.66786261913584,-3.0278626191358384,18,6
2024-06-28 19:00:00,88.5,51.66786261913584,36.83213738086416,19,6
2024-06-28 20:00:00,94.04,51.66786261913584,42.37213738086417,20,6
2024-06-28 21:00:00,105.42,51.66786261913584,53.75213738086416,21,6
2024-06-28 22:00:00,113.3,51.66786261913584,61.63213738086416,22,6
2024-06-28 23:00:00,105.18,51.66786261913584,53.51213738086417,23,6
2024-06-29 00:00:00,90.0,51.66786261913584,38.33213738086416,0,6
2024-06-29 01:00:00,71.6,51.66786261913584,19.932137380864155,1,6
2024-06-29 02:00:00,47.5,51.66786261913584,-4.167862619135839,2,6
2024-06-29 03:00:00,47.5,51.66786261913584,-4.167862619135839,3,6
2024-06-29 04:00:00,47.29,51.66786261913584,-4.37786261913584,4,6
2024-06-29 05:00:00,47.01,51.66786261913584,-4.657862619135841,5,6
2024-06-29 06:00:00,47.29,51.66786261913584,-4.37786261913584,6,6
2024-06-29 07:00:00,50.2,51.66786261913584,-1.4678626191358362,7,6
2024-06-29 08:00:00,47.29,51.66786261913584,-4.37786261913584,8,6
2024-06-29 09:00:00,46.62,51.66786261913584,-5.0478626191358416,9,6
2024-06-29 10:00:00,45.06,51.66786261913584,-6.607862619135837,10,6
2024-06-29 11:00:00,35.02,51.66786261913584,-16.647862619135836,11,6
2024-06-29 12:00:00,35.01,51.66786261913584,-16.65786261913584,12,6
2024-06-29 13:00:00,35.0,51.66786261913584,-16.66786261913584,13,6
2024-06-29 14:00:00,10.0,51.66786261913584,-41.66786261913584,14,6
2024-06-29 15:00:00,1.5,51.66786261913584,-50.16786261913584,15,6
2024-06-29 16:00:00,12.76,51.66786261913584,-38.90786261913584,16,6
2024-06-29 17:00:00,31.86,51.66786261913584,-19.80786261913584,17,6
2024-06-29 18:00:00,35.02,51.66786261913584,-16.647862619135836,18,6
2024-06-29 19:00:00,46.6,51.66786261913584,-5.067862619135838,19,6
2024-06-29 20:00:00,73.37,51.66786261913584,21.702137380864166,20,6
2024-06-29 21:00:00,102.36,51.66786261913584,50.69213738086416,21,6
2024-06-29 22:00:00,106.08,51.66786261913584,54.41213738086416,22,6
2024-06-29 23:00:00,100.94,51.66786261913584,49.27213738086416,23,6
2024-06-30 00:00:00,102.9,51.66786261913584,51.23213738086417,0,6
2024-06-30 01:00:00,101.7,51.66786261913584,50.032137380864164,1,6
2024-06-30 02:00:00,101.7,51.66786261913584,50.032137380864164,2,6
2024-06-30 03:00:00,101.7,51.66786261913584,50.032137380864164,3,6
2024-06-30 04:00:00,100.92,51.66786261913584,49.25213738086416,4,6
2024-06-30 05:00:00,100.92,51.66786261913584,49.25213738086416,5,6
2024-06-30 06:00:00,99.75,51.66786261913584,48.08213738086416,6,6
2024-06-30 07:00:00,73.37,51.66786261913584,21.702137380864166,7,6
2024-06-30 08:00:00,47.5,51.66786261913584,-4.167862619135839,8,6
2024-06-30 09:00:00,44.01,51.66786261913584,-7.657862619135841,9,6
2024-06-30 10:00:00,35.01,51.66786261913584,-16.65786261913584,10,6
2024-06-30 11:00:00,22.99,51.66786261913584,-28.67786261913584,11,6
2024-06-30 12:00:00,10.0,51.66786261913584,-41.66786261913584,12,6
2024-06-30 13:00:00,4.49,51.66786261913584,-47.17786261913584,13,6
2024-06-30 14:00:00,0.02,51.66786261913584,-51.647862619135836,14,6
2024-06-30 15:00:00,0.0,51.66786261913584,-51.66786261913584,15,6
2024-06-30 16:00:00,0.94,51.66786261913584,-50.72786261913584,16,6
2024-06-30 17:00:00,3.6,51.66786261913584,-48.06786261913584,17,6
2024-06-30 18:00:00,27.43,51.66786261913584,-24.23786261913584,18,6
2024-06-30 19:00:00,46.62,51.66786261913584,-5.0478626191358416,19,6
2024-06-30 20:00:00,59.1,51.66786261913584,7.432137380864162,20,6
2024-06-30 21:00:00,101.64,51.66786261913584,49.97213738086416,21,6
2024-06-30 22:00:00,103.22,51.66786261913584,51.55213738086416,22,6
2024-06-30 23:00:00,100.92,51.66786261913584,49.25213738086416,23,6
2024-07-01 00:00:00,73.37,51.66786261913584,21.702137380864166,0,7
2024-07-01 01:00:00,67.3,51.66786261913584,15.632137380864158,1,7
2024-07-01 02:00:00,60.0,51.66786261913584,8.332137380864161,2,7
2024-07-01 03:00:00,66.54,51.66786261913584,14.872137380864167,3,7
2024-07-01 04:00:00,50.2,51.66786261913584,-1.4678626191358362,4,7
2024-07-01 05:00:00,51.9,51.66786261913584,0.23213738086415958,5,7
2024-07-01 06:00:00,59.26,51.66786261913584,7.592137380864159,6,7
2024-07-01 07:00:00,87.57,51.66786261913584,35.902137380864154,7,7
2024-07-01 08:00:00,71.18,51.66786261913584,19.512137380864168,8,7
2024-07-01 09:00:00,50.03,51.66786261913584,-1.6378626191358379,9,7
2024-07-01 10:00:00,44.52,51.66786261913584,-7.147862619135836,10,7
2024-07-01 11:00:00,35.01,51.66786261913584,-16.65786261913584,11,7
2024-07-01 12:00:00,35.01,51.66786261913584,-16.65786261913584,12,7
2024-07-01 13:00:00,35.0,51.66786261913584,-16.66786261913584,13,7
2024-07-01 14:00:00,21.17,51.66786261913584,-30.497862619135837,14,7
2024-07-01 15:00:00,15.02,51.66786261913584,-36.647862619135836,15,7
2024-07-01 16:00:00,10.15,51.66786261913584,-41.51786261913584,16,7
2024-07-01 17:00:00,21.17,51.66786261913584,-30.497862619135837,17,7
2024-07-01 18:00:00,35.02,51.66786261913584,-16.647862619135836,18,7
2024-07-01 19:00:00,49.28,51.66786261913584,-2.387862619135838,19,7
2024-07-01 20:00:00,71.18,51.66786261913584,19.512137380864168,20,7
2024-07-01 21:00:00,80.79,51.66786261913584,29.122137380864167,21,7
2024-07-01 22:00:00,99.26,51.66786261913584,47.592137380864166,22,7
2024-07-01 23:00:00,87.46,51.66786261913584,35.792137380864155,23,7
2024-07-02 00:00:00,65.53,51.66786261913584,13.862137380864162,0,7
2024-07-02 01:00:00,49.9,51.66786261913584,-1.7678626191358404,1,7
2024-07-02 02:00:00,39.69,51.66786261913584,-11.977862619135841,2,7
2024-07-02 03:00:00,38.01,51.66786261913584,-13.657862619135841,3,7
2024-07-02 04:00:00,37.75,51.66786261913584,-13.917862619135839,4,7
2024-07-02 05:00:00,41.07,51.66786261913584,-10.597862619135839,5,7
2024-07-02 06:00:00,55.0,51.66786261913584,3.332137380864161,6,7
2024-07-02 07:00:00,81.82,51.66786261913584,30.152137380864154,7,7
2024-07-02 08:00:00,61.66,51.66786261913584,9.992137380864158,8,7
2024-07-02 09:00:00,45.0,51.66786261913584,-6.667862619135839,9,7
2024-07-02 10:00:00,35.0,51.66786261913584,-16.66786261913584,10,7
2024-07-02 11:00:00,30.9,51.66786261913584,-20.76786261913584,11,7
2024-07-02 12:00:00,26.79,51.66786261913584,-24.87786261913584,12,7
2024-07-02 13:00:00,24.99,51.66786261913584,-26.67786261913584,13,7
2024-07-02 14:00:00,17.95,51.66786261913584,-33.71786261913584,14,7
2024-07-02 15:00:00,4.0,51.66786261913584,-47.66786261913584,15,7
2024-07-02 16:00:00,4.0,51.66786261913584,-47.66786261913584,16,7
2024-07-02 17:00:00,10.96,51.66786261913584,-40.70786261913584,17,7
2024-07-02 18:00:00,35.0,51.66786261913584,-16.66786261913584,18,7
2024-07-02 19:00:00,37.75,51.66786261913584,-13.917862619135839,19,7
2024-07-02 20:00:00,74.64,51.66786261913584,22.97213738086416,20,7
2024-07-02 21:00:00,110.41,51.66786261913584,58.74213738086416,21,7
2024-07-02 22:00:00,109.45,51.66786261913584,57.782137380864164,22,7
2024-07-02 23:00:00,89.99,51.66786261913584,38.322137380864156,23,7
2024-07-03 00:00:00,94.22,51.66786261913584,42.55213738086416,0,7
2024-07-03 01:00:00,83.79,51.66786261913584,32.12213738086417,1,7
2024-07-03 02:00:00,80.0,51.66786261913584,28.33213738086416,2,7
2024-07-03 03:00:00,72.0,51.66786261913584,20.33213738086416,3,7
2024-07-03 04:00:00,70.8,51.66786261913584,19.132137380864158,4,7
2024-07-03 05:00:00,65.65,51.66786261913584,13.982137380864167,5,7
2024-07-03 06:00:00,85.0,51.66786261913584,33.33213738086416,6,7
2024-07-03 07:00:00,99.77,51.66786261913584,48.10213738086416,7,7
2024-07-03 08:00:00,95.75,51.66786261913584,44.08213738086416,8,7
2024-07-03 09:00:00,76.0,51.66786261913584,24.33213738086416,9,7
2024-07-03 10:00:00,54.08,51.66786261913584,2.4121373808641593,10,7
2024-07-03 11:00:00,40.25,51.66786261913584,-11.417862619135839,11,7
2024-07-03 12:00:00,35.0,51.66786261913584,-16.66786261913584,12,7
2024-07-03 13:00:00,21.34,51.66786261913584,-30.32786261913584,13,7
2024-07-03 14:00:00,14.0,51.66786261913584,-37.66786261913584,14,7
2024-07-03 15:00:00,8.68,51.66786261913584,-42.98786261913584,15,7
2024-07-03 16:00:00,3.6,51.66786261913584,-48.06786261913584,16,7
2024-07-03 17:00:00,12.17,51.66786261913584,-39.49786261913584,17,7
2024-07-03 18:00:00,34.27,51.66786261913584,-17.397862619135836,18,7
2024-07-03 19:00:00,35.02,51.66786261913584,-16.647862619135836,19,7
2024-07-03 20:00:00,89.9,51.66786261913584,38.23213738086417,20,7
2024-07-03 21:00:00,107.51,51.66786261913584,55.842137380864166,21,7
2024-07-03 22:00:00,106.49,51.66786261913584,54.822137380864156,22,7
2024-07-03 23:00:00,95.66,51.66786261913584,43.99213738086416,23,7
2024-07-04 00:00:00,94.94,51.66786261913584,43.27213738086416,0,7
2024-07-04 01:00:00,80.0,51.66786261913584,28.33213738086416,1,7
2024-07-04 02:00:00,72.5,51.66786261913584,20.83213738086416,2,7
2024-07-04 03:00:00,83.54,51.66786261913584,31.872137380864167,3,7
2024-07-04 04:00:00,80.0,51.66786261913584,28.33213738086416,4,7
2024-07-04 05:00:00,86.27,51.66786261913584,34.60213738086416,5,7
2024-07-04 06:00:00,96.04,51.66786261913584,44.37213738086417,6,7
2024-07-04 07:00:00,99.88,51.66786261913584,48.21213738086416,7,7
2024-07-04 08:00:00,83.82,51.66786261913584,32.152137380864154,8,7
2024-07-04 09:00:00,40.0,51.66786261913584,-11.667862619135839,9,7
2024-07-04 10:00:00,4.83,51.66786261913584,-46.83786261913584,10,7
2024-07-04 11:00:00,0.0,51.66786261913584,-51.66786261913584,11,7
2024-07-04 12:00:00,0.0,51.66786261913584,-51.66786261913584,12,7
2024-07-04 13:00:00,0.0,51.66786261913584,-51.66786261913584,13,7
2024-07-04 14:00:00,0.0,51.66786261913584,-51.66786261913584,14,7
2024-07-04 15:00:00,-0.82,51.66786261913584,-52.48786261913584,15,7
2024-07-04 16:00:00,-0.82,51.66786261913584,-52.48786261913584,16,7
2024-07-04 17:00:00,0.0,51.66786261913584,-51.66786261913584,17,7
2024-07-04 18:00:00,6.77,51.66786261913584,-44.897862619135836,18,7
2024-07-04 19:00:00,42.38,51.66786261913584,-9.287862619135836,19,7
2024-07-04 20:00:00,86.9,51.66786261913584,35.23213738086417,20,7
2024-07-04 21:00:00,99.64,51.66786261913584,47.97213738086416,21,7
2024-07-04 22:00:00,98.5,51.66786261913584,46.83213738086416,22,7
2024-07-04 23:00:00,90.0,51.66786261913584,38.33213738086416,23,7
2024-07-05 00:00:00,81.66,51.66786261913584,29.992137380864158,0,7
2024-07-05 01:00:00,81.66,51.66786261913584,29.992137380864158,1,7
2024-07-05 02:00:00,81.42,51.66786261913584,29.752137380864163,2,7
2024-07-05 03:00:00,87.75,51.66786261913584,36.08213738086416,3,7
2024-07-05 04:00:00,88.2,51.66786261913584,36.532137380864164,4,7
2024-07-05 05:00:00,90.01,51.66786261913584,38.342137380864166,5,7
2024-07-05 06:00:00,95.33,51.66786261913584,43.66213738086416,6,7
2024-07-05 07:00:00,104.25,51.66786261913584,52.58213738086416,7,7
2024-07-05 08:00:00,91.43,51.66786261913584,39.76213738086417,8,7
2024-07-05 09:00:00,59.5,51.66786261913584,7.832137380864161,9,7
2024-07-05 10:00:00,35.01,51.66786261913584,-16.65786261913584,10,7
2024-07-05 11:00:00,29.0,51.66786261913584,-22.66786261913584,11,7
2024-07-05 12:00:00,7.44,51.66786261913584,-44.22786261913584,12,7
2024-07-05 13:00:00,3.32,51.66786261913584,-48.34786261913584,13,7
2024-07-05 14:00:00,3.32,51.66786261913584,-48.34786261913584,14,7
2024-07-05 15:00:00,1.23,51.66786261913584,-50.43786261913584,15,7
2024-07-05 16:00:00,3.32,51.66786261913584,-48.34786261913584,16,7
2024-07-05 17:00:00,17.42,51.66786261913584,-34.24786261913584,17,7
2024-07-05 18:00:00,38.0,51.66786261913584,-13.667862619135839,18,7
2024-07-05 19:00:00,63.31,51.66786261913584,11.642137380864163,19,7
2024-07-05 20:00:00,82.7,51.66786261913584,31.032137380864164,20,7
2024-07-05 21:00:00,95.0,51.66786261913584,43.33213738086416,21,7
2024-07-05 22:00:00,106.33,51.66786261913584,54.66213738086416,22,7
2024-07-05 23:00:00,90.4,51.66786261913584,38.73213738086417,23,7
2024-07-06 00:00:00,101.0,51.66786261913584,49.33213738086416,0,7
2024-07-06 01:00:00,96.96,51.66786261913584,45.292137380864155,1,7
2024-07-06 02:00:00,79.74,51.66786261913584,28.072137380864156,2,7
2024-07-06 03:00:00,71.91,51.66786261913584,20.242137380864158,3,7
2024-07-06 04:00:00,77.25,51.66786261913584,25.58213738086416,4,7
2024-07-06 05:00:00,70.66,51.66786261913584,18.992137380864158,5,7
2024-07-06 06:00:00,70.66,51.66786261913584,18.992137380864158,6,7
2024-07-06 07:00:00,65.5,51.66786261913584,13.832137380864161,7,7
2024-07-06 08:00:00,30.87,51.66786261913584,-20.797862619135838,8,7
2024-07-06 09:00:00,0.0,51.66786261913584,-51.66786261913584,9,7
2024-07-06 10:00:00,0.0,51.66786261913584,-51.66786261913584,10,7
2024-07-06 11:00:00,-0.01,51.66786261913584,-51.67786261913584,11,7
2024-07-06 12:00:00,-0.51,51.66786261913584,-52.17786261913584,12,7
2024-07-06 13:00:00,-0.76,51.66786261913584,-52.42786261913584,13,7
2024-07-06 14:00:00,-0.95,51.66786261913584,-52.61786261913584,14,7
2024-07-06 15:00:00,-1.0,51.66786261913584,-52.66786261913584,15,7
2024-07-06 16:00:00,-1.01,51.66786261913584,-52.67786261913584,16,7
2024-07-06 17:00:00,-1.0,51.66786261913584,-52.66786261913584,17,7
2024-07-06 18:00:00,-0.82,51.66786261913584,-52.48786261913584,18,7
2024-07-06 19:00:00,0.0,51.66786261913584,-51.66786261913584,19,7
2024-07-06 20:00:00,9.23,51.66786261913584,-42.43786261913584,20,7
2024-07-06 21:00:00,41.1,51.66786261913584,-10.567862619135838,21,7
2024-07-06 22:00:00,59.7,51.66786261913584,8.032137380864164,22,7
2024-07-06 23:00:00,46.89,51.66786261913584,-4.777862619135838,23,7
2024-07-07 00:00:00,56.55,51.66786261913584,4.882137380864158,0,7
2024-07-07 01:00:00,48.95,51.66786261913584,-2.717862619135836,1,7
2024-07-07 02:00:00,44.16,51.66786261913584,-7.507862619135842,2,7
2024-07-07 03:00:00,44.9,51.66786261913584,-6.76786261913584,3,7
2024-07-07 04:00:00,44.16,51.66786261913584,-7.507862619135842,4,7
2024-07-07 05:00:00,56.55,51.66786261913584,4.882137380864158,5,7
2024-07-07 06:00:00,56.55,51.66786261913584,4.882137380864158,6,7
2024-07-07 07:00:00,56.68,51.66786261913584,5.012137380864161,7,7
2024-07-07 08:00:00,24.87,51.66786261913584,-26.797862619135838,8,7
2024-07-07 09:00:00,-0.01,51.66786261913584,-51.67786261913584,9,7
2024-07-07 10:00:00,-0.51,51.66786261913584,-52.17786261913584,10,7
2024-07-07 11:00:00,-0.78,51.66786261913584,-52.44786261913584,11,7
2024-07-07 12:00:00,-0.66,51.66786261913584,-52.327862619135836,12,7
2024-07-07 13:00:00,-0.02,51.66786261913584,-51.68786261913584,13,7
2024-07-07 14:00:00,-0.78,51.66786261913584,-52.44786261913584,14,7
2024-07-07 15:00:00,-1.0,51.66786261913584,-52.66786261913584,15,7
2024-07-07 16:00:00,-1.01,51.66786261913584,-52.67786261913584,16,7
2024-07-07 17:00:00,0.0,51.66786261913584,-51.66786261913584,17,7
2024-07-07 18:00:00,3.32,51.66786261913584,-48.34786261913584,18,7
2024-07-07 19:00:00,35.94,51.66786261913584,-15.727862619135841,19,7
2024-07-07 20:00:00,59.57,51.66786261913584,7.902137380864161,20,7
2024-07-07 21:00:00,100.73,51.66786261913584,49.062137380864165,21,7
2024-07-07 22:00:00,104.58,51.66786261913584,52.91213738086416,22,7
2024-07-07 23:00:00,100.25,51.66786261913584,48.58213738086416,23,7
2024-07-08 00:00:00,98.7,51.66786261913584,47.032137380864164,0,7
2024-07-08 01:00:00,86.66,51.66786261913584,34.99213738086416,1,7
2024-07-08 02:00:00,85.94,51.66786261913584,34.27213738086416,2,7
2024-07-08 03:00:00,85.7,51.66786261913584,34.032137380864164,3,7
2024-07-08 04:00:00,83.43,51.66786261913584,31.762137380864168,4,7
2024-07-08 05:00:00,85.94,51.66786261913584,34.27213738086416,5,7
2024-07-08 06:00:00,89.72,51.66786261913584,38.05213738086416,6,7
2024-07-08 07:00:00,103.21,51.66786261913584,51.542137380864155,7,7
2024-07-08 08:00:00,100.61,51.66786261913584,48.94213738086416,8,7
2024-07-08 09:00:00,78.22,51.66786261913584,26.55213738086416,9,7
2024-07-08 10:00:00,54.6,51.66786261913584,2.9321373808641624,10,7
2024-07-08 11:00:00,40.88,51.66786261913584,-10.787862619135836,11,7
2024-07-08 12:00:00,35.0,51.66786261913584,-16.66786261913584,12,7
2024-07-08 13:00:00,32.65,51.66786261913584,-19.01786261913584,13,7
2024-07-08 14:00:00,31.98,51.66786261913584,-19.68786261913584,14,7
2024-07-08 15:00:00,35.0,51.66786261913584,-16.66786261913584,15,7
2024-07-08 16:00:00,35.0,51.66786261913584,-16.66786261913584,16,7
2024-07-08 17:00:00,41.99,51.66786261913584,-9.677862619135837,17,7
2024-07-08 18:00:00,44.88,51.66786261913584,-6.787862619135836,18,7
2024-07-08 19:00:00,81.0,51.66786261913584,29.33213738086416,19,7
2024-07-08 20:00:00,103.21,51.66786261913584,51.542137380864155,20,7
2024-07-08 21:00:00,115.15,51.66786261913584,63.48213738086417,21,7
2024-07-08 22:00:00,109.0,51.66786261913584,57.33213738086416,22,7
2024-07-08 23:00:00,98.01,51.66786261913584,46.342137380864166,23,7
2024-07-09 00:00:00,95.92,51.66786261913584,44.25213738086416,0,7
2024-07-09 01:00:00,72.25,51.66786261913584,20.58213738086416,1,7
2024-07-09 02:00:00,77.0,51.66786261913584,25.33213738086416,2,7
2024-07-09 03:00:00,73.22,51.66786261913584,21.55213738086416,3,7
2024-07-09 04:00:00,66.71,51.66786261913584,15.042137380864155,4,7
2024-07-09 05:00:00,65.5,51.66786261913584,13.832137380864161,5,7
2024-07-09 06:00:00,80.0,51.66786261913584,28.33213738086416,6,7
2024-07-09 07:00:00,101.51,51.66786261913584,49.842137380864166,7,7
2024-07-09 08:00:00,88.33,51.66786261913584,36.66213738086416,8,7
2024-07-09 09:00:00,70.8,51.66786261913584,19.132137380864158,9,7
2024-07-09 10:00:00,46.63,51.66786261913584,-5.037862619135836,10,7
2024-07-09 11:00:00,42.49,51.66786261913584,-9.177862619135837,11,7
2024-07-09 12:00:00,33.76,51.66786261913584,-17.90786261913584,12,7
2024-07-09 13:00:00,22.98,51.66786261913584,-28.68786261913584,13,7
2024-07-09 14:00:00,8.3,51.66786261913584,-43.367862619135835,14,7
2024-07-09 15:00:00,15.59,51.66786261913584,-36.07786261913584,15,7
2024-07-09 16:00:00,29.39,51.66786261913584,-22.27786261913584,16,7
2024-07-09 17:00:00,48.8,51.66786261913584,-2.867862619135842,17,7
2024-07-09 18:00:00,60.7,51.66786261913584,9.032137380864164,18,7
2024-07-09 19:00:00,84.77,51.66786261913584,33.10213738086416,19,7
2024-07-09 20:00:00,106.18,51.66786261913584,54.51213738086417,20,7
2024-07-09 21:00:00,120.09,51.66786261913584,68.42213738086417,21,7
2024-07-09 22:00:00,141.94,51.66786261913584,90.27213738086417,22,7
2024-07-09 23:00:00,116.38,51.66786261913584,64.71213738086416,23,7
2024-07-10 00:00:00,107.94,51.66786261913584,56.27213738086416,0,7
2024-07-10 01:00:00,106.81,51.66786261913584,55.14213738086416,1,7
2024-07-10 02:00:00,104.22,51.66786261913584,52.55213738086416,2,7
2024-07-10 03:00:00,102.61,51.66786261913584,50.94213738086416,3,7
2024-07-10 04:00:00,101.92,51.66786261913584,50.25213738086416,4,7
2024-07-10 05:00:00,104.22,51.66786261913584,52.55213738086416,5,7
2024-07-10 06:00:00,101.5,51.66786261913584,49.83213738086416,6,7
2024-07-10 07:00:00,108.43,51.66786261913584,56.76213738086417,7,7
2024-07-10 08:00:00,101.92,51.66786261913584,50.25213738086416,8,7
2024-07-10 09:00:00,94.99,51.66786261913584,43.322137380864156,9,7
2024-07-10 10:00:00,65.0,51.66786261913584,13.332137380864161,10,7
2024-07-10 11:00:00,57.75,51.66786261913584,6.082137380864161,11,7
2024-07-10 12:00:00,57.21,51.66786261913584,5.542137380864162,12,7
2024-07-10 13:00:00,51.1,51.66786261913584,-0.5678626191358376,13,7
2024-07-10 14:00:00,50.77,51.66786261913584,-0.8978626191358359,14,7
2024-07-10 15:00:00,45.06,51.66786261913584,-6.607862619135837,15,7
2024-07-10 16:00:00,45.06,51.66786261913584,-6.607862619135837,16,7
2024-07-10 17:00:00,52.5,51.66786261913584,0.832137380864161,17,7
2024-07-10 18:00:00,75.0,51.66786261913584,23.33213738086416,18,7
2024-07-10 19:00:00,99.58,51.66786261913584,47.91213738086416,19,7
2024-07-10 20:00:00,105.0,51.66786261913584,53.33213738086416,20,7
2024-07-10 21:00:00,120.18,51.66786261913584,68.51213738086417,21,7
2024-07-10 22:00:00,131.98,51.66786261913584,80.31213738086416,22,7
2024-07-10 23:00:00,111.87,51.66786261913584,60.202137380864166,23,7
2024-07-11 00:00:00,105.0,51.66786261913584,53.33213738086416,0,7
2024-07-11 01:00:00,101.78,51.66786261913584,50.11213738086416,1,7
2024-07-11 02:00:00,101.74,51.66786261913584,50.072137380864156,2,7
2024-07-11 03:00:00,100.0,51.66786261913584,48.33213738086416,3,7
2024-07-11 04:00:00,99.5,51.66786261913584,47.83213738086416,4,7
2024-07-11 05:00:00,99.92,51.66786261913584,48.25213738086416,5,7
2024-07-11 06:00:00,100.0,51.66786261913584,48.33213738086416,6,7
2024-07-11 07:00:00,107.34,51.66786261913584,55.672137380864164,7,7
2024-07-11 08:00:00,100.96,51.66786261913584,49.292137380864155,8,7
2024-07-11 09:00:00,90.69,51.66786261913584,39.02213738086416,9,7
2024-07-11 10:00:00,81.0,51.66786261913584,29.33213738086416,10,7
2024-07-11 11:00:00,68.49,51.66786261913584,16.822137380864156,11,7
2024-07-11 12:00:00,60.0,51.66786261913584,8.332137380864161,12,7
2024-07-11 13:00:00,54.19,51.66786261913584,2.5221373808641587,13,7
2024-07-11 14:00:00,52.0,51.66786261913584,0.332137380864161,14,7
2024-07-11 15:00:00,50.98,51.66786261913584,-0.6878626191358421,15,7
2024-07-11 16:00:00,55.99,51.66786261913584,4.322137380864163,16,7
2024-07-11 17:00:00,57.61,51.66786261913584,5.94213738086416,17,7
2024-07-11 18:00:00,61.49,51.66786261913584,9.822137380864163,18,7
2024-07-11 19:00:00,84.19,51.66786261913584,32.52213738086416,19,7
2024-07-11 20:00:00,101.78,51.66786261913584,50.11213738086416,20,7
2024-07-11 21:00:00,109.55,51.66786261913584,57.88213738086416,21,7
2024-07-11 22:00:00,111.39,51.66786261913584,59.72213738086416,22,7
2024-07-11 23:00:00,97.15,51.66786261913584,45.48213738086417,23,7
2024-07-12 00:00:00,85.0,51.66786261913584,33.33213738086416,0,7
2024-07-12 01:00:00,71.32,51.66786261913584,19.652137380864154,1,7
2024-07-12 02:00:00,74.44,51.66786261913584,22.77213738086416,2,7
2024-07-12 03:00:00,62.7,51.66786261913584,11.032137380864164,3,7
2024-07-12 04:00:00,56.5,51.66786261913584,4.832137380864161,4,7
2024-07-12 05:00:00,60.3,51.66786261913584,8.632137380864158,5,7
2024-07-12 06:00:00,70.0,51.66786261913584,18.33213738086416,6,7
2024-07-12 07:00:00,75.6,51.66786261913584,23.932137380864155,7,7
2024-07-12 08:00:00,73.72,51.66786261913584,22.05213738086416,8,7
2024-07-12 09:00:00,49.0,51.66786261913584,-2.667862619135839,9,7
2024-07-12 10:00:00,41.75,51.66786261913584,-9.917862619135839,10,7
2024-07-12 11:00:00,41.36,51.66786261913584,-10.30786261913584,11,7
2024-07-12 12:00:00,41.49,51.66786261913584,-10.177862619135837,12,7
2024-07-12 13:00:00,41.49,51.66786261913584,-10.177862619135837,13,7
2024-07-12 14:00:00,41.1,51.66786261913584,-10.567862619135838,14,7
2024-07-12 15:00:00,36.03,51.66786261913584,-15.637862619135838,15,7
2024-07-12 16:00:00,24.45,51.66786261913584,-27.21786261913584,16,7
2024-07-12 17:00:00,38.36,51.66786261913584,-13.30786261913584,17,7
2024-07-12 18:00:00,41.49,51.66786261913584,-10.177862619135837,18,7
2024-07-12 19:00:00,52.2,51.66786261913584,0.5321373808641638,19,7
2024-07-12 20:00:00,75.58,51.66786261913584,23.91213738086416,20,7
2024-07-12 21:00:00,89.93,51.66786261913584,38.26213738086417,21,7
2024-07-12 22:00:00,87.0,51.66786261913584,35.33213738086416,22,7
2024-07-12 23:00:00,79.97,51.66786261913584,28.30213738086416,23,7
2024-07-13 00:00:00,90.22,51.66786261913584,38.55213738086416,0,7
2024-07-13 01:00:00,86.11,51.66786261913584,34.44213738086416,1,7
2024-07-13 02:00:00,75.9,51.66786261913584,24.232137380864167,2,7
2024-07-13 03:00:00,75.59,51.66786261913584,23.922137380864164,3,7
2024-07-13 04:00:00,79.0,51.66786261913584,27.33213738086416,4,7
2024-07-13 05:00:00,83.61,51.66786261913584,31.94213738086416,5,7
2024-07-13 06:00:00,86.22,51.66786261913584,34.55213738086416,6,7
2024-07-13 07:00:00,86.46,51.66786261913584,34.792137380864155,7,7
2024-07-13 08:00:00,50.01,51.66786261913584,-1.657862619135841,8,7
2024-07-13 09:00:00,43.99,51.66786261913584,-7.677862619135837,9,7
2024-07-13 10:00:00,10.0,51.66786261913584,-41.66786261913584,10,7
2024-07-13 11:00:00,3.32,51.66786261913584,-48.34786261913584,11,7
2024-07-13 12:00:00,0.44,51.66786261913584,-51.22786261913584,12,7
2024-07-13 13:00:00,0.44,51.66786261913584,-51.22786261913584,13,7
2024-07-13 14:00:00,0.0,51.66786261913584,-51.66786261913584,14,7
2024-07-13 15:00:00,0.0,51.66786261913584,-51.66786261913584,15,7
2024-07-13 16:00:00,0.0,51.66786261913584,-51.66786261913584,16,7
2024-07-13 17:00:00,0.9,51.66786261913584,-50.76786261913584,17,7
2024-07-13 18:00:00,30.51,51.66786261913584,-21.157862619135837,18,7
2024-07-13 19:00:00,49.38,51.66786261913584,-2.2878626191358364,19,7
2024-07-13 20:00:00,75.45,51.66786261913584,23.782137380864164,20,7
2024-07-13 21:00:00,97.81,51.66786261913584,46.14213738086416,21,7
2024-07-13 22:00:00,107.48,51.66786261913584,55.812137380864165,22,7
2024-07-13 23:00:00,100.16,51.66786261913584,48.49213738086416,23,7
2024-07-14 00:00:00,107.51,51.66786261913584,55.842137380864166,0,7
2024-07-14 01:00:00,99.22,51.66786261913584,47.55213738086416,1,7
2024-07-14 02:00:00,97.94,51.66786261913584,46.27213738086416,2,7
2024-07-14 03:00:00,96.71,51.66786261913584,45.042137380864155,3,7
2024-07-14 04:00:00,96.71,51.66786261913584,45.042137380864155,4,7
2024-07-14 05:00:00,95.41,51.66786261913584,43.74213738086416,5,7
2024-07-14 06:00:00,96.8,51.66786261913584,45.13213738086416,6,7
2024-07-14 07:00:00,86.32,51.66786261913584,34.652137380864154,7,7
2024-07-14 08:00:00,46.0,51.66786261913584,-5.667862619135839,8,7
2024-07-14 09:00:00,0.44,51.66786261913584,-51.22786261913584,9,7
2024-07-14 10:00:00,-0.01,51.66786261913584,-51.67786261913584,10,7
2024-07-14 11:00:00,-0.62,51.66786261913584,-52.287862619135836,11,7
2024-07-14 12:00:00,-0.8,51.66786261913584,-52.467862619135836,12,7
2024-07-14 13:00:00,-0.62,51.66786261913584,-52.287862619135836,13,7
2024-07-14 14:00:00,-0.62,51.66786261913584,-52.287862619135836,14,7
2024-07-14 15:00:00,-0.95,51.66786261913584,-52.61786261913584,15,7
2024-07-14 16:00:00,-0.95,51.66786261913584,-52.61786261913584,16,7
2024-07-14 17:00:00,0.0,51.66786261913584,-51.66786261913584,17,7
2024-07-14 18:00:00,9.79,51.66786261913584,-41.87786261913584,18,7
2024-07-14 19:00:00,44.81,51.66786261913584,-6.857862619135837,19,7
2024-07-14 20:00:00,74.57,51.66786261913584,22.902137380864154,20,7
2024-07-14 21:00:00,99.31,51.66786261913584,47.64213738086416,21,7
2024-07-14 22:00:00,109.91,51.66786261913584,58.24213738086416,22,7
2024-07-14 23:00:00,97.89,51.66786261913584,46.22213738086416,23,7
2024-07-15 00:00:00,89.61,51.66786261913584,37.94213738086416,0,7
2024-07-15 01:00:00,75.0,51.66786261913584,23.33213738086416,1,7
2024-07-15 02:00:00,60.31,51.66786261913584,8.642137380864163,2,7
2024-07-15 03:00:00,60.31,51.66786261913584,8.642137380864163,3,7
2024-07-15 04:00:00,59.79,51.66786261913584,8.12213738086416,4,7
2024-07-15 05:00:00,59.92,51.66786261913584,8.252137380864163,5,7
2024-07-15 06:00:00,66.56,51.66786261913584,14.892137380864163,6,7
2024-07-15 07:00:00,89.87,51.66786261913584,38.202137380864166,7,7
2024-07-15 08:00:00,82.15,51.66786261913584,30.482137380864167,8,7
2024-07-15 09:00:00,62.01,51.66786261913584,10.342137380864159,9,7
2024-07-15 10:00:00,39.49,51.66786261913584,-12.177862619135837,10,7
2024-07-15 11:00:00,15.84,51.66786261913584,-35.82786261913584,11,7
2024-07-15 12:00:00,6.06,51.66786261913584,-45.60786261913584,12,7
2024-07-15 13:00:00,3.74,51.66786261913584,-47.92786261913584,13,7
2024-07-15 14:00:00,3.9,51.66786261913584,-47.76786261913584,14,7
2024-07-15 15:00:00,7.48,51.66786261913584,-44.18786261913584,15,7
2024-07-15 16:00:00,5.99,51.66786261913584,-45.67786261913584,16,7
2024-07-15 17:00:00,14.0,51.66786261913584,-37.66786261913584,17,7
2024-07-15 18:00:00,40.0,51.66786261913584,-11.667862619135839,18,7
2024-07-15 19:00:00,60.0,51.66786261913584,8.332137380864161,19,7
2024-07-15 20:00:00,80.0,51.66786261913584,28.33213738086416,20,7
2024-07-15 21:00:00,108.78,51.66786261913584,57.11213738086416,21,7
2024-07-15 22:00:00,109.37,51.66786261913584,57.702137380864166,22,7
2024-07-15 23:00:00,94.7,51.66786261913584,43.032137380864164,23,7
2024-07-16 00:00:00,105.48,51.66786261913584,53.812137380864165,0,7
2024-07-16 01:00:00,97.15,51.66786261913584,45.48213738086417,1,7
2024-07-16 02:00:00,97.15,51.66786261913584,45.48213738086417,2,7
2024-07-16 03:00:00,97.0,51.66786261913584,45.33213738086416,3,7
2024-07-16 04:00:00,97.15,51.66786261913584,45.48213738086417,4,7
2024-07-16 05:00:00,100.1,51.66786261913584,48.432137380864155,5,7
2024-07-16 06:00:00,98.7,51.66786261913584,47.032137380864164,6,7
2024-07-16 07:00:00,108.0,51.66786261913584,56.33213738086416,7,7
2024-07-16 08:00:00,98.45,51.66786261913584,46.782137380864164,8,7
2024-07-16 09:00:00,86.75,51.66786261913584,35.08213738086416,9,7
2024-07-16 10:00:00,73.28,51.66786261913584,21.612137380864162,10,7
2024-07-16 11:00:00,61.59,51.66786261913584,9.922137380864164,11,7
2024-07-16 12:00:00,61.38,51.66786261913584,9.712137380864164,12,7
2024-07-16 13:00:00,61.38,51.66786261913584,9.712137380864164,13,7
2024-07-16 14:00:00,60.31,51.66786261913584,8.642137380864163,14,7
2024-07-16 15:00:00,59.92,51.66786261913584,8.252137380864163,15,7
2024-07-16 16:00:00,59.79,51.66786261913584,8.12213738086416,16,7
2024-07-16 17:00:00,60.18,51.66786261913584,8.51213738086416,17,7
2024-07-16 18:00:00,67.77,51.66786261913584,16.102137380864157,18,7
2024-07-16 19:00:00,94.5,51.66786261913584,42.83213738086416,19,7
2024-07-16 20:00:00,109.11,51.66786261913584,57.44213738086416,20,7
2024-07-16 21:00:00,125.02,51.66786261913584,73.35213738086415,21,7
2024-07-16 22:00:00,115.0,51.66786261913584,63.33213738086416,22,7
2024-07-16 23:00:00,98.7,51.66786261913584,47.032137380864164,23,7
2024-07-17 00:00:00,101.78,51.66786261913584,50.11213738086416,0,7
2024-07-17 01:00:00,96.02,51.66786261913584,44.35213738086416,1,7
2024-07-17 02:00:00,92.23,51.66786261913584,40.562137380864165,2,7
2024-07-17 03:00:00,94.95,51.66786261913584,43.282137380864164,3,7
2024-07-17 04:00:00,96.25,51.66786261913584,44.58213738086416,4,7
2024-07-17 05:00:00,96.25,51.66786261913584,44.58213738086416,5,7
2024-07-17 06:00:00,107.0,51.66786261913584,55.33213738086416,6,7
2024-07-17 07:00:00,113.22,51.66786261913584,61.55213738086416,7,7
2024-07-17 08:00:00,105.7,51.66786261913584,54.032137380864164,8,7
2024-07-17 09:00:00,97.55,51.66786261913584,45.88213738086416,9,7
2024-07-17 10:00:00,93.65,51.66786261913584,41.98213738086417,10,7
2024-07-17 11:00:00,75.0,51.66786261913584,23.33213738086416,11,7
2024-07-17 12:00:00,71.38,51.66786261913584,19.712137380864156,12,7
2024-07-17 13:00:00,70.18,51.66786261913584,18.512137380864168,13,7
2024-07-17 14:00:00,70.0,51.66786261913584,18.33213738086416,14,7
2024-07-17 15:00:00,69.79,51.66786261913584,18.122137380864167,15,7
2024-07-17 16:00:00,69.66,51.66786261913584,17.992137380864158,16,7
2024-07-17 17:00:00,70.18,51.66786261913584,18.512137380864168,17,7
2024-07-17 18:00:00,87.69,51.66786261913584,36.02213738086416,18,7
2024-07-17 19:00:00,104.63,51.66786261913584,52.96213738086416,19,7
2024-07-17 20:00:00,115.75,51.66786261913584,64.08213738086417,20,7
2024-07-17 21:00:00,125.26,51.66786261913584,73.59213738086416,21,7
2024-07-17 22:00:00,127.0,51.66786261913584,75.33213738086417,22,7
2024-07-17 23:00:00,115.01,51.66786261913584,63.342137380864166,23,7
2024-07-18 00:00:00,108.13,51.66786261913584,56.46213738086416,0,7
2024-07-18 01:00:00,100.5,51.66786261913584,48.83213738086416,1,7
2024-07-18 02:00:00,96.37,51.66786261913584,44.702137380864166,2,7
2024-07-18 03:00:00,96.08,51.66786261913584,44.41213738086416,3,7
2024-07-18 04:00:00,96.18,51.66786261913584,44.51213738086417,4,7
2024-07-18 05:00:00,97.48,51.66786261913584,45.812137380864165,5,7
2024-07-18 06:00:00,107.31,51.66786261913584,55.64213738086416,6,7
2024-07-18 07:00:00,111.94,51.66786261913584,60.27213738086416,7,7
2024-07-18 08:00:00,107.21,51.66786261913584,55.542137380864155,8,7
2024-07-18 09:00:00,93.58,51.66786261913584,41.91213738086416,9,7
2024-07-18 10:00:00,94.0,51.66786261913584,42.33213738086416,10,7
2024-07-18 11:00:00,90.98,51.66786261913584,39.312137380864165,11,7
2024-07-18 12:00:00,86.38,51.66786261913584,34.71213738086416,12,7
2024-07-18 13:00:00,84.61,51.66786261913584,32.94213738086416,13,7
2024-07-18 14:00:00,83.0,51.66786261913584,31.33213738086416,14,7
2024-07-18 15:00:00,79.21,51.66786261913584,27.542137380864155,15,7
2024-07-18 16:00:00,80.0,51.66786261913584,28.33213738086416,16,7
2024-07-18 17:00:00,90.0,51.66786261913584,38.33213738086416,17,7
2024-07-18 18:00:00,102.85,51.66786261913584,51.182137380864155,18,7
2024-07-18 19:00:00,121.22,51.66786261913584,69.55213738086417,19,7
2024-07-18 20:00:00,130.05,51.66786261913584,78.38213738086418,20,7
2024-07-18 21:00:00,138.23,51.66786261913584,86.56213738086416,21,7
2024-07-18 22:00:00,124.24,51.66786261913584,72.57213738086415,22,7
2024-07-18 23:00:00,113.22,51.66786261913584,61.55213738086416,23,7
2024-07-19 00:00:00,108.49,51.66786261913584,56.822137380864156,0,7
2024-07-19 01:00:00,106.37,51.66786261913584,54.702137380864166,1,7
2024-07-19 02:00:00,103.99,51.66786261913584,52.322137380864156,2,7
2024-07-19 03:00:00,103.98,51.66786261913584,52.312137380864165,3,7
2024-07-19 04:00:00,103.98,51.66786261913584,52.312137380864165,4,7
2024-07-19 05:00:00,105.87,51.66786261913584,54.202137380864166,5,7
2024-07-19 06:00:00,109.8,51.66786261913584,58.13213738086416,6,7
2024-07-19 07:00:00,116.22,51.66786261913584,64.55213738086417,7,7
2024-07-19 08:00:00,108.85,51.66786261913584,57.182137380864155,8,7
2024-07-19 09:00:00,101.0,51.66786261913584,49.33213738086416,9,7
2024-07-19 10:00:00,95.46,51.66786261913584,43.792137380864155,10,7
2024-07-19 11:00:00,83.8,51.66786261913584,32.13213738086416,11,7
2024-07-19 12:00:00,80.35,51.66786261913584,28.682137380864155,12,7
2024-07-19 13:00:00,78.59,51.66786261913584,26.922137380864164,13,7
2024-07-19 14:00:00,77.92,51.66786261913584,26.252137380864163,14,7
2024-07-19 15:00:00,75.0,51.66786261913584,23.33213738086416,15,7
2024-07-19 16:00:00,68.72,51.66786261913584,17.05213738086416,16,7
2024-07-19 17:00:00,78.05,51.66786261913584,26.382137380864158,17,7
2024-07-19 18:00:00,85.06,51.66786261913584,33.39213738086416,18,7
2024-07-19 19:00:00,98.1,51.66786261913584,46.432137380864155,19,7
2024-07-19 20:00:00,111.9,51.66786261913584,60.23213738086417,20,7
2024-07-19 21:00:00,121.22,51.66786261913584,69.55213738086417,21,7
2024-07-19 22:00:00,114.94,51.66786261913584,63.27213738086416,22,7
2024-07-19 23:00:00,109.11,51.66786261913584,57.44213738086416,23,7
2024-07-20 00:00:00,101.7,51.66786261913584,50.032137380864164,0,7
2024-07-20 01:00:00,98.65,51.66786261913584,46.98213738086417,1,7
2024-07-20 02:00:00,101.01,51.66786261913584,49.342137380864166,2,7
2024-07-20 03:00:00,98.65,51.66786261913584,46.98213738086417,3,7
2024-07-20 04:00:00,96.86,51.66786261913584,45.19213738086416,4,7
2024-07-20 05:00:00,96.05,51.66786261913584,44.38213738086416,5,7
2024-07-20 06:00:00,94.75,51.66786261913584,43.08213738086416,6,7
2024-07-20 07:00:00,92.9,51.66786261913584,41.23213738086417,7,7
2024-07-20 08:00:00,67.74,51.66786261913584,16.072137380864156,8,7
2024-07-20 09:00:00,50.0,51.66786261913584,-1.667862619135839,9,7
2024-07-20 10:00:00,9.96,51.66786261913584,-41.70786261913584,10,7
2024-07-20 11:00:00,1.57,51.66786261913584,-50.09786261913584,11,7
2024-07-20 12:00:00,0.44,51.66786261913584,-51.22786261913584,12,7
2024-07-20 13:00:00,0.0,51.66786261913584,-51.66786261913584,13,7
2024-07-20 14:00:00,-0.01,51.66786261913584,-51.67786261913584,14,7
2024-07-20 15:00:00,0.0,51.66786261913584,-51.66786261913584,15,7
2024-07-20 16:00:00,0.0,51.66786261913584,-51.66786261913584,16,7
2024-07-20 17:00:00,0.0,51.66786261913584,-51.66786261913584,17,7
2024-07-20 18:00:00,1.9,51.66786261913584,-49.76786261913584,18,7
2024-07-20 19:00:00,6.15,51.66786261913584,-45.51786261913584,19,7
2024-07-20 20:00:00,60.05,51.66786261913584,8.382137380864158,20,7
2024-07-20 21:00:00,87.93,51.66786261913584,36.26213738086417,21,7
2024-07-20 22:00:00,88.31,51.66786261913584,36.64213738086416,22,7
2024-07-20 23:00:00,80.68,51.66786261913584,29.012137380864168,23,7
2024-07-21 00:00:00,67.98,51.66786261913584,16.312137380864165,0,7
2024-07-21 01:00:00,49.77,51.66786261913584,-1.8978626191358359,1,7
2024-07-21 02:00:00,42.26,51.66786261913584,-9.407862619135841,2,7
2024-07-21 03:00:00,43.41,51.66786261913584,-8.257862619135842,3,7
2024-07-21 04:00:00,35.35,51.66786261913584,-16.317862619135838,4,7
2024-07-21 05:00:00,30.8,51.66786261913584,-20.86786261913584,5,7
2024-07-21 06:00:00,32.0,51.66786261913584,-19.66786261913584,6,7
2024-07-21 07:00:00,34.57,51.66786261913584,-17.09786261913584,7,7
2024-07-21 08:00:00,25.07,51.66786261913584,-26.59786261913584,8,7
2024-07-21 09:00:00,0.49,51.66786261913584,-51.17786261913584,9,7
2024-07-21 10:00:00,0.0,51.66786261913584,-51.66786261913584,10,7
2024-07-21 11:00:00,0.0,51.66786261913584,-51.66786261913584,11,7
2024-07-21 12:00:00,-0.01,51.66786261913584,-51.67786261913584,12,7
2024-07-21 13:00:00,-0.1,51.66786261913584,-51.76786261913584,13,7
2024-07-21 14:00:00,-0.25,51.66786261913584,-51.91786261913584,14,7
2024-07-21 15:00:00,-0.01,51.66786261913584,-51.67786261913584,15,7
2024-07-21 16:00:00,0.0,51.66786261913584,-51.66786261913584,16,7
2024-07-21 17:00:00,0.0,51.66786261913584,-51.66786261913584,17,7
2024-07-21 18:00:00,0.1,51.66786261913584,-51.56786261913584,18,7
2024-07-21 19:00:00,25.06,51.66786261913584,-26.60786261913584,19,7
2024-07-21 20:00:00,59.0,51.66786261913584,7.332137380864161,20,7
2024-07-21 21:00:00,95.0,51.66786261913584,43.33213738086416,21,7
2024-07-21 22:00:00,95.44,51.66786261913584,43.77213738086416,22,7
2024-07-21 23:00:00,93.98,51.66786261913584,42.312137380864165,23,7
2024-07-22 00:00:00,94.5,51.66786261913584,42.83213738086416,0,7
2024-07-22 01:00:00,90.9,51.66786261913584,39.23213738086417,1,7
2024-07-22 02:00:00,80.0,51.66786261913584,28.33213738086416,2,7
2024-07-22 03:00:00,77.98,51.66786261913584,26.312137380864165,3,7
2024-07-22 04:00:00,76.31,51.66786261913584,24.642137380864163,4,7
2024-07-22 05:00:00,82.0,51.66786261913584,30.33213738086416,5,7
2024-07-22 06:00:00,92.21,51.66786261913584,40.542137380864155,6,7
2024-07-22 07:00:00,96.11,51.66786261913584,44.44213738086416,7,7
2024-07-22 08:00:00,94.81,51.66786261913584,43.14213738086416,8,7
2024-07-22 09:00:00,63.37,51.66786261913584,11.702137380864158,9,7
2024-07-22 10:00:00,56.18,51.66786261913584,4.512137380864161,10,7
2024-07-22 11:00:00,54.99,51.66786261913584,3.322137380864163,11,7
2024-07-22 12:00:00,55.66,51.66786261913584,3.9921373808641576,12,7
2024-07-22 13:00:00,56.05,51.66786261913584,4.382137380864158,13,7
2024-07-22 14:00:00,56.18,51.66786261913584,4.512137380864161,14,7
2024-07-22 15:00:00,55.92,51.66786261913584,4.252137380864163,15,7
2024-07-22 16:00:00,55.79,51.66786261913584,4.12213738086416,16,7
2024-07-22 17:00:00,56.31,51.66786261913584,4.642137380864163,17,7
2024-07-22 18:00:00,63.37,51.66786261913584,11.702137380864158,18,7
2024-07-22 19:00:00,91.32,51.66786261913584,39.652137380864154,19,7
2024-07-22 20:00:00,106.55,51.66786261913584,54.88213738086416,20,7
2024-07-22 21:00:00,133.58,51.66786261913584,81.91213738086418,21,7
2024-07-22 22:00:00,114.43,51.66786261913584,62.76213738086417,22,7
2024-07-22 23:00:00,104.21,51.66786261913584,52.542137380864155,23,7
2024-07-23 00:00:00,101.98,51.66786261913584,50.312137380864165,0,7
2024-07-23 01:00:00,99.74,51.66786261913584,48.072137380864156,1,7
2024-07-23 02:00:00,96.02,51.66786261913584,44.35213738086416,2,7
2024-07-23 03:00:00,96.02,51.66786261913584,44.35213738086416,3,7
2024-07-23 04:00:00,98.62,51.66786261913584,46.952137380864166,4,7
2024-07-23 05:00:00,102.0,51.66786261913584,50.33213738086416,5,7
2024-07-23 06:00:00,103.92,51.66786261913584,52.25213738086416,6,7
2024-07-23 07:00:00,106.05,51.66786261913584,54.38213738086416,7,7
2024-07-23 08:00:00,102.5,51.66786261913584,50.83213738086416,8,7
2024-07-23 09:00:00,90.82,51.66786261913584,39.152137380864154,9,7
2024-07-23 10:00:00,70.7,51.66786261913584,19.032137380864164,10,7
2024-07-23 11:00:00,66.18,51.66786261913584,14.512137380864168,11,7
2024-07-23 12:00:00,70.0,51.66786261913584,18.33213738086416,12,7
2024-07-23 13:00:00,72.2,51.66786261913584,20.532137380864164,13,7
2024-07-23 14:00:00,74.14,51.66786261913584,22.47213738086416,14,7
2024-07-23 15:00:00,70.7,51.66786261913584,19.032137380864164,15,7
2024-07-23 16:00:00,70.7,51.66786261913584,19.032137380864164,16,7
2024-07-23 17:00:00,80.0,51.66786261913584,28.33213738086416,17,7
2024-07-23 18:00:00,84.32,51.66786261913584,32.652137380864154,18,7
2024-07-23 19:00:00,100.0,51.66786261913584,48.33213738086416,19,7
2024-07-23 20:00:00,106.57,51.66786261913584,54.902137380864154,20,7
2024-07-23 21:00:00,122.23,51.66786261913584,70.56213738086416,21,7
2024-07-23 22:00:00,110.0,51.66786261913584,58.33213738086416,22,7
2024-07-23 23:00:00,106.04,51.66786261913584,54.37213738086417,23,7
2024-07-24 00:00:00,104.38,51.66786261913584,52.71213738086416,0,7
2024-07-24 01:00:00,100.0,51.66786261913584,48.33213738086416,1,7
2024-07-24 02:00:00,98.0,51.66786261913584,46.33213738086416,2,7
2024-07-24 03:00:00,99.07,51.66786261913584,47.402137380864154,3,7
2024-07-24 04:00:00,100.0,51.66786261913584,48.33213738086416,4,7
2024-07-24 05:00:00,102.43,51.66786261913584,50.76213738086417,5,7
2024-07-24 06:00:00,107.9,51.66786261913584,56.23213738086417,6,7
2024-07-24 07:00:00,110.62,51.66786261913584,58.952137380864166,7,7
2024-07-24 08:00:00,105.3,51.66786261913584,53.63213738086416,8,7
2024-07-24 09:00:00,92.57,51.66786261913584,40.902137380864154,9,7
2024-07-24 10:00:00,84.77,51.66786261913584,33.10213738086416,10,7
2024-07-24 11:00:00,76.0,51.66786261913584,24.33213738086416,11,7
2024-07-24 12:00:00,80.0,51.66786261913584,28.33213738086416,12,7
2024-07-24 13:00:00,82.0,51.66786261913584,30.33213738086416,13,7
2024-07-24 14:00:00,80.0,51.66786261913584,28.33213738086416,14,7
2024-07-24 15:00:00,75.8,51.66786261913584,24.132137380864158,15,7
2024-07-24 16:00:00,75.31,51.66786261913584,23.642137380864163,16,7
2024-07-24 17:00:00,75.99,51.66786261913584,24.322137380864156,17,7
2024-07-24 18:00:00,76.01,51.66786261913584,24.342137380864166,18,7
2024-07-24 19:00:00,99.07,51.66786261913584,47.402137380864154,19,7
2024-07-24 20:00:00,108.98,51.66786261913584,57.312137380864165,20,7
2024-07-24 21:00:00,124.11,51.66786261913584,72.44213738086415,21,7
2024-07-24 22:00:00,111.7,51.66786261913584,60.032137380864164,22,7
2024-07-24 23:00:00,107.11,51.66786261913584,55.44213738086416,23,7
2024-07-25 00:00:00,105.35,51.66786261913584,53.682137380864155,0,7
2024-07-25 01:00:00,100.0,51.66786261913584,48.33213738086416,1,7
2024-07-25 02:00:00,99.6,51.66786261913584,47.932137380864155,2,7
2024-07-25 03:00:00,100.84,51.66786261913584,49.172137380864164,3,7
2024-07-25 04:00:00,101.59,51.66786261913584,49.922137380864164,4,7
2024-07-25 05:00:00,103.82,51.66786261913584,52.152137380864154,5,7
2024-07-25 06:00:00,105.64,51.66786261913584,53.97213738086416,6,7
2024-07-25 07:00:00,110.61,51.66786261913584,58.94213738086416,7,7
2024-07-25 08:00:00,101.96,51.66786261913584,50.292137380864155,8,7
2024-07-25 09:00:00,75.04,51.66786261913584,23.372137380864167,9,7
2024-07-25 10:00:00,70.79,51.66786261913584,19.122137380864167,10,7
2024-07-25 11:00:00,70.02,51.66786261913584,18.352137380864157,11,7
2024-07-25 12:00:00,70.92,51.66786261913584,19.252137380864163,12,7
2024-07-25 13:00:00,71.05,51.66786261913584,19.382137380864158,13,7
2024-07-25 14:00:00,70.79,51.66786261913584,19.122137380864167,14,7
2024-07-25 15:00:00,63.37,51.66786261913584,11.702137380864158,15,7
2024-07-25 16:00:00,59.1,51.66786261913584,7.432137380864162,16,7
2024-07-25 17:00:00,59.33,51.66786261913584,7.662137380864159,17,7
2024-07-25 18:00:00,70.92,51.66786261913584,19.252137380864163,18,7
2024-07-25 19:00:00,86.93,51.66786261913584,35.26213738086417,19,7
2024-07-25 20:00:00,106.44,51.66786261913584,54.77213738086416,20,7
2024-07-25 21:00:00,116.52,51.66786261913584,64.85213738086415,21,7
2024-07-25 22:00:00,113.97,51.66786261913584,62.30213738086416,22,7
2024-07-25 23:00:00,107.74,51.66786261913584,56.072137380864156,23,7
2024-07-26 00:00:00,105.44,51.66786261913584,53.77213738086416,0,7
2024-07-26 01:00:00,104.71,51.66786261913584,53.042137380864155,1,7
2024-07-26 02:00:00,104.31,51.66786261913584,52.64213738086416,2,7
2024-07-26 03:00:00,104.71,51.66786261913584,53.042137380864155,3,7
2024-07-26 04:00:00,104.98,51.66786261913584,53.312137380864165,4,7
2024-07-26 05:00:00,105.22,51.66786261913584,53.55213738086416,5,7
2024-07-26 06:00:00,106.2,51.66786261913584,54.532137380864164,6,7
2024-07-26 07:00:00,110.1,51.66786261913584,58.432137380864155,7,7
2024-07-26 08:00:00,106.01,51.66786261913584,54.342137380864166,8,7
2024-07-26 09:00:00,102.88,51.66786261913584,51.21213738086416,9,7
2024-07-26 10:00:00,84.0,51.66786261913584,32.33213738086416,10,7
2024-07-26 11:00:00,75.99,51.66786261913584,24.322137380864156,11,7
2024-07-26 12:00:00,75.29,51.66786261913584,23.622137380864167,12,7
2024-07-26 13:00:00,75.01,51.66786261913584,23.342137380864166,13,7
2024-07-26 14:00:00,72.8,51.66786261913584,21.132137380864158,14,7
2024-07-26 15:00:00,71.97,51.66786261913584,20.30213738086416,15,7
2024-07-26 16:00:00,71.2,51.66786261913584,19.532137380864164,16,7
2024-07-26 17:00:00,72.8,51.66786261913584,21.132137380864158,17,7
2024-07-26 18:00:00,76.0,51.66786261913584,24.33213738086416,18,7
2024-07-26 19:00:00,95.0,51.66786261913584,43.33213738086416,19,7
2024-07-26 20:00:00,107.26,51.66786261913584,55.592137380864166,20,7
2024-07-26 21:00:00,122.23,51.66786261913584,70.56213738086416,21,7
2024-07-26 22:00:00,113.97,51.66786261913584,62.30213738086416,22,7
2024-07-26 23:00:00,109.44,51.66786261913584,57.77213738086416,23,7
2024-07-27 00:00:00,106.51,51.66786261913584,54.842137380864166,0,7
2024-07-27 01:00:00,108.47,51.66786261913584,56.80213738086416,1,7
2024-07-27 02:00:00,104.48,51.66786261913584,52.812137380864165,2,7
2024-07-27 03:00:00,106.09,51.66786261913584,54.422137380864164,3,7
2024-07-27 04:00:00,106.09,51.66786261913584,54.422137380864164,4,7
2024-07-27 05:00:00,106.09,51.66786261913584,54.422137380864164,5,7
2024-07-27 06:00:00,108.21,51.66786261913584,56.542137380864155,6,7
2024-07-27 07:00:00,107.71,51.66786261913584,56.042137380864155,7,7
2024-07-27 08:00:00,102.2,51.66786261913584,50.532137380864164,8,7
2024-07-27 09:00:00,72.96,51.66786261913584,21.292137380864155,9,7
2024-07-27 10:00:00,58.99,51.66786261913584,7.322137380864163,10,7
2024-07-27 11:00:00,58.5,51.66786261913584,6.832137380864161,11,7
2024-07-27 12:00:00,36.0,51.66786261913584,-15.667862619135839,12,7
2024-07-27 13:00:00,17.8,51.66786261913584,-33.867862619135835,13,7
2024-07-27 14:00:00,17.92,51.66786261913584,-33.74786261913584,14,7
2024-07-27 15:00:00,18.8,51.66786261913584,-32.867862619135835,15,7
2024-07-27 16:00:00,15.0,51.66786261913584,-36.66786261913584,16,7
2024-07-27 17:00:00,31.51,51.66786261913584,-20.157862619135837,17,7
2024-07-27 18:00:00,55.24,51.66786261913584,3.572137380864163,18,7
2024-07-27 19:00:00,67.84,51.66786261913584,16.172137380864164,19,7
2024-07-27 20:00:00,103.18,51.66786261913584,51.51213738086417,20,7
2024-07-27 21:00:00,117.92,51.66786261913584,66.25213738086416,21,7
2024-07-27 22:00:00,115.19,51.66786261913584,63.52213738086416,22,7
2024-07-27 23:00:00,104.61,51.66786261913584,52.94213738086416,23,7
2024-07-28 00:00:00,108.33,51.66786261913584,56.66213738086416,0,7
2024-07-28 01:00:00,105.25,51.66786261913584,53.58213738086416,1,7
2024-07-28 02:00:00,98.88,51.66786261913584,47.21213738086416,2,7
2024-07-28 03:00:00,101.87,51.66786261913584,50.202137380864166,3,7
2024-07-28 04:00:00,101.87,51.66786261913584,50.202137380864166,4,7
2024-07-28 05:00:00,102.87,51.66786261913584,51.202137380864166,5,7
2024-07-28 06:00:00,104.07,51.66786261913584,52.402137380864154,6,7
2024-07-28 07:00:00,103.87,51.66786261913584,52.202137380864166,7,7
2024-07-28 08:00:00,70.0,51.66786261913584,18.33213738086416,8,7
2024-07-28 09:00:00,50.0,51.66786261913584,-1.667862619135839,9,7
2024-07-28 10:00:00,0.44,51.66786261913584,-51.22786261913584,10,7
2024-07-28 11:00:00,0.0,51.66786261913584,-51.66786261913584,11,7
2024-07-28 12:00:00,0.0,51.66786261913584,-51.66786261913584,12,7
2024-07-28 13:00:00,0.0,51.66786261913584,-51.66786261913584,13,7
2024-07-28 14:00:00,0.0,51.66786261913584,-51.66786261913584,14,7
2024-07-28 15:00:00,0.0,51.66786261913584,-51.66786261913584,15,7
2024-07-28 16:00:00,0.0,51.66786261913584,-51.66786261913584,16,7
2024-07-28 17:00:00,0.15,51.66786261913584,-51.51786261913584,17,7
2024-07-28 18:00:00,41.26,51.66786261913584,-10.407862619135841,18,7
2024-07-28 19:00:00,66.84,51.66786261913584,15.172137380864164,19,7
2024-07-28 20:00:00,105.47,51.66786261913584,53.80213738086416,20,7
2024-07-28 21:00:00,115.98,51.66786261913584,64.31213738086416,21,7
2024-07-28 22:00:00,125.5,51.66786261913584,73.83213738086417,22,7
2024-07-28 23:00:00,117.2,51.66786261913584,65.53213738086416,23,7
2024-07-29 00:00:00,113.64,51.66786261913584,61.97213738086416,0,7
2024-07-29 01:00:00,110.98,51.66786261913584,59.312137380864165,1,7
2024-07-29 02:00:00,106.91,51.66786261913584,55.24213738086416,2,7
2024-07-29 03:00:00,106.41,51.66786261913584,54.74213738086416,3,7
2024-07-29 04:00:00,106.91,51.66786261913584,55.24213738086416,4,7
2024-07-29 05:00:00,106.91,51.66786261913584,55.24213738086416,5,7
2024-07-29 06:00:00,109.15,51.66786261913584,57.48213738086417,6,7
2024-07-29 07:00:00,112.03,51.66786261913584,60.36213738086416,7,7
2024-07-29 08:00:00,112.46,51.66786261913584,60.792137380864155,8,7
2024-07-29 09:00:00,111.93,51.66786261913584,60.26213738086417,9,7
2024-07-29 10:00:00,111.41,51.66786261913584,59.74213738086416,10,7
2024-07-29 11:00:00,106.91,51.66786261913584,55.24213738086416,11,7
2024-07-29 12:00:00,104.31,51.66786261913584,52.64213738086416,12,7
2024-07-29 13:00:00,100.0,51.66786261913584,48.33213738086416,13,7
2024-07-29 14:00:00,99.09,51.66786261913584,47.422137380864164,14,7
2024-07-29 15:00:00,93.0,51.66786261913584,41.33213738086416,15,7
2024-07-29 16:00:00,93.56,51.66786261913584,41.89213738086416,16,7
2024-07-29 17:00:00,102.76,51.66786261913584,51.092137380864166,17,7
2024-07-29 18:00:00,106.41,51.66786261913584,54.74213738086416,18,7
2024-07-29 19:00:00,107.67,51.66786261913584,56.00213738086416,19,7
2024-07-29 20:00:00,112.22,51.66786261913584,60.55213738086416,20,7
2024-07-29 21:00:00,135.01,51.66786261913584,83.34213738086416,21,7
2024-07-29 22:00:00,129.0,51.66786261913584,77.33213738086417,22,7
2024-07-29 23:00:00,111.98,51.66786261913584,60.312137380864165,23,7
2024-07-30 00:00:00,110.2,51.66786261913584,58.532137380864164,0,7
2024-07-30 01:00:00,108.83,51.66786261913584,57.16213738086416,1,7
2024-07-30 02:00:00,107.83,51.66786261913584,56.16213738086416,2,7
2024-07-30 03:00:00,108.33,51.66786261913584,56.66213738086416,3,7
2024-07-30 04:00:00,108.48,51.66786261913584,56.812137380864165,4,7
2024-07-30 05:00:00,108.95,51.66786261913584,57.282137380864164,5,7
2024-07-30 06:00:00,109.13,51.66786261913584,57.46213738086416,6,7
2024-07-30 07:00:00,111.43,51.66786261913584,59.76213738086417,7,7
2024-07-30 08:00:00,110.06,51.66786261913584,58.39213738086416,8,7
2024-07-30 09:00:00,106.23,51.66786261913584,54.562137380864165,9,7
2024-07-30 10:00:00,88.5,51.66786261913584,36.83213738086416,10,7
2024-07-30 11:00:00,75.97,51.66786261913584,24.30213738086416,11,7
2024-07-30 12:00:00,75.58,51.66786261913584,23.91213738086416,12,7
2024-07-30 13:00:00,75.0,51.66786261913584,23.33213738086416,13,7
2024-07-30 14:00:00,74.98,51.66786261913584,23.312137380864165,14,7
2024-07-30 15:00:00,68.43,51.66786261913584,16.762137380864168,15,7
2024-07-30 16:00:00,64.0,51.66786261913584,12.332137380864161,16,7
2024-07-30 17:00:00,73.99,51.66786261913584,22.322137380864156,17,7
2024-07-30 18:00:00,83.74,51.66786261913584,32.072137380864156,18,7
2024-07-30 19:00:00,108.31,51.66786261913584,56.64213738086416,19,7
2024-07-30 20:00:00,113.03,51.66786261913584,61.36213738086416,20,7
2024-07-30 21:00:00,142.48,51.66786261913584,90.81213738086416,21,7
2024-07-30 22:00:00,142.48,51.66786261913584,90.81213738086416,22,7
2024-07-30 23:00:00,117.0,51.66786261913584,65.33213738086417,23,7
2024-07-31 00:00:00,115.82,51.66786261913584,64.15213738086416,0,7
2024-07-31 01:00:00,112.14,51.66786261913584,60.47213738086416,1,7
2024-07-31 02:00:00,111.14,51.66786261913584,59.47213738086416,2,7
2024-07-31 03:00:00,112.14,51.66786261913584,60.47213738086416,3,7
2024-07-31 04:00:00,112.44,51.66786261913584,60.77213738086416,4,7
2024-07-31 05:00:00,113.03,51.66786261913584,61.36213738086416,5,7
2024-07-31 06:00:00,115.34,51.66786261913584,63.672137380864164,6,7
2024-07-31 07:00:00,118.48,51.66786261913584,66.81213738086416,7,7
2024-07-31 08:00:00,115.34,51.66786261913584,63.672137380864164,8,7
2024-07-31 09:00:00,111.14,51.66786261913584,59.47213738086416,9,7
2024-07-31 10:00:00,105.0,51.66786261913584,53.33213738086416,10,7
2024-07-31 11:00:00,86.1,51.66786261913584,34.432137380864155,11,7
2024-07-31 12:00:00,82.1,51.66786261913584,30.432137380864155,12,7
2024-07-31 13:00:00,81.97,51.66786261913584,30.30213738086416,13,7
2024-07-31 14:00:00,81.71,51.66786261913584,30.042137380864155,14,7
2024-07-31 15:00:00,80.01,51.66786261913584,28.342137380864166,15,7
2024-07-31 16:00:00,79.59,51.66786261913584,27.922137380864164,16,7
2024-07-31 17:00:00,79.8,51.66786261913584,28.132137380864158,17,7
2024-07-31 18:00:00,94.37,51.66786261913584,42.702137380864166,18,7
2024-07-31 19:00:00,111.14,51.66786261913584,59.47213738086416,19,7
2024-07-31 20:00:00,117.53,51.66786261913584,65.86213738086417,20,7
2024-07-31 21:00:00,142.48,51.66786261913584,90.81213738086416,21,7
2024-07-31 22:00:00,132.4,51.66786261913584,80.73213738086417,22,7
2024-07-31 23:00:00,116.98,51.66786261913584,65.31213738086416,23,7
2024-08-01 00:00:00,117.02,51.66786261913584,65.35213738086415,0,8
2024-08-01 01:00:00,113.14,51.66786261913584,61.47213738086416,1,8
2024-08-01 02:00:00,112.38,51.66786261913584,60.71213738086416,2,8
2024-08-01 03:00:00,112.64,51.66786261913584,60.97213738086416,3,8
2024-08-01 04:00:00,112.58,51.66786261913584,60.91213738086416,4,8
2024-08-01 05:00:00,112.88,51.66786261913584,61.21213738086416,5,8
2024-08-01 06:00:00,116.84,51.66786261913584,65.17213738086417,6,8
2024-08-01 07:00:00,120.72,51.66786261913584,69.05213738086417,7,8
2024-08-01 08:00:00,116.84,51.66786261913584,65.17213738086417,8,8
2024-08-01 09:00:00,112.82,51.66786261913584,61.152137380864154,9,8
2024-08-01 10:00:00,111.92,51.66786261913584,60.25213738086416,10,8
2024-08-01 11:00:00,98.0,51.66786261913584,46.33213738086416,11,8
2024-08-01 12:00:00,92.98,51.66786261913584,41.312137380864165,12,8
2024-08-01 13:00:00,92.79,51.66786261913584,41.12213738086417,13,8
2024-08-01 14:00:00,88.99,51.66786261913584,37.322137380864156,14,8
2024-08-01 15:00:00,83.0,51.66786261913584,31.33213738086416,15,8
2024-08-01 16:00:00,81.8,51.66786261913584,30.132137380864158,16,8
2024-08-01 17:00:00,81.8,51.66786261913584,30.132137380864158,17,8
2024-08-01 18:00:00,94.37,51.66786261913584,42.702137380864166,18,8
2024-08-01 19:00:00,109.2,51.66786261913584,57.532137380864164,19,8
2024-08-01 20:00:00,117.6,51.66786261913584,65.93213738086416,20,8
2024-08-01 21:00:00,132.66,51.66786261913584,80.99213738086416,21,8
2024-08-01 22:00:00,125.5,51.66786261913584,73.83213738086417,22,8
2024-08-01 23:00:00,117.14,51.66786261913584,65.47213738086415,23,8
2024-08-02 00:00:00,113.84,51.66786261913584,62.172137380864164,0,8
2024-08-02 01:00:00,114.24,51.66786261913584,62.572137380864156,1,8
2024-08-02 02:00:00,111.64,51.66786261913584,59.97213738086416,2,8
2024-08-02 03:00:00,112.64,51.66786261913584,60.97213738086416,3,8
2024-08-02 04:00:00,111.64,51.66786261913584,59.97213738086416,4,8
2024-08-02 05:00:00,111.64,51.66786261913584,59.97213738086416,5,8
2024-08-02 06:00:00,112.64,51.66786261913584,60.97213738086416,6,8
2024-08-02 07:00:00,114.0,51.66786261913584,62.33213738086416,7,8
2024-08-02 08:00:00,109.92,51.66786261913584,58.25213738086416,8,8
2024-08-02 09:00:00,104.42,51.66786261913584,52.75213738086416,9,8
2024-08-02 10:00:00,75.59,51.66786261913584,23.922137380864164,10,8
2024-08-02 11:00:00,65.16,51.66786261913584,13.492137380864158,11,8
2024-08-02 12:00:00,69.83,51.66786261913584,18.16213738086416,12,8
2024-08-02 13:00:00,60.0,51.66786261913584,8.332137380864161,13,8
2024-08-02 14:00:00,58.1,51.66786261913584,6.432137380864162,14,8
2024-08-02 15:00:00,52.43,51.66786261913584,0.7621373808641607,15,8
2024-08-02 16:00:00,49.95,51.66786261913584,-1.7178626191358362,16,8
2024-08-02 17:00:00,58.77,51.66786261913584,7.102137380864164,17,8
2024-08-02 18:00:00,65.0,51.66786261913584,13.332137380864161,18,8
2024-08-02 19:00:00,88.0,51.66786261913584,36.33213738086416,19,8
2024-08-02 20:00:00,114.0,51.66786261913584,62.33213738086416,20,8
2024-08-02 21:00:00,128.53,51.66786261913584,76.86213738086417,21,8
2024-08-02 22:00:00,126.63,51.66786261913584,74.96213738086416,22,8
2024-08-02 23:00:00,115.36,51.66786261913584,63.69213738086416,23,8
2024-08-03 00:00:00,119.34,51.66786261913584,67.67213738086417,0,8
2024-08-03 01:00:00,116.1,51.66786261913584,64.43213738086416,1,8
2024-08-03 02:00:00,113.85,51.66786261913584,62.182137380864155,2,8
2024-08-03 03:00:00,113.85,51.66786261913584,62.182137380864155,3,8
2024-08-03 04:00:00,112.37,51.66786261913584,60.702137380864166,4,8
2024-08-03 05:00:00,112.67,51.66786261913584,61.00213738086416,5,8
2024-08-03 06:00:00,114.3,51.66786261913584,62.63213738086416,6,8
2024-08-03 07:00:00,115.65,51.66786261913584,63.98213738086417,7,8
2024-08-03 08:00:00,103.02,51.66786261913584,51.35213738086416,8,8
2024-08-03 09:00:00,68.3,51.66786261913584,16.632137380864158,9,8
2024-08-03 10:00:00,32.44,51.66786261913584,-19.22786261913584,10,8
2024-08-03 11:00:00,20.36,51.66786261913584,-31.30786261913584,11,8
2024-08-03 12:00:00,14.66,51.66786261913584,-37.007862619135835,12,8
2024-08-03 13:00:00,6.41,51.66786261913584,-45.257862619135835,13,8
2024-08-03 14:00:00,5.0,51.66786261913584,-46.66786261913584,14,8
2024-08-03 15:00:00,10.07,51.66786261913584,-41.59786261913584,15,8
2024-08-03 16:00:00,10.2,51.66786261913584,-41.46786261913584,16,8
2024-08-03 17:00:00,20.0,51.66786261913584,-31.66786261913584,17,8
2024-08-03 18:00:00,58.75,51.66786261913584,7.082137380864161,18,8
2024-08-03 19:00:00,80.0,51.66786261913584,28.33213738086416,19,8
2024-08-03 20:00:00,121.49,51.66786261913584,69.82213738086415,20,8
2024-08-03 21:00:00,136.53,51.66786261913584,84.86213738086417,21,8
2024-08-03 22:00:00,131.49,51.66786261913584,79.82213738086418,22,8
2024-08-03 23:00:00,126.63,51.66786261913584,74.96213738086416,23,8
2024-08-04 00:00:00,115.34,51.66786261913584,63.672137380864164,0,8
2024-08-04 01:00:00,112.82,51.66786261913584,61.152137380864154,1,8
2024-08-04 02:00:00,106.0,51.66786261913584,54.33213738086416,2,8
2024-08-04 03:00:00,111.47,51.66786261913584,59.80213738086416,3,8
2024-08-04 04:00:00,111.92,51.66786261913584,60.25213738086416,4,8
2024-08-04 05:00:00,113.27,51.66786261913584,61.60213738086416,5,8
2024-08-04 06:00:00,113.72,51.66786261913584,62.05213738086416,6,8
2024-08-04 07:00:00,113.53,51.66786261913584,61.86213738086416,7,8
2024-08-04 08:00:00,97.89,51.66786261913584,46.22213738086416,8,8
2024-08-04 09:00:00,68.1,51.66786261913584,16.432137380864155,9,8
2024-08-04 10:00:00,15.0,51.66786261913584,-36.66786261913584,10,8
2024-08-04 11:00:00,2.05,51.66786261913584,-49.61786261913584,11,8
2024-08-04 12:00:00,0.44,51.66786261913584,-51.22786261913584,12,8
2024-08-04 13:00:00,4.55,51.66786261913584,-47.11786261913584,13,8
2024-08-04 14:00:00,10.0,51.66786261913584,-41.66786261913584,14,8
2024-08-04 15:00:00,2.0,51.66786261913584,-49.66786261913584,15,8
2024-08-04 16:00:00,1.45,51.66786261913584,-50.217862619135836,16,8
2024-08-04 17:00:00,22.05,51.66786261913584,-29.61786261913584,17,8
2024-08-04 18:00:00,63.37,51.66786261913584,11.702137380864158,18,8
2024-08-04 19:00:00,82.97,51.66786261913584,31.30213738086416,19,8
2024-08-04 20:00:00,123.44,51.66786261913584,71.77213738086417,20,8
2024-08-04 21:00:00,142.76,51.66786261913584,91.09213738086416,21,8
2024-08-04 22:00:00,144.24,51.66786261913584,92.57213738086418,22,8
2024-08-04 23:00:00,133.06,51.66786261913584,81.39213738086417,23,8
2024-08-05 00:00:00,119.96,51.66786261913584,68.29213738086415,0,8
2024-08-05 01:00:00,116.42,51.66786261913584,64.75213738086416,1,8
2024-08-05 02:00:00,114.17,51.66786261913584,62.50213738086416,2,8
2024-08-05 03:00:00,115.97,51.66786261913584,64.30213738086417,3,8
2024-08-05 04:00:00,115.97,51.66786261913584,64.30213738086417,4,8
2024-08-05 05:00:00,118.04,51.66786261913584,66.37213738086416,5,8
2024-08-05 06:00:00,121.28,51.66786261913584,69.61213738086417,6,8
2024-08-05 07:00:00,126.1,51.66786261913584,74.43213738086416,7,8
2024-08-05 08:00:00,123.0,51.66786261913584,71.33213738086417,8,8
2024-08-05 09:00:00,117.23,51.66786261913584,65.56213738086416,9,8
2024-08-05 10:00:00,114.17,51.66786261913584,62.50213738086416,10,8
2024-08-05 11:00:00,88.62,51.66786261913584,36.952137380864166,11,8
2024-08-05 12:00:00,83.01,51.66786261913584,31.342137380864166,12,8
2024-08-05 13:00:00,82.59,51.66786261913584,30.922137380864164,13,8
2024-08-05 14:00:00,82.1,51.66786261913584,30.432137380864155,14,8
2024-08-05 15:00:00,81.58,51.66786261913584,29.91213738086416,15,8
2024-08-05 16:00:00,81.45,51.66786261913584,29.782137380864164,16,8
2024-08-05 17:00:00,81.97,51.66786261913584,30.30213738086416,17,8
2024-08-05 18:00:00,86.69,51.66786261913584,35.02213738086416,18,8
2024-08-05 19:00:00,118.85,51.66786261913584,67.18213738086416,19,8
2024-08-05 20:00:00,129.38,51.66786261913584,77.71213738086416,20,8
2024-08-05 21:00:00,150.89,51.66786261913584,99.22213738086415,21,8
2024-08-05 22:00:00,140.0,51.66786261913584,88.33213738086417,22,8
2024-08-05 23:00:00,126.34,51.66786261913584,74.67213738086417,23,8
2024-08-06 00:00:00,114.76,51.66786261913584,63.092137380864166,0,8
2024-08-06 01:00:00,109.86,51.66786261913584,58.19213738086416,1,8
2024-08-06 02:00:00,100.0,51.66786261913584,48.33213738086416,2,8
2024-08-06 03:00:00,110.56,51.66786261913584,58.89213738086416,3,8
2024-08-06 04:00:00,110.09,51.66786261913584,58.422137380864164,4,8
2024-08-06 05:00:00,113.32,51.66786261913584,61.652137380864154,5,8
2024-08-06 06:00:00,119.69,51.66786261913584,68.02213738086417,6,8
2024-08-06 07:00:00,130.0,51.66786261913584,78.33213738086417,7,8
2024-08-06 08:00:00,120.3,51.66786261913584,68.63213738086415,8,8
2024-08-06 09:00:00,110.56,51.66786261913584,58.89213738086416,9,8
2024-08-06 10:00:00,102.73,51.66786261913584,51.062137380864165,10,8
2024-08-06 11:00:00,90.0,51.66786261913584,38.33213738086416,11,8
2024-08-06 12:00:00,83.78,51.66786261913584,32.11213738086416,12,8
2024-08-06 13:00:00,83.4,51.66786261913584,31.732137380864167,13,8
2024-08-06 14:00:00,83.18,51.66786261913584,31.512137380864168,14,8
2024-08-06 15:00:00,82.44,51.66786261913584,30.77213738086416,15,8
2024-08-06 16:00:00,82.31,51.66786261913584,30.642137380864163,16,8
2024-08-06 17:00:00,83.18,51.66786261913584,31.512137380864168,17,8
2024-08-06 18:00:00,90.4,51.66786261913584,38.73213738086417,18,8
2024-08-06 19:00:00,113.32,51.66786261913584,61.652137380864154,19,8
2024-08-06 20:00:00,123.21,51.66786261913584,71.54213738086415,20,8
2024-08-06 21:00:00,132.34,51.66786261913584,80.67213738086417,21,8
2024-08-06 22:00:00,126.1,51.66786261913584,74.43213738086416,22,8
2024-08-06 23:00:00,117.86,51.66786261913584,66.19213738086415,23,8
2024-08-07 00:00:00,107.22,51.66786261913584,55.55213738086416,0,8
2024-08-07 01:00:00,107.22,51.66786261913584,55.55213738086416,1,8
2024-08-07 02:00:00,107.21,51.66786261913584,55.542137380864155,2,8
2024-08-07 03:00:00,107.21,51.66786261913584,55.542137380864155,3,8
2024-08-07 04:00:00,95.0,51.66786261913584,43.33213738086416,4,8
2024-08-07 05:00:00,102.44,51.66786261913584,50.77213738086416,5,8
2024-08-07 06:00:00,105.0,51.66786261913584,53.33213738086416,6,8
2024-08-07 07:00:00,115.1,51.66786261913584,63.432137380864155,7,8
2024-08-07 08:00:00,102.44,51.66786261913584,50.77213738086416,8,8
2024-08-07 09:00:00,87.97,51.66786261913584,36.30213738086416,9,8
2024-08-07 10:00:00,78.7,51.66786261913584,27.032137380864164,10,8
2024-08-07 11:00:00,79.6,51.66786261913584,27.932137380864155,11,8
2024-08-07 12:00:00,81.1,51.66786261913584,29.432137380864155,12,8
2024-08-07 13:00:00,82.0,51.66786261913584,30.33213738086416,13,8
2024-08-07 14:00:00,82.49,51.66786261913584,30.822137380864156,14,8
2024-08-07 15:00:00,79.6,51.66786261913584,27.932137380864155,15,8
2024-08-07 16:00:00,79.6,51.66786261913584,27.932137380864155,16,8
2024-08-07 17:00:00,82.0,51.66786261913584,30.33213738086416,17,8
2024-08-07 18:00:00,84.23,51.66786261913584,32.562137380864165,18,8
2024-08-07 19:00:00,89.0,51.66786261913584,37.33213738086416,19,8
2024-08-07 20:00:00,116.2,51.66786261913584,64.53213738086416,20,8
2024-08-07 21:00:00,128.9,51.66786261913584,77.23213738086417,21,8
2024-08-07 22:00:00,122.42,51.66786261913584,70.75213738086416,22,8
2024-08-07 23:00:00,115.58,51.66786261913584,63.91213738086416,23,8
2024-08-08 00:00:00,107.75,51.66786261913584,56.08213738086416,0,8
2024-08-08 01:00:00,103.79,51.66786261913584,52.12213738086417,1,8
2024-08-08 02:00:00,98.38,51.66786261913584,46.71213738086416,2,8
2024-08-08 03:00:00,101.81,51.66786261913584,50.14213738086416,3,8
2024-08-08 04:00:00,101.81,51.66786261913584,50.14213738086416,4,8
2024-08-08 05:00:00,101.93,51.66786261913584,50.26213738086417,5,8
2024-08-08 06:00:00,107.75,51.66786261913584,56.08213738086416,6,8
2024-08-08 07:00:00,115.1,51.66786261913584,63.432137380864155,7,8
2024-08-08 08:00:00,107.82,51.66786261913584,56.152137380864154,8,8
2024-08-08 09:00:00,109.1,51.66786261913584,57.432137380864155,9,8
2024-08-08 10:00:00,89.0,51.66786261913584,37.33213738086416,10,8
2024-08-08 11:00:00,83.1,51.66786261913584,31.432137380864155,11,8
2024-08-08 12:00:00,83.0,51.66786261913584,31.33213738086416,12,8
2024-08-08 13:00:00,83.0,51.66786261913584,31.33213738086416,13,8
2024-08-08 14:00:00,83.0,51.66786261913584,31.33213738086416,14,8
2024-08-08 15:00:00,82.0,51.66786261913584,30.33213738086416,15,8
2024-08-08 16:00:00,82.0,51.66786261913584,30.33213738086416,16,8
2024-08-08 17:00:00,87.19,51.66786261913584,35.52213738086416,17,8
2024-08-08 18:00:00,96.5,51.66786261913584,44.83213738086416,18,8
2024-08-08 19:00:00,110.5,51.66786261913584,58.83213738086416,19,8
2024-08-08 20:00:00,115.5,51.66786261913584,63.83213738086416,20,8
2024-08-08 21:00:00,140.01,51.66786261913584,88.34213738086416,21,8
2024-08-08 22:00:00,126.48,51.66786261913584,74.81213738086416,22,8
2024-08-08 23:00:00,111.95,51.66786261913584,60.282137380864164,23,8
2024-08-09 00:00:00,118.06,51.66786261913584,66.39213738086417,0,8
2024-08-09 01:00:00,116.92,51.66786261913584,65.25213738086416,1,8
2024-08-09 02:00:00,111.7,51.66786261913584,60.032137380864164,2,8
2024-08-09 03:00:00,117.1,51.66786261913584,65.43213738086416,3,8
2024-08-09 04:00:00,112.32,51.66786261913584,60.652137380864154,4,8
2024-08-09 05:00:00,110.46,51.66786261913584,58.792137380864155,5,8
2024-08-09 06:00:00,116.92,51.66786261913584,65.25213738086416,6,8
2024-08-09 07:00:00,118.85,51.66786261913584,67.18213738086416,7,8
2024-08-09 08:00:00,116.92,51.66786261913584,65.25213738086416,8,8
2024-08-09 09:00:00,111.2,51.66786261913584,59.532137380864164,9,8
2024-08-09 10:00:00,85.0,51.66786261913584,33.33213738086416,10,8
2024-08-09 11:00:00,81.81,51.66786261913584,30.142137380864163,11,8
2024-08-09 12:00:00,81.68,51.66786261913584,30.012137380864168,12,8
2024-08-09 13:00:00,81.68,51.66786261913584,30.012137380864168,13,8
2024-08-09 14:00:00,81.55,51.66786261913584,29.882137380864158,14,8
2024-08-09 15:00:00,80.0,51.66786261913584,28.33213738086416,15,8
2024-08-09 16:00:00,80.0,51.66786261913584,28.33213738086416,16,8
2024-08-09 17:00:00,81.18,51.66786261913584,29.512137380864168,17,8
2024-08-09 18:00:00,82.07,51.66786261913584,30.402137380864154,18,8
2024-08-09 19:00:00,97.7,51.66786261913584,46.032137380864164,19,8
2024-08-09 20:00:00,113.3,51.66786261913584,61.63213738086416,20,8
2024-08-09 21:00:00,127.71,51.66786261913584,76.04213738086415,21,8
2024-08-09 22:00:00,120.33,51.66786261913584,68.66213738086415,22,8
2024-08-09 23:00:00,111.2,51.66786261913584,59.532137380864164,23,8
2024-08-10 00:00:00,109.56,51.66786261913584,57.89213738086416,0,8
2024-08-10 01:00:00,105.0,51.66786261913584,53.33213738086416,1,8
2024-08-10 02:00:00,99.0,51.66786261913584,47.33213738086416,2,8
2024-08-10 03:00:00,117.75,51.66786261913584,66.08213738086417,3,8
2024-08-10 04:00:00,115.01,51.66786261913584,63.342137380864166,4,8
2024-08-10 05:00:00,115.43,51.66786261913584,63.76213738086417,5,8
2024-08-10 06:00:00,116.93,51.66786261913584,65.26213738086417,6,8
2024-08-10 07:00:00,117.89,51.66786261913584,66.22213738086415,7,8
2024-08-10 08:00:00,113.3,51.66786261913584,61.63213738086416,8,8
2024-08-10 09:00:00,68.99,51.66786261913584,17.322137380864156,9,8
2024-08-10 10:00:00,12.55,51.66786261913584,-39.117862619135835,10,8
2024-08-10 11:00:00,0.44,51.66786261913584,-51.22786261913584,11,8
2024-08-10 12:00:00,0.44,51.66786261913584,-51.22786261913584,12,8
2024-08-10 13:00:00,1.9,51.66786261913584,-49.76786261913584,13,8
2024-08-10 14:00:00,2.4,51.66786261913584,-49.26786261913584,14,8
2024-08-10 15:00:00,0.45,51.66786261913584,-51.217862619135836,15,8
2024-08-10 16:00:00,0.45,51.66786261913584,-51.217862619135836,16,8
2024-08-10 17:00:00,3.32,51.66786261913584,-48.34786261913584,17,8
2024-08-10 18:00:00,50.0,51.66786261913584,-1.667862619135839,18,8
2024-08-10 19:00:00,81.67,51.66786261913584,30.002137380864163,19,8
2024-08-10 20:00:00,115.43,51.66786261913584,63.76213738086417,20,8
2024-08-10 21:00:00,127.57,51.66786261913584,75.90213738086416,21,8
2024-08-10 22:00:00,124.29,51.66786261913584,72.62213738086416,22,8
2024-08-10 23:00:00,112.82,51.66786261913584,61.152137380864154,23,8
2024-08-11 00:00:00,119.2,51.66786261913584,67.53213738086416,0,8
2024-08-11 01:00:00,116.7,51.66786261913584,65.03213738086416,1,8
2024-08-11 02:00:00,105.0,51.66786261913584,53.33213738086416,2,8
2024-08-11 03:00:00,109.74,51.66786261913584,58.072137380864156,3,8
2024-08-11 04:00:00,108.11,51.66786261913584,56.44213738086416,4,8
2024-08-11 05:00:00,110.0,51.66786261913584,58.33213738086416,5,8
2024-08-11 06:00:00,113.2,51.66786261913584,61.532137380864164,6,8
2024-08-11 07:00:00,110.0,51.66786261913584,58.33213738086416,7,8
2024-08-11 08:00:00,94.5,51.66786261913584,42.83213738086416,8,8
2024-08-11 09:00:00,50.0,51.66786261913584,-1.667862619135839,9,8
2024-08-11 10:00:00,0.0,51.66786261913584,-51.66786261913584,10,8
2024-08-11 11:00:00,0.0,51.66786261913584,-51.66786261913584,11,8
2024-08-11 12:00:00,0.0,51.66786261913584,-51.66786261913584,12,8
2024-08-11 13:00:00,0.0,51.66786261913584,-51.66786261913584,13,8
2024-08-11 14:00:00,0.0,51.66786261913584,-51.66786261913584,14,8
2024-08-11 15:00:00,0.0,51.66786261913584,-51.66786261913584,15,8
2024-08-11 16:00:00,0.0,51.66786261913584,-51.66786261913584,16,8
2024-08-11 17:00:00,4.12,51.66786261913584,-47.54786261913584,17,8
2024-08-11 18:00:00,36.42,51.66786261913584,-15.247862619135837,18,8
2024-08-11 19:00:00,80.54,51.66786261913584,28.872137380864167,19,8
2024-08-11 20:00:00,116.34,51.66786261913584,64.67213738086417,20,8
2024-08-11 21:00:00,128.58,51.66786261913584,76.91213738086418,21,8
2024-08-11 22:00:00,136.29,51.66786261913584,84.62213738086416,22,8
2024-08-11 23:00:00,122.6,51.66786261913584,70.93213738086416,23,8
2024-08-12 00:00:00,114.7,51.66786261913584,63.032137380864164,0,8
2024-08-12 01:00:00,107.0,51.66786261913584,55.33213738086416,1,8
2024-08-12 02:00:00,104.0,51.66786261913584,52.33213738086416,2,8
2024-08-12 03:00:00,110.0,51.66786261913584,58.33213738086416,3,8
2024-08-12 04:00:00,110.1,51.66786261913584,58.432137380864155,4,8
2024-08-12 05:00:00,119.26,51.66786261913584,67.59213738086416,5,8
2024-08-12 06:00:00,120.34,51.66786261913584,68.67213738086417,6,8
2024-08-12 07:00:00,128.22,51.66786261913584,76.55213738086417,7,8
2024-08-12 08:00:00,120.82,51.66786261913584,69.15213738086416,8,8
2024-08-12 09:00:00,116.45,51.66786261913584,64.78213738086416,9,8
2024-08-12 10:00:00,97.5,51.66786261913584,45.83213738086416,10,8
2024-08-12 11:00:00,83.18,51.66786261913584,31.512137380864168,11,8
2024-08-12 12:00:00,81.99,51.66786261913584,30.322137380864156,12,8
2024-08-12 13:00:00,82.0,51.66786261913584,30.33213738086416,13,8
2024-08-12 14:00:00,81.8,51.66786261913584,30.132137380864158,14,8
2024-08-12 15:00:00,81.28,51.66786261913584,29.612137380864162,15,8
2024-08-12 16:00:00,80.1,51.66786261913584,28.432137380864155,16,8
2024-08-12 17:00:00,82.1,51.66786261913584,30.432137380864155,17,8
2024-08-12 18:00:00,90.57,51.66786261913584,38.902137380864154,18,8
2024-08-12 19:00:00,117.15,51.66786261913584,65.48213738086417,19,8
2024-08-12 20:00:00,124.95,51.66786261913584,73.28213738086416,20,8
2024-08-12 21:00:00,136.13,51.66786261913584,84.46213738086416,21,8
2024-08-12 22:00:00,128.72,51.66786261913584,77.05213738086417,22,8
2024-08-12 23:00:00,121.06,51.66786261913584,69.39213738086417,23,8
2024-08-13 00:00:00,116.1,51.66786261913584,64.43213738086416,0,8
2024-08-13 01:00:00,115.0,51.66786261913584,63.33213738086416,1,8
2024-08-13 02:00:00,110.0,51.66786261913584,58.33213738086416,2,8
2024-08-13 03:00:00,115.92,51.66786261913584,64.25213738086416,3,8
2024-08-13 04:00:00,113.2,51.66786261913584,61.532137380864164,4,8
2024-08-13 05:00:00,110.0,51.66786261913584,58.33213738086416,5,8
2024-08-13 06:00:00,116.1,51.66786261913584,64.43213738086416,6,8
2024-08-13 07:00:00,125.5,51.66786261913584,73.83213738086417,7,8
2024-08-13 08:00:00,117.89,51.66786261913584,66.22213738086415,8,8
2024-08-13 09:00:00,104.88,51.66786261913584,53.21213738086416,9,8
2024-08-13 10:00:00,106.51,51.66786261913584,54.842137380864166,10,8
2024-08-13 11:00:00,96.0,51.66786261913584,44.33213738086416,11,8
2024-08-13 12:00:00,90.0,51.66786261913584,38.33213738086416,12,8
2024-08-13 13:00:00,88.0,51.66786261913584,36.33213738086416,13,8
2024-08-13 14:00:00,85.0,51.66786261913584,33.33213738086416,14,8
2024-08-13 15:00:00,81.39,51.66786261913584,29.72213738086416,15,8
2024-08-13 16:00:00,80.05,51.66786261913584,28.382137380864158,16,8
2024-08-13 17:00:00,84.5,51.66786261913584,32.83213738086416,17,8
2024-08-13 18:00:00,96.02,51.66786261913584,44.35213738086416,18,8
2024-08-13 19:00:00,101.51,51.66786261913584,49.842137380864166,19,8
2024-08-13 20:00:00,118.71,51.66786261913584,67.04213738086415,20,8
2024-08-13 21:00:00,130.48,51.66786261913584,78.81213738086416,21,8
2024-08-13 22:00:00,129.2,51.66786261913584,77.53213738086416,22,8
2024-08-13 23:00:00,120.96,51.66786261913584,69.29213738086415,23,8
2024-08-14 00:00:00,115.02,51.66786261913584,63.35213738086416,0,8
2024-08-14 01:00:00,108.64,51.66786261913584,56.97213738086416,1,8
2024-08-14 02:00:00,104.63,51.66786261913584,52.96213738086416,2,8
2024-08-14 03:00:00,105.25,51.66786261913584,53.58213738086416,3,8
2024-08-14 04:00:00,93.63,51.66786261913584,41.96213738086416,4,8
2024-08-14 05:00:00,94.37,51.66786261913584,42.702137380864166,5,8
2024-08-14 06:00:00,99.45,51.66786261913584,47.782137380864164,6,8
2024-08-14 07:00:00,113.3,51.66786261913584,61.63213738086416,7,8
2024-08-14 08:00:00,109.87,51.66786261913584,58.202137380864166,8,8
2024-08-14 09:00:00,90.0,51.66786261913584,38.33213738086416,9,8
2024-08-14 10:00:00,75.0,51.66786261913584,23.33213738086416,10,8
2024-08-14 11:00:00,64.88,51.66786261913584,13.212137380864156,11,8
2024-08-14 12:00:00,64.55,51.66786261913584,12.882137380864158,12,8
2024-08-14 13:00:00,64.99,51.66786261913584,13.322137380864156,13,8
2024-08-14 14:00:00,64.88,51.66786261913584,13.212137380864156,14,8
2024-08-14 15:00:00,63.37,51.66786261913584,11.702137380864158,15,8
2024-08-14 16:00:00,60.0,51.66786261913584,8.332137380864161,16,8
2024-08-14 17:00:00,63.91,51.66786261913584,12.242137380864158,17,8
2024-08-14 18:00:00,69.99,51.66786261913584,18.322137380864156,18,8
2024-08-14 19:00:00,85.53,51.66786261913584,33.86213738086416,19,8
2024-08-14 20:00:00,109.02,51.66786261913584,57.35213738086416,20,8
2024-08-14 21:00:00,114.26,51.66786261913584,62.592137380864166,21,8
2024-08-14 22:00:00,108.54,51.66786261913584,56.87213738086417,22,8
2024-08-14 23:00:00,94.18,51.66786261913584,42.51213738086417,23,8
2024-08-15 00:00:00,74.23,51.66786261913584,22.562137380864165,0,8
2024-08-15 01:00:00,61.77,51.66786261913584,10.102137380864164,1,8
2024-08-15 02:00:00,61.77,51.66786261913584,10.102137380864164,2,8
2024-08-15 03:00:00,61.28,51.66786261913584,9.612137380864162,3,8
2024-08-15 04:00:00,61.28,51.66786261913584,9.612137380864162,4,8
2024-08-15 05:00:00,61.28,51.66786261913584,9.612137380864162,5,8
2024-08-15 06:00:00,61.41,51.66786261913584,9.742137380864158,6,8
2024-08-15 07:00:00,61.67,51.66786261913584,10.002137380864163,7,8
2024-08-15 08:00:00,49.65,51.66786261913584,-2.0178626191358404,8,8
2024-08-15 09:00:00,3.6,51.66786261913584,-48.06786261913584,9,8
2024-08-15 10:00:00,0.0,51.66786261913584,-51.66786261913584,10,8
2024-08-15 11:00:00,0.0,51.66786261913584,-51.66786261913584,11,8
2024-08-15 12:00:00,0.0,51.66786261913584,-51.66786261913584,12,8
2024-08-15 13:00:00,0.0,51.66786261913584,-51.66786261913584,13,8
2024-08-15 14:00:00,0.0,51.66786261913584,-51.66786261913584,14,8
2024-08-15 15:00:00,0.0,51.66786261913584,-51.66786261913584,15,8
2024-08-15 16:00:00,0.0,51.66786261913584,-51.66786261913584,16,8
2024-08-15 17:00:00,1.53,51.66786261913584,-50.13786261913584,17,8
2024-08-15 18:00:00,15.98,51.66786261913584,-35.68786261913584,18,8
2024-08-15 19:00:00,62.0,51.66786261913584,10.332137380864161,19,8
2024-08-15 20:00:00,97.64,51.66786261913584,45.97213738086416,20,8
2024-08-15 21:00:00,117.13,51.66786261913584,65.46213738086416,21,8
2024-08-15 22:00:00,112.45,51.66786261913584,60.782137380864164,22,8
2024-08-15 23:00:00,98.3,51.66786261913584,46.63213738086416,23,8
2024-08-16 00:00:00,106.09,51.66786261913584,54.422137380864164,0,8
2024-08-16 01:00:00,104.44,51.66786261913584,52.77213738086416,1,8
2024-08-16 02:00:00,90.0,51.66786261913584,38.33213738086416,2,8
2024-08-16 03:00:00,88.33,51.66786261913584,36.66213738086416,3,8
2024-08-16 04:00:00,103.27,51.66786261913584,51.60213738086416,4,8
2024-08-16 05:00:00,104.71,51.66786261913584,53.042137380864155,5,8
2024-08-16 06:00:00,105.61,51.66786261913584,53.94213738086416,6,8
2024-08-16 07:00:00,114.02,51.66786261913584,62.35213738086416,7,8
2024-08-16 08:00:00,100.57,51.66786261913584,48.902137380864154,8,8
2024-08-16 09:00:00,70.0,51.66786261913584,18.33213738086416,9,8
2024-08-16 10:00:00,63.87,51.66786261913584,12.202137380864158,10,8
2024-08-16 11:00:00,63.37,51.66786261913584,11.702137380864158,11,8
2024-08-16 12:00:00,59.22,51.66786261913584,7.55213738086416,12,8
2024-08-16 13:00:00,53.93,51.66786261913584,2.2621373808641607,13,8
2024-08-16 14:00:00,50.72,51.66786261913584,-0.9478626191358401,14,8
2024-08-16 15:00:00,56.27,51.66786261913584,4.602137380864164,15,8
2024-08-16 16:00:00,62.17,51.66786261913584,10.502137380864163,16,8
2024-08-16 17:00:00,63.37,51.66786261913584,11.702137380864158,17,8
2024-08-16 18:00:00,65.4,51.66786261913584,13.732137380864167,18,8
2024-08-16 19:00:00,103.52,51.66786261913584,51.85213738086416,19,8
2024-08-16 20:00:00,118.92,51.66786261913584,67.25213738086416,20,8
2024-08-16 21:00:00,129.78,51.66786261913584,78.11213738086417,21,8
2024-08-16 22:00:00,123.72,51.66786261913584,72.05213738086417,22,8
2024-08-16 23:00:00,116.16,51.66786261913584,64.49213738086416,23,8
2024-08-17 00:00:00,114.02,51.66786261913584,62.35213738086416,0,8
2024-08-17 01:00:00,112.94,51.66786261913584,61.27213738086416,1,8
2024-08-17 02:00:00,113.37,51.66786261913584,61.702137380864166,2,8
2024-08-17 03:00:00,110.68,51.66786261913584,59.01213738086417,3,8
2024-08-17 04:00:00,105.5,51.66786261913584,53.83213738086416,4,8
2024-08-17 05:00:00,101.5,51.66786261913584,49.83213738086416,5,8
2024-08-17 06:00:00,100.64,51.66786261913584,48.97213738086416,6,8
2024-08-17 07:00:00,101.1,51.66786261913584,49.432137380864155,7,8
2024-08-17 08:00:00,90.0,51.66786261913584,38.33213738086416,8,8
2024-08-17 09:00:00,71.74,51.66786261913584,20.072137380864156,9,8
2024-08-17 10:00:00,68.01,51.66786261913584,16.342137380864166,10,8
2024-08-17 11:00:00,52.66,51.66786261913584,0.9921373808641576,11,8
2024-08-17 12:00:00,43.31,51.66786261913584,-8.357862619135837,12,8
2024-08-17 13:00:00,37.37,51.66786261913584,-14.297862619135842,13,8
2024-08-17 14:00:00,34.72,51.66786261913584,-16.94786261913584,14,8
2024-08-17 15:00:00,37.57,51.66786261913584,-14.097862619135839,15,8
2024-08-17 16:00:00,47.81,51.66786261913584,-3.8578626191358367,16,8
2024-08-17 17:00:00,56.1,51.66786261913584,4.432137380864162,17,8
2024-08-17 18:00:00,68.54,51.66786261913584,16.872137380864167,18,8
2024-08-17 19:00:00,87.41,51.66786261913584,35.74213738086416,19,8
2024-08-17 20:00:00,103.92,51.66786261913584,52.25213738086416,20,8
2024-08-17 21:00:00,120.0,51.66786261913584,68.33213738086417,21,8
2024-08-17 22:00:00,113.2,51.66786261913584,61.532137380864164,22,8
2024-08-17 23:00:00,105.02,51.66786261913584,53.35213738086416,23,8
2024-08-18 00:00:00,119.5,51.66786261913584,67.83213738086417,0,8
2024-08-18 01:00:00,111.62,51.66786261913584,59.952137380864166,1,8
2024-08-18 02:00:00,103.9,51.66786261913584,52.23213738086417,2,8
2024-08-18 03:00:00,93.38,51.66786261913584,41.71213738086416,3,8
2024-08-18 04:00:00,85.0,51.66786261913584,33.33213738086416,4,8
2024-08-18 05:00:00,84.5,51.66786261913584,32.83213738086416,5,8
2024-08-18 06:00:00,79.44,51.66786261913584,27.77213738086416,6,8
2024-08-18 07:00:00,76.23,51.66786261913584,24.562137380864165,7,8
2024-08-18 08:00:00,63.1,51.66786261913584,11.432137380864162,8,8
2024-08-18 09:00:00,40.71,51.66786261913584,-10.957862619135838,9,8
2024-08-18 10:00:00,0.44,51.66786261913584,-51.22786261913584,10,8
2024-08-18 11:00:00,0.0,51.66786261913584,-51.66786261913584,11,8
2024-08-18 12:00:00,0.0,51.66786261913584,-51.66786261913584,12,8
2024-08-18 13:00:00,0.0,51.66786261913584,-51.66786261913584,13,8
2024-08-18 14:00:00,0.0,51.66786261913584,-51.66786261913584,14,8
2024-08-18 15:00:00,0.0,51.66786261913584,-51.66786261913584,15,8
2024-08-18 16:00:00,0.0,51.66786261913584,-51.66786261913584,16,8
2024-08-18 17:00:00,0.0,51.66786261913584,-51.66786261913584,17,8
2024-08-18 18:00:00,3.32,51.66786261913584,-48.34786261913584,18,8
2024-08-18 19:00:00,61.99,51.66786261913584,10.322137380864163,19,8
2024-08-18 20:00:00,89.5,51.66786261913584,37.83213738086416,20,8
2024-08-18 21:00:00,110.34,51.66786261913584,58.672137380864164,21,8
2024-08-18 22:00:00,111.64,51.66786261913584,59.97213738086416,22,8
2024-08-18 23:00:00,99.69,51.66786261913584,48.02213738086416,23,8
2024-08-19 00:00:00,91.7,51.66786261913584,40.032137380864164,0,8
2024-08-19 01:00:00,76.6,51.66786261913584,24.932137380864155,1,8
2024-08-19 02:00:00,74.8,51.66786261913584,23.132137380864158,2,8
2024-08-19 03:00:00,75.92,51.66786261913584,24.252137380864163,3,8
2024-08-19 04:00:00,75.65,51.66786261913584,23.982137380864167,4,8
2024-08-19 05:00:00,79.97,51.66786261913584,28.30213738086416,5,8
2024-08-19 06:00:00,85.1,51.66786261913584,33.432137380864155,6,8
2024-08-19 07:00:00,116.02,51.66786261913584,64.35213738086415,7,8
2024-08-19 08:00:00,116.92,51.66786261913584,65.25213738086416,8,8
2024-08-19 09:00:00,112.58,51.66786261913584,60.91213738086416,9,8
2024-08-19 10:00:00,82.35,51.66786261913584,30.682137380864155,10,8
2024-08-19 11:00:00,74.28,51.66786261913584,22.612137380864162,11,8
2024-08-19 12:00:00,70.0,51.66786261913584,18.33213738086416,12,8
2024-08-19 13:00:00,69.0,51.66786261913584,17.33213738086416,13,8
2024-08-19 14:00:00,69.0,51.66786261913584,17.33213738086416,14,8
2024-08-19 15:00:00,67.1,51.66786261913584,15.432137380864155,15,8
2024-08-19 16:00:00,70.0,51.66786261913584,18.33213738086416,16,8
2024-08-19 17:00:00,79.44,51.66786261913584,27.77213738086416,17,8
2024-08-19 18:00:00,103.0,51.66786261913584,51.33213738086416,18,8
2024-08-19 19:00:00,116.26,51.66786261913584,64.59213738086416,19,8
2024-08-19 20:00:00,129.72,51.66786261913584,78.05213738086417,20,8
2024-08-19 21:00:00,157.48,51.66786261913584,105.81213738086416,21,8
2024-08-19 22:00:00,131.3,51.66786261913584,79.63213738086418,22,8
2024-08-19 23:00:00,125.0,51.66786261913584,73.33213738086417,23,8
2024-08-20 00:00:00,119.81,51.66786261913584,68.14213738086417,0,8
2024-08-20 01:00:00,113.2,51.66786261913584,61.532137380864164,1,8
2024-08-20 02:00:00,119.88,51.66786261913584,68.21213738086416,2,8
2024-08-20 03:00:00,117.78,51.66786261913584,66.11213738086417,3,8
2024-08-20 04:00:00,117.08,51.66786261913584,65.41213738086415,4,8
2024-08-20 05:00:00,115.0,51.66786261913584,63.33213738086416,5,8
2024-08-20 06:00:00,120.78,51.66786261913584,69.11213738086417,6,8
2024-08-20 07:00:00,125.08,51.66786261913584,73.41213738086415,7,8
2024-08-20 08:00:00,120.78,51.66786261913584,69.11213738086417,8,8
2024-08-20 09:00:00,96.76,51.66786261913584,45.092137380864166,9,8
2024-08-20 10:00:00,71.5,51.66786261913584,19.83213738086416,10,8
2024-08-20 11:00:00,63.37,51.66786261913584,11.702137380864158,11,8
2024-08-20 12:00:00,65.16,51.66786261913584,13.492137380864158,12,8
2024-08-20 13:00:00,68.14,51.66786261913584,16.47213738086416,13,8
2024-08-20 14:00:00,65.16,51.66786261913584,13.492137380864158,14,8
2024-08-20 15:00:00,63.1,51.66786261913584,11.432137380864162,15,8
2024-08-20 16:00:00,60.0,51.66786261913584,8.332137380864161,16,8
2024-08-20 17:00:00,61.99,51.66786261913584,10.322137380864163,17,8
2024-08-20 18:00:00,63.37,51.66786261913584,11.702137380864158,18,8
2024-08-20 19:00:00,95.0,51.66786261913584,43.33213738086416,19,8
2024-08-20 20:00:00,110.0,51.66786261913584,58.33213738086416,20,8
2024-08-20 21:00:00,121.5,51.66786261913584,69.83213738086417,21,8
2024-08-20 22:00:00,113.86,51.66786261913584,62.19213738086416,22,8
2024-08-20 23:00:00,106.64,51.66786261913584,54.97213738086416,23,8
2024-08-21 00:00:00,105.29,51.66786261913584,53.62213738086417,0,8
2024-08-21 01:00:00,82.8,51.66786261913584,31.132137380864158,1,8
2024-08-21 02:00:00,80.18,51.66786261913584,28.512137380864168,2,8
2024-08-21 03:00:00,65.16,51.66786261913584,13.492137380864158,3,8
2024-08-21 04:00:00,60.0,51.66786261913584,8.332137380864161,4,8
2024-08-21 05:00:00,65.16,51.66786261913584,13.492137380864158,5,8
2024-08-21 06:00:00,82.28,51.66786261913584,30.612137380864162,6,8
2024-08-21 07:00:00,104.76,51.66786261913584,53.092137380864166,7,8
2024-08-21 08:00:00,89.16,51.66786261913584,37.49213738086416,8,8
2024-08-21 09:00:00,57.27,51.66786261913584,5.602137380864164,9,8
2024-08-21 10:00:00,8.0,51.66786261913584,-43.66786261913584,10,8
2024-08-21 11:00:00,5.22,51.66786261913584,-46.44786261913584,11,8
2024-08-21 12:00:00,7.48,51.66786261913584,-44.18786261913584,12,8
2024-08-21 13:00:00,40.0,51.66786261913584,-11.667862619135839,13,8
2024-08-21 14:00:00,53.1,51.66786261913584,1.4321373808641624,14,8
2024-08-21 15:00:00,60.5,51.66786261913584,8.832137380864161,15,8
2024-08-21 16:00:00,65.33,51.66786261913584,13.66213738086416,16,8
2024-08-21 17:00:00,80.39,51.66786261913584,28.72213738086416,17,8
2024-08-21 18:00:00,98.27,51.66786261913584,46.60213738086416,18,8
2024-08-21 19:00:00,111.8,51.66786261913584,60.13213738086416,19,8
2024-08-21 20:00:00,129.2,51.66786261913584,77.53213738086416,20,8
2024-08-21 21:00:00,165.01,51.66786261913584,113.34213738086416,21,8
2024-08-21 22:00:00,150.34,51.66786261913584,98.67213738086417,22,8
2024-08-21 23:00:00,130.7,51.66786261913584,79.03213738086416,23,8
2024-08-22 00:00:00,120.3,51.66786261913584,68.63213738086415,0,8
2024-08-22 01:00:00,115.71,51.66786261913584,64.04213738086415,1,8
2024-08-22 02:00:00,118.85,51.66786261913584,67.18213738086416,2,8
2024-08-22 03:00:00,118.89,51.66786261913584,67.22213738086415,3,8
2024-08-22 04:00:00,118.85,51.66786261913584,67.18213738086416,4,8
2024-08-22 05:00:00,118.85,51.66786261913584,67.18213738086416,5,8
2024-08-22 06:00:00,121.02,51.66786261913584,69.35213738086415,6,8
2024-08-22 07:00:00,126.71,51.66786261913584,75.04213738086415,7,8
2024-08-22 08:00:00,121.02,51.66786261913584,69.35213738086415,8,8
2024-08-22 09:00:00,117.49,51.66786261913584,65.82213738086415,9,8
2024-08-22 10:00:00,103.77,51.66786261913584,52.10213738086416,10,8
2024-08-22 11:00:00,82.41,51.66786261913584,30.742137380864158,11,8
2024-08-22 12:00:00,81.25,51.66786261913584,29.58213738086416,12,8
2024-08-22 13:00:00,82.28,51.66786261913584,30.612137380864162,13,8
2024-08-22 14:00:00,80.99,51.66786261913584,29.322137380864156,14,8
2024-08-22 15:00:00,78.39,51.66786261913584,26.72213738086416,15,8
2024-08-22 16:00:00,78.18,51.66786261913584,26.512137380864168,16,8
2024-08-22 17:00:00,80.99,51.66786261913584,29.322137380864156,17,8
2024-08-22 18:00:00,86.31,51.66786261913584,34.64213738086416,18,8
2024-08-22 19:00:00,117.49,51.66786261913584,65.82213738086415,19,8
2024-08-22 20:00:00,131.99,51.66786261913584,80.32213738086418,20,8
2024-08-22 21:00:00,164.5,51.66786261913584,112.83213738086417,21,8
2024-08-22 22:00:00,137.79,51.66786261913584,86.12213738086416,22,8
2024-08-22 23:00:00,121.5,51.66786261913584,69.83213738086417,23,8
2024-08-23 00:00:00,115.85,51.66786261913584,64.18213738086416,0,8
2024-08-23 01:00:00,113.49,51.66786261913584,61.822137380864156,1,8
2024-08-23 02:00:00,109.21,51.66786261913584,57.542137380864155,2,8
2024-08-23 03:00:00,116.69,51.66786261913584,65.02213738086417,3,8
2024-08-23 04:00:00,116.69,51.66786261913584,65.02213738086417,4,8
2024-08-23 05:00:00,115.85,51.66786261913584,64.18213738086416,5,8
2024-08-23 06:00:00,117.27,51.66786261913584,65.60213738086415,6,8
2024-08-23 07:00:00,124.9,51.66786261913584,73.23213738086417,7,8
2024-08-23 08:00:00,119.39,51.66786261913584,67.72213738086415,8,8
2024-08-23 09:00:00,116.69,51.66786261913584,65.02213738086417,9,8
2024-08-23 10:00:00,104.92,51.66786261913584,53.25213738086416,10,8
2024-08-23 11:00:00,82.36,51.66786261913584,30.69213738086416,11,8
2024-08-23 12:00:00,81.87,51.66786261913584,30.202137380864166,12,8
2024-08-23 13:00:00,82.36,51.66786261913584,30.69213738086416,13,8
2024-08-23 14:00:00,81.74,51.66786261913584,30.072137380864156,14,8
2024-08-23 15:00:00,77.0,51.66786261913584,25.33213738086416,15,8
2024-08-23 16:00:00,77.95,51.66786261913584,26.282137380864164,16,8
2024-08-23 17:00:00,82.15,51.66786261913584,30.482137380864167,17,8
2024-08-23 18:00:00,104.76,51.66786261913584,53.092137380864166,18,8
2024-08-23 19:00:00,116.57,51.66786261913584,64.90213738086416,19,8
2024-08-23 20:00:00,124.9,51.66786261913584,73.23213738086417,20,8
2024-08-23 21:00:00,141.2,51.66786261913584,89.53213738086416,21,8
2024-08-23 22:00:00,125.99,51.66786261913584,74.32213738086415,22,8
2024-08-23 23:00:00,120.29,51.66786261913584,68.62213738086416,23,8
2024-08-24 00:00:00,115.23,51.66786261913584,63.562137380864165,0,8
2024-08-24 01:00:00,113.92,51.66786261913584,62.25213738086416,1,8
2024-08-24 02:00:00,104.92,51.66786261913584,53.25213738086416,2,8
2024-08-24 03:00:00,109.02,51.66786261913584,57.35213738086416,3,8
2024-08-24 04:00:00,98.75,51.66786261913584,47.08213738086416,4,8
2024-08-24 05:00:00,98.0,51.66786261913584,46.33213738086416,5,8
2024-08-24 06:00:00,103.42,51.66786261913584,51.75213738086416,6,8
2024-08-24 07:00:00,105.91,51.66786261913584,54.24213738086416,7,8
2024-08-24 08:00:00,82.9,51.66786261913584,31.232137380864167,8,8
2024-08-24 09:00:00,15.0,51.66786261913584,-36.66786261913584,9,8
2024-08-24 10:00:00,0.01,51.66786261913584,-51.65786261913584,10,8
2024-08-24 11:00:00,0.0,51.66786261913584,-51.66786261913584,11,8
2024-08-24 12:00:00,0.0,51.66786261913584,-51.66786261913584,12,8
2024-08-24 13:00:00,0.0,51.66786261913584,-51.66786261913584,13,8
2024-08-24 14:00:00,0.0,51.66786261913584,-51.66786261913584,14,8
2024-08-24 15:00:00,0.0,51.66786261913584,-51.66786261913584,15,8
2024-08-24 16:00:00,0.0,51.66786261913584,-51.66786261913584,16,8
2024-08-24 17:00:00,3.32,51.66786261913584,-48.34786261913584,17,8
2024-08-24 18:00:00,16.77,51.66786261913584,-34.897862619135836,18,8
2024-08-24 19:00:00,71.41,51.66786261913584,19.742137380864158,19,8
2024-08-24 20:00:00,103.42,51.66786261913584,51.75213738086416,20,8
2024-08-24 21:00:00,116.62,51.66786261913584,64.95213738086417,21,8
2024-08-24 22:00:00,98.75,51.66786261913584,47.08213738086416,22,8
2024-08-24 23:00:00,90.41,51.66786261913584,38.74213738086416,23,8
2024-08-25 00:00:00,70.0,51.66786261913584,18.33213738086416,0,8
2024-08-25 01:00:00,56.44,51.66786261913584,4.772137380864159,1,8
2024-08-25 02:00:00,50.0,51.66786261913584,-1.667862619135839,2,8
2024-08-25 03:00:00,42.02,51.66786261913584,-9.647862619135836,3,8
2024-08-25 04:00:00,8.0,51.66786261913584,-43.66786261913584,4,8
2024-08-25 05:00:00,6.99,51.66786261913584,-44.67786261913584,5,8
2024-08-25 06:00:00,14.0,51.66786261913584,-37.66786261913584,6,8
2024-08-25 07:00:00,14.0,51.66786261913584,-37.66786261913584,7,8
2024-08-25 08:00:00,3.32,51.66786261913584,-48.34786261913584,8,8
2024-08-25 09:00:00,0.0,51.66786261913584,-51.66786261913584,9,8
2024-08-25 10:00:00,-0.72,51.66786261913584,-52.38786261913584,10,8
2024-08-25 11:00:00,-0.95,51.66786261913584,-52.61786261913584,11,8
2024-08-25 12:00:00,-0.66,51.66786261913584,-52.327862619135836,12,8
2024-08-25 13:00:00,-0.01,51.66786261913584,-51.67786261913584,13,8
2024-08-25 14:00:00,0.0,51.66786261913584,-51.66786261913584,14,8
2024-08-25 15:00:00,0.0,51.66786261913584,-51.66786261913584,15,8
2024-08-25 16:00:00,0.0,51.66786261913584,-51.66786261913584,16,8
2024-08-25 17:00:00,0.44,51.66786261913584,-51.22786261913584,17,8
2024-08-25 18:00:00,14.2,51.66786261913584,-37.46786261913584,18,8
2024-08-25 19:00:00,71.41,51.66786261913584,19.742137380864158,19,8
2024-08-25 20:00:00,94.02,51.66786261913584,42.35213738086416,20,8
2024-08-25 21:00:00,109.91,51.66786261913584,58.24213738086416,21,8
2024-08-25 22:00:00,102.88,51.66786261913584,51.21213738086416,22,8
2024-08-25 23:00:00,93.53,51.66786261913584,41.86213738086416,23,8
2024-08-26 00:00:00,97.14,51.66786261913584,45.47213738086416,0,8
2024-08-26 01:00:00,85.23,51.66786261913584,33.562137380864165,1,8
2024-08-26 02:00:00,75.0,51.66786261913584,23.33213738086416,2,8
2024-08-26 03:00:00,74.87,51.66786261913584,23.202137380864166,3,8
2024-08-26 04:00:00,74.87,51.66786261913584,23.202137380864166,4,8
2024-08-26 05:00:00,75.5,51.66786261913584,23.83213738086416,5,8
2024-08-26 06:00:00,105.0,51.66786261913584,53.33213738086416,6,8
2024-08-26 07:00:00,122.2,51.66786261913584,70.53213738086416,7,8
2024-08-26 08:00:00,120.01,51.66786261913584,68.34213738086416,8,8
2024-08-26 09:00:00,83.06,51.66786261913584,31.392137380864163,9,8
2024-08-26 10:00:00,64.99,51.66786261913584,13.322137380864156,10,8
2024-08-26 11:00:00,63.37,51.66786261913584,11.702137380864158,11,8
2024-08-26 12:00:00,64.99,51.66786261913584,13.322137380864156,12,8
2024-08-26 13:00:00,73.94,51.66786261913584,22.27213738086416,13,8
2024-08-26 14:00:00,74.87,51.66786261913584,23.202137380864166,14,8
2024-08-26 15:00:00,74.07,51.66786261913584,22.402137380864154,15,8
2024-08-26 16:00:00,73.81,51.66786261913584,22.142137380864163,16,8
2024-08-26 17:00:00,85.34,51.66786261913584,33.672137380864164,17,8
2024-08-26 18:00:00,110.78,51.66786261913584,59.11213738086416,18,8
2024-08-26 19:00:00,120.0,51.66786261913584,68.33213738086417,19,8
2024-08-26 20:00:00,127.04,51.66786261913584,75.37213738086416,20,8
2024-08-26 21:00:00,160.0,51.66786261913584,108.33213738086417,21,8
2024-08-26 22:00:00,130.0,51.66786261913584,78.33213738086417,22,8
2024-08-26 23:00:00,124.54,51.66786261913584,72.87213738086416,23,8
2024-08-27 00:00:00,129.21,51.66786261913584,77.54213738086418,0,8
2024-08-27 01:00:00,122.73,51.66786261913584,71.06213738086416,1,8
2024-08-27 02:00:00,119.0,51.66786261913584,67.33213738086417,2,8
2024-08-27 03:00:00,119.0,51.66786261913584,67.33213738086417,3,8
2024-08-27 04:00:00,112.39,51.66786261913584,60.72213738086416,4,8
2024-08-27 05:00:00,109.99,51.66786261913584,58.322137380864156,5,8
2024-08-27 06:00:00,114.76,51.66786261913584,63.092137380864166,6,8
2024-08-27 07:00:00,124.1,51.66786261913584,72.43213738086416,7,8
2024-08-27 08:00:00,119.58,51.66786261913584,67.91213738086415,8,8
2024-08-27 09:00:00,110.78,51.66786261913584,59.11213738086416,9,8
2024-08-27 10:00:00,94.2,51.66786261913584,42.532137380864164,10,8
2024-08-27 11:00:00,81.2,51.66786261913584,29.532137380864164,11,8
2024-08-27 12:00:00,77.5,51.66786261913584,25.83213738086416,12,8
2024-08-27 13:00:00,77.5,51.66786261913584,25.83213738086416,13,8
2024-08-27 14:00:00,75.93,51.66786261913584,24.262137380864168,14,8
2024-08-27 15:00:00,75.0,51.66786261913584,23.33213738086416,15,8
2024-08-27 16:00:00,75.31,51.66786261913584,23.642137380864163,16,8
2024-08-27 17:00:00,87.95,51.66786261913584,36.282137380864164,17,8
2024-08-27 18:00:00,114.0,51.66786261913584,62.33213738086416,18,8
2024-08-27 19:00:00,123.85,51.66786261913584,72.18213738086416,19,8
2024-08-27 20:00:00,125.14,51.66786261913584,73.47213738086415,20,8
2024-08-27 21:00:00,153.2,51.66786261913584,101.53213738086416,21,8
2024-08-27 22:00:00,123.78,51.66786261913584,72.11213738086417,22,8
2024-08-27 23:00:00,119.0,51.66786261913584,67.33213738086417,23,8
2024-08-28 00:00:00,122.92,51.66786261913584,71.25213738086416,0,8
2024-08-28 01:00:00,119.33,51.66786261913584,67.66213738086415,1,8
2024-08-28 02:00:00,117.8,51.66786261913584,66.13213738086415,2,8
2024-08-28 03:00:00,118.63,51.66786261913584,66.96213738086416,3,8
2024-08-28 04:00:00,118.63,51.66786261913584,66.96213738086416,4,8
2024-08-28 05:00:00,118.63,51.66786261913584,66.96213738086416,5,8
2024-08-28 06:00:00,117.0,51.66786261913584,65.33213738086417,6,8
2024-08-28 07:00:00,124.28,51.66786261913584,72.61213738086417,7,8
2024-08-28 08:00:00,120.76,51.66786261913584,69.09213738086416,8,8
2024-08-28 09:00:00,118.85,51.66786261913584,67.18213738086416,9,8
2024-08-28 10:00:00,105.91,51.66786261913584,54.24213738086416,10,8
2024-08-28 11:00:00,83.7,51.66786261913584,32.032137380864164,11,8
2024-08-28 12:00:00,80.2,51.66786261913584,28.532137380864164,12,8
2024-08-28 13:00:00,79.94,51.66786261913584,28.27213738086416,13,8
2024-08-28 14:00:00,77.16,51.66786261913584,25.492137380864158,14,8
2024-08-28 15:00:00,75.0,51.66786261913584,23.33213738086416,15,8
2024-08-28 16:00:00,82.0,51.66786261913584,30.33213738086416,16,8
2024-08-28 17:00:00,94.38,51.66786261913584,42.71213738086416,17,8
2024-08-28 18:00:00,108.26,51.66786261913584,56.592137380864166,18,8
2024-08-28 19:00:00,123.16,51.66786261913584,71.49213738086416,19,8
2024-08-28 20:00:00,125.78,51.66786261913584,74.11213738086417,20,8
2024-08-28 21:00:00,138.58,51.66786261913584,86.91213738086418,21,8
2024-08-28 22:00:00,119.93,51.66786261913584,68.26213738086417,22,8
2024-08-28 23:00:00,111.53,51.66786261913584,59.86213738086416,23,8
2024-08-29 00:00:00,124.36,51.66786261913584,72.69213738086415,0,8
2024-08-29 01:00:00,119.0,51.66786261913584,67.33213738086417,1,8
2024-08-29 02:00:00,117.13,51.66786261913584,65.46213738086416,2,8
2024-08-29 03:00:00,118.53,51.66786261913584,66.86213738086417,3,8
2024-08-29 04:00:00,118.85,51.66786261913584,67.18213738086416,4,8
2024-08-29 05:00:00,119.82,51.66786261913584,68.15213738086416,5,8
2024-08-29 06:00:00,124.5,51.66786261913584,72.83213738086417,6,8
2024-08-29 07:00:00,128.45,51.66786261913584,76.78213738086416,7,8
2024-08-29 08:00:00,128.85,51.66786261913584,77.18213738086416,8,8
2024-08-29 09:00:00,120.0,51.66786261913584,68.33213738086417,9,8
2024-08-29 10:00:00,112.84,51.66786261913584,61.172137380864164,10,8
2024-08-29 11:00:00,114.6,51.66786261913584,62.932137380864155,11,8
2024-08-29 12:00:00,107.42,51.66786261913584,55.75213738086416,12,8
2024-08-29 13:00:00,111.11,51.66786261913584,59.44213738086416,13,8
2024-08-29 14:00:00,117.13,51.66786261913584,65.46213738086416,14,8
2024-08-29 15:00:00,114.0,51.66786261913584,62.33213738086416,15,8
2024-08-29 16:00:00,114.0,51.66786261913584,62.33213738086416,16,8
2024-08-29 17:00:00,108.96,51.66786261913584,57.292137380864155,17,8
2024-08-29 18:00:00,117.89,51.66786261913584,66.22213738086415,18,8
2024-08-29 19:00:00,128.18,51.66786261913584,76.51213738086417,19,8
2024-08-29 20:00:00,131.99,51.66786261913584,80.32213738086418,20,8
2024-08-29 21:00:00,138.0,51.66786261913584,86.33213738086417,21,8
2024-08-29 22:00:00,128.45,51.66786261913584,76.78213738086416,22,8
2024-08-29 23:00:00,124.73,51.66786261913584,73.06213738086416,23,8
2024-08-30 00:00:00,122.0,51.66786261913584,70.33213738086417,0,8
2024-08-30 01:00:00,120.16,51.66786261913584,68.49213738086416,1,8
2024-08-30 02:00:00,111.17,51.66786261913584,59.50213738086416,2,8
2024-08-30 03:00:00,120.16,51.66786261913584,68.49213738086416,3,8
2024-08-30 04:00:00,119.46,51.66786261913584,67.79213738086415,4,8
2024-08-30 05:00:00,116.2,51.66786261913584,64.53213738086416,5,8
2024-08-30 06:00:00,123.16,51.66786261913584,71.49213738086416,6,8
2024-08-30 07:00:00,129.0,51.66786261913584,77.33213738086417,7,8
2024-08-30 08:00:00,126.0,51.66786261913584,74.33213738086417,8,8
2024-08-30 09:00:00,125.5,51.66786261913584,73.83213738086417,9,8
2024-08-30 10:00:00,116.66,51.66786261913584,64.99213738086416,10,8
2024-08-30 11:00:00,99.54,51.66786261913584,47.87213738086417,11,8
2024-08-30 12:00:00,92.29,51.66786261913584,40.62213738086417,12,8
2024-08-30 13:00:00,92.29,51.66786261913584,40.62213738086417,13,8
2024-08-30 14:00:00,91.94,51.66786261913584,40.27213738086416,14,8
2024-08-30 15:00:00,91.81,51.66786261913584,40.14213738086416,15,8
2024-08-30 16:00:00,92.07,51.66786261913584,40.402137380864154,16,8
2024-08-30 17:00:00,105.97,51.66786261913584,54.30213738086416,17,8
2024-08-30 18:00:00,120.0,51.66786261913584,68.33213738086417,18,8
2024-08-30 19:00:00,125.5,51.66786261913584,73.83213738086417,19,8
2024-08-30 20:00:00,131.99,51.66786261913584,80.32213738086418,20,8
2024-08-30 21:00:00,140.01,51.66786261913584,88.34213738086416,21,8
2024-08-30 22:00:00,131.99,51.66786261913584,80.32213738086418,22,8
2024-08-30 23:00:00,128.78,51.66786261913584,77.11213738086417,23,8
2024-08-31 00:00:00,128.5,51.66786261913584,76.83213738086417,0,8
2024-08-31 01:00:00,124.9,51.66786261913584,73.23213738086417,1,8
2024-08-31 02:00:00,121.26,51.66786261913584,69.59213738086416,2,8
2024-08-31 03:00:00,119.51,51.66786261913584,67.84213738086416,3,8
2024-08-31 04:00:00,120.0,51.66786261913584,68.33213738086417,4,8
2024-08-31 05:00:00,124.36,51.66786261913584,72.69213738086415,5,8
2024-08-31 06:00:00,126.26,51.66786261913584,74.59213738086416,6,8
2024-08-31 07:00:00,126.26,51.66786261913584,74.59213738086416,7,8
2024-08-31 08:00:00,128.5,51.66786261913584,76.83213738086417,8,8
2024-08-31 09:00:00,124.64,51.66786261913584,72.97213738086415,9,8
2024-08-31 10:00:00,115.91,51.66786261913584,64.24213738086416,10,8
2024-08-31 11:00:00,89.63,51.66786261913584,37.96213738086416,11,8
2024-08-31 12:00:00,85.45,51.66786261913584,33.782137380864164,12,8
2024-08-31 13:00:00,88.2,51.66786261913584,36.532137380864164,13,8
2024-08-31 14:00:00,87.94,51.66786261913584,36.27213738086416,14,8
2024-08-31 15:00:00,85.23,51.66786261913584,33.562137380864165,15,8
2024-08-31 16:00:00,88.07,51.66786261913584,36.402137380864154,16,8
2024-08-31 17:00:00,100.0,51.66786261913584,48.33213738086416,17,8
2024-08-31 18:00:00,118.85,51.66786261913584,67.18213738086416,18,8
2024-08-31 19:00:00,127.42,51.66786261913584,75.75213738086416,19,8
2024-08-31 20:00:00,133.0,51.66786261913584,81.33213738086417,20,8
2024-08-31 21:00:00,154.15,51.66786261913584,102.48213738086417,21,8
2024-08-31 22:00:00,145.68,51.66786261913584,94.01213738086417,22,8
2024-08-31 23:00:00,135.01,51.66786261913584,83.34213738086416,23,8
2024-09-01 00:00:00,134.02,51.66786261913584,82.35213738086418,0,9
2024-09-01 01:00:00,129.16,51.66786261913584,77.49213738086416,1,9
2024-09-01 02:00:00,125.92,51.66786261913584,74.25213738086416,2,9
2024-09-01 03:00:00,124.3,51.66786261913584,72.63213738086415,3,9
2024-09-01 04:00:00,122.68,51.66786261913584,71.01213738086417,4,9
2024-09-01 05:00:00,121.39,51.66786261913584,69.72213738086415,5,9
2024-09-01 06:00:00,124.09,51.66786261913584,72.42213738086417,6,9
2024-09-01 07:00:00,124.9,51.66786261913584,73.23213738086417,7,9
2024-09-01 08:00:00,113.08,51.66786261913584,61.41213738086416,8,9
2024-09-01 09:00:00,100.66,51.66786261913584,48.99213738086416,9,9
2024-09-01 10:00:00,78.5,51.66786261913584,26.83213738086416,10,9
2024-09-01 11:00:00,51.99,51.66786261913584,0.322137380864163,11,9
2024-09-01 12:00:00,43.0,51.66786261913584,-8.667862619135839,12,9
2024-09-01 13:00:00,43.0,51.66786261913584,-8.667862619135839,13,9
2024-09-01 14:00:00,46.53,51.66786261913584,-5.137862619135838,14,9
2024-09-01 15:00:00,30.1,51.66786261913584,-21.567862619135838,15,9
2024-09-01 16:00:00,28.98,51.66786261913584,-22.68786261913584,16,9
2024-09-01 17:00:00,81.37,51.66786261913584,29.702137380864166,17,9
2024-09-01 18:00:00,99.64,51.66786261913584,47.97213738086416,18,9
2024-09-01 19:00:00,123.6,51.66786261913584,71.93213738086416,19,9
2024-09-01 20:00:00,134.02,51.66786261913584,82.35213738086418,20,9
2024-09-01 21:00:00,141.74,51.66786261913584,90.07213738086418,21,9
2024-09-01 22:00:00,139.7,51.66786261913584,88.03213738086416,22,9
2024-09-01 23:00:00,129.1,51.66786261913584,77.43213738086416,23,9
2024-09-02 00:00:00,132.16,51.66786261913584,80.49213738086416,0,9
2024-09-02 01:00:00,128.0,51.66786261913584,76.33213738086417,1,9
2024-09-02 02:00:00,125.14,51.66786261913584,73.47213738086415,2,9
2024-09-02 03:00:00,120.0,51.66786261913584,68.33213738086417,3,9
2024-09-02 04:00:00,118.5,51.66786261913584,66.83213738086417,4,9
2024-09-02 05:00:00,122.5,51.66786261913584,70.83213738086417,5,9
2024-09-02 06:00:00,127.14,51.66786261913584,75.47213738086415,6,9
2024-09-02 07:00:00,131.95,51.66786261913584,80.28213738086416,7,9
2024-09-02 08:00:00,131.52,51.66786261913584,79.85213738086418,8,9
2024-09-02 09:00:00,122.98,51.66786261913584,71.31213738086416,9,9
2024-09-02 10:00:00,109.9,51.66786261913584,58.23213738086417,10,9
2024-09-02 11:00:00,90.98,51.66786261913584,39.312137380864165,11,9
2024-09-02 12:00:00,89.87,51.66786261913584,38.202137380864166,12,9
2024-09-02 13:00:00,90.29,51.66786261913584,38.62213738086417,13,9
2024-09-02 14:00:00,90.08,51.66786261913584,38.41213738086416,14,9
2024-09-02 15:00:00,91.9,51.66786261913584,40.23213738086417,15,9
2024-09-02 16:00:00,95.97,51.66786261913584,44.30213738086416,16,9
2024-09-02 17:00:00,104.9,51.66786261913584,53.23213738086417,17,9
2024-09-02 18:00:00,122.09,51.66786261913584,70.42213738086417,18,9
2024-09-02 19:00:00,130.0,51.66786261913584,78.33213738086417,19,9
2024-09-02 20:00:00,138.0,51.66786261913584,86.33213738086417,20,9
2024-09-02 21:00:00,134.53,51.66786261913584,82.86213738086417,21,9
2024-09-02 22:00:00,128.72,51.66786261913584,77.05213738086417,22,9
2024-09-02 23:00:00,122.74,51.66786261913584,71.07213738086415,23,9
2024-09-03 00:00:00,124.9,51.66786261913584,73.23213738086417,0,9
2024-09-03 01:00:00,122.29,51.66786261913584,70.62213738086416,1,9
2024-09-03 02:00:00,114.51,51.66786261913584,62.842137380864166,2,9
2024-09-03 03:00:00,108.0,51.66786261913584,56.33213738086416,3,9
2024-09-03 04:00:00,105.0,51.66786261913584,53.33213738086416,4,9
2024-09-03 05:00:00,106.21,51.66786261913584,54.542137380864155,5,9
2024-09-03 06:00:00,115.74,51.66786261913584,64.07213738086415,6,9
2024-09-03 07:00:00,125.0,51.66786261913584,73.33213738086417,7,9
2024-09-03 08:00:00,133.95,51.66786261913584,82.28213738086416,8,9
2024-09-03 09:00:00,115.98,51.66786261913584,64.31213738086416,9,9
2024-09-03 10:00:00,98.88,51.66786261913584,47.21213738086416,10,9
2024-09-03 11:00:00,90.02,51.66786261913584,38.35213738086416,11,9
2024-09-03 12:00:00,85.0,51.66786261913584,33.33213738086416,12,9
2024-09-03 13:00:00,83.08,51.66786261913584,31.41213738086416,13,9
2024-09-03 14:00:00,84.68,51.66786261913584,33.01213738086417,14,9
2024-09-03 15:00:00,87.2,51.66786261913584,35.532137380864164,15,9
2024-09-03 16:00:00,86.08,51.66786261913584,34.41213738086416,16,9
2024-09-03 17:00:00,90.49,51.66786261913584,38.822137380864156,17,9
2024-09-03 18:00:00,101.92,51.66786261913584,50.25213738086416,18,9
2024-09-03 19:00:00,120.94,51.66786261913584,69.27213738086417,19,9
2024-09-03 20:00:00,131.0,51.66786261913584,79.33213738086417,20,9
2024-09-03 21:00:00,130.01,51.66786261913584,78.34213738086416,21,9
2024-09-03 22:00:00,126.57,51.66786261913584,74.90213738086416,22,9
2024-09-03 23:00:00,115.19,51.66786261913584,63.52213738086416,23,9
2024-09-04 00:00:00,108.38,51.66786261913584,56.71213738086416,0,9
2024-09-04 01:00:00,99.35,51.66786261913584,47.682137380864155,1,9
2024-09-04 02:00:00,94.5,51.66786261913584,42.83213738086416,2,9
2024-09-04 03:00:00,101.31,51.66786261913584,49.64213738086416,3,9
2024-09-04 04:00:00,101.0,51.66786261913584,49.33213738086416,4,9
2024-09-04 05:00:00,98.0,51.66786261913584,46.33213738086416,5,9
2024-09-04 06:00:00,109.28,51.66786261913584,57.61213738086416,6,9
2024-09-04 07:00:00,122.3,51.66786261913584,70.63213738086415,7,9
2024-09-04 08:00:00,127.42,51.66786261913584,75.75213738086416,8,9
2024-09-04 09:00:00,117.99,51.66786261913584,66.32213738086415,9,9
2024-09-04 10:00:00,89.5,51.66786261913584,37.83213738086416,10,9
2024-09-04 11:00:00,79.96,51.66786261913584,28.292137380864155,11,9
2024-09-04 12:00:00,75.5,51.66786261913584,23.83213738086416,12,9
2024-09-04 13:00:00,76.0,51.66786261913584,24.33213738086416,13,9
2024-09-04 14:00:00,70.5,51.66786261913584,18.83213738086416,14,9
2024-09-04 15:00:00,60.89,51.66786261913584,9.222137380864162,15,9
2024-09-04 16:00:00,51.99,51.66786261913584,0.322137380864163,16,9
2024-09-04 17:00:00,53.1,51.66786261913584,1.4321373808641624,17,9
2024-09-04 18:00:00,76.99,51.66786261913584,25.322137380864156,18,9
2024-09-04 19:00:00,103.0,51.66786261913584,51.33213738086416,19,9
2024-09-04 20:00:00,122.81,51.66786261913584,71.14213738086417,20,9
2024-09-04 21:00:00,124.44,51.66786261913584,72.77213738086417,21,9
2024-09-04 22:00:00,117.14,51.66786261913584,65.47213738086415,22,9
2024-09-04 23:00:00,108.55,51.66786261913584,56.88213738086416,23,9
2024-09-05 00:00:00,105.0,51.66786261913584,53.33213738086416,0,9
2024-09-05 01:00:00,105.7,51.66786261913584,54.032137380864164,1,9
2024-09-05 02:00:00,99.35,51.66786261913584,47.682137380864155,2,9
2024-09-05 03:00:00,99.41,51.66786261913584,47.74213738086416,3,9
2024-09-05 04:00:00,96.0,51.66786261913584,44.33213738086416,4,9
2024-09-05 05:00:00,100.0,51.66786261913584,48.33213738086416,5,9
2024-09-05 06:00:00,118.06,51.66786261913584,66.39213738086417,6,9
2024-09-05 07:00:00,124.9,51.66786261913584,73.23213738086417,7,9
2024-09-05 08:00:00,125.0,51.66786261913584,73.33213738086417,8,9
2024-09-05 09:00:00,113.42,51.66786261913584,61.75213738086416,9,9
2024-09-05 10:00:00,92.5,51.66786261913584,40.83213738086416,10,9
2024-09-05 11:00:00,84.81,51.66786261913584,33.14213738086416,11,9
2024-09-05 12:00:00,84.81,51.66786261913584,33.14213738086416,12,9
2024-09-05 13:00:00,84.81,51.66786261913584,33.14213738086416,13,9
2024-09-05 14:00:00,84.68,51.66786261913584,33.01213738086417,14,9
2024-09-05 15:00:00,81.18,51.66786261913584,29.512137380864168,15,9
2024-09-05 16:00:00,84.55,51.66786261913584,32.88213738086416,16,9
2024-09-05 17:00:00,87.87,51.66786261913584,36.202137380864166,17,9
2024-09-05 18:00:00,105.7,51.66786261913584,54.032137380864164,18,9
2024-09-05 19:00:00,118.22,51.66786261913584,66.55213738086417,19,9
2024-09-05 20:00:00,129.7,51.66786261913584,78.03213738086416,20,9
2024-09-05 21:00:00,134.0,51.66786261913584,82.33213738086417,21,9
2024-09-05 22:00:00,124.9,51.66786261913584,73.23213738086417,22,9
2024-09-05 23:00:00,118.22,51.66786261913584,66.55213738086417,23,9
2024-09-06 00:00:00,111.98,51.66786261913584,60.312137380864165,0,9
2024-09-06 01:00:00,109.0,51.66786261913584,57.33213738086416,1,9
2024-09-06 02:00:00,103.35,51.66786261913584,51.682137380864155,2,9
2024-09-06 03:00:00,98.0,51.66786261913584,46.33213738086416,3,9
2024-09-06 04:00:00,97.55,51.66786261913584,45.88213738086416,4,9
2024-09-06 05:00:00,98.0,51.66786261913584,46.33213738086416,5,9
2024-09-06 06:00:00,110.0,51.66786261913584,58.33213738086416,6,9
2024-09-06 07:00:00,116.0,51.66786261913584,64.33213738086417,7,9
2024-09-06 08:00:00,115.0,51.66786261913584,63.33213738086416,8,9
2024-09-06 09:00:00,102.25,51.66786261913584,50.58213738086416,9,9
2024-09-06 10:00:00,85.23,51.66786261913584,33.562137380864165,10,9
2024-09-06 11:00:00,74.99,51.66786261913584,23.322137380864156,11,9
2024-09-06 12:00:00,63.37,51.66786261913584,11.702137380864158,12,9
2024-09-06 13:00:00,46.22,51.66786261913584,-5.44786261913584,13,9
2024-09-06 14:00:00,31.2,51.66786261913584,-20.46786261913584,14,9
2024-09-06 15:00:00,26.85,51.66786261913584,-24.817862619135838,15,9
2024-09-06 16:00:00,19.56,51.66786261913584,-32.107862619135844,16,9
2024-09-06 17:00:00,43.6,51.66786261913584,-8.067862619135838,17,9
2024-09-06 18:00:00,70.2,51.66786261913584,18.532137380864164,18,9
2024-09-06 19:00:00,104.41,51.66786261913584,52.74213738086416,19,9
2024-09-06 20:00:00,114.81,51.66786261913584,63.14213738086416,20,9
2024-09-06 21:00:00,118.2,51.66786261913584,66.53213738086416,21,9
2024-09-06 22:00:00,112.46,51.66786261913584,60.792137380864155,22,9
2024-09-06 23:00:00,109.14,51.66786261913584,57.47213738086416,23,9
2024-09-07 00:00:00,117.32,51.66786261913584,65.65213738086416,0,9
2024-09-07 01:00:00,116.42,51.66786261913584,64.75213738086416,1,9
2024-09-07 02:00:00,103.35,51.66786261913584,51.682137380864155,2,9
2024-09-07 03:00:00,103.35,51.66786261913584,51.682137380864155,3,9
2024-09-07 04:00:00,101.12,51.66786261913584,49.452137380864166,4,9
2024-09-07 05:00:00,99.34,51.66786261913584,47.672137380864164,5,9
2024-09-07 06:00:00,104.0,51.66786261913584,52.33213738086416,6,9
2024-09-07 07:00:00,108.83,51.66786261913584,57.16213738086416,7,9
2024-09-07 08:00:00,104.68,51.66786261913584,53.01213738086417,8,9
2024-09-07 09:00:00,77.95,51.66786261913584,26.282137380864164,9,9
2024-09-07 10:00:00,51.52,51.66786261913584,-0.14786261913583587,10,9
2024-09-07 11:00:00,3.32,51.66786261913584,-48.34786261913584,11,9
2024-09-07 12:00:00,3.32,51.66786261913584,-48.34786261913584,12,9
2024-09-07 13:00:00,1.02,51.66786261913584,-50.647862619135836,13,9
2024-09-07 14:00:00,0.44,51.66786261913584,-51.22786261913584,14,9
2024-09-07 15:00:00,3.32,51.66786261913584,-48.34786261913584,15,9
2024-09-07 16:00:00,14.0,51.66786261913584,-37.66786261913584,16,9
2024-09-07 17:00:00,50.24,51.66786261913584,-1.427862619135837,17,9
2024-09-07 18:00:00,83.32,51.66786261913584,31.652137380864154,18,9
2024-09-07 19:00:00,116.51,51.66786261913584,64.84213738086416,19,9
2024-09-07 20:00:00,136.07,51.66786261913584,84.40213738086416,20,9
2024-09-07 21:00:00,148.56,51.66786261913584,96.89213738086417,21,9
2024-09-07 22:00:00,124.44,51.66786261913584,72.77213738086417,22,9
2024-09-07 23:00:00,123.86,51.66786261913584,72.19213738086415,23,9
2024-09-08 00:00:00,120.86,51.66786261913584,69.19213738086415,0,9
2024-09-08 01:00:00,117.14,51.66786261913584,65.47213738086415,1,9
2024-09-08 02:00:00,114.32,51.66786261913584,62.652137380864154,2,9
2024-09-08 03:00:00,110.0,51.66786261913584,58.33213738086416,3,9
2024-09-08 04:00:00,107.8,51.66786261913584,56.13213738086416,4,9
2024-09-08 05:00:00,106.87,51.66786261913584,55.202137380864166,5,9
2024-09-08 06:00:00,110.11,51.66786261913584,58.44213738086416,6,9
2024-09-08 07:00:00,113.3,51.66786261913584,61.63213738086416,7,9
2024-09-08 08:00:00,108.04,51.66786261913584,56.37213738086417,8,9
2024-09-08 09:00:00,78.87,51.66786261913584,27.202137380864166,9,9
2024-09-08 10:00:00,8.29,51.66786261913584,-43.37786261913584,10,9
2024-09-08 11:00:00,0.44,51.66786261913584,-51.22786261913584,11,9
2024-09-08 12:00:00,0.04,51.66786261913584,-51.62786261913584,12,9
2024-09-08 13:00:00,0.0,51.66786261913584,-51.66786261913584,13,9
2024-09-08 14:00:00,0.0,51.66786261913584,-51.66786261913584,14,9
2024-09-08 15:00:00,0.0,51.66786261913584,-51.66786261913584,15,9
2024-09-08 16:00:00,0.0,51.66786261913584,-51.66786261913584,16,9
2024-09-08 17:00:00,0.0,51.66786261913584,-51.66786261913584,17,9
2024-09-08 18:00:00,3.32,51.66786261913584,-48.34786261913584,18,9
2024-09-08 19:00:00,76.16,51.66786261913584,24.492137380864158,19,9
2024-09-08 20:00:00,106.87,51.66786261913584,55.202137380864166,20,9
2024-09-08 21:00:00,117.22,51.66786261913584,65.55213738086417,21,9
2024-09-08 22:00:00,116.42,51.66786261913584,64.75213738086416,22,9
2024-09-08 23:00:00,110.11,51.66786261913584,58.44213738086416,23,9
2024-09-09 00:00:00,115.7,51.66786261913584,64.03213738086416,0,9
2024-09-09 01:00:00,110.3,51.66786261913584,58.63213738086416,1,9
2024-09-09 02:00:00,108.75,51.66786261913584,57.08213738086416,2,9
2024-09-09 03:00:00,108.66,51.66786261913584,56.99213738086416,3,9
2024-09-09 04:00:00,100.2,51.66786261913584,48.532137380864164,4,9
2024-09-09 05:00:00,108.36,51.66786261913584,56.69213738086416,5,9
2024-09-09 06:00:00,116.42,51.66786261913584,64.75213738086416,6,9
2024-09-09 07:00:00,120.0,51.66786261913584,68.33213738086417,7,9
2024-09-09 08:00:00,120.0,51.66786261913584,68.33213738086417,8,9
2024-09-09 09:00:00,115.1,51.66786261913584,63.432137380864155,9,9
2024-09-09 10:00:00,72.2,51.66786261913584,20.532137380864164,10,9
2024-09-09 11:00:00,50.24,51.66786261913584,-1.427862619135837,11,9
2024-09-09 12:00:00,45.31,51.66786261913584,-6.357862619135837,12,9
2024-09-09 13:00:00,40.5,51.66786261913584,-11.167862619135839,13,9
2024-09-09 14:00:00,20.0,51.66786261913584,-31.66786261913584,14,9
2024-09-09 15:00:00,6.12,51.66786261913584,-45.54786261913584,15,9
2024-09-09 16:00:00,9.54,51.66786261913584,-42.12786261913584,16,9
2024-09-09 17:00:00,40.5,51.66786261913584,-11.167862619135839,17,9
2024-09-09 18:00:00,71.94,51.66786261913584,20.27213738086416,18,9
2024-09-09 19:00:00,116.5,51.66786261913584,64.83213738086417,19,9
2024-09-09 20:00:00,121.56,51.66786261913584,69.89213738086417,20,9
2024-09-09 21:00:00,132.0,51.66786261913584,80.33213738086417,21,9
2024-09-09 22:00:00,118.3,51.66786261913584,66.63213738086415,22,9
2024-09-09 23:00:00,108.66,51.66786261913584,56.99213738086416,23,9
2024-09-10 00:00:00,110.32,51.66786261913584,58.652137380864154,0,9
2024-09-10 01:00:00,103.83,51.66786261913584,52.16213738086416,1,9
2024-09-10 02:00:00,105.0,51.66786261913584,53.33213738086416,2,9
2024-09-10 03:00:00,103.92,51.66786261913584,52.25213738086416,3,9
2024-09-10 04:00:00,99.42,51.66786261913584,47.75213738086416,4,9
2024-09-10 05:00:00,100.01,51.66786261913584,48.342137380864166,5,9
2024-09-10 06:00:00,109.47,51.66786261913584,57.80213738086416,6,9
2024-09-10 07:00:00,112.64,51.66786261913584,60.97213738086416,7,9
2024-09-10 08:00:00,114.59,51.66786261913584,62.922137380864164,8,9
2024-09-10 09:00:00,100.0,51.66786261913584,48.33213738086416,9,9
2024-09-10 10:00:00,62.0,51.66786261913584,10.332137380864161,10,9
2024-09-10 11:00:00,30.1,51.66786261913584,-21.567862619135838,11,9
2024-09-10 12:00:00,14.74,51.66786261913584,-36.92786261913584,12,9
2024-09-10 13:00:00,19.56,51.66786261913584,-32.107862619135844,13,9
2024-09-10 14:00:00,6.31,51.66786261913584,-45.35786261913584,14,9
2024-09-10 15:00:00,3.04,51.66786261913584,-48.62786261913584,15,9
2024-09-10 16:00:00,4.59,51.66786261913584,-47.07786261913584,16,9
2024-09-10 17:00:00,28.41,51.66786261913584,-23.25786261913584,17,9
2024-09-10 18:00:00,53.1,51.66786261913584,1.4321373808641624,18,9
2024-09-10 19:00:00,99.42,51.66786261913584,47.75213738086416,19,9
2024-09-10 20:00:00,109.0,51.66786261913584,57.33213738086416,20,9
2024-09-10 21:00:00,111.74,51.66786261913584,60.072137380864156,21,9
2024-09-10 22:00:00,105.5,51.66786261913584,53.83213738086416,22,9
2024-09-10 23:00:00,98.42,51.66786261913584,46.75213738086416,23,9
2024-09-11 00:00:00,80.89,51.66786261913584,29.22213738086416,0,9
2024-09-11 01:00:00,77.75,51.66786261913584,26.08213738086416,1,9
2024-09-11 02:00:00,71.0,51.66786261913584,19.33213738086416,2,9
2024-09-11 03:00:00,79.77,51.66786261913584,28.102137380864157,3,9
2024-09-11 04:00:00,84.84,51.66786261913584,33.172137380864164,4,9
2024-09-11 05:00:00,89.84,51.66786261913584,38.172137380864164,5,9
2024-09-11 06:00:00,97.63,51.66786261913584,45.96213738086416,6,9
2024-09-11 07:00:00,102.98,51.66786261913584,51.312137380864165,7,9
2024-09-11 08:00:00,103.7,51.66786261913584,52.032137380864164,8,9
2024-09-11 09:00:00,94.44,51.66786261913584,42.77213738086416,9,9
2024-09-11 10:00:00,70.1,51.66786261913584,18.432137380864155,10,9
2024-09-11 11:00:00,51.99,51.66786261913584,0.322137380864163,11,9
2024-09-11 12:00:00,50.24,51.66786261913584,-1.427862619135837,12,9
2024-09-11 13:00:00,47.7,51.66786261913584,-3.967862619135836,13,9
2024-09-11 14:00:00,45.0,51.66786261913584,-6.667862619135839,14,9
2024-09-11 15:00:00,23.75,51.66786261913584,-27.91786261913584,15,9
2024-09-11 16:00:00,15.0,51.66786261913584,-36.66786261913584,16,9
2024-09-11 17:00:00,50.24,51.66786261913584,-1.427862619135837,17,9
2024-09-11 18:00:00,76.16,51.66786261913584,24.492137380864158,18,9
2024-09-11 19:00:00,99.95,51.66786261913584,48.282137380864164,19,9
2024-09-11 20:00:00,113.0,51.66786261913584,61.33213738086416,20,9
2024-09-11 21:00:00,110.04,51.66786261913584,58.37213738086417,21,9
2024-09-11 22:00:00,102.98,51.66786261913584,51.312137380864165,22,9
2024-09-11 23:00:00,102.74,51.66786261913584,51.072137380864156,23,9
2024-09-12 00:00:00,100.64,51.66786261913584,48.97213738086416,0,9
2024-09-12 01:00:00,99.83,51.66786261913584,48.16213738086416,1,9
2024-09-12 02:00:00,99.5,51.66786261913584,47.83213738086416,2,9
2024-09-12 03:00:00,95.0,51.66786261913584,43.33213738086416,3,9
2024-09-12 04:00:00,95.42,51.66786261913584,43.75213738086416,4,9
2024-09-12 05:00:00,98.42,51.66786261913584,46.75213738086416,5,9
2024-09-12 06:00:00,100.64,51.66786261913584,48.97213738086416,6,9
2024-09-12 07:00:00,113.55,51.66786261913584,61.88213738086416,7,9
2024-09-12 08:00:00,116.37,51.66786261913584,64.70213738086417,8,9
2024-09-12 09:00:00,101.46,51.66786261913584,49.792137380864155,9,9
2024-09-12 10:00:00,73.6,51.66786261913584,21.932137380864155,10,9
2024-09-12 11:00:00,52.1,51.66786261913584,0.4321373808641624,11,9
2024-09-12 12:00:00,44.3,51.66786261913584,-7.367862619135842,12,9
2024-09-12 13:00:00,14.0,51.66786261913584,-37.66786261913584,13,9
2024-09-12 14:00:00,3.6,51.66786261913584,-48.06786261913584,14,9
2024-09-12 15:00:00,3.32,51.66786261913584,-48.34786261913584,15,9
2024-09-12 16:00:00,3.32,51.66786261913584,-48.34786261913584,16,9
2024-09-12 17:00:00,3.6,51.66786261913584,-48.06786261913584,17,9
2024-09-12 18:00:00,51.55,51.66786261913584,-0.11786261913584184,18,9
2024-09-12 19:00:00,80.0,51.66786261913584,28.33213738086416,19,9
2024-09-12 20:00:00,101.46,51.66786261913584,49.792137380864155,20,9
2024-09-12 21:00:00,100.5,51.66786261913584,48.83213738086416,21,9
2024-09-12 22:00:00,93.53,51.66786261913584,41.86213738086416,22,9
2024-09-12 23:00:00,87.35,51.66786261913584,35.682137380864155,23,9
2024-09-13 00:00:00,78.89,51.66786261913584,27.22213738086416,0,9
2024-09-13 01:00:00,75.05,51.66786261913584,23.382137380864158,1,9
2024-09-13 02:00:00,74.76,51.66786261913584,23.092137380864166,2,9
2024-09-13 03:00:00,74.76,51.66786261913584,23.092137380864166,3,9
2024-09-13 04:00:00,67.52,51.66786261913584,15.852137380864157,4,9
2024-09-13 05:00:00,62.2,51.66786261913584,10.532137380864164,5,9
2024-09-13 06:00:00,76.5,51.66786261913584,24.83213738086416,6,9
2024-09-13 07:00:00,89.74,51.66786261913584,38.072137380864156,7,9
2024-09-13 08:00:00,85.23,51.66786261913584,33.562137380864165,8,9
2024-09-13 09:00:00,61.0,51.66786261913584,9.332137380864161,9,9
2024-09-13 10:00:00,3.32,51.66786261913584,-48.34786261913584,10,9
2024-09-13 11:00:00,0.0,51.66786261913584,-51.66786261913584,11,9
2024-09-13 12:00:00,0.0,51.66786261913584,-51.66786261913584,12,9
2024-09-13 13:00:00,0.0,51.66786261913584,-51.66786261913584,13,9
2024-09-13 14:00:00,0.0,51.66786261913584,-51.66786261913584,14,9
2024-09-13 15:00:00,0.0,51.66786261913584,-51.66786261913584,15,9
2024-09-13 16:00:00,0.0,51.66786261913584,-51.66786261913584,16,9
2024-09-13 17:00:00,0.0,51.66786261913584,-51.66786261913584,17,9
2024-09-13 18:00:00,2.0,51.66786261913584,-49.66786261913584,18,9
2024-09-13 19:00:00,62.07,51.66786261913584,10.402137380864161,19,9
2024-09-13 20:00:00,89.98,51.66786261913584,38.312137380864165,20,9
2024-09-13 21:00:00,85.29,51.66786261913584,33.62213738086417,21,9
2024-09-13 22:00:00,80.01,51.66786261913584,28.342137380864166,22,9
2024-09-13 23:00:00,62.2,51.66786261913584,10.532137380864164,23,9
2024-09-14 00:00:00,55.2,51.66786261913584,3.532137380864164,0,9
2024-09-14 01:00:00,54.0,51.66786261913584,2.332137380864161,1,9
2024-09-14 02:00:00,49.86,51.66786261913584,-1.8078626191358396,2,9
2024-09-14 03:00:00,45.98,51.66786261913584,-5.687862619135842,3,9
2024-09-14 04:00:00,49.08,51.66786261913584,-2.5878626191358407,4,9
2024-09-14 05:00:00,48.88,51.66786261913584,-2.7878626191358364,5,9
2024-09-14 06:00:00,55.07,51.66786261913584,3.4021373808641613,6,9
2024-09-14 07:00:00,65.0,51.66786261913584,13.332137380864161,7,9
2024-09-14 08:00:00,68.86,51.66786261913584,17.19213738086416,8,9
2024-09-14 09:00:00,56.18,51.66786261913584,4.512137380864161,9,9
2024-09-14 10:00:00,10.0,51.66786261913584,-41.66786261913584,10,9
2024-09-14 11:00:00,0.44,51.66786261913584,-51.22786261913584,11,9
2024-09-14 12:00:00,0.44,51.66786261913584,-51.22786261913584,12,9
2024-09-14 13:00:00,0.79,51.66786261913584,-50.87786261913584,13,9
2024-09-14 14:00:00,0.44,51.66786261913584,-51.22786261913584,14,9
2024-09-14 15:00:00,0.44,51.66786261913584,-51.22786261913584,15,9
2024-09-14 16:00:00,0.44,51.66786261913584,-51.22786261913584,16,9
2024-09-14 17:00:00,11.25,51.66786261913584,-40.41786261913584,17,9
2024-09-14 18:00:00,55.2,51.66786261913584,3.532137380864164,18,9
2024-09-14 19:00:00,89.55,51.66786261913584,37.88213738086416,19,9
2024-09-14 20:00:00,101.72,51.66786261913584,50.05213738086416,20,9
2024-09-14 21:00:00,106.85,51.66786261913584,55.182137380864155,21,9
2024-09-14 22:00:00,87.99,51.66786261913584,36.322137380864156,22,9
2024-09-14 23:00:00,80.98,51.66786261913584,29.312137380864165,23,9
2024-09-15 00:00:00,61.7,51.66786261913584,10.032137380864164,0,9
2024-09-15 01:00:00,60.5,51.66786261913584,8.832137380864161,1,9
2024-09-15 02:00:00,55.3,51.66786261913584,3.632137380864158,2,9
2024-09-15 03:00:00,54.05,51.66786261913584,2.382137380864158,3,9
2024-09-15 04:00:00,54.05,51.66786261913584,2.382137380864158,4,9
2024-09-15 05:00:00,54.16,51.66786261913584,2.4921373808641576,5,9
2024-09-15 06:00:00,54.05,51.66786261913584,2.382137380864158,6,9
2024-09-15 07:00:00,54.05,51.66786261913584,2.382137380864158,7,9
2024-09-15 08:00:00,32.48,51.66786261913584,-19.187862619135842,8,9
2024-09-15 09:00:00,6.0,51.66786261913584,-45.66786261913584,9,9
2024-09-15 10:00:00,0.0,51.66786261913584,-51.66786261913584,10,9
2024-09-15 11:00:00,-0.01,51.66786261913584,-51.67786261913584,11,9
2024-09-15 12:00:00,-0.25,51.66786261913584,-51.91786261913584,12,9
2024-09-15 13:00:00,-0.01,51.66786261913584,-51.67786261913584,13,9
2024-09-15 14:00:00,-0.36,51.66786261913584,-52.02786261913584,14,9
2024-09-15 15:00:00,-0.36,51.66786261913584,-52.02786261913584,15,9
2024-09-15 16:00:00,-0.36,51.66786261913584,-52.02786261913584,16,9
2024-09-15 17:00:00,-0.01,51.66786261913584,-51.67786261913584,17,9
2024-09-15 18:00:00,0.44,51.66786261913584,-51.22786261913584,18,9
2024-09-15 19:00:00,49.85,51.66786261913584,-1.8178626191358376,19,9
2024-09-15 20:00:00,65.08,51.66786261913584,13.41213738086416,20,9
2024-09-15 21:00:00,64.39,51.66786261913584,12.722137380864162,21,9
2024-09-15 22:00:00,60.74,51.66786261913584,9.072137380864163,22,9
2024-09-15 23:00:00,54.91,51.66786261913584,3.2421373808641576,23,9
2024-09-16 00:00:00,30.0,51.66786261913584,-21.66786261913584,0,9
2024-09-16 01:00:00,13.03,51.66786261913584,-38.63786261913584,1,9
2024-09-16 02:00:00,15.0,51.66786261913584,-36.66786261913584,2,9
2024-09-16 03:00:00,11.85,51.66786261913584,-39.81786261913584,3,9
2024-09-16 04:00:00,6.0,51.66786261913584,-45.66786261913584,4,9
2024-09-16 05:00:00,10.15,51.66786261913584,-41.51786261913584,5,9
2024-09-16 06:00:00,41.1,51.66786261913584,-10.567862619135838,6,9
2024-09-16 07:00:00,60.0,51.66786261913584,8.332137380864161,7,9
2024-09-16 08:00:00,60.0,51.66786261913584,8.332137380864161,8,9
2024-09-16 09:00:00,45.1,51.66786261913584,-6.567862619135838,9,9
2024-09-16 10:00:00,3.32,51.66786261913584,-48.34786261913584,10,9
2024-09-16 11:00:00,0.0,51.66786261913584,-51.66786261913584,11,9
2024-09-16 12:00:00,0.0,51.66786261913584,-51.66786261913584,12,9
2024-09-16 13:00:00,0.0,51.66786261913584,-51.66786261913584,13,9
2024-09-16 14:00:00,0.0,51.66786261913584,-51.66786261913584,14,9
2024-09-16 15:00:00,0.0,51.66786261913584,-51.66786261913584,15,9
2024-09-16 16:00:00,0.0,51.66786261913584,-51.66786261913584,16,9
2024-09-16 17:00:00,0.06,51.66786261913584,-51.60786261913584,17,9
2024-09-16 18:00:00,29.68,51.66786261913584,-21.98786261913584,18,9
2024-09-16 19:00:00,60.98,51.66786261913584,9.312137380864158,19,9
2024-09-16 20:00:00,88.4,51.66786261913584,36.73213738086417,20,9
2024-09-16 21:00:00,81.82,51.66786261913584,30.152137380864154,21,9
2024-09-16 22:00:00,55.92,51.66786261913584,4.252137380864163,22,9
2024-09-16 23:00:00,40.06,51.66786261913584,-11.607862619135837,23,9
2024-09-17 00:00:00,26.3,51.66786261913584,-25.36786261913584,0,9
2024-09-17 01:00:00,12.18,51.66786261913584,-39.48786261913584,1,9
2024-09-17 02:00:00,6.99,51.66786261913584,-44.67786261913584,2,9
2024-09-17 03:00:00,9.24,51.66786261913584,-42.42786261913584,3,9
2024-09-17 04:00:00,5.15,51.66786261913584,-46.51786261913584,4,9
2024-09-17 05:00:00,5.0,51.66786261913584,-46.66786261913584,5,9
2024-09-17 06:00:00,33.88,51.66786261913584,-17.787862619135836,6,9
2024-09-17 07:00:00,49.71,51.66786261913584,-1.9578626191358381,7,9
2024-09-17 08:00:00,53.34,51.66786261913584,1.6721373808641644,8,9
2024-09-17 09:00:00,33.99,51.66786261913584,-17.677862619135837,9,9
2024-09-17 10:00:00,0.44,51.66786261913584,-51.22786261913584,10,9
2024-09-17 11:00:00,0.0,51.66786261913584,-51.66786261913584,11,9
2024-09-17 12:00:00,0.0,51.66786261913584,-51.66786261913584,12,9
2024-09-17 13:00:00,0.0,51.66786261913584,-51.66786261913584,13,9
2024-09-17 14:00:00,0.0,51.66786261913584,-51.66786261913584,14,9
2024-09-17 15:00:00,0.0,51.66786261913584,-51.66786261913584,15,9
2024-09-17 16:00:00,0.0,51.66786261913584,-51.66786261913584,16,9
2024-09-17 17:00:00,3.0,51.66786261913584,-48.66786261913584,17,9
2024-09-17 18:00:00,32.26,51.66786261913584,-19.40786261913584,18,9
2024-09-17 19:00:00,50.76,51.66786261913584,-0.907862619135841,19,9
2024-09-17 20:00:00,93.52,51.66786261913584,41.85213738086416,20,9
2024-09-17 21:00:00,85.23,51.66786261913584,33.562137380864165,21,9
2024-09-17 22:00:00,60.74,51.66786261913584,9.072137380864163,22,9
2024-09-17 23:00:00,55.0,51.66786261913584,3.332137380864161,23,9
2024-09-18 00:00:00,70.59,51.66786261913584,18.922137380864164,0,9
2024-09-18 01:00:00,81.0,51.66786261913584,29.33213738086416,1,9
2024-09-18 02:00:00,81.22,51.66786261913584,29.55213738086416,2,9
2024-09-18 03:00:00,81.22,51.66786261913584,29.55213738086416,3,9
2024-09-18 04:00:00,82.44,51.66786261913584,30.77213738086416,4,9
2024-09-18 05:00:00,88.01,51.66786261913584,36.342137380864166,5,9
2024-09-18 06:00:00,99.22,51.66786261913584,47.55213738086416,6,9
2024-09-18 07:00:00,113.22,51.66786261913584,61.55213738086416,7,9
2024-09-18 08:00:00,123.0,51.66786261913584,71.33213738086417,8,9
2024-09-18 09:00:00,108.65,51.66786261913584,56.98213738086417,9,9
2024-09-18 10:00:00,85.74,51.66786261913584,34.072137380864156,10,9
2024-09-18 11:00:00,65.82,51.66786261913584,14.152137380864154,11,9
2024-09-18 12:00:00,60.0,51.66786261913584,8.332137380864161,12,9
2024-09-18 13:00:00,60.0,51.66786261913584,8.332137380864161,13,9
2024-09-18 14:00:00,57.61,51.66786261913584,5.94213738086416,14,9
2024-09-18 15:00:00,56.47,51.66786261913584,4.80213738086416,15,9
2024-09-18 16:00:00,61.0,51.66786261913584,9.332137380864161,16,9
2024-09-18 17:00:00,85.5,51.66786261913584,33.83213738086416,17,9
2024-09-18 18:00:00,88.0,51.66786261913584,36.33213738086416,18,9
2024-09-18 19:00:00,120.01,51.66786261913584,68.34213738086416,19,9
2024-09-18 20:00:00,143.02,51.66786261913584,91.35213738086418,20,9
2024-09-18 21:00:00,148.26,51.66786261913584,96.59213738086416,21,9
2024-09-18 22:00:00,112.24,51.66786261913584,60.572137380864156,22,9
2024-09-18 23:00:00,109.85,51.66786261913584,58.182137380864155,23,9
2024-09-19 00:00:00,100.67,51.66786261913584,49.00213738086416,0,9
2024-09-19 01:00:00,97.89,51.66786261913584,46.22213738086416,1,9
2024-09-19 02:00:00,98.02,51.66786261913584,46.35213738086416,2,9
2024-09-19 03:00:00,98.42,51.66786261913584,46.75213738086416,3,9
2024-09-19 04:00:00,100.67,51.66786261913584,49.00213738086416,4,9
2024-09-19 05:00:00,93.0,51.66786261913584,41.33213738086416,5,9
2024-09-19 06:00:00,106.42,51.66786261913584,54.75213738086416,6,9
2024-09-19 07:00:00,118.23,51.66786261913584,66.56213738086416,7,9
2024-09-19 08:00:00,120.85,51.66786261913584,69.18213738086416,8,9
2024-09-19 09:00:00,114.7,51.66786261913584,63.032137380864164,9,9
2024-09-19 10:00:00,97.94,51.66786261913584,46.27213738086416,10,9
2024-09-19 11:00:00,97.89,51.66786261913584,46.22213738086416,11,9
2024-09-19 12:00:00,97.33,51.66786261913584,45.66213738086416,12,9
2024-09-19 13:00:00,95.5,51.66786261913584,43.83213738086416,13,9
2024-09-19 14:00:00,95.0,51.66786261913584,43.33213738086416,14,9
2024-09-19 15:00:00,88.0,51.66786261913584,36.33213738086416,15,9
2024-09-19 16:00:00,95.4,51.66786261913584,43.73213738086417,16,9
2024-09-19 17:00:00,95.5,51.66786261913584,43.83213738086416,17,9
2024-09-19 18:00:00,102.0,51.66786261913584,50.33213738086416,18,9
2024-09-19 19:00:00,119.44,51.66786261913584,67.77213738086417,19,9
2024-09-19 20:00:00,146.5,51.66786261913584,94.83213738086417,20,9
2024-09-19 21:00:00,155.01,51.66786261913584,103.34213738086416,21,9
2024-09-19 22:00:00,120.69,51.66786261913584,69.02213738086417,22,9
2024-09-19 23:00:00,112.46,51.66786261913584,60.792137380864155,23,9
2024-09-20 00:00:00,115.31,51.66786261913584,63.64213738086416,0,9
2024-09-20 01:00:00,108.9,51.66786261913584,57.23213738086417,1,9
2024-09-20 02:00:00,104.61,51.66786261913584,52.94213738086416,2,9
2024-09-20 03:00:00,104.61,51.66786261913584,52.94213738086416,3,9
2024-09-20 04:00:00,106.62,51.66786261913584,54.952137380864166,4,9
2024-09-20 05:00:00,107.9,51.66786261913584,56.23213738086417,5,9
2024-09-20 06:00:00,111.6,51.66786261913584,59.932137380864155,6,9
2024-09-20 07:00:00,124.9,51.66786261913584,73.23213738086417,7,9
2024-09-20 08:00:00,124.9,51.66786261913584,73.23213738086417,8,9
2024-09-20 09:00:00,114.92,51.66786261913584,63.25213738086416,9,9
2024-09-20 10:00:00,115.98,51.66786261913584,64.31213738086416,10,9
2024-09-20 11:00:00,106.62,51.66786261913584,54.952137380864166,11,9
2024-09-20 12:00:00,87.0,51.66786261913584,35.33213738086416,12,9
2024-09-20 13:00:00,81.34,51.66786261913584,29.672137380864164,13,9
2024-09-20 14:00:00,77.84,51.66786261913584,26.172137380864164,14,9
2024-09-20 15:00:00,72.85,51.66786261913584,21.182137380864155,15,9
2024-09-20 16:00:00,77.1,51.66786261913584,25.432137380864155,16,9
2024-09-20 17:00:00,85.5,51.66786261913584,33.83213738086416,17,9
2024-09-20 18:00:00,106.62,51.66786261913584,54.952137380864166,18,9
2024-09-20 19:00:00,113.0,51.66786261913584,61.33213738086416,19,9
2024-09-20 20:00:00,145.73,51.66786261913584,94.06213738086416,20,9
2024-09-20 21:00:00,146.97,51.66786261913584,95.30213738086417,21,9
2024-09-20 22:00:00,125.0,51.66786261913584,73.33213738086417,22,9
2024-09-20 23:00:00,118.72,51.66786261913584,67.05213738086417,23,9
2024-09-21 00:00:00,104.64,51.66786261913584,52.97213738086416,0,9
2024-09-21 01:00:00,100.28,51.66786261913584,48.61213738086416,1,9
2024-09-21 02:00:00,98.02,51.66786261913584,46.35213738086416,2,9
2024-09-21 03:00:00,102.55,51.66786261913584,50.88213738086416,3,9
2024-09-21 04:00:00,100.07,51.66786261913584,48.402137380864154,4,9
2024-09-21 05:00:00,100.28,51.66786261913584,48.61213738086416,5,9
2024-09-21 06:00:00,94.9,51.66786261913584,43.23213738086417,6,9
2024-09-21 07:00:00,95.9,51.66786261913584,44.23213738086417,7,9
2024-09-21 08:00:00,100.07,51.66786261913584,48.402137380864154,8,9
2024-09-21 09:00:00,100.87,51.66786261913584,49.202137380864166,9,9
2024-09-21 10:00:00,95.01,51.66786261913584,43.342137380864166,10,9
2024-09-21 11:00:00,74.29,51.66786261913584,22.622137380864167,11,9
2024-09-21 12:00:00,64.7,51.66786261913584,13.032137380864164,12,9
2024-09-21 13:00:00,50.24,51.66786261913584,-1.427862619135837,13,9
2024-09-21 14:00:00,30.0,51.66786261913584,-21.66786261913584,14,9
2024-09-21 15:00:00,3.32,51.66786261913584,-48.34786261913584,15,9
2024-09-21 16:00:00,20.22,51.66786261913584,-31.44786261913584,16,9
2024-09-21 17:00:00,49.77,51.66786261913584,-1.8978626191358359,17,9
2024-09-21 18:00:00,75.0,51.66786261913584,23.33213738086416,18,9
2024-09-21 19:00:00,108.67,51.66786261913584,57.00213738086416,19,9
2024-09-21 20:00:00,117.31,51.66786261913584,65.64213738086417,20,9
2024-09-21 21:00:00,133.02,51.66786261913584,81.35213738086418,21,9
2024-09-21 22:00:00,115.14,51.66786261913584,63.47213738086416,22,9
2024-09-21 23:00:00,115.0,51.66786261913584,63.33213738086416,23,9
2024-09-22 00:00:00,99.98,51.66786261913584,48.312137380864165,0,9
2024-09-22 01:00:00,95.58,51.66786261913584,43.91213738086416,1,9
2024-09-22 02:00:00,95.55,51.66786261913584,43.88213738086416,2,9
2024-09-22 03:00:00,95.84,51.66786261913584,44.172137380864164,3,9
2024-09-22 04:00:00,93.9,51.66786261913584,42.23213738086417,4,9
2024-09-22 05:00:00,97.9,51.66786261913584,46.23213738086417,5,9
2024-09-22 06:00:00,102.55,51.66786261913584,50.88213738086416,6,9
2024-09-22 07:00:00,102.98,51.66786261913584,51.312137380864165,7,9
2024-09-22 08:00:00,96.31,51.66786261913584,44.64213738086416,8,9
2024-09-22 09:00:00,90.63,51.66786261913584,38.96213738086416,9,9
2024-09-22 10:00:00,50.24,51.66786261913584,-1.427862619135837,10,9
2024-09-22 11:00:00,11.87,51.66786261913584,-39.79786261913584,11,9
2024-09-22 12:00:00,11.68,51.66786261913584,-39.98786261913584,12,9
2024-09-22 13:00:00,0.1,51.66786261913584,-51.56786261913584,13,9
2024-09-22 14:00:00,0.01,51.66786261913584,-51.65786261913584,14,9
2024-09-22 15:00:00,2.0,51.66786261913584,-49.66786261913584,15,9
2024-09-22 16:00:00,2.0,51.66786261913584,-49.66786261913584,16,9
2024-09-22 17:00:00,28.45,51.66786261913584,-23.21786261913584,17,9
2024-09-22 18:00:00,70.0,51.66786261913584,18.33213738086416,18,9
2024-09-22 19:00:00,102.69,51.66786261913584,51.02213738086416,19,9
2024-09-22 20:00:00,110.22,51.66786261913584,58.55213738086416,20,9
2024-09-22 21:00:00,114.53,51.66786261913584,62.86213738086416,21,9
2024-09-22 22:00:00,102.74,51.66786261913584,51.072137380864156,22,9
2024-09-22 23:00:00,99.98,51.66786261913584,48.312137380864165,23,9
2024-09-23 00:00:00,102.55,51.66786261913584,50.88213738086416,0,9
2024-09-23 01:00:00,95.58,51.66786261913584,43.91213738086416,1,9
2024-09-23 02:00:00,90.0,51.66786261913584,38.33213738086416,2,9
2024-09-23 03:00:00,93.17,51.66786261913584,41.50213738086416,3,9
2024-09-23 04:00:00,93.88,51.66786261913584,42.21213738086416,4,9
2024-09-23 05:00:00,95.58,51.66786261913584,43.91213738086416,5,9
2024-09-23 06:00:00,96.4,51.66786261913584,44.73213738086417,6,9
2024-09-23 07:00:00,115.26,51.66786261913584,63.592137380864166,7,9
2024-09-23 08:00:00,120.01,51.66786261913584,68.34213738086416,8,9
2024-09-23 09:00:00,101.7,51.66786261913584,50.032137380864164,9,9
2024-09-23 10:00:00,85.0,51.66786261913584,33.33213738086416,10,9
2024-09-23 11:00:00,66.54,51.66786261913584,14.872137380864167,11,9
2024-09-23 12:00:00,51.1,51.66786261913584,-0.5678626191358376,12,9
2024-09-23 13:00:00,50.24,51.66786261913584,-1.427862619135837,13,9
2024-09-23 14:00:00,39.9,51.66786261913584,-11.76786261913584,14,9
2024-09-23 15:00:00,20.5,51.66786261913584,-31.16786261913584,15,9
2024-09-23 16:00:00,40.65,51.66786261913584,-11.01786261913584,16,9
2024-09-23 17:00:00,60.81,51.66786261913584,9.142137380864163,17,9
2024-09-23 18:00:00,95.58,51.66786261913584,43.91213738086416,18,9
2024-09-23 19:00:00,116.05,51.66786261913584,64.38213738086415,19,9
2024-09-23 20:00:00,155.01,51.66786261913584,103.34213738086416,20,9
2024-09-23 21:00:00,157.66,51.66786261913584,105.99213738086416,21,9
2024-09-23 22:00:00,112.55,51.66786261913584,60.88213738086416,22,9
2024-09-23 23:00:00,105.08,51.66786261913584,53.41213738086416,23,9
2024-09-24 00:00:00,95.52,51.66786261913584,43.85213738086416,0,9
2024-09-24 01:00:00,95.0,51.66786261913584,43.33213738086416,1,9
2024-09-24 02:00:00,94.5,51.66786261913584,42.83213738086416,2,9
2024-09-24 03:00:00,93.84,51.66786261913584,42.172137380864164,3,9
2024-09-24 04:00:00,93.84,51.66786261913584,42.172137380864164,4,9
2024-09-24 05:00:00,93.84,51.66786261913584,42.172137380864164,5,9
2024-09-24 06:00:00,107.74,51.66786261913584,56.072137380864156,6,9
2024-09-24 07:00:00,120.1,51.66786261913584,68.43213738086416,7,9
2024-09-24 08:00:00,127.67,51.66786261913584,76.00213738086416,8,9
2024-09-24 09:00:00,117.9,51.66786261913584,66.23213738086417,9,9
2024-09-24 10:00:00,94.08,51.66786261913584,42.41213738086416,10,9
2024-09-24 11:00:00,79.49,51.66786261913584,27.822137380864156,11,9
2024-09-24 12:00:00,64.96,51.66786261913584,13.292137380864155,12,9
2024-09-24 13:00:00,59.77,51.66786261913584,8.102137380864164,13,9
2024-09-24 14:00:00,57.31,51.66786261913584,5.642137380864163,14,9
2024-09-24 15:00:00,59.55,51.66786261913584,7.882137380864158,15,9
2024-09-24 16:00:00,60.2,51.66786261913584,8.532137380864164,16,9
2024-09-24 17:00:00,82.44,51.66786261913584,30.77213738086416,17,9
2024-09-24 18:00:00,83.65,51.66786261913584,31.982137380864167,18,9
2024-09-24 19:00:00,124.76,51.66786261913584,73.09213738086416,19,9
2024-09-24 20:00:00,140.0,51.66786261913584,88.33213738086417,20,9
2024-09-24 21:00:00,138.44,51.66786261913584,86.77213738086417,21,9
2024-09-24 22:00:00,112.55,51.66786261913584,60.88213738086416,22,9
2024-09-24 23:00:00,102.34,51.66786261913584,50.672137380864164,23,9
2024-09-25 00:00:00,92.4,51.66786261913584,40.73213738086417,0,9
2024-09-25 01:00:00,75.49,51.66786261913584,23.822137380864156,1,9
2024-09-25 02:00:00,73.08,51.66786261913584,21.41213738086416,2,9
2024-09-25 03:00:00,72.72,51.66786261913584,21.05213738086416,3,9
2024-09-25 04:00:00,60.8,51.66786261913584,9.132137380864158,4,9
2024-09-25 05:00:00,60.7,51.66786261913584,9.032137380864164,5,9
2024-09-25 06:00:00,60.7,51.66786261913584,9.032137380864164,6,9
2024-09-25 07:00:00,84.24,51.66786261913584,32.572137380864156,7,9
2024-09-25 08:00:00,88.09,51.66786261913584,36.422137380864164,8,9
2024-09-25 09:00:00,70.76,51.66786261913584,19.092137380864166,9,9
2024-09-25 10:00:00,61.5,51.66786261913584,9.832137380864161,10,9
2024-09-25 11:00:00,52.1,51.66786261913584,0.4321373808641624,11,9
2024-09-25 12:00:00,40.0,51.66786261913584,-11.667862619135839,12,9
2024-09-25 13:00:00,34.27,51.66786261913584,-17.397862619135836,13,9
2024-09-25 14:00:00,36.23,51.66786261913584,-15.437862619135842,14,9
2024-09-25 15:00:00,15.0,51.66786261913584,-36.66786261913584,15,9
2024-09-25 16:00:00,14.0,51.66786261913584,-37.66786261913584,16,9
2024-09-25 17:00:00,34.23,51.66786261913584,-17.437862619135842,17,9
2024-09-25 18:00:00,41.91,51.66786261913584,-9.757862619135842,18,9
2024-09-25 19:00:00,60.8,51.66786261913584,9.132137380864158,19,9
2024-09-25 20:00:00,74.0,51.66786261913584,22.33213738086416,20,9
2024-09-25 21:00:00,73.08,51.66786261913584,21.41213738086416,21,9
2024-09-25 22:00:00,57.3,51.66786261913584,5.632137380864158,22,9
2024-09-25 23:00:00,40.0,51.66786261913584,-11.667862619135839,23,9
2024-09-26 00:00:00,20.3,51.66786261913584,-31.36786261913584,0,9
2024-09-26 01:00:00,6.99,51.66786261913584,-44.67786261913584,1,9
2024-09-26 02:00:00,10.29,51.66786261913584,-41.37786261913584,2,9
2024-09-26 03:00:00,4.92,51.66786261913584,-46.74786261913584,3,9
2024-09-26 04:00:00,3.32,51.66786261913584,-48.34786261913584,4,9
2024-09-26 05:00:00,7.33,51.66786261913584,-44.33786261913584,5,9
2024-09-26 06:00:00,33.83,51.66786261913584,-17.83786261913584,6,9
2024-09-26 07:00:00,58.27,51.66786261913584,6.602137380864164,7,9
2024-09-26 08:00:00,65.0,51.66786261913584,13.332137380864161,8,9
2024-09-26 09:00:00,53.52,51.66786261913584,1.8521373808641641,9,9
2024-09-26 10:00:00,3.6,51.66786261913584,-48.06786261913584,10,9
2024-09-26 11:00:00,0.46,51.66786261913584,-51.20786261913584,11,9
2024-09-26 12:00:00,0.0,51.66786261913584,-51.66786261913584,12,9
2024-09-26 13:00:00,0.0,51.66786261913584,-51.66786261913584,13,9
2024-09-26 14:00:00,0.0,51.66786261913584,-51.66786261913584,14,9
2024-09-26 15:00:00,0.0,51.66786261913584,-51.66786261913584,15,9
2024-09-26 16:00:00,0.0,51.66786261913584,-51.66786261913584,16,9
2024-09-26 17:00:00,2.4,51.66786261913584,-49.26786261913584,17,9
2024-09-26 18:00:00,11.99,51.66786261913584,-39.67786261913584,18,9
2024-09-26 19:00:00,55.23,51.66786261913584,3.562137380864158,19,9
2024-09-26 20:00:00,65.5,51.66786261913584,13.832137380864161,20,9
2024-09-26 21:00:00,72.5,51.66786261913584,20.83213738086416,21,9
2024-09-26 22:00:00,54.9,51.66786261913584,3.2321373808641596,22,9
2024-09-26 23:00:00,49.9,51.66786261913584,-1.7678626191358404,23,9
2024-09-27 00:00:00,7.0,51.66786261913584,-44.66786261913584,0,9
2024-09-27 01:00:00,3.32,51.66786261913584,-48.34786261913584,1,9
2024-09-27 02:00:00,3.32,51.66786261913584,-48.34786261913584,2,9
2024-09-27 03:00:00,3.32,51.66786261913584,-48.34786261913584,3,9
2024-09-27 04:00:00,3.32,51.66786261913584,-48.34786261913584,4,9
2024-09-27 05:00:00,3.32,51.66786261913584,-48.34786261913584,5,9
2024-09-27 06:00:00,5.14,51.66786261913584,-46.52786261913584,6,9
2024-09-27 07:00:00,45.0,51.66786261913584,-6.667862619135839,7,9
2024-09-27 08:00:00,52.1,51.66786261913584,0.4321373808641624,8,9
2024-09-27 09:00:00,10.08,51.66786261913584,-41.58786261913584,9,9
2024-09-27 10:00:00,0.44,51.66786261913584,-51.22786261913584,10,9
2024-09-27 11:00:00,0.0,51.66786261913584,-51.66786261913584,11,9
2024-09-27 12:00:00,-0.01,51.66786261913584,-51.67786261913584,12,9
2024-09-27 13:00:00,-0.15,51.66786261913584,-51.81786261913584,13,9
2024-09-27 14:00:00,-0.04,51.66786261913584,-51.70786261913584,14,9
2024-09-27 15:00:00,-0.01,51.66786261913584,-51.67786261913584,15,9
2024-09-27 16:00:00,0.0,51.66786261913584,-51.66786261913584,16,9
2024-09-27 17:00:00,0.44,51.66786261913584,-51.22786261913584,17,9
2024-09-27 18:00:00,34.21,51.66786261913584,-17.457862619135838,18,9
2024-09-27 19:00:00,69.85,51.66786261913584,18.182137380864155,19,9
2024-09-27 20:00:00,98.07,51.66786261913584,46.402137380864154,20,9
2024-09-27 21:00:00,109.83,51.66786261913584,58.16213738086416,21,9
2024-09-27 22:00:00,87.0,51.66786261913584,35.33213738086416,22,9
2024-09-27 23:00:00,79.0,51.66786261913584,27.33213738086416,23,9
2024-09-28 00:00:00,86.04,51.66786261913584,34.37213738086417,0,9
2024-09-28 01:00:00,75.1,51.66786261913584,23.432137380864155,1,9
2024-09-28 02:00:00,54.0,51.66786261913584,2.332137380864161,2,9
2024-09-28 03:00:00,49.0,51.66786261913584,-2.667862619135839,3,9
2024-09-28 04:00:00,45.0,51.66786261913584,-6.667862619135839,4,9
2024-09-28 05:00:00,43.77,51.66786261913584,-7.897862619135836,5,9
2024-09-28 06:00:00,45.0,51.66786261913584,-6.667862619135839,6,9
2024-09-28 07:00:00,54.18,51.66786261913584,2.5121373808641607,7,9
2024-09-28 08:00:00,50.0,51.66786261913584,-1.667862619135839,8,9
2024-09-28 09:00:00,24.17,51.66786261913584,-27.497862619135837,9,9
2024-09-28 10:00:00,3.6,51.66786261913584,-48.06786261913584,10,9
2024-09-28 11:00:00,0.0,51.66786261913584,-51.66786261913584,11,9
2024-09-28 12:00:00,0.0,51.66786261913584,-51.66786261913584,12,9
2024-09-28 13:00:00,0.0,51.66786261913584,-51.66786261913584,13,9
2024-09-28 14:00:00,0.0,51.66786261913584,-51.66786261913584,14,9
2024-09-28 15:00:00,0.0,51.66786261913584,-51.66786261913584,15,9
2024-09-28 16:00:00,0.0,51.66786261913584,-51.66786261913584,16,9
2024-09-28 17:00:00,0.44,51.66786261913584,-51.22786261913584,17,9
2024-09-28 18:00:00,50.24,51.66786261913584,-1.427862619135837,18,9
2024-09-28 19:00:00,111.23,51.66786261913584,59.562137380864165,19,9
2024-09-28 20:00:00,114.29,51.66786261913584,62.62213738086417,20,9
2024-09-28 21:00:00,120.11,51.66786261913584,68.44213738086415,21,9
2024-09-28 22:00:00,106.0,51.66786261913584,54.33213738086416,22,9
2024-09-28 23:00:00,91.25,51.66786261913584,39.58213738086416,23,9
2024-09-29 00:00:00,84.99,51.66786261913584,33.322137380864156,0,9
2024-09-29 01:00:00,79.49,51.66786261913584,27.822137380864156,1,9
2024-09-29 02:00:00,74.9,51.66786261913584,23.232137380864167,2,9
2024-09-29 03:00:00,58.36,51.66786261913584,6.69213738086416,3,9
2024-09-29 04:00:00,49.2,51.66786261913584,-2.467862619135836,4,9
2024-09-29 05:00:00,49.2,51.66786261913584,-2.467862619135836,5,9
2024-09-29 06:00:00,55.0,51.66786261913584,3.332137380864161,6,9
2024-09-29 07:00:00,60.66,51.66786261913584,8.992137380864158,7,9
2024-09-29 08:00:00,57.94,51.66786261913584,6.272137380864159,8,9
2024-09-29 09:00:00,19.9,51.66786261913584,-31.76786261913584,9,9
2024-09-29 10:00:00,0.0,51.66786261913584,-51.66786261913584,10,9
2024-09-29 11:00:00,-0.12,51.66786261913584,-51.787862619135836,11,9
2024-09-29 12:00:00,-0.39,51.66786261913584,-52.05786261913584,12,9
2024-09-29 13:00:00,-0.5,51.66786261913584,-52.16786261913584,13,9
2024-09-29 14:00:00,-0.45,51.66786261913584,-52.11786261913584,14,9
2024-09-29 15:00:00,-0.79,51.66786261913584,-52.45786261913584,15,9
2024-09-29 16:00:00,-0.79,51.66786261913584,-52.45786261913584,16,9
2024-09-29 17:00:00,-0.01,51.66786261913584,-51.67786261913584,17,9
2024-09-29 18:00:00,8.6,51.66786261913584,-43.06786261913584,18,9
2024-09-29 19:00:00,72.34,51.66786261913584,20.672137380864164,19,9
2024-09-29 20:00:00,95.0,51.66786261913584,43.33213738086416,20,9
2024-09-29 21:00:00,101.89,51.66786261913584,50.22213738086416,21,9
2024-09-29 22:00:00,95.98,51.66786261913584,44.312137380864165,22,9
2024-09-29 23:00:00,84.99,51.66786261913584,33.322137380864156,23,9
2024-09-30 00:00:00,80.35,51.66786261913584,28.682137380864155,0,9
2024-09-30 01:00:00,83.0,51.66786261913584,31.33213738086416,1,9
2024-09-30 02:00:00,94.4,51.66786261913584,42.73213738086417,2,9
2024-09-30 03:00:00,88.0,51.66786261913584,36.33213738086416,3,9
2024-09-30 04:00:00,85.0,51.66786261913584,33.33213738086416,4,9
2024-09-30 05:00:00,95.98,51.66786261913584,44.312137380864165,5,9
2024-09-30 06:00:00,106.0,51.66786261913584,54.33213738086416,6,9
2024-09-30 07:00:00,141.94,51.66786261913584,90.27213738086417,7,9
2024-09-30 08:00:00,160.1,51.66786261913584,108.43213738086416,8,9
2024-09-30 09:00:00,106.0,51.66786261913584,54.33213738086416,9,9
2024-09-30 10:00:00,69.14,51.66786261913584,17.47213738086416,10,9
2024-09-30 11:00:00,47.77,51.66786261913584,-3.897862619135836,11,9
2024-09-30 12:00:00,29.21,51.66786261913584,-22.457862619135838,12,9
2024-09-30 13:00:00,25.2,51.66786261913584,-26.46786261913584,13,9
2024-09-30 14:00:00,10.0,51.66786261913584,-41.66786261913584,14,9
2024-09-30 15:00:00,2.4,51.66786261913584,-49.26786261913584,15,9
2024-09-30 16:00:00,18.2,51.66786261913584,-33.46786261913584,16,9
2024-09-30 17:00:00,49.54,51.66786261913584,-2.12786261913584,17,9
2024-09-30 18:00:00,95.74,51.66786261913584,44.072137380864156,18,9
2024-09-30 19:00:00,119.72,51.66786261913584,68.05213738086417,19,9
2024-09-30 20:00:00,176.21,51.66786261913584,124.54213738086418,20,9
2024-09-30 21:00:00,174.5,51.66786261913584,122.83213738086417,21,9
2024-09-30 22:00:00,124.44,51.66786261913584,72.77213738086417,22,9
2024-09-30 23:00:00,125.45,51.66786261913584,73.78213738086416,23,9
2024-10-01 00:00:00,104.0,51.66786261913584,52.33213738086416,0,10
2024-10-01 01:00:00,97.68,51.66786261913584,46.01213738086417,1,10
2024-10-01 02:00:00,97.68,51.66786261913584,46.01213738086417,2,10
2024-10-01 03:00:00,94.86,51.66786261913584,43.19213738086416,3,10
2024-10-01 04:00:00,84.01,51.66786261913584,32.342137380864166,4,10
2024-10-01 05:00:00,80.35,51.66786261913584,28.682137380864155,5,10
2024-10-01 06:00:00,88.13,51.66786261913584,36.46213738086416,6,10
2024-10-01 07:00:00,117.04,51.66786261913584,65.37213738086416,7,10
2024-10-01 08:00:00,123.81,51.66786261913584,72.14213738086417,8,10
2024-10-01 09:00:00,100.0,51.66786261913584,48.33213738086416,9,10
2024-10-01 10:00:00,99.54,51.66786261913584,47.87213738086417,10,10
2024-10-01 11:00:00,79.49,51.66786261913584,27.822137380864156,11,10
2024-10-01 12:00:00,58.48,51.66786261913584,6.812137380864158,12,10
2024-10-01 13:00:00,55.41,51.66786261913584,3.7421373808641576,13,10
2024-10-01 14:00:00,56.28,51.66786261913584,4.612137380864162,14,10
2024-10-01 15:00:00,57.98,51.66786261913584,6.312137380864158,15,10
2024-10-01 16:00:00,55.9,51.66786261913584,4.23213738086416,16,10
2024-10-01 17:00:00,76.14,51.66786261913584,24.47213738086416,17,10
2024-10-01 18:00:00,103.57,51.66786261913584,51.902137380864154,18,10
2024-10-01 19:00:00,143.44,51.66786261913584,91.77213738086417,19,10
2024-10-01 20:00:00,173.81,51.66786261913584,122.14213738086417,20,10
2024-10-01 21:00:00,165.98,51.66786261913584,114.31213738086416,21,10
2024-10-01 22:00:00,125.45,51.66786261913584,73.78213738086416,22,10
2024-10-01 23:00:00,110.6,51.66786261913584,58.932137380864155,23,10
2024-10-02 00:00:00,98.02,51.66786261913584,46.35213738086416,0,10
2024-10-02 01:00:00,99.0,51.66786261913584,47.33213738086416,1,10
2024-10-02 02:00:00,98.02,51.66786261913584,46.35213738086416,2,10
2024-10-02 03:00:00,88.66,51.66786261913584,36.99213738086416,3,10
2024-10-02 04:00:00,86.43,51.66786261913584,34.76213738086417,4,10
2024-10-02 05:00:00,81.59,51.66786261913584,29.922137380864164,5,10
2024-10-02 06:00:00,101.6,51.66786261913584,49.932137380864155,6,10
2024-10-02 07:00:00,119.48,51.66786261913584,67.81213738086416,7,10
2024-10-02 08:00:00,124.24,51.66786261913584,72.57213738086415,8,10
2024-10-02 09:00:00,109.25,51.66786261913584,57.58213738086416,9,10
2024-10-02 10:00:00,90.22,51.66786261913584,38.55213738086416,10,10
2024-10-02 11:00:00,88.66,51.66786261913584,36.99213738086416,11,10
2024-10-02 12:00:00,87.26,51.66786261913584,35.592137380864166,12,10
2024-10-02 13:00:00,78.38,51.66786261913584,26.712137380864156,13,10
2024-10-02 14:00:00,65.0,51.66786261913584,13.332137380864161,14,10
2024-10-02 15:00:00,65.0,51.66786261913584,13.332137380864161,15,10
2024-10-02 16:00:00,71.5,51.66786261913584,19.83213738086416,16,10
2024-10-02 17:00:00,79.44,51.66786261913584,27.77213738086416,17,10
2024-10-02 18:00:00,101.84,51.66786261913584,50.172137380864164,18,10
2024-10-02 19:00:00,116.86,51.66786261913584,65.19213738086415,19,10
2024-10-02 20:00:00,117.25,51.66786261913584,65.58213738086417,20,10
2024-10-02 21:00:00,100.0,51.66786261913584,48.33213738086416,21,10
2024-10-02 22:00:00,93.55,51.66786261913584,41.88213738086416,22,10
2024-10-02 23:00:00,85.0,51.66786261913584,33.33213738086416,23,10
2024-10-03 00:00:00,59.36,51.66786261913584,7.69213738086416,0,10
2024-10-03 01:00:00,40.0,51.66786261913584,-11.667862619135839,1,10
2024-10-03 02:00:00,40.0,51.66786261913584,-11.667862619135839,2,10
2024-10-03 03:00:00,17.8,51.66786261913584,-33.867862619135835,3,10
2024-10-03 04:00:00,8.0,51.66786261913584,-43.66786261913584,4,10
2024-10-03 05:00:00,32.57,51.66786261913584,-19.09786261913584,5,10
2024-10-03 06:00:00,57.17,51.66786261913584,5.502137380864163,6,10
2024-10-03 07:00:00,77.63,51.66786261913584,25.962137380864156,7,10
2024-10-03 08:00:00,86.74,51.66786261913584,35.072137380864156,8,10
2024-10-03 09:00:00,74.61,51.66786261913584,22.94213738086416,9,10
2024-10-03 10:00:00,50.1,51.66786261913584,-1.5678626191358376,10,10
2024-10-03 11:00:00,45.0,51.66786261913584,-6.667862619135839,11,10
2024-10-03 12:00:00,40.0,51.66786261913584,-11.667862619135839,12,10
2024-10-03 13:00:00,31.67,51.66786261913584,-19.997862619135837,13,10
2024-10-03 14:00:00,24.47,51.66786261913584,-27.19786261913584,14,10
2024-10-03 15:00:00,15.1,51.66786261913584,-36.56786261913584,15,10
2024-10-03 16:00:00,14.0,51.66786261913584,-37.66786261913584,16,10
2024-10-03 17:00:00,47.88,51.66786261913584,-3.7878626191358364,17,10
2024-10-03 18:00:00,74.61,51.66786261913584,22.94213738086416,18,10
2024-10-03 19:00:00,109.52,51.66786261913584,57.85213738086416,19,10
2024-10-03 20:00:00,125.0,51.66786261913584,73.33213738086417,20,10
2024-10-03 21:00:00,126.98,51.66786261913584,75.31213738086416,21,10
2024-10-03 22:00:00,99.99,51.66786261913584,48.322137380864156,22,10
2024-10-03 23:00:00,91.88,51.66786261913584,40.21213738086416,23,10
2024-10-04 00:00:00,99.0,51.66786261913584,47.33213738086416,0,10
2024-10-04 01:00:00,100.2,51.66786261913584,48.532137380864164,1,10
2024-10-04 02:00:00,98.02,51.66786261913584,46.35213738086416,2,10
2024-10-04 03:00:00,94.8,51.66786261913584,43.13213738086416,3,10
2024-10-04 04:00:00,102.68,51.66786261913584,51.01213738086417,4,10
2024-10-04 05:00:00,99.54,51.66786261913584,47.87213738086417,5,10
2024-10-04 06:00:00,103.0,51.66786261913584,51.33213738086416,6,10
2024-10-04 07:00:00,127.79,51.66786261913584,76.12213738086416,7,10
2024-10-04 08:00:00,141.37,51.66786261913584,89.70213738086417,8,10
2024-10-04 09:00:00,116.57,51.66786261913584,64.90213738086416,9,10
2024-10-04 10:00:00,100.11,51.66786261913584,48.44213738086416,10,10
2024-10-04 11:00:00,76.39,51.66786261913584,24.72213738086416,11,10
2024-10-04 12:00:00,60.2,51.66786261913584,8.532137380864164,12,10
2024-10-04 13:00:00,59.3,51.66786261913584,7.632137380864158,13,10
2024-10-04 14:00:00,50.0,51.66786261913584,-1.667862619135839,14,10
2024-10-04 15:00:00,49.1,51.66786261913584,-2.5678626191358376,15,10
2024-10-04 16:00:00,57.88,51.66786261913584,6.212137380864164,16,10
2024-10-04 17:00:00,77.42,51.66786261913584,25.752137380864163,17,10
2024-10-04 18:00:00,100.2,51.66786261913584,48.532137380864164,18,10
2024-10-04 19:00:00,137.24,51.66786261913584,85.57213738086418,19,10
2024-10-04 20:00:00,146.03,51.66786261913584,94.36213738086417,20,10
2024-10-04 21:00:00,146.41,51.66786261913584,94.74213738086416,21,10
2024-10-04 22:00:00,117.17,51.66786261913584,65.50213738086416,22,10
2024-10-04 23:00:00,115.0,51.66786261913584,63.33213738086416,23,10
2024-10-05 00:00:00,93.1,51.66786261913584,41.432137380864155,0,10
2024-10-05 01:00:00,85.98,51.66786261913584,34.312137380864165,1,10
2024-10-05 02:00:00,85.5,51.66786261913584,33.83213738086416,2,10
2024-10-05 03:00:00,85.5,51.66786261913584,33.83213738086416,3,10
2024-10-05 04:00:00,82.47,51.66786261913584,30.80213738086416,4,10
2024-10-05 05:00:00,79.82,51.66786261913584,28.152137380864154,5,10
2024-10-05 06:00:00,86.2,51.66786261913584,34.532137380864164,6,10
2024-10-05 07:00:00,100.4,51.66786261913584,48.73213738086417,7,10
2024-10-05 08:00:00,109.38,51.66786261913584,57.71213738086416,8,10
2024-10-05 09:00:00,89.02,51.66786261913584,37.35213738086416,9,10
2024-10-05 10:00:00,57.0,51.66786261913584,5.332137380864161,10,10
2024-10-05 11:00:00,39.99,51.66786261913584,-11.677862619135837,11,10
2024-10-05 12:00:00,2.0,51.66786261913584,-49.66786261913584,12,10
2024-10-05 13:00:00,0.01,51.66786261913584,-51.65786261913584,13,10
2024-10-05 14:00:00,0.0,51.66786261913584,-51.66786261913584,14,10
2024-10-05 15:00:00,0.0,51.66786261913584,-51.66786261913584,15,10
2024-10-05 16:00:00,0.0,51.66786261913584,-51.66786261913584,16,10
2024-10-05 17:00:00,0.44,51.66786261913584,-51.22786261913584,17,10
2024-10-05 18:00:00,45.0,51.66786261913584,-6.667862619135839,18,10
2024-10-05 19:00:00,85.23,51.66786261913584,33.562137380864165,19,10
2024-10-05 20:00:00,95.18,51.66786261913584,43.51213738086417,20,10
2024-10-05 21:00:00,82.47,51.66786261913584,30.80213738086416,21,10
2024-10-05 22:00:00,77.8,51.66786261913584,26.132137380864158,22,10
2024-10-05 23:00:00,67.0,51.66786261913584,15.332137380864161,23,10
2024-10-06 00:00:00,47.4,51.66786261913584,-4.26786261913584,0,10
2024-10-06 01:00:00,30.83,51.66786261913584,-20.83786261913584,1,10
2024-10-06 02:00:00,25.0,51.66786261913584,-26.66786261913584,2,10
2024-10-06 03:00:00,10.39,51.66786261913584,-41.27786261913584,3,10
2024-10-06 04:00:00,5.0,51.66786261913584,-46.66786261913584,4,10
2024-10-06 05:00:00,4.69,51.66786261913584,-46.97786261913584,5,10
2024-10-06 06:00:00,10.39,51.66786261913584,-41.27786261913584,6,10
2024-10-06 07:00:00,10.39,51.66786261913584,-41.27786261913584,7,10
2024-10-06 08:00:00,10.39,51.66786261913584,-41.27786261913584,8,10
2024-10-06 09:00:00,10.39,51.66786261913584,-41.27786261913584,9,10
2024-10-06 10:00:00,3.32,51.66786261913584,-48.34786261913584,10,10
2024-10-06 11:00:00,0.01,51.66786261913584,-51.65786261913584,11,10
2024-10-06 12:00:00,0.0,51.66786261913584,-51.66786261913584,12,10
2024-10-06 13:00:00,-0.01,51.66786261913584,-51.67786261913584,13,10
2024-10-06 14:00:00,-0.01,51.66786261913584,-51.67786261913584,14,10
2024-10-06 15:00:00,-0.01,51.66786261913584,-51.67786261913584,15,10
2024-10-06 16:00:00,0.0,51.66786261913584,-51.66786261913584,16,10
2024-10-06 17:00:00,0.44,51.66786261913584,-51.22786261913584,17,10
2024-10-06 18:00:00,17.76,51.66786261913584,-33.90786261913584,18,10
2024-10-06 19:00:00,59.03,51.66786261913584,7.362137380864162,19,10
2024-10-06 20:00:00,78.05,51.66786261913584,26.382137380864158,20,10
2024-10-06 21:00:00,85.23,51.66786261913584,33.562137380864165,21,10
2024-10-06 22:00:00,63.5,51.66786261913584,11.832137380864161,22,10
2024-10-06 23:00:00,54.9,51.66786261913584,3.2321373808641596,23,10
2024-10-07 00:00:00,65.08,51.66786261913584,13.41213738086416,0,10
2024-10-07 01:00:00,46.34,51.66786261913584,-5.327862619135836,1,10
2024-10-07 02:00:00,40.0,51.66786261913584,-11.667862619135839,2,10
2024-10-07 03:00:00,30.1,51.66786261913584,-21.567862619135838,3,10
2024-10-07 04:00:00,29.97,51.66786261913584,-21.69786261913584,4,10
2024-10-07 05:00:00,30.1,51.66786261913584,-21.567862619135838,5,10
2024-10-07 06:00:00,52.02,51.66786261913584,0.35213738086416413,6,10
2024-10-07 07:00:00,84.5,51.66786261913584,32.83213738086416,7,10
2024-10-07 08:00:00,108.32,51.66786261913584,56.652137380864154,8,10
2024-10-07 09:00:00,91.75,51.66786261913584,40.08213738086416,9,10
2024-10-07 10:00:00,65.98,51.66786261913584,14.312137380864165,10,10
2024-10-07 11:00:00,56.01,51.66786261913584,4.342137380864159,11,10
2024-10-07 12:00:00,44.71,51.66786261913584,-6.957862619135838,12,10
2024-10-07 13:00:00,30.1,51.66786261913584,-21.567862619135838,13,10
2024-10-07 14:00:00,27.08,51.66786261913584,-24.58786261913584,14,10
2024-10-07 15:00:00,26.83,51.66786261913584,-24.83786261913584,15,10
2024-10-07 16:00:00,30.25,51.66786261913584,-21.41786261913584,16,10
2024-10-07 17:00:00,50.24,51.66786261913584,-1.427862619135837,17,10
2024-10-07 18:00:00,68.0,51.66786261913584,16.33213738086416,18,10
2024-10-07 19:00:00,73.61,51.66786261913584,21.94213738086416,19,10
2024-10-07 20:00:00,85.01,51.66786261913584,33.342137380864166,20,10
2024-10-07 21:00:00,67.73,51.66786261913584,16.062137380864165,21,10
2024-10-07 22:00:00,65.8,51.66786261913584,14.132137380864158,22,10
2024-10-07 23:00:00,61.39,51.66786261913584,9.722137380864162,23,10
2024-10-08 00:00:00,33.1,51.66786261913584,-18.567862619135838,0,10
2024-10-08 01:00:00,24.35,51.66786261913584,-27.317862619135838,1,10
2024-10-08 02:00:00,19.57,51.66786261913584,-32.09786261913584,2,10
2024-10-08 03:00:00,7.0,51.66786261913584,-44.66786261913584,3,10
2024-10-08 04:00:00,4.9,51.66786261913584,-46.76786261913584,4,10
2024-10-08 05:00:00,21.54,51.66786261913584,-30.12786261913584,5,10
2024-10-08 06:00:00,39.58,51.66786261913584,-12.08786261913584,6,10
2024-10-08 07:00:00,52.98,51.66786261913584,1.3121373808641579,7,10
2024-10-08 08:00:00,77.71,51.66786261913584,26.042137380864155,8,10
2024-10-08 09:00:00,48.38,51.66786261913584,-3.2878626191358364,9,10
2024-10-08 10:00:00,30.1,51.66786261913584,-21.567862619135838,10,10
2024-10-08 11:00:00,3.32,51.66786261913584,-48.34786261913584,11,10
2024-10-08 12:00:00,3.32,51.66786261913584,-48.34786261913584,12,10
2024-10-08 13:00:00,0.97,51.66786261913584,-50.69786261913584,13,10
2024-10-08 14:00:00,0.01,51.66786261913584,-51.65786261913584,14,10
2024-10-08 15:00:00,0.0,51.66786261913584,-51.66786261913584,15,10
2024-10-08 16:00:00,0.51,51.66786261913584,-51.15786261913584,16,10
2024-10-08 17:00:00,5.0,51.66786261913584,-46.66786261913584,17,10
2024-10-08 18:00:00,48.38,51.66786261913584,-3.2878626191358364,18,10
2024-10-08 19:00:00,79.9,51.66786261913584,28.232137380864167,19,10
2024-10-08 20:00:00,90.0,51.66786261913584,38.33213738086416,20,10
2024-10-08 21:00:00,83.19,51.66786261913584,31.52213738086416,21,10
2024-10-08 22:00:00,46.08,51.66786261913584,-5.587862619135841,22,10
2024-10-08 23:00:00,33.1,51.66786261913584,-18.567862619135838,23,10
2024-10-09 00:00:00,19.86,51.66786261913584,-31.80786261913584,0,10
2024-10-09 01:00:00,3.6,51.66786261913584,-48.06786261913584,1,10
2024-10-09 02:00:00,2.0,51.66786261913584,-49.66786261913584,2,10
2024-10-09 03:00:00,0.98,51.66786261913584,-50.68786261913584,3,10
2024-10-09 04:00:00,0.98,51.66786261913584,-50.68786261913584,4,10
2024-10-09 05:00:00,2.0,51.66786261913584,-49.66786261913584,5,10
2024-10-09 06:00:00,16.98,51.66786261913584,-34.68786261913584,6,10
2024-10-09 07:00:00,40.0,51.66786261913584,-11.667862619135839,7,10
2024-10-09 08:00:00,52.8,51.66786261913584,1.1321373808641582,8,10
2024-10-09 09:00:00,47.59,51.66786261913584,-4.077862619135836,9,10
2024-10-09 10:00:00,35.06,51.66786261913584,-16.607862619135837,10,10
2024-10-09 11:00:00,30.3,51.66786261913584,-21.36786261913584,11,10
2024-10-09 12:00:00,26.5,51.66786261913584,-25.16786261913584,12,10
2024-10-09 13:00:00,20.33,51.66786261913584,-31.33786261913584,13,10
2024-10-09 14:00:00,6.0,51.66786261913584,-45.66786261913584,14,10
2024-10-09 15:00:00,3.32,51.66786261913584,-48.34786261913584,15,10
2024-10-09 16:00:00,3.32,51.66786261913584,-48.34786261913584,16,10
2024-10-09 17:00:00,8.75,51.66786261913584,-42.91786261913584,17,10
2024-10-09 18:00:00,30.3,51.66786261913584,-21.36786261913584,18,10
2024-10-09 19:00:00,40.0,51.66786261913584,-11.667862619135839,19,10
2024-10-09 20:00:00,60.8,51.66786261913584,9.132137380864158,20,10
2024-10-09 21:00:00,49.08,51.66786261913584,-2.5878626191358407,21,10
2024-10-09 22:00:00,46.69,51.66786261913584,-4.977862619135841,22,10
2024-10-09 23:00:00,41.13,51.66786261913584,-10.537862619135836,23,10
2024-10-10 00:00:00,40.08,51.66786261913584,-11.58786261913584,0,10
2024-10-10 01:00:00,40.0,51.66786261913584,-11.667862619135839,1,10
2024-10-10 02:00:00,40.0,51.66786261913584,-11.667862619135839,2,10
2024-10-10 03:00:00,40.0,51.66786261913584,-11.667862619135839,3,10
2024-10-10 04:00:00,44.0,51.66786261913584,-7.667862619135839,4,10
2024-10-10 05:00:00,55.01,51.66786261913584,3.342137380864159,5,10
2024-10-10 06:00:00,69.0,51.66786261913584,17.33213738086416,6,10
2024-10-10 07:00:00,91.48,51.66786261913584,39.812137380864165,7,10
2024-10-10 08:00:00,108.8,51.66786261913584,57.13213738086416,8,10
2024-10-10 09:00:00,92.0,51.66786261913584,40.33213738086416,9,10
2024-10-10 10:00:00,69.0,51.66786261913584,17.33213738086416,10,10
2024-10-10 11:00:00,40.29,51.66786261913584,-11.37786261913584,11,10
2024-10-10 12:00:00,39.83,51.66786261913584,-11.83786261913584,12,10
2024-10-10 13:00:00,40.08,51.66786261913584,-11.58786261913584,13,10
2024-10-10 14:00:00,39.83,51.66786261913584,-11.83786261913584,14,10
2024-10-10 15:00:00,40.5,51.66786261913584,-11.167862619135839,15,10
2024-10-10 16:00:00,55.26,51.66786261913584,3.592137380864159,16,10
2024-10-10 17:00:00,71.78,51.66786261913584,20.112137380864162,17,10
2024-10-10 18:00:00,100.0,51.66786261913584,48.33213738086416,18,10
2024-10-10 19:00:00,129.22,51.66786261913584,77.55213738086417,19,10
2024-10-10 20:00:00,180.0,51.66786261913584,128.33213738086417,20,10
2024-10-10 21:00:00,173.4,51.66786261913584,121.73213738086417,21,10
2024-10-10 22:00:00,120.0,51.66786261913584,68.33213738086417,22,10
2024-10-10 23:00:00,108.8,51.66786261913584,57.13213738086416,23,10
2024-10-11 00:00:00,111.03,51.66786261913584,59.36213738086416,0,10
2024-10-11 01:00:00,99.0,51.66786261913584,47.33213738086416,1,10
2024-10-11 02:00:00,92.0,51.66786261913584,40.33213738086416,2,10
2024-10-11 03:00:00,88.71,51.66786261913584,37.042137380864155,3,10
2024-10-11 04:00:00,84.72,51.66786261913584,33.05213738086416,4,10
2024-10-11 05:00:00,81.37,51.66786261913584,29.702137380864166,5,10
2024-10-11 06:00:00,99.95,51.66786261913584,48.282137380864164,6,10
2024-10-11 07:00:00,140.41,51.66786261913584,88.74213738086416,7,10
2024-10-11 08:00:00,155.49,51.66786261913584,103.82213738086418,8,10
2024-10-11 09:00:00,110.01,51.66786261913584,58.342137380864166,9,10
2024-10-11 10:00:00,90.0,51.66786261913584,38.33213738086416,10,10
2024-10-11 11:00:00,79.9,51.66786261913584,28.232137380864167,11,10
2024-10-11 12:00:00,70.1,51.66786261913584,18.432137380864155,12,10
2024-10-11 13:00:00,58.11,51.66786261913584,6.44213738086416,13,10
2024-10-11 14:00:00,61.95,51.66786261913584,10.282137380864164,14,10
2024-10-11 15:00:00,66.95,51.66786261913584,15.282137380864164,15,10
2024-10-11 16:00:00,70.0,51.66786261913584,18.33213738086416,16,10
2024-10-11 17:00:00,71.35,51.66786261913584,19.682137380864155,17,10
2024-10-11 18:00:00,82.44,51.66786261913584,30.77213738086416,18,10
2024-10-11 19:00:00,100.8,51.66786261913584,49.13213738086416,19,10
2024-10-11 20:00:00,109.01,51.66786261913584,57.342137380864166,20,10
2024-10-11 21:00:00,90.69,51.66786261913584,39.02213738086416,21,10
2024-10-11 22:00:00,81.37,51.66786261913584,29.702137380864166,22,10
2024-10-11 23:00:00,80.57,51.66786261913584,28.902137380864154,23,10
2024-10-12 00:00:00,67.29,51.66786261913584,15.622137380864167,0,10
2024-10-12 01:00:00,57.57,51.66786261913584,5.902137380864161,1,10
2024-10-12 02:00:00,47.96,51.66786261913584,-3.707862619135838,2,10
2024-10-12 03:00:00,38.91,51.66786261913584,-12.757862619135842,3,10
2024-10-12 04:00:00,38.91,51.66786261913584,-12.757862619135842,4,10
2024-10-12 05:00:00,42.63,51.66786261913584,-9.037862619135836,5,10
2024-10-12 06:00:00,60.21,51.66786261913584,8.542137380864162,6,10
2024-10-12 07:00:00,61.0,51.66786261913584,9.332137380864161,7,10
2024-10-12 08:00:00,62.97,51.66786261913584,11.30213738086416,8,10
2024-10-12 09:00:00,67.08,51.66786261913584,15.41213738086416,9,10
2024-10-12 10:00:00,69.31,51.66786261913584,17.642137380864163,10,10
2024-10-12 11:00:00,72.5,51.66786261913584,20.83213738086416,11,10
2024-10-12 12:00:00,70.0,51.66786261913584,18.33213738086416,12,10
2024-10-12 13:00:00,69.31,51.66786261913584,17.642137380864163,13,10
2024-10-12 14:00:00,66.83,51.66786261913584,15.16213738086416,14,10
2024-10-12 15:00:00,53.0,51.66786261913584,1.332137380864161,15,10
2024-10-12 16:00:00,53.0,51.66786261913584,1.332137380864161,16,10
2024-10-12 17:00:00,67.08,51.66786261913584,15.41213738086416,17,10
2024-10-12 18:00:00,84.65,51.66786261913584,32.98213738086417,18,10
2024-10-12 19:00:00,92.08,51.66786261913584,40.41213738086416,19,10
2024-10-12 20:00:00,119.93,51.66786261913584,68.26213738086417,20,10
2024-10-12 21:00:00,117.1,51.66786261913584,65.43213738086416,21,10
2024-10-12 22:00:00,105.62,51.66786261913584,53.952137380864166,22,10
2024-10-12 23:00:00,91.61,51.66786261913584,39.94213738086416,23,10
2024-10-13 00:00:00,69.78,51.66786261913584,18.112137380864162,0,10
2024-10-13 01:00:00,62.91,51.66786261913584,11.242137380864158,1,10
2024-10-13 02:00:00,57.0,51.66786261913584,5.332137380864161,2,10
2024-10-13 03:00:00,58.69,51.66786261913584,7.022137380864159,3,10
2024-10-13 04:00:00,55.0,51.66786261913584,3.332137380864161,4,10
2024-10-13 05:00:00,60.87,51.66786261913584,9.202137380864158,5,10
2024-10-13 06:00:00,55.1,51.66786261913584,3.4321373808641624,6,10
2024-10-13 07:00:00,64.97,51.66786261913584,13.30213738086416,7,10
2024-10-13 08:00:00,60.0,51.66786261913584,8.332137380864161,8,10
2024-10-13 09:00:00,46.5,51.66786261913584,-5.167862619135839,9,10
2024-10-13 10:00:00,35.06,51.66786261913584,-16.607862619135837,10,10
2024-10-13 11:00:00,6.99,51.66786261913584,-44.67786261913584,11,10
2024-10-13 12:00:00,4.49,51.66786261913584,-47.17786261913584,12,10
2024-10-13 13:00:00,0.08,51.66786261913584,-51.58786261913584,13,10
2024-10-13 14:00:00,0.0,51.66786261913584,-51.66786261913584,14,10
2024-10-13 15:00:00,0.0,51.66786261913584,-51.66786261913584,15,10
2024-10-13 16:00:00,6.8,51.66786261913584,-44.86786261913584,16,10
2024-10-13 17:00:00,31.28,51.66786261913584,-20.387862619135838,17,10
2024-10-13 18:00:00,62.82,51.66786261913584,11.152137380864161,18,10
2024-10-13 19:00:00,93.08,51.66786261913584,41.41213738086416,19,10
2024-10-13 20:00:00,116.97,51.66786261913584,65.30213738086417,20,10
2024-10-13 21:00:00,121.28,51.66786261913584,69.61213738086417,21,10
2024-10-13 22:00:00,102.78,51.66786261913584,51.11213738086416,22,10
2024-10-13 23:00:00,93.56,51.66786261913584,41.89213738086416,23,10
2024-10-14 00:00:00,93.98,51.66786261913584,42.312137380864165,0,10
2024-10-14 01:00:00,85.23,51.66786261913584,33.562137380864165,1,10
2024-10-14 02:00:00,85.75,51.66786261913584,34.08213738086416,2,10
2024-10-14 03:00:00,83.83,51.66786261913584,32.16213738086416,3,10
2024-10-14 04:00:00,85.23,51.66786261913584,33.562137380864165,4,10
2024-10-14 05:00:00,93.74,51.66786261913584,42.072137380864156,5,10
2024-10-14 06:00:00,102.0,51.66786261913584,50.33213738086416,6,10
2024-10-14 07:00:00,122.86,51.66786261913584,71.19213738086415,7,10
2024-10-14 08:00:00,155.0,51.66786261913584,103.33213738086417,8,10
2024-10-14 09:00:00,122.86,51.66786261913584,71.19213738086415,9,10
2024-10-14 10:00:00,111.54,51.66786261913584,59.87213738086417,10,10
2024-10-14 11:00:00,92.5,51.66786261913584,40.83213738086416,11,10
2024-10-14 12:00:00,85.7,51.66786261913584,34.032137380864164,12,10
2024-10-14 13:00:00,78.42,51.66786261913584,26.752137380864163,13,10
2024-10-14 14:00:00,74.16,51.66786261913584,22.492137380864158,14,10
2024-10-14 15:00:00,73.07,51.66786261913584,21.402137380864154,15,10
2024-10-14 16:00:00,71.2,51.66786261913584,19.532137380864164,16,10
2024-10-14 17:00:00,97.46,51.66786261913584,45.792137380864155,17,10
2024-10-14 18:00:00,121.04,51.66786261913584,69.37213738086416,18,10
2024-10-14 19:00:00,161.89,51.66786261913584,110.22213738086415,19,10
2024-10-14 20:00:00,178.61,51.66786261913584,126.94213738086418,20,10
2024-10-14 21:00:00,128.9,51.66786261913584,77.23213738086417,21,10
2024-10-14 22:00:00,100.24,51.66786261913584,48.572137380864156,22,10
2024-10-14 23:00:00,94.8,51.66786261913584,43.13213738086416,23,10
2024-10-15 00:00:00,82.19,51.66786261913584,30.52213738086416,0,10
2024-10-15 01:00:00,79.99,51.66786261913584,28.322137380864156,1,10
2024-10-15 02:00:00,80.0,51.66786261913584,28.33213738086416,2,10
2024-10-15 03:00:00,77.05,51.66786261913584,25.382137380864158,3,10
2024-10-15 04:00:00,69.78,51.66786261913584,18.112137380864162,4,10
2024-10-15 05:00:00,72.0,51.66786261913584,20.33213738086416,5,10
2024-10-15 06:00:00,72.0,51.66786261913584,20.33213738086416,6,10
2024-10-15 07:00:00,91.36,51.66786261913584,39.69213738086416,7,10
2024-10-15 08:00:00,122.28,51.66786261913584,70.61213738086417,8,10
2024-10-15 09:00:00,110.47,51.66786261913584,58.80213738086416,9,10
2024-10-15 10:00:00,92.74,51.66786261913584,41.072137380864156,10,10
2024-10-15 11:00:00,83.05,51.66786261913584,31.382137380864158,11,10
2024-10-15 12:00:00,80.0,51.66786261913584,28.33213738086416,12,10
2024-10-15 13:00:00,79.92,51.66786261913584,28.252137380864163,13,10
2024-10-15 14:00:00,70.16,51.66786261913584,18.492137380864158,14,10
2024-10-15 15:00:00,71.9,51.66786261913584,20.232137380864167,15,10
2024-10-15 16:00:00,82.19,51.66786261913584,30.52213738086416,16,10
2024-10-15 17:00:00,81.0,51.66786261913584,29.33213738086416,17,10
2024-10-15 18:00:00,90.08,51.66786261913584,38.41213738086416,18,10
2024-10-15 19:00:00,105.01,51.66786261913584,53.342137380864166,19,10
2024-10-15 20:00:00,125.89,51.66786261913584,74.22213738086415,20,10
2024-10-15 21:00:00,105.01,51.66786261913584,53.342137380864166,21,10
2024-10-15 22:00:00,90.08,51.66786261913584,38.41213738086416,22,10
2024-10-15 23:00:00,79.26,51.66786261913584,27.592137380864166,23,10
2024-10-16 00:00:00,54.5,51.66786261913584,2.832137380864161,0,10
2024-10-16 01:00:00,47.51,51.66786261913584,-4.157862619135841,1,10
2024-10-16 02:00:00,45.0,51.66786261913584,-6.667862619135839,2,10
2024-10-16 03:00:00,40.32,51.66786261913584,-11.347862619135839,3,10
2024-10-16 04:00:00,40.0,51.66786261913584,-11.667862619135839,4,10
2024-10-16 05:00:00,40.0,51.66786261913584,-11.667862619135839,5,10
2024-10-16 06:00:00,52.84,51.66786261913584,1.1721373808641644,6,10
2024-10-16 07:00:00,49.9,51.66786261913584,-1.7678626191358404,7,10
2024-10-16 08:00:00,59.55,51.66786261913584,7.882137380864158,8,10
2024-10-16 09:00:00,54.29,51.66786261913584,2.62213738086416,9,10
2024-10-16 10:00:00,30.0,51.66786261913584,-21.66786261913584,10,10
2024-10-16 11:00:00,14.16,51.66786261913584,-37.507862619135835,11,10
2024-10-16 12:00:00,4.09,51.66786261913584,-47.57786261913584,12,10
2024-10-16 13:00:00,3.32,51.66786261913584,-48.34786261913584,13,10
2024-10-16 14:00:00,4.0,51.66786261913584,-47.66786261913584,14,10
2024-10-16 15:00:00,14.18,51.66786261913584,-37.48786261913584,15,10
2024-10-16 16:00:00,30.84,51.66786261913584,-20.82786261913584,16,10
2024-10-16 17:00:00,51.81,51.66786261913584,0.14213738086416328,17,10
2024-10-16 18:00:00,75.74,51.66786261913584,24.072137380864156,18,10
2024-10-16 19:00:00,83.91,51.66786261913584,32.24213738086416,19,10
2024-10-16 20:00:00,112.08,51.66786261913584,60.41213738086416,20,10
2024-10-16 21:00:00,105.01,51.66786261913584,53.342137380864166,21,10
2024-10-16 22:00:00,83.3,51.66786261913584,31.632137380864158,22,10
2024-10-16 23:00:00,75.74,51.66786261913584,24.072137380864156,23,10
2024-10-17 00:00:00,84.8,51.66786261913584,33.13213738086416,0,10
2024-10-17 01:00:00,76.5,51.66786261913584,24.83213738086416,1,10
2024-10-17 02:00:00,70.12,51.66786261913584,18.452137380864166,2,10
2024-10-17 03:00:00,70.0,51.66786261913584,18.33213738086416,3,10
2024-10-17 04:00:00,60.0,51.66786261913584,8.332137380864161,4,10
2024-10-17 05:00:00,54.08,51.66786261913584,2.4121373808641593,5,10
2024-10-17 06:00:00,63.38,51.66786261913584,11.712137380864164,6,10
2024-10-17 07:00:00,84.34,51.66786261913584,32.672137380864164,7,10
2024-10-17 08:00:00,83.93,51.66786261913584,32.26213738086417,8,10
2024-10-17 09:00:00,82.27,51.66786261913584,30.602137380864157,9,10
2024-10-17 10:00:00,55.0,51.66786261913584,3.332137380864161,10,10
2024-10-17 11:00:00,7.0,51.66786261913584,-44.66786261913584,11,10
2024-10-17 12:00:00,3.32,51.66786261913584,-48.34786261913584,12,10
2024-10-17 13:00:00,3.32,51.66786261913584,-48.34786261913584,13,10
2024-10-17 14:00:00,1.51,51.66786261913584,-50.15786261913584,14,10
2024-10-17 15:00:00,0.44,51.66786261913584,-51.22786261913584,15,10
2024-10-17 16:00:00,0.44,51.66786261913584,-51.22786261913584,16,10
2024-10-17 17:00:00,3.32,51.66786261913584,-48.34786261913584,17,10
2024-10-17 18:00:00,49.97,51.66786261913584,-1.6978626191358401,18,10
2024-10-17 19:00:00,82.27,51.66786261913584,30.602137380864157,19,10
2024-10-17 20:00:00,82.27,51.66786261913584,30.602137380864157,20,10
2024-10-17 21:00:00,72.59,51.66786261913584,20.922137380864164,21,10
2024-10-17 22:00:00,71.08,51.66786261913584,19.41213738086416,22,10
2024-10-17 23:00:00,68.06,51.66786261913584,16.392137380864163,23,10
2024-10-18 00:00:00,50.1,51.66786261913584,-1.5678626191358376,0,10
2024-10-18 01:00:00,45.62,51.66786261913584,-6.0478626191358416,1,10
2024-10-18 02:00:00,38.06,51.66786261913584,-13.607862619135837,2,10
2024-10-18 03:00:00,30.3,51.66786261913584,-21.36786261913584,3,10
2024-10-18 04:00:00,30.3,51.66786261913584,-21.36786261913584,4,10
2024-10-18 05:00:00,49.03,51.66786261913584,-2.637862619135838,5,10
2024-10-18 06:00:00,57.84,51.66786261913584,6.172137380864164,6,10
2024-10-18 07:00:00,75.0,51.66786261913584,23.33213738086416,7,10
2024-10-18 08:00:00,99.5,51.66786261913584,47.83213738086416,8,10
2024-10-18 09:00:00,75.0,51.66786261913584,23.33213738086416,9,10
2024-10-18 10:00:00,54.5,51.66786261913584,2.832137380864161,10,10
2024-10-18 11:00:00,29.88,51.66786261913584,-21.78786261913584,11,10
2024-10-18 12:00:00,5.0,51.66786261913584,-46.66786261913584,12,10
2024-10-18 13:00:00,3.81,51.66786261913584,-47.85786261913584,13,10
2024-10-18 14:00:00,3.6,51.66786261913584,-48.06786261913584,14,10
2024-10-18 15:00:00,3.32,51.66786261913584,-48.34786261913584,15,10
2024-10-18 16:00:00,6.0,51.66786261913584,-45.66786261913584,16,10
2024-10-18 17:00:00,49.97,51.66786261913584,-1.6978626191358401,17,10
2024-10-18 18:00:00,81.89,51.66786261913584,30.22213738086416,18,10
2024-10-18 19:00:00,109.56,51.66786261913584,57.89213738086416,19,10
2024-10-18 20:00:00,103.25,51.66786261913584,51.58213738086416,20,10
2024-10-18 21:00:00,93.89,51.66786261913584,42.22213738086416,21,10
2024-10-18 22:00:00,81.2,51.66786261913584,29.532137380864164,22,10
2024-10-18 23:00:00,71.08,51.66786261913584,19.41213738086416,23,10
2024-10-19 00:00:00,65.0,51.66786261913584,13.332137380864161,0,10
2024-10-19 01:00:00,62.14,51.66786261913584,10.472137380864162,1,10
2024-10-19 02:00:00,51.21,51.66786261913584,-0.45786261913583814,2,10
2024-10-19 03:00:00,40.0,51.66786261913584,-11.667862619135839,3,10
2024-10-19 04:00:00,40.0,51.66786261913584,-11.667862619135839,4,10
2024-10-19 05:00:00,41.25,51.66786261913584,-10.417862619135839,5,10
2024-10-19 06:00:00,54.78,51.66786261913584,3.112137380864162,6,10
2024-10-19 07:00:00,62.4,51.66786261913584,10.73213738086416,7,10
2024-10-19 08:00:00,70.0,51.66786261913584,18.33213738086416,8,10
2024-10-19 09:00:00,64.53,51.66786261913584,12.862137380864162,9,10
2024-10-19 10:00:00,46.42,51.66786261913584,-5.247862619135837,10,10
2024-10-19 11:00:00,35.0,51.66786261913584,-16.66786261913584,11,10
2024-10-19 12:00:00,30.24,51.66786261913584,-21.42786261913584,12,10
2024-10-19 13:00:00,17.67,51.66786261913584,-33.99786261913584,13,10
2024-10-19 14:00:00,13.17,51.66786261913584,-38.49786261913584,14,10
2024-10-19 15:00:00,5.79,51.66786261913584,-45.87786261913584,15,10
2024-10-19 16:00:00,5.05,51.66786261913584,-46.61786261913584,16,10
2024-10-19 17:00:00,22.32,51.66786261913584,-29.34786261913584,17,10
2024-10-19 18:00:00,44.13,51.66786261913584,-7.537862619135836,18,10
2024-10-19 19:00:00,70.0,51.66786261913584,18.33213738086416,19,10
2024-10-19 20:00:00,82.88,51.66786261913584,31.212137380864156,20,10
2024-10-19 21:00:00,91.5,51.66786261913584,39.83213738086416,21,10
2024-10-19 22:00:00,80.18,51.66786261913584,28.512137380864168,22,10
2024-10-19 23:00:00,73.33,51.66786261913584,21.66213738086416,23,10
2024-10-20 00:00:00,56.0,51.66786261913584,4.332137380864161,0,10
2024-10-20 01:00:00,40.0,51.66786261913584,-11.667862619135839,1,10
2024-10-20 02:00:00,30.1,51.66786261913584,-21.567862619135838,2,10
2024-10-20 03:00:00,31.25,51.66786261913584,-20.41786261913584,3,10
2024-10-20 04:00:00,35.01,51.66786261913584,-16.65786261913584,4,10
2024-10-20 05:00:00,43.1,51.66786261913584,-8.567862619135838,5,10
2024-10-20 06:00:00,54.85,51.66786261913584,3.1821373808641624,6,10
2024-10-20 07:00:00,54.85,51.66786261913584,3.1821373808641624,7,10
2024-10-20 08:00:00,55.27,51.66786261913584,3.602137380864164,8,10
2024-10-20 09:00:00,45.0,51.66786261913584,-6.667862619135839,9,10
2024-10-20 10:00:00,6.37,51.66786261913584,-45.29786261913584,10,10
2024-10-20 11:00:00,0.08,51.66786261913584,-51.58786261913584,11,10
2024-10-20 12:00:00,0.0,51.66786261913584,-51.66786261913584,12,10
2024-10-20 13:00:00,-0.01,51.66786261913584,-51.67786261913584,13,10
2024-10-20 14:00:00,-0.01,51.66786261913584,-51.67786261913584,14,10
2024-10-20 15:00:00,0.0,51.66786261913584,-51.66786261913584,15,10
2024-10-20 16:00:00,0.03,51.66786261913584,-51.63786261913584,16,10
2024-10-20 17:00:00,8.64,51.66786261913584,-43.02786261913584,17,10
2024-10-20 18:00:00,64.82,51.66786261913584,13.152137380864154,18,10
2024-10-20 19:00:00,99.87,51.66786261913584,48.202137380864166,19,10
2024-10-20 20:00:00,125.01,51.66786261913584,73.34213738086416,20,10
2024-10-20 21:00:00,125.89,51.66786261913584,74.22213738086415,21,10
2024-10-20 22:00:00,100.23,51.66786261913584,48.562137380864165,22,10
2024-10-20 23:00:00,95.56,51.66786261913584,43.89213738086416,23,10
2024-10-21 00:00:00,92.0,51.66786261913584,40.33213738086416,0,10
2024-10-21 01:00:00,85.23,51.66786261913584,33.562137380864165,1,10
2024-10-21 02:00:00,70.0,51.66786261913584,18.33213738086416,2,10
2024-10-21 03:00:00,64.0,51.66786261913584,12.332137380864161,3,10
2024-10-21 04:00:00,64.0,51.66786261913584,12.332137380864161,4,10
2024-10-21 05:00:00,70.0,51.66786261913584,18.33213738086416,5,10
2024-10-21 06:00:00,90.71,51.66786261913584,39.042137380864155,6,10
2024-10-21 07:00:00,105.01,51.66786261913584,53.342137380864166,7,10
2024-10-21 08:00:00,125.89,51.66786261913584,74.22213738086415,8,10
2024-10-21 09:00:00,103.9,51.66786261913584,52.23213738086417,9,10
2024-10-21 10:00:00,88.77,51.66786261913584,37.10213738086416,10,10
2024-10-21 11:00:00,81.5,51.66786261913584,29.83213738086416,11,10
2024-10-21 12:00:00,73.29,51.66786261913584,21.622137380864167,12,10
2024-10-21 13:00:00,69.0,51.66786261913584,17.33213738086416,13,10
2024-10-21 14:00:00,67.04,51.66786261913584,15.372137380864167,14,10
2024-10-21 15:00:00,67.88,51.66786261913584,16.212137380864156,15,10
2024-10-21 16:00:00,70.47,51.66786261913584,18.80213738086416,16,10
2024-10-21 17:00:00,90.22,51.66786261913584,38.55213738086416,17,10
2024-10-21 18:00:00,103.41,51.66786261913584,51.74213738086416,18,10
2024-10-21 19:00:00,158.4,51.66786261913584,106.73213738086417,19,10
2024-10-21 20:00:00,181.0,51.66786261913584,129.33213738086417,20,10
2024-10-21 21:00:00,126.39,51.66786261913584,74.72213738086415,21,10
2024-10-21 22:00:00,103.37,51.66786261913584,51.702137380864166,22,10
2024-10-21 23:00:00,95.56,51.66786261913584,43.89213738086416,23,10
2024-10-22 00:00:00,80.85,51.66786261913584,29.182137380864155,0,10
2024-10-22 01:00:00,70.0,51.66786261913584,18.33213738086416,1,10
2024-10-22 02:00:00,63.79,51.66786261913584,12.12213738086416,2,10
2024-10-22 03:00:00,69.4,51.66786261913584,17.732137380864167,3,10
2024-10-22 04:00:00,60.0,51.66786261913584,8.332137380864161,4,10
2024-10-22 05:00:00,70.0,51.66786261913584,18.33213738086416,5,10
2024-10-22 06:00:00,75.97,51.66786261913584,24.30213738086416,6,10
2024-10-22 07:00:00,102.17,51.66786261913584,50.50213738086416,7,10
2024-10-22 08:00:00,123.02,51.66786261913584,71.35213738086415,8,10
2024-10-22 09:00:00,105.5,51.66786261913584,53.83213738086416,9,10
2024-10-22 10:00:00,93.02,51.66786261913584,41.35213738086416,10,10
2024-10-22 11:00:00,55.4,51.66786261913584,3.7321373808641596,11,10
2024-10-22 12:00:00,53.54,51.66786261913584,1.8721373808641601,12,10
2024-10-22 13:00:00,50.24,51.66786261913584,-1.427862619135837,13,10
2024-10-22 14:00:00,53.54,51.66786261913584,1.8721373808641601,14,10
2024-10-22 15:00:00,53.54,51.66786261913584,1.8721373808641601,15,10
2024-10-22 16:00:00,52.5,51.66786261913584,0.832137380864161,16,10
2024-10-22 17:00:00,74.99,51.66786261913584,23.322137380864156,17,10
2024-10-22 18:00:00,95.91,51.66786261913584,44.24213738086416,18,10
2024-10-22 19:00:00,124.71,51.66786261913584,73.04213738086415,19,10
2024-10-22 20:00:00,112.02,51.66786261913584,60.35213738086416,20,10
2024-10-22 21:00:00,100.0,51.66786261913584,48.33213738086416,21,10
2024-10-22 22:00:00,95.78,51.66786261913584,44.11213738086416,22,10
2024-10-22 23:00:00,88.35,51.66786261913584,36.682137380864155,23,10
2024-10-23 00:00:00,75.56,51.66786261913584,23.892137380864163,0,10
2024-10-23 01:00:00,79.25,51.66786261913584,27.58213738086416,1,10
2024-10-23 02:00:00,71.0,51.66786261913584,19.33213738086416,2,10
2024-10-23 03:00:00,64.32,51.66786261913584,12.652137380864154,3,10
2024-10-23 04:00:00,64.29,51.66786261913584,12.622137380864167,4,10
2024-10-23 05:00:00,65.0,51.66786261913584,13.332137380864161,5,10
2024-10-23 06:00:00,84.98,51.66786261913584,33.312137380864165,6,10
2024-10-23 07:00:00,102.1,51.66786261913584,50.432137380864155,7,10
2024-10-23 08:00:00,134.71,51.66786261913584,83.04213738086418,8,10
2024-10-23 09:00:00,110.06,51.66786261913584,58.39213738086416,9,10
2024-10-23 10:00:00,85.0,51.66786261913584,33.33213738086416,10,10
2024-10-23 11:00:00,65.0,51.66786261913584,13.332137380864161,11,10
2024-10-23 12:00:00,64.08,51.66786261913584,12.41213738086416,12,10
2024-10-23 13:00:00,56.58,51.66786261913584,4.912137380864159,13,10
2024-10-23 14:00:00,56.08,51.66786261913584,4.412137380864159,14,10
2024-10-23 15:00:00,59.99,51.66786261913584,8.322137380864163,15,10
2024-10-23 16:00:00,63.4,51.66786261913584,11.73213738086416,16,10
2024-10-23 17:00:00,71.99,51.66786261913584,20.322137380864156,17,10
2024-10-23 18:00:00,103.41,51.66786261913584,51.74213738086416,18,10
2024-10-23 19:00:00,155.8,51.66786261913584,104.13213738086418,19,10
2024-10-23 20:00:00,145.97,51.66786261913584,94.30213738086417,20,10
2024-10-23 21:00:00,121.89,51.66786261913584,70.22213738086415,21,10
2024-10-23 22:00:00,99.87,51.66786261913584,48.202137380864166,22,10
2024-10-23 23:00:00,93.16,51.66786261913584,41.49213738086416,23,10
2024-10-24 00:00:00,74.9,51.66786261913584,23.232137380864167,0,10
2024-10-24 01:00:00,65.15,51.66786261913584,13.482137380864167,1,10
2024-10-24 02:00:00,62.08,51.66786261913584,10.41213738086416,2,10
2024-10-24 03:00:00,62.08,51.66786261913584,10.41213738086416,3,10
2024-10-24 04:00:00,62.29,51.66786261913584,10.62213738086416,4,10
2024-10-24 05:00:00,66.3,51.66786261913584,14.632137380864158,5,10
2024-10-24 06:00:00,71.76,51.66786261913584,20.092137380864166,6,10
2024-10-24 07:00:00,90.01,51.66786261913584,38.342137380864166,7,10
2024-10-24 08:00:00,120.01,51.66786261913584,68.34213738086416,8,10
2024-10-24 09:00:00,98.15,51.66786261913584,46.48213738086417,9,10
2024-10-24 10:00:00,69.17,51.66786261913584,17.502137380864163,10,10
2024-10-24 11:00:00,60.0,51.66786261913584,8.332137380864161,11,10
2024-10-24 12:00:00,50.24,51.66786261913584,-1.427862619135837,12,10
2024-10-24 13:00:00,43.54,51.66786261913584,-8.12786261913584,13,10
2024-10-24 14:00:00,30.01,51.66786261913584,-21.657862619135837,14,10
2024-10-24 15:00:00,24.55,51.66786261913584,-27.11786261913584,15,10
2024-10-24 16:00:00,47.44,51.66786261913584,-4.227862619135841,16,10
2024-10-24 17:00:00,60.4,51.66786261913584,8.73213738086416,17,10
2024-10-24 18:00:00,79.36,51.66786261913584,27.69213738086416,18,10
2024-10-24 19:00:00,110.16,51.66786261913584,58.49213738086416,19,10
2024-10-24 20:00:00,101.35,51.66786261913584,49.682137380864155,20,10
2024-10-24 21:00:00,92.98,51.66786261913584,41.312137380864165,21,10
2024-10-24 22:00:00,75.72,51.66786261913584,24.05213738086416,22,10
2024-10-24 23:00:00,67.0,51.66786261913584,15.332137380864161,23,10
2024-10-25 00:00:00,57.0,51.66786261913584,5.332137380864161,0,10
2024-10-25 01:00:00,55.0,51.66786261913584,3.332137380864161,1,10
2024-10-25 02:00:00,43.5,51.66786261913584,-8.167862619135839,2,10
2024-10-25 03:00:00,44.0,51.66786261913584,-7.667862619135839,3,10
2024-10-25 04:00:00,49.0,51.66786261913584,-2.667862619135839,4,10
2024-10-25 05:00:00,41.0,51.66786261913584,-10.667862619135839,5,10
2024-10-25 06:00:00,56.5,51.66786261913584,4.832137380864161,6,10
2024-10-25 07:00:00,70.1,51.66786261913584,18.432137380864155,7,10
2024-10-25 08:00:00,90.3,51.66786261913584,38.63213738086416,8,10
2024-10-25 09:00:00,79.64,51.66786261913584,27.97213738086416,9,10
2024-10-25 10:00:00,70.0,51.66786261913584,18.33213738086416,10,10
2024-10-25 11:00:00,60.0,51.66786261913584,8.332137380864161,11,10
2024-10-25 12:00:00,55.83,51.66786261913584,4.162137380864159,12,10
2024-10-25 13:00:00,54.0,51.66786261913584,2.332137380864161,13,10
2024-10-25 14:00:00,50.0,51.66786261913584,-1.667862619135839,14,10
2024-10-25 15:00:00,42.0,51.66786261913584,-9.667862619135839,15,10
2024-10-25 16:00:00,40.0,51.66786261913584,-11.667862619135839,16,10
2024-10-25 17:00:00,53.9,51.66786261913584,2.2321373808641596,17,10
2024-10-25 18:00:00,70.57,51.66786261913584,18.902137380864154,18,10
2024-10-25 19:00:00,102.17,51.66786261913584,50.50213738086416,19,10
2024-10-25 20:00:00,103.06,51.66786261913584,51.39213738086416,20,10
2024-10-25 21:00:00,90.5,51.66786261913584,38.83213738086416,21,10
2024-10-25 22:00:00,79.03,51.66786261913584,27.362137380864162,22,10
2024-10-25 23:00:00,74.0,51.66786261913584,22.33213738086416,23,10
2024-10-26 00:00:00,67.82,51.66786261913584,16.152137380864154,0,10
2024-10-26 01:00:00,56.29,51.66786261913584,4.62213738086416,1,10
2024-10-26 02:00:00,50.0,51.66786261913584,-1.667862619135839,2,10
2024-10-26 03:00:00,42.76,51.66786261913584,-8.907862619135841,3,10
2024-10-26 04:00:00,42.9,51.66786261913584,-8.76786261913584,4,10
2024-10-26 05:00:00,41.94,51.66786261913584,-9.727862619135841,5,10
2024-10-26 06:00:00,50.1,51.66786261913584,-1.5678626191358376,6,10
2024-10-26 07:00:00,56.5,51.66786261913584,4.832137380864161,7,10
2024-10-26 08:00:00,57.82,51.66786261913584,6.152137380864161,8,10
2024-10-26 09:00:00,65.56,51.66786261913584,13.892137380864163,9,10
2024-10-26 10:00:00,56.08,51.66786261913584,4.412137380864159,10,10
2024-10-26 11:00:00,44.99,51.66786261913584,-6.677862619135837,11,10
2024-10-26 12:00:00,25.1,51.66786261913584,-26.567862619135838,12,10
2024-10-26 13:00:00,25.1,51.66786261913584,-26.567862619135838,13,10
2024-10-26 14:00:00,16.41,51.66786261913584,-35.257862619135835,14,10
2024-10-26 15:00:00,5.01,51.66786261913584,-46.65786261913584,15,10
2024-10-26 16:00:00,5.01,51.66786261913584,-46.65786261913584,16,10
2024-10-26 17:00:00,40.0,51.66786261913584,-11.667862619135839,17,10
2024-10-26 18:00:00,57.4,51.66786261913584,5.73213738086416,18,10
2024-10-26 19:00:00,90.98,51.66786261913584,39.312137380864165,19,10
2024-10-26 20:00:00,83.3,51.66786261913584,31.632137380864158,20,10
2024-10-26 21:00:00,66.25,51.66786261913584,14.582137380864161,21,10
2024-10-26 22:00:00,68.22,51.66786261913584,16.55213738086416,22,10
2024-10-26 23:00:00,75.0,51.66786261913584,23.33213738086416,23,10
2024-10-27 00:00:00,87.71,51.66786261913584,36.042137380864155,0,10
2024-10-27 01:00:00,83.31,51.66786261913584,31.642137380864163,1,10
2024-10-27 02:00:00,82.23,51.66786261913584,30.562137380864165,2,10
2024-10-27 03:00:00,80.68,51.66786261913584,29.012137380864168,3,10
2024-10-27 04:00:00,81.3,51.66786261913584,29.632137380864158,4,10
2024-10-27 05:00:00,80.68,51.66786261913584,29.012137380864168,5,10
2024-10-27 06:00:00,70.0,51.66786261913584,18.33213738086416,6,10
2024-10-27 07:00:00,80.0,51.66786261913584,28.33213738086416,7,10
2024-10-27 08:00:00,86.24,51.66786261913584,34.572137380864156,8,10
2024-10-27 09:00:00,81.3,51.66786261913584,29.632137380864158,9,10
2024-10-27 10:00:00,64.36,51.66786261913584,12.69213738086416,10,10
2024-10-27 11:00:00,54.72,51.66786261913584,3.05213738086416,11,10
2024-10-27 12:00:00,42.5,51.66786261913584,-9.167862619135839,12,10
2024-10-27 13:00:00,39.99,51.66786261913584,-11.677862619135837,13,10
2024-10-27 14:00:00,40.0,51.66786261913584,-11.667862619135839,14,10
2024-10-27 15:00:00,55.19,51.66786261913584,3.5221373808641587,15,10
2024-10-27 16:00:00,44.99,51.66786261913584,-6.677862619135837,16,10
2024-10-27 17:00:00,63.97,51.66786261913584,12.30213738086416,17,10
2024-10-27 18:00:00,81.25,51.66786261913584,29.58213738086416,18,10
2024-10-27 19:00:00,96.27,51.66786261913584,44.60213738086416,19,10
2024-10-27 20:00:00,128.7,51.66786261913584,77.03213738086416,20,10
2024-10-27 21:00:00,115.51,51.66786261913584,63.842137380864166,21,10
2024-10-27 22:00:00,107.36,51.66786261913584,55.69213738086416,22,10
2024-10-27 23:00:00,96.78,51.66786261913584,45.11213738086416,23,10
2024-10-28 00:00:00,60.61,51.66786261913584,8.94213738086416,0,10
2024-10-28 01:00:00,50.31,51.66786261913584,-1.3578626191358367,1,10
2024-10-28 02:00:00,49.0,51.66786261913584,-2.667862619135839,2,10
2024-10-28 03:00:00,43.1,51.66786261913584,-8.567862619135838,3,10
2024-10-28 04:00:00,43.92,51.66786261913584,-7.747862619135837,4,10
2024-10-28 05:00:00,49.2,51.66786261913584,-2.467862619135836,5,10
2024-10-28 06:00:00,65.78,51.66786261913584,14.112137380864162,6,10
2024-10-28 07:00:00,86.74,51.66786261913584,35.072137380864156,7,10
2024-10-28 08:00:00,98.94,51.66786261913584,47.27213738086416,8,10
2024-10-28 09:00:00,68.39,51.66786261913584,16.72213738086416,9,10
2024-10-28 10:00:00,60.61,51.66786261913584,8.94213738086416,10,10
2024-10-28 11:00:00,51.99,51.66786261913584,0.322137380864163,11,10
2024-10-28 12:00:00,50.24,51.66786261913584,-1.427862619135837,12,10
2024-10-28 13:00:00,51.97,51.66786261913584,0.30213738086415987,13,10
2024-10-28 14:00:00,51.97,51.66786261913584,0.30213738086415987,14,10
2024-10-28 15:00:00,52.51,51.66786261913584,0.842137380864159,15,10
2024-10-28 16:00:00,84.89,51.66786261913584,33.22213738086416,16,10
2024-10-28 17:00:00,115.57,51.66786261913584,63.902137380864154,17,10
2024-10-28 18:00:00,149.48,51.66786261913584,97.81213738086416,18,10
2024-10-28 19:00:00,133.66,51.66786261913584,81.99213738086416,19,10
2024-10-28 20:00:00,115.73,51.66786261913584,64.06213738086416,20,10
2024-10-28 21:00:00,110.49,51.66786261913584,58.822137380864156,21,10
2024-10-28 22:00:00,98.61,51.66786261913584,46.94213738086416,22,10
2024-10-28 23:00:00,81.25,51.66786261913584,29.58213738086416,23,10
2024-10-29 00:00:00,70.0,51.66786261913584,18.33213738086416,0,10
2024-10-29 01:00:00,65.14,51.66786261913584,13.472137380864162,1,10
2024-10-29 02:00:00,56.21,51.66786261913584,4.542137380864162,2,10
2024-10-29 03:00:00,49.28,51.66786261913584,-2.387862619135838,3,10
2024-10-29 04:00:00,49.04,51.66786261913584,-2.62786261913584,4,10
2024-10-29 05:00:00,58.4,51.66786261913584,6.73213738086416,5,10
2024-10-29 06:00:00,70.84,51.66786261913584,19.172137380864164,6,10
2024-10-29 07:00:00,83.09,51.66786261913584,31.422137380864164,7,10
2024-10-29 08:00:00,91.36,51.66786261913584,39.69213738086416,8,10
2024-10-29 09:00:00,72.4,51.66786261913584,20.732137380864167,9,10
2024-10-29 10:00:00,73.61,51.66786261913584,21.94213738086416,10,10
2024-10-29 11:00:00,71.1,51.66786261913584,19.432137380864155,11,10
2024-10-29 12:00:00,71.1,51.66786261913584,19.432137380864155,12,10
2024-10-29 13:00:00,71.0,51.66786261913584,19.33213738086416,13,10
2024-10-29 14:00:00,70.84,51.66786261913584,19.172137380864164,14,10
2024-10-29 15:00:00,71.1,51.66786261913584,19.432137380864155,15,10
2024-10-29 16:00:00,73.61,51.66786261913584,21.94213738086416,16,10
2024-10-29 17:00:00,74.7,51.66786261913584,23.032137380864164,17,10
2024-10-29 18:00:00,85.0,51.66786261913584,33.33213738086416,18,10
2024-10-29 19:00:00,93.34,51.66786261913584,41.672137380864164,19,10
2024-10-29 20:00:00,98.61,51.66786261913584,46.94213738086416,20,10
2024-10-29 21:00:00,90.0,51.66786261913584,38.33213738086416,21,10
2024-10-29 22:00:00,83.22,51.66786261913584,31.55213738086416,22,10
2024-10-29 23:00:00,68.7,51.66786261913584,17.032137380864164,23,10
2024-10-30 00:00:00,66.0,51.66786261913584,14.332137380864161,0,10
2024-10-30 01:00:00,55.0,51.66786261913584,3.332137380864161,1,10
2024-10-30 02:00:00,52.99,51.66786261913584,1.322137380864163,2,10
2024-10-30 03:00:00,44.6,51.66786261913584,-7.067862619135838,3,10
2024-10-30 04:00:00,40.0,51.66786261913584,-11.667862619135839,4,10
2024-10-30 05:00:00,52.5,51.66786261913584,0.832137380864161,5,10
2024-10-30 06:00:00,68.68,51.66786261913584,17.012137380864168,6,10
2024-10-30 07:00:00,76.04,51.66786261913584,24.372137380864167,7,10
2024-10-30 08:00:00,90.25,51.66786261913584,38.58213738086416,8,10
2024-10-30 09:00:00,85.0,51.66786261913584,33.33213738086416,9,10
2024-10-30 10:00:00,69.7,51.66786261913584,18.032137380864164,10,10
2024-10-30 11:00:00,69.57,51.66786261913584,17.902137380864154,11,10
2024-10-30 12:00:00,73.05,51.66786261913584,21.382137380864158,12,10
2024-10-30 13:00:00,73.52,51.66786261913584,21.852137380864157,13,10
2024-10-30 14:00:00,69.57,51.66786261913584,17.902137380864154,14,10
2024-10-30 15:00:00,72.65,51.66786261913584,20.982137380864167,15,10
2024-10-30 16:00:00,86.81,51.66786261913584,35.14213738086416,16,10
2024-10-30 17:00:00,102.3,51.66786261913584,50.63213738086416,17,10
2024-10-30 18:00:00,145.0,51.66786261913584,93.33213738086417,18,10
2024-10-30 19:00:00,143.36,51.66786261913584,91.69213738086418,19,10
2024-10-30 20:00:00,143.36,51.66786261913584,91.69213738086418,20,10
2024-10-30 21:00:00,132.33,51.66786261913584,80.66213738086418,21,10
2024-10-30 22:00:00,99.8,51.66786261913584,48.13213738086416,22,10
2024-10-30 23:00:00,91.71,51.66786261913584,40.042137380864155,23,10
2024-10-31 00:00:00,80.0,51.66786261913584,28.33213738086416,0,10
2024-10-31 01:00:00,76.79,51.66786261913584,25.122137380864167,1,10
2024-10-31 02:00:00,75.0,51.66786261913584,23.33213738086416,2,10
2024-10-31 03:00:00,72.59,51.66786261913584,20.922137380864164,3,10
2024-10-31 04:00:00,70.99,51.66786261913584,19.322137380864156,4,10
2024-10-31 05:00:00,77.0,51.66786261913584,25.33213738086416,5,10
2024-10-31 06:00:00,88.39,51.66786261913584,36.72213738086416,6,10
2024-10-31 07:00:00,117.05,51.66786261913584,65.38213738086415,7,10
2024-10-31 08:00:00,121.58,51.66786261913584,69.91213738086415,8,10
2024-10-31 09:00:00,102.8,51.66786261913584,51.13213738086416,9,10
2024-10-31 10:00:00,93.2,51.66786261913584,41.532137380864164,10,10
2024-10-31 11:00:00,85.04,51.66786261913584,33.37213738086417,11,10
2024-10-31 12:00:00,88.91,51.66786261913584,37.24213738086416,12,10
2024-10-31 13:00:00,85.31,51.66786261913584,33.64213738086416,13,10
2024-10-31 14:00:00,85.51,51.66786261913584,33.842137380864166,14,10
2024-10-31 15:00:00,95.5,51.66786261913584,43.83213738086416,15,10
2024-10-31 16:00:00,113.0,51.66786261913584,61.33213738086416,16,10
2024-10-31 17:00:00,130.0,51.66786261913584,78.33213738086417,17,10
2024-10-31 18:00:00,134.14,51.66786261913584,82.47213738086415,18,10
2024-10-31 19:00:00,135.01,51.66786261913584,83.34213738086416,19,10
2024-10-31 20:00:00,148.72,51.66786261913584,97.05213738086417,20,10
2024-10-31 21:00:00,134.34,51.66786261913584,82.67213738086417,21,10
2024-10-31 22:00:00,115.2,51.66786261913584,63.532137380864164,22,10
2024-10-31 23:00:00,102.0,51.66786261913584,50.33213738086416,23,10
2024-11-01 00:00:00,86.48,51.66786261913584,34.812137380864165,0,11
2024-11-01 01:00:00,81.71,51.66786261913584,30.042137380864155,1,11
2024-11-01 02:00:00,75.0,51.66786261913584,23.33213738086416,2,11
2024-11-01 03:00:00,70.7,51.66786261913584,19.032137380864164,3,11
2024-11-01 04:00:00,70.68,51.66786261913584,19.012137380864168,4,11
2024-11-01 05:00:00,71.66,51.66786261913584,19.992137380864158,5,11
2024-11-01 06:00:00,73.84,51.66786261913584,22.172137380864164,6,11
2024-11-01 07:00:00,78.0,51.66786261913584,26.33213738086416,7,11
2024-11-01 08:00:00,73.09,51.66786261913584,21.422137380864164,8,11
2024-11-01 09:00:00,70.0,51.66786261913584,18.33213738086416,9,11
2024-11-01 10:00:00,66.71,51.66786261913584,15.042137380864155,10,11
2024-11-01 11:00:00,47.8,51.66786261913584,-3.867862619135842,11,11
2024-11-01 12:00:00,49.99,51.66786261913584,-1.677862619135837,12,11
2024-11-01 13:00:00,50.24,51.66786261913584,-1.427862619135837,13,11
2024-11-01 14:00:00,60.0,51.66786261913584,8.332137380864161,14,11
2024-11-01 15:00:00,70.43,51.66786261913584,18.762137380864168,15,11
2024-11-01 16:00:00,83.76,51.66786261913584,32.092137380864166,16,11
2024-11-01 17:00:00,105.48,51.66786261913584,53.812137380864165,17,11
2024-11-01 18:00:00,125.88,51.66786261913584,74.21213738086416,18,11
2024-11-01 19:00:00,120.01,51.66786261913584,68.34213738086416,19,11
2024-11-01 20:00:00,119.7,51.66786261913584,68.03213738086416,20,11
2024-11-01 21:00:00,110.75,51.66786261913584,59.08213738086416,21,11
2024-11-01 22:00:00,101.09,51.66786261913584,49.422137380864164,22,11
2024-11-01 23:00:00,95.65,51.66786261913584,43.98213738086417,23,11
2024-11-02 00:00:00,96.28,51.66786261913584,44.61213738086416,0,11
2024-11-02 01:00:00,91.56,51.66786261913584,39.89213738086416,1,11
2024-11-02 02:00:00,88.93,51.66786261913584,37.26213738086417,2,11
2024-11-02 03:00:00,86.0,51.66786261913584,34.33213738086416,3,11
2024-11-02 04:00:00,86.85,51.66786261913584,35.182137380864155,4,11
2024-11-02 05:00:00,85.62,51.66786261913584,33.952137380864166,5,11
2024-11-02 06:00:00,93.14,51.66786261913584,41.47213738086416,6,11
2024-11-02 07:00:00,100.11,51.66786261913584,48.44213738086416,7,11
2024-11-02 08:00:00,101.16,51.66786261913584,49.49213738086416,8,11
2024-11-02 09:00:00,88.93,51.66786261913584,37.26213738086417,9,11
2024-11-02 10:00:00,77.89,51.66786261913584,26.22213738086416,10,11
2024-11-02 11:00:00,71.77,51.66786261913584,20.102137380864157,11,11
2024-11-02 12:00:00,74.63,51.66786261913584,22.962137380864156,12,11
2024-11-02 13:00:00,69.84,51.66786261913584,18.172137380864164,13,11
2024-11-02 14:00:00,72.34,51.66786261913584,20.672137380864164,14,11
2024-11-02 15:00:00,70.63,51.66786261913584,18.962137380864156,15,11
2024-11-02 16:00:00,85.0,51.66786261913584,33.33213738086416,16,11
2024-11-02 17:00:00,105.82,51.66786261913584,54.152137380864154,17,11
2024-11-02 18:00:00,114.64,51.66786261913584,62.97213738086416,18,11
2024-11-02 19:00:00,114.64,51.66786261913584,62.97213738086416,19,11
2024-11-02 20:00:00,112.46,51.66786261913584,60.792137380864155,20,11
2024-11-02 21:00:00,111.54,51.66786261913584,59.87213738086417,21,11
2024-11-02 22:00:00,106.28,51.66786261913584,54.61213738086416,22,11
2024-11-02 23:00:00,100.61,51.66786261913584,48.94213738086416,23,11
2024-11-03 00:00:00,101.19,51.66786261913584,49.52213738086416,0,11
2024-11-03 01:00:00,91.36,51.66786261913584,39.69213738086416,1,11
2024-11-03 02:00:00,85.51,51.66786261913584,33.842137380864166,2,11
2024-11-03 03:00:00,85.0,51.66786261913584,33.33213738086416,3,11
2024-11-03 04:00:00,76.25,51.66786261913584,24.58213738086416,4,11
2024-11-03 05:00:00,75.12,51.66786261913584,23.452137380864166,5,11
2024-11-03 06:00:00,84.18,51.66786261913584,32.51213738086417,6,11
2024-11-03 07:00:00,87.14,51.66786261913584,35.47213738086416,7,11
2024-11-03 08:00:00,77.89,51.66786261913584,26.22213738086416,8,11
2024-11-03 09:00:00,40.1,51.66786261913584,-11.567862619135838,9,11
2024-11-03 10:00:00,30.0,51.66786261913584,-21.66786261913584,10,11
2024-11-03 11:00:00,19.99,51.66786261913584,-31.67786261913584,11,11
2024-11-03 12:00:00,7.4,51.66786261913584,-44.26786261913584,12,11
2024-11-03 13:00:00,24.77,51.66786261913584,-26.89786261913584,13,11
2024-11-03 14:00:00,25.1,51.66786261913584,-26.567862619135838,14,11
2024-11-03 15:00:00,30.3,51.66786261913584,-21.36786261913584,15,11
2024-11-03 16:00:00,65.97,51.66786261913584,14.30213738086416,16,11
2024-11-03 17:00:00,94.73,51.66786261913584,43.062137380864165,17,11
2024-11-03 18:00:00,116.67,51.66786261913584,65.00213738086416,18,11
2024-11-03 19:00:00,114.01,51.66786261913584,62.342137380864166,19,11
2024-11-03 20:00:00,111.04,51.66786261913584,59.37213738086417,20,11
2024-11-03 21:00:00,102.54,51.66786261913584,50.87213738086417,21,11
2024-11-03 22:00:00,100.2,51.66786261913584,48.532137380864164,22,11
2024-11-03 23:00:00,95.24,51.66786261913584,43.572137380864156,23,11
2024-11-04 00:00:00,92.04,51.66786261913584,40.37213738086417,0,11
2024-11-04 01:00:00,89.96,51.66786261913584,38.292137380864155,1,11
2024-11-04 02:00:00,90.07,51.66786261913584,38.402137380864154,2,11
2024-11-04 03:00:00,83.82,51.66786261913584,32.152137380864154,3,11
2024-11-04 04:00:00,85.36,51.66786261913584,33.69213738086416,4,11
2024-11-04 05:00:00,89.89,51.66786261913584,38.22213738086416,5,11
2024-11-04 06:00:00,104.14,51.66786261913584,52.47213738086416,6,11
2024-11-04 07:00:00,121.54,51.66786261913584,69.87213738086416,7,11
2024-11-04 08:00:00,124.08,51.66786261913584,72.41213738086415,8,11
2024-11-04 09:00:00,118.04,51.66786261913584,66.37213738086416,9,11
2024-11-04 10:00:00,99.88,51.66786261913584,48.21213738086416,10,11
2024-11-04 11:00:00,93.32,51.66786261913584,41.652137380864154,11,11
2024-11-04 12:00:00,91.39,51.66786261913584,39.72213738086416,12,11
2024-11-04 13:00:00,90.1,51.66786261913584,38.432137380864155,13,11
2024-11-04 14:00:00,92.4,51.66786261913584,40.73213738086417,14,11
2024-11-04 15:00:00,109.64,51.66786261913584,57.97213738086416,15,11
2024-11-04 16:00:00,120.94,51.66786261913584,69.27213738086417,16,11
2024-11-04 17:00:00,135.24,51.66786261913584,83.57213738086418,17,11
2024-11-04 18:00:00,160.54,51.66786261913584,108.87213738086416,18,11
2024-11-04 19:00:00,151.52,51.66786261913584,99.85213738086418,19,11
2024-11-04 20:00:00,123.0,51.66786261913584,71.33213738086417,20,11
2024-11-04 21:00:00,118.28,51.66786261913584,66.61213738086417,21,11
2024-11-04 22:00:00,118.28,51.66786261913584,66.61213738086417,22,11
2024-11-04 23:00:00,109.64,51.66786261913584,57.97213738086416,23,11
2024-11-05 00:00:00,101.47,51.66786261913584,49.80213738086416,0,11
2024-11-05 01:00:00,94.0,51.66786261913584,42.33213738086416,1,11
2024-11-05 02:00:00,90.43,51.66786261913584,38.76213738086417,2,11
2024-11-05 03:00:00,90.89,51.66786261913584,39.22213738086416,3,11
2024-11-05 04:00:00,91.1,51.66786261913584,39.432137380864155,4,11
2024-11-05 05:00:00,101.47,51.66786261913584,49.80213738086416,5,11
2024-11-05 06:00:00,115.17,51.66786261913584,63.50213738086416,6,11
2024-11-05 07:00:00,124.09,51.66786261913584,72.42213738086417,7,11
2024-11-05 08:00:00,133.14,51.66786261913584,81.47213738086415,8,11
2024-11-05 09:00:00,118.23,51.66786261913584,66.56213738086416,9,11
2024-11-05 10:00:00,105.87,51.66786261913584,54.202137380864166,10,11
2024-11-05 11:00:00,95.28,51.66786261913584,43.61213738086416,11,11
2024-11-05 12:00:00,94.92,51.66786261913584,43.25213738086416,12,11
2024-11-05 13:00:00,99.25,51.66786261913584,47.58213738086416,13,11
2024-11-05 14:00:00,109.5,51.66786261913584,57.83213738086416,14,11
2024-11-05 15:00:00,111.33,51.66786261913584,59.66213738086416,15,11
2024-11-05 16:00:00,115.54,51.66786261913584,63.87213738086417,16,11
2024-11-05 17:00:00,123.62,51.66786261913584,71.95213738086417,17,11
2024-11-05 18:00:00,193.0,51.66786261913584,141.33213738086417,18,11
2024-11-05 19:00:00,186.2,51.66786261913584,134.53213738086416,19,11
2024-11-05 20:00:00,154.45,51.66786261913584,102.78213738086416,20,11
2024-11-05 21:00:00,126.63,51.66786261913584,74.96213738086416,21,11
2024-11-05 22:00:00,121.28,51.66786261913584,69.61213738086417,22,11
2024-11-05 23:00:00,112.23,51.66786261913584,60.562137380864165,23,11
2024-11-06 00:00:00,123.04,51.66786261913584,71.37213738086416,0,11
2024-11-06 01:00:00,119.23,51.66786261913584,67.56213738086416,1,11
2024-11-06 02:00:00,117.98,51.66786261913584,66.31213738086416,2,11
2024-11-06 03:00:00,116.03,51.66786261913584,64.36213738086417,3,11
2024-11-06 04:00:00,110.43,51.66786261913584,58.76213738086417,4,11
2024-11-06 05:00:00,112.53,51.66786261913584,60.86213738086416,5,11
2024-11-06 06:00:00,119.23,51.66786261913584,67.56213738086416,6,11
2024-11-06 07:00:00,125.01,51.66786261913584,73.34213738086416,7,11
2024-11-06 08:00:00,128.89,51.66786261913584,77.22213738086415,8,11
2024-11-06 09:00:00,119.23,51.66786261913584,67.56213738086416,9,11
2024-11-06 10:00:00,100.34,51.66786261913584,48.672137380864164,10,11
2024-11-06 11:00:00,92.33,51.66786261913584,40.66213738086416,11,11
2024-11-06 12:00:00,88.0,51.66786261913584,36.33213738086416,12,11
2024-11-06 13:00:00,90.0,51.66786261913584,38.33213738086416,13,11
2024-11-06 14:00:00,86.0,51.66786261913584,34.33213738086416,14,11
2024-11-06 15:00:00,92.58,51.66786261913584,40.91213738086416,15,11
2024-11-06 16:00:00,105.8,51.66786261913584,54.13213738086416,16,11
2024-11-06 17:00:00,125.0,51.66786261913584,73.33213738086417,17,11
2024-11-06 18:00:00,171.89,51.66786261913584,120.22213738086415,18,11
2024-11-06 19:00:00,167.02,51.66786261913584,115.35213738086418,19,11
2024-11-06 20:00:00,135.18,51.66786261913584,83.51213738086417,20,11
2024-11-06 21:00:00,124.65,51.66786261913584,72.98213738086417,21,11
2024-11-06 22:00:00,117.39,51.66786261913584,65.72213738086415,22,11
2024-11-06 23:00:00,116.16,51.66786261913584,64.49213738086416,23,11
2024-11-07 00:00:00,106.54,51.66786261913584,54.87213738086417,0,11
2024-11-07 01:00:00,95.72,51.66786261913584,44.05213738086416,1,11
2024-11-07 02:00:00,94.01,51.66786261913584,42.342137380864166,2,11
2024-11-07 03:00:00,99.32,51.66786261913584,47.652137380864154,3,11
2024-11-07 04:00:00,100.2,51.66786261913584,48.532137380864164,4,11
2024-11-07 05:00:00,107.61,51.66786261913584,55.94213738086416,5,11
2024-11-07 06:00:00,109.9,51.66786261913584,58.23213738086417,6,11
2024-11-07 07:00:00,122.76,51.66786261913584,71.09213738086416,7,11
2024-11-07 08:00:00,127.51,51.66786261913584,75.84213738086416,8,11
2024-11-07 09:00:00,120.04,51.66786261913584,68.37213738086416,9,11
2024-11-07 10:00:00,105.6,51.66786261913584,53.932137380864155,10,11
2024-11-07 11:00:00,95.0,51.66786261913584,43.33213738086416,11,11
2024-11-07 12:00:00,90.0,51.66786261913584,38.33213738086416,12,11
2024-11-07 13:00:00,90.0,51.66786261913584,38.33213738086416,13,11
2024-11-07 14:00:00,92.0,51.66786261913584,40.33213738086416,14,11
2024-11-07 15:00:00,106.87,51.66786261913584,55.202137380864166,15,11
2024-11-07 16:00:00,119.16,51.66786261913584,67.49213738086416,16,11
2024-11-07 17:00:00,122.98,51.66786261913584,71.31213738086416,17,11
2024-11-07 18:00:00,151.49,51.66786261913584,99.82213738086418,18,11
2024-11-07 19:00:00,144.66,51.66786261913584,92.99213738086416,19,11
2024-11-07 20:00:00,130.99,51.66786261913584,79.32213738086418,20,11
2024-11-07 21:00:00,124.48,51.66786261913584,72.81213738086416,21,11
2024-11-07 22:00:00,115.31,51.66786261913584,63.64213738086416,22,11
2024-11-07 23:00:00,111.73,51.66786261913584,60.062137380864165,23,11
2024-11-08 00:00:00,103.48,51.66786261913584,51.812137380864165,0,11
2024-11-08 01:00:00,104.0,51.66786261913584,52.33213738086416,1,11
2024-11-08 02:00:00,98.78,51.66786261913584,47.11213738086416,2,11
2024-11-08 03:00:00,98.78,51.66786261913584,47.11213738086416,3,11
2024-11-08 04:00:00,98.8,51.66786261913584,47.13213738086416,4,11
2024-11-08 05:00:00,103.23,51.66786261913584,51.562137380864165,5,11
2024-11-08 06:00:00,112.09,51.66786261913584,60.422137380864164,6,11
2024-11-08 07:00:00,126.56,51.66786261913584,74.89213738086417,7,11
2024-11-08 08:00:00,130.37,51.66786261913584,78.70213738086417,8,11
2024-11-08 09:00:00,124.1,51.66786261913584,72.43213738086416,9,11
2024-11-08 10:00:00,117.34,51.66786261913584,65.67213738086417,10,11
2024-11-08 11:00:00,110.94,51.66786261913584,59.27213738086416,11,11
2024-11-08 12:00:00,105.59,51.66786261913584,53.922137380864164,12,11
2024-11-08 13:00:00,106.81,51.66786261913584,55.14213738086416,13,11
2024-11-08 14:00:00,112.53,51.66786261913584,60.86213738086416,14,11
2024-11-08 15:00:00,122.8,51.66786261913584,71.13213738086415,15,11
2024-11-08 16:00:00,127.74,51.66786261913584,76.07213738086415,16,11
2024-11-08 17:00:00,129.88,51.66786261913584,78.21213738086416,17,11
2024-11-08 18:00:00,133.58,51.66786261913584,81.91213738086418,18,11
2024-11-08 19:00:00,134.28,51.66786261913584,82.61213738086417,19,11
2024-11-08 20:00:00,134.28,51.66786261913584,82.61213738086417,20,11
2024-11-08 21:00:00,132.28,51.66786261913584,80.61213738086417,21,11
2024-11-08 22:00:00,127.74,51.66786261913584,76.07213738086415,22,11
2024-11-08 23:00:00,123.76,51.66786261913584,72.09213738086416,23,11
2024-11-09 00:00:00,115.7,51.66786261913584,64.03213738086416,0,11
2024-11-09 01:00:00,115.7,51.66786261913584,64.03213738086416,1,11
2024-11-09 02:00:00,98.96,51.66786261913584,47.292137380864155,2,11
2024-11-09 03:00:00,98.96,51.66786261913584,47.292137380864155,3,11
2024-11-09 04:00:00,98.41,51.66786261913584,46.74213738086416,4,11
2024-11-09 05:00:00,100.17,51.66786261913584,48.50213738086416,5,11
2024-11-09 06:00:00,104.31,51.66786261913584,52.64213738086416,6,11
2024-11-09 07:00:00,109.87,51.66786261913584,58.202137380864166,7,11
2024-11-09 08:00:00,114.1,51.66786261913584,62.432137380864155,8,11
2024-11-09 09:00:00,114.6,51.66786261913584,62.932137380864155,9,11
2024-11-09 10:00:00,109.97,51.66786261913584,58.30213738086416,10,11
2024-11-09 11:00:00,106.4,51.66786261913584,54.73213738086417,11,11
2024-11-09 12:00:00,100.37,51.66786261913584,48.702137380864166,12,11
2024-11-09 13:00:00,96.8,51.66786261913584,45.13213738086416,13,11
2024-11-09 14:00:00,93.23,51.66786261913584,41.562137380864165,14,11
2024-11-09 15:00:00,90.2,51.66786261913584,38.532137380864164,15,11
2024-11-09 16:00:00,114.08,51.66786261913584,62.41213738086416,16,11
2024-11-09 17:00:00,130.04,51.66786261913584,78.37213738086416,17,11
2024-11-09 18:00:00,133.34,51.66786261913584,81.67213738086417,18,11
2024-11-09 19:00:00,134.86,51.66786261913584,83.19213738086418,19,11
2024-11-09 20:00:00,128.32,51.66786261913584,76.65213738086416,20,11
2024-11-09 21:00:00,117.96,51.66786261913584,66.29213738086415,21,11
2024-11-09 22:00:00,114.53,51.66786261913584,62.86213738086416,22,11
2024-11-09 23:00:00,110.1,51.66786261913584,58.432137380864155,23,11
2024-11-10 00:00:00,104.99,51.66786261913584,53.322137380864156,0,11
2024-11-10 01:00:00,102.28,51.66786261913584,50.61213738086416,1,11
2024-11-10 02:00:00,97.69,51.66786261913584,46.02213738086416,2,11
2024-11-10 03:00:00,92.52,51.66786261913584,40.85213738086416,3,11
2024-11-10 04:00:00,90.0,51.66786261913584,38.33213738086416,4,11
2024-11-10 05:00:00,89.18,51.66786261913584,37.51213738086417,5,11
2024-11-10 06:00:00,95.09,51.66786261913584,43.422137380864164,6,11
2024-11-10 07:00:00,102.45,51.66786261913584,50.782137380864164,7,11
2024-11-10 08:00:00,97.95,51.66786261913584,46.282137380864164,8,11
2024-11-10 09:00:00,82.78,51.66786261913584,31.112137380864162,9,11
2024-11-10 10:00:00,65.2,51.66786261913584,13.532137380864164,10,11
2024-11-10 11:00:00,50.0,51.66786261913584,-1.667862619135839,11,11
2024-11-10 12:00:00,48.4,51.66786261913584,-3.2678626191358404,12,11
2024-11-10 13:00:00,49.01,51.66786261913584,-2.657862619135841,13,11
2024-11-10 14:00:00,49.01,51.66786261913584,-2.657862619135841,14,11
2024-11-10 15:00:00,50.24,51.66786261913584,-1.427862619135837,15,11
2024-11-10 16:00:00,83.2,51.66786261913584,31.532137380864164,16,11
2024-11-10 17:00:00,116.0,51.66786261913584,64.33213738086417,17,11
2024-11-10 18:00:00,127.99,51.66786261913584,76.32213738086415,18,11
2024-11-10 19:00:00,128.02,51.66786261913584,76.35213738086418,19,11
2024-11-10 20:00:00,125.31,51.66786261913584,73.64213738086417,20,11
2024-11-10 21:00:00,115.28,51.66786261913584,63.61213738086416,21,11
2024-11-10 22:00:00,111.1,51.66786261913584,59.432137380864155,22,11
2024-11-10 23:00:00,108.02,51.66786261913584,56.35213738086416,23,11
2024-11-11 00:00:00,109.0,51.66786261913584,57.33213738086416,0,11
2024-11-11 01:00:00,101.71,51.66786261913584,50.042137380864155,1,11
2024-11-11 02:00:00,99.39,51.66786261913584,47.72213738086416,2,11
2024-11-11 03:00:00,85.38,51.66786261913584,33.71213738086416,3,11
2024-11-11 04:00:00,80.66,51.66786261913584,28.992137380864158,4,11
2024-11-11 05:00:00,80.2,51.66786261913584,28.532137380864164,5,11
2024-11-11 06:00:00,84.1,51.66786261913584,32.432137380864155,6,11
2024-11-11 07:00:00,105.72,51.66786261913584,54.05213738086416,7,11
2024-11-11 08:00:00,109.0,51.66786261913584,57.33213738086416,8,11
2024-11-11 09:00:00,79.9,51.66786261913584,28.232137380864167,9,11
2024-11-11 10:00:00,50.24,51.66786261913584,-1.427862619135837,10,11
2024-11-11 11:00:00,45.2,51.66786261913584,-6.467862619135836,11,11
2024-11-11 12:00:00,33.49,51.66786261913584,-18.177862619135837,12,11
2024-11-11 13:00:00,15.2,51.66786261913584,-36.46786261913584,13,11
2024-11-11 14:00:00,7.0,51.66786261913584,-44.66786261913584,14,11
2024-11-11 15:00:00,5.0,51.66786261913584,-46.66786261913584,15,11
2024-11-11 16:00:00,65.63,51.66786261913584,13.962137380864156,16,11
2024-11-11 17:00:00,106.7,51.66786261913584,55.032137380864164,17,11
2024-11-11 18:00:00,115.89,51.66786261913584,64.22213738086415,18,11
2024-11-11 19:00:00,116.86,51.66786261913584,65.19213738086415,19,11
2024-11-11 20:00:00,109.69,51.66786261913584,58.02213738086416,20,11
2024-11-11 21:00:00,96.73,51.66786261913584,45.062137380864165,21,11
2024-11-11 22:00:00,88.92,51.66786261913584,37.25213738086416,22,11
2024-11-11 23:00:00,78.2,51.66786261913584,26.532137380864164,23,11
2024-11-12 00:00:00,65.0,51.66786261913584,13.332137380864161,0,11
2024-11-12 01:00:00,49.97,51.66786261913584,-1.6978626191358401,1,11
2024-11-12 02:00:00,49.78,51.66786261913584,-1.8878626191358379,2,11
2024-11-12 03:00:00,45.38,51.66786261913584,-6.287862619135836,3,11
2024-11-12 04:00:00,31.24,51.66786261913584,-20.42786261913584,4,11
2024-11-12 05:00:00,49.84,51.66786261913584,-1.8278626191358356,5,11
2024-11-12 06:00:00,70.2,51.66786261913584,18.532137380864164,6,11
2024-11-12 07:00:00,102.66,51.66786261913584,50.99213738086416,7,11
2024-11-12 08:00:00,102.67,51.66786261913584,51.00213738086416,8,11
2024-11-12 09:00:00,69.98,51.66786261913584,18.312137380864165,9,11
2024-11-12 10:00:00,4.31,51.66786261913584,-47.35786261913584,10,11
2024-11-12 11:00:00,3.32,51.66786261913584,-48.34786261913584,11,11
2024-11-12 12:00:00,3.32,51.66786261913584,-48.34786261913584,12,11
2024-11-12 13:00:00,3.32,51.66786261913584,-48.34786261913584,13,11
2024-11-12 14:00:00,3.32,51.66786261913584,-48.34786261913584,14,11
2024-11-12 15:00:00,3.32,51.66786261913584,-48.34786261913584,15,11
2024-11-12 16:00:00,49.84,51.66786261913584,-1.8278626191358356,16,11
2024-11-12 17:00:00,102.67,51.66786261913584,51.00213738086416,17,11
2024-11-12 18:00:00,115.06,51.66786261913584,63.39213738086416,18,11
2024-11-12 19:00:00,120.76,51.66786261913584,69.09213738086416,19,11
2024-11-12 20:00:00,128.86,51.66786261913584,77.19213738086418,20,11
2024-11-12 21:00:00,120.28,51.66786261913584,68.61213738086417,21,11
2024-11-12 22:00:00,119.92,51.66786261913584,68.25213738086416,22,11
2024-11-12 23:00:00,113.87,51.66786261913584,62.202137380864166,23,11
2024-11-13 00:00:00,100.13,51.66786261913584,48.46213738086416,0,11
2024-11-13 01:00:00,99.47,51.66786261913584,47.80213738086416,1,11
2024-11-13 02:00:00,99.12,51.66786261913584,47.452137380864166,2,11
2024-11-13 03:00:00,95.33,51.66786261913584,43.66213738086416,3,11
2024-11-13 04:00:00,91.82,51.66786261913584,40.152137380864154,4,11
2024-11-13 05:00:00,94.9,51.66786261913584,43.23213738086417,5,11
2024-11-13 06:00:00,104.09,51.66786261913584,52.422137380864164,6,11
2024-11-13 07:00:00,120.0,51.66786261913584,68.33213738086417,7,11
2024-11-13 08:00:00,121.76,51.66786261913584,70.09213738086416,8,11
2024-11-13 09:00:00,120.86,51.66786261913584,69.19213738086415,9,11
2024-11-13 10:00:00,104.09,51.66786261913584,52.422137380864164,10,11
2024-11-13 11:00:00,84.9,51.66786261913584,33.23213738086417,11,11
2024-11-13 12:00:00,82.99,51.66786261913584,31.322137380864156,12,11
2024-11-13 13:00:00,83.2,51.66786261913584,31.532137380864164,13,11
2024-11-13 14:00:00,84.9,51.66786261913584,33.23213738086417,14,11
2024-11-13 15:00:00,95.97,51.66786261913584,44.30213738086416,15,11
2024-11-13 16:00:00,112.35,51.66786261913584,60.682137380864155,16,11
2024-11-13 17:00:00,116.28,51.66786261913584,64.61213738086417,17,11
2024-11-13 18:00:00,121.28,51.66786261913584,69.61213738086417,18,11
2024-11-13 19:00:00,132.18,51.66786261913584,80.51213738086417,19,11
2024-11-13 20:00:00,133.61,51.66786261913584,81.94213738086418,20,11
2024-11-13 21:00:00,119.8,51.66786261913584,68.13213738086415,21,11
2024-11-13 22:00:00,115.88,51.66786261913584,64.21213738086416,22,11
2024-11-13 23:00:00,100.0,51.66786261913584,48.33213738086416,23,11
2024-11-14 00:00:00,90.2,51.66786261913584,38.532137380864164,0,11
2024-11-14 01:00:00,90.0,51.66786261913584,38.33213738086416,1,11
2024-11-14 02:00:00,89.53,51.66786261913584,37.86213738086416,2,11
2024-11-14 03:00:00,89.99,51.66786261913584,38.322137380864156,3,11
2024-11-14 04:00:00,90.2,51.66786261913584,38.532137380864164,4,11
2024-11-14 05:00:00,95.74,51.66786261913584,44.072137380864156,5,11
2024-11-14 06:00:00,110.99,51.66786261913584,59.322137380864156,6,11
2024-11-14 07:00:00,125.28,51.66786261913584,73.61213738086417,7,11
2024-11-14 08:00:00,134.11,51.66786261913584,82.44213738086418,8,11
2024-11-14 09:00:00,125.8,51.66786261913584,74.13213738086415,9,11
2024-11-14 10:00:00,121.71,51.66786261913584,70.04213738086415,10,11
2024-11-14 11:00:00,120.76,51.66786261913584,69.09213738086416,11,11
2024-11-14 12:00:00,119.8,51.66786261913584,68.13213738086415,12,11
2024-11-14 13:00:00,120.76,51.66786261913584,69.09213738086416,13,11
2024-11-14 14:00:00,122.54,51.66786261913584,70.87213738086416,14,11
2024-11-14 15:00:00,126.04,51.66786261913584,74.37213738086416,15,11
2024-11-14 16:00:00,133.12,51.66786261913584,81.45213738086417,16,11
2024-11-14 17:00:00,136.23,51.66786261913584,84.56213738086416,17,11
2024-11-14 18:00:00,146.26,51.66786261913584,94.59213738086416,18,11
2024-11-14 19:00:00,151.63,51.66786261913584,99.96213738086416,19,11
2024-11-14 20:00:00,140.1,51.66786261913584,88.43213738086416,20,11
2024-11-14 21:00:00,129.81,51.66786261913584,78.14213738086417,21,11
2024-11-14 22:00:00,123.28,51.66786261913584,71.61213738086417,22,11
2024-11-14 23:00:00,112.91,51.66786261913584,61.24213738086416,23,11
2024-11-15 00:00:00,111.6,51.66786261913584,59.932137380864155,0,11
2024-11-15 01:00:00,107.31,51.66786261913584,55.64213738086416,1,11
2024-11-15 02:00:00,107.43,51.66786261913584,55.76213738086417,2,11
2024-11-15 03:00:00,104.05,51.66786261913584,52.38213738086416,3,11
2024-11-15 04:00:00,104.81,51.66786261913584,53.14213738086416,4,11
2024-11-15 05:00:00,109.55,51.66786261913584,57.88213738086416,5,11
2024-11-15 06:00:00,130.98,51.66786261913584,79.31213738086416,6,11
2024-11-15 07:00:00,141.66,51.66786261913584,89.99213738086416,7,11
2024-11-15 08:00:00,147.22,51.66786261913584,95.55213738086417,8,11
2024-11-15 09:00:00,138.36,51.66786261913584,86.69213738086418,9,11
2024-11-15 10:00:00,131.25,51.66786261913584,79.58213738086417,10,11
2024-11-15 11:00:00,125.6,51.66786261913584,73.93213738086416,11,11
2024-11-15 12:00:00,120.47,51.66786261913584,68.80213738086417,12,11
2024-11-15 13:00:00,119.54,51.66786261913584,67.87213738086416,13,11
2024-11-15 14:00:00,120.0,51.66786261913584,68.33213738086417,14,11
2024-11-15 15:00:00,119.55,51.66786261913584,67.88213738086415,15,11
2024-11-15 16:00:00,128.7,51.66786261913584,77.03213738086416,16,11
2024-11-15 17:00:00,139.68,51.66786261913584,88.01213738086417,17,11
2024-11-15 18:00:00,138.66,51.66786261913584,86.99213738086416,18,11
2024-11-15 19:00:00,134.05,51.66786261913584,82.38213738086418,19,11
2024-11-15 20:00:00,133.85,51.66786261913584,82.18213738086416,20,11
2024-11-15 21:00:00,134.19,51.66786261913584,82.52213738086417,21,11
2024-11-15 22:00:00,126.69,51.66786261913584,75.02213738086417,22,11
2024-11-15 23:00:00,114.08,51.66786261913584,62.41213738086416,23,11
2024-11-16 00:00:00,104.59,51.66786261913584,52.922137380864164,0,11
2024-11-16 01:00:00,99.0,51.66786261913584,47.33213738086416,1,11
2024-11-16 02:00:00,94.5,51.66786261913584,42.83213738086416,2,11
2024-11-16 03:00:00,92.28,51.66786261913584,40.61213738086416,3,11
2024-11-16 04:00:00,92.37,51.66786261913584,40.702137380864166,4,11
2024-11-16 05:00:00,91.98,51.66786261913584,40.312137380864165,5,11
2024-11-16 06:00:00,93.99,51.66786261913584,42.322137380864156,6,11
2024-11-16 07:00:00,104.52,51.66786261913584,52.85213738086416,7,11
2024-11-16 08:00:00,114.32,51.66786261913584,62.652137380864154,8,11
2024-11-16 09:00:00,116.0,51.66786261913584,64.33213738086417,9,11
2024-11-16 10:00:00,112.2,51.66786261913584,60.532137380864164,10,11
2024-11-16 11:00:00,104.0,51.66786261913584,52.33213738086416,11,11
2024-11-16 12:00:00,101.49,51.66786261913584,49.822137380864156,12,11
2024-11-16 13:00:00,99.54,51.66786261913584,47.87213738086417,13,11
2024-11-16 14:00:00,101.51,51.66786261913584,49.842137380864166,14,11
2024-11-16 15:00:00,109.05,51.66786261913584,57.38213738086416,15,11
2024-11-16 16:00:00,120.64,51.66786261913584,68.97213738086415,16,11
2024-11-16 17:00:00,131.22,51.66786261913584,79.55213738086417,17,11
2024-11-16 18:00:00,134.0,51.66786261913584,82.33213738086417,18,11
2024-11-16 19:00:00,135.74,51.66786261913584,84.07213738086418,19,11
2024-11-16 20:00:00,138.2,51.66786261913584,86.53213738086416,20,11
2024-11-16 21:00:00,139.0,51.66786261913584,87.33213738086417,21,11
2024-11-16 22:00:00,131.79,51.66786261913584,80.12213738086416,22,11
2024-11-16 23:00:00,130.0,51.66786261913584,78.33213738086417,23,11
2024-11-17 00:00:00,129.34,51.66786261913584,77.67213738086417,0,11
2024-11-17 01:00:00,117.74,51.66786261913584,66.07213738086415,1,11
2024-11-17 02:00:00,108.06,51.66786261913584,56.39213738086416,2,11
2024-11-17 03:00:00,107.74,51.66786261913584,56.072137380864156,3,11
2024-11-17 04:00:00,100.0,51.66786261913584,48.33213738086416,4,11
2024-11-17 05:00:00,103.0,51.66786261913584,51.33213738086416,5,11
2024-11-17 06:00:00,97.31,51.66786261913584,45.64213738086416,6,11
2024-11-17 07:00:00,107.74,51.66786261913584,56.072137380864156,7,11
2024-11-17 08:00:00,105.0,51.66786261913584,53.33213738086416,8,11
2024-11-17 09:00:00,95.98,51.66786261913584,44.312137380864165,9,11
2024-11-17 10:00:00,87.79,51.66786261913584,36.12213738086417,10,11
2024-11-17 11:00:00,89.09,51.66786261913584,37.422137380864164,11,11
2024-11-17 12:00:00,92.68,51.66786261913584,41.01213738086417,12,11
2024-11-17 13:00:00,87.79,51.66786261913584,36.12213738086417,13,11
2024-11-17 14:00:00,92.73,51.66786261913584,41.062137380864165,14,11
2024-11-17 15:00:00,96.11,51.66786261913584,44.44213738086416,15,11
2024-11-17 16:00:00,109.9,51.66786261913584,58.23213738086417,16,11
2024-11-17 17:00:00,135.01,51.66786261913584,83.34213738086416,17,11
2024-11-17 18:00:00,140.3,51.66786261913584,88.63213738086418,18,11
2024-11-17 19:00:00,145.43,51.66786261913584,93.76213738086417,19,11
2024-11-17 20:00:00,150.0,51.66786261913584,98.33213738086417,20,11
2024-11-17 21:00:00,154.43,51.66786261913584,102.76213738086417,21,11
2024-11-17 22:00:00,144.14,51.66786261913584,92.47213738086415,22,11
2024-11-17 23:00:00,139.2,51.66786261913584,87.53213738086416,23,11
2024-11-18 00:00:00,133.98,51.66786261913584,82.31213738086416,0,11
2024-11-18 01:00:00,126.61,51.66786261913584,74.94213738086415,1,11
2024-11-18 02:00:00,117.33,51.66786261913584,65.66213738086415,2,11
2024-11-18 03:00:00,122.03,51.66786261913584,70.36213738086417,3,11
2024-11-18 04:00:00,125.0,51.66786261913584,73.33213738086417,4,11
2024-11-18 05:00:00,126.46,51.66786261913584,74.79213738086415,5,11
2024-11-18 06:00:00,139.43,51.66786261913584,87.76213738086417,6,11
2024-11-18 07:00:00,143.41,51.66786261913584,91.74213738086416,7,11
2024-11-18 08:00:00,150.8,51.66786261913584,99.13213738086418,8,11
2024-11-18 09:00:00,140.22,51.66786261913584,88.55213738086417,9,11
2024-11-18 10:00:00,130.28,51.66786261913584,78.61213738086417,10,11
2024-11-18 11:00:00,126.31,51.66786261913584,74.64213738086417,11,11
2024-11-18 12:00:00,117.27,51.66786261913584,65.60213738086415,12,11
2024-11-18 13:00:00,117.33,51.66786261913584,65.66213738086415,13,11
2024-11-18 14:00:00,122.9,51.66786261913584,71.23213738086417,14,11
2024-11-18 15:00:00,130.98,51.66786261913584,79.31213738086416,15,11
2024-11-18 16:00:00,139.98,51.66786261913584,88.31213738086416,16,11
2024-11-18 17:00:00,154.69,51.66786261913584,103.02213738086417,17,11
2024-11-18 18:00:00,168.2,51.66786261913584,116.53213738086416,18,11
2024-11-18 19:00:00,158.96,51.66786261913584,107.29213738086418,19,11
2024-11-18 20:00:00,159.38,51.66786261913584,107.71213738086416,20,11
2024-11-18 21:00:00,147.24,51.66786261913584,95.57213738086418,21,11
2024-11-18 22:00:00,139.98,51.66786261913584,88.31213738086416,22,11
2024-11-18 23:00:00,134.22,51.66786261913584,82.55213738086417,23,11
2024-11-19 00:00:00,139.31,51.66786261913584,87.64213738086417,0,11
2024-11-19 01:00:00,135.01,51.66786261913584,83.34213738086416,1,11
2024-11-19 02:00:00,133.5,51.66786261913584,81.83213738086417,2,11
2024-11-19 03:00:00,132.62,51.66786261913584,80.95213738086417,3,11
2024-11-19 04:00:00,125.33,51.66786261913584,73.66213738086415,4,11
2024-11-19 05:00:00,125.48,51.66786261913584,73.81213738086416,5,11
2024-11-19 06:00:00,136.0,51.66786261913584,84.33213738086417,6,11
2024-11-19 07:00:00,142.36,51.66786261913584,90.69213738086418,7,11
2024-11-19 08:00:00,145.61,51.66786261913584,93.94213738086418,8,11
2024-11-19 09:00:00,139.31,51.66786261913584,87.64213738086417,9,11
2024-11-19 10:00:00,139.33,51.66786261913584,87.66213738086418,10,11
2024-11-19 11:00:00,139.0,51.66786261913584,87.33213738086417,11,11
2024-11-19 12:00:00,130.53,51.66786261913584,78.86213738086417,12,11
2024-11-19 13:00:00,108.5,51.66786261913584,56.83213738086416,13,11
2024-11-19 14:00:00,96.63,51.66786261913584,44.96213738086416,14,11
2024-11-19 15:00:00,100.0,51.66786261913584,48.33213738086416,15,11
2024-11-19 16:00:00,134.02,51.66786261913584,82.35213738086418,16,11
2024-11-19 17:00:00,146.98,51.66786261913584,95.31213738086416,17,11
2024-11-19 18:00:00,147.48,51.66786261913584,95.81213738086416,18,11
2024-11-19 19:00:00,147.48,51.66786261913584,95.81213738086416,19,11
2024-11-19 20:00:00,147.48,51.66786261913584,95.81213738086416,20,11
2024-11-19 21:00:00,146.5,51.66786261913584,94.83213738086417,21,11
2024-11-19 22:00:00,139.83,51.66786261913584,88.16213738086418,22,11
2024-11-19 23:00:00,125.48,51.66786261913584,73.81213738086416,23,11
2024-11-20 00:00:00,102.01,51.66786261913584,50.342137380864166,0,11
2024-11-20 01:00:00,88.78,51.66786261913584,37.11213738086416,1,11
2024-11-20 02:00:00,86.03,51.66786261913584,34.36213738086416,2,11
2024-11-20 03:00:00,81.5,51.66786261913584,29.83213738086416,3,11
2024-11-20 04:00:00,76.15,51.66786261913584,24.482137380864167,4,11
2024-11-20 05:00:00,83.79,51.66786261913584,32.12213738086417,5,11
2024-11-20 06:00:00,101.73,51.66786261913584,50.062137380864165,6,11
2024-11-20 07:00:00,122.0,51.66786261913584,70.33213738086417,7,11
2024-11-20 08:00:00,129.74,51.66786261913584,78.07213738086418,8,11
2024-11-20 09:00:00,108.36,51.66786261913584,56.69213738086416,9,11
2024-11-20 10:00:00,89.5,51.66786261913584,37.83213738086416,10,11
2024-11-20 11:00:00,64.89,51.66786261913584,13.222137380864162,11,11
2024-11-20 12:00:00,50.24,51.66786261913584,-1.427862619135837,12,11
2024-11-20 13:00:00,50.2,51.66786261913584,-1.4678626191358362,13,11
2024-11-20 14:00:00,29.12,51.66786261913584,-22.547862619135838,14,11
2024-11-20 15:00:00,50.2,51.66786261913584,-1.4678626191358362,15,11
2024-11-20 16:00:00,89.24,51.66786261913584,37.572137380864156,16,11
2024-11-20 17:00:00,126.74,51.66786261913584,75.07213738086415,17,11
2024-11-20 18:00:00,143.18,51.66786261913584,91.51213738086417,18,11
2024-11-20 19:00:00,141.56,51.66786261913584,89.89213738086417,19,11
2024-11-20 20:00:00,135.98,51.66786261913584,84.31213738086416,20,11
2024-11-20 21:00:00,126.91,51.66786261913584,75.24213738086416,21,11
2024-11-20 22:00:00,117.5,51.66786261913584,65.83213738086417,22,11
2024-11-20 23:00:00,103.5,51.66786261913584,51.83213738086416,23,11
2024-11-21 00:00:00,93.96,51.66786261913584,42.292137380864155,0,11
2024-11-21 01:00:00,84.99,51.66786261913584,33.322137380864156,1,11
2024-11-21 02:00:00,75.0,51.66786261913584,23.33213738086416,2,11
2024-11-21 03:00:00,65.1,51.66786261913584,13.432137380864155,3,11
2024-11-21 04:00:00,64.89,51.66786261913584,13.222137380864162,4,11
2024-11-21 05:00:00,65.18,51.66786261913584,13.512137380864168,5,11
2024-11-21 06:00:00,75.2,51.66786261913584,23.532137380864164,6,11
2024-11-21 07:00:00,95.0,51.66786261913584,43.33213738086416,7,11
2024-11-21 08:00:00,107.99,51.66786261913584,56.322137380864156,8,11
2024-11-21 09:00:00,87.8,51.66786261913584,36.13213738086416,9,11
2024-11-21 10:00:00,69.39,51.66786261913584,17.72213738086416,10,11
2024-11-21 11:00:00,50.0,51.66786261913584,-1.667862619135839,11,11
2024-11-21 12:00:00,33.2,51.66786261913584,-18.467862619135836,12,11
2024-11-21 13:00:00,33.2,51.66786261913584,-18.467862619135836,13,11
2024-11-21 14:00:00,29.8,51.66786261913584,-21.86786261913584,14,11
2024-11-21 15:00:00,14.0,51.66786261913584,-37.66786261913584,15,11
2024-11-21 16:00:00,64.78,51.66786261913584,13.112137380864162,16,11
2024-11-21 17:00:00,84.99,51.66786261913584,33.322137380864156,17,11
2024-11-21 18:00:00,116.49,51.66786261913584,64.82213738086415,18,11
2024-11-21 19:00:00,125.01,51.66786261913584,73.34213738086416,19,11
2024-11-21 20:00:00,122.11,51.66786261913584,70.44213738086415,20,11
2024-11-21 21:00:00,116.92,51.66786261913584,65.25213738086416,21,11
2024-11-21 22:00:00,107.74,51.66786261913584,56.072137380864156,22,11
2024-11-21 23:00:00,87.22,51.66786261913584,35.55213738086416,23,11
2024-11-22 00:00:00,87.63,51.66786261913584,35.96213738086416,0,11
2024-11-22 01:00:00,84.53,51.66786261913584,32.86213738086416,1,11
2024-11-22 02:00:00,83.2,51.66786261913584,31.532137380864164,2,11
2024-11-22 03:00:00,80.58,51.66786261913584,28.91213738086416,3,11
2024-11-22 04:00:00,77.13,51.66786261913584,25.462137380864156,4,11
2024-11-22 05:00:00,87.6,51.66786261913584,35.932137380864155,5,11
2024-11-22 06:00:00,100.09,51.66786261913584,48.422137380864164,6,11
2024-11-22 07:00:00,129.57,51.66786261913584,77.90213738086416,7,11
2024-11-22 08:00:00,141.31,51.66786261913584,89.64213738086417,8,11
2024-11-22 09:00:00,136.32,51.66786261913584,84.65213738086416,9,11
2024-11-22 10:00:00,116.71,51.66786261913584,65.04213738086415,10,11
2024-11-22 11:00:00,115.0,51.66786261913584,63.33213738086416,11,11
2024-11-22 12:00:00,107.16,51.66786261913584,55.49213738086416,12,11
2024-11-22 13:00:00,97.02,51.66786261913584,45.35213738086416,13,11
2024-11-22 14:00:00,104.0,51.66786261913584,52.33213738086416,14,11
2024-11-22 15:00:00,121.22,51.66786261913584,69.55213738086417,15,11
2024-11-22 16:00:00,140.01,51.66786261913584,88.34213738086416,16,11
2024-11-22 17:00:00,146.89,51.66786261913584,95.22213738086415,17,11
2024-11-22 18:00:00,151.24,51.66786261913584,99.57213738086418,18,11
2024-11-22 19:00:00,160.87,51.66786261913584,109.20213738086417,19,11
2024-11-22 20:00:00,161.26,51.66786261913584,109.59213738086416,20,11
2024-11-22 21:00:00,151.24,51.66786261913584,99.57213738086418,21,11
2024-11-22 22:00:00,143.9,51.66786261913584,92.23213738086417,22,11
2024-11-22 23:00:00,143.9,51.66786261913584,92.23213738086417,23,11
2024-11-23 00:00:00,131.63,51.66786261913584,79.96213738086416,0,11
2024-11-23 01:00:00,114.28,51.66786261913584,62.61213738086416,1,11
2024-11-23 02:00:00,104.0,51.66786261913584,52.33213738086416,2,11
2024-11-23 03:00:00,97.0,51.66786261913584,45.33213738086416,3,11
2024-11-23 04:00:00,84.99,51.66786261913584,33.322137380864156,4,11
2024-11-23 05:00:00,84.78,51.66786261913584,33.11213738086416,5,11
2024-11-23 06:00:00,85.95,51.66786261913584,34.282137380864164,6,11
2024-11-23 07:00:00,93.0,51.66786261913584,41.33213738086416,7,11
2024-11-23 08:00:00,99.25,51.66786261913584,47.58213738086416,8,11
2024-11-23 09:00:00,85.62,51.66786261913584,33.952137380864166,9,11
2024-11-23 10:00:00,67.04,51.66786261913584,15.372137380864167,10,11
2024-11-23 11:00:00,40.0,51.66786261913584,-11.667862619135839,11,11
2024-11-23 12:00:00,42.5,51.66786261913584,-9.167862619135839,12,11
2024-11-23 13:00:00,36.95,51.66786261913584,-14.717862619135836,13,11
2024-11-23 14:00:00,30.52,51.66786261913584,-21.14786261913584,14,11
2024-11-23 15:00:00,36.94,51.66786261913584,-14.727862619135841,15,11
2024-11-23 16:00:00,58.9,51.66786261913584,7.23213738086416,16,11
2024-11-23 17:00:00,84.53,51.66786261913584,32.86213738086416,17,11
2024-11-23 18:00:00,101.0,51.66786261913584,49.33213738086416,18,11
2024-11-23 19:00:00,101.8,51.66786261913584,50.13213738086416,19,11
2024-11-23 20:00:00,92.0,51.66786261913584,40.33213738086416,20,11
2024-11-23 21:00:00,84.99,51.66786261913584,33.322137380864156,21,11
2024-11-23 22:00:00,78.78,51.66786261913584,27.112137380864162,22,11
2024-11-23 23:00:00,40.0,51.66786261913584,-11.667862619135839,23,11
2024-11-24 00:00:00,13.81,51.66786261913584,-37.85786261913584,0,11
2024-11-24 01:00:00,8.48,51.66786261913584,-43.18786261913584,1,11
2024-11-24 02:00:00,5.53,51.66786261913584,-46.13786261913584,2,11
2024-11-24 03:00:00,3.71,51.66786261913584,-47.95786261913584,3,11
2024-11-24 04:00:00,3.32,51.66786261913584,-48.34786261913584,4,11
2024-11-24 05:00:00,4.68,51.66786261913584,-46.98786261913584,5,11
2024-11-24 06:00:00,3.92,51.66786261913584,-47.74786261913584,6,11
2024-11-24 07:00:00,3.71,51.66786261913584,-47.95786261913584,7,11
2024-11-24 08:00:00,3.32,51.66786261913584,-48.34786261913584,8,11
2024-11-24 09:00:00,5.24,51.66786261913584,-46.42786261913584,9,11
2024-11-24 10:00:00,3.32,51.66786261913584,-48.34786261913584,10,11
2024-11-24 11:00:00,3.32,51.66786261913584,-48.34786261913584,11,11
2024-11-24 12:00:00,3.32,51.66786261913584,-48.34786261913584,12,11
2024-11-24 13:00:00,3.32,51.66786261913584,-48.34786261913584,13,11
2024-11-24 14:00:00,3.32,51.66786261913584,-48.34786261913584,14,11
2024-11-24 15:00:00,3.32,51.66786261913584,-48.34786261913584,15,11
2024-11-24 16:00:00,3.74,51.66786261913584,-47.92786261913584,16,11
2024-11-24 17:00:00,11.17,51.66786261913584,-40.49786261913584,17,11
2024-11-24 18:00:00,28.49,51.66786261913584,-23.17786261913584,18,11
2024-11-24 19:00:00,41.54,51.66786261913584,-10.12786261913584,19,11
2024-11-24 20:00:00,34.61,51.66786261913584,-17.05786261913584,20,11
2024-11-24 21:00:00,27.14,51.66786261913584,-24.52786261913584,21,11
2024-11-24 22:00:00,20.26,51.66786261913584,-31.407862619135837,22,11
2024-11-24 23:00:00,14.46,51.66786261913584,-37.20786261913584,23,11
2024-11-25 00:00:00,10.32,51.66786261913584,-41.34786261913584,0,11
2024-11-25 01:00:00,8.41,51.66786261913584,-43.257862619135835,1,11
2024-11-25 02:00:00,3.94,51.66786261913584,-47.72786261913584,2,11
2024-11-25 03:00:00,3.32,51.66786261913584,-48.34786261913584,3,11
2024-11-25 04:00:00,3.32,51.66786261913584,-48.34786261913584,4,11
2024-11-25 05:00:00,3.71,51.66786261913584,-47.95786261913584,5,11
2024-11-25 06:00:00,15.27,51.66786261913584,-36.397862619135836,6,11
2024-11-25 07:00:00,83.0,51.66786261913584,31.33213738086416,7,11
2024-11-25 08:00:00,107.29,51.66786261913584,55.62213738086417,8,11
2024-11-25 09:00:00,100.95,51.66786261913584,49.282137380864164,9,11
2024-11-25 10:00:00,82.9,51.66786261913584,31.232137380864167,10,11
2024-11-25 11:00:00,74.59,51.66786261913584,22.922137380864164,11,11
2024-11-25 12:00:00,76.23,51.66786261913584,24.562137380864165,12,11
2024-11-25 13:00:00,71.98,51.66786261913584,20.312137380864165,13,11
2024-11-25 14:00:00,71.3,51.66786261913584,19.632137380864158,14,11
2024-11-25 15:00:00,93.39,51.66786261913584,41.72213738086416,15,11
2024-11-25 16:00:00,118.71,51.66786261913584,67.04213738086415,16,11
2024-11-25 17:00:00,141.91,51.66786261913584,90.24213738086416,17,11
2024-11-25 18:00:00,145.62,51.66786261913584,93.95213738086417,18,11
2024-11-25 19:00:00,149.15,51.66786261913584,97.48213738086417,19,11
2024-11-25 20:00:00,159.82,51.66786261913584,108.15213738086416,20,11
2024-11-25 21:00:00,150.82,51.66786261913584,99.15213738086416,21,11
2024-11-25 22:00:00,145.26,51.66786261913584,93.59213738086416,22,11
2024-11-25 23:00:00,140.26,51.66786261913584,88.59213738086416,23,11
2024-11-26 00:00:00,139.1,51.66786261913584,87.43213738086416,0,11
2024-11-26 01:00:00,135.2,51.66786261913584,83.53213738086416,1,11
2024-11-26 02:00:00,132.0,51.66786261913584,80.33213738086417,2,11
2024-11-26 03:00:00,130.38,51.66786261913584,78.71213738086416,3,11
2024-11-26 04:00:00,133.48,51.66786261913584,81.81213738086416,4,11
2024-11-26 05:00:00,137.5,51.66786261913584,85.83213738086417,5,11
2024-11-26 06:00:00,142.6,51.66786261913584,90.93213738086416,6,11
2024-11-26 07:00:00,147.8,51.66786261913584,96.13213738086418,7,11
2024-11-26 08:00:00,156.11,51.66786261913584,104.44213738086418,8,11
2024-11-26 09:00:00,147.8,51.66786261913584,96.13213738086418,9,11
2024-11-26 10:00:00,144.06,51.66786261913584,92.39213738086417,10,11
2024-11-26 11:00:00,141.0,51.66786261913584,89.33213738086417,11,11
2024-11-26 12:00:00,139.1,51.66786261913584,87.43213738086416,12,11
2024-11-26 13:00:00,138.7,51.66786261913584,87.03213738086416,13,11
2024-11-26 14:00:00,138.7,51.66786261913584,87.03213738086416,14,11
2024-11-26 15:00:00,140.5,51.66786261913584,88.83213738086417,15,11
2024-11-26 16:00:00,140.5,51.66786261913584,88.83213738086417,16,11
2024-11-26 17:00:00,148.85,51.66786261913584,97.18213738086416,17,11
2024-11-26 18:00:00,162.07,51.66786261913584,110.40213738086416,18,11
2024-11-26 19:00:00,154.84,51.66786261913584,103.17213738086417,19,11
2024-11-26 20:00:00,153.25,51.66786261913584,101.58213738086417,20,11
2024-11-26 21:00:00,149.73,51.66786261913584,98.06213738086416,21,11
2024-11-26 22:00:00,144.36,51.66786261913584,92.69213738086418,22,11
2024-11-26 23:00:00,140.26,51.66786261913584,88.59213738086416,23,11
2024-11-27 00:00:00,140.0,51.66786261913584,88.33213738086417,0,11
2024-11-27 01:00:00,135.21,51.66786261913584,83.54213738086418,1,11
2024-11-27 02:00:00,131.77,51.66786261913584,80.10213738086418,2,11
2024-11-27 03:00:00,128.0,51.66786261913584,76.33213738086417,3,11
2024-11-27 04:00:00,125.84,51.66786261913584,74.17213738086417,4,11
2024-11-27 05:00:00,131.77,51.66786261913584,80.10213738086418,5,11
2024-11-27 06:00:00,142.6,51.66786261913584,90.93213738086416,6,11
2024-11-27 07:00:00,151.7,51.66786261913584,100.03213738086416,7,11
2024-11-27 08:00:00,157.0,51.66786261913584,105.33213738086417,8,11
2024-11-27 09:00:00,145.47,51.66786261913584,93.80213738086417,9,11
2024-11-27 10:00:00,122.0,51.66786261913584,70.33213738086417,10,11
2024-11-27 11:00:00,105.57,51.66786261913584,53.902137380864154,11,11
2024-11-27 12:00:00,105.44,51.66786261913584,53.77213738086416,12,11
2024-11-27 13:00:00,105.57,51.66786261913584,53.902137380864154,13,11
2024-11-27 14:00:00,105.57,51.66786261913584,53.902137380864154,14,11
2024-11-27 15:00:00,112.78,51.66786261913584,61.11213738086416,15,11
2024-11-27 16:00:00,142.6,51.66786261913584,90.93213738086416,16,11
2024-11-27 17:00:00,149.07,51.66786261913584,97.40213738086416,17,11
2024-11-27 18:00:00,165.08,51.66786261913584,113.41213738086418,18,11
2024-11-27 19:00:00,161.2,51.66786261913584,109.53213738086416,19,11
2024-11-27 20:00:00,165.01,51.66786261913584,113.34213738086416,20,11
2024-11-27 21:00:00,157.94,51.66786261913584,106.27213738086417,21,11
2024-11-27 22:00:00,147.2,51.66786261913584,95.53213738086416,22,11
2024-11-27 23:00:00,140.5,51.66786261913584,88.83213738086417,23,11
2024-11-28 00:00:00,141.75,51.66786261913584,90.08213738086417,0,11
2024-11-28 01:00:00,135.01,51.66786261913584,83.34213738086416,1,11
2024-11-28 02:00:00,122.0,51.66786261913584,70.33213738086417,2,11
2024-11-28 03:00:00,121.4,51.66786261913584,69.73213738086417,3,11
2024-11-28 04:00:00,111.5,51.66786261913584,59.83213738086416,4,11
2024-11-28 05:00:00,115.79,51.66786261913584,64.12213738086416,5,11
2024-11-28 06:00:00,135.0,51.66786261913584,83.33213738086417,6,11
2024-11-28 07:00:00,150.0,51.66786261913584,98.33213738086417,7,11
2024-11-28 08:00:00,152.28,51.66786261913584,100.61213738086417,8,11
2024-11-28 09:00:00,140.8,51.66786261913584,89.13213738086418,9,11
2024-11-28 10:00:00,121.0,51.66786261913584,69.33213738086417,10,11
2024-11-28 11:00:00,108.95,51.66786261913584,57.282137380864164,11,11
2024-11-28 12:00:00,103.5,51.66786261913584,51.83213738086416,12,11
2024-11-28 13:00:00,103.19,51.66786261913584,51.52213738086416,13,11
2024-11-28 14:00:00,108.5,51.66786261913584,56.83213738086416,14,11
2024-11-28 15:00:00,119.81,51.66786261913584,68.14213738086417,15,11
2024-11-28 16:00:00,137.1,51.66786261913584,85.43213738086416,16,11
2024-11-28 17:00:00,150.4,51.66786261913584,98.73213738086417,17,11
2024-11-28 18:00:00,158.24,51.66786261913584,106.57213738086418,18,11
2024-11-28 19:00:00,154.12,51.66786261913584,102.45213738086417,19,11
2024-11-28 20:00:00,153.0,51.66786261913584,101.33213738086417,20,11
2024-11-28 21:00:00,148.58,51.66786261913584,96.91213738086418,21,11
2024-11-28 22:00:00,140.6,51.66786261913584,88.93213738086416,22,11
2024-11-28 23:00:00,140.01,51.66786261913584,88.34213738086416,23,11
2024-11-29 00:00:00,120.9,51.66786261913584,69.23213738086417,0,11
2024-11-29 01:00:00,109.78,51.66786261913584,58.11213738086416,1,11
2024-11-29 02:00:00,105.0,51.66786261913584,53.33213738086416,2,11
2024-11-29 03:00:00,105.0,51.66786261913584,53.33213738086416,3,11
2024-11-29 04:00:00,102.0,51.66786261913584,50.33213738086416,4,11
2024-11-29 05:00:00,105.0,51.66786261913584,53.33213738086416,5,11
2024-11-29 06:00:00,121.06,51.66786261913584,69.39213738086417,6,11
2024-11-29 07:00:00,140.01,51.66786261913584,88.34213738086416,7,11
2024-11-29 08:00:00,144.08,51.66786261913584,92.41213738086418,8,11
2024-11-29 09:00:00,140.01,51.66786261913584,88.34213738086416,9,11
2024-11-29 10:00:00,121.06,51.66786261913584,69.39213738086417,10,11
2024-11-29 11:00:00,109.99,51.66786261913584,58.322137380864156,11,11
2024-11-29 12:00:00,109.06,51.66786261913584,57.39213738086416,12,11
2024-11-29 13:00:00,108.2,51.66786261913584,56.532137380864164,13,11
2024-11-29 14:00:00,108.87,51.66786261913584,57.202137380864166,14,11
2024-11-29 15:00:00,121.06,51.66786261913584,69.39213738086417,15,11
2024-11-29 16:00:00,138.57,51.66786261913584,86.90213738086416,16,11
2024-11-29 17:00:00,144.26,51.66786261913584,92.59213738086416,17,11
2024-11-29 18:00:00,152.77,51.66786261913584,101.10213738086418,18,11
2024-11-29 19:00:00,155.95,51.66786261913584,104.28213738086416,19,11
2024-11-29 20:00:00,155.95,51.66786261913584,104.28213738086416,20,11
2024-11-29 21:00:00,150.0,51.66786261913584,98.33213738086417,21,11
2024-11-29 22:00:00,144.08,51.66786261913584,92.41213738086418,22,11
2024-11-29 23:00:00,139.1,51.66786261913584,87.43213738086416,23,11
2024-11-30 00:00:00,136.15,51.66786261913584,84.48213738086417,0,11
2024-11-30 01:00:00,128.5,51.66786261913584,76.83213738086417,1,11
2024-11-30 02:00:00,132.83,51.66786261913584,81.16213738086418,2,11
2024-11-30 03:00:00,129.5,51.66786261913584,77.83213738086417,3,11
2024-11-30 04:00:00,127.29,51.66786261913584,75.62213738086416,4,11
2024-11-30 05:00:00,125.34,51.66786261913584,73.67213738086417,5,11
2024-11-30 06:00:00,125.34,51.66786261913584,73.67213738086417,6,11
2024-11-30 07:00:00,132.83,51.66786261913584,81.16213738086418,7,11
2024-11-30 08:00:00,137.07,51.66786261913584,85.40213738086416,8,11
2024-11-30 09:00:00,122.77,51.66786261913584,71.10213738086415,9,11
2024-11-30 10:00:00,100.0,51.66786261913584,48.33213738086416,10,11
2024-11-30 11:00:00,88.67,51.66786261913584,37.00213738086416,11,11
2024-11-30 12:00:00,89.49,51.66786261913584,37.822137380864156,12,11
2024-11-30 13:00:00,92.0,51.66786261913584,40.33213738086416,13,11
2024-11-30 14:00:00,99.17,51.66786261913584,47.50213738086416,14,11
2024-11-30 15:00:00,105.99,51.66786261913584,54.322137380864156,15,11
2024-11-30 16:00:00,120.91,51.66786261913584,69.24213738086416,16,11
2024-11-30 17:00:00,136.67,51.66786261913584,85.00213738086416,17,11
2024-11-30 18:00:00,142.5,51.66786261913584,90.83213738086417,18,11
2024-11-30 19:00:00,142.27,51.66786261913584,90.60213738086418,19,11
2024-11-30 20:00:00,141.74,51.66786261913584,90.07213738086418,20,11
2024-11-30 21:00:00,141.5,51.66786261913584,89.83213738086417,21,11
2024-11-30 22:00:00,140.0,51.66786261913584,88.33213738086417,22,11
2024-11-30 23:00:00,137.67,51.66786261913584,86.00213738086416,23,11
2024-12-01 00:00:00,122.9,51.66786261913584,71.23213738086417,0,12
2024-12-01 01:00:00,110.5,51.66786261913584,58.83213738086416,1,12
2024-12-01 02:00:00,105.99,51.66786261913584,54.322137380864156,2,12
2024-12-01 03:00:00,105.99,51.66786261913584,54.322137380864156,3,12
2024-12-01 04:00:00,105.78,51.66786261913584,54.11213738086416,4,12
2024-12-01 05:00:00,105.99,51.66786261913584,54.322137380864156,5,12
2024-12-01 06:00:00,110.2,51.66786261913584,58.532137380864164,6,12
2024-12-01 07:00:00,119.78,51.66786261913584,68.11213738086417,7,12
2024-12-01 08:00:00,130.0,51.66786261913584,78.33213738086417,8,12
2024-12-01 09:00:00,121.4,51.66786261913584,69.73213738086417,9,12
2024-12-01 10:00:00,106.66,51.66786261913584,54.99213738086416,10,12
2024-12-01 11:00:00,105.99,51.66786261913584,54.322137380864156,11,12
2024-12-01 12:00:00,105.53,51.66786261913584,53.86213738086416,12,12
2024-12-01 13:00:00,112.0,51.66786261913584,60.33213738086416,13,12
2024-12-01 14:00:00,130.0,51.66786261913584,78.33213738086417,14,12
2024-12-01 15:00:00,134.19,51.66786261913584,82.52213738086417,15,12
2024-12-01 16:00:00,141.14,51.66786261913584,89.47213738086415,16,12
2024-12-01 17:00:00,149.7,51.66786261913584,98.03213738086416,17,12
2024-12-01 18:00:00,153.02,51.66786261913584,101.35213738086418,18,12
2024-12-01 19:00:00,163.7,51.66786261913584,112.03213738086416,19,12
2024-12-01 20:00:00,175.2,51.66786261913584,123.53213738086416,20,12
2024-12-01 21:00:00,145.2,51.66786261913584,93.53213738086416,21,12
2024-12-01 22:00:00,142.3,51.66786261913584,90.63213738086418,22,12
2024-12-01 23:00:00,133.21,51.66786261913584,81.54213738086418,23,12
2024-12-02 00:00:00,137.77,51.66786261913584,86.10213738086418,0,12
2024-12-02 01:00:00,134.93,51.66786261913584,83.26213738086417,1,12
2024-12-02 02:00:00,131.93,51.66786261913584,80.26213738086417,2,12
2024-12-02 03:00:00,128.93,51.66786261913584,77.26213738086417,3,12
2024-12-02 04:00:00,129.0,51.66786261913584,77.33213738086417,4,12
2024-12-02 05:00:00,133.0,51.66786261913584,81.33213738086417,5,12
2024-12-02 06:00:00,141.5,51.66786261913584,89.83213738086417,6,12
2024-12-02 07:00:00,150.83,51.66786261913584,99.16213738086418,7,12
2024-12-02 08:00:00,157.2,51.66786261913584,105.53213738086416,8,12
2024-12-02 09:00:00,154.73,51.66786261913584,103.06213738086416,9,12
2024-12-02 10:00:00,147.3,51.66786261913584,95.63213738086418,10,12
2024-12-02 11:00:00,139.1,51.66786261913584,87.43213738086416,11,12
2024-12-02 12:00:00,132.26,51.66786261913584,80.59213738086416,12,12
2024-12-02 13:00:00,130.0,51.66786261913584,78.33213738086417,13,12
2024-12-02 14:00:00,126.56,51.66786261913584,74.89213738086417,14,12
2024-12-02 15:00:00,135.0,51.66786261913584,83.33213738086417,15,12
2024-12-02 16:00:00,147.3,51.66786261913584,95.63213738086418,16,12
2024-12-02 17:00:00,154.73,51.66786261913584,103.06213738086416,17,12
2024-12-02 18:00:00,156.48,51.66786261913584,104.81213738086416,18,12
2024-12-02 19:00:00,157.16,51.66786261913584,105.49213738086416,19,12
2024-12-02 20:00:00,157.2,51.66786261913584,105.53213738086416,20,12
2024-12-02 21:00:00,154.73,51.66786261913584,103.06213738086416,21,12
2024-12-02 22:00:00,152.13,51.66786261913584,100.46213738086416,22,12
2024-12-02 23:00:00,147.3,51.66786261913584,95.63213738086418,23,12
2024-12-03 00:00:00,139.46,51.66786261913584,87.79213738086418,0,12
2024-12-03 01:00:00,135.0,51.66786261913584,83.33213738086417,1,12
2024-12-03 02:00:00,130.46,51.66786261913584,78.79213738086418,2,12
2024-12-03 03:00:00,125.36,51.66786261913584,73.69213738086415,3,12
2024-12-03 04:00:00,123.72,51.66786261913584,72.05213738086417,4,12
2024-12-03 05:00:00,125.67,51.66786261913584,74.00213738086416,5,12
2024-12-03 06:00:00,138.54,51.66786261913584,86.87213738086416,6,12
2024-12-03 07:00:00,149.36,51.66786261913584,97.69213738086418,7,12
2024-12-03 08:00:00,158.84,51.66786261913584,107.17213738086417,8,12
2024-12-03 09:00:00,154.9,51.66786261913584,103.23213738086417,9,12
2024-12-03 10:00:00,146.06,51.66786261913584,94.39213738086417,10,12
2024-12-03 11:00:00,142.0,51.66786261913584,90.33213738086417,11,12
2024-12-03 12:00:00,138.54,51.66786261913584,86.87213738086416,12,12
2024-12-03 13:00:00,130.46,51.66786261913584,78.79213738086418,13,12
2024-12-03 14:00:00,121.18,51.66786261913584,69.51213738086417,14,12
2024-12-03 15:00:00,121.46,51.66786261913584,69.79213738086415,15,12
2024-12-03 16:00:00,140.65,51.66786261913584,88.98213738086417,16,12
2024-12-03 17:00:00,150.0,51.66786261913584,98.33213738086417,17,12
2024-12-03 18:00:00,157.23,51.66786261913584,105.56213738086416,18,12
2024-12-03 19:00:00,160.02,51.66786261913584,108.35213738086418,19,12
2024-12-03 20:00:00,158.46,51.66786261913584,106.79213738086418,20,12
2024-12-03 21:00:00,150.0,51.66786261913584,98.33213738086417,21,12
2024-12-03 22:00:00,142.08,51.66786261913584,90.41213738086418,22,12
2024-12-03 23:00:00,130.81,51.66786261913584,79.14213738086417,23,12
2024-12-04 00:00:00,124.12,51.66786261913584,72.45213738086417,0,12
2024-12-04 01:00:00,116.66,51.66786261913584,64.99213738086416,1,12
2024-12-04 02:00:00,112.79,51.66786261913584,61.12213738086417,2,12
2024-12-04 03:00:00,108.9,51.66786261913584,57.23213738086417,3,12
2024-12-04 04:00:00,106.98,51.66786261913584,55.312137380864165,4,12
2024-12-04 05:00:00,110.72,51.66786261913584,59.05213738086416,5,12
2024-12-04 06:00:00,132.55,51.66786261913584,80.88213738086418,6,12
2024-12-04 07:00:00,149.23,51.66786261913584,97.56213738086416,7,12
2024-12-04 08:00:00,155.52,51.66786261913584,103.85213738086418,8,12
2024-12-04 09:00:00,150.16,51.66786261913584,98.49213738086416,9,12
2024-12-04 10:00:00,137.94,51.66786261913584,86.27213738086417,10,12
2024-12-04 11:00:00,108.9,51.66786261913584,57.23213738086417,11,12
2024-12-04 12:00:00,108.25,51.66786261913584,56.58213738086416,12,12
2024-12-04 13:00:00,108.51,51.66786261913584,56.842137380864166,13,12
2024-12-04 14:00:00,108.9,51.66786261913584,57.23213738086417,14,12
2024-12-04 15:00:00,121.12,51.66786261913584,69.45213738086417,15,12
2024-12-04 16:00:00,147.53,51.66786261913584,95.86213738086417,16,12
2024-12-04 17:00:00,152.94,51.66786261913584,101.27213738086417,17,12
2024-12-04 18:00:00,174.99,51.66786261913584,123.32213738086418,18,12
2024-12-04 19:00:00,171.45,51.66786261913584,119.78213738086416,19,12
2024-12-04 20:00:00,153.02,51.66786261913584,101.35213738086418,20,12
2024-12-04 21:00:00,152.48,51.66786261913584,100.81213738086416,21,12
2024-12-04 22:00:00,148.03,51.66786261913584,96.36213738086417,22,12
2024-12-04 23:00:00,139.1,51.66786261913584,87.43213738086416,23,12
2024-12-05 00:00:00,137.61,51.66786261913584,85.94213738086418,0,12
2024-12-05 01:00:00,132.38,51.66786261913584,80.71213738086416,1,12
2024-12-05 02:00:00,130.69,51.66786261913584,79.02213738086417,2,12
2024-12-05 03:00:00,130.18,51.66786261913584,78.51213738086417,3,12
2024-12-05 04:00:00,128.22,51.66786261913584,76.55213738086417,4,12
2024-12-05 05:00:00,128.22,51.66786261913584,76.55213738086417,5,12
2024-12-05 06:00:00,140.01,51.66786261913584,88.34213738086416,6,12
2024-12-05 07:00:00,151.02,51.66786261913584,99.35213738086418,7,12
2024-12-05 08:00:00,155.89,51.66786261913584,104.22213738086415,8,12
2024-12-05 09:00:00,147.37,51.66786261913584,95.70213738086417,9,12
2024-12-05 10:00:00,125.97,51.66786261913584,74.30213738086417,10,12
2024-12-05 11:00:00,112.71,51.66786261913584,61.042137380864155,11,12
2024-12-05 12:00:00,108.93,51.66786261913584,57.26213738086417,12,12
2024-12-05 13:00:00,107.56,51.66786261913584,55.89213738086416,13,12
2024-12-05 14:00:00,108.45,51.66786261913584,56.782137380864164,14,12
2024-12-05 15:00:00,108.99,51.66786261913584,57.322137380864156,15,12
2024-12-05 16:00:00,131.22,51.66786261913584,79.55213738086417,16,12
2024-12-05 17:00:00,148.42,51.66786261913584,96.75213738086416,17,12
2024-12-05 18:00:00,154.55,51.66786261913584,102.88213738086418,18,12
2024-12-05 19:00:00,155.27,51.66786261913584,103.60213738086418,19,12
2024-12-05 20:00:00,156.22,51.66786261913584,104.55213738086417,20,12
2024-12-05 21:00:00,152.98,51.66786261913584,101.31213738086416,21,12
2024-12-05 22:00:00,148.41,51.66786261913584,96.74213738086416,22,12
2024-12-05 23:00:00,145.01,51.66786261913584,93.34213738086416,23,12
2024-12-06 00:00:00,129.0,51.66786261913584,77.33213738086417,0,12
2024-12-06 01:00:00,117.19,51.66786261913584,65.52213738086417,1,12
2024-12-06 02:00:00,100.8,51.66786261913584,49.13213738086416,2,12
2024-12-06 03:00:00,94.99,51.66786261913584,43.322137380864156,3,12
2024-12-06 04:00:00,92.53,51.66786261913584,40.86213738086416,4,12
2024-12-06 05:00:00,91.21,51.66786261913584,39.542137380864155,5,12
2024-12-06 06:00:00,100.0,51.66786261913584,48.33213738086416,6,12
2024-12-06 07:00:00,110.03,51.66786261913584,58.36213738086416,7,12
2024-12-06 08:00:00,125.07,51.66786261913584,73.40213738086416,8,12
2024-12-06 09:00:00,120.73,51.66786261913584,69.06213738086416,9,12
2024-12-06 10:00:00,111.07,51.66786261913584,59.402137380864154,10,12
2024-12-06 11:00:00,105.67,51.66786261913584,54.00213738086416,11,12
2024-12-06 12:00:00,94.0,51.66786261913584,42.33213738086416,12,12
2024-12-06 13:00:00,100.7,51.66786261913584,49.032137380864164,13,12
2024-12-06 14:00:00,100.83,51.66786261913584,49.16213738086416,14,12
2024-12-06 15:00:00,112.0,51.66786261913584,60.33213738086416,15,12
2024-12-06 16:00:00,129.22,51.66786261913584,77.55213738086417,16,12
2024-12-06 17:00:00,143.2,51.66786261913584,91.53213738086416,17,12
2024-12-06 18:00:00,146.85,51.66786261913584,95.18213738086416,18,12
2024-12-06 19:00:00,143.67,51.66786261913584,92.00213738086416,19,12
2024-12-06 20:00:00,144.24,51.66786261913584,92.57213738086418,20,12
2024-12-06 21:00:00,142.48,51.66786261913584,90.81213738086416,21,12
2024-12-06 22:00:00,137.26,51.66786261913584,85.59213738086416,22,12
2024-12-06 23:00:00,129.35,51.66786261913584,77.68213738086416,23,12
2024-12-07 00:00:00,73.45,51.66786261913584,21.782137380864164,0,12
2024-12-07 01:00:00,71.85,51.66786261913584,20.182137380864155,1,12
2024-12-07 02:00:00,65.27,51.66786261913584,13.602137380864157,2,12
2024-12-07 03:00:00,46.5,51.66786261913584,-5.167862619135839,3,12
2024-12-07 04:00:00,39.04,51.66786261913584,-12.62786261913584,4,12
2024-12-07 05:00:00,28.2,51.66786261913584,-23.46786261913584,5,12
2024-12-07 06:00:00,28.85,51.66786261913584,-22.817862619135838,6,12
2024-12-07 07:00:00,40.31,51.66786261913584,-11.357862619135837,7,12
2024-12-07 08:00:00,43.22,51.66786261913584,-8.44786261913584,8,12
2024-12-07 09:00:00,42.36,51.66786261913584,-9.30786261913584,9,12
2024-12-07 10:00:00,26.0,51.66786261913584,-25.66786261913584,10,12
2024-12-07 11:00:00,5.0,51.66786261913584,-46.66786261913584,11,12
2024-12-07 12:00:00,3.32,51.66786261913584,-48.34786261913584,12,12
2024-12-07 13:00:00,3.32,51.66786261913584,-48.34786261913584,13,12
2024-12-07 14:00:00,2.28,51.66786261913584,-49.38786261913584,14,12
2024-12-07 15:00:00,2.0,51.66786261913584,-49.66786261913584,15,12
2024-12-07 16:00:00,3.6,51.66786261913584,-48.06786261913584,16,12
2024-12-07 17:00:00,41.9,51.66786261913584,-9.76786261913584,17,12
2024-12-07 18:00:00,56.34,51.66786261913584,4.672137380864164,18,12
2024-12-07 19:00:00,62.97,51.66786261913584,11.30213738086416,19,12
2024-12-07 20:00:00,71.85,51.66786261913584,20.182137380864155,20,12
2024-12-07 21:00:00,45.51,51.66786261913584,-6.157862619135841,21,12
2024-12-07 22:00:00,41.9,51.66786261913584,-9.76786261913584,22,12
2024-12-07 23:00:00,35.0,51.66786261913584,-16.66786261913584,23,12
2024-12-08 00:00:00,18.64,51.66786261913584,-33.02786261913584,0,12
2024-12-08 01:00:00,13.9,51.66786261913584,-37.76786261913584,1,12
2024-12-08 02:00:00,8.19,51.66786261913584,-43.47786261913584,2,12
2024-12-08 03:00:00,3.6,51.66786261913584,-48.06786261913584,3,12
2024-12-08 04:00:00,3.32,51.66786261913584,-48.34786261913584,4,12
2024-12-08 05:00:00,3.32,51.66786261913584,-48.34786261913584,5,12
2024-12-08 06:00:00,3.32,51.66786261913584,-48.34786261913584,6,12
2024-12-08 07:00:00,5.0,51.66786261913584,-46.66786261913584,7,12
2024-12-08 08:00:00,5.0,51.66786261913584,-46.66786261913584,8,12
2024-12-08 09:00:00,3.32,51.66786261913584,-48.34786261913584,9,12
2024-12-08 10:00:00,3.04,51.66786261913584,-48.62786261913584,10,12
2024-12-08 11:00:00,0.44,51.66786261913584,-51.22786261913584,11,12
2024-12-08 12:00:00,0.44,51.66786261913584,-51.22786261913584,12,12
2024-12-08 13:00:00,0.44,51.66786261913584,-51.22786261913584,13,12
2024-12-08 14:00:00,0.44,51.66786261913584,-51.22786261913584,14,12
2024-12-08 15:00:00,0.44,51.66786261913584,-51.22786261913584,15,12
2024-12-08 16:00:00,3.32,51.66786261913584,-48.34786261913584,16,12
2024-12-08 17:00:00,41.24,51.66786261913584,-10.427862619135837,17,12
2024-12-08 18:00:00,74.97,51.66786261913584,23.30213738086416,18,12
2024-12-08 19:00:00,72.5,51.66786261913584,20.83213738086416,19,12
2024-12-08 20:00:00,71.68,51.66786261913584,20.012137380864168,20,12
2024-12-08 21:00:00,72.4,51.66786261913584,20.732137380864167,21,12
2024-12-08 22:00:00,68.5,51.66786261913584,16.83213738086416,22,12
2024-12-08 23:00:00,55.06,51.66786261913584,3.3921373808641633,23,12
2024-12-09 00:00:00,55.0,51.66786261913584,3.332137380864161,0,12
2024-12-09 01:00:00,37.55,51.66786261913584,-14.117862619135842,1,12
2024-12-09 02:00:00,31.82,51.66786261913584,-19.84786261913584,2,12
2024-12-09 03:00:00,13.99,51.66786261913584,-37.67786261913584,3,12
2024-12-09 04:00:00,5.43,51.66786261913584,-46.23786261913584,4,12
2024-12-09 05:00:00,25.95,51.66786261913584,-25.71786261913584,5,12
2024-12-09 06:00:00,67.44,51.66786261913584,15.772137380864159,6,12
2024-12-09 07:00:00,111.16,51.66786261913584,59.49213738086416,7,12
2024-12-09 08:00:00,122.98,51.66786261913584,71.31213738086416,8,12
2024-12-09 09:00:00,85.3,51.66786261913584,33.63213738086416,9,12
2024-12-09 10:00:00,40.5,51.66786261913584,-11.167862619135839,10,12
2024-12-09 11:00:00,14.0,51.66786261913584,-37.66786261913584,11,12
2024-12-09 12:00:00,5.0,51.66786261913584,-46.66786261913584,12,12
2024-12-09 13:00:00,3.85,51.66786261913584,-47.81786261913584,13,12
2024-12-09 14:00:00,3.85,51.66786261913584,-47.81786261913584,14,12
2024-12-09 15:00:00,9.07,51.66786261913584,-42.59786261913584,15,12
2024-12-09 16:00:00,74.78,51.66786261913584,23.112137380864162,16,12
2024-12-09 17:00:00,125.34,51.66786261913584,73.67213738086417,17,12
2024-12-09 18:00:00,132.06,51.66786261913584,80.39213738086417,18,12
2024-12-09 19:00:00,130.0,51.66786261913584,78.33213738086417,19,12
2024-12-09 20:00:00,132.95,51.66786261913584,81.28213738086416,20,12
2024-12-09 21:00:00,137.21,51.66786261913584,85.54213738086418,21,12
2024-12-09 22:00:00,132.95,51.66786261913584,81.28213738086416,22,12
2024-12-09 23:00:00,114.35,51.66786261913584,62.682137380864155,23,12
2024-12-10 00:00:00,122.19,51.66786261913584,70.52213738086417,0,12
2024-12-10 01:00:00,109.02,51.66786261913584,57.35213738086416,1,12
2024-12-10 02:00:00,100.7,51.66786261913584,49.032137380864164,2,12
2024-12-10 03:00:00,100.7,51.66786261913584,49.032137380864164,3,12
2024-12-10 04:00:00,105.0,51.66786261913584,53.33213738086416,4,12
2024-12-10 05:00:00,115.0,51.66786261913584,63.33213738086416,5,12
2024-12-10 06:00:00,116.0,51.66786261913584,64.33213738086417,6,12
2024-12-10 07:00:00,140.0,51.66786261913584,88.33213738086417,7,12
2024-12-10 08:00:00,150.32,51.66786261913584,98.65213738086416,8,12
2024-12-10 09:00:00,142.18,51.66786261913584,90.51213738086417,9,12
2024-12-10 10:00:00,132.77,51.66786261913584,81.10213738086418,10,12
2024-12-10 11:00:00,119.0,51.66786261913584,67.33213738086417,11,12
2024-12-10 12:00:00,117.35,51.66786261913584,65.68213738086416,12,12
2024-12-10 13:00:00,115.21,51.66786261913584,63.542137380864155,13,12
2024-12-10 14:00:00,120.72,51.66786261913584,69.05213738086417,14,12
2024-12-10 15:00:00,131.0,51.66786261913584,79.33213738086417,15,12
2024-12-10 16:00:00,145.01,51.66786261913584,93.34213738086416,16,12
2024-12-10 17:00:00,160.6,51.66786261913584,108.93213738086416,17,12
2024-12-10 18:00:00,181.0,51.66786261913584,129.33213738086417,18,12
2024-12-10 19:00:00,178.28,51.66786261913584,126.61213738086417,19,12
2024-12-10 20:00:00,167.13,51.66786261913584,115.46213738086416,20,12
2024-12-10 21:00:00,162.0,51.66786261913584,110.33213738086417,21,12
2024-12-10 22:00:00,150.2,51.66786261913584,98.53213738086416,22,12
2024-12-10 23:00:00,140.0,51.66786261913584,88.33213738086417,23,12
2024-12-11 00:00:00,129.0,51.66786261913584,77.33213738086417,0,12
2024-12-11 01:00:00,114.49,51.66786261913584,62.822137380864156,1,12
2024-12-11 02:00:00,114.49,51.66786261913584,62.822137380864156,2,12
2024-12-11 03:00:00,113.05,51.66786261913584,61.38213738086416,3,12
2024-12-11 04:00:00,113.12,51.66786261913584,61.452137380864166,4,12
2024-12-11 05:00:00,114.16,51.66786261913584,62.49213738086416,5,12
2024-12-11 06:00:00,123.45,51.66786261913584,71.78213738086416,6,12
2024-12-11 07:00:00,155.64,51.66786261913584,103.97213738086415,7,12
2024-12-11 08:00:00,165.5,51.66786261913584,113.83213738086417,8,12
2024-12-11 09:00:00,157.5,51.66786261913584,105.83213738086417,9,12
2024-12-11 10:00:00,139.5,51.66786261913584,87.83213738086417,10,12
2024-12-11 11:00:00,125.0,51.66786261913584,73.33213738086417,11,12
2024-12-11 12:00:00,119.31,51.66786261913584,67.64213738086417,12,12
2024-12-11 13:00:00,121.6,51.66786261913584,69.93213738086416,13,12
2024-12-11 14:00:00,130.0,51.66786261913584,78.33213738086417,14,12
2024-12-11 15:00:00,134.76,51.66786261913584,83.09213738086416,15,12
2024-12-11 16:00:00,141.0,51.66786261913584,89.33213738086417,16,12
2024-12-11 17:00:00,158.66,51.66786261913584,106.99213738086416,17,12
2024-12-11 18:00:00,167.62,51.66786261913584,115.95213738086417,18,12
2024-12-11 19:00:00,170.0,51.66786261913584,118.33213738086417,19,12
2024-12-11 20:00:00,179.07,51.66786261913584,127.40213738086416,20,12
2024-12-11 21:00:00,165.2,51.66786261913584,113.53213738086416,21,12
2024-12-11 22:00:00,150.0,51.66786261913584,98.33213738086417,22,12
2024-12-11 23:00:00,136.1,51.66786261913584,84.43213738086416,23,12
2024-12-12 00:00:00,136.5,51.66786261913584,84.83213738086417,0,12
2024-12-12 01:00:00,120.77,51.66786261913584,69.10213738086415,1,12
2024-12-12 02:00:00,116.0,51.66786261913584,64.33213738086417,2,12
2024-12-12 03:00:00,113.23,51.66786261913584,61.562137380864165,3,12
2024-12-12 04:00:00,112.6,51.66786261913584,60.932137380864155,4,12
2024-12-12 05:00:00,120.92,51.66786261913584,69.25213738086416,5,12
2024-12-12 06:00:00,137.51,51.66786261913584,85.84213738086416,6,12
2024-12-12 07:00:00,162.12,51.66786261913584,110.45213738086417,7,12
2024-12-12 08:00:00,177.38,51.66786261913584,125.71213738086416,8,12
2024-12-12 09:00:00,167.63,51.66786261913584,115.96213738086416,9,12
2024-12-12 10:00:00,153.85,51.66786261913584,102.18213738086416,10,12
2024-12-12 11:00:00,140.01,51.66786261913584,88.34213738086416,11,12
2024-12-12 12:00:00,137.97,51.66786261913584,86.30213738086417,12,12
2024-12-12 13:00:00,139.0,51.66786261913584,87.33213738086417,13,12
2024-12-12 14:00:00,142.91,51.66786261913584,91.24213738086416,14,12
2024-12-12 15:00:00,148.0,51.66786261913584,96.33213738086417,15,12
2024-12-12 16:00:00,163.03,51.66786261913584,111.36213738086417,16,12
2024-12-12 17:00:00,162.42,51.66786261913584,110.75213738086416,17,12
2024-12-12 18:00:00,167.84,51.66786261913584,116.17213738086417,18,12
2024-12-12 19:00:00,172.06,51.66786261913584,120.39213738086417,19,12
2024-12-12 20:00:00,174.25,51.66786261913584,122.58213738086417,20,12
2024-12-12 21:00:00,169.4,51.66786261913584,117.73213738086417,21,12
2024-12-12 22:00:00,150.0,51.66786261913584,98.33213738086417,22,12
2024-12-12 23:00:00,134.75,51.66786261913584,83.08213738086417,23,12
2024-12-13 00:00:00,132.71,51.66786261913584,81.04213738086418,0,12
2024-12-13 01:00:00,125.0,51.66786261913584,73.33213738086417,1,12
2024-12-13 02:00:00,118.97,51.66786261913584,67.30213738086417,2,12
2024-12-13 03:00:00,114.95,51.66786261913584,63.282137380864164,3,12
2024-12-13 04:00:00,115.64,51.66786261913584,63.97213738086416,4,12
2024-12-13 05:00:00,123.96,51.66786261913584,72.29213738086415,5,12
2024-12-13 06:00:00,138.0,51.66786261913584,86.33213738086417,6,12
2024-12-13 07:00:00,154.9,51.66786261913584,103.23213738086417,7,12
2024-12-13 08:00:00,164.07,51.66786261913584,112.40213738086416,8,12
2024-12-13 09:00:00,163.8,51.66786261913584,112.13213738086418,9,12
2024-12-13 10:00:00,150.35,51.66786261913584,98.68213738086416,10,12
2024-12-13 11:00:00,145.01,51.66786261913584,93.34213738086416,11,12
2024-12-13 12:00:00,141.0,51.66786261913584,89.33213738086417,12,12
2024-12-13 13:00:00,137.76,51.66786261913584,86.09213738086416,13,12
2024-12-13 14:00:00,137.76,51.66786261913584,86.09213738086416,14,12
2024-12-13 15:00:00,143.18,51.66786261913584,91.51213738086417,15,12
2024-12-13 16:00:00,151.66,51.66786261913584,99.99213738086416,16,12
2024-12-13 17:00:00,156.06,51.66786261913584,104.39213738086417,17,12
2024-12-13 18:00:00,172.35,51.66786261913584,120.68213738086416,18,12
2024-12-13 19:00:00,172.35,51.66786261913584,120.68213738086416,19,12
2024-12-13 20:00:00,172.35,51.66786261913584,120.68213738086416,20,12
2024-12-13 21:00:00,146.22,51.66786261913584,94.55213738086417,21,12
2024-12-13 22:00:00,141.45,51.66786261913584,89.78213738086416,22,12
2024-12-13 23:00:00,129.96,51.66786261913584,78.29213738086418,23,12
2024-12-14 00:00:00,141.17,51.66786261913584,89.50213738086416,0,12
2024-12-14 01:00:00,130.93,51.66786261913584,79.26213738086417,1,12
2024-12-14 02:00:00,130.18,51.66786261913584,78.51213738086417,2,12
2024-12-14 03:00:00,129.47,51.66786261913584,77.80213738086417,3,12
2024-12-14 04:00:00,126.87,51.66786261913584,75.20213738086417,4,12
2024-12-14 05:00:00,126.15,51.66786261913584,74.48213738086417,5,12
2024-12-14 06:00:00,129.47,51.66786261913584,77.80213738086417,6,12
2024-12-14 07:00:00,133.37,51.66786261913584,81.70213738086417,7,12
2024-12-14 08:00:00,137.27,51.66786261913584,85.60213738086418,8,12
2024-12-14 09:00:00,132.07,51.66786261913584,80.40213738086416,9,12
2024-12-14 10:00:00,122.0,51.66786261913584,70.33213738086417,10,12
2024-12-14 11:00:00,110.43,51.66786261913584,58.76213738086417,11,12
2024-12-14 12:00:00,109.73,51.66786261913584,58.062137380864165,12,12
2024-12-14 13:00:00,107.95,51.66786261913584,56.282137380864164,13,12
2024-12-14 14:00:00,104.07,51.66786261913584,52.402137380864154,14,12
2024-12-14 15:00:00,104.58,51.66786261913584,52.91213738086416,15,12
2024-12-14 16:00:00,112.29,51.66786261913584,60.62213738086417,16,12
2024-12-14 17:00:00,134.67,51.66786261913584,83.00213738086416,17,12
2024-12-14 18:00:00,151.32,51.66786261913584,99.65213738086416,18,12
2024-12-14 19:00:00,149.43,51.66786261913584,97.76213738086417,19,12
2024-12-14 20:00:00,150.0,51.66786261913584,98.33213738086417,20,12
2024-12-14 21:00:00,144.8,51.66786261913584,93.13213738086418,21,12
2024-12-14 22:00:00,142.37,51.66786261913584,90.70213738086417,22,12
2024-12-14 23:00:00,131.69,51.66786261913584,80.02213738086417,23,12
2024-12-15 00:00:00,125.92,51.66786261913584,74.25213738086416,0,12
2024-12-15 01:00:00,110.89,51.66786261913584,59.22213738086416,1,12
2024-12-15 02:00:00,108.0,51.66786261913584,56.33213738086416,2,12
2024-12-15 03:00:00,105.65,51.66786261913584,53.98213738086417,3,12
2024-12-15 04:00:00,100.45,51.66786261913584,48.782137380864164,4,12
2024-12-15 05:00:00,95.7,51.66786261913584,44.032137380864164,5,12
2024-12-15 06:00:00,95.7,51.66786261913584,44.032137380864164,6,12
2024-12-15 07:00:00,95.3,51.66786261913584,43.63213738086416,7,12
2024-12-15 08:00:00,103.33,51.66786261913584,51.66213738086416,8,12
2024-12-15 09:00:00,85.18,51.66786261913584,33.51213738086417,9,12
2024-12-15 10:00:00,74.57,51.66786261913584,22.902137380864154,10,12
2024-12-15 11:00:00,72.69,51.66786261913584,21.02213738086416,11,12
2024-12-15 12:00:00,77.87,51.66786261913584,26.202137380864166,12,12
2024-12-15 13:00:00,75.82,51.66786261913584,24.152137380864154,13,12
2024-12-15 14:00:00,71.89,51.66786261913584,20.22213738086416,14,12
2024-12-15 15:00:00,70.47,51.66786261913584,18.80213738086416,15,12
2024-12-15 16:00:00,85.18,51.66786261913584,33.51213738086417,16,12
2024-12-15 17:00:00,115.9,51.66786261913584,64.23213738086417,17,12
2024-12-15 18:00:00,133.95,51.66786261913584,82.28213738086416,18,12
2024-12-15 19:00:00,133.95,51.66786261913584,82.28213738086416,19,12
2024-12-15 20:00:00,138.84,51.66786261913584,87.17213738086417,20,12
2024-12-15 21:00:00,135.07,51.66786261913584,83.40213738086416,21,12
2024-12-15 22:00:00,131.71,51.66786261913584,80.04213738086418,22,12
2024-12-15 23:00:00,127.84,51.66786261913584,76.17213738086417,23,12
2024-12-16 00:00:00,110.0,51.66786261913584,58.33213738086416,0,12
2024-12-16 01:00:00,103.51,51.66786261913584,51.842137380864166,1,12
2024-12-16 02:00:00,101.2,51.66786261913584,49.532137380864164,2,12
2024-12-16 03:00:00,100.63,51.66786261913584,48.96213738086416,3,12
2024-12-16 04:00:00,100.14,51.66786261913584,48.47213738086416,4,12
2024-12-16 05:00:00,99.14,51.66786261913584,47.47213738086416,5,12
2024-12-16 06:00:00,110.9,51.66786261913584,59.23213738086417,6,12
2024-12-16 07:00:00,131.15,51.66786261913584,79.48213738086417,7,12
2024-12-16 08:00:00,141.04,51.66786261913584,89.37213738086416,8,12
2024-12-16 09:00:00,135.22,51.66786261913584,83.55213738086417,9,12
2024-12-16 10:00:00,111.6,51.66786261913584,59.932137380864155,10,12
2024-12-16 11:00:00,97.14,51.66786261913584,45.47213738086416,11,12
2024-12-16 12:00:00,95.19,51.66786261913584,43.52213738086416,12,12
2024-12-16 13:00:00,96.43,51.66786261913584,44.76213738086417,13,12
2024-12-16 14:00:00,96.89,51.66786261913584,45.22213738086416,14,12
2024-12-16 15:00:00,101.83,51.66786261913584,50.16213738086416,15,12
2024-12-16 16:00:00,121.5,51.66786261913584,69.83213738086417,16,12
2024-12-16 17:00:00,137.8,51.66786261913584,86.13213738086418,17,12
2024-12-16 18:00:00,163.43,51.66786261913584,111.76213738086417,18,12
2024-12-16 19:00:00,165.23,51.66786261913584,113.56213738086416,19,12
2024-12-16 20:00:00,166.89,51.66786261913584,115.22213738086415,20,12
2024-12-16 21:00:00,152.94,51.66786261913584,101.27213738086417,21,12
2024-12-16 22:00:00,135.5,51.66786261913584,83.83213738086417,22,12
2024-12-16 23:00:00,125.38,51.66786261913584,73.71213738086416,23,12
2024-12-17 00:00:00,122.13,51.66786261913584,70.46213738086416,0,12
2024-12-17 01:00:00,116.13,51.66786261913584,64.46213738086416,1,12
2024-12-17 02:00:00,106.25,51.66786261913584,54.58213738086416,2,12
2024-12-17 03:00:00,104.99,51.66786261913584,53.322137380864156,3,12
2024-12-17 04:00:00,101.24,51.66786261913584,49.572137380864156,4,12
2024-12-17 05:00:00,104.13,51.66786261913584,52.46213738086416,5,12
2024-12-17 06:00:00,110.5,51.66786261913584,58.83213738086416,6,12
2024-12-17 07:00:00,128.8,51.66786261913584,77.13213738086418,7,12
2024-12-17 08:00:00,145.0,51.66786261913584,93.33213738086417,8,12
2024-12-17 09:00:00,140.78,51.66786261913584,89.11213738086417,9,12
2024-12-17 10:00:00,124.1,51.66786261913584,72.43213738086416,10,12
2024-12-17 11:00:00,107.13,51.66786261913584,55.46213738086416,11,12
2024-12-17 12:00:00,102.91,51.66786261913584,51.24213738086416,12,12
2024-12-17 13:00:00,106.43,51.66786261913584,54.76213738086417,13,12
2024-12-17 14:00:00,109.93,51.66786261913584,58.26213738086417,14,12
2024-12-17 15:00:00,113.61,51.66786261913584,61.94213738086416,15,12
2024-12-17 16:00:00,123.8,51.66786261913584,72.13213738086415,16,12
2024-12-17 17:00:00,135.74,51.66786261913584,84.07213738086418,17,12
2024-12-17 18:00:00,143.33,51.66786261913584,91.66213738086418,18,12
2024-12-17 19:00:00,145.01,51.66786261913584,93.34213738086416,19,12
2024-12-17 20:00:00,146.24,51.66786261913584,94.57213738086418,20,12
2024-12-17 21:00:00,139.03,51.66786261913584,87.36213738086417,21,12
2024-12-17 22:00:00,125.16,51.66786261913584,73.49213738086416,22,12
2024-12-17 23:00:00,122.13,51.66786261913584,70.46213738086416,23,12
2024-12-18 00:00:00,116.9,51.66786261913584,65.23213738086417,0,12
2024-12-18 01:00:00,104.15,51.66786261913584,52.48213738086417,1,12
2024-12-18 02:00:00,91.89,51.66786261913584,40.22213738086416,2,12
2024-12-18 03:00:00,91.68,51.66786261913584,40.01213738086417,3,12
2024-12-18 04:00:00,91.89,51.66786261913584,40.22213738086416,4,12
2024-12-18 05:00:00,98.96,51.66786261913584,47.292137380864155,5,12
2024-12-18 06:00:00,119.41,51.66786261913584,67.74213738086416,6,12
2024-12-18 07:00:00,129.05,51.66786261913584,77.38213738086418,7,12
2024-12-18 08:00:00,146.54,51.66786261913584,94.87213738086416,8,12
2024-12-18 09:00:00,134.12,51.66786261913584,82.45213738086417,9,12
2024-12-18 10:00:00,119.41,51.66786261913584,67.74213738086416,10,12
2024-12-18 11:00:00,98.0,51.66786261913584,46.33213738086416,11,12
2024-12-18 12:00:00,90.8,51.66786261913584,39.13213738086416,12,12
2024-12-18 13:00:00,90.46,51.66786261913584,38.792137380864155,13,12
2024-12-18 14:00:00,90.0,51.66786261913584,38.33213738086416,14,12
2024-12-18 15:00:00,101.15,51.66786261913584,49.48213738086417,15,12
2024-12-18 16:00:00,120.44,51.66786261913584,68.77213738086417,16,12
2024-12-18 17:00:00,132.55,51.66786261913584,80.88213738086418,17,12
2024-12-18 18:00:00,136.14,51.66786261913584,84.47213738086415,18,12
2024-12-18 19:00:00,135.15,51.66786261913584,83.48213738086417,19,12
2024-12-18 20:00:00,135.01,51.66786261913584,83.34213738086416,20,12
2024-12-18 21:00:00,129.95,51.66786261913584,78.28213738086416,21,12
2024-12-18 22:00:00,122.03,51.66786261913584,70.36213738086417,22,12
2024-12-18 23:00:00,97.0,51.66786261913584,45.33213738086416,23,12
2024-12-19 00:00:00,75.0,51.66786261913584,23.33213738086416,0,12
2024-12-19 01:00:00,30.1,51.66786261913584,-21.567862619135838,1,12
2024-12-19 02:00:00,10.0,51.66786261913584,-41.66786261913584,2,12
2024-12-19 03:00:00,6.0,51.66786261913584,-45.66786261913584,3,12
2024-12-19 04:00:00,5.0,51.66786261913584,-46.66786261913584,4,12
2024-12-19 05:00:00,14.0,51.66786261913584,-37.66786261913584,5,12
2024-12-19 06:00:00,58.12,51.66786261913584,6.4521373808641584,6,12
2024-12-19 07:00:00,86.09,51.66786261913584,34.422137380864164,7,12
2024-12-19 08:00:00,111.0,51.66786261913584,59.33213738086416,8,12
2024-12-19 09:00:00,109.79,51.66786261913584,58.12213738086417,9,12
2024-12-19 10:00:00,86.3,51.66786261913584,34.63213738086416,10,12
2024-12-19 11:00:00,76.96,51.66786261913584,25.292137380864155,11,12
2024-12-19 12:00:00,74.16,51.66786261913584,22.492137380864158,12,12
2024-12-19 13:00:00,70.4,51.66786261913584,18.732137380864167,13,12
2024-12-19 14:00:00,60.38,51.66786261913584,8.712137380864164,14,12
2024-12-19 15:00:00,61.2,51.66786261913584,9.532137380864164,15,12
2024-12-19 16:00:00,83.17,51.66786261913584,31.502137380864163,16,12
2024-12-19 17:00:00,100.79,51.66786261913584,49.12213738086417,17,12
2024-12-19 18:00:00,112.79,51.66786261913584,61.12213738086417,18,12
2024-12-19 19:00:00,120.68,51.66786261913584,69.01213738086417,19,12
2024-12-19 20:00:00,122.78,51.66786261913584,71.11213738086417,20,12
2024-12-19 21:00:00,122.78,51.66786261913584,71.11213738086417,21,12
2024-12-19 22:00:00,120.68,51.66786261913584,69.01213738086417,22,12
2024-12-19 23:00:00,103.9,51.66786261913584,52.23213738086417,23,12
2024-12-20 00:00:00,118.04,51.66786261913584,66.37213738086416,0,12
2024-12-20 01:00:00,109.18,51.66786261913584,57.51213738086417,1,12
2024-12-20 02:00:00,89.49,51.66786261913584,37.822137380864156,2,12
2024-12-20 03:00:00,86.2,51.66786261913584,34.532137380864164,3,12
2024-12-20 04:00:00,86.2,51.66786261913584,34.532137380864164,4,12
2024-12-20 05:00:00,89.99,51.66786261913584,38.322137380864156,5,12
2024-12-20 06:00:00,112.18,51.66786261913584,60.51213738086417,6,12
2024-12-20 07:00:00,130.6,51.66786261913584,78.93213738086416,7,12
2024-12-20 08:00:00,141.08,51.66786261913584,89.41213738086418,8,12
2024-12-20 09:00:00,131.98,51.66786261913584,80.31213738086416,9,12
2024-12-20 10:00:00,114.2,51.66786261913584,62.532137380864164,10,12
2024-12-20 11:00:00,99.27,51.66786261913584,47.60213738086416,11,12
2024-12-20 12:00:00,89.37,51.66786261913584,37.702137380864166,12,12
2024-12-20 13:00:00,85.81,51.66786261913584,34.14213738086416,13,12
2024-12-20 14:00:00,90.63,51.66786261913584,38.96213738086416,14,12
2024-12-20 15:00:00,101.19,51.66786261913584,49.52213738086416,15,12
2024-12-20 16:00:00,112.18,51.66786261913584,60.51213738086417,16,12
2024-12-20 17:00:00,135.01,51.66786261913584,83.34213738086416,17,12
2024-12-20 18:00:00,141.08,51.66786261913584,89.41213738086418,18,12
2024-12-20 19:00:00,145.39,51.66786261913584,93.72213738086415,19,12
2024-12-20 20:00:00,145.38,51.66786261913584,93.71213738086416,20,12
2024-12-20 21:00:00,140.01,51.66786261913584,88.34213738086416,21,12
2024-12-20 22:00:00,131.98,51.66786261913584,80.31213738086416,22,12
2024-12-20 23:00:00,125.68,51.66786261913584,74.01213738086417,23,12
2024-12-21 00:00:00,125.8,51.66786261913584,74.13213738086415,0,12
2024-12-21 01:00:00,112.76,51.66786261913584,61.092137380864166,1,12
2024-12-21 02:00:00,97.0,51.66786261913584,45.33213738086416,2,12
2024-12-21 03:00:00,87.3,51.66786261913584,35.63213738086416,3,12
2024-12-21 04:00:00,87.09,51.66786261913584,35.422137380864164,4,12
2024-12-21 05:00:00,86.88,51.66786261913584,35.21213738086416,5,12
2024-12-21 06:00:00,90.8,51.66786261913584,39.13213738086416,6,12
2024-12-21 07:00:00,108.59,51.66786261913584,56.922137380864164,7,12
2024-12-21 08:00:00,114.98,51.66786261913584,63.312137380864165,8,12
2024-12-21 09:00:00,95.0,51.66786261913584,43.33213738086416,9,12
2024-12-21 10:00:00,80.0,51.66786261913584,28.33213738086416,10,12
2024-12-21 11:00:00,43.0,51.66786261913584,-8.667862619135839,11,12
2024-12-21 12:00:00,36.09,51.66786261913584,-15.577862619135836,12,12
2024-12-21 13:00:00,35.78,51.66786261913584,-15.887862619135838,13,12
2024-12-21 14:00:00,35.07,51.66786261913584,-16.59786261913584,14,12
2024-12-21 15:00:00,38.98,51.66786261913584,-12.687862619135842,15,12
2024-12-21 16:00:00,85.0,51.66786261913584,33.33213738086416,16,12
2024-12-21 17:00:00,126.2,51.66786261913584,74.53213738086416,17,12
2024-12-21 18:00:00,130.12,51.66786261913584,78.45213738086417,18,12
2024-12-21 19:00:00,133.24,51.66786261913584,81.57213738086418,19,12
2024-12-21 20:00:00,133.48,51.66786261913584,81.81213738086416,20,12
2024-12-21 21:00:00,133.48,51.66786261913584,81.81213738086416,21,12
2024-12-21 22:00:00,130.01,51.66786261913584,78.34213738086416,22,12
2024-12-21 23:00:00,126.78,51.66786261913584,75.11213738086417,23,12
2024-12-22 00:00:00,100.5,51.66786261913584,48.83213738086416,0,12
2024-12-22 01:00:00,85.0,51.66786261913584,33.33213738086416,1,12
2024-12-22 02:00:00,72.62,51.66786261913584,20.952137380864166,2,12
2024-12-22 03:00:00,64.99,51.66786261913584,13.322137380864156,3,12
2024-12-22 04:00:00,59.88,51.66786261913584,8.212137380864164,4,12
2024-12-22 05:00:00,59.2,51.66786261913584,7.532137380864164,5,12
2024-12-22 06:00:00,59.63,51.66786261913584,7.962137380864164,6,12
2024-12-22 07:00:00,60.28,51.66786261913584,8.612137380864162,7,12
2024-12-22 08:00:00,60.3,51.66786261913584,8.632137380864158,8,12
2024-12-22 09:00:00,50.24,51.66786261913584,-1.427862619135837,9,12
2024-12-22 10:00:00,20.0,51.66786261913584,-31.66786261913584,10,12
2024-12-22 11:00:00,16.01,51.66786261913584,-35.65786261913584,11,12
2024-12-22 12:00:00,18.67,51.66786261913584,-32.99786261913584,12,12
2024-12-22 13:00:00,15.38,51.66786261913584,-36.287862619135836,13,12
2024-12-22 14:00:00,10.96,51.66786261913584,-40.70786261913584,14,12
2024-12-22 15:00:00,5.0,51.66786261913584,-46.66786261913584,15,12
2024-12-22 16:00:00,18.6,51.66786261913584,-33.06786261913584,16,12
2024-12-22 17:00:00,55.0,51.66786261913584,3.332137380864161,17,12
2024-12-22 18:00:00,77.44,51.66786261913584,25.77213738086416,18,12
2024-12-22 19:00:00,79.97,51.66786261913584,28.30213738086416,19,12
2024-12-22 20:00:00,84.75,51.66786261913584,33.08213738086416,20,12
2024-12-22 21:00:00,84.97,51.66786261913584,33.30213738086416,21,12
2024-12-22 22:00:00,70.3,51.66786261913584,18.632137380864158,22,12
2024-12-22 23:00:00,64.6,51.66786261913584,12.932137380864155,23,12
2024-12-23 00:00:00,17.27,51.66786261913584,-34.397862619135836,0,12
2024-12-23 01:00:00,11.48,51.66786261913584,-40.18786261913584,1,12
2024-12-23 02:00:00,10.19,51.66786261913584,-41.47786261913584,2,12
2024-12-23 03:00:00,7.33,51.66786261913584,-44.33786261913584,3,12
2024-12-23 04:00:00,6.0,51.66786261913584,-45.66786261913584,4,12
2024-12-23 05:00:00,7.07,51.66786261913584,-44.59786261913584,5,12
2024-12-23 06:00:00,25.95,51.66786261913584,-25.71786261913584,6,12
2024-12-23 07:00:00,61.2,51.66786261913584,9.532137380864164,7,12
2024-12-23 08:00:00,72.47,51.66786261913584,20.80213738086416,8,12
2024-12-23 09:00:00,70.93,51.66786261913584,19.262137380864168,9,12
2024-12-23 10:00:00,25.0,51.66786261913584,-26.66786261913584,10,12
2024-12-23 11:00:00,5.11,51.66786261913584,-46.55786261913584,11,12
2024-12-23 12:00:00,3.32,51.66786261913584,-48.34786261913584,12,12
2024-12-23 13:00:00,3.32,51.66786261913584,-48.34786261913584,13,12
2024-12-23 14:00:00,3.6,51.66786261913584,-48.06786261913584,14,12
2024-12-23 15:00:00,5.0,51.66786261913584,-46.66786261913584,15,12
2024-12-23 16:00:00,30.9,51.66786261913584,-20.76786261913584,16,12
2024-12-23 17:00:00,87.11,51.66786261913584,35.44213738086416,17,12
2024-12-23 18:00:00,114.72,51.66786261913584,63.05213738086416,18,12
2024-12-23 19:00:00,124.89,51.66786261913584,73.22213738086415,19,12
2024-12-23 20:00:00,118.97,51.66786261913584,67.30213738086417,20,12
2024-12-23 21:00:00,109.28,51.66786261913584,57.61213738086416,21,12
2024-12-23 22:00:00,105.82,51.66786261913584,54.152137380864154,22,12
2024-12-23 23:00:00,90.8,51.66786261913584,39.13213738086416,23,12
2024-12-24 00:00:00,85.08,51.66786261913584,33.41213738086416,0,12
2024-12-24 01:00:00,82.84,51.66786261913584,31.172137380864164,1,12
2024-12-24 02:00:00,75.18,51.66786261913584,23.512137380864168,2,12
2024-12-24 03:00:00,65.0,51.66786261913584,13.332137380864161,3,12
2024-12-24 04:00:00,57.88,51.66786261913584,6.212137380864164,4,12
2024-12-24 05:00:00,58.3,51.66786261913584,6.632137380864158,5,12
2024-12-24 06:00:00,65.0,51.66786261913584,13.332137380864161,6,12
2024-12-24 07:00:00,84.16,51.66786261913584,32.49213738086416,7,12
2024-12-24 08:00:00,101.0,51.66786261913584,49.33213738086416,8,12
2024-12-24 09:00:00,84.97,51.66786261913584,33.30213738086416,9,12
2024-12-24 10:00:00,50.24,51.66786261913584,-1.427862619135837,10,12
2024-12-24 11:00:00,40.0,51.66786261913584,-11.667862619135839,11,12
2024-12-24 12:00:00,36.0,51.66786261913584,-15.667862619135839,12,12
2024-12-24 13:00:00,35.78,51.66786261913584,-15.887862619135838,13,12
2024-12-24 14:00:00,35.0,51.66786261913584,-16.66786261913584,14,12
2024-12-24 15:00:00,36.0,51.66786261913584,-15.667862619135839,15,12
2024-12-24 16:00:00,65.0,51.66786261913584,13.332137380864161,16,12
2024-12-24 17:00:00,112.21,51.66786261913584,60.542137380864155,17,12
2024-12-24 18:00:00,110.98,51.66786261913584,59.312137380864165,18,12
2024-12-24 19:00:00,105.66,51.66786261913584,53.99213738086416,19,12
2024-12-24 20:00:00,102.56,51.66786261913584,50.89213738086416,20,12
2024-12-24 21:00:00,94.63,51.66786261913584,42.96213738086416,21,12
2024-12-24 22:00:00,99.04,51.66786261913584,47.37213738086417,22,12
2024-12-24 23:00:00,90.0,51.66786261913584,38.33213738086416,23,12
2024-12-25 00:00:00,91.37,51.66786261913584,39.702137380864166,0,12
2024-12-25 01:00:00,86.44,51.66786261913584,34.77213738086416,1,12
2024-12-25 02:00:00,85.07,51.66786261913584,33.402137380864154,2,12
2024-12-25 03:00:00,80.81,51.66786261913584,29.142137380864163,3,12
2024-12-25 04:00:00,75.99,51.66786261913584,24.322137380864156,4,12
2024-12-25 05:00:00,80.81,51.66786261913584,29.142137380864163,5,12
2024-12-25 06:00:00,83.18,51.66786261913584,31.512137380864168,6,12
2024-12-25 07:00:00,84.94,51.66786261913584,33.27213738086416,7,12
2024-12-25 08:00:00,90.21,51.66786261913584,38.542137380864155,8,12
2024-12-25 09:00:00,99.24,51.66786261913584,47.572137380864156,9,12
2024-12-25 10:00:00,86.7,51.66786261913584,35.032137380864164,10,12
2024-12-25 11:00:00,85.08,51.66786261913584,33.41213738086416,11,12
2024-12-25 12:00:00,86.63,51.66786261913584,34.96213738086416,12,12
2024-12-25 13:00:00,87.3,51.66786261913584,35.63213738086416,13,12
2024-12-25 14:00:00,85.08,51.66786261913584,33.41213738086416,14,12
2024-12-25 15:00:00,86.88,51.66786261913584,35.21213738086416,15,12
2024-12-25 16:00:00,108.27,51.66786261913584,56.60213738086416,16,12
2024-12-25 17:00:00,120.5,51.66786261913584,68.83213738086417,17,12
2024-12-25 18:00:00,135.05,51.66786261913584,83.38213738086418,18,12
2024-12-25 19:00:00,136.6,51.66786261913584,84.93213738086416,19,12
2024-12-25 20:00:00,140.7,51.66786261913584,89.03213738086416,20,12
2024-12-25 21:00:00,141.08,51.66786261913584,89.41213738086418,21,12
2024-12-25 22:00:00,136.6,51.66786261913584,84.93213738086416,22,12
2024-12-25 23:00:00,128.11,51.66786261913584,76.44213738086418,23,12
2024-12-26 00:00:00,138.08,51.66786261913584,86.41213738086418,0,12
2024-12-26 01:00:00,130.65,51.66786261913584,78.98213738086417,1,12
2024-12-26 02:00:00,128.11,51.66786261913584,76.44213738086418,2,12
2024-12-26 03:00:00,120.48,51.66786261913584,68.81213738086416,3,12
2024-12-26 04:00:00,120.48,51.66786261913584,68.81213738086416,4,12
2024-12-26 05:00:00,122.39,51.66786261913584,70.72213738086415,5,12
2024-12-26 06:00:00,134.11,51.66786261913584,82.44213738086418,6,12
2024-12-26 07:00:00,141.73,51.66786261913584,90.06213738086416,7,12
2024-12-26 08:00:00,149.99,51.66786261913584,98.32213738086418,8,12
2024-12-26 09:00:00,143.28,51.66786261913584,91.61213738086417,9,12
2024-12-26 10:00:00,129.48,51.66786261913584,77.81213738086416,10,12
2024-12-26 11:00:00,114.14,51.66786261913584,62.47213738086416,11,12
2024-12-26 12:00:00,107.71,51.66786261913584,56.042137380864155,12,12
2024-12-26 13:00:00,105.3,51.66786261913584,53.63213738086416,13,12
2024-12-26 14:00:00,109.64,51.66786261913584,57.97213738086416,14,12
2024-12-26 15:00:00,120.75,51.66786261913584,69.08213738086417,15,12
2024-12-26 16:00:00,123.48,51.66786261913584,71.81213738086416,16,12
2024-12-26 17:00:00,141.98,51.66786261913584,90.31213738086416,17,12
2024-12-26 18:00:00,155.52,51.66786261913584,103.85213738086418,18,12
2024-12-26 19:00:00,159.02,51.66786261913584,107.35213738086418,19,12
2024-12-26 20:00:00,161.57,51.66786261913584,109.90213738086416,20,12
2024-12-26 21:00:00,166.8,51.66786261913584,115.13213738086418,21,12
2024-12-26 22:00:00,148.0,51.66786261913584,96.33213738086417,22,12
2024-12-26 23:00:00,141.98,51.66786261913584,90.31213738086416,23,12
2024-12-27 00:00:00,139.83,51.66786261913584,88.16213738086418,0,12
2024-12-27 01:00:00,132.96,51.66786261913584,81.29213738086418,1,12
2024-12-27 02:00:00,127.83,51.66786261913584,76.16213738086415,2,12
2024-12-27 03:00:00,117.58,51.66786261913584,65.91213738086415,3,12
2024-12-27 04:00:00,115.83,51.66786261913584,64.16213738086415,4,12
2024-12-27 05:00:00,117.0,51.66786261913584,65.33213738086417,5,12
2024-12-27 06:00:00,130.62,51.66786261913584,78.95213738086417,6,12
2024-12-27 07:00:00,144.33,51.66786261913584,92.66213738086418,7,12
2024-12-27 08:00:00,148.2,51.66786261913584,96.53213738086416,8,12
2024-12-27 09:00:00,145.01,51.66786261913584,93.34213738086416,9,12
2024-12-27 10:00:00,130.0,51.66786261913584,78.33213738086417,10,12
2024-12-27 11:00:00,107.94,51.66786261913584,56.27213738086416,11,12
2024-12-27 12:00:00,107.81,51.66786261913584,56.14213738086416,12,12
2024-12-27 13:00:00,107.94,51.66786261913584,56.27213738086416,13,12
2024-12-27 14:00:00,110.3,51.66786261913584,58.63213738086416,14,12
2024-12-27 15:00:00,114.15,51.66786261913584,62.48213738086417,15,12
2024-12-27 16:00:00,129.98,51.66786261913584,78.31213738086416,16,12
2024-12-27 17:00:00,149.78,51.66786261913584,98.11213738086417,17,12
2024-12-27 18:00:00,158.4,51.66786261913584,106.73213738086417,18,12
2024-12-27 19:00:00,159.02,51.66786261913584,107.35213738086418,19,12
2024-12-27 20:00:00,161.5,51.66786261913584,109.83213738086417,20,12
2024-12-27 21:00:00,158.5,51.66786261913584,106.83213738086417,21,12
2024-12-27 22:00:00,147.63,51.66786261913584,95.96213738086416,22,12
2024-12-27 23:00:00,144.36,51.66786261913584,92.69213738086418,23,12
2024-12-28 00:00:00,142.0,51.66786261913584,90.33213738086417,0,12
2024-12-28 01:00:00,135.33,51.66786261913584,83.66213738086418,1,12
2024-12-28 02:00:00,132.25,51.66786261913584,80.58213738086417,2,12
2024-12-28 03:00:00,125.42,51.66786261913584,73.75213738086416,3,12
2024-12-28 04:00:00,121.35,51.66786261913584,69.68213738086416,4,12
2024-12-28 05:00:00,122.05,51.66786261913584,70.38213738086415,5,12
2024-12-28 06:00:00,130.0,51.66786261913584,78.33213738086417,6,12
2024-12-28 07:00:00,135.0,51.66786261913584,83.33213738086417,7,12
2024-12-28 08:00:00,141.66,51.66786261913584,89.99213738086416,8,12
2024-12-28 09:00:00,137.25,51.66786261913584,85.58213738086417,9,12
2024-12-28 10:00:00,122.83,51.66786261913584,71.16213738086415,10,12
2024-12-28 11:00:00,113.4,51.66786261913584,61.73213738086417,11,12
2024-12-28 12:00:00,108.97,51.66786261913584,57.30213738086416,12,12
2024-12-28 13:00:00,110.01,51.66786261913584,58.342137380864166,13,12
2024-12-28 14:00:00,114.09,51.66786261913584,62.422137380864164,14,12
2024-12-28 15:00:00,114.09,51.66786261913584,62.422137380864164,15,12
2024-12-28 16:00:00,121.27,51.66786261913584,69.60213738086415,16,12
2024-12-28 17:00:00,142.61,51.66786261913584,90.94213738086418,17,12
2024-12-28 18:00:00,152.78,51.66786261913584,101.11213738086417,18,12
2024-12-28 19:00:00,157.0,51.66786261913584,105.33213738086417,19,12
2024-12-28 20:00:00,160.78,51.66786261913584,109.11213738086417,20,12
2024-12-28 21:00:00,157.0,51.66786261913584,105.33213738086417,21,12
2024-12-28 22:00:00,151.54,51.66786261913584,99.87213738086416,22,12
2024-12-28 23:00:00,146.44,51.66786261913584,94.77213738086417,23,12
2024-12-29 00:00:00,146.28,51.66786261913584,94.61213738086417,0,12
2024-12-29 01:00:00,142.77,51.66786261913584,91.10213738086418,1,12
2024-12-29 02:00:00,140.08,51.66786261913584,88.41213738086418,2,12
2024-12-29 03:00:00,138.3,51.66786261913584,86.63213738086418,3,12
2024-12-29 04:00:00,137.26,51.66786261913584,85.59213738086416,4,12
2024-12-29 05:00:00,137.26,51.66786261913584,85.59213738086416,5,12
2024-12-29 06:00:00,134.11,51.66786261913584,82.44213738086418,6,12
2024-12-29 07:00:00,138.3,51.66786261913584,86.63213738086418,7,12
2024-12-29 08:00:00,141.66,51.66786261913584,89.99213738086416,8,12
2024-12-29 09:00:00,138.3,51.66786261913584,86.63213738086418,9,12
2024-12-29 10:00:00,115.88,51.66786261913584,64.21213738086416,10,12
2024-12-29 11:00:00,109.94,51.66786261913584,58.27213738086416,11,12
2024-12-29 12:00:00,109.4,51.66786261913584,57.73213738086417,12,12
2024-12-29 13:00:00,108.88,51.66786261913584,57.21213738086416,13,12
2024-12-29 14:00:00,109.81,51.66786261913584,58.14213738086416,14,12
2024-12-29 15:00:00,113.87,51.66786261913584,62.202137380864166,15,12
2024-12-29 16:00:00,125.13,51.66786261913584,73.46213738086416,16,12
2024-12-29 17:00:00,145.18,51.66786261913584,93.51213738086417,17,12
2024-12-29 18:00:00,152.78,51.66786261913584,101.11213738086417,18,12
2024-12-29 19:00:00,158.67,51.66786261913584,107.00213738086416,19,12
2024-12-29 20:00:00,162.0,51.66786261913584,110.33213738086417,20,12
2024-12-29 21:00:00,161.94,51.66786261913584,110.27213738086417,21,12
2024-12-29 22:00:00,151.54,51.66786261913584,99.87213738086416,22,12
2024-12-29 23:00:00,148.19,51.66786261913584,96.52213738086417,23,12
2024-12-30 00:00:00,141.5,51.66786261913584,89.83213738086417,0,12
2024-12-30 01:00:00,135.0,51.66786261913584,83.33213738086417,1,12
2024-12-30 02:00:00,131.0,51.66786261913584,79.33213738086417,2,12
2024-12-30 03:00:00,125.0,51.66786261913584,73.33213738086417,3,12
2024-12-30 04:00:00,124.0,51.66786261913584,72.33213738086417,4,12
2024-12-30 05:00:00,130.53,51.66786261913584,78.86213738086417,5,12
2024-12-30 06:00:00,143.97,51.66786261913584,92.30213738086417,6,12
2024-12-30 07:00:00,150.01,51.66786261913584,98.34213738086416,7,12
2024-12-30 08:00:00,159.83,51.66786261913584,108.16213738086418,8,12
2024-12-30 09:00:00,152.03,51.66786261913584,100.36213738086417,9,12
2024-12-30 10:00:00,141.5,51.66786261913584,89.83213738086417,10,12
2024-12-30 11:00:00,119.04,51.66786261913584,67.37213738086416,11,12
2024-12-30 12:00:00,121.42,51.66786261913584,69.75213738086416,12,12
2024-12-30 13:00:00,116.02,51.66786261913584,64.35213738086415,13,12
2024-12-30 14:00:00,119.5,51.66786261913584,67.83213738086417,14,12
2024-12-30 15:00:00,120.0,51.66786261913584,68.33213738086417,15,12
2024-12-30 16:00:00,133.53,51.66786261913584,81.86213738086417,16,12
2024-12-30 17:00:00,147.75,51.66786261913584,96.08213738086417,17,12
2024-12-30 18:00:00,162.43,51.66786261913584,110.76213738086417,18,12
2024-12-30 19:00:00,166.73,51.66786261913584,115.06213738086416,19,12
2024-12-30 20:00:00,172.72,51.66786261913584,121.05213738086417,20,12
2024-12-30 21:00:00,167.21,51.66786261913584,115.54213738086418,21,12
2024-12-30 22:00:00,155.65,51.66786261913584,103.98213738086417,22,12
2024-12-30 23:00:00,146.13,51.66786261913584,94.46213738086416,23,12
2024-12-31 00:00:00,145.0,51.66786261913584,93.33213738086417,0,12
2024-12-31 01:00:00,139.03,51.66786261913584,87.36213738086417,1,12
2024-12-31 02:00:00,137.48,51.66786261913584,85.81213738086416,2,12
2024-12-31 03:00:00,134.66,51.66786261913584,82.99213738086416,3,12
2024-12-31 04:00:00,127.37,51.66786261913584,75.70213738086417,4,12
2024-12-31 05:00:00,131.15,51.66786261913584,79.48213738086417,5,12
2024-12-31 06:00:00,137.18,51.66786261913584,85.51213738086417,6,12
2024-12-31 07:00:00,142.98,51.66786261913584,91.31213738086416,7,12
2024-12-31 08:00:00,149.77,51.66786261913584,98.10213738086418,8,12
2024-12-31 09:00:00,145.0,51.66786261913584,93.33213738086417,9,12
2024-12-31 10:00:00,134.66,51.66786261913584,82.99213738086416,10,12
2024-12-31 11:00:00,114.16,51.66786261913584,62.49213738086416,11,12
2024-12-31 12:00:00,112.01,51.66786261913584,60.342137380864166,12,12
2024-12-31 13:00:00,112.01,51.66786261913584,60.342137380864166,13,12
2024-12-31 14:00:00,111.75,51.66786261913584,60.08213738086416,14,12
2024-12-31 15:00:00,111.88,51.66786261913584,60.21213738086416,15,12
2024-12-31 16:00:00,124.37,51.66786261913584,72.70213738086417,16,12
2024-12-31 17:00:00,145.0,51.66786261913584,93.33213738086417,17,12
2024-12-31 18:00:00,155.01,51.66786261913584,103.34213738086416,18,12
2024-12-31 19:00:00,159.44,51.66786261913584,107.77213738086417,19,12
2024-12-31 20:00:00,156.1,51.66786261913584,104.43213738086416,20,12
2024-12-31 21:00:00,150.85,51.66786261913584,99.18213738086416,21,12
2024-12-31 22:00:00,144.4,51.66786261913584,92.73213738086417,22,12
2024-12-31 23:00:00,139.37,51.66786261913584,87.70213738086417,23,12
