id;name;geoid;geoname;value;datetime
1293;Demanda real;;;24722.83333333333;2021-01-01T00:00:00+01:00
1293;Demanda real;;;23571.5;2021-01-01T01:00:00+01:00
1293;Demanda real;;;21491;2021-01-01T02:00:00+01:00
1293;Demanda real;;;19709.16666666667;2021-01-01T03:00:00+01:00
1293;Demanda real;;;18791.66666666667;2021-01-01T04:00:00+01:00
1293;Demanda real;;;18562.16666666667;2021-01-01T05:00:00+01:00
1293;Demanda real;;;18756.16666666667;2021-01-01T06:00:00+01:00
1293;Demanda real;;;19261.5;2021-01-01T07:00:00+01:00
1293;Demanda real;;;19465.66666666667;2021-01-01T08:00:00+01:00
1293;Demanda real;;;20375;2021-01-01T09:00:00+01:00
1293;Demanda real;;;22682.33333333333;2021-01-01T10:00:00+01:00
1293;Demanda real;;;24699.33333333333;2021-01-01T11:00:00+01:00
1293;Demanda real;;;25716;2021-01-01T12:00:00+01:00
1293;Demanda real;;;26681.66666666667;2021-01-01T13:00:00+01:00
1293;Demanda real;;;27091.83333333333;2021-01-01T14:00:00+01:00
1293;Demanda real;;;25420.5;2021-01-01T15:00:00+01:00
1293;Demanda real;;;24735.66666666667;2021-01-01T16:00:00+01:00
1293;Demanda real;;;25012.83333333333;2021-01-01T17:00:00+01:00
1293;Demanda real;;;26998.33333333333;2021-01-01T18:00:00+01:00
1293;Demanda real;;;28153.33333333333;2021-01-01T19:00:00+01:00
1293;Demanda real;;;28750.16666666667;2021-01-01T20:00:00+01:00
1293;Demanda real;;;29145;2021-01-01T21:00:00+01:00
1293;Demanda real;;;28421.33333333333;2021-01-01T22:00:00+01:00
1293;Demanda real;;;26297.16666666667;2021-01-01T23:00:00+01:00
1293;Demanda real;;;23813.66666666667;2021-01-02T00:00:00+01:00
1293;Demanda real;;;21479.5;2021-01-02T01:00:00+01:00
1293;Demanda real;;;20098.33333333333;2021-01-02T02:00:00+01:00
1293;Demanda real;;;19385.83333333333;2021-01-02T03:00:00+01:00
1293;Demanda real;;;19179.83333333333;2021-01-02T04:00:00+01:00
1293;Demanda real;;;19472.33333333333;2021-01-02T05:00:00+01:00
1293;Demanda real;;;20591.66666666667;2021-01-02T06:00:00+01:00
1293;Demanda real;;;22078.66666666667;2021-01-02T07:00:00+01:00
1293;Demanda real;;;23707.66666666667;2021-01-02T08:00:00+01:00
1293;Demanda real;;;26196.66666666667;2021-01-02T09:00:00+01:00
1293;Demanda real;;;28760.83333333333;2021-01-02T10:00:00+01:00
1293;Demanda real;;;29750.16666666667;2021-01-02T11:00:00+01:00
1293;Demanda real;;;29729;2021-01-02T12:00:00+01:00
1293;Demanda real;;;30092.5;2021-01-02T13:00:00+01:00
1293;Demanda real;;;30593.83333333333;2021-01-02T14:00:00+01:00
1293;Demanda real;;;29804.33333333333;2021-01-02T15:00:00+01:00
1293;Demanda real;;;29162.16666666667;2021-01-02T16:00:00+01:00
1293;Demanda real;;;29227.83333333333;2021-01-02T17:00:00+01:00
1293;Demanda real;;;31333.16666666667;2021-01-02T18:00:00+01:00
1293;Demanda real;;;32556.83333333333;2021-01-02T19:00:00+01:00
1293;Demanda real;;;33246;2021-01-02T20:00:00+01:00
1293;Demanda real;;;33350.16666666667;2021-01-02T21:00:00+01:00
1293;Demanda real;;;31726.83333333333;2021-01-02T22:00:00+01:00
1293;Demanda real;;;29310.83333333333;2021-01-02T23:00:00+01:00
1293;Demanda real;;;26469.5;2021-01-03T00:00:00+01:00
1293;Demanda real;;;23781.66666666667;2021-01-03T01:00:00+01:00
1293;Demanda real;;;22013.5;2021-01-03T02:00:00+01:00
1293;Demanda real;;;21021;2021-01-03T03:00:00+01:00
1293;Demanda real;;;20712;2021-01-03T04:00:00+01:00
1293;Demanda real;;;20664.16666666667;2021-01-03T05:00:00+01:00
1293;Demanda real;;;21274.16666666667;2021-01-03T06:00:00+01:00
1293;Demanda real;;;22168;2021-01-03T07:00:00+01:00
1293;Demanda real;;;23193.16666666667;2021-01-03T08:00:00+01:00
1293;Demanda real;;;25161.83333333333;2021-01-03T09:00:00+01:00
1293;Demanda real;;;27868.5;2021-01-03T10:00:00+01:00
1293;Demanda real;;;29239.16666666667;2021-01-03T11:00:00+01:00
1293;Demanda real;;;29275.33333333333;2021-01-03T12:00:00+01:00
1293;Demanda real;;;29809;2021-01-03T13:00:00+01:00
1293;Demanda real;;;30102.83333333333;2021-01-03T14:00:00+01:00
1293;Demanda real;;;29018.16666666667;2021-01-03T15:00:00+01:00
1293;Demanda real;;;28086.5;2021-01-03T16:00:00+01:00
1293;Demanda real;;;28306;2021-01-03T17:00:00+01:00
1293;Demanda real;;;30845.66666666667;2021-01-03T18:00:00+01:00
1293;Demanda real;;;32650.66666666667;2021-01-03T19:00:00+01:00
1293;Demanda real;;;33486.5;2021-01-03T20:00:00+01:00
1293;Demanda real;;;33615.5;2021-01-03T21:00:00+01:00
1293;Demanda real;;;32001.16666666667;2021-01-03T22:00:00+01:00
1293;Demanda real;;;29153;2021-01-03T23:00:00+01:00
1293;Demanda real;;;26228.5;2021-01-04T00:00:00+01:00
1293;Demanda real;;;23798.16666666667;2021-01-04T01:00:00+01:00
1293;Demanda real;;;22485.16666666667;2021-01-04T02:00:00+01:00
1293;Demanda real;;;21740.33333333333;2021-01-04T03:00:00+01:00
1293;Demanda real;;;21628.16666666667;2021-01-04T04:00:00+01:00
1293;Demanda real;;;22227;2021-01-04T05:00:00+01:00
1293;Demanda real;;;24577.83333333333;2021-01-04T06:00:00+01:00
1293;Demanda real;;;28138.16666666667;2021-01-04T07:00:00+01:00
1293;Demanda real;;;31517.5;2021-01-04T08:00:00+01:00
1293;Demanda real;;;34573.83333333334;2021-01-04T09:00:00+01:00
1293;Demanda real;;;36256.66666666667;2021-01-04T10:00:00+01:00
1293;Demanda real;;;36551.66666666667;2021-01-04T11:00:00+01:00
1293;Demanda real;;;36281;2021-01-04T12:00:00+01:00
1293;Demanda real;;;36683.83333333334;2021-01-04T13:00:00+01:00
1293;Demanda real;;;36408;2021-01-04T14:00:00+01:00
1293;Demanda real;;;35441.16666666667;2021-01-04T15:00:00+01:00
1293;Demanda real;;;34857.66666666667;2021-01-04T16:00:00+01:00
1293;Demanda real;;;35008.16666666667;2021-01-04T17:00:00+01:00
1293;Demanda real;;;36409;2021-01-04T18:00:00+01:00
1293;Demanda real;;;37223.66666666667;2021-01-04T19:00:00+01:00
1293;Demanda real;;;37962;2021-01-04T20:00:00+01:00
1293;Demanda real;;;37656.83333333334;2021-01-04T21:00:00+01:00
1293;Demanda real;;;35167.16666666667;2021-01-04T22:00:00+01:00
1293;Demanda real;;;31829.33333333333;2021-01-04T23:00:00+01:00
1293;Demanda real;;;28742;2021-01-05T00:00:00+01:00
1293;Demanda real;;;26192.33333333333;2021-01-05T01:00:00+01:00
1293;Demanda real;;;24581.33333333333;2021-01-05T02:00:00+01:00
1293;Demanda real;;;23859;2021-01-05T03:00:00+01:00
1293;Demanda real;;;23611.83333333333;2021-01-05T04:00:00+01:00
1293;Demanda real;;;24143.33333333333;2021-01-05T05:00:00+01:00
1293;Demanda real;;;26288.83333333333;2021-01-05T06:00:00+01:00
1293;Demanda real;;;29646.16666666667;2021-01-05T07:00:00+01:00
1293;Demanda real;;;32719;2021-01-05T08:00:00+01:00
1293;Demanda real;;;35601.33333333334;2021-01-05T09:00:00+01:00
1293;Demanda real;;;37131.83333333334;2021-01-05T10:00:00+01:00
1293;Demanda real;;;37238.16666666667;2021-01-05T11:00:00+01:00
1293;Demanda real;;;36756;2021-01-05T12:00:00+01:00
1293;Demanda real;;;36786.83333333334;2021-01-05T13:00:00+01:00
1293;Demanda real;;;36299.5;2021-01-05T14:00:00+01:00
1293;Demanda real;;;35319.83333333334;2021-01-05T15:00:00+01:00
1293;Demanda real;;;34883.5;2021-01-05T16:00:00+01:00
1293;Demanda real;;;34835;2021-01-05T17:00:00+01:00
1293;Demanda real;;;35970;2021-01-05T18:00:00+01:00
1293;Demanda real;;;36463.33333333334;2021-01-05T19:00:00+01:00
1293;Demanda real;;;36589;2021-01-05T20:00:00+01:00
1293;Demanda real;;;36095.33333333334;2021-01-05T21:00:00+01:00
1293;Demanda real;;;33814;2021-01-05T22:00:00+01:00
1293;Demanda real;;;31053.83333333333;2021-01-05T23:00:00+01:00
1293;Demanda real;;;28300;2021-01-06T00:00:00+01:00
1293;Demanda real;;;25498.16666666667;2021-01-06T01:00:00+01:00
1293;Demanda real;;;23676.66666666667;2021-01-06T02:00:00+01:00
1293;Demanda real;;;22775.5;2021-01-06T03:00:00+01:00
1293;Demanda real;;;22376.33333333333;2021-01-06T04:00:00+01:00
1293;Demanda real;;;22321;2021-01-06T05:00:00+01:00
1293;Demanda real;;;22611.83333333333;2021-01-06T06:00:00+01:00
1293;Demanda real;;;23627.83333333333;2021-01-06T07:00:00+01:00
1293;Demanda real;;;24345.5;2021-01-06T08:00:00+01:00
1293;Demanda real;;;26802.66666666667;2021-01-06T09:00:00+01:00
1293;Demanda real;;;29261.66666666667;2021-01-06T10:00:00+01:00
1293;Demanda real;;;30441;2021-01-06T11:00:00+01:00
1293;Demanda real;;;30104.33333333333;2021-01-06T12:00:00+01:00
1293;Demanda real;;;30471;2021-01-06T13:00:00+01:00
1293;Demanda real;;;30469.16666666667;2021-01-06T14:00:00+01:00
1293;Demanda real;;;29197.33333333333;2021-01-06T15:00:00+01:00
1293;Demanda real;;;28550.5;2021-01-06T16:00:00+01:00
1293;Demanda real;;;28668.5;2021-01-06T17:00:00+01:00
1293;Demanda real;;;30625.5;2021-01-06T18:00:00+01:00
1293;Demanda real;;;31850.16666666667;2021-01-06T19:00:00+01:00
1293;Demanda real;;;32969.83333333334;2021-01-06T20:00:00+01:00
1293;Demanda real;;;33504.33333333334;2021-01-06T21:00:00+01:00
1293;Demanda real;;;32593.83333333333;2021-01-06T22:00:00+01:00
1293;Demanda real;;;29995.83333333333;2021-01-06T23:00:00+01:00
1293;Demanda real;;;27314.5;2021-01-07T00:00:00+01:00
1293;Demanda real;;;24993;2021-01-07T01:00:00+01:00
1293;Demanda real;;;23548.16666666667;2021-01-07T02:00:00+01:00
1293;Demanda real;;;22988.33333333333;2021-01-07T03:00:00+01:00
1293;Demanda real;;;22957;2021-01-07T04:00:00+01:00
1293;Demanda real;;;23642.83333333333;2021-01-07T05:00:00+01:00
1293;Demanda real;;;26329.66666666667;2021-01-07T06:00:00+01:00
1293;Demanda real;;;30380;2021-01-07T07:00:00+01:00
1293;Demanda real;;;33956.66666666667;2021-01-07T08:00:00+01:00
1293;Demanda real;;;36948.5;2021-01-07T09:00:00+01:00
1293;Demanda real;;;39160.5;2021-01-07T10:00:00+01:00
1293;Demanda real;;;40186.33333333334;2021-01-07T11:00:00+01:00
1293;Demanda real;;;40656.16666666667;2021-01-07T12:00:00+01:00
1293;Demanda real;;;41206.5;2021-01-07T13:00:00+01:00
1293;Demanda real;;;40711.16666666667;2021-01-07T14:00:00+01:00
1293;Demanda real;;;39432.33333333334;2021-01-07T15:00:00+01:00
1293;Demanda real;;;38696;2021-01-07T16:00:00+01:00
1293;Demanda real;;;38685.33333333334;2021-01-07T17:00:00+01:00
1293;Demanda real;;;39546.66666666667;2021-01-07T18:00:00+01:00
1293;Demanda real;;;40009;2021-01-07T19:00:00+01:00
1293;Demanda real;;;40246.33333333334;2021-01-07T20:00:00+01:00
1293;Demanda real;;;39374.66666666667;2021-01-07T21:00:00+01:00
1293;Demanda real;;;36354.16666666667;2021-01-07T22:00:00+01:00
1293;Demanda real;;;32714.33333333333;2021-01-07T23:00:00+01:00
1293;Demanda real;;;29754;2021-01-08T00:00:00+01:00
1293;Demanda real;;;27220;2021-01-08T01:00:00+01:00
1293;Demanda real;;;25781.33333333333;2021-01-08T02:00:00+01:00
1293;Demanda real;;;25141;2021-01-08T03:00:00+01:00
1293;Demanda real;;;24888;2021-01-08T04:00:00+01:00
1293;Demanda real;;;25400.66666666667;2021-01-08T05:00:00+01:00
1293;Demanda real;;;27799.83333333333;2021-01-08T06:00:00+01:00
1293;Demanda real;;;31828;2021-01-08T07:00:00+01:00
1293;Demanda real;;;35355.5;2021-01-08T08:00:00+01:00
1293;Demanda real;;;38131;2021-01-08T09:00:00+01:00
1293;Demanda real;;;40220.33333333334;2021-01-08T10:00:00+01:00
1293;Demanda real;;;41324.33333333334;2021-01-08T11:00:00+01:00
1293;Demanda real;;;41465.66666666667;2021-01-08T12:00:00+01:00
1293;Demanda real;;;41828.83333333334;2021-01-08T13:00:00+01:00
1293;Demanda real;;;40911.33333333334;2021-01-08T14:00:00+01:00
1293;Demanda real;;;39257.33333333334;2021-01-08T15:00:00+01:00
1293;Demanda real;;;38338.66666666667;2021-01-08T16:00:00+01:00
1293;Demanda real;;;38089.5;2021-01-08T17:00:00+01:00
1293;Demanda real;;;39084.33333333334;2021-01-08T18:00:00+01:00
1293;Demanda real;;;39428.66666666667;2021-01-08T19:00:00+01:00
1293;Demanda real;;;39258;2021-01-08T20:00:00+01:00
1293;Demanda real;;;38535.83333333334;2021-01-08T21:00:00+01:00
1293;Demanda real;;;35774.66666666667;2021-01-08T22:00:00+01:00
1293;Demanda real;;;32622;2021-01-08T23:00:00+01:00
1293;Demanda real;;;30092;2021-01-09T00:00:00+01:00
1293;Demanda real;;;27466.16666666667;2021-01-09T01:00:00+01:00
1293;Demanda real;;;25573.83333333333;2021-01-09T02:00:00+01:00
1293;Demanda real;;;24635.5;2021-01-09T03:00:00+01:00
1293;Demanda real;;;24224.16666666667;2021-01-09T04:00:00+01:00
1293;Demanda real;;;24161.83333333333;2021-01-09T05:00:00+01:00
1293;Demanda real;;;24514.66666666667;2021-01-09T06:00:00+01:00
1293;Demanda real;;;25697;2021-01-09T07:00:00+01:00
1293;Demanda real;;;27365.83333333333;2021-01-09T08:00:00+01:00
1293;Demanda real;;;29940;2021-01-09T09:00:00+01:00
1293;Demanda real;;;32948.33333333334;2021-01-09T10:00:00+01:00
1293;Demanda real;;;34497.16666666667;2021-01-09T11:00:00+01:00
1293;Demanda real;;;34810.33333333334;2021-01-09T12:00:00+01:00
1293;Demanda real;;;35445.33333333334;2021-01-09T13:00:00+01:00
1293;Demanda real;;;35449.5;2021-01-09T14:00:00+01:00
1293;Demanda real;;;34001;2021-01-09T15:00:00+01:00
1293;Demanda real;;;32706.33333333333;2021-01-09T16:00:00+01:00
1293;Demanda real;;;32518.5;2021-01-09T17:00:00+01:00
1293;Demanda real;;;33993.5;2021-01-09T18:00:00+01:00
1293;Demanda real;;;35121.16666666667;2021-01-09T19:00:00+01:00
1293;Demanda real;;;35874.16666666667;2021-01-09T20:00:00+01:00
1293;Demanda real;;;35718.66666666667;2021-01-09T21:00:00+01:00
1293;Demanda real;;;34023;2021-01-09T22:00:00+01:00
1293;Demanda real;;;31395.33333333333;2021-01-09T23:00:00+01:00
1293;Demanda real;;;28447.16666666667;2021-01-10T00:00:00+01:00
1293;Demanda real;;;25728.66666666667;2021-01-10T01:00:00+01:00
1293;Demanda real;;;23920.16666666667;2021-01-10T02:00:00+01:00
1293;Demanda real;;;22977.5;2021-01-10T03:00:00+01:00
1293;Demanda real;;;22598.83333333333;2021-01-10T04:00:00+01:00
1293;Demanda real;;;22376.83333333333;2021-01-10T05:00:00+01:00
1293;Demanda real;;;22729.66666666667;2021-01-10T06:00:00+01:00
1293;Demanda real;;;23479;2021-01-10T07:00:00+01:00
1293;Demanda real;;;24362;2021-01-10T08:00:00+01:00
1293;Demanda real;;;26694;2021-01-10T09:00:00+01:00
1293;Demanda real;;;29944.16666666667;2021-01-10T10:00:00+01:00
1293;Demanda real;;;32092;2021-01-10T11:00:00+01:00
1293;Demanda real;;;32761.5;2021-01-10T12:00:00+01:00
1293;Demanda real;;;33878.33333333334;2021-01-10T13:00:00+01:00
1293;Demanda real;;;34207.5;2021-01-10T14:00:00+01:00
1293;Demanda real;;;32486.83333333333;2021-01-10T15:00:00+01:00
1293;Demanda real;;;31455;2021-01-10T16:00:00+01:00
1293;Demanda real;;;31165.83333333333;2021-01-10T17:00:00+01:00
1293;Demanda real;;;32994.83333333334;2021-01-10T18:00:00+01:00
1293;Demanda real;;;34619.5;2021-01-10T19:00:00+01:00
1293;Demanda real;;;35726.66666666667;2021-01-10T20:00:00+01:00
1293;Demanda real;;;35839.33333333334;2021-01-10T21:00:00+01:00
1293;Demanda real;;;34053.83333333334;2021-01-10T22:00:00+01:00
1293;Demanda real;;;31168.83333333333;2021-01-10T23:00:00+01:00
1293;Demanda real;;;27871.33333333333;2021-01-11T00:00:00+01:00
1293;Demanda real;;;25473.33333333333;2021-01-11T01:00:00+01:00
1293;Demanda real;;;24208.5;2021-01-11T02:00:00+01:00
1293;Demanda real;;;23583.83333333333;2021-01-11T03:00:00+01:00
1293;Demanda real;;;23479.83333333333;2021-01-11T04:00:00+01:00
1293;Demanda real;;;24125.33333333333;2021-01-11T05:00:00+01:00
1293;Demanda real;;;26925.33333333333;2021-01-11T06:00:00+01:00
1293;Demanda real;;;31369.83333333333;2021-01-11T07:00:00+01:00
1293;Demanda real;;;35193.16666666667;2021-01-11T08:00:00+01:00
1293;Demanda real;;;37494.66666666667;2021-01-11T09:00:00+01:00
1293;Demanda real;;;38965.66666666667;2021-01-11T10:00:00+01:00
1293;Demanda real;;;39269.16666666667;2021-01-11T11:00:00+01:00
1293;Demanda real;;;38807.83333333334;2021-01-11T12:00:00+01:00
1293;Demanda real;;;38962;2021-01-11T13:00:00+01:00
1293;Demanda real;;;38151.66666666667;2021-01-11T14:00:00+01:00
1293;Demanda real;;;37254.66666666667;2021-01-11T15:00:00+01:00
1293;Demanda real;;;36689;2021-01-11T16:00:00+01:00
1293;Demanda real;;;36813.33333333334;2021-01-11T17:00:00+01:00
1293;Demanda real;;;38766.16666666667;2021-01-11T18:00:00+01:00
1293;Demanda real;;;40468.83333333334;2021-01-11T19:00:00+01:00
1293;Demanda real;;;40883.33333333334;2021-01-11T20:00:00+01:00
1293;Demanda real;;;40236.83333333334;2021-01-11T21:00:00+01:00
1293;Demanda real;;;37211.83333333334;2021-01-11T22:00:00+01:00
1293;Demanda real;;;33564.83333333334;2021-01-11T23:00:00+01:00
1293;Demanda real;;;30395.83333333333;2021-01-12T00:00:00+01:00
1293;Demanda real;;;27996.33333333333;2021-01-12T01:00:00+01:00
1293;Demanda real;;;26674.66666666667;2021-01-12T02:00:00+01:00
1293;Demanda real;;;26044;2021-01-12T03:00:00+01:00
1293;Demanda real;;;25942.5;2021-01-12T04:00:00+01:00
1293;Demanda real;;;26380.5;2021-01-12T05:00:00+01:00
1293;Demanda real;;;28837.16666666667;2021-01-12T06:00:00+01:00
1293;Demanda real;;;33059.16666666667;2021-01-12T07:00:00+01:00
1293;Demanda real;;;36818.5;2021-01-12T08:00:00+01:00
1293;Demanda real;;;38757.33333333334;2021-01-12T09:00:00+01:00
1293;Demanda real;;;40089.16666666667;2021-01-12T10:00:00+01:00
1293;Demanda real;;;40115.83333333334;2021-01-12T11:00:00+01:00
1293;Demanda real;;;39633.5;2021-01-12T12:00:00+01:00
1293;Demanda real;;;39642.5;2021-01-12T13:00:00+01:00
1293;Demanda real;;;38688.5;2021-01-12T14:00:00+01:00
1293;Demanda real;;;37750.5;2021-01-12T15:00:00+01:00
1293;Demanda real;;;37178.16666666667;2021-01-12T16:00:00+01:00
1293;Demanda real;;;37332;2021-01-12T17:00:00+01:00
1293;Demanda real;;;39339.16666666667;2021-01-12T18:00:00+01:00
1293;Demanda real;;;41002.33333333334;2021-01-12T19:00:00+01:00
1293;Demanda real;;;41564.16666666667;2021-01-12T20:00:00+01:00
1293;Demanda real;;;40700.66666666667;2021-01-12T21:00:00+01:00
1293;Demanda real;;;37815;2021-01-12T22:00:00+01:00
1293;Demanda real;;;33943.66666666667;2021-01-12T23:00:00+01:00
1293;Demanda real;;;30755.33333333333;2021-01-13T00:00:00+01:00
1293;Demanda real;;;28235.83333333333;2021-01-13T01:00:00+01:00
1293;Demanda real;;;26824.33333333333;2021-01-13T02:00:00+01:00
1293;Demanda real;;;26344.5;2021-01-13T03:00:00+01:00
1293;Demanda real;;;26112.83333333333;2021-01-13T04:00:00+01:00
1293;Demanda real;;;26679.5;2021-01-13T05:00:00+01:00
1293;Demanda real;;;29120.16666666667;2021-01-13T06:00:00+01:00
1293;Demanda real;;;33576.83333333334;2021-01-13T07:00:00+01:00
1293;Demanda real;;;37212.33333333334;2021-01-13T08:00:00+01:00
1293;Demanda real;;;39079.33333333334;2021-01-13T09:00:00+01:00
1293;Demanda real;;;40246.5;2021-01-13T10:00:00+01:00
1293;Demanda real;;;40052.16666666667;2021-01-13T11:00:00+01:00
1293;Demanda real;;;39483.16666666667;2021-01-13T12:00:00+01:00
1293;Demanda real;;;39332.83333333334;2021-01-13T13:00:00+01:00
1293;Demanda real;;;38308.66666666667;2021-01-13T14:00:00+01:00
1293;Demanda real;;;37372.16666666667;2021-01-13T15:00:00+01:00
1293;Demanda real;;;36900.16666666667;2021-01-13T16:00:00+01:00
1293;Demanda real;;;36885.16666666667;2021-01-13T17:00:00+01:00
1293;Demanda real;;;38958.16666666667;2021-01-13T18:00:00+01:00
1293;Demanda real;;;40539;2021-01-13T19:00:00+01:00
1293;Demanda real;;;41042;2021-01-13T20:00:00+01:00
1293;Demanda real;;;40110.16666666667;2021-01-13T21:00:00+01:00
1293;Demanda real;;;37171.5;2021-01-13T22:00:00+01:00
1293;Demanda real;;;33619.33333333334;2021-01-13T23:00:00+01:00
1293;Demanda real;;;30348.5;2021-01-14T00:00:00+01:00
1293;Demanda real;;;28017.16666666667;2021-01-14T01:00:00+01:00
1293;Demanda real;;;26685;2021-01-14T02:00:00+01:00
1293;Demanda real;;;25985.83333333333;2021-01-14T03:00:00+01:00
1293;Demanda real;;;25759.33333333333;2021-01-14T04:00:00+01:00
1293;Demanda real;;;26425.33333333333;2021-01-14T05:00:00+01:00
1293;Demanda real;;;28899.83333333333;2021-01-14T06:00:00+01:00
1293;Demanda real;;;33385.33333333334;2021-01-14T07:00:00+01:00
1293;Demanda real;;;37024.5;2021-01-14T08:00:00+01:00
1293;Demanda real;;;38874.66666666667;2021-01-14T09:00:00+01:00
1293;Demanda real;;;39870.66666666667;2021-01-14T10:00:00+01:00
1293;Demanda real;;;39706.16666666667;2021-01-14T11:00:00+01:00
1293;Demanda real;;;39120.5;2021-01-14T12:00:00+01:00
1293;Demanda real;;;38879;2021-01-14T13:00:00+01:00
1293;Demanda real;;;37983.16666666667;2021-01-14T14:00:00+01:00
1293;Demanda real;;;37020.5;2021-01-14T15:00:00+01:00
1293;Demanda real;;;36876.66666666667;2021-01-14T16:00:00+01:00
1293;Demanda real;;;37217.5;2021-01-14T17:00:00+01:00
1293;Demanda real;;;39100;2021-01-14T18:00:00+01:00
1293;Demanda real;;;40655.33333333334;2021-01-14T19:00:00+01:00
1293;Demanda real;;;41025.33333333334;2021-01-14T20:00:00+01:00
1293;Demanda real;;;40046;2021-01-14T21:00:00+01:00
1293;Demanda real;;;37160.5;2021-01-14T22:00:00+01:00
1293;Demanda real;;;33677;2021-01-14T23:00:00+01:00
1293;Demanda real;;;30607.5;2021-01-15T00:00:00+01:00
1293;Demanda real;;;28279.16666666667;2021-01-15T01:00:00+01:00
1293;Demanda real;;;26963.16666666667;2021-01-15T02:00:00+01:00
1293;Demanda real;;;26332.66666666667;2021-01-15T03:00:00+01:00
1293;Demanda real;;;26047.66666666667;2021-01-15T04:00:00+01:00
1293;Demanda real;;;26669;2021-01-15T05:00:00+01:00
1293;Demanda real;;;29152.66666666667;2021-01-15T06:00:00+01:00
1293;Demanda real;;;33583.83333333334;2021-01-15T07:00:00+01:00
1293;Demanda real;;;37025.16666666667;2021-01-15T08:00:00+01:00
1293;Demanda real;;;38673.5;2021-01-15T09:00:00+01:00
1293;Demanda real;;;39678.66666666667;2021-01-15T10:00:00+01:00
1293;Demanda real;;;39527;2021-01-15T11:00:00+01:00
1293;Demanda real;;;38861;2021-01-15T12:00:00+01:00
1293;Demanda real;;;38600.66666666667;2021-01-15T13:00:00+01:00
1293;Demanda real;;;37611.33333333334;2021-01-15T14:00:00+01:00
1293;Demanda real;;;36441.66666666667;2021-01-15T15:00:00+01:00
1293;Demanda real;;;35810.83333333334;2021-01-15T16:00:00+01:00
1293;Demanda real;;;35635.33333333334;2021-01-15T17:00:00+01:00
1293;Demanda real;;;37294.5;2021-01-15T18:00:00+01:00
1293;Demanda real;;;38979.33333333334;2021-01-15T19:00:00+01:00
1293;Demanda real;;;39316.5;2021-01-15T20:00:00+01:00
1293;Demanda real;;;38802.5;2021-01-15T21:00:00+01:00
1293;Demanda real;;;36283;2021-01-15T22:00:00+01:00
1293;Demanda real;;;33016.16666666667;2021-01-15T23:00:00+01:00
1293;Demanda real;;;30432.5;2021-01-16T00:00:00+01:00
1293;Demanda real;;;27975.16666666667;2021-01-16T01:00:00+01:00
1293;Demanda real;;;26384.5;2021-01-16T02:00:00+01:00
1293;Demanda real;;;25558.5;2021-01-16T03:00:00+01:00
1293;Demanda real;;;25028.66666666667;2021-01-16T04:00:00+01:00
1293;Demanda real;;;25093.33333333333;2021-01-16T05:00:00+01:00
1293;Demanda real;;;25546.16666666667;2021-01-16T06:00:00+01:00
1293;Demanda real;;;26976.83333333333;2021-01-16T07:00:00+01:00
1293;Demanda real;;;28579.5;2021-01-16T08:00:00+01:00
1293;Demanda real;;;31334.16666666667;2021-01-16T09:00:00+01:00
1293;Demanda real;;;33786.66666666667;2021-01-16T10:00:00+01:00
1293;Demanda real;;;34207.5;2021-01-16T11:00:00+01:00
1293;Demanda real;;;33503.83333333334;2021-01-16T12:00:00+01:00
1293;Demanda real;;;33550.16666666667;2021-01-16T13:00:00+01:00
1293;Demanda real;;;33153.16666666667;2021-01-16T14:00:00+01:00
1293;Demanda real;;;31901.16666666667;2021-01-16T15:00:00+01:00
1293;Demanda real;;;30993.66666666667;2021-01-16T16:00:00+01:00
1293;Demanda real;;;30677.33333333333;2021-01-16T17:00:00+01:00
1293;Demanda real;;;32679.66666666667;2021-01-16T18:00:00+01:00
1293;Demanda real;;;34609.16666666667;2021-01-16T19:00:00+01:00
1293;Demanda real;;;35342.66666666667;2021-01-16T20:00:00+01:00
1293;Demanda real;;;35594.16666666667;2021-01-16T21:00:00+01:00
1293;Demanda real;;;34079.33333333334;2021-01-16T22:00:00+01:00
1293;Demanda real;;;31306.33333333333;2021-01-16T23:00:00+01:00
1293;Demanda real;;;28405;2021-01-17T00:00:00+01:00
1293;Demanda real;;;25743.66666666667;2021-01-17T01:00:00+01:00
1293;Demanda real;;;24066.16666666667;2021-01-17T02:00:00+01:00
1293;Demanda real;;;23152;2021-01-17T03:00:00+01:00
1293;Demanda real;;;22860;2021-01-17T04:00:00+01:00
1293;Demanda real;;;22717.66666666667;2021-01-17T05:00:00+01:00
1293;Demanda real;;;23178.33333333333;2021-01-17T06:00:00+01:00
1293;Demanda real;;;24005.66666666667;2021-01-17T07:00:00+01:00
1293;Demanda real;;;25023.83333333333;2021-01-17T08:00:00+01:00
1293;Demanda real;;;27157.83333333333;2021-01-17T09:00:00+01:00
1293;Demanda real;;;29671.33333333333;2021-01-17T10:00:00+01:00
1293;Demanda real;;;30678.16666666667;2021-01-17T11:00:00+01:00
1293;Demanda real;;;30667.83333333333;2021-01-17T12:00:00+01:00
1293;Demanda real;;;31163.33333333333;2021-01-17T13:00:00+01:00
1293;Demanda real;;;31214.16666666667;2021-01-17T14:00:00+01:00
1293;Demanda real;;;29978.83333333333;2021-01-17T15:00:00+01:00
1293;Demanda real;;;28839.83333333333;2021-01-17T16:00:00+01:00
1293;Demanda real;;;28672.16666666667;2021-01-17T17:00:00+01:00
1293;Demanda real;;;31115.66666666667;2021-01-17T18:00:00+01:00
1293;Demanda real;;;33547.83333333334;2021-01-17T19:00:00+01:00
1293;Demanda real;;;34929.83333333334;2021-01-17T20:00:00+01:00
1293;Demanda real;;;34982;2021-01-17T21:00:00+01:00
1293;Demanda real;;;33424.33333333334;2021-01-17T22:00:00+01:00
1293;Demanda real;;;30605.83333333333;2021-01-17T23:00:00+01:00
1293;Demanda real;;;27635.16666666667;2021-01-18T00:00:00+01:00
1293;Demanda real;;;25586;2021-01-18T01:00:00+01:00
1293;Demanda real;;;24426.16666666667;2021-01-18T02:00:00+01:00
1293;Demanda real;;;23623.33333333333;2021-01-18T03:00:00+01:00
1293;Demanda real;;;23750.33333333333;2021-01-18T04:00:00+01:00
1293;Demanda real;;;24617;2021-01-18T05:00:00+01:00
1293;Demanda real;;;27630.5;2021-01-18T06:00:00+01:00
1293;Demanda real;;;32522.83333333333;2021-01-18T07:00:00+01:00
1293;Demanda real;;;36181.33333333334;2021-01-18T08:00:00+01:00
1293;Demanda real;;;37884.83333333334;2021-01-18T09:00:00+01:00
1293;Demanda real;;;38882.33333333334;2021-01-18T10:00:00+01:00
1293;Demanda real;;;38628.33333333334;2021-01-18T11:00:00+01:00
1293;Demanda real;;;37960.5;2021-01-18T12:00:00+01:00
1293;Demanda real;;;37827.33333333334;2021-01-18T13:00:00+01:00
1293;Demanda real;;;36962.5;2021-01-18T14:00:00+01:00
1293;Demanda real;;;35914.16666666667;2021-01-18T15:00:00+01:00
1293;Demanda real;;;35295.66666666667;2021-01-18T16:00:00+01:00
1293;Demanda real;;;35328;2021-01-18T17:00:00+01:00
1293;Demanda real;;;36776.66666666667;2021-01-18T18:00:00+01:00
1293;Demanda real;;;38686.83333333334;2021-01-18T19:00:00+01:00
1293;Demanda real;;;39302.83333333334;2021-01-18T20:00:00+01:00
1293;Demanda real;;;38278.66666666667;2021-01-18T21:00:00+01:00
1293;Demanda real;;;35355.66666666667;2021-01-18T22:00:00+01:00
1293;Demanda real;;;31888.33333333333;2021-01-18T23:00:00+01:00
1293;Demanda real;;;29363;2021-01-19T00:00:00+01:00
1293;Demanda real;;;27189.33333333333;2021-01-19T01:00:00+01:00
1293;Demanda real;;;26017.5;2021-01-19T02:00:00+01:00
1293;Demanda real;;;25515.83333333333;2021-01-19T03:00:00+01:00
1293;Demanda real;;;25295;2021-01-19T04:00:00+01:00
1293;Demanda real;;;25985.66666666667;2021-01-19T05:00:00+01:00
1293;Demanda real;;;28664.66666666667;2021-01-19T06:00:00+01:00
1293;Demanda real;;;33181.66666666667;2021-01-19T07:00:00+01:00
1293;Demanda real;;;36694.5;2021-01-19T08:00:00+01:00
1293;Demanda real;;;38455;2021-01-19T09:00:00+01:00
1293;Demanda real;;;39177.16666666667;2021-01-19T10:00:00+01:00
1293;Demanda real;;;38852.5;2021-01-19T11:00:00+01:00
1293;Demanda real;;;38090.5;2021-01-19T12:00:00+01:00
1293;Demanda real;;;38008.16666666667;2021-01-19T13:00:00+01:00
1293;Demanda real;;;36960;2021-01-19T14:00:00+01:00
1293;Demanda real;;;36019.5;2021-01-19T15:00:00+01:00
1293;Demanda real;;;35508.66666666667;2021-01-19T16:00:00+01:00
1293;Demanda real;;;35671.16666666667;2021-01-19T17:00:00+01:00
1293;Demanda real;;;37417.5;2021-01-19T18:00:00+01:00
1293;Demanda real;;;39204;2021-01-19T19:00:00+01:00
1293;Demanda real;;;39708.5;2021-01-19T20:00:00+01:00
1293;Demanda real;;;38751;2021-01-19T21:00:00+01:00
1293;Demanda real;;;35474.33333333334;2021-01-19T22:00:00+01:00
1293;Demanda real;;;32085.33333333333;2021-01-19T23:00:00+01:00
1293;Demanda real;;;29340.16666666667;2021-01-20T00:00:00+01:00
1293;Demanda real;;;27083.33333333333;2021-01-20T01:00:00+01:00
1293;Demanda real;;;25704.83333333333;2021-01-20T02:00:00+01:00
1293;Demanda real;;;25181.33333333333;2021-01-20T03:00:00+01:00
1293;Demanda real;;;24815.66666666667;2021-01-20T04:00:00+01:00
1293;Demanda real;;;25375.83333333333;2021-01-20T05:00:00+01:00
1293;Demanda real;;;27901.33333333333;2021-01-20T06:00:00+01:00
1293;Demanda real;;;32397;2021-01-20T07:00:00+01:00
1293;Demanda real;;;35933.33333333334;2021-01-20T08:00:00+01:00
1293;Demanda real;;;37484.83333333334;2021-01-20T09:00:00+01:00
1293;Demanda real;;;38663;2021-01-20T10:00:00+01:00
1293;Demanda real;;;39234.33333333334;2021-01-20T11:00:00+01:00
1293;Demanda real;;;39447.16666666667;2021-01-20T12:00:00+01:00
1293;Demanda real;;;39636;2021-01-20T13:00:00+01:00
1293;Demanda real;;;38705.33333333334;2021-01-20T14:00:00+01:00
1293;Demanda real;;;37435;2021-01-20T15:00:00+01:00
1293;Demanda real;;;36924.33333333334;2021-01-20T16:00:00+01:00
1293;Demanda real;;;36742.16666666667;2021-01-20T17:00:00+01:00
1293;Demanda real;;;37702.83333333334;2021-01-20T18:00:00+01:00
1293;Demanda real;;;38780;2021-01-20T19:00:00+01:00
1293;Demanda real;;;39032.33333333334;2021-01-20T20:00:00+01:00
1293;Demanda real;;;37904.66666666667;2021-01-20T21:00:00+01:00
1293;Demanda real;;;34837;2021-01-20T22:00:00+01:00
1293;Demanda real;;;31375.16666666667;2021-01-20T23:00:00+01:00
1293;Demanda real;;;28922.66666666667;2021-01-21T00:00:00+01:00
1293;Demanda real;;;27012.5;2021-01-21T01:00:00+01:00
1293;Demanda real;;;25546.5;2021-01-21T02:00:00+01:00
1293;Demanda real;;;24921.16666666667;2021-01-21T03:00:00+01:00
1293;Demanda real;;;24654.33333333333;2021-01-21T04:00:00+01:00
1293;Demanda real;;;25136.33333333333;2021-01-21T05:00:00+01:00
1293;Demanda real;;;27825.16666666667;2021-01-21T06:00:00+01:00
1293;Demanda real;;;32110;2021-01-21T07:00:00+01:00
1293;Demanda real;;;35240.83333333334;2021-01-21T08:00:00+01:00
1293;Demanda real;;;36635.33333333334;2021-01-21T09:00:00+01:00
1293;Demanda real;;;37503;2021-01-21T10:00:00+01:00
1293;Demanda real;;;37273;2021-01-21T11:00:00+01:00
1293;Demanda real;;;37091.33333333334;2021-01-21T12:00:00+01:00
1293;Demanda real;;;36973.16666666667;2021-01-21T13:00:00+01:00
1293;Demanda real;;;36212.33333333334;2021-01-21T14:00:00+01:00
1293;Demanda real;;;35237.66666666667;2021-01-21T15:00:00+01:00
1293;Demanda real;;;34800.16666666667;2021-01-21T16:00:00+01:00
1293;Demanda real;;;34695.16666666667;2021-01-21T17:00:00+01:00
1293;Demanda real;;;35669.33333333334;2021-01-21T18:00:00+01:00
1293;Demanda real;;;37079.83333333334;2021-01-21T19:00:00+01:00
1293;Demanda real;;;37262.66666666667;2021-01-21T20:00:00+01:00
1293;Demanda real;;;36405.5;2021-01-21T21:00:00+01:00
1293;Demanda real;;;33504;2021-01-21T22:00:00+01:00
1293;Demanda real;;;30336.66666666667;2021-01-21T23:00:00+01:00
1293;Demanda real;;;28057.66666666667;2021-01-22T00:00:00+01:00
1293;Demanda real;;;26346.33333333333;2021-01-22T01:00:00+01:00
1293;Demanda real;;;25037.5;2021-01-22T02:00:00+01:00
1293;Demanda real;;;24552.83333333333;2021-01-22T03:00:00+01:00
1293;Demanda real;;;24268.5;2021-01-22T04:00:00+01:00
1293;Demanda real;;;24812.66666666667;2021-01-22T05:00:00+01:00
1293;Demanda real;;;27188.83333333333;2021-01-22T06:00:00+01:00
1293;Demanda real;;;31223.83333333333;2021-01-22T07:00:00+01:00
1293;Demanda real;;;34005.16666666667;2021-01-22T08:00:00+01:00
1293;Demanda real;;;35314.16666666667;2021-01-22T09:00:00+01:00
1293;Demanda real;;;36038;2021-01-22T10:00:00+01:00
1293;Demanda real;;;36119.16666666667;2021-01-22T11:00:00+01:00
1293;Demanda real;;;35953;2021-01-22T12:00:00+01:00
1293;Demanda real;;;35963.5;2021-01-22T13:00:00+01:00
1293;Demanda real;;;35288.16666666667;2021-01-22T14:00:00+01:00
1293;Demanda real;;;34060.16666666667;2021-01-22T15:00:00+01:00
1293;Demanda real;;;33394.5;2021-01-22T16:00:00+01:00
1293;Demanda real;;;33142.16666666667;2021-01-22T17:00:00+01:00
1293;Demanda real;;;34012.5;2021-01-22T18:00:00+01:00
1293;Demanda real;;;35374.16666666667;2021-01-22T19:00:00+01:00
1293;Demanda real;;;35672.33333333334;2021-01-22T20:00:00+01:00
1293;Demanda real;;;35081.5;2021-01-22T21:00:00+01:00
1293;Demanda real;;;32694.16666666667;2021-01-22T22:00:00+01:00
1293;Demanda real;;;29797.83333333333;2021-01-22T23:00:00+01:00
1293;Demanda real;;;27734.5;2021-01-23T00:00:00+01:00
1293;Demanda real;;;25941.16666666667;2021-01-23T01:00:00+01:00
1293;Demanda real;;;24479.5;2021-01-23T02:00:00+01:00
1293;Demanda real;;;23518.83333333333;2021-01-23T03:00:00+01:00
1293;Demanda real;;;23295.83333333333;2021-01-23T04:00:00+01:00
1293;Demanda real;;;23222.16666666667;2021-01-23T05:00:00+01:00
1293;Demanda real;;;23751.66666666667;2021-01-23T06:00:00+01:00
1293;Demanda real;;;25070.33333333333;2021-01-23T07:00:00+01:00
1293;Demanda real;;;26694.5;2021-01-23T08:00:00+01:00
1293;Demanda real;;;29162;2021-01-23T09:00:00+01:00
1293;Demanda real;;;31370.33333333333;2021-01-23T10:00:00+01:00
1293;Demanda real;;;32101.83333333333;2021-01-23T11:00:00+01:00
1293;Demanda real;;;32072.16666666667;2021-01-23T12:00:00+01:00
1293;Demanda real;;;32468.33333333333;2021-01-23T13:00:00+01:00
1293;Demanda real;;;32352.16666666667;2021-01-23T14:00:00+01:00
1293;Demanda real;;;30493.5;2021-01-23T15:00:00+01:00
1293;Demanda real;;;29505.5;2021-01-23T16:00:00+01:00
1293;Demanda real;;;29047.16666666667;2021-01-23T17:00:00+01:00
1293;Demanda real;;;30352;2021-01-23T18:00:00+01:00
1293;Demanda real;;;31801.33333333333;2021-01-23T19:00:00+01:00
1293;Demanda real;;;32329.5;2021-01-23T20:00:00+01:00
1293;Demanda real;;;32277.5;2021-01-23T21:00:00+01:00
1293;Demanda real;;;30572.16666666667;2021-01-23T22:00:00+01:00
1293;Demanda real;;;28156.33333333333;2021-01-23T23:00:00+01:00
1293;Demanda real;;;25664.83333333333;2021-01-24T00:00:00+01:00
1293;Demanda real;;;23570.83333333333;2021-01-24T01:00:00+01:00
1293;Demanda real;;;22074.83333333333;2021-01-24T02:00:00+01:00
1293;Demanda real;;;21419;2021-01-24T03:00:00+01:00
1293;Demanda real;;;21071.83333333333;2021-01-24T04:00:00+01:00
1293;Demanda real;;;21228.66666666667;2021-01-24T05:00:00+01:00
1293;Demanda real;;;21471;2021-01-24T06:00:00+01:00
1293;Demanda real;;;22154;2021-01-24T07:00:00+01:00
1293;Demanda real;;;22912.16666666667;2021-01-24T08:00:00+01:00
1293;Demanda real;;;24838.33333333333;2021-01-24T09:00:00+01:00
1293;Demanda real;;;27183.66666666667;2021-01-24T10:00:00+01:00
1293;Demanda real;;;28365.33333333333;2021-01-24T11:00:00+01:00
1293;Demanda real;;;28389.5;2021-01-24T12:00:00+01:00
1293;Demanda real;;;28927.16666666667;2021-01-24T13:00:00+01:00
1293;Demanda real;;;29058.16666666667;2021-01-24T14:00:00+01:00
1293;Demanda real;;;27444.5;2021-01-24T15:00:00+01:00
1293;Demanda real;;;26530.66666666667;2021-01-24T16:00:00+01:00
1293;Demanda real;;;26285.16666666667;2021-01-24T17:00:00+01:00
1293;Demanda real;;;28187.66666666667;2021-01-24T18:00:00+01:00
1293;Demanda real;;;30246.66666666667;2021-01-24T19:00:00+01:00
1293;Demanda real;;;31266.83333333333;2021-01-24T20:00:00+01:00
1293;Demanda real;;;31319.66666666667;2021-01-24T21:00:00+01:00
1293;Demanda real;;;29908.83333333333;2021-01-24T22:00:00+01:00
1293;Demanda real;;;27446.5;2021-01-24T23:00:00+01:00
1293;Demanda real;;;25315.16666666667;2021-01-25T00:00:00+01:00
1293;Demanda real;;;23794.33333333333;2021-01-25T01:00:00+01:00
1293;Demanda real;;;22762.66666666667;2021-01-25T02:00:00+01:00
1293;Demanda real;;;22272.33333333333;2021-01-25T03:00:00+01:00
1293;Demanda real;;;22289.16666666667;2021-01-25T04:00:00+01:00
1293;Demanda real;;;23056.83333333333;2021-01-25T05:00:00+01:00
1293;Demanda real;;;25855.33333333333;2021-01-25T06:00:00+01:00
1293;Demanda real;;;30364.16666666667;2021-01-25T07:00:00+01:00
1293;Demanda real;;;33404.66666666667;2021-01-25T08:00:00+01:00
1293;Demanda real;;;34959;2021-01-25T09:00:00+01:00
1293;Demanda real;;;35931.5;2021-01-25T10:00:00+01:00
1293;Demanda real;;;36280.66666666667;2021-01-25T11:00:00+01:00
1293;Demanda real;;;36056.16666666667;2021-01-25T12:00:00+01:00
1293;Demanda real;;;36382.66666666667;2021-01-25T13:00:00+01:00
1293;Demanda real;;;35426.33333333334;2021-01-25T14:00:00+01:00
1293;Demanda real;;;34263.5;2021-01-25T15:00:00+01:00
1293;Demanda real;;;33641.66666666667;2021-01-25T16:00:00+01:00
1293;Demanda real;;;33368.33333333334;2021-01-25T17:00:00+01:00
1293;Demanda real;;;33901.83333333334;2021-01-25T18:00:00+01:00
1293;Demanda real;;;35086.66666666667;2021-01-25T19:00:00+01:00
1293;Demanda real;;;35440.66666666667;2021-01-25T20:00:00+01:00
1293;Demanda real;;;34465.16666666667;2021-01-25T21:00:00+01:00
1293;Demanda real;;;31812.5;2021-01-25T22:00:00+01:00
1293;Demanda real;;;28979.16666666667;2021-01-25T23:00:00+01:00
1293;Demanda real;;;26931.83333333333;2021-01-26T00:00:00+01:00
1293;Demanda real;;;25066.66666666667;2021-01-26T01:00:00+01:00
1293;Demanda real;;;23980.33333333333;2021-01-26T02:00:00+01:00
1293;Demanda real;;;23363;2021-01-26T03:00:00+01:00
1293;Demanda real;;;23447.5;2021-01-26T04:00:00+01:00
1293;Demanda real;;;24065.16666666667;2021-01-26T05:00:00+01:00
1293;Demanda real;;;26580.16666666667;2021-01-26T06:00:00+01:00
1293;Demanda real;;;30739.66666666667;2021-01-26T07:00:00+01:00
1293;Demanda real;;;33389;2021-01-26T08:00:00+01:00
1293;Demanda real;;;34558.83333333334;2021-01-26T09:00:00+01:00
1293;Demanda real;;;35137.16666666667;2021-01-26T10:00:00+01:00
1293;Demanda real;;;35174.16666666667;2021-01-26T11:00:00+01:00
1293;Demanda real;;;34762.83333333334;2021-01-26T12:00:00+01:00
1293;Demanda real;;;34711.33333333334;2021-01-26T13:00:00+01:00
1293;Demanda real;;;33944;2021-01-26T14:00:00+01:00
1293;Demanda real;;;32749.33333333333;2021-01-26T15:00:00+01:00
1293;Demanda real;;;32265.83333333333;2021-01-26T16:00:00+01:00
1293;Demanda real;;;32218.66666666667;2021-01-26T17:00:00+01:00
1293;Demanda real;;;33029.83333333334;2021-01-26T18:00:00+01:00
1293;Demanda real;;;34585;2021-01-26T19:00:00+01:00
1293;Demanda real;;;34997.5;2021-01-26T20:00:00+01:00
1293;Demanda real;;;34219.16666666667;2021-01-26T21:00:00+01:00
1293;Demanda real;;;31397.5;2021-01-26T22:00:00+01:00
1293;Demanda real;;;28392;2021-01-26T23:00:00+01:00
1293;Demanda real;;;26270.66666666667;2021-01-27T00:00:00+01:00
1293;Demanda real;;;24463.5;2021-01-27T01:00:00+01:00
1293;Demanda real;;;23493.5;2021-01-27T02:00:00+01:00
1293;Demanda real;;;23050.83333333333;2021-01-27T03:00:00+01:00
1293;Demanda real;;;22997;2021-01-27T04:00:00+01:00
1293;Demanda real;;;23494.66666666667;2021-01-27T05:00:00+01:00
1293;Demanda real;;;25883;2021-01-27T06:00:00+01:00
1293;Demanda real;;;30133.83333333333;2021-01-27T07:00:00+01:00
1293;Demanda real;;;32574.83333333333;2021-01-27T08:00:00+01:00
1293;Demanda real;;;33641;2021-01-27T09:00:00+01:00
1293;Demanda real;;;34098.16666666667;2021-01-27T10:00:00+01:00
1293;Demanda real;;;33975.16666666667;2021-01-27T11:00:00+01:00
1293;Demanda real;;;33713.5;2021-01-27T12:00:00+01:00
1293;Demanda real;;;33565.33333333334;2021-01-27T13:00:00+01:00
1293;Demanda real;;;32544;2021-01-27T14:00:00+01:00
1293;Demanda real;;;31484.16666666667;2021-01-27T15:00:00+01:00
1293;Demanda real;;;31083.33333333333;2021-01-27T16:00:00+01:00
1293;Demanda real;;;30996.83333333333;2021-01-27T17:00:00+01:00
1293;Demanda real;;;32003.83333333333;2021-01-27T18:00:00+01:00
1293;Demanda real;;;33589;2021-01-27T19:00:00+01:00
1293;Demanda real;;;34219;2021-01-27T20:00:00+01:00
1293;Demanda real;;;33337.16666666667;2021-01-27T21:00:00+01:00
1293;Demanda real;;;30718.5;2021-01-27T22:00:00+01:00
1293;Demanda real;;;27872.66666666667;2021-01-27T23:00:00+01:00
1293;Demanda real;;;25946.16666666667;2021-01-28T00:00:00+01:00
1293;Demanda real;;;24447.33333333333;2021-01-28T01:00:00+01:00
1293;Demanda real;;;23358.16666666667;2021-01-28T02:00:00+01:00
1293;Demanda real;;;22911.16666666667;2021-01-28T03:00:00+01:00
1293;Demanda real;;;22944.66666666667;2021-01-28T04:00:00+01:00
1293;Demanda real;;;23412;2021-01-28T05:00:00+01:00
1293;Demanda real;;;25865.66666666667;2021-01-28T06:00:00+01:00
1293;Demanda real;;;29828;2021-01-28T07:00:00+01:00
1293;Demanda real;;;32221.16666666667;2021-01-28T08:00:00+01:00
1293;Demanda real;;;33203.83333333334;2021-01-28T09:00:00+01:00
1293;Demanda real;;;33576.83333333334;2021-01-28T10:00:00+01:00
1293;Demanda real;;;33458.16666666667;2021-01-28T11:00:00+01:00
1293;Demanda real;;;33098.83333333334;2021-01-28T12:00:00+01:00
1293;Demanda real;;;33050.33333333334;2021-01-28T13:00:00+01:00
1293;Demanda real;;;32271.5;2021-01-28T14:00:00+01:00
1293;Demanda real;;;31339.5;2021-01-28T15:00:00+01:00
1293;Demanda real;;;30936;2021-01-28T16:00:00+01:00
1293;Demanda real;;;30578.33333333333;2021-01-28T17:00:00+01:00
1293;Demanda real;;;31689.16666666667;2021-01-28T18:00:00+01:00
1293;Demanda real;;;33278.5;2021-01-28T19:00:00+01:00
1293;Demanda real;;;33920.33333333334;2021-01-28T20:00:00+01:00
1293;Demanda real;;;33027.5;2021-01-28T21:00:00+01:00
1293;Demanda real;;;30388.16666666667;2021-01-28T22:00:00+01:00
1293;Demanda real;;;27597.16666666667;2021-01-28T23:00:00+01:00
1293;Demanda real;;;25771.83333333333;2021-01-29T00:00:00+01:00
1293;Demanda real;;;24354.16666666667;2021-01-29T01:00:00+01:00
1293;Demanda real;;;23279.16666666667;2021-01-29T02:00:00+01:00
1293;Demanda real;;;22763.66666666667;2021-01-29T03:00:00+01:00
1293;Demanda real;;;22591.83333333333;2021-01-29T04:00:00+01:00
1293;Demanda real;;;23171.33333333333;2021-01-29T05:00:00+01:00
1293;Demanda real;;;25320.5;2021-01-29T06:00:00+01:00
1293;Demanda real;;;29029.33333333333;2021-01-29T07:00:00+01:00
1293;Demanda real;;;31269.66666666667;2021-01-29T08:00:00+01:00
1293;Demanda real;;;32343;2021-01-29T09:00:00+01:00
1293;Demanda real;;;32673;2021-01-29T10:00:00+01:00
1293;Demanda real;;;32601.5;2021-01-29T11:00:00+01:00
1293;Demanda real;;;32300.33333333333;2021-01-29T12:00:00+01:00
1293;Demanda real;;;32324.5;2021-01-29T13:00:00+01:00
1293;Demanda real;;;31839.33333333333;2021-01-29T14:00:00+01:00
1293;Demanda real;;;30767.5;2021-01-29T15:00:00+01:00
1293;Demanda real;;;30125.5;2021-01-29T16:00:00+01:00
1293;Demanda real;;;29959.83333333333;2021-01-29T17:00:00+01:00
1293;Demanda real;;;30707.66666666667;2021-01-29T18:00:00+01:00
1293;Demanda real;;;32341.5;2021-01-29T19:00:00+01:00
1293;Demanda real;;;32662;2021-01-29T20:00:00+01:00
1293;Demanda real;;;31963;2021-01-29T21:00:00+01:00
1293;Demanda real;;;29740.5;2021-01-29T22:00:00+01:00
1293;Demanda real;;;27227.33333333333;2021-01-29T23:00:00+01:00
1293;Demanda real;;;25811.33333333333;2021-01-30T00:00:00+01:00
1293;Demanda real;;;24293.5;2021-01-30T01:00:00+01:00
1293;Demanda real;;;23098;2021-01-30T02:00:00+01:00
1293;Demanda real;;;22681.66666666667;2021-01-30T03:00:00+01:00
1293;Demanda real;;;22362.83333333333;2021-01-30T04:00:00+01:00
1293;Demanda real;;;22214.5;2021-01-30T05:00:00+01:00
1293;Demanda real;;;22731.83333333333;2021-01-30T06:00:00+01:00
1293;Demanda real;;;23861;2021-01-30T07:00:00+01:00
1293;Demanda real;;;25223.33333333333;2021-01-30T08:00:00+01:00
1293;Demanda real;;;27412.16666666667;2021-01-30T09:00:00+01:00
1293;Demanda real;;;29309.33333333333;2021-01-30T10:00:00+01:00
1293;Demanda real;;;29930.66666666667;2021-01-30T11:00:00+01:00
1293;Demanda real;;;29915;2021-01-30T12:00:00+01:00
1293;Demanda real;;;30146.66666666667;2021-01-30T13:00:00+01:00
1293;Demanda real;;;29807.5;2021-01-30T14:00:00+01:00
1293;Demanda real;;;27961.83333333333;2021-01-30T15:00:00+01:00
1293;Demanda real;;;26679.33333333333;2021-01-30T16:00:00+01:00
1293;Demanda real;;;26250.66666666667;2021-01-30T17:00:00+01:00
1293;Demanda real;;;27387.83333333333;2021-01-30T18:00:00+01:00
1293;Demanda real;;;29275;2021-01-30T19:00:00+01:00
1293;Demanda real;;;30117.16666666667;2021-01-30T20:00:00+01:00
1293;Demanda real;;;29983.5;2021-01-30T21:00:00+01:00
1293;Demanda real;;;28442.83333333333;2021-01-30T22:00:00+01:00
1293;Demanda real;;;26103.83333333333;2021-01-30T23:00:00+01:00
1293;Demanda real;;;23936.5;2021-01-31T00:00:00+01:00
1293;Demanda real;;;22440.66666666667;2021-01-31T01:00:00+01:00
1293;Demanda real;;;21307.5;2021-01-31T02:00:00+01:00
1293;Demanda real;;;20510.33333333333;2021-01-31T03:00:00+01:00
1293;Demanda real;;;20253.83333333333;2021-01-31T04:00:00+01:00
1293;Demanda real;;;20275.5;2021-01-31T05:00:00+01:00
1293;Demanda real;;;20704.5;2021-01-31T06:00:00+01:00
1293;Demanda real;;;21386.83333333333;2021-01-31T07:00:00+01:00
1293;Demanda real;;;21905;2021-01-31T08:00:00+01:00
1293;Demanda real;;;23840;2021-01-31T09:00:00+01:00
1293;Demanda real;;;26197.33333333333;2021-01-31T10:00:00+01:00
1293;Demanda real;;;27433.16666666667;2021-01-31T11:00:00+01:00
1293;Demanda real;;;27890.33333333333;2021-01-31T12:00:00+01:00
1293;Demanda real;;;28483.83333333333;2021-01-31T13:00:00+01:00
1293;Demanda real;;;28646.16666666667;2021-01-31T14:00:00+01:00
1293;Demanda real;;;26527.83333333333;2021-01-31T15:00:00+01:00
1293;Demanda real;;;25388.33333333333;2021-01-31T16:00:00+01:00
1293;Demanda real;;;24921.33333333333;2021-01-31T17:00:00+01:00
1293;Demanda real;;;26396.83333333333;2021-01-31T18:00:00+01:00
1293;Demanda real;;;28796.83333333333;2021-01-31T19:00:00+01:00
1293;Demanda real;;;29906.16666666667;2021-01-31T20:00:00+01:00
1293;Demanda real;;;29854.5;2021-01-31T21:00:00+01:00
1293;Demanda real;;;28179;2021-01-31T22:00:00+01:00
1293;Demanda real;;;26054.33333333333;2021-01-31T23:00:00+01:00
1293;Demanda real;;;24190.83333333333;2021-02-01T00:00:00+01:00
1293;Demanda real;;;22691.5;2021-02-01T01:00:00+01:00
1293;Demanda real;;;21697.5;2021-02-01T02:00:00+01:00
1293;Demanda real;;;21177.83333333333;2021-02-01T03:00:00+01:00
1293;Demanda real;;;21266;2021-02-01T04:00:00+01:00
1293;Demanda real;;;22215.33333333333;2021-02-01T05:00:00+01:00
1293;Demanda real;;;24994.66666666667;2021-02-01T06:00:00+01:00
1293;Demanda real;;;29133.83333333333;2021-02-01T07:00:00+01:00
1293;Demanda real;;;31544.83333333333;2021-02-01T08:00:00+01:00
1293;Demanda real;;;32688.5;2021-02-01T09:00:00+01:00
1293;Demanda real;;;33108;2021-02-01T10:00:00+01:00
1293;Demanda real;;;33038;2021-02-01T11:00:00+01:00
1293;Demanda real;;;32793;2021-02-01T12:00:00+01:00
1293;Demanda real;;;32901.33333333334;2021-02-01T13:00:00+01:00
1293;Demanda real;;;32218.16666666667;2021-02-01T14:00:00+01:00
1293;Demanda real;;;31228.16666666667;2021-02-01T15:00:00+01:00
1293;Demanda real;;;30669.16666666667;2021-02-01T16:00:00+01:00
1293;Demanda real;;;30469.83333333333;2021-02-01T17:00:00+01:00
1293;Demanda real;;;31065;2021-02-01T18:00:00+01:00
1293;Demanda real;;;33330.66666666667;2021-02-01T19:00:00+01:00
1293;Demanda real;;;33921.33333333334;2021-02-01T20:00:00+01:00
1293;Demanda real;;;33072.16666666667;2021-02-01T21:00:00+01:00
1293;Demanda real;;;30355.16666666667;2021-02-01T22:00:00+01:00
1293;Demanda real;;;27653.5;2021-02-01T23:00:00+01:00
1293;Demanda real;;;26239.16666666667;2021-02-02T00:00:00+01:00
1293;Demanda real;;;24541.66666666667;2021-02-02T01:00:00+01:00
1293;Demanda real;;;23595.5;2021-02-02T02:00:00+01:00
1293;Demanda real;;;23391.33333333333;2021-02-02T03:00:00+01:00
1293;Demanda real;;;23106.16666666667;2021-02-02T04:00:00+01:00
1293;Demanda real;;;23619.83333333333;2021-02-02T05:00:00+01:00
1293;Demanda real;;;25860.66666666667;2021-02-02T06:00:00+01:00
1293;Demanda real;;;29878.16666666667;2021-02-02T07:00:00+01:00
1293;Demanda real;;;31960.83333333333;2021-02-02T08:00:00+01:00
1293;Demanda real;;;32999.66666666667;2021-02-02T09:00:00+01:00
1293;Demanda real;;;33191.83333333334;2021-02-02T10:00:00+01:00
1293;Demanda real;;;33213;2021-02-02T11:00:00+01:00
1293;Demanda real;;;33069.16666666667;2021-02-02T12:00:00+01:00
1293;Demanda real;;;33336.83333333334;2021-02-02T13:00:00+01:00
1293;Demanda real;;;32613;2021-02-02T14:00:00+01:00
1293;Demanda real;;;31402.16666666667;2021-02-02T15:00:00+01:00
1293;Demanda real;;;30946.83333333333;2021-02-02T16:00:00+01:00
1293;Demanda real;;;30700.66666666667;2021-02-02T17:00:00+01:00
1293;Demanda real;;;31384.83333333333;2021-02-02T18:00:00+01:00
1293;Demanda real;;;33308.83333333334;2021-02-02T19:00:00+01:00
1293;Demanda real;;;34001.83333333334;2021-02-02T20:00:00+01:00
1293;Demanda real;;;33122.83333333334;2021-02-02T21:00:00+01:00
1293;Demanda real;;;30262.16666666667;2021-02-02T22:00:00+01:00
1293;Demanda real;;;27487.33333333333;2021-02-02T23:00:00+01:00
1293;Demanda real;;;26014;2021-02-03T00:00:00+01:00
1293;Demanda real;;;24463.83333333333;2021-02-03T01:00:00+01:00
1293;Demanda real;;;23531.16666666667;2021-02-03T02:00:00+01:00
1293;Demanda real;;;23102.16666666667;2021-02-03T03:00:00+01:00
1293;Demanda real;;;23087.83333333333;2021-02-03T04:00:00+01:00
1293;Demanda real;;;23640.83333333333;2021-02-03T05:00:00+01:00
1293;Demanda real;;;25824.5;2021-02-03T06:00:00+01:00
1293;Demanda real;;;29742.16666666667;2021-02-03T07:00:00+01:00
1293;Demanda real;;;31941;2021-02-03T08:00:00+01:00
1293;Demanda real;;;32753.5;2021-02-03T09:00:00+01:00
1293;Demanda real;;;32902.66666666667;2021-02-03T10:00:00+01:00
1293;Demanda real;;;33048.5;2021-02-03T11:00:00+01:00
1293;Demanda real;;;32960;2021-02-03T12:00:00+01:00
1293;Demanda real;;;33054.33333333334;2021-02-03T13:00:00+01:00
1293;Demanda real;;;32411.33333333333;2021-02-03T14:00:00+01:00
1293;Demanda real;;;31422.83333333333;2021-02-03T15:00:00+01:00
1293;Demanda real;;;30649;2021-02-03T16:00:00+01:00
1293;Demanda real;;;30621.83333333333;2021-02-03T17:00:00+01:00
1293;Demanda real;;;31357.5;2021-02-03T18:00:00+01:00
1293;Demanda real;;;33131.33333333334;2021-02-03T19:00:00+01:00
1293;Demanda real;;;33855.5;2021-02-03T20:00:00+01:00
1293;Demanda real;;;33146.33333333334;2021-02-03T21:00:00+01:00
1293;Demanda real;;;30438.83333333333;2021-02-03T22:00:00+01:00
1293;Demanda real;;;27568;2021-02-03T23:00:00+01:00
1293;Demanda real;;;26032.66666666667;2021-02-04T00:00:00+01:00
1293;Demanda real;;;24588.16666666667;2021-02-04T01:00:00+01:00
1293;Demanda real;;;23566.16666666667;2021-02-04T02:00:00+01:00
1293;Demanda real;;;22977.16666666667;2021-02-04T03:00:00+01:00
1293;Demanda real;;;22818;2021-02-04T04:00:00+01:00
1293;Demanda real;;;23377.16666666667;2021-02-04T05:00:00+01:00
1293;Demanda real;;;25537.83333333333;2021-02-04T06:00:00+01:00
1293;Demanda real;;;29372.33333333333;2021-02-04T07:00:00+01:00
1293;Demanda real;;;31568.5;2021-02-04T08:00:00+01:00
1293;Demanda real;;;32565.16666666667;2021-02-04T09:00:00+01:00
1293;Demanda real;;;33082.33333333334;2021-02-04T10:00:00+01:00
1293;Demanda real;;;33015;2021-02-04T11:00:00+01:00
1293;Demanda real;;;32878;2021-02-04T12:00:00+01:00
1293;Demanda real;;;33093.33333333334;2021-02-04T13:00:00+01:00
1293;Demanda real;;;32364;2021-02-04T14:00:00+01:00
1293;Demanda real;;;31314.33333333333;2021-02-04T15:00:00+01:00
1293;Demanda real;;;30874.83333333333;2021-02-04T16:00:00+01:00
1293;Demanda real;;;30713.66666666667;2021-02-04T17:00:00+01:00
1293;Demanda real;;;31349.16666666667;2021-02-04T18:00:00+01:00
1293;Demanda real;;;33310.5;2021-02-04T19:00:00+01:00
1293;Demanda real;;;33729.66666666667;2021-02-04T20:00:00+01:00
1293;Demanda real;;;32869.33333333334;2021-02-04T21:00:00+01:00
1293;Demanda real;;;30333.66666666667;2021-02-04T22:00:00+01:00
1293;Demanda real;;;27612.5;2021-02-04T23:00:00+01:00
1293;Demanda real;;;25954.66666666667;2021-02-05T00:00:00+01:00
1293;Demanda real;;;24243.5;2021-02-05T01:00:00+01:00
1293;Demanda real;;;23505.83333333333;2021-02-05T02:00:00+01:00
1293;Demanda real;;;22959.5;2021-02-05T03:00:00+01:00
1293;Demanda real;;;22740.33333333333;2021-02-05T04:00:00+01:00
1293;Demanda real;;;23439.66666666667;2021-02-05T05:00:00+01:00
1293;Demanda real;;;25903.83333333333;2021-02-05T06:00:00+01:00
1293;Demanda real;;;29716.33333333333;2021-02-05T07:00:00+01:00
1293;Demanda real;;;31873.5;2021-02-05T08:00:00+01:00
1293;Demanda real;;;32849.5;2021-02-05T09:00:00+01:00
1293;Demanda real;;;33389.5;2021-02-05T10:00:00+01:00
1293;Demanda real;;;33502;2021-02-05T11:00:00+01:00
1293;Demanda real;;;33423.16666666667;2021-02-05T12:00:00+01:00
1293;Demanda real;;;33323.83333333334;2021-02-05T13:00:00+01:00
1293;Demanda real;;;32517.5;2021-02-05T14:00:00+01:00
1293;Demanda real;;;31436;2021-02-05T15:00:00+01:00
1293;Demanda real;;;30689.16666666667;2021-02-05T16:00:00+01:00
1293;Demanda real;;;30617.83333333333;2021-02-05T17:00:00+01:00
1293;Demanda real;;;30963.33333333333;2021-02-05T18:00:00+01:00
1293;Demanda real;;;32502;2021-02-05T19:00:00+01:00
1293;Demanda real;;;32801.83333333334;2021-02-05T20:00:00+01:00
1293;Demanda real;;;32522;2021-02-05T21:00:00+01:00
1293;Demanda real;;;30042.33333333333;2021-02-05T22:00:00+01:00
1293;Demanda real;;;27497.16666666667;2021-02-05T23:00:00+01:00
1293;Demanda real;;;25812.33333333333;2021-02-06T00:00:00+01:00
1293;Demanda real;;;24280.33333333333;2021-02-06T01:00:00+01:00
1293;Demanda real;;;23084;2021-02-06T02:00:00+01:00
1293;Demanda real;;;22522.16666666667;2021-02-06T03:00:00+01:00
1293;Demanda real;;;22144.16666666667;2021-02-06T04:00:00+01:00
1293;Demanda real;;;21960.16666666667;2021-02-06T05:00:00+01:00
1293;Demanda real;;;22534.83333333333;2021-02-06T06:00:00+01:00
1293;Demanda real;;;23630;2021-02-06T07:00:00+01:00
1293;Demanda real;;;24852.83333333333;2021-02-06T08:00:00+01:00
1293;Demanda real;;;27293.83333333333;2021-02-06T09:00:00+01:00
1293;Demanda real;;;29283;2021-02-06T10:00:00+01:00
1293;Demanda real;;;29908.16666666667;2021-02-06T11:00:00+01:00
1293;Demanda real;;;29731.83333333333;2021-02-06T12:00:00+01:00
1293;Demanda real;;;30215.83333333333;2021-02-06T13:00:00+01:00
1293;Demanda real;;;29922.33333333333;2021-02-06T14:00:00+01:00
1293;Demanda real;;;28043.16666666667;2021-02-06T15:00:00+01:00
1293;Demanda real;;;26637;2021-02-06T16:00:00+01:00
1293;Demanda real;;;26246.33333333333;2021-02-06T17:00:00+01:00
1293;Demanda real;;;27439.66666666667;2021-02-06T18:00:00+01:00
1293;Demanda real;;;29126.33333333333;2021-02-06T19:00:00+01:00
1293;Demanda real;;;29943.66666666667;2021-02-06T20:00:00+01:00
1293;Demanda real;;;30067.83333333333;2021-02-06T21:00:00+01:00
1293;Demanda real;;;28432.83333333333;2021-02-06T22:00:00+01:00
1293;Demanda real;;;26113.83333333333;2021-02-06T23:00:00+01:00
1293;Demanda real;;;24091;2021-02-07T00:00:00+01:00
1293;Demanda real;;;22374.5;2021-02-07T01:00:00+01:00
1293;Demanda real;;;21158.16666666667;2021-02-07T02:00:00+01:00
1293;Demanda real;;;20643.66666666667;2021-02-07T03:00:00+01:00
1293;Demanda real;;;20321;2021-02-07T04:00:00+01:00
1293;Demanda real;;;20148;2021-02-07T05:00:00+01:00
1293;Demanda real;;;20624;2021-02-07T06:00:00+01:00
1293;Demanda real;;;21245.5;2021-02-07T07:00:00+01:00
1293;Demanda real;;;21840;2021-02-07T08:00:00+01:00
1293;Demanda real;;;23869.66666666667;2021-02-07T09:00:00+01:00
1293;Demanda real;;;26296;2021-02-07T10:00:00+01:00
1293;Demanda real;;;27469.33333333333;2021-02-07T11:00:00+01:00
1293;Demanda real;;;27553.83333333333;2021-02-07T12:00:00+01:00
1293;Demanda real;;;28226;2021-02-07T13:00:00+01:00
1293;Demanda real;;;28494.33333333333;2021-02-07T14:00:00+01:00
1293;Demanda real;;;26766;2021-02-07T15:00:00+01:00
1293;Demanda real;;;25768.16666666667;2021-02-07T16:00:00+01:00
1293;Demanda real;;;25341.16666666667;2021-02-07T17:00:00+01:00
1293;Demanda real;;;26792.83333333333;2021-02-07T18:00:00+01:00
1293;Demanda real;;;29328.66666666667;2021-02-07T19:00:00+01:00
1293;Demanda real;;;30724.16666666667;2021-02-07T20:00:00+01:00
1293;Demanda real;;;30371.66666666667;2021-02-07T21:00:00+01:00
1293;Demanda real;;;28879.83333333333;2021-02-07T22:00:00+01:00
1293;Demanda real;;;26553.33333333333;2021-02-07T23:00:00+01:00
1293;Demanda real;;;24455.16666666667;2021-02-08T00:00:00+01:00
1293;Demanda real;;;22809.33333333333;2021-02-08T01:00:00+01:00
1293;Demanda real;;;21946.66666666667;2021-02-08T02:00:00+01:00
1293;Demanda real;;;21613.83333333333;2021-02-08T03:00:00+01:00
1293;Demanda real;;;21661.83333333333;2021-02-08T04:00:00+01:00
1293;Demanda real;;;22429.5;2021-02-08T05:00:00+01:00
1293;Demanda real;;;25310.66666666667;2021-02-08T06:00:00+01:00
1293;Demanda real;;;29538.16666666667;2021-02-08T07:00:00+01:00
1293;Demanda real;;;32110;2021-02-08T08:00:00+01:00
1293;Demanda real;;;33827.83333333334;2021-02-08T09:00:00+01:00
1293;Demanda real;;;34501.16666666667;2021-02-08T10:00:00+01:00
1293;Demanda real;;;34797.66666666667;2021-02-08T11:00:00+01:00
1293;Demanda real;;;34526.83333333334;2021-02-08T12:00:00+01:00
1293;Demanda real;;;34685.33333333334;2021-02-08T13:00:00+01:00
1293;Demanda real;;;33819.5;2021-02-08T14:00:00+01:00
1293;Demanda real;;;32957.16666666667;2021-02-08T15:00:00+01:00
1293;Demanda real;;;32675.33333333333;2021-02-08T16:00:00+01:00
1293;Demanda real;;;32253.66666666667;2021-02-08T17:00:00+01:00
1293;Demanda real;;;32383;2021-02-08T18:00:00+01:00
1293;Demanda real;;;34712;2021-02-08T19:00:00+01:00
1293;Demanda real;;;35444.83333333334;2021-02-08T20:00:00+01:00
1293;Demanda real;;;34492.83333333334;2021-02-08T21:00:00+01:00
1293;Demanda real;;;31589.33333333333;2021-02-08T22:00:00+01:00
1293;Demanda real;;;28814;2021-02-08T23:00:00+01:00
1293;Demanda real;;;27089.83333333333;2021-02-09T00:00:00+01:00
1293;Demanda real;;;25630.5;2021-02-09T01:00:00+01:00
1293;Demanda real;;;24514.16666666667;2021-02-09T02:00:00+01:00
1293;Demanda real;;;24049;2021-02-09T03:00:00+01:00
1293;Demanda real;;;24094.83333333333;2021-02-09T04:00:00+01:00
1293;Demanda real;;;24662;2021-02-09T05:00:00+01:00
1293;Demanda real;;;27016;2021-02-09T06:00:00+01:00
1293;Demanda real;;;31187.66666666667;2021-02-09T07:00:00+01:00
1293;Demanda real;;;33495.5;2021-02-09T08:00:00+01:00
1293;Demanda real;;;34997.16666666667;2021-02-09T09:00:00+01:00
1293;Demanda real;;;35694.33333333334;2021-02-09T10:00:00+01:00
1293;Demanda real;;;35959.66666666667;2021-02-09T11:00:00+01:00
1293;Demanda real;;;35873.83333333334;2021-02-09T12:00:00+01:00
1293;Demanda real;;;36345.33333333334;2021-02-09T13:00:00+01:00
1293;Demanda real;;;35513.66666666667;2021-02-09T14:00:00+01:00
1293;Demanda real;;;34544;2021-02-09T15:00:00+01:00
1293;Demanda real;;;33796.5;2021-02-09T16:00:00+01:00
1293;Demanda real;;;33500.33333333334;2021-02-09T17:00:00+01:00
1293;Demanda real;;;33713.33333333334;2021-02-09T18:00:00+01:00
1293;Demanda real;;;35576.66666666667;2021-02-09T19:00:00+01:00
1293;Demanda real;;;35969;2021-02-09T20:00:00+01:00
1293;Demanda real;;;35006.16666666667;2021-02-09T21:00:00+01:00
1293;Demanda real;;;32049.5;2021-02-09T22:00:00+01:00
1293;Demanda real;;;29180.16666666667;2021-02-09T23:00:00+01:00
1293;Demanda real;;;27351.33333333333;2021-02-10T00:00:00+01:00
1293;Demanda real;;;25751.5;2021-02-10T01:00:00+01:00
1293;Demanda real;;;24427.66666666667;2021-02-10T02:00:00+01:00
1293;Demanda real;;;24018;2021-02-10T03:00:00+01:00
1293;Demanda real;;;23959.5;2021-02-10T04:00:00+01:00
1293;Demanda real;;;24475.33333333333;2021-02-10T05:00:00+01:00
1293;Demanda real;;;26951.5;2021-02-10T06:00:00+01:00
1293;Demanda real;;;31056;2021-02-10T07:00:00+01:00
1293;Demanda real;;;33078.83333333334;2021-02-10T08:00:00+01:00
1293;Demanda real;;;34220.83333333334;2021-02-10T09:00:00+01:00
1293;Demanda real;;;34620.5;2021-02-10T10:00:00+01:00
1293;Demanda real;;;34573.16666666667;2021-02-10T11:00:00+01:00
1293;Demanda real;;;34533;2021-02-10T12:00:00+01:00
1293;Demanda real;;;34468;2021-02-10T13:00:00+01:00
1293;Demanda real;;;33638.33333333334;2021-02-10T14:00:00+01:00
1293;Demanda real;;;32556.33333333333;2021-02-10T15:00:00+01:00
1293;Demanda real;;;31784.5;2021-02-10T16:00:00+01:00
1293;Demanda real;;;31396.83333333333;2021-02-10T17:00:00+01:00
1293;Demanda real;;;31677.66666666667;2021-02-10T18:00:00+01:00
1293;Demanda real;;;34048.5;2021-02-10T19:00:00+01:00
1293;Demanda real;;;34833;2021-02-10T20:00:00+01:00
1293;Demanda real;;;34075.5;2021-02-10T21:00:00+01:00
1293;Demanda real;;;31372.5;2021-02-10T22:00:00+01:00
1293;Demanda real;;;28580;2021-02-10T23:00:00+01:00
1293;Demanda real;;;26796.5;2021-02-11T00:00:00+01:00
1293;Demanda real;;;25148.16666666667;2021-02-11T01:00:00+01:00
1293;Demanda real;;;24127.66666666667;2021-02-11T02:00:00+01:00
1293;Demanda real;;;23657.5;2021-02-11T03:00:00+01:00
1293;Demanda real;;;23599.33333333333;2021-02-11T04:00:00+01:00
1293;Demanda real;;;24203.16666666667;2021-02-11T05:00:00+01:00
1293;Demanda real;;;26591.66666666667;2021-02-11T06:00:00+01:00
1293;Demanda real;;;30416.5;2021-02-11T07:00:00+01:00
1293;Demanda real;;;32544.83333333333;2021-02-11T08:00:00+01:00
1293;Demanda real;;;33581.5;2021-02-11T09:00:00+01:00
1293;Demanda real;;;33934.33333333334;2021-02-11T10:00:00+01:00
1293;Demanda real;;;33856.16666666667;2021-02-11T11:00:00+01:00
1293;Demanda real;;;33653.66666666667;2021-02-11T12:00:00+01:00
1293;Demanda real;;;33767.16666666667;2021-02-11T13:00:00+01:00
1293;Demanda real;;;33133.5;2021-02-11T14:00:00+01:00
1293;Demanda real;;;32058.16666666667;2021-02-11T15:00:00+01:00
1293;Demanda real;;;31575.16666666667;2021-02-11T16:00:00+01:00
1293;Demanda real;;;31338;2021-02-11T17:00:00+01:00
1293;Demanda real;;;31685.83333333333;2021-02-11T18:00:00+01:00
1293;Demanda real;;;33859.83333333334;2021-02-11T19:00:00+01:00
1293;Demanda real;;;34624.83333333334;2021-02-11T20:00:00+01:00
1293;Demanda real;;;33776.5;2021-02-11T21:00:00+01:00
1293;Demanda real;;;31248.16666666667;2021-02-11T22:00:00+01:00
1293;Demanda real;;;28552.66666666667;2021-02-11T23:00:00+01:00
1293;Demanda real;;;26992;2021-02-12T00:00:00+01:00
1293;Demanda real;;;25452.5;2021-02-12T01:00:00+01:00
1293;Demanda real;;;24398.5;2021-02-12T02:00:00+01:00
1293;Demanda real;;;23972.16666666667;2021-02-12T03:00:00+01:00
1293;Demanda real;;;23678.33333333333;2021-02-12T04:00:00+01:00
1293;Demanda real;;;24264.5;2021-02-12T05:00:00+01:00
1293;Demanda real;;;26624;2021-02-12T06:00:00+01:00
1293;Demanda real;;;30324.5;2021-02-12T07:00:00+01:00
1293;Demanda real;;;32362.83333333333;2021-02-12T08:00:00+01:00
1293;Demanda real;;;33564.83333333334;2021-02-12T09:00:00+01:00
1293;Demanda real;;;33580.83333333334;2021-02-12T10:00:00+01:00
1293;Demanda real;;;33486;2021-02-12T11:00:00+01:00
1293;Demanda real;;;33148.16666666667;2021-02-12T12:00:00+01:00
1293;Demanda real;;;33142.16666666667;2021-02-12T13:00:00+01:00
1293;Demanda real;;;32227.66666666667;2021-02-12T14:00:00+01:00
1293;Demanda real;;;30903;2021-02-12T15:00:00+01:00
1293;Demanda real;;;30252.83333333333;2021-02-12T16:00:00+01:00
1293;Demanda real;;;29876.5;2021-02-12T17:00:00+01:00
1293;Demanda real;;;29994.5;2021-02-12T18:00:00+01:00
1293;Demanda real;;;32247.83333333333;2021-02-12T19:00:00+01:00
1293;Demanda real;;;33017.33333333334;2021-02-12T20:00:00+01:00
1293;Demanda real;;;32456.33333333333;2021-02-12T21:00:00+01:00
1293;Demanda real;;;30094.5;2021-02-12T22:00:00+01:00
1293;Demanda real;;;27559.16666666667;2021-02-12T23:00:00+01:00
1293;Demanda real;;;26016.16666666667;2021-02-13T00:00:00+01:00
1293;Demanda real;;;24294.5;2021-02-13T01:00:00+01:00
1293;Demanda real;;;23230;2021-02-13T02:00:00+01:00
1293;Demanda real;;;22597.5;2021-02-13T03:00:00+01:00
1293;Demanda real;;;22335.33333333333;2021-02-13T04:00:00+01:00
1293;Demanda real;;;22291.66666666667;2021-02-13T05:00:00+01:00
1293;Demanda real;;;22842.66666666667;2021-02-13T06:00:00+01:00
1293;Demanda real;;;24151.16666666667;2021-02-13T07:00:00+01:00
1293;Demanda real;;;25284;2021-02-13T08:00:00+01:00
1293;Demanda real;;;27624.16666666667;2021-02-13T09:00:00+01:00
1293;Demanda real;;;29262.83333333333;2021-02-13T10:00:00+01:00
1293;Demanda real;;;29578.5;2021-02-13T11:00:00+01:00
1293;Demanda real;;;29213.83333333333;2021-02-13T12:00:00+01:00
1293;Demanda real;;;29122.66666666667;2021-02-13T13:00:00+01:00
1293;Demanda real;;;28613.33333333333;2021-02-13T14:00:00+01:00
1293;Demanda real;;;27098.33333333333;2021-02-13T15:00:00+01:00
1293;Demanda real;;;26045.83333333333;2021-02-13T16:00:00+01:00
1293;Demanda real;;;25492.66666666667;2021-02-13T17:00:00+01:00
1293;Demanda real;;;26233.83333333333;2021-02-13T18:00:00+01:00
1293;Demanda real;;;28738.66666666667;2021-02-13T19:00:00+01:00
1293;Demanda real;;;30015;2021-02-13T20:00:00+01:00
1293;Demanda real;;;30003.33333333333;2021-02-13T21:00:00+01:00
1293;Demanda real;;;28575.83333333333;2021-02-13T22:00:00+01:00
1293;Demanda real;;;26342.5;2021-02-13T23:00:00+01:00
1293;Demanda real;;;24314.33333333333;2021-02-14T00:00:00+01:00
1293;Demanda real;;;22803.66666666667;2021-02-14T01:00:00+01:00
1293;Demanda real;;;21868.16666666667;2021-02-14T02:00:00+01:00
1293;Demanda real;;;21214.83333333333;2021-02-14T03:00:00+01:00
1293;Demanda real;;;20952.16666666667;2021-02-14T04:00:00+01:00
1293;Demanda real;;;21049.33333333333;2021-02-14T05:00:00+01:00
1293;Demanda real;;;21466.16666666667;2021-02-14T06:00:00+01:00
1293;Demanda real;;;22257.5;2021-02-14T07:00:00+01:00
1293;Demanda real;;;22736.33333333333;2021-02-14T08:00:00+01:00
1293;Demanda real;;;24825.5;2021-02-14T09:00:00+01:00
1293;Demanda real;;;26706.16666666667;2021-02-14T10:00:00+01:00
1293;Demanda real;;;27322.33333333333;2021-02-14T11:00:00+01:00
1293;Demanda real;;;27255.83333333333;2021-02-14T12:00:00+01:00
1293;Demanda real;;;27666.33333333333;2021-02-14T13:00:00+01:00
1293;Demanda real;;;27532.33333333333;2021-02-14T14:00:00+01:00
1293;Demanda real;;;25941;2021-02-14T15:00:00+01:00
1293;Demanda real;;;24806.5;2021-02-14T16:00:00+01:00
1293;Demanda real;;;24560.66666666667;2021-02-14T17:00:00+01:00
1293;Demanda real;;;25651.5;2021-02-14T18:00:00+01:00
1293;Demanda real;;;28368.5;2021-02-14T19:00:00+01:00
1293;Demanda real;;;29873;2021-02-14T20:00:00+01:00
1293;Demanda real;;;29855.66666666667;2021-02-14T21:00:00+01:00
1293;Demanda real;;;28527.66666666667;2021-02-14T22:00:00+01:00
1293;Demanda real;;;26311.16666666667;2021-02-14T23:00:00+01:00
1293;Demanda real;;;24350.66666666667;2021-02-15T00:00:00+01:00
1293;Demanda real;;;22745.16666666667;2021-02-15T01:00:00+01:00
1293;Demanda real;;;21816.33333333333;2021-02-15T02:00:00+01:00
1293;Demanda real;;;21490.66666666667;2021-02-15T03:00:00+01:00
1293;Demanda real;;;21586.83333333333;2021-02-15T04:00:00+01:00
1293;Demanda real;;;22594.16666666667;2021-02-15T05:00:00+01:00
1293;Demanda real;;;25360.83333333333;2021-02-15T06:00:00+01:00
1293;Demanda real;;;29458.5;2021-02-15T07:00:00+01:00
1293;Demanda real;;;31741.33333333333;2021-02-15T08:00:00+01:00
1293;Demanda real;;;33468.33333333334;2021-02-15T09:00:00+01:00
1293;Demanda real;;;34019.83333333334;2021-02-15T10:00:00+01:00
1293;Demanda real;;;33930.83333333334;2021-02-15T11:00:00+01:00
1293;Demanda real;;;33629;2021-02-15T12:00:00+01:00
1293;Demanda real;;;34040.16666666667;2021-02-15T13:00:00+01:00
1293;Demanda real;;;33373.5;2021-02-15T14:00:00+01:00
1293;Demanda real;;;32277;2021-02-15T15:00:00+01:00
1293;Demanda real;;;31676;2021-02-15T16:00:00+01:00
1293;Demanda real;;;31130.33333333333;2021-02-15T17:00:00+01:00
1293;Demanda real;;;31160.16666666667;2021-02-15T18:00:00+01:00
1293;Demanda real;;;33570.83333333334;2021-02-15T19:00:00+01:00
1293;Demanda real;;;34490.33333333334;2021-02-15T20:00:00+01:00
1293;Demanda real;;;33591.83333333334;2021-02-15T21:00:00+01:00
1293;Demanda real;;;30783.83333333333;2021-02-15T22:00:00+01:00
1293;Demanda real;;;27933.66666666667;2021-02-15T23:00:00+01:00
1293;Demanda real;;;26252;2021-02-16T00:00:00+01:00
1293;Demanda real;;;24848.83333333333;2021-02-16T01:00:00+01:00
1293;Demanda real;;;23951.16666666667;2021-02-16T02:00:00+01:00
1293;Demanda real;;;23572.16666666667;2021-02-16T03:00:00+01:00
1293;Demanda real;;;23519.83333333333;2021-02-16T04:00:00+01:00
1293;Demanda real;;;23911.16666666667;2021-02-16T05:00:00+01:00
1293;Demanda real;;;26241.66666666667;2021-02-16T06:00:00+01:00
1293;Demanda real;;;29996;2021-02-16T07:00:00+01:00
1293;Demanda real;;;32160.5;2021-02-16T08:00:00+01:00
1293;Demanda real;;;33614.66666666667;2021-02-16T09:00:00+01:00
1293;Demanda real;;;33977.16666666667;2021-02-16T10:00:00+01:00
1293;Demanda real;;;33857;2021-02-16T11:00:00+01:00
1293;Demanda real;;;33522.5;2021-02-16T12:00:00+01:00
1293;Demanda real;;;33538.5;2021-02-16T13:00:00+01:00
1293;Demanda real;;;32571.83333333333;2021-02-16T14:00:00+01:00
1293;Demanda real;;;31427.66666666667;2021-02-16T15:00:00+01:00
1293;Demanda real;;;31050.66666666667;2021-02-16T16:00:00+01:00
1293;Demanda real;;;30713.83333333333;2021-02-16T17:00:00+01:00
1293;Demanda real;;;30868;2021-02-16T18:00:00+01:00
1293;Demanda real;;;33357;2021-02-16T19:00:00+01:00
1293;Demanda real;;;34358.5;2021-02-16T20:00:00+01:00
1293;Demanda real;;;33576.66666666667;2021-02-16T21:00:00+01:00
1293;Demanda real;;;31122.33333333333;2021-02-16T22:00:00+01:00
1293;Demanda real;;;28218;2021-02-16T23:00:00+01:00
1293;Demanda real;;;26346.16666666667;2021-02-17T00:00:00+01:00
1293;Demanda real;;;24657.83333333333;2021-02-17T01:00:00+01:00
1293;Demanda real;;;23702;2021-02-17T02:00:00+01:00
1293;Demanda real;;;23184.16666666667;2021-02-17T03:00:00+01:00
1293;Demanda real;;;23190;2021-02-17T04:00:00+01:00
1293;Demanda real;;;23911.5;2021-02-17T05:00:00+01:00
1293;Demanda real;;;26418.66666666667;2021-02-17T06:00:00+01:00
1293;Demanda real;;;30150.16666666667;2021-02-17T07:00:00+01:00
1293;Demanda real;;;32421.33333333333;2021-02-17T08:00:00+01:00
1293;Demanda real;;;33629;2021-02-17T09:00:00+01:00
1293;Demanda real;;;33897.33333333334;2021-02-17T10:00:00+01:00
1293;Demanda real;;;33709.66666666667;2021-02-17T11:00:00+01:00
1293;Demanda real;;;33289.33333333334;2021-02-17T12:00:00+01:00
1293;Demanda real;;;33373.66666666667;2021-02-17T13:00:00+01:00
1293;Demanda real;;;32383.16666666667;2021-02-17T14:00:00+01:00
1293;Demanda real;;;31356.66666666667;2021-02-17T15:00:00+01:00
1293;Demanda real;;;30920;2021-02-17T16:00:00+01:00
1293;Demanda real;;;30726.83333333333;2021-02-17T17:00:00+01:00
1293;Demanda real;;;30980.33333333333;2021-02-17T18:00:00+01:00
1293;Demanda real;;;33651.16666666667;2021-02-17T19:00:00+01:00
1293;Demanda real;;;34858;2021-02-17T20:00:00+01:00
1293;Demanda real;;;34128;2021-02-17T21:00:00+01:00
1293;Demanda real;;;31427.5;2021-02-17T22:00:00+01:00
1293;Demanda real;;;28456.83333333333;2021-02-17T23:00:00+01:00
1293;Demanda real;;;26743.33333333333;2021-02-18T00:00:00+01:00
1293;Demanda real;;;25217.16666666667;2021-02-18T01:00:00+01:00
1293;Demanda real;;;24153.5;2021-02-18T02:00:00+01:00
1293;Demanda real;;;23835.66666666667;2021-02-18T03:00:00+01:00
1293;Demanda real;;;23632;2021-02-18T04:00:00+01:00
1293;Demanda real;;;24185.33333333333;2021-02-18T05:00:00+01:00
1293;Demanda real;;;26560.66666666667;2021-02-18T06:00:00+01:00
1293;Demanda real;;;30501.83333333333;2021-02-18T07:00:00+01:00
1293;Demanda real;;;32478.83333333333;2021-02-18T08:00:00+01:00
1293;Demanda real;;;33788.66666666667;2021-02-18T09:00:00+01:00
1293;Demanda real;;;34016.5;2021-02-18T10:00:00+01:00
1293;Demanda real;;;33930.66666666667;2021-02-18T11:00:00+01:00
1293;Demanda real;;;33504.5;2021-02-18T12:00:00+01:00
1293;Demanda real;;;33539.5;2021-02-18T13:00:00+01:00
1293;Demanda real;;;32456;2021-02-18T14:00:00+01:00
1293;Demanda real;;;31359.83333333333;2021-02-18T15:00:00+01:00
1293;Demanda real;;;30720.83333333333;2021-02-18T16:00:00+01:00
1293;Demanda real;;;30598.66666666667;2021-02-18T17:00:00+01:00
1293;Demanda real;;;31119.83333333333;2021-02-18T18:00:00+01:00
1293;Demanda real;;;33605.66666666667;2021-02-18T19:00:00+01:00
1293;Demanda real;;;34588.83333333334;2021-02-18T20:00:00+01:00
1293;Demanda real;;;33787.83333333334;2021-02-18T21:00:00+01:00
1293;Demanda real;;;30982.83333333333;2021-02-18T22:00:00+01:00
1293;Demanda real;;;28211.33333333333;2021-02-18T23:00:00+01:00
1293;Demanda real;;;26406;2021-02-19T00:00:00+01:00
1293;Demanda real;;;24999.5;2021-02-19T01:00:00+01:00
1293;Demanda real;;;24115.5;2021-02-19T02:00:00+01:00
1293;Demanda real;;;23691.5;2021-02-19T03:00:00+01:00
1293;Demanda real;;;23638.5;2021-02-19T04:00:00+01:00
1293;Demanda real;;;24303.5;2021-02-19T05:00:00+01:00
1293;Demanda real;;;26800.16666666667;2021-02-19T06:00:00+01:00
1293;Demanda real;;;30699.16666666667;2021-02-19T07:00:00+01:00
1293;Demanda real;;;32735;2021-02-19T08:00:00+01:00
1293;Demanda real;;;34074.16666666667;2021-02-19T09:00:00+01:00
1293;Demanda real;;;33940.5;2021-02-19T10:00:00+01:00
1293;Demanda real;;;33596.33333333334;2021-02-19T11:00:00+01:00
1293;Demanda real;;;33330;2021-02-19T12:00:00+01:00
1293;Demanda real;;;33238.33333333334;2021-02-19T13:00:00+01:00
1293;Demanda real;;;32044.33333333333;2021-02-19T14:00:00+01:00
1293;Demanda real;;;30903.33333333333;2021-02-19T15:00:00+01:00
1293;Demanda real;;;30424.83333333333;2021-02-19T16:00:00+01:00
1293;Demanda real;;;30096.33333333333;2021-02-19T17:00:00+01:00
1293;Demanda real;;;30119;2021-02-19T18:00:00+01:00
1293;Demanda real;;;32463;2021-02-19T19:00:00+01:00
1293;Demanda real;;;33474;2021-02-19T20:00:00+01:00
1293;Demanda real;;;33057.33333333334;2021-02-19T21:00:00+01:00
1293;Demanda real;;;30593.66666666667;2021-02-19T22:00:00+01:00
1293;Demanda real;;;27901.66666666667;2021-02-19T23:00:00+01:00
1293;Demanda real;;;26395.5;2021-02-20T00:00:00+01:00
1293;Demanda real;;;24764.16666666667;2021-02-20T01:00:00+01:00
1293;Demanda real;;;23492.33333333333;2021-02-20T02:00:00+01:00
1293;Demanda real;;;22844;2021-02-20T03:00:00+01:00
1293;Demanda real;;;22579.33333333333;2021-02-20T04:00:00+01:00
1293;Demanda real;;;22539;2021-02-20T05:00:00+01:00
1293;Demanda real;;;22972;2021-02-20T06:00:00+01:00
1293;Demanda real;;;24214.83333333333;2021-02-20T07:00:00+01:00
1293;Demanda real;;;25499.33333333333;2021-02-20T08:00:00+01:00
1293;Demanda real;;;27947.33333333333;2021-02-20T09:00:00+01:00
1293;Demanda real;;;29551.16666666667;2021-02-20T10:00:00+01:00
1293;Demanda real;;;29891.5;2021-02-20T11:00:00+01:00
1293;Demanda real;;;29464.33333333333;2021-02-20T12:00:00+01:00
1293;Demanda real;;;29566.33333333333;2021-02-20T13:00:00+01:00
1293;Demanda real;;;29053.83333333333;2021-02-20T14:00:00+01:00
1293;Demanda real;;;27425.83333333333;2021-02-20T15:00:00+01:00
1293;Demanda real;;;26379.16666666667;2021-02-20T16:00:00+01:00
1293;Demanda real;;;26082.5;2021-02-20T17:00:00+01:00
1293;Demanda real;;;26623.83333333333;2021-02-20T18:00:00+01:00
1293;Demanda real;;;28898.66666666667;2021-02-20T19:00:00+01:00
1293;Demanda real;;;30115.16666666667;2021-02-20T20:00:00+01:00
1293;Demanda real;;;30104.66666666667;2021-02-20T21:00:00+01:00
1293;Demanda real;;;28531.16666666667;2021-02-20T22:00:00+01:00
1293;Demanda real;;;26269.66666666667;2021-02-20T23:00:00+01:00
1293;Demanda real;;;24095.5;2021-02-21T00:00:00+01:00
1293;Demanda real;;;22430.66666666667;2021-02-21T01:00:00+01:00
1293;Demanda real;;;21320;2021-02-21T02:00:00+01:00
1293;Demanda real;;;20783.33333333333;2021-02-21T03:00:00+01:00
1293;Demanda real;;;20411.66666666667;2021-02-21T04:00:00+01:00
1293;Demanda real;;;20405.16666666667;2021-02-21T05:00:00+01:00
1293;Demanda real;;;20777.66666666667;2021-02-21T06:00:00+01:00
1293;Demanda real;;;21584.16666666667;2021-02-21T07:00:00+01:00
1293;Demanda real;;;21977;2021-02-21T08:00:00+01:00
1293;Demanda real;;;24311.83333333333;2021-02-21T09:00:00+01:00
1293;Demanda real;;;26695.66666666667;2021-02-21T10:00:00+01:00
1293;Demanda real;;;27932.83333333333;2021-02-21T11:00:00+01:00
1293;Demanda real;;;28365.33333333333;2021-02-21T12:00:00+01:00
1293;Demanda real;;;29245.5;2021-02-21T13:00:00+01:00
1293;Demanda real;;;29365.33333333333;2021-02-21T14:00:00+01:00
1293;Demanda real;;;27314.33333333333;2021-02-21T15:00:00+01:00
1293;Demanda real;;;26324.5;2021-02-21T16:00:00+01:00
1293;Demanda real;;;25843.16666666667;2021-02-21T17:00:00+01:00
1293;Demanda real;;;26567;2021-02-21T18:00:00+01:00
1293;Demanda real;;;28735.5;2021-02-21T19:00:00+01:00
1293;Demanda real;;;30431.5;2021-02-21T20:00:00+01:00
1293;Demanda real;;;30433.66666666667;2021-02-21T21:00:00+01:00
1293;Demanda real;;;29010.5;2021-02-21T22:00:00+01:00
1293;Demanda real;;;26851.66666666667;2021-02-21T23:00:00+01:00
1293;Demanda real;;;24654.66666666667;2021-02-22T00:00:00+01:00
1293;Demanda real;;;22961.83333333333;2021-02-22T01:00:00+01:00
1293;Demanda real;;;22032.5;2021-02-22T02:00:00+01:00
1293;Demanda real;;;21700.33333333333;2021-02-22T03:00:00+01:00
1293;Demanda real;;;21679.16666666667;2021-02-22T04:00:00+01:00
1293;Demanda real;;;22518.33333333333;2021-02-22T05:00:00+01:00
1293;Demanda real;;;25377.83333333333;2021-02-22T06:00:00+01:00
1293;Demanda real;;;29481.83333333333;2021-02-22T07:00:00+01:00
1293;Demanda real;;;31543.66666666667;2021-02-22T08:00:00+01:00
1293;Demanda real;;;33184.66666666667;2021-02-22T09:00:00+01:00
1293;Demanda real;;;33778.33333333334;2021-02-22T10:00:00+01:00
1293;Demanda real;;;33863;2021-02-22T11:00:00+01:00
1293;Demanda real;;;33770.16666666667;2021-02-22T12:00:00+01:00
1293;Demanda real;;;33843.16666666667;2021-02-22T13:00:00+01:00
1293;Demanda real;;;33004.83333333334;2021-02-22T14:00:00+01:00
1293;Demanda real;;;31957;2021-02-22T15:00:00+01:00
1293;Demanda real;;;31517.5;2021-02-22T16:00:00+01:00
1293;Demanda real;;;31131.66666666667;2021-02-22T17:00:00+01:00
1293;Demanda real;;;31101.16666666667;2021-02-22T18:00:00+01:00
1293;Demanda real;;;33188.66666666667;2021-02-22T19:00:00+01:00
1293;Demanda real;;;34630.16666666667;2021-02-22T20:00:00+01:00
1293;Demanda real;;;33966.5;2021-02-22T21:00:00+01:00
1293;Demanda real;;;31103.33333333333;2021-02-22T22:00:00+01:00
1293;Demanda real;;;28393;2021-02-22T23:00:00+01:00
1293;Demanda real;;;26237.5;2021-02-23T00:00:00+01:00
1293;Demanda real;;;24552.66666666667;2021-02-23T01:00:00+01:00
1293;Demanda real;;;23634;2021-02-23T02:00:00+01:00
1293;Demanda real;;;23198.66666666667;2021-02-23T03:00:00+01:00
1293;Demanda real;;;23102.33333333333;2021-02-23T04:00:00+01:00
1293;Demanda real;;;23768;2021-02-23T05:00:00+01:00
1293;Demanda real;;;26286.5;2021-02-23T06:00:00+01:00
1293;Demanda real;;;30297.33333333333;2021-02-23T07:00:00+01:00
1293;Demanda real;;;32692.66666666667;2021-02-23T08:00:00+01:00
1293;Demanda real;;;33874.5;2021-02-23T09:00:00+01:00
1293;Demanda real;;;33759.33333333334;2021-02-23T10:00:00+01:00
1293;Demanda real;;;33629.33333333334;2021-02-23T11:00:00+01:00
1293;Demanda real;;;33406;2021-02-23T12:00:00+01:00
1293;Demanda real;;;33464.83333333334;2021-02-23T13:00:00+01:00
1293;Demanda real;;;32661.83333333333;2021-02-23T14:00:00+01:00
1293;Demanda real;;;31522.16666666667;2021-02-23T15:00:00+01:00
1293;Demanda real;;;30934;2021-02-23T16:00:00+01:00
1293;Demanda real;;;30576.33333333333;2021-02-23T17:00:00+01:00
1293;Demanda real;;;30716.16666666667;2021-02-23T18:00:00+01:00
1293;Demanda real;;;33222.16666666667;2021-02-23T19:00:00+01:00
1293;Demanda real;;;34433.33333333334;2021-02-23T20:00:00+01:00
1293;Demanda real;;;33647.33333333334;2021-02-23T21:00:00+01:00
1293;Demanda real;;;31104.16666666667;2021-02-23T22:00:00+01:00
1293;Demanda real;;;28140.33333333333;2021-02-23T23:00:00+01:00
1293;Demanda real;;;26091.83333333333;2021-02-24T00:00:00+01:00
1293;Demanda real;;;24489.66666666667;2021-02-24T01:00:00+01:00
1293;Demanda real;;;23564.16666666667;2021-02-24T02:00:00+01:00
1293;Demanda real;;;23180;2021-02-24T03:00:00+01:00
1293;Demanda real;;;23109.5;2021-02-24T04:00:00+01:00
1293;Demanda real;;;23633.83333333333;2021-02-24T05:00:00+01:00
1293;Demanda real;;;26149.83333333333;2021-02-24T06:00:00+01:00
1293;Demanda real;;;30172.33333333333;2021-02-24T07:00:00+01:00
1293;Demanda real;;;32476;2021-02-24T08:00:00+01:00
1293;Demanda real;;;33541;2021-02-24T09:00:00+01:00
1293;Demanda real;;;33701.16666666667;2021-02-24T10:00:00+01:00
1293;Demanda real;;;33640.33333333334;2021-02-24T11:00:00+01:00
1293;Demanda real;;;33434.5;2021-02-24T12:00:00+01:00
1293;Demanda real;;;33517.83333333334;2021-02-24T13:00:00+01:00
1293;Demanda real;;;32617.83333333333;2021-02-24T14:00:00+01:00
1293;Demanda real;;;31436.5;2021-02-24T15:00:00+01:00
1293;Demanda real;;;30858;2021-02-24T16:00:00+01:00
1293;Demanda real;;;30630.83333333333;2021-02-24T17:00:00+01:00
1293;Demanda real;;;30501.33333333333;2021-02-24T18:00:00+01:00
1293;Demanda real;;;33223.66666666667;2021-02-24T19:00:00+01:00
1293;Demanda real;;;34351.5;2021-02-24T20:00:00+01:00
1293;Demanda real;;;33662.5;2021-02-24T21:00:00+01:00
1293;Demanda real;;;30974;2021-02-24T22:00:00+01:00
1293;Demanda real;;;28023.66666666667;2021-02-24T23:00:00+01:00
1293;Demanda real;;;26218.5;2021-02-25T00:00:00+01:00
1293;Demanda real;;;24675.33333333333;2021-02-25T01:00:00+01:00
1293;Demanda real;;;23655.16666666667;2021-02-25T02:00:00+01:00
1293;Demanda real;;;23155.83333333333;2021-02-25T03:00:00+01:00
1293;Demanda real;;;22938;2021-02-25T04:00:00+01:00
1293;Demanda real;;;23555;2021-02-25T05:00:00+01:00
1293;Demanda real;;;25972.16666666667;2021-02-25T06:00:00+01:00
1293;Demanda real;;;29628;2021-02-25T07:00:00+01:00
1293;Demanda real;;;31781.83333333333;2021-02-25T08:00:00+01:00
1293;Demanda real;;;32934;2021-02-25T09:00:00+01:00
1293;Demanda real;;;33183.83333333334;2021-02-25T10:00:00+01:00
1293;Demanda real;;;33304.66666666667;2021-02-25T11:00:00+01:00
1293;Demanda real;;;33183.83333333334;2021-02-25T12:00:00+01:00
1293;Demanda real;;;33436.33333333334;2021-02-25T13:00:00+01:00
1293;Demanda real;;;32584.33333333333;2021-02-25T14:00:00+01:00
1293;Demanda real;;;31601.5;2021-02-25T15:00:00+01:00
1293;Demanda real;;;30843.16666666667;2021-02-25T16:00:00+01:00
1293;Demanda real;;;30704.33333333333;2021-02-25T17:00:00+01:00
1293;Demanda real;;;30848;2021-02-25T18:00:00+01:00
1293;Demanda real;;;33012.83333333334;2021-02-25T19:00:00+01:00
1293;Demanda real;;;34143.33333333334;2021-02-25T20:00:00+01:00
1293;Demanda real;;;33632.66666666667;2021-02-25T21:00:00+01:00
1293;Demanda real;;;30955.83333333333;2021-02-25T22:00:00+01:00
1293;Demanda real;;;28167.16666666667;2021-02-25T23:00:00+01:00
1293;Demanda real;;;26298.33333333333;2021-02-26T00:00:00+01:00
1293;Demanda real;;;24666.5;2021-02-26T01:00:00+01:00
1293;Demanda real;;;23735.5;2021-02-26T02:00:00+01:00
1293;Demanda real;;;23378.33333333333;2021-02-26T03:00:00+01:00
1293;Demanda real;;;23291.83333333333;2021-02-26T04:00:00+01:00
1293;Demanda real;;;23859;2021-02-26T05:00:00+01:00
1293;Demanda real;;;26295.33333333333;2021-02-26T06:00:00+01:00
1293;Demanda real;;;29939.16666666667;2021-02-26T07:00:00+01:00
1293;Demanda real;;;31995.33333333333;2021-02-26T08:00:00+01:00
1293;Demanda real;;;33529.66666666667;2021-02-26T09:00:00+01:00
1293;Demanda real;;;33740;2021-02-26T10:00:00+01:00
1293;Demanda real;;;33632.83333333334;2021-02-26T11:00:00+01:00
1293;Demanda real;;;33370.33333333334;2021-02-26T12:00:00+01:00
1293;Demanda real;;;33250;2021-02-26T13:00:00+01:00
1293;Demanda real;;;32239.16666666667;2021-02-26T14:00:00+01:00
1293;Demanda real;;;30968.66666666667;2021-02-26T15:00:00+01:00
1293;Demanda real;;;30341.33333333333;2021-02-26T16:00:00+01:00
1293;Demanda real;;;29927.33333333333;2021-02-26T17:00:00+01:00
1293;Demanda real;;;29863.16666666667;2021-02-26T18:00:00+01:00
1293;Demanda real;;;31930.33333333333;2021-02-26T19:00:00+01:00
1293;Demanda real;;;32921.66666666667;2021-02-26T20:00:00+01:00
1293;Demanda real;;;32717.33333333333;2021-02-26T21:00:00+01:00
1293;Demanda real;;;30355.5;2021-02-26T22:00:00+01:00
1293;Demanda real;;;27731.16666666667;2021-02-26T23:00:00+01:00
1293;Demanda real;;;26031.16666666667;2021-02-27T00:00:00+01:00
1293;Demanda real;;;24450.83333333333;2021-02-27T01:00:00+01:00
1293;Demanda real;;;23171.16666666667;2021-02-27T02:00:00+01:00
1293;Demanda real;;;22703.16666666667;2021-02-27T03:00:00+01:00
1293;Demanda real;;;22282.66666666667;2021-02-27T04:00:00+01:00
1293;Demanda real;;;22309.83333333333;2021-02-27T05:00:00+01:00
1293;Demanda real;;;22857.66666666667;2021-02-27T06:00:00+01:00
1293;Demanda real;;;23935;2021-02-27T07:00:00+01:00
1293;Demanda real;;;25332.5;2021-02-27T08:00:00+01:00
1293;Demanda real;;;27755.66666666667;2021-02-27T09:00:00+01:00
1293;Demanda real;;;29361;2021-02-27T10:00:00+01:00
1293;Demanda real;;;29518.5;2021-02-27T11:00:00+01:00
1293;Demanda real;;;29136.5;2021-02-27T12:00:00+01:00
1293;Demanda real;;;29131;2021-02-27T13:00:00+01:00
1293;Demanda real;;;28682.16666666667;2021-02-27T14:00:00+01:00
1293;Demanda real;;;27222.83333333333;2021-02-27T15:00:00+01:00
1293;Demanda real;;;26306.5;2021-02-27T16:00:00+01:00
1293;Demanda real;;;25837.16666666667;2021-02-27T17:00:00+01:00
1293;Demanda real;;;26037;2021-02-27T18:00:00+01:00
1293;Demanda real;;;28400.66666666667;2021-02-27T19:00:00+01:00
1293;Demanda real;;;29990.66666666667;2021-02-27T20:00:00+01:00
1293;Demanda real;;;30220.5;2021-02-27T21:00:00+01:00
1293;Demanda real;;;28831.5;2021-02-27T22:00:00+01:00
1293;Demanda real;;;26374.5;2021-02-27T23:00:00+01:00
1293;Demanda real;;;24150.5;2021-02-28T00:00:00+01:00
1293;Demanda real;;;22345.33333333333;2021-02-28T01:00:00+01:00
1293;Demanda real;;;21285.5;2021-02-28T02:00:00+01:00
1293;Demanda real;;;20562.83333333333;2021-02-28T03:00:00+01:00
1293;Demanda real;;;20392.33333333333;2021-02-28T04:00:00+01:00
1293;Demanda real;;;20366.66666666667;2021-02-28T05:00:00+01:00
1293;Demanda real;;;20760.5;2021-02-28T06:00:00+01:00
1293;Demanda real;;;21313.83333333333;2021-02-28T07:00:00+01:00
1293;Demanda real;;;21971.33333333333;2021-02-28T08:00:00+01:00
1293;Demanda real;;;24433.5;2021-02-28T09:00:00+01:00
1293;Demanda real;;;26462;2021-02-28T10:00:00+01:00
1293;Demanda real;;;27024.5;2021-02-28T11:00:00+01:00
1293;Demanda real;;;27023.16666666667;2021-02-28T12:00:00+01:00
1293;Demanda real;;;27335.66666666667;2021-02-28T13:00:00+01:00
1293;Demanda real;;;26940.16666666667;2021-02-28T14:00:00+01:00
1293;Demanda real;;;25432.66666666667;2021-02-28T15:00:00+01:00
1293;Demanda real;;;24352.16666666667;2021-02-28T16:00:00+01:00
1293;Demanda real;;;24000.16666666667;2021-02-28T17:00:00+01:00
1293;Demanda real;;;24804;2021-02-28T18:00:00+01:00
1293;Demanda real;;;27516.33333333333;2021-02-28T19:00:00+01:00
1293;Demanda real;;;29434.83333333333;2021-02-28T20:00:00+01:00
1293;Demanda real;;;29709.16666666667;2021-02-28T21:00:00+01:00
1293;Demanda real;;;28416.5;2021-02-28T22:00:00+01:00
1293;Demanda real;;;26147.83333333333;2021-02-28T23:00:00+01:00
1293;Demanda real;;;24005.16666666667;2021-03-01T00:00:00+01:00
1293;Demanda real;;;22311.5;2021-03-01T01:00:00+01:00
1293;Demanda real;;;21462;2021-03-01T02:00:00+01:00
1293;Demanda real;;;21051.16666666667;2021-03-01T03:00:00+01:00
1293;Demanda real;;;20935.66666666667;2021-03-01T04:00:00+01:00
1293;Demanda real;;;21870.66666666667;2021-03-01T05:00:00+01:00
1293;Demanda real;;;24471.33333333333;2021-03-01T06:00:00+01:00
1293;Demanda real;;;28125.83333333333;2021-03-01T07:00:00+01:00
1293;Demanda real;;;30526.33333333333;2021-03-01T08:00:00+01:00
1293;Demanda real;;;32382.83333333333;2021-03-01T09:00:00+01:00
1293;Demanda real;;;33353.16666666667;2021-03-01T10:00:00+01:00
1293;Demanda real;;;33658.33333333334;2021-03-01T11:00:00+01:00
1293;Demanda real;;;33738;2021-03-01T12:00:00+01:00
1293;Demanda real;;;33898.33333333334;2021-03-01T13:00:00+01:00
1293;Demanda real;;;32945.83333333334;2021-03-01T14:00:00+01:00
1293;Demanda real;;;31959.66666666667;2021-03-01T15:00:00+01:00
1293;Demanda real;;;31040.33333333333;2021-03-01T16:00:00+01:00
1293;Demanda real;;;30818.5;2021-03-01T17:00:00+01:00
1293;Demanda real;;;30960.66666666667;2021-03-01T18:00:00+01:00
1293;Demanda real;;;33315.83333333334;2021-03-01T19:00:00+01:00
1293;Demanda real;;;34448.83333333334;2021-03-01T20:00:00+01:00
1293;Demanda real;;;33287.5;2021-03-01T21:00:00+01:00
1293;Demanda real;;;30723.16666666667;2021-03-01T22:00:00+01:00
1293;Demanda real;;;27944.66666666667;2021-03-01T23:00:00+01:00
1293;Demanda real;;;25675.16666666667;2021-03-02T00:00:00+01:00
1293;Demanda real;;;24061;2021-03-02T01:00:00+01:00
1293;Demanda real;;;23207.5;2021-03-02T02:00:00+01:00
1293;Demanda real;;;22777.16666666667;2021-03-02T03:00:00+01:00
1293;Demanda real;;;22545.83333333333;2021-03-02T04:00:00+01:00
1293;Demanda real;;;23157;2021-03-02T05:00:00+01:00
1293;Demanda real;;;25689.66666666667;2021-03-02T06:00:00+01:00
1293;Demanda real;;;29551.16666666667;2021-03-02T07:00:00+01:00
1293;Demanda real;;;32177.66666666667;2021-03-02T08:00:00+01:00
1293;Demanda real;;;33660;2021-03-02T09:00:00+01:00
1293;Demanda real;;;34092.5;2021-03-02T10:00:00+01:00
1293;Demanda real;;;34061;2021-03-02T11:00:00+01:00
1293;Demanda real;;;33928.83333333334;2021-03-02T12:00:00+01:00
1293;Demanda real;;;33830.66666666667;2021-03-02T13:00:00+01:00
1293;Demanda real;;;33005.5;2021-03-02T14:00:00+01:00
1293;Demanda real;;;31995.16666666667;2021-03-02T15:00:00+01:00
1293;Demanda real;;;31240.16666666667;2021-03-02T16:00:00+01:00
1293;Demanda real;;;31001.5;2021-03-02T17:00:00+01:00
1293;Demanda real;;;31306.33333333333;2021-03-02T18:00:00+01:00
1293;Demanda real;;;33319.66666666667;2021-03-02T19:00:00+01:00
1293;Demanda real;;;34750.33333333334;2021-03-02T20:00:00+01:00
1293;Demanda real;;;33841.33333333334;2021-03-02T21:00:00+01:00
1293;Demanda real;;;31068.16666666667;2021-03-02T22:00:00+01:00
1293;Demanda real;;;28170.33333333333;2021-03-02T23:00:00+01:00
1293;Demanda real;;;26188.5;2021-03-03T00:00:00+01:00
1293;Demanda real;;;24542.33333333333;2021-03-03T01:00:00+01:00
1293;Demanda real;;;23647.83333333333;2021-03-03T02:00:00+01:00
1293;Demanda real;;;23225.33333333333;2021-03-03T03:00:00+01:00
1293;Demanda real;;;22984;2021-03-03T04:00:00+01:00
1293;Demanda real;;;23557.16666666667;2021-03-03T05:00:00+01:00
1293;Demanda real;;;26006.16666666667;2021-03-03T06:00:00+01:00
1293;Demanda real;;;29753.5;2021-03-03T07:00:00+01:00
1293;Demanda real;;;32068;2021-03-03T08:00:00+01:00
1293;Demanda real;;;33270.66666666667;2021-03-03T09:00:00+01:00
1293;Demanda real;;;33822.16666666667;2021-03-03T10:00:00+01:00
1293;Demanda real;;;33859.66666666667;2021-03-03T11:00:00+01:00
1293;Demanda real;;;33665.33333333334;2021-03-03T12:00:00+01:00
1293;Demanda real;;;33395.16666666667;2021-03-03T13:00:00+01:00
1293;Demanda real;;;32336;2021-03-03T14:00:00+01:00
1293;Demanda real;;;31278.5;2021-03-03T15:00:00+01:00
1293;Demanda real;;;30703.5;2021-03-03T16:00:00+01:00
1293;Demanda real;;;30458.5;2021-03-03T17:00:00+01:00
1293;Demanda real;;;30581;2021-03-03T18:00:00+01:00
1293;Demanda real;;;32877.5;2021-03-03T19:00:00+01:00
1293;Demanda real;;;34312.16666666667;2021-03-03T20:00:00+01:00
1293;Demanda real;;;33354.83333333334;2021-03-03T21:00:00+01:00
1293;Demanda real;;;30769.33333333333;2021-03-03T22:00:00+01:00
1293;Demanda real;;;27874.66666666667;2021-03-03T23:00:00+01:00
1293;Demanda real;;;25729.83333333333;2021-03-04T00:00:00+01:00
1293;Demanda real;;;24218.66666666667;2021-03-04T01:00:00+01:00
1293;Demanda real;;;23196.5;2021-03-04T02:00:00+01:00
1293;Demanda real;;;22797.16666666667;2021-03-04T03:00:00+01:00
1293;Demanda real;;;22701.83333333333;2021-03-04T04:00:00+01:00
1293;Demanda real;;;23199.83333333333;2021-03-04T05:00:00+01:00
1293;Demanda real;;;25615.66666666667;2021-03-04T06:00:00+01:00
1293;Demanda real;;;29369.66666666667;2021-03-04T07:00:00+01:00
1293;Demanda real;;;31913.66666666667;2021-03-04T08:00:00+01:00
1293;Demanda real;;;33276.5;2021-03-04T09:00:00+01:00
1293;Demanda real;;;33686.66666666667;2021-03-04T10:00:00+01:00
1293;Demanda real;;;33617.83333333334;2021-03-04T11:00:00+01:00
1293;Demanda real;;;33480.33333333334;2021-03-04T12:00:00+01:00
1293;Demanda real;;;33195.83333333334;2021-03-04T13:00:00+01:00
1293;Demanda real;;;32182.33333333333;2021-03-04T14:00:00+01:00
1293;Demanda real;;;31093.83333333333;2021-03-04T15:00:00+01:00
1293;Demanda real;;;30324.16666666667;2021-03-04T16:00:00+01:00
1293;Demanda real;;;30125.5;2021-03-04T17:00:00+01:00
1293;Demanda real;;;30385;2021-03-04T18:00:00+01:00
1293;Demanda real;;;32587;2021-03-04T19:00:00+01:00
1293;Demanda real;;;33952.66666666667;2021-03-04T20:00:00+01:00
1293;Demanda real;;;33265.5;2021-03-04T21:00:00+01:00
1293;Demanda real;;;30668.5;2021-03-04T22:00:00+01:00
1293;Demanda real;;;27794.83333333333;2021-03-04T23:00:00+01:00
1293;Demanda real;;;25706.5;2021-03-05T00:00:00+01:00
1293;Demanda real;;;24163.83333333333;2021-03-05T01:00:00+01:00
1293;Demanda real;;;23125.5;2021-03-05T02:00:00+01:00
1293;Demanda real;;;22769.66666666667;2021-03-05T03:00:00+01:00
1293;Demanda real;;;22654;2021-03-05T04:00:00+01:00
1293;Demanda real;;;23239.16666666667;2021-03-05T05:00:00+01:00
1293;Demanda real;;;25599.16666666667;2021-03-05T06:00:00+01:00
1293;Demanda real;;;29493.5;2021-03-05T07:00:00+01:00
1293;Demanda real;;;31863.33333333333;2021-03-05T08:00:00+01:00
1293;Demanda real;;;33313;2021-03-05T09:00:00+01:00
1293;Demanda real;;;33637.5;2021-03-05T10:00:00+01:00
1293;Demanda real;;;33616.16666666667;2021-03-05T11:00:00+01:00
1293;Demanda real;;;33415;2021-03-05T12:00:00+01:00
1293;Demanda real;;;33180.16666666667;2021-03-05T13:00:00+01:00
1293;Demanda real;;;32055.16666666667;2021-03-05T14:00:00+01:00
1293;Demanda real;;;30956.33333333333;2021-03-05T15:00:00+01:00
1293;Demanda real;;;30044.5;2021-03-05T16:00:00+01:00
1293;Demanda real;;;29759.5;2021-03-05T17:00:00+01:00
1293;Demanda real;;;29899.33333333333;2021-03-05T18:00:00+01:00
1293;Demanda real;;;31913;2021-03-05T19:00:00+01:00
1293;Demanda real;;;33149.83333333334;2021-03-05T20:00:00+01:00
1293;Demanda real;;;32370.33333333333;2021-03-05T21:00:00+01:00
1293;Demanda real;;;30108.16666666667;2021-03-05T22:00:00+01:00
1293;Demanda real;;;27449;2021-03-05T23:00:00+01:00
1293;Demanda real;;;25595;2021-03-06T00:00:00+01:00
1293;Demanda real;;;23823.66666666667;2021-03-06T01:00:00+01:00
1293;Demanda real;;;22663.33333333333;2021-03-06T02:00:00+01:00
1293;Demanda real;;;22117;2021-03-06T03:00:00+01:00
1293;Demanda real;;;21896;2021-03-06T04:00:00+01:00
1293;Demanda real;;;21815.83333333333;2021-03-06T05:00:00+01:00
1293;Demanda real;;;22284.83333333333;2021-03-06T06:00:00+01:00
1293;Demanda real;;;23122.83333333333;2021-03-06T07:00:00+01:00
1293;Demanda real;;;24678.83333333333;2021-03-06T08:00:00+01:00
1293;Demanda real;;;27266.83333333333;2021-03-06T09:00:00+01:00
1293;Demanda real;;;28746.66666666667;2021-03-06T10:00:00+01:00
1293;Demanda real;;;28975.83333333333;2021-03-06T11:00:00+01:00
1293;Demanda real;;;28761.5;2021-03-06T12:00:00+01:00
1293;Demanda real;;;28933.33333333333;2021-03-06T13:00:00+01:00
1293;Demanda real;;;28589.83333333333;2021-03-06T14:00:00+01:00
1293;Demanda real;;;27208;2021-03-06T15:00:00+01:00
1293;Demanda real;;;26366.83333333333;2021-03-06T16:00:00+01:00
1293;Demanda real;;;25768.16666666667;2021-03-06T17:00:00+01:00
1293;Demanda real;;;26246.83333333333;2021-03-06T18:00:00+01:00
1293;Demanda real;;;28198.83333333333;2021-03-06T19:00:00+01:00
1293;Demanda real;;;29871.16666666667;2021-03-06T20:00:00+01:00
1293;Demanda real;;;29939.33333333333;2021-03-06T21:00:00+01:00
1293;Demanda real;;;28329.33333333333;2021-03-06T22:00:00+01:00
1293;Demanda real;;;25905.83333333333;2021-03-06T23:00:00+01:00
1293;Demanda real;;;23678;2021-03-07T00:00:00+01:00
1293;Demanda real;;;22002;2021-03-07T01:00:00+01:00
1293;Demanda real;;;20884.5;2021-03-07T02:00:00+01:00
1293;Demanda real;;;20360;2021-03-07T03:00:00+01:00
1293;Demanda real;;;19884.33333333333;2021-03-07T04:00:00+01:00
1293;Demanda real;;;20012;2021-03-07T05:00:00+01:00
1293;Demanda real;;;20415.83333333333;2021-03-07T06:00:00+01:00
1293;Demanda real;;;20822.5;2021-03-07T07:00:00+01:00
1293;Demanda real;;;21563;2021-03-07T08:00:00+01:00
1293;Demanda real;;;23878.83333333333;2021-03-07T09:00:00+01:00
1293;Demanda real;;;26121.5;2021-03-07T10:00:00+01:00
1293;Demanda real;;;27139.83333333333;2021-03-07T11:00:00+01:00
1293;Demanda real;;;27163.33333333333;2021-03-07T12:00:00+01:00
1293;Demanda real;;;27727.33333333333;2021-03-07T13:00:00+01:00
1293;Demanda real;;;27716.16666666667;2021-03-07T14:00:00+01:00
1293;Demanda real;;;26183.5;2021-03-07T15:00:00+01:00
1293;Demanda real;;;25135;2021-03-07T16:00:00+01:00
1293;Demanda real;;;24753.5;2021-03-07T17:00:00+01:00
1293;Demanda real;;;25346;2021-03-07T18:00:00+01:00
1293;Demanda real;;;27761.83333333333;2021-03-07T19:00:00+01:00
1293;Demanda real;;;29710.33333333333;2021-03-07T20:00:00+01:00
1293;Demanda real;;;29756.83333333333;2021-03-07T21:00:00+01:00
1293;Demanda real;;;28311.16666666667;2021-03-07T22:00:00+01:00
1293;Demanda real;;;26003.66666666667;2021-03-07T23:00:00+01:00
1293;Demanda real;;;23654.5;2021-03-08T00:00:00+01:00
1293;Demanda real;;;22063;2021-03-08T01:00:00+01:00
1293;Demanda real;;;21095;2021-03-08T02:00:00+01:00
1293;Demanda real;;;20753.66666666667;2021-03-08T03:00:00+01:00
1293;Demanda real;;;20782.33333333333;2021-03-08T04:00:00+01:00
1293;Demanda real;;;21779.33333333333;2021-03-08T05:00:00+01:00
1293;Demanda real;;;24672.66666666667;2021-03-08T06:00:00+01:00
1293;Demanda real;;;28800;2021-03-08T07:00:00+01:00
1293;Demanda real;;;31637.33333333333;2021-03-08T08:00:00+01:00
1293;Demanda real;;;33355.83333333334;2021-03-08T09:00:00+01:00
1293;Demanda real;;;34080.5;2021-03-08T10:00:00+01:00
1293;Demanda real;;;34117.5;2021-03-08T11:00:00+01:00
1293;Demanda real;;;34139.33333333334;2021-03-08T12:00:00+01:00
1293;Demanda real;;;34053.5;2021-03-08T13:00:00+01:00
1293;Demanda real;;;33340.5;2021-03-08T14:00:00+01:00
1293;Demanda real;;;32401.66666666667;2021-03-08T15:00:00+01:00
1293;Demanda real;;;31878;2021-03-08T16:00:00+01:00
1293;Demanda real;;;31617.83333333333;2021-03-08T17:00:00+01:00
1293;Demanda real;;;31701.83333333333;2021-03-08T18:00:00+01:00
1293;Demanda real;;;33708.33333333334;2021-03-08T19:00:00+01:00
1293;Demanda real;;;35217.5;2021-03-08T20:00:00+01:00
1293;Demanda real;;;34073;2021-03-08T21:00:00+01:00
1293;Demanda real;;;31277.33333333333;2021-03-08T22:00:00+01:00
1293;Demanda real;;;28476.33333333333;2021-03-08T23:00:00+01:00
1293;Demanda real;;;26288.83333333333;2021-03-09T00:00:00+01:00
1293;Demanda real;;;24660.5;2021-03-09T01:00:00+01:00
1293;Demanda real;;;23706.16666666667;2021-03-09T02:00:00+01:00
1293;Demanda real;;;23352.5;2021-03-09T03:00:00+01:00
1293;Demanda real;;;23107.16666666667;2021-03-09T04:00:00+01:00
1293;Demanda real;;;23843.83333333333;2021-03-09T05:00:00+01:00
1293;Demanda real;;;26151.83333333333;2021-03-09T06:00:00+01:00
1293;Demanda real;;;30108.5;2021-03-09T07:00:00+01:00
1293;Demanda real;;;32885.66666666667;2021-03-09T08:00:00+01:00
1293;Demanda real;;;34315;2021-03-09T09:00:00+01:00
1293;Demanda real;;;34699;2021-03-09T10:00:00+01:00
1293;Demanda real;;;34443.83333333334;2021-03-09T11:00:00+01:00
1293;Demanda real;;;34036.83333333334;2021-03-09T12:00:00+01:00
1293;Demanda real;;;33904.33333333334;2021-03-09T13:00:00+01:00
1293;Demanda real;;;32971;2021-03-09T14:00:00+01:00
1293;Demanda real;;;31865.66666666667;2021-03-09T15:00:00+01:00
1293;Demanda real;;;31164;2021-03-09T16:00:00+01:00
1293;Demanda real;;;30912.66666666667;2021-03-09T17:00:00+01:00
1293;Demanda real;;;31094.66666666667;2021-03-09T18:00:00+01:00
1293;Demanda real;;;33428;2021-03-09T19:00:00+01:00
1293;Demanda real;;;35112.33333333334;2021-03-09T20:00:00+01:00
1293;Demanda real;;;34440.16666666667;2021-03-09T21:00:00+01:00
1293;Demanda real;;;31744.83333333333;2021-03-09T22:00:00+01:00
1293;Demanda real;;;28489.33333333333;2021-03-09T23:00:00+01:00
1293;Demanda real;;;26313;2021-03-10T00:00:00+01:00
1293;Demanda real;;;24677.5;2021-03-10T01:00:00+01:00
1293;Demanda real;;;23526;2021-03-10T02:00:00+01:00
1293;Demanda real;;;23095.33333333333;2021-03-10T03:00:00+01:00
1293;Demanda real;;;22988.16666666667;2021-03-10T04:00:00+01:00
1293;Demanda real;;;23674.16666666667;2021-03-10T05:00:00+01:00
1293;Demanda real;;;26408.16666666667;2021-03-10T06:00:00+01:00
1293;Demanda real;;;30281.5;2021-03-10T07:00:00+01:00
1293;Demanda real;;;32873.83333333334;2021-03-10T08:00:00+01:00
1293;Demanda real;;;33984;2021-03-10T09:00:00+01:00
1293;Demanda real;;;34160.66666666667;2021-03-10T10:00:00+01:00
1293;Demanda real;;;33500.66666666667;2021-03-10T11:00:00+01:00
1293;Demanda real;;;33277;2021-03-10T12:00:00+01:00
1293;Demanda real;;;33255.33333333334;2021-03-10T13:00:00+01:00
1293;Demanda real;;;32256.5;2021-03-10T14:00:00+01:00
1293;Demanda real;;;31182;2021-03-10T15:00:00+01:00
1293;Demanda real;;;30585.5;2021-03-10T16:00:00+01:00
1293;Demanda real;;;30238.33333333333;2021-03-10T17:00:00+01:00
1293;Demanda real;;;30439.83333333333;2021-03-10T18:00:00+01:00
1293;Demanda real;;;32721.83333333333;2021-03-10T19:00:00+01:00
1293;Demanda real;;;34967.33333333334;2021-03-10T20:00:00+01:00
1293;Demanda real;;;34146.83333333334;2021-03-10T21:00:00+01:00
1293;Demanda real;;;31320.83333333333;2021-03-10T22:00:00+01:00
1293;Demanda real;;;28257.33333333333;2021-03-10T23:00:00+01:00
1293;Demanda real;;;26107.5;2021-03-11T00:00:00+01:00
1293;Demanda real;;;24447.16666666667;2021-03-11T01:00:00+01:00
1293;Demanda real;;;23418;2021-03-11T02:00:00+01:00
1293;Demanda real;;;23073.16666666667;2021-03-11T03:00:00+01:00
1293;Demanda real;;;22949.66666666667;2021-03-11T04:00:00+01:00
1293;Demanda real;;;23550.16666666667;2021-03-11T05:00:00+01:00
1293;Demanda real;;;26095.66666666667;2021-03-11T06:00:00+01:00
1293;Demanda real;;;29725;2021-03-11T07:00:00+01:00
1293;Demanda real;;;32453.33333333333;2021-03-11T08:00:00+01:00
1293;Demanda real;;;33584.66666666667;2021-03-11T09:00:00+01:00
1293;Demanda real;;;33596;2021-03-11T10:00:00+01:00
1293;Demanda real;;;33152.16666666667;2021-03-11T11:00:00+01:00
1293;Demanda real;;;32747.33333333333;2021-03-11T12:00:00+01:00
1293;Demanda real;;;32668.16666666667;2021-03-11T13:00:00+01:00
1293;Demanda real;;;31708.5;2021-03-11T14:00:00+01:00
1293;Demanda real;;;30677.66666666667;2021-03-11T15:00:00+01:00
1293;Demanda real;;;30117;2021-03-11T16:00:00+01:00
1293;Demanda real;;;29778.83333333333;2021-03-11T17:00:00+01:00
1293;Demanda real;;;29738.5;2021-03-11T18:00:00+01:00
1293;Demanda real;;;31925;2021-03-11T19:00:00+01:00
1293;Demanda real;;;34041;2021-03-11T20:00:00+01:00
1293;Demanda real;;;33282.66666666667;2021-03-11T21:00:00+01:00
1293;Demanda real;;;30771.33333333333;2021-03-11T22:00:00+01:00
1293;Demanda real;;;27906.83333333333;2021-03-11T23:00:00+01:00
1293;Demanda real;;;25823.66666666667;2021-03-12T00:00:00+01:00
1293;Demanda real;;;24189.33333333333;2021-03-12T01:00:00+01:00
1293;Demanda real;;;23221.66666666667;2021-03-12T02:00:00+01:00
1293;Demanda real;;;22892.83333333333;2021-03-12T03:00:00+01:00
1293;Demanda real;;;22783.83333333333;2021-03-12T04:00:00+01:00
1293;Demanda real;;;23321.66666666667;2021-03-12T05:00:00+01:00
1293;Demanda real;;;25803.83333333333;2021-03-12T06:00:00+01:00
1293;Demanda real;;;29219.5;2021-03-12T07:00:00+01:00
1293;Demanda real;;;31651;2021-03-12T08:00:00+01:00
1293;Demanda real;;;32777.83333333334;2021-03-12T09:00:00+01:00
1293;Demanda real;;;33123;2021-03-12T10:00:00+01:00
1293;Demanda real;;;32883.5;2021-03-12T11:00:00+01:00
1293;Demanda real;;;32683;2021-03-12T12:00:00+01:00
1293;Demanda real;;;32656.33333333333;2021-03-12T13:00:00+01:00
1293;Demanda real;;;31700.5;2021-03-12T14:00:00+01:00
1293;Demanda real;;;30484.83333333333;2021-03-12T15:00:00+01:00
1293;Demanda real;;;29698.5;2021-03-12T16:00:00+01:00
1293;Demanda real;;;29168.33333333333;2021-03-12T17:00:00+01:00
1293;Demanda real;;;29196.16666666667;2021-03-12T18:00:00+01:00
1293;Demanda real;;;30926.83333333333;2021-03-12T19:00:00+01:00
1293;Demanda real;;;32601.5;2021-03-12T20:00:00+01:00
1293;Demanda real;;;32057.5;2021-03-12T21:00:00+01:00
1293;Demanda real;;;29928.16666666667;2021-03-12T22:00:00+01:00
1293;Demanda real;;;27457.83333333333;2021-03-12T23:00:00+01:00
1293;Demanda real;;;25409.66666666667;2021-03-13T00:00:00+01:00
1293;Demanda real;;;23914.83333333333;2021-03-13T01:00:00+01:00
1293;Demanda real;;;22728.83333333333;2021-03-13T02:00:00+01:00
1293;Demanda real;;;22072.83333333333;2021-03-13T03:00:00+01:00
1293;Demanda real;;;21946;2021-03-13T04:00:00+01:00
1293;Demanda real;;;21941.33333333333;2021-03-13T05:00:00+01:00
1293;Demanda real;;;22554;2021-03-13T06:00:00+01:00
1293;Demanda real;;;23439.33333333333;2021-03-13T07:00:00+01:00
1293;Demanda real;;;24795.16666666667;2021-03-13T08:00:00+01:00
1293;Demanda real;;;27071.5;2021-03-13T09:00:00+01:00
1293;Demanda real;;;28023;2021-03-13T10:00:00+01:00
1293;Demanda real;;;28274.83333333333;2021-03-13T11:00:00+01:00
1293;Demanda real;;;27677.16666666667;2021-03-13T12:00:00+01:00
1293;Demanda real;;;27770;2021-03-13T13:00:00+01:00
1293;Demanda real;;;27317.5;2021-03-13T14:00:00+01:00
1293;Demanda real;;;26090.83333333333;2021-03-13T15:00:00+01:00
1293;Demanda real;;;25371.33333333333;2021-03-13T16:00:00+01:00
1293;Demanda real;;;24919.16666666667;2021-03-13T17:00:00+01:00
1293;Demanda real;;;25167.5;2021-03-13T18:00:00+01:00
1293;Demanda real;;;27280.33333333333;2021-03-13T19:00:00+01:00
1293;Demanda real;;;29480.5;2021-03-13T20:00:00+01:00
1293;Demanda real;;;29877.5;2021-03-13T21:00:00+01:00
1293;Demanda real;;;28363.33333333333;2021-03-13T22:00:00+01:00
1293;Demanda real;;;25619.16666666667;2021-03-13T23:00:00+01:00
1293;Demanda real;;;23590.83333333333;2021-03-14T00:00:00+01:00
1293;Demanda real;;;21890.66666666667;2021-03-14T01:00:00+01:00
1293;Demanda real;;;20856.83333333333;2021-03-14T02:00:00+01:00
1293;Demanda real;;;20218.66666666667;2021-03-14T03:00:00+01:00
1293;Demanda real;;;20094.16666666667;2021-03-14T04:00:00+01:00
1293;Demanda real;;;20037.66666666667;2021-03-14T05:00:00+01:00
1293;Demanda real;;;20472.5;2021-03-14T06:00:00+01:00
1293;Demanda real;;;20547.16666666667;2021-03-14T07:00:00+01:00
1293;Demanda real;;;21486.5;2021-03-14T08:00:00+01:00
1293;Demanda real;;;23973.83333333333;2021-03-14T09:00:00+01:00
1293;Demanda real;;;25720.5;2021-03-14T10:00:00+01:00
1293;Demanda real;;;26366.16666666667;2021-03-14T11:00:00+01:00
1293;Demanda real;;;26201;2021-03-14T12:00:00+01:00
1293;Demanda real;;;26414;2021-03-14T13:00:00+01:00
1293;Demanda real;;;26335;2021-03-14T14:00:00+01:00
1293;Demanda real;;;25040;2021-03-14T15:00:00+01:00
1293;Demanda real;;;24035.83333333333;2021-03-14T16:00:00+01:00
1293;Demanda real;;;23748.5;2021-03-14T17:00:00+01:00
1293;Demanda real;;;24064.83333333333;2021-03-14T18:00:00+01:00
1293;Demanda real;;;26376.5;2021-03-14T19:00:00+01:00
1293;Demanda real;;;29122.83333333333;2021-03-14T20:00:00+01:00
1293;Demanda real;;;29285.33333333333;2021-03-14T21:00:00+01:00
1293;Demanda real;;;27739.16666666667;2021-03-14T22:00:00+01:00
1293;Demanda real;;;25629;2021-03-14T23:00:00+01:00
1293;Demanda real;;;23502.16666666667;2021-03-15T00:00:00+01:00
1293;Demanda real;;;22180.16666666667;2021-03-15T01:00:00+01:00
1293;Demanda real;;;21410.33333333333;2021-03-15T02:00:00+01:00
1293;Demanda real;;;21030.33333333333;2021-03-15T03:00:00+01:00
1293;Demanda real;;;21192.33333333333;2021-03-15T04:00:00+01:00
1293;Demanda real;;;22017.33333333333;2021-03-15T05:00:00+01:00
1293;Demanda real;;;25042.66666666667;2021-03-15T06:00:00+01:00
1293;Demanda real;;;28773.66666666667;2021-03-15T07:00:00+01:00
1293;Demanda real;;;31546;2021-03-15T08:00:00+01:00
1293;Demanda real;;;33022.33333333334;2021-03-15T09:00:00+01:00
1293;Demanda real;;;33333.66666666667;2021-03-15T10:00:00+01:00
1293;Demanda real;;;33036;2021-03-15T11:00:00+01:00
1293;Demanda real;;;32843.83333333334;2021-03-15T12:00:00+01:00
1293;Demanda real;;;32658.83333333333;2021-03-15T13:00:00+01:00
1293;Demanda real;;;31775.66666666667;2021-03-15T14:00:00+01:00
1293;Demanda real;;;30705;2021-03-15T15:00:00+01:00
1293;Demanda real;;;29793.5;2021-03-15T16:00:00+01:00
1293;Demanda real;;;29525.66666666667;2021-03-15T17:00:00+01:00
1293;Demanda real;;;29340;2021-03-15T18:00:00+01:00
1293;Demanda real;;;31595.5;2021-03-15T19:00:00+01:00
1293;Demanda real;;;33911.33333333334;2021-03-15T20:00:00+01:00
1293;Demanda real;;;33085.33333333334;2021-03-15T21:00:00+01:00
1293;Demanda real;;;30521.83333333333;2021-03-15T22:00:00+01:00
1293;Demanda real;;;27699;2021-03-15T23:00:00+01:00
1293;Demanda real;;;25645.16666666667;2021-03-16T00:00:00+01:00
1293;Demanda real;;;24075.16666666667;2021-03-16T01:00:00+01:00
1293;Demanda real;;;23352.33333333333;2021-03-16T02:00:00+01:00
1293;Demanda real;;;22760.83333333333;2021-03-16T03:00:00+01:00
1293;Demanda real;;;22759.5;2021-03-16T04:00:00+01:00
1293;Demanda real;;;23496.5;2021-03-16T05:00:00+01:00
1293;Demanda real;;;25946.16666666667;2021-03-16T06:00:00+01:00
1293;Demanda real;;;29299.33333333333;2021-03-16T07:00:00+01:00
1293;Demanda real;;;31556.16666666667;2021-03-16T08:00:00+01:00
1293;Demanda real;;;32570;2021-03-16T09:00:00+01:00
1293;Demanda real;;;33083.83333333334;2021-03-16T10:00:00+01:00
1293;Demanda real;;;33007.83333333334;2021-03-16T11:00:00+01:00
1293;Demanda real;;;32649.5;2021-03-16T12:00:00+01:00
1293;Demanda real;;;32444.5;2021-03-16T13:00:00+01:00
1293;Demanda real;;;31744.66666666667;2021-03-16T14:00:00+01:00
1293;Demanda real;;;30609.66666666667;2021-03-16T15:00:00+01:00
1293;Demanda real;;;29734.5;2021-03-16T16:00:00+01:00
1293;Demanda real;;;29401.66666666667;2021-03-16T17:00:00+01:00
1293;Demanda real;;;29389.33333333333;2021-03-16T18:00:00+01:00
1293;Demanda real;;;31782.33333333333;2021-03-16T19:00:00+01:00
1293;Demanda real;;;34117.16666666667;2021-03-16T20:00:00+01:00
1293;Demanda real;;;33448.83333333334;2021-03-16T21:00:00+01:00
1293;Demanda real;;;30693;2021-03-16T22:00:00+01:00
1293;Demanda real;;;27754.83333333333;2021-03-16T23:00:00+01:00
1293;Demanda real;;;25959;2021-03-17T00:00:00+01:00
1293;Demanda real;;;24320.5;2021-03-17T01:00:00+01:00
1293;Demanda real;;;23537.83333333333;2021-03-17T02:00:00+01:00
1293;Demanda real;;;23136;2021-03-17T03:00:00+01:00
1293;Demanda real;;;23000.16666666667;2021-03-17T04:00:00+01:00
1293;Demanda real;;;23555.5;2021-03-17T05:00:00+01:00
1293;Demanda real;;;25986;2021-03-17T06:00:00+01:00
1293;Demanda real;;;29225.5;2021-03-17T07:00:00+01:00
1293;Demanda real;;;31802.33333333333;2021-03-17T08:00:00+01:00
1293;Demanda real;;;32722.5;2021-03-17T09:00:00+01:00
1293;Demanda real;;;33079.33333333334;2021-03-17T10:00:00+01:00
1293;Demanda real;;;32730.16666666667;2021-03-17T11:00:00+01:00
1293;Demanda real;;;32474.16666666667;2021-03-17T12:00:00+01:00
1293;Demanda real;;;32458.33333333333;2021-03-17T13:00:00+01:00
1293;Demanda real;;;31448;2021-03-17T14:00:00+01:00
1293;Demanda real;;;30663.5;2021-03-17T15:00:00+01:00
1293;Demanda real;;;29937.33333333333;2021-03-17T16:00:00+01:00
1293;Demanda real;;;29549.83333333333;2021-03-17T17:00:00+01:00
1293;Demanda real;;;29341;2021-03-17T18:00:00+01:00
1293;Demanda real;;;31264;2021-03-17T19:00:00+01:00
1293;Demanda real;;;33689.83333333334;2021-03-17T20:00:00+01:00
1293;Demanda real;;;33173;2021-03-17T21:00:00+01:00
1293;Demanda real;;;30580;2021-03-17T22:00:00+01:00
1293;Demanda real;;;27668.83333333333;2021-03-17T23:00:00+01:00
1293;Demanda real;;;25897.83333333333;2021-03-18T00:00:00+01:00
1293;Demanda real;;;24341;2021-03-18T01:00:00+01:00
1293;Demanda real;;;23464.5;2021-03-18T02:00:00+01:00
1293;Demanda real;;;22968.83333333333;2021-03-18T03:00:00+01:00
1293;Demanda real;;;22933;2021-03-18T04:00:00+01:00
1293;Demanda real;;;23559;2021-03-18T05:00:00+01:00
1293;Demanda real;;;25946.83333333333;2021-03-18T06:00:00+01:00
1293;Demanda real;;;29200.16666666667;2021-03-18T07:00:00+01:00
1293;Demanda real;;;31604.5;2021-03-18T08:00:00+01:00
1293;Demanda real;;;32636.83333333333;2021-03-18T09:00:00+01:00
1293;Demanda real;;;32981.33333333334;2021-03-18T10:00:00+01:00
1293;Demanda real;;;33209;2021-03-18T11:00:00+01:00
1293;Demanda real;;;33313;2021-03-18T12:00:00+01:00
1293;Demanda real;;;33271.5;2021-03-18T13:00:00+01:00
1293;Demanda real;;;32421.16666666667;2021-03-18T14:00:00+01:00
1293;Demanda real;;;31226.16666666667;2021-03-18T15:00:00+01:00
1293;Demanda real;;;30680.66666666667;2021-03-18T16:00:00+01:00
1293;Demanda real;;;30380;2021-03-18T17:00:00+01:00
1293;Demanda real;;;30483.33333333333;2021-03-18T18:00:00+01:00
1293;Demanda real;;;32098.16666666667;2021-03-18T19:00:00+01:00
1293;Demanda real;;;34136;2021-03-18T20:00:00+01:00
1293;Demanda real;;;33461;2021-03-18T21:00:00+01:00
1293;Demanda real;;;30794.33333333333;2021-03-18T22:00:00+01:00
1293;Demanda real;;;27992.83333333333;2021-03-18T23:00:00+01:00
1293;Demanda real;;;26028.5;2021-03-19T00:00:00+01:00
1293;Demanda real;;;24375.16666666667;2021-03-19T01:00:00+01:00
1293;Demanda real;;;23351.66666666667;2021-03-19T02:00:00+01:00
1293;Demanda real;;;22970.33333333333;2021-03-19T03:00:00+01:00
1293;Demanda real;;;22676.83333333333;2021-03-19T04:00:00+01:00
1293;Demanda real;;;23003.83333333333;2021-03-19T05:00:00+01:00
1293;Demanda real;;;24277.83333333333;2021-03-19T06:00:00+01:00
1293;Demanda real;;;26289.5;2021-03-19T07:00:00+01:00
1293;Demanda real;;;28355.16666666667;2021-03-19T08:00:00+01:00
1293;Demanda real;;;30292.83333333333;2021-03-19T09:00:00+01:00
1293;Demanda real;;;31309.16666666667;2021-03-19T10:00:00+01:00
1293;Demanda real;;;31354.16666666667;2021-03-19T11:00:00+01:00
1293;Demanda real;;;31555.5;2021-03-19T12:00:00+01:00
1293;Demanda real;;;31657.83333333333;2021-03-19T13:00:00+01:00
1293;Demanda real;;;30547.66666666667;2021-03-19T14:00:00+01:00
1293;Demanda real;;;29326;2021-03-19T15:00:00+01:00
1293;Demanda real;;;28609.33333333333;2021-03-19T16:00:00+01:00
1293;Demanda real;;;28258.16666666667;2021-03-19T17:00:00+01:00
1293;Demanda real;;;28241.66666666667;2021-03-19T18:00:00+01:00
1293;Demanda real;;;29856.33333333333;2021-03-19T19:00:00+01:00
1293;Demanda real;;;31839.83333333333;2021-03-19T20:00:00+01:00
1293;Demanda real;;;31647.16666666667;2021-03-19T21:00:00+01:00
1293;Demanda real;;;30053.83333333333;2021-03-19T22:00:00+01:00
1293;Demanda real;;;27541.16666666667;2021-03-19T23:00:00+01:00
1293;Demanda real;;;25622;2021-03-20T00:00:00+01:00
1293;Demanda real;;;23921.33333333333;2021-03-20T01:00:00+01:00
1293;Demanda real;;;22743.33333333333;2021-03-20T02:00:00+01:00
1293;Demanda real;;;22029.33333333333;2021-03-20T03:00:00+01:00
1293;Demanda real;;;21910.5;2021-03-20T04:00:00+01:00
1293;Demanda real;;;21927;2021-03-20T05:00:00+01:00
1293;Demanda real;;;22604;2021-03-20T06:00:00+01:00
1293;Demanda real;;;23197.16666666667;2021-03-20T07:00:00+01:00
1293;Demanda real;;;25223;2021-03-20T08:00:00+01:00
1293;Demanda real;;;27786.33333333333;2021-03-20T09:00:00+01:00
1293;Demanda real;;;29358.16666666667;2021-03-20T10:00:00+01:00
1293;Demanda real;;;29759.5;2021-03-20T11:00:00+01:00
1293;Demanda real;;;29496.66666666667;2021-03-20T12:00:00+01:00
1293;Demanda real;;;29606.5;2021-03-20T13:00:00+01:00
1293;Demanda real;;;29267.66666666667;2021-03-20T14:00:00+01:00
1293;Demanda real;;;27738.5;2021-03-20T15:00:00+01:00
1293;Demanda real;;;26831.16666666667;2021-03-20T16:00:00+01:00
1293;Demanda real;;;26528.83333333333;2021-03-20T17:00:00+01:00
1293;Demanda real;;;26510;2021-03-20T18:00:00+01:00
1293;Demanda real;;;28353.66666666667;2021-03-20T19:00:00+01:00
1293;Demanda real;;;30752;2021-03-20T20:00:00+01:00
1293;Demanda real;;;31080.16666666667;2021-03-20T21:00:00+01:00
1293;Demanda real;;;29586.5;2021-03-20T22:00:00+01:00
1293;Demanda real;;;27187.33333333333;2021-03-20T23:00:00+01:00
1293;Demanda real;;;24883.16666666667;2021-03-21T00:00:00+01:00
1293;Demanda real;;;22981.5;2021-03-21T01:00:00+01:00
1293;Demanda real;;;21658.33333333333;2021-03-21T02:00:00+01:00
1293;Demanda real;;;21114.33333333333;2021-03-21T03:00:00+01:00
1293;Demanda real;;;20950.83333333333;2021-03-21T04:00:00+01:00
1293;Demanda real;;;20987.16666666667;2021-03-21T05:00:00+01:00
1293;Demanda real;;;21296.5;2021-03-21T06:00:00+01:00
1293;Demanda real;;;21397;2021-03-21T07:00:00+01:00
1293;Demanda real;;;22606.16666666667;2021-03-21T08:00:00+01:00
1293;Demanda real;;;24928.16666666667;2021-03-21T09:00:00+01:00
1293;Demanda real;;;26667.83333333333;2021-03-21T10:00:00+01:00
1293;Demanda real;;;27223.5;2021-03-21T11:00:00+01:00
1293;Demanda real;;;27039.66666666667;2021-03-21T12:00:00+01:00
1293;Demanda real;;;27330.5;2021-03-21T13:00:00+01:00
1293;Demanda real;;;27109.5;2021-03-21T14:00:00+01:00
1293;Demanda real;;;25634.5;2021-03-21T15:00:00+01:00
1293;Demanda real;;;24848.16666666667;2021-03-21T16:00:00+01:00
1293;Demanda real;;;24479.5;2021-03-21T17:00:00+01:00
1293;Demanda real;;;24705;2021-03-21T18:00:00+01:00
1293;Demanda real;;;27152.83333333333;2021-03-21T19:00:00+01:00
1293;Demanda real;;;30170.66666666667;2021-03-21T20:00:00+01:00
1293;Demanda real;;;30435.83333333333;2021-03-21T21:00:00+01:00
1293;Demanda real;;;28845.66666666667;2021-03-21T22:00:00+01:00
1293;Demanda real;;;26556.83333333333;2021-03-21T23:00:00+01:00
1293;Demanda real;;;24506.16666666667;2021-03-22T00:00:00+01:00
1293;Demanda real;;;22867.83333333333;2021-03-22T01:00:00+01:00
1293;Demanda real;;;21969.83333333333;2021-03-22T02:00:00+01:00
1293;Demanda real;;;21481.16666666667;2021-03-22T03:00:00+01:00
1293;Demanda real;;;21515.66666666667;2021-03-22T04:00:00+01:00
1293;Demanda real;;;22284.5;2021-03-22T05:00:00+01:00
1293;Demanda real;;;25310.83333333333;2021-03-22T06:00:00+01:00
1293;Demanda real;;;28879;2021-03-22T07:00:00+01:00
1293;Demanda real;;;31963.83333333333;2021-03-22T08:00:00+01:00
1293;Demanda real;;;33239;2021-03-22T09:00:00+01:00
1293;Demanda real;;;33710.83333333334;2021-03-22T10:00:00+01:00
1293;Demanda real;;;33600;2021-03-22T11:00:00+01:00
1293;Demanda real;;;33387.66666666667;2021-03-22T12:00:00+01:00
1293;Demanda real;;;33276.16666666667;2021-03-22T13:00:00+01:00
1293;Demanda real;;;32297.16666666667;2021-03-22T14:00:00+01:00
1293;Demanda real;;;31237;2021-03-22T15:00:00+01:00
1293;Demanda real;;;30521.66666666667;2021-03-22T16:00:00+01:00
1293;Demanda real;;;30142.5;2021-03-22T17:00:00+01:00
1293;Demanda real;;;30050.5;2021-03-22T18:00:00+01:00
1293;Demanda real;;;32009.66666666667;2021-03-22T19:00:00+01:00
1293;Demanda real;;;34631.33333333334;2021-03-22T20:00:00+01:00
1293;Demanda real;;;34069.5;2021-03-22T21:00:00+01:00
1293;Demanda real;;;31258.66666666667;2021-03-22T22:00:00+01:00
1293;Demanda real;;;28279.83333333333;2021-03-22T23:00:00+01:00
1293;Demanda real;;;26140.83333333333;2021-03-23T00:00:00+01:00
1293;Demanda real;;;24470.5;2021-03-23T01:00:00+01:00
1293;Demanda real;;;23415.33333333333;2021-03-23T02:00:00+01:00
1293;Demanda real;;;23192.5;2021-03-23T03:00:00+01:00
1293;Demanda real;;;22981;2021-03-23T04:00:00+01:00
1293;Demanda real;;;23626.5;2021-03-23T05:00:00+01:00
1293;Demanda real;;;26198;2021-03-23T06:00:00+01:00
1293;Demanda real;;;29633.5;2021-03-23T07:00:00+01:00
1293;Demanda real;;;32262.5;2021-03-23T08:00:00+01:00
1293;Demanda real;;;33306.66666666667;2021-03-23T09:00:00+01:00
1293;Demanda real;;;33493.83333333334;2021-03-23T10:00:00+01:00
1293;Demanda real;;;33225.66666666667;2021-03-23T11:00:00+01:00
1293;Demanda real;;;33010.66666666667;2021-03-23T12:00:00+01:00
1293;Demanda real;;;32557.16666666667;2021-03-23T13:00:00+01:00
1293;Demanda real;;;31643;2021-03-23T14:00:00+01:00
1293;Demanda real;;;30732.83333333333;2021-03-23T15:00:00+01:00
1293;Demanda real;;;29918.66666666667;2021-03-23T16:00:00+01:00
1293;Demanda real;;;29659.16666666667;2021-03-23T17:00:00+01:00
1293;Demanda real;;;29744;2021-03-23T18:00:00+01:00
1293;Demanda real;;;31469.33333333333;2021-03-23T19:00:00+01:00
1293;Demanda real;;;34147.16666666667;2021-03-23T20:00:00+01:00
1293;Demanda real;;;33515.33333333334;2021-03-23T21:00:00+01:00
1293;Demanda real;;;30915.16666666667;2021-03-23T22:00:00+01:00
1293;Demanda real;;;27962.83333333333;2021-03-23T23:00:00+01:00
1293;Demanda real;;;25968.5;2021-03-24T00:00:00+01:00
1293;Demanda real;;;24417.83333333333;2021-03-24T01:00:00+01:00
1293;Demanda real;;;23351.66666666667;2021-03-24T02:00:00+01:00
1293;Demanda real;;;22892.5;2021-03-24T03:00:00+01:00
1293;Demanda real;;;22919;2021-03-24T04:00:00+01:00
1293;Demanda real;;;23533.5;2021-03-24T05:00:00+01:00
1293;Demanda real;;;25809.16666666667;2021-03-24T06:00:00+01:00
1293;Demanda real;;;29027.83333333333;2021-03-24T07:00:00+01:00
1293;Demanda real;;;31657.83333333333;2021-03-24T08:00:00+01:00
1293;Demanda real;;;32649.16666666667;2021-03-24T09:00:00+01:00
1293;Demanda real;;;32980.83333333334;2021-03-24T10:00:00+01:00
1293;Demanda real;;;32726.33333333333;2021-03-24T11:00:00+01:00
1293;Demanda real;;;32694;2021-03-24T12:00:00+01:00
1293;Demanda real;;;32290.33333333333;2021-03-24T13:00:00+01:00
1293;Demanda real;;;31378.16666666667;2021-03-24T14:00:00+01:00
1293;Demanda real;;;30428.5;2021-03-24T15:00:00+01:00
1293;Demanda real;;;29810.16666666667;2021-03-24T16:00:00+01:00
1293;Demanda real;;;29574.16666666667;2021-03-24T17:00:00+01:00
1293;Demanda real;;;29478.66666666667;2021-03-24T18:00:00+01:00
1293;Demanda real;;;31205;2021-03-24T19:00:00+01:00
1293;Demanda real;;;33819;2021-03-24T20:00:00+01:00
1293;Demanda real;;;33238.16666666667;2021-03-24T21:00:00+01:00
1293;Demanda real;;;30494.83333333333;2021-03-24T22:00:00+01:00
1293;Demanda real;;;27634;2021-03-24T23:00:00+01:00
1293;Demanda real;;;25848.5;2021-03-25T00:00:00+01:00
1293;Demanda real;;;24231;2021-03-25T01:00:00+01:00
1293;Demanda real;;;23281.16666666667;2021-03-25T02:00:00+01:00
1293;Demanda real;;;22989.16666666667;2021-03-25T03:00:00+01:00
1293;Demanda real;;;22794.66666666667;2021-03-25T04:00:00+01:00
1293;Demanda real;;;23333.5;2021-03-25T05:00:00+01:00
1293;Demanda real;;;25750.33333333333;2021-03-25T06:00:00+01:00
1293;Demanda real;;;28851.5;2021-03-25T07:00:00+01:00
1293;Demanda real;;;31343.83333333333;2021-03-25T08:00:00+01:00
1293;Demanda real;;;32195.5;2021-03-25T09:00:00+01:00
1293;Demanda real;;;32346.5;2021-03-25T10:00:00+01:00
1293;Demanda real;;;32040.16666666667;2021-03-25T11:00:00+01:00
1293;Demanda real;;;31768.83333333333;2021-03-25T12:00:00+01:00
1293;Demanda real;;;31592.83333333333;2021-03-25T13:00:00+01:00
1293;Demanda real;;;30814.5;2021-03-25T14:00:00+01:00
1293;Demanda real;;;29805.5;2021-03-25T15:00:00+01:00
1293;Demanda real;;;29243.5;2021-03-25T16:00:00+01:00
1293;Demanda real;;;28929.16666666667;2021-03-25T17:00:00+01:00
1293;Demanda real;;;29180.83333333333;2021-03-25T18:00:00+01:00
1293;Demanda real;;;30582.66666666667;2021-03-25T19:00:00+01:00
1293;Demanda real;;;33210.16666666667;2021-03-25T20:00:00+01:00
1293;Demanda real;;;32745.5;2021-03-25T21:00:00+01:00
1293;Demanda real;;;30379.33333333333;2021-03-25T22:00:00+01:00
1293;Demanda real;;;27654.5;2021-03-25T23:00:00+01:00
1293;Demanda real;;;25679.33333333333;2021-03-26T00:00:00+01:00
1293;Demanda real;;;24049.83333333333;2021-03-26T01:00:00+01:00
1293;Demanda real;;;23143.5;2021-03-26T02:00:00+01:00
1293;Demanda real;;;22690.66666666667;2021-03-26T03:00:00+01:00
1293;Demanda real;;;22623.83333333333;2021-03-26T04:00:00+01:00
1293;Demanda real;;;23152.33333333333;2021-03-26T05:00:00+01:00
1293;Demanda real;;;25421.33333333333;2021-03-26T06:00:00+01:00
1293;Demanda real;;;28409.83333333333;2021-03-26T07:00:00+01:00
1293;Demanda real;;;30799.5;2021-03-26T08:00:00+01:00
1293;Demanda real;;;32052.66666666667;2021-03-26T09:00:00+01:00
1293;Demanda real;;;32191.66666666667;2021-03-26T10:00:00+01:00
1293;Demanda real;;;31994.66666666667;2021-03-26T11:00:00+01:00
1293;Demanda real;;;31779.16666666667;2021-03-26T12:00:00+01:00
1293;Demanda real;;;31593;2021-03-26T13:00:00+01:00
1293;Demanda real;;;30718.83333333333;2021-03-26T14:00:00+01:00
1293;Demanda real;;;29785.5;2021-03-26T15:00:00+01:00
1293;Demanda real;;;29276.5;2021-03-26T16:00:00+01:00
1293;Demanda real;;;28783.5;2021-03-26T17:00:00+01:00
1293;Demanda real;;;28674.83333333333;2021-03-26T18:00:00+01:00
1293;Demanda real;;;30173.5;2021-03-26T19:00:00+01:00
1293;Demanda real;;;32260.33333333333;2021-03-26T20:00:00+01:00
1293;Demanda real;;;31978.33333333333;2021-03-26T21:00:00+01:00
1293;Demanda real;;;29533.5;2021-03-26T22:00:00+01:00
1293;Demanda real;;;27387;2021-03-26T23:00:00+01:00
1293;Demanda real;;;25522;2021-03-27T00:00:00+01:00
1293;Demanda real;;;24036.83333333333;2021-03-27T01:00:00+01:00
1293;Demanda real;;;23015.66666666667;2021-03-27T02:00:00+01:00
1293;Demanda real;;;22417.66666666667;2021-03-27T03:00:00+01:00
1293;Demanda real;;;22085.33333333333;2021-03-27T04:00:00+01:00
1293;Demanda real;;;22062.83333333333;2021-03-27T05:00:00+01:00
1293;Demanda real;;;22602.16666666667;2021-03-27T06:00:00+01:00
1293;Demanda real;;;23281.5;2021-03-27T07:00:00+01:00
1293;Demanda real;;;25128.33333333333;2021-03-27T08:00:00+01:00
1293;Demanda real;;;27180;2021-03-27T09:00:00+01:00
1293;Demanda real;;;28540.83333333333;2021-03-27T10:00:00+01:00
1293;Demanda real;;;28781.66666666667;2021-03-27T11:00:00+01:00
1293;Demanda real;;;28329.33333333333;2021-03-27T12:00:00+01:00
1293;Demanda real;;;28302.16666666667;2021-03-27T13:00:00+01:00
1293;Demanda real;;;27799.16666666667;2021-03-27T14:00:00+01:00
1293;Demanda real;;;26414.33333333333;2021-03-27T15:00:00+01:00
1293;Demanda real;;;25480.5;2021-03-27T16:00:00+01:00
1293;Demanda real;;;24870.5;2021-03-27T17:00:00+01:00
1293;Demanda real;;;24687.33333333333;2021-03-27T18:00:00+01:00
1293;Demanda real;;;26295.33333333333;2021-03-27T19:00:00+01:00
1293;Demanda real;;;28564.16666666667;2021-03-27T20:00:00+01:00
1293;Demanda real;;;29035.33333333333;2021-03-27T21:00:00+01:00
1293;Demanda real;;;27555.33333333333;2021-03-27T22:00:00+01:00
1293;Demanda real;;;25355.66666666667;2021-03-27T23:00:00+01:00
1293;Demanda real;;;23358.5;2021-03-28T00:00:00+01:00
1293;Demanda real;;;21830.33333333333;2021-03-28T01:00:00+01:00
1293;Demanda real;;;20930.16666666667;2021-03-28T03:00:00+02:00
1293;Demanda real;;;20312.33333333333;2021-03-28T04:00:00+02:00
1293;Demanda real;;;20042;2021-03-28T05:00:00+02:00
1293;Demanda real;;;20511.83333333333;2021-03-28T06:00:00+02:00
1293;Demanda real;;;21061.66666666667;2021-03-28T07:00:00+02:00
1293;Demanda real;;;21156.16666666667;2021-03-28T08:00:00+02:00
1293;Demanda real;;;22702.5;2021-03-28T09:00:00+02:00
1293;Demanda real;;;24715.5;2021-03-28T10:00:00+02:00
1293;Demanda real;;;25764.66666666667;2021-03-28T11:00:00+02:00
1293;Demanda real;;;25809.83333333333;2021-03-28T12:00:00+02:00
1293;Demanda real;;;25704.83333333333;2021-03-28T13:00:00+02:00
1293;Demanda real;;;25652.16666666667;2021-03-28T14:00:00+02:00
1293;Demanda real;;;24453.5;2021-03-28T15:00:00+02:00
1293;Demanda real;;;23517.66666666667;2021-03-28T16:00:00+02:00
1293;Demanda real;;;22948.33333333333;2021-03-28T17:00:00+02:00
1293;Demanda real;;;22834.33333333333;2021-03-28T18:00:00+02:00
1293;Demanda real;;;23424.16666666667;2021-03-28T19:00:00+02:00
1293;Demanda real;;;25536.83333333333;2021-03-28T20:00:00+02:00
1293;Demanda real;;;28375.66666666667;2021-03-28T21:00:00+02:00
1293;Demanda real;;;27501;2021-03-28T22:00:00+02:00
1293;Demanda real;;;25741.83333333333;2021-03-28T23:00:00+02:00
1293;Demanda real;;;23949.66666666667;2021-03-29T00:00:00+02:00
1293;Demanda real;;;22382.5;2021-03-29T01:00:00+02:00
1293;Demanda real;;;21385.33333333333;2021-03-29T02:00:00+02:00
1293;Demanda real;;;20889.83333333333;2021-03-29T03:00:00+02:00
1293;Demanda real;;;20863.5;2021-03-29T04:00:00+02:00
1293;Demanda real;;;21436.66666666667;2021-03-29T05:00:00+02:00
1293;Demanda real;;;23963.83333333333;2021-03-29T06:00:00+02:00
1293;Demanda real;;;27334.66666666667;2021-03-29T07:00:00+02:00
1293;Demanda real;;;29286.16666666667;2021-03-29T08:00:00+02:00
1293;Demanda real;;;30992;2021-03-29T09:00:00+02:00
1293;Demanda real;;;31658;2021-03-29T10:00:00+02:00
1293;Demanda real;;;31408.33333333333;2021-03-29T11:00:00+02:00
1293;Demanda real;;;31372.5;2021-03-29T12:00:00+02:00
1293;Demanda real;;;31253;2021-03-29T13:00:00+02:00
1293;Demanda real;;;30714;2021-03-29T14:00:00+02:00
1293;Demanda real;;;29594.16666666667;2021-03-29T15:00:00+02:00
1293;Demanda real;;;28924.83333333333;2021-03-29T16:00:00+02:00
1293;Demanda real;;;28552.33333333333;2021-03-29T17:00:00+02:00
1293;Demanda real;;;27988.83333333333;2021-03-29T18:00:00+02:00
1293;Demanda real;;;28112.83333333333;2021-03-29T19:00:00+02:00
1293;Demanda real;;;29949.33333333333;2021-03-29T20:00:00+02:00
1293;Demanda real;;;31852.16666666667;2021-03-29T21:00:00+02:00
1293;Demanda real;;;29577;2021-03-29T22:00:00+02:00
1293;Demanda real;;;26969.66666666667;2021-03-29T23:00:00+02:00
1293;Demanda real;;;25411.66666666667;2021-03-30T00:00:00+02:00
1293;Demanda real;;;23880.5;2021-03-30T01:00:00+02:00
1293;Demanda real;;;22784.16666666667;2021-03-30T02:00:00+02:00
1293;Demanda real;;;22349.16666666667;2021-03-30T03:00:00+02:00
1293;Demanda real;;;22124.83333333333;2021-03-30T04:00:00+02:00
1293;Demanda real;;;22438.5;2021-03-30T05:00:00+02:00
1293;Demanda real;;;24457;2021-03-30T06:00:00+02:00
1293;Demanda real;;;27385.83333333333;2021-03-30T07:00:00+02:00
1293;Demanda real;;;29092.66666666667;2021-03-30T08:00:00+02:00
1293;Demanda real;;;30618.33333333333;2021-03-30T09:00:00+02:00
1293;Demanda real;;;31246.5;2021-03-30T10:00:00+02:00
1293;Demanda real;;;31260;2021-03-30T11:00:00+02:00
1293;Demanda real;;;31421.16666666667;2021-03-30T12:00:00+02:00
1293;Demanda real;;;31195.33333333333;2021-03-30T13:00:00+02:00
1293;Demanda real;;;30422.16666666667;2021-03-30T14:00:00+02:00
1293;Demanda real;;;29166.33333333333;2021-03-30T15:00:00+02:00
1293;Demanda real;;;28373.5;2021-03-30T16:00:00+02:00
1293;Demanda real;;;27953.5;2021-03-30T17:00:00+02:00
1293;Demanda real;;;27614;2021-03-30T18:00:00+02:00
1293;Demanda real;;;27899.16666666667;2021-03-30T19:00:00+02:00
1293;Demanda real;;;29684.83333333333;2021-03-30T20:00:00+02:00
1293;Demanda real;;;31294.83333333333;2021-03-30T21:00:00+02:00
1293;Demanda real;;;29170.66666666667;2021-03-30T22:00:00+02:00
1293;Demanda real;;;26857.5;2021-03-30T23:00:00+02:00
1293;Demanda real;;;25090.66666666667;2021-03-31T00:00:00+02:00
1293;Demanda real;;;23528.83333333333;2021-03-31T01:00:00+02:00
1293;Demanda real;;;22396.5;2021-03-31T02:00:00+02:00
1293;Demanda real;;;22133;2021-03-31T03:00:00+02:00
1293;Demanda real;;;21865.33333333333;2021-03-31T04:00:00+02:00
1293;Demanda real;;;22096.66666666667;2021-03-31T05:00:00+02:00
1293;Demanda real;;;24266.66666666667;2021-03-31T06:00:00+02:00
1293;Demanda real;;;27267.5;2021-03-31T07:00:00+02:00
1293;Demanda real;;;28898.33333333333;2021-03-31T08:00:00+02:00
1293;Demanda real;;;30243;2021-03-31T09:00:00+02:00
1293;Demanda real;;;30629.33333333333;2021-03-31T10:00:00+02:00
1293;Demanda real;;;30737.5;2021-03-31T11:00:00+02:00
1293;Demanda real;;;30493.66666666667;2021-03-31T12:00:00+02:00
1293;Demanda real;;;30329.66666666667;2021-03-31T13:00:00+02:00
1293;Demanda real;;;29646.16666666667;2021-03-31T14:00:00+02:00
1293;Demanda real;;;28432;2021-03-31T15:00:00+02:00
1293;Demanda real;;;27899.66666666667;2021-03-31T16:00:00+02:00
1293;Demanda real;;;27437.5;2021-03-31T17:00:00+02:00
1293;Demanda real;;;26977.33333333333;2021-03-31T18:00:00+02:00
1293;Demanda real;;;26943.66666666667;2021-03-31T19:00:00+02:00
1293;Demanda real;;;28334.66666666667;2021-03-31T20:00:00+02:00
1293;Demanda real;;;30273.16666666667;2021-03-31T21:00:00+02:00
1293;Demanda real;;;27981.66666666667;2021-03-31T22:00:00+02:00
1293;Demanda real;;;25726.16666666667;2021-03-31T23:00:00+02:00
1293;Demanda real;;;24070.16666666667;2021-04-01T00:00:00+02:00
1293;Demanda real;;;22554.83333333333;2021-04-01T01:00:00+02:00
1293;Demanda real;;;21446;2021-04-01T02:00:00+02:00
1293;Demanda real;;;20818;2021-04-01T03:00:00+02:00
1293;Demanda real;;;20540.33333333333;2021-04-01T04:00:00+02:00
1293;Demanda real;;;20516.16666666667;2021-04-01T05:00:00+02:00
1293;Demanda real;;;21282.66666666667;2021-04-01T06:00:00+02:00
1293;Demanda real;;;22455;2021-04-01T07:00:00+02:00
1293;Demanda real;;;23086.83333333333;2021-04-01T08:00:00+02:00
1293;Demanda real;;;25091.16666666667;2021-04-01T09:00:00+02:00
1293;Demanda real;;;26320.83333333333;2021-04-01T10:00:00+02:00
1293;Demanda real;;;26635.16666666667;2021-04-01T11:00:00+02:00
1293;Demanda real;;;26669.5;2021-04-01T12:00:00+02:00
1293;Demanda real;;;26736.83333333333;2021-04-01T13:00:00+02:00
1293;Demanda real;;;26278;2021-04-01T14:00:00+02:00
1293;Demanda real;;;24904.5;2021-04-01T15:00:00+02:00
1293;Demanda real;;;23864.66666666667;2021-04-01T16:00:00+02:00
1293;Demanda real;;;23366;2021-04-01T17:00:00+02:00
1293;Demanda real;;;23121.5;2021-04-01T18:00:00+02:00
1293;Demanda real;;;23396;2021-04-01T19:00:00+02:00
1293;Demanda real;;;24909.66666666667;2021-04-01T20:00:00+02:00
1293;Demanda real;;;27375.66666666667;2021-04-01T21:00:00+02:00
1293;Demanda real;;;26028.16666666667;2021-04-01T22:00:00+02:00
1293;Demanda real;;;23970.33333333333;2021-04-01T23:00:00+02:00
1293;Demanda real;;;22319.5;2021-04-02T00:00:00+02:00
1293;Demanda real;;;20847.33333333333;2021-04-02T01:00:00+02:00
1293;Demanda real;;;19816.33333333333;2021-04-02T02:00:00+02:00
1293;Demanda real;;;19265.83333333333;2021-04-02T03:00:00+02:00
1293;Demanda real;;;18935;2021-04-02T04:00:00+02:00
1293;Demanda real;;;18910.66666666667;2021-04-02T05:00:00+02:00
1293;Demanda real;;;19316.83333333333;2021-04-02T06:00:00+02:00
1293;Demanda real;;;19998;2021-04-02T07:00:00+02:00
1293;Demanda real;;;20113.83333333333;2021-04-02T08:00:00+02:00
1293;Demanda real;;;21923.16666666667;2021-04-02T09:00:00+02:00
1293;Demanda real;;;23541;2021-04-02T10:00:00+02:00
1293;Demanda real;;;24156.5;2021-04-02T11:00:00+02:00
1293;Demanda real;;;24357.16666666667;2021-04-02T12:00:00+02:00
1293;Demanda real;;;24418.16666666667;2021-04-02T13:00:00+02:00
1293;Demanda real;;;24142.16666666667;2021-04-02T14:00:00+02:00
1293;Demanda real;;;22708.83333333333;2021-04-02T15:00:00+02:00
1293;Demanda real;;;21897.66666666667;2021-04-02T16:00:00+02:00
1293;Demanda real;;;21420.66666666667;2021-04-02T17:00:00+02:00
1293;Demanda real;;;21477;2021-04-02T18:00:00+02:00
1293;Demanda real;;;21652.5;2021-04-02T19:00:00+02:00
1293;Demanda real;;;23531.5;2021-04-02T20:00:00+02:00
1293;Demanda real;;;25966.16666666667;2021-04-02T21:00:00+02:00
1293;Demanda real;;;25166.66666666667;2021-04-02T22:00:00+02:00
1293;Demanda real;;;23196.83333333333;2021-04-02T23:00:00+02:00
1293;Demanda real;;;21809.5;2021-04-03T00:00:00+02:00
1293;Demanda real;;;20467;2021-04-03T01:00:00+02:00
1293;Demanda real;;;19507;2021-04-03T02:00:00+02:00
1293;Demanda real;;;19115.66666666667;2021-04-03T03:00:00+02:00
1293;Demanda real;;;18856.16666666667;2021-04-03T04:00:00+02:00
1293;Demanda real;;;19055.16666666667;2021-04-03T05:00:00+02:00
1293;Demanda real;;;19676.16666666667;2021-04-03T06:00:00+02:00
1293;Demanda real;;;20606.66666666667;2021-04-03T07:00:00+02:00
1293;Demanda real;;;21491;2021-04-03T08:00:00+02:00
1293;Demanda real;;;23612.83333333333;2021-04-03T09:00:00+02:00
1293;Demanda real;;;25175.33333333333;2021-04-03T10:00:00+02:00
1293;Demanda real;;;25584.5;2021-04-03T11:00:00+02:00
1293;Demanda real;;;25488.5;2021-04-03T12:00:00+02:00
1293;Demanda real;;;25485.5;2021-04-03T13:00:00+02:00
1293;Demanda real;;;25261.5;2021-04-03T14:00:00+02:00
1293;Demanda real;;;23960.33333333333;2021-04-03T15:00:00+02:00
1293;Demanda real;;;23128.5;2021-04-03T16:00:00+02:00
1293;Demanda real;;;22729.66666666667;2021-04-03T17:00:00+02:00
1293;Demanda real;;;22743.83333333333;2021-04-03T18:00:00+02:00
1293;Demanda real;;;23033;2021-04-03T19:00:00+02:00
1293;Demanda real;;;24390;2021-04-03T20:00:00+02:00
1293;Demanda real;;;26940.5;2021-04-03T21:00:00+02:00
1293;Demanda real;;;25678.66666666667;2021-04-03T22:00:00+02:00
1293;Demanda real;;;23602.16666666667;2021-04-03T23:00:00+02:00
1293;Demanda real;;;21946.83333333333;2021-04-04T00:00:00+02:00
1293;Demanda real;;;20336.83333333333;2021-04-04T01:00:00+02:00
1293;Demanda real;;;19447;2021-04-04T02:00:00+02:00
1293;Demanda real;;;18841.66666666667;2021-04-04T03:00:00+02:00
1293;Demanda real;;;18571.5;2021-04-04T04:00:00+02:00
1293;Demanda real;;;18497.16666666667;2021-04-04T05:00:00+02:00
1293;Demanda real;;;18921.33333333333;2021-04-04T06:00:00+02:00
1293;Demanda real;;;19282.5;2021-04-04T07:00:00+02:00
1293;Demanda real;;;19547.33333333333;2021-04-04T08:00:00+02:00
1293;Demanda real;;;21419.66666666667;2021-04-04T09:00:00+02:00
1293;Demanda real;;;23308;2021-04-04T10:00:00+02:00
1293;Demanda real;;;23998;2021-04-04T11:00:00+02:00
1293;Demanda real;;;23919.33333333333;2021-04-04T12:00:00+02:00
1293;Demanda real;;;24026;2021-04-04T13:00:00+02:00
1293;Demanda real;;;23940.83333333333;2021-04-04T14:00:00+02:00
1293;Demanda real;;;22505.66666666667;2021-04-04T15:00:00+02:00
1293;Demanda real;;;21764.66666666667;2021-04-04T16:00:00+02:00
1293;Demanda real;;;21202.33333333333;2021-04-04T17:00:00+02:00
1293;Demanda real;;;21210.5;2021-04-04T18:00:00+02:00
1293;Demanda real;;;21752.33333333333;2021-04-04T19:00:00+02:00
1293;Demanda real;;;23412.83333333333;2021-04-04T20:00:00+02:00
1293;Demanda real;;;26234.16666666667;2021-04-04T21:00:00+02:00
1293;Demanda real;;;25287.5;2021-04-04T22:00:00+02:00
1293;Demanda real;;;23304.16666666667;2021-04-04T23:00:00+02:00
1293;Demanda real;;;21736.83333333333;2021-04-05T00:00:00+02:00
1293;Demanda real;;;20199.33333333333;2021-04-05T01:00:00+02:00
1293;Demanda real;;;19401.5;2021-04-05T02:00:00+02:00
1293;Demanda real;;;18895.83333333333;2021-04-05T03:00:00+02:00
1293;Demanda real;;;18754.5;2021-04-05T04:00:00+02:00
1293;Demanda real;;;19039.33333333333;2021-04-05T05:00:00+02:00
1293;Demanda real;;;20444.66666666667;2021-04-05T06:00:00+02:00
1293;Demanda real;;;22738;2021-04-05T07:00:00+02:00
1293;Demanda real;;;24127.66666666667;2021-04-05T08:00:00+02:00
1293;Demanda real;;;25902;2021-04-05T09:00:00+02:00
1293;Demanda real;;;26482.66666666667;2021-04-05T10:00:00+02:00
1293;Demanda real;;;26474.5;2021-04-05T11:00:00+02:00
1293;Demanda real;;;26425.16666666667;2021-04-05T12:00:00+02:00
1293;Demanda real;;;26452.66666666667;2021-04-05T13:00:00+02:00
1293;Demanda real;;;26259.5;2021-04-05T14:00:00+02:00
1293;Demanda real;;;25049.16666666667;2021-04-05T15:00:00+02:00
1293;Demanda real;;;24463.16666666667;2021-04-05T16:00:00+02:00
1293;Demanda real;;;24158;2021-04-05T17:00:00+02:00
1293;Demanda real;;;24123;2021-04-05T18:00:00+02:00
1293;Demanda real;;;24511.83333333333;2021-04-05T19:00:00+02:00
1293;Demanda real;;;26129.5;2021-04-05T20:00:00+02:00
1293;Demanda real;;;28842.16666666667;2021-04-05T21:00:00+02:00
1293;Demanda real;;;26997.33333333333;2021-04-05T22:00:00+02:00
1293;Demanda real;;;24612.83333333333;2021-04-05T23:00:00+02:00
1293;Demanda real;;;22866.33333333333;2021-04-06T00:00:00+02:00
1293;Demanda real;;;21697.33333333333;2021-04-06T01:00:00+02:00
1293;Demanda real;;;21002.5;2021-04-06T02:00:00+02:00
1293;Demanda real;;;20570;2021-04-06T03:00:00+02:00
1293;Demanda real;;;20538;2021-04-06T04:00:00+02:00
1293;Demanda real;;;21081.5;2021-04-06T05:00:00+02:00
1293;Demanda real;;;23353.5;2021-04-06T06:00:00+02:00
1293;Demanda real;;;26720.83333333333;2021-04-06T07:00:00+02:00
1293;Demanda real;;;28760.16666666667;2021-04-06T08:00:00+02:00
1293;Demanda real;;;30063.66666666667;2021-04-06T09:00:00+02:00
1293;Demanda real;;;30398.5;2021-04-06T10:00:00+02:00
1293;Demanda real;;;30527.66666666667;2021-04-06T11:00:00+02:00
1293;Demanda real;;;30541;2021-04-06T12:00:00+02:00
1293;Demanda real;;;30633.33333333333;2021-04-06T13:00:00+02:00
1293;Demanda real;;;30045.33333333333;2021-04-06T14:00:00+02:00
1293;Demanda real;;;28939.16666666667;2021-04-06T15:00:00+02:00
1293;Demanda real;;;28287.33333333333;2021-04-06T16:00:00+02:00
1293;Demanda real;;;28099.16666666667;2021-04-06T17:00:00+02:00
1293;Demanda real;;;27983.5;2021-04-06T18:00:00+02:00
1293;Demanda real;;;28168;2021-04-06T19:00:00+02:00
1293;Demanda real;;;29772.33333333333;2021-04-06T20:00:00+02:00
1293;Demanda real;;;31662;2021-04-06T21:00:00+02:00
1293;Demanda real;;;28909.83333333333;2021-04-06T22:00:00+02:00
1293;Demanda real;;;26370.83333333333;2021-04-06T23:00:00+02:00
1293;Demanda real;;;24725.66666666667;2021-04-07T00:00:00+02:00
1293;Demanda real;;;23333;2021-04-07T01:00:00+02:00
1293;Demanda real;;;22573.83333333333;2021-04-07T02:00:00+02:00
1293;Demanda real;;;22097.66666666667;2021-04-07T03:00:00+02:00
1293;Demanda real;;;22059.5;2021-04-07T04:00:00+02:00
1293;Demanda real;;;22491.83333333333;2021-04-07T05:00:00+02:00
1293;Demanda real;;;24678.5;2021-04-07T06:00:00+02:00
1293;Demanda real;;;27900;2021-04-07T07:00:00+02:00
1293;Demanda real;;;29840;2021-04-07T08:00:00+02:00
1293;Demanda real;;;31228;2021-04-07T09:00:00+02:00
1293;Demanda real;;;31419.66666666667;2021-04-07T10:00:00+02:00
1293;Demanda real;;;31478.33333333333;2021-04-07T11:00:00+02:00
1293;Demanda real;;;31698.16666666667;2021-04-07T12:00:00+02:00
1293;Demanda real;;;31534.33333333333;2021-04-07T13:00:00+02:00
1293;Demanda real;;;30697.83333333333;2021-04-07T14:00:00+02:00
1293;Demanda real;;;29485.5;2021-04-07T15:00:00+02:00
1293;Demanda real;;;28969.33333333333;2021-04-07T16:00:00+02:00
1293;Demanda real;;;28811.5;2021-04-07T17:00:00+02:00
1293;Demanda real;;;28789.16666666667;2021-04-07T18:00:00+02:00
1293;Demanda real;;;29130.33333333333;2021-04-07T19:00:00+02:00
1293;Demanda real;;;30610;2021-04-07T20:00:00+02:00
1293;Demanda real;;;32248.83333333333;2021-04-07T21:00:00+02:00
1293;Demanda real;;;29588.33333333333;2021-04-07T22:00:00+02:00
1293;Demanda real;;;26984.66666666667;2021-04-07T23:00:00+02:00
1293;Demanda real;;;25242.16666666667;2021-04-08T00:00:00+02:00
1293;Demanda real;;;23906.33333333333;2021-04-08T01:00:00+02:00
1293;Demanda real;;;22860.33333333333;2021-04-08T02:00:00+02:00
1293;Demanda real;;;22492.66666666667;2021-04-08T03:00:00+02:00
1293;Demanda real;;;22465.5;2021-04-08T04:00:00+02:00
1293;Demanda real;;;22762.83333333333;2021-04-08T05:00:00+02:00
1293;Demanda real;;;25077;2021-04-08T06:00:00+02:00
1293;Demanda real;;;28571;2021-04-08T07:00:00+02:00
1293;Demanda real;;;30308.66666666667;2021-04-08T08:00:00+02:00
1293;Demanda real;;;31812.83333333333;2021-04-08T09:00:00+02:00
1293;Demanda real;;;31946.83333333333;2021-04-08T10:00:00+02:00
1293;Demanda real;;;32085;2021-04-08T11:00:00+02:00
1293;Demanda real;;;32110.16666666667;2021-04-08T12:00:00+02:00
1293;Demanda real;;;31856.83333333333;2021-04-08T13:00:00+02:00
1293;Demanda real;;;30713.33333333333;2021-04-08T14:00:00+02:00
1293;Demanda real;;;29444;2021-04-08T15:00:00+02:00
1293;Demanda real;;;29019.16666666667;2021-04-08T16:00:00+02:00
1293;Demanda real;;;28692.66666666667;2021-04-08T17:00:00+02:00
1293;Demanda real;;;28427.33333333333;2021-04-08T18:00:00+02:00
1293;Demanda real;;;28821.66666666667;2021-04-08T19:00:00+02:00
1293;Demanda real;;;30482.83333333333;2021-04-08T20:00:00+02:00
1293;Demanda real;;;32232.83333333333;2021-04-08T21:00:00+02:00
1293;Demanda real;;;29659.66666666667;2021-04-08T22:00:00+02:00
1293;Demanda real;;;26824.83333333333;2021-04-08T23:00:00+02:00
1293;Demanda real;;;25086.16666666667;2021-04-09T00:00:00+02:00
1293;Demanda real;;;23686.16666666667;2021-04-09T01:00:00+02:00
1293;Demanda real;;;22824.5;2021-04-09T02:00:00+02:00
1293;Demanda real;;;22406.33333333333;2021-04-09T03:00:00+02:00
1293;Demanda real;;;22222.83333333333;2021-04-09T04:00:00+02:00
1293;Demanda real;;;22600.16666666667;2021-04-09T05:00:00+02:00
1293;Demanda real;;;24776.83333333333;2021-04-09T06:00:00+02:00
1293;Demanda real;;;27957.5;2021-04-09T07:00:00+02:00
1293;Demanda real;;;29994.66666666667;2021-04-09T08:00:00+02:00
1293;Demanda real;;;31516.83333333333;2021-04-09T09:00:00+02:00
1293;Demanda real;;;32259.66666666667;2021-04-09T10:00:00+02:00
1293;Demanda real;;;32572.33333333333;2021-04-09T11:00:00+02:00
1293;Demanda real;;;32694;2021-04-09T12:00:00+02:00
1293;Demanda real;;;32538.83333333333;2021-04-09T13:00:00+02:00
1293;Demanda real;;;31696.33333333333;2021-04-09T14:00:00+02:00
1293;Demanda real;;;30375.33333333333;2021-04-09T15:00:00+02:00
1293;Demanda real;;;29467.5;2021-04-09T16:00:00+02:00
1293;Demanda real;;;29039.83333333333;2021-04-09T17:00:00+02:00
1293;Demanda real;;;28679.33333333333;2021-04-09T18:00:00+02:00
1293;Demanda real;;;28783.5;2021-04-09T19:00:00+02:00
1293;Demanda real;;;29940.33333333333;2021-04-09T20:00:00+02:00
1293;Demanda real;;;31335.16666666667;2021-04-09T21:00:00+02:00
1293;Demanda real;;;28930.33333333333;2021-04-09T22:00:00+02:00
1293;Demanda real;;;26689.16666666667;2021-04-09T23:00:00+02:00
1293;Demanda real;;;25027.66666666667;2021-04-10T00:00:00+02:00
1293;Demanda real;;;23559;2021-04-10T01:00:00+02:00
1293;Demanda real;;;22311;2021-04-10T02:00:00+02:00
1293;Demanda real;;;21854;2021-04-10T03:00:00+02:00
1293;Demanda real;;;21542;2021-04-10T04:00:00+02:00
1293;Demanda real;;;21363.5;2021-04-10T05:00:00+02:00
1293;Demanda real;;;21786.83333333333;2021-04-10T06:00:00+02:00
1293;Demanda real;;;22603.16666666667;2021-04-10T07:00:00+02:00
1293;Demanda real;;;23558;2021-04-10T08:00:00+02:00
1293;Demanda real;;;26098.5;2021-04-10T09:00:00+02:00
1293;Demanda real;;;27907.5;2021-04-10T10:00:00+02:00
1293;Demanda real;;;28560.33333333333;2021-04-10T11:00:00+02:00
1293;Demanda real;;;28787.16666666667;2021-04-10T12:00:00+02:00
1293;Demanda real;;;28952.83333333333;2021-04-10T13:00:00+02:00
1293;Demanda real;;;28315.5;2021-04-10T14:00:00+02:00
1293;Demanda real;;;26677.83333333333;2021-04-10T15:00:00+02:00
1293;Demanda real;;;25405;2021-04-10T16:00:00+02:00
1293;Demanda real;;;24914.66666666667;2021-04-10T17:00:00+02:00
1293;Demanda real;;;24644.66666666667;2021-04-10T18:00:00+02:00
1293;Demanda real;;;25061.5;2021-04-10T19:00:00+02:00
1293;Demanda real;;;26546.83333333333;2021-04-10T20:00:00+02:00
1293;Demanda real;;;28867.5;2021-04-10T21:00:00+02:00
1293;Demanda real;;;27181.16666666667;2021-04-10T22:00:00+02:00
1293;Demanda real;;;24928.16666666667;2021-04-10T23:00:00+02:00
1293;Demanda real;;;23104.66666666667;2021-04-11T00:00:00+02:00
1293;Demanda real;;;21512.83333333333;2021-04-11T01:00:00+02:00
1293;Demanda real;;;20308;2021-04-11T02:00:00+02:00
1293;Demanda real;;;19771.66666666667;2021-04-11T03:00:00+02:00
1293;Demanda real;;;19501.5;2021-04-11T04:00:00+02:00
1293;Demanda real;;;19465;2021-04-11T05:00:00+02:00
1293;Demanda real;;;19755;2021-04-11T06:00:00+02:00
1293;Demanda real;;;20084;2021-04-11T07:00:00+02:00
1293;Demanda real;;;20559;2021-04-11T08:00:00+02:00
1293;Demanda real;;;22732.66666666667;2021-04-11T09:00:00+02:00
1293;Demanda real;;;24667.33333333333;2021-04-11T10:00:00+02:00
1293;Demanda real;;;25810.33333333333;2021-04-11T11:00:00+02:00
1293;Demanda real;;;26050.33333333333;2021-04-11T12:00:00+02:00
1293;Demanda real;;;26513.16666666667;2021-04-11T13:00:00+02:00
1293;Demanda real;;;26601.33333333333;2021-04-11T14:00:00+02:00
1293;Demanda real;;;24864.5;2021-04-11T15:00:00+02:00
1293;Demanda real;;;23569.16666666667;2021-04-11T16:00:00+02:00
1293;Demanda real;;;23207.5;2021-04-11T17:00:00+02:00
1293;Demanda real;;;23345.16666666667;2021-04-11T18:00:00+02:00
1293;Demanda real;;;23957.5;2021-04-11T19:00:00+02:00
1293;Demanda real;;;25570.83333333333;2021-04-11T20:00:00+02:00
1293;Demanda real;;;28145.33333333333;2021-04-11T21:00:00+02:00
1293;Demanda real;;;26883.83333333333;2021-04-11T22:00:00+02:00
1293;Demanda real;;;24977.66666666667;2021-04-11T23:00:00+02:00
1293;Demanda real;;;23203.83333333333;2021-04-12T00:00:00+02:00
1293;Demanda real;;;21793.16666666667;2021-04-12T01:00:00+02:00
1293;Demanda real;;;20964.16666666667;2021-04-12T02:00:00+02:00
1293;Demanda real;;;20569.5;2021-04-12T03:00:00+02:00
1293;Demanda real;;;20586.66666666667;2021-04-12T04:00:00+02:00
1293;Demanda real;;;21213.5;2021-04-12T05:00:00+02:00
1293;Demanda real;;;23701;2021-04-12T06:00:00+02:00
1293;Demanda real;;;27159.16666666667;2021-04-12T07:00:00+02:00
1293;Demanda real;;;29435.33333333333;2021-04-12T08:00:00+02:00
1293;Demanda real;;;30900.83333333333;2021-04-12T09:00:00+02:00
1293;Demanda real;;;31390.83333333333;2021-04-12T10:00:00+02:00
1293;Demanda real;;;31383.83333333333;2021-04-12T11:00:00+02:00
1293;Demanda real;;;31431.5;2021-04-12T12:00:00+02:00
1293;Demanda real;;;31214.33333333333;2021-04-12T13:00:00+02:00
1293;Demanda real;;;30557;2021-04-12T14:00:00+02:00
1293;Demanda real;;;29548.33333333333;2021-04-12T15:00:00+02:00
1293;Demanda real;;;28772.5;2021-04-12T16:00:00+02:00
1293;Demanda real;;;28332.83333333333;2021-04-12T17:00:00+02:00
1293;Demanda real;;;28066.66666666667;2021-04-12T18:00:00+02:00
1293;Demanda real;;;28483.66666666667;2021-04-12T19:00:00+02:00
1293;Demanda real;;;29815.83333333333;2021-04-12T20:00:00+02:00
1293;Demanda real;;;31790.83333333333;2021-04-12T21:00:00+02:00
1293;Demanda real;;;29506.33333333333;2021-04-12T22:00:00+02:00
1293;Demanda real;;;26806.33333333333;2021-04-12T23:00:00+02:00
1293;Demanda real;;;24850;2021-04-13T00:00:00+02:00
1293;Demanda real;;;23475.66666666667;2021-04-13T01:00:00+02:00
1293;Demanda real;;;22611.5;2021-04-13T02:00:00+02:00
1293;Demanda real;;;22343.33333333333;2021-04-13T03:00:00+02:00
1293;Demanda real;;;22164.16666666667;2021-04-13T04:00:00+02:00
1293;Demanda real;;;22710.83333333333;2021-04-13T05:00:00+02:00
1293;Demanda real;;;25055.66666666667;2021-04-13T06:00:00+02:00
1293;Demanda real;;;28447.33333333333;2021-04-13T07:00:00+02:00
1293;Demanda real;;;30663;2021-04-13T08:00:00+02:00
1293;Demanda real;;;31644.83333333333;2021-04-13T09:00:00+02:00
1293;Demanda real;;;32565.66666666667;2021-04-13T10:00:00+02:00
1293;Demanda real;;;32727.83333333333;2021-04-13T11:00:00+02:00
1293;Demanda real;;;32684.66666666667;2021-04-13T12:00:00+02:00
1293;Demanda real;;;32442;2021-04-13T13:00:00+02:00
1293;Demanda real;;;31377.16666666667;2021-04-13T14:00:00+02:00
1293;Demanda real;;;30224;2021-04-13T15:00:00+02:00
1293;Demanda real;;;29689.5;2021-04-13T16:00:00+02:00
1293;Demanda real;;;29433.33333333333;2021-04-13T17:00:00+02:00
1293;Demanda real;;;29300;2021-04-13T18:00:00+02:00
1293;Demanda real;;;29739.5;2021-04-13T19:00:00+02:00
1293;Demanda real;;;31191;2021-04-13T20:00:00+02:00
1293;Demanda real;;;32553.5;2021-04-13T21:00:00+02:00
1293;Demanda real;;;29699;2021-04-13T22:00:00+02:00
1293;Demanda real;;;27125.33333333333;2021-04-13T23:00:00+02:00
1293;Demanda real;;;25346.66666666667;2021-04-14T00:00:00+02:00
1293;Demanda real;;;23929.16666666667;2021-04-14T01:00:00+02:00
1293;Demanda real;;;22902;2021-04-14T02:00:00+02:00
1293;Demanda real;;;22512;2021-04-14T03:00:00+02:00
1293;Demanda real;;;22321.83333333333;2021-04-14T04:00:00+02:00
1293;Demanda real;;;22867.83333333333;2021-04-14T05:00:00+02:00
1293;Demanda real;;;25256.66666666667;2021-04-14T06:00:00+02:00
1293;Demanda real;;;28601.33333333333;2021-04-14T07:00:00+02:00
1293;Demanda real;;;30567.33333333333;2021-04-14T08:00:00+02:00
1293;Demanda real;;;31576.83333333333;2021-04-14T09:00:00+02:00
1293;Demanda real;;;31895.16666666667;2021-04-14T10:00:00+02:00
1293;Demanda real;;;32085;2021-04-14T11:00:00+02:00
1293;Demanda real;;;32184.33333333333;2021-04-14T12:00:00+02:00
1293;Demanda real;;;31760.5;2021-04-14T13:00:00+02:00
1293;Demanda real;;;30758;2021-04-14T14:00:00+02:00
1293;Demanda real;;;29676;2021-04-14T15:00:00+02:00
1293;Demanda real;;;29301.5;2021-04-14T16:00:00+02:00
1293;Demanda real;;;28988.5;2021-04-14T17:00:00+02:00
1293;Demanda real;;;28835.5;2021-04-14T18:00:00+02:00
1293;Demanda real;;;29509.16666666667;2021-04-14T19:00:00+02:00
1293;Demanda real;;;31062;2021-04-14T20:00:00+02:00
1293;Demanda real;;;32487.33333333333;2021-04-14T21:00:00+02:00
1293;Demanda real;;;29576.16666666667;2021-04-14T22:00:00+02:00
1293;Demanda real;;;26952.83333333333;2021-04-14T23:00:00+02:00
1293;Demanda real;;;25213;2021-04-15T00:00:00+02:00
1293;Demanda real;;;23930.16666666667;2021-04-15T01:00:00+02:00
1293;Demanda real;;;23043.16666666667;2021-04-15T02:00:00+02:00
1293;Demanda real;;;22745.33333333333;2021-04-15T03:00:00+02:00
1293;Demanda real;;;22527;2021-04-15T04:00:00+02:00
1293;Demanda real;;;23029.5;2021-04-15T05:00:00+02:00
1293;Demanda real;;;25324;2021-04-15T06:00:00+02:00
1293;Demanda real;;;28230.33333333333;2021-04-15T07:00:00+02:00
1293;Demanda real;;;30258.5;2021-04-15T08:00:00+02:00
1293;Demanda real;;;31659.66666666667;2021-04-15T09:00:00+02:00
1293;Demanda real;;;32291.33333333333;2021-04-15T10:00:00+02:00
1293;Demanda real;;;32505.66666666667;2021-04-15T11:00:00+02:00
1293;Demanda real;;;32367.16666666667;2021-04-15T12:00:00+02:00
1293;Demanda real;;;32310.66666666667;2021-04-15T13:00:00+02:00
1293;Demanda real;;;31355.33333333333;2021-04-15T14:00:00+02:00
1293;Demanda real;;;30326.33333333333;2021-04-15T15:00:00+02:00
1293;Demanda real;;;29727.16666666667;2021-04-15T16:00:00+02:00
1293;Demanda real;;;29323.16666666667;2021-04-15T17:00:00+02:00
1293;Demanda real;;;29091.16666666667;2021-04-15T18:00:00+02:00
1293;Demanda real;;;29680.66666666667;2021-04-15T19:00:00+02:00
1293;Demanda real;;;31193.5;2021-04-15T20:00:00+02:00
1293;Demanda real;;;32483.83333333333;2021-04-15T21:00:00+02:00
1293;Demanda real;;;29891.33333333333;2021-04-15T22:00:00+02:00
1293;Demanda real;;;27230.66666666667;2021-04-15T23:00:00+02:00
1293;Demanda real;;;25435.33333333333;2021-04-16T00:00:00+02:00
1293;Demanda real;;;24125.83333333333;2021-04-16T01:00:00+02:00
1293;Demanda real;;;23092.83333333333;2021-04-16T02:00:00+02:00
1293;Demanda real;;;22691.66666666667;2021-04-16T03:00:00+02:00
1293;Demanda real;;;22550.16666666667;2021-04-16T04:00:00+02:00
1293;Demanda real;;;22936.33333333333;2021-04-16T05:00:00+02:00
1293;Demanda real;;;25168.16666666667;2021-04-16T06:00:00+02:00
1293;Demanda real;;;28301.16666666667;2021-04-16T07:00:00+02:00
1293;Demanda real;;;30363.83333333333;2021-04-16T08:00:00+02:00
1293;Demanda real;;;31660.66666666667;2021-04-16T09:00:00+02:00
1293;Demanda real;;;32090.66666666667;2021-04-16T10:00:00+02:00
1293;Demanda real;;;31855.33333333333;2021-04-16T11:00:00+02:00
1293;Demanda real;;;31770.16666666667;2021-04-16T12:00:00+02:00
1293;Demanda real;;;31339.83333333333;2021-04-16T13:00:00+02:00
1293;Demanda real;;;30625.66666666667;2021-04-16T14:00:00+02:00
1293;Demanda real;;;29564.5;2021-04-16T15:00:00+02:00
1293;Demanda real;;;28885.16666666667;2021-04-16T16:00:00+02:00
1293;Demanda real;;;28634.83333333333;2021-04-16T17:00:00+02:00
1293;Demanda real;;;28483.33333333333;2021-04-16T18:00:00+02:00
1293;Demanda real;;;28662;2021-04-16T19:00:00+02:00
1293;Demanda real;;;29991;2021-04-16T20:00:00+02:00
1293;Demanda real;;;31666.66666666667;2021-04-16T21:00:00+02:00
1293;Demanda real;;;29582.33333333333;2021-04-16T22:00:00+02:00
1293;Demanda real;;;27110.66666666667;2021-04-16T23:00:00+02:00
1293;Demanda real;;;25377.66666666667;2021-04-17T00:00:00+02:00
1293;Demanda real;;;23658.66666666667;2021-04-17T01:00:00+02:00
1293;Demanda real;;;22490.33333333333;2021-04-17T02:00:00+02:00
1293;Demanda real;;;21991;2021-04-17T03:00:00+02:00
1293;Demanda real;;;21734.83333333333;2021-04-17T04:00:00+02:00
1293;Demanda real;;;21657.5;2021-04-17T05:00:00+02:00
1293;Demanda real;;;22055.16666666667;2021-04-17T06:00:00+02:00
1293;Demanda real;;;22892.33333333333;2021-04-17T07:00:00+02:00
1293;Demanda real;;;24171.5;2021-04-17T08:00:00+02:00
1293;Demanda real;;;26677.5;2021-04-17T09:00:00+02:00
1293;Demanda real;;;28023.16666666667;2021-04-17T10:00:00+02:00
1293;Demanda real;;;28305;2021-04-17T11:00:00+02:00
1293;Demanda real;;;28087.5;2021-04-17T12:00:00+02:00
1293;Demanda real;;;28146;2021-04-17T13:00:00+02:00
1293;Demanda real;;;27782.66666666667;2021-04-17T14:00:00+02:00
1293;Demanda real;;;26407;2021-04-17T15:00:00+02:00
1293;Demanda real;;;25234.5;2021-04-17T16:00:00+02:00
1293;Demanda real;;;24733.5;2021-04-17T17:00:00+02:00
1293;Demanda real;;;24576;2021-04-17T18:00:00+02:00
1293;Demanda real;;;24902.16666666667;2021-04-17T19:00:00+02:00
1293;Demanda real;;;26179.16666666667;2021-04-17T20:00:00+02:00
1293;Demanda real;;;28619.66666666667;2021-04-17T21:00:00+02:00
1293;Demanda real;;;27556;2021-04-17T22:00:00+02:00
1293;Demanda real;;;25502.33333333333;2021-04-17T23:00:00+02:00
1293;Demanda real;;;23589.66666666667;2021-04-18T00:00:00+02:00
1293;Demanda real;;;21925.5;2021-04-18T01:00:00+02:00
1293;Demanda real;;;20805.33333333333;2021-04-18T02:00:00+02:00
1293;Demanda real;;;20268.16666666667;2021-04-18T03:00:00+02:00
1293;Demanda real;;;20008.33333333333;2021-04-18T04:00:00+02:00
1293;Demanda real;;;19881.66666666667;2021-04-18T05:00:00+02:00
1293;Demanda real;;;20098.16666666667;2021-04-18T06:00:00+02:00
1293;Demanda real;;;20430.33333333333;2021-04-18T07:00:00+02:00
1293;Demanda real;;;20975.16666666667;2021-04-18T08:00:00+02:00
1293;Demanda real;;;22987.16666666667;2021-04-18T09:00:00+02:00
1293;Demanda real;;;24794.83333333333;2021-04-18T10:00:00+02:00
1293;Demanda real;;;25464.83333333333;2021-04-18T11:00:00+02:00
1293;Demanda real;;;25577.83333333333;2021-04-18T12:00:00+02:00
1293;Demanda real;;;25821.66666666667;2021-04-18T13:00:00+02:00
1293;Demanda real;;;25650.66666666667;2021-04-18T14:00:00+02:00
1293;Demanda real;;;24269.83333333333;2021-04-18T15:00:00+02:00
1293;Demanda real;;;23191.66666666667;2021-04-18T16:00:00+02:00
1293;Demanda real;;;22873.83333333333;2021-04-18T17:00:00+02:00
1293;Demanda real;;;22808.66666666667;2021-04-18T18:00:00+02:00
1293;Demanda real;;;23700.83333333333;2021-04-18T19:00:00+02:00
1293;Demanda real;;;25568.66666666667;2021-04-18T20:00:00+02:00
1293;Demanda real;;;28076.66666666667;2021-04-18T21:00:00+02:00
1293;Demanda real;;;27046;2021-04-18T22:00:00+02:00
1293;Demanda real;;;25219;2021-04-18T23:00:00+02:00
1293;Demanda real;;;23310;2021-04-19T00:00:00+02:00
1293;Demanda real;;;21885.83333333333;2021-04-19T01:00:00+02:00
1293;Demanda real;;;21094.83333333333;2021-04-19T02:00:00+02:00
1293;Demanda real;;;20718;2021-04-19T03:00:00+02:00
1293;Demanda real;;;20880.16666666667;2021-04-19T04:00:00+02:00
1293;Demanda real;;;21474.5;2021-04-19T05:00:00+02:00
1293;Demanda real;;;24335.83333333333;2021-04-19T06:00:00+02:00
1293;Demanda real;;;27724.66666666667;2021-04-19T07:00:00+02:00
1293;Demanda real;;;30284.5;2021-04-19T08:00:00+02:00
1293;Demanda real;;;31466.83333333333;2021-04-19T09:00:00+02:00
1293;Demanda real;;;31982.33333333333;2021-04-19T10:00:00+02:00
1293;Demanda real;;;31851.33333333333;2021-04-19T11:00:00+02:00
1293;Demanda real;;;31742.83333333333;2021-04-19T12:00:00+02:00
1293;Demanda real;;;31463.83333333333;2021-04-19T13:00:00+02:00
1293;Demanda real;;;30628.66666666667;2021-04-19T14:00:00+02:00
1293;Demanda real;;;29489.5;2021-04-19T15:00:00+02:00
1293;Demanda real;;;29085.16666666667;2021-04-19T16:00:00+02:00
1293;Demanda real;;;28595;2021-04-19T17:00:00+02:00
1293;Demanda real;;;28614.83333333333;2021-04-19T18:00:00+02:00
1293;Demanda real;;;29279.66666666667;2021-04-19T19:00:00+02:00
1293;Demanda real;;;30662;2021-04-19T20:00:00+02:00
1293;Demanda real;;;32075.5;2021-04-19T21:00:00+02:00
1293;Demanda real;;;29581;2021-04-19T22:00:00+02:00
1293;Demanda real;;;26799.33333333333;2021-04-19T23:00:00+02:00
1293;Demanda real;;;25069;2021-04-20T00:00:00+02:00
1293;Demanda real;;;23676.5;2021-04-20T01:00:00+02:00
1293;Demanda real;;;22853.33333333333;2021-04-20T02:00:00+02:00
1293;Demanda real;;;22458.33333333333;2021-04-20T03:00:00+02:00
1293;Demanda real;;;22257.5;2021-04-20T04:00:00+02:00
1293;Demanda real;;;22759.33333333333;2021-04-20T05:00:00+02:00
1293;Demanda real;;;24822.16666666667;2021-04-20T06:00:00+02:00
1293;Demanda real;;;28135.16666666667;2021-04-20T07:00:00+02:00
1293;Demanda real;;;30139;2021-04-20T08:00:00+02:00
1293;Demanda real;;;31386.66666666667;2021-04-20T09:00:00+02:00
1293;Demanda real;;;31770.66666666667;2021-04-20T10:00:00+02:00
1293;Demanda real;;;31669.83333333333;2021-04-20T11:00:00+02:00
1293;Demanda real;;;31694.5;2021-04-20T12:00:00+02:00
1293;Demanda real;;;31583.83333333333;2021-04-20T13:00:00+02:00
1293;Demanda real;;;30862.83333333333;2021-04-20T14:00:00+02:00
1293;Demanda real;;;30073.83333333333;2021-04-20T15:00:00+02:00
1293;Demanda real;;;29463.66666666667;2021-04-20T16:00:00+02:00
1293;Demanda real;;;29228.83333333333;2021-04-20T17:00:00+02:00
1293;Demanda real;;;28993.16666666667;2021-04-20T18:00:00+02:00
1293;Demanda real;;;29427;2021-04-20T19:00:00+02:00
1293;Demanda real;;;30765.16666666667;2021-04-20T20:00:00+02:00
1293;Demanda real;;;31970;2021-04-20T21:00:00+02:00
1293;Demanda real;;;29464.66666666667;2021-04-20T22:00:00+02:00
1293;Demanda real;;;26835;2021-04-20T23:00:00+02:00
1293;Demanda real;;;25238.66666666667;2021-04-21T00:00:00+02:00
1293;Demanda real;;;23991.66666666667;2021-04-21T01:00:00+02:00
1293;Demanda real;;;23014.33333333333;2021-04-21T02:00:00+02:00
1293;Demanda real;;;22652.16666666667;2021-04-21T03:00:00+02:00
1293;Demanda real;;;22525.33333333333;2021-04-21T04:00:00+02:00
1293;Demanda real;;;22954.66666666667;2021-04-21T05:00:00+02:00
1293;Demanda real;;;24936.16666666667;2021-04-21T06:00:00+02:00
1293;Demanda real;;;28055.33333333333;2021-04-21T07:00:00+02:00
1293;Demanda real;;;30081.66666666667;2021-04-21T08:00:00+02:00
1293;Demanda real;;;31251;2021-04-21T09:00:00+02:00
1293;Demanda real;;;31660.5;2021-04-21T10:00:00+02:00
1293;Demanda real;;;31650.33333333333;2021-04-21T11:00:00+02:00
1293;Demanda real;;;31681.5;2021-04-21T12:00:00+02:00
1293;Demanda real;;;31505.5;2021-04-21T13:00:00+02:00
1293;Demanda real;;;30744.5;2021-04-21T14:00:00+02:00
1293;Demanda real;;;29792.5;2021-04-21T15:00:00+02:00
1293;Demanda real;;;29155.16666666667;2021-04-21T16:00:00+02:00
1293;Demanda real;;;29110;2021-04-21T17:00:00+02:00
1293;Demanda real;;;28804.16666666667;2021-04-21T18:00:00+02:00
1293;Demanda real;;;29327.83333333333;2021-04-21T19:00:00+02:00
1293;Demanda real;;;30841.5;2021-04-21T20:00:00+02:00
1293;Demanda real;;;32030.83333333333;2021-04-21T21:00:00+02:00
1293;Demanda real;;;29593;2021-04-21T22:00:00+02:00
1293;Demanda real;;;26904.5;2021-04-21T23:00:00+02:00
1293;Demanda real;;;25409.66666666667;2021-04-22T00:00:00+02:00
1293;Demanda real;;;23842.5;2021-04-22T01:00:00+02:00
1293;Demanda real;;;22953.33333333333;2021-04-22T02:00:00+02:00
1293;Demanda real;;;22406.33333333333;2021-04-22T03:00:00+02:00
1293;Demanda real;;;22300.66666666667;2021-04-22T04:00:00+02:00
1293;Demanda real;;;22831.33333333333;2021-04-22T05:00:00+02:00
1293;Demanda real;;;25066.33333333333;2021-04-22T06:00:00+02:00
1293;Demanda real;;;28042.33333333333;2021-04-22T07:00:00+02:00
1293;Demanda real;;;30304.5;2021-04-22T08:00:00+02:00
1293;Demanda real;;;31577.33333333333;2021-04-22T09:00:00+02:00
1293;Demanda real;;;32145.33333333333;2021-04-22T10:00:00+02:00
1293;Demanda real;;;32179.83333333333;2021-04-22T11:00:00+02:00
1293;Demanda real;;;32309.83333333333;2021-04-22T12:00:00+02:00
1293;Demanda real;;;32390.5;2021-04-22T13:00:00+02:00
1293;Demanda real;;;31379;2021-04-22T14:00:00+02:00
1293;Demanda real;;;30195;2021-04-22T15:00:00+02:00
1293;Demanda real;;;29650.83333333333;2021-04-22T16:00:00+02:00
1293;Demanda real;;;29146.66666666667;2021-04-22T17:00:00+02:00
1293;Demanda real;;;28851.5;2021-04-22T18:00:00+02:00
1293;Demanda real;;;29127.66666666667;2021-04-22T19:00:00+02:00
1293;Demanda real;;;30260.5;2021-04-22T20:00:00+02:00
1293;Demanda real;;;31674.33333333333;2021-04-22T21:00:00+02:00
1293;Demanda real;;;29521.83333333333;2021-04-22T22:00:00+02:00
1293;Demanda real;;;26664.66666666667;2021-04-22T23:00:00+02:00
1293;Demanda real;;;24975.66666666667;2021-04-23T00:00:00+02:00
1293;Demanda real;;;23449.5;2021-04-23T01:00:00+02:00
1293;Demanda real;;;22589.83333333333;2021-04-23T02:00:00+02:00
1293;Demanda real;;;22261.66666666667;2021-04-23T03:00:00+02:00
1293;Demanda real;;;22005.66666666667;2021-04-23T04:00:00+02:00
1293;Demanda real;;;22284.16666666667;2021-04-23T05:00:00+02:00
1293;Demanda real;;;24457.5;2021-04-23T06:00:00+02:00
1293;Demanda real;;;27228.16666666667;2021-04-23T07:00:00+02:00
1293;Demanda real;;;29221.66666666667;2021-04-23T08:00:00+02:00
1293;Demanda real;;;30149.66666666667;2021-04-23T09:00:00+02:00
1293;Demanda real;;;30419.5;2021-04-23T10:00:00+02:00
1293;Demanda real;;;30550.33333333333;2021-04-23T11:00:00+02:00
1293;Demanda real;;;30739.5;2021-04-23T12:00:00+02:00
1293;Demanda real;;;30766.83333333333;2021-04-23T13:00:00+02:00
1293;Demanda real;;;29762.5;2021-04-23T14:00:00+02:00
1293;Demanda real;;;28782.5;2021-04-23T15:00:00+02:00
1293;Demanda real;;;28027;2021-04-23T16:00:00+02:00
1293;Demanda real;;;27486.33333333333;2021-04-23T17:00:00+02:00
1293;Demanda real;;;27339.33333333333;2021-04-23T18:00:00+02:00
1293;Demanda real;;;27262.5;2021-04-23T19:00:00+02:00
1293;Demanda real;;;28252.83333333333;2021-04-23T20:00:00+02:00
1293;Demanda real;;;29824.83333333333;2021-04-23T21:00:00+02:00
1293;Demanda real;;;28195.16666666667;2021-04-23T22:00:00+02:00
1293;Demanda real;;;25994;2021-04-23T23:00:00+02:00
1293;Demanda real;;;24417;2021-04-24T00:00:00+02:00
1293;Demanda real;;;22960.66666666667;2021-04-24T01:00:00+02:00
1293;Demanda real;;;22001.83333333333;2021-04-24T02:00:00+02:00
1293;Demanda real;;;21241.16666666667;2021-04-24T03:00:00+02:00
1293;Demanda real;;;21026.66666666667;2021-04-24T04:00:00+02:00
1293;Demanda real;;;20976.33333333333;2021-04-24T05:00:00+02:00
1293;Demanda real;;;21410.16666666667;2021-04-24T06:00:00+02:00
1293;Demanda real;;;21948.66666666667;2021-04-24T07:00:00+02:00
1293;Demanda real;;;23198;2021-04-24T08:00:00+02:00
1293;Demanda real;;;25572.83333333333;2021-04-24T09:00:00+02:00
1293;Demanda real;;;27088.16666666667;2021-04-24T10:00:00+02:00
1293;Demanda real;;;27582;2021-04-24T11:00:00+02:00
1293;Demanda real;;;27684.16666666667;2021-04-24T12:00:00+02:00
1293;Demanda real;;;27914.66666666667;2021-04-24T13:00:00+02:00
1293;Demanda real;;;27356.83333333333;2021-04-24T14:00:00+02:00
1293;Demanda real;;;25945.16666666667;2021-04-24T15:00:00+02:00
1293;Demanda real;;;24929.5;2021-04-24T16:00:00+02:00
1293;Demanda real;;;24246.83333333333;2021-04-24T17:00:00+02:00
1293;Demanda real;;;24145.16666666667;2021-04-24T18:00:00+02:00
1293;Demanda real;;;24474.33333333333;2021-04-24T19:00:00+02:00
1293;Demanda real;;;25506.66666666667;2021-04-24T20:00:00+02:00
1293;Demanda real;;;27633.33333333333;2021-04-24T21:00:00+02:00
1293;Demanda real;;;26506.66666666667;2021-04-24T22:00:00+02:00
1293;Demanda real;;;24556;2021-04-24T23:00:00+02:00
1293;Demanda real;;;22846;2021-04-25T00:00:00+02:00
1293;Demanda real;;;21210.66666666667;2021-04-25T01:00:00+02:00
1293;Demanda real;;;20237;2021-04-25T02:00:00+02:00
1293;Demanda real;;;19748.66666666667;2021-04-25T03:00:00+02:00
1293;Demanda real;;;19615.33333333333;2021-04-25T04:00:00+02:00
1293;Demanda real;;;19583;2021-04-25T05:00:00+02:00
1293;Demanda real;;;19631.66666666667;2021-04-25T06:00:00+02:00
1293;Demanda real;;;19726.33333333333;2021-04-25T07:00:00+02:00
1293;Demanda real;;;20515.16666666667;2021-04-25T08:00:00+02:00
1293;Demanda real;;;22641.66666666667;2021-04-25T09:00:00+02:00
1293;Demanda real;;;24723.66666666667;2021-04-25T10:00:00+02:00
1293;Demanda real;;;25717;2021-04-25T11:00:00+02:00
1293;Demanda real;;;26211;2021-04-25T12:00:00+02:00
1293;Demanda real;;;26588.33333333333;2021-04-25T13:00:00+02:00
1293;Demanda real;;;26249.16666666667;2021-04-25T14:00:00+02:00
1293;Demanda real;;;24538.5;2021-04-25T15:00:00+02:00
1293;Demanda real;;;23513;2021-04-25T16:00:00+02:00
1293;Demanda real;;;23111.66666666667;2021-04-25T17:00:00+02:00
1293;Demanda real;;;23271.5;2021-04-25T18:00:00+02:00
1293;Demanda real;;;23985.66666666667;2021-04-25T19:00:00+02:00
1293;Demanda real;;;25864.16666666667;2021-04-25T20:00:00+02:00
1293;Demanda real;;;27808;2021-04-25T21:00:00+02:00
1293;Demanda real;;;26809.5;2021-04-25T22:00:00+02:00
1293;Demanda real;;;24837.16666666667;2021-04-25T23:00:00+02:00
1293;Demanda real;;;23005;2021-04-26T00:00:00+02:00
1293;Demanda real;;;21701.66666666667;2021-04-26T01:00:00+02:00
1293;Demanda real;;;20820.16666666667;2021-04-26T02:00:00+02:00
1293;Demanda real;;;20395.5;2021-04-26T03:00:00+02:00
1293;Demanda real;;;20558;2021-04-26T04:00:00+02:00
1293;Demanda real;;;21194.5;2021-04-26T05:00:00+02:00
1293;Demanda real;;;23655;2021-04-26T06:00:00+02:00
1293;Demanda real;;;26729;2021-04-26T07:00:00+02:00
1293;Demanda real;;;29120.16666666667;2021-04-26T08:00:00+02:00
1293;Demanda real;;;30552.33333333333;2021-04-26T09:00:00+02:00
1293;Demanda real;;;31251.66666666667;2021-04-26T10:00:00+02:00
1293;Demanda real;;;31460.33333333333;2021-04-26T11:00:00+02:00
1293;Demanda real;;;31922;2021-04-26T12:00:00+02:00
1293;Demanda real;;;31771.66666666667;2021-04-26T13:00:00+02:00
1293;Demanda real;;;30916.5;2021-04-26T14:00:00+02:00
1293;Demanda real;;;29752.33333333333;2021-04-26T15:00:00+02:00
1293;Demanda real;;;29210;2021-04-26T16:00:00+02:00
1293;Demanda real;;;28963.83333333333;2021-04-26T17:00:00+02:00
1293;Demanda real;;;28616;2021-04-26T18:00:00+02:00
1293;Demanda real;;;29022.5;2021-04-26T19:00:00+02:00
1293;Demanda real;;;30121.16666666667;2021-04-26T20:00:00+02:00
1293;Demanda real;;;31211;2021-04-26T21:00:00+02:00
1293;Demanda real;;;29164.83333333333;2021-04-26T22:00:00+02:00
1293;Demanda real;;;26464.83333333333;2021-04-26T23:00:00+02:00
1293;Demanda real;;;24698.16666666667;2021-04-27T00:00:00+02:00
1293;Demanda real;;;23272.66666666667;2021-04-27T01:00:00+02:00
1293;Demanda real;;;22433.83333333333;2021-04-27T02:00:00+02:00
1293;Demanda real;;;22035.5;2021-04-27T03:00:00+02:00
1293;Demanda real;;;21986.83333333333;2021-04-27T04:00:00+02:00
1293;Demanda real;;;22557.5;2021-04-27T05:00:00+02:00
1293;Demanda real;;;24495.66666666667;2021-04-27T06:00:00+02:00
1293;Demanda real;;;27364.33333333333;2021-04-27T07:00:00+02:00
1293;Demanda real;;;29968.5;2021-04-27T08:00:00+02:00
1293;Demanda real;;;31202.66666666667;2021-04-27T09:00:00+02:00
1293;Demanda real;;;31607.33333333333;2021-04-27T10:00:00+02:00
1293;Demanda real;;;31842.5;2021-04-27T11:00:00+02:00
1293;Demanda real;;;32052.5;2021-04-27T12:00:00+02:00
1293;Demanda real;;;31708.5;2021-04-27T13:00:00+02:00
1293;Demanda real;;;30778.16666666667;2021-04-27T14:00:00+02:00
1293;Demanda real;;;29748.16666666667;2021-04-27T15:00:00+02:00
1293;Demanda real;;;29053;2021-04-27T16:00:00+02:00
1293;Demanda real;;;28758.66666666667;2021-04-27T17:00:00+02:00
1293;Demanda real;;;28642.5;2021-04-27T18:00:00+02:00
1293;Demanda real;;;29294.83333333333;2021-04-27T19:00:00+02:00
1293;Demanda real;;;30360.33333333333;2021-04-27T20:00:00+02:00
1293;Demanda real;;;31366.5;2021-04-27T21:00:00+02:00
1293;Demanda real;;;29180.66666666667;2021-04-27T22:00:00+02:00
1293;Demanda real;;;26504.66666666667;2021-04-27T23:00:00+02:00
1293;Demanda real;;;24807.66666666667;2021-04-28T00:00:00+02:00
1293;Demanda real;;;23277.16666666667;2021-04-28T01:00:00+02:00
1293;Demanda real;;;22375.16666666667;2021-04-28T02:00:00+02:00
1293;Demanda real;;;21887.33333333333;2021-04-28T03:00:00+02:00
1293;Demanda real;;;21914.83333333333;2021-04-28T04:00:00+02:00
1293;Demanda real;;;22226.5;2021-04-28T05:00:00+02:00
1293;Demanda real;;;24400.16666666667;2021-04-28T06:00:00+02:00
1293;Demanda real;;;27338;2021-04-28T07:00:00+02:00
1293;Demanda real;;;29614.33333333333;2021-04-28T08:00:00+02:00
1293;Demanda real;;;30844.33333333333;2021-04-28T09:00:00+02:00
1293;Demanda real;;;31190.16666666667;2021-04-28T10:00:00+02:00
1293;Demanda real;;;31200.33333333333;2021-04-28T11:00:00+02:00
1293;Demanda real;;;31375.83333333333;2021-04-28T12:00:00+02:00
1293;Demanda real;;;31294.16666666667;2021-04-28T13:00:00+02:00
1293;Demanda real;;;30390.83333333333;2021-04-28T14:00:00+02:00
1293;Demanda real;;;29369.16666666667;2021-04-28T15:00:00+02:00
1293;Demanda real;;;28861.5;2021-04-28T16:00:00+02:00
1293;Demanda real;;;28460.16666666667;2021-04-28T17:00:00+02:00
1293;Demanda real;;;28364.66666666667;2021-04-28T18:00:00+02:00
1293;Demanda real;;;28723.66666666667;2021-04-28T19:00:00+02:00
1293;Demanda real;;;29696.66666666667;2021-04-28T20:00:00+02:00
1293;Demanda real;;;30967.5;2021-04-28T21:00:00+02:00
1293;Demanda real;;;28976.83333333333;2021-04-28T22:00:00+02:00
1293;Demanda real;;;26390.33333333333;2021-04-28T23:00:00+02:00
1293;Demanda real;;;24609.5;2021-04-29T00:00:00+02:00
1293;Demanda real;;;23085.33333333333;2021-04-29T01:00:00+02:00
1293;Demanda real;;;22173.5;2021-04-29T02:00:00+02:00
1293;Demanda real;;;21764.33333333333;2021-04-29T03:00:00+02:00
1293;Demanda real;;;21890.5;2021-04-29T04:00:00+02:00
1293;Demanda real;;;22203.33333333333;2021-04-29T05:00:00+02:00
1293;Demanda real;;;24437.66666666667;2021-04-29T06:00:00+02:00
1293;Demanda real;;;27216;2021-04-29T07:00:00+02:00
1293;Demanda real;;;29493.16666666667;2021-04-29T08:00:00+02:00
1293;Demanda real;;;30671.83333333333;2021-04-29T09:00:00+02:00
1293;Demanda real;;;31307.66666666667;2021-04-29T10:00:00+02:00
1293;Demanda real;;;31374.16666666667;2021-04-29T11:00:00+02:00
1293;Demanda real;;;31453;2021-04-29T12:00:00+02:00
1293;Demanda real;;;31367.5;2021-04-29T13:00:00+02:00
1293;Demanda real;;;30561.83333333333;2021-04-29T14:00:00+02:00
1293;Demanda real;;;29520;2021-04-29T15:00:00+02:00
1293;Demanda real;;;28955;2021-04-29T16:00:00+02:00
1293;Demanda real;;;28706;2021-04-29T17:00:00+02:00
1293;Demanda real;;;28347.16666666667;2021-04-29T18:00:00+02:00
1293;Demanda real;;;28428.66666666667;2021-04-29T19:00:00+02:00
1293;Demanda real;;;29435.5;2021-04-29T20:00:00+02:00
1293;Demanda real;;;30942;2021-04-29T21:00:00+02:00
1293;Demanda real;;;28974;2021-04-29T22:00:00+02:00
1293;Demanda real;;;26408;2021-04-29T23:00:00+02:00
1293;Demanda real;;;24579.66666666667;2021-04-30T00:00:00+02:00
1293;Demanda real;;;23149.5;2021-04-30T01:00:00+02:00
1293;Demanda real;;;22216;2021-04-30T02:00:00+02:00
1293;Demanda real;;;21873;2021-04-30T03:00:00+02:00
1293;Demanda real;;;21802.33333333333;2021-04-30T04:00:00+02:00
1293;Demanda real;;;22261.83333333333;2021-04-30T05:00:00+02:00
1293;Demanda real;;;24446;2021-04-30T06:00:00+02:00
1293;Demanda real;;;27111.16666666667;2021-04-30T07:00:00+02:00
1293;Demanda real;;;29249.33333333333;2021-04-30T08:00:00+02:00
1293;Demanda real;;;30408.83333333333;2021-04-30T09:00:00+02:00
1293;Demanda real;;;30552.33333333333;2021-04-30T10:00:00+02:00
1293;Demanda real;;;30491.83333333333;2021-04-30T11:00:00+02:00
1293;Demanda real;;;30673.83333333333;2021-04-30T12:00:00+02:00
1293;Demanda real;;;30690.83333333333;2021-04-30T13:00:00+02:00
1293;Demanda real;;;29994;2021-04-30T14:00:00+02:00
1293;Demanda real;;;28975.66666666667;2021-04-30T15:00:00+02:00
1293;Demanda real;;;28384.33333333333;2021-04-30T16:00:00+02:00
1293;Demanda real;;;27762.83333333333;2021-04-30T17:00:00+02:00
1293;Demanda real;;;27550;2021-04-30T18:00:00+02:00
1293;Demanda real;;;27585.5;2021-04-30T19:00:00+02:00
1293;Demanda real;;;28425.33333333333;2021-04-30T20:00:00+02:00
1293;Demanda real;;;29752.16666666667;2021-04-30T21:00:00+02:00
1293;Demanda real;;;28091.5;2021-04-30T22:00:00+02:00
1293;Demanda real;;;25794.16666666667;2021-04-30T23:00:00+02:00
1293;Demanda real;;;23946;2021-05-01T00:00:00+02:00
1293;Demanda real;;;22338.5;2021-05-01T01:00:00+02:00
1293;Demanda real;;;21193.66666666667;2021-05-01T02:00:00+02:00
1293;Demanda real;;;20519.16666666667;2021-05-01T03:00:00+02:00
1293;Demanda real;;;20132.66666666667;2021-05-01T04:00:00+02:00
1293;Demanda real;;;19856.33333333333;2021-05-01T05:00:00+02:00
1293;Demanda real;;;19720;2021-05-01T06:00:00+02:00
1293;Demanda real;;;19848.83333333333;2021-05-01T07:00:00+02:00
1293;Demanda real;;;20922.83333333333;2021-05-01T08:00:00+02:00
1293;Demanda real;;;22967.33333333333;2021-05-01T09:00:00+02:00
1293;Demanda real;;;24627.5;2021-05-01T10:00:00+02:00
1293;Demanda real;;;25195.16666666667;2021-05-01T11:00:00+02:00
1293;Demanda real;;;25152;2021-05-01T12:00:00+02:00
1293;Demanda real;;;25397.33333333333;2021-05-01T13:00:00+02:00
1293;Demanda real;;;25001.83333333333;2021-05-01T14:00:00+02:00
1293;Demanda real;;;23501.5;2021-05-01T15:00:00+02:00
1293;Demanda real;;;22550.66666666667;2021-05-01T16:00:00+02:00
1293;Demanda real;;;21930;2021-05-01T17:00:00+02:00
1293;Demanda real;;;21693.83333333333;2021-05-01T18:00:00+02:00
1293;Demanda real;;;22105.66666666667;2021-05-01T19:00:00+02:00
1293;Demanda real;;;23018.66666666667;2021-05-01T20:00:00+02:00
1293;Demanda real;;;25274.83333333333;2021-05-01T21:00:00+02:00
1293;Demanda real;;;25041.16666666667;2021-05-01T22:00:00+02:00
1293;Demanda real;;;23472.66666666667;2021-05-01T23:00:00+02:00
1293;Demanda real;;;21631.83333333333;2021-05-02T00:00:00+02:00
1293;Demanda real;;;20109.16666666667;2021-05-02T01:00:00+02:00
1293;Demanda real;;;19153.66666666667;2021-05-02T02:00:00+02:00
1293;Demanda real;;;18619.83333333333;2021-05-02T03:00:00+02:00
1293;Demanda real;;;18429.33333333333;2021-05-02T04:00:00+02:00
1293;Demanda real;;;18453.83333333333;2021-05-02T05:00:00+02:00
1293;Demanda real;;;18944.33333333333;2021-05-02T06:00:00+02:00
1293;Demanda real;;;18934.16666666667;2021-05-02T07:00:00+02:00
1293;Demanda real;;;19937.66666666667;2021-05-02T08:00:00+02:00
1293;Demanda real;;;21893.66666666667;2021-05-02T09:00:00+02:00
1293;Demanda real;;;23692.5;2021-05-02T10:00:00+02:00
1293;Demanda real;;;24387.66666666667;2021-05-02T11:00:00+02:00
1293;Demanda real;;;24505;2021-05-02T12:00:00+02:00
1293;Demanda real;;;24484.16666666667;2021-05-02T13:00:00+02:00
1293;Demanda real;;;24270.33333333333;2021-05-02T14:00:00+02:00
1293;Demanda real;;;22706.66666666667;2021-05-02T15:00:00+02:00
1293;Demanda real;;;21999.83333333333;2021-05-02T16:00:00+02:00
1293;Demanda real;;;21723;2021-05-02T17:00:00+02:00
1293;Demanda real;;;21760.5;2021-05-02T18:00:00+02:00
1293;Demanda real;;;22333.33333333333;2021-05-02T19:00:00+02:00
1293;Demanda real;;;23621.66666666667;2021-05-02T20:00:00+02:00
1293;Demanda real;;;26021;2021-05-02T21:00:00+02:00
1293;Demanda real;;;25770;2021-05-02T22:00:00+02:00
1293;Demanda real;;;23917.16666666667;2021-05-02T23:00:00+02:00
1293;Demanda real;;;22049.16666666667;2021-05-03T00:00:00+02:00
1293;Demanda real;;;20863.66666666667;2021-05-03T01:00:00+02:00
1293;Demanda real;;;20064.83333333333;2021-05-03T02:00:00+02:00
1293;Demanda real;;;19650.33333333333;2021-05-03T03:00:00+02:00
1293;Demanda real;;;19708.66666666667;2021-05-03T04:00:00+02:00
1293;Demanda real;;;20307.66666666667;2021-05-03T05:00:00+02:00
1293;Demanda real;;;22660.66666666667;2021-05-03T06:00:00+02:00
1293;Demanda real;;;25476.33333333333;2021-05-03T07:00:00+02:00
1293;Demanda real;;;27757;2021-05-03T08:00:00+02:00
1293;Demanda real;;;29238;2021-05-03T09:00:00+02:00
1293;Demanda real;;;29771.16666666667;2021-05-03T10:00:00+02:00
1293;Demanda real;;;30102.5;2021-05-03T11:00:00+02:00
1293;Demanda real;;;30359;2021-05-03T12:00:00+02:00
1293;Demanda real;;;30409.16666666667;2021-05-03T13:00:00+02:00
1293;Demanda real;;;29717.5;2021-05-03T14:00:00+02:00
1293;Demanda real;;;28719.33333333333;2021-05-03T15:00:00+02:00
1293;Demanda real;;;28033.5;2021-05-03T16:00:00+02:00
1293;Demanda real;;;27485.5;2021-05-03T17:00:00+02:00
1293;Demanda real;;;27191.33333333333;2021-05-03T18:00:00+02:00
1293;Demanda real;;;27627.33333333333;2021-05-03T19:00:00+02:00
1293;Demanda real;;;28845.5;2021-05-03T20:00:00+02:00
1293;Demanda real;;;30452.16666666667;2021-05-03T21:00:00+02:00
1293;Demanda real;;;28735;2021-05-03T22:00:00+02:00
1293;Demanda real;;;26216.5;2021-05-03T23:00:00+02:00
1293;Demanda real;;;24529.66666666667;2021-05-04T00:00:00+02:00
1293;Demanda real;;;23152.83333333333;2021-05-04T01:00:00+02:00
1293;Demanda real;;;22271.16666666667;2021-05-04T02:00:00+02:00
1293;Demanda real;;;21920.33333333333;2021-05-04T03:00:00+02:00
1293;Demanda real;;;21774;2021-05-04T04:00:00+02:00
1293;Demanda real;;;22363.83333333333;2021-05-04T05:00:00+02:00
1293;Demanda real;;;24419;2021-05-04T06:00:00+02:00
1293;Demanda real;;;27027.66666666667;2021-05-04T07:00:00+02:00
1293;Demanda real;;;29356.66666666667;2021-05-04T08:00:00+02:00
1293;Demanda real;;;30498.5;2021-05-04T09:00:00+02:00
1293;Demanda real;;;31019.83333333333;2021-05-04T10:00:00+02:00
1293;Demanda real;;;30856.33333333333;2021-05-04T11:00:00+02:00
1293;Demanda real;;;30826.66666666667;2021-05-04T12:00:00+02:00
1293;Demanda real;;;30758;2021-05-04T13:00:00+02:00
1293;Demanda real;;;29850.83333333333;2021-05-04T14:00:00+02:00
1293;Demanda real;;;28705.16666666667;2021-05-04T15:00:00+02:00
1293;Demanda real;;;28305;2021-05-04T16:00:00+02:00
1293;Demanda real;;;28044.5;2021-05-04T17:00:00+02:00
1293;Demanda real;;;27815.16666666667;2021-05-04T18:00:00+02:00
1293;Demanda real;;;27980;2021-05-04T19:00:00+02:00
1293;Demanda real;;;29028.16666666667;2021-05-04T20:00:00+02:00
1293;Demanda real;;;30623.83333333333;2021-05-04T21:00:00+02:00
1293;Demanda real;;;28923.16666666667;2021-05-04T22:00:00+02:00
1293;Demanda real;;;26383.16666666667;2021-05-04T23:00:00+02:00
1293;Demanda real;;;24639.66666666667;2021-05-05T00:00:00+02:00
1293;Demanda real;;;23415.66666666667;2021-05-05T01:00:00+02:00
1293;Demanda real;;;22438.83333333333;2021-05-05T02:00:00+02:00
1293;Demanda real;;;22074.16666666667;2021-05-05T03:00:00+02:00
1293;Demanda real;;;22092;2021-05-05T04:00:00+02:00
1293;Demanda real;;;22582.33333333333;2021-05-05T05:00:00+02:00
1293;Demanda real;;;24672.16666666667;2021-05-05T06:00:00+02:00
1293;Demanda real;;;27301.66666666667;2021-05-05T07:00:00+02:00
1293;Demanda real;;;29412;2021-05-05T08:00:00+02:00
1293;Demanda real;;;30407.83333333333;2021-05-05T09:00:00+02:00
1293;Demanda real;;;30567.33333333333;2021-05-05T10:00:00+02:00
1293;Demanda real;;;30612.33333333333;2021-05-05T11:00:00+02:00
1293;Demanda real;;;30860.33333333333;2021-05-05T12:00:00+02:00
1293;Demanda real;;;30731.66666666667;2021-05-05T13:00:00+02:00
1293;Demanda real;;;30100.83333333333;2021-05-05T14:00:00+02:00
1293;Demanda real;;;28902.83333333333;2021-05-05T15:00:00+02:00
1293;Demanda real;;;28367.83333333333;2021-05-05T16:00:00+02:00
1293;Demanda real;;;28050.66666666667;2021-05-05T17:00:00+02:00
1293;Demanda real;;;27862;2021-05-05T18:00:00+02:00
1293;Demanda real;;;28120.33333333333;2021-05-05T19:00:00+02:00
1293;Demanda real;;;29127.5;2021-05-05T20:00:00+02:00
1293;Demanda real;;;30465.66666666667;2021-05-05T21:00:00+02:00
1293;Demanda real;;;28770.83333333333;2021-05-05T22:00:00+02:00
1293;Demanda real;;;26235.83333333333;2021-05-05T23:00:00+02:00
1293;Demanda real;;;24718.5;2021-05-06T00:00:00+02:00
1293;Demanda real;;;23400;2021-05-06T01:00:00+02:00
1293;Demanda real;;;22498.5;2021-05-06T02:00:00+02:00
1293;Demanda real;;;22055.5;2021-05-06T03:00:00+02:00
1293;Demanda real;;;21970.66666666667;2021-05-06T04:00:00+02:00
1293;Demanda real;;;22516.5;2021-05-06T05:00:00+02:00
1293;Demanda real;;;24394.33333333333;2021-05-06T06:00:00+02:00
1293;Demanda real;;;27140.66666666667;2021-05-06T07:00:00+02:00
1293;Demanda real;;;29036.33333333333;2021-05-06T08:00:00+02:00
1293;Demanda real;;;29906.16666666667;2021-05-06T09:00:00+02:00
1293;Demanda real;;;30007.16666666667;2021-05-06T10:00:00+02:00
1293;Demanda real;;;30161;2021-05-06T11:00:00+02:00
1293;Demanda real;;;30619.5;2021-05-06T12:00:00+02:00
1293;Demanda real;;;30492.83333333333;2021-05-06T13:00:00+02:00
1293;Demanda real;;;29692.66666666667;2021-05-06T14:00:00+02:00
1293;Demanda real;;;28647.33333333333;2021-05-06T15:00:00+02:00
1293;Demanda real;;;28289.66666666667;2021-05-06T16:00:00+02:00
1293;Demanda real;;;28116.66666666667;2021-05-06T17:00:00+02:00
1293;Demanda real;;;27966.83333333333;2021-05-06T18:00:00+02:00
1293;Demanda real;;;28188.83333333333;2021-05-06T19:00:00+02:00
1293;Demanda real;;;29191.66666666667;2021-05-06T20:00:00+02:00
1293;Demanda real;;;30273;2021-05-06T21:00:00+02:00
1293;Demanda real;;;28616.66666666667;2021-05-06T22:00:00+02:00
1293;Demanda real;;;26050.66666666667;2021-05-06T23:00:00+02:00
1293;Demanda real;;;24607.5;2021-05-07T00:00:00+02:00
1293;Demanda real;;;23163.66666666667;2021-05-07T01:00:00+02:00
1293;Demanda real;;;22401.5;2021-05-07T02:00:00+02:00
1293;Demanda real;;;22124.16666666667;2021-05-07T03:00:00+02:00
1293;Demanda real;;;22141.5;2021-05-07T04:00:00+02:00
1293;Demanda real;;;22566.33333333333;2021-05-07T05:00:00+02:00
1293;Demanda real;;;24259.66666666667;2021-05-07T06:00:00+02:00
1293;Demanda real;;;26840.16666666667;2021-05-07T07:00:00+02:00
1293;Demanda real;;;28694;2021-05-07T08:00:00+02:00
1293;Demanda real;;;29694.5;2021-05-07T09:00:00+02:00
1293;Demanda real;;;30043.33333333333;2021-05-07T10:00:00+02:00
1293;Demanda real;;;30264.16666666667;2021-05-07T11:00:00+02:00
1293;Demanda real;;;30583.16666666667;2021-05-07T12:00:00+02:00
1293;Demanda real;;;30550.33333333333;2021-05-07T13:00:00+02:00
1293;Demanda real;;;29553.5;2021-05-07T14:00:00+02:00
1293;Demanda real;;;28426.33333333333;2021-05-07T15:00:00+02:00
1293;Demanda real;;;27951;2021-05-07T16:00:00+02:00
1293;Demanda real;;;27867.83333333333;2021-05-07T17:00:00+02:00
1293;Demanda real;;;27555;2021-05-07T18:00:00+02:00
1293;Demanda real;;;27541.66666666667;2021-05-07T19:00:00+02:00
1293;Demanda real;;;27981.66666666667;2021-05-07T20:00:00+02:00
1293;Demanda real;;;29069.33333333333;2021-05-07T21:00:00+02:00
1293;Demanda real;;;27839.33333333333;2021-05-07T22:00:00+02:00
1293;Demanda real;;;25755.16666666667;2021-05-07T23:00:00+02:00
1293;Demanda real;;;24273.5;2021-05-08T00:00:00+02:00
1293;Demanda real;;;22891;2021-05-08T01:00:00+02:00
1293;Demanda real;;;21847.5;2021-05-08T02:00:00+02:00
1293;Demanda real;;;21358.83333333333;2021-05-08T03:00:00+02:00
1293;Demanda real;;;21093.16666666667;2021-05-08T04:00:00+02:00
1293;Demanda real;;;21087.33333333333;2021-05-08T05:00:00+02:00
1293;Demanda real;;;21276;2021-05-08T06:00:00+02:00
1293;Demanda real;;;21707;2021-05-08T07:00:00+02:00
1293;Demanda real;;;23268;2021-05-08T08:00:00+02:00
1293;Demanda real;;;25338;2021-05-08T09:00:00+02:00
1293;Demanda real;;;26615.83333333333;2021-05-08T10:00:00+02:00
1293;Demanda real;;;26910.83333333333;2021-05-08T11:00:00+02:00
1293;Demanda real;;;27024.16666666667;2021-05-08T12:00:00+02:00
1293;Demanda real;;;27061.66666666667;2021-05-08T13:00:00+02:00
1293;Demanda real;;;26575.66666666667;2021-05-08T14:00:00+02:00
1293;Demanda real;;;25176.16666666667;2021-05-08T15:00:00+02:00
1293;Demanda real;;;24333.83333333333;2021-05-08T16:00:00+02:00
1293;Demanda real;;;23870.5;2021-05-08T17:00:00+02:00
1293;Demanda real;;;23808.83333333333;2021-05-08T18:00:00+02:00
1293;Demanda real;;;24142.5;2021-05-08T19:00:00+02:00
1293;Demanda real;;;24574.16666666667;2021-05-08T20:00:00+02:00
1293;Demanda real;;;26113.16666666667;2021-05-08T21:00:00+02:00
1293;Demanda real;;;25751.5;2021-05-08T22:00:00+02:00
1293;Demanda real;;;23871.33333333333;2021-05-08T23:00:00+02:00
1293;Demanda real;;;22226.16666666667;2021-05-09T00:00:00+02:00
1293;Demanda real;;;21257.83333333333;2021-05-09T01:00:00+02:00
1293;Demanda real;;;20205.83333333333;2021-05-09T02:00:00+02:00
1293;Demanda real;;;19726.83333333333;2021-05-09T03:00:00+02:00
1293;Demanda real;;;19561.16666666667;2021-05-09T04:00:00+02:00
1293;Demanda real;;;19521.33333333333;2021-05-09T05:00:00+02:00
1293;Demanda real;;;19590.33333333333;2021-05-09T06:00:00+02:00
1293;Demanda real;;;19495.5;2021-05-09T07:00:00+02:00
1293;Demanda real;;;20408.83333333333;2021-05-09T08:00:00+02:00
1293;Demanda real;;;22014.5;2021-05-09T09:00:00+02:00
1293;Demanda real;;;23740.83333333333;2021-05-09T10:00:00+02:00
1293;Demanda real;;;24690.33333333333;2021-05-09T11:00:00+02:00
1293;Demanda real;;;25214.33333333333;2021-05-09T12:00:00+02:00
1293;Demanda real;;;25685.5;2021-05-09T13:00:00+02:00
1293;Demanda real;;;25502.33333333333;2021-05-09T14:00:00+02:00
1293;Demanda real;;;23794.33333333333;2021-05-09T15:00:00+02:00
1293;Demanda real;;;22805.16666666667;2021-05-09T16:00:00+02:00
1293;Demanda real;;;22309;2021-05-09T17:00:00+02:00
1293;Demanda real;;;22569.5;2021-05-09T18:00:00+02:00
1293;Demanda real;;;23301.66666666667;2021-05-09T19:00:00+02:00
1293;Demanda real;;;24411.33333333333;2021-05-09T20:00:00+02:00
1293;Demanda real;;;25994.33333333333;2021-05-09T21:00:00+02:00
1293;Demanda real;;;25635.16666666667;2021-05-09T22:00:00+02:00
1293;Demanda real;;;23949.66666666667;2021-05-09T23:00:00+02:00
1293;Demanda real;;;22335.83333333333;2021-05-10T00:00:00+02:00
1293;Demanda real;;;21104.83333333333;2021-05-10T01:00:00+02:00
1293;Demanda real;;;20541.66666666667;2021-05-10T02:00:00+02:00
1293;Demanda real;;;20173.83333333333;2021-05-10T03:00:00+02:00
1293;Demanda real;;;20269.16666666667;2021-05-10T04:00:00+02:00
1293;Demanda real;;;20959.5;2021-05-10T05:00:00+02:00
1293;Demanda real;;;23304.16666666667;2021-05-10T06:00:00+02:00
1293;Demanda real;;;25903.66666666667;2021-05-10T07:00:00+02:00
1293;Demanda real;;;28311.16666666667;2021-05-10T08:00:00+02:00
1293;Demanda real;;;29307;2021-05-10T09:00:00+02:00
1293;Demanda real;;;29682.83333333333;2021-05-10T10:00:00+02:00
1293;Demanda real;;;30008.66666666667;2021-05-10T11:00:00+02:00
1293;Demanda real;;;30283;2021-05-10T12:00:00+02:00
1293;Demanda real;;;30340.83333333333;2021-05-10T13:00:00+02:00
1293;Demanda real;;;29695.5;2021-05-10T14:00:00+02:00
1293;Demanda real;;;28553.33333333333;2021-05-10T15:00:00+02:00
1293;Demanda real;;;28122.5;2021-05-10T16:00:00+02:00
1293;Demanda real;;;28024.5;2021-05-10T17:00:00+02:00
1293;Demanda real;;;27882.16666666667;2021-05-10T18:00:00+02:00
1293;Demanda real;;;28083;2021-05-10T19:00:00+02:00
1293;Demanda real;;;29082;2021-05-10T20:00:00+02:00
1293;Demanda real;;;30135.83333333333;2021-05-10T21:00:00+02:00
1293;Demanda real;;;28377.5;2021-05-10T22:00:00+02:00
1293;Demanda real;;;25851.33333333333;2021-05-10T23:00:00+02:00
1293;Demanda real;;;24379.83333333333;2021-05-11T00:00:00+02:00
1293;Demanda real;;;23036.83333333333;2021-05-11T01:00:00+02:00
1293;Demanda real;;;22431.16666666667;2021-05-11T02:00:00+02:00
1293;Demanda real;;;22062.83333333333;2021-05-11T03:00:00+02:00
1293;Demanda real;;;21987;2021-05-11T04:00:00+02:00
1293;Demanda real;;;22508;2021-05-11T05:00:00+02:00
1293;Demanda real;;;24229.83333333333;2021-05-11T06:00:00+02:00
1293;Demanda real;;;26701.33333333333;2021-05-11T07:00:00+02:00
1293;Demanda real;;;28970.83333333333;2021-05-11T08:00:00+02:00
1293;Demanda real;;;29955.5;2021-05-11T09:00:00+02:00
1293;Demanda real;;;30249.33333333333;2021-05-11T10:00:00+02:00
1293;Demanda real;;;30560.33333333333;2021-05-11T11:00:00+02:00
1293;Demanda real;;;30675.33333333333;2021-05-11T12:00:00+02:00
1293;Demanda real;;;30661;2021-05-11T13:00:00+02:00
1293;Demanda real;;;29941.83333333333;2021-05-11T14:00:00+02:00
1293;Demanda real;;;28915.33333333333;2021-05-11T15:00:00+02:00
1293;Demanda real;;;28380.33333333333;2021-05-11T16:00:00+02:00
1293;Demanda real;;;28041.16666666667;2021-05-11T17:00:00+02:00
1293;Demanda real;;;27750.16666666667;2021-05-11T18:00:00+02:00
1293;Demanda real;;;27919.5;2021-05-11T19:00:00+02:00
1293;Demanda real;;;28721.5;2021-05-11T20:00:00+02:00
1293;Demanda real;;;30066.66666666667;2021-05-11T21:00:00+02:00
1293;Demanda real;;;28586.66666666667;2021-05-11T22:00:00+02:00
1293;Demanda real;;;26227.66666666667;2021-05-11T23:00:00+02:00
1293;Demanda real;;;24769.66666666667;2021-05-12T00:00:00+02:00
1293;Demanda real;;;23420.16666666667;2021-05-12T01:00:00+02:00
1293;Demanda real;;;22586.83333333333;2021-05-12T02:00:00+02:00
1293;Demanda real;;;22286.66666666667;2021-05-12T03:00:00+02:00
1293;Demanda real;;;22170.83333333333;2021-05-12T04:00:00+02:00
1293;Demanda real;;;22589.16666666667;2021-05-12T05:00:00+02:00
1293;Demanda real;;;24517.33333333333;2021-05-12T06:00:00+02:00
1293;Demanda real;;;27013.5;2021-05-12T07:00:00+02:00
1293;Demanda real;;;29075;2021-05-12T08:00:00+02:00
1293;Demanda real;;;30007.5;2021-05-12T09:00:00+02:00
1293;Demanda real;;;30287.83333333333;2021-05-12T10:00:00+02:00
1293;Demanda real;;;30201;2021-05-12T11:00:00+02:00
1293;Demanda real;;;30444.83333333333;2021-05-12T12:00:00+02:00
1293;Demanda real;;;30510.33333333333;2021-05-12T13:00:00+02:00
1293;Demanda real;;;29764.16666666667;2021-05-12T14:00:00+02:00
1293;Demanda real;;;28692.16666666667;2021-05-12T15:00:00+02:00
1293;Demanda real;;;28247.33333333333;2021-05-12T16:00:00+02:00
1293;Demanda real;;;28059;2021-05-12T17:00:00+02:00
1293;Demanda real;;;28078.83333333333;2021-05-12T18:00:00+02:00
1293;Demanda real;;;28196.33333333333;2021-05-12T19:00:00+02:00
1293;Demanda real;;;28875;2021-05-12T20:00:00+02:00
1293;Demanda real;;;30156;2021-05-12T21:00:00+02:00
1293;Demanda real;;;28704.16666666667;2021-05-12T22:00:00+02:00
1293;Demanda real;;;26247.33333333333;2021-05-12T23:00:00+02:00
1293;Demanda real;;;25040.66666666667;2021-05-13T00:00:00+02:00
1293;Demanda real;;;23767.5;2021-05-13T01:00:00+02:00
1293;Demanda real;;;22867.33333333333;2021-05-13T02:00:00+02:00
1293;Demanda real;;;22416.66666666667;2021-05-13T03:00:00+02:00
1293;Demanda real;;;22327.5;2021-05-13T04:00:00+02:00
1293;Demanda real;;;22660.5;2021-05-13T05:00:00+02:00
1293;Demanda real;;;24593.16666666667;2021-05-13T06:00:00+02:00
1293;Demanda real;;;26935.16666666667;2021-05-13T07:00:00+02:00
1293;Demanda real;;;28839.5;2021-05-13T08:00:00+02:00
1293;Demanda real;;;29667;2021-05-13T09:00:00+02:00
1293;Demanda real;;;30131.33333333333;2021-05-13T10:00:00+02:00
1293;Demanda real;;;30388;2021-05-13T11:00:00+02:00
1293;Demanda real;;;30745.5;2021-05-13T12:00:00+02:00
1293;Demanda real;;;30811.33333333333;2021-05-13T13:00:00+02:00
1293;Demanda real;;;30080.5;2021-05-13T14:00:00+02:00
1293;Demanda real;;;29249.33333333333;2021-05-13T15:00:00+02:00
1293;Demanda real;;;28942.66666666667;2021-05-13T16:00:00+02:00
1293;Demanda real;;;28838;2021-05-13T17:00:00+02:00
1293;Demanda real;;;28714;2021-05-13T18:00:00+02:00
1293;Demanda real;;;28842.5;2021-05-13T19:00:00+02:00
1293;Demanda real;;;29454.66666666667;2021-05-13T20:00:00+02:00
1293;Demanda real;;;30617.33333333333;2021-05-13T21:00:00+02:00
1293;Demanda real;;;29187.16666666667;2021-05-13T22:00:00+02:00
1293;Demanda real;;;26915.16666666667;2021-05-13T23:00:00+02:00
1293;Demanda real;;;25199.66666666667;2021-05-14T00:00:00+02:00
1293;Demanda real;;;23751.16666666667;2021-05-14T01:00:00+02:00
1293;Demanda real;;;22777;2021-05-14T02:00:00+02:00
1293;Demanda real;;;22514.33333333333;2021-05-14T03:00:00+02:00
1293;Demanda real;;;22275;2021-05-14T04:00:00+02:00
1293;Demanda real;;;22764.83333333333;2021-05-14T05:00:00+02:00
1293;Demanda real;;;24545.5;2021-05-14T06:00:00+02:00
1293;Demanda real;;;26874.5;2021-05-14T07:00:00+02:00
1293;Demanda real;;;28862.66666666667;2021-05-14T08:00:00+02:00
1293;Demanda real;;;29940;2021-05-14T09:00:00+02:00
1293;Demanda real;;;30281.5;2021-05-14T10:00:00+02:00
1293;Demanda real;;;30560.83333333333;2021-05-14T11:00:00+02:00
1293;Demanda real;;;30708.5;2021-05-14T12:00:00+02:00
1293;Demanda real;;;30524;2021-05-14T13:00:00+02:00
1293;Demanda real;;;29834.5;2021-05-14T14:00:00+02:00
1293;Demanda real;;;28613.66666666667;2021-05-14T15:00:00+02:00
1293;Demanda real;;;28190;2021-05-14T16:00:00+02:00
1293;Demanda real;;;27850.16666666667;2021-05-14T17:00:00+02:00
1293;Demanda real;;;27756.33333333333;2021-05-14T18:00:00+02:00
1293;Demanda real;;;27786.33333333333;2021-05-14T19:00:00+02:00
1293;Demanda real;;;28122.83333333333;2021-05-14T20:00:00+02:00
1293;Demanda real;;;29246.66666666667;2021-05-14T21:00:00+02:00
1293;Demanda real;;;28140.66666666667;2021-05-14T22:00:00+02:00
1293;Demanda real;;;25895.5;2021-05-14T23:00:00+02:00
1293;Demanda real;;;24565.33333333333;2021-05-15T00:00:00+02:00
1293;Demanda real;;;23132;2021-05-15T01:00:00+02:00
1293;Demanda real;;;21941.33333333333;2021-05-15T02:00:00+02:00
1293;Demanda real;;;21427.33333333333;2021-05-15T03:00:00+02:00
1293;Demanda real;;;21081.5;2021-05-15T04:00:00+02:00
1293;Demanda real;;;20890.16666666667;2021-05-15T05:00:00+02:00
1293;Demanda real;;;20971.5;2021-05-15T06:00:00+02:00
1293;Demanda real;;;21332.5;2021-05-15T07:00:00+02:00
1293;Demanda real;;;23124.66666666667;2021-05-15T08:00:00+02:00
1293;Demanda real;;;25378.66666666667;2021-05-15T09:00:00+02:00
1293;Demanda real;;;26867.5;2021-05-15T10:00:00+02:00
1293;Demanda real;;;27201.33333333333;2021-05-15T11:00:00+02:00
1293;Demanda real;;;27443.83333333333;2021-05-15T12:00:00+02:00
1293;Demanda real;;;27717.83333333333;2021-05-15T13:00:00+02:00
1293;Demanda real;;;27216.5;2021-05-15T14:00:00+02:00
1293;Demanda real;;;25793.83333333333;2021-05-15T15:00:00+02:00
1293;Demanda real;;;24919.66666666667;2021-05-15T16:00:00+02:00
1293;Demanda real;;;24543.16666666667;2021-05-15T17:00:00+02:00
1293;Demanda real;;;24386.5;2021-05-15T18:00:00+02:00
1293;Demanda real;;;24618.66666666667;2021-05-15T19:00:00+02:00
1293;Demanda real;;;25085.66666666667;2021-05-15T20:00:00+02:00
1293;Demanda real;;;26360.33333333333;2021-05-15T21:00:00+02:00
1293;Demanda real;;;25948.5;2021-05-15T22:00:00+02:00
1293;Demanda real;;;24263.33333333333;2021-05-15T23:00:00+02:00
1293;Demanda real;;;22833.16666666667;2021-05-16T00:00:00+02:00
1293;Demanda real;;;21402.5;2021-05-16T01:00:00+02:00
1293;Demanda real;;;20552.16666666667;2021-05-16T02:00:00+02:00
1293;Demanda real;;;19800.5;2021-05-16T03:00:00+02:00
1293;Demanda real;;;19435;2021-05-16T04:00:00+02:00
1293;Demanda real;;;19420.33333333333;2021-05-16T05:00:00+02:00
1293;Demanda real;;;19714.33333333333;2021-05-16T06:00:00+02:00
1293;Demanda real;;;19395.83333333333;2021-05-16T07:00:00+02:00
1293;Demanda real;;;20674.83333333333;2021-05-16T08:00:00+02:00
1293;Demanda real;;;22390.66666666667;2021-05-16T09:00:00+02:00
1293;Demanda real;;;23970.66666666667;2021-05-16T10:00:00+02:00
1293;Demanda real;;;24875;2021-05-16T11:00:00+02:00
1293;Demanda real;;;25147.66666666667;2021-05-16T12:00:00+02:00
1293;Demanda real;;;25565;2021-05-16T13:00:00+02:00
1293;Demanda real;;;25327.66666666667;2021-05-16T14:00:00+02:00
1293;Demanda real;;;23981;2021-05-16T15:00:00+02:00
1293;Demanda real;;;23188.16666666667;2021-05-16T16:00:00+02:00
1293;Demanda real;;;23169.83333333333;2021-05-16T17:00:00+02:00
1293;Demanda real;;;23087.66666666667;2021-05-16T18:00:00+02:00
1293;Demanda real;;;23430;2021-05-16T19:00:00+02:00
1293;Demanda real;;;24302.83333333333;2021-05-16T20:00:00+02:00
1293;Demanda real;;;25957.16666666667;2021-05-16T21:00:00+02:00
1293;Demanda real;;;25906.33333333333;2021-05-16T22:00:00+02:00
1293;Demanda real;;;24365.66666666667;2021-05-16T23:00:00+02:00
1293;Demanda real;;;22958.66666666667;2021-05-17T00:00:00+02:00
1293;Demanda real;;;21496.83333333333;2021-05-17T01:00:00+02:00
1293;Demanda real;;;20851.16666666667;2021-05-17T02:00:00+02:00
1293;Demanda real;;;20528.83333333333;2021-05-17T03:00:00+02:00
1293;Demanda real;;;20471;2021-05-17T04:00:00+02:00
1293;Demanda real;;;21099.66666666667;2021-05-17T05:00:00+02:00
1293;Demanda real;;;23118.66666666667;2021-05-17T06:00:00+02:00
1293;Demanda real;;;25602.16666666667;2021-05-17T07:00:00+02:00
1293;Demanda real;;;27605.5;2021-05-17T08:00:00+02:00
1293;Demanda real;;;28717.33333333333;2021-05-17T09:00:00+02:00
1293;Demanda real;;;29475.16666666667;2021-05-17T10:00:00+02:00
1293;Demanda real;;;29838.16666666667;2021-05-17T11:00:00+02:00
1293;Demanda real;;;30216.5;2021-05-17T12:00:00+02:00
1293;Demanda real;;;30360.83333333333;2021-05-17T13:00:00+02:00
1293;Demanda real;;;29665.83333333333;2021-05-17T14:00:00+02:00
1293;Demanda real;;;28605;2021-05-17T15:00:00+02:00
1293;Demanda real;;;28081.33333333333;2021-05-17T16:00:00+02:00
1293;Demanda real;;;27991.16666666667;2021-05-17T17:00:00+02:00
1293;Demanda real;;;27999.33333333333;2021-05-17T18:00:00+02:00
1293;Demanda real;;;28221.83333333333;2021-05-17T19:00:00+02:00
1293;Demanda real;;;28728.33333333333;2021-05-17T20:00:00+02:00
1293;Demanda real;;;29596.16666666667;2021-05-17T21:00:00+02:00
1293;Demanda real;;;28448.66666666667;2021-05-17T22:00:00+02:00
1293;Demanda real;;;26066.16666666667;2021-05-17T23:00:00+02:00
1293;Demanda real;;;24579.16666666667;2021-05-18T00:00:00+02:00
1293;Demanda real;;;23447.5;2021-05-18T01:00:00+02:00
1293;Demanda real;;;22748.33333333333;2021-05-18T02:00:00+02:00
1293;Demanda real;;;22300.5;2021-05-18T03:00:00+02:00
1293;Demanda real;;;22135.83333333333;2021-05-18T04:00:00+02:00
1293;Demanda real;;;22475.33333333333;2021-05-18T05:00:00+02:00
1293;Demanda real;;;24357.33333333333;2021-05-18T06:00:00+02:00
1293;Demanda real;;;26771.16666666667;2021-05-18T07:00:00+02:00
1293;Demanda real;;;28863.16666666667;2021-05-18T08:00:00+02:00
1293;Demanda real;;;29853.83333333333;2021-05-18T09:00:00+02:00
1293;Demanda real;;;30364.5;2021-05-18T10:00:00+02:00
1293;Demanda real;;;30533.5;2021-05-18T11:00:00+02:00
1293;Demanda real;;;30886.33333333333;2021-05-18T12:00:00+02:00
1293;Demanda real;;;31013.83333333333;2021-05-18T13:00:00+02:00
1293;Demanda real;;;30413.66666666667;2021-05-18T14:00:00+02:00
1293;Demanda real;;;29445.66666666667;2021-05-18T15:00:00+02:00
1293;Demanda real;;;29134.16666666667;2021-05-18T16:00:00+02:00
1293;Demanda real;;;29258.83333333333;2021-05-18T17:00:00+02:00
1293;Demanda real;;;29210.83333333333;2021-05-18T18:00:00+02:00
1293;Demanda real;;;29288.33333333333;2021-05-18T19:00:00+02:00
1293;Demanda real;;;29795.5;2021-05-18T20:00:00+02:00
1293;Demanda real;;;30477.16666666667;2021-05-18T21:00:00+02:00
1293;Demanda real;;;29119.16666666667;2021-05-18T22:00:00+02:00
1293;Demanda real;;;26618;2021-05-18T23:00:00+02:00
1293;Demanda real;;;25305;2021-05-19T00:00:00+02:00
1293;Demanda real;;;24001.33333333333;2021-05-19T01:00:00+02:00
1293;Demanda real;;;23157.5;2021-05-19T02:00:00+02:00
1293;Demanda real;;;22525.33333333333;2021-05-19T03:00:00+02:00
1293;Demanda real;;;22572.83333333333;2021-05-19T04:00:00+02:00
1293;Demanda real;;;23036;2021-05-19T05:00:00+02:00
1293;Demanda real;;;24647.33333333333;2021-05-19T06:00:00+02:00
1293;Demanda real;;;26892.66666666667;2021-05-19T07:00:00+02:00
1293;Demanda real;;;28763;2021-05-19T08:00:00+02:00
1293;Demanda real;;;29786.33333333333;2021-05-19T09:00:00+02:00
1293;Demanda real;;;30298.83333333333;2021-05-19T10:00:00+02:00
1293;Demanda real;;;30727.16666666667;2021-05-19T11:00:00+02:00
1293;Demanda real;;;31021;2021-05-19T12:00:00+02:00
1293;Demanda real;;;31241.16666666667;2021-05-19T13:00:00+02:00
1293;Demanda real;;;30451;2021-05-19T14:00:00+02:00
1293;Demanda real;;;29725.5;2021-05-19T15:00:00+02:00
1293;Demanda real;;;29347.83333333333;2021-05-19T16:00:00+02:00
1293;Demanda real;;;29412.16666666667;2021-05-19T17:00:00+02:00
1293;Demanda real;;;29176.83333333333;2021-05-19T18:00:00+02:00
1293;Demanda real;;;29182;2021-05-19T19:00:00+02:00
1293;Demanda real;;;29686.66666666667;2021-05-19T20:00:00+02:00
1293;Demanda real;;;30333.66666666667;2021-05-19T21:00:00+02:00
1293;Demanda real;;;29218.33333333333;2021-05-19T22:00:00+02:00
1293;Demanda real;;;26600;2021-05-19T23:00:00+02:00
1293;Demanda real;;;25149.5;2021-05-20T00:00:00+02:00
1293;Demanda real;;;23955.5;2021-05-20T01:00:00+02:00
1293;Demanda real;;;23119;2021-05-20T02:00:00+02:00
1293;Demanda real;;;22737.5;2021-05-20T03:00:00+02:00
1293;Demanda real;;;22537.16666666667;2021-05-20T04:00:00+02:00
1293;Demanda real;;;22929.16666666667;2021-05-20T05:00:00+02:00
1293;Demanda real;;;24695;2021-05-20T06:00:00+02:00
1293;Demanda real;;;27038.66666666667;2021-05-20T07:00:00+02:00
1293;Demanda real;;;28906.66666666667;2021-05-20T08:00:00+02:00
1293;Demanda real;;;29931;2021-05-20T09:00:00+02:00
1293;Demanda real;;;30261.83333333333;2021-05-20T10:00:00+02:00
1293;Demanda real;;;30453;2021-05-20T11:00:00+02:00
1293;Demanda real;;;30686.5;2021-05-20T12:00:00+02:00
1293;Demanda real;;;30791.66666666667;2021-05-20T13:00:00+02:00
1293;Demanda real;;;30429.5;2021-05-20T14:00:00+02:00
1293;Demanda real;;;29442;2021-05-20T15:00:00+02:00
1293;Demanda real;;;29117;2021-05-20T16:00:00+02:00
1293;Demanda real;;;29063.33333333333;2021-05-20T17:00:00+02:00
1293;Demanda real;;;28989.33333333333;2021-05-20T18:00:00+02:00
1293;Demanda real;;;28901.5;2021-05-20T19:00:00+02:00
1293;Demanda real;;;29309.33333333333;2021-05-20T20:00:00+02:00
1293;Demanda real;;;30198;2021-05-20T21:00:00+02:00
1293;Demanda real;;;28914.66666666667;2021-05-20T22:00:00+02:00
1293;Demanda real;;;26569.66666666667;2021-05-20T23:00:00+02:00
1293;Demanda real;;;25076;2021-05-21T00:00:00+02:00
1293;Demanda real;;;23826.33333333333;2021-05-21T01:00:00+02:00
1293;Demanda real;;;22898.83333333333;2021-05-21T02:00:00+02:00
1293;Demanda real;;;22536.5;2021-05-21T03:00:00+02:00
1293;Demanda real;;;22237.5;2021-05-21T04:00:00+02:00
1293;Demanda real;;;22775;2021-05-21T05:00:00+02:00
1293;Demanda real;;;24247.16666666667;2021-05-21T06:00:00+02:00
1293;Demanda real;;;26597.33333333333;2021-05-21T07:00:00+02:00
1293;Demanda real;;;28532.66666666667;2021-05-21T08:00:00+02:00
1293;Demanda real;;;29585.83333333333;2021-05-21T09:00:00+02:00
1293;Demanda real;;;30179.83333333333;2021-05-21T10:00:00+02:00
1293;Demanda real;;;30583.16666666667;2021-05-21T11:00:00+02:00
1293;Demanda real;;;30989.66666666667;2021-05-21T12:00:00+02:00
1293;Demanda real;;;31193.5;2021-05-21T13:00:00+02:00
1293;Demanda real;;;30313.5;2021-05-21T14:00:00+02:00
1293;Demanda real;;;29339.5;2021-05-21T15:00:00+02:00
1293;Demanda real;;;29030.16666666667;2021-05-21T16:00:00+02:00
1293;Demanda real;;;28772.66666666667;2021-05-21T17:00:00+02:00
1293;Demanda real;;;28496.83333333333;2021-05-21T18:00:00+02:00
1293;Demanda real;;;28593.83333333333;2021-05-21T19:00:00+02:00
1293;Demanda real;;;28654.66666666667;2021-05-21T20:00:00+02:00
1293;Demanda real;;;29414.66666666667;2021-05-21T21:00:00+02:00
1293;Demanda real;;;28460;2021-05-21T22:00:00+02:00
1293;Demanda real;;;26312.33333333333;2021-05-21T23:00:00+02:00
1293;Demanda real;;;24955.16666666667;2021-05-22T00:00:00+02:00
1293;Demanda real;;;23520.16666666667;2021-05-22T01:00:00+02:00
1293;Demanda real;;;22491.5;2021-05-22T02:00:00+02:00
1293;Demanda real;;;21979.66666666667;2021-05-22T03:00:00+02:00
1293;Demanda real;;;21565.16666666667;2021-05-22T04:00:00+02:00
1293;Demanda real;;;21400.5;2021-05-22T05:00:00+02:00
1293;Demanda real;;;21451.5;2021-05-22T06:00:00+02:00
1293;Demanda real;;;21839.83333333333;2021-05-22T07:00:00+02:00
1293;Demanda real;;;23466.83333333333;2021-05-22T08:00:00+02:00
1293;Demanda real;;;25370;2021-05-22T09:00:00+02:00
1293;Demanda real;;;26799.16666666667;2021-05-22T10:00:00+02:00
1293;Demanda real;;;27256.83333333333;2021-05-22T11:00:00+02:00
1293;Demanda real;;;27264.83333333333;2021-05-22T12:00:00+02:00
1293;Demanda real;;;27329.16666666667;2021-05-22T13:00:00+02:00
1293;Demanda real;;;26894.66666666667;2021-05-22T14:00:00+02:00
1293;Demanda real;;;25500.5;2021-05-22T15:00:00+02:00
1293;Demanda real;;;24587.66666666667;2021-05-22T16:00:00+02:00
1293;Demanda real;;;24249.33333333333;2021-05-22T17:00:00+02:00
1293;Demanda real;;;24183.33333333333;2021-05-22T18:00:00+02:00
1293;Demanda real;;;24375.33333333333;2021-05-22T19:00:00+02:00
1293;Demanda real;;;24877;2021-05-22T20:00:00+02:00
1293;Demanda real;;;26105.83333333333;2021-05-22T21:00:00+02:00
1293;Demanda real;;;25904.66666666667;2021-05-22T22:00:00+02:00
1293;Demanda real;;;24225;2021-05-22T23:00:00+02:00
1293;Demanda real;;;22879.33333333333;2021-05-23T00:00:00+02:00
1293;Demanda real;;;21487;2021-05-23T01:00:00+02:00
1293;Demanda real;;;20537;2021-05-23T02:00:00+02:00
1293;Demanda real;;;20004.83333333333;2021-05-23T03:00:00+02:00
1293;Demanda real;;;19597.83333333333;2021-05-23T04:00:00+02:00
1293;Demanda real;;;19519.33333333333;2021-05-23T05:00:00+02:00
1293;Demanda real;;;19700;2021-05-23T06:00:00+02:00
1293;Demanda real;;;19444;2021-05-23T07:00:00+02:00
1293;Demanda real;;;20592.66666666667;2021-05-23T08:00:00+02:00
1293;Demanda real;;;22085.5;2021-05-23T09:00:00+02:00
1293;Demanda real;;;23571.5;2021-05-23T10:00:00+02:00
1293;Demanda real;;;24281.16666666667;2021-05-23T11:00:00+02:00
1293;Demanda real;;;24984.66666666667;2021-05-23T12:00:00+02:00
1293;Demanda real;;;25241.83333333333;2021-05-23T13:00:00+02:00
1293;Demanda real;;;25284;2021-05-23T14:00:00+02:00
1293;Demanda real;;;23642;2021-05-23T15:00:00+02:00
1293;Demanda real;;;22776.5;2021-05-23T16:00:00+02:00
1293;Demanda real;;;22152.33333333333;2021-05-23T17:00:00+02:00
1293;Demanda real;;;22374.5;2021-05-23T18:00:00+02:00
1293;Demanda real;;;23051.83333333333;2021-05-23T19:00:00+02:00
1293;Demanda real;;;24008.33333333333;2021-05-23T20:00:00+02:00
1293;Demanda real;;;25463.33333333333;2021-05-23T21:00:00+02:00
1293;Demanda real;;;25687.33333333333;2021-05-23T22:00:00+02:00
1293;Demanda real;;;23875;2021-05-23T23:00:00+02:00
1293;Demanda real;;;22322;2021-05-24T00:00:00+02:00
1293;Demanda real;;;21063.5;2021-05-24T01:00:00+02:00
1293;Demanda real;;;20238.5;2021-05-24T02:00:00+02:00
1293;Demanda real;;;19860.33333333333;2021-05-24T03:00:00+02:00
1293;Demanda real;;;19854.83333333333;2021-05-24T04:00:00+02:00
1293;Demanda real;;;20575.83333333333;2021-05-24T05:00:00+02:00
1293;Demanda real;;;22486.16666666667;2021-05-24T06:00:00+02:00
1293;Demanda real;;;24872.33333333333;2021-05-24T07:00:00+02:00
1293;Demanda real;;;26909.33333333333;2021-05-24T08:00:00+02:00
1293;Demanda real;;;27927;2021-05-24T09:00:00+02:00
1293;Demanda real;;;28607.66666666667;2021-05-24T10:00:00+02:00
1293;Demanda real;;;28961.66666666667;2021-05-24T11:00:00+02:00
1293;Demanda real;;;29295.5;2021-05-24T12:00:00+02:00
1293;Demanda real;;;29595.66666666667;2021-05-24T13:00:00+02:00
1293;Demanda real;;;28861.66666666667;2021-05-24T14:00:00+02:00
1293;Demanda real;;;27980.33333333333;2021-05-24T15:00:00+02:00
1293;Demanda real;;;27607.83333333333;2021-05-24T16:00:00+02:00
1293;Demanda real;;;27413.66666666667;2021-05-24T17:00:00+02:00
1293;Demanda real;;;27196.16666666667;2021-05-24T18:00:00+02:00
1293;Demanda real;;;27342.5;2021-05-24T19:00:00+02:00
1293;Demanda real;;;27964.83333333333;2021-05-24T20:00:00+02:00
1293;Demanda real;;;29122.16666666667;2021-05-24T21:00:00+02:00
1293;Demanda real;;;28206.16666666667;2021-05-24T22:00:00+02:00
1293;Demanda real;;;25947.16666666667;2021-05-24T23:00:00+02:00
1293;Demanda real;;;24405;2021-05-25T00:00:00+02:00
1293;Demanda real;;;23064.83333333333;2021-05-25T01:00:00+02:00
1293;Demanda real;;;22177.66666666667;2021-05-25T02:00:00+02:00
1293;Demanda real;;;22028.5;2021-05-25T03:00:00+02:00
1293;Demanda real;;;21908.83333333333;2021-05-25T04:00:00+02:00
1293;Demanda real;;;22169;2021-05-25T05:00:00+02:00
1293;Demanda real;;;23967.16666666667;2021-05-25T06:00:00+02:00
1293;Demanda real;;;26284;2021-05-25T07:00:00+02:00
1293;Demanda real;;;28463.5;2021-05-25T08:00:00+02:00
1293;Demanda real;;;29605;2021-05-25T09:00:00+02:00
1293;Demanda real;;;30047.33333333333;2021-05-25T10:00:00+02:00
1293;Demanda real;;;30314.5;2021-05-25T11:00:00+02:00
1293;Demanda real;;;30779.33333333333;2021-05-25T12:00:00+02:00
1293;Demanda real;;;30745.66666666667;2021-05-25T13:00:00+02:00
1293;Demanda real;;;29896.16666666667;2021-05-25T14:00:00+02:00
1293;Demanda real;;;28920;2021-05-25T15:00:00+02:00
1293;Demanda real;;;28508.33333333333;2021-05-25T16:00:00+02:00
1293;Demanda real;;;28498;2021-05-25T17:00:00+02:00
1293;Demanda real;;;28332.5;2021-05-25T18:00:00+02:00
1293;Demanda real;;;28502.33333333333;2021-05-25T19:00:00+02:00
1293;Demanda real;;;28964.33333333333;2021-05-25T20:00:00+02:00
1293;Demanda real;;;29615.33333333333;2021-05-25T21:00:00+02:00
1293;Demanda real;;;28714.5;2021-05-25T22:00:00+02:00
1293;Demanda real;;;26346.33333333333;2021-05-25T23:00:00+02:00
1293;Demanda real;;;24886.33333333333;2021-05-26T00:00:00+02:00
1293;Demanda real;;;23705.83333333333;2021-05-26T01:00:00+02:00
1293;Demanda real;;;22786.33333333333;2021-05-26T02:00:00+02:00
1293;Demanda real;;;22415;2021-05-26T03:00:00+02:00
1293;Demanda real;;;22262.66666666667;2021-05-26T04:00:00+02:00
1293;Demanda real;;;22640.83333333333;2021-05-26T05:00:00+02:00
1293;Demanda real;;;24493.83333333333;2021-05-26T06:00:00+02:00
1293;Demanda real;;;26796.66666666667;2021-05-26T07:00:00+02:00
1293;Demanda real;;;28646.33333333333;2021-05-26T08:00:00+02:00
1293;Demanda real;;;29593.83333333333;2021-05-26T09:00:00+02:00
1293;Demanda real;;;30242.5;2021-05-26T10:00:00+02:00
1293;Demanda real;;;30686;2021-05-26T11:00:00+02:00
1293;Demanda real;;;31076.83333333333;2021-05-26T12:00:00+02:00
1293;Demanda real;;;31231.33333333333;2021-05-26T13:00:00+02:00
1293;Demanda real;;;30360.83333333333;2021-05-26T14:00:00+02:00
1293;Demanda real;;;29427.5;2021-05-26T15:00:00+02:00
1293;Demanda real;;;29029.83333333333;2021-05-26T16:00:00+02:00
1293;Demanda real;;;29037.66666666667;2021-05-26T17:00:00+02:00
1293;Demanda real;;;28854.66666666667;2021-05-26T18:00:00+02:00
1293;Demanda real;;;28708.33333333333;2021-05-26T19:00:00+02:00
1293;Demanda real;;;29032.33333333333;2021-05-26T20:00:00+02:00
1293;Demanda real;;;29741.5;2021-05-26T21:00:00+02:00
1293;Demanda real;;;28666.66666666667;2021-05-26T22:00:00+02:00
1293;Demanda real;;;26292.66666666667;2021-05-26T23:00:00+02:00
1293;Demanda real;;;24990.83333333333;2021-05-27T00:00:00+02:00
1293;Demanda real;;;23701.83333333333;2021-05-27T01:00:00+02:00
1293;Demanda real;;;22980.66666666667;2021-05-27T02:00:00+02:00
1293;Demanda real;;;22550.83333333333;2021-05-27T03:00:00+02:00
1293;Demanda real;;;22374.83333333333;2021-05-27T04:00:00+02:00
1293;Demanda real;;;22730.5;2021-05-27T05:00:00+02:00
1293;Demanda real;;;24478.16666666667;2021-05-27T06:00:00+02:00
1293;Demanda real;;;26698;2021-05-27T07:00:00+02:00
1293;Demanda real;;;28786.16666666667;2021-05-27T08:00:00+02:00
1293;Demanda real;;;29828.16666666667;2021-05-27T09:00:00+02:00
1293;Demanda real;;;30439.66666666667;2021-05-27T10:00:00+02:00
1293;Demanda real;;;30606.33333333333;2021-05-27T11:00:00+02:00
1293;Demanda real;;;31011.33333333333;2021-05-27T12:00:00+02:00
1293;Demanda real;;;31173.33333333333;2021-05-27T13:00:00+02:00
1293;Demanda real;;;30602.83333333333;2021-05-27T14:00:00+02:00
1293;Demanda real;;;29725.33333333333;2021-05-27T15:00:00+02:00
1293;Demanda real;;;29249;2021-05-27T16:00:00+02:00
1293;Demanda real;;;29090.66666666667;2021-05-27T17:00:00+02:00
1293;Demanda real;;;28782.5;2021-05-27T18:00:00+02:00
1293;Demanda real;;;28715.33333333333;2021-05-27T19:00:00+02:00
1293;Demanda real;;;29365;2021-05-27T20:00:00+02:00
1293;Demanda real;;;29973.16666666667;2021-05-27T21:00:00+02:00
1293;Demanda real;;;28700;2021-05-27T22:00:00+02:00
1293;Demanda real;;;26281;2021-05-27T23:00:00+02:00
1293;Demanda real;;;24853.5;2021-05-28T00:00:00+02:00
1293;Demanda real;;;23682.33333333333;2021-05-28T01:00:00+02:00
1293;Demanda real;;;22854.16666666667;2021-05-28T02:00:00+02:00
1293;Demanda real;;;22441.16666666667;2021-05-28T03:00:00+02:00
1293;Demanda real;;;22272;2021-05-28T04:00:00+02:00
1293;Demanda real;;;22606.16666666667;2021-05-28T05:00:00+02:00
1293;Demanda real;;;24317.33333333333;2021-05-28T06:00:00+02:00
1293;Demanda real;;;26654.5;2021-05-28T07:00:00+02:00
1293;Demanda real;;;28773.66666666667;2021-05-28T08:00:00+02:00
1293;Demanda real;;;29834.66666666667;2021-05-28T09:00:00+02:00
1293;Demanda real;;;30413;2021-05-28T10:00:00+02:00
1293;Demanda real;;;30613;2021-05-28T11:00:00+02:00
1293;Demanda real;;;31053.83333333333;2021-05-28T12:00:00+02:00
1293;Demanda real;;;31001;2021-05-28T13:00:00+02:00
1293;Demanda real;;;30147.16666666667;2021-05-28T14:00:00+02:00
1293;Demanda real;;;29085.33333333333;2021-05-28T15:00:00+02:00
1293;Demanda real;;;28664.16666666667;2021-05-28T16:00:00+02:00
1293;Demanda real;;;28507.33333333333;2021-05-28T17:00:00+02:00
1293;Demanda real;;;28398.83333333333;2021-05-28T18:00:00+02:00
1293;Demanda real;;;28285.66666666667;2021-05-28T19:00:00+02:00
1293;Demanda real;;;28234;2021-05-28T20:00:00+02:00
1293;Demanda real;;;28587;2021-05-28T21:00:00+02:00
1293;Demanda real;;;27833;2021-05-28T22:00:00+02:00
1293;Demanda real;;;25959.83333333333;2021-05-28T23:00:00+02:00
1293;Demanda real;;;24809;2021-05-29T00:00:00+02:00
1293;Demanda real;;;23438.16666666667;2021-05-29T01:00:00+02:00
1293;Demanda real;;;22357.16666666667;2021-05-29T02:00:00+02:00
1293;Demanda real;;;21927.33333333333;2021-05-29T03:00:00+02:00
1293;Demanda real;;;21608.33333333333;2021-05-29T04:00:00+02:00
1293;Demanda real;;;21397.83333333333;2021-05-29T05:00:00+02:00
1293;Demanda real;;;21425;2021-05-29T06:00:00+02:00
1293;Demanda real;;;21917.16666666667;2021-05-29T07:00:00+02:00
1293;Demanda real;;;23629.16666666667;2021-05-29T08:00:00+02:00
1293;Demanda real;;;25545;2021-05-29T09:00:00+02:00
1293;Demanda real;;;26956.66666666667;2021-05-29T10:00:00+02:00
1293;Demanda real;;;27664.83333333333;2021-05-29T11:00:00+02:00
1293;Demanda real;;;28008.83333333333;2021-05-29T12:00:00+02:00
1293;Demanda real;;;28045.5;2021-05-29T13:00:00+02:00
1293;Demanda real;;;27360.83333333333;2021-05-29T14:00:00+02:00
1293;Demanda real;;;26181.83333333333;2021-05-29T15:00:00+02:00
1293;Demanda real;;;25514.5;2021-05-29T16:00:00+02:00
1293;Demanda real;;;25210.66666666667;2021-05-29T17:00:00+02:00
1293;Demanda real;;;24981.5;2021-05-29T18:00:00+02:00
1293;Demanda real;;;24970.16666666667;2021-05-29T19:00:00+02:00
1293;Demanda real;;;25330.5;2021-05-29T20:00:00+02:00
1293;Demanda real;;;26346;2021-05-29T21:00:00+02:00
1293;Demanda real;;;26192.33333333333;2021-05-29T22:00:00+02:00
1293;Demanda real;;;24557.33333333333;2021-05-29T23:00:00+02:00
1293;Demanda real;;;23131;2021-05-30T00:00:00+02:00
1293;Demanda real;;;21726.83333333333;2021-05-30T01:00:00+02:00
1293;Demanda real;;;20648.66666666667;2021-05-30T02:00:00+02:00
1293;Demanda real;;;20070.83333333333;2021-05-30T03:00:00+02:00
1293;Demanda real;;;19711.16666666667;2021-05-30T04:00:00+02:00
1293;Demanda real;;;19698.83333333333;2021-05-30T05:00:00+02:00
1293;Demanda real;;;19799;2021-05-30T06:00:00+02:00
1293;Demanda real;;;19573.83333333333;2021-05-30T07:00:00+02:00
1293;Demanda real;;;20486.66666666667;2021-05-30T08:00:00+02:00
1293;Demanda real;;;22324.33333333333;2021-05-30T09:00:00+02:00
1293;Demanda real;;;23794.66666666667;2021-05-30T10:00:00+02:00
1293;Demanda real;;;24735.33333333333;2021-05-30T11:00:00+02:00
1293;Demanda real;;;25085.5;2021-05-30T12:00:00+02:00
1293;Demanda real;;;25610.5;2021-05-30T13:00:00+02:00
1293;Demanda real;;;25519.83333333333;2021-05-30T14:00:00+02:00
1293;Demanda real;;;24372.16666666667;2021-05-30T15:00:00+02:00
1293;Demanda real;;;23331.5;2021-05-30T16:00:00+02:00
1293;Demanda real;;;23157.33333333333;2021-05-30T17:00:00+02:00
1293;Demanda real;;;23221.33333333333;2021-05-30T18:00:00+02:00
1293;Demanda real;;;23741.33333333333;2021-05-30T19:00:00+02:00
1293;Demanda real;;;24586;2021-05-30T20:00:00+02:00
1293;Demanda real;;;25777.5;2021-05-30T21:00:00+02:00
1293;Demanda real;;;26113.83333333333;2021-05-30T22:00:00+02:00
1293;Demanda real;;;24625.33333333333;2021-05-30T23:00:00+02:00
1293;Demanda real;;;23005.83333333333;2021-05-31T00:00:00+02:00
1293;Demanda real;;;21725.5;2021-05-31T01:00:00+02:00
1293;Demanda real;;;21007.66666666667;2021-05-31T02:00:00+02:00
1293;Demanda real;;;20660.5;2021-05-31T03:00:00+02:00
1293;Demanda real;;;20668;2021-05-31T04:00:00+02:00
1293;Demanda real;;;21195.5;2021-05-31T05:00:00+02:00
1293;Demanda real;;;23344.5;2021-05-31T06:00:00+02:00
1293;Demanda real;;;25726.83333333333;2021-05-31T07:00:00+02:00
1293;Demanda real;;;27594.5;2021-05-31T08:00:00+02:00
1293;Demanda real;;;29105.33333333333;2021-05-31T09:00:00+02:00
1293;Demanda real;;;30022.83333333333;2021-05-31T10:00:00+02:00
1293;Demanda real;;;30655;2021-05-31T11:00:00+02:00
1293;Demanda real;;;30975.16666666667;2021-05-31T12:00:00+02:00
1293;Demanda real;;;31287.33333333333;2021-05-31T13:00:00+02:00
1293;Demanda real;;;30665.16666666667;2021-05-31T14:00:00+02:00
1293;Demanda real;;;29919;2021-05-31T15:00:00+02:00
1293;Demanda real;;;29586.66666666667;2021-05-31T16:00:00+02:00
1293;Demanda real;;;29540.83333333333;2021-05-31T17:00:00+02:00
1293;Demanda real;;;29243.33333333333;2021-05-31T18:00:00+02:00
1293;Demanda real;;;29354.33333333333;2021-05-31T19:00:00+02:00
1293;Demanda real;;;29979.33333333333;2021-05-31T20:00:00+02:00
1293;Demanda real;;;30594.16666666667;2021-05-31T21:00:00+02:00
1293;Demanda real;;;29271.16666666667;2021-05-31T22:00:00+02:00
1293;Demanda real;;;26675.66666666667;2021-05-31T23:00:00+02:00
1293;Demanda real;;;25213.5;2021-06-01T00:00:00+02:00
1293;Demanda real;;;24103.83333333333;2021-06-01T01:00:00+02:00
1293;Demanda real;;;23162.33333333333;2021-06-01T02:00:00+02:00
1293;Demanda real;;;22747.66666666667;2021-06-01T03:00:00+02:00
1293;Demanda real;;;22663.83333333333;2021-06-01T04:00:00+02:00
1293;Demanda real;;;22959.16666666667;2021-06-01T05:00:00+02:00
1293;Demanda real;;;24630.33333333333;2021-06-01T06:00:00+02:00
1293;Demanda real;;;26857.33333333333;2021-06-01T07:00:00+02:00
1293;Demanda real;;;28900.33333333333;2021-06-01T08:00:00+02:00
1293;Demanda real;;;29954.33333333333;2021-06-01T09:00:00+02:00
1293;Demanda real;;;30557.83333333333;2021-06-01T10:00:00+02:00
1293;Demanda real;;;30880;2021-06-01T11:00:00+02:00
1293;Demanda real;;;31475.16666666667;2021-06-01T12:00:00+02:00
1293;Demanda real;;;31377.16666666667;2021-06-01T13:00:00+02:00
1293;Demanda real;;;30805.33333333333;2021-06-01T14:00:00+02:00
1293;Demanda real;;;29720;2021-06-01T15:00:00+02:00
1293;Demanda real;;;29283.66666666667;2021-06-01T16:00:00+02:00
1293;Demanda real;;;29140.66666666667;2021-06-01T17:00:00+02:00
1293;Demanda real;;;28715.33333333333;2021-06-01T18:00:00+02:00
1293;Demanda real;;;28678.5;2021-06-01T19:00:00+02:00
1293;Demanda real;;;28983.66666666667;2021-06-01T20:00:00+02:00
1293;Demanda real;;;29252.33333333333;2021-06-01T21:00:00+02:00
1293;Demanda real;;;28661.66666666667;2021-06-01T22:00:00+02:00
1293;Demanda real;;;26450.5;2021-06-01T23:00:00+02:00
1293;Demanda real;;;25571.33333333333;2021-06-02T00:00:00+02:00
1293;Demanda real;;;24305.16666666667;2021-06-02T01:00:00+02:00
1293;Demanda real;;;23269.83333333333;2021-06-02T02:00:00+02:00
1293;Demanda real;;;22755.16666666667;2021-06-02T03:00:00+02:00
1293;Demanda real;;;22694.16666666667;2021-06-02T04:00:00+02:00
1293;Demanda real;;;23173.83333333333;2021-06-02T05:00:00+02:00
1293;Demanda real;;;24836.16666666667;2021-06-02T06:00:00+02:00
1293;Demanda real;;;27123.83333333333;2021-06-02T07:00:00+02:00
1293;Demanda real;;;29036.83333333333;2021-06-02T08:00:00+02:00
1293;Demanda real;;;29764.5;2021-06-02T09:00:00+02:00
1293;Demanda real;;;30071.5;2021-06-02T10:00:00+02:00
1293;Demanda real;;;30465;2021-06-02T11:00:00+02:00
1293;Demanda real;;;31037.83333333333;2021-06-02T12:00:00+02:00
1293;Demanda real;;;31332.83333333333;2021-06-02T13:00:00+02:00
1293;Demanda real;;;31037.33333333333;2021-06-02T14:00:00+02:00
1293;Demanda real;;;30115.5;2021-06-02T15:00:00+02:00
1293;Demanda real;;;29736.16666666667;2021-06-02T16:00:00+02:00
1293;Demanda real;;;29732.66666666667;2021-06-02T17:00:00+02:00
1293;Demanda real;;;29171.33333333333;2021-06-02T18:00:00+02:00
1293;Demanda real;;;29063;2021-06-02T19:00:00+02:00
1293;Demanda real;;;29243.33333333333;2021-06-02T20:00:00+02:00
1293;Demanda real;;;29270.16666666667;2021-06-02T21:00:00+02:00
1293;Demanda real;;;28868.16666666667;2021-06-02T22:00:00+02:00
1293;Demanda real;;;26552;2021-06-02T23:00:00+02:00
1293;Demanda real;;;25887.66666666667;2021-06-03T00:00:00+02:00
1293;Demanda real;;;24552.83333333333;2021-06-03T01:00:00+02:00
1293;Demanda real;;;23511.83333333333;2021-06-03T02:00:00+02:00
1293;Demanda real;;;22968.66666666667;2021-06-03T03:00:00+02:00
1293;Demanda real;;;22877;2021-06-03T04:00:00+02:00
1293;Demanda real;;;23230;2021-06-03T05:00:00+02:00
1293;Demanda real;;;24741.16666666667;2021-06-03T06:00:00+02:00
1293;Demanda real;;;26951.66666666667;2021-06-03T07:00:00+02:00
1293;Demanda real;;;28553.83333333333;2021-06-03T08:00:00+02:00
1293;Demanda real;;;29310.33333333333;2021-06-03T09:00:00+02:00
1293;Demanda real;;;29970;2021-06-03T10:00:00+02:00
1293;Demanda real;;;30422;2021-06-03T11:00:00+02:00
1293;Demanda real;;;30845.16666666667;2021-06-03T12:00:00+02:00
1293;Demanda real;;;31040.66666666667;2021-06-03T13:00:00+02:00
1293;Demanda real;;;30966.5;2021-06-03T14:00:00+02:00
1293;Demanda real;;;30027.66666666667;2021-06-03T15:00:00+02:00
1293;Demanda real;;;29649.83333333333;2021-06-03T16:00:00+02:00
1293;Demanda real;;;29263.5;2021-06-03T17:00:00+02:00
1293;Demanda real;;;28819.66666666667;2021-06-03T18:00:00+02:00
1293;Demanda real;;;28613;2021-06-03T19:00:00+02:00
1293;Demanda real;;;29018;2021-06-03T20:00:00+02:00
1293;Demanda real;;;29202.5;2021-06-03T21:00:00+02:00
1293;Demanda real;;;28919.83333333333;2021-06-03T22:00:00+02:00
1293;Demanda real;;;26720;2021-06-03T23:00:00+02:00
1293;Demanda real;;;25777;2021-06-04T00:00:00+02:00
1293;Demanda real;;;24686.66666666667;2021-06-04T01:00:00+02:00
1293;Demanda real;;;23593;2021-06-04T02:00:00+02:00
1293;Demanda real;;;23025;2021-06-04T03:00:00+02:00
1293;Demanda real;;;22724.16666666667;2021-06-04T04:00:00+02:00
1293;Demanda real;;;23208.83333333333;2021-06-04T05:00:00+02:00
1293;Demanda real;;;24726.33333333333;2021-06-04T06:00:00+02:00
1293;Demanda real;;;27129.66666666667;2021-06-04T07:00:00+02:00
1293;Demanda real;;;28848.33333333333;2021-06-04T08:00:00+02:00
1293;Demanda real;;;29578.5;2021-06-04T09:00:00+02:00
1293;Demanda real;;;30074.83333333333;2021-06-04T10:00:00+02:00
1293;Demanda real;;;30484.83333333333;2021-06-04T11:00:00+02:00
1293;Demanda real;;;30799.83333333333;2021-06-04T12:00:00+02:00
1293;Demanda real;;;30954.33333333333;2021-06-04T13:00:00+02:00
1293;Demanda real;;;30493.5;2021-06-04T14:00:00+02:00
1293;Demanda real;;;29462.66666666667;2021-06-04T15:00:00+02:00
1293;Demanda real;;;28985.83333333333;2021-06-04T16:00:00+02:00
1293;Demanda real;;;28846;2021-06-04T17:00:00+02:00
1293;Demanda real;;;28288.5;2021-06-04T18:00:00+02:00
1293;Demanda real;;;28096;2021-06-04T19:00:00+02:00
1293;Demanda real;;;28070.83333333333;2021-06-04T20:00:00+02:00
1293;Demanda real;;;28236.66666666667;2021-06-04T21:00:00+02:00
1293;Demanda real;;;27820.5;2021-06-04T22:00:00+02:00
1293;Demanda real;;;25954.5;2021-06-04T23:00:00+02:00
1293;Demanda real;;;25362.33333333333;2021-06-05T00:00:00+02:00
1293;Demanda real;;;24151.33333333333;2021-06-05T01:00:00+02:00
1293;Demanda real;;;22858.16666666667;2021-06-05T02:00:00+02:00
1293;Demanda real;;;22150.33333333333;2021-06-05T03:00:00+02:00
1293;Demanda real;;;21726.5;2021-06-05T04:00:00+02:00
1293;Demanda real;;;21497.16666666667;2021-06-05T05:00:00+02:00
1293;Demanda real;;;21634.83333333333;2021-06-05T06:00:00+02:00
1293;Demanda real;;;21958;2021-06-05T07:00:00+02:00
1293;Demanda real;;;23458.16666666667;2021-06-05T08:00:00+02:00
1293;Demanda real;;;25307.66666666667;2021-06-05T09:00:00+02:00
1293;Demanda real;;;26728.66666666667;2021-06-05T10:00:00+02:00
1293;Demanda real;;;27389.83333333333;2021-06-05T11:00:00+02:00
1293;Demanda real;;;27467.33333333333;2021-06-05T12:00:00+02:00
1293;Demanda real;;;27706.33333333333;2021-06-05T13:00:00+02:00
1293;Demanda real;;;27124;2021-06-05T14:00:00+02:00
1293;Demanda real;;;25721.33333333333;2021-06-05T15:00:00+02:00
1293;Demanda real;;;24993.66666666667;2021-06-05T16:00:00+02:00
1293;Demanda real;;;24454.5;2021-06-05T17:00:00+02:00
1293;Demanda real;;;24367.83333333333;2021-06-05T18:00:00+02:00
1293;Demanda real;;;24422.5;2021-06-05T19:00:00+02:00
1293;Demanda real;;;25016.5;2021-06-05T20:00:00+02:00
1293;Demanda real;;;25897.16666666667;2021-06-05T21:00:00+02:00
1293;Demanda real;;;25939.5;2021-06-05T22:00:00+02:00
1293;Demanda real;;;24248.5;2021-06-05T23:00:00+02:00
1293;Demanda real;;;22727.83333333333;2021-06-06T00:00:00+02:00
1293;Demanda real;;;21390.5;2021-06-06T01:00:00+02:00
1293;Demanda real;;;20294;2021-06-06T02:00:00+02:00
1293;Demanda real;;;19760.33333333333;2021-06-06T03:00:00+02:00
1293;Demanda real;;;19507.33333333333;2021-06-06T04:00:00+02:00
1293;Demanda real;;;19366.5;2021-06-06T05:00:00+02:00
1293;Demanda real;;;19450.83333333333;2021-06-06T06:00:00+02:00
1293;Demanda real;;;19324.66666666667;2021-06-06T07:00:00+02:00
1293;Demanda real;;;20388.16666666667;2021-06-06T08:00:00+02:00
1293;Demanda real;;;22063.83333333333;2021-06-06T09:00:00+02:00
1293;Demanda real;;;23572.33333333333;2021-06-06T10:00:00+02:00
1293;Demanda real;;;24182.16666666667;2021-06-06T11:00:00+02:00
1293;Demanda real;;;24583.66666666667;2021-06-06T12:00:00+02:00
1293;Demanda real;;;25100.66666666667;2021-06-06T13:00:00+02:00
1293;Demanda real;;;25189.33333333333;2021-06-06T14:00:00+02:00
1293;Demanda real;;;23943.5;2021-06-06T15:00:00+02:00
1293;Demanda real;;;23125.5;2021-06-06T16:00:00+02:00
1293;Demanda real;;;22848.66666666667;2021-06-06T17:00:00+02:00
1293;Demanda real;;;23142.5;2021-06-06T18:00:00+02:00
1293;Demanda real;;;23670.33333333333;2021-06-06T19:00:00+02:00
1293;Demanda real;;;24473;2021-06-06T20:00:00+02:00
1293;Demanda real;;;25822.16666666667;2021-06-06T21:00:00+02:00
1293;Demanda real;;;26793;2021-06-06T22:00:00+02:00
1293;Demanda real;;;25067.66666666667;2021-06-06T23:00:00+02:00
1293;Demanda real;;;23647.83333333333;2021-06-07T00:00:00+02:00
1293;Demanda real;;;22234.33333333333;2021-06-07T01:00:00+02:00
1293;Demanda real;;;21235;2021-06-07T02:00:00+02:00
1293;Demanda real;;;20904.33333333333;2021-06-07T03:00:00+02:00
1293;Demanda real;;;20922.66666666667;2021-06-07T04:00:00+02:00
1293;Demanda real;;;21390.66666666667;2021-06-07T05:00:00+02:00
1293;Demanda real;;;23380.16666666667;2021-06-07T06:00:00+02:00
1293;Demanda real;;;25833.5;2021-06-07T07:00:00+02:00
1293;Demanda real;;;28177.66666666667;2021-06-07T08:00:00+02:00
1293;Demanda real;;;29193;2021-06-07T09:00:00+02:00
1293;Demanda real;;;29798.33333333333;2021-06-07T10:00:00+02:00
1293;Demanda real;;;30327.33333333333;2021-06-07T11:00:00+02:00
1293;Demanda real;;;31013.66666666667;2021-06-07T12:00:00+02:00
1293;Demanda real;;;31521;2021-06-07T13:00:00+02:00
1293;Demanda real;;;31364.5;2021-06-07T14:00:00+02:00
1293;Demanda real;;;30628;2021-06-07T15:00:00+02:00
1293;Demanda real;;;30357.33333333333;2021-06-07T16:00:00+02:00
1293;Demanda real;;;30320.5;2021-06-07T17:00:00+02:00
1293;Demanda real;;;29849.5;2021-06-07T18:00:00+02:00
1293;Demanda real;;;29718.33333333333;2021-06-07T19:00:00+02:00
1293;Demanda real;;;29747.5;2021-06-07T20:00:00+02:00
1293;Demanda real;;;29724.83333333333;2021-06-07T21:00:00+02:00
1293;Demanda real;;;29310;2021-06-07T22:00:00+02:00
1293;Demanda real;;;27120.16666666667;2021-06-07T23:00:00+02:00
1293;Demanda real;;;26153.5;2021-06-08T00:00:00+02:00
1293;Demanda real;;;24882.5;2021-06-08T01:00:00+02:00
1293;Demanda real;;;23771.83333333333;2021-06-08T02:00:00+02:00
1293;Demanda real;;;23289.83333333333;2021-06-08T03:00:00+02:00
1293;Demanda real;;;23145;2021-06-08T04:00:00+02:00
1293;Demanda real;;;23469.5;2021-06-08T05:00:00+02:00
1293;Demanda real;;;25029.5;2021-06-08T06:00:00+02:00
1293;Demanda real;;;27396.16666666667;2021-06-08T07:00:00+02:00
1293;Demanda real;;;29309.33333333333;2021-06-08T08:00:00+02:00
1293;Demanda real;;;30284.83333333333;2021-06-08T09:00:00+02:00
1293;Demanda real;;;30827;2021-06-08T10:00:00+02:00
1293;Demanda real;;;31285.16666666667;2021-06-08T11:00:00+02:00
1293;Demanda real;;;32130;2021-06-08T12:00:00+02:00
1293;Demanda real;;;32497.66666666667;2021-06-08T13:00:00+02:00
1293;Demanda real;;;32295;2021-06-08T14:00:00+02:00
1293;Demanda real;;;31556.5;2021-06-08T15:00:00+02:00
1293;Demanda real;;;31359.66666666667;2021-06-08T16:00:00+02:00
1293;Demanda real;;;31146.16666666667;2021-06-08T17:00:00+02:00
1293;Demanda real;;;30650.16666666667;2021-06-08T18:00:00+02:00
1293;Demanda real;;;30345.5;2021-06-08T19:00:00+02:00
1293;Demanda real;;;30246.5;2021-06-08T20:00:00+02:00
1293;Demanda real;;;29986;2021-06-08T21:00:00+02:00
1293;Demanda real;;;29582.66666666667;2021-06-08T22:00:00+02:00
1293;Demanda real;;;27577.16666666667;2021-06-08T23:00:00+02:00
1293;Demanda real;;;26700.33333333333;2021-06-09T00:00:00+02:00
1293;Demanda real;;;25476;2021-06-09T01:00:00+02:00
1293;Demanda real;;;24386.83333333333;2021-06-09T02:00:00+02:00
1293;Demanda real;;;23719.16666666667;2021-06-09T03:00:00+02:00
1293;Demanda real;;;23647;2021-06-09T04:00:00+02:00
1293;Demanda real;;;23893.83333333333;2021-06-09T05:00:00+02:00
1293;Demanda real;;;25361.83333333333;2021-06-09T06:00:00+02:00
1293;Demanda real;;;27652.83333333333;2021-06-09T07:00:00+02:00
1293;Demanda real;;;29387.83333333333;2021-06-09T08:00:00+02:00
1293;Demanda real;;;30445.16666666667;2021-06-09T09:00:00+02:00
1293;Demanda real;;;31148.5;2021-06-09T10:00:00+02:00
1293;Demanda real;;;31831.83333333333;2021-06-09T11:00:00+02:00
1293;Demanda real;;;32611.5;2021-06-09T12:00:00+02:00
1293;Demanda real;;;32897.66666666667;2021-06-09T13:00:00+02:00
1293;Demanda real;;;32824.5;2021-06-09T14:00:00+02:00
1293;Demanda real;;;32097.16666666667;2021-06-09T15:00:00+02:00
1293;Demanda real;;;31787;2021-06-09T16:00:00+02:00
1293;Demanda real;;;31698.16666666667;2021-06-09T17:00:00+02:00
1293;Demanda real;;;30901.33333333333;2021-06-09T18:00:00+02:00
1293;Demanda real;;;30776.16666666667;2021-06-09T19:00:00+02:00
1293;Demanda real;;;30662.33333333333;2021-06-09T20:00:00+02:00
1293;Demanda real;;;30337.66666666667;2021-06-09T21:00:00+02:00
1293;Demanda real;;;30147.83333333333;2021-06-09T22:00:00+02:00
1293;Demanda real;;;27890.83333333333;2021-06-09T23:00:00+02:00
1293;Demanda real;;;26925.5;2021-06-10T00:00:00+02:00
1293;Demanda real;;;25506.5;2021-06-10T01:00:00+02:00
1293;Demanda real;;;24501.16666666667;2021-06-10T02:00:00+02:00
1293;Demanda real;;;24009.83333333333;2021-06-10T03:00:00+02:00
1293;Demanda real;;;23903.16666666667;2021-06-10T04:00:00+02:00
1293;Demanda real;;;24111.66666666667;2021-06-10T05:00:00+02:00
1293;Demanda real;;;25756.83333333333;2021-06-10T06:00:00+02:00
1293;Demanda real;;;28062.66666666667;2021-06-10T07:00:00+02:00
1293;Demanda real;;;29740;2021-06-10T08:00:00+02:00
1293;Demanda real;;;30858.83333333333;2021-06-10T09:00:00+02:00
1293;Demanda real;;;31365.16666666667;2021-06-10T10:00:00+02:00
1293;Demanda real;;;31973.66666666667;2021-06-10T11:00:00+02:00
1293;Demanda real;;;32830.66666666667;2021-06-10T12:00:00+02:00
1293;Demanda real;;;33186.33333333334;2021-06-10T13:00:00+02:00
1293;Demanda real;;;33301.83333333334;2021-06-10T14:00:00+02:00
1293;Demanda real;;;32756.83333333333;2021-06-10T15:00:00+02:00
1293;Demanda real;;;32467.16666666667;2021-06-10T16:00:00+02:00
1293;Demanda real;;;32379.16666666667;2021-06-10T17:00:00+02:00
1293;Demanda real;;;31566;2021-06-10T18:00:00+02:00
1293;Demanda real;;;31290.16666666667;2021-06-10T19:00:00+02:00
1293;Demanda real;;;30937.16666666667;2021-06-10T20:00:00+02:00
1293;Demanda real;;;30644.66666666667;2021-06-10T21:00:00+02:00
1293;Demanda real;;;30169.16666666667;2021-06-10T22:00:00+02:00
1293;Demanda real;;;28130.66666666667;2021-06-10T23:00:00+02:00
1293;Demanda real;;;27064.83333333333;2021-06-11T00:00:00+02:00
1293;Demanda real;;;25907.83333333333;2021-06-11T01:00:00+02:00
1293;Demanda real;;;24670.5;2021-06-11T02:00:00+02:00
1293;Demanda real;;;23966.16666666667;2021-06-11T03:00:00+02:00
1293;Demanda real;;;23759.66666666667;2021-06-11T04:00:00+02:00
1293;Demanda real;;;24035.33333333333;2021-06-11T05:00:00+02:00
1293;Demanda real;;;25575.16666666667;2021-06-11T06:00:00+02:00
1293;Demanda real;;;27934.33333333333;2021-06-11T07:00:00+02:00
1293;Demanda real;;;29853.33333333333;2021-06-11T08:00:00+02:00
1293;Demanda real;;;30862.16666666667;2021-06-11T09:00:00+02:00
1293;Demanda real;;;31551.5;2021-06-11T10:00:00+02:00
1293;Demanda real;;;32287.5;2021-06-11T11:00:00+02:00
1293;Demanda real;;;32982.16666666667;2021-06-11T12:00:00+02:00
1293;Demanda real;;;33252.66666666667;2021-06-11T13:00:00+02:00
1293;Demanda real;;;32933.5;2021-06-11T14:00:00+02:00
1293;Demanda real;;;32129.33333333333;2021-06-11T15:00:00+02:00
1293;Demanda real;;;31700.83333333333;2021-06-11T16:00:00+02:00
1293;Demanda real;;;31368;2021-06-11T17:00:00+02:00
1293;Demanda real;;;30755.33333333333;2021-06-11T18:00:00+02:00
1293;Demanda real;;;30315;2021-06-11T19:00:00+02:00
1293;Demanda real;;;29827.33333333333;2021-06-11T20:00:00+02:00
1293;Demanda real;;;29577.33333333333;2021-06-11T21:00:00+02:00
1293;Demanda real;;;28956.66666666667;2021-06-11T22:00:00+02:00
1293;Demanda real;;;27102.66666666667;2021-06-11T23:00:00+02:00
1293;Demanda real;;;26378.16666666667;2021-06-12T00:00:00+02:00
1293;Demanda real;;;25211.5;2021-06-12T01:00:00+02:00
1293;Demanda real;;;24076.66666666667;2021-06-12T02:00:00+02:00
1293;Demanda real;;;23331;2021-06-12T03:00:00+02:00
1293;Demanda real;;;22958.16666666667;2021-06-12T04:00:00+02:00
1293;Demanda real;;;22674.16666666667;2021-06-12T05:00:00+02:00
1293;Demanda real;;;22752.33333333333;2021-06-12T06:00:00+02:00
1293;Demanda real;;;23176.83333333333;2021-06-12T07:00:00+02:00
1293;Demanda real;;;24981.16666666667;2021-06-12T08:00:00+02:00
1293;Demanda real;;;27005;2021-06-12T09:00:00+02:00
1293;Demanda real;;;28253.16666666667;2021-06-12T10:00:00+02:00
1293;Demanda real;;;28763.5;2021-06-12T11:00:00+02:00
1293;Demanda real;;;29168.33333333333;2021-06-12T12:00:00+02:00
1293;Demanda real;;;29501.5;2021-06-12T13:00:00+02:00
1293;Demanda real;;;29002.5;2021-06-12T14:00:00+02:00
1293;Demanda real;;;27984;2021-06-12T15:00:00+02:00
1293;Demanda real;;;27402.16666666667;2021-06-12T16:00:00+02:00
1293;Demanda real;;;27180.66666666667;2021-06-12T17:00:00+02:00
1293;Demanda real;;;27034.5;2021-06-12T18:00:00+02:00
1293;Demanda real;;;27173.16666666667;2021-06-12T19:00:00+02:00
1293;Demanda real;;;27376.5;2021-06-12T20:00:00+02:00
1293;Demanda real;;;27591.33333333333;2021-06-12T21:00:00+02:00
1293;Demanda real;;;27535;2021-06-12T22:00:00+02:00
1293;Demanda real;;;25889.66666666667;2021-06-12T23:00:00+02:00
1293;Demanda real;;;24521.83333333333;2021-06-13T00:00:00+02:00
1293;Demanda real;;;23011.66666666667;2021-06-13T01:00:00+02:00
1293;Demanda real;;;21977;2021-06-13T02:00:00+02:00
1293;Demanda real;;;21419.16666666667;2021-06-13T03:00:00+02:00
1293;Demanda real;;;20956.5;2021-06-13T04:00:00+02:00
1293;Demanda real;;;20750.16666666667;2021-06-13T05:00:00+02:00
1293;Demanda real;;;20862;2021-06-13T06:00:00+02:00
1293;Demanda real;;;20650.66666666667;2021-06-13T07:00:00+02:00
1293;Demanda real;;;21745.16666666667;2021-06-13T08:00:00+02:00
1293;Demanda real;;;23357.83333333333;2021-06-13T09:00:00+02:00
1293;Demanda real;;;24809;2021-06-13T10:00:00+02:00
1293;Demanda real;;;25841;2021-06-13T11:00:00+02:00
1293;Demanda real;;;26452.5;2021-06-13T12:00:00+02:00
1293;Demanda real;;;27037.33333333333;2021-06-13T13:00:00+02:00
1293;Demanda real;;;27284;2021-06-13T14:00:00+02:00
1293;Demanda real;;;26131.66666666667;2021-06-13T15:00:00+02:00
1293;Demanda real;;;25583.16666666667;2021-06-13T16:00:00+02:00
1293;Demanda real;;;25325.33333333333;2021-06-13T17:00:00+02:00
1293;Demanda real;;;25606.66666666667;2021-06-13T18:00:00+02:00
1293;Demanda real;;;25950.5;2021-06-13T19:00:00+02:00
1293;Demanda real;;;26481.5;2021-06-13T20:00:00+02:00
1293;Demanda real;;;27420.66666666667;2021-06-13T21:00:00+02:00
1293;Demanda real;;;28105.16666666667;2021-06-13T22:00:00+02:00
1293;Demanda real;;;26609.83333333333;2021-06-13T23:00:00+02:00
1293;Demanda real;;;24815;2021-06-14T00:00:00+02:00
1293;Demanda real;;;23531.33333333333;2021-06-14T01:00:00+02:00
1293;Demanda real;;;22713.5;2021-06-14T02:00:00+02:00
1293;Demanda real;;;22253;2021-06-14T03:00:00+02:00
1293;Demanda real;;;22067.16666666667;2021-06-14T04:00:00+02:00
1293;Demanda real;;;22675.83333333333;2021-06-14T05:00:00+02:00
1293;Demanda real;;;24905.5;2021-06-14T06:00:00+02:00
1293;Demanda real;;;27512.83333333333;2021-06-14T07:00:00+02:00
1293;Demanda real;;;29523;2021-06-14T08:00:00+02:00
1293;Demanda real;;;30976.16666666667;2021-06-14T09:00:00+02:00
1293;Demanda real;;;31961.5;2021-06-14T10:00:00+02:00
1293;Demanda real;;;32822.83333333334;2021-06-14T11:00:00+02:00
1293;Demanda real;;;33666;2021-06-14T12:00:00+02:00
1293;Demanda real;;;34172.33333333334;2021-06-14T13:00:00+02:00
1293;Demanda real;;;34182.83333333334;2021-06-14T14:00:00+02:00
1293;Demanda real;;;33621.5;2021-06-14T15:00:00+02:00
1293;Demanda real;;;33414.66666666667;2021-06-14T16:00:00+02:00
1293;Demanda real;;;33257.83333333334;2021-06-14T17:00:00+02:00
1293;Demanda real;;;32308.66666666667;2021-06-14T18:00:00+02:00
1293;Demanda real;;;32060.33333333333;2021-06-14T19:00:00+02:00
1293;Demanda real;;;31973.33333333333;2021-06-14T20:00:00+02:00
1293;Demanda real;;;31575;2021-06-14T21:00:00+02:00
1293;Demanda real;;;30932.16666666667;2021-06-14T22:00:00+02:00
1293;Demanda real;;;28605.66666666667;2021-06-14T23:00:00+02:00
1293;Demanda real;;;27289.66666666667;2021-06-15T00:00:00+02:00
1293;Demanda real;;;26065.16666666667;2021-06-15T01:00:00+02:00
1293;Demanda real;;;24974;2021-06-15T02:00:00+02:00
1293;Demanda real;;;24325.83333333333;2021-06-15T03:00:00+02:00
1293;Demanda real;;;24119.5;2021-06-15T04:00:00+02:00
1293;Demanda real;;;24487.83333333333;2021-06-15T05:00:00+02:00
1293;Demanda real;;;26218.5;2021-06-15T06:00:00+02:00
1293;Demanda real;;;28723.33333333333;2021-06-15T07:00:00+02:00
1293;Demanda real;;;30693.33333333333;2021-06-15T08:00:00+02:00
1293;Demanda real;;;32141.33333333333;2021-06-15T09:00:00+02:00
1293;Demanda real;;;33008.16666666667;2021-06-15T10:00:00+02:00
1293;Demanda real;;;33501.66666666667;2021-06-15T11:00:00+02:00
1293;Demanda real;;;34107.83333333334;2021-06-15T12:00:00+02:00
1293;Demanda real;;;34600.66666666667;2021-06-15T13:00:00+02:00
1293;Demanda real;;;34320;2021-06-15T14:00:00+02:00
1293;Demanda real;;;33760.66666666667;2021-06-15T15:00:00+02:00
1293;Demanda real;;;33642.33333333334;2021-06-15T16:00:00+02:00
1293;Demanda real;;;33182.5;2021-06-15T17:00:00+02:00
1293;Demanda real;;;32633.83333333333;2021-06-15T18:00:00+02:00
1293;Demanda real;;;32211;2021-06-15T19:00:00+02:00
1293;Demanda real;;;31876.83333333333;2021-06-15T20:00:00+02:00
1293;Demanda real;;;31588;2021-06-15T21:00:00+02:00
1293;Demanda real;;;30840.83333333333;2021-06-15T22:00:00+02:00
1293;Demanda real;;;28702.33333333333;2021-06-15T23:00:00+02:00
1293;Demanda real;;;27575.33333333333;2021-06-16T00:00:00+02:00
1293;Demanda real;;;26155.5;2021-06-16T01:00:00+02:00
1293;Demanda real;;;25120.66666666667;2021-06-16T02:00:00+02:00
1293;Demanda real;;;24553;2021-06-16T03:00:00+02:00
1293;Demanda real;;;24240.83333333333;2021-06-16T04:00:00+02:00
1293;Demanda real;;;24655;2021-06-16T05:00:00+02:00
1293;Demanda real;;;26427.5;2021-06-16T06:00:00+02:00
1293;Demanda real;;;28921.83333333333;2021-06-16T07:00:00+02:00
1293;Demanda real;;;30772;2021-06-16T08:00:00+02:00
1293;Demanda real;;;32053;2021-06-16T09:00:00+02:00
1293;Demanda real;;;32727.33333333333;2021-06-16T10:00:00+02:00
1293;Demanda real;;;33235;2021-06-16T11:00:00+02:00
1293;Demanda real;;;33700.5;2021-06-16T12:00:00+02:00
1293;Demanda real;;;33981.33333333334;2021-06-16T13:00:00+02:00
1293;Demanda real;;;33836.5;2021-06-16T14:00:00+02:00
1293;Demanda real;;;33222.66666666667;2021-06-16T15:00:00+02:00
1293;Demanda real;;;32924;2021-06-16T16:00:00+02:00
1293;Demanda real;;;32739;2021-06-16T17:00:00+02:00
1293;Demanda real;;;31915.5;2021-06-16T18:00:00+02:00
1293;Demanda real;;;31515.83333333333;2021-06-16T19:00:00+02:00
1293;Demanda real;;;31224.83333333333;2021-06-16T20:00:00+02:00
1293;Demanda real;;;30746.16666666667;2021-06-16T21:00:00+02:00
1293;Demanda real;;;30199.5;2021-06-16T22:00:00+02:00
1293;Demanda real;;;27839.33333333333;2021-06-16T23:00:00+02:00
1293;Demanda real;;;27088.33333333333;2021-06-17T00:00:00+02:00
1293;Demanda real;;;25800.16666666667;2021-06-17T01:00:00+02:00
1293;Demanda real;;;24673.33333333333;2021-06-17T02:00:00+02:00
1293;Demanda real;;;24230.16666666667;2021-06-17T03:00:00+02:00
1293;Demanda real;;;23902.66666666667;2021-06-17T04:00:00+02:00
1293;Demanda real;;;24336.16666666667;2021-06-17T05:00:00+02:00
1293;Demanda real;;;25883.83333333333;2021-06-17T06:00:00+02:00
1293;Demanda real;;;28230;2021-06-17T07:00:00+02:00
1293;Demanda real;;;30143.66666666667;2021-06-17T08:00:00+02:00
1293;Demanda real;;;31355.33333333333;2021-06-17T09:00:00+02:00
1293;Demanda real;;;31818;2021-06-17T10:00:00+02:00
1293;Demanda real;;;32219.83333333333;2021-06-17T11:00:00+02:00
1293;Demanda real;;;32683.33333333333;2021-06-17T12:00:00+02:00
1293;Demanda real;;;32552;2021-06-17T13:00:00+02:00
1293;Demanda real;;;31867.5;2021-06-17T14:00:00+02:00
1293;Demanda real;;;31168.5;2021-06-17T15:00:00+02:00
1293;Demanda real;;;30539.33333333333;2021-06-17T16:00:00+02:00
1293;Demanda real;;;30456.5;2021-06-17T17:00:00+02:00
1293;Demanda real;;;30078;2021-06-17T18:00:00+02:00
1293;Demanda real;;;29837.33333333333;2021-06-17T19:00:00+02:00
1293;Demanda real;;;29962.83333333333;2021-06-17T20:00:00+02:00
1293;Demanda real;;;29863;2021-06-17T21:00:00+02:00
1293;Demanda real;;;29485.33333333333;2021-06-17T22:00:00+02:00
1293;Demanda real;;;27305.33333333333;2021-06-17T23:00:00+02:00
1293;Demanda real;;;26283.5;2021-06-18T00:00:00+02:00
1293;Demanda real;;;25025.5;2021-06-18T01:00:00+02:00
1293;Demanda real;;;24005;2021-06-18T02:00:00+02:00
1293;Demanda real;;;23587.66666666667;2021-06-18T03:00:00+02:00
1293;Demanda real;;;23248.5;2021-06-18T04:00:00+02:00
1293;Demanda real;;;23723.33333333333;2021-06-18T05:00:00+02:00
1293;Demanda real;;;25375.5;2021-06-18T06:00:00+02:00
1293;Demanda real;;;27797.5;2021-06-18T07:00:00+02:00
1293;Demanda real;;;29804.83333333333;2021-06-18T08:00:00+02:00
1293;Demanda real;;;30854.16666666667;2021-06-18T09:00:00+02:00
1293;Demanda real;;;31296.33333333333;2021-06-18T10:00:00+02:00
1293;Demanda real;;;31622;2021-06-18T11:00:00+02:00
1293;Demanda real;;;32207.16666666667;2021-06-18T12:00:00+02:00
1293;Demanda real;;;32354;2021-06-18T13:00:00+02:00
1293;Demanda real;;;31914.83333333333;2021-06-18T14:00:00+02:00
1293;Demanda real;;;30909;2021-06-18T15:00:00+02:00
1293;Demanda real;;;30384.16666666667;2021-06-18T16:00:00+02:00
1293;Demanda real;;;29995.5;2021-06-18T17:00:00+02:00
1293;Demanda real;;;29412.5;2021-06-18T18:00:00+02:00
1293;Demanda real;;;29319.83333333333;2021-06-18T19:00:00+02:00
1293;Demanda real;;;29174;2021-06-18T20:00:00+02:00
1293;Demanda real;;;28906.83333333333;2021-06-18T21:00:00+02:00
1293;Demanda real;;;28642.83333333333;2021-06-18T22:00:00+02:00
1293;Demanda real;;;26732.83333333333;2021-06-18T23:00:00+02:00
1293;Demanda real;;;26163.33333333333;2021-06-19T00:00:00+02:00
1293;Demanda real;;;24839.5;2021-06-19T01:00:00+02:00
1293;Demanda real;;;23715.33333333333;2021-06-19T02:00:00+02:00
1293;Demanda real;;;22938.16666666667;2021-06-19T03:00:00+02:00
1293;Demanda real;;;22535.16666666667;2021-06-19T04:00:00+02:00
1293;Demanda real;;;22300.16666666667;2021-06-19T05:00:00+02:00
1293;Demanda real;;;22411.33333333333;2021-06-19T06:00:00+02:00
1293;Demanda real;;;22864.5;2021-06-19T07:00:00+02:00
1293;Demanda real;;;24434.33333333333;2021-06-19T08:00:00+02:00
1293;Demanda real;;;26304.83333333333;2021-06-19T09:00:00+02:00
1293;Demanda real;;;27840.16666666667;2021-06-19T10:00:00+02:00
1293;Demanda real;;;28127.83333333333;2021-06-19T11:00:00+02:00
1293;Demanda real;;;28129.16666666667;2021-06-19T12:00:00+02:00
1293;Demanda real;;;28312.66666666667;2021-06-19T13:00:00+02:00
1293;Demanda real;;;28057;2021-06-19T14:00:00+02:00
1293;Demanda real;;;26759.66666666667;2021-06-19T15:00:00+02:00
1293;Demanda real;;;25800.33333333333;2021-06-19T16:00:00+02:00
1293;Demanda real;;;25662.66666666667;2021-06-19T17:00:00+02:00
1293;Demanda real;;;25483.5;2021-06-19T18:00:00+02:00
1293;Demanda real;;;25736.5;2021-06-19T19:00:00+02:00
1293;Demanda real;;;26246;2021-06-19T20:00:00+02:00
1293;Demanda real;;;26701;2021-06-19T21:00:00+02:00
1293;Demanda real;;;26697.5;2021-06-19T22:00:00+02:00
1293;Demanda real;;;25224.83333333333;2021-06-19T23:00:00+02:00
1293;Demanda real;;;23763.16666666667;2021-06-20T00:00:00+02:00
1293;Demanda real;;;22376.66666666667;2021-06-20T01:00:00+02:00
1293;Demanda real;;;21287.5;2021-06-20T02:00:00+02:00
1293;Demanda real;;;20738;2021-06-20T03:00:00+02:00
1293;Demanda real;;;20273.16666666667;2021-06-20T04:00:00+02:00
1293;Demanda real;;;20097.66666666667;2021-06-20T05:00:00+02:00
1293;Demanda real;;;20094.66666666667;2021-06-20T06:00:00+02:00
1293;Demanda real;;;19921.5;2021-06-20T07:00:00+02:00
1293;Demanda real;;;20975.33333333333;2021-06-20T08:00:00+02:00
1293;Demanda real;;;22615.5;2021-06-20T09:00:00+02:00
1293;Demanda real;;;24110.5;2021-06-20T10:00:00+02:00
1293;Demanda real;;;24791;2021-06-20T11:00:00+02:00
1293;Demanda real;;;25170.66666666667;2021-06-20T12:00:00+02:00
1293;Demanda real;;;25702.33333333333;2021-06-20T13:00:00+02:00
1293;Demanda real;;;25663.66666666667;2021-06-20T14:00:00+02:00
1293;Demanda real;;;24323.66666666667;2021-06-20T15:00:00+02:00
1293;Demanda real;;;23317.83333333333;2021-06-20T16:00:00+02:00
1293;Demanda real;;;23336.33333333333;2021-06-20T17:00:00+02:00
1293;Demanda real;;;23845.5;2021-06-20T18:00:00+02:00
1293;Demanda real;;;24372.16666666667;2021-06-20T19:00:00+02:00
1293;Demanda real;;;24882.5;2021-06-20T20:00:00+02:00
1293;Demanda real;;;26049.66666666667;2021-06-20T21:00:00+02:00
1293;Demanda real;;;26897.83333333333;2021-06-20T22:00:00+02:00
1293;Demanda real;;;25262.33333333333;2021-06-20T23:00:00+02:00
1293;Demanda real;;;23822.5;2021-06-21T00:00:00+02:00
1293;Demanda real;;;22510.33333333333;2021-06-21T01:00:00+02:00
1293;Demanda real;;;21618.83333333333;2021-06-21T02:00:00+02:00
1293;Demanda real;;;21278.83333333333;2021-06-21T03:00:00+02:00
1293;Demanda real;;;21227.33333333333;2021-06-21T04:00:00+02:00
1293;Demanda real;;;21814;2021-06-21T05:00:00+02:00
1293;Demanda real;;;23899.83333333333;2021-06-21T06:00:00+02:00
1293;Demanda real;;;26380.66666666667;2021-06-21T07:00:00+02:00
1293;Demanda real;;;28480.5;2021-06-21T08:00:00+02:00
1293;Demanda real;;;29527.16666666667;2021-06-21T09:00:00+02:00
1293;Demanda real;;;30105;2021-06-21T10:00:00+02:00
1293;Demanda real;;;30592.5;2021-06-21T11:00:00+02:00
1293;Demanda real;;;31206.5;2021-06-21T12:00:00+02:00
1293;Demanda real;;;31472.5;2021-06-21T13:00:00+02:00
1293;Demanda real;;;31346.66666666667;2021-06-21T14:00:00+02:00
1293;Demanda real;;;30400.16666666667;2021-06-21T15:00:00+02:00
1293;Demanda real;;;30271.66666666667;2021-06-21T16:00:00+02:00
1293;Demanda real;;;30331.33333333333;2021-06-21T17:00:00+02:00
1293;Demanda real;;;29912.5;2021-06-21T18:00:00+02:00
1293;Demanda real;;;29513.66666666667;2021-06-21T19:00:00+02:00
1293;Demanda real;;;29383.33333333333;2021-06-21T20:00:00+02:00
1293;Demanda real;;;29237;2021-06-21T21:00:00+02:00
1293;Demanda real;;;28806.66666666667;2021-06-21T22:00:00+02:00
1293;Demanda real;;;26860.5;2021-06-21T23:00:00+02:00
1293;Demanda real;;;25812.33333333333;2021-06-22T00:00:00+02:00
1293;Demanda real;;;24662.33333333333;2021-06-22T01:00:00+02:00
1293;Demanda real;;;23726;2021-06-22T02:00:00+02:00
1293;Demanda real;;;23028.5;2021-06-22T03:00:00+02:00
1293;Demanda real;;;22936.33333333333;2021-06-22T04:00:00+02:00
1293;Demanda real;;;23063.16666666667;2021-06-22T05:00:00+02:00
1293;Demanda real;;;24967.5;2021-06-22T06:00:00+02:00
1293;Demanda real;;;27313.83333333333;2021-06-22T07:00:00+02:00
1293;Demanda real;;;29169.83333333333;2021-06-22T08:00:00+02:00
1293;Demanda real;;;30230.66666666667;2021-06-22T09:00:00+02:00
1293;Demanda real;;;30714;2021-06-22T10:00:00+02:00
1293;Demanda real;;;31204.66666666667;2021-06-22T11:00:00+02:00
1293;Demanda real;;;31727.66666666667;2021-06-22T12:00:00+02:00
1293;Demanda real;;;31711.33333333333;2021-06-22T13:00:00+02:00
1293;Demanda real;;;31376.5;2021-06-22T14:00:00+02:00
1293;Demanda real;;;30368.16666666667;2021-06-22T15:00:00+02:00
1293;Demanda real;;;30140.5;2021-06-22T16:00:00+02:00
1293;Demanda real;;;30000.66666666667;2021-06-22T17:00:00+02:00
1293;Demanda real;;;29505.33333333333;2021-06-22T18:00:00+02:00
1293;Demanda real;;;29192.66666666667;2021-06-22T19:00:00+02:00
1293;Demanda real;;;29352.5;2021-06-22T20:00:00+02:00
1293;Demanda real;;;29359.5;2021-06-22T21:00:00+02:00
1293;Demanda real;;;29039.66666666667;2021-06-22T22:00:00+02:00
1293;Demanda real;;;26953.83333333333;2021-06-22T23:00:00+02:00
1293;Demanda real;;;26016.66666666667;2021-06-23T00:00:00+02:00
1293;Demanda real;;;24922.66666666667;2021-06-23T01:00:00+02:00
1293;Demanda real;;;23838.83333333333;2021-06-23T02:00:00+02:00
1293;Demanda real;;;23422.66666666667;2021-06-23T03:00:00+02:00
1293;Demanda real;;;23170.33333333333;2021-06-23T04:00:00+02:00
1293;Demanda real;;;23479.16666666667;2021-06-23T05:00:00+02:00
1293;Demanda real;;;25163.5;2021-06-23T06:00:00+02:00
1293;Demanda real;;;27211.83333333333;2021-06-23T07:00:00+02:00
1293;Demanda real;;;28649.16666666667;2021-06-23T08:00:00+02:00
1293;Demanda real;;;29621.83333333333;2021-06-23T09:00:00+02:00
1293;Demanda real;;;30333;2021-06-23T10:00:00+02:00
1293;Demanda real;;;30581.66666666667;2021-06-23T11:00:00+02:00
1293;Demanda real;;;31035;2021-06-23T12:00:00+02:00
1293;Demanda real;;;31379.66666666667;2021-06-23T13:00:00+02:00
1293;Demanda real;;;30819.66666666667;2021-06-23T14:00:00+02:00
1293;Demanda real;;;29770.33333333333;2021-06-23T15:00:00+02:00
1293;Demanda real;;;29176.66666666667;2021-06-23T16:00:00+02:00
1293;Demanda real;;;29081.33333333333;2021-06-23T17:00:00+02:00
1293;Demanda real;;;28724.16666666667;2021-06-23T18:00:00+02:00
1293;Demanda real;;;28368.66666666667;2021-06-23T19:00:00+02:00
1293;Demanda real;;;28086.33333333333;2021-06-23T20:00:00+02:00
1293;Demanda real;;;27966.33333333333;2021-06-23T21:00:00+02:00
1293;Demanda real;;;27565.16666666667;2021-06-23T22:00:00+02:00
1293;Demanda real;;;25792.16666666667;2021-06-23T23:00:00+02:00
1293;Demanda real;;;25213.83333333333;2021-06-24T00:00:00+02:00
1293;Demanda real;;;24178.66666666667;2021-06-24T01:00:00+02:00
1293;Demanda real;;;23131.5;2021-06-24T02:00:00+02:00
1293;Demanda real;;;22535.5;2021-06-24T03:00:00+02:00
1293;Demanda real;;;22211.83333333333;2021-06-24T04:00:00+02:00
1293;Demanda real;;;22343.83333333333;2021-06-24T05:00:00+02:00
1293;Demanda real;;;23401.33333333333;2021-06-24T06:00:00+02:00
1293;Demanda real;;;24844.33333333333;2021-06-24T07:00:00+02:00
1293;Demanda real;;;26081.16666666667;2021-06-24T08:00:00+02:00
1293;Demanda real;;;27174.16666666667;2021-06-24T09:00:00+02:00
1293;Demanda real;;;28015.33333333333;2021-06-24T10:00:00+02:00
1293;Demanda real;;;28467.66666666667;2021-06-24T11:00:00+02:00
1293;Demanda real;;;28812.33333333333;2021-06-24T12:00:00+02:00
1293;Demanda real;;;29399.33333333333;2021-06-24T13:00:00+02:00
1293;Demanda real;;;29367;2021-06-24T14:00:00+02:00
1293;Demanda real;;;28473;2021-06-24T15:00:00+02:00
1293;Demanda real;;;28048.33333333333;2021-06-24T16:00:00+02:00
1293;Demanda real;;;27817.5;2021-06-24T17:00:00+02:00
1293;Demanda real;;;27575.5;2021-06-24T18:00:00+02:00
1293;Demanda real;;;27686.33333333333;2021-06-24T19:00:00+02:00
1293;Demanda real;;;27500;2021-06-24T20:00:00+02:00
1293;Demanda real;;;27713.83333333333;2021-06-24T21:00:00+02:00
1293;Demanda real;;;27969;2021-06-24T22:00:00+02:00
1293;Demanda real;;;26434;2021-06-24T23:00:00+02:00
1293;Demanda real;;;25566.83333333333;2021-06-25T00:00:00+02:00
1293;Demanda real;;;24157.66666666667;2021-06-25T01:00:00+02:00
1293;Demanda real;;;23158.5;2021-06-25T02:00:00+02:00
1293;Demanda real;;;22658.33333333333;2021-06-25T03:00:00+02:00
1293;Demanda real;;;22553.5;2021-06-25T04:00:00+02:00
1293;Demanda real;;;22714.16666666667;2021-06-25T05:00:00+02:00
1293;Demanda real;;;24255.83333333333;2021-06-25T06:00:00+02:00
1293;Demanda real;;;25966;2021-06-25T07:00:00+02:00
1293;Demanda real;;;27661.16666666667;2021-06-25T08:00:00+02:00
1293;Demanda real;;;28915.5;2021-06-25T09:00:00+02:00
1293;Demanda real;;;29586.16666666667;2021-06-25T10:00:00+02:00
1293;Demanda real;;;30075.66666666667;2021-06-25T11:00:00+02:00
1293;Demanda real;;;30677;2021-06-25T12:00:00+02:00
1293;Demanda real;;;31064.33333333333;2021-06-25T13:00:00+02:00
1293;Demanda real;;;31098;2021-06-25T14:00:00+02:00
1293;Demanda real;;;30074.66666666667;2021-06-25T15:00:00+02:00
1293;Demanda real;;;29606.83333333333;2021-06-25T16:00:00+02:00
1293;Demanda real;;;29458.66666666667;2021-06-25T17:00:00+02:00
1293;Demanda real;;;29107.66666666667;2021-06-25T18:00:00+02:00
1293;Demanda real;;;29095.33333333333;2021-06-25T19:00:00+02:00
1293;Demanda real;;;28952;2021-06-25T20:00:00+02:00
1293;Demanda real;;;28546.16666666667;2021-06-25T21:00:00+02:00
1293;Demanda real;;;28389.5;2021-06-25T22:00:00+02:00
1293;Demanda real;;;26686.83333333333;2021-06-25T23:00:00+02:00
1293;Demanda real;;;25828.83333333333;2021-06-26T00:00:00+02:00
1293;Demanda real;;;24571.5;2021-06-26T01:00:00+02:00
1293;Demanda real;;;23383.83333333333;2021-06-26T02:00:00+02:00
1293;Demanda real;;;22533.83333333333;2021-06-26T03:00:00+02:00
1293;Demanda real;;;22095.83333333333;2021-06-26T04:00:00+02:00
1293;Demanda real;;;22036.83333333333;2021-06-26T05:00:00+02:00
1293;Demanda real;;;22109.83333333333;2021-06-26T06:00:00+02:00
1293;Demanda real;;;22360.83333333333;2021-06-26T07:00:00+02:00
1293;Demanda real;;;23933.16666666667;2021-06-26T08:00:00+02:00
1293;Demanda real;;;25889.83333333333;2021-06-26T09:00:00+02:00
1293;Demanda real;;;27266.66666666667;2021-06-26T10:00:00+02:00
1293;Demanda real;;;27961.5;2021-06-26T11:00:00+02:00
1293;Demanda real;;;28400.33333333333;2021-06-26T12:00:00+02:00
1293;Demanda real;;;28723.33333333333;2021-06-26T13:00:00+02:00
1293;Demanda real;;;28557.16666666667;2021-06-26T14:00:00+02:00
1293;Demanda real;;;27376;2021-06-26T15:00:00+02:00
1293;Demanda real;;;26764.5;2021-06-26T16:00:00+02:00
1293;Demanda real;;;26470.5;2021-06-26T17:00:00+02:00
1293;Demanda real;;;26497.5;2021-06-26T18:00:00+02:00
1293;Demanda real;;;26531.16666666667;2021-06-26T19:00:00+02:00
1293;Demanda real;;;26690.83333333333;2021-06-26T20:00:00+02:00
1293;Demanda real;;;27156.83333333333;2021-06-26T21:00:00+02:00
1293;Demanda real;;;27276.5;2021-06-26T22:00:00+02:00
1293;Demanda real;;;25717.66666666667;2021-06-26T23:00:00+02:00
1293;Demanda real;;;24325.83333333333;2021-06-27T00:00:00+02:00
1293;Demanda real;;;22950;2021-06-27T01:00:00+02:00
1293;Demanda real;;;21736.5;2021-06-27T02:00:00+02:00
1293;Demanda real;;;21126.83333333333;2021-06-27T03:00:00+02:00
1293;Demanda real;;;20641.33333333333;2021-06-27T04:00:00+02:00
1293;Demanda real;;;20342;2021-06-27T05:00:00+02:00
1293;Demanda real;;;20302.33333333333;2021-06-27T06:00:00+02:00
1293;Demanda real;;;20249.83333333333;2021-06-27T07:00:00+02:00
1293;Demanda real;;;21268.66666666667;2021-06-27T08:00:00+02:00
1293;Demanda real;;;22784.33333333333;2021-06-27T09:00:00+02:00
1293;Demanda real;;;24282;2021-06-27T10:00:00+02:00
1293;Demanda real;;;25259.5;2021-06-27T11:00:00+02:00
1293;Demanda real;;;25713.33333333333;2021-06-27T12:00:00+02:00
1293;Demanda real;;;26167;2021-06-27T13:00:00+02:00
1293;Demanda real;;;26339;2021-06-27T14:00:00+02:00
1293;Demanda real;;;25373.33333333333;2021-06-27T15:00:00+02:00
1293;Demanda real;;;24774;2021-06-27T16:00:00+02:00
1293;Demanda real;;;24422.16666666667;2021-06-27T17:00:00+02:00
1293;Demanda real;;;24710;2021-06-27T18:00:00+02:00
1293;Demanda real;;;24975.66666666667;2021-06-27T19:00:00+02:00
1293;Demanda real;;;25461.5;2021-06-27T20:00:00+02:00
1293;Demanda real;;;26498;2021-06-27T21:00:00+02:00
1293;Demanda real;;;27273.66666666667;2021-06-27T22:00:00+02:00
1293;Demanda real;;;25802.83333333333;2021-06-27T23:00:00+02:00
1293;Demanda real;;;24229.66666666667;2021-06-28T00:00:00+02:00
1293;Demanda real;;;22952.83333333333;2021-06-28T01:00:00+02:00
1293;Demanda real;;;21862;2021-06-28T02:00:00+02:00
1293;Demanda real;;;21335.33333333333;2021-06-28T03:00:00+02:00
1293;Demanda real;;;21389.5;2021-06-28T04:00:00+02:00
1293;Demanda real;;;21825;2021-06-28T05:00:00+02:00
1293;Demanda real;;;23802.5;2021-06-28T06:00:00+02:00
1293;Demanda real;;;25943.33333333333;2021-06-28T07:00:00+02:00
1293;Demanda real;;;28011.5;2021-06-28T08:00:00+02:00
1293;Demanda real;;;29626.5;2021-06-28T09:00:00+02:00
1293;Demanda real;;;30450.83333333333;2021-06-28T10:00:00+02:00
1293;Demanda real;;;31094;2021-06-28T11:00:00+02:00
1293;Demanda real;;;31545;2021-06-28T12:00:00+02:00
1293;Demanda real;;;32152.33333333333;2021-06-28T13:00:00+02:00
1293;Demanda real;;;32134.66666666667;2021-06-28T14:00:00+02:00
1293;Demanda real;;;31264;2021-06-28T15:00:00+02:00
1293;Demanda real;;;31172.5;2021-06-28T16:00:00+02:00
1293;Demanda real;;;31127.16666666667;2021-06-28T17:00:00+02:00
1293;Demanda real;;;30703.33333333333;2021-06-28T18:00:00+02:00
1293;Demanda real;;;30110.5;2021-06-28T19:00:00+02:00
1293;Demanda real;;;29911.16666666667;2021-06-28T20:00:00+02:00
1293;Demanda real;;;29688.16666666667;2021-06-28T21:00:00+02:00
1293;Demanda real;;;29385.16666666667;2021-06-28T22:00:00+02:00
1293;Demanda real;;;27548.66666666667;2021-06-28T23:00:00+02:00
1293;Demanda real;;;26622;2021-06-29T00:00:00+02:00
1293;Demanda real;;;25242.83333333333;2021-06-29T01:00:00+02:00
1293;Demanda real;;;24328;2021-06-29T02:00:00+02:00
1293;Demanda real;;;23672.33333333333;2021-06-29T03:00:00+02:00
1293;Demanda real;;;23511;2021-06-29T04:00:00+02:00
1293;Demanda real;;;23796;2021-06-29T05:00:00+02:00
1293;Demanda real;;;25419.5;2021-06-29T06:00:00+02:00
1293;Demanda real;;;27258.5;2021-06-29T07:00:00+02:00
1293;Demanda real;;;29099.16666666667;2021-06-29T08:00:00+02:00
1293;Demanda real;;;30428.5;2021-06-29T09:00:00+02:00
1293;Demanda real;;;31371.5;2021-06-29T10:00:00+02:00
1293;Demanda real;;;32001;2021-06-29T11:00:00+02:00
1293;Demanda real;;;32393.33333333333;2021-06-29T12:00:00+02:00
1293;Demanda real;;;32566.33333333333;2021-06-29T13:00:00+02:00
1293;Demanda real;;;32305.83333333333;2021-06-29T14:00:00+02:00
1293;Demanda real;;;31551.83333333333;2021-06-29T15:00:00+02:00
1293;Demanda real;;;31205.66666666667;2021-06-29T16:00:00+02:00
1293;Demanda real;;;31158.66666666667;2021-06-29T17:00:00+02:00
1293;Demanda real;;;30774.16666666667;2021-06-29T18:00:00+02:00
1293;Demanda real;;;30592;2021-06-29T19:00:00+02:00
1293;Demanda real;;;30351.66666666667;2021-06-29T20:00:00+02:00
1293;Demanda real;;;30034;2021-06-29T21:00:00+02:00
1293;Demanda real;;;29821.16666666667;2021-06-29T22:00:00+02:00
1293;Demanda real;;;27874.66666666667;2021-06-29T23:00:00+02:00
1293;Demanda real;;;27090.83333333333;2021-06-30T00:00:00+02:00
1293;Demanda real;;;25829.66666666667;2021-06-30T01:00:00+02:00
1293;Demanda real;;;24563.16666666667;2021-06-30T02:00:00+02:00
1293;Demanda real;;;24175.5;2021-06-30T03:00:00+02:00
1293;Demanda real;;;23963.5;2021-06-30T04:00:00+02:00
1293;Demanda real;;;24245.5;2021-06-30T05:00:00+02:00
1293;Demanda real;;;25909.33333333333;2021-06-30T06:00:00+02:00
1293;Demanda real;;;28159.66666666667;2021-06-30T07:00:00+02:00
1293;Demanda real;;;29653.83333333333;2021-06-30T08:00:00+02:00
1293;Demanda real;;;31118.83333333333;2021-06-30T09:00:00+02:00
1293;Demanda real;;;31998.5;2021-06-30T10:00:00+02:00
1293;Demanda real;;;32561.5;2021-06-30T11:00:00+02:00
1293;Demanda real;;;33207.5;2021-06-30T12:00:00+02:00
1293;Demanda real;;;33504.16666666667;2021-06-30T13:00:00+02:00
1293;Demanda real;;;33381.66666666667;2021-06-30T14:00:00+02:00
1293;Demanda real;;;32605.16666666667;2021-06-30T15:00:00+02:00
1293;Demanda real;;;32309.66666666667;2021-06-30T16:00:00+02:00
1293;Demanda real;;;32290.83333333333;2021-06-30T17:00:00+02:00
1293;Demanda real;;;31803;2021-06-30T18:00:00+02:00
1293;Demanda real;;;31382.66666666667;2021-06-30T19:00:00+02:00
1293;Demanda real;;;30794.83333333333;2021-06-30T20:00:00+02:00
1293;Demanda real;;;30574;2021-06-30T21:00:00+02:00
1293;Demanda real;;;30361;2021-06-30T22:00:00+02:00
1293;Demanda real;;;28366.16666666667;2021-06-30T23:00:00+02:00
1293;Demanda real;;;27554.16666666667;2021-07-01T00:00:00+02:00
1293;Demanda real;;;26141.83333333333;2021-07-01T01:00:00+02:00
1293;Demanda real;;;24937.66666666667;2021-07-01T02:00:00+02:00
1293;Demanda real;;;24375.5;2021-07-01T03:00:00+02:00
1293;Demanda real;;;24253.66666666667;2021-07-01T04:00:00+02:00
1293;Demanda real;;;24380.83333333333;2021-07-01T05:00:00+02:00
1293;Demanda real;;;26036.5;2021-07-01T06:00:00+02:00
1293;Demanda real;;;27830.16666666667;2021-07-01T07:00:00+02:00
1293;Demanda real;;;29341.16666666667;2021-07-01T08:00:00+02:00
1293;Demanda real;;;30594;2021-07-01T09:00:00+02:00
1293;Demanda real;;;31492.5;2021-07-01T10:00:00+02:00
1293;Demanda real;;;32296.16666666667;2021-07-01T11:00:00+02:00
1293;Demanda real;;;33069.5;2021-07-01T12:00:00+02:00
1293;Demanda real;;;33599;2021-07-01T13:00:00+02:00
1293;Demanda real;;;33734.66666666667;2021-07-01T14:00:00+02:00
1293;Demanda real;;;33003.33333333334;2021-07-01T15:00:00+02:00
1293;Demanda real;;;32638.66666666667;2021-07-01T16:00:00+02:00
1293;Demanda real;;;32535.16666666667;2021-07-01T17:00:00+02:00
1293;Demanda real;;;31829.83333333333;2021-07-01T18:00:00+02:00
1293;Demanda real;;;31290.5;2021-07-01T19:00:00+02:00
1293;Demanda real;;;30870.83333333333;2021-07-01T20:00:00+02:00
1293;Demanda real;;;30501.16666666667;2021-07-01T21:00:00+02:00
1293;Demanda real;;;30218.5;2021-07-01T22:00:00+02:00
1293;Demanda real;;;28531.5;2021-07-01T23:00:00+02:00
1293;Demanda real;;;27838.83333333333;2021-07-02T00:00:00+02:00
1293;Demanda real;;;26473.66666666667;2021-07-02T01:00:00+02:00
1293;Demanda real;;;25168.83333333333;2021-07-02T02:00:00+02:00
1293;Demanda real;;;24516.66666666667;2021-07-02T03:00:00+02:00
1293;Demanda real;;;24393.5;2021-07-02T04:00:00+02:00
1293;Demanda real;;;24633.66666666667;2021-07-02T05:00:00+02:00
1293;Demanda real;;;26138.5;2021-07-02T06:00:00+02:00
1293;Demanda real;;;28151.5;2021-07-02T07:00:00+02:00
1293;Demanda real;;;29559.66666666667;2021-07-02T08:00:00+02:00
1293;Demanda real;;;30805.5;2021-07-02T09:00:00+02:00
1293;Demanda real;;;31983.33333333333;2021-07-02T10:00:00+02:00
1293;Demanda real;;;32664.5;2021-07-02T11:00:00+02:00
1293;Demanda real;;;33508;2021-07-02T12:00:00+02:00
1293;Demanda real;;;34091.83333333334;2021-07-02T13:00:00+02:00
1293;Demanda real;;;33950.83333333334;2021-07-02T14:00:00+02:00
1293;Demanda real;;;33041.83333333334;2021-07-02T15:00:00+02:00
1293;Demanda real;;;32662;2021-07-02T16:00:00+02:00
1293;Demanda real;;;32491;2021-07-02T17:00:00+02:00
1293;Demanda real;;;32095;2021-07-02T18:00:00+02:00
1293;Demanda real;;;31646.33333333333;2021-07-02T19:00:00+02:00
1293;Demanda real;;;30968.16666666667;2021-07-02T20:00:00+02:00
1293;Demanda real;;;30202.5;2021-07-02T21:00:00+02:00
1293;Demanda real;;;29801.66666666667;2021-07-02T22:00:00+02:00
1293;Demanda real;;;27818.83333333333;2021-07-02T23:00:00+02:00
1293;Demanda real;;;27426.5;2021-07-03T00:00:00+02:00
1293;Demanda real;;;26063.83333333333;2021-07-03T01:00:00+02:00
1293;Demanda real;;;24650.16666666667;2021-07-03T02:00:00+02:00
1293;Demanda real;;;23906.66666666667;2021-07-03T03:00:00+02:00
1293;Demanda real;;;23350.83333333333;2021-07-03T04:00:00+02:00
1293;Demanda real;;;23117;2021-07-03T05:00:00+02:00
1293;Demanda real;;;23308;2021-07-03T06:00:00+02:00
1293;Demanda real;;;23553;2021-07-03T07:00:00+02:00
1293;Demanda real;;;24943.83333333333;2021-07-03T08:00:00+02:00
1293;Demanda real;;;27071.33333333333;2021-07-03T09:00:00+02:00
1293;Demanda real;;;28678.66666666667;2021-07-03T10:00:00+02:00
1293;Demanda real;;;29574.16666666667;2021-07-03T11:00:00+02:00
1293;Demanda real;;;29928.33333333333;2021-07-03T12:00:00+02:00
1293;Demanda real;;;30448.33333333333;2021-07-03T13:00:00+02:00
1293;Demanda real;;;30476;2021-07-03T14:00:00+02:00
1293;Demanda real;;;29430.16666666667;2021-07-03T15:00:00+02:00
1293;Demanda real;;;28771.83333333333;2021-07-03T16:00:00+02:00
1293;Demanda real;;;28496.5;2021-07-03T17:00:00+02:00
1293;Demanda real;;;28611.33333333333;2021-07-03T18:00:00+02:00
1293;Demanda real;;;28727.33333333333;2021-07-03T19:00:00+02:00
1293;Demanda real;;;28572.83333333333;2021-07-03T20:00:00+02:00
1293;Demanda real;;;28690.83333333333;2021-07-03T21:00:00+02:00
1293;Demanda real;;;28769.5;2021-07-03T22:00:00+02:00
1293;Demanda real;;;27106.83333333333;2021-07-03T23:00:00+02:00
1293;Demanda real;;;25653.66666666667;2021-07-04T00:00:00+02:00
1293;Demanda real;;;24230.66666666667;2021-07-04T01:00:00+02:00
1293;Demanda real;;;22979.16666666667;2021-07-04T02:00:00+02:00
1293;Demanda real;;;22309.66666666667;2021-07-04T03:00:00+02:00
1293;Demanda real;;;21912.66666666667;2021-07-04T04:00:00+02:00
1293;Demanda real;;;21688.5;2021-07-04T05:00:00+02:00
1293;Demanda real;;;21615.66666666667;2021-07-04T06:00:00+02:00
1293;Demanda real;;;21364.33333333333;2021-07-04T07:00:00+02:00
1293;Demanda real;;;22449;2021-07-04T08:00:00+02:00
1293;Demanda real;;;23913;2021-07-04T09:00:00+02:00
1293;Demanda real;;;25619.33333333333;2021-07-04T10:00:00+02:00
1293;Demanda real;;;26589.33333333333;2021-07-04T11:00:00+02:00
1293;Demanda real;;;27397.5;2021-07-04T12:00:00+02:00
1293;Demanda real;;;28061.16666666667;2021-07-04T13:00:00+02:00
1293;Demanda real;;;28499.16666666667;2021-07-04T14:00:00+02:00
1293;Demanda real;;;27700.33333333333;2021-07-04T15:00:00+02:00
1293;Demanda real;;;27068;2021-07-04T16:00:00+02:00
1293;Demanda real;;;26829.16666666667;2021-07-04T17:00:00+02:00
1293;Demanda real;;;26968.5;2021-07-04T18:00:00+02:00
1293;Demanda real;;;27444.16666666667;2021-07-04T19:00:00+02:00
1293;Demanda real;;;27750.66666666667;2021-07-04T20:00:00+02:00
1293;Demanda real;;;28306.33333333333;2021-07-04T21:00:00+02:00
1293;Demanda real;;;29402.66666666667;2021-07-04T22:00:00+02:00
1293;Demanda real;;;27968;2021-07-04T23:00:00+02:00
1293;Demanda real;;;26309.33333333333;2021-07-05T00:00:00+02:00
1293;Demanda real;;;24603.33333333333;2021-07-05T01:00:00+02:00
1293;Demanda real;;;23525.66666666667;2021-07-05T02:00:00+02:00
1293;Demanda real;;;23028.16666666667;2021-07-05T03:00:00+02:00
1293;Demanda real;;;22845.16666666667;2021-07-05T04:00:00+02:00
1293;Demanda real;;;23380.16666666667;2021-07-05T05:00:00+02:00
1293;Demanda real;;;25374.66666666667;2021-07-05T06:00:00+02:00
1293;Demanda real;;;27676.16666666667;2021-07-05T07:00:00+02:00
1293;Demanda real;;;29645.5;2021-07-05T08:00:00+02:00
1293;Demanda real;;;31182.5;2021-07-05T09:00:00+02:00
1293;Demanda real;;;32439.33333333333;2021-07-05T10:00:00+02:00
1293;Demanda real;;;33551.33333333334;2021-07-05T11:00:00+02:00
1293;Demanda real;;;34299.83333333334;2021-07-05T12:00:00+02:00
1293;Demanda real;;;35146.83333333334;2021-07-05T13:00:00+02:00
1293;Demanda real;;;35365.33333333334;2021-07-05T14:00:00+02:00
1293;Demanda real;;;34777;2021-07-05T15:00:00+02:00
1293;Demanda real;;;34503.33333333334;2021-07-05T16:00:00+02:00
1293;Demanda real;;;34415;2021-07-05T17:00:00+02:00
1293;Demanda real;;;33553.83333333334;2021-07-05T18:00:00+02:00
1293;Demanda real;;;32894.83333333334;2021-07-05T19:00:00+02:00
1293;Demanda real;;;32280.66666666667;2021-07-05T20:00:00+02:00
1293;Demanda real;;;31761.66666666667;2021-07-05T21:00:00+02:00
1293;Demanda real;;;31384.66666666667;2021-07-05T22:00:00+02:00
1293;Demanda real;;;29232.33333333333;2021-07-05T23:00:00+02:00
1293;Demanda real;;;28381.66666666667;2021-07-06T00:00:00+02:00
1293;Demanda real;;;26945.33333333333;2021-07-06T01:00:00+02:00
1293;Demanda real;;;25701;2021-07-06T02:00:00+02:00
1293;Demanda real;;;25215;2021-07-06T03:00:00+02:00
1293;Demanda real;;;24823.66666666667;2021-07-06T04:00:00+02:00
1293;Demanda real;;;25054.66666666667;2021-07-06T05:00:00+02:00
1293;Demanda real;;;26591;2021-07-06T06:00:00+02:00
1293;Demanda real;;;28508.16666666667;2021-07-06T07:00:00+02:00
1293;Demanda real;;;30065.5;2021-07-06T08:00:00+02:00
1293;Demanda real;;;31640.66666666667;2021-07-06T09:00:00+02:00
1293;Demanda real;;;32739.66666666667;2021-07-06T10:00:00+02:00
1293;Demanda real;;;33471.16666666667;2021-07-06T11:00:00+02:00
1293;Demanda real;;;34268.5;2021-07-06T12:00:00+02:00
1293;Demanda real;;;34940;2021-07-06T13:00:00+02:00
1293;Demanda real;;;34855;2021-07-06T14:00:00+02:00
1293;Demanda real;;;34135.66666666667;2021-07-06T15:00:00+02:00
1293;Demanda real;;;33604;2021-07-06T16:00:00+02:00
1293;Demanda real;;;33308.16666666667;2021-07-06T17:00:00+02:00
1293;Demanda real;;;32314.16666666667;2021-07-06T18:00:00+02:00
1293;Demanda real;;;31818.83333333333;2021-07-06T19:00:00+02:00
1293;Demanda real;;;31742.33333333333;2021-07-06T20:00:00+02:00
1293;Demanda real;;;31090;2021-07-06T21:00:00+02:00
1293;Demanda real;;;30288.16666666667;2021-07-06T22:00:00+02:00
1293;Demanda real;;;28819.83333333333;2021-07-06T23:00:00+02:00
1293;Demanda real;;;28249.66666666667;2021-07-07T00:00:00+02:00
1293;Demanda real;;;26632;2021-07-07T01:00:00+02:00
1293;Demanda real;;;25351.83333333333;2021-07-07T02:00:00+02:00
1293;Demanda real;;;24624.5;2021-07-07T03:00:00+02:00
1293;Demanda real;;;24326.83333333333;2021-07-07T04:00:00+02:00
1293;Demanda real;;;24702.5;2021-07-07T05:00:00+02:00
1293;Demanda real;;;26184.83333333333;2021-07-07T06:00:00+02:00
1293;Demanda real;;;28178.5;2021-07-07T07:00:00+02:00
1293;Demanda real;;;29604.5;2021-07-07T08:00:00+02:00
1293;Demanda real;;;30909.33333333333;2021-07-07T09:00:00+02:00
1293;Demanda real;;;31777.33333333333;2021-07-07T10:00:00+02:00
1293;Demanda real;;;32270.16666666667;2021-07-07T11:00:00+02:00
1293;Demanda real;;;32745.5;2021-07-07T12:00:00+02:00
1293;Demanda real;;;32990.16666666667;2021-07-07T13:00:00+02:00
1293;Demanda real;;;33068;2021-07-07T14:00:00+02:00
1293;Demanda real;;;32406.5;2021-07-07T15:00:00+02:00
1293;Demanda real;;;31654.5;2021-07-07T16:00:00+02:00
1293;Demanda real;;;31386.83333333333;2021-07-07T17:00:00+02:00
1293;Demanda real;;;30373.5;2021-07-07T18:00:00+02:00
1293;Demanda real;;;30200.83333333333;2021-07-07T19:00:00+02:00
1293;Demanda real;;;30278.16666666667;2021-07-07T20:00:00+02:00
1293;Demanda real;;;30155.66666666667;2021-07-07T21:00:00+02:00
1293;Demanda real;;;30136.5;2021-07-07T22:00:00+02:00
1293;Demanda real;;;28296;2021-07-07T23:00:00+02:00
1293;Demanda real;;;27450.5;2021-07-08T00:00:00+02:00
1293;Demanda real;;;26202;2021-07-08T01:00:00+02:00
1293;Demanda real;;;24906.5;2021-07-08T02:00:00+02:00
1293;Demanda real;;;24268;2021-07-08T03:00:00+02:00
1293;Demanda real;;;24110.5;2021-07-08T04:00:00+02:00
1293;Demanda real;;;24202.66666666667;2021-07-08T05:00:00+02:00
1293;Demanda real;;;25741.33333333333;2021-07-08T06:00:00+02:00
1293;Demanda real;;;27568.33333333333;2021-07-08T07:00:00+02:00
1293;Demanda real;;;29094.5;2021-07-08T08:00:00+02:00
1293;Demanda real;;;30153.5;2021-07-08T09:00:00+02:00
1293;Demanda real;;;30844;2021-07-08T10:00:00+02:00
1293;Demanda real;;;31503.16666666667;2021-07-08T11:00:00+02:00
1293;Demanda real;;;32273;2021-07-08T12:00:00+02:00
1293;Demanda real;;;32690.33333333333;2021-07-08T13:00:00+02:00
1293;Demanda real;;;32746.66666666667;2021-07-08T14:00:00+02:00
1293;Demanda real;;;32039.5;2021-07-08T15:00:00+02:00
1293;Demanda real;;;31841.66666666667;2021-07-08T16:00:00+02:00
1293;Demanda real;;;31605.5;2021-07-08T17:00:00+02:00
1293;Demanda real;;;30996.66666666667;2021-07-08T18:00:00+02:00
1293;Demanda real;;;30623.16666666667;2021-07-08T19:00:00+02:00
1293;Demanda real;;;30325.16666666667;2021-07-08T20:00:00+02:00
1293;Demanda real;;;30177.33333333333;2021-07-08T21:00:00+02:00
1293;Demanda real;;;30185;2021-07-08T22:00:00+02:00
1293;Demanda real;;;28340.83333333333;2021-07-08T23:00:00+02:00
1293;Demanda real;;;27740.83333333333;2021-07-09T00:00:00+02:00
1293;Demanda real;;;26469.83333333333;2021-07-09T01:00:00+02:00
1293;Demanda real;;;25256.5;2021-07-09T02:00:00+02:00
1293;Demanda real;;;24754.83333333333;2021-07-09T03:00:00+02:00
1293;Demanda real;;;24491.66666666667;2021-07-09T04:00:00+02:00
1293;Demanda real;;;24568.66666666667;2021-07-09T05:00:00+02:00
1293;Demanda real;;;26177.33333333333;2021-07-09T06:00:00+02:00
1293;Demanda real;;;28110;2021-07-09T07:00:00+02:00
1293;Demanda real;;;29522.5;2021-07-09T08:00:00+02:00
1293;Demanda real;;;30809.5;2021-07-09T09:00:00+02:00
1293;Demanda real;;;31766.5;2021-07-09T10:00:00+02:00
1293;Demanda real;;;32417.66666666667;2021-07-09T11:00:00+02:00
1293;Demanda real;;;33164;2021-07-09T12:00:00+02:00
1293;Demanda real;;;33666.33333333334;2021-07-09T13:00:00+02:00
1293;Demanda real;;;33611;2021-07-09T14:00:00+02:00
1293;Demanda real;;;32838.33333333334;2021-07-09T15:00:00+02:00
1293;Demanda real;;;32475.33333333333;2021-07-09T16:00:00+02:00
1293;Demanda real;;;32221.33333333333;2021-07-09T17:00:00+02:00
1293;Demanda real;;;31403.66666666667;2021-07-09T18:00:00+02:00
1293;Demanda real;;;31119;2021-07-09T19:00:00+02:00
1293;Demanda real;;;30638;2021-07-09T20:00:00+02:00
1293;Demanda real;;;30209.66666666667;2021-07-09T21:00:00+02:00
1293;Demanda real;;;29802.5;2021-07-09T22:00:00+02:00
1293;Demanda real;;;28138.5;2021-07-09T23:00:00+02:00
1293;Demanda real;;;27513.33333333333;2021-07-10T00:00:00+02:00
1293;Demanda real;;;26096;2021-07-10T01:00:00+02:00
1293;Demanda real;;;25010.66666666667;2021-07-10T02:00:00+02:00
1293;Demanda real;;;24003.83333333333;2021-07-10T03:00:00+02:00
1293;Demanda real;;;23657.16666666667;2021-07-10T04:00:00+02:00
1293;Demanda real;;;23313.5;2021-07-10T05:00:00+02:00
1293;Demanda real;;;23463.16666666667;2021-07-10T06:00:00+02:00
1293;Demanda real;;;23706.83333333333;2021-07-10T07:00:00+02:00
1293;Demanda real;;;25201.83333333333;2021-07-10T08:00:00+02:00
1293;Demanda real;;;26903.16666666667;2021-07-10T09:00:00+02:00
1293;Demanda real;;;28511.33333333333;2021-07-10T10:00:00+02:00
1293;Demanda real;;;29480;2021-07-10T11:00:00+02:00
1293;Demanda real;;;29970.66666666667;2021-07-10T12:00:00+02:00
1293;Demanda real;;;30552.16666666667;2021-07-10T13:00:00+02:00
1293;Demanda real;;;30519;2021-07-10T14:00:00+02:00
1293;Demanda real;;;29761.66666666667;2021-07-10T15:00:00+02:00
1293;Demanda real;;;29273.66666666667;2021-07-10T16:00:00+02:00
1293;Demanda real;;;29048;2021-07-10T17:00:00+02:00
1293;Demanda real;;;28999.66666666667;2021-07-10T18:00:00+02:00
1293;Demanda real;;;29282.16666666667;2021-07-10T19:00:00+02:00
1293;Demanda real;;;29550.66666666667;2021-07-10T20:00:00+02:00
1293;Demanda real;;;29858.66666666667;2021-07-10T21:00:00+02:00
1293;Demanda real;;;29614.16666666667;2021-07-10T22:00:00+02:00
1293;Demanda real;;;27934.5;2021-07-10T23:00:00+02:00
1293;Demanda real;;;26526;2021-07-11T00:00:00+02:00
1293;Demanda real;;;24956.33333333333;2021-07-11T01:00:00+02:00
1293;Demanda real;;;23557;2021-07-11T02:00:00+02:00
1293;Demanda real;;;22793.83333333333;2021-07-11T03:00:00+02:00
1293;Demanda real;;;22215.33333333333;2021-07-11T04:00:00+02:00
1293;Demanda real;;;22052.83333333333;2021-07-11T05:00:00+02:00
1293;Demanda real;;;21902;2021-07-11T06:00:00+02:00
1293;Demanda real;;;21546.5;2021-07-11T07:00:00+02:00
1293;Demanda real;;;22392.66666666667;2021-07-11T08:00:00+02:00
1293;Demanda real;;;23916.83333333333;2021-07-11T09:00:00+02:00
1293;Demanda real;;;25396;2021-07-11T10:00:00+02:00
1293;Demanda real;;;26480.83333333333;2021-07-11T11:00:00+02:00
1293;Demanda real;;;27269.16666666667;2021-07-11T12:00:00+02:00
1293;Demanda real;;;28189;2021-07-11T13:00:00+02:00
1293;Demanda real;;;28918.5;2021-07-11T14:00:00+02:00
1293;Demanda real;;;28711.16666666667;2021-07-11T15:00:00+02:00
1293;Demanda real;;;28063.83333333333;2021-07-11T16:00:00+02:00
1293;Demanda real;;;27632.83333333333;2021-07-11T17:00:00+02:00
1293;Demanda real;;;27731.66666666667;2021-07-11T18:00:00+02:00
1293;Demanda real;;;27857.16666666667;2021-07-11T19:00:00+02:00
1293;Demanda real;;;28591.33333333333;2021-07-11T20:00:00+02:00
1293;Demanda real;;;29371.83333333333;2021-07-11T21:00:00+02:00
1293;Demanda real;;;30199.33333333333;2021-07-11T22:00:00+02:00
1293;Demanda real;;;28708.5;2021-07-11T23:00:00+02:00
1293;Demanda real;;;26992.33333333333;2021-07-12T00:00:00+02:00
1293;Demanda real;;;25332.66666666667;2021-07-12T01:00:00+02:00
1293;Demanda real;;;24130.83333333333;2021-07-12T02:00:00+02:00
1293;Demanda real;;;23544.33333333333;2021-07-12T03:00:00+02:00
1293;Demanda real;;;23303.66666666667;2021-07-12T04:00:00+02:00
1293;Demanda real;;;23498;2021-07-12T05:00:00+02:00
1293;Demanda real;;;25429.5;2021-07-12T06:00:00+02:00
1293;Demanda real;;;27626.16666666667;2021-07-12T07:00:00+02:00
1293;Demanda real;;;29691.5;2021-07-12T08:00:00+02:00
1293;Demanda real;;;31217.5;2021-07-12T09:00:00+02:00
1293;Demanda real;;;32312.83333333333;2021-07-12T10:00:00+02:00
1293;Demanda real;;;33458.5;2021-07-12T11:00:00+02:00
1293;Demanda real;;;34365;2021-07-12T12:00:00+02:00
1293;Demanda real;;;35096.16666666667;2021-07-12T13:00:00+02:00
1293;Demanda real;;;35254.83333333334;2021-07-12T14:00:00+02:00
1293;Demanda real;;;34443;2021-07-12T15:00:00+02:00
1293;Demanda real;;;33892.66666666667;2021-07-12T16:00:00+02:00
1293;Demanda real;;;33437.33333333334;2021-07-12T17:00:00+02:00
1293;Demanda real;;;32443.33333333333;2021-07-12T18:00:00+02:00
1293;Demanda real;;;31881.16666666667;2021-07-12T19:00:00+02:00
1293;Demanda real;;;31434.66666666667;2021-07-12T20:00:00+02:00
1293;Demanda real;;;31094.66666666667;2021-07-12T21:00:00+02:00
1293;Demanda real;;;30986.83333333333;2021-07-12T22:00:00+02:00
1293;Demanda real;;;28834.5;2021-07-12T23:00:00+02:00
1293;Demanda real;;;28038.83333333333;2021-07-13T00:00:00+02:00
1293;Demanda real;;;26564.16666666667;2021-07-13T01:00:00+02:00
1293;Demanda real;;;25336.83333333333;2021-07-13T02:00:00+02:00
1293;Demanda real;;;24692.33333333333;2021-07-13T03:00:00+02:00
1293;Demanda real;;;24399;2021-07-13T04:00:00+02:00
1293;Demanda real;;;24566.83333333333;2021-07-13T05:00:00+02:00
1293;Demanda real;;;26109.33333333333;2021-07-13T06:00:00+02:00
1293;Demanda real;;;27845.33333333333;2021-07-13T07:00:00+02:00
1293;Demanda real;;;29396.66666666667;2021-07-13T08:00:00+02:00
1293;Demanda real;;;30494.66666666667;2021-07-13T09:00:00+02:00
1293;Demanda real;;;31296;2021-07-13T10:00:00+02:00
1293;Demanda real;;;31846.16666666667;2021-07-13T11:00:00+02:00
1293;Demanda real;;;32365.5;2021-07-13T12:00:00+02:00
1293;Demanda real;;;32757.83333333333;2021-07-13T13:00:00+02:00
1293;Demanda real;;;32859.83333333334;2021-07-13T14:00:00+02:00
1293;Demanda real;;;32135.5;2021-07-13T15:00:00+02:00
1293;Demanda real;;;31759.66666666667;2021-07-13T16:00:00+02:00
1293;Demanda real;;;31544.83333333333;2021-07-13T17:00:00+02:00
1293;Demanda real;;;30858.66666666667;2021-07-13T18:00:00+02:00
1293;Demanda real;;;30467.83333333333;2021-07-13T19:00:00+02:00
1293;Demanda real;;;30399.33333333333;2021-07-13T20:00:00+02:00
1293;Demanda real;;;30356.66666666667;2021-07-13T21:00:00+02:00
1293;Demanda real;;;30241.83333333333;2021-07-13T22:00:00+02:00
1293;Demanda real;;;28408.33333333333;2021-07-13T23:00:00+02:00
1293;Demanda real;;;27553;2021-07-14T00:00:00+02:00
1293;Demanda real;;;26396.66666666667;2021-07-14T01:00:00+02:00
1293;Demanda real;;;25220.16666666667;2021-07-14T02:00:00+02:00
1293;Demanda real;;;24364.83333333333;2021-07-14T03:00:00+02:00
1293;Demanda real;;;24227.16666666667;2021-07-14T04:00:00+02:00
1293;Demanda real;;;24445;2021-07-14T05:00:00+02:00
1293;Demanda real;;;26141.83333333333;2021-07-14T06:00:00+02:00
1293;Demanda real;;;27927;2021-07-14T07:00:00+02:00
1293;Demanda real;;;29349.33333333333;2021-07-14T08:00:00+02:00
1293;Demanda real;;;30321.5;2021-07-14T09:00:00+02:00
1293;Demanda real;;;31160.83333333333;2021-07-14T10:00:00+02:00
1293;Demanda real;;;31860.16666666667;2021-07-14T11:00:00+02:00
1293;Demanda real;;;32579;2021-07-14T12:00:00+02:00
1293;Demanda real;;;33040.83333333334;2021-07-14T13:00:00+02:00
1293;Demanda real;;;33010.16666666667;2021-07-14T14:00:00+02:00
1293;Demanda real;;;32291.5;2021-07-14T15:00:00+02:00
1293;Demanda real;;;31909.16666666667;2021-07-14T16:00:00+02:00
1293;Demanda real;;;31606.16666666667;2021-07-14T17:00:00+02:00
1293;Demanda real;;;30795.83333333333;2021-07-14T18:00:00+02:00
1293;Demanda real;;;30522.83333333333;2021-07-14T19:00:00+02:00
1293;Demanda real;;;30279.33333333333;2021-07-14T20:00:00+02:00
1293;Demanda real;;;30361.16666666667;2021-07-14T21:00:00+02:00
1293;Demanda real;;;30235.5;2021-07-14T22:00:00+02:00
1293;Demanda real;;;28299.5;2021-07-14T23:00:00+02:00
1293;Demanda real;;;27631;2021-07-15T00:00:00+02:00
1293;Demanda real;;;26393.5;2021-07-15T01:00:00+02:00
1293;Demanda real;;;25176;2021-07-15T02:00:00+02:00
1293;Demanda real;;;24653.16666666667;2021-07-15T03:00:00+02:00
1293;Demanda real;;;24385.66666666667;2021-07-15T04:00:00+02:00
1293;Demanda real;;;24643.66666666667;2021-07-15T05:00:00+02:00
1293;Demanda real;;;26299.83333333333;2021-07-15T06:00:00+02:00
1293;Demanda real;;;28057.66666666667;2021-07-15T07:00:00+02:00
1293;Demanda real;;;29137.33333333333;2021-07-15T08:00:00+02:00
1293;Demanda real;;;30001.33333333333;2021-07-15T09:00:00+02:00
1293;Demanda real;;;30932.83333333333;2021-07-15T10:00:00+02:00
1293;Demanda real;;;32053.83333333333;2021-07-15T11:00:00+02:00
1293;Demanda real;;;32750.5;2021-07-15T12:00:00+02:00
1293;Demanda real;;;33238.66666666667;2021-07-15T13:00:00+02:00
1293;Demanda real;;;33391;2021-07-15T14:00:00+02:00
1293;Demanda real;;;32897.66666666667;2021-07-15T15:00:00+02:00
1293;Demanda real;;;32617.5;2021-07-15T16:00:00+02:00
1293;Demanda real;;;32465.33333333333;2021-07-15T17:00:00+02:00
1293;Demanda real;;;31545.5;2021-07-15T18:00:00+02:00
1293;Demanda real;;;31144.5;2021-07-15T19:00:00+02:00
1293;Demanda real;;;30896.33333333333;2021-07-15T20:00:00+02:00
1293;Demanda real;;;30741.16666666667;2021-07-15T21:00:00+02:00
1293;Demanda real;;;30720;2021-07-15T22:00:00+02:00
1293;Demanda real;;;28778;2021-07-15T23:00:00+02:00
1293;Demanda real;;;28090.33333333333;2021-07-16T00:00:00+02:00
1293;Demanda real;;;26899;2021-07-16T01:00:00+02:00
1293;Demanda real;;;25679.66666666667;2021-07-16T02:00:00+02:00
1293;Demanda real;;;24943;2021-07-16T03:00:00+02:00
1293;Demanda real;;;24855.33333333333;2021-07-16T04:00:00+02:00
1293;Demanda real;;;24906.66666666667;2021-07-16T05:00:00+02:00
1293;Demanda real;;;26613.16666666667;2021-07-16T06:00:00+02:00
1293;Demanda real;;;28246.5;2021-07-16T07:00:00+02:00
1293;Demanda real;;;29573.66666666667;2021-07-16T08:00:00+02:00
1293;Demanda real;;;30671.33333333333;2021-07-16T09:00:00+02:00
1293;Demanda real;;;31680.5;2021-07-16T10:00:00+02:00
1293;Demanda real;;;32552.33333333333;2021-07-16T11:00:00+02:00
1293;Demanda real;;;33373;2021-07-16T12:00:00+02:00
1293;Demanda real;;;33951.16666666667;2021-07-16T13:00:00+02:00
1293;Demanda real;;;33946.66666666667;2021-07-16T14:00:00+02:00
1293;Demanda real;;;33247.16666666667;2021-07-16T15:00:00+02:00
1293;Demanda real;;;32959.16666666667;2021-07-16T16:00:00+02:00
1293;Demanda real;;;32828;2021-07-16T17:00:00+02:00
1293;Demanda real;;;31916.16666666667;2021-07-16T18:00:00+02:00
1293;Demanda real;;;31535.33333333333;2021-07-16T19:00:00+02:00
1293;Demanda real;;;31217.66666666667;2021-07-16T20:00:00+02:00
1293;Demanda real;;;30777;2021-07-16T21:00:00+02:00
1293;Demanda real;;;30571.66666666667;2021-07-16T22:00:00+02:00
1293;Demanda real;;;28885.5;2021-07-16T23:00:00+02:00
1293;Demanda real;;;28259.5;2021-07-17T00:00:00+02:00
1293;Demanda real;;;26923.33333333333;2021-07-17T01:00:00+02:00
1293;Demanda real;;;25515.83333333333;2021-07-17T02:00:00+02:00
1293;Demanda real;;;24535.83333333333;2021-07-17T03:00:00+02:00
1293;Demanda real;;;23946.33333333333;2021-07-17T04:00:00+02:00
1293;Demanda real;;;23684;2021-07-17T05:00:00+02:00
1293;Demanda real;;;23849.66666666667;2021-07-17T06:00:00+02:00
1293;Demanda real;;;23959.16666666667;2021-07-17T07:00:00+02:00
1293;Demanda real;;;25246.5;2021-07-17T08:00:00+02:00
1293;Demanda real;;;26957.66666666667;2021-07-17T09:00:00+02:00
1293;Demanda real;;;28605.5;2021-07-17T10:00:00+02:00
1293;Demanda real;;;29573.5;2021-07-17T11:00:00+02:00
1293;Demanda real;;;30231.83333333333;2021-07-17T12:00:00+02:00
1293;Demanda real;;;30764.66666666667;2021-07-17T13:00:00+02:00
1293;Demanda real;;;30938.83333333333;2021-07-17T14:00:00+02:00
1293;Demanda real;;;30261.5;2021-07-17T15:00:00+02:00
1293;Demanda real;;;29580.83333333333;2021-07-17T16:00:00+02:00
1293;Demanda real;;;29352.66666666667;2021-07-17T17:00:00+02:00
1293;Demanda real;;;29273.66666666667;2021-07-17T18:00:00+02:00
1293;Demanda real;;;29424.66666666667;2021-07-17T19:00:00+02:00
1293;Demanda real;;;29494.66666666667;2021-07-17T20:00:00+02:00
1293;Demanda real;;;29633.5;2021-07-17T21:00:00+02:00
1293;Demanda real;;;29660.83333333333;2021-07-17T22:00:00+02:00
1293;Demanda real;;;28010.83333333333;2021-07-17T23:00:00+02:00
1293;Demanda real;;;26463.5;2021-07-18T00:00:00+02:00
1293;Demanda real;;;24964.5;2021-07-18T01:00:00+02:00
1293;Demanda real;;;23593.16666666667;2021-07-18T02:00:00+02:00
1293;Demanda real;;;22676.66666666667;2021-07-18T03:00:00+02:00
1293;Demanda real;;;22103.83333333333;2021-07-18T04:00:00+02:00
1293;Demanda real;;;21862.33333333333;2021-07-18T05:00:00+02:00
1293;Demanda real;;;21955.83333333333;2021-07-18T06:00:00+02:00
1293;Demanda real;;;21704;2021-07-18T07:00:00+02:00
1293;Demanda real;;;22421.5;2021-07-18T08:00:00+02:00
1293;Demanda real;;;24003;2021-07-18T09:00:00+02:00
1293;Demanda real;;;25493;2021-07-18T10:00:00+02:00
1293;Demanda real;;;26468.83333333333;2021-07-18T11:00:00+02:00
1293;Demanda real;;;27141.16666666667;2021-07-18T12:00:00+02:00
1293;Demanda real;;;28168.16666666667;2021-07-18T13:00:00+02:00
1293;Demanda real;;;28693.66666666667;2021-07-18T14:00:00+02:00
1293;Demanda real;;;28123.33333333333;2021-07-18T15:00:00+02:00
1293;Demanda real;;;27599.33333333333;2021-07-18T16:00:00+02:00
1293;Demanda real;;;27352.5;2021-07-18T17:00:00+02:00
1293;Demanda real;;;27513.16666666667;2021-07-18T18:00:00+02:00
1293;Demanda real;;;27898.66666666667;2021-07-18T19:00:00+02:00
1293;Demanda real;;;28276.33333333333;2021-07-18T20:00:00+02:00
1293;Demanda real;;;29028;2021-07-18T21:00:00+02:00
1293;Demanda real;;;29953.5;2021-07-18T22:00:00+02:00
1293;Demanda real;;;28359.83333333333;2021-07-18T23:00:00+02:00
1293;Demanda real;;;26657.66666666667;2021-07-19T00:00:00+02:00
1293;Demanda real;;;25200.33333333333;2021-07-19T01:00:00+02:00
1293;Demanda real;;;23941.83333333333;2021-07-19T02:00:00+02:00
1293;Demanda real;;;23240.33333333333;2021-07-19T03:00:00+02:00
1293;Demanda real;;;23176.83333333333;2021-07-19T04:00:00+02:00
1293;Demanda real;;;23712.66666666667;2021-07-19T05:00:00+02:00
1293;Demanda real;;;25922.16666666667;2021-07-19T06:00:00+02:00
1293;Demanda real;;;28120.33333333333;2021-07-19T07:00:00+02:00
1293;Demanda real;;;29958.83333333333;2021-07-19T08:00:00+02:00
1293;Demanda real;;;31530.66666666667;2021-07-19T09:00:00+02:00
1293;Demanda real;;;32824;2021-07-19T10:00:00+02:00
1293;Demanda real;;;33912.66666666667;2021-07-19T11:00:00+02:00
1293;Demanda real;;;34970.83333333334;2021-07-19T12:00:00+02:00
1293;Demanda real;;;35530.16666666667;2021-07-19T13:00:00+02:00
1293;Demanda real;;;35640.66666666667;2021-07-19T14:00:00+02:00
1293;Demanda real;;;35273.66666666667;2021-07-19T15:00:00+02:00
1293;Demanda real;;;35026.33333333334;2021-07-19T16:00:00+02:00
1293;Demanda real;;;34729.83333333334;2021-07-19T17:00:00+02:00
1293;Demanda real;;;33799.5;2021-07-19T18:00:00+02:00
1293;Demanda real;;;33037.16666666667;2021-07-19T19:00:00+02:00
1293;Demanda real;;;32499;2021-07-19T20:00:00+02:00
1293;Demanda real;;;32244.16666666667;2021-07-19T21:00:00+02:00
1293;Demanda real;;;31899.16666666667;2021-07-19T22:00:00+02:00
1293;Demanda real;;;29751.16666666667;2021-07-19T23:00:00+02:00
1293;Demanda real;;;29082.33333333333;2021-07-20T00:00:00+02:00
1293;Demanda real;;;27648.5;2021-07-20T01:00:00+02:00
1293;Demanda real;;;26355.5;2021-07-20T02:00:00+02:00
1293;Demanda real;;;25664.66666666667;2021-07-20T03:00:00+02:00
1293;Demanda real;;;25353.83333333333;2021-07-20T04:00:00+02:00
1293;Demanda real;;;25672;2021-07-20T05:00:00+02:00
1293;Demanda real;;;27207;2021-07-20T06:00:00+02:00
1293;Demanda real;;;28882;2021-07-20T07:00:00+02:00
1293;Demanda real;;;30274.66666666667;2021-07-20T08:00:00+02:00
1293;Demanda real;;;31611;2021-07-20T09:00:00+02:00
1293;Demanda real;;;32964.83333333334;2021-07-20T10:00:00+02:00
1293;Demanda real;;;33808.66666666667;2021-07-20T11:00:00+02:00
1293;Demanda real;;;34999.5;2021-07-20T12:00:00+02:00
1293;Demanda real;;;35623.83333333334;2021-07-20T13:00:00+02:00
1293;Demanda real;;;35802.83333333334;2021-07-20T14:00:00+02:00
1293;Demanda real;;;35245.83333333334;2021-07-20T15:00:00+02:00
1293;Demanda real;;;34859.5;2021-07-20T16:00:00+02:00
1293;Demanda real;;;34693.5;2021-07-20T17:00:00+02:00
1293;Demanda real;;;33666.16666666667;2021-07-20T18:00:00+02:00
1293;Demanda real;;;32954;2021-07-20T19:00:00+02:00
1293;Demanda real;;;32502.33333333333;2021-07-20T20:00:00+02:00
1293;Demanda real;;;32222.16666666667;2021-07-20T21:00:00+02:00
1293;Demanda real;;;31979;2021-07-20T22:00:00+02:00
1293;Demanda real;;;30022.66666666667;2021-07-20T23:00:00+02:00
1293;Demanda real;;;29063.16666666667;2021-07-21T00:00:00+02:00
1293;Demanda real;;;27515.5;2021-07-21T01:00:00+02:00
1293;Demanda real;;;26290.16666666667;2021-07-21T02:00:00+02:00
1293;Demanda real;;;25744.33333333333;2021-07-21T03:00:00+02:00
1293;Demanda real;;;25459.33333333333;2021-07-21T04:00:00+02:00
1293;Demanda real;;;25720.33333333333;2021-07-21T05:00:00+02:00
1293;Demanda real;;;27331;2021-07-21T06:00:00+02:00
1293;Demanda real;;;29174;2021-07-21T07:00:00+02:00
1293;Demanda real;;;30586.16666666667;2021-07-21T08:00:00+02:00
1293;Demanda real;;;32077.66666666667;2021-07-21T09:00:00+02:00
1293;Demanda real;;;33365.33333333334;2021-07-21T10:00:00+02:00
1293;Demanda real;;;34435.5;2021-07-21T11:00:00+02:00
1293;Demanda real;;;35378.5;2021-07-21T12:00:00+02:00
1293;Demanda real;;;36095;2021-07-21T13:00:00+02:00
1293;Demanda real;;;36425;2021-07-21T14:00:00+02:00
1293;Demanda real;;;36004.33333333334;2021-07-21T15:00:00+02:00
1293;Demanda real;;;35667.83333333334;2021-07-21T16:00:00+02:00
1293;Demanda real;;;35390.16666666667;2021-07-21T17:00:00+02:00
1293;Demanda real;;;34483.83333333334;2021-07-21T18:00:00+02:00
1293;Demanda real;;;33769.83333333334;2021-07-21T19:00:00+02:00
1293;Demanda real;;;33118.33333333334;2021-07-21T20:00:00+02:00
1293;Demanda real;;;32651.83333333333;2021-07-21T21:00:00+02:00
1293;Demanda real;;;32481.83333333333;2021-07-21T22:00:00+02:00
1293;Demanda real;;;30593.5;2021-07-21T23:00:00+02:00
1293;Demanda real;;;29661;2021-07-22T00:00:00+02:00
1293;Demanda real;;;28268.33333333333;2021-07-22T01:00:00+02:00
1293;Demanda real;;;26768.33333333333;2021-07-22T02:00:00+02:00
1293;Demanda real;;;25898.5;2021-07-22T03:00:00+02:00
1293;Demanda real;;;25610.33333333333;2021-07-22T04:00:00+02:00
1293;Demanda real;;;25854.83333333333;2021-07-22T05:00:00+02:00
1293;Demanda real;;;27487.16666666667;2021-07-22T06:00:00+02:00
1293;Demanda real;;;29277.16666666667;2021-07-22T07:00:00+02:00
1293;Demanda real;;;30642.5;2021-07-22T08:00:00+02:00
1293;Demanda real;;;32095.5;2021-07-22T09:00:00+02:00
1293;Demanda real;;;33537.33333333334;2021-07-22T10:00:00+02:00
1293;Demanda real;;;34693.16666666667;2021-07-22T11:00:00+02:00
1293;Demanda real;;;35881;2021-07-22T12:00:00+02:00
1293;Demanda real;;;36711.33333333334;2021-07-22T13:00:00+02:00
1293;Demanda real;;;37069.5;2021-07-22T14:00:00+02:00
1293;Demanda real;;;36733;2021-07-22T15:00:00+02:00
1293;Demanda real;;;36395.33333333334;2021-07-22T16:00:00+02:00
1293;Demanda real;;;36054.83333333334;2021-07-22T17:00:00+02:00
1293;Demanda real;;;34994.5;2021-07-22T18:00:00+02:00
1293;Demanda real;;;34328;2021-07-22T19:00:00+02:00
1293;Demanda real;;;33612.66666666667;2021-07-22T20:00:00+02:00
1293;Demanda real;;;33262.33333333334;2021-07-22T21:00:00+02:00
1293;Demanda real;;;33054;2021-07-22T22:00:00+02:00
1293;Demanda real;;;30995.33333333333;2021-07-22T23:00:00+02:00
1293;Demanda real;;;30347.5;2021-07-23T00:00:00+02:00
1293;Demanda real;;;28725.5;2021-07-23T01:00:00+02:00
1293;Demanda real;;;27281;2021-07-23T02:00:00+02:00
1293;Demanda real;;;26245.33333333333;2021-07-23T03:00:00+02:00
1293;Demanda real;;;25856.5;2021-07-23T04:00:00+02:00
1293;Demanda real;;;25981.5;2021-07-23T05:00:00+02:00
1293;Demanda real;;;27547.5;2021-07-23T06:00:00+02:00
1293;Demanda real;;;29298.16666666667;2021-07-23T07:00:00+02:00
1293;Demanda real;;;30778.5;2021-07-23T08:00:00+02:00
1293;Demanda real;;;32152.33333333333;2021-07-23T09:00:00+02:00
1293;Demanda real;;;33395;2021-07-23T10:00:00+02:00
1293;Demanda real;;;34414.66666666667;2021-07-23T11:00:00+02:00
1293;Demanda real;;;35467.66666666667;2021-07-23T12:00:00+02:00
1293;Demanda real;;;36218.16666666667;2021-07-23T13:00:00+02:00
1293;Demanda real;;;36583;2021-07-23T14:00:00+02:00
1293;Demanda real;;;35928.33333333334;2021-07-23T15:00:00+02:00
1293;Demanda real;;;35444;2021-07-23T16:00:00+02:00
1293;Demanda real;;;34950.33333333334;2021-07-23T17:00:00+02:00
1293;Demanda real;;;33810.83333333334;2021-07-23T18:00:00+02:00
1293;Demanda real;;;33220;2021-07-23T19:00:00+02:00
1293;Demanda real;;;32605.33333333333;2021-07-23T20:00:00+02:00
1293;Demanda real;;;31975.16666666667;2021-07-23T21:00:00+02:00
1293;Demanda real;;;31618.5;2021-07-23T22:00:00+02:00
1293;Demanda real;;;29776.16666666667;2021-07-23T23:00:00+02:00
1293;Demanda real;;;29286.16666666667;2021-07-24T00:00:00+02:00
1293;Demanda real;;;28019.83333333333;2021-07-24T01:00:00+02:00
1293;Demanda real;;;26372.66666666667;2021-07-24T02:00:00+02:00
1293;Demanda real;;;25346.33333333333;2021-07-24T03:00:00+02:00
1293;Demanda real;;;24752.83333333333;2021-07-24T04:00:00+02:00
1293;Demanda real;;;24357.66666666667;2021-07-24T05:00:00+02:00
1293;Demanda real;;;24383;2021-07-24T06:00:00+02:00
1293;Demanda real;;;24406.83333333333;2021-07-24T07:00:00+02:00
1293;Demanda real;;;25646.83333333333;2021-07-24T08:00:00+02:00
1293;Demanda real;;;27497.83333333333;2021-07-24T09:00:00+02:00
1293;Demanda real;;;29183.33333333333;2021-07-24T10:00:00+02:00
1293;Demanda real;;;30093.33333333333;2021-07-24T11:00:00+02:00
1293;Demanda real;;;30814.83333333333;2021-07-24T12:00:00+02:00
1293;Demanda real;;;31356.66666666667;2021-07-24T13:00:00+02:00
1293;Demanda real;;;31458.66666666667;2021-07-24T14:00:00+02:00
1293;Demanda real;;;30662.66666666667;2021-07-24T15:00:00+02:00
1293;Demanda real;;;29544;2021-07-24T16:00:00+02:00
1293;Demanda real;;;28601.5;2021-07-24T17:00:00+02:00
1293;Demanda real;;;28919.33333333333;2021-07-24T18:00:00+02:00
1293;Demanda real;;;28922;2021-07-24T19:00:00+02:00
1293;Demanda real;;;28945;2021-07-24T20:00:00+02:00
1293;Demanda real;;;29148.5;2021-07-24T21:00:00+02:00
1293;Demanda real;;;29113;2021-07-24T22:00:00+02:00
1293;Demanda real;;;27460.5;2021-07-24T23:00:00+02:00
1293;Demanda real;;;26245.33333333333;2021-07-25T00:00:00+02:00
1293;Demanda real;;;24774;2021-07-25T01:00:00+02:00
1293;Demanda real;;;23500.83333333333;2021-07-25T02:00:00+02:00
1293;Demanda real;;;22743.16666666667;2021-07-25T03:00:00+02:00
1293;Demanda real;;;22220;2021-07-25T04:00:00+02:00
1293;Demanda real;;;21967.66666666667;2021-07-25T05:00:00+02:00
1293;Demanda real;;;22007;2021-07-25T06:00:00+02:00
1293;Demanda real;;;21586.5;2021-07-25T07:00:00+02:00
1293;Demanda real;;;22276.33333333333;2021-07-25T08:00:00+02:00
1293;Demanda real;;;23724.83333333333;2021-07-25T09:00:00+02:00
1293;Demanda real;;;25030.83333333333;2021-07-25T10:00:00+02:00
1293;Demanda real;;;26079.83333333333;2021-07-25T11:00:00+02:00
1293;Demanda real;;;26805.66666666667;2021-07-25T12:00:00+02:00
1293;Demanda real;;;27697.16666666667;2021-07-25T13:00:00+02:00
1293;Demanda real;;;28188.33333333333;2021-07-25T14:00:00+02:00
1293;Demanda real;;;27641.66666666667;2021-07-25T15:00:00+02:00
1293;Demanda real;;;27161;2021-07-25T16:00:00+02:00
1293;Demanda real;;;26874.33333333333;2021-07-25T17:00:00+02:00
1293;Demanda real;;;26856.66666666667;2021-07-25T18:00:00+02:00
1293;Demanda real;;;26852.83333333333;2021-07-25T19:00:00+02:00
1293;Demanda real;;;27330.5;2021-07-25T20:00:00+02:00
1293;Demanda real;;;28326;2021-07-25T21:00:00+02:00
1293;Demanda real;;;29412;2021-07-25T22:00:00+02:00
1293;Demanda real;;;27971.66666666667;2021-07-25T23:00:00+02:00
1293;Demanda real;;;26645;2021-07-26T00:00:00+02:00
1293;Demanda real;;;25161.33333333333;2021-07-26T01:00:00+02:00
1293;Demanda real;;;24106;2021-07-26T02:00:00+02:00
1293;Demanda real;;;23454.5;2021-07-26T03:00:00+02:00
1293;Demanda real;;;23374;2021-07-26T04:00:00+02:00
1293;Demanda real;;;23797.5;2021-07-26T05:00:00+02:00
1293;Demanda real;;;25971.5;2021-07-26T06:00:00+02:00
1293;Demanda real;;;27854.66666666667;2021-07-26T07:00:00+02:00
1293;Demanda real;;;29401.83333333333;2021-07-26T08:00:00+02:00
1293;Demanda real;;;30701.5;2021-07-26T09:00:00+02:00
1293;Demanda real;;;31812.66666666667;2021-07-26T10:00:00+02:00
1293;Demanda real;;;32416.16666666667;2021-07-26T11:00:00+02:00
1293;Demanda real;;;33113.5;2021-07-26T12:00:00+02:00
1293;Demanda real;;;33536.83333333334;2021-07-26T13:00:00+02:00
1293;Demanda real;;;33514.5;2021-07-26T14:00:00+02:00
1293;Demanda real;;;32686.16666666667;2021-07-26T15:00:00+02:00
1293;Demanda real;;;32396.66666666667;2021-07-26T16:00:00+02:00
1293;Demanda real;;;32193.5;2021-07-26T17:00:00+02:00
1293;Demanda real;;;31398.66666666667;2021-07-26T18:00:00+02:00
1293;Demanda real;;;31027.5;2021-07-26T19:00:00+02:00
1293;Demanda real;;;30635.5;2021-07-26T20:00:00+02:00
1293;Demanda real;;;30516.5;2021-07-26T21:00:00+02:00
1293;Demanda real;;;30431.33333333333;2021-07-26T22:00:00+02:00
1293;Demanda real;;;28374.66666666667;2021-07-26T23:00:00+02:00
1293;Demanda real;;;27630.66666666667;2021-07-27T00:00:00+02:00
1293;Demanda real;;;26376.16666666667;2021-07-27T01:00:00+02:00
1293;Demanda real;;;25182;2021-07-27T02:00:00+02:00
1293;Demanda real;;;24605.16666666667;2021-07-27T03:00:00+02:00
1293;Demanda real;;;24315.83333333333;2021-07-27T04:00:00+02:00
1293;Demanda real;;;24725.16666666667;2021-07-27T05:00:00+02:00
1293;Demanda real;;;26467.16666666667;2021-07-27T06:00:00+02:00
1293;Demanda real;;;28269.66666666667;2021-07-27T07:00:00+02:00
1293;Demanda real;;;29529.66666666667;2021-07-27T08:00:00+02:00
1293;Demanda real;;;30895.5;2021-07-27T09:00:00+02:00
1293;Demanda real;;;32061.16666666667;2021-07-27T10:00:00+02:00
1293;Demanda real;;;32901;2021-07-27T11:00:00+02:00
1293;Demanda real;;;33698.83333333334;2021-07-27T12:00:00+02:00
1293;Demanda real;;;34515.83333333334;2021-07-27T13:00:00+02:00
1293;Demanda real;;;34492.5;2021-07-27T14:00:00+02:00
1293;Demanda real;;;33834.16666666667;2021-07-27T15:00:00+02:00
1293;Demanda real;;;33580.16666666667;2021-07-27T16:00:00+02:00
1293;Demanda real;;;33347.16666666667;2021-07-27T17:00:00+02:00
1293;Demanda real;;;32481.33333333333;2021-07-27T18:00:00+02:00
1293;Demanda real;;;32159.5;2021-07-27T19:00:00+02:00
1293;Demanda real;;;31711.5;2021-07-27T20:00:00+02:00
1293;Demanda real;;;31701.5;2021-07-27T21:00:00+02:00
1293;Demanda real;;;31428.16666666667;2021-07-27T22:00:00+02:00
1293;Demanda real;;;29426.66666666667;2021-07-27T23:00:00+02:00
1293;Demanda real;;;28780.83333333333;2021-07-28T00:00:00+02:00
1293;Demanda real;;;27268.5;2021-07-28T01:00:00+02:00
1293;Demanda real;;;25838.16666666667;2021-07-28T02:00:00+02:00
1293;Demanda real;;;25013.66666666667;2021-07-28T03:00:00+02:00
1293;Demanda real;;;24713.33333333333;2021-07-28T04:00:00+02:00
1293;Demanda real;;;25032.33333333333;2021-07-28T05:00:00+02:00
1293;Demanda real;;;26856.33333333333;2021-07-28T06:00:00+02:00
1293;Demanda real;;;28555.5;2021-07-28T07:00:00+02:00
1293;Demanda real;;;29932.5;2021-07-28T08:00:00+02:00
1293;Demanda real;;;31219.5;2021-07-28T09:00:00+02:00
1293;Demanda real;;;32222;2021-07-28T10:00:00+02:00
1293;Demanda real;;;33267;2021-07-28T11:00:00+02:00
1293;Demanda real;;;34190;2021-07-28T12:00:00+02:00
1293;Demanda real;;;34968;2021-07-28T13:00:00+02:00
1293;Demanda real;;;35113;2021-07-28T14:00:00+02:00
1293;Demanda real;;;34588.83333333334;2021-07-28T15:00:00+02:00
1293;Demanda real;;;34189.83333333334;2021-07-28T16:00:00+02:00
1293;Demanda real;;;33907.83333333334;2021-07-28T17:00:00+02:00
1293;Demanda real;;;32953;2021-07-28T18:00:00+02:00
1293;Demanda real;;;32344.16666666667;2021-07-28T19:00:00+02:00
1293;Demanda real;;;31735.33333333333;2021-07-28T20:00:00+02:00
1293;Demanda real;;;31684.33333333333;2021-07-28T21:00:00+02:00
1293;Demanda real;;;31366.83333333333;2021-07-28T22:00:00+02:00
1293;Demanda real;;;29508;2021-07-28T23:00:00+02:00
1293;Demanda real;;;28826.83333333333;2021-07-29T00:00:00+02:00
1293;Demanda real;;;27439.83333333333;2021-07-29T01:00:00+02:00
1293;Demanda real;;;26183.5;2021-07-29T02:00:00+02:00
1293;Demanda real;;;25291;2021-07-29T03:00:00+02:00
1293;Demanda real;;;24995.5;2021-07-29T04:00:00+02:00
1293;Demanda real;;;25213;2021-07-29T05:00:00+02:00
1293;Demanda real;;;27016.5;2021-07-29T06:00:00+02:00
1293;Demanda real;;;28652.66666666667;2021-07-29T07:00:00+02:00
1293;Demanda real;;;30035.66666666667;2021-07-29T08:00:00+02:00
1293;Demanda real;;;31543;2021-07-29T09:00:00+02:00
1293;Demanda real;;;32801.5;2021-07-29T10:00:00+02:00
1293;Demanda real;;;33822;2021-07-29T11:00:00+02:00
1293;Demanda real;;;34579.33333333334;2021-07-29T12:00:00+02:00
1293;Demanda real;;;35347.66666666667;2021-07-29T13:00:00+02:00
1293;Demanda real;;;35717.16666666667;2021-07-29T14:00:00+02:00
1293;Demanda real;;;35340.83333333334;2021-07-29T15:00:00+02:00
1293;Demanda real;;;35062.83333333334;2021-07-29T16:00:00+02:00
1293;Demanda real;;;34847.16666666667;2021-07-29T17:00:00+02:00
1293;Demanda real;;;33865.83333333334;2021-07-29T18:00:00+02:00
1293;Demanda real;;;33137.16666666667;2021-07-29T19:00:00+02:00
1293;Demanda real;;;32620;2021-07-29T20:00:00+02:00
1293;Demanda real;;;32337.16666666667;2021-07-29T21:00:00+02:00
1293;Demanda real;;;31970.33333333333;2021-07-29T22:00:00+02:00
1293;Demanda real;;;30163.83333333333;2021-07-29T23:00:00+02:00
1293;Demanda real;;;29491.16666666667;2021-07-30T00:00:00+02:00
1293;Demanda real;;;27919.66666666667;2021-07-30T01:00:00+02:00
1293;Demanda real;;;26557.16666666667;2021-07-30T02:00:00+02:00
1293;Demanda real;;;25820.33333333333;2021-07-30T03:00:00+02:00
1293;Demanda real;;;25368.83333333333;2021-07-30T04:00:00+02:00
1293;Demanda real;;;25654.66666666667;2021-07-30T05:00:00+02:00
1293;Demanda real;;;27326.83333333333;2021-07-30T06:00:00+02:00
1293;Demanda real;;;29014.5;2021-07-30T07:00:00+02:00
1293;Demanda real;;;30092.5;2021-07-30T08:00:00+02:00
1293;Demanda real;;;31445.66666666667;2021-07-30T09:00:00+02:00
1293;Demanda real;;;32674.66666666667;2021-07-30T10:00:00+02:00
1293;Demanda real;;;33690.83333333334;2021-07-30T11:00:00+02:00
1293;Demanda real;;;34408.33333333334;2021-07-30T12:00:00+02:00
1293;Demanda real;;;35091.16666666667;2021-07-30T13:00:00+02:00
1293;Demanda real;;;35201.16666666667;2021-07-30T14:00:00+02:00
1293;Demanda real;;;34453.66666666667;2021-07-30T15:00:00+02:00
1293;Demanda real;;;33999.83333333334;2021-07-30T16:00:00+02:00
1293;Demanda real;;;33692;2021-07-30T17:00:00+02:00
1293;Demanda real;;;32725.83333333333;2021-07-30T18:00:00+02:00
1293;Demanda real;;;32108.66666666667;2021-07-30T19:00:00+02:00
1293;Demanda real;;;31370.83333333333;2021-07-30T20:00:00+02:00
1293;Demanda real;;;31082.33333333333;2021-07-30T21:00:00+02:00
1293;Demanda real;;;30540.83333333333;2021-07-30T22:00:00+02:00
1293;Demanda real;;;28601.83333333333;2021-07-30T23:00:00+02:00
1293;Demanda real;;;28120.5;2021-07-31T00:00:00+02:00
1293;Demanda real;;;26903;2021-07-31T01:00:00+02:00
1293;Demanda real;;;25296;2021-07-31T02:00:00+02:00
1293;Demanda real;;;24427.66666666667;2021-07-31T03:00:00+02:00
1293;Demanda real;;;23905.16666666667;2021-07-31T04:00:00+02:00
1293;Demanda real;;;23649.66666666667;2021-07-31T05:00:00+02:00
1293;Demanda real;;;23708.5;2021-07-31T06:00:00+02:00
1293;Demanda real;;;23979.33333333333;2021-07-31T07:00:00+02:00
1293;Demanda real;;;25090;2021-07-31T08:00:00+02:00
1293;Demanda real;;;26820.33333333333;2021-07-31T09:00:00+02:00
1293;Demanda real;;;28346.33333333333;2021-07-31T10:00:00+02:00
1293;Demanda real;;;29002.33333333333;2021-07-31T11:00:00+02:00
1293;Demanda real;;;29493.16666666667;2021-07-31T12:00:00+02:00
1293;Demanda real;;;29896.33333333333;2021-07-31T13:00:00+02:00
1293;Demanda real;;;29662.16666666667;2021-07-31T14:00:00+02:00
1293;Demanda real;;;28601.5;2021-07-31T15:00:00+02:00
1293;Demanda real;;;27969.83333333333;2021-07-31T16:00:00+02:00
1293;Demanda real;;;27666.5;2021-07-31T17:00:00+02:00
1293;Demanda real;;;27586.16666666667;2021-07-31T18:00:00+02:00
1293;Demanda real;;;27484.16666666667;2021-07-31T19:00:00+02:00
1293;Demanda real;;;27575.33333333333;2021-07-31T20:00:00+02:00
1293;Demanda real;;;28254;2021-07-31T21:00:00+02:00
1293;Demanda real;;;27795.66666666667;2021-07-31T22:00:00+02:00
1293;Demanda real;;;26194.5;2021-07-31T23:00:00+02:00
1293;Demanda real;;;24766.33333333333;2021-08-01T00:00:00+02:00
1293;Demanda real;;;23481.66666666667;2021-08-01T01:00:00+02:00
1293;Demanda real;;;22312.83333333333;2021-08-01T02:00:00+02:00
1293;Demanda real;;;21565.5;2021-08-01T03:00:00+02:00
1293;Demanda real;;;21081.83333333333;2021-08-01T04:00:00+02:00
1293;Demanda real;;;21079;2021-08-01T05:00:00+02:00
1293;Demanda real;;;21238.16666666667;2021-08-01T06:00:00+02:00
1293;Demanda real;;;20843.16666666667;2021-08-01T07:00:00+02:00
1293;Demanda real;;;21472;2021-08-01T08:00:00+02:00
1293;Demanda real;;;22837.83333333333;2021-08-01T09:00:00+02:00
1293;Demanda real;;;23971;2021-08-01T10:00:00+02:00
1293;Demanda real;;;24716;2021-08-01T11:00:00+02:00
1293;Demanda real;;;25140.33333333333;2021-08-01T12:00:00+02:00
1293;Demanda real;;;25739;2021-08-01T13:00:00+02:00
1293;Demanda real;;;26161.5;2021-08-01T14:00:00+02:00
1293;Demanda real;;;25370.83333333333;2021-08-01T15:00:00+02:00
1293;Demanda real;;;24806.5;2021-08-01T16:00:00+02:00
1293;Demanda real;;;24487;2021-08-01T17:00:00+02:00
1293;Demanda real;;;24425;2021-08-01T18:00:00+02:00
1293;Demanda real;;;24730.33333333333;2021-08-01T19:00:00+02:00
1293;Demanda real;;;25301.33333333333;2021-08-01T20:00:00+02:00
1293;Demanda real;;;26675;2021-08-01T21:00:00+02:00
1293;Demanda real;;;27222.5;2021-08-01T22:00:00+02:00
1293;Demanda real;;;25699.33333333333;2021-08-01T23:00:00+02:00
1293;Demanda real;;;24329.66666666667;2021-08-02T00:00:00+02:00
1293;Demanda real;;;23072.16666666667;2021-08-02T01:00:00+02:00
1293;Demanda real;;;22057.16666666667;2021-08-02T02:00:00+02:00
1293;Demanda real;;;21515.66666666667;2021-08-02T03:00:00+02:00
1293;Demanda real;;;21478.33333333333;2021-08-02T04:00:00+02:00
1293;Demanda real;;;22052.5;2021-08-02T05:00:00+02:00
1293;Demanda real;;;23945.16666666667;2021-08-02T06:00:00+02:00
1293;Demanda real;;;25549.66666666667;2021-08-02T07:00:00+02:00
1293;Demanda real;;;27069.83333333333;2021-08-02T08:00:00+02:00
1293;Demanda real;;;28449.83333333333;2021-08-02T09:00:00+02:00
1293;Demanda real;;;29356.5;2021-08-02T10:00:00+02:00
1293;Demanda real;;;30005.66666666667;2021-08-02T11:00:00+02:00
1293;Demanda real;;;30678.66666666667;2021-08-02T12:00:00+02:00
1293;Demanda real;;;31365.33333333333;2021-08-02T13:00:00+02:00
1293;Demanda real;;;31299.83333333333;2021-08-02T14:00:00+02:00
1293;Demanda real;;;30323.16666666667;2021-08-02T15:00:00+02:00
1293;Demanda real;;;29768.33333333333;2021-08-02T16:00:00+02:00
1293;Demanda real;;;29691;2021-08-02T17:00:00+02:00
1293;Demanda real;;;29078.83333333333;2021-08-02T18:00:00+02:00
1293;Demanda real;;;28894.5;2021-08-02T19:00:00+02:00
1293;Demanda real;;;28821.5;2021-08-02T20:00:00+02:00
1293;Demanda real;;;29594.83333333333;2021-08-02T21:00:00+02:00
1293;Demanda real;;;29283;2021-08-02T22:00:00+02:00
1293;Demanda real;;;27267.83333333333;2021-08-02T23:00:00+02:00
1293;Demanda real;;;25988.5;2021-08-03T00:00:00+02:00
1293;Demanda real;;;24763.33333333333;2021-08-03T01:00:00+02:00
1293;Demanda real;;;23666.5;2021-08-03T02:00:00+02:00
1293;Demanda real;;;23198.16666666667;2021-08-03T03:00:00+02:00
1293;Demanda real;;;23014.66666666667;2021-08-03T04:00:00+02:00
1293;Demanda real;;;23233;2021-08-03T05:00:00+02:00
1293;Demanda real;;;24811.5;2021-08-03T06:00:00+02:00
1293;Demanda real;;;26465.66666666667;2021-08-03T07:00:00+02:00
1293;Demanda real;;;27751.83333333333;2021-08-03T08:00:00+02:00
1293;Demanda real;;;29106.66666666667;2021-08-03T09:00:00+02:00
1293;Demanda real;;;30219.66666666667;2021-08-03T10:00:00+02:00
1293;Demanda real;;;30968.16666666667;2021-08-03T11:00:00+02:00
1293;Demanda real;;;31706.16666666667;2021-08-03T12:00:00+02:00
1293;Demanda real;;;32260.5;2021-08-03T13:00:00+02:00
1293;Demanda real;;;32110.33333333333;2021-08-03T14:00:00+02:00
1293;Demanda real;;;31150.5;2021-08-03T15:00:00+02:00
1293;Demanda real;;;30510.16666666667;2021-08-03T16:00:00+02:00
1293;Demanda real;;;30389.66666666667;2021-08-03T17:00:00+02:00
1293;Demanda real;;;29847.33333333333;2021-08-03T18:00:00+02:00
1293;Demanda real;;;29622.83333333333;2021-08-03T19:00:00+02:00
1293;Demanda real;;;29400;2021-08-03T20:00:00+02:00
1293;Demanda real;;;30056;2021-08-03T21:00:00+02:00
1293;Demanda real;;;29578;2021-08-03T22:00:00+02:00
1293;Demanda real;;;27602.5;2021-08-03T23:00:00+02:00
1293;Demanda real;;;26705.16666666667;2021-08-04T00:00:00+02:00
1293;Demanda real;;;25494;2021-08-04T01:00:00+02:00
1293;Demanda real;;;24208.16666666667;2021-08-04T02:00:00+02:00
1293;Demanda real;;;23613.66666666667;2021-08-04T03:00:00+02:00
1293;Demanda real;;;23440.5;2021-08-04T04:00:00+02:00
1293;Demanda real;;;23787.16666666667;2021-08-04T05:00:00+02:00
1293;Demanda real;;;25267.16666666667;2021-08-04T06:00:00+02:00
1293;Demanda real;;;26749.16666666667;2021-08-04T07:00:00+02:00
1293;Demanda real;;;27978.16666666667;2021-08-04T08:00:00+02:00
1293;Demanda real;;;29374.33333333333;2021-08-04T09:00:00+02:00
1293;Demanda real;;;30550.16666666667;2021-08-04T10:00:00+02:00
1293;Demanda real;;;31145.33333333333;2021-08-04T11:00:00+02:00
1293;Demanda real;;;31974.16666666667;2021-08-04T12:00:00+02:00
1293;Demanda real;;;32587.83333333333;2021-08-04T13:00:00+02:00
1293;Demanda real;;;32639;2021-08-04T14:00:00+02:00
1293;Demanda real;;;31794.83333333333;2021-08-04T15:00:00+02:00
1293;Demanda real;;;31378;2021-08-04T16:00:00+02:00
1293;Demanda real;;;31047.33333333333;2021-08-04T17:00:00+02:00
1293;Demanda real;;;30386.83333333333;2021-08-04T18:00:00+02:00
1293;Demanda real;;;30004.16666666667;2021-08-04T19:00:00+02:00
1293;Demanda real;;;29807.16666666667;2021-08-04T20:00:00+02:00
1293;Demanda real;;;30270.83333333333;2021-08-04T21:00:00+02:00
1293;Demanda real;;;29871.66666666667;2021-08-04T22:00:00+02:00
1293;Demanda real;;;27901.83333333333;2021-08-04T23:00:00+02:00
1293;Demanda real;;;27056;2021-08-05T00:00:00+02:00
1293;Demanda real;;;25697.33333333333;2021-08-05T01:00:00+02:00
1293;Demanda real;;;24496.83333333333;2021-08-05T02:00:00+02:00
1293;Demanda real;;;23851.66666666667;2021-08-05T03:00:00+02:00
1293;Demanda real;;;23624;2021-08-05T04:00:00+02:00
1293;Demanda real;;;23884.16666666667;2021-08-05T05:00:00+02:00
1293;Demanda real;;;25558.83333333333;2021-08-05T06:00:00+02:00
1293;Demanda real;;;26927.5;2021-08-05T07:00:00+02:00
1293;Demanda real;;;27940.5;2021-08-05T08:00:00+02:00
1293;Demanda real;;;29378.83333333333;2021-08-05T09:00:00+02:00
1293;Demanda real;;;30609.5;2021-08-05T10:00:00+02:00
1293;Demanda real;;;31231.83333333333;2021-08-05T11:00:00+02:00
1293;Demanda real;;;32098.16666666667;2021-08-05T12:00:00+02:00
1293;Demanda real;;;32789.16666666667;2021-08-05T13:00:00+02:00
1293;Demanda real;;;33080.33333333334;2021-08-05T14:00:00+02:00
1293;Demanda real;;;32237.5;2021-08-05T15:00:00+02:00
1293;Demanda real;;;32055.33333333333;2021-08-05T16:00:00+02:00
1293;Demanda real;;;31906;2021-08-05T17:00:00+02:00
1293;Demanda real;;;31424.5;2021-08-05T18:00:00+02:00
1293;Demanda real;;;31083.33333333333;2021-08-05T19:00:00+02:00
1293;Demanda real;;;30588.66666666667;2021-08-05T20:00:00+02:00
1293;Demanda real;;;30884.33333333333;2021-08-05T21:00:00+02:00
1293;Demanda real;;;30419.5;2021-08-05T22:00:00+02:00
1293;Demanda real;;;28578.16666666667;2021-08-05T23:00:00+02:00
1293;Demanda real;;;27560.33333333333;2021-08-06T00:00:00+02:00
1293;Demanda real;;;26047.83333333333;2021-08-06T01:00:00+02:00
1293;Demanda real;;;24824;2021-08-06T02:00:00+02:00
1293;Demanda real;;;24081.5;2021-08-06T03:00:00+02:00
1293;Demanda real;;;23714.83333333333;2021-08-06T04:00:00+02:00
1293;Demanda real;;;23980;2021-08-06T05:00:00+02:00
1293;Demanda real;;;25359;2021-08-06T06:00:00+02:00
1293;Demanda real;;;26771.33333333333;2021-08-06T07:00:00+02:00
1293;Demanda real;;;27885.33333333333;2021-08-06T08:00:00+02:00
1293;Demanda real;;;29431.83333333333;2021-08-06T09:00:00+02:00
1293;Demanda real;;;30744.66666666667;2021-08-06T10:00:00+02:00
1293;Demanda real;;;31493.66666666667;2021-08-06T11:00:00+02:00
1293;Demanda real;;;32212.66666666667;2021-08-06T12:00:00+02:00
1293;Demanda real;;;32678.5;2021-08-06T13:00:00+02:00
1293;Demanda real;;;32612.83333333333;2021-08-06T14:00:00+02:00
1293;Demanda real;;;31758.16666666667;2021-08-06T15:00:00+02:00
1293;Demanda real;;;31430;2021-08-06T16:00:00+02:00
1293;Demanda real;;;31185.33333333333;2021-08-06T17:00:00+02:00
1293;Demanda real;;;30639.5;2021-08-06T18:00:00+02:00
1293;Demanda real;;;30258;2021-08-06T19:00:00+02:00
1293;Demanda real;;;29925.83333333333;2021-08-06T20:00:00+02:00
1293;Demanda real;;;30102.66666666667;2021-08-06T21:00:00+02:00
1293;Demanda real;;;29663;2021-08-06T22:00:00+02:00
1293;Demanda real;;;27728.33333333333;2021-08-06T23:00:00+02:00
1293;Demanda real;;;26946.33333333333;2021-08-07T00:00:00+02:00
1293;Demanda real;;;25756.16666666667;2021-08-07T01:00:00+02:00
1293;Demanda real;;;24312.66666666667;2021-08-07T02:00:00+02:00
1293;Demanda real;;;23531.66666666667;2021-08-07T03:00:00+02:00
1293;Demanda real;;;22957.5;2021-08-07T04:00:00+02:00
1293;Demanda real;;;22733.83333333333;2021-08-07T05:00:00+02:00
1293;Demanda real;;;23089.33333333333;2021-08-07T06:00:00+02:00
1293;Demanda real;;;23224;2021-08-07T07:00:00+02:00
1293;Demanda real;;;24211.66666666667;2021-08-07T08:00:00+02:00
1293;Demanda real;;;25931.66666666667;2021-08-07T09:00:00+02:00
1293;Demanda real;;;27505;2021-08-07T10:00:00+02:00
1293;Demanda real;;;28306.16666666667;2021-08-07T11:00:00+02:00
1293;Demanda real;;;28855;2021-08-07T12:00:00+02:00
1293;Demanda real;;;29601;2021-08-07T13:00:00+02:00
1293;Demanda real;;;29740.83333333333;2021-08-07T14:00:00+02:00
1293;Demanda real;;;28945.33333333333;2021-08-07T15:00:00+02:00
1293;Demanda real;;;28391.5;2021-08-07T16:00:00+02:00
1293;Demanda real;;;27847;2021-08-07T17:00:00+02:00
1293;Demanda real;;;27445;2021-08-07T18:00:00+02:00
1293;Demanda real;;;27584.16666666667;2021-08-07T19:00:00+02:00
1293;Demanda real;;;27675.33333333333;2021-08-07T20:00:00+02:00
1293;Demanda real;;;28548.16666666667;2021-08-07T21:00:00+02:00
1293;Demanda real;;;28062.5;2021-08-07T22:00:00+02:00
1293;Demanda real;;;26404.16666666667;2021-08-07T23:00:00+02:00
1293;Demanda real;;;25097.66666666667;2021-08-08T00:00:00+02:00
1293;Demanda real;;;23700.66666666667;2021-08-08T01:00:00+02:00
1293;Demanda real;;;22482;2021-08-08T02:00:00+02:00
1293;Demanda real;;;21720;2021-08-08T03:00:00+02:00
1293;Demanda real;;;21366.16666666667;2021-08-08T04:00:00+02:00
1293;Demanda real;;;21162.16666666667;2021-08-08T05:00:00+02:00
1293;Demanda real;;;21125.16666666667;2021-08-08T06:00:00+02:00
1293;Demanda real;;;20924.5;2021-08-08T07:00:00+02:00
1293;Demanda real;;;21430.83333333333;2021-08-08T08:00:00+02:00
1293;Demanda real;;;22699.33333333333;2021-08-08T09:00:00+02:00
1293;Demanda real;;;24041.16666666667;2021-08-08T10:00:00+02:00
1293;Demanda real;;;24953.66666666667;2021-08-08T11:00:00+02:00
1293;Demanda real;;;25472.66666666667;2021-08-08T12:00:00+02:00
1293;Demanda real;;;26172.33333333333;2021-08-08T13:00:00+02:00
1293;Demanda real;;;26457.5;2021-08-08T14:00:00+02:00
1293;Demanda real;;;25814.5;2021-08-08T15:00:00+02:00
1293;Demanda real;;;25163.5;2021-08-08T16:00:00+02:00
1293;Demanda real;;;24865.83333333333;2021-08-08T17:00:00+02:00
1293;Demanda real;;;24973.66666666667;2021-08-08T18:00:00+02:00
1293;Demanda real;;;25181;2021-08-08T19:00:00+02:00
1293;Demanda real;;;25659.33333333333;2021-08-08T20:00:00+02:00
1293;Demanda real;;;27005.5;2021-08-08T21:00:00+02:00
1293;Demanda real;;;27416.66666666667;2021-08-08T22:00:00+02:00
1293;Demanda real;;;25883;2021-08-08T23:00:00+02:00
1293;Demanda real;;;24484.66666666667;2021-08-09T00:00:00+02:00
1293;Demanda real;;;23077.83333333333;2021-08-09T01:00:00+02:00
1293;Demanda real;;;22148.66666666667;2021-08-09T02:00:00+02:00
1293;Demanda real;;;21723;2021-08-09T03:00:00+02:00
1293;Demanda real;;;21501.5;2021-08-09T04:00:00+02:00
1293;Demanda real;;;21879.5;2021-08-09T05:00:00+02:00
1293;Demanda real;;;23471.66666666667;2021-08-09T06:00:00+02:00
1293;Demanda real;;;25062.16666666667;2021-08-09T07:00:00+02:00
1293;Demanda real;;;26429.66666666667;2021-08-09T08:00:00+02:00
1293;Demanda real;;;27858.33333333333;2021-08-09T09:00:00+02:00
1293;Demanda real;;;28860.83333333333;2021-08-09T10:00:00+02:00
1293;Demanda real;;;29460.5;2021-08-09T11:00:00+02:00
1293;Demanda real;;;30087;2021-08-09T12:00:00+02:00
1293;Demanda real;;;30831.5;2021-08-09T13:00:00+02:00
1293;Demanda real;;;30947;2021-08-09T14:00:00+02:00
1293;Demanda real;;;30193.83333333333;2021-08-09T15:00:00+02:00
1293;Demanda real;;;30016.16666666667;2021-08-09T16:00:00+02:00
1293;Demanda real;;;29955;2021-08-09T17:00:00+02:00
1293;Demanda real;;;29310.66666666667;2021-08-09T18:00:00+02:00
1293;Demanda real;;;29077.16666666667;2021-08-09T19:00:00+02:00
1293;Demanda real;;;28801.66666666667;2021-08-09T20:00:00+02:00
1293;Demanda real;;;29550;2021-08-09T21:00:00+02:00
1293;Demanda real;;;29164.5;2021-08-09T22:00:00+02:00
1293;Demanda real;;;27392.83333333333;2021-08-09T23:00:00+02:00
1293;Demanda real;;;26379.66666666667;2021-08-10T00:00:00+02:00
1293;Demanda real;;;25107.16666666667;2021-08-10T01:00:00+02:00
1293;Demanda real;;;23930.16666666667;2021-08-10T02:00:00+02:00
1293;Demanda real;;;23317;2021-08-10T03:00:00+02:00
1293;Demanda real;;;23002.83333333333;2021-08-10T04:00:00+02:00
1293;Demanda real;;;23245.33333333333;2021-08-10T05:00:00+02:00
1293;Demanda real;;;24496.33333333333;2021-08-10T06:00:00+02:00
1293;Demanda real;;;25803;2021-08-10T07:00:00+02:00
1293;Demanda real;;;26779.5;2021-08-10T08:00:00+02:00
1293;Demanda real;;;28172.66666666667;2021-08-10T09:00:00+02:00
1293;Demanda real;;;29310.5;2021-08-10T10:00:00+02:00
1293;Demanda real;;;30087.83333333333;2021-08-10T11:00:00+02:00
1293;Demanda real;;;30818.5;2021-08-10T12:00:00+02:00
1293;Demanda real;;;31621.5;2021-08-10T13:00:00+02:00
1293;Demanda real;;;31819.5;2021-08-10T14:00:00+02:00
1293;Demanda real;;;31131;2021-08-10T15:00:00+02:00
1293;Demanda real;;;30780.83333333333;2021-08-10T16:00:00+02:00
1293;Demanda real;;;30534.5;2021-08-10T17:00:00+02:00
1293;Demanda real;;;30139.16666666667;2021-08-10T18:00:00+02:00
1293;Demanda real;;;29949;2021-08-10T19:00:00+02:00
1293;Demanda real;;;29677.33333333333;2021-08-10T20:00:00+02:00
1293;Demanda real;;;30425.5;2021-08-10T21:00:00+02:00
1293;Demanda real;;;29752.83333333333;2021-08-10T22:00:00+02:00
1293;Demanda real;;;27807;2021-08-10T23:00:00+02:00
1293;Demanda real;;;26856;2021-08-11T00:00:00+02:00
1293;Demanda real;;;25607.5;2021-08-11T01:00:00+02:00
1293;Demanda real;;;24416.83333333333;2021-08-11T02:00:00+02:00
1293;Demanda real;;;23787.83333333333;2021-08-11T03:00:00+02:00
1293;Demanda real;;;23451.5;2021-08-11T04:00:00+02:00
1293;Demanda real;;;23713.83333333333;2021-08-11T05:00:00+02:00
1293;Demanda real;;;25215.5;2021-08-11T06:00:00+02:00
1293;Demanda real;;;26613;2021-08-11T07:00:00+02:00
1293;Demanda real;;;27675.66666666667;2021-08-11T08:00:00+02:00
1293;Demanda real;;;29195.83333333333;2021-08-11T09:00:00+02:00
1293;Demanda real;;;30213.83333333333;2021-08-11T10:00:00+02:00
1293;Demanda real;;;31241.16666666667;2021-08-11T11:00:00+02:00
1293;Demanda real;;;32054.83333333333;2021-08-11T12:00:00+02:00
1293;Demanda real;;;32948.33333333334;2021-08-11T13:00:00+02:00
1293;Demanda real;;;33239.66666666667;2021-08-11T14:00:00+02:00
1293;Demanda real;;;32768.5;2021-08-11T15:00:00+02:00
1293;Demanda real;;;32590.33333333333;2021-08-11T16:00:00+02:00
1293;Demanda real;;;32178.83333333333;2021-08-11T17:00:00+02:00
1293;Demanda real;;;31571;2021-08-11T18:00:00+02:00
1293;Demanda real;;;31135;2021-08-11T19:00:00+02:00
1293;Demanda real;;;31103.66666666667;2021-08-11T20:00:00+02:00
1293;Demanda real;;;31560.33333333333;2021-08-11T21:00:00+02:00
1293;Demanda real;;;30877;2021-08-11T22:00:00+02:00
1293;Demanda real;;;28968;2021-08-11T23:00:00+02:00
1293;Demanda real;;;28143.16666666667;2021-08-12T00:00:00+02:00
1293;Demanda real;;;26662;2021-08-12T01:00:00+02:00
1293;Demanda real;;;25386.83333333333;2021-08-12T02:00:00+02:00
1293;Demanda real;;;24591;2021-08-12T03:00:00+02:00
1293;Demanda real;;;24102.5;2021-08-12T04:00:00+02:00
1293;Demanda real;;;24130.66666666667;2021-08-12T05:00:00+02:00
1293;Demanda real;;;25597;2021-08-12T06:00:00+02:00
1293;Demanda real;;;27105.5;2021-08-12T07:00:00+02:00
1293;Demanda real;;;27857.66666666667;2021-08-12T08:00:00+02:00
1293;Demanda real;;;29771.66666666667;2021-08-12T09:00:00+02:00
1293;Demanda real;;;30927.66666666667;2021-08-12T10:00:00+02:00
1293;Demanda real;;;31852.83333333333;2021-08-12T11:00:00+02:00
1293;Demanda real;;;32966.83333333334;2021-08-12T12:00:00+02:00
1293;Demanda real;;;33835.33333333334;2021-08-12T13:00:00+02:00
1293;Demanda real;;;34295.5;2021-08-12T14:00:00+02:00
1293;Demanda real;;;33879.83333333334;2021-08-12T15:00:00+02:00
1293;Demanda real;;;33514.33333333334;2021-08-12T16:00:00+02:00
1293;Demanda real;;;33204.5;2021-08-12T17:00:00+02:00
1293;Demanda real;;;32580.83333333333;2021-08-12T18:00:00+02:00
1293;Demanda real;;;32203;2021-08-12T19:00:00+02:00
1293;Demanda real;;;31781;2021-08-12T20:00:00+02:00
1293;Demanda real;;;32409.66666666667;2021-08-12T21:00:00+02:00
1293;Demanda real;;;31913.5;2021-08-12T22:00:00+02:00
1293;Demanda real;;;29910;2021-08-12T23:00:00+02:00
1293;Demanda real;;;28888.16666666667;2021-08-13T00:00:00+02:00
1293;Demanda real;;;27259.5;2021-08-13T01:00:00+02:00
1293;Demanda real;;;25782.16666666667;2021-08-13T02:00:00+02:00
1293;Demanda real;;;24865.33333333333;2021-08-13T03:00:00+02:00
1293;Demanda real;;;24554.5;2021-08-13T04:00:00+02:00
1293;Demanda real;;;24586.5;2021-08-13T05:00:00+02:00
1293;Demanda real;;;25861.16666666667;2021-08-13T06:00:00+02:00
1293;Demanda real;;;27013.16666666667;2021-08-13T07:00:00+02:00
1293;Demanda real;;;27853.66666666667;2021-08-13T08:00:00+02:00
1293;Demanda real;;;29651.16666666667;2021-08-13T09:00:00+02:00
1293;Demanda real;;;31030.16666666667;2021-08-13T10:00:00+02:00
1293;Demanda real;;;32233;2021-08-13T11:00:00+02:00
1293;Demanda real;;;33300.66666666667;2021-08-13T12:00:00+02:00
1293;Demanda real;;;34200.66666666667;2021-08-13T13:00:00+02:00
1293;Demanda real;;;34722.83333333334;2021-08-13T14:00:00+02:00
1293;Demanda real;;;34224.16666666667;2021-08-13T15:00:00+02:00
1293;Demanda real;;;33773.16666666667;2021-08-13T16:00:00+02:00
1293;Demanda real;;;33337.33333333334;2021-08-13T17:00:00+02:00
1293;Demanda real;;;32730.66666666667;2021-08-13T18:00:00+02:00
1293;Demanda real;;;32326.83333333333;2021-08-13T19:00:00+02:00
1293;Demanda real;;;32030.66666666667;2021-08-13T20:00:00+02:00
1293;Demanda real;;;32483.5;2021-08-13T21:00:00+02:00
1293;Demanda real;;;31806.33333333333;2021-08-13T22:00:00+02:00
1293;Demanda real;;;29928.16666666667;2021-08-13T23:00:00+02:00
1293;Demanda real;;;29142;2021-08-14T00:00:00+02:00
1293;Demanda real;;;27585;2021-08-14T01:00:00+02:00
1293;Demanda real;;;26102.83333333333;2021-08-14T02:00:00+02:00
1293;Demanda real;;;25081.33333333333;2021-08-14T03:00:00+02:00
1293;Demanda real;;;24491.5;2021-08-14T04:00:00+02:00
1293;Demanda real;;;24257.66666666667;2021-08-14T05:00:00+02:00
1293;Demanda real;;;24465.66666666667;2021-08-14T06:00:00+02:00
1293;Demanda real;;;24648;2021-08-14T07:00:00+02:00
1293;Demanda real;;;25302.16666666667;2021-08-14T08:00:00+02:00
1293;Demanda real;;;27418;2021-08-14T09:00:00+02:00
1293;Demanda real;;;29206.83333333333;2021-08-14T10:00:00+02:00
1293;Demanda real;;;30362.83333333333;2021-08-14T11:00:00+02:00
1293;Demanda real;;;31319.83333333333;2021-08-14T12:00:00+02:00
1293;Demanda real;;;32266.66666666667;2021-08-14T13:00:00+02:00
1293;Demanda real;;;32841.33333333334;2021-08-14T14:00:00+02:00
1293;Demanda real;;;32484.66666666667;2021-08-14T15:00:00+02:00
1293;Demanda real;;;32072.5;2021-08-14T16:00:00+02:00
1293;Demanda real;;;31666.5;2021-08-14T17:00:00+02:00
1293;Demanda real;;;31433;2021-08-14T18:00:00+02:00
1293;Demanda real;;;31168.33333333333;2021-08-14T19:00:00+02:00
1293;Demanda real;;;31149.5;2021-08-14T20:00:00+02:00
1293;Demanda real;;;32043;2021-08-14T21:00:00+02:00
1293;Demanda real;;;31305.16666666667;2021-08-14T22:00:00+02:00
1293;Demanda real;;;29543.66666666667;2021-08-14T23:00:00+02:00
1293;Demanda real;;;28087.33333333333;2021-08-15T00:00:00+02:00
1293;Demanda real;;;26454;2021-08-15T01:00:00+02:00
1293;Demanda real;;;25063.16666666667;2021-08-15T02:00:00+02:00
1293;Demanda real;;;24029.5;2021-08-15T03:00:00+02:00
1293;Demanda real;;;23464.5;2021-08-15T04:00:00+02:00
1293;Demanda real;;;22961.5;2021-08-15T05:00:00+02:00
1293;Demanda real;;;22844;2021-08-15T06:00:00+02:00
1293;Demanda real;;;22719.5;2021-08-15T07:00:00+02:00
1293;Demanda real;;;22998.33333333333;2021-08-15T08:00:00+02:00
1293;Demanda real;;;24446.66666666667;2021-08-15T09:00:00+02:00
1293;Demanda real;;;26023.16666666667;2021-08-15T10:00:00+02:00
1293;Demanda real;;;27212.5;2021-08-15T11:00:00+02:00
1293;Demanda real;;;28622.66666666667;2021-08-15T12:00:00+02:00
1293;Demanda real;;;29718.33333333333;2021-08-15T13:00:00+02:00
1293;Demanda real;;;30443.83333333333;2021-08-15T14:00:00+02:00
1293;Demanda real;;;30186;2021-08-15T15:00:00+02:00
1293;Demanda real;;;29825.66666666667;2021-08-15T16:00:00+02:00
1293;Demanda real;;;29565.33333333333;2021-08-15T17:00:00+02:00
1293;Demanda real;;;29688.83333333333;2021-08-15T18:00:00+02:00
1293;Demanda real;;;29635.16666666667;2021-08-15T19:00:00+02:00
1293;Demanda real;;;29796;2021-08-15T20:00:00+02:00
1293;Demanda real;;;31034.83333333333;2021-08-15T21:00:00+02:00
1293;Demanda real;;;31120;2021-08-15T22:00:00+02:00
1293;Demanda real;;;29501.5;2021-08-15T23:00:00+02:00
1293;Demanda real;;;27811;2021-08-16T00:00:00+02:00
1293;Demanda real;;;26214.83333333333;2021-08-16T01:00:00+02:00
1293;Demanda real;;;24895.16666666667;2021-08-16T02:00:00+02:00
1293;Demanda real;;;24015.83333333333;2021-08-16T03:00:00+02:00
1293;Demanda real;;;23627.83333333333;2021-08-16T04:00:00+02:00
1293;Demanda real;;;23714.33333333333;2021-08-16T05:00:00+02:00
1293;Demanda real;;;24782.33333333333;2021-08-16T06:00:00+02:00
1293;Demanda real;;;25847.5;2021-08-16T07:00:00+02:00
1293;Demanda real;;;26485.33333333333;2021-08-16T08:00:00+02:00
1293;Demanda real;;;28050.33333333333;2021-08-16T09:00:00+02:00
1293;Demanda real;;;29266.5;2021-08-16T10:00:00+02:00
1293;Demanda real;;;30303.5;2021-08-16T11:00:00+02:00
1293;Demanda real;;;31283.83333333333;2021-08-16T12:00:00+02:00
1293;Demanda real;;;32330.83333333333;2021-08-16T13:00:00+02:00
1293;Demanda real;;;33038.83333333334;2021-08-16T14:00:00+02:00
1293;Demanda real;;;32668.66666666667;2021-08-16T15:00:00+02:00
1293;Demanda real;;;32305.66666666667;2021-08-16T16:00:00+02:00
1293;Demanda real;;;31878.83333333333;2021-08-16T17:00:00+02:00
1293;Demanda real;;;31181.83333333333;2021-08-16T18:00:00+02:00
1293;Demanda real;;;30578;2021-08-16T19:00:00+02:00
1293;Demanda real;;;30431.33333333333;2021-08-16T20:00:00+02:00
1293;Demanda real;;;31183.5;2021-08-16T21:00:00+02:00
1293;Demanda real;;;30697.33333333333;2021-08-16T22:00:00+02:00
1293;Demanda real;;;28785.83333333333;2021-08-16T23:00:00+02:00
1293;Demanda real;;;27812.16666666667;2021-08-17T00:00:00+02:00
1293;Demanda real;;;26338.66666666667;2021-08-17T01:00:00+02:00
1293;Demanda real;;;25069.16666666667;2021-08-17T02:00:00+02:00
1293;Demanda real;;;24290.83333333333;2021-08-17T03:00:00+02:00
1293;Demanda real;;;23834.16666666667;2021-08-17T04:00:00+02:00
1293;Demanda real;;;23925.16666666667;2021-08-17T05:00:00+02:00
1293;Demanda real;;;25096.33333333333;2021-08-17T06:00:00+02:00
1293;Demanda real;;;26457.5;2021-08-17T07:00:00+02:00
1293;Demanda real;;;27127.83333333333;2021-08-17T08:00:00+02:00
1293;Demanda real;;;28560;2021-08-17T09:00:00+02:00
1293;Demanda real;;;29597;2021-08-17T10:00:00+02:00
1293;Demanda real;;;30487;2021-08-17T11:00:00+02:00
1293;Demanda real;;;31295;2021-08-17T12:00:00+02:00
1293;Demanda real;;;31997.5;2021-08-17T13:00:00+02:00
1293;Demanda real;;;32361.83333333333;2021-08-17T14:00:00+02:00
1293;Demanda real;;;31770.83333333333;2021-08-17T15:00:00+02:00
1293;Demanda real;;;31625.66666666667;2021-08-17T16:00:00+02:00
1293;Demanda real;;;31276.5;2021-08-17T17:00:00+02:00
1293;Demanda real;;;30660.5;2021-08-17T18:00:00+02:00
1293;Demanda real;;;30225.83333333333;2021-08-17T19:00:00+02:00
1293;Demanda real;;;29968;2021-08-17T20:00:00+02:00
1293;Demanda real;;;30779.5;2021-08-17T21:00:00+02:00
1293;Demanda real;;;29912.16666666667;2021-08-17T22:00:00+02:00
1293;Demanda real;;;28020.66666666667;2021-08-17T23:00:00+02:00
1293;Demanda real;;;27128.16666666667;2021-08-18T00:00:00+02:00
1293;Demanda real;;;25874.83333333333;2021-08-18T01:00:00+02:00
1293;Demanda real;;;24785.66666666667;2021-08-18T02:00:00+02:00
1293;Demanda real;;;24043;2021-08-18T03:00:00+02:00
1293;Demanda real;;;23817.33333333333;2021-08-18T04:00:00+02:00
1293;Demanda real;;;23838.83333333333;2021-08-18T05:00:00+02:00
1293;Demanda real;;;25145.5;2021-08-18T06:00:00+02:00
1293;Demanda real;;;26442.83333333333;2021-08-18T07:00:00+02:00
1293;Demanda real;;;27219.5;2021-08-18T08:00:00+02:00
1293;Demanda real;;;28574.16666666667;2021-08-18T09:00:00+02:00
1293;Demanda real;;;29681.16666666667;2021-08-18T10:00:00+02:00
1293;Demanda real;;;30285.33333333333;2021-08-18T11:00:00+02:00
1293;Demanda real;;;31133.16666666667;2021-08-18T12:00:00+02:00
1293;Demanda real;;;31866.5;2021-08-18T13:00:00+02:00
1293;Demanda real;;;32249.66666666667;2021-08-18T14:00:00+02:00
1293;Demanda real;;;31718;2021-08-18T15:00:00+02:00
1293;Demanda real;;;31378.83333333333;2021-08-18T16:00:00+02:00
1293;Demanda real;;;31201;2021-08-18T17:00:00+02:00
1293;Demanda real;;;30475.5;2021-08-18T18:00:00+02:00
1293;Demanda real;;;29921.5;2021-08-18T19:00:00+02:00
1293;Demanda real;;;29753.5;2021-08-18T20:00:00+02:00
1293;Demanda real;;;30645.16666666667;2021-08-18T21:00:00+02:00
1293;Demanda real;;;29713.33333333333;2021-08-18T22:00:00+02:00
1293;Demanda real;;;27917.66666666667;2021-08-18T23:00:00+02:00
1293;Demanda real;;;27159.83333333333;2021-08-19T00:00:00+02:00
1293;Demanda real;;;25779.66666666667;2021-08-19T01:00:00+02:00
1293;Demanda real;;;24550.83333333333;2021-08-19T02:00:00+02:00
1293;Demanda real;;;23848;2021-08-19T03:00:00+02:00
1293;Demanda real;;;23601.5;2021-08-19T04:00:00+02:00
1293;Demanda real;;;23670.16666666667;2021-08-19T05:00:00+02:00
1293;Demanda real;;;25063.5;2021-08-19T06:00:00+02:00
1293;Demanda real;;;26585.66666666667;2021-08-19T07:00:00+02:00
1293;Demanda real;;;27285.16666666667;2021-08-19T08:00:00+02:00
1293;Demanda real;;;28646.66666666667;2021-08-19T09:00:00+02:00
1293;Demanda real;;;29680.83333333333;2021-08-19T10:00:00+02:00
1293;Demanda real;;;30255.83333333333;2021-08-19T11:00:00+02:00
1293;Demanda real;;;31061.66666666667;2021-08-19T12:00:00+02:00
1293;Demanda real;;;31873.5;2021-08-19T13:00:00+02:00
1293;Demanda real;;;32119;2021-08-19T14:00:00+02:00
1293;Demanda real;;;31599.5;2021-08-19T15:00:00+02:00
1293;Demanda real;;;31013.5;2021-08-19T16:00:00+02:00
1293;Demanda real;;;30883.66666666667;2021-08-19T17:00:00+02:00
1293;Demanda real;;;30255.83333333333;2021-08-19T18:00:00+02:00
1293;Demanda real;;;29814.16666666667;2021-08-19T19:00:00+02:00
1293;Demanda real;;;29615;2021-08-19T20:00:00+02:00
1293;Demanda real;;;30561.66666666667;2021-08-19T21:00:00+02:00
1293;Demanda real;;;29567.83333333333;2021-08-19T22:00:00+02:00
1293;Demanda real;;;27683.16666666667;2021-08-19T23:00:00+02:00
1293;Demanda real;;;26984.33333333333;2021-08-20T00:00:00+02:00
1293;Demanda real;;;25634.33333333333;2021-08-20T01:00:00+02:00
1293;Demanda real;;;24433.33333333333;2021-08-20T02:00:00+02:00
1293;Demanda real;;;23845;2021-08-20T03:00:00+02:00
1293;Demanda real;;;23517.83333333333;2021-08-20T04:00:00+02:00
1293;Demanda real;;;23537.83333333333;2021-08-20T05:00:00+02:00
1293;Demanda real;;;24958.83333333333;2021-08-20T06:00:00+02:00
1293;Demanda real;;;26238.5;2021-08-20T07:00:00+02:00
1293;Demanda real;;;27140.66666666667;2021-08-20T08:00:00+02:00
1293;Demanda real;;;28677.83333333333;2021-08-20T09:00:00+02:00
1293;Demanda real;;;29909;2021-08-20T10:00:00+02:00
1293;Demanda real;;;30813;2021-08-20T11:00:00+02:00
1293;Demanda real;;;31584;2021-08-20T12:00:00+02:00
1293;Demanda real;;;32268.16666666667;2021-08-20T13:00:00+02:00
1293;Demanda real;;;32469.33333333333;2021-08-20T14:00:00+02:00
1293;Demanda real;;;31774;2021-08-20T15:00:00+02:00
1293;Demanda real;;;31313;2021-08-20T16:00:00+02:00
1293;Demanda real;;;31086.33333333333;2021-08-20T17:00:00+02:00
1293;Demanda real;;;30531.33333333333;2021-08-20T18:00:00+02:00
1293;Demanda real;;;30127.33333333333;2021-08-20T19:00:00+02:00
1293;Demanda real;;;29801;2021-08-20T20:00:00+02:00
1293;Demanda real;;;30656.83333333333;2021-08-20T21:00:00+02:00
1293;Demanda real;;;29486.16666666667;2021-08-20T22:00:00+02:00
1293;Demanda real;;;27484.33333333333;2021-08-20T23:00:00+02:00
1293;Demanda real;;;26736.66666666667;2021-08-21T00:00:00+02:00
1293;Demanda real;;;25622.5;2021-08-21T01:00:00+02:00
1293;Demanda real;;;24251;2021-08-21T02:00:00+02:00
1293;Demanda real;;;23342.83333333333;2021-08-21T03:00:00+02:00
1293;Demanda real;;;22814.33333333333;2021-08-21T04:00:00+02:00
1293;Demanda real;;;22504;2021-08-21T05:00:00+02:00
1293;Demanda real;;;22886.83333333333;2021-08-21T06:00:00+02:00
1293;Demanda real;;;23077.83333333333;2021-08-21T07:00:00+02:00
1293;Demanda real;;;23929.66666666667;2021-08-21T08:00:00+02:00
1293;Demanda real;;;25718;2021-08-21T09:00:00+02:00
1293;Demanda real;;;27423.5;2021-08-21T10:00:00+02:00
1293;Demanda real;;;28266.16666666667;2021-08-21T11:00:00+02:00
1293;Demanda real;;;28888.66666666667;2021-08-21T12:00:00+02:00
1293;Demanda real;;;29620.83333333333;2021-08-21T13:00:00+02:00
1293;Demanda real;;;29920.33333333333;2021-08-21T14:00:00+02:00
1293;Demanda real;;;29540.33333333333;2021-08-21T15:00:00+02:00
1293;Demanda real;;;28965.5;2021-08-21T16:00:00+02:00
1293;Demanda real;;;28522.33333333333;2021-08-21T17:00:00+02:00
1293;Demanda real;;;28487.83333333333;2021-08-21T18:00:00+02:00
1293;Demanda real;;;28297.66666666667;2021-08-21T19:00:00+02:00
1293;Demanda real;;;28397.83333333333;2021-08-21T20:00:00+02:00
1293;Demanda real;;;29616.33333333333;2021-08-21T21:00:00+02:00
1293;Demanda real;;;28562.33333333333;2021-08-21T22:00:00+02:00
1293;Demanda real;;;26876;2021-08-21T23:00:00+02:00
1293;Demanda real;;;25527.83333333333;2021-08-22T00:00:00+02:00
1293;Demanda real;;;24087.5;2021-08-22T01:00:00+02:00
1293;Demanda real;;;23071.5;2021-08-22T02:00:00+02:00
1293;Demanda real;;;22131.33333333333;2021-08-22T03:00:00+02:00
1293;Demanda real;;;21529.66666666667;2021-08-22T04:00:00+02:00
1293;Demanda real;;;21416;2021-08-22T05:00:00+02:00
1293;Demanda real;;;21534.83333333333;2021-08-22T06:00:00+02:00
1293;Demanda real;;;21368.66666666667;2021-08-22T07:00:00+02:00
1293;Demanda real;;;21530.16666666667;2021-08-22T08:00:00+02:00
1293;Demanda real;;;22965.33333333333;2021-08-22T09:00:00+02:00
1293;Demanda real;;;24248.16666666667;2021-08-22T10:00:00+02:00
1293;Demanda real;;;25127.16666666667;2021-08-22T11:00:00+02:00
1293;Demanda real;;;25909.66666666667;2021-08-22T12:00:00+02:00
1293;Demanda real;;;27246.16666666667;2021-08-22T13:00:00+02:00
1293;Demanda real;;;27995.83333333333;2021-08-22T14:00:00+02:00
1293;Demanda real;;;27633.33333333333;2021-08-22T15:00:00+02:00
1293;Demanda real;;;27089.16666666667;2021-08-22T16:00:00+02:00
1293;Demanda real;;;26888.16666666667;2021-08-22T17:00:00+02:00
1293;Demanda real;;;26898.66666666667;2021-08-22T18:00:00+02:00
1293;Demanda real;;;27020;2021-08-22T19:00:00+02:00
1293;Demanda real;;;27341.16666666667;2021-08-22T20:00:00+02:00
1293;Demanda real;;;29161.33333333333;2021-08-22T21:00:00+02:00
1293;Demanda real;;;28993.66666666667;2021-08-22T22:00:00+02:00
1293;Demanda real;;;27454.33333333333;2021-08-22T23:00:00+02:00
1293;Demanda real;;;26054.16666666667;2021-08-23T00:00:00+02:00
1293;Demanda real;;;24571.33333333333;2021-08-23T01:00:00+02:00
1293;Demanda real;;;23367.66666666667;2021-08-23T02:00:00+02:00
1293;Demanda real;;;22718.5;2021-08-23T03:00:00+02:00
1293;Demanda real;;;22576;2021-08-23T04:00:00+02:00
1293;Demanda real;;;22670.5;2021-08-23T05:00:00+02:00
1293;Demanda real;;;24619.83333333333;2021-08-23T06:00:00+02:00
1293;Demanda real;;;26643.16666666667;2021-08-23T07:00:00+02:00
1293;Demanda real;;;27883.83333333333;2021-08-23T08:00:00+02:00
1293;Demanda real;;;29528.16666666667;2021-08-23T09:00:00+02:00
1293;Demanda real;;;30850.5;2021-08-23T10:00:00+02:00
1293;Demanda real;;;31587;2021-08-23T11:00:00+02:00
1293;Demanda real;;;32535.33333333333;2021-08-23T12:00:00+02:00
1293;Demanda real;;;33524.16666666667;2021-08-23T13:00:00+02:00
1293;Demanda real;;;33907.83333333334;2021-08-23T14:00:00+02:00
1293;Demanda real;;;33237.16666666667;2021-08-23T15:00:00+02:00
1293;Demanda real;;;32931.66666666667;2021-08-23T16:00:00+02:00
1293;Demanda real;;;32576;2021-08-23T17:00:00+02:00
1293;Demanda real;;;31780.16666666667;2021-08-23T18:00:00+02:00
1293;Demanda real;;;31128;2021-08-23T19:00:00+02:00
1293;Demanda real;;;30933.16666666667;2021-08-23T20:00:00+02:00
1293;Demanda real;;;32004.66666666667;2021-08-23T21:00:00+02:00
1293;Demanda real;;;30828.5;2021-08-23T22:00:00+02:00
1293;Demanda real;;;28704.83333333333;2021-08-23T23:00:00+02:00
1293;Demanda real;;;27912.33333333333;2021-08-24T00:00:00+02:00
1293;Demanda real;;;26678.5;2021-08-24T01:00:00+02:00
1293;Demanda real;;;25438;2021-08-24T02:00:00+02:00
1293;Demanda real;;;24828;2021-08-24T03:00:00+02:00
1293;Demanda real;;;24439.83333333333;2021-08-24T04:00:00+02:00
1293;Demanda real;;;24547.5;2021-08-24T05:00:00+02:00
1293;Demanda real;;;25988.16666666667;2021-08-24T06:00:00+02:00
1293;Demanda real;;;27859.83333333333;2021-08-24T07:00:00+02:00
1293;Demanda real;;;28792.83333333333;2021-08-24T08:00:00+02:00
1293;Demanda real;;;30267.33333333333;2021-08-24T09:00:00+02:00
1293;Demanda real;;;31117.83333333333;2021-08-24T10:00:00+02:00
1293;Demanda real;;;31766.16666666667;2021-08-24T11:00:00+02:00
1293;Demanda real;;;32725.16666666667;2021-08-24T12:00:00+02:00
1293;Demanda real;;;33392;2021-08-24T13:00:00+02:00
1293;Demanda real;;;33445.16666666667;2021-08-24T14:00:00+02:00
1293;Demanda real;;;32662.66666666667;2021-08-24T15:00:00+02:00
1293;Demanda real;;;32139.83333333333;2021-08-24T16:00:00+02:00
1293;Demanda real;;;31905.16666666667;2021-08-24T17:00:00+02:00
1293;Demanda real;;;31202.5;2021-08-24T18:00:00+02:00
1293;Demanda real;;;30848.66666666667;2021-08-24T19:00:00+02:00
1293;Demanda real;;;30728.5;2021-08-24T20:00:00+02:00
1293;Demanda real;;;31629.66666666667;2021-08-24T21:00:00+02:00
1293;Demanda real;;;30168;2021-08-24T22:00:00+02:00
1293;Demanda real;;;28026.66666666667;2021-08-24T23:00:00+02:00
1293;Demanda real;;;27095.33333333333;2021-08-25T00:00:00+02:00
1293;Demanda real;;;25808;2021-08-25T01:00:00+02:00
1293;Demanda real;;;24773.16666666667;2021-08-25T02:00:00+02:00
1293;Demanda real;;;24016.83333333333;2021-08-25T03:00:00+02:00
1293;Demanda real;;;23800.5;2021-08-25T04:00:00+02:00
1293;Demanda real;;;23979.16666666667;2021-08-25T05:00:00+02:00
1293;Demanda real;;;25794.5;2021-08-25T06:00:00+02:00
1293;Demanda real;;;27462.33333333333;2021-08-25T07:00:00+02:00
1293;Demanda real;;;28363.33333333333;2021-08-25T08:00:00+02:00
1293;Demanda real;;;29930;2021-08-25T09:00:00+02:00
1293;Demanda real;;;31034;2021-08-25T10:00:00+02:00
1293;Demanda real;;;31756.5;2021-08-25T11:00:00+02:00
1293;Demanda real;;;32586.66666666667;2021-08-25T12:00:00+02:00
1293;Demanda real;;;33193.66666666667;2021-08-25T13:00:00+02:00
1293;Demanda real;;;33230.66666666667;2021-08-25T14:00:00+02:00
1293;Demanda real;;;32429.66666666667;2021-08-25T15:00:00+02:00
1293;Demanda real;;;31943;2021-08-25T16:00:00+02:00
1293;Demanda real;;;31655;2021-08-25T17:00:00+02:00
1293;Demanda real;;;30972.83333333333;2021-08-25T18:00:00+02:00
1293;Demanda real;;;30545.5;2021-08-25T19:00:00+02:00
1293;Demanda real;;;30598.33333333333;2021-08-25T20:00:00+02:00
1293;Demanda real;;;31382.33333333333;2021-08-25T21:00:00+02:00
1293;Demanda real;;;29995.16666666667;2021-08-25T22:00:00+02:00
1293;Demanda real;;;28058;2021-08-25T23:00:00+02:00
1293;Demanda real;;;27104.66666666667;2021-08-26T00:00:00+02:00
1293;Demanda real;;;25953.33333333333;2021-08-26T01:00:00+02:00
1293;Demanda real;;;24798.16666666667;2021-08-26T02:00:00+02:00
1293;Demanda real;;;24084;2021-08-26T03:00:00+02:00
1293;Demanda real;;;23864.66666666667;2021-08-26T04:00:00+02:00
1293;Demanda real;;;24028;2021-08-26T05:00:00+02:00
1293;Demanda real;;;25751.66666666667;2021-08-26T06:00:00+02:00
1293;Demanda real;;;27405.33333333333;2021-08-26T07:00:00+02:00
1293;Demanda real;;;28470.33333333333;2021-08-26T08:00:00+02:00
1293;Demanda real;;;29887.5;2021-08-26T09:00:00+02:00
1293;Demanda real;;;31042.5;2021-08-26T10:00:00+02:00
1293;Demanda real;;;32068;2021-08-26T11:00:00+02:00
1293;Demanda real;;;32927;2021-08-26T12:00:00+02:00
1293;Demanda real;;;33739.83333333334;2021-08-26T13:00:00+02:00
1293;Demanda real;;;34005.66666666667;2021-08-26T14:00:00+02:00
1293;Demanda real;;;33329.16666666667;2021-08-26T15:00:00+02:00
1293;Demanda real;;;32995.5;2021-08-26T16:00:00+02:00
1293;Demanda real;;;32496.66666666667;2021-08-26T17:00:00+02:00
1293;Demanda real;;;31833.83333333333;2021-08-26T18:00:00+02:00
1293;Demanda real;;;31247.83333333333;2021-08-26T19:00:00+02:00
1293;Demanda real;;;31121.5;2021-08-26T20:00:00+02:00
1293;Demanda real;;;32174.83333333333;2021-08-26T21:00:00+02:00
1293;Demanda real;;;30849.5;2021-08-26T22:00:00+02:00
1293;Demanda real;;;28696.5;2021-08-26T23:00:00+02:00
1293;Demanda real;;;27722;2021-08-27T00:00:00+02:00
1293;Demanda real;;;26541;2021-08-27T01:00:00+02:00
1293;Demanda real;;;25145;2021-08-27T02:00:00+02:00
1293;Demanda real;;;24515.16666666667;2021-08-27T03:00:00+02:00
1293;Demanda real;;;24191.16666666667;2021-08-27T04:00:00+02:00
1293;Demanda real;;;24436.16666666667;2021-08-27T05:00:00+02:00
1293;Demanda real;;;25895.16666666667;2021-08-27T06:00:00+02:00
1293;Demanda real;;;27763.83333333333;2021-08-27T07:00:00+02:00
1293;Demanda real;;;28581;2021-08-27T08:00:00+02:00
1293;Demanda real;;;30163.83333333333;2021-08-27T09:00:00+02:00
1293;Demanda real;;;31325.5;2021-08-27T10:00:00+02:00
1293;Demanda real;;;32422.83333333333;2021-08-27T11:00:00+02:00
1293;Demanda real;;;33255.5;2021-08-27T12:00:00+02:00
1293;Demanda real;;;33960.66666666667;2021-08-27T13:00:00+02:00
1293;Demanda real;;;34009.33333333334;2021-08-27T14:00:00+02:00
1293;Demanda real;;;33364.16666666667;2021-08-27T15:00:00+02:00
1293;Demanda real;;;32814.66666666667;2021-08-27T16:00:00+02:00
1293;Demanda real;;;32513.5;2021-08-27T17:00:00+02:00
1293;Demanda real;;;32013.16666666667;2021-08-27T18:00:00+02:00
1293;Demanda real;;;31340.66666666667;2021-08-27T19:00:00+02:00
1293;Demanda real;;;30891.5;2021-08-27T20:00:00+02:00
1293;Demanda real;;;31817.66666666667;2021-08-27T21:00:00+02:00
1293;Demanda real;;;30156.16666666667;2021-08-27T22:00:00+02:00
1293;Demanda real;;;28234.16666666667;2021-08-27T23:00:00+02:00
1293;Demanda real;;;27446.66666666667;2021-08-28T00:00:00+02:00
1293;Demanda real;;;26153.5;2021-08-28T01:00:00+02:00
1293;Demanda real;;;24866.16666666667;2021-08-28T02:00:00+02:00
1293;Demanda real;;;23957.66666666667;2021-08-28T03:00:00+02:00
1293;Demanda real;;;23394.33333333333;2021-08-28T04:00:00+02:00
1293;Demanda real;;;23154.5;2021-08-28T05:00:00+02:00
1293;Demanda real;;;23426.83333333333;2021-08-28T06:00:00+02:00
1293;Demanda real;;;23751.5;2021-08-28T07:00:00+02:00
1293;Demanda real;;;24212.83333333333;2021-08-28T08:00:00+02:00
1293;Demanda real;;;25961.16666666667;2021-08-28T09:00:00+02:00
1293;Demanda real;;;27237.83333333333;2021-08-28T10:00:00+02:00
1293;Demanda real;;;28160.16666666667;2021-08-28T11:00:00+02:00
1293;Demanda real;;;28632.83333333333;2021-08-28T12:00:00+02:00
1293;Demanda real;;;29228.83333333333;2021-08-28T13:00:00+02:00
1293;Demanda real;;;29338;2021-08-28T14:00:00+02:00
1293;Demanda real;;;28676.33333333333;2021-08-28T15:00:00+02:00
1293;Demanda real;;;28198.16666666667;2021-08-28T16:00:00+02:00
1293;Demanda real;;;27951.5;2021-08-28T17:00:00+02:00
1293;Demanda real;;;27849;2021-08-28T18:00:00+02:00
1293;Demanda real;;;27790.33333333333;2021-08-28T19:00:00+02:00
1293;Demanda real;;;27996.5;2021-08-28T20:00:00+02:00
1293;Demanda real;;;29391.83333333333;2021-08-28T21:00:00+02:00
1293;Demanda real;;;28114;2021-08-28T22:00:00+02:00
1293;Demanda real;;;26416;2021-08-28T23:00:00+02:00
1293;Demanda real;;;25061;2021-08-29T00:00:00+02:00
1293;Demanda real;;;23691.5;2021-08-29T01:00:00+02:00
1293;Demanda real;;;22428.83333333333;2021-08-29T02:00:00+02:00
1293;Demanda real;;;21555.33333333333;2021-08-29T03:00:00+02:00
1293;Demanda real;;;21265;2021-08-29T04:00:00+02:00
1293;Demanda real;;;21032.66666666667;2021-08-29T05:00:00+02:00
1293;Demanda real;;;21187.5;2021-08-29T06:00:00+02:00
1293;Demanda real;;;21390.83333333333;2021-08-29T07:00:00+02:00
1293;Demanda real;;;21562.66666666667;2021-08-29T08:00:00+02:00
1293;Demanda real;;;22807.16666666667;2021-08-29T09:00:00+02:00
1293;Demanda real;;;23938.5;2021-08-29T10:00:00+02:00
1293;Demanda real;;;25068.5;2021-08-29T11:00:00+02:00
1293;Demanda real;;;25920.33333333333;2021-08-29T12:00:00+02:00
1293;Demanda real;;;26635.16666666667;2021-08-29T13:00:00+02:00
1293;Demanda real;;;27020.83333333333;2021-08-29T14:00:00+02:00
1293;Demanda real;;;26345.83333333333;2021-08-29T15:00:00+02:00
1293;Demanda real;;;25845.83333333333;2021-08-29T16:00:00+02:00
1293;Demanda real;;;25644.83333333333;2021-08-29T17:00:00+02:00
1293;Demanda real;;;25766.5;2021-08-29T18:00:00+02:00
1293;Demanda real;;;25808.83333333333;2021-08-29T19:00:00+02:00
1293;Demanda real;;;26416.16666666667;2021-08-29T20:00:00+02:00
1293;Demanda real;;;28353.66666666667;2021-08-29T21:00:00+02:00
1293;Demanda real;;;27805.16666666667;2021-08-29T22:00:00+02:00
1293;Demanda real;;;26173.16666666667;2021-08-29T23:00:00+02:00
1293;Demanda real;;;24923.83333333333;2021-08-30T00:00:00+02:00
1293;Demanda real;;;23751;2021-08-30T01:00:00+02:00
1293;Demanda real;;;22739.66666666667;2021-08-30T02:00:00+02:00
1293;Demanda real;;;22240;2021-08-30T03:00:00+02:00
1293;Demanda real;;;22025.33333333333;2021-08-30T04:00:00+02:00
1293;Demanda real;;;22393;2021-08-30T05:00:00+02:00
1293;Demanda real;;;24602.83333333333;2021-08-30T06:00:00+02:00
1293;Demanda real;;;27060.66666666667;2021-08-30T07:00:00+02:00
1293;Demanda real;;;28226;2021-08-30T08:00:00+02:00
1293;Demanda real;;;29661.16666666667;2021-08-30T09:00:00+02:00
1293;Demanda real;;;30610.66666666667;2021-08-30T10:00:00+02:00
1293;Demanda real;;;31407.33333333333;2021-08-30T11:00:00+02:00
1293;Demanda real;;;32298.5;2021-08-30T12:00:00+02:00
1293;Demanda real;;;32963.66666666667;2021-08-30T13:00:00+02:00
1293;Demanda real;;;32958.5;2021-08-30T14:00:00+02:00
1293;Demanda real;;;32011.16666666667;2021-08-30T15:00:00+02:00
1293;Demanda real;;;31621;2021-08-30T16:00:00+02:00
1293;Demanda real;;;31209.83333333333;2021-08-30T17:00:00+02:00
1293;Demanda real;;;30607;2021-08-30T18:00:00+02:00
1293;Demanda real;;;30298.83333333333;2021-08-30T19:00:00+02:00
1293;Demanda real;;;30241.83333333333;2021-08-30T20:00:00+02:00
1293;Demanda real;;;31575;2021-08-30T21:00:00+02:00
1293;Demanda real;;;29841.5;2021-08-30T22:00:00+02:00
1293;Demanda real;;;27932.16666666667;2021-08-30T23:00:00+02:00
1293;Demanda real;;;26928.16666666667;2021-08-31T00:00:00+02:00
1293;Demanda real;;;25864.83333333333;2021-08-31T01:00:00+02:00
1293;Demanda real;;;24693.5;2021-08-31T02:00:00+02:00
1293;Demanda real;;;24082;2021-08-31T03:00:00+02:00
1293;Demanda real;;;23810.33333333333;2021-08-31T04:00:00+02:00
1293;Demanda real;;;24156.16666666667;2021-08-31T05:00:00+02:00
1293;Demanda real;;;25854.66666666667;2021-08-31T06:00:00+02:00
1293;Demanda real;;;28066.66666666667;2021-08-31T07:00:00+02:00
1293;Demanda real;;;28987.5;2021-08-31T08:00:00+02:00
1293;Demanda real;;;30516.66666666667;2021-08-31T09:00:00+02:00
1293;Demanda real;;;31502.33333333333;2021-08-31T10:00:00+02:00
1293;Demanda real;;;32404.33333333333;2021-08-31T11:00:00+02:00
1293;Demanda real;;;33084;2021-08-31T12:00:00+02:00
1293;Demanda real;;;33777.5;2021-08-31T13:00:00+02:00
1293;Demanda real;;;33880.83333333334;2021-08-31T14:00:00+02:00
1293;Demanda real;;;32894;2021-08-31T15:00:00+02:00
1293;Demanda real;;;32373.66666666667;2021-08-31T16:00:00+02:00
1293;Demanda real;;;32003.33333333333;2021-08-31T17:00:00+02:00
1293;Demanda real;;;31407;2021-08-31T18:00:00+02:00
1293;Demanda real;;;30836.66666666667;2021-08-31T19:00:00+02:00
1293;Demanda real;;;31008.16666666667;2021-08-31T20:00:00+02:00
1293;Demanda real;;;32060.83333333333;2021-08-31T21:00:00+02:00
1293;Demanda real;;;30292.66666666667;2021-08-31T22:00:00+02:00
1293;Demanda real;;;28063.66666666667;2021-08-31T23:00:00+02:00
1293;Demanda real;;;27279.33333333333;2021-09-01T00:00:00+02:00
1293;Demanda real;;;26063.16666666667;2021-09-01T01:00:00+02:00
1293;Demanda real;;;25051.66666666667;2021-09-01T02:00:00+02:00
1293;Demanda real;;;24410.66666666667;2021-09-01T03:00:00+02:00
1293;Demanda real;;;24238.5;2021-09-01T04:00:00+02:00
1293;Demanda real;;;24345.16666666667;2021-09-01T05:00:00+02:00
1293;Demanda real;;;26001;2021-09-01T06:00:00+02:00
1293;Demanda real;;;28349.5;2021-09-01T07:00:00+02:00
1293;Demanda real;;;29400.16666666667;2021-09-01T08:00:00+02:00
1293;Demanda real;;;30835.16666666667;2021-09-01T09:00:00+02:00
1293;Demanda real;;;31681;2021-09-01T10:00:00+02:00
1293;Demanda real;;;32354.5;2021-09-01T11:00:00+02:00
1293;Demanda real;;;32900;2021-09-01T12:00:00+02:00
1293;Demanda real;;;33439.5;2021-09-01T13:00:00+02:00
1293;Demanda real;;;32990.33333333334;2021-09-01T14:00:00+02:00
1293;Demanda real;;;31985.5;2021-09-01T15:00:00+02:00
1293;Demanda real;;;31364;2021-09-01T16:00:00+02:00
1293;Demanda real;;;31007.33333333333;2021-09-01T17:00:00+02:00
1293;Demanda real;;;30323.83333333333;2021-09-01T18:00:00+02:00
1293;Demanda real;;;29742.16666666667;2021-09-01T19:00:00+02:00
1293;Demanda real;;;30222.66666666667;2021-09-01T20:00:00+02:00
1293;Demanda real;;;31362.5;2021-09-01T21:00:00+02:00
1293;Demanda real;;;29296.83333333333;2021-09-01T22:00:00+02:00
1293;Demanda real;;;27321.16666666667;2021-09-01T23:00:00+02:00
1293;Demanda real;;;26382.83333333333;2021-09-02T00:00:00+02:00
1293;Demanda real;;;25212.5;2021-09-02T01:00:00+02:00
1293;Demanda real;;;24176.33333333333;2021-09-02T02:00:00+02:00
1293;Demanda real;;;23711.83333333333;2021-09-02T03:00:00+02:00
1293;Demanda real;;;23465.5;2021-09-02T04:00:00+02:00
1293;Demanda real;;;23870.83333333333;2021-09-02T05:00:00+02:00
1293;Demanda real;;;25444.83333333333;2021-09-02T06:00:00+02:00
1293;Demanda real;;;27927.66666666667;2021-09-02T07:00:00+02:00
1293;Demanda real;;;29088.66666666667;2021-09-02T08:00:00+02:00
1293;Demanda real;;;30509.5;2021-09-02T09:00:00+02:00
1293;Demanda real;;;31209.33333333333;2021-09-02T10:00:00+02:00
1293;Demanda real;;;31694.66666666667;2021-09-02T11:00:00+02:00
1293;Demanda real;;;32452;2021-09-02T12:00:00+02:00
1293;Demanda real;;;32974.83333333334;2021-09-02T13:00:00+02:00
1293;Demanda real;;;32691;2021-09-02T14:00:00+02:00
1293;Demanda real;;;31633;2021-09-02T15:00:00+02:00
1293;Demanda real;;;31271.83333333333;2021-09-02T16:00:00+02:00
1293;Demanda real;;;31170;2021-09-02T17:00:00+02:00
1293;Demanda real;;;30585.33333333333;2021-09-02T18:00:00+02:00
1293;Demanda real;;;30235.83333333333;2021-09-02T19:00:00+02:00
1293;Demanda real;;;30412;2021-09-02T20:00:00+02:00
1293;Demanda real;;;31485;2021-09-02T21:00:00+02:00
1293;Demanda real;;;29455.66666666667;2021-09-02T22:00:00+02:00
1293;Demanda real;;;27495.16666666667;2021-09-02T23:00:00+02:00
1293;Demanda real;;;26631;2021-09-03T00:00:00+02:00
1293;Demanda real;;;25300.5;2021-09-03T01:00:00+02:00
1293;Demanda real;;;24261.5;2021-09-03T02:00:00+02:00
1293;Demanda real;;;23792;2021-09-03T03:00:00+02:00
1293;Demanda real;;;23608.83333333333;2021-09-03T04:00:00+02:00
1293;Demanda real;;;23820;2021-09-03T05:00:00+02:00
1293;Demanda real;;;25379.5;2021-09-03T06:00:00+02:00
1293;Demanda real;;;27737.16666666667;2021-09-03T07:00:00+02:00
1293;Demanda real;;;29009;2021-09-03T08:00:00+02:00
1293;Demanda real;;;30364.83333333333;2021-09-03T09:00:00+02:00
1293;Demanda real;;;31310.66666666667;2021-09-03T10:00:00+02:00
1293;Demanda real;;;31984.33333333333;2021-09-03T11:00:00+02:00
1293;Demanda real;;;32521.33333333333;2021-09-03T12:00:00+02:00
1293;Demanda real;;;33107.83333333334;2021-09-03T13:00:00+02:00
1293;Demanda real;;;32896.83333333334;2021-09-03T14:00:00+02:00
1293;Demanda real;;;31734;2021-09-03T15:00:00+02:00
1293;Demanda real;;;31188.83333333333;2021-09-03T16:00:00+02:00
1293;Demanda real;;;30846.16666666667;2021-09-03T17:00:00+02:00
1293;Demanda real;;;30467.5;2021-09-03T18:00:00+02:00
1293;Demanda real;;;30080.16666666667;2021-09-03T19:00:00+02:00
1293;Demanda real;;;30214.66666666667;2021-09-03T20:00:00+02:00
1293;Demanda real;;;31050.66666666667;2021-09-03T21:00:00+02:00
1293;Demanda real;;;29125.16666666667;2021-09-03T22:00:00+02:00
1293;Demanda real;;;27117.16666666667;2021-09-03T23:00:00+02:00
1293;Demanda real;;;26329.5;2021-09-04T00:00:00+02:00
1293;Demanda real;;;25022;2021-09-04T01:00:00+02:00
1293;Demanda real;;;23908;2021-09-04T02:00:00+02:00
1293;Demanda real;;;23083.5;2021-09-04T03:00:00+02:00
1293;Demanda real;;;22560.83333333333;2021-09-04T04:00:00+02:00
1293;Demanda real;;;22382.33333333333;2021-09-04T05:00:00+02:00
1293;Demanda real;;;22644.16666666667;2021-09-04T06:00:00+02:00
1293;Demanda real;;;23078.66666666667;2021-09-04T07:00:00+02:00
1293;Demanda real;;;23629.66666666667;2021-09-04T08:00:00+02:00
1293;Demanda real;;;25402.33333333333;2021-09-04T09:00:00+02:00
1293;Demanda real;;;26964.33333333333;2021-09-04T10:00:00+02:00
1293;Demanda real;;;27832.5;2021-09-04T11:00:00+02:00
1293;Demanda real;;;28268.66666666667;2021-09-04T12:00:00+02:00
1293;Demanda real;;;28778.16666666667;2021-09-04T13:00:00+02:00
1293;Demanda real;;;28750.5;2021-09-04T14:00:00+02:00
1293;Demanda real;;;27954.83333333333;2021-09-04T15:00:00+02:00
1293;Demanda real;;;27238.83333333333;2021-09-04T16:00:00+02:00
1293;Demanda real;;;27093.16666666667;2021-09-04T17:00:00+02:00
1293;Demanda real;;;26998;2021-09-04T18:00:00+02:00
1293;Demanda real;;;26951.33333333333;2021-09-04T19:00:00+02:00
1293;Demanda real;;;27552.83333333333;2021-09-04T20:00:00+02:00
1293;Demanda real;;;28917.16666666667;2021-09-04T21:00:00+02:00
1293;Demanda real;;;27447;2021-09-04T22:00:00+02:00
1293;Demanda real;;;25764;2021-09-04T23:00:00+02:00
1293;Demanda real;;;24474.33333333333;2021-09-05T00:00:00+02:00
1293;Demanda real;;;23138.16666666667;2021-09-05T01:00:00+02:00
1293;Demanda real;;;22032.5;2021-09-05T02:00:00+02:00
1293;Demanda real;;;21175;2021-09-05T03:00:00+02:00
1293;Demanda real;;;20685;2021-09-05T04:00:00+02:00
1293;Demanda real;;;20660.5;2021-09-05T05:00:00+02:00
1293;Demanda real;;;20972.33333333333;2021-09-05T06:00:00+02:00
1293;Demanda real;;;21082.83333333333;2021-09-05T07:00:00+02:00
1293;Demanda real;;;21208;2021-09-05T08:00:00+02:00
1293;Demanda real;;;22690.66666666667;2021-09-05T09:00:00+02:00
1293;Demanda real;;;24273.83333333333;2021-09-05T10:00:00+02:00
1293;Demanda real;;;25350.33333333333;2021-09-05T11:00:00+02:00
1293;Demanda real;;;26010.83333333333;2021-09-05T12:00:00+02:00
1293;Demanda real;;;26876.16666666667;2021-09-05T13:00:00+02:00
1293;Demanda real;;;27343.83333333333;2021-09-05T14:00:00+02:00
1293;Demanda real;;;26672.83333333333;2021-09-05T15:00:00+02:00
1293;Demanda real;;;26162.16666666667;2021-09-05T16:00:00+02:00
1293;Demanda real;;;25904;2021-09-05T17:00:00+02:00
1293;Demanda real;;;26136.5;2021-09-05T18:00:00+02:00
1293;Demanda real;;;26326.16666666667;2021-09-05T19:00:00+02:00
1293;Demanda real;;;26965.66666666667;2021-09-05T20:00:00+02:00
1293;Demanda real;;;28931.33333333333;2021-09-05T21:00:00+02:00
1293;Demanda real;;;28077.5;2021-09-05T22:00:00+02:00
1293;Demanda real;;;26374.66666666667;2021-09-05T23:00:00+02:00
1293;Demanda real;;;25106.16666666667;2021-09-06T00:00:00+02:00
1293;Demanda real;;;23745.16666666667;2021-09-06T01:00:00+02:00
1293;Demanda real;;;22929.33333333333;2021-09-06T02:00:00+02:00
1293;Demanda real;;;22475.33333333333;2021-09-06T03:00:00+02:00
1293;Demanda real;;;22318.5;2021-09-06T04:00:00+02:00
1293;Demanda real;;;22698.83333333333;2021-09-06T05:00:00+02:00
1293;Demanda real;;;25196.16666666667;2021-09-06T06:00:00+02:00
1293;Demanda real;;;27846.16666666667;2021-09-06T07:00:00+02:00
1293;Demanda real;;;29460.16666666667;2021-09-06T08:00:00+02:00
1293;Demanda real;;;31119.83333333333;2021-09-06T09:00:00+02:00
1293;Demanda real;;;32170.33333333333;2021-09-06T10:00:00+02:00
1293;Demanda real;;;33019.33333333334;2021-09-06T11:00:00+02:00
1293;Demanda real;;;33736.66666666667;2021-09-06T12:00:00+02:00
1293;Demanda real;;;34505.5;2021-09-06T13:00:00+02:00
1293;Demanda real;;;34703.33333333334;2021-09-06T14:00:00+02:00
1293;Demanda real;;;34051.16666666667;2021-09-06T15:00:00+02:00
1293;Demanda real;;;33791.16666666667;2021-09-06T16:00:00+02:00
1293;Demanda real;;;33387.5;2021-09-06T17:00:00+02:00
1293;Demanda real;;;32698.83333333333;2021-09-06T18:00:00+02:00
1293;Demanda real;;;32201.5;2021-09-06T19:00:00+02:00
1293;Demanda real;;;32214.33333333333;2021-09-06T20:00:00+02:00
1293;Demanda real;;;33105.16666666667;2021-09-06T21:00:00+02:00
1293;Demanda real;;;30795.33333333333;2021-09-06T22:00:00+02:00
1293;Demanda real;;;28522.5;2021-09-06T23:00:00+02:00
1293;Demanda real;;;27531.66666666667;2021-09-07T00:00:00+02:00
1293;Demanda real;;;26192;2021-09-07T01:00:00+02:00
1293;Demanda real;;;25035.5;2021-09-07T02:00:00+02:00
1293;Demanda real;;;24552;2021-09-07T03:00:00+02:00
1293;Demanda real;;;24326.66666666667;2021-09-07T04:00:00+02:00
1293;Demanda real;;;24549;2021-09-07T05:00:00+02:00
1293;Demanda real;;;26319.66666666667;2021-09-07T06:00:00+02:00
1293;Demanda real;;;29018.5;2021-09-07T07:00:00+02:00
1293;Demanda real;;;30377.33333333333;2021-09-07T08:00:00+02:00
1293;Demanda real;;;32069.83333333333;2021-09-07T09:00:00+02:00
1293;Demanda real;;;32971;2021-09-07T10:00:00+02:00
1293;Demanda real;;;33462.83333333334;2021-09-07T11:00:00+02:00
1293;Demanda real;;;34131.83333333334;2021-09-07T12:00:00+02:00
1293;Demanda real;;;34774.5;2021-09-07T13:00:00+02:00
1293;Demanda real;;;34731.66666666667;2021-09-07T14:00:00+02:00
1293;Demanda real;;;33801.83333333334;2021-09-07T15:00:00+02:00
1293;Demanda real;;;33569.16666666667;2021-09-07T16:00:00+02:00
1293;Demanda real;;;33512.83333333334;2021-09-07T17:00:00+02:00
1293;Demanda real;;;32751;2021-09-07T18:00:00+02:00
1293;Demanda real;;;32057.66666666667;2021-09-07T19:00:00+02:00
1293;Demanda real;;;32335.16666666667;2021-09-07T20:00:00+02:00
1293;Demanda real;;;33102.5;2021-09-07T21:00:00+02:00
1293;Demanda real;;;30756.5;2021-09-07T22:00:00+02:00
1293;Demanda real;;;28648.16666666667;2021-09-07T23:00:00+02:00
1293;Demanda real;;;27632.83333333333;2021-09-08T00:00:00+02:00
1293;Demanda real;;;26375;2021-09-08T01:00:00+02:00
1293;Demanda real;;;25226.33333333333;2021-09-08T02:00:00+02:00
1293;Demanda real;;;24493.5;2021-09-08T03:00:00+02:00
1293;Demanda real;;;24373.16666666667;2021-09-08T04:00:00+02:00
1293;Demanda real;;;24611.33333333333;2021-09-08T05:00:00+02:00
1293;Demanda real;;;26077.83333333333;2021-09-08T06:00:00+02:00
1293;Demanda real;;;28491.33333333333;2021-09-08T07:00:00+02:00
1293;Demanda real;;;29685.5;2021-09-08T08:00:00+02:00
1293;Demanda real;;;30803.33333333333;2021-09-08T09:00:00+02:00
1293;Demanda real;;;31787.83333333333;2021-09-08T10:00:00+02:00
1293;Demanda real;;;32470.5;2021-09-08T11:00:00+02:00
1293;Demanda real;;;33130.66666666667;2021-09-08T12:00:00+02:00
1293;Demanda real;;;33602.5;2021-09-08T13:00:00+02:00
1293;Demanda real;;;33540.33333333334;2021-09-08T14:00:00+02:00
1293;Demanda real;;;32675.16666666667;2021-09-08T15:00:00+02:00
1293;Demanda real;;;32459.83333333333;2021-09-08T16:00:00+02:00
1293;Demanda real;;;32142.33333333333;2021-09-08T17:00:00+02:00
1293;Demanda real;;;31652.66666666667;2021-09-08T18:00:00+02:00
1293;Demanda real;;;31185.66666666667;2021-09-08T19:00:00+02:00
1293;Demanda real;;;31555.33333333333;2021-09-08T20:00:00+02:00
1293;Demanda real;;;32341.83333333333;2021-09-08T21:00:00+02:00
1293;Demanda real;;;30456.66666666667;2021-09-08T22:00:00+02:00
1293;Demanda real;;;28254.16666666667;2021-09-08T23:00:00+02:00
1293;Demanda real;;;27312.66666666667;2021-09-09T00:00:00+02:00
1293;Demanda real;;;26017.66666666667;2021-09-09T01:00:00+02:00
1293;Demanda real;;;25033.5;2021-09-09T02:00:00+02:00
1293;Demanda real;;;24522.33333333333;2021-09-09T03:00:00+02:00
1293;Demanda real;;;24295.66666666667;2021-09-09T04:00:00+02:00
1293;Demanda real;;;24587.66666666667;2021-09-09T05:00:00+02:00
1293;Demanda real;;;26390;2021-09-09T06:00:00+02:00
1293;Demanda real;;;28994;2021-09-09T07:00:00+02:00
1293;Demanda real;;;30089.5;2021-09-09T08:00:00+02:00
1293;Demanda real;;;31290.83333333333;2021-09-09T09:00:00+02:00
1293;Demanda real;;;32357.16666666667;2021-09-09T10:00:00+02:00
1293;Demanda real;;;32854;2021-09-09T11:00:00+02:00
1293;Demanda real;;;33472.16666666667;2021-09-09T12:00:00+02:00
1293;Demanda real;;;34038.33333333334;2021-09-09T13:00:00+02:00
1293;Demanda real;;;33830.83333333334;2021-09-09T14:00:00+02:00
1293;Demanda real;;;32852;2021-09-09T15:00:00+02:00
1293;Demanda real;;;32522;2021-09-09T16:00:00+02:00
1293;Demanda real;;;32155.33333333333;2021-09-09T17:00:00+02:00
1293;Demanda real;;;31648.83333333333;2021-09-09T18:00:00+02:00
1293;Demanda real;;;31212.66666666667;2021-09-09T19:00:00+02:00
1293;Demanda real;;;31750;2021-09-09T20:00:00+02:00
1293;Demanda real;;;32303.66666666667;2021-09-09T21:00:00+02:00
1293;Demanda real;;;30171.33333333333;2021-09-09T22:00:00+02:00
1293;Demanda real;;;27951.83333333333;2021-09-09T23:00:00+02:00
1293;Demanda real;;;27065.66666666667;2021-09-10T00:00:00+02:00
1293;Demanda real;;;25800;2021-09-10T01:00:00+02:00
1293;Demanda real;;;24697.33333333333;2021-09-10T02:00:00+02:00
1293;Demanda real;;;24307.33333333333;2021-09-10T03:00:00+02:00
1293;Demanda real;;;24277.16666666667;2021-09-10T04:00:00+02:00
1293;Demanda real;;;24511.16666666667;2021-09-10T05:00:00+02:00
1293;Demanda real;;;26217;2021-09-10T06:00:00+02:00
1293;Demanda real;;;28966.16666666667;2021-09-10T07:00:00+02:00
1293;Demanda real;;;30050.66666666667;2021-09-10T08:00:00+02:00
1293;Demanda real;;;31051.66666666667;2021-09-10T09:00:00+02:00
1293;Demanda real;;;31732;2021-09-10T10:00:00+02:00
1293;Demanda real;;;32326.33333333333;2021-09-10T11:00:00+02:00
1293;Demanda real;;;33154.33333333334;2021-09-10T12:00:00+02:00
1293;Demanda real;;;33296;2021-09-10T13:00:00+02:00
1293;Demanda real;;;32870.66666666667;2021-09-10T14:00:00+02:00
1293;Demanda real;;;31884.5;2021-09-10T15:00:00+02:00
1293;Demanda real;;;31407;2021-09-10T16:00:00+02:00
1293;Demanda real;;;31077.83333333333;2021-09-10T17:00:00+02:00
1293;Demanda real;;;30603.83333333333;2021-09-10T18:00:00+02:00
1293;Demanda real;;;30254.83333333333;2021-09-10T19:00:00+02:00
1293;Demanda real;;;30621;2021-09-10T20:00:00+02:00
1293;Demanda real;;;31062;2021-09-10T21:00:00+02:00
1293;Demanda real;;;28935;2021-09-10T22:00:00+02:00
1293;Demanda real;;;27090.83333333333;2021-09-10T23:00:00+02:00
1293;Demanda real;;;26288;2021-09-11T00:00:00+02:00
1293;Demanda real;;;25194.66666666667;2021-09-11T01:00:00+02:00
1293;Demanda real;;;24150.66666666667;2021-09-11T02:00:00+02:00
1293;Demanda real;;;23285.5;2021-09-11T03:00:00+02:00
1293;Demanda real;;;22971.83333333333;2021-09-11T04:00:00+02:00
1293;Demanda real;;;22592;2021-09-11T05:00:00+02:00
1293;Demanda real;;;22832.16666666667;2021-09-11T06:00:00+02:00
1293;Demanda real;;;23594.33333333333;2021-09-11T07:00:00+02:00
1293;Demanda real;;;24093.83333333333;2021-09-11T08:00:00+02:00
1293;Demanda real;;;25676;2021-09-11T09:00:00+02:00
1293;Demanda real;;;27159;2021-09-11T10:00:00+02:00
1293;Demanda real;;;27673.66666666667;2021-09-11T11:00:00+02:00
1293;Demanda real;;;28217;2021-09-11T12:00:00+02:00
1293;Demanda real;;;28736.5;2021-09-11T13:00:00+02:00
1293;Demanda real;;;28724.66666666667;2021-09-11T14:00:00+02:00
1293;Demanda real;;;27737.5;2021-09-11T15:00:00+02:00
1293;Demanda real;;;27151.33333333333;2021-09-11T16:00:00+02:00
1293;Demanda real;;;27026.16666666667;2021-09-11T17:00:00+02:00
1293;Demanda real;;;27026.66666666667;2021-09-11T18:00:00+02:00
1293;Demanda real;;;26786;2021-09-11T19:00:00+02:00
1293;Demanda real;;;27960.83333333333;2021-09-11T20:00:00+02:00
1293;Demanda real;;;29069.83333333333;2021-09-11T21:00:00+02:00
1293;Demanda real;;;27557.5;2021-09-11T22:00:00+02:00
1293;Demanda real;;;26058.16666666667;2021-09-11T23:00:00+02:00
1293;Demanda real;;;24712;2021-09-12T00:00:00+02:00
1293;Demanda real;;;23463.83333333333;2021-09-12T01:00:00+02:00
1293;Demanda real;;;22376.33333333333;2021-09-12T02:00:00+02:00
1293;Demanda real;;;21637.66666666667;2021-09-12T03:00:00+02:00
1293;Demanda real;;;21352.16666666667;2021-09-12T04:00:00+02:00
1293;Demanda real;;;21070.5;2021-09-12T05:00:00+02:00
1293;Demanda real;;;21058;2021-09-12T06:00:00+02:00
1293;Demanda real;;;21326.33333333333;2021-09-12T07:00:00+02:00
1293;Demanda real;;;21497.83333333333;2021-09-12T08:00:00+02:00
1293;Demanda real;;;22977.16666666667;2021-09-12T09:00:00+02:00
1293;Demanda real;;;24149.33333333333;2021-09-12T10:00:00+02:00
1293;Demanda real;;;25205;2021-09-12T11:00:00+02:00
1293;Demanda real;;;25843.66666666667;2021-09-12T12:00:00+02:00
1293;Demanda real;;;26657.83333333333;2021-09-12T13:00:00+02:00
1293;Demanda real;;;27123.5;2021-09-12T14:00:00+02:00
1293;Demanda real;;;26175;2021-09-12T15:00:00+02:00
1293;Demanda real;;;25715.16666666667;2021-09-12T16:00:00+02:00
1293;Demanda real;;;25542.66666666667;2021-09-12T17:00:00+02:00
1293;Demanda real;;;25693.66666666667;2021-09-12T18:00:00+02:00
1293;Demanda real;;;25841;2021-09-12T19:00:00+02:00
1293;Demanda real;;;27321.5;2021-09-12T20:00:00+02:00
1293;Demanda real;;;28775.16666666667;2021-09-12T21:00:00+02:00
1293;Demanda real;;;27801.33333333333;2021-09-12T22:00:00+02:00
1293;Demanda real;;;26039.66666666667;2021-09-12T23:00:00+02:00
1293;Demanda real;;;24582.83333333333;2021-09-13T00:00:00+02:00
1293;Demanda real;;;23444.66666666667;2021-09-13T01:00:00+02:00
1293;Demanda real;;;22569;2021-09-13T02:00:00+02:00
1293;Demanda real;;;22104.16666666667;2021-09-13T03:00:00+02:00
1293;Demanda real;;;22092.83333333333;2021-09-13T04:00:00+02:00
1293;Demanda real;;;22612.83333333333;2021-09-13T05:00:00+02:00
1293;Demanda real;;;24867.16666666667;2021-09-13T06:00:00+02:00
1293;Demanda real;;;27976.5;2021-09-13T07:00:00+02:00
1293;Demanda real;;;29562.5;2021-09-13T08:00:00+02:00
1293;Demanda real;;;30713;2021-09-13T09:00:00+02:00
1293;Demanda real;;;31776;2021-09-13T10:00:00+02:00
1293;Demanda real;;;32331.16666666667;2021-09-13T11:00:00+02:00
1293;Demanda real;;;32887.83333333334;2021-09-13T12:00:00+02:00
1293;Demanda real;;;33298.5;2021-09-13T13:00:00+02:00
1293;Demanda real;;;32813.66666666667;2021-09-13T14:00:00+02:00
1293;Demanda real;;;31913.83333333333;2021-09-13T15:00:00+02:00
1293;Demanda real;;;31741;2021-09-13T16:00:00+02:00
1293;Demanda real;;;31314.16666666667;2021-09-13T17:00:00+02:00
1293;Demanda real;;;30627.66666666667;2021-09-13T18:00:00+02:00
1293;Demanda real;;;30474.66666666667;2021-09-13T19:00:00+02:00
1293;Demanda real;;;31682.33333333333;2021-09-13T20:00:00+02:00
1293;Demanda real;;;32112.16666666667;2021-09-13T21:00:00+02:00
1293;Demanda real;;;29697.66666666667;2021-09-13T22:00:00+02:00
1293;Demanda real;;;27550.83333333333;2021-09-13T23:00:00+02:00
1293;Demanda real;;;26416.5;2021-09-14T00:00:00+02:00
1293;Demanda real;;;25454.83333333333;2021-09-14T01:00:00+02:00
1293;Demanda real;;;24559;2021-09-14T02:00:00+02:00
1293;Demanda real;;;24106.16666666667;2021-09-14T03:00:00+02:00
1293;Demanda real;;;24057.5;2021-09-14T04:00:00+02:00
1293;Demanda real;;;24331.33333333333;2021-09-14T05:00:00+02:00
1293;Demanda real;;;26176.33333333333;2021-09-14T06:00:00+02:00
1293;Demanda real;;;29034.66666666667;2021-09-14T07:00:00+02:00
1293;Demanda real;;;30503.16666666667;2021-09-14T08:00:00+02:00
1293;Demanda real;;;31553;2021-09-14T09:00:00+02:00
1293;Demanda real;;;32018.66666666667;2021-09-14T10:00:00+02:00
1293;Demanda real;;;32781.83333333334;2021-09-14T11:00:00+02:00
1293;Demanda real;;;33270.33333333334;2021-09-14T12:00:00+02:00
1293;Demanda real;;;33341.33333333334;2021-09-14T13:00:00+02:00
1293;Demanda real;;;32835.83333333334;2021-09-14T14:00:00+02:00
1293;Demanda real;;;31961;2021-09-14T15:00:00+02:00
1293;Demanda real;;;31550.5;2021-09-14T16:00:00+02:00
1293;Demanda real;;;31061.66666666667;2021-09-14T17:00:00+02:00
1293;Demanda real;;;30426.66666666667;2021-09-14T18:00:00+02:00
1293;Demanda real;;;30425.5;2021-09-14T19:00:00+02:00
1293;Demanda real;;;31694.83333333333;2021-09-14T20:00:00+02:00
1293;Demanda real;;;31831;2021-09-14T21:00:00+02:00
1293;Demanda real;;;29468.33333333333;2021-09-14T22:00:00+02:00
1293;Demanda real;;;27266.83333333333;2021-09-14T23:00:00+02:00
1293;Demanda real;;;26140.83333333333;2021-09-15T00:00:00+02:00
1293;Demanda real;;;24942.66666666667;2021-09-15T01:00:00+02:00
1293;Demanda real;;;24148.66666666667;2021-09-15T02:00:00+02:00
1293;Demanda real;;;23587.83333333333;2021-09-15T03:00:00+02:00
1293;Demanda real;;;23389.66666666667;2021-09-15T04:00:00+02:00
1293;Demanda real;;;23739.66666666667;2021-09-15T05:00:00+02:00
1293;Demanda real;;;25738.66666666667;2021-09-15T06:00:00+02:00
1293;Demanda real;;;28617.16666666667;2021-09-15T07:00:00+02:00
1293;Demanda real;;;30003.16666666667;2021-09-15T08:00:00+02:00
1293;Demanda real;;;30799.33333333333;2021-09-15T09:00:00+02:00
1293;Demanda real;;;31687.66666666667;2021-09-15T10:00:00+02:00
1293;Demanda real;;;32132;2021-09-15T11:00:00+02:00
1293;Demanda real;;;32715.33333333333;2021-09-15T12:00:00+02:00
1293;Demanda real;;;33039;2021-09-15T13:00:00+02:00
1293;Demanda real;;;32664.83333333333;2021-09-15T14:00:00+02:00
1293;Demanda real;;;31725;2021-09-15T15:00:00+02:00
1293;Demanda real;;;31290.5;2021-09-15T16:00:00+02:00
1293;Demanda real;;;31303;2021-09-15T17:00:00+02:00
1293;Demanda real;;;30983;2021-09-15T18:00:00+02:00
1293;Demanda real;;;30755.83333333333;2021-09-15T19:00:00+02:00
1293;Demanda real;;;31684;2021-09-15T20:00:00+02:00
1293;Demanda real;;;31959.66666666667;2021-09-15T21:00:00+02:00
1293;Demanda real;;;29337.83333333333;2021-09-15T22:00:00+02:00
1293;Demanda real;;;26979.66666666667;2021-09-15T23:00:00+02:00
1293;Demanda real;;;25939.16666666667;2021-09-16T00:00:00+02:00
1293;Demanda real;;;24780.83333333333;2021-09-16T01:00:00+02:00
1293;Demanda real;;;23803.5;2021-09-16T02:00:00+02:00
1293;Demanda real;;;23295.16666666667;2021-09-16T03:00:00+02:00
1293;Demanda real;;;23070.66666666667;2021-09-16T04:00:00+02:00
1293;Demanda real;;;23390;2021-09-16T05:00:00+02:00
1293;Demanda real;;;25221.16666666667;2021-09-16T06:00:00+02:00
1293;Demanda real;;;28287.83333333333;2021-09-16T07:00:00+02:00
1293;Demanda real;;;29233.83333333333;2021-09-16T08:00:00+02:00
1293;Demanda real;;;30064.5;2021-09-16T09:00:00+02:00
1293;Demanda real;;;30615.83333333333;2021-09-16T10:00:00+02:00
1293;Demanda real;;;30899;2021-09-16T11:00:00+02:00
1293;Demanda real;;;31365.5;2021-09-16T12:00:00+02:00
1293;Demanda real;;;31594.16666666667;2021-09-16T13:00:00+02:00
1293;Demanda real;;;31273.66666666667;2021-09-16T14:00:00+02:00
1293;Demanda real;;;30843.16666666667;2021-09-16T15:00:00+02:00
1293;Demanda real;;;30605.16666666667;2021-09-16T16:00:00+02:00
1293;Demanda real;;;30471.83333333333;2021-09-16T17:00:00+02:00
1293;Demanda real;;;29755.66666666667;2021-09-16T18:00:00+02:00
1293;Demanda real;;;29386.33333333333;2021-09-16T19:00:00+02:00
1293;Demanda real;;;30559.66666666667;2021-09-16T20:00:00+02:00
1293;Demanda real;;;30950.66666666667;2021-09-16T21:00:00+02:00
1293;Demanda real;;;28560.83333333333;2021-09-16T22:00:00+02:00
1293;Demanda real;;;26323.33333333333;2021-09-16T23:00:00+02:00
1293;Demanda real;;;25481.16666666667;2021-09-17T00:00:00+02:00
1293;Demanda real;;;24294.33333333333;2021-09-17T01:00:00+02:00
1293;Demanda real;;;23394.5;2021-09-17T02:00:00+02:00
1293;Demanda real;;;22983.16666666667;2021-09-17T03:00:00+02:00
1293;Demanda real;;;22963.5;2021-09-17T04:00:00+02:00
1293;Demanda real;;;23100.66666666667;2021-09-17T05:00:00+02:00
1293;Demanda real;;;24961;2021-09-17T06:00:00+02:00
1293;Demanda real;;;27932.83333333333;2021-09-17T07:00:00+02:00
1293;Demanda real;;;28980.66666666667;2021-09-17T08:00:00+02:00
1293;Demanda real;;;29837.83333333333;2021-09-17T09:00:00+02:00
1293;Demanda real;;;30276.66666666667;2021-09-17T10:00:00+02:00
1293;Demanda real;;;30685.5;2021-09-17T11:00:00+02:00
1293;Demanda real;;;31259.33333333333;2021-09-17T12:00:00+02:00
1293;Demanda real;;;31589.16666666667;2021-09-17T13:00:00+02:00
1293;Demanda real;;;31371.16666666667;2021-09-17T14:00:00+02:00
1293;Demanda real;;;30517;2021-09-17T15:00:00+02:00
1293;Demanda real;;;30006.66666666667;2021-09-17T16:00:00+02:00
1293;Demanda real;;;29953.83333333333;2021-09-17T17:00:00+02:00
1293;Demanda real;;;29530.5;2021-09-17T18:00:00+02:00
1293;Demanda real;;;29178.16666666667;2021-09-17T19:00:00+02:00
1293;Demanda real;;;30175;2021-09-17T20:00:00+02:00
1293;Demanda real;;;30449.5;2021-09-17T21:00:00+02:00
1293;Demanda real;;;28173.16666666667;2021-09-17T22:00:00+02:00
1293;Demanda real;;;26188.33333333333;2021-09-17T23:00:00+02:00
1293;Demanda real;;;25218.33333333333;2021-09-18T00:00:00+02:00
1293;Demanda real;;;24021.33333333333;2021-09-18T01:00:00+02:00
1293;Demanda real;;;22874.16666666667;2021-09-18T02:00:00+02:00
1293;Demanda real;;;22252.5;2021-09-18T03:00:00+02:00
1293;Demanda real;;;21921.66666666667;2021-09-18T04:00:00+02:00
1293;Demanda real;;;21655.83333333333;2021-09-18T05:00:00+02:00
1293;Demanda real;;;21926.33333333333;2021-09-18T06:00:00+02:00
1293;Demanda real;;;22807.33333333333;2021-09-18T07:00:00+02:00
1293;Demanda real;;;23504.16666666667;2021-09-18T08:00:00+02:00
1293;Demanda real;;;25191.33333333333;2021-09-18T09:00:00+02:00
1293;Demanda real;;;26490.33333333333;2021-09-18T10:00:00+02:00
1293;Demanda real;;;27031.83333333333;2021-09-18T11:00:00+02:00
1293;Demanda real;;;27432.16666666667;2021-09-18T12:00:00+02:00
1293;Demanda real;;;27711.33333333333;2021-09-18T13:00:00+02:00
1293;Demanda real;;;27294.66666666667;2021-09-18T14:00:00+02:00
1293;Demanda real;;;26042;2021-09-18T15:00:00+02:00
1293;Demanda real;;;25273.83333333333;2021-09-18T16:00:00+02:00
1293;Demanda real;;;25086.16666666667;2021-09-18T17:00:00+02:00
1293;Demanda real;;;25180.33333333333;2021-09-18T18:00:00+02:00
1293;Demanda real;;;25313.33333333333;2021-09-18T19:00:00+02:00
1293;Demanda real;;;26818.66666666667;2021-09-18T20:00:00+02:00
1293;Demanda real;;;27699.66666666667;2021-09-18T21:00:00+02:00
1293;Demanda real;;;25887.5;2021-09-18T22:00:00+02:00
1293;Demanda real;;;24291.33333333333;2021-09-18T23:00:00+02:00
1293;Demanda real;;;23006.16666666667;2021-09-19T00:00:00+02:00
1293;Demanda real;;;21737;2021-09-19T01:00:00+02:00
1293;Demanda real;;;20733.33333333333;2021-09-19T02:00:00+02:00
1293;Demanda real;;;20284.66666666667;2021-09-19T03:00:00+02:00
1293;Demanda real;;;19978;2021-09-19T04:00:00+02:00
1293;Demanda real;;;19825.66666666667;2021-09-19T05:00:00+02:00
1293;Demanda real;;;19951.5;2021-09-19T06:00:00+02:00
1293;Demanda real;;;20258;2021-09-19T07:00:00+02:00
1293;Demanda real;;;20359.16666666667;2021-09-19T08:00:00+02:00
1293;Demanda real;;;21784.5;2021-09-19T09:00:00+02:00
1293;Demanda real;;;23072.83333333333;2021-09-19T10:00:00+02:00
1293;Demanda real;;;23898.16666666667;2021-09-19T11:00:00+02:00
1293;Demanda real;;;24246.83333333333;2021-09-19T12:00:00+02:00
1293;Demanda real;;;24849.5;2021-09-19T13:00:00+02:00
1293;Demanda real;;;24957;2021-09-19T14:00:00+02:00
1293;Demanda real;;;23956.16666666667;2021-09-19T15:00:00+02:00
1293;Demanda real;;;23372.66666666667;2021-09-19T16:00:00+02:00
1293;Demanda real;;;23110.66666666667;2021-09-19T17:00:00+02:00
1293;Demanda real;;;23441.16666666667;2021-09-19T18:00:00+02:00
1293;Demanda real;;;23785;2021-09-19T19:00:00+02:00
1293;Demanda real;;;25911.16666666667;2021-09-19T20:00:00+02:00
1293;Demanda real;;;27124.83333333333;2021-09-19T21:00:00+02:00
1293;Demanda real;;;25915.83333333333;2021-09-19T22:00:00+02:00
1293;Demanda real;;;24369.33333333333;2021-09-19T23:00:00+02:00
1293;Demanda real;;;22917.83333333333;2021-09-20T00:00:00+02:00
1293;Demanda real;;;21879.33333333333;2021-09-20T01:00:00+02:00
1293;Demanda real;;;21049.5;2021-09-20T02:00:00+02:00
1293;Demanda real;;;20669;2021-09-20T03:00:00+02:00
1293;Demanda real;;;20751.16666666667;2021-09-20T04:00:00+02:00
1293;Demanda real;;;21273.66666666667;2021-09-20T05:00:00+02:00
1293;Demanda real;;;23604;2021-09-20T06:00:00+02:00
1293;Demanda real;;;26925.33333333333;2021-09-20T07:00:00+02:00
1293;Demanda real;;;28136.5;2021-09-20T08:00:00+02:00
1293;Demanda real;;;28990.5;2021-09-20T09:00:00+02:00
1293;Demanda real;;;29351.66666666667;2021-09-20T10:00:00+02:00
1293;Demanda real;;;29832.66666666667;2021-09-20T11:00:00+02:00
1293;Demanda real;;;30378.33333333333;2021-09-20T12:00:00+02:00
1293;Demanda real;;;30717.5;2021-09-20T13:00:00+02:00
1293;Demanda real;;;30499.33333333333;2021-09-20T14:00:00+02:00
1293;Demanda real;;;29672;2021-09-20T15:00:00+02:00
1293;Demanda real;;;29269.16666666667;2021-09-20T16:00:00+02:00
1293;Demanda real;;;29324;2021-09-20T17:00:00+02:00
1293;Demanda real;;;28865.66666666667;2021-09-20T18:00:00+02:00
1293;Demanda real;;;28786;2021-09-20T19:00:00+02:00
1293;Demanda real;;;30275;2021-09-20T20:00:00+02:00
1293;Demanda real;;;30526.66666666667;2021-09-20T21:00:00+02:00
1293;Demanda real;;;27811.5;2021-09-20T22:00:00+02:00
1293;Demanda real;;;25662.83333333333;2021-09-20T23:00:00+02:00
1293;Demanda real;;;24437.5;2021-09-21T00:00:00+02:00
1293;Demanda real;;;23502.16666666667;2021-09-21T01:00:00+02:00
1293;Demanda real;;;22630;2021-09-21T02:00:00+02:00
1293;Demanda real;;;22156.83333333333;2021-09-21T03:00:00+02:00
1293;Demanda real;;;22080.33333333333;2021-09-21T04:00:00+02:00
1293;Demanda real;;;22537.66666666667;2021-09-21T05:00:00+02:00
1293;Demanda real;;;24305.5;2021-09-21T06:00:00+02:00
1293;Demanda real;;;27318;2021-09-21T07:00:00+02:00
1293;Demanda real;;;28470.33333333333;2021-09-21T08:00:00+02:00
1293;Demanda real;;;29235.16666666667;2021-09-21T09:00:00+02:00
1293;Demanda real;;;29202.66666666667;2021-09-21T10:00:00+02:00
1293;Demanda real;;;29526.83333333333;2021-09-21T11:00:00+02:00
1293;Demanda real;;;30122.66666666667;2021-09-21T12:00:00+02:00
1293;Demanda real;;;30255.16666666667;2021-09-21T13:00:00+02:00
1293;Demanda real;;;29841.83333333333;2021-09-21T14:00:00+02:00
1293;Demanda real;;;28837.5;2021-09-21T15:00:00+02:00
1293;Demanda real;;;28563.16666666667;2021-09-21T16:00:00+02:00
1293;Demanda real;;;28502.83333333333;2021-09-21T17:00:00+02:00
1293;Demanda real;;;27990.5;2021-09-21T18:00:00+02:00
1293;Demanda real;;;28115.33333333333;2021-09-21T19:00:00+02:00
1293;Demanda real;;;29959.66666666667;2021-09-21T20:00:00+02:00
1293;Demanda real;;;30395.16666666667;2021-09-21T21:00:00+02:00
1293;Demanda real;;;27782.16666666667;2021-09-21T22:00:00+02:00
1293;Demanda real;;;25530.83333333333;2021-09-21T23:00:00+02:00
1293;Demanda real;;;24545;2021-09-22T00:00:00+02:00
1293;Demanda real;;;23534;2021-09-22T01:00:00+02:00
1293;Demanda real;;;22703.66666666667;2021-09-22T02:00:00+02:00
1293;Demanda real;;;22435.33333333333;2021-09-22T03:00:00+02:00
1293;Demanda real;;;22409.66666666667;2021-09-22T04:00:00+02:00
1293;Demanda real;;;22781.33333333333;2021-09-22T05:00:00+02:00
1293;Demanda real;;;24805.16666666667;2021-09-22T06:00:00+02:00
1293;Demanda real;;;27945.33333333333;2021-09-22T07:00:00+02:00
1293;Demanda real;;;29011;2021-09-22T08:00:00+02:00
1293;Demanda real;;;29501.83333333333;2021-09-22T09:00:00+02:00
1293;Demanda real;;;29957.66666666667;2021-09-22T10:00:00+02:00
1293;Demanda real;;;30124.5;2021-09-22T11:00:00+02:00
1293;Demanda real;;;30402.33333333333;2021-09-22T12:00:00+02:00
1293;Demanda real;;;30519.66666666667;2021-09-22T13:00:00+02:00
1293;Demanda real;;;30160.33333333333;2021-09-22T14:00:00+02:00
1293;Demanda real;;;29352.16666666667;2021-09-22T15:00:00+02:00
1293;Demanda real;;;28676.66666666667;2021-09-22T16:00:00+02:00
1293;Demanda real;;;28654.33333333333;2021-09-22T17:00:00+02:00
1293;Demanda real;;;28298.66666666667;2021-09-22T18:00:00+02:00
1293;Demanda real;;;28487.16666666667;2021-09-22T19:00:00+02:00
1293;Demanda real;;;30393;2021-09-22T20:00:00+02:00
1293;Demanda real;;;30444.83333333333;2021-09-22T21:00:00+02:00
1293;Demanda real;;;27862.16666666667;2021-09-22T22:00:00+02:00
1293;Demanda real;;;25478.5;2021-09-22T23:00:00+02:00
1293;Demanda real;;;24691.33333333333;2021-09-23T00:00:00+02:00
1293;Demanda real;;;23617;2021-09-23T01:00:00+02:00
1293;Demanda real;;;22771.33333333333;2021-09-23T02:00:00+02:00
1293;Demanda real;;;22431.66666666667;2021-09-23T03:00:00+02:00
1293;Demanda real;;;22167.16666666667;2021-09-23T04:00:00+02:00
1293;Demanda real;;;22653;2021-09-23T05:00:00+02:00
1293;Demanda real;;;24603.16666666667;2021-09-23T06:00:00+02:00
1293;Demanda real;;;27702.83333333333;2021-09-23T07:00:00+02:00
1293;Demanda real;;;28835;2021-09-23T08:00:00+02:00
1293;Demanda real;;;29631;2021-09-23T09:00:00+02:00
1293;Demanda real;;;29973.83333333333;2021-09-23T10:00:00+02:00
1293;Demanda real;;;30114.16666666667;2021-09-23T11:00:00+02:00
1293;Demanda real;;;30534.33333333333;2021-09-23T12:00:00+02:00
1293;Demanda real;;;30739.16666666667;2021-09-23T13:00:00+02:00
1293;Demanda real;;;30110.16666666667;2021-09-23T14:00:00+02:00
1293;Demanda real;;;29395.33333333333;2021-09-23T15:00:00+02:00
1293;Demanda real;;;29041.83333333333;2021-09-23T16:00:00+02:00
1293;Demanda real;;;28862.83333333333;2021-09-23T17:00:00+02:00
1293;Demanda real;;;28500;2021-09-23T18:00:00+02:00
1293;Demanda real;;;28565;2021-09-23T19:00:00+02:00
1293;Demanda real;;;30432.5;2021-09-23T20:00:00+02:00
1293;Demanda real;;;30472;2021-09-23T21:00:00+02:00
1293;Demanda real;;;28001.5;2021-09-23T22:00:00+02:00
1293;Demanda real;;;25777.5;2021-09-23T23:00:00+02:00
1293;Demanda real;;;24867.16666666667;2021-09-24T00:00:00+02:00
1293;Demanda real;;;23876;2021-09-24T01:00:00+02:00
1293;Demanda real;;;23077.16666666667;2021-09-24T02:00:00+02:00
1293;Demanda real;;;22607.33333333333;2021-09-24T03:00:00+02:00
1293;Demanda real;;;22423.33333333333;2021-09-24T04:00:00+02:00
1293;Demanda real;;;22678.83333333333;2021-09-24T05:00:00+02:00
1293;Demanda real;;;24604.33333333333;2021-09-24T06:00:00+02:00
1293;Demanda real;;;27479.33333333333;2021-09-24T07:00:00+02:00
1293;Demanda real;;;28591.16666666667;2021-09-24T08:00:00+02:00
1293;Demanda real;;;29388.5;2021-09-24T09:00:00+02:00
1293;Demanda real;;;30013.33333333333;2021-09-24T10:00:00+02:00
1293;Demanda real;;;30351.66666666667;2021-09-24T11:00:00+02:00
1293;Demanda real;;;30799.5;2021-09-24T12:00:00+02:00
1293;Demanda real;;;30779.5;2021-09-24T13:00:00+02:00
1293;Demanda real;;;30128.5;2021-09-24T14:00:00+02:00
1293;Demanda real;;;29194.5;2021-09-24T15:00:00+02:00
1293;Demanda real;;;28629.33333333333;2021-09-24T16:00:00+02:00
1293;Demanda real;;;28349.66666666667;2021-09-24T17:00:00+02:00
1293;Demanda real;;;27998;2021-09-24T18:00:00+02:00
1293;Demanda real;;;27994;2021-09-24T19:00:00+02:00
1293;Demanda real;;;29747.83333333333;2021-09-24T20:00:00+02:00
1293;Demanda real;;;29709.16666666667;2021-09-24T21:00:00+02:00
1293;Demanda real;;;27427.83333333333;2021-09-24T22:00:00+02:00
1293;Demanda real;;;25486.16666666667;2021-09-24T23:00:00+02:00
1293;Demanda real;;;24664;2021-09-25T00:00:00+02:00
1293;Demanda real;;;23559.33333333333;2021-09-25T01:00:00+02:00
1293;Demanda real;;;22462;2021-09-25T02:00:00+02:00
1293;Demanda real;;;21824.5;2021-09-25T03:00:00+02:00
1293;Demanda real;;;21414.5;2021-09-25T04:00:00+02:00
1293;Demanda real;;;21325.5;2021-09-25T05:00:00+02:00
1293;Demanda real;;;21713.33333333333;2021-09-25T06:00:00+02:00
1293;Demanda real;;;22756.33333333333;2021-09-25T07:00:00+02:00
1293;Demanda real;;;23326.83333333333;2021-09-25T08:00:00+02:00
1293;Demanda real;;;25054;2021-09-25T09:00:00+02:00
1293;Demanda real;;;26502.33333333333;2021-09-25T10:00:00+02:00
1293;Demanda real;;;27024.66666666667;2021-09-25T11:00:00+02:00
1293;Demanda real;;;27323;2021-09-25T12:00:00+02:00
1293;Demanda real;;;27698.16666666667;2021-09-25T13:00:00+02:00
1293;Demanda real;;;27231.16666666667;2021-09-25T14:00:00+02:00
1293;Demanda real;;;25839.83333333333;2021-09-25T15:00:00+02:00
1293;Demanda real;;;25014.16666666667;2021-09-25T16:00:00+02:00
1293;Demanda real;;;24911.33333333333;2021-09-25T17:00:00+02:00
1293;Demanda real;;;24805.83333333333;2021-09-25T18:00:00+02:00
1293;Demanda real;;;25244.83333333333;2021-09-25T19:00:00+02:00
1293;Demanda real;;;27004.16666666667;2021-09-25T20:00:00+02:00
1293;Demanda real;;;27369.16666666667;2021-09-25T21:00:00+02:00
1293;Demanda real;;;25374.83333333333;2021-09-25T22:00:00+02:00
1293;Demanda real;;;23922;2021-09-25T23:00:00+02:00
1293;Demanda real;;;22632.5;2021-09-26T00:00:00+02:00
1293;Demanda real;;;21377.33333333333;2021-09-26T01:00:00+02:00
1293;Demanda real;;;20344.66666666667;2021-09-26T02:00:00+02:00
1293;Demanda real;;;19919.66666666667;2021-09-26T03:00:00+02:00
1293;Demanda real;;;19632.33333333333;2021-09-26T04:00:00+02:00
1293;Demanda real;;;19491.5;2021-09-26T05:00:00+02:00
1293;Demanda real;;;19645.66666666667;2021-09-26T06:00:00+02:00
1293;Demanda real;;;20196.33333333333;2021-09-26T07:00:00+02:00
1293;Demanda real;;;20289.33333333333;2021-09-26T08:00:00+02:00
1293;Demanda real;;;21698.83333333333;2021-09-26T09:00:00+02:00
1293;Demanda real;;;23158.5;2021-09-26T10:00:00+02:00
1293;Demanda real;;;23801.66666666667;2021-09-26T11:00:00+02:00
1293;Demanda real;;;24353.66666666667;2021-09-26T12:00:00+02:00
1293;Demanda real;;;24892.16666666667;2021-09-26T13:00:00+02:00
1293;Demanda real;;;25072.16666666667;2021-09-26T14:00:00+02:00
1293;Demanda real;;;23916;2021-09-26T15:00:00+02:00
1293;Demanda real;;;23297.16666666667;2021-09-26T16:00:00+02:00
1293;Demanda real;;;22979.33333333333;2021-09-26T17:00:00+02:00
1293;Demanda real;;;23190.33333333333;2021-09-26T18:00:00+02:00
1293;Demanda real;;;23683.5;2021-09-26T19:00:00+02:00
1293;Demanda real;;;26173.5;2021-09-26T20:00:00+02:00
1293;Demanda real;;;27053;2021-09-26T21:00:00+02:00
1293;Demanda real;;;25391.83333333333;2021-09-26T22:00:00+02:00
1293;Demanda real;;;23851.66666666667;2021-09-26T23:00:00+02:00
1293;Demanda real;;;22749;2021-09-27T00:00:00+02:00
1293;Demanda real;;;21483.5;2021-09-27T01:00:00+02:00
1293;Demanda real;;;20891.83333333333;2021-09-27T02:00:00+02:00
1293;Demanda real;;;20595.16666666667;2021-09-27T03:00:00+02:00
1293;Demanda real;;;20572.5;2021-09-27T04:00:00+02:00
1293;Demanda real;;;21132;2021-09-27T05:00:00+02:00
1293;Demanda real;;;23406.33333333333;2021-09-27T06:00:00+02:00
1293;Demanda real;;;27033.16666666667;2021-09-27T07:00:00+02:00
1293;Demanda real;;;28327.66666666667;2021-09-27T08:00:00+02:00
1293;Demanda real;;;28865.16666666667;2021-09-27T09:00:00+02:00
1293;Demanda real;;;29186;2021-09-27T10:00:00+02:00
1293;Demanda real;;;29777.66666666667;2021-09-27T11:00:00+02:00
1293;Demanda real;;;30505.5;2021-09-27T12:00:00+02:00
1293;Demanda real;;;30887.16666666667;2021-09-27T13:00:00+02:00
1293;Demanda real;;;30600.66666666667;2021-09-27T14:00:00+02:00
1293;Demanda real;;;29726.5;2021-09-27T15:00:00+02:00
1293;Demanda real;;;29598.5;2021-09-27T16:00:00+02:00
1293;Demanda real;;;29566.5;2021-09-27T17:00:00+02:00
1293;Demanda real;;;29072.16666666667;2021-09-27T18:00:00+02:00
1293;Demanda real;;;28935.83333333333;2021-09-27T19:00:00+02:00
1293;Demanda real;;;30870.66666666667;2021-09-27T20:00:00+02:00
1293;Demanda real;;;30828;2021-09-27T21:00:00+02:00
1293;Demanda real;;;28163;2021-09-27T22:00:00+02:00
1293;Demanda real;;;25582.33333333333;2021-09-27T23:00:00+02:00
1293;Demanda real;;;24730.83333333333;2021-09-28T00:00:00+02:00
1293;Demanda real;;;23746;2021-09-28T01:00:00+02:00
1293;Demanda real;;;23040;2021-09-28T02:00:00+02:00
1293;Demanda real;;;22613.66666666667;2021-09-28T03:00:00+02:00
1293;Demanda real;;;22453;2021-09-28T04:00:00+02:00
1293;Demanda real;;;22746.5;2021-09-28T05:00:00+02:00
1293;Demanda real;;;24934.16666666667;2021-09-28T06:00:00+02:00
1293;Demanda real;;;27912.16666666667;2021-09-28T07:00:00+02:00
1293;Demanda real;;;29019.33333333333;2021-09-28T08:00:00+02:00
1293;Demanda real;;;29774.33333333333;2021-09-28T09:00:00+02:00
1293;Demanda real;;;30224.16666666667;2021-09-28T10:00:00+02:00
1293;Demanda real;;;30719.66666666667;2021-09-28T11:00:00+02:00
1293;Demanda real;;;31166.66666666667;2021-09-28T12:00:00+02:00
1293;Demanda real;;;31319.33333333333;2021-09-28T13:00:00+02:00
1293;Demanda real;;;30825.16666666667;2021-09-28T14:00:00+02:00
1293;Demanda real;;;30138.16666666667;2021-09-28T15:00:00+02:00
1293;Demanda real;;;29867;2021-09-28T16:00:00+02:00
1293;Demanda real;;;29875.66666666667;2021-09-28T17:00:00+02:00
1293;Demanda real;;;29282.33333333333;2021-09-28T18:00:00+02:00
1293;Demanda real;;;29440.33333333333;2021-09-28T19:00:00+02:00
1293;Demanda real;;;31243.16666666667;2021-09-28T20:00:00+02:00
1293;Demanda real;;;31001;2021-09-28T21:00:00+02:00
1293;Demanda real;;;28271;2021-09-28T22:00:00+02:00
1293;Demanda real;;;26087.5;2021-09-28T23:00:00+02:00
1293;Demanda real;;;25169.33333333333;2021-09-29T00:00:00+02:00
1293;Demanda real;;;24011.83333333333;2021-09-29T01:00:00+02:00
1293;Demanda real;;;23268;2021-09-29T02:00:00+02:00
1293;Demanda real;;;22818;2021-09-29T03:00:00+02:00
1293;Demanda real;;;22664.5;2021-09-29T04:00:00+02:00
1293;Demanda real;;;22983.16666666667;2021-09-29T05:00:00+02:00
1293;Demanda real;;;25150.33333333333;2021-09-29T06:00:00+02:00
1293;Demanda real;;;28257.16666666667;2021-09-29T07:00:00+02:00
1293;Demanda real;;;29396;2021-09-29T08:00:00+02:00
1293;Demanda real;;;29912;2021-09-29T09:00:00+02:00
1293;Demanda real;;;29958;2021-09-29T10:00:00+02:00
1293;Demanda real;;;30501.83333333333;2021-09-29T11:00:00+02:00
1293;Demanda real;;;31232;2021-09-29T12:00:00+02:00
1293;Demanda real;;;31382.5;2021-09-29T13:00:00+02:00
1293;Demanda real;;;30786.83333333333;2021-09-29T14:00:00+02:00
1293;Demanda real;;;30062.66666666667;2021-09-29T15:00:00+02:00
1293;Demanda real;;;29783;2021-09-29T16:00:00+02:00
1293;Demanda real;;;29560.33333333333;2021-09-29T17:00:00+02:00
1293;Demanda real;;;29040.5;2021-09-29T18:00:00+02:00
1293;Demanda real;;;29147.33333333333;2021-09-29T19:00:00+02:00
1293;Demanda real;;;31171.16666666667;2021-09-29T20:00:00+02:00
1293;Demanda real;;;30884.83333333333;2021-09-29T21:00:00+02:00
1293;Demanda real;;;28014.83333333333;2021-09-29T22:00:00+02:00
1293;Demanda real;;;25781.5;2021-09-29T23:00:00+02:00
1293;Demanda real;;;24768.16666666667;2021-09-30T00:00:00+02:00
1293;Demanda real;;;23664.66666666667;2021-09-30T01:00:00+02:00
1293;Demanda real;;;23041;2021-09-30T02:00:00+02:00
1293;Demanda real;;;22579;2021-09-30T03:00:00+02:00
1293;Demanda real;;;22305.16666666667;2021-09-30T04:00:00+02:00
1293;Demanda real;;;22750.5;2021-09-30T05:00:00+02:00
1293;Demanda real;;;24737;2021-09-30T06:00:00+02:00
1293;Demanda real;;;27660;2021-09-30T07:00:00+02:00
1293;Demanda real;;;28844.5;2021-09-30T08:00:00+02:00
1293;Demanda real;;;29467;2021-09-30T09:00:00+02:00
1293;Demanda real;;;29771.66666666667;2021-09-30T10:00:00+02:00
1293;Demanda real;;;30236.33333333333;2021-09-30T11:00:00+02:00
1293;Demanda real;;;30595.66666666667;2021-09-30T12:00:00+02:00
1293;Demanda real;;;30921.5;2021-09-30T13:00:00+02:00
1293;Demanda real;;;30458;2021-09-30T14:00:00+02:00
1293;Demanda real;;;29932.66666666667;2021-09-30T15:00:00+02:00
1293;Demanda real;;;29626.83333333333;2021-09-30T16:00:00+02:00
1293;Demanda real;;;29599;2021-09-30T17:00:00+02:00
1293;Demanda real;;;29014.66666666667;2021-09-30T18:00:00+02:00
1293;Demanda real;;;29066.16666666667;2021-09-30T19:00:00+02:00
1293;Demanda real;;;31033.16666666667;2021-09-30T20:00:00+02:00
1293;Demanda real;;;30829.16666666667;2021-09-30T21:00:00+02:00
1293;Demanda real;;;28229.66666666667;2021-09-30T22:00:00+02:00
1293;Demanda real;;;25931.33333333333;2021-09-30T23:00:00+02:00
1293;Demanda real;;;25144.16666666667;2021-10-01T00:00:00+02:00
1293;Demanda real;;;24100.5;2021-10-01T01:00:00+02:00
1293;Demanda real;;;23195.33333333333;2021-10-01T02:00:00+02:00
1293;Demanda real;;;22876.16666666667;2021-10-01T03:00:00+02:00
1293;Demanda real;;;22520.66666666667;2021-10-01T04:00:00+02:00
1293;Demanda real;;;22760.16666666667;2021-10-01T05:00:00+02:00
1293;Demanda real;;;24667.33333333333;2021-10-01T06:00:00+02:00
1293;Demanda real;;;27775;2021-10-01T07:00:00+02:00
1293;Demanda real;;;28947.33333333333;2021-10-01T08:00:00+02:00
1293;Demanda real;;;29513.16666666667;2021-10-01T09:00:00+02:00
1293;Demanda real;;;29904.66666666667;2021-10-01T10:00:00+02:00
1293;Demanda real;;;30240.33333333333;2021-10-01T11:00:00+02:00
1293;Demanda real;;;30698.16666666667;2021-10-01T12:00:00+02:00
1293;Demanda real;;;30933.16666666667;2021-10-01T13:00:00+02:00
1293;Demanda real;;;30304.66666666667;2021-10-01T14:00:00+02:00
1293;Demanda real;;;29409.83333333333;2021-10-01T15:00:00+02:00
1293;Demanda real;;;28986.83333333333;2021-10-01T16:00:00+02:00
1293;Demanda real;;;28773.33333333333;2021-10-01T17:00:00+02:00
1293;Demanda real;;;28364.33333333333;2021-10-01T18:00:00+02:00
1293;Demanda real;;;28337.5;2021-10-01T19:00:00+02:00
1293;Demanda real;;;29997.16666666667;2021-10-01T20:00:00+02:00
1293;Demanda real;;;29591.33333333333;2021-10-01T21:00:00+02:00
1293;Demanda real;;;27316.16666666667;2021-10-01T22:00:00+02:00
1293;Demanda real;;;25380.66666666667;2021-10-01T23:00:00+02:00
1293;Demanda real;;;24646;2021-10-02T00:00:00+02:00
1293;Demanda real;;;23517.33333333333;2021-10-02T01:00:00+02:00
1293;Demanda real;;;22356.66666666667;2021-10-02T02:00:00+02:00
1293;Demanda real;;;21755.33333333333;2021-10-02T03:00:00+02:00
1293;Demanda real;;;21374.5;2021-10-02T04:00:00+02:00
1293;Demanda real;;;21119.16666666667;2021-10-02T05:00:00+02:00
1293;Demanda real;;;21469.66666666667;2021-10-02T06:00:00+02:00
1293;Demanda real;;;22461.16666666667;2021-10-02T07:00:00+02:00
1293;Demanda real;;;23220.33333333333;2021-10-02T08:00:00+02:00
1293;Demanda real;;;24961.33333333333;2021-10-02T09:00:00+02:00
1293;Demanda real;;;26225;2021-10-02T10:00:00+02:00
1293;Demanda real;;;26520.83333333333;2021-10-02T11:00:00+02:00
1293;Demanda real;;;26772.83333333333;2021-10-02T12:00:00+02:00
1293;Demanda real;;;27036;2021-10-02T13:00:00+02:00
1293;Demanda real;;;26665.83333333333;2021-10-02T14:00:00+02:00
1293;Demanda real;;;25480.83333333333;2021-10-02T15:00:00+02:00
1293;Demanda real;;;24656.16666666667;2021-10-02T16:00:00+02:00
1293;Demanda real;;;24396.5;2021-10-02T17:00:00+02:00
1293;Demanda real;;;24501.5;2021-10-02T18:00:00+02:00
1293;Demanda real;;;25029.16666666667;2021-10-02T19:00:00+02:00
1293;Demanda real;;;27102.16666666667;2021-10-02T20:00:00+02:00
1293;Demanda real;;;27185.5;2021-10-02T21:00:00+02:00
1293;Demanda real;;;25428.83333333333;2021-10-02T22:00:00+02:00
1293;Demanda real;;;23808.33333333333;2021-10-02T23:00:00+02:00
1293;Demanda real;;;22630;2021-10-03T00:00:00+02:00
1293;Demanda real;;;21513.5;2021-10-03T01:00:00+02:00
1293;Demanda real;;;20422.5;2021-10-03T02:00:00+02:00
1293;Demanda real;;;19872.5;2021-10-03T03:00:00+02:00
1293;Demanda real;;;19687.33333333333;2021-10-03T04:00:00+02:00
1293;Demanda real;;;19683.83333333333;2021-10-03T05:00:00+02:00
1293;Demanda real;;;19847.5;2021-10-03T06:00:00+02:00
1293;Demanda real;;;20495.5;2021-10-03T07:00:00+02:00
1293;Demanda real;;;20664.33333333333;2021-10-03T08:00:00+02:00
1293;Demanda real;;;21879.66666666667;2021-10-03T09:00:00+02:00
1293;Demanda real;;;23475.16666666667;2021-10-03T10:00:00+02:00
1293;Demanda real;;;24540.33333333333;2021-10-03T11:00:00+02:00
1293;Demanda real;;;24957;2021-10-03T12:00:00+02:00
1293;Demanda real;;;25370.5;2021-10-03T13:00:00+02:00
1293;Demanda real;;;25240.66666666667;2021-10-03T14:00:00+02:00
1293;Demanda real;;;23551.66666666667;2021-10-03T15:00:00+02:00
1293;Demanda real;;;22651.66666666667;2021-10-03T16:00:00+02:00
1293;Demanda real;;;22560.16666666667;2021-10-03T17:00:00+02:00
1293;Demanda real;;;22598.83333333333;2021-10-03T18:00:00+02:00
1293;Demanda real;;;23402.16666666667;2021-10-03T19:00:00+02:00
1293;Demanda real;;;25889.5;2021-10-03T20:00:00+02:00
1293;Demanda real;;;26250.33333333333;2021-10-03T21:00:00+02:00
1293;Demanda real;;;24885;2021-10-03T22:00:00+02:00
1293;Demanda real;;;23178.66666666667;2021-10-03T23:00:00+02:00
1293;Demanda real;;;21942.5;2021-10-04T00:00:00+02:00
1293;Demanda real;;;20959.16666666667;2021-10-04T01:00:00+02:00
1293;Demanda real;;;20333.16666666667;2021-10-04T02:00:00+02:00
1293;Demanda real;;;19997.66666666667;2021-10-04T03:00:00+02:00
1293;Demanda real;;;20187.16666666667;2021-10-04T04:00:00+02:00
1293;Demanda real;;;20699.83333333333;2021-10-04T05:00:00+02:00
1293;Demanda real;;;22864.16666666667;2021-10-04T06:00:00+02:00
1293;Demanda real;;;26268.66666666667;2021-10-04T07:00:00+02:00
1293;Demanda real;;;27585.16666666667;2021-10-04T08:00:00+02:00
1293;Demanda real;;;28303.33333333333;2021-10-04T09:00:00+02:00
1293;Demanda real;;;28707.5;2021-10-04T10:00:00+02:00
1293;Demanda real;;;28924.16666666667;2021-10-04T11:00:00+02:00
1293;Demanda real;;;29114.16666666667;2021-10-04T12:00:00+02:00
1293;Demanda real;;;29135.66666666667;2021-10-04T13:00:00+02:00
1293;Demanda real;;;28687.33333333333;2021-10-04T14:00:00+02:00
1293;Demanda real;;;27889.33333333333;2021-10-04T15:00:00+02:00
1293;Demanda real;;;27507.5;2021-10-04T16:00:00+02:00
1293;Demanda real;;;27325.33333333333;2021-10-04T17:00:00+02:00
1293;Demanda real;;;26899.5;2021-10-04T18:00:00+02:00
1293;Demanda real;;;27260.5;2021-10-04T19:00:00+02:00
1293;Demanda real;;;29751.16666666667;2021-10-04T20:00:00+02:00
1293;Demanda real;;;29530.33333333333;2021-10-04T21:00:00+02:00
1293;Demanda real;;;26987.83333333333;2021-10-04T22:00:00+02:00
1293;Demanda real;;;24751.66666666667;2021-10-04T23:00:00+02:00
1293;Demanda real;;;23910;2021-10-05T00:00:00+02:00
1293;Demanda real;;;22950.5;2021-10-05T01:00:00+02:00
1293;Demanda real;;;22120.83333333333;2021-10-05T02:00:00+02:00
1293;Demanda real;;;21622.66666666667;2021-10-05T03:00:00+02:00
1293;Demanda real;;;21396.83333333333;2021-10-05T04:00:00+02:00
1293;Demanda real;;;21834.66666666667;2021-10-05T05:00:00+02:00
1293;Demanda real;;;23831.66666666667;2021-10-05T06:00:00+02:00
1293;Demanda real;;;27098.66666666667;2021-10-05T07:00:00+02:00
1293;Demanda real;;;28376.33333333333;2021-10-05T08:00:00+02:00
1293;Demanda real;;;28793;2021-10-05T09:00:00+02:00
1293;Demanda real;;;28816.66666666667;2021-10-05T10:00:00+02:00
1293;Demanda real;;;29148.83333333333;2021-10-05T11:00:00+02:00
1293;Demanda real;;;29659.16666666667;2021-10-05T12:00:00+02:00
1293;Demanda real;;;29956.5;2021-10-05T13:00:00+02:00
1293;Demanda real;;;29359.5;2021-10-05T14:00:00+02:00
1293;Demanda real;;;28682;2021-10-05T15:00:00+02:00
1293;Demanda real;;;28305.16666666667;2021-10-05T16:00:00+02:00
1293;Demanda real;;;28214;2021-10-05T17:00:00+02:00
1293;Demanda real;;;27848.33333333333;2021-10-05T18:00:00+02:00
1293;Demanda real;;;28419.83333333333;2021-10-05T19:00:00+02:00
1293;Demanda real;;;30762.5;2021-10-05T20:00:00+02:00
1293;Demanda real;;;30313.83333333333;2021-10-05T21:00:00+02:00
1293;Demanda real;;;27752;2021-10-05T22:00:00+02:00
1293;Demanda real;;;25379.83333333333;2021-10-05T23:00:00+02:00
1293;Demanda real;;;24455.66666666667;2021-10-06T00:00:00+02:00
1293;Demanda real;;;23392.5;2021-10-06T01:00:00+02:00
1293;Demanda real;;;22651;2021-10-06T02:00:00+02:00
1293;Demanda real;;;22269.66666666667;2021-10-06T03:00:00+02:00
1293;Demanda real;;;22271.5;2021-10-06T04:00:00+02:00
1293;Demanda real;;;22711.83333333333;2021-10-06T05:00:00+02:00
1293;Demanda real;;;24753.83333333333;2021-10-06T06:00:00+02:00
1293;Demanda real;;;27970.33333333333;2021-10-06T07:00:00+02:00
1293;Demanda real;;;29298.5;2021-10-06T08:00:00+02:00
1293;Demanda real;;;29621.83333333333;2021-10-06T09:00:00+02:00
1293;Demanda real;;;29926.33333333333;2021-10-06T10:00:00+02:00
1293;Demanda real;;;30177.66666666667;2021-10-06T11:00:00+02:00
1293;Demanda real;;;30581.5;2021-10-06T12:00:00+02:00
1293;Demanda real;;;30675.5;2021-10-06T13:00:00+02:00
1293;Demanda real;;;30181.83333333333;2021-10-06T14:00:00+02:00
1293;Demanda real;;;29341;2021-10-06T15:00:00+02:00
1293;Demanda real;;;28939.83333333333;2021-10-06T16:00:00+02:00
1293;Demanda real;;;28919.16666666667;2021-10-06T17:00:00+02:00
1293;Demanda real;;;28317.33333333333;2021-10-06T18:00:00+02:00
1293;Demanda real;;;28517.83333333333;2021-10-06T19:00:00+02:00
1293;Demanda real;;;30885.83333333333;2021-10-06T20:00:00+02:00
1293;Demanda real;;;30491;2021-10-06T21:00:00+02:00
1293;Demanda real;;;28024.33333333333;2021-10-06T22:00:00+02:00
1293;Demanda real;;;25641.66666666667;2021-10-06T23:00:00+02:00
1293;Demanda real;;;24633.33333333333;2021-10-07T00:00:00+02:00
1293;Demanda real;;;23528.66666666667;2021-10-07T01:00:00+02:00
1293;Demanda real;;;22721.66666666667;2021-10-07T02:00:00+02:00
1293;Demanda real;;;22344.83333333333;2021-10-07T03:00:00+02:00
1293;Demanda real;;;22294;2021-10-07T04:00:00+02:00
1293;Demanda real;;;22638.83333333333;2021-10-07T05:00:00+02:00
1293;Demanda real;;;24526.83333333333;2021-10-07T06:00:00+02:00
1293;Demanda real;;;27555.5;2021-10-07T07:00:00+02:00
1293;Demanda real;;;28674.66666666667;2021-10-07T08:00:00+02:00
1293;Demanda real;;;29158.66666666667;2021-10-07T09:00:00+02:00
1293;Demanda real;;;29473;2021-10-07T10:00:00+02:00
1293;Demanda real;;;29463.33333333333;2021-10-07T11:00:00+02:00
1293;Demanda real;;;29989.66666666667;2021-10-07T12:00:00+02:00
1293;Demanda real;;;30029.5;2021-10-07T13:00:00+02:00
1293;Demanda real;;;29665.66666666667;2021-10-07T14:00:00+02:00
1293;Demanda real;;;28781.83333333333;2021-10-07T15:00:00+02:00
1293;Demanda real;;;28589.83333333333;2021-10-07T16:00:00+02:00
1293;Demanda real;;;28550.33333333333;2021-10-07T17:00:00+02:00
1293;Demanda real;;;28157.5;2021-10-07T18:00:00+02:00
1293;Demanda real;;;28328.33333333333;2021-10-07T19:00:00+02:00
1293;Demanda real;;;30398.83333333333;2021-10-07T20:00:00+02:00
1293;Demanda real;;;30185.16666666667;2021-10-07T21:00:00+02:00
1293;Demanda real;;;27596.5;2021-10-07T22:00:00+02:00
1293;Demanda real;;;25432.83333333333;2021-10-07T23:00:00+02:00
1293;Demanda real;;;24618.5;2021-10-08T00:00:00+02:00
1293;Demanda real;;;23723.83333333333;2021-10-08T01:00:00+02:00
1293;Demanda real;;;22706.66666666667;2021-10-08T02:00:00+02:00
1293;Demanda real;;;22401.33333333333;2021-10-08T03:00:00+02:00
1293;Demanda real;;;22055.66666666667;2021-10-08T04:00:00+02:00
1293;Demanda real;;;22563;2021-10-08T05:00:00+02:00
1293;Demanda real;;;24303.83333333333;2021-10-08T06:00:00+02:00
1293;Demanda real;;;27473.83333333333;2021-10-08T07:00:00+02:00
1293;Demanda real;;;28546.5;2021-10-08T08:00:00+02:00
1293;Demanda real;;;28999;2021-10-08T09:00:00+02:00
1293;Demanda real;;;29151.83333333333;2021-10-08T10:00:00+02:00
1293;Demanda real;;;29582.5;2021-10-08T11:00:00+02:00
1293;Demanda real;;;29929.16666666667;2021-10-08T12:00:00+02:00
1293;Demanda real;;;30075;2021-10-08T13:00:00+02:00
1293;Demanda real;;;29489.66666666667;2021-10-08T14:00:00+02:00
1293;Demanda real;;;28718.16666666667;2021-10-08T15:00:00+02:00
1293;Demanda real;;;28309.83333333333;2021-10-08T16:00:00+02:00
1293;Demanda real;;;28135.5;2021-10-08T17:00:00+02:00
1293;Demanda real;;;27713.83333333333;2021-10-08T18:00:00+02:00
1293;Demanda real;;;28090.33333333333;2021-10-08T19:00:00+02:00
1293;Demanda real;;;29870.16666666667;2021-10-08T20:00:00+02:00
1293;Demanda real;;;29305.5;2021-10-08T21:00:00+02:00
1293;Demanda real;;;27111.83333333333;2021-10-08T22:00:00+02:00
1293;Demanda real;;;25190.83333333333;2021-10-08T23:00:00+02:00
1293;Demanda real;;;24256.83333333333;2021-10-09T00:00:00+02:00
1293;Demanda real;;;23290.16666666667;2021-10-09T01:00:00+02:00
1293;Demanda real;;;22092.5;2021-10-09T02:00:00+02:00
1293;Demanda real;;;21499.66666666667;2021-10-09T03:00:00+02:00
1293;Demanda real;;;21299.33333333333;2021-10-09T04:00:00+02:00
1293;Demanda real;;;21073;2021-10-09T05:00:00+02:00
1293;Demanda real;;;21199.33333333333;2021-10-09T06:00:00+02:00
1293;Demanda real;;;22171.5;2021-10-09T07:00:00+02:00
1293;Demanda real;;;23052.16666666667;2021-10-09T08:00:00+02:00
1293;Demanda real;;;24657.33333333333;2021-10-09T09:00:00+02:00
1293;Demanda real;;;25893.66666666667;2021-10-09T10:00:00+02:00
1293;Demanda real;;;26214.66666666667;2021-10-09T11:00:00+02:00
1293;Demanda real;;;26373.16666666667;2021-10-09T12:00:00+02:00
1293;Demanda real;;;26429.5;2021-10-09T13:00:00+02:00
1293;Demanda real;;;26048.83333333333;2021-10-09T14:00:00+02:00
1293;Demanda real;;;24871.66666666667;2021-10-09T15:00:00+02:00
1293;Demanda real;;;24088;2021-10-09T16:00:00+02:00
1293;Demanda real;;;24017.5;2021-10-09T17:00:00+02:00
1293;Demanda real;;;23833.66666666667;2021-10-09T18:00:00+02:00
1293;Demanda real;;;24553.16666666667;2021-10-09T19:00:00+02:00
1293;Demanda real;;;26683.33333333333;2021-10-09T20:00:00+02:00
1293;Demanda real;;;26757.16666666667;2021-10-09T21:00:00+02:00
1293;Demanda real;;;25016.33333333333;2021-10-09T22:00:00+02:00
1293;Demanda real;;;23554.5;2021-10-09T23:00:00+02:00
1293;Demanda real;;;22207.66666666667;2021-10-10T00:00:00+02:00
1293;Demanda real;;;21062.16666666667;2021-10-10T01:00:00+02:00
1293;Demanda real;;;20191.5;2021-10-10T02:00:00+02:00
1293;Demanda real;;;19616.66666666667;2021-10-10T03:00:00+02:00
1293;Demanda real;;;19252.16666666667;2021-10-10T04:00:00+02:00
1293;Demanda real;;;19109.16666666667;2021-10-10T05:00:00+02:00
1293;Demanda real;;;19335.66666666667;2021-10-10T06:00:00+02:00
1293;Demanda real;;;19955.83333333333;2021-10-10T07:00:00+02:00
1293;Demanda real;;;20262.66666666667;2021-10-10T08:00:00+02:00
1293;Demanda real;;;21491.5;2021-10-10T09:00:00+02:00
1293;Demanda real;;;22928;2021-10-10T10:00:00+02:00
1293;Demanda real;;;23578.5;2021-10-10T11:00:00+02:00
1293;Demanda real;;;23652.16666666667;2021-10-10T12:00:00+02:00
1293;Demanda real;;;24030.33333333333;2021-10-10T13:00:00+02:00
1293;Demanda real;;;24111;2021-10-10T14:00:00+02:00
1293;Demanda real;;;22907.16666666667;2021-10-10T15:00:00+02:00
1293;Demanda real;;;22245.16666666667;2021-10-10T16:00:00+02:00
1293;Demanda real;;;22005.66666666667;2021-10-10T17:00:00+02:00
1293;Demanda real;;;22205.16666666667;2021-10-10T18:00:00+02:00
1293;Demanda real;;;23030.83333333333;2021-10-10T19:00:00+02:00
1293;Demanda real;;;25512;2021-10-10T20:00:00+02:00
1293;Demanda real;;;25702;2021-10-10T21:00:00+02:00
1293;Demanda real;;;24380.5;2021-10-10T22:00:00+02:00
1293;Demanda real;;;22859.83333333333;2021-10-10T23:00:00+02:00
1293;Demanda real;;;21402.5;2021-10-11T00:00:00+02:00
1293;Demanda real;;;20503.33333333333;2021-10-11T01:00:00+02:00
1293;Demanda real;;;19660.33333333333;2021-10-11T02:00:00+02:00
1293;Demanda real;;;19423.16666666667;2021-10-11T03:00:00+02:00
1293;Demanda real;;;19316.5;2021-10-11T04:00:00+02:00
1293;Demanda real;;;19668.16666666667;2021-10-11T05:00:00+02:00
1293;Demanda real;;;21292.5;2021-10-11T06:00:00+02:00
1293;Demanda real;;;23518.5;2021-10-11T07:00:00+02:00
1293;Demanda real;;;24656.33333333333;2021-10-11T08:00:00+02:00
1293;Demanda real;;;25477;2021-10-11T09:00:00+02:00
1293;Demanda real;;;26287.66666666667;2021-10-11T10:00:00+02:00
1293;Demanda real;;;26241.33333333333;2021-10-11T11:00:00+02:00
1293;Demanda real;;;26570;2021-10-11T12:00:00+02:00
1293;Demanda real;;;27069.33333333333;2021-10-11T13:00:00+02:00
1293;Demanda real;;;26889.16666666667;2021-10-11T14:00:00+02:00
1293;Demanda real;;;25854.33333333333;2021-10-11T15:00:00+02:00
1293;Demanda real;;;25370.5;2021-10-11T16:00:00+02:00
1293;Demanda real;;;25440;2021-10-11T17:00:00+02:00
1293;Demanda real;;;25227;2021-10-11T18:00:00+02:00
1293;Demanda real;;;25732.16666666667;2021-10-11T19:00:00+02:00
1293;Demanda real;;;27615.83333333333;2021-10-11T20:00:00+02:00
1293;Demanda real;;;27184.33333333333;2021-10-11T21:00:00+02:00
1293;Demanda real;;;25262.16666666667;2021-10-11T22:00:00+02:00
1293;Demanda real;;;23304.5;2021-10-11T23:00:00+02:00
1293;Demanda real;;;22499.33333333333;2021-10-12T00:00:00+02:00
1293;Demanda real;;;21436.16666666667;2021-10-12T01:00:00+02:00
1293;Demanda real;;;20483.66666666667;2021-10-12T02:00:00+02:00
1293;Demanda real;;;20038.66666666667;2021-10-12T03:00:00+02:00
1293;Demanda real;;;19683.16666666667;2021-10-12T04:00:00+02:00
1293;Demanda real;;;19724;2021-10-12T05:00:00+02:00
1293;Demanda real;;;19982.5;2021-10-12T06:00:00+02:00
1293;Demanda real;;;20669;2021-10-12T07:00:00+02:00
1293;Demanda real;;;20842.5;2021-10-12T08:00:00+02:00
1293;Demanda real;;;21912.33333333333;2021-10-12T09:00:00+02:00
1293;Demanda real;;;23169.33333333333;2021-10-12T10:00:00+02:00
1293;Demanda real;;;23776.33333333333;2021-10-12T11:00:00+02:00
1293;Demanda real;;;24072;2021-10-12T12:00:00+02:00
1293;Demanda real;;;24434.16666666667;2021-10-12T13:00:00+02:00
1293;Demanda real;;;24443.83333333333;2021-10-12T14:00:00+02:00
1293;Demanda real;;;23142.83333333333;2021-10-12T15:00:00+02:00
1293;Demanda real;;;22658.16666666667;2021-10-12T16:00:00+02:00
1293;Demanda real;;;22489.66666666667;2021-10-12T17:00:00+02:00
1293;Demanda real;;;22636.83333333333;2021-10-12T18:00:00+02:00
1293;Demanda real;;;23664.66666666667;2021-10-12T19:00:00+02:00
1293;Demanda real;;;26357.83333333333;2021-10-12T20:00:00+02:00
1293;Demanda real;;;26365.33333333333;2021-10-12T21:00:00+02:00
1293;Demanda real;;;25027.16666666667;2021-10-12T22:00:00+02:00
1293;Demanda real;;;23320.16666666667;2021-10-12T23:00:00+02:00
1293;Demanda real;;;22405.16666666667;2021-10-13T00:00:00+02:00
1293;Demanda real;;;21548.5;2021-10-13T01:00:00+02:00
1293;Demanda real;;;20743.5;2021-10-13T02:00:00+02:00
1293;Demanda real;;;20146;2021-10-13T03:00:00+02:00
1293;Demanda real;;;20099.5;2021-10-13T04:00:00+02:00
1293;Demanda real;;;20718.83333333333;2021-10-13T05:00:00+02:00
1293;Demanda real;;;23189.33333333333;2021-10-13T06:00:00+02:00
1293;Demanda real;;;26688.66666666667;2021-10-13T07:00:00+02:00
1293;Demanda real;;;28271.16666666667;2021-10-13T08:00:00+02:00
1293;Demanda real;;;28819.66666666667;2021-10-13T09:00:00+02:00
1293;Demanda real;;;28957.33333333333;2021-10-13T10:00:00+02:00
1293;Demanda real;;;29132.66666666667;2021-10-13T11:00:00+02:00
1293;Demanda real;;;29476.66666666667;2021-10-13T12:00:00+02:00
1293;Demanda real;;;29727;2021-10-13T13:00:00+02:00
1293;Demanda real;;;29068.33333333333;2021-10-13T14:00:00+02:00
1293;Demanda real;;;28485.66666666667;2021-10-13T15:00:00+02:00
1293;Demanda real;;;28159.66666666667;2021-10-13T16:00:00+02:00
1293;Demanda real;;;28079.16666666667;2021-10-13T17:00:00+02:00
1293;Demanda real;;;27637;2021-10-13T18:00:00+02:00
1293;Demanda real;;;28374.16666666667;2021-10-13T19:00:00+02:00
1293;Demanda real;;;30699.83333333333;2021-10-13T20:00:00+02:00
1293;Demanda real;;;30153.33333333333;2021-10-13T21:00:00+02:00
1293;Demanda real;;;27352.33333333333;2021-10-13T22:00:00+02:00
1293;Demanda real;;;25135.66666666667;2021-10-13T23:00:00+02:00
1293;Demanda real;;;24028.5;2021-10-14T00:00:00+02:00
1293;Demanda real;;;22980.16666666667;2021-10-14T01:00:00+02:00
1293;Demanda real;;;22053.33333333333;2021-10-14T02:00:00+02:00
1293;Demanda real;;;21751.5;2021-10-14T03:00:00+02:00
1293;Demanda real;;;21718.5;2021-10-14T04:00:00+02:00
1293;Demanda real;;;22064.83333333333;2021-10-14T05:00:00+02:00
1293;Demanda real;;;24071.5;2021-10-14T06:00:00+02:00
1293;Demanda real;;;27355.33333333333;2021-10-14T07:00:00+02:00
1293;Demanda real;;;28881;2021-10-14T08:00:00+02:00
1293;Demanda real;;;29006.83333333333;2021-10-14T09:00:00+02:00
1293;Demanda real;;;28627.83333333333;2021-10-14T10:00:00+02:00
1293;Demanda real;;;28409.5;2021-10-14T11:00:00+02:00
1293;Demanda real;;;28775.83333333333;2021-10-14T12:00:00+02:00
1293;Demanda real;;;29106.16666666667;2021-10-14T13:00:00+02:00
1293;Demanda real;;;28633.33333333333;2021-10-14T14:00:00+02:00
1293;Demanda real;;;27823.83333333333;2021-10-14T15:00:00+02:00
1293;Demanda real;;;27798.66666666667;2021-10-14T16:00:00+02:00
1293;Demanda real;;;27603.66666666667;2021-10-14T17:00:00+02:00
1293;Demanda real;;;27699.66666666667;2021-10-14T18:00:00+02:00
1293;Demanda real;;;28640.83333333333;2021-10-14T19:00:00+02:00
1293;Demanda real;;;30754.16666666667;2021-10-14T20:00:00+02:00
1293;Demanda real;;;30229.5;2021-10-14T21:00:00+02:00
1293;Demanda real;;;27601.33333333333;2021-10-14T22:00:00+02:00
1293;Demanda real;;;25386.16666666667;2021-10-14T23:00:00+02:00
1293;Demanda real;;;24357.5;2021-10-15T00:00:00+02:00
1293;Demanda real;;;23268.83333333333;2021-10-15T01:00:00+02:00
1293;Demanda real;;;22484.16666666667;2021-10-15T02:00:00+02:00
1293;Demanda real;;;22076.33333333333;2021-10-15T03:00:00+02:00
1293;Demanda real;;;21821.66666666667;2021-10-15T04:00:00+02:00
1293;Demanda real;;;22149;2021-10-15T05:00:00+02:00
1293;Demanda real;;;24317.5;2021-10-15T06:00:00+02:00
1293;Demanda real;;;27536.83333333333;2021-10-15T07:00:00+02:00
1293;Demanda real;;;28980;2021-10-15T08:00:00+02:00
1293;Demanda real;;;29419;2021-10-15T09:00:00+02:00
1293;Demanda real;;;29634.33333333333;2021-10-15T10:00:00+02:00
1293;Demanda real;;;29905.33333333333;2021-10-15T11:00:00+02:00
1293;Demanda real;;;30188.5;2021-10-15T12:00:00+02:00
1293;Demanda real;;;30211.16666666667;2021-10-15T13:00:00+02:00
1293;Demanda real;;;29770.33333333333;2021-10-15T14:00:00+02:00
1293;Demanda real;;;28858.5;2021-10-15T15:00:00+02:00
1293;Demanda real;;;28415.5;2021-10-15T16:00:00+02:00
1293;Demanda real;;;28103.66666666667;2021-10-15T17:00:00+02:00
1293;Demanda real;;;27740.83333333333;2021-10-15T18:00:00+02:00
1293;Demanda real;;;28396.66666666667;2021-10-15T19:00:00+02:00
1293;Demanda real;;;30052;2021-10-15T20:00:00+02:00
1293;Demanda real;;;29287.66666666667;2021-10-15T21:00:00+02:00
1293;Demanda real;;;27129.83333333333;2021-10-15T22:00:00+02:00
1293;Demanda real;;;24970.5;2021-10-15T23:00:00+02:00
1293;Demanda real;;;24102.33333333333;2021-10-16T00:00:00+02:00
1293;Demanda real;;;22987;2021-10-16T01:00:00+02:00
1293;Demanda real;;;21951.5;2021-10-16T02:00:00+02:00
1293;Demanda real;;;21426.5;2021-10-16T03:00:00+02:00
1293;Demanda real;;;21054.16666666667;2021-10-16T04:00:00+02:00
1293;Demanda real;;;20752.33333333333;2021-10-16T05:00:00+02:00
1293;Demanda real;;;21341.16666666667;2021-10-16T06:00:00+02:00
1293;Demanda real;;;22465.5;2021-10-16T07:00:00+02:00
1293;Demanda real;;;23555.83333333333;2021-10-16T08:00:00+02:00
1293;Demanda real;;;25084;2021-10-16T09:00:00+02:00
1293;Demanda real;;;26477.83333333333;2021-10-16T10:00:00+02:00
1293;Demanda real;;;26880.5;2021-10-16T11:00:00+02:00
1293;Demanda real;;;26903.16666666667;2021-10-16T12:00:00+02:00
1293;Demanda real;;;27067.5;2021-10-16T13:00:00+02:00
1293;Demanda real;;;26674.5;2021-10-16T14:00:00+02:00
1293;Demanda real;;;25372.5;2021-10-16T15:00:00+02:00
1293;Demanda real;;;24339.66666666667;2021-10-16T16:00:00+02:00
1293;Demanda real;;;24129.5;2021-10-16T17:00:00+02:00
1293;Demanda real;;;24070.5;2021-10-16T18:00:00+02:00
1293;Demanda real;;;24955.66666666667;2021-10-16T19:00:00+02:00
1293;Demanda real;;;26902.16666666667;2021-10-16T20:00:00+02:00
1293;Demanda real;;;26701;2021-10-16T21:00:00+02:00
1293;Demanda real;;;25098;2021-10-16T22:00:00+02:00
1293;Demanda real;;;23484.83333333333;2021-10-16T23:00:00+02:00
1293;Demanda real;;;22303;2021-10-17T00:00:00+02:00
1293;Demanda real;;;21238.16666666667;2021-10-17T01:00:00+02:00
1293;Demanda real;;;20265.5;2021-10-17T02:00:00+02:00
1293;Demanda real;;;19646.83333333333;2021-10-17T03:00:00+02:00
1293;Demanda real;;;19389.16666666667;2021-10-17T04:00:00+02:00
1293;Demanda real;;;19266.66666666667;2021-10-17T05:00:00+02:00
1293;Demanda real;;;19409.5;2021-10-17T06:00:00+02:00
1293;Demanda real;;;20015.16666666667;2021-10-17T07:00:00+02:00
1293;Demanda real;;;20454.66666666667;2021-10-17T08:00:00+02:00
1293;Demanda real;;;21734.33333333333;2021-10-17T09:00:00+02:00
1293;Demanda real;;;23417.5;2021-10-17T10:00:00+02:00
1293;Demanda real;;;24141.66666666667;2021-10-17T11:00:00+02:00
1293;Demanda real;;;24520.66666666667;2021-10-17T12:00:00+02:00
1293;Demanda real;;;24923.5;2021-10-17T13:00:00+02:00
1293;Demanda real;;;25009.5;2021-10-17T14:00:00+02:00
1293;Demanda real;;;23578.16666666667;2021-10-17T15:00:00+02:00
1293;Demanda real;;;22850.83333333333;2021-10-17T16:00:00+02:00
1293;Demanda real;;;22641.33333333333;2021-10-17T17:00:00+02:00
1293;Demanda real;;;22733.66666666667;2021-10-17T18:00:00+02:00
1293;Demanda real;;;24110;2021-10-17T19:00:00+02:00
1293;Demanda real;;;26591.16666666667;2021-10-17T20:00:00+02:00
1293;Demanda real;;;26586.33333333333;2021-10-17T21:00:00+02:00
1293;Demanda real;;;25271.5;2021-10-17T22:00:00+02:00
1293;Demanda real;;;23714;2021-10-17T23:00:00+02:00
1293;Demanda real;;;22309.83333333333;2021-10-18T00:00:00+02:00
1293;Demanda real;;;21411;2021-10-18T01:00:00+02:00
1293;Demanda real;;;20572.33333333333;2021-10-18T02:00:00+02:00
1293;Demanda real;;;20293.66666666667;2021-10-18T03:00:00+02:00
1293;Demanda real;;;20428.83333333333;2021-10-18T04:00:00+02:00
1293;Demanda real;;;20840.66666666667;2021-10-18T05:00:00+02:00
1293;Demanda real;;;23508.66666666667;2021-10-18T06:00:00+02:00
1293;Demanda real;;;26979.16666666667;2021-10-18T07:00:00+02:00
1293;Demanda real;;;28723;2021-10-18T08:00:00+02:00
1293;Demanda real;;;29142;2021-10-18T09:00:00+02:00
1293;Demanda real;;;29575.5;2021-10-18T10:00:00+02:00
1293;Demanda real;;;29789.66666666667;2021-10-18T11:00:00+02:00
1293;Demanda real;;;30164.33333333333;2021-10-18T12:00:00+02:00
1293;Demanda real;;;30388.33333333333;2021-10-18T13:00:00+02:00
1293;Demanda real;;;29950.83333333333;2021-10-18T14:00:00+02:00
1293;Demanda real;;;29175.33333333333;2021-10-18T15:00:00+02:00
1293;Demanda real;;;28779.16666666667;2021-10-18T16:00:00+02:00
1293;Demanda real;;;28594.16666666667;2021-10-18T17:00:00+02:00
1293;Demanda real;;;28143.5;2021-10-18T18:00:00+02:00
1293;Demanda real;;;29098.16666666667;2021-10-18T19:00:00+02:00
1293;Demanda real;;;31142;2021-10-18T20:00:00+02:00
1293;Demanda real;;;30330.83333333333;2021-10-18T21:00:00+02:00
1293;Demanda real;;;27794.66666666667;2021-10-18T22:00:00+02:00
1293;Demanda real;;;25394.33333333333;2021-10-18T23:00:00+02:00
1293;Demanda real;;;24510.66666666667;2021-10-19T00:00:00+02:00
1293;Demanda real;;;23531.33333333333;2021-10-19T01:00:00+02:00
1293;Demanda real;;;22610.16666666667;2021-10-19T02:00:00+02:00
1293;Demanda real;;;22281;2021-10-19T03:00:00+02:00
1293;Demanda real;;;22193.33333333333;2021-10-19T04:00:00+02:00
1293;Demanda real;;;22540.16666666667;2021-10-19T05:00:00+02:00
1293;Demanda real;;;24750;2021-10-19T06:00:00+02:00
1293;Demanda real;;;27937;2021-10-19T07:00:00+02:00
1293;Demanda real;;;29401.83333333333;2021-10-19T08:00:00+02:00
1293;Demanda real;;;29658.83333333333;2021-10-19T09:00:00+02:00
1293;Demanda real;;;29964.16666666667;2021-10-19T10:00:00+02:00
1293;Demanda real;;;29999.16666666667;2021-10-19T11:00:00+02:00
1293;Demanda real;;;30216.16666666667;2021-10-19T12:00:00+02:00
1293;Demanda real;;;30302;2021-10-19T13:00:00+02:00
1293;Demanda real;;;29905.66666666667;2021-10-19T14:00:00+02:00
1293;Demanda real;;;29207.83333333333;2021-10-19T15:00:00+02:00
1293;Demanda real;;;28912.33333333333;2021-10-19T16:00:00+02:00
1293;Demanda real;;;28829.5;2021-10-19T17:00:00+02:00
1293;Demanda real;;;28346.16666666667;2021-10-19T18:00:00+02:00
1293;Demanda real;;;29046.16666666667;2021-10-19T19:00:00+02:00
1293;Demanda real;;;31011.5;2021-10-19T20:00:00+02:00
1293;Demanda real;;;30275.83333333333;2021-10-19T21:00:00+02:00
1293;Demanda real;;;27877.83333333333;2021-10-19T22:00:00+02:00
1293;Demanda real;;;25587.66666666667;2021-10-19T23:00:00+02:00
1293;Demanda real;;;24671.66666666667;2021-10-20T00:00:00+02:00
1293;Demanda real;;;23518.83333333333;2021-10-20T01:00:00+02:00
1293;Demanda real;;;22746;2021-10-20T02:00:00+02:00
1293;Demanda real;;;22372.66666666667;2021-10-20T03:00:00+02:00
1293;Demanda real;;;22127.5;2021-10-20T04:00:00+02:00
1293;Demanda real;;;22489.5;2021-10-20T05:00:00+02:00
1293;Demanda real;;;24584;2021-10-20T06:00:00+02:00
1293;Demanda real;;;27705.83333333333;2021-10-20T07:00:00+02:00
1293;Demanda real;;;29239.66666666667;2021-10-20T08:00:00+02:00
1293;Demanda real;;;29485.33333333333;2021-10-20T09:00:00+02:00
1293;Demanda real;;;29845.16666666667;2021-10-20T10:00:00+02:00
1293;Demanda real;;;30143;2021-10-20T11:00:00+02:00
1293;Demanda real;;;30389.66666666667;2021-10-20T12:00:00+02:00
1293;Demanda real;;;30434.33333333333;2021-10-20T13:00:00+02:00
1293;Demanda real;;;29956.16666666667;2021-10-20T14:00:00+02:00
1293;Demanda real;;;29177.16666666667;2021-10-20T15:00:00+02:00
1293;Demanda real;;;28890;2021-10-20T16:00:00+02:00
1293;Demanda real;;;28563.83333333333;2021-10-20T17:00:00+02:00
1293;Demanda real;;;28301.83333333333;2021-10-20T18:00:00+02:00
1293;Demanda real;;;29294;2021-10-20T19:00:00+02:00
1293;Demanda real;;;31082.66666666667;2021-10-20T20:00:00+02:00
1293;Demanda real;;;30303.16666666667;2021-10-20T21:00:00+02:00
1293;Demanda real;;;27662;2021-10-20T22:00:00+02:00
1293;Demanda real;;;25313.33333333333;2021-10-20T23:00:00+02:00
1293;Demanda real;;;24481.5;2021-10-21T00:00:00+02:00
1293;Demanda real;;;23361.16666666667;2021-10-21T01:00:00+02:00
1293;Demanda real;;;22493.83333333333;2021-10-21T02:00:00+02:00
1293;Demanda real;;;22170.83333333333;2021-10-21T03:00:00+02:00
1293;Demanda real;;;22005.16666666667;2021-10-21T04:00:00+02:00
1293;Demanda real;;;22288;2021-10-21T05:00:00+02:00
1293;Demanda real;;;24241;2021-10-21T06:00:00+02:00
1293;Demanda real;;;27574.16666666667;2021-10-21T07:00:00+02:00
1293;Demanda real;;;29353.16666666667;2021-10-21T08:00:00+02:00
1293;Demanda real;;;29517.5;2021-10-21T09:00:00+02:00
1293;Demanda real;;;29824.5;2021-10-21T10:00:00+02:00
1293;Demanda real;;;30045;2021-10-21T11:00:00+02:00
1293;Demanda real;;;30300;2021-10-21T12:00:00+02:00
1293;Demanda real;;;30329.16666666667;2021-10-21T13:00:00+02:00
1293;Demanda real;;;29741.33333333333;2021-10-21T14:00:00+02:00
1293;Demanda real;;;28971.83333333333;2021-10-21T15:00:00+02:00
1293;Demanda real;;;28551.33333333333;2021-10-21T16:00:00+02:00
1293;Demanda real;;;28379.83333333333;2021-10-21T17:00:00+02:00
1293;Demanda real;;;28049.83333333333;2021-10-21T18:00:00+02:00
1293;Demanda real;;;29077;2021-10-21T19:00:00+02:00
1293;Demanda real;;;30734;2021-10-21T20:00:00+02:00
1293;Demanda real;;;29987.5;2021-10-21T21:00:00+02:00
1293;Demanda real;;;27446.5;2021-10-21T22:00:00+02:00
1293;Demanda real;;;25311.16666666667;2021-10-21T23:00:00+02:00
1293;Demanda real;;;24308.83333333333;2021-10-22T00:00:00+02:00
1293;Demanda real;;;23206.16666666667;2021-10-22T01:00:00+02:00
1293;Demanda real;;;22307.33333333333;2021-10-22T02:00:00+02:00
1293;Demanda real;;;22123.16666666667;2021-10-22T03:00:00+02:00
1293;Demanda real;;;22066.5;2021-10-22T04:00:00+02:00
1293;Demanda real;;;22261.5;2021-10-22T05:00:00+02:00
1293;Demanda real;;;24494.83333333333;2021-10-22T06:00:00+02:00
1293;Demanda real;;;27714.16666666667;2021-10-22T07:00:00+02:00
1293;Demanda real;;;29189.33333333333;2021-10-22T08:00:00+02:00
1293;Demanda real;;;29516.33333333333;2021-10-22T09:00:00+02:00
1293;Demanda real;;;29789.83333333333;2021-10-22T10:00:00+02:00
1293;Demanda real;;;29870;2021-10-22T11:00:00+02:00
1293;Demanda real;;;30090.33333333333;2021-10-22T12:00:00+02:00
1293;Demanda real;;;30033.83333333333;2021-10-22T13:00:00+02:00
1293;Demanda real;;;29450.16666666667;2021-10-22T14:00:00+02:00
1293;Demanda real;;;28484.33333333333;2021-10-22T15:00:00+02:00
1293;Demanda real;;;27839.16666666667;2021-10-22T16:00:00+02:00
1293;Demanda real;;;27606.5;2021-10-22T17:00:00+02:00
1293;Demanda real;;;27217.83333333333;2021-10-22T18:00:00+02:00
1293;Demanda real;;;28197.33333333333;2021-10-22T19:00:00+02:00
1293;Demanda real;;;29707.16666666667;2021-10-22T20:00:00+02:00
1293;Demanda real;;;28963.83333333333;2021-10-22T21:00:00+02:00
1293;Demanda real;;;26519.66666666667;2021-10-22T22:00:00+02:00
1293;Demanda real;;;24730;2021-10-22T23:00:00+02:00
1293;Demanda real;;;23955.83333333333;2021-10-23T00:00:00+02:00
1293;Demanda real;;;22807.16666666667;2021-10-23T01:00:00+02:00
1293;Demanda real;;;21880.66666666667;2021-10-23T02:00:00+02:00
1293;Demanda real;;;21208.33333333333;2021-10-23T03:00:00+02:00
1293;Demanda real;;;20880;2021-10-23T04:00:00+02:00
1293;Demanda real;;;20795.16666666667;2021-10-23T05:00:00+02:00
1293;Demanda real;;;21086;2021-10-23T06:00:00+02:00
1293;Demanda real;;;22158.66666666667;2021-10-23T07:00:00+02:00
1293;Demanda real;;;23328.33333333333;2021-10-23T08:00:00+02:00
1293;Demanda real;;;24897.33333333333;2021-10-23T09:00:00+02:00
1293;Demanda real;;;26196.33333333333;2021-10-23T10:00:00+02:00
1293;Demanda real;;;26513.16666666667;2021-10-23T11:00:00+02:00
1293;Demanda real;;;26690.83333333333;2021-10-23T12:00:00+02:00
1293;Demanda real;;;26696.16666666667;2021-10-23T13:00:00+02:00
1293;Demanda real;;;26319.33333333333;2021-10-23T14:00:00+02:00
1293;Demanda real;;;25051.5;2021-10-23T15:00:00+02:00
1293;Demanda real;;;24242.16666666667;2021-10-23T16:00:00+02:00
1293;Demanda real;;;24093.83333333333;2021-10-23T17:00:00+02:00
1293;Demanda real;;;23741.16666666667;2021-10-23T18:00:00+02:00
1293;Demanda real;;;24995.16666666667;2021-10-23T19:00:00+02:00
1293;Demanda real;;;26825;2021-10-23T20:00:00+02:00
1293;Demanda real;;;26791.33333333333;2021-10-23T21:00:00+02:00
1293;Demanda real;;;25056.33333333333;2021-10-23T22:00:00+02:00
1293;Demanda real;;;23431.83333333333;2021-10-23T23:00:00+02:00
1293;Demanda real;;;22118.83333333333;2021-10-24T00:00:00+02:00
1293;Demanda real;;;20931.83333333333;2021-10-24T01:00:00+02:00
1293;Demanda real;;;19941.83333333333;2021-10-24T02:00:00+02:00
1293;Demanda real;;;19525.16666666667;2021-10-24T03:00:00+02:00
1293;Demanda real;;;19150.16666666667;2021-10-24T04:00:00+02:00
1293;Demanda real;;;18992;2021-10-24T05:00:00+02:00
1293;Demanda real;;;19251;2021-10-24T06:00:00+02:00
1293;Demanda real;;;19874.5;2021-10-24T07:00:00+02:00
1293;Demanda real;;;20430.66666666667;2021-10-24T08:00:00+02:00
1293;Demanda real;;;21669;2021-10-24T09:00:00+02:00
1293;Demanda real;;;23297.16666666667;2021-10-24T10:00:00+02:00
1293;Demanda real;;;23933.66666666667;2021-10-24T11:00:00+02:00
1293;Demanda real;;;24315.66666666667;2021-10-24T12:00:00+02:00
1293;Demanda real;;;24665.83333333333;2021-10-24T13:00:00+02:00
1293;Demanda real;;;24661.33333333333;2021-10-24T14:00:00+02:00
1293;Demanda real;;;23403.83333333333;2021-10-24T15:00:00+02:00
1293;Demanda real;;;22714;2021-10-24T16:00:00+02:00
1293;Demanda real;;;22436.83333333333;2021-10-24T17:00:00+02:00
1293;Demanda real;;;22517.83333333333;2021-10-24T18:00:00+02:00
1293;Demanda real;;;24260;2021-10-24T19:00:00+02:00
1293;Demanda real;;;26422.33333333333;2021-10-24T20:00:00+02:00
1293;Demanda real;;;26601.83333333333;2021-10-24T21:00:00+02:00
1293;Demanda real;;;25106.5;2021-10-24T22:00:00+02:00
1293;Demanda real;;;23416.66666666667;2021-10-24T23:00:00+02:00
1293;Demanda real;;;21963.16666666667;2021-10-25T00:00:00+02:00
1293;Demanda real;;;20982.66666666667;2021-10-25T01:00:00+02:00
1293;Demanda real;;;20279.33333333333;2021-10-25T02:00:00+02:00
1293;Demanda real;;;20054;2021-10-25T03:00:00+02:00
1293;Demanda real;;;20040.83333333333;2021-10-25T04:00:00+02:00
1293;Demanda real;;;20649;2021-10-25T05:00:00+02:00
1293;Demanda real;;;23182.5;2021-10-25T06:00:00+02:00
1293;Demanda real;;;26864.16666666667;2021-10-25T07:00:00+02:00
1293;Demanda real;;;29039.66666666667;2021-10-25T08:00:00+02:00
1293;Demanda real;;;29335.66666666667;2021-10-25T09:00:00+02:00
1293;Demanda real;;;29627.5;2021-10-25T10:00:00+02:00
1293;Demanda real;;;29576;2021-10-25T11:00:00+02:00
1293;Demanda real;;;29866.16666666667;2021-10-25T12:00:00+02:00
1293;Demanda real;;;30001.33333333333;2021-10-25T13:00:00+02:00
1293;Demanda real;;;29495.83333333333;2021-10-25T14:00:00+02:00
1293;Demanda real;;;28680.66666666667;2021-10-25T15:00:00+02:00
1293;Demanda real;;;28245.5;2021-10-25T16:00:00+02:00
1293;Demanda real;;;28069.83333333333;2021-10-25T17:00:00+02:00
1293;Demanda real;;;27823.66666666667;2021-10-25T18:00:00+02:00
1293;Demanda real;;;29280.16666666667;2021-10-25T19:00:00+02:00
1293;Demanda real;;;31217;2021-10-25T20:00:00+02:00
1293;Demanda real;;;30359.83333333333;2021-10-25T21:00:00+02:00
1293;Demanda real;;;27713.83333333333;2021-10-25T22:00:00+02:00
1293;Demanda real;;;25314;2021-10-25T23:00:00+02:00
1293;Demanda real;;;24318.66666666667;2021-10-26T00:00:00+02:00
1293;Demanda real;;;23169.66666666667;2021-10-26T01:00:00+02:00
1293;Demanda real;;;22328.5;2021-10-26T02:00:00+02:00
1293;Demanda real;;;21998.5;2021-10-26T03:00:00+02:00
1293;Demanda real;;;21808.33333333333;2021-10-26T04:00:00+02:00
1293;Demanda real;;;22278.66666666667;2021-10-26T05:00:00+02:00
1293;Demanda real;;;24375.5;2021-10-26T06:00:00+02:00
1293;Demanda real;;;27652.5;2021-10-26T07:00:00+02:00
1293;Demanda real;;;29720.83333333333;2021-10-26T08:00:00+02:00
1293;Demanda real;;;29934.16666666667;2021-10-26T09:00:00+02:00
1293;Demanda real;;;30190;2021-10-26T10:00:00+02:00
1293;Demanda real;;;30221.33333333333;2021-10-26T11:00:00+02:00
1293;Demanda real;;;30615.33333333333;2021-10-26T12:00:00+02:00
1293;Demanda real;;;30708.16666666667;2021-10-26T13:00:00+02:00
1293;Demanda real;;;30123.66666666667;2021-10-26T14:00:00+02:00
1293;Demanda real;;;29132.5;2021-10-26T15:00:00+02:00
1293;Demanda real;;;28617.83333333333;2021-10-26T16:00:00+02:00
1293;Demanda real;;;28264.5;2021-10-26T17:00:00+02:00
1293;Demanda real;;;27820.16666666667;2021-10-26T18:00:00+02:00
1293;Demanda real;;;29411.33333333333;2021-10-26T19:00:00+02:00
1293;Demanda real;;;31273.5;2021-10-26T20:00:00+02:00
1293;Demanda real;;;30617.83333333333;2021-10-26T21:00:00+02:00
1293;Demanda real;;;27991.5;2021-10-26T22:00:00+02:00
1293;Demanda real;;;25654.5;2021-10-26T23:00:00+02:00
1293;Demanda real;;;24476;2021-10-27T00:00:00+02:00
1293;Demanda real;;;23393.5;2021-10-27T01:00:00+02:00
1293;Demanda real;;;22479.5;2021-10-27T02:00:00+02:00
1293;Demanda real;;;21944.16666666667;2021-10-27T03:00:00+02:00
1293;Demanda real;;;22085.5;2021-10-27T04:00:00+02:00
1293;Demanda real;;;22364.33333333333;2021-10-27T05:00:00+02:00
1293;Demanda real;;;24533.5;2021-10-27T06:00:00+02:00
1293;Demanda real;;;27877;2021-10-27T07:00:00+02:00
1293;Demanda real;;;29663.16666666667;2021-10-27T08:00:00+02:00
1293;Demanda real;;;29912;2021-10-27T09:00:00+02:00
1293;Demanda real;;;30133.33333333333;2021-10-27T10:00:00+02:00
1293;Demanda real;;;30138.66666666667;2021-10-27T11:00:00+02:00
1293;Demanda real;;;30184.83333333333;2021-10-27T12:00:00+02:00
1293;Demanda real;;;30098;2021-10-27T13:00:00+02:00
1293;Demanda real;;;29604.5;2021-10-27T14:00:00+02:00
1293;Demanda real;;;28801.33333333333;2021-10-27T15:00:00+02:00
1293;Demanda real;;;28355.5;2021-10-27T16:00:00+02:00
1293;Demanda real;;;28274.33333333333;2021-10-27T17:00:00+02:00
1293;Demanda real;;;27881.83333333333;2021-10-27T18:00:00+02:00
1293;Demanda real;;;29433.33333333333;2021-10-27T19:00:00+02:00
1293;Demanda real;;;31253.33333333333;2021-10-27T20:00:00+02:00
1293;Demanda real;;;30496.5;2021-10-27T21:00:00+02:00
1293;Demanda real;;;27852.66666666667;2021-10-27T22:00:00+02:00
1293;Demanda real;;;25468.66666666667;2021-10-27T23:00:00+02:00
1293;Demanda real;;;24249.66666666667;2021-10-28T00:00:00+02:00
1293;Demanda real;;;22984.16666666667;2021-10-28T01:00:00+02:00
1293;Demanda real;;;22278.16666666667;2021-10-28T02:00:00+02:00
1293;Demanda real;;;21870.66666666667;2021-10-28T03:00:00+02:00
1293;Demanda real;;;21761.66666666667;2021-10-28T04:00:00+02:00
1293;Demanda real;;;22100.33333333333;2021-10-28T05:00:00+02:00
1293;Demanda real;;;24149.83333333333;2021-10-28T06:00:00+02:00
1293;Demanda real;;;27737.66666666667;2021-10-28T07:00:00+02:00
1293;Demanda real;;;29855;2021-10-28T08:00:00+02:00
1293;Demanda real;;;29974.16666666667;2021-10-28T09:00:00+02:00
1293;Demanda real;;;30044.83333333333;2021-10-28T10:00:00+02:00
1293;Demanda real;;;29896.83333333333;2021-10-28T11:00:00+02:00
1293;Demanda real;;;29954.83333333333;2021-10-28T12:00:00+02:00
1293;Demanda real;;;29737.33333333333;2021-10-28T13:00:00+02:00
1293;Demanda real;;;29228.5;2021-10-28T14:00:00+02:00
1293;Demanda real;;;28556;2021-10-28T15:00:00+02:00
1293;Demanda real;;;28521.33333333333;2021-10-28T16:00:00+02:00
1293;Demanda real;;;28313.5;2021-10-28T17:00:00+02:00
1293;Demanda real;;;28294.5;2021-10-28T18:00:00+02:00
1293;Demanda real;;;30089.33333333333;2021-10-28T19:00:00+02:00
1293;Demanda real;;;31673.5;2021-10-28T20:00:00+02:00
1293;Demanda real;;;30996;2021-10-28T21:00:00+02:00
1293;Demanda real;;;28284.5;2021-10-28T22:00:00+02:00
1293;Demanda real;;;26041;2021-10-28T23:00:00+02:00
1293;Demanda real;;;24835.16666666667;2021-10-29T00:00:00+02:00
1293;Demanda real;;;23506.83333333333;2021-10-29T01:00:00+02:00
1293;Demanda real;;;22682.5;2021-10-29T02:00:00+02:00
1293;Demanda real;;;22205;2021-10-29T03:00:00+02:00
1293;Demanda real;;;22111.5;2021-10-29T04:00:00+02:00
1293;Demanda real;;;22485;2021-10-29T05:00:00+02:00
1293;Demanda real;;;24473;2021-10-29T06:00:00+02:00
1293;Demanda real;;;27817;2021-10-29T07:00:00+02:00
1293;Demanda real;;;29775.66666666667;2021-10-29T08:00:00+02:00
1293;Demanda real;;;29973;2021-10-29T09:00:00+02:00
1293;Demanda real;;;30385.66666666667;2021-10-29T10:00:00+02:00
1293;Demanda real;;;30570;2021-10-29T11:00:00+02:00
1293;Demanda real;;;30820.5;2021-10-29T12:00:00+02:00
1293;Demanda real;;;30743.83333333333;2021-10-29T13:00:00+02:00
1293;Demanda real;;;30153.66666666667;2021-10-29T14:00:00+02:00
1293;Demanda real;;;29187.5;2021-10-29T15:00:00+02:00
1293;Demanda real;;;28703.66666666667;2021-10-29T16:00:00+02:00
1293;Demanda real;;;28368.33333333333;2021-10-29T17:00:00+02:00
1293;Demanda real;;;28210.66666666667;2021-10-29T18:00:00+02:00
1293;Demanda real;;;29626.83333333333;2021-10-29T19:00:00+02:00
1293;Demanda real;;;30556.5;2021-10-29T20:00:00+02:00
1293;Demanda real;;;29880.66666666667;2021-10-29T21:00:00+02:00
1293;Demanda real;;;27664.66666666667;2021-10-29T22:00:00+02:00
1293;Demanda real;;;25556.66666666667;2021-10-29T23:00:00+02:00
1293;Demanda real;;;24461.66666666667;2021-10-30T00:00:00+02:00
1293;Demanda real;;;23402.5;2021-10-30T01:00:00+02:00
1293;Demanda real;;;22322.33333333333;2021-10-30T02:00:00+02:00
1293;Demanda real;;;21846.33333333333;2021-10-30T03:00:00+02:00
1293;Demanda real;;;21373.5;2021-10-30T04:00:00+02:00
1293;Demanda real;;;21272.33333333333;2021-10-30T05:00:00+02:00
1293;Demanda real;;;21795.33333333333;2021-10-30T06:00:00+02:00
1293;Demanda real;;;22963.5;2021-10-30T07:00:00+02:00
1293;Demanda real;;;24339.33333333333;2021-10-30T08:00:00+02:00
1293;Demanda real;;;25674.33333333333;2021-10-30T09:00:00+02:00
1293;Demanda real;;;27253.5;2021-10-30T10:00:00+02:00
1293;Demanda real;;;27577.5;2021-10-30T11:00:00+02:00
1293;Demanda real;;;27784.16666666667;2021-10-30T12:00:00+02:00
1293;Demanda real;;;27989;2021-10-30T13:00:00+02:00
1293;Demanda real;;;27374.33333333333;2021-10-30T14:00:00+02:00
1293;Demanda real;;;25775.83333333333;2021-10-30T15:00:00+02:00
1293;Demanda real;;;24934;2021-10-30T16:00:00+02:00
1293;Demanda real;;;24499;2021-10-30T17:00:00+02:00
1293;Demanda real;;;24509.33333333333;2021-10-30T18:00:00+02:00
1293;Demanda real;;;25829.16666666667;2021-10-30T19:00:00+02:00
1293;Demanda real;;;27173.16666666667;2021-10-30T20:00:00+02:00
1293;Demanda real;;;27183.33333333333;2021-10-30T21:00:00+02:00
1293;Demanda real;;;25576.83333333333;2021-10-30T22:00:00+02:00
1293;Demanda real;;;23946.33333333333;2021-10-30T23:00:00+02:00
1293;Demanda real;;;22547;2021-10-31T00:00:00+02:00
1293;Demanda real;;;21265;2021-10-31T01:00:00+02:00
1293;Demanda real;;;20321.333;2021-10-31T02:00:00+02:00
1293;Demanda real;;;19827.83333333333;2021-10-31T02:00:00+01:00
1293;Demanda real;;;19493.66666666667;2021-10-31T03:00:00+01:00
1293;Demanda real;;;19117.83333333333;2021-10-31T04:00:00+01:00
1293;Demanda real;;;19261.5;2021-10-31T05:00:00+01:00
1293;Demanda real;;;19644.33333333333;2021-10-31T06:00:00+01:00
1293;Demanda real;;;20292.16666666667;2021-10-31T07:00:00+01:00
1293;Demanda real;;;21148.83333333333;2021-10-31T08:00:00+01:00
1293;Demanda real;;;22850.66666666667;2021-10-31T09:00:00+01:00
1293;Demanda real;;;24023.66666666667;2021-10-31T10:00:00+01:00
1293;Demanda real;;;24447;2021-10-31T11:00:00+01:00
1293;Demanda real;;;24684.16666666667;2021-10-31T12:00:00+01:00
1293;Demanda real;;;25196.33333333333;2021-10-31T13:00:00+01:00
1293;Demanda real;;;24981.16666666667;2021-10-31T14:00:00+01:00
1293;Demanda real;;;23728.66666666667;2021-10-31T15:00:00+01:00
1293;Demanda real;;;23117.16666666667;2021-10-31T16:00:00+01:00
1293;Demanda real;;;23125.66666666667;2021-10-31T17:00:00+01:00
1293;Demanda real;;;24430.16666666667;2021-10-31T18:00:00+01:00
1293;Demanda real;;;25283.33333333333;2021-10-31T19:00:00+01:00
1293;Demanda real;;;25518.33333333333;2021-10-31T20:00:00+01:00
1293;Demanda real;;;25309;2021-10-31T21:00:00+01:00
1293;Demanda real;;;24204.5;2021-10-31T22:00:00+01:00
1293;Demanda real;;;22760;2021-10-31T23:00:00+01:00
1293;Demanda real;;;21708.66666666667;2021-11-01T00:00:00+01:00
1293;Demanda real;;;20611.16666666667;2021-11-01T01:00:00+01:00
1293;Demanda real;;;19822.66666666667;2021-11-01T02:00:00+01:00
1293;Demanda real;;;19167;2021-11-01T03:00:00+01:00
1293;Demanda real;;;19152;2021-11-01T04:00:00+01:00
1293;Demanda real;;;19250.83333333333;2021-11-01T05:00:00+01:00
1293;Demanda real;;;19596.33333333333;2021-11-01T06:00:00+01:00
1293;Demanda real;;;20133.5;2021-11-01T07:00:00+01:00
1293;Demanda real;;;20828.16666666667;2021-11-01T08:00:00+01:00
1293;Demanda real;;;22530.16666666667;2021-11-01T09:00:00+01:00
1293;Demanda real;;;23840;2021-11-01T10:00:00+01:00
1293;Demanda real;;;24290.5;2021-11-01T11:00:00+01:00
1293;Demanda real;;;24532.66666666667;2021-11-01T12:00:00+01:00
1293;Demanda real;;;24984.33333333333;2021-11-01T13:00:00+01:00
1293;Demanda real;;;25007;2021-11-01T14:00:00+01:00
1293;Demanda real;;;23656.5;2021-11-01T15:00:00+01:00
1293;Demanda real;;;23086.66666666667;2021-11-01T16:00:00+01:00
1293;Demanda real;;;22994.16666666667;2021-11-01T17:00:00+01:00
1293;Demanda real;;;24641.16666666667;2021-11-01T18:00:00+01:00
1293;Demanda real;;;26146.5;2021-11-01T19:00:00+01:00
1293;Demanda real;;;26583.83333333333;2021-11-01T20:00:00+01:00
1293;Demanda real;;;26180;2021-11-01T21:00:00+01:00
1293;Demanda real;;;24537.33333333333;2021-11-01T22:00:00+01:00
1293;Demanda real;;;22970;2021-11-01T23:00:00+01:00
1293;Demanda real;;;21786.33333333333;2021-11-02T00:00:00+01:00
1293;Demanda real;;;20588.66666666667;2021-11-02T01:00:00+01:00
1293;Demanda real;;;19956.83333333333;2021-11-02T02:00:00+01:00
1293;Demanda real;;;19822.5;2021-11-02T03:00:00+01:00
1293;Demanda real;;;20020.83333333333;2021-11-02T04:00:00+01:00
1293;Demanda real;;;20732.33333333333;2021-11-02T05:00:00+01:00
1293;Demanda real;;;23205.5;2021-11-02T06:00:00+01:00
1293;Demanda real;;;26525.5;2021-11-02T07:00:00+01:00
1293;Demanda real;;;28344.33333333333;2021-11-02T08:00:00+01:00
1293;Demanda real;;;29027.66666666667;2021-11-02T09:00:00+01:00
1293;Demanda real;;;29274.83333333333;2021-11-02T10:00:00+01:00
1293;Demanda real;;;29381;2021-11-02T11:00:00+01:00
1293;Demanda real;;;29728.16666666667;2021-11-02T12:00:00+01:00
1293;Demanda real;;;30113.16666666667;2021-11-02T13:00:00+01:00
1293;Demanda real;;;29648.16666666667;2021-11-02T14:00:00+01:00
1293;Demanda real;;;29139.5;2021-11-02T15:00:00+01:00
1293;Demanda real;;;28685.5;2021-11-02T16:00:00+01:00
1293;Demanda real;;;28798.66666666667;2021-11-02T17:00:00+01:00
1293;Demanda real;;;29989.66666666667;2021-11-02T18:00:00+01:00
1293;Demanda real;;;31067.66666666667;2021-11-02T19:00:00+01:00
1293;Demanda real;;;31310.5;2021-11-02T20:00:00+01:00
1293;Demanda real;;;30264.16666666667;2021-11-02T21:00:00+01:00
1293;Demanda real;;;27630.5;2021-11-02T22:00:00+01:00
1293;Demanda real;;;25369.5;2021-11-02T23:00:00+01:00
1293;Demanda real;;;24233.33333333333;2021-11-03T00:00:00+01:00
1293;Demanda real;;;23087;2021-11-03T01:00:00+01:00
1293;Demanda real;;;22228;2021-11-03T02:00:00+01:00
1293;Demanda real;;;21906.5;2021-11-03T03:00:00+01:00
1293;Demanda real;;;21847.5;2021-11-03T04:00:00+01:00
1293;Demanda real;;;22264.16666666667;2021-11-03T05:00:00+01:00
1293;Demanda real;;;24262.66666666667;2021-11-03T06:00:00+01:00
1293;Demanda real;;;27622.66666666667;2021-11-03T07:00:00+01:00
1293;Demanda real;;;29122.33333333333;2021-11-03T08:00:00+01:00
1293;Demanda real;;;29864;2021-11-03T09:00:00+01:00
1293;Demanda real;;;30147.16666666667;2021-11-03T10:00:00+01:00
1293;Demanda real;;;30234.83333333333;2021-11-03T11:00:00+01:00
1293;Demanda real;;;30643.66666666667;2021-11-03T12:00:00+01:00
1293;Demanda real;;;30773.33333333333;2021-11-03T13:00:00+01:00
1293;Demanda real;;;30512.83333333333;2021-11-03T14:00:00+01:00
1293;Demanda real;;;29724.16666666667;2021-11-03T15:00:00+01:00
1293;Demanda real;;;29349.66666666667;2021-11-03T16:00:00+01:00
1293;Demanda real;;;29332.16666666667;2021-11-03T17:00:00+01:00
1293;Demanda real;;;30454.83333333333;2021-11-03T18:00:00+01:00
1293;Demanda real;;;31677.66666666667;2021-11-03T19:00:00+01:00
1293;Demanda real;;;32038.83333333333;2021-11-03T20:00:00+01:00
1293;Demanda real;;;31068;2021-11-03T21:00:00+01:00
1293;Demanda real;;;28221.5;2021-11-03T22:00:00+01:00
1293;Demanda real;;;25966;2021-11-03T23:00:00+01:00
1293;Demanda real;;;24621.33333333333;2021-11-04T00:00:00+01:00
1293;Demanda real;;;23538.16666666667;2021-11-04T01:00:00+01:00
1293;Demanda real;;;22732;2021-11-04T02:00:00+01:00
1293;Demanda real;;;22274.33333333333;2021-11-04T03:00:00+01:00
1293;Demanda real;;;22058.16666666667;2021-11-04T04:00:00+01:00
1293;Demanda real;;;22510.66666666667;2021-11-04T05:00:00+01:00
1293;Demanda real;;;24758.66666666667;2021-11-04T06:00:00+01:00
1293;Demanda real;;;28034.33333333333;2021-11-04T07:00:00+01:00
1293;Demanda real;;;29685;2021-11-04T08:00:00+01:00
1293;Demanda real;;;30376;2021-11-04T09:00:00+01:00
1293;Demanda real;;;30533.66666666667;2021-11-04T10:00:00+01:00
1293;Demanda real;;;30396.83333333333;2021-11-04T11:00:00+01:00
1293;Demanda real;;;30527.5;2021-11-04T12:00:00+01:00
1293;Demanda real;;;30762.66666666667;2021-11-04T13:00:00+01:00
1293;Demanda real;;;30426.33333333333;2021-11-04T14:00:00+01:00
1293;Demanda real;;;29780;2021-11-04T15:00:00+01:00
1293;Demanda real;;;29550;2021-11-04T16:00:00+01:00
1293;Demanda real;;;29487;2021-11-04T17:00:00+01:00
1293;Demanda real;;;30822.66666666667;2021-11-04T18:00:00+01:00
1293;Demanda real;;;32143.66666666667;2021-11-04T19:00:00+01:00
1293;Demanda real;;;32544.83333333333;2021-11-04T20:00:00+01:00
1293;Demanda real;;;31553;2021-11-04T21:00:00+01:00
1293;Demanda real;;;28732.83333333333;2021-11-04T22:00:00+01:00
1293;Demanda real;;;26141.66666666667;2021-11-04T23:00:00+01:00
1293;Demanda real;;;24953;2021-11-05T00:00:00+01:00
1293;Demanda real;;;23795;2021-11-05T01:00:00+01:00
1293;Demanda real;;;22851.33333333333;2021-11-05T02:00:00+01:00
1293;Demanda real;;;22461.83333333333;2021-11-05T03:00:00+01:00
1293;Demanda real;;;22378.16666666667;2021-11-05T04:00:00+01:00
1293;Demanda real;;;22903.16666666667;2021-11-05T05:00:00+01:00
1293;Demanda real;;;25214.33333333333;2021-11-05T06:00:00+01:00
1293;Demanda real;;;28713.5;2021-11-05T07:00:00+01:00
1293;Demanda real;;;30314;2021-11-05T08:00:00+01:00
1293;Demanda real;;;31164.83333333333;2021-11-05T09:00:00+01:00
1293;Demanda real;;;31111.33333333333;2021-11-05T10:00:00+01:00
1293;Demanda real;;;31193.5;2021-11-05T11:00:00+01:00
1293;Demanda real;;;31291.66666666667;2021-11-05T12:00:00+01:00
1293;Demanda real;;;31172.33333333333;2021-11-05T13:00:00+01:00
1293;Demanda real;;;30708.66666666667;2021-11-05T14:00:00+01:00
1293;Demanda real;;;29959.66666666667;2021-11-05T15:00:00+01:00
1293;Demanda real;;;29559.33333333333;2021-11-05T16:00:00+01:00
1293;Demanda real;;;29583;2021-11-05T17:00:00+01:00
1293;Demanda real;;;30920.83333333333;2021-11-05T18:00:00+01:00
1293;Demanda real;;;31895.5;2021-11-05T19:00:00+01:00
1293;Demanda real;;;31952.33333333333;2021-11-05T20:00:00+01:00
1293;Demanda real;;;31245.16666666667;2021-11-05T21:00:00+01:00
1293;Demanda real;;;28747.66666666667;2021-11-05T22:00:00+01:00
1293;Demanda real;;;26417.33333333333;2021-11-05T23:00:00+01:00
1293;Demanda real;;;25445.33333333333;2021-11-06T00:00:00+01:00
1293;Demanda real;;;23976.33333333333;2021-11-06T01:00:00+01:00
1293;Demanda real;;;22893.33333333333;2021-11-06T02:00:00+01:00
1293;Demanda real;;;22203;2021-11-06T03:00:00+01:00
1293;Demanda real;;;21885.83333333333;2021-11-06T04:00:00+01:00
1293;Demanda real;;;21788.33333333333;2021-11-06T05:00:00+01:00
1293;Demanda real;;;22366.33333333333;2021-11-06T06:00:00+01:00
1293;Demanda real;;;23339.66666666667;2021-11-06T07:00:00+01:00
1293;Demanda real;;;24706.5;2021-11-06T08:00:00+01:00
1293;Demanda real;;;26781.83333333333;2021-11-06T09:00:00+01:00
1293;Demanda real;;;27926.5;2021-11-06T10:00:00+01:00
1293;Demanda real;;;28029.83333333333;2021-11-06T11:00:00+01:00
1293;Demanda real;;;27916.66666666667;2021-11-06T12:00:00+01:00
1293;Demanda real;;;28037.16666666667;2021-11-06T13:00:00+01:00
1293;Demanda real;;;27787.66666666667;2021-11-06T14:00:00+01:00
1293;Demanda real;;;26750.16666666667;2021-11-06T15:00:00+01:00
1293;Demanda real;;;25980.5;2021-11-06T16:00:00+01:00
1293;Demanda real;;;25799.16666666667;2021-11-06T17:00:00+01:00
1293;Demanda real;;;27520.16666666667;2021-11-06T18:00:00+01:00
1293;Demanda real;;;28759.66666666667;2021-11-06T19:00:00+01:00
1293;Demanda real;;;29395;2021-11-06T20:00:00+01:00
1293;Demanda real;;;29343.66666666667;2021-11-06T21:00:00+01:00
1293;Demanda real;;;27518.83333333333;2021-11-06T22:00:00+01:00
1293;Demanda real;;;25553.16666666667;2021-11-06T23:00:00+01:00
1293;Demanda real;;;23793;2021-11-07T00:00:00+01:00
1293;Demanda real;;;22391.5;2021-11-07T01:00:00+01:00
1293;Demanda real;;;21327.33333333333;2021-11-07T02:00:00+01:00
1293;Demanda real;;;20660.16666666667;2021-11-07T03:00:00+01:00
1293;Demanda real;;;20468.33333333333;2021-11-07T04:00:00+01:00
1293;Demanda real;;;20430.83333333333;2021-11-07T05:00:00+01:00
1293;Demanda real;;;20977.5;2021-11-07T06:00:00+01:00
1293;Demanda real;;;21300;2021-11-07T07:00:00+01:00
1293;Demanda real;;;21768.83333333333;2021-11-07T08:00:00+01:00
1293;Demanda real;;;23704.83333333333;2021-11-07T09:00:00+01:00
1293;Demanda real;;;25263.33333333333;2021-11-07T10:00:00+01:00
1293;Demanda real;;;25785.66666666667;2021-11-07T11:00:00+01:00
1293;Demanda real;;;25962.16666666667;2021-11-07T12:00:00+01:00
1293;Demanda real;;;26306;2021-11-07T13:00:00+01:00
1293;Demanda real;;;26286.83333333333;2021-11-07T14:00:00+01:00
1293;Demanda real;;;25235.83333333333;2021-11-07T15:00:00+01:00
1293;Demanda real;;;24496.16666666667;2021-11-07T16:00:00+01:00
1293;Demanda real;;;24356.83333333333;2021-11-07T17:00:00+01:00
1293;Demanda real;;;26510.5;2021-11-07T18:00:00+01:00
1293;Demanda real;;;28142.66666666667;2021-11-07T19:00:00+01:00
1293;Demanda real;;;29144;2021-11-07T20:00:00+01:00
1293;Demanda real;;;29097.16666666667;2021-11-07T21:00:00+01:00
1293;Demanda real;;;27617.5;2021-11-07T22:00:00+01:00
1293;Demanda real;;;25413.33333333333;2021-11-07T23:00:00+01:00
1293;Demanda real;;;23616.5;2021-11-08T00:00:00+01:00
1293;Demanda real;;;22189.16666666667;2021-11-08T01:00:00+01:00
1293;Demanda real;;;21513.5;2021-11-08T02:00:00+01:00
1293;Demanda real;;;21244.16666666667;2021-11-08T03:00:00+01:00
1293;Demanda real;;;21057.33333333333;2021-11-08T04:00:00+01:00
1293;Demanda real;;;21919.83333333333;2021-11-08T05:00:00+01:00
1293;Demanda real;;;24746.5;2021-11-08T06:00:00+01:00
1293;Demanda real;;;28667.83333333333;2021-11-08T07:00:00+01:00
1293;Demanda real;;;30523.5;2021-11-08T08:00:00+01:00
1293;Demanda real;;;31237.16666666667;2021-11-08T09:00:00+01:00
1293;Demanda real;;;31417;2021-11-08T10:00:00+01:00
1293;Demanda real;;;31348;2021-11-08T11:00:00+01:00
1293;Demanda real;;;31478;2021-11-08T12:00:00+01:00
1293;Demanda real;;;31488.33333333333;2021-11-08T13:00:00+01:00
1293;Demanda real;;;31196;2021-11-08T14:00:00+01:00
1293;Demanda real;;;30565;2021-11-08T15:00:00+01:00
1293;Demanda real;;;30179;2021-11-08T16:00:00+01:00
1293;Demanda real;;;30018.33333333333;2021-11-08T17:00:00+01:00
1293;Demanda real;;;31692.33333333333;2021-11-08T18:00:00+01:00
1293;Demanda real;;;32926.5;2021-11-08T19:00:00+01:00
1293;Demanda real;;;33422.33333333334;2021-11-08T20:00:00+01:00
1293;Demanda real;;;32609.33333333333;2021-11-08T21:00:00+01:00
1293;Demanda real;;;29821.5;2021-11-08T22:00:00+01:00
1293;Demanda real;;;27182;2021-11-08T23:00:00+01:00
1293;Demanda real;;;25817.83333333333;2021-11-09T00:00:00+01:00
1293;Demanda real;;;24469.16666666667;2021-11-09T01:00:00+01:00
1293;Demanda real;;;23545.83333333333;2021-11-09T02:00:00+01:00
1293;Demanda real;;;22982.33333333333;2021-11-09T03:00:00+01:00
1293;Demanda real;;;22917.5;2021-11-09T04:00:00+01:00
1293;Demanda real;;;23467.66666666667;2021-11-09T05:00:00+01:00
1293;Demanda real;;;25762.83333333333;2021-11-09T06:00:00+01:00
1293;Demanda real;;;29132.83333333333;2021-11-09T07:00:00+01:00
1293;Demanda real;;;30724.66666666667;2021-11-09T08:00:00+01:00
1293;Demanda real;;;31215.66666666667;2021-11-09T09:00:00+01:00
1293;Demanda real;;;31208.33333333333;2021-11-09T10:00:00+01:00
1293;Demanda real;;;31064.5;2021-11-09T11:00:00+01:00
1293;Demanda real;;;30991.33333333333;2021-11-09T12:00:00+01:00
1293;Demanda real;;;31083.16666666667;2021-11-09T13:00:00+01:00
1293;Demanda real;;;30688;2021-11-09T14:00:00+01:00
1293;Demanda real;;;30187.5;2021-11-09T15:00:00+01:00
1293;Demanda real;;;30041;2021-11-09T16:00:00+01:00
1293;Demanda real;;;30238.16666666667;2021-11-09T17:00:00+01:00
1293;Demanda real;;;31700.5;2021-11-09T18:00:00+01:00
1293;Demanda real;;;32839.33333333334;2021-11-09T19:00:00+01:00
1293;Demanda real;;;33361.16666666667;2021-11-09T20:00:00+01:00
1293;Demanda real;;;32595.16666666667;2021-11-09T21:00:00+01:00
1293;Demanda real;;;29920.83333333333;2021-11-09T22:00:00+01:00
1293;Demanda real;;;27250;2021-11-09T23:00:00+01:00
1293;Demanda real;;;25815;2021-11-10T00:00:00+01:00
1293;Demanda real;;;24400.33333333333;2021-11-10T01:00:00+01:00
1293;Demanda real;;;23403.5;2021-11-10T02:00:00+01:00
1293;Demanda real;;;22964.16666666667;2021-11-10T03:00:00+01:00
1293;Demanda real;;;22872.83333333333;2021-11-10T04:00:00+01:00
1293;Demanda real;;;23501.5;2021-11-10T05:00:00+01:00
1293;Demanda real;;;25982.16666666667;2021-11-10T06:00:00+01:00
1293;Demanda real;;;29706;2021-11-10T07:00:00+01:00
1293;Demanda real;;;31409.33333333333;2021-11-10T08:00:00+01:00
1293;Demanda real;;;31907.16666666667;2021-11-10T09:00:00+01:00
1293;Demanda real;;;32168.66666666667;2021-11-10T10:00:00+01:00
1293;Demanda real;;;32117.66666666667;2021-11-10T11:00:00+01:00
1293;Demanda real;;;32087.83333333333;2021-11-10T12:00:00+01:00
1293;Demanda real;;;32281.83333333333;2021-11-10T13:00:00+01:00
1293;Demanda real;;;31810.33333333333;2021-11-10T14:00:00+01:00
1293;Demanda real;;;31135.83333333333;2021-11-10T15:00:00+01:00
1293;Demanda real;;;30687.83333333333;2021-11-10T16:00:00+01:00
1293;Demanda real;;;30702.66666666667;2021-11-10T17:00:00+01:00
1293;Demanda real;;;32071;2021-11-10T18:00:00+01:00
1293;Demanda real;;;33165.83333333334;2021-11-10T19:00:00+01:00
1293;Demanda real;;;33625.16666666667;2021-11-10T20:00:00+01:00
1293;Demanda real;;;32750.66666666667;2021-11-10T21:00:00+01:00
1293;Demanda real;;;30060.83333333333;2021-11-10T22:00:00+01:00
1293;Demanda real;;;27308.83333333333;2021-11-10T23:00:00+01:00
1293;Demanda real;;;25885.66666666667;2021-11-11T00:00:00+01:00
1293;Demanda real;;;24547.16666666667;2021-11-11T01:00:00+01:00
1293;Demanda real;;;23637.16666666667;2021-11-11T02:00:00+01:00
1293;Demanda real;;;23079.83333333333;2021-11-11T03:00:00+01:00
1293;Demanda real;;;23167.33333333333;2021-11-11T04:00:00+01:00
1293;Demanda real;;;23674.83333333333;2021-11-11T05:00:00+01:00
1293;Demanda real;;;26112.83333333333;2021-11-11T06:00:00+01:00
1293;Demanda real;;;29751.83333333333;2021-11-11T07:00:00+01:00
1293;Demanda real;;;31339.5;2021-11-11T08:00:00+01:00
1293;Demanda real;;;31934.16666666667;2021-11-11T09:00:00+01:00
1293;Demanda real;;;32189.5;2021-11-11T10:00:00+01:00
1293;Demanda real;;;32027.16666666667;2021-11-11T11:00:00+01:00
1293;Demanda real;;;32090.16666666667;2021-11-11T12:00:00+01:00
1293;Demanda real;;;32159;2021-11-11T13:00:00+01:00
1293;Demanda real;;;31736.66666666667;2021-11-11T14:00:00+01:00
1293;Demanda real;;;31097.66666666667;2021-11-11T15:00:00+01:00
1293;Demanda real;;;30823.33333333333;2021-11-11T16:00:00+01:00
1293;Demanda real;;;30843.83333333333;2021-11-11T17:00:00+01:00
1293;Demanda real;;;32295.5;2021-11-11T18:00:00+01:00
1293;Demanda real;;;33167.33333333334;2021-11-11T19:00:00+01:00
1293;Demanda real;;;33588.83333333334;2021-11-11T20:00:00+01:00
1293;Demanda real;;;32698;2021-11-11T21:00:00+01:00
1293;Demanda real;;;30028.5;2021-11-11T22:00:00+01:00
1293;Demanda real;;;27528.33333333333;2021-11-11T23:00:00+01:00
1293;Demanda real;;;26089;2021-11-12T00:00:00+01:00
1293;Demanda real;;;24812;2021-11-12T01:00:00+01:00
1293;Demanda real;;;23729;2021-11-12T02:00:00+01:00
1293;Demanda real;;;23357.33333333333;2021-11-12T03:00:00+01:00
1293;Demanda real;;;23247.83333333333;2021-11-12T04:00:00+01:00
1293;Demanda real;;;23878.66666666667;2021-11-12T05:00:00+01:00
1293;Demanda real;;;26225.5;2021-11-12T06:00:00+01:00
1293;Demanda real;;;29820.16666666667;2021-11-12T07:00:00+01:00
1293;Demanda real;;;31265;2021-11-12T08:00:00+01:00
1293;Demanda real;;;31897.5;2021-11-12T09:00:00+01:00
1293;Demanda real;;;32164;2021-11-12T10:00:00+01:00
1293;Demanda real;;;32092.5;2021-11-12T11:00:00+01:00
1293;Demanda real;;;31992.5;2021-11-12T12:00:00+01:00
1293;Demanda real;;;31863.5;2021-11-12T13:00:00+01:00
1293;Demanda real;;;31252.16666666667;2021-11-12T14:00:00+01:00
1293;Demanda real;;;30585.5;2021-11-12T15:00:00+01:00
1293;Demanda real;;;30285.5;2021-11-12T16:00:00+01:00
1293;Demanda real;;;30238;2021-11-12T17:00:00+01:00
1293;Demanda real;;;31522.66666666667;2021-11-12T18:00:00+01:00
1293;Demanda real;;;32206;2021-11-12T19:00:00+01:00
1293;Demanda real;;;32364.66666666667;2021-11-12T20:00:00+01:00
1293;Demanda real;;;31744.5;2021-11-12T21:00:00+01:00
1293;Demanda real;;;29528.5;2021-11-12T22:00:00+01:00
1293;Demanda real;;;27069.83333333333;2021-11-12T23:00:00+01:00
1293;Demanda real;;;25943.83333333333;2021-11-13T00:00:00+01:00
1293;Demanda real;;;24331.83333333333;2021-11-13T01:00:00+01:00
1293;Demanda real;;;23201.16666666667;2021-11-13T02:00:00+01:00
1293;Demanda real;;;22431.16666666667;2021-11-13T03:00:00+01:00
1293;Demanda real;;;22164;2021-11-13T04:00:00+01:00
1293;Demanda real;;;21997.33333333333;2021-11-13T05:00:00+01:00
1293;Demanda real;;;22462.66666666667;2021-11-13T06:00:00+01:00
1293;Demanda real;;;23570.66666666667;2021-11-13T07:00:00+01:00
1293;Demanda real;;;24638.5;2021-11-13T08:00:00+01:00
1293;Demanda real;;;26758.83333333333;2021-11-13T09:00:00+01:00
1293;Demanda real;;;27952.66666666667;2021-11-13T10:00:00+01:00
1293;Demanda real;;;27914.83333333333;2021-11-13T11:00:00+01:00
1293;Demanda real;;;27784.16666666667;2021-11-13T12:00:00+01:00
1293;Demanda real;;;27789;2021-11-13T13:00:00+01:00
1293;Demanda real;;;27402.5;2021-11-13T14:00:00+01:00
1293;Demanda real;;;26211.5;2021-11-13T15:00:00+01:00
1293;Demanda real;;;25585.5;2021-11-13T16:00:00+01:00
1293;Demanda real;;;25605.33333333333;2021-11-13T17:00:00+01:00
1293;Demanda real;;;27574.16666666667;2021-11-13T18:00:00+01:00
1293;Demanda real;;;28414.33333333333;2021-11-13T19:00:00+01:00
1293;Demanda real;;;29173.66666666667;2021-11-13T20:00:00+01:00
1293;Demanda real;;;29075.83333333333;2021-11-13T21:00:00+01:00
1293;Demanda real;;;27243.66666666667;2021-11-13T22:00:00+01:00
1293;Demanda real;;;25279.33333333333;2021-11-13T23:00:00+01:00
1293;Demanda real;;;23823.66666666667;2021-11-14T00:00:00+01:00
1293;Demanda real;;;22501;2021-11-14T01:00:00+01:00
1293;Demanda real;;;21237.5;2021-11-14T02:00:00+01:00
1293;Demanda real;;;20693;2021-11-14T03:00:00+01:00
1293;Demanda real;;;20366;2021-11-14T04:00:00+01:00
1293;Demanda real;;;20444.33333333333;2021-11-14T05:00:00+01:00
1293;Demanda real;;;20848.83333333333;2021-11-14T06:00:00+01:00
1293;Demanda real;;;21124.5;2021-11-14T07:00:00+01:00
1293;Demanda real;;;21565.16666666667;2021-11-14T08:00:00+01:00
1293;Demanda real;;;23230.5;2021-11-14T09:00:00+01:00
1293;Demanda real;;;24654;2021-11-14T10:00:00+01:00
1293;Demanda real;;;25109.83333333333;2021-11-14T11:00:00+01:00
1293;Demanda real;;;25247.33333333333;2021-11-14T12:00:00+01:00
1293;Demanda real;;;25755.16666666667;2021-11-14T13:00:00+01:00
1293;Demanda real;;;25828.83333333333;2021-11-14T14:00:00+01:00
1293;Demanda real;;;24790.16666666667;2021-11-14T15:00:00+01:00
1293;Demanda real;;;24164.66666666667;2021-11-14T16:00:00+01:00
1293;Demanda real;;;24134.5;2021-11-14T17:00:00+01:00
1293;Demanda real;;;26533.66666666667;2021-11-14T18:00:00+01:00
1293;Demanda real;;;28025.33333333333;2021-11-14T19:00:00+01:00
1293;Demanda real;;;29153.66666666667;2021-11-14T20:00:00+01:00
1293;Demanda real;;;29136;2021-11-14T21:00:00+01:00
1293;Demanda real;;;27504.66666666667;2021-11-14T22:00:00+01:00
1293;Demanda real;;;25328;2021-11-14T23:00:00+01:00
1293;Demanda real;;;23724.66666666667;2021-11-15T00:00:00+01:00
1293;Demanda real;;;22273.5;2021-11-15T01:00:00+01:00
1293;Demanda real;;;21732.16666666667;2021-11-15T02:00:00+01:00
1293;Demanda real;;;21318.16666666667;2021-11-15T03:00:00+01:00
1293;Demanda real;;;21318.66666666667;2021-11-15T04:00:00+01:00
1293;Demanda real;;;21845.5;2021-11-15T05:00:00+01:00
1293;Demanda real;;;24696.83333333333;2021-11-15T06:00:00+01:00
1293;Demanda real;;;28990.66666666667;2021-11-15T07:00:00+01:00
1293;Demanda real;;;30763.83333333333;2021-11-15T08:00:00+01:00
1293;Demanda real;;;31377.16666666667;2021-11-15T09:00:00+01:00
1293;Demanda real;;;31609.16666666667;2021-11-15T10:00:00+01:00
1293;Demanda real;;;31497.66666666667;2021-11-15T11:00:00+01:00
1293;Demanda real;;;31660.16666666667;2021-11-15T12:00:00+01:00
1293;Demanda real;;;31720;2021-11-15T13:00:00+01:00
1293;Demanda real;;;31440.16666666667;2021-11-15T14:00:00+01:00
1293;Demanda real;;;30913.16666666667;2021-11-15T15:00:00+01:00
1293;Demanda real;;;30658.16666666667;2021-11-15T16:00:00+01:00
1293;Demanda real;;;30537.83333333333;2021-11-15T17:00:00+01:00
1293;Demanda real;;;31678;2021-11-15T18:00:00+01:00
1293;Demanda real;;;33196.5;2021-11-15T19:00:00+01:00
1293;Demanda real;;;33620.66666666667;2021-11-15T20:00:00+01:00
1293;Demanda real;;;32866.33333333334;2021-11-15T21:00:00+01:00
1293;Demanda real;;;30163.66666666667;2021-11-15T22:00:00+01:00
1293;Demanda real;;;27327.83333333333;2021-11-15T23:00:00+01:00
1293;Demanda real;;;26054.66666666667;2021-11-16T00:00:00+01:00
1293;Demanda real;;;24714.5;2021-11-16T01:00:00+01:00
1293;Demanda real;;;23629;2021-11-16T02:00:00+01:00
1293;Demanda real;;;23300.83333333333;2021-11-16T03:00:00+01:00
1293;Demanda real;;;23110.66666666667;2021-11-16T04:00:00+01:00
1293;Demanda real;;;23577.83333333333;2021-11-16T05:00:00+01:00
1293;Demanda real;;;26103.16666666667;2021-11-16T06:00:00+01:00
1293;Demanda real;;;29874.33333333333;2021-11-16T07:00:00+01:00
1293;Demanda real;;;31547;2021-11-16T08:00:00+01:00
1293;Demanda real;;;32165.5;2021-11-16T09:00:00+01:00
1293;Demanda real;;;32456.66666666667;2021-11-16T10:00:00+01:00
1293;Demanda real;;;32415.33333333333;2021-11-16T11:00:00+01:00
1293;Demanda real;;;32292.33333333333;2021-11-16T12:00:00+01:00
1293;Demanda real;;;32474.33333333333;2021-11-16T13:00:00+01:00
1293;Demanda real;;;31937.5;2021-11-16T14:00:00+01:00
1293;Demanda real;;;31414.5;2021-11-16T15:00:00+01:00
1293;Demanda real;;;31043.66666666667;2021-11-16T16:00:00+01:00
1293;Demanda real;;;31317.33333333333;2021-11-16T17:00:00+01:00
1293;Demanda real;;;32911;2021-11-16T18:00:00+01:00
1293;Demanda real;;;33730.5;2021-11-16T19:00:00+01:00
1293;Demanda real;;;34301.66666666667;2021-11-16T20:00:00+01:00
1293;Demanda real;;;33226.66666666667;2021-11-16T21:00:00+01:00
1293;Demanda real;;;30432.33333333333;2021-11-16T22:00:00+01:00
1293;Demanda real;;;27574.66666666667;2021-11-16T23:00:00+01:00
1293;Demanda real;;;26130.66666666667;2021-11-17T00:00:00+01:00
1293;Demanda real;;;24839.33333333333;2021-11-17T01:00:00+01:00
1293;Demanda real;;;23692.83333333333;2021-11-17T02:00:00+01:00
1293;Demanda real;;;23000.33333333333;2021-11-17T03:00:00+01:00
1293;Demanda real;;;23142;2021-11-17T04:00:00+01:00
1293;Demanda real;;;23716.83333333333;2021-11-17T05:00:00+01:00
1293;Demanda real;;;26068.33333333333;2021-11-17T06:00:00+01:00
1293;Demanda real;;;30172;2021-11-17T07:00:00+01:00
1293;Demanda real;;;31983.83333333333;2021-11-17T08:00:00+01:00
1293;Demanda real;;;32190.66666666667;2021-11-17T09:00:00+01:00
1293;Demanda real;;;32225.33333333333;2021-11-17T10:00:00+01:00
1293;Demanda real;;;32112.33333333333;2021-11-17T11:00:00+01:00
1293;Demanda real;;;32064.66666666667;2021-11-17T12:00:00+01:00
1293;Demanda real;;;32259.16666666667;2021-11-17T13:00:00+01:00
1293;Demanda real;;;31722.33333333333;2021-11-17T14:00:00+01:00
1293;Demanda real;;;31535;2021-11-17T15:00:00+01:00
1293;Demanda real;;;30903.33333333333;2021-11-17T16:00:00+01:00
1293;Demanda real;;;31200.16666666667;2021-11-17T17:00:00+01:00
1293;Demanda real;;;33014;2021-11-17T18:00:00+01:00
1293;Demanda real;;;34011.5;2021-11-17T19:00:00+01:00
1293;Demanda real;;;34373;2021-11-17T20:00:00+01:00
1293;Demanda real;;;33432.5;2021-11-17T21:00:00+01:00
1293;Demanda real;;;30631.16666666667;2021-11-17T22:00:00+01:00
1293;Demanda real;;;27852.66666666667;2021-11-17T23:00:00+01:00
1293;Demanda real;;;26229.83333333333;2021-11-18T00:00:00+01:00
1293;Demanda real;;;24847.16666666667;2021-11-18T01:00:00+01:00
1293;Demanda real;;;23685.33333333333;2021-11-18T02:00:00+01:00
1293;Demanda real;;;23435.66666666667;2021-11-18T03:00:00+01:00
1293;Demanda real;;;23301.5;2021-11-18T04:00:00+01:00
1293;Demanda real;;;23911;2021-11-18T05:00:00+01:00
1293;Demanda real;;;26495.16666666667;2021-11-18T06:00:00+01:00
1293;Demanda real;;;30290.83333333333;2021-11-18T07:00:00+01:00
1293;Demanda real;;;31976.66666666667;2021-11-18T08:00:00+01:00
1293;Demanda real;;;32647;2021-11-18T09:00:00+01:00
1293;Demanda real;;;32948.33333333334;2021-11-18T10:00:00+01:00
1293;Demanda real;;;32887.5;2021-11-18T11:00:00+01:00
1293;Demanda real;;;32799.83333333334;2021-11-18T12:00:00+01:00
1293;Demanda real;;;32950;2021-11-18T13:00:00+01:00
1293;Demanda real;;;32364;2021-11-18T14:00:00+01:00
1293;Demanda real;;;31662.5;2021-11-18T15:00:00+01:00
1293;Demanda real;;;31286.16666666667;2021-11-18T16:00:00+01:00
1293;Demanda real;;;31696;2021-11-18T17:00:00+01:00
1293;Demanda real;;;33159.5;2021-11-18T18:00:00+01:00
1293;Demanda real;;;34028.66666666667;2021-11-18T19:00:00+01:00
1293;Demanda real;;;34430.16666666667;2021-11-18T20:00:00+01:00
1293;Demanda real;;;33346.16666666667;2021-11-18T21:00:00+01:00
1293;Demanda real;;;30633.33333333333;2021-11-18T22:00:00+01:00
1293;Demanda real;;;27820.16666666667;2021-11-18T23:00:00+01:00
1293;Demanda real;;;26536.16666666667;2021-11-19T00:00:00+01:00
1293;Demanda real;;;25108.83333333333;2021-11-19T01:00:00+01:00
1293;Demanda real;;;24032.16666666667;2021-11-19T02:00:00+01:00
1293;Demanda real;;;23604.66666666667;2021-11-19T03:00:00+01:00
1293;Demanda real;;;23501.66666666667;2021-11-19T04:00:00+01:00
1293;Demanda real;;;24139;2021-11-19T05:00:00+01:00
1293;Demanda real;;;26671;2021-11-19T06:00:00+01:00
1293;Demanda real;;;30802;2021-11-19T07:00:00+01:00
1293;Demanda real;;;32349.16666666667;2021-11-19T08:00:00+01:00
1293;Demanda real;;;33148;2021-11-19T09:00:00+01:00
1293;Demanda real;;;33278;2021-11-19T10:00:00+01:00
1293;Demanda real;;;33008.83333333334;2021-11-19T11:00:00+01:00
1293;Demanda real;;;32896.66666666667;2021-11-19T12:00:00+01:00
1293;Demanda real;;;32921.66666666667;2021-11-19T13:00:00+01:00
1293;Demanda real;;;32128;2021-11-19T14:00:00+01:00
1293;Demanda real;;;31340.16666666667;2021-11-19T15:00:00+01:00
1293;Demanda real;;;31088.33333333333;2021-11-19T16:00:00+01:00
1293;Demanda real;;;31250;2021-11-19T17:00:00+01:00
1293;Demanda real;;;32785.83333333334;2021-11-19T18:00:00+01:00
1293;Demanda real;;;33294.66666666667;2021-11-19T19:00:00+01:00
1293;Demanda real;;;33334.66666666667;2021-11-19T20:00:00+01:00
1293;Demanda real;;;32466.33333333333;2021-11-19T21:00:00+01:00
1293;Demanda real;;;29968.33333333333;2021-11-19T22:00:00+01:00
1293;Demanda real;;;27752;2021-11-19T23:00:00+01:00
1293;Demanda real;;;26348.33333333333;2021-11-20T00:00:00+01:00
1293;Demanda real;;;24820.83333333333;2021-11-20T01:00:00+01:00
1293;Demanda real;;;23548.66666666667;2021-11-20T02:00:00+01:00
1293;Demanda real;;;22738;2021-11-20T03:00:00+01:00
1293;Demanda real;;;22569.66666666667;2021-11-20T04:00:00+01:00
1293;Demanda real;;;22445.33333333333;2021-11-20T05:00:00+01:00
1293;Demanda real;;;22853.66666666667;2021-11-20T06:00:00+01:00
1293;Demanda real;;;24080.33333333333;2021-11-20T07:00:00+01:00
1293;Demanda real;;;25267.33333333333;2021-11-20T08:00:00+01:00
1293;Demanda real;;;27629;2021-11-20T09:00:00+01:00
1293;Demanda real;;;29205.16666666667;2021-11-20T10:00:00+01:00
1293;Demanda real;;;29601;2021-11-20T11:00:00+01:00
1293;Demanda real;;;29850.5;2021-11-20T12:00:00+01:00
1293;Demanda real;;;29951.16666666667;2021-11-20T13:00:00+01:00
1293;Demanda real;;;29746;2021-11-20T14:00:00+01:00
1293;Demanda real;;;28596;2021-11-20T15:00:00+01:00
1293;Demanda real;;;27674.66666666667;2021-11-20T16:00:00+01:00
1293;Demanda real;;;27609.83333333333;2021-11-20T17:00:00+01:00
1293;Demanda real;;;29132.5;2021-11-20T18:00:00+01:00
1293;Demanda real;;;29595.66666666667;2021-11-20T19:00:00+01:00
1293;Demanda real;;;29978;2021-11-20T20:00:00+01:00
1293;Demanda real;;;29660.5;2021-11-20T21:00:00+01:00
1293;Demanda real;;;27968;2021-11-20T22:00:00+01:00
1293;Demanda real;;;25945.5;2021-11-20T23:00:00+01:00
1293;Demanda real;;;24393;2021-11-21T00:00:00+01:00
1293;Demanda real;;;22890.33333333333;2021-11-21T01:00:00+01:00
1293;Demanda real;;;21619;2021-11-21T02:00:00+01:00
1293;Demanda real;;;21004;2021-11-21T03:00:00+01:00
1293;Demanda real;;;20624.33333333333;2021-11-21T04:00:00+01:00
1293;Demanda real;;;20527.5;2021-11-21T05:00:00+01:00
1293;Demanda real;;;20974.33333333333;2021-11-21T06:00:00+01:00
1293;Demanda real;;;21466.16666666667;2021-11-21T07:00:00+01:00
1293;Demanda real;;;21976;2021-11-21T08:00:00+01:00
1293;Demanda real;;;23793.33333333333;2021-11-21T09:00:00+01:00
1293;Demanda real;;;25510.16666666667;2021-11-21T10:00:00+01:00
1293;Demanda real;;;26310.5;2021-11-21T11:00:00+01:00
1293;Demanda real;;;26528;2021-11-21T12:00:00+01:00
1293;Demanda real;;;27020.83333333333;2021-11-21T13:00:00+01:00
1293;Demanda real;;;27197;2021-11-21T14:00:00+01:00
1293;Demanda real;;;25829.33333333333;2021-11-21T15:00:00+01:00
1293;Demanda real;;;25193;2021-11-21T16:00:00+01:00
1293;Demanda real;;;25429.16666666667;2021-11-21T17:00:00+01:00
1293;Demanda real;;;27329.66666666667;2021-11-21T18:00:00+01:00
1293;Demanda real;;;28439.83333333333;2021-11-21T19:00:00+01:00
1293;Demanda real;;;29436.16666666667;2021-11-21T20:00:00+01:00
1293;Demanda real;;;29292;2021-11-21T21:00:00+01:00
1293;Demanda real;;;27667.5;2021-11-21T22:00:00+01:00
1293;Demanda real;;;25598.66666666667;2021-11-21T23:00:00+01:00
1293;Demanda real;;;24006.83333333333;2021-11-22T00:00:00+01:00
1293;Demanda real;;;22606.66666666667;2021-11-22T01:00:00+01:00
1293;Demanda real;;;21760.16666666667;2021-11-22T02:00:00+01:00
1293;Demanda real;;;21322.5;2021-11-22T03:00:00+01:00
1293;Demanda real;;;21381;2021-11-22T04:00:00+01:00
1293;Demanda real;;;22170.83333333333;2021-11-22T05:00:00+01:00
1293;Demanda real;;;24854.66666666667;2021-11-22T06:00:00+01:00
1293;Demanda real;;;28892.66666666667;2021-11-22T07:00:00+01:00
1293;Demanda real;;;31247;2021-11-22T08:00:00+01:00
1293;Demanda real;;;32320.33333333333;2021-11-22T09:00:00+01:00
1293;Demanda real;;;32854;2021-11-22T10:00:00+01:00
1293;Demanda real;;;33038.5;2021-11-22T11:00:00+01:00
1293;Demanda real;;;33249.16666666667;2021-11-22T12:00:00+01:00
1293;Demanda real;;;33410.66666666667;2021-11-22T13:00:00+01:00
1293;Demanda real;;;33199;2021-11-22T14:00:00+01:00
1293;Demanda real;;;32673.5;2021-11-22T15:00:00+01:00
1293;Demanda real;;;32533.33333333333;2021-11-22T16:00:00+01:00
1293;Demanda real;;;32840.33333333334;2021-11-22T17:00:00+01:00
1293;Demanda real;;;33958.66666666667;2021-11-22T18:00:00+01:00
1293;Demanda real;;;34414.66666666667;2021-11-22T19:00:00+01:00
1293;Demanda real;;;34705.66666666667;2021-11-22T20:00:00+01:00
1293;Demanda real;;;33498;2021-11-22T21:00:00+01:00
1293;Demanda real;;;30470.16666666667;2021-11-22T22:00:00+01:00
1293;Demanda real;;;27702.66666666667;2021-11-22T23:00:00+01:00
1293;Demanda real;;;26252.33333333333;2021-11-23T00:00:00+01:00
1293;Demanda real;;;24902.5;2021-11-23T01:00:00+01:00
1293;Demanda real;;;23744.83333333333;2021-11-23T02:00:00+01:00
1293;Demanda real;;;23159;2021-11-23T03:00:00+01:00
1293;Demanda real;;;23156;2021-11-23T04:00:00+01:00
1293;Demanda real;;;23777.33333333333;2021-11-23T05:00:00+01:00
1293;Demanda real;;;26414.33333333333;2021-11-23T06:00:00+01:00
1293;Demanda real;;;30563.5;2021-11-23T07:00:00+01:00
1293;Demanda real;;;32356.83333333333;2021-11-23T08:00:00+01:00
1293;Demanda real;;;32880.5;2021-11-23T09:00:00+01:00
1293;Demanda real;;;33137.83333333334;2021-11-23T10:00:00+01:00
1293;Demanda real;;;33053.66666666667;2021-11-23T11:00:00+01:00
1293;Demanda real;;;33497.16666666667;2021-11-23T12:00:00+01:00
1293;Demanda real;;;34285.5;2021-11-23T13:00:00+01:00
1293;Demanda real;;;33953.16666666667;2021-11-23T14:00:00+01:00
1293;Demanda real;;;33467.66666666667;2021-11-23T15:00:00+01:00
1293;Demanda real;;;33270.16666666667;2021-11-23T16:00:00+01:00
1293;Demanda real;;;33479.5;2021-11-23T17:00:00+01:00
1293;Demanda real;;;34751.66666666667;2021-11-23T18:00:00+01:00
1293;Demanda real;;;35146.33333333334;2021-11-23T19:00:00+01:00
1293;Demanda real;;;35569.5;2021-11-23T20:00:00+01:00
1293;Demanda real;;;34253.16666666667;2021-11-23T21:00:00+01:00
1293;Demanda real;;;31379.83333333333;2021-11-23T22:00:00+01:00
1293;Demanda real;;;28496;2021-11-23T23:00:00+01:00
1293;Demanda real;;;26833.5;2021-11-24T00:00:00+01:00
1293;Demanda real;;;25282;2021-11-24T01:00:00+01:00
1293;Demanda real;;;24063.83333333333;2021-11-24T02:00:00+01:00
1293;Demanda real;;;23693.83333333333;2021-11-24T03:00:00+01:00
1293;Demanda real;;;23616.83333333333;2021-11-24T04:00:00+01:00
1293;Demanda real;;;24201.33333333333;2021-11-24T05:00:00+01:00
1293;Demanda real;;;26723.5;2021-11-24T06:00:00+01:00
1293;Demanda real;;;30921.33333333333;2021-11-24T07:00:00+01:00
1293;Demanda real;;;33155;2021-11-24T08:00:00+01:00
1293;Demanda real;;;34199;2021-11-24T09:00:00+01:00
1293;Demanda real;;;34726.66666666667;2021-11-24T10:00:00+01:00
1293;Demanda real;;;34833.5;2021-11-24T11:00:00+01:00
1293;Demanda real;;;34771.66666666667;2021-11-24T12:00:00+01:00
1293;Demanda real;;;34918.83333333334;2021-11-24T13:00:00+01:00
1293;Demanda real;;;34451.83333333334;2021-11-24T14:00:00+01:00
1293;Demanda real;;;33705.66666666667;2021-11-24T15:00:00+01:00
1293;Demanda real;;;33457.33333333334;2021-11-24T16:00:00+01:00
1293;Demanda real;;;33636.66666666667;2021-11-24T17:00:00+01:00
1293;Demanda real;;;34803.16666666667;2021-11-24T18:00:00+01:00
1293;Demanda real;;;35371.33333333334;2021-11-24T19:00:00+01:00
1293;Demanda real;;;35764;2021-11-24T20:00:00+01:00
1293;Demanda real;;;34774.5;2021-11-24T21:00:00+01:00
1293;Demanda real;;;31949.66666666667;2021-11-24T22:00:00+01:00
1293;Demanda real;;;28992;2021-11-24T23:00:00+01:00
1293;Demanda real;;;27145.83333333333;2021-11-25T00:00:00+01:00
1293;Demanda real;;;25411.66666666667;2021-11-25T01:00:00+01:00
1293;Demanda real;;;24222.33333333333;2021-11-25T02:00:00+01:00
1293;Demanda real;;;23678.66666666667;2021-11-25T03:00:00+01:00
1293;Demanda real;;;23703.33333333333;2021-11-25T04:00:00+01:00
1293;Demanda real;;;24469;2021-11-25T05:00:00+01:00
1293;Demanda real;;;26983.66666666667;2021-11-25T06:00:00+01:00
1293;Demanda real;;;30961;2021-11-25T07:00:00+01:00
1293;Demanda real;;;33139.83333333334;2021-11-25T08:00:00+01:00
1293;Demanda real;;;33800;2021-11-25T09:00:00+01:00
1293;Demanda real;;;34366.16666666667;2021-11-25T10:00:00+01:00
1293;Demanda real;;;34233.33333333334;2021-11-25T11:00:00+01:00
1293;Demanda real;;;34266;2021-11-25T12:00:00+01:00
1293;Demanda real;;;34412;2021-11-25T13:00:00+01:00
1293;Demanda real;;;34034.33333333334;2021-11-25T14:00:00+01:00
1293;Demanda real;;;33532.33333333334;2021-11-25T15:00:00+01:00
1293;Demanda real;;;33290.83333333334;2021-11-25T16:00:00+01:00
1293;Demanda real;;;33647.66666666667;2021-11-25T17:00:00+01:00
1293;Demanda real;;;35040.16666666667;2021-11-25T18:00:00+01:00
1293;Demanda real;;;35733.33333333334;2021-11-25T19:00:00+01:00
1293;Demanda real;;;35854.16666666667;2021-11-25T20:00:00+01:00
1293;Demanda real;;;34921.5;2021-11-25T21:00:00+01:00
1293;Demanda real;;;32174.33333333333;2021-11-25T22:00:00+01:00
1293;Demanda real;;;29044.33333333333;2021-11-25T23:00:00+01:00
1293;Demanda real;;;27383.5;2021-11-26T00:00:00+01:00
1293;Demanda real;;;25726.33333333333;2021-11-26T01:00:00+01:00
1293;Demanda real;;;24534.66666666667;2021-11-26T02:00:00+01:00
1293;Demanda real;;;24035.5;2021-11-26T03:00:00+01:00
1293;Demanda real;;;23823.33333333333;2021-11-26T04:00:00+01:00
1293;Demanda real;;;24526.33333333333;2021-11-26T05:00:00+01:00
1293;Demanda real;;;26971.66666666667;2021-11-26T06:00:00+01:00
1293;Demanda real;;;31331.16666666667;2021-11-26T07:00:00+01:00
1293;Demanda real;;;33444;2021-11-26T08:00:00+01:00
1293;Demanda real;;;34317.16666666667;2021-11-26T09:00:00+01:00
1293;Demanda real;;;34508.5;2021-11-26T10:00:00+01:00
1293;Demanda real;;;34393.83333333334;2021-11-26T11:00:00+01:00
1293;Demanda real;;;33931.83333333334;2021-11-26T12:00:00+01:00
1293;Demanda real;;;33891.66666666667;2021-11-26T13:00:00+01:00
1293;Demanda real;;;33527.33333333334;2021-11-26T14:00:00+01:00
1293;Demanda real;;;32969.83333333334;2021-11-26T15:00:00+01:00
1293;Demanda real;;;32693;2021-11-26T16:00:00+01:00
1293;Demanda real;;;32731.5;2021-11-26T17:00:00+01:00
1293;Demanda real;;;34354.83333333334;2021-11-26T18:00:00+01:00
1293;Demanda real;;;34754;2021-11-26T19:00:00+01:00
1293;Demanda real;;;34853.33333333334;2021-11-26T20:00:00+01:00
1293;Demanda real;;;34083.5;2021-11-26T21:00:00+01:00
1293;Demanda real;;;31629.5;2021-11-26T22:00:00+01:00
1293;Demanda real;;;29272.33333333333;2021-11-26T23:00:00+01:00
1293;Demanda real;;;27587.16666666667;2021-11-27T00:00:00+01:00
1293;Demanda real;;;25626;2021-11-27T01:00:00+01:00
1293;Demanda real;;;24341.16666666667;2021-11-27T02:00:00+01:00
1293;Demanda real;;;23534.16666666667;2021-11-27T03:00:00+01:00
1293;Demanda real;;;23124;2021-11-27T04:00:00+01:00
1293;Demanda real;;;23044.83333333333;2021-11-27T05:00:00+01:00
1293;Demanda real;;;23540.5;2021-11-27T06:00:00+01:00
1293;Demanda real;;;24897.66666666667;2021-11-27T07:00:00+01:00
1293;Demanda real;;;26137.83333333333;2021-11-27T08:00:00+01:00
1293;Demanda real;;;28607.16666666667;2021-11-27T09:00:00+01:00
1293;Demanda real;;;30357;2021-11-27T10:00:00+01:00
1293;Demanda real;;;30597.5;2021-11-27T11:00:00+01:00
1293;Demanda real;;;30583.83333333333;2021-11-27T12:00:00+01:00
1293;Demanda real;;;30977.16666666667;2021-11-27T13:00:00+01:00
1293;Demanda real;;;30879.66666666667;2021-11-27T14:00:00+01:00
1293;Demanda real;;;29868.66666666667;2021-11-27T15:00:00+01:00
1293;Demanda real;;;29353.5;2021-11-27T16:00:00+01:00
1293;Demanda real;;;29466.66666666667;2021-11-27T17:00:00+01:00
1293;Demanda real;;;31142.16666666667;2021-11-27T18:00:00+01:00
1293;Demanda real;;;31729;2021-11-27T19:00:00+01:00
1293;Demanda real;;;32308.33333333333;2021-11-27T20:00:00+01:00
1293;Demanda real;;;32147.83333333333;2021-11-27T21:00:00+01:00
1293;Demanda real;;;30245.16666666667;2021-11-27T22:00:00+01:00
1293;Demanda real;;;27984.66666666667;2021-11-27T23:00:00+01:00
1293;Demanda real;;;26003.5;2021-11-28T00:00:00+01:00
1293;Demanda real;;;24138.5;2021-11-28T01:00:00+01:00
1293;Demanda real;;;22810.83333333333;2021-11-28T02:00:00+01:00
1293;Demanda real;;;21943;2021-11-28T03:00:00+01:00
1293;Demanda real;;;21470.33333333333;2021-11-28T04:00:00+01:00
1293;Demanda real;;;21548;2021-11-28T05:00:00+01:00
1293;Demanda real;;;21858.5;2021-11-28T06:00:00+01:00
1293;Demanda real;;;22591.33333333333;2021-11-28T07:00:00+01:00
1293;Demanda real;;;23393.5;2021-11-28T08:00:00+01:00
1293;Demanda real;;;25557.66666666667;2021-11-28T09:00:00+01:00
1293;Demanda real;;;27565.16666666667;2021-11-28T10:00:00+01:00
1293;Demanda real;;;28535.66666666667;2021-11-28T11:00:00+01:00
1293;Demanda real;;;28995.33333333333;2021-11-28T12:00:00+01:00
1293;Demanda real;;;29687.66666666667;2021-11-28T13:00:00+01:00
1293;Demanda real;;;29941.66666666667;2021-11-28T14:00:00+01:00
1293;Demanda real;;;28773.16666666667;2021-11-28T15:00:00+01:00
1293;Demanda real;;;27996;2021-11-28T16:00:00+01:00
1293;Demanda real;;;28383.83333333333;2021-11-28T17:00:00+01:00
1293;Demanda real;;;30592.66666666667;2021-11-28T18:00:00+01:00
1293;Demanda real;;;31845.16666666667;2021-11-28T19:00:00+01:00
1293;Demanda real;;;32742.33333333333;2021-11-28T20:00:00+01:00
1293;Demanda real;;;32550.33333333333;2021-11-28T21:00:00+01:00
1293;Demanda real;;;30478.66666666667;2021-11-28T22:00:00+01:00
1293;Demanda real;;;27728.5;2021-11-28T23:00:00+01:00
1293;Demanda real;;;25552.16666666667;2021-11-29T00:00:00+01:00
1293;Demanda real;;;23844.83333333333;2021-11-29T01:00:00+01:00
1293;Demanda real;;;22748.83333333333;2021-11-29T02:00:00+01:00
1293;Demanda real;;;22419.83333333333;2021-11-29T03:00:00+01:00
1293;Demanda real;;;22282;2021-11-29T04:00:00+01:00
1293;Demanda real;;;23009.83333333333;2021-11-29T05:00:00+01:00
1293;Demanda real;;;25971.16666666667;2021-11-29T06:00:00+01:00
1293;Demanda real;;;30581;2021-11-29T07:00:00+01:00
1293;Demanda real;;;33175;2021-11-29T08:00:00+01:00
1293;Demanda real;;;34030.83333333334;2021-11-29T09:00:00+01:00
1293;Demanda real;;;34704.16666666667;2021-11-29T10:00:00+01:00
1293;Demanda real;;;34557.66666666667;2021-11-29T11:00:00+01:00
1293;Demanda real;;;34557.33333333334;2021-11-29T12:00:00+01:00
1293;Demanda real;;;34706.66666666667;2021-11-29T13:00:00+01:00
1293;Demanda real;;;34284.66666666667;2021-11-29T14:00:00+01:00
1293;Demanda real;;;33857.33333333334;2021-11-29T15:00:00+01:00
1293;Demanda real;;;33630.33333333334;2021-11-29T16:00:00+01:00
1293;Demanda real;;;33863.33333333334;2021-11-29T17:00:00+01:00
1293;Demanda real;;;35325.83333333334;2021-11-29T18:00:00+01:00
1293;Demanda real;;;35924.83333333334;2021-11-29T19:00:00+01:00
1293;Demanda real;;;36324;2021-11-29T20:00:00+01:00
1293;Demanda real;;;35494.83333333334;2021-11-29T21:00:00+01:00
1293;Demanda real;;;32739.33333333333;2021-11-29T22:00:00+01:00
1293;Demanda real;;;29608.83333333333;2021-11-29T23:00:00+01:00
1293;Demanda real;;;27624.33333333333;2021-11-30T00:00:00+01:00
1293;Demanda real;;;25915.5;2021-11-30T01:00:00+01:00
1293;Demanda real;;;24718.83333333333;2021-11-30T02:00:00+01:00
1293;Demanda real;;;24315.5;2021-11-30T03:00:00+01:00
1293;Demanda real;;;24232;2021-11-30T04:00:00+01:00
1293;Demanda real;;;24778.33333333333;2021-11-30T05:00:00+01:00
1293;Demanda real;;;27473.33333333333;2021-11-30T06:00:00+01:00
1293;Demanda real;;;31762.5;2021-11-30T07:00:00+01:00
1293;Demanda real;;;34142;2021-11-30T08:00:00+01:00
1293;Demanda real;;;34760.83333333334;2021-11-30T09:00:00+01:00
1293;Demanda real;;;35020.33333333334;2021-11-30T10:00:00+01:00
1293;Demanda real;;;34617.33333333334;2021-11-30T11:00:00+01:00
1293;Demanda real;;;34352.5;2021-11-30T12:00:00+01:00
1293;Demanda real;;;34254.16666666667;2021-11-30T13:00:00+01:00
1293;Demanda real;;;33632;2021-11-30T14:00:00+01:00
1293;Demanda real;;;33155.83333333334;2021-11-30T15:00:00+01:00
1293;Demanda real;;;32748.83333333333;2021-11-30T16:00:00+01:00
1293;Demanda real;;;33190;2021-11-30T17:00:00+01:00
1293;Demanda real;;;34967.83333333334;2021-11-30T18:00:00+01:00
1293;Demanda real;;;35699.83333333334;2021-11-30T19:00:00+01:00
1293;Demanda real;;;36216.5;2021-11-30T20:00:00+01:00
1293;Demanda real;;;35435.83333333334;2021-11-30T21:00:00+01:00
1293;Demanda real;;;32607.66666666667;2021-11-30T22:00:00+01:00
1293;Demanda real;;;29424.5;2021-11-30T23:00:00+01:00
1293;Demanda real;;;27543;2021-12-01T00:00:00+01:00
1293;Demanda real;;;25809.83333333333;2021-12-01T01:00:00+01:00
1293;Demanda real;;;24631.16666666667;2021-12-01T02:00:00+01:00
1293;Demanda real;;;23931.33333333333;2021-12-01T03:00:00+01:00
1293;Demanda real;;;23805;2021-12-01T04:00:00+01:00
1293;Demanda real;;;24580.16666666667;2021-12-01T05:00:00+01:00
1293;Demanda real;;;27058.83333333333;2021-12-01T06:00:00+01:00
1293;Demanda real;;;31783.33333333333;2021-12-01T07:00:00+01:00
1293;Demanda real;;;34010.66666666667;2021-12-01T08:00:00+01:00
1293;Demanda real;;;34725.5;2021-12-01T09:00:00+01:00
1293;Demanda real;;;35062.83333333334;2021-12-01T10:00:00+01:00
1293;Demanda real;;;34652.5;2021-12-01T11:00:00+01:00
1293;Demanda real;;;34614.16666666667;2021-12-01T12:00:00+01:00
1293;Demanda real;;;34770.83333333334;2021-12-01T13:00:00+01:00
1293;Demanda real;;;34372.66666666667;2021-12-01T14:00:00+01:00
1293;Demanda real;;;33942.66666666667;2021-12-01T15:00:00+01:00
1293;Demanda real;;;33902.66666666667;2021-12-01T16:00:00+01:00
1293;Demanda real;;;34419.16666666667;2021-12-01T17:00:00+01:00
1293;Demanda real;;;35654.5;2021-12-01T18:00:00+01:00
1293;Demanda real;;;36194.16666666667;2021-12-01T19:00:00+01:00
1293;Demanda real;;;36371.66666666667;2021-12-01T20:00:00+01:00
1293;Demanda real;;;35441;2021-12-01T21:00:00+01:00
1293;Demanda real;;;32448.33333333333;2021-12-01T22:00:00+01:00
1293;Demanda real;;;29552;2021-12-01T23:00:00+01:00
1293;Demanda real;;;27734.5;2021-12-02T00:00:00+01:00
1293;Demanda real;;;25999.83333333333;2021-12-02T01:00:00+01:00
1293;Demanda real;;;24900.33333333333;2021-12-02T02:00:00+01:00
1293;Demanda real;;;24371.66666666667;2021-12-02T03:00:00+01:00
1293;Demanda real;;;24229.83333333333;2021-12-02T04:00:00+01:00
1293;Demanda real;;;24815.33333333333;2021-12-02T05:00:00+01:00
1293;Demanda real;;;27280;2021-12-02T06:00:00+01:00
1293;Demanda real;;;31536.66666666667;2021-12-02T07:00:00+01:00
1293;Demanda real;;;33581;2021-12-02T08:00:00+01:00
1293;Demanda real;;;34468.5;2021-12-02T09:00:00+01:00
1293;Demanda real;;;34504;2021-12-02T10:00:00+01:00
1293;Demanda real;;;34366.66666666667;2021-12-02T11:00:00+01:00
1293;Demanda real;;;34497.33333333334;2021-12-02T12:00:00+01:00
1293;Demanda real;;;34739.83333333334;2021-12-02T13:00:00+01:00
1293;Demanda real;;;34253.66666666667;2021-12-02T14:00:00+01:00
1293;Demanda real;;;33941.66666666667;2021-12-02T15:00:00+01:00
1293;Demanda real;;;33602.33333333334;2021-12-02T16:00:00+01:00
1293;Demanda real;;;34105.5;2021-12-02T17:00:00+01:00
1293;Demanda real;;;35645.33333333334;2021-12-02T18:00:00+01:00
1293;Demanda real;;;36408.33333333334;2021-12-02T19:00:00+01:00
1293;Demanda real;;;36826.33333333334;2021-12-02T20:00:00+01:00
1293;Demanda real;;;35775.16666666667;2021-12-02T21:00:00+01:00
1293;Demanda real;;;32977;2021-12-02T22:00:00+01:00
1293;Demanda real;;;30001.66666666667;2021-12-02T23:00:00+01:00
1293;Demanda real;;;28009.33333333333;2021-12-03T00:00:00+01:00
1293;Demanda real;;;26477.33333333333;2021-12-03T01:00:00+01:00
1293;Demanda real;;;25177.33333333333;2021-12-03T02:00:00+01:00
1293;Demanda real;;;24622;2021-12-03T03:00:00+01:00
1293;Demanda real;;;24611.66666666667;2021-12-03T04:00:00+01:00
1293;Demanda real;;;25193.83333333333;2021-12-03T05:00:00+01:00
1293;Demanda real;;;27665.5;2021-12-03T06:00:00+01:00
1293;Demanda real;;;31986.33333333333;2021-12-03T07:00:00+01:00
1293;Demanda real;;;34149.83333333334;2021-12-03T08:00:00+01:00
1293;Demanda real;;;34718.33333333334;2021-12-03T09:00:00+01:00
1293;Demanda real;;;34881.16666666667;2021-12-03T10:00:00+01:00
1293;Demanda real;;;34314.16666666667;2021-12-03T11:00:00+01:00
1293;Demanda real;;;34106.66666666667;2021-12-03T12:00:00+01:00
1293;Demanda real;;;34002.5;2021-12-03T13:00:00+01:00
1293;Demanda real;;;33470.5;2021-12-03T14:00:00+01:00
1293;Demanda real;;;32741.33333333333;2021-12-03T15:00:00+01:00
1293;Demanda real;;;32509.66666666667;2021-12-03T16:00:00+01:00
1293;Demanda real;;;33023.5;2021-12-03T17:00:00+01:00
1293;Demanda real;;;34691.16666666667;2021-12-03T18:00:00+01:00
1293;Demanda real;;;34992.66666666667;2021-12-03T19:00:00+01:00
1293;Demanda real;;;35142;2021-12-03T20:00:00+01:00
1293;Demanda real;;;34257.16666666667;2021-12-03T21:00:00+01:00
1293;Demanda real;;;31920.83333333333;2021-12-03T22:00:00+01:00
1293;Demanda real;;;29555.83333333333;2021-12-03T23:00:00+01:00
1293;Demanda real;;;28049;2021-12-04T00:00:00+01:00
1293;Demanda real;;;26139.66666666667;2021-12-04T01:00:00+01:00
1293;Demanda real;;;24673.66666666667;2021-12-04T02:00:00+01:00
1293;Demanda real;;;23818.66666666667;2021-12-04T03:00:00+01:00
1293;Demanda real;;;23433.5;2021-12-04T04:00:00+01:00
1293;Demanda real;;;23366.16666666667;2021-12-04T05:00:00+01:00
1293;Demanda real;;;24019.16666666667;2021-12-04T06:00:00+01:00
1293;Demanda real;;;25401.83333333333;2021-12-04T07:00:00+01:00
1293;Demanda real;;;26646.83333333333;2021-12-04T08:00:00+01:00
1293;Demanda real;;;28953.16666666667;2021-12-04T09:00:00+01:00
1293;Demanda real;;;30354.5;2021-12-04T10:00:00+01:00
1293;Demanda real;;;30327;2021-12-04T11:00:00+01:00
1293;Demanda real;;;30154;2021-12-04T12:00:00+01:00
1293;Demanda real;;;30225.33333333333;2021-12-04T13:00:00+01:00
1293;Demanda real;;;30130.5;2021-12-04T14:00:00+01:00
1293;Demanda real;;;29202.83333333333;2021-12-04T15:00:00+01:00
1293;Demanda real;;;28690.16666666667;2021-12-04T16:00:00+01:00
1293;Demanda real;;;28883.83333333333;2021-12-04T17:00:00+01:00
1293;Demanda real;;;30768.66666666667;2021-12-04T18:00:00+01:00
1293;Demanda real;;;31223.83333333333;2021-12-04T19:00:00+01:00
1293;Demanda real;;;31744.33333333333;2021-12-04T20:00:00+01:00
1293;Demanda real;;;31597.5;2021-12-04T21:00:00+01:00
1293;Demanda real;;;29761.83333333333;2021-12-04T22:00:00+01:00
1293;Demanda real;;;27543.66666666667;2021-12-04T23:00:00+01:00
1293;Demanda real;;;25556;2021-12-05T00:00:00+01:00
1293;Demanda real;;;23645.33333333333;2021-12-05T01:00:00+01:00
1293;Demanda real;;;22486.66666666667;2021-12-05T02:00:00+01:00
1293;Demanda real;;;21822.33333333333;2021-12-05T03:00:00+01:00
1293;Demanda real;;;21335.66666666667;2021-12-05T04:00:00+01:00
1293;Demanda real;;;21431.5;2021-12-05T05:00:00+01:00
1293;Demanda real;;;21862.16666666667;2021-12-05T06:00:00+01:00
1293;Demanda real;;;22748.16666666667;2021-12-05T07:00:00+01:00
1293;Demanda real;;;23399.5;2021-12-05T08:00:00+01:00
1293;Demanda real;;;25236.5;2021-12-05T09:00:00+01:00
1293;Demanda real;;;27016;2021-12-05T10:00:00+01:00
1293;Demanda real;;;27703.83333333333;2021-12-05T11:00:00+01:00
1293;Demanda real;;;27831.5;2021-12-05T12:00:00+01:00
1293;Demanda real;;;28207.5;2021-12-05T13:00:00+01:00
1293;Demanda real;;;28381.66666666667;2021-12-05T14:00:00+01:00
1293;Demanda real;;;27203.16666666667;2021-12-05T15:00:00+01:00
1293;Demanda real;;;26669;2021-12-05T16:00:00+01:00
1293;Demanda real;;;26940.33333333333;2021-12-05T17:00:00+01:00
1293;Demanda real;;;28884;2021-12-05T18:00:00+01:00
1293;Demanda real;;;29717.83333333333;2021-12-05T19:00:00+01:00
1293;Demanda real;;;30234.83333333333;2021-12-05T20:00:00+01:00
1293;Demanda real;;;30500.16666666667;2021-12-05T21:00:00+01:00
1293;Demanda real;;;29240.83333333333;2021-12-05T22:00:00+01:00
1293;Demanda real;;;27285.83333333333;2021-12-05T23:00:00+01:00
1293;Demanda real;;;25465.16666666667;2021-12-06T00:00:00+01:00
1293;Demanda real;;;23591;2021-12-06T01:00:00+01:00
1293;Demanda real;;;22331;2021-12-06T02:00:00+01:00
1293;Demanda real;;;21592.16666666667;2021-12-06T03:00:00+01:00
1293;Demanda real;;;21277.5;2021-12-06T04:00:00+01:00
1293;Demanda real;;;21495.5;2021-12-06T05:00:00+01:00
1293;Demanda real;;;22347.5;2021-12-06T06:00:00+01:00
1293;Demanda real;;;23483.33333333333;2021-12-06T07:00:00+01:00
1293;Demanda real;;;24420;2021-12-06T08:00:00+01:00
1293;Demanda real;;;26002.66666666667;2021-12-06T09:00:00+01:00
1293;Demanda real;;;27472.83333333333;2021-12-06T10:00:00+01:00
1293;Demanda real;;;27942.83333333333;2021-12-06T11:00:00+01:00
1293;Demanda real;;;27905.83333333333;2021-12-06T12:00:00+01:00
1293;Demanda real;;;28328.5;2021-12-06T13:00:00+01:00
1293;Demanda real;;;28415.83333333333;2021-12-06T14:00:00+01:00
1293;Demanda real;;;27601;2021-12-06T15:00:00+01:00
1293;Demanda real;;;26938.5;2021-12-06T16:00:00+01:00
1293;Demanda real;;;27309.16666666667;2021-12-06T17:00:00+01:00
1293;Demanda real;;;29388.16666666667;2021-12-06T18:00:00+01:00
1293;Demanda real;;;30199.33333333333;2021-12-06T19:00:00+01:00
1293;Demanda real;;;30989.5;2021-12-06T20:00:00+01:00
1293;Demanda real;;;31321.16666666667;2021-12-06T21:00:00+01:00
1293;Demanda real;;;30027.83333333333;2021-12-06T22:00:00+01:00
1293;Demanda real;;;27534;2021-12-06T23:00:00+01:00
1293;Demanda real;;;25646.33333333333;2021-12-07T00:00:00+01:00
1293;Demanda real;;;23899;2021-12-07T01:00:00+01:00
1293;Demanda real;;;22446.5;2021-12-07T02:00:00+01:00
1293;Demanda real;;;21835.5;2021-12-07T03:00:00+01:00
1293;Demanda real;;;21578.5;2021-12-07T04:00:00+01:00
1293;Demanda real;;;21815.5;2021-12-07T05:00:00+01:00
1293;Demanda real;;;23678;2021-12-07T06:00:00+01:00
1293;Demanda real;;;26285;2021-12-07T07:00:00+01:00
1293;Demanda real;;;28070.83333333333;2021-12-07T08:00:00+01:00
1293;Demanda real;;;29619.16666666667;2021-12-07T09:00:00+01:00
1293;Demanda real;;;30677.5;2021-12-07T10:00:00+01:00
1293;Demanda real;;;30676.66666666667;2021-12-07T11:00:00+01:00
1293;Demanda real;;;30604;2021-12-07T12:00:00+01:00
1293;Demanda real;;;31004;2021-12-07T13:00:00+01:00
1293;Demanda real;;;30863.66666666667;2021-12-07T14:00:00+01:00
1293;Demanda real;;;30075;2021-12-07T15:00:00+01:00
1293;Demanda real;;;29755;2021-12-07T16:00:00+01:00
1293;Demanda real;;;30176;2021-12-07T17:00:00+01:00
1293;Demanda real;;;31500.66666666667;2021-12-07T18:00:00+01:00
1293;Demanda real;;;32054.33333333333;2021-12-07T19:00:00+01:00
1293;Demanda real;;;32299.5;2021-12-07T20:00:00+01:00
1293;Demanda real;;;31683.16666666667;2021-12-07T21:00:00+01:00
1293;Demanda real;;;29686.33333333333;2021-12-07T22:00:00+01:00
1293;Demanda real;;;27209.83333333333;2021-12-07T23:00:00+01:00
1293;Demanda real;;;25672.5;2021-12-08T00:00:00+01:00
1293;Demanda real;;;24009.83333333333;2021-12-08T01:00:00+01:00
1293;Demanda real;;;22679.33333333333;2021-12-08T02:00:00+01:00
1293;Demanda real;;;21968;2021-12-08T03:00:00+01:00
1293;Demanda real;;;21572.5;2021-12-08T04:00:00+01:00
1293;Demanda real;;;21600.33333333333;2021-12-08T05:00:00+01:00
1293;Demanda real;;;22473.66666666667;2021-12-08T06:00:00+01:00
1293;Demanda real;;;23647.66666666667;2021-12-08T07:00:00+01:00
1293;Demanda real;;;24282.5;2021-12-08T08:00:00+01:00
1293;Demanda real;;;25963;2021-12-08T09:00:00+01:00
1293;Demanda real;;;27702.33333333333;2021-12-08T10:00:00+01:00
1293;Demanda real;;;28496.83333333333;2021-12-08T11:00:00+01:00
1293;Demanda real;;;28861;2021-12-08T12:00:00+01:00
1293;Demanda real;;;29578.66666666667;2021-12-08T13:00:00+01:00
1293;Demanda real;;;29663.83333333333;2021-12-08T14:00:00+01:00
1293;Demanda real;;;28469.66666666667;2021-12-08T15:00:00+01:00
1293;Demanda real;;;27793.5;2021-12-08T16:00:00+01:00
1293;Demanda real;;;28023.16666666667;2021-12-08T17:00:00+01:00
1293;Demanda real;;;30202.16666666667;2021-12-08T18:00:00+01:00
1293;Demanda real;;;31006;2021-12-08T19:00:00+01:00
1293;Demanda real;;;32081;2021-12-08T20:00:00+01:00
1293;Demanda real;;;31882.16666666667;2021-12-08T21:00:00+01:00
1293;Demanda real;;;29982.33333333333;2021-12-08T22:00:00+01:00
1293;Demanda real;;;27468.83333333333;2021-12-08T23:00:00+01:00
1293;Demanda real;;;25598;2021-12-09T00:00:00+01:00
1293;Demanda real;;;23911;2021-12-09T01:00:00+01:00
1293;Demanda real;;;22821.16666666667;2021-12-09T02:00:00+01:00
1293;Demanda real;;;22422.5;2021-12-09T03:00:00+01:00
1293;Demanda real;;;22296.5;2021-12-09T04:00:00+01:00
1293;Demanda real;;;23018.83333333333;2021-12-09T05:00:00+01:00
1293;Demanda real;;;26020.66666666667;2021-12-09T06:00:00+01:00
1293;Demanda real;;;30670.83333333333;2021-12-09T07:00:00+01:00
1293;Demanda real;;;33290.66666666667;2021-12-09T08:00:00+01:00
1293;Demanda real;;;34179.16666666667;2021-12-09T09:00:00+01:00
1293;Demanda real;;;34916.66666666667;2021-12-09T10:00:00+01:00
1293;Demanda real;;;34724.33333333334;2021-12-09T11:00:00+01:00
1293;Demanda real;;;34616.5;2021-12-09T12:00:00+01:00
1293;Demanda real;;;34724.83333333334;2021-12-09T13:00:00+01:00
1293;Demanda real;;;34159.16666666667;2021-12-09T14:00:00+01:00
1293;Demanda real;;;33916;2021-12-09T15:00:00+01:00
1293;Demanda real;;;33724.66666666667;2021-12-09T16:00:00+01:00
1293;Demanda real;;;34086;2021-12-09T17:00:00+01:00
1293;Demanda real;;;35443;2021-12-09T18:00:00+01:00
1293;Demanda real;;;35788;2021-12-09T19:00:00+01:00
1293;Demanda real;;;36027.16666666667;2021-12-09T20:00:00+01:00
1293;Demanda real;;;35005.66666666667;2021-12-09T21:00:00+01:00
1293;Demanda real;;;32225.16666666667;2021-12-09T22:00:00+01:00
1293;Demanda real;;;29158.33333333333;2021-12-09T23:00:00+01:00
1293;Demanda real;;;27196.33333333333;2021-12-10T00:00:00+01:00
1293;Demanda real;;;25401.83333333333;2021-12-10T01:00:00+01:00
1293;Demanda real;;;24140.83333333333;2021-12-10T02:00:00+01:00
1293;Demanda real;;;23616.16666666667;2021-12-10T03:00:00+01:00
1293;Demanda real;;;23388.5;2021-12-10T04:00:00+01:00
1293;Demanda real;;;23982.5;2021-12-10T05:00:00+01:00
1293;Demanda real;;;26599.83333333333;2021-12-10T06:00:00+01:00
1293;Demanda real;;;30835.33333333333;2021-12-10T07:00:00+01:00
1293;Demanda real;;;33094.33333333334;2021-12-10T08:00:00+01:00
1293;Demanda real;;;33692.83333333334;2021-12-10T09:00:00+01:00
1293;Demanda real;;;34318.16666666667;2021-12-10T10:00:00+01:00
1293;Demanda real;;;34113;2021-12-10T11:00:00+01:00
1293;Demanda real;;;34070.83333333334;2021-12-10T12:00:00+01:00
1293;Demanda real;;;34130.33333333334;2021-12-10T13:00:00+01:00
1293;Demanda real;;;33636.16666666667;2021-12-10T14:00:00+01:00
1293;Demanda real;;;33109.83333333334;2021-12-10T15:00:00+01:00
1293;Demanda real;;;32729;2021-12-10T16:00:00+01:00
1293;Demanda real;;;32987.16666666667;2021-12-10T17:00:00+01:00
1293;Demanda real;;;34279;2021-12-10T18:00:00+01:00
1293;Demanda real;;;34506.83333333334;2021-12-10T19:00:00+01:00
1293;Demanda real;;;34694.5;2021-12-10T20:00:00+01:00
1293;Demanda real;;;33803;2021-12-10T21:00:00+01:00
1293;Demanda real;;;31321;2021-12-10T22:00:00+01:00
1293;Demanda real;;;28813.5;2021-12-10T23:00:00+01:00
1293;Demanda real;;;27394.83333333333;2021-12-11T00:00:00+01:00
1293;Demanda real;;;25664.66666666667;2021-12-11T01:00:00+01:00
1293;Demanda real;;;24315.66666666667;2021-12-11T02:00:00+01:00
1293;Demanda real;;;23520.83333333333;2021-12-11T03:00:00+01:00
1293;Demanda real;;;23145.33333333333;2021-12-11T04:00:00+01:00
1293;Demanda real;;;23027.66666666667;2021-12-11T05:00:00+01:00
1293;Demanda real;;;23650.5;2021-12-11T06:00:00+01:00
1293;Demanda real;;;24946.66666666667;2021-12-11T07:00:00+01:00
1293;Demanda real;;;26189.5;2021-12-11T08:00:00+01:00
1293;Demanda real;;;28282.33333333333;2021-12-11T09:00:00+01:00
1293;Demanda real;;;29817.83333333333;2021-12-11T10:00:00+01:00
1293;Demanda real;;;29949.66666666667;2021-12-11T11:00:00+01:00
1293;Demanda real;;;29824.83333333333;2021-12-11T12:00:00+01:00
1293;Demanda real;;;29869;2021-12-11T13:00:00+01:00
1293;Demanda real;;;29572.16666666667;2021-12-11T14:00:00+01:00
1293;Demanda real;;;28504;2021-12-11T15:00:00+01:00
1293;Demanda real;;;27787;2021-12-11T16:00:00+01:00
1293;Demanda real;;;27926.16666666667;2021-12-11T17:00:00+01:00
1293;Demanda real;;;29819.16666666667;2021-12-11T18:00:00+01:00
1293;Demanda real;;;30557;2021-12-11T19:00:00+01:00
1293;Demanda real;;;30991.83333333333;2021-12-11T20:00:00+01:00
1293;Demanda real;;;30862.83333333333;2021-12-11T21:00:00+01:00
1293;Demanda real;;;29243.83333333333;2021-12-11T22:00:00+01:00
1293;Demanda real;;;27302.5;2021-12-11T23:00:00+01:00
1293;Demanda real;;;25645.16666666667;2021-12-12T00:00:00+01:00
1293;Demanda real;;;24046.33333333333;2021-12-12T01:00:00+01:00
1293;Demanda real;;;22687;2021-12-12T02:00:00+01:00
1293;Demanda real;;;21835.66666666667;2021-12-12T03:00:00+01:00
1293;Demanda real;;;21446.16666666667;2021-12-12T04:00:00+01:00
1293;Demanda real;;;21237.33333333333;2021-12-12T05:00:00+01:00
1293;Demanda real;;;21644.5;2021-12-12T06:00:00+01:00
1293;Demanda real;;;22428.5;2021-12-12T07:00:00+01:00
1293;Demanda real;;;23010.66666666667;2021-12-12T08:00:00+01:00
1293;Demanda real;;;24596.66666666667;2021-12-12T09:00:00+01:00
1293;Demanda real;;;26310;2021-12-12T10:00:00+01:00
1293;Demanda real;;;26707.83333333333;2021-12-12T11:00:00+01:00
1293;Demanda real;;;26845.16666666667;2021-12-12T12:00:00+01:00
1293;Demanda real;;;27262.16666666667;2021-12-12T13:00:00+01:00
1293;Demanda real;;;27474;2021-12-12T14:00:00+01:00
1293;Demanda real;;;26449.66666666667;2021-12-12T15:00:00+01:00
1293;Demanda real;;;25699.33333333333;2021-12-12T16:00:00+01:00
1293;Demanda real;;;25907.83333333333;2021-12-12T17:00:00+01:00
1293;Demanda real;;;28285.33333333333;2021-12-12T18:00:00+01:00
1293;Demanda real;;;29447.66666666667;2021-12-12T19:00:00+01:00
1293;Demanda real;;;30537.16666666667;2021-12-12T20:00:00+01:00
1293;Demanda real;;;30468.5;2021-12-12T21:00:00+01:00
1293;Demanda real;;;28991.16666666667;2021-12-12T22:00:00+01:00
1293;Demanda real;;;26644.83333333333;2021-12-12T23:00:00+01:00
1293;Demanda real;;;24774;2021-12-13T00:00:00+01:00
1293;Demanda real;;;23314.66666666667;2021-12-13T01:00:00+01:00
1293;Demanda real;;;22397.5;2021-12-13T02:00:00+01:00
1293;Demanda real;;;22090.16666666667;2021-12-13T03:00:00+01:00
1293;Demanda real;;;22122;2021-12-13T04:00:00+01:00
1293;Demanda real;;;22834.83333333333;2021-12-13T05:00:00+01:00
1293;Demanda real;;;25865;2021-12-13T06:00:00+01:00
1293;Demanda real;;;30448.66666666667;2021-12-13T07:00:00+01:00
1293;Demanda real;;;33075.83333333334;2021-12-13T08:00:00+01:00
1293;Demanda real;;;33648.83333333334;2021-12-13T09:00:00+01:00
1293;Demanda real;;;34000.16666666667;2021-12-13T10:00:00+01:00
1293;Demanda real;;;33799.33333333334;2021-12-13T11:00:00+01:00
1293;Demanda real;;;33605;2021-12-13T12:00:00+01:00
1293;Demanda real;;;33396.66666666667;2021-12-13T13:00:00+01:00
1293;Demanda real;;;32761.83333333333;2021-12-13T14:00:00+01:00
1293;Demanda real;;;32260.16666666667;2021-12-13T15:00:00+01:00
1293;Demanda real;;;32144.5;2021-12-13T16:00:00+01:00
1293;Demanda real;;;32561;2021-12-13T17:00:00+01:00
1293;Demanda real;;;34150.66666666667;2021-12-13T18:00:00+01:00
1293;Demanda real;;;34906.66666666667;2021-12-13T19:00:00+01:00
1293;Demanda real;;;35361.83333333334;2021-12-13T20:00:00+01:00
1293;Demanda real;;;34664.66666666667;2021-12-13T21:00:00+01:00
1293;Demanda real;;;31812.16666666667;2021-12-13T22:00:00+01:00
1293;Demanda real;;;28771.16666666667;2021-12-13T23:00:00+01:00
1293;Demanda real;;;27017.83333333333;2021-12-14T00:00:00+01:00
1293;Demanda real;;;25507.66666666667;2021-12-14T01:00:00+01:00
1293;Demanda real;;;24300.66666666667;2021-12-14T02:00:00+01:00
1293;Demanda real;;;23804.66666666667;2021-12-14T03:00:00+01:00
1293;Demanda real;;;23737.83333333333;2021-12-14T04:00:00+01:00
1293;Demanda real;;;24391.5;2021-12-14T05:00:00+01:00
1293;Demanda real;;;26968;2021-12-14T06:00:00+01:00
1293;Demanda real;;;31326.33333333333;2021-12-14T07:00:00+01:00
1293;Demanda real;;;34084.66666666667;2021-12-14T08:00:00+01:00
1293;Demanda real;;;34450.66666666667;2021-12-14T09:00:00+01:00
1293;Demanda real;;;34582.83333333334;2021-12-14T10:00:00+01:00
1293;Demanda real;;;34373.83333333334;2021-12-14T11:00:00+01:00
1293;Demanda real;;;34060.33333333334;2021-12-14T12:00:00+01:00
1293;Demanda real;;;33783.66666666667;2021-12-14T13:00:00+01:00
1293;Demanda real;;;33199;2021-12-14T14:00:00+01:00
1293;Demanda real;;;32809.16666666667;2021-12-14T15:00:00+01:00
1293;Demanda real;;;32548.83333333333;2021-12-14T16:00:00+01:00
1293;Demanda real;;;32923.16666666667;2021-12-14T17:00:00+01:00
1293;Demanda real;;;34617.33333333334;2021-12-14T18:00:00+01:00
1293;Demanda real;;;35436.16666666667;2021-12-14T19:00:00+01:00
1293;Demanda real;;;35854.16666666667;2021-12-14T20:00:00+01:00
1293;Demanda real;;;34981.83333333334;2021-12-14T21:00:00+01:00
1293;Demanda real;;;32150.16666666667;2021-12-14T22:00:00+01:00
1293;Demanda real;;;29122;2021-12-14T23:00:00+01:00
1293;Demanda real;;;27423.16666666667;2021-12-15T00:00:00+01:00
1293;Demanda real;;;25658.66666666667;2021-12-15T01:00:00+01:00
1293;Demanda real;;;24658.66666666667;2021-12-15T02:00:00+01:00
1293;Demanda real;;;24111.66666666667;2021-12-15T03:00:00+01:00
1293;Demanda real;;;23992;2021-12-15T04:00:00+01:00
1293;Demanda real;;;24630.33333333333;2021-12-15T05:00:00+01:00
1293;Demanda real;;;27176;2021-12-15T06:00:00+01:00
1293;Demanda real;;;31545.66666666667;2021-12-15T07:00:00+01:00
1293;Demanda real;;;34055;2021-12-15T08:00:00+01:00
1293;Demanda real;;;34409.66666666667;2021-12-15T09:00:00+01:00
1293;Demanda real;;;34684;2021-12-15T10:00:00+01:00
1293;Demanda real;;;34260;2021-12-15T11:00:00+01:00
1293;Demanda real;;;34032.66666666667;2021-12-15T12:00:00+01:00
1293;Demanda real;;;33949.83333333334;2021-12-15T13:00:00+01:00
1293;Demanda real;;;33384.33333333334;2021-12-15T14:00:00+01:00
1293;Demanda real;;;32832.83333333334;2021-12-15T15:00:00+01:00
1293;Demanda real;;;32535.5;2021-12-15T16:00:00+01:00
1293;Demanda real;;;33035;2021-12-15T17:00:00+01:00
1293;Demanda real;;;34689.5;2021-12-15T18:00:00+01:00
1293;Demanda real;;;35382.16666666667;2021-12-15T19:00:00+01:00
1293;Demanda real;;;35731.5;2021-12-15T20:00:00+01:00
1293;Demanda real;;;34873.83333333334;2021-12-15T21:00:00+01:00
1293;Demanda real;;;32048.33333333333;2021-12-15T22:00:00+01:00
1293;Demanda real;;;29115;2021-12-15T23:00:00+01:00
1293;Demanda real;;;27309.33333333333;2021-12-16T00:00:00+01:00
1293;Demanda real;;;25605;2021-12-16T01:00:00+01:00
1293;Demanda real;;;24433.83333333333;2021-12-16T02:00:00+01:00
1293;Demanda real;;;23926;2021-12-16T03:00:00+01:00
1293;Demanda real;;;23853.16666666667;2021-12-16T04:00:00+01:00
1293;Demanda real;;;24697.33333333333;2021-12-16T05:00:00+01:00
1293;Demanda real;;;27071.66666666667;2021-12-16T06:00:00+01:00
1293;Demanda real;;;31294.33333333333;2021-12-16T07:00:00+01:00
1293;Demanda real;;;33565.16666666667;2021-12-16T08:00:00+01:00
1293;Demanda real;;;34282.66666666667;2021-12-16T09:00:00+01:00
1293;Demanda real;;;34897;2021-12-16T10:00:00+01:00
1293;Demanda real;;;34658.33333333334;2021-12-16T11:00:00+01:00
1293;Demanda real;;;34423.5;2021-12-16T12:00:00+01:00
1293;Demanda real;;;34431.66666666667;2021-12-16T13:00:00+01:00
1293;Demanda real;;;33858;2021-12-16T14:00:00+01:00
1293;Demanda real;;;33428;2021-12-16T15:00:00+01:00
1293;Demanda real;;;33171.16666666667;2021-12-16T16:00:00+01:00
1293;Demanda real;;;33511;2021-12-16T17:00:00+01:00
1293;Demanda real;;;35005.83333333334;2021-12-16T18:00:00+01:00
1293;Demanda real;;;35701.16666666667;2021-12-16T19:00:00+01:00
1293;Demanda real;;;35823.33333333334;2021-12-16T20:00:00+01:00
1293;Demanda real;;;35028;2021-12-16T21:00:00+01:00
1293;Demanda real;;;32176.83333333333;2021-12-16T22:00:00+01:00
1293;Demanda real;;;29306;2021-12-16T23:00:00+01:00
1293;Demanda real;;;27555.33333333333;2021-12-17T00:00:00+01:00
1293;Demanda real;;;25838.33333333333;2021-12-17T01:00:00+01:00
1293;Demanda real;;;24717.5;2021-12-17T02:00:00+01:00
1293;Demanda real;;;24182.83333333333;2021-12-17T03:00:00+01:00
1293;Demanda real;;;23993.16666666667;2021-12-17T04:00:00+01:00
1293;Demanda real;;;24483.16666666667;2021-12-17T05:00:00+01:00
1293;Demanda real;;;27010.33333333333;2021-12-17T06:00:00+01:00
1293;Demanda real;;;31263.5;2021-12-17T07:00:00+01:00
1293;Demanda real;;;33811.16666666667;2021-12-17T08:00:00+01:00
1293;Demanda real;;;34519.66666666667;2021-12-17T09:00:00+01:00
1293;Demanda real;;;34995;2021-12-17T10:00:00+01:00
1293;Demanda real;;;34715.33333333334;2021-12-17T11:00:00+01:00
1293;Demanda real;;;34469.5;2021-12-17T12:00:00+01:00
1293;Demanda real;;;34251;2021-12-17T13:00:00+01:00
1293;Demanda real;;;33545.5;2021-12-17T14:00:00+01:00
1293;Demanda real;;;32776.66666666667;2021-12-17T15:00:00+01:00
1293;Demanda real;;;32349.33333333333;2021-12-17T16:00:00+01:00
1293;Demanda real;;;32665.33333333333;2021-12-17T17:00:00+01:00
1293;Demanda real;;;34232.83333333334;2021-12-17T18:00:00+01:00
1293;Demanda real;;;34566;2021-12-17T19:00:00+01:00
1293;Demanda real;;;34650.83333333334;2021-12-17T20:00:00+01:00
1293;Demanda real;;;33833.16666666667;2021-12-17T21:00:00+01:00
1293;Demanda real;;;31480.16666666667;2021-12-17T22:00:00+01:00
1293;Demanda real;;;28984;2021-12-17T23:00:00+01:00
1293;Demanda real;;;27483.66666666667;2021-12-18T00:00:00+01:00
1293;Demanda real;;;25818.66666666667;2021-12-18T01:00:00+01:00
1293;Demanda real;;;24351;2021-12-18T02:00:00+01:00
1293;Demanda real;;;23414;2021-12-18T03:00:00+01:00
1293;Demanda real;;;23022.16666666667;2021-12-18T04:00:00+01:00
1293;Demanda real;;;23022.33333333333;2021-12-18T05:00:00+01:00
1293;Demanda real;;;23589.5;2021-12-18T06:00:00+01:00
1293;Demanda real;;;25053.33333333333;2021-12-18T07:00:00+01:00
1293;Demanda real;;;26672.16666666667;2021-12-18T08:00:00+01:00
1293;Demanda real;;;28745.33333333333;2021-12-18T09:00:00+01:00
1293;Demanda real;;;30530.83333333333;2021-12-18T10:00:00+01:00
1293;Demanda real;;;30722.66666666667;2021-12-18T11:00:00+01:00
1293;Demanda real;;;30478.66666666667;2021-12-18T12:00:00+01:00
1293;Demanda real;;;30650.5;2021-12-18T13:00:00+01:00
1293;Demanda real;;;30316.16666666667;2021-12-18T14:00:00+01:00
1293;Demanda real;;;29562.83333333333;2021-12-18T15:00:00+01:00
1293;Demanda real;;;28835.5;2021-12-18T16:00:00+01:00
1293;Demanda real;;;29010.16666666667;2021-12-18T17:00:00+01:00
1293;Demanda real;;;30504.83333333333;2021-12-18T18:00:00+01:00
1293;Demanda real;;;30962.66666666667;2021-12-18T19:00:00+01:00
1293;Demanda real;;;31363.33333333333;2021-12-18T20:00:00+01:00
1293;Demanda real;;;31089.33333333333;2021-12-18T21:00:00+01:00
1293;Demanda real;;;29479.66666666667;2021-12-18T22:00:00+01:00
1293;Demanda real;;;27384.33333333333;2021-12-18T23:00:00+01:00
1293;Demanda real;;;25490;2021-12-19T00:00:00+01:00
1293;Demanda real;;;23777.83333333333;2021-12-19T01:00:00+01:00
1293;Demanda real;;;22369.83333333333;2021-12-19T02:00:00+01:00
1293;Demanda real;;;21721;2021-12-19T03:00:00+01:00
1293;Demanda real;;;21164;2021-12-19T04:00:00+01:00
1293;Demanda real;;;21185.5;2021-12-19T05:00:00+01:00
1293;Demanda real;;;21608;2021-12-19T06:00:00+01:00
1293;Demanda real;;;22344.16666666667;2021-12-19T07:00:00+01:00
1293;Demanda real;;;23113.66666666667;2021-12-19T08:00:00+01:00
1293;Demanda real;;;24890.16666666667;2021-12-19T09:00:00+01:00
1293;Demanda real;;;26966.33333333333;2021-12-19T10:00:00+01:00
1293;Demanda real;;;27571;2021-12-19T11:00:00+01:00
1293;Demanda real;;;27843.33333333333;2021-12-19T12:00:00+01:00
1293;Demanda real;;;28195.66666666667;2021-12-19T13:00:00+01:00
1293;Demanda real;;;28487.66666666667;2021-12-19T14:00:00+01:00
1293;Demanda real;;;27375.83333333333;2021-12-19T15:00:00+01:00
1293;Demanda real;;;26795.5;2021-12-19T16:00:00+01:00
1293;Demanda real;;;27013.16666666667;2021-12-19T17:00:00+01:00
1293;Demanda real;;;29062.5;2021-12-19T18:00:00+01:00
1293;Demanda real;;;30325.5;2021-12-19T19:00:00+01:00
1293;Demanda real;;;30994;2021-12-19T20:00:00+01:00
1293;Demanda real;;;31001;2021-12-19T21:00:00+01:00
1293;Demanda real;;;29409.5;2021-12-19T22:00:00+01:00
1293;Demanda real;;;27033;2021-12-19T23:00:00+01:00
1293;Demanda real;;;25069.5;2021-12-20T00:00:00+01:00
1293;Demanda real;;;23617.83333333333;2021-12-20T01:00:00+01:00
1293;Demanda real;;;22607.83333333333;2021-12-20T02:00:00+01:00
1293;Demanda real;;;22162.83333333333;2021-12-20T03:00:00+01:00
1293;Demanda real;;;22097.33333333333;2021-12-20T04:00:00+01:00
1293;Demanda real;;;22953.83333333333;2021-12-20T05:00:00+01:00
1293;Demanda real;;;25865.16666666667;2021-12-20T06:00:00+01:00
1293;Demanda real;;;30261.66666666667;2021-12-20T07:00:00+01:00
1293;Demanda real;;;33187.83333333334;2021-12-20T08:00:00+01:00
1293;Demanda real;;;34308.83333333334;2021-12-20T09:00:00+01:00
1293;Demanda real;;;34835.5;2021-12-20T10:00:00+01:00
1293;Demanda real;;;34608.16666666667;2021-12-20T11:00:00+01:00
1293;Demanda real;;;34609.5;2021-12-20T12:00:00+01:00
1293;Demanda real;;;34603.66666666667;2021-12-20T13:00:00+01:00
1293;Demanda real;;;34018.16666666667;2021-12-20T14:00:00+01:00
1293;Demanda real;;;33289;2021-12-20T15:00:00+01:00
1293;Demanda real;;;33067.5;2021-12-20T16:00:00+01:00
1293;Demanda real;;;33490.66666666667;2021-12-20T17:00:00+01:00
1293;Demanda real;;;34702.5;2021-12-20T18:00:00+01:00
1293;Demanda real;;;35324.66666666667;2021-12-20T19:00:00+01:00
1293;Demanda real;;;35672.83333333334;2021-12-20T20:00:00+01:00
1293;Demanda real;;;34866.33333333334;2021-12-20T21:00:00+01:00
1293;Demanda real;;;31934.16666666667;2021-12-20T22:00:00+01:00
1293;Demanda real;;;28960.16666666667;2021-12-20T23:00:00+01:00
1293;Demanda real;;;26969.66666666667;2021-12-21T00:00:00+01:00
1293;Demanda real;;;25324.83333333333;2021-12-21T01:00:00+01:00
1293;Demanda real;;;23950;2021-12-21T02:00:00+01:00
1293;Demanda real;;;23453.5;2021-12-21T03:00:00+01:00
1293;Demanda real;;;23436.33333333333;2021-12-21T04:00:00+01:00
1293;Demanda real;;;23916;2021-12-21T05:00:00+01:00
1293;Demanda real;;;26354.66666666667;2021-12-21T06:00:00+01:00
1293;Demanda real;;;30410;2021-12-21T07:00:00+01:00
1293;Demanda real;;;33128.33333333334;2021-12-21T08:00:00+01:00
1293;Demanda real;;;33929.66666666667;2021-12-21T09:00:00+01:00
1293;Demanda real;;;34510.5;2021-12-21T10:00:00+01:00
1293;Demanda real;;;34173.16666666667;2021-12-21T11:00:00+01:00
1293;Demanda real;;;33902.16666666667;2021-12-21T12:00:00+01:00
1293;Demanda real;;;33952.66666666667;2021-12-21T13:00:00+01:00
1293;Demanda real;;;33484.83333333334;2021-12-21T14:00:00+01:00
1293;Demanda real;;;32876.5;2021-12-21T15:00:00+01:00
1293;Demanda real;;;32557.5;2021-12-21T16:00:00+01:00
1293;Demanda real;;;32764.83333333333;2021-12-21T17:00:00+01:00
1293;Demanda real;;;33971.66666666667;2021-12-21T18:00:00+01:00
1293;Demanda real;;;34618;2021-12-21T19:00:00+01:00
1293;Demanda real;;;34983;2021-12-21T20:00:00+01:00
1293;Demanda real;;;34298.66666666667;2021-12-21T21:00:00+01:00
1293;Demanda real;;;31485.66666666667;2021-12-21T22:00:00+01:00
1293;Demanda real;;;28649.33333333333;2021-12-21T23:00:00+01:00
1293;Demanda real;;;26705.66666666667;2021-12-22T00:00:00+01:00
1293;Demanda real;;;24857.5;2021-12-22T01:00:00+01:00
1293;Demanda real;;;23704;2021-12-22T02:00:00+01:00
1293;Demanda real;;;23103.16666666667;2021-12-22T03:00:00+01:00
1293;Demanda real;;;23025.66666666667;2021-12-22T04:00:00+01:00
1293;Demanda real;;;23519.83333333333;2021-12-22T05:00:00+01:00
1293;Demanda real;;;25805.16666666667;2021-12-22T06:00:00+01:00
1293;Demanda real;;;29630;2021-12-22T07:00:00+01:00
1293;Demanda real;;;32184.5;2021-12-22T08:00:00+01:00
1293;Demanda real;;;33279.5;2021-12-22T09:00:00+01:00
1293;Demanda real;;;34027.5;2021-12-22T10:00:00+01:00
1293;Demanda real;;;33806.5;2021-12-22T11:00:00+01:00
1293;Demanda real;;;33672.33333333334;2021-12-22T12:00:00+01:00
1293;Demanda real;;;33593.66666666667;2021-12-22T13:00:00+01:00
1293;Demanda real;;;32938.5;2021-12-22T14:00:00+01:00
1293;Demanda real;;;32327.66666666667;2021-12-22T15:00:00+01:00
1293;Demanda real;;;31955.66666666667;2021-12-22T16:00:00+01:00
1293;Demanda real;;;32239;2021-12-22T17:00:00+01:00
1293;Demanda real;;;33592.33333333334;2021-12-22T18:00:00+01:00
1293;Demanda real;;;34004.16666666667;2021-12-22T19:00:00+01:00
1293;Demanda real;;;33991.66666666667;2021-12-22T20:00:00+01:00
1293;Demanda real;;;33133.5;2021-12-22T21:00:00+01:00
1293;Demanda real;;;30567.66666666667;2021-12-22T22:00:00+01:00
1293;Demanda real;;;27747.16666666667;2021-12-22T23:00:00+01:00
1293;Demanda real;;;25885.33333333333;2021-12-23T00:00:00+01:00
1293;Demanda real;;;24084.33333333333;2021-12-23T01:00:00+01:00
1293;Demanda real;;;22958.16666666667;2021-12-23T02:00:00+01:00
1293;Demanda real;;;22382.5;2021-12-23T03:00:00+01:00
1293;Demanda real;;;22176.33333333333;2021-12-23T04:00:00+01:00
1293;Demanda real;;;22583.66666666667;2021-12-23T05:00:00+01:00
1293;Demanda real;;;24646.83333333333;2021-12-23T06:00:00+01:00
1293;Demanda real;;;27869.66666666667;2021-12-23T07:00:00+01:00
1293;Demanda real;;;30089;2021-12-23T08:00:00+01:00
1293;Demanda real;;;31507.83333333333;2021-12-23T09:00:00+01:00
1293;Demanda real;;;32477.16666666667;2021-12-23T10:00:00+01:00
1293;Demanda real;;;32497.33333333333;2021-12-23T11:00:00+01:00
1293;Demanda real;;;32408.5;2021-12-23T12:00:00+01:00
1293;Demanda real;;;32573;2021-12-23T13:00:00+01:00
1293;Demanda real;;;32241.66666666667;2021-12-23T14:00:00+01:00
1293;Demanda real;;;31279.5;2021-12-23T15:00:00+01:00
1293;Demanda real;;;30782;2021-12-23T16:00:00+01:00
1293;Demanda real;;;30866;2021-12-23T17:00:00+01:00
1293;Demanda real;;;31766.16666666667;2021-12-23T18:00:00+01:00
1293;Demanda real;;;31962.66666666667;2021-12-23T19:00:00+01:00
1293;Demanda real;;;31933.33333333333;2021-12-23T20:00:00+01:00
1293;Demanda real;;;31340.5;2021-12-23T21:00:00+01:00
1293;Demanda real;;;28998.5;2021-12-23T22:00:00+01:00
1293;Demanda real;;;26605;2021-12-23T23:00:00+01:00
1293;Demanda real;;;24775.5;2021-12-24T00:00:00+01:00
1293;Demanda real;;;23027;2021-12-24T01:00:00+01:00
1293;Demanda real;;;21573.16666666667;2021-12-24T02:00:00+01:00
1293;Demanda real;;;20701.33333333333;2021-12-24T03:00:00+01:00
1293;Demanda real;;;20158;2021-12-24T04:00:00+01:00
1293;Demanda real;;;20356;2021-12-24T05:00:00+01:00
1293;Demanda real;;;21151.16666666667;2021-12-24T06:00:00+01:00
1293;Demanda real;;;23136.66666666667;2021-12-24T07:00:00+01:00
1293;Demanda real;;;24725.5;2021-12-24T08:00:00+01:00
1293;Demanda real;;;26606;2021-12-24T09:00:00+01:00
1293;Demanda real;;;27980.66666666667;2021-12-24T10:00:00+01:00
1293;Demanda real;;;28233.16666666667;2021-12-24T11:00:00+01:00
1293;Demanda real;;;28173.83333333333;2021-12-24T12:00:00+01:00
1293;Demanda real;;;28024;2021-12-24T13:00:00+01:00
1293;Demanda real;;;27623.16666666667;2021-12-24T14:00:00+01:00
1293;Demanda real;;;26445;2021-12-24T15:00:00+01:00
1293;Demanda real;;;25795.16666666667;2021-12-24T16:00:00+01:00
1293;Demanda real;;;25874.5;2021-12-24T17:00:00+01:00
1293;Demanda real;;;27490;2021-12-24T18:00:00+01:00
1293;Demanda real;;;27797.83333333333;2021-12-24T19:00:00+01:00
1293;Demanda real;;;27191;2021-12-24T20:00:00+01:00
1293;Demanda real;;;25809.16666666667;2021-12-24T21:00:00+01:00
1293;Demanda real;;;23076.33333333333;2021-12-24T22:00:00+01:00
1293;Demanda real;;;21913;2021-12-24T23:00:00+01:00
1293;Demanda real;;;21453.16666666667;2021-12-25T00:00:00+01:00
1293;Demanda real;;;20440.16666666667;2021-12-25T01:00:00+01:00
1293;Demanda real;;;19102.33333333333;2021-12-25T02:00:00+01:00
1293;Demanda real;;;18071.66666666667;2021-12-25T03:00:00+01:00
1293;Demanda real;;;17563.83333333333;2021-12-25T04:00:00+01:00
1293;Demanda real;;;17454;2021-12-25T05:00:00+01:00
1293;Demanda real;;;17596.5;2021-12-25T06:00:00+01:00
1293;Demanda real;;;17976.16666666667;2021-12-25T07:00:00+01:00
1293;Demanda real;;;18281.16666666667;2021-12-25T08:00:00+01:00
1293;Demanda real;;;19520.16666666667;2021-12-25T09:00:00+01:00
1293;Demanda real;;;21600.33333333333;2021-12-25T10:00:00+01:00
1293;Demanda real;;;23054.83333333333;2021-12-25T11:00:00+01:00
1293;Demanda real;;;23739.83333333333;2021-12-25T12:00:00+01:00
1293;Demanda real;;;24321.66666666667;2021-12-25T13:00:00+01:00
1293;Demanda real;;;24088.66666666667;2021-12-25T14:00:00+01:00
1293;Demanda real;;;22323.33333333333;2021-12-25T15:00:00+01:00
1293;Demanda real;;;21721.16666666667;2021-12-25T16:00:00+01:00
1293;Demanda real;;;21866.16666666667;2021-12-25T17:00:00+01:00
1293;Demanda real;;;23486.16666666667;2021-12-25T18:00:00+01:00
1293;Demanda real;;;24193.16666666667;2021-12-25T19:00:00+01:00
1293;Demanda real;;;24738.83333333333;2021-12-25T20:00:00+01:00
1293;Demanda real;;;25045.5;2021-12-25T21:00:00+01:00
1293;Demanda real;;;24278.83333333333;2021-12-25T22:00:00+01:00
1293;Demanda real;;;22772;2021-12-25T23:00:00+01:00
1293;Demanda real;;;21347.66666666667;2021-12-26T00:00:00+01:00
1293;Demanda real;;;19628.33333333333;2021-12-26T01:00:00+01:00
1293;Demanda real;;;18520.5;2021-12-26T02:00:00+01:00
1293;Demanda real;;;17928.16666666667;2021-12-26T03:00:00+01:00
1293;Demanda real;;;17643.16666666667;2021-12-26T04:00:00+01:00
1293;Demanda real;;;17715;2021-12-26T05:00:00+01:00
1293;Demanda real;;;18338;2021-12-26T06:00:00+01:00
1293;Demanda real;;;19203.16666666667;2021-12-26T07:00:00+01:00
1293;Demanda real;;;19739.16666666667;2021-12-26T08:00:00+01:00
1293;Demanda real;;;21176.66666666667;2021-12-26T09:00:00+01:00
1293;Demanda real;;;23339.83333333333;2021-12-26T10:00:00+01:00
1293;Demanda real;;;24539.16666666667;2021-12-26T11:00:00+01:00
1293;Demanda real;;;25065.83333333333;2021-12-26T12:00:00+01:00
1293;Demanda real;;;25859;2021-12-26T13:00:00+01:00
1293;Demanda real;;;26100.83333333333;2021-12-26T14:00:00+01:00
1293;Demanda real;;;24820.66666666667;2021-12-26T15:00:00+01:00
1293;Demanda real;;;24012.83333333333;2021-12-26T16:00:00+01:00
1293;Demanda real;;;24053.33333333333;2021-12-26T17:00:00+01:00
1293;Demanda real;;;25827.16666666667;2021-12-26T18:00:00+01:00
1293;Demanda real;;;26490.66666666667;2021-12-26T19:00:00+01:00
1293;Demanda real;;;27140.83333333333;2021-12-26T20:00:00+01:00
1293;Demanda real;;;27257.33333333333;2021-12-26T21:00:00+01:00
1293;Demanda real;;;25833.16666666667;2021-12-26T22:00:00+01:00
1293;Demanda real;;;23762.66666666667;2021-12-26T23:00:00+01:00
1293;Demanda real;;;22244.66666666667;2021-12-27T00:00:00+01:00
1293;Demanda real;;;20655.5;2021-12-27T01:00:00+01:00
1293;Demanda real;;;19560.33333333333;2021-12-27T02:00:00+01:00
1293;Demanda real;;;19059.5;2021-12-27T03:00:00+01:00
1293;Demanda real;;;18909.33333333333;2021-12-27T04:00:00+01:00
1293;Demanda real;;;19350.5;2021-12-27T05:00:00+01:00
1293;Demanda real;;;21330.83333333333;2021-12-27T06:00:00+01:00
1293;Demanda real;;;23956.33333333333;2021-12-27T07:00:00+01:00
1293;Demanda real;;;25940.16666666667;2021-12-27T08:00:00+01:00
1293;Demanda real;;;27473.5;2021-12-27T09:00:00+01:00
1293;Demanda real;;;28483.16666666667;2021-12-27T10:00:00+01:00
1293;Demanda real;;;28561.16666666667;2021-12-27T11:00:00+01:00
1293;Demanda real;;;28684.66666666667;2021-12-27T12:00:00+01:00
1293;Demanda real;;;28919;2021-12-27T13:00:00+01:00
1293;Demanda real;;;28873.16666666667;2021-12-27T14:00:00+01:00
1293;Demanda real;;;27902;2021-12-27T15:00:00+01:00
1293;Demanda real;;;27462.66666666667;2021-12-27T16:00:00+01:00
1293;Demanda real;;;27603.33333333333;2021-12-27T17:00:00+01:00
1293;Demanda real;;;28940.33333333333;2021-12-27T18:00:00+01:00
1293;Demanda real;;;29575;2021-12-27T19:00:00+01:00
1293;Demanda real;;;29757.16666666667;2021-12-27T20:00:00+01:00
1293;Demanda real;;;29389.5;2021-12-27T21:00:00+01:00
1293;Demanda real;;;27142.83333333333;2021-12-27T22:00:00+01:00
1293;Demanda real;;;24666.5;2021-12-27T23:00:00+01:00
1293;Demanda real;;;23359.16666666667;2021-12-28T00:00:00+01:00
1293;Demanda real;;;21955.66666666667;2021-12-28T01:00:00+01:00
1293;Demanda real;;;20812.33333333333;2021-12-28T02:00:00+01:00
1293;Demanda real;;;20215.16666666667;2021-12-28T03:00:00+01:00
1293;Demanda real;;;20030.5;2021-12-28T04:00:00+01:00
1293;Demanda real;;;20446.66666666667;2021-12-28T05:00:00+01:00
1293;Demanda real;;;22163;2021-12-28T06:00:00+01:00
1293;Demanda real;;;24613;2021-12-28T07:00:00+01:00
1293;Demanda real;;;26350.66666666667;2021-12-28T08:00:00+01:00
1293;Demanda real;;;27620;2021-12-28T09:00:00+01:00
1293;Demanda real;;;28555.66666666667;2021-12-28T10:00:00+01:00
1293;Demanda real;;;28542.83333333333;2021-12-28T11:00:00+01:00
1293;Demanda real;;;28397.5;2021-12-28T12:00:00+01:00
1293;Demanda real;;;28751.33333333333;2021-12-28T13:00:00+01:00
1293;Demanda real;;;28509.66666666667;2021-12-28T14:00:00+01:00
1293;Demanda real;;;27546.5;2021-12-28T15:00:00+01:00
1293;Demanda real;;;27059.16666666667;2021-12-28T16:00:00+01:00
1293;Demanda real;;;27150;2021-12-28T17:00:00+01:00
1293;Demanda real;;;28691.5;2021-12-28T18:00:00+01:00
1293;Demanda real;;;29409.5;2021-12-28T19:00:00+01:00
1293;Demanda real;;;29864;2021-12-28T20:00:00+01:00
1293;Demanda real;;;29495.66666666667;2021-12-28T21:00:00+01:00
1293;Demanda real;;;27214;2021-12-28T22:00:00+01:00
1293;Demanda real;;;24774.66666666667;2021-12-28T23:00:00+01:00
1293;Demanda real;;;23397.5;2021-12-29T00:00:00+01:00
1293;Demanda real;;;21772.83333333333;2021-12-29T01:00:00+01:00
1293;Demanda real;;;20725.33333333333;2021-12-29T02:00:00+01:00
1293;Demanda real;;;20150.66666666667;2021-12-29T03:00:00+01:00
1293;Demanda real;;;19956.33333333333;2021-12-29T04:00:00+01:00
1293;Demanda real;;;20341.66666666667;2021-12-29T05:00:00+01:00
1293;Demanda real;;;22096.83333333333;2021-12-29T06:00:00+01:00
1293;Demanda real;;;24616.33333333333;2021-12-29T07:00:00+01:00
1293;Demanda real;;;26440.16666666667;2021-12-29T08:00:00+01:00
1293;Demanda real;;;27566.66666666667;2021-12-29T09:00:00+01:00
1293;Demanda real;;;28069.33333333333;2021-12-29T10:00:00+01:00
1293;Demanda real;;;27832.66666666667;2021-12-29T11:00:00+01:00
1293;Demanda real;;;27644.66666666667;2021-12-29T12:00:00+01:00
1293;Demanda real;;;27720.5;2021-12-29T13:00:00+01:00
1293;Demanda real;;;27450.16666666667;2021-12-29T14:00:00+01:00
1293;Demanda real;;;26456.33333333333;2021-12-29T15:00:00+01:00
1293;Demanda real;;;26259.83333333333;2021-12-29T16:00:00+01:00
1293;Demanda real;;;26868.66666666667;2021-12-29T17:00:00+01:00
1293;Demanda real;;;28790.16666666667;2021-12-29T18:00:00+01:00
1293;Demanda real;;;29589.5;2021-12-29T19:00:00+01:00
1293;Demanda real;;;29907.33333333333;2021-12-29T20:00:00+01:00
1293;Demanda real;;;29541.5;2021-12-29T21:00:00+01:00
1293;Demanda real;;;27323.66666666667;2021-12-29T22:00:00+01:00
1293;Demanda real;;;24968.16666666667;2021-12-29T23:00:00+01:00
1293;Demanda real;;;23417.33333333333;2021-12-30T00:00:00+01:00
1293;Demanda real;;;21859.16666666667;2021-12-30T01:00:00+01:00
1293;Demanda real;;;20561.33333333333;2021-12-30T02:00:00+01:00
1293;Demanda real;;;20015.5;2021-12-30T03:00:00+01:00
1293;Demanda real;;;19888.83333333333;2021-12-30T04:00:00+01:00
1293;Demanda real;;;20304.16666666667;2021-12-30T05:00:00+01:00
1293;Demanda real;;;22010.5;2021-12-30T06:00:00+01:00
1293;Demanda real;;;24577.5;2021-12-30T07:00:00+01:00
1293;Demanda real;;;26442;2021-12-30T08:00:00+01:00
1293;Demanda real;;;27590.5;2021-12-30T09:00:00+01:00
1293;Demanda real;;;28046.5;2021-12-30T10:00:00+01:00
1293;Demanda real;;;27650.5;2021-12-30T11:00:00+01:00
1293;Demanda real;;;27306.5;2021-12-30T12:00:00+01:00
1293;Demanda real;;;27817.16666666667;2021-12-30T13:00:00+01:00
1293;Demanda real;;;27532.16666666667;2021-12-30T14:00:00+01:00
1293;Demanda real;;;26452.5;2021-12-30T15:00:00+01:00
1293;Demanda real;;;26098.16666666667;2021-12-30T16:00:00+01:00
1293;Demanda real;;;26726.5;2021-12-30T17:00:00+01:00
1293;Demanda real;;;28895.5;2021-12-30T18:00:00+01:00
1293;Demanda real;;;29660.16666666667;2021-12-30T19:00:00+01:00
1293;Demanda real;;;29943.5;2021-12-30T20:00:00+01:00
1293;Demanda real;;;29586.16666666667;2021-12-30T21:00:00+01:00
1293;Demanda real;;;27541.16666666667;2021-12-30T22:00:00+01:00
1293;Demanda real;;;24983.16666666667;2021-12-30T23:00:00+01:00
1293;Demanda real;;;23438.16666666667;2021-12-31T00:00:00+01:00
1293;Demanda real;;;21815.33333333333;2021-12-31T01:00:00+01:00
1293;Demanda real;;;20458;2021-12-31T02:00:00+01:00
1293;Demanda real;;;19825;2021-12-31T03:00:00+01:00
1293;Demanda real;;;19615;2021-12-31T04:00:00+01:00
1293;Demanda real;;;19727.33333333333;2021-12-31T05:00:00+01:00
1293;Demanda real;;;20654.16666666667;2021-12-31T06:00:00+01:00
1293;Demanda real;;;22458.83333333333;2021-12-31T07:00:00+01:00
1293;Demanda real;;;23784.16666666667;2021-12-31T08:00:00+01:00
1293;Demanda real;;;25290.16666666667;2021-12-31T09:00:00+01:00
1293;Demanda real;;;26395.83333333333;2021-12-31T10:00:00+01:00
1293;Demanda real;;;26059.33333333333;2021-12-31T11:00:00+01:00
1293;Demanda real;;;25655.33333333333;2021-12-31T12:00:00+01:00
1293;Demanda real;;;25427.5;2021-12-31T13:00:00+01:00
1293;Demanda real;;;25168.5;2021-12-31T14:00:00+01:00
1293;Demanda real;;;24379;2021-12-31T15:00:00+01:00
1293;Demanda real;;;23910.5;2021-12-31T16:00:00+01:00
1293;Demanda real;;;24332.5;2021-12-31T17:00:00+01:00
1293;Demanda real;;;26787;2021-12-31T18:00:00+01:00
1293;Demanda real;;;27849.5;2021-12-31T19:00:00+01:00
1293;Demanda real;;;27653.16666666667;2021-12-31T20:00:00+01:00
1293;Demanda real;;;26746.5;2021-12-31T21:00:00+01:00
1293;Demanda real;;;23952.66666666667;2021-12-31T22:00:00+01:00
1293;Demanda real;;;22324.83333333333;2021-12-31T23:00:00+01:00