id;value;datetime
1293;24722.83333333333;2021-01-01T00:00:00+01:00
1293;23571.5;2021-01-01T01:00:00+01:00
1293;21491.0;2021-01-01T02:00:00+01:00
1293;19709.16666666667;2021-01-01T03:00:00+01:00
1293;18791.66666666667;2021-01-01T04:00:00+01:00
1293;18562.16666666667;2021-01-01T05:00:00+01:00
1293;18756.16666666667;2021-01-01T06:00:00+01:00
1293;19261.5;2021-01-01T07:00:00+01:00
1293;19465.66666666667;2021-01-01T08:00:00+01:00
1293;20375.0;2021-01-01T09:00:00+01:00
1293;22682.33333333333;2021-01-01T10:00:00+01:00
1293;24699.33333333333;2021-01-01T11:00:00+01:00
1293;25716.0;2021-01-01T12:00:00+01:00
1293;26681.66666666667;2021-01-01T13:00:00+01:00
1293;27091.83333333333;2021-01-01T14:00:00+01:00
1293;25420.5;2021-01-01T15:00:00+01:00
1293;24735.66666666667;2021-01-01T16:00:00+01:00
1293;25012.83333333333;2021-01-01T17:00:00+01:00
1293;26998.33333333333;2021-01-01T18:00:00+01:00
1293;28153.33333333333;2021-01-01T19:00:00+01:00
1293;28750.16666666667;2021-01-01T20:00:00+01:00
1293;29145.0;2021-01-01T21:00:00+01:00
1293;28421.33333333333;2021-01-01T22:00:00+01:00
1293;26297.16666666667;2021-01-01T23:00:00+01:00
1293;23813.66666666667;2021-01-02T00:00:00+01:00
1293;21479.5;2021-01-02T01:00:00+01:00
1293;20098.33333333333;2021-01-02T02:00:00+01:00
1293;19385.83333333333;2021-01-02T03:00:00+01:00
1293;19179.83333333333;2021-01-02T04:00:00+01:00
1293;19472.33333333333;2021-01-02T05:00:00+01:00
1293;20591.66666666667;2021-01-02T06:00:00+01:00
1293;22078.66666666667;2021-01-02T07:00:00+01:00
1293;23707.66666666667;2021-01-02T08:00:00+01:00
1293;26196.66666666667;2021-01-02T09:00:00+01:00
1293;28760.83333333333;2021-01-02T10:00:00+01:00
1293;29750.16666666667;2021-01-02T11:00:00+01:00
1293;29729.0;2021-01-02T12:00:00+01:00
1293;30092.5;2021-01-02T13:00:00+01:00
1293;30593.83333333333;2021-01-02T14:00:00+01:00
1293;29804.33333333333;2021-01-02T15:00:00+01:00
1293;29162.16666666667;2021-01-02T16:00:00+01:00
1293;29227.83333333333;2021-01-02T17:00:00+01:00
1293;31333.16666666667;2021-01-02T18:00:00+01:00
1293;32556.83333333333;2021-01-02T19:00:00+01:00
1293;33246.0;2021-01-02T20:00:00+01:00
1293;33350.16666666667;2021-01-02T21:00:00+01:00
1293;31726.83333333333;2021-01-02T22:00:00+01:00
1293;29310.83333333333;2021-01-02T23:00:00+01:00
1293;26469.5;2021-01-03T00:00:00+01:00
1293;23781.66666666667;2021-01-03T01:00:00+01:00
1293;22013.5;2021-01-03T02:00:00+01:00
1293;21021.0;2021-01-03T03:00:00+01:00
1293;20712.0;2021-01-03T04:00:00+01:00
1293;20664.16666666667;2021-01-03T05:00:00+01:00
1293;21274.16666666667;2021-01-03T06:00:00+01:00
1293;22168.0;2021-01-03T07:00:00+01:00
1293;23193.16666666667;2021-01-03T08:00:00+01:00
1293;25161.83333333333;2021-01-03T09:00:00+01:00
1293;27868.5;2021-01-03T10:00:00+01:00
1293;29239.16666666667;2021-01-03T11:00:00+01:00
1293;29275.33333333333;2021-01-03T12:00:00+01:00
1293;29809.0;2021-01-03T13:00:00+01:00
1293;30102.83333333333;2021-01-03T14:00:00+01:00
1293;29018.16666666667;2021-01-03T15:00:00+01:00
1293;28086.5;2021-01-03T16:00:00+01:00
1293;28306.0;2021-01-03T17:00:00+01:00
1293;30845.66666666667;2021-01-03T18:00:00+01:00
1293;32650.66666666667;2021-01-03T19:00:00+01:00
1293;33486.5;2021-01-03T20:00:00+01:00
1293;33615.5;2021-01-03T21:00:00+01:00
1293;32001.16666666667;2021-01-03T22:00:00+01:00
1293;29153.0;2021-01-03T23:00:00+01:00
1293;26228.5;2021-01-04T00:00:00+01:00
1293;23798.16666666667;2021-01-04T01:00:00+01:00
1293;22485.16666666667;2021-01-04T02:00:00+01:00
1293;21740.33333333333;2021-01-04T03:00:00+01:00
1293;21628.16666666667;2021-01-04T04:00:00+01:00
1293;22227.0;2021-01-04T05:00:00+01:00
1293;24577.83333333333;2021-01-04T06:00:00+01:00
1293;28138.16666666667;2021-01-04T07:00:00+01:00
1293;31517.5;2021-01-04T08:00:00+01:00
1293;34573.83333333334;2021-01-04T09:00:00+01:00
1293;36256.66666666667;2021-01-04T10:00:00+01:00
1293;36551.66666666667;2021-01-04T11:00:00+01:00
1293;36281.0;2021-01-04T12:00:00+01:00
1293;36683.83333333334;2021-01-04T13:00:00+01:00
1293;36408.0;2021-01-04T14:00:00+01:00
1293;35441.16666666667;2021-01-04T15:00:00+01:00
1293;34857.66666666667;2021-01-04T16:00:00+01:00
1293;35008.16666666667;2021-01-04T17:00:00+01:00
1293;36409.0;2021-01-04T18:00:00+01:00
1293;37223.66666666667;2021-01-04T19:00:00+01:00
1293;37962.0;2021-01-04T20:00:00+01:00
1293;37656.83333333334;2021-01-04T21:00:00+01:00
1293;35167.16666666667;2021-01-04T22:00:00+01:00
1293;31829.33333333333;2021-01-04T23:00:00+01:00
1293;28742.0;2021-01-05T00:00:00+01:00
1293;26192.33333333333;2021-01-05T01:00:00+01:00
1293;24581.33333333333;2021-01-05T02:00:00+01:00
1293;23859.0;2021-01-05T03:00:00+01:00
1293;23611.83333333333;2021-01-05T04:00:00+01:00
1293;24143.33333333333;2021-01-05T05:00:00+01:00
1293;26288.83333333333;2021-01-05T06:00:00+01:00
1293;29646.16666666667;2021-01-05T07:00:00+01:00
1293;32719.0;2021-01-05T08:00:00+01:00
1293;35601.33333333334;2021-01-05T09:00:00+01:00
1293;37131.83333333334;2021-01-05T10:00:00+01:00
1293;37238.16666666667;2021-01-05T11:00:00+01:00
1293;36756.0;2021-01-05T12:00:00+01:00
1293;36786.83333333334;2021-01-05T13:00:00+01:00
1293;36299.5;2021-01-05T14:00:00+01:00
1293;35319.83333333334;2021-01-05T15:00:00+01:00
1293;34883.5;2021-01-05T16:00:00+01:00
1293;34835.0;2021-01-05T17:00:00+01:00
1293;35970.0;2021-01-05T18:00:00+01:00
1293;36463.33333333334;2021-01-05T19:00:00+01:00
1293;36589.0;2021-01-05T20:00:00+01:00
1293;36095.33333333334;2021-01-05T21:00:00+01:00
1293;33814.0;2021-01-05T22:00:00+01:00
1293;31053.83333333333;2021-01-05T23:00:00+01:00
1293;28300.0;2021-01-06T00:00:00+01:00
1293;25498.16666666667;2021-01-06T01:00:00+01:00
1293;23676.66666666667;2021-01-06T02:00:00+01:00
1293;22775.5;2021-01-06T03:00:00+01:00
1293;22376.33333333333;2021-01-06T04:00:00+01:00
1293;22321.0;2021-01-06T05:00:00+01:00
1293;22611.83333333333;2021-01-06T06:00:00+01:00
1293;23627.83333333333;2021-01-06T07:00:00+01:00
1293;24345.5;2021-01-06T08:00:00+01:00
1293;26802.66666666667;2021-01-06T09:00:00+01:00
1293;29261.66666666667;2021-01-06T10:00:00+01:00
1293;30441.0;2021-01-06T11:00:00+01:00
1293;30104.33333333333;2021-01-06T12:00:00+01:00
1293;30471.0;2021-01-06T13:00:00+01:00
1293;30469.16666666667;2021-01-06T14:00:00+01:00
1293;29197.33333333333;2021-01-06T15:00:00+01:00
1293;28550.5;2021-01-06T16:00:00+01:00
1293;28668.5;2021-01-06T17:00:00+01:00
1293;30625.5;2021-01-06T18:00:00+01:00
1293;31850.16666666667;2021-01-06T19:00:00+01:00
1293;32969.83333333334;2021-01-06T20:00:00+01:00
1293;33504.33333333334;2021-01-06T21:00:00+01:00
1293;32593.83333333333;2021-01-06T22:00:00+01:00
1293;29995.83333333333;2021-01-06T23:00:00+01:00
1293;27314.5;2021-01-07T00:00:00+01:00
1293;24993.0;2021-01-07T01:00:00+01:00
1293;23548.16666666667;2021-01-07T02:00:00+01:00
1293;22988.33333333333;2021-01-07T03:00:00+01:00
1293;22957.0;2021-01-07T04:00:00+01:00
1293;23642.83333333333;2021-01-07T05:00:00+01:00
1293;26329.66666666667;2021-01-07T06:00:00+01:00
1293;30380.0;2021-01-07T07:00:00+01:00
1293;33956.66666666667;2021-01-07T08:00:00+01:00
1293;36948.5;2021-01-07T09:00:00+01:00
1293;39160.5;2021-01-07T10:00:00+01:00
1293;40186.33333333334;2021-01-07T11:00:00+01:00
1293;40656.16666666667;2021-01-07T12:00:00+01:00
1293;41206.5;2021-01-07T13:00:00+01:00
1293;40711.16666666667;2021-01-07T14:00:00+01:00
1293;39432.33333333334;2021-01-07T15:00:00+01:00
1293;38696.0;2021-01-07T16:00:00+01:00
1293;38685.33333333334;2021-01-07T17:00:00+01:00
1293;39546.66666666667;2021-01-07T18:00:00+01:00
1293;40009.0;2021-01-07T19:00:00+01:00
1293;40246.33333333334;2021-01-07T20:00:00+01:00
1293;39374.66666666667;2021-01-07T21:00:00+01:00
1293;36354.16666666667;2021-01-07T22:00:00+01:00
1293;32714.33333333333;2021-01-07T23:00:00+01:00
1293;29754.0;2021-01-08T00:00:00+01:00
1293;27220.0;2021-01-08T01:00:00+01:00
1293;25781.33333333333;2021-01-08T02:00:00+01:00
1293;25141.0;2021-01-08T03:00:00+01:00
1293;24888.0;2021-01-08T04:00:00+01:00
1293;25400.66666666667;2021-01-08T05:00:00+01:00
1293;27799.83333333333;2021-01-08T06:00:00+01:00
1293;31828.0;2021-01-08T07:00:00+01:00
1293;35355.5;2021-01-08T08:00:00+01:00
1293;38131.0;2021-01-08T09:00:00+01:00
1293;40220.33333333334;2021-01-08T10:00:00+01:00
1293;41324.33333333334;2021-01-08T11:00:00+01:00
1293;41465.66666666667;2021-01-08T12:00:00+01:00
1293;41828.83333333334;2021-01-08T13:00:00+01:00
1293;40911.33333333334;2021-01-08T14:00:00+01:00
1293;39257.33333333334;2021-01-08T15:00:00+01:00
1293;38338.66666666667;2021-01-08T16:00:00+01:00
1293;38089.5;2021-01-08T17:00:00+01:00
1293;39084.33333333334;2021-01-08T18:00:00+01:00
1293;39428.66666666667;2021-01-08T19:00:00+01:00
1293;39258.0;2021-01-08T20:00:00+01:00
1293;38535.83333333334;2021-01-08T21:00:00+01:00
1293;35774.66666666667;2021-01-08T22:00:00+01:00
1293;32622.0;2021-01-08T23:00:00+01:00
1293;30092.0;2021-01-09T00:00:00+01:00
1293;27466.16666666667;2021-01-09T01:00:00+01:00
1293;25573.83333333333;2021-01-09T02:00:00+01:00
1293;24635.5;2021-01-09T03:00:00+01:00
1293;24224.16666666667;2021-01-09T04:00:00+01:00
1293;24161.83333333333;2021-01-09T05:00:00+01:00
1293;24514.66666666667;2021-01-09T06:00:00+01:00
1293;25697.0;2021-01-09T07:00:00+01:00
1293;27365.83333333333;2021-01-09T08:00:00+01:00
1293;29940.0;2021-01-09T09:00:00+01:00
1293;32948.33333333334;2021-01-09T10:00:00+01:00
1293;34497.16666666667;2021-01-09T11:00:00+01:00
1293;34810.33333333334;2021-01-09T12:00:00+01:00
1293;35445.33333333334;2021-01-09T13:00:00+01:00
1293;35449.5;2021-01-09T14:00:00+01:00
1293;34001.0;2021-01-09T15:00:00+01:00
1293;32706.33333333333;2021-01-09T16:00:00+01:00
1293;32518.5;2021-01-09T17:00:00+01:00
1293;33993.5;2021-01-09T18:00:00+01:00
1293;35121.16666666667;2021-01-09T19:00:00+01:00
1293;35874.16666666667;2021-01-09T20:00:00+01:00
1293;35718.66666666667;2021-01-09T21:00:00+01:00
1293;34023.0;2021-01-09T22:00:00+01:00
1293;31395.33333333333;2021-01-09T23:00:00+01:00
1293;28447.16666666667;2021-01-10T00:00:00+01:00
1293;25728.66666666667;2021-01-10T01:00:00+01:00
1293;23920.16666666667;2021-01-10T02:00:00+01:00
1293;22977.5;2021-01-10T03:00:00+01:00
1293;22598.83333333333;2021-01-10T04:00:00+01:00
1293;22376.83333333333;2021-01-10T05:00:00+01:00
1293;22729.66666666667;2021-01-10T06:00:00+01:00
1293;23479.0;2021-01-10T07:00:00+01:00
1293;24362.0;2021-01-10T08:00:00+01:00
1293;26694.0;2021-01-10T09:00:00+01:00
1293;29944.16666666667;2021-01-10T10:00:00+01:00
1293;32092.0;2021-01-10T11:00:00+01:00
1293;32761.5;2021-01-10T12:00:00+01:00
1293;33878.33333333334;2021-01-10T13:00:00+01:00
1293;34207.5;2021-01-10T14:00:00+01:00
1293;32486.83333333333;2021-01-10T15:00:00+01:00
1293;31455.0;2021-01-10T16:00:00+01:00
1293;31165.83333333333;2021-01-10T17:00:00+01:00
1293;32994.83333333334;2021-01-10T18:00:00+01:00
1293;34619.5;2021-01-10T19:00:00+01:00
1293;35726.66666666667;2021-01-10T20:00:00+01:00
1293;35839.33333333334;2021-01-10T21:00:00+01:00
1293;34053.83333333334;2021-01-10T22:00:00+01:00
1293;31168.83333333333;2021-01-10T23:00:00+01:00
1293;27871.33333333333;2021-01-11T00:00:00+01:00
1293;25473.33333333333;2021-01-11T01:00:00+01:00
1293;24208.5;2021-01-11T02:00:00+01:00
1293;23583.83333333333;2021-01-11T03:00:00+01:00
1293;23479.83333333333;2021-01-11T04:00:00+01:00
1293;24125.33333333333;2021-01-11T05:00:00+01:00
1293;26925.33333333333;2021-01-11T06:00:00+01:00
1293;31369.83333333333;2021-01-11T07:00:00+01:00
1293;35193.16666666667;2021-01-11T08:00:00+01:00
1293;37494.66666666667;2021-01-11T09:00:00+01:00
1293;38965.66666666667;2021-01-11T10:00:00+01:00
1293;39269.16666666667;2021-01-11T11:00:00+01:00
1293;38807.83333333334;2021-01-11T12:00:00+01:00
1293;38962.0;2021-01-11T13:00:00+01:00
1293;38151.66666666667;2021-01-11T14:00:00+01:00
1293;37254.66666666667;2021-01-11T15:00:00+01:00
1293;36689.0;2021-01-11T16:00:00+01:00
1293;36813.33333333334;2021-01-11T17:00:00+01:00
1293;38766.16666666667;2021-01-11T18:00:00+01:00
1293;40468.83333333334;2021-01-11T19:00:00+01:00
1293;40883.33333333334;2021-01-11T20:00:00+01:00
1293;40236.83333333334;2021-01-11T21:00:00+01:00
1293;37211.83333333334;2021-01-11T22:00:00+01:00
1293;33564.83333333334;2021-01-11T23:00:00+01:00
1293;30395.83333333333;2021-01-12T00:00:00+01:00
1293;27996.33333333333;2021-01-12T01:00:00+01:00
1293;26674.66666666667;2021-01-12T02:00:00+01:00
1293;26044.0;2021-01-12T03:00:00+01:00
1293;25942.5;2021-01-12T04:00:00+01:00
1293;26380.5;2021-01-12T05:00:00+01:00
1293;28837.16666666667;2021-01-12T06:00:00+01:00
1293;33059.16666666667;2021-01-12T07:00:00+01:00
1293;36818.5;2021-01-12T08:00:00+01:00
1293;38757.33333333334;2021-01-12T09:00:00+01:00
1293;40089.16666666667;2021-01-12T10:00:00+01:00
1293;40115.83333333334;2021-01-12T11:00:00+01:00
1293;39633.5;2021-01-12T12:00:00+01:00
1293;39642.5;2021-01-12T13:00:00+01:00
1293;38688.5;2021-01-12T14:00:00+01:00
1293;37750.5;2021-01-12T15:00:00+01:00
1293;37178.16666666667;2021-01-12T16:00:00+01:00
1293;37332.0;2021-01-12T17:00:00+01:00
1293;39339.16666666667;2021-01-12T18:00:00+01:00
1293;41002.33333333334;2021-01-12T19:00:00+01:00
1293;41564.16666666667;2021-01-12T20:00:00+01:00
1293;40700.66666666667;2021-01-12T21:00:00+01:00
1293;37815.0;2021-01-12T22:00:00+01:00
1293;33943.66666666667;2021-01-12T23:00:00+01:00
1293;30755.33333333333;2021-01-13T00:00:00+01:00
1293;28235.83333333333;2021-01-13T01:00:00+01:00
1293;26824.33333333333;2021-01-13T02:00:00+01:00
1293;26344.5;2021-01-13T03:00:00+01:00
1293;26112.83333333333;2021-01-13T04:00:00+01:00
1293;26679.5;2021-01-13T05:00:00+01:00
1293;29120.16666666667;2021-01-13T06:00:00+01:00
1293;33576.83333333334;2021-01-13T07:00:00+01:00
1293;37212.33333333334;2021-01-13T08:00:00+01:00
1293;39079.33333333334;2021-01-13T09:00:00+01:00
1293;40246.5;2021-01-13T10:00:00+01:00
1293;40052.16666666667;2021-01-13T11:00:00+01:00
1293;39483.16666666667;2021-01-13T12:00:00+01:00
1293;39332.83333333334;2021-01-13T13:00:00+01:00
1293;38308.66666666667;2021-01-13T14:00:00+01:00
1293;37372.16666666667;2021-01-13T15:00:00+01:00
1293;36900.16666666667;2021-01-13T16:00:00+01:00
1293;36885.16666666667;2021-01-13T17:00:00+01:00
1293;38958.16666666667;2021-01-13T18:00:00+01:00
1293;40539.0;2021-01-13T19:00:00+01:00
1293;41042.0;2021-01-13T20:00:00+01:00
1293;40110.16666666667;2021-01-13T21:00:00+01:00
1293;37171.5;2021-01-13T22:00:00+01:00
1293;33619.33333333334;2021-01-13T23:00:00+01:00
1293;30348.5;2021-01-14T00:00:00+01:00
1293;28017.16666666667;2021-01-14T01:00:00+01:00
1293;26685.0;2021-01-14T02:00:00+01:00
1293;25985.83333333333;2021-01-14T03:00:00+01:00
1293;25759.33333333333;2021-01-14T04:00:00+01:00
1293;26425.33333333333;2021-01-14T05:00:00+01:00
1293;28899.83333333333;2021-01-14T06:00:00+01:00
1293;33385.33333333334;2021-01-14T07:00:00+01:00
1293;37024.5;2021-01-14T08:00:00+01:00
1293;38874.66666666667;2021-01-14T09:00:00+01:00
1293;39870.66666666667;2021-01-14T10:00:00+01:00
1293;39706.16666666667;2021-01-14T11:00:00+01:00
1293;39120.5;2021-01-14T12:00:00+01:00
1293;38879.0;2021-01-14T13:00:00+01:00
1293;37983.16666666667;2021-01-14T14:00:00+01:00
1293;37020.5;2021-01-14T15:00:00+01:00
1293;36876.66666666667;2021-01-14T16:00:00+01:00
1293;37217.5;2021-01-14T17:00:00+01:00
1293;39100.0;2021-01-14T18:00:00+01:00
1293;40655.33333333334;2021-01-14T19:00:00+01:00
1293;41025.33333333334;2021-01-14T20:00:00+01:00
1293;40046.0;2021-01-14T21:00:00+01:00
1293;37160.5;2021-01-14T22:00:00+01:00
1293;33677.0;2021-01-14T23:00:00+01:00
1293;30607.5;2021-01-15T00:00:00+01:00
1293;28279.16666666667;2021-01-15T01:00:00+01:00
1293;26963.16666666667;2021-01-15T02:00:00+01:00
1293;26332.66666666667;2021-01-15T03:00:00+01:00
1293;26047.66666666667;2021-01-15T04:00:00+01:00
1293;26669.0;2021-01-15T05:00:00+01:00
1293;29152.66666666667;2021-01-15T06:00:00+01:00
1293;33583.83333333334;2021-01-15T07:00:00+01:00
1293;37025.16666666667;2021-01-15T08:00:00+01:00
1293;38673.5;2021-01-15T09:00:00+01:00
1293;39678.66666666667;2021-01-15T10:00:00+01:00
1293;39527.0;2021-01-15T11:00:00+01:00
1293;38861.0;2021-01-15T12:00:00+01:00
1293;38600.66666666667;2021-01-15T13:00:00+01:00
1293;37611.33333333334;2021-01-15T14:00:00+01:00
1293;36441.66666666667;2021-01-15T15:00:00+01:00
1293;35810.83333333334;2021-01-15T16:00:00+01:00
1293;35635.33333333334;2021-01-15T17:00:00+01:00
1293;37294.5;2021-01-15T18:00:00+01:00
1293;38979.33333333334;2021-01-15T19:00:00+01:00
1293;39316.5;2021-01-15T20:00:00+01:00
1293;38802.5;2021-01-15T21:00:00+01:00
1293;36283.0;2021-01-15T22:00:00+01:00
1293;33016.16666666667;2021-01-15T23:00:00+01:00
1293;30432.5;2021-01-16T00:00:00+01:00
1293;27975.16666666667;2021-01-16T01:00:00+01:00
1293;26384.5;2021-01-16T02:00:00+01:00
1293;25558.5;2021-01-16T03:00:00+01:00
1293;25028.66666666667;2021-01-16T04:00:00+01:00
1293;25093.33333333333;2021-01-16T05:00:00+01:00
1293;25546.16666666667;2021-01-16T06:00:00+01:00
1293;26976.83333333333;2021-01-16T07:00:00+01:00
1293;28579.5;2021-01-16T08:00:00+01:00
1293;31334.16666666667;2021-01-16T09:00:00+01:00
1293;33786.66666666667;2021-01-16T10:00:00+01:00
1293;34207.5;2021-01-16T11:00:00+01:00
1293;33503.83333333334;2021-01-16T12:00:00+01:00
1293;33550.16666666667;2021-01-16T13:00:00+01:00
1293;33153.16666666667;2021-01-16T14:00:00+01:00
1293;31901.16666666667;2021-01-16T15:00:00+01:00
1293;30993.66666666667;2021-01-16T16:00:00+01:00
1293;30677.33333333333;2021-01-16T17:00:00+01:00
1293;32679.66666666667;2021-01-16T18:00:00+01:00
1293;34609.16666666667;2021-01-16T19:00:00+01:00
1293;35342.66666666667;2021-01-16T20:00:00+01:00
1293;35594.16666666667;2021-01-16T21:00:00+01:00
1293;34079.33333333334;2021-01-16T22:00:00+01:00
1293;31306.33333333333;2021-01-16T23:00:00+01:00
1293;28405.0;2021-01-17T00:00:00+01:00
1293;25743.66666666667;2021-01-17T01:00:00+01:00
1293;24066.16666666667;2021-01-17T02:00:00+01:00
1293;23152.0;2021-01-17T03:00:00+01:00
1293;22860.0;2021-01-17T04:00:00+01:00
1293;22717.66666666667;2021-01-17T05:00:00+01:00
1293;23178.33333333333;2021-01-17T06:00:00+01:00
1293;24005.66666666667;2021-01-17T07:00:00+01:00
1293;25023.83333333333;2021-01-17T08:00:00+01:00
1293;27157.83333333333;2021-01-17T09:00:00+01:00
1293;29671.33333333333;2021-01-17T10:00:00+01:00
1293;30678.16666666667;2021-01-17T11:00:00+01:00
1293;30667.83333333333;2021-01-17T12:00:00+01:00
1293;31163.33333333333;2021-01-17T13:00:00+01:00
1293;31214.16666666667;2021-01-17T14:00:00+01:00
1293;29978.83333333333;2021-01-17T15:00:00+01:00
1293;28839.83333333333;2021-01-17T16:00:00+01:00
1293;28672.16666666667;2021-01-17T17:00:00+01:00
1293;31115.66666666667;2021-01-17T18:00:00+01:00
1293;33547.83333333334;2021-01-17T19:00:00+01:00
1293;34929.83333333334;2021-01-17T20:00:00+01:00
1293;34982.0;2021-01-17T21:00:00+01:00
1293;33424.33333333334;2021-01-17T22:00:00+01:00
1293;30605.83333333333;2021-01-17T23:00:00+01:00
1293;27635.16666666667;2021-01-18T00:00:00+01:00
1293;25586.0;2021-01-18T01:00:00+01:00
1293;24426.16666666667;2021-01-18T02:00:00+01:00
1293;23623.33333333333;2021-01-18T03:00:00+01:00
1293;23750.33333333333;2021-01-18T04:00:00+01:00
1293;24617.0;2021-01-18T05:00:00+01:00
1293;27630.5;2021-01-18T06:00:00+01:00
1293;32522.83333333333;2021-01-18T07:00:00+01:00
1293;36181.33333333334;2021-01-18T08:00:00+01:00
1293;37884.83333333334;2021-01-18T09:00:00+01:00
1293;38882.33333333334;2021-01-18T10:00:00+01:00
1293;38628.33333333334;2021-01-18T11:00:00+01:00
1293;37960.5;2021-01-18T12:00:00+01:00
1293;37827.33333333334;2021-01-18T13:00:00+01:00
1293;36962.5;2021-01-18T14:00:00+01:00
1293;35914.16666666667;2021-01-18T15:00:00+01:00
1293;35295.66666666667;2021-01-18T16:00:00+01:00
1293;35328.0;2021-01-18T17:00:00+01:00
1293;36776.66666666667;2021-01-18T18:00:00+01:00
1293;38686.83333333334;2021-01-18T19:00:00+01:00
1293;39302.83333333334;2021-01-18T20:00:00+01:00
1293;38278.66666666667;2021-01-18T21:00:00+01:00
1293;35355.66666666667;2021-01-18T22:00:00+01:00
1293;31888.33333333333;2021-01-18T23:00:00+01:00
1293;29363.0;2021-01-19T00:00:00+01:00
1293;27189.33333333333;2021-01-19T01:00:00+01:00
1293;26017.5;2021-01-19T02:00:00+01:00
1293;25515.83333333333;2021-01-19T03:00:00+01:00
1293;25295.0;2021-01-19T04:00:00+01:00
1293;25985.66666666667;2021-01-19T05:00:00+01:00
1293;28664.66666666667;2021-01-19T06:00:00+01:00
1293;33181.66666666667;2021-01-19T07:00:00+01:00
1293;36694.5;2021-01-19T08:00:00+01:00
1293;38455.0;2021-01-19T09:00:00+01:00
1293;39177.16666666667;2021-01-19T10:00:00+01:00
1293;38852.5;2021-01-19T11:00:00+01:00
1293;38090.5;2021-01-19T12:00:00+01:00
1293;38008.16666666667;2021-01-19T13:00:00+01:00
1293;36960.0;2021-01-19T14:00:00+01:00
1293;36019.5;2021-01-19T15:00:00+01:00
1293;35508.66666666667;2021-01-19T16:00:00+01:00
1293;35671.16666666667;2021-01-19T17:00:00+01:00
1293;37417.5;2021-01-19T18:00:00+01:00
1293;39204.0;2021-01-19T19:00:00+01:00
1293;39708.5;2021-01-19T20:00:00+01:00
1293;38751.0;2021-01-19T21:00:00+01:00
1293;35474.33333333334;2021-01-19T22:00:00+01:00
1293;32085.33333333333;2021-01-19T23:00:00+01:00
1293;29340.16666666667;2021-01-20T00:00:00+01:00
1293;27083.33333333333;2021-01-20T01:00:00+01:00
1293;25704.83333333333;2021-01-20T02:00:00+01:00
1293;25181.33333333333;2021-01-20T03:00:00+01:00
1293;24815.66666666667;2021-01-20T04:00:00+01:00
1293;25375.83333333333;2021-01-20T05:00:00+01:00
1293;27901.33333333333;2021-01-20T06:00:00+01:00
1293;32397.0;2021-01-20T07:00:00+01:00
1293;35933.33333333334;2021-01-20T08:00:00+01:00
1293;37484.83333333334;2021-01-20T09:00:00+01:00
1293;38663.0;2021-01-20T10:00:00+01:00
1293;39234.33333333334;2021-01-20T11:00:00+01:00
1293;39447.16666666667;2021-01-20T12:00:00+01:00
1293;39636.0;2021-01-20T13:00:00+01:00
1293;38705.33333333334;2021-01-20T14:00:00+01:00
1293;37435.0;2021-01-20T15:00:00+01:00
1293;36924.33333333334;2021-01-20T16:00:00+01:00
1293;36742.16666666667;2021-01-20T17:00:00+01:00
1293;37702.83333333334;2021-01-20T18:00:00+01:00
1293;38780.0;2021-01-20T19:00:00+01:00
1293;39032.33333333334;2021-01-20T20:00:00+01:00
1293;37904.66666666667;2021-01-20T21:00:00+01:00
1293;34837.0;2021-01-20T22:00:00+01:00
1293;31375.16666666667;2021-01-20T23:00:00+01:00
1293;28922.66666666667;2021-01-21T00:00:00+01:00
1293;27012.5;2021-01-21T01:00:00+01:00
1293;25546.5;2021-01-21T02:00:00+01:00
1293;24921.16666666667;2021-01-21T03:00:00+01:00
1293;24654.33333333333;2021-01-21T04:00:00+01:00
1293;25136.33333333333;2021-01-21T05:00:00+01:00
1293;27825.16666666667;2021-01-21T06:00:00+01:00
1293;32110.0;2021-01-21T07:00:00+01:00
1293;35240.83333333334;2021-01-21T08:00:00+01:00
1293;36635.33333333334;2021-01-21T09:00:00+01:00
1293;37503.0;2021-01-21T10:00:00+01:00
1293;37273.0;2021-01-21T11:00:00+01:00
1293;37091.33333333334;2021-01-21T12:00:00+01:00
1293;36973.16666666667;2021-01-21T13:00:00+01:00
1293;36212.33333333334;2021-01-21T14:00:00+01:00
1293;35237.66666666667;2021-01-21T15:00:00+01:00
1293;34800.16666666667;2021-01-21T16:00:00+01:00
1293;34695.16666666667;2021-01-21T17:00:00+01:00
1293;35669.33333333334;2021-01-21T18:00:00+01:00
1293;37079.83333333334;2021-01-21T19:00:00+01:00
1293;37262.66666666667;2021-01-21T20:00:00+01:00
1293;36405.5;2021-01-21T21:00:00+01:00
1293;33504.0;2021-01-21T22:00:00+01:00
1293;30336.66666666667;2021-01-21T23:00:00+01:00
1293;28057.66666666667;2021-01-22T00:00:00+01:00
1293;26346.33333333333;2021-01-22T01:00:00+01:00
1293;25037.5;2021-01-22T02:00:00+01:00
1293;24552.83333333333;2021-01-22T03:00:00+01:00
1293;24268.5;2021-01-22T04:00:00+01:00
1293;24812.66666666667;2021-01-22T05:00:00+01:00
1293;27188.83333333333;2021-01-22T06:00:00+01:00
1293;31223.83333333333;2021-01-22T07:00:00+01:00
1293;34005.16666666667;2021-01-22T08:00:00+01:00
1293;35314.16666666667;2021-01-22T09:00:00+01:00
1293;36038.0;2021-01-22T10:00:00+01:00
1293;36119.16666666667;2021-01-22T11:00:00+01:00
1293;35953.0;2021-01-22T12:00:00+01:00
1293;35963.5;2021-01-22T13:00:00+01:00
1293;35288.16666666667;2021-01-22T14:00:00+01:00
1293;34060.16666666667;2021-01-22T15:00:00+01:00
1293;33394.5;2021-01-22T16:00:00+01:00
1293;33142.16666666667;2021-01-22T17:00:00+01:00
1293;34012.5;2021-01-22T18:00:00+01:00
1293;35374.16666666667;2021-01-22T19:00:00+01:00
1293;35672.33333333334;2021-01-22T20:00:00+01:00
1293;35081.5;2021-01-22T21:00:00+01:00
1293;32694.16666666667;2021-01-22T22:00:00+01:00
1293;29797.83333333333;2021-01-22T23:00:00+01:00
1293;27734.5;2021-01-23T00:00:00+01:00
1293;25941.16666666667;2021-01-23T01:00:00+01:00
1293;24479.5;2021-01-23T02:00:00+01:00
1293;23518.83333333333;2021-01-23T03:00:00+01:00
1293;23295.83333333333;2021-01-23T04:00:00+01:00
1293;23222.16666666667;2021-01-23T05:00:00+01:00
1293;23751.66666666667;2021-01-23T06:00:00+01:00
1293;25070.33333333333;2021-01-23T07:00:00+01:00
1293;26694.5;2021-01-23T08:00:00+01:00
1293;29162.0;2021-01-23T09:00:00+01:00
1293;31370.33333333333;2021-01-23T10:00:00+01:00
1293;32101.83333333333;2021-01-23T11:00:00+01:00
1293;32072.16666666667;2021-01-23T12:00:00+01:00
1293;32468.33333333333;2021-01-23T13:00:00+01:00
1293;32352.16666666667;2021-01-23T14:00:00+01:00
1293;30493.5;2021-01-23T15:00:00+01:00
1293;29505.5;2021-01-23T16:00:00+01:00
1293;29047.16666666667;2021-01-23T17:00:00+01:00
1293;30352.0;2021-01-23T18:00:00+01:00
1293;31801.33333333333;2021-01-23T19:00:00+01:00
1293;32329.5;2021-01-23T20:00:00+01:00
1293;32277.5;2021-01-23T21:00:00+01:00
1293;30572.16666666667;2021-01-23T22:00:00+01:00
1293;28156.33333333333;2021-01-23T23:00:00+01:00
1293;25664.83333333333;2021-01-24T00:00:00+01:00
1293;23570.83333333333;2021-01-24T01:00:00+01:00
1293;22074.83333333333;2021-01-24T02:00:00+01:00
1293;21419.0;2021-01-24T03:00:00+01:00
1293;21071.83333333333;2021-01-24T04:00:00+01:00
1293;21228.66666666667;2021-01-24T05:00:00+01:00
1293;21471.0;2021-01-24T06:00:00+01:00
1293;22154.0;2021-01-24T07:00:00+01:00
1293;22912.16666666667;2021-01-24T08:00:00+01:00
1293;24838.33333333333;2021-01-24T09:00:00+01:00
1293;27183.66666666667;2021-01-24T10:00:00+01:00
1293;28365.33333333333;2021-01-24T11:00:00+01:00
1293;28389.5;2021-01-24T12:00:00+01:00
1293;28927.16666666667;2021-01-24T13:00:00+01:00
1293;29058.16666666667;2021-01-24T14:00:00+01:00
1293;27444.5;2021-01-24T15:00:00+01:00
1293;26530.66666666667;2021-01-24T16:00:00+01:00
1293;26285.16666666667;2021-01-24T17:00:00+01:00
1293;28187.66666666667;2021-01-24T18:00:00+01:00
1293;30246.66666666667;2021-01-24T19:00:00+01:00
1293;31266.83333333333;2021-01-24T20:00:00+01:00
1293;31319.66666666667;2021-01-24T21:00:00+01:00
1293;29908.83333333333;2021-01-24T22:00:00+01:00
1293;27446.5;2021-01-24T23:00:00+01:00
1293;25315.16666666667;2021-01-25T00:00:00+01:00
1293;23794.33333333333;2021-01-25T01:00:00+01:00
1293;22762.66666666667;2021-01-25T02:00:00+01:00
1293;22272.33333333333;2021-01-25T03:00:00+01:00
1293;22289.16666666667;2021-01-25T04:00:00+01:00
1293;23056.83333333333;2021-01-25T05:00:00+01:00
1293;25855.33333333333;2021-01-25T06:00:00+01:00
1293;30364.16666666667;2021-01-25T07:00:00+01:00
1293;33404.66666666667;2021-01-25T08:00:00+01:00
1293;34959.0;2021-01-25T09:00:00+01:00
1293;35931.5;2021-01-25T10:00:00+01:00
1293;36280.66666666667;2021-01-25T11:00:00+01:00
1293;36056.16666666667;2021-01-25T12:00:00+01:00
1293;36382.66666666667;2021-01-25T13:00:00+01:00
1293;35426.33333333334;2021-01-25T14:00:00+01:00
1293;34263.5;2021-01-25T15:00:00+01:00
1293;33641.66666666667;2021-01-25T16:00:00+01:00
1293;33368.33333333334;2021-01-25T17:00:00+01:00
1293;33901.83333333334;2021-01-25T18:00:00+01:00
1293;35086.66666666667;2021-01-25T19:00:00+01:00
1293;35440.66666666667;2021-01-25T20:00:00+01:00
1293;34465.16666666667;2021-01-25T21:00:00+01:00
1293;31812.5;2021-01-25T22:00:00+01:00
1293;28979.16666666667;2021-01-25T23:00:00+01:00
1293;26931.83333333333;2021-01-26T00:00:00+01:00
1293;25066.66666666667;2021-01-26T01:00:00+01:00
1293;23980.33333333333;2021-01-26T02:00:00+01:00
1293;23363.0;2021-01-26T03:00:00+01:00
1293;23447.5;2021-01-26T04:00:00+01:00
1293;24065.16666666667;2021-01-26T05:00:00+01:00
1293;26580.16666666667;2021-01-26T06:00:00+01:00
1293;30739.66666666667;2021-01-26T07:00:00+01:00
1293;33389.0;2021-01-26T08:00:00+01:00
1293;34558.83333333334;2021-01-26T09:00:00+01:00
1293;35137.16666666667;2021-01-26T10:00:00+01:00
1293;35174.16666666667;2021-01-26T11:00:00+01:00
1293;34762.83333333334;2021-01-26T12:00:00+01:00
1293;34711.33333333334;2021-01-26T13:00:00+01:00
1293;33944.0;2021-01-26T14:00:00+01:00
1293;32749.33333333333;2021-01-26T15:00:00+01:00
1293;32265.83333333333;2021-01-26T16:00:00+01:00
1293;32218.66666666667;2021-01-26T17:00:00+01:00
1293;33029.83333333334;2021-01-26T18:00:00+01:00
1293;34585.0;2021-01-26T19:00:00+01:00
1293;34997.5;2021-01-26T20:00:00+01:00
1293;34219.16666666667;2021-01-26T21:00:00+01:00
1293;31397.5;2021-01-26T22:00:00+01:00
1293;28392.0;2021-01-26T23:00:00+01:00
1293;26270.66666666667;2021-01-27T00:00:00+01:00
1293;24463.5;2021-01-27T01:00:00+01:00
1293;23493.5;2021-01-27T02:00:00+01:00
1293;23050.83333333333;2021-01-27T03:00:00+01:00
1293;22997.0;2021-01-27T04:00:00+01:00
1293;23494.66666666667;2021-01-27T05:00:00+01:00
1293;25883.0;2021-01-27T06:00:00+01:00
1293;30133.83333333333;2021-01-27T07:00:00+01:00
1293;32574.83333333333;2021-01-27T08:00:00+01:00
1293;33641.0;2021-01-27T09:00:00+01:00
1293;34098.16666666667;2021-01-27T10:00:00+01:00
1293;33975.16666666667;2021-01-27T11:00:00+01:00
1293;33713.5;2021-01-27T12:00:00+01:00
1293;33565.33333333334;2021-01-27T13:00:00+01:00
1293;32544.0;2021-01-27T14:00:00+01:00
1293;31484.16666666667;2021-01-27T15:00:00+01:00
1293;31083.33333333333;2021-01-27T16:00:00+01:00
1293;30996.83333333333;2021-01-27T17:00:00+01:00
1293;32003.83333333333;2021-01-27T18:00:00+01:00
1293;33589.0;2021-01-27T19:00:00+01:00
1293;34219.0;2021-01-27T20:00:00+01:00
1293;33337.16666666667;2021-01-27T21:00:00+01:00
1293;30718.5;2021-01-27T22:00:00+01:00
1293;27872.66666666667;2021-01-27T23:00:00+01:00
1293;25946.16666666667;2021-01-28T00:00:00+01:00
1293;24447.33333333333;2021-01-28T01:00:00+01:00
1293;23358.16666666667;2021-01-28T02:00:00+01:00
1293;22911.16666666667;2021-01-28T03:00:00+01:00
1293;22944.66666666667;2021-01-28T04:00:00+01:00
1293;23412.0;2021-01-28T05:00:00+01:00
1293;25865.66666666667;2021-01-28T06:00:00+01:00
1293;29828.0;2021-01-28T07:00:00+01:00
1293;32221.16666666667;2021-01-28T08:00:00+01:00
1293;33203.83333333334;2021-01-28T09:00:00+01:00
1293;33576.83333333334;2021-01-28T10:00:00+01:00
1293;33458.16666666667;2021-01-28T11:00:00+01:00
1293;33098.83333333334;2021-01-28T12:00:00+01:00
1293;33050.33333333334;2021-01-28T13:00:00+01:00
1293;32271.5;2021-01-28T14:00:00+01:00
1293;31339.5;2021-01-28T15:00:00+01:00
1293;30936.0;2021-01-28T16:00:00+01:00
1293;30578.33333333333;2021-01-28T17:00:00+01:00
1293;31689.16666666667;2021-01-28T18:00:00+01:00
1293;33278.5;2021-01-28T19:00:00+01:00
1293;33920.33333333334;2021-01-28T20:00:00+01:00
1293;33027.5;2021-01-28T21:00:00+01:00
1293;30388.16666666667;2021-01-28T22:00:00+01:00
1293;27597.16666666667;2021-01-28T23:00:00+01:00
1293;25771.83333333333;2021-01-29T00:00:00+01:00
1293;24354.16666666667;2021-01-29T01:00:00+01:00
1293;23279.16666666667;2021-01-29T02:00:00+01:00
1293;22763.66666666667;2021-01-29T03:00:00+01:00
1293;22591.83333333333;2021-01-29T04:00:00+01:00
1293;23171.33333333333;2021-01-29T05:00:00+01:00
1293;25320.5;2021-01-29T06:00:00+01:00
1293;29029.33333333333;2021-01-29T07:00:00+01:00
1293;31269.66666666667;2021-01-29T08:00:00+01:00
1293;32343.0;2021-01-29T09:00:00+01:00
1293;32673.0;2021-01-29T10:00:00+01:00
1293;32601.5;2021-01-29T11:00:00+01:00
1293;32300.33333333333;2021-01-29T12:00:00+01:00
1293;32324.5;2021-01-29T13:00:00+01:00
1293;31839.33333333333;2021-01-29T14:00:00+01:00
1293;30767.5;2021-01-29T15:00:00+01:00
1293;30125.5;2021-01-29T16:00:00+01:00
1293;29959.83333333333;2021-01-29T17:00:00+01:00
1293;30707.66666666667;2021-01-29T18:00:00+01:00
1293;32341.5;2021-01-29T19:00:00+01:00
1293;32662.0;2021-01-29T20:00:00+01:00
1293;31963.0;2021-01-29T21:00:00+01:00
1293;29740.5;2021-01-29T22:00:00+01:00
1293;27227.33333333333;2021-01-29T23:00:00+01:00
1293;25811.33333333333;2021-01-30T00:00:00+01:00
1293;24293.5;2021-01-30T01:00:00+01:00
1293;23098.0;2021-01-30T02:00:00+01:00
1293;22681.66666666667;2021-01-30T03:00:00+01:00
1293;22362.83333333333;2021-01-30T04:00:00+01:00
1293;22214.5;2021-01-30T05:00:00+01:00
1293;22731.83333333333;2021-01-30T06:00:00+01:00
1293;23861.0;2021-01-30T07:00:00+01:00
1293;25223.33333333333;2021-01-30T08:00:00+01:00
1293;27412.16666666667;2021-01-30T09:00:00+01:00
1293;29309.33333333333;2021-01-30T10:00:00+01:00
1293;29930.66666666667;2021-01-30T11:00:00+01:00
1293;29915.0;2021-01-30T12:00:00+01:00
1293;30146.66666666667;2021-01-30T13:00:00+01:00
1293;29807.5;2021-01-30T14:00:00+01:00
1293;27961.83333333333;2021-01-30T15:00:00+01:00
1293;26679.33333333333;2021-01-30T16:00:00+01:00
1293;26250.66666666667;2021-01-30T17:00:00+01:00
1293;27387.83333333333;2021-01-30T18:00:00+01:00
1293;29275.0;2021-01-30T19:00:00+01:00
1293;30117.16666666667;2021-01-30T20:00:00+01:00
1293;29983.5;2021-01-30T21:00:00+01:00
1293;28442.83333333333;2021-01-30T22:00:00+01:00
1293;26103.83333333333;2021-01-30T23:00:00+01:00
1293;23936.5;2021-01-31T00:00:00+01:00
1293;22440.66666666667;2021-01-31T01:00:00+01:00
1293;21307.5;2021-01-31T02:00:00+01:00
1293;20510.33333333333;2021-01-31T03:00:00+01:00
1293;20253.83333333333;2021-01-31T04:00:00+01:00
1293;20275.5;2021-01-31T05:00:00+01:00
1293;20704.5;2021-01-31T06:00:00+01:00
1293;21386.83333333333;2021-01-31T07:00:00+01:00
1293;21905.0;2021-01-31T08:00:00+01:00
1293;23840.0;2021-01-31T09:00:00+01:00
1293;26197.33333333333;2021-01-31T10:00:00+01:00
1293;27433.16666666667;2021-01-31T11:00:00+01:00
1293;27890.33333333333;2021-01-31T12:00:00+01:00
1293;28483.83333333333;2021-01-31T13:00:00+01:00
1293;28646.16666666667;2021-01-31T14:00:00+01:00
1293;26527.83333333333;2021-01-31T15:00:00+01:00
1293;25388.33333333333;2021-01-31T16:00:00+01:00
1293;24921.33333333333;2021-01-31T17:00:00+01:00
1293;26396.83333333333;2021-01-31T18:00:00+01:00
1293;28796.83333333333;2021-01-31T19:00:00+01:00
1293;29906.16666666667;2021-01-31T20:00:00+01:00
1293;29854.5;2021-01-31T21:00:00+01:00
1293;28179.0;2021-01-31T22:00:00+01:00
1293;26054.33333333333;2021-01-31T23:00:00+01:00
1293;24190.83333333333;2021-02-01T00:00:00+01:00
1293;22691.5;2021-02-01T01:00:00+01:00
1293;21697.5;2021-02-01T02:00:00+01:00
1293;21177.83333333333;2021-02-01T03:00:00+01:00
1293;21266.0;2021-02-01T04:00:00+01:00
1293;22215.33333333333;2021-02-01T05:00:00+01:00
1293;24994.66666666667;2021-02-01T06:00:00+01:00
1293;29133.83333333333;2021-02-01T07:00:00+01:00
1293;31544.83333333333;2021-02-01T08:00:00+01:00
1293;32688.5;2021-02-01T09:00:00+01:00
1293;33108.0;2021-02-01T10:00:00+01:00
1293;33038.0;2021-02-01T11:00:00+01:00
1293;32793.0;2021-02-01T12:00:00+01:00
1293;32901.33333333334;2021-02-01T13:00:00+01:00
1293;32218.16666666667;2021-02-01T14:00:00+01:00
1293;31228.16666666667;2021-02-01T15:00:00+01:00
1293;30669.16666666667;2021-02-01T16:00:00+01:00
1293;30469.83333333333;2021-02-01T17:00:00+01:00
1293;31065.0;2021-02-01T18:00:00+01:00
1293;33330.66666666667;2021-02-01T19:00:00+01:00
1293;33921.33333333334;2021-02-01T20:00:00+01:00
1293;33072.16666666667;2021-02-01T21:00:00+01:00
1293;30355.16666666667;2021-02-01T22:00:00+01:00
1293;27653.5;2021-02-01T23:00:00+01:00
1293;26239.16666666667;2021-02-02T00:00:00+01:00
1293;24541.66666666667;2021-02-02T01:00:00+01:00
1293;23595.5;2021-02-02T02:00:00+01:00
1293;23391.33333333333;2021-02-02T03:00:00+01:00
1293;23106.16666666667;2021-02-02T04:00:00+01:00
1293;23619.83333333333;2021-02-02T05:00:00+01:00
1293;25860.66666666667;2021-02-02T06:00:00+01:00
1293;29878.16666666667;2021-02-02T07:00:00+01:00
1293;31960.83333333333;2021-02-02T08:00:00+01:00
1293;32999.66666666667;2021-02-02T09:00:00+01:00
1293;33191.83333333334;2021-02-02T10:00:00+01:00
1293;33213.0;2021-02-02T11:00:00+01:00
1293;33069.16666666667;2021-02-02T12:00:00+01:00
1293;33336.83333333334;2021-02-02T13:00:00+01:00
1293;32613.0;2021-02-02T14:00:00+01:00
1293;31402.16666666667;2021-02-02T15:00:00+01:00
1293;30946.83333333333;2021-02-02T16:00:00+01:00
1293;30700.66666666667;2021-02-02T17:00:00+01:00
1293;31384.83333333333;2021-02-02T18:00:00+01:00
1293;33308.83333333334;2021-02-02T19:00:00+01:00
1293;34001.83333333334;2021-02-02T20:00:00+01:00
1293;33122.83333333334;2021-02-02T21:00:00+01:00
1293;30262.16666666667;2021-02-02T22:00:00+01:00
1293;27487.33333333333;2021-02-02T23:00:00+01:00
1293;26014.0;2021-02-03T00:00:00+01:00
1293;24463.83333333333;2021-02-03T01:00:00+01:00
1293;23531.16666666667;2021-02-03T02:00:00+01:00
1293;23102.16666666667;2021-02-03T03:00:00+01:00
1293;23087.83333333333;2021-02-03T04:00:00+01:00
1293;23640.83333333333;2021-02-03T05:00:00+01:00
1293;25824.5;2021-02-03T06:00:00+01:00
1293;29742.16666666667;2021-02-03T07:00:00+01:00
1293;31941.0;2021-02-03T08:00:00+01:00
1293;32753.5;2021-02-03T09:00:00+01:00
1293;32902.66666666667;2021-02-03T10:00:00+01:00
1293;33048.5;2021-02-03T11:00:00+01:00
1293;32960.0;2021-02-03T12:00:00+01:00
1293;33054.33333333334;2021-02-03T13:00:00+01:00
1293;32411.33333333333;2021-02-03T14:00:00+01:00
1293;31422.83333333333;2021-02-03T15:00:00+01:00
1293;30649.0;2021-02-03T16:00:00+01:00
1293;30621.83333333333;2021-02-03T17:00:00+01:00
1293;31357.5;2021-02-03T18:00:00+01:00
1293;33131.33333333334;2021-02-03T19:00:00+01:00
1293;33855.5;2021-02-03T20:00:00+01:00
1293;33146.33333333334;2021-02-03T21:00:00+01:00
1293;30438.83333333333;2021-02-03T22:00:00+01:00
1293;27568.0;2021-02-03T23:00:00+01:00
1293;26032.66666666667;2021-02-04T00:00:00+01:00
1293;24588.16666666667;2021-02-04T01:00:00+01:00
1293;23566.16666666667;2021-02-04T02:00:00+01:00
1293;22977.16666666667;2021-02-04T03:00:00+01:00
1293;22818.0;2021-02-04T04:00:00+01:00
1293;23377.16666666667;2021-02-04T05:00:00+01:00
1293;25537.83333333333;2021-02-04T06:00:00+01:00
1293;29372.33333333333;2021-02-04T07:00:00+01:00
1293;31568.5;2021-02-04T08:00:00+01:00
1293;32565.16666666667;2021-02-04T09:00:00+01:00
1293;33082.33333333334;2021-02-04T10:00:00+01:00
1293;33015.0;2021-02-04T11:00:00+01:00
1293;32878.0;2021-02-04T12:00:00+01:00
1293;33093.33333333334;2021-02-04T13:00:00+01:00
1293;32364.0;2021-02-04T14:00:00+01:00
1293;31314.33333333333;2021-02-04T15:00:00+01:00
1293;30874.83333333333;2021-02-04T16:00:00+01:00
1293;30713.66666666667;2021-02-04T17:00:00+01:00
1293;31349.16666666667;2021-02-04T18:00:00+01:00
1293;33310.5;2021-02-04T19:00:00+01:00
1293;33729.66666666667;2021-02-04T20:00:00+01:00
1293;32869.33333333334;2021-02-04T21:00:00+01:00
1293;30333.66666666667;2021-02-04T22:00:00+01:00
1293;27612.5;2021-02-04T23:00:00+01:00
1293;25954.66666666667;2021-02-05T00:00:00+01:00
1293;24243.5;2021-02-05T01:00:00+01:00
1293;23505.83333333333;2021-02-05T02:00:00+01:00
1293;22959.5;2021-02-05T03:00:00+01:00
1293;22740.33333333333;2021-02-05T04:00:00+01:00
1293;23439.66666666667;2021-02-05T05:00:00+01:00
1293;25903.83333333333;2021-02-05T06:00:00+01:00
1293;29716.33333333333;2021-02-05T07:00:00+01:00
1293;31873.5;2021-02-05T08:00:00+01:00
1293;32849.5;2021-02-05T09:00:00+01:00
1293;33389.5;2021-02-05T10:00:00+01:00
1293;33502.0;2021-02-05T11:00:00+01:00
1293;33423.16666666667;2021-02-05T12:00:00+01:00
1293;33323.83333333334;2021-02-05T13:00:00+01:00
1293;32517.5;2021-02-05T14:00:00+01:00
1293;31436.0;2021-02-05T15:00:00+01:00
1293;30689.16666666667;2021-02-05T16:00:00+01:00
1293;30617.83333333333;2021-02-05T17:00:00+01:00
1293;30963.33333333333;2021-02-05T18:00:00+01:00
1293;32502.0;2021-02-05T19:00:00+01:00
1293;32801.83333333334;2021-02-05T20:00:00+01:00
1293;32522.0;2021-02-05T21:00:00+01:00
1293;30042.33333333333;2021-02-05T22:00:00+01:00
1293;27497.16666666667;2021-02-05T23:00:00+01:00
1293;25812.33333333333;2021-02-06T00:00:00+01:00
1293;24280.33333333333;2021-02-06T01:00:00+01:00
1293;23084.0;2021-02-06T02:00:00+01:00
1293;22522.16666666667;2021-02-06T03:00:00+01:00
1293;22144.16666666667;2021-02-06T04:00:00+01:00
1293;21960.16666666667;2021-02-06T05:00:00+01:00
1293;22534.83333333333;2021-02-06T06:00:00+01:00
1293;23630.0;2021-02-06T07:00:00+01:00
1293;24852.83333333333;2021-02-06T08:00:00+01:00
1293;27293.83333333333;2021-02-06T09:00:00+01:00
1293;29283.0;2021-02-06T10:00:00+01:00
1293;29908.16666666667;2021-02-06T11:00:00+01:00
1293;29731.83333333333;2021-02-06T12:00:00+01:00
1293;30215.83333333333;2021-02-06T13:00:00+01:00
1293;29922.33333333333;2021-02-06T14:00:00+01:00
1293;28043.16666666667;2021-02-06T15:00:00+01:00
1293;26637.0;2021-02-06T16:00:00+01:00
1293;26246.33333333333;2021-02-06T17:00:00+01:00
1293;27439.66666666667;2021-02-06T18:00:00+01:00
1293;29126.33333333333;2021-02-06T19:00:00+01:00
1293;29943.66666666667;2021-02-06T20:00:00+01:00
1293;30067.83333333333;2021-02-06T21:00:00+01:00
1293;28432.83333333333;2021-02-06T22:00:00+01:00
1293;26113.83333333333;2021-02-06T23:00:00+01:00
1293;24091.0;2021-02-07T00:00:00+01:00
1293;22374.5;2021-02-07T01:00:00+01:00
1293;21158.16666666667;2021-02-07T02:00:00+01:00
1293;20643.66666666667;2021-02-07T03:00:00+01:00
1293;20321.0;2021-02-07T04:00:00+01:00
1293;20148.0;2021-02-07T05:00:00+01:00
1293;20624.0;2021-02-07T06:00:00+01:00
1293;21245.5;2021-02-07T07:00:00+01:00
1293;21840.0;2021-02-07T08:00:00+01:00
1293;23869.66666666667;2021-02-07T09:00:00+01:00
1293;26296.0;2021-02-07T10:00:00+01:00
1293;27469.33333333333;2021-02-07T11:00:00+01:00
1293;27553.83333333333;2021-02-07T12:00:00+01:00
1293;28226.0;2021-02-07T13:00:00+01:00
1293;28494.33333333333;2021-02-07T14:00:00+01:00
1293;26766.0;2021-02-07T15:00:00+01:00
1293;25768.16666666667;2021-02-07T16:00:00+01:00
1293;25341.16666666667;2021-02-07T17:00:00+01:00
1293;26792.83333333333;2021-02-07T18:00:00+01:00
1293;29328.66666666667;2021-02-07T19:00:00+01:00
1293;30724.16666666667;2021-02-07T20:00:00+01:00
1293;30371.66666666667;2021-02-07T21:00:00+01:00
1293;28879.83333333333;2021-02-07T22:00:00+01:00
1293;26553.33333333333;2021-02-07T23:00:00+01:00
1293;24455.16666666667;2021-02-08T00:00:00+01:00
1293;22809.33333333333;2021-02-08T01:00:00+01:00
1293;21946.66666666667;2021-02-08T02:00:00+01:00
1293;21613.83333333333;2021-02-08T03:00:00+01:00
1293;21661.83333333333;2021-02-08T04:00:00+01:00
1293;22429.5;2021-02-08T05:00:00+01:00
1293;25310.66666666667;2021-02-08T06:00:00+01:00
1293;29538.16666666667;2021-02-08T07:00:00+01:00
1293;32110.0;2021-02-08T08:00:00+01:00
1293;33827.83333333334;2021-02-08T09:00:00+01:00
1293;34501.16666666667;2021-02-08T10:00:00+01:00
1293;34797.66666666667;2021-02-08T11:00:00+01:00
1293;34526.83333333334;2021-02-08T12:00:00+01:00
1293;34685.33333333334;2021-02-08T13:00:00+01:00
1293;33819.5;2021-02-08T14:00:00+01:00
1293;32957.16666666667;2021-02-08T15:00:00+01:00
1293;32675.33333333333;2021-02-08T16:00:00+01:00
1293;32253.66666666667;2021-02-08T17:00:00+01:00
1293;32383.0;2021-02-08T18:00:00+01:00
1293;34712.0;2021-02-08T19:00:00+01:00
1293;35444.83333333334;2021-02-08T20:00:00+01:00
1293;34492.83333333334;2021-02-08T21:00:00+01:00
1293;31589.33333333333;2021-02-08T22:00:00+01:00
1293;28814.0;2021-02-08T23:00:00+01:00
1293;27089.83333333333;2021-02-09T00:00:00+01:00
1293;25630.5;2021-02-09T01:00:00+01:00
1293;24514.16666666667;2021-02-09T02:00:00+01:00
1293;24049.0;2021-02-09T03:00:00+01:00
1293;24094.83333333333;2021-02-09T04:00:00+01:00
1293;24662.0;2021-02-09T05:00:00+01:00
1293;27016.0;2021-02-09T06:00:00+01:00
1293;31187.66666666667;2021-02-09T07:00:00+01:00
1293;33495.5;2021-02-09T08:00:00+01:00
1293;34997.16666666667;2021-02-09T09:00:00+01:00
1293;35694.33333333334;2021-02-09T10:00:00+01:00
1293;35959.66666666667;2021-02-09T11:00:00+01:00
1293;35873.83333333334;2021-02-09T12:00:00+01:00
1293;36345.33333333334;2021-02-09T13:00:00+01:00
1293;35513.66666666667;2021-02-09T14:00:00+01:00
1293;34544.0;2021-02-09T15:00:00+01:00
1293;33796.5;2021-02-09T16:00:00+01:00
1293;33500.33333333334;2021-02-09T17:00:00+01:00
1293;33713.33333333334;2021-02-09T18:00:00+01:00
1293;35576.66666666667;2021-02-09T19:00:00+01:00
1293;35969.0;2021-02-09T20:00:00+01:00
1293;35006.16666666667;2021-02-09T21:00:00+01:00
1293;32049.5;2021-02-09T22:00:00+01:00
1293;29180.16666666667;2021-02-09T23:00:00+01:00
1293;27351.33333333333;2021-02-10T00:00:00+01:00
1293;25751.5;2021-02-10T01:00:00+01:00
1293;24427.66666666667;2021-02-10T02:00:00+01:00
1293;24018.0;2021-02-10T03:00:00+01:00
1293;23959.5;2021-02-10T04:00:00+01:00
1293;24475.33333333333;2021-02-10T05:00:00+01:00
1293;26951.5;2021-02-10T06:00:00+01:00
1293;31056.0;2021-02-10T07:00:00+01:00
1293;33078.83333333334;2021-02-10T08:00:00+01:00
1293;34220.83333333334;2021-02-10T09:00:00+01:00
1293;34620.5;2021-02-10T10:00:00+01:00
1293;34573.16666666667;2021-02-10T11:00:00+01:00
1293;34533.0;2021-02-10T12:00:00+01:00
1293;34468.0;2021-02-10T13:00:00+01:00
1293;33638.33333333334;2021-02-10T14:00:00+01:00
1293;32556.33333333333;2021-02-10T15:00:00+01:00
1293;31784.5;2021-02-10T16:00:00+01:00
1293;31396.83333333333;2021-02-10T17:00:00+01:00
1293;31677.66666666667;2021-02-10T18:00:00+01:00
1293;34048.5;2021-02-10T19:00:00+01:00
1293;34833.0;2021-02-10T20:00:00+01:00
1293;34075.5;2021-02-10T21:00:00+01:00
1293;31372.5;2021-02-10T22:00:00+01:00
1293;28580.0;2021-02-10T23:00:00+01:00
1293;26796.5;2021-02-11T00:00:00+01:00
1293;25148.16666666667;2021-02-11T01:00:00+01:00
1293;24127.66666666667;2021-02-11T02:00:00+01:00
1293;23657.5;2021-02-11T03:00:00+01:00
1293;23599.33333333333;2021-02-11T04:00:00+01:00
1293;24203.16666666667;2021-02-11T05:00:00+01:00
1293;26591.66666666667;2021-02-11T06:00:00+01:00
1293;30416.5;2021-02-11T07:00:00+01:00
1293;32544.83333333333;2021-02-11T08:00:00+01:00
1293;33581.5;2021-02-11T09:00:00+01:00
1293;33934.33333333334;2021-02-11T10:00:00+01:00
1293;33856.16666666667;2021-02-11T11:00:00+01:00
1293;33653.66666666667;2021-02-11T12:00:00+01:00
1293;33767.16666666667;2021-02-11T13:00:00+01:00
1293;33133.5;2021-02-11T14:00:00+01:00
1293;32058.16666666667;2021-02-11T15:00:00+01:00
1293;31575.16666666667;2021-02-11T16:00:00+01:00
1293;31338.0;2021-02-11T17:00:00+01:00
1293;31685.83333333333;2021-02-11T18:00:00+01:00
1293;33859.83333333334;2021-02-11T19:00:00+01:00
1293;34624.83333333334;2021-02-11T20:00:00+01:00
1293;33776.5;2021-02-11T21:00:00+01:00
1293;31248.16666666667;2021-02-11T22:00:00+01:00
1293;28552.66666666667;2021-02-11T23:00:00+01:00
1293;26992.0;2021-02-12T00:00:00+01:00
1293;25452.5;2021-02-12T01:00:00+01:00
1293;24398.5;2021-02-12T02:00:00+01:00
1293;23972.16666666667;2021-02-12T03:00:00+01:00
1293;23678.33333333333;2021-02-12T04:00:00+01:00
1293;24264.5;2021-02-12T05:00:00+01:00
1293;26624.0;2021-02-12T06:00:00+01:00
1293;30324.5;2021-02-12T07:00:00+01:00
1293;32362.83333333333;2021-02-12T08:00:00+01:00
1293;33564.83333333334;2021-02-12T09:00:00+01:00
1293;33580.83333333334;2021-02-12T10:00:00+01:00
1293;33486.0;2021-02-12T11:00:00+01:00
1293;33148.16666666667;2021-02-12T12:00:00+01:00
1293;33142.16666666667;2021-02-12T13:00:00+01:00
1293;32227.66666666667;2021-02-12T14:00:00+01:00
1293;30903.0;2021-02-12T15:00:00+01:00
1293;30252.83333333333;2021-02-12T16:00:00+01:00
1293;29876.5;2021-02-12T17:00:00+01:00
1293;29994.5;2021-02-12T18:00:00+01:00
1293;32247.83333333333;2021-02-12T19:00:00+01:00
1293;33017.33333333334;2021-02-12T20:00:00+01:00
1293;32456.33333333333;2021-02-12T21:00:00+01:00
1293;30094.5;2021-02-12T22:00:00+01:00
1293;27559.16666666667;2021-02-12T23:00:00+01:00
1293;26016.16666666667;2021-02-13T00:00:00+01:00
1293;24294.5;2021-02-13T01:00:00+01:00
1293;23230.0;2021-02-13T02:00:00+01:00
1293;22597.5;2021-02-13T03:00:00+01:00
1293;22335.33333333333;2021-02-13T04:00:00+01:00
1293;22291.66666666667;2021-02-13T05:00:00+01:00
1293;22842.66666666667;2021-02-13T06:00:00+01:00
1293;24151.16666666667;2021-02-13T07:00:00+01:00
1293;25284.0;2021-02-13T08:00:00+01:00
1293;27624.16666666667;2021-02-13T09:00:00+01:00
1293;29262.83333333333;2021-02-13T10:00:00+01:00
1293;29578.5;2021-02-13T11:00:00+01:00
1293;29213.83333333333;2021-02-13T12:00:00+01:00
1293;29122.66666666667;2021-02-13T13:00:00+01:00
1293;28613.33333333333;2021-02-13T14:00:00+01:00
1293;27098.33333333333;2021-02-13T15:00:00+01:00
1293;26045.83333333333;2021-02-13T16:00:00+01:00
1293;25492.66666666667;2021-02-13T17:00:00+01:00
1293;26233.83333333333;2021-02-13T18:00:00+01:00
1293;28738.66666666667;2021-02-13T19:00:00+01:00
1293;30015.0;2021-02-13T20:00:00+01:00
1293;30003.33333333333;2021-02-13T21:00:00+01:00
1293;28575.83333333333;2021-02-13T22:00:00+01:00
1293;26342.5;2021-02-13T23:00:00+01:00
1293;24314.33333333333;2021-02-14T00:00:00+01:00
1293;22803.66666666667;2021-02-14T01:00:00+01:00
1293;21868.16666666667;2021-02-14T02:00:00+01:00
1293;21214.83333333333;2021-02-14T03:00:00+01:00
1293;20952.16666666667;2021-02-14T04:00:00+01:00
1293;21049.33333333333;2021-02-14T05:00:00+01:00
1293;21466.16666666667;2021-02-14T06:00:00+01:00
1293;22257.5;2021-02-14T07:00:00+01:00
1293;22736.33333333333;2021-02-14T08:00:00+01:00
1293;24825.5;2021-02-14T09:00:00+01:00
1293;26706.16666666667;2021-02-14T10:00:00+01:00
1293;27322.33333333333;2021-02-14T11:00:00+01:00
1293;27255.83333333333;2021-02-14T12:00:00+01:00
1293;27666.33333333333;2021-02-14T13:00:00+01:00
1293;27532.33333333333;2021-02-14T14:00:00+01:00
1293;25941.0;2021-02-14T15:00:00+01:00
1293;24806.5;2021-02-14T16:00:00+01:00
1293;24560.66666666667;2021-02-14T17:00:00+01:00
1293;25651.5;2021-02-14T18:00:00+01:00
1293;28368.5;2021-02-14T19:00:00+01:00
1293;29873.0;2021-02-14T20:00:00+01:00
1293;29855.66666666667;2021-02-14T21:00:00+01:00
1293;28527.66666666667;2021-02-14T22:00:00+01:00
1293;26311.16666666667;2021-02-14T23:00:00+01:00
1293;24350.66666666667;2021-02-15T00:00:00+01:00
1293;22745.16666666667;2021-02-15T01:00:00+01:00
1293;21816.33333333333;2021-02-15T02:00:00+01:00
1293;21490.66666666667;2021-02-15T03:00:00+01:00
1293;21586.83333333333;2021-02-15T04:00:00+01:00
1293;22594.16666666667;2021-02-15T05:00:00+01:00
1293;25360.83333333333;2021-02-15T06:00:00+01:00
1293;29458.5;2021-02-15T07:00:00+01:00
1293;31741.33333333333;2021-02-15T08:00:00+01:00
1293;33468.33333333334;2021-02-15T09:00:00+01:00
1293;34019.83333333334;2021-02-15T10:00:00+01:00
1293;33930.83333333334;2021-02-15T11:00:00+01:00
1293;33629.0;2021-02-15T12:00:00+01:00
1293;34040.16666666667;2021-02-15T13:00:00+01:00
1293;33373.5;2021-02-15T14:00:00+01:00
1293;32277.0;2021-02-15T15:00:00+01:00
1293;31676.0;2021-02-15T16:00:00+01:00
1293;31130.33333333333;2021-02-15T17:00:00+01:00
1293;31160.16666666667;2021-02-15T18:00:00+01:00
1293;33570.83333333334;2021-02-15T19:00:00+01:00
1293;34490.33333333334;2021-02-15T20:00:00+01:00
1293;33591.83333333334;2021-02-15T21:00:00+01:00
1293;30783.83333333333;2021-02-15T22:00:00+01:00
1293;27933.66666666667;2021-02-15T23:00:00+01:00
1293;26252.0;2021-02-16T00:00:00+01:00
1293;24848.83333333333;2021-02-16T01:00:00+01:00
1293;23951.16666666667;2021-02-16T02:00:00+01:00
1293;23572.16666666667;2021-02-16T03:00:00+01:00
1293;23519.83333333333;2021-02-16T04:00:00+01:00
1293;23911.16666666667;2021-02-16T05:00:00+01:00
1293;26241.66666666667;2021-02-16T06:00:00+01:00
1293;29996.0;2021-02-16T07:00:00+01:00
1293;32160.5;2021-02-16T08:00:00+01:00
1293;33614.66666666667;2021-02-16T09:00:00+01:00
1293;33977.16666666667;2021-02-16T10:00:00+01:00
1293;33857.0;2021-02-16T11:00:00+01:00
1293;33522.5;2021-02-16T12:00:00+01:00
1293;33538.5;2021-02-16T13:00:00+01:00
1293;32571.83333333333;2021-02-16T14:00:00+01:00
1293;31427.66666666667;2021-02-16T15:00:00+01:00
1293;31050.66666666667;2021-02-16T16:00:00+01:00
1293;30713.83333333333;2021-02-16T17:00:00+01:00
1293;30868.0;2021-02-16T18:00:00+01:00
1293;33357.0;2021-02-16T19:00:00+01:00
1293;34358.5;2021-02-16T20:00:00+01:00
1293;33576.66666666667;2021-02-16T21:00:00+01:00
1293;31122.33333333333;2021-02-16T22:00:00+01:00
1293;28218.0;2021-02-16T23:00:00+01:00
1293;26346.16666666667;2021-02-17T00:00:00+01:00
1293;24657.83333333333;2021-02-17T01:00:00+01:00
1293;23702.0;2021-02-17T02:00:00+01:00
1293;23184.16666666667;2021-02-17T03:00:00+01:00
1293;23190.0;2021-02-17T04:00:00+01:00
1293;23911.5;2021-02-17T05:00:00+01:00
1293;26418.66666666667;2021-02-17T06:00:00+01:00
1293;30150.16666666667;2021-02-17T07:00:00+01:00
1293;32421.33333333333;2021-02-17T08:00:00+01:00
1293;33629.0;2021-02-17T09:00:00+01:00
1293;33897.33333333334;2021-02-17T10:00:00+01:00
1293;33709.66666666667;2021-02-17T11:00:00+01:00
1293;33289.33333333334;2021-02-17T12:00:00+01:00
1293;33373.66666666667;2021-02-17T13:00:00+01:00
1293;32383.16666666667;2021-02-17T14:00:00+01:00
1293;31356.66666666667;2021-02-17T15:00:00+01:00
1293;30920.0;2021-02-17T16:00:00+01:00
1293;30726.83333333333;2021-02-17T17:00:00+01:00
1293;30980.33333333333;2021-02-17T18:00:00+01:00
1293;33651.16666666667;2021-02-17T19:00:00+01:00
1293;34858.0;2021-02-17T20:00:00+01:00
1293;34128.0;2021-02-17T21:00:00+01:00
1293;31427.5;2021-02-17T22:00:00+01:00
1293;28456.83333333333;2021-02-17T23:00:00+01:00
1293;26743.33333333333;2021-02-18T00:00:00+01:00
1293;25217.16666666667;2021-02-18T01:00:00+01:00
1293;24153.5;2021-02-18T02:00:00+01:00
1293;23835.66666666667;2021-02-18T03:00:00+01:00
1293;23632.0;2021-02-18T04:00:00+01:00
1293;24185.33333333333;2021-02-18T05:00:00+01:00
1293;26560.66666666667;2021-02-18T06:00:00+01:00
1293;30501.83333333333;2021-02-18T07:00:00+01:00
1293;32478.83333333333;2021-02-18T08:00:00+01:00
1293;33788.66666666667;2021-02-18T09:00:00+01:00
1293;34016.5;2021-02-18T10:00:00+01:00
1293;33930.66666666667;2021-02-18T11:00:00+01:00
1293;33504.5;2021-02-18T12:00:00+01:00
1293;33539.5;2021-02-18T13:00:00+01:00
1293;32456.0;2021-02-18T14:00:00+01:00
1293;31359.83333333333;2021-02-18T15:00:00+01:00
1293;30720.83333333333;2021-02-18T16:00:00+01:00
1293;30598.66666666667;2021-02-18T17:00:00+01:00
1293;31119.83333333333;2021-02-18T18:00:00+01:00
1293;33605.66666666667;2021-02-18T19:00:00+01:00
1293;34588.83333333334;2021-02-18T20:00:00+01:00
1293;33787.83333333334;2021-02-18T21:00:00+01:00
1293;30982.83333333333;2021-02-18T22:00:00+01:00
1293;28211.33333333333;2021-02-18T23:00:00+01:00
1293;26406.0;2021-02-19T00:00:00+01:00
1293;24999.5;2021-02-19T01:00:00+01:00
1293;24115.5;2021-02-19T02:00:00+01:00
1293;23691.5;2021-02-19T03:00:00+01:00
1293;23638.5;2021-02-19T04:00:00+01:00
1293;24303.5;2021-02-19T05:00:00+01:00
1293;26800.16666666667;2021-02-19T06:00:00+01:00
1293;30699.16666666667;2021-02-19T07:00:00+01:00
1293;32735.0;2021-02-19T08:00:00+01:00
1293;34074.16666666667;2021-02-19T09:00:00+01:00
1293;33940.5;2021-02-19T10:00:00+01:00
1293;33596.33333333334;2021-02-19T11:00:00+01:00
1293;33330.0;2021-02-19T12:00:00+01:00
1293;33238.33333333334;2021-02-19T13:00:00+01:00
1293;32044.33333333333;2021-02-19T14:00:00+01:00
1293;30903.33333333333;2021-02-19T15:00:00+01:00
1293;30424.83333333333;2021-02-19T16:00:00+01:00
1293;30096.33333333333;2021-02-19T17:00:00+01:00
1293;30119.0;2021-02-19T18:00:00+01:00
1293;32463.0;2021-02-19T19:00:00+01:00
1293;33474.0;2021-02-19T20:00:00+01:00
1293;33057.33333333334;2021-02-19T21:00:00+01:00
1293;30593.66666666667;2021-02-19T22:00:00+01:00
1293;27901.66666666667;2021-02-19T23:00:00+01:00
1293;26395.5;2021-02-20T00:00:00+01:00
1293;24764.16666666667;2021-02-20T01:00:00+01:00
1293;23492.33333333333;2021-02-20T02:00:00+01:00
1293;22844.0;2021-02-20T03:00:00+01:00
1293;22579.33333333333;2021-02-20T04:00:00+01:00
1293;22539.0;2021-02-20T05:00:00+01:00
1293;22972.0;2021-02-20T06:00:00+01:00
1293;24214.83333333333;2021-02-20T07:00:00+01:00
1293;25499.33333333333;2021-02-20T08:00:00+01:00
1293;27947.33333333333;2021-02-20T09:00:00+01:00
1293;29551.16666666667;2021-02-20T10:00:00+01:00
1293;29891.5;2021-02-20T11:00:00+01:00
1293;29464.33333333333;2021-02-20T12:00:00+01:00
1293;29566.33333333333;2021-02-20T13:00:00+01:00
1293;29053.83333333333;2021-02-20T14:00:00+01:00
1293;27425.83333333333;2021-02-20T15:00:00+01:00
1293;26379.16666666667;2021-02-20T16:00:00+01:00
1293;26082.5;2021-02-20T17:00:00+01:00
1293;26623.83333333333;2021-02-20T18:00:00+01:00
1293;28898.66666666667;2021-02-20T19:00:00+01:00
1293;30115.16666666667;2021-02-20T20:00:00+01:00
1293;30104.66666666667;2021-02-20T21:00:00+01:00
1293;28531.16666666667;2021-02-20T22:00:00+01:00
1293;26269.66666666667;2021-02-20T23:00:00+01:00
1293;24095.5;2021-02-21T00:00:00+01:00
1293;22430.66666666667;2021-02-21T01:00:00+01:00
1293;21320.0;2021-02-21T02:00:00+01:00
1293;20783.33333333333;2021-02-21T03:00:00+01:00
1293;20411.66666666667;2021-02-21T04:00:00+01:00
1293;20405.16666666667;2021-02-21T05:00:00+01:00
1293;20777.66666666667;2021-02-21T06:00:00+01:00
1293;21584.16666666667;2021-02-21T07:00:00+01:00
1293;21977.0;2021-02-21T08:00:00+01:00
1293;24311.83333333333;2021-02-21T09:00:00+01:00
1293;26695.66666666667;2021-02-21T10:00:00+01:00
1293;27932.83333333333;2021-02-21T11:00:00+01:00
1293;28365.33333333333;2021-02-21T12:00:00+01:00
1293;29245.5;2021-02-21T13:00:00+01:00
1293;29365.33333333333;2021-02-21T14:00:00+01:00
1293;27314.33333333333;2021-02-21T15:00:00+01:00
1293;26324.5;2021-02-21T16:00:00+01:00
1293;25843.16666666667;2021-02-21T17:00:00+01:00
1293;26567.0;2021-02-21T18:00:00+01:00
1293;28735.5;2021-02-21T19:00:00+01:00
1293;30431.5;2021-02-21T20:00:00+01:00
1293;30433.66666666667;2021-02-21T21:00:00+01:00
1293;29010.5;2021-02-21T22:00:00+01:00
1293;26851.66666666667;2021-02-21T23:00:00+01:00
1293;24654.66666666667;2021-02-22T00:00:00+01:00
1293;22961.83333333333;2021-02-22T01:00:00+01:00
1293;22032.5;2021-02-22T02:00:00+01:00
1293;21700.33333333333;2021-02-22T03:00:00+01:00
1293;21679.16666666667;2021-02-22T04:00:00+01:00
1293;22518.33333333333;2021-02-22T05:00:00+01:00
1293;25377.83333333333;2021-02-22T06:00:00+01:00
1293;29481.83333333333;2021-02-22T07:00:00+01:00
1293;31543.66666666667;2021-02-22T08:00:00+01:00
1293;33184.66666666667;2021-02-22T09:00:00+01:00
1293;33778.33333333334;2021-02-22T10:00:00+01:00
1293;33863.0;2021-02-22T11:00:00+01:00
1293;33770.16666666667;2021-02-22T12:00:00+01:00
1293;33843.16666666667;2021-02-22T13:00:00+01:00
1293;33004.83333333334;2021-02-22T14:00:00+01:00
1293;31957.0;2021-02-22T15:00:00+01:00
1293;31517.5;2021-02-22T16:00:00+01:00
1293;31131.66666666667;2021-02-22T17:00:00+01:00
1293;31101.16666666667;2021-02-22T18:00:00+01:00
1293;33188.66666666667;2021-02-22T19:00:00+01:00
1293;34630.16666666667;2021-02-22T20:00:00+01:00
1293;33966.5;2021-02-22T21:00:00+01:00
1293;31103.33333333333;2021-02-22T22:00:00+01:00
1293;28393.0;2021-02-22T23:00:00+01:00
1293;26237.5;2021-02-23T00:00:00+01:00
1293;24552.66666666667;2021-02-23T01:00:00+01:00
1293;23634.0;2021-02-23T02:00:00+01:00
1293;23198.66666666667;2021-02-23T03:00:00+01:00
1293;23102.33333333333;2021-02-23T04:00:00+01:00
1293;23768.0;2021-02-23T05:00:00+01:00
1293;26286.5;2021-02-23T06:00:00+01:00
1293;30297.33333333333;2021-02-23T07:00:00+01:00
1293;32692.66666666667;2021-02-23T08:00:00+01:00
1293;33874.5;2021-02-23T09:00:00+01:00
1293;33759.33333333334;2021-02-23T10:00:00+01:00
1293;33629.33333333334;2021-02-23T11:00:00+01:00
1293;33406.0;2021-02-23T12:00:00+01:00
1293;33464.83333333334;2021-02-23T13:00:00+01:00
1293;32661.83333333333;2021-02-23T14:00:00+01:00
1293;31522.16666666667;2021-02-23T15:00:00+01:00
1293;30934.0;2021-02-23T16:00:00+01:00
1293;30576.33333333333;2021-02-23T17:00:00+01:00
1293;30716.16666666667;2021-02-23T18:00:00+01:00
1293;33222.16666666667;2021-02-23T19:00:00+01:00
1293;34433.33333333334;2021-02-23T20:00:00+01:00
1293;33647.33333333334;2021-02-23T21:00:00+01:00
1293;31104.16666666667;2021-02-23T22:00:00+01:00
1293;28140.33333333333;2021-02-23T23:00:00+01:00
1293;26091.83333333333;2021-02-24T00:00:00+01:00
1293;24489.66666666667;2021-02-24T01:00:00+01:00
1293;23564.16666666667;2021-02-24T02:00:00+01:00
1293;23180.0;2021-02-24T03:00:00+01:00
1293;23109.5;2021-02-24T04:00:00+01:00
1293;23633.83333333333;2021-02-24T05:00:00+01:00
1293;26149.83333333333;2021-02-24T06:00:00+01:00
1293;30172.33333333333;2021-02-24T07:00:00+01:00
1293;32476.0;2021-02-24T08:00:00+01:00
1293;33541.0;2021-02-24T09:00:00+01:00
1293;33701.16666666667;2021-02-24T10:00:00+01:00
1293;33640.33333333334;2021-02-24T11:00:00+01:00
1293;33434.5;2021-02-24T12:00:00+01:00
1293;33517.83333333334;2021-02-24T13:00:00+01:00
1293;32617.83333333333;2021-02-24T14:00:00+01:00
1293;31436.5;2021-02-24T15:00:00+01:00
1293;30858.0;2021-02-24T16:00:00+01:00
1293;30630.83333333333;2021-02-24T17:00:00+01:00
1293;30501.33333333333;2021-02-24T18:00:00+01:00
1293;33223.66666666667;2021-02-24T19:00:00+01:00
1293;34351.5;2021-02-24T20:00:00+01:00
1293;33662.5;2021-02-24T21:00:00+01:00
1293;30974.0;2021-02-24T22:00:00+01:00
1293;28023.66666666667;2021-02-24T23:00:00+01:00
1293;26218.5;2021-02-25T00:00:00+01:00
1293;24675.33333333333;2021-02-25T01:00:00+01:00
1293;23655.16666666667;2021-02-25T02:00:00+01:00
1293;23155.83333333333;2021-02-25T03:00:00+01:00
1293;22938.0;2021-02-25T04:00:00+01:00
1293;23555.0;2021-02-25T05:00:00+01:00
1293;25972.16666666667;2021-02-25T06:00:00+01:00
1293;29628.0;2021-02-25T07:00:00+01:00
1293;31781.83333333333;2021-02-25T08:00:00+01:00
1293;32934.0;2021-02-25T09:00:00+01:00
1293;33183.83333333334;2021-02-25T10:00:00+01:00
1293;33304.66666666667;2021-02-25T11:00:00+01:00
1293;33183.83333333334;2021-02-25T12:00:00+01:00
1293;33436.33333333334;2021-02-25T13:00:00+01:00
1293;32584.33333333333;2021-02-25T14:00:00+01:00
1293;31601.5;2021-02-25T15:00:00+01:00
1293;30843.16666666667;2021-02-25T16:00:00+01:00
1293;30704.33333333333;2021-02-25T17:00:00+01:00
1293;30848.0;2021-02-25T18:00:00+01:00
1293;33012.83333333334;2021-02-25T19:00:00+01:00
1293;34143.33333333334;2021-02-25T20:00:00+01:00
1293;33632.66666666667;2021-02-25T21:00:00+01:00
1293;30955.83333333333;2021-02-25T22:00:00+01:00
1293;28167.16666666667;2021-02-25T23:00:00+01:00
1293;26298.33333333333;2021-02-26T00:00:00+01:00
1293;24666.5;2021-02-26T01:00:00+01:00
1293;23735.5;2021-02-26T02:00:00+01:00
1293;23378.33333333333;2021-02-26T03:00:00+01:00
1293;23291.83333333333;2021-02-26T04:00:00+01:00
1293;23859.0;2021-02-26T05:00:00+01:00
1293;26295.33333333333;2021-02-26T06:00:00+01:00
1293;29939.16666666667;2021-02-26T07:00:00+01:00
1293;31995.33333333333;2021-02-26T08:00:00+01:00
1293;33529.66666666667;2021-02-26T09:00:00+01:00
1293;33740.0;2021-02-26T10:00:00+01:00
1293;33632.83333333334;2021-02-26T11:00:00+01:00
1293;33370.33333333334;2021-02-26T12:00:00+01:00
1293;33250.0;2021-02-26T13:00:00+01:00
1293;32239.16666666667;2021-02-26T14:00:00+01:00
1293;30968.66666666667;2021-02-26T15:00:00+01:00
1293;30341.33333333333;2021-02-26T16:00:00+01:00
1293;29927.33333333333;2021-02-26T17:00:00+01:00
1293;29863.16666666667;2021-02-26T18:00:00+01:00
1293;31930.33333333333;2021-02-26T19:00:00+01:00
1293;32921.66666666667;2021-02-26T20:00:00+01:00
1293;32717.33333333333;2021-02-26T21:00:00+01:00
1293;30355.5;2021-02-26T22:00:00+01:00
1293;27731.16666666667;2021-02-26T23:00:00+01:00
1293;26031.16666666667;2021-02-27T00:00:00+01:00
1293;24450.83333333333;2021-02-27T01:00:00+01:00
1293;23171.16666666667;2021-02-27T02:00:00+01:00
1293;22703.16666666667;2021-02-27T03:00:00+01:00
1293;22282.66666666667;2021-02-27T04:00:00+01:00
1293;22309.83333333333;2021-02-27T05:00:00+01:00
1293;22857.66666666667;2021-02-27T06:00:00+01:00
1293;23935.0;2021-02-27T07:00:00+01:00
1293;25332.5;2021-02-27T08:00:00+01:00
1293;27755.66666666667;2021-02-27T09:00:00+01:00
1293;29361.0;2021-02-27T10:00:00+01:00
1293;29518.5;2021-02-27T11:00:00+01:00
1293;29136.5;2021-02-27T12:00:00+01:00
1293;29131.0;2021-02-27T13:00:00+01:00
1293;28682.16666666667;2021-02-27T14:00:00+01:00
1293;27222.83333333333;2021-02-27T15:00:00+01:00
1293;26306.5;2021-02-27T16:00:00+01:00
1293;25837.16666666667;2021-02-27T17:00:00+01:00
1293;26037.0;2021-02-27T18:00:00+01:00
1293;28400.66666666667;2021-02-27T19:00:00+01:00
1293;29990.66666666667;2021-02-27T20:00:00+01:00
1293;30220.5;2021-02-27T21:00:00+01:00
1293;28831.5;2021-02-27T22:00:00+01:00
1293;26374.5;2021-02-27T23:00:00+01:00
1293;24150.5;2021-02-28T00:00:00+01:00
1293;22345.33333333333;2021-02-28T01:00:00+01:00
1293;21285.5;2021-02-28T02:00:00+01:00
1293;20562.83333333333;2021-02-28T03:00:00+01:00
1293;20392.33333333333;2021-02-28T04:00:00+01:00
1293;20366.66666666667;2021-02-28T05:00:00+01:00
1293;20760.5;2021-02-28T06:00:00+01:00
1293;21313.83333333333;2021-02-28T07:00:00+01:00
1293;21971.33333333333;2021-02-28T08:00:00+01:00
1293;24433.5;2021-02-28T09:00:00+01:00
1293;26462.0;2021-02-28T10:00:00+01:00
1293;27024.5;2021-02-28T11:00:00+01:00
1293;27023.16666666667;2021-02-28T12:00:00+01:00
1293;27335.66666666667;2021-02-28T13:00:00+01:00
1293;26940.16666666667;2021-02-28T14:00:00+01:00
1293;25432.66666666667;2021-02-28T15:00:00+01:00
1293;24352.16666666667;2021-02-28T16:00:00+01:00
1293;24000.16666666667;2021-02-28T17:00:00+01:00
1293;24804.0;2021-02-28T18:00:00+01:00
1293;27516.33333333333;2021-02-28T19:00:00+01:00
1293;29434.83333333333;2021-02-28T20:00:00+01:00
1293;29709.16666666667;2021-02-28T21:00:00+01:00
1293;28416.5;2021-02-28T22:00:00+01:00
1293;26147.83333333333;2021-02-28T23:00:00+01:00
1293;24005.16666666667;2021-03-01T00:00:00+01:00
1293;22311.5;2021-03-01T01:00:00+01:00
1293;21462.0;2021-03-01T02:00:00+01:00
1293;21051.16666666667;2021-03-01T03:00:00+01:00
1293;20935.66666666667;2021-03-01T04:00:00+01:00
1293;21870.66666666667;2021-03-01T05:00:00+01:00
1293;24471.33333333333;2021-03-01T06:00:00+01:00
1293;28125.83333333333;2021-03-01T07:00:00+01:00
1293;30526.33333333333;2021-03-01T08:00:00+01:00
1293;32382.83333333333;2021-03-01T09:00:00+01:00
1293;33353.16666666667;2021-03-01T10:00:00+01:00
1293;33658.33333333334;2021-03-01T11:00:00+01:00
1293;33738.0;2021-03-01T12:00:00+01:00
1293;33898.33333333334;2021-03-01T13:00:00+01:00
1293;32945.83333333334;2021-03-01T14:00:00+01:00
1293;31959.66666666667;2021-03-01T15:00:00+01:00
1293;31040.33333333333;2021-03-01T16:00:00+01:00
1293;30818.5;2021-03-01T17:00:00+01:00
1293;30960.66666666667;2021-03-01T18:00:00+01:00
1293;33315.83333333334;2021-03-01T19:00:00+01:00
1293;34448.83333333334;2021-03-01T20:00:00+01:00
1293;33287.5;2021-03-01T21:00:00+01:00
1293;30723.16666666667;2021-03-01T22:00:00+01:00
1293;27944.66666666667;2021-03-01T23:00:00+01:00
1293;25675.16666666667;2021-03-02T00:00:00+01:00
1293;24061.0;2021-03-02T01:00:00+01:00
1293;23207.5;2021-03-02T02:00:00+01:00
1293;22777.16666666667;2021-03-02T03:00:00+01:00
1293;22545.83333333333;2021-03-02T04:00:00+01:00
1293;23157.0;2021-03-02T05:00:00+01:00
1293;25689.66666666667;2021-03-02T06:00:00+01:00
1293;29551.16666666667;2021-03-02T07:00:00+01:00
1293;32177.66666666667;2021-03-02T08:00:00+01:00
1293;33660.0;2021-03-02T09:00:00+01:00
1293;34092.5;2021-03-02T10:00:00+01:00
1293;34061.0;2021-03-02T11:00:00+01:00
1293;33928.83333333334;2021-03-02T12:00:00+01:00
1293;33830.66666666667;2021-03-02T13:00:00+01:00
1293;33005.5;2021-03-02T14:00:00+01:00
1293;31995.16666666667;2021-03-02T15:00:00+01:00
1293;31240.16666666667;2021-03-02T16:00:00+01:00
1293;31001.5;2021-03-02T17:00:00+01:00
1293;31306.33333333333;2021-03-02T18:00:00+01:00
1293;33319.66666666667;2021-03-02T19:00:00+01:00
1293;34750.33333333334;2021-03-02T20:00:00+01:00
1293;33841.33333333334;2021-03-02T21:00:00+01:00
1293;31068.16666666667;2021-03-02T22:00:00+01:00
1293;28170.33333333333;2021-03-02T23:00:00+01:00
1293;26188.5;2021-03-03T00:00:00+01:00
1293;24542.33333333333;2021-03-03T01:00:00+01:00
1293;23647.83333333333;2021-03-03T02:00:00+01:00
1293;23225.33333333333;2021-03-03T03:00:00+01:00
1293;22984.0;2021-03-03T04:00:00+01:00
1293;23557.16666666667;2021-03-03T05:00:00+01:00
1293;26006.16666666667;2021-03-03T06:00:00+01:00
1293;29753.5;2021-03-03T07:00:00+01:00
1293;32068.0;2021-03-03T08:00:00+01:00
1293;33270.66666666667;2021-03-03T09:00:00+01:00
1293;33822.16666666667;2021-03-03T10:00:00+01:00
1293;33859.66666666667;2021-03-03T11:00:00+01:00
1293;33665.33333333334;2021-03-03T12:00:00+01:00
1293;33395.16666666667;2021-03-03T13:00:00+01:00
1293;32336.0;2021-03-03T14:00:00+01:00
1293;31278.5;2021-03-03T15:00:00+01:00
1293;30703.5;2021-03-03T16:00:00+01:00
1293;30458.5;2021-03-03T17:00:00+01:00
1293;30581.0;2021-03-03T18:00:00+01:00
1293;32877.5;2021-03-03T19:00:00+01:00
1293;34312.16666666667;2021-03-03T20:00:00+01:00
1293;33354.83333333334;2021-03-03T21:00:00+01:00
1293;30769.33333333333;2021-03-03T22:00:00+01:00
1293;27874.66666666667;2021-03-03T23:00:00+01:00
1293;25729.83333333333;2021-03-04T00:00:00+01:00
1293;24218.66666666667;2021-03-04T01:00:00+01:00
1293;23196.5;2021-03-04T02:00:00+01:00
1293;22797.16666666667;2021-03-04T03:00:00+01:00
1293;22701.83333333333;2021-03-04T04:00:00+01:00
1293;23199.83333333333;2021-03-04T05:00:00+01:00
1293;25615.66666666667;2021-03-04T06:00:00+01:00
1293;29369.66666666667;2021-03-04T07:00:00+01:00
1293;31913.66666666667;2021-03-04T08:00:00+01:00
1293;33276.5;2021-03-04T09:00:00+01:00
1293;33686.66666666667;2021-03-04T10:00:00+01:00
1293;33617.83333333334;2021-03-04T11:00:00+01:00
1293;33480.33333333334;2021-03-04T12:00:00+01:00
1293;33195.83333333334;2021-03-04T13:00:00+01:00
1293;32182.33333333333;2021-03-04T14:00:00+01:00
1293;31093.83333333333;2021-03-04T15:00:00+01:00
1293;30324.16666666667;2021-03-04T16:00:00+01:00
1293;30125.5;2021-03-04T17:00:00+01:00
1293;30385.0;2021-03-04T18:00:00+01:00
1293;32587.0;2021-03-04T19:00:00+01:00
1293;33952.66666666667;2021-03-04T20:00:00+01:00
1293;33265.5;2021-03-04T21:00:00+01:00
1293;30668.5;2021-03-04T22:00:00+01:00
1293;27794.83333333333;2021-03-04T23:00:00+01:00
1293;25706.5;2021-03-05T00:00:00+01:00
1293;24163.83333333333;2021-03-05T01:00:00+01:00
1293;23125.5;2021-03-05T02:00:00+01:00
1293;22769.66666666667;2021-03-05T03:00:00+01:00
1293;22654.0;2021-03-05T04:00:00+01:00
1293;23239.16666666667;2021-03-05T05:00:00+01:00
1293;25599.16666666667;2021-03-05T06:00:00+01:00
1293;29493.5;2021-03-05T07:00:00+01:00
1293;31863.33333333333;2021-03-05T08:00:00+01:00
1293;33313.0;2021-03-05T09:00:00+01:00
1293;33637.5;2021-03-05T10:00:00+01:00
1293;33616.16666666667;2021-03-05T11:00:00+01:00
1293;33415.0;2021-03-05T12:00:00+01:00
1293;33180.16666666667;2021-03-05T13:00:00+01:00
1293;32055.16666666667;2021-03-05T14:00:00+01:00
1293;30956.33333333333;2021-03-05T15:00:00+01:00
1293;30044.5;2021-03-05T16:00:00+01:00
1293;29759.5;2021-03-05T17:00:00+01:00
1293;29899.33333333333;2021-03-05T18:00:00+01:00
1293;31913.0;2021-03-05T19:00:00+01:00
1293;33149.83333333334;2021-03-05T20:00:00+01:00
1293;32370.33333333333;2021-03-05T21:00:00+01:00
1293;30108.16666666667;2021-03-05T22:00:00+01:00
1293;27449.0;2021-03-05T23:00:00+01:00
1293;25595.0;2021-03-06T00:00:00+01:00
1293;23823.66666666667;2021-03-06T01:00:00+01:00
1293;22663.33333333333;2021-03-06T02:00:00+01:00
1293;22117.0;2021-03-06T03:00:00+01:00
1293;21896.0;2021-03-06T04:00:00+01:00
1293;21815.83333333333;2021-03-06T05:00:00+01:00
1293;22284.83333333333;2021-03-06T06:00:00+01:00
1293;23122.83333333333;2021-03-06T07:00:00+01:00
1293;24678.83333333333;2021-03-06T08:00:00+01:00
1293;27266.83333333333;2021-03-06T09:00:00+01:00
1293;28746.66666666667;2021-03-06T10:00:00+01:00
1293;28975.83333333333;2021-03-06T11:00:00+01:00
1293;28761.5;2021-03-06T12:00:00+01:00
1293;28933.33333333333;2021-03-06T13:00:00+01:00
1293;28589.83333333333;2021-03-06T14:00:00+01:00
1293;27208.0;2021-03-06T15:00:00+01:00
1293;26366.83333333333;2021-03-06T16:00:00+01:00
1293;25768.16666666667;2021-03-06T17:00:00+01:00
1293;26246.83333333333;2021-03-06T18:00:00+01:00
1293;28198.83333333333;2021-03-06T19:00:00+01:00
1293;29871.16666666667;2021-03-06T20:00:00+01:00
1293;29939.33333333333;2021-03-06T21:00:00+01:00
1293;28329.33333333333;2021-03-06T22:00:00+01:00
1293;25905.83333333333;2021-03-06T23:00:00+01:00
1293;23678.0;2021-03-07T00:00:00+01:00
1293;22002.0;2021-03-07T01:00:00+01:00
1293;20884.5;2021-03-07T02:00:00+01:00
1293;20360.0;2021-03-07T03:00:00+01:00
1293;19884.33333333333;2021-03-07T04:00:00+01:00
1293;20012.0;2021-03-07T05:00:00+01:00
1293;20415.83333333333;2021-03-07T06:00:00+01:00
1293;20822.5;2021-03-07T07:00:00+01:00
1293;21563.0;2021-03-07T08:00:00+01:00
1293;23878.83333333333;2021-03-07T09:00:00+01:00
1293;26121.5;2021-03-07T10:00:00+01:00
1293;27139.83333333333;2021-03-07T11:00:00+01:00
1293;27163.33333333333;2021-03-07T12:00:00+01:00
1293;27727.33333333333;2021-03-07T13:00:00+01:00
1293;27716.16666666667;2021-03-07T14:00:00+01:00
1293;26183.5;2021-03-07T15:00:00+01:00
1293;25135.0;2021-03-07T16:00:00+01:00
1293;24753.5;2021-03-07T17:00:00+01:00
1293;25346.0;2021-03-07T18:00:00+01:00
1293;27761.83333333333;2021-03-07T19:00:00+01:00
1293;29710.33333333333;2021-03-07T20:00:00+01:00
1293;29756.83333333333;2021-03-07T21:00:00+01:00
1293;28311.16666666667;2021-03-07T22:00:00+01:00
1293;26003.66666666667;2021-03-07T23:00:00+01:00
1293;23654.5;2021-03-08T00:00:00+01:00
1293;22063.0;2021-03-08T01:00:00+01:00
1293;21095.0;2021-03-08T02:00:00+01:00
1293;20753.66666666667;2021-03-08T03:00:00+01:00
1293;20782.33333333333;2021-03-08T04:00:00+01:00
1293;21779.33333333333;2021-03-08T05:00:00+01:00
1293;24672.66666666667;2021-03-08T06:00:00+01:00
1293;28800.0;2021-03-08T07:00:00+01:00
1293;31637.33333333333;2021-03-08T08:00:00+01:00
1293;33355.83333333334;2021-03-08T09:00:00+01:00
1293;34080.5;2021-03-08T10:00:00+01:00
1293;34117.5;2021-03-08T11:00:00+01:00
1293;34139.33333333334;2021-03-08T12:00:00+01:00
1293;34053.5;2021-03-08T13:00:00+01:00
1293;33340.5;2021-03-08T14:00:00+01:00
1293;32401.66666666667;2021-03-08T15:00:00+01:00
1293;31878.0;2021-03-08T16:00:00+01:00
1293;31617.83333333333;2021-03-08T17:00:00+01:00
1293;31701.83333333333;2021-03-08T18:00:00+01:00
1293;33708.33333333334;2021-03-08T19:00:00+01:00
1293;35217.5;2021-03-08T20:00:00+01:00
1293;34073.0;2021-03-08T21:00:00+01:00
1293;31277.33333333333;2021-03-08T22:00:00+01:00
1293;28476.33333333333;2021-03-08T23:00:00+01:00
1293;26288.83333333333;2021-03-09T00:00:00+01:00
1293;24660.5;2021-03-09T01:00:00+01:00
1293;23706.16666666667;2021-03-09T02:00:00+01:00
1293;23352.5;2021-03-09T03:00:00+01:00
1293;23107.16666666667;2021-03-09T04:00:00+01:00
1293;23843.83333333333;2021-03-09T05:00:00+01:00
1293;26151.83333333333;2021-03-09T06:00:00+01:00
1293;30108.5;2021-03-09T07:00:00+01:00
1293;32885.66666666667;2021-03-09T08:00:00+01:00
1293;34315.0;2021-03-09T09:00:00+01:00
1293;34699.0;2021-03-09T10:00:00+01:00
1293;34443.83333333334;2021-03-09T11:00:00+01:00
1293;34036.83333333334;2021-03-09T12:00:00+01:00
1293;33904.33333333334;2021-03-09T13:00:00+01:00
1293;32971.0;2021-03-09T14:00:00+01:00
1293;31865.66666666667;2021-03-09T15:00:00+01:00
1293;31164.0;2021-03-09T16:00:00+01:00
1293;30912.66666666667;2021-03-09T17:00:00+01:00
1293;31094.66666666667;2021-03-09T18:00:00+01:00
1293;33428.0;2021-03-09T19:00:00+01:00
1293;35112.33333333334;2021-03-09T20:00:00+01:00
1293;34440.16666666667;2021-03-09T21:00:00+01:00
1293;31744.83333333333;2021-03-09T22:00:00+01:00
1293;28489.33333333333;2021-03-09T23:00:00+01:00
1293;26313.0;2021-03-10T00:00:00+01:00
1293;24677.5;2021-03-10T01:00:00+01:00
1293;23526.0;2021-03-10T02:00:00+01:00
1293;23095.33333333333;2021-03-10T03:00:00+01:00
1293;22988.16666666667;2021-03-10T04:00:00+01:00
1293;23674.16666666667;2021-03-10T05:00:00+01:00
1293;26408.16666666667;2021-03-10T06:00:00+01:00
1293;30281.5;2021-03-10T07:00:00+01:00
1293;32873.83333333334;2021-03-10T08:00:00+01:00
1293;33984.0;2021-03-10T09:00:00+01:00
1293;34160.66666666667;2021-03-10T10:00:00+01:00
1293;33500.66666666667;2021-03-10T11:00:00+01:00
1293;33277.0;2021-03-10T12:00:00+01:00
1293;33255.33333333334;2021-03-10T13:00:00+01:00
1293;32256.5;2021-03-10T14:00:00+01:00
1293;31182.0;2021-03-10T15:00:00+01:00
1293;30585.5;2021-03-10T16:00:00+01:00
1293;30238.33333333333;2021-03-10T17:00:00+01:00
1293;30439.83333333333;2021-03-10T18:00:00+01:00
1293;32721.83333333333;2021-03-10T19:00:00+01:00
1293;34967.33333333334;2021-03-10T20:00:00+01:00
1293;34146.83333333334;2021-03-10T21:00:00+01:00
1293;31320.83333333333;2021-03-10T22:00:00+01:00
1293;28257.33333333333;2021-03-10T23:00:00+01:00
1293;26107.5;2021-03-11T00:00:00+01:00
1293;24447.16666666667;2021-03-11T01:00:00+01:00
1293;23418.0;2021-03-11T02:00:00+01:00
1293;23073.16666666667;2021-03-11T03:00:00+01:00
1293;22949.66666666667;2021-03-11T04:00:00+01:00
1293;23550.16666666667;2021-03-11T05:00:00+01:00
1293;26095.66666666667;2021-03-11T06:00:00+01:00
1293;29725.0;2021-03-11T07:00:00+01:00
1293;32453.33333333333;2021-03-11T08:00:00+01:00
1293;33584.66666666667;2021-03-11T09:00:00+01:00
1293;33596.0;2021-03-11T10:00:00+01:00
1293;33152.16666666667;2021-03-11T11:00:00+01:00
1293;32747.33333333333;2021-03-11T12:00:00+01:00
1293;32668.16666666667;2021-03-11T13:00:00+01:00
1293;31708.5;2021-03-11T14:00:00+01:00
1293;30677.66666666667;2021-03-11T15:00:00+01:00
1293;30117.0;2021-03-11T16:00:00+01:00
1293;29778.83333333333;2021-03-11T17:00:00+01:00
1293;29738.5;2021-03-11T18:00:00+01:00
1293;31925.0;2021-03-11T19:00:00+01:00
1293;34041.0;2021-03-11T20:00:00+01:00
1293;33282.66666666667;2021-03-11T21:00:00+01:00
1293;30771.33333333333;2021-03-11T22:00:00+01:00
1293;27906.83333333333;2021-03-11T23:00:00+01:00
1293;25823.66666666667;2021-03-12T00:00:00+01:00
1293;24189.33333333333;2021-03-12T01:00:00+01:00
1293;23221.66666666667;2021-03-12T02:00:00+01:00
1293;22892.83333333333;2021-03-12T03:00:00+01:00
1293;22783.83333333333;2021-03-12T04:00:00+01:00
1293;23321.66666666667;2021-03-12T05:00:00+01:00
1293;25803.83333333333;2021-03-12T06:00:00+01:00
1293;29219.5;2021-03-12T07:00:00+01:00
1293;31651.0;2021-03-12T08:00:00+01:00
1293;32777.83333333334;2021-03-12T09:00:00+01:00
1293;33123.0;2021-03-12T10:00:00+01:00
1293;32883.5;2021-03-12T11:00:00+01:00
1293;32683.0;2021-03-12T12:00:00+01:00
1293;32656.33333333333;2021-03-12T13:00:00+01:00
1293;31700.5;2021-03-12T14:00:00+01:00
1293;30484.83333333333;2021-03-12T15:00:00+01:00
1293;29698.5;2021-03-12T16:00:00+01:00
1293;29168.33333333333;2021-03-12T17:00:00+01:00
1293;29196.16666666667;2021-03-12T18:00:00+01:00
1293;30926.83333333333;2021-03-12T19:00:00+01:00
1293;32601.5;2021-03-12T20:00:00+01:00
1293;32057.5;2021-03-12T21:00:00+01:00
1293;29928.16666666667;2021-03-12T22:00:00+01:00
1293;27457.83333333333;2021-03-12T23:00:00+01:00
1293;25409.66666666667;2021-03-13T00:00:00+01:00
1293;23914.83333333333;2021-03-13T01:00:00+01:00
1293;22728.83333333333;2021-03-13T02:00:00+01:00
1293;22072.83333333333;2021-03-13T03:00:00+01:00
1293;21946.0;2021-03-13T04:00:00+01:00
1293;21941.33333333333;2021-03-13T05:00:00+01:00
1293;22554.0;2021-03-13T06:00:00+01:00
1293;23439.33333333333;2021-03-13T07:00:00+01:00
1293;24795.16666666667;2021-03-13T08:00:00+01:00
1293;27071.5;2021-03-13T09:00:00+01:00
1293;28023.0;2021-03-13T10:00:00+01:00
1293;28274.83333333333;2021-03-13T11:00:00+01:00
1293;27677.16666666667;2021-03-13T12:00:00+01:00
1293;27770.0;2021-03-13T13:00:00+01:00
1293;27317.5;2021-03-13T14:00:00+01:00
1293;26090.83333333333;2021-03-13T15:00:00+01:00
1293;25371.33333333333;2021-03-13T16:00:00+01:00
1293;24919.16666666667;2021-03-13T17:00:00+01:00
1293;25167.5;2021-03-13T18:00:00+01:00
1293;27280.33333333333;2021-03-13T19:00:00+01:00
1293;29480.5;2021-03-13T20:00:00+01:00
1293;29877.5;2021-03-13T21:00:00+01:00
1293;28363.33333333333;2021-03-13T22:00:00+01:00
1293;25619.16666666667;2021-03-13T23:00:00+01:00
1293;23590.83333333333;2021-03-14T00:00:00+01:00
1293;21890.66666666667;2021-03-14T01:00:00+01:00
1293;20856.83333333333;2021-03-14T02:00:00+01:00
1293;20218.66666666667;2021-03-14T03:00:00+01:00
1293;20094.16666666667;2021-03-14T04:00:00+01:00
1293;20037.66666666667;2021-03-14T05:00:00+01:00
1293;20472.5;2021-03-14T06:00:00+01:00
1293;20547.16666666667;2021-03-14T07:00:00+01:00
1293;21486.5;2021-03-14T08:00:00+01:00
1293;23973.83333333333;2021-03-14T09:00:00+01:00
1293;25720.5;2021-03-14T10:00:00+01:00
1293;26366.16666666667;2021-03-14T11:00:00+01:00
1293;26201.0;2021-03-14T12:00:00+01:00
1293;26414.0;2021-03-14T13:00:00+01:00
1293;26335.0;2021-03-14T14:00:00+01:00
1293;25040.0;2021-03-14T15:00:00+01:00
1293;24035.83333333333;2021-03-14T16:00:00+01:00
1293;23748.5;2021-03-14T17:00:00+01:00
1293;24064.83333333333;2021-03-14T18:00:00+01:00
1293;26376.5;2021-03-14T19:00:00+01:00
1293;29122.83333333333;2021-03-14T20:00:00+01:00
1293;29285.33333333333;2021-03-14T21:00:00+01:00
1293;27739.16666666667;2021-03-14T22:00:00+01:00
1293;25629.0;2021-03-14T23:00:00+01:00
1293;23502.16666666667;2021-03-15T00:00:00+01:00
1293;22180.16666666667;2021-03-15T01:00:00+01:00
1293;21410.33333333333;2021-03-15T02:00:00+01:00
1293;21030.33333333333;2021-03-15T03:00:00+01:00
1293;21192.33333333333;2021-03-15T04:00:00+01:00
1293;22017.33333333333;2021-03-15T05:00:00+01:00
1293;25042.66666666667;2021-03-15T06:00:00+01:00
1293;28773.66666666667;2021-03-15T07:00:00+01:00
1293;31546.0;2021-03-15T08:00:00+01:00
1293;33022.33333333334;2021-03-15T09:00:00+01:00
1293;33333.66666666667;2021-03-15T10:00:00+01:00
1293;33036.0;2021-03-15T11:00:00+01:00
1293;32843.83333333334;2021-03-15T12:00:00+01:00
1293;32658.83333333333;2021-03-15T13:00:00+01:00
1293;31775.66666666667;2021-03-15T14:00:00+01:00
1293;30705.0;2021-03-15T15:00:00+01:00
1293;29793.5;2021-03-15T16:00:00+01:00
1293;29525.66666666667;2021-03-15T17:00:00+01:00
1293;29340.0;2021-03-15T18:00:00+01:00
1293;31595.5;2021-03-15T19:00:00+01:00
1293;33911.33333333334;2021-03-15T20:00:00+01:00
1293;33085.33333333334;2021-03-15T21:00:00+01:00
1293;30521.83333333333;2021-03-15T22:00:00+01:00
1293;27699.0;2021-03-15T23:00:00+01:00
1293;25645.16666666667;2021-03-16T00:00:00+01:00
1293;24075.16666666667;2021-03-16T01:00:00+01:00
1293;23352.33333333333;2021-03-16T02:00:00+01:00
1293;22760.83333333333;2021-03-16T03:00:00+01:00
1293;22759.5;2021-03-16T04:00:00+01:00
1293;23496.5;2021-03-16T05:00:00+01:00
1293;25946.16666666667;2021-03-16T06:00:00+01:00
1293;29299.33333333333;2021-03-16T07:00:00+01:00
1293;31556.16666666667;2021-03-16T08:00:00+01:00
1293;32570.0;2021-03-16T09:00:00+01:00
1293;33083.83333333334;2021-03-16T10:00:00+01:00
1293;33007.83333333334;2021-03-16T11:00:00+01:00
1293;32649.5;2021-03-16T12:00:00+01:00
1293;32444.5;2021-03-16T13:00:00+01:00
1293;31744.66666666667;2021-03-16T14:00:00+01:00
1293;30609.66666666667;2021-03-16T15:00:00+01:00
1293;29734.5;2021-03-16T16:00:00+01:00
1293;29401.66666666667;2021-03-16T17:00:00+01:00
1293;29389.33333333333;2021-03-16T18:00:00+01:00
1293;31782.33333333333;2021-03-16T19:00:00+01:00
1293;34117.16666666667;2021-03-16T20:00:00+01:00
1293;33448.83333333334;2021-03-16T21:00:00+01:00
1293;30693.0;2021-03-16T22:00:00+01:00
1293;27754.83333333333;2021-03-16T23:00:00+01:00
1293;25959.0;2021-03-17T00:00:00+01:00
1293;24320.5;2021-03-17T01:00:00+01:00
1293;23537.83333333333;2021-03-17T02:00:00+01:00
1293;23136.0;2021-03-17T03:00:00+01:00
1293;23000.16666666667;2021-03-17T04:00:00+01:00
1293;23555.5;2021-03-17T05:00:00+01:00
1293;25986.0;2021-03-17T06:00:00+01:00
1293;29225.5;2021-03-17T07:00:00+01:00
1293;31802.33333333333;2021-03-17T08:00:00+01:00
1293;32722.5;2021-03-17T09:00:00+01:00
1293;33079.33333333334;2021-03-17T10:00:00+01:00
1293;32730.16666666667;2021-03-17T11:00:00+01:00
1293;32474.16666666667;2021-03-17T12:00:00+01:00
1293;32458.33333333333;2021-03-17T13:00:00+01:00
1293;31448.0;2021-03-17T14:00:00+01:00
1293;30663.5;2021-03-17T15:00:00+01:00
1293;29937.33333333333;2021-03-17T16:00:00+01:00
1293;29549.83333333333;2021-03-17T17:00:00+01:00
1293;29341.0;2021-03-17T18:00:00+01:00
1293;31264.0;2021-03-17T19:00:00+01:00
1293;33689.83333333334;2021-03-17T20:00:00+01:00
1293;33173.0;2021-03-17T21:00:00+01:00
1293;30580.0;2021-03-17T22:00:00+01:00
1293;27668.83333333333;2021-03-17T23:00:00+01:00
1293;25897.83333333333;2021-03-18T00:00:00+01:00
1293;24341.0;2021-03-18T01:00:00+01:00
1293;23464.5;2021-03-18T02:00:00+01:00
1293;22968.83333333333;2021-03-18T03:00:00+01:00
1293;22933.0;2021-03-18T04:00:00+01:00
1293;23559.0;2021-03-18T05:00:00+01:00
1293;25946.83333333333;2021-03-18T06:00:00+01:00
1293;29200.16666666667;2021-03-18T07:00:00+01:00
1293;31604.5;2021-03-18T08:00:00+01:00
1293;32636.83333333333;2021-03-18T09:00:00+01:00
1293;32981.33333333334;2021-03-18T10:00:00+01:00
1293;33209.0;2021-03-18T11:00:00+01:00
1293;33313.0;2021-03-18T12:00:00+01:00
1293;33271.5;2021-03-18T13:00:00+01:00
1293;32421.16666666667;2021-03-18T14:00:00+01:00
1293;31226.16666666667;2021-03-18T15:00:00+01:00
1293;30680.66666666667;2021-03-18T16:00:00+01:00
1293;30380.0;2021-03-18T17:00:00+01:00
1293;30483.33333333333;2021-03-18T18:00:00+01:00
1293;32098.16666666667;2021-03-18T19:00:00+01:00
1293;34136.0;2021-03-18T20:00:00+01:00
1293;33461.0;2021-03-18T21:00:00+01:00
1293;30794.33333333333;2021-03-18T22:00:00+01:00
1293;27992.83333333333;2021-03-18T23:00:00+01:00
1293;26028.5;2021-03-19T00:00:00+01:00
1293;24375.16666666667;2021-03-19T01:00:00+01:00
1293;23351.66666666667;2021-03-19T02:00:00+01:00
1293;22970.33333333333;2021-03-19T03:00:00+01:00
1293;22676.83333333333;2021-03-19T04:00:00+01:00
1293;23003.83333333333;2021-03-19T05:00:00+01:00
1293;24277.83333333333;2021-03-19T06:00:00+01:00
1293;26289.5;2021-03-19T07:00:00+01:00
1293;28355.16666666667;2021-03-19T08:00:00+01:00
1293;30292.83333333333;2021-03-19T09:00:00+01:00
1293;31309.16666666667;2021-03-19T10:00:00+01:00
1293;31354.16666666667;2021-03-19T11:00:00+01:00
1293;31555.5;2021-03-19T12:00:00+01:00
1293;31657.83333333333;2021-03-19T13:00:00+01:00
1293;30547.66666666667;2021-03-19T14:00:00+01:00
1293;29326.0;2021-03-19T15:00:00+01:00
1293;28609.33333333333;2021-03-19T16:00:00+01:00
1293;28258.16666666667;2021-03-19T17:00:00+01:00
1293;28241.66666666667;2021-03-19T18:00:00+01:00
1293;29856.33333333333;2021-03-19T19:00:00+01:00
1293;31839.83333333333;2021-03-19T20:00:00+01:00
1293;31647.16666666667;2021-03-19T21:00:00+01:00
1293;30053.83333333333;2021-03-19T22:00:00+01:00
1293;27541.16666666667;2021-03-19T23:00:00+01:00
1293;25622.0;2021-03-20T00:00:00+01:00
1293;23921.33333333333;2021-03-20T01:00:00+01:00
1293;22743.33333333333;2021-03-20T02:00:00+01:00
1293;22029.33333333333;2021-03-20T03:00:00+01:00
1293;21910.5;2021-03-20T04:00:00+01:00
1293;21927.0;2021-03-20T05:00:00+01:00
1293;22604.0;2021-03-20T06:00:00+01:00
1293;23197.16666666667;2021-03-20T07:00:00+01:00
1293;25223.0;2021-03-20T08:00:00+01:00
1293;27786.33333333333;2021-03-20T09:00:00+01:00
1293;29358.16666666667;2021-03-20T10:00:00+01:00
1293;29759.5;2021-03-20T11:00:00+01:00
1293;29496.66666666667;2021-03-20T12:00:00+01:00
1293;29606.5;2021-03-20T13:00:00+01:00
1293;29267.66666666667;2021-03-20T14:00:00+01:00
1293;27738.5;2021-03-20T15:00:00+01:00
1293;26831.16666666667;2021-03-20T16:00:00+01:00
1293;26528.83333333333;2021-03-20T17:00:00+01:00
1293;26510.0;2021-03-20T18:00:00+01:00
1293;28353.66666666667;2021-03-20T19:00:00+01:00
1293;30752.0;2021-03-20T20:00:00+01:00
1293;31080.16666666667;2021-03-20T21:00:00+01:00
1293;29586.5;2021-03-20T22:00:00+01:00
1293;27187.33333333333;2021-03-20T23:00:00+01:00
1293;24883.16666666667;2021-03-21T00:00:00+01:00
1293;22981.5;2021-03-21T01:00:00+01:00
1293;21658.33333333333;2021-03-21T02:00:00+01:00
1293;21114.33333333333;2021-03-21T03:00:00+01:00
1293;20950.83333333333;2021-03-21T04:00:00+01:00
1293;20987.16666666667;2021-03-21T05:00:00+01:00
1293;21296.5;2021-03-21T06:00:00+01:00
1293;21397.0;2021-03-21T07:00:00+01:00
1293;22606.16666666667;2021-03-21T08:00:00+01:00
1293;24928.16666666667;2021-03-21T09:00:00+01:00
1293;26667.83333333333;2021-03-21T10:00:00+01:00
1293;27223.5;2021-03-21T11:00:00+01:00
1293;27039.66666666667;2021-03-21T12:00:00+01:00
1293;27330.5;2021-03-21T13:00:00+01:00
1293;27109.5;2021-03-21T14:00:00+01:00
1293;25634.5;2021-03-21T15:00:00+01:00
1293;24848.16666666667;2021-03-21T16:00:00+01:00
1293;24479.5;2021-03-21T17:00:00+01:00
1293;24705.0;2021-03-21T18:00:00+01:00
1293;27152.83333333333;2021-03-21T19:00:00+01:00
1293;30170.66666666667;2021-03-21T20:00:00+01:00
1293;30435.83333333333;2021-03-21T21:00:00+01:00
1293;28845.66666666667;2021-03-21T22:00:00+01:00
1293;26556.83333333333;2021-03-21T23:00:00+01:00
1293;24506.16666666667;2021-03-22T00:00:00+01:00
1293;22867.83333333333;2021-03-22T01:00:00+01:00
1293;21969.83333333333;2021-03-22T02:00:00+01:00
1293;21481.16666666667;2021-03-22T03:00:00+01:00
1293;21515.66666666667;2021-03-22T04:00:00+01:00
1293;22284.5;2021-03-22T05:00:00+01:00
1293;25310.83333333333;2021-03-22T06:00:00+01:00
1293;28879.0;2021-03-22T07:00:00+01:00
1293;31963.83333333333;2021-03-22T08:00:00+01:00
1293;33239.0;2021-03-22T09:00:00+01:00
1293;33710.83333333334;2021-03-22T10:00:00+01:00
1293;33600.0;2021-03-22T11:00:00+01:00
1293;33387.66666666667;2021-03-22T12:00:00+01:00
1293;33276.16666666667;2021-03-22T13:00:00+01:00
1293;32297.16666666667;2021-03-22T14:00:00+01:00
1293;31237.0;2021-03-22T15:00:00+01:00
1293;30521.66666666667;2021-03-22T16:00:00+01:00
1293;30142.5;2021-03-22T17:00:00+01:00
1293;30050.5;2021-03-22T18:00:00+01:00
1293;32009.66666666667;2021-03-22T19:00:00+01:00
1293;34631.33333333334;2021-03-22T20:00:00+01:00
1293;34069.5;2021-03-22T21:00:00+01:00
1293;31258.66666666667;2021-03-22T22:00:00+01:00
1293;28279.83333333333;2021-03-22T23:00:00+01:00
1293;26140.83333333333;2021-03-23T00:00:00+01:00
1293;24470.5;2021-03-23T01:00:00+01:00
1293;23415.33333333333;2021-03-23T02:00:00+01:00
1293;23192.5;2021-03-23T03:00:00+01:00
1293;22981.0;2021-03-23T04:00:00+01:00
1293;23626.5;2021-03-23T05:00:00+01:00
1293;26198.0;2021-03-23T06:00:00+01:00
1293;29633.5;2021-03-23T07:00:00+01:00
1293;32262.5;2021-03-23T08:00:00+01:00
1293;33306.66666666667;2021-03-23T09:00:00+01:00
1293;33493.83333333334;2021-03-23T10:00:00+01:00
1293;33225.66666666667;2021-03-23T11:00:00+01:00
1293;33010.66666666667;2021-03-23T12:00:00+01:00
1293;32557.16666666667;2021-03-23T13:00:00+01:00
1293;31643.0;2021-03-23T14:00:00+01:00
1293;30732.83333333333;2021-03-23T15:00:00+01:00
1293;29918.66666666667;2021-03-23T16:00:00+01:00
1293;29659.16666666667;2021-03-23T17:00:00+01:00
1293;29744.0;2021-03-23T18:00:00+01:00
1293;31469.33333333333;2021-03-23T19:00:00+01:00
1293;34147.16666666667;2021-03-23T20:00:00+01:00
1293;33515.33333333334;2021-03-23T21:00:00+01:00
1293;30915.16666666667;2021-03-23T22:00:00+01:00
1293;27962.83333333333;2021-03-23T23:00:00+01:00
1293;25968.5;2021-03-24T00:00:00+01:00
1293;24417.83333333333;2021-03-24T01:00:00+01:00
1293;23351.66666666667;2021-03-24T02:00:00+01:00
1293;22892.5;2021-03-24T03:00:00+01:00
1293;22919.0;2021-03-24T04:00:00+01:00
1293;23533.5;2021-03-24T05:00:00+01:00
1293;25809.16666666667;2021-03-24T06:00:00+01:00
1293;29027.83333333333;2021-03-24T07:00:00+01:00
1293;31657.83333333333;2021-03-24T08:00:00+01:00
1293;32649.16666666667;2021-03-24T09:00:00+01:00
1293;32980.83333333334;2021-03-24T10:00:00+01:00
1293;32726.33333333333;2021-03-24T11:00:00+01:00
1293;32694.0;2021-03-24T12:00:00+01:00
1293;32290.33333333333;2021-03-24T13:00:00+01:00
1293;31378.16666666667;2021-03-24T14:00:00+01:00
1293;30428.5;2021-03-24T15:00:00+01:00
1293;29810.16666666667;2021-03-24T16:00:00+01:00
1293;29574.16666666667;2021-03-24T17:00:00+01:00
1293;29478.66666666667;2021-03-24T18:00:00+01:00
1293;31205.0;2021-03-24T19:00:00+01:00
1293;33819.0;2021-03-24T20:00:00+01:00
1293;33238.16666666667;2021-03-24T21:00:00+01:00
1293;30494.83333333333;2021-03-24T22:00:00+01:00
1293;27634.0;2021-03-24T23:00:00+01:00
1293;25848.5;2021-03-25T00:00:00+01:00
1293;24231.0;2021-03-25T01:00:00+01:00
1293;23281.16666666667;2021-03-25T02:00:00+01:00
1293;22989.16666666667;2021-03-25T03:00:00+01:00
1293;22794.66666666667;2021-03-25T04:00:00+01:00
1293;23333.5;2021-03-25T05:00:00+01:00
1293;25750.33333333333;2021-03-25T06:00:00+01:00
1293;28851.5;2021-03-25T07:00:00+01:00
1293;31343.83333333333;2021-03-25T08:00:00+01:00
1293;32195.5;2021-03-25T09:00:00+01:00
1293;32346.5;2021-03-25T10:00:00+01:00
1293;32040.16666666667;2021-03-25T11:00:00+01:00
1293;31768.83333333333;2021-03-25T12:00:00+01:00
1293;31592.83333333333;2021-03-25T13:00:00+01:00
1293;30814.5;2021-03-25T14:00:00+01:00
1293;29805.5;2021-03-25T15:00:00+01:00
1293;29243.5;2021-03-25T16:00:00+01:00
1293;28929.16666666667;2021-03-25T17:00:00+01:00
1293;29180.83333333333;2021-03-25T18:00:00+01:00
1293;30582.66666666667;2021-03-25T19:00:00+01:00
1293;33210.16666666667;2021-03-25T20:00:00+01:00
1293;32745.5;2021-03-25T21:00:00+01:00
1293;30379.33333333333;2021-03-25T22:00:00+01:00
1293;27654.5;2021-03-25T23:00:00+01:00
1293;25679.33333333333;2021-03-26T00:00:00+01:00
1293;24049.83333333333;2021-03-26T01:00:00+01:00
1293;23143.5;2021-03-26T02:00:00+01:00
1293;22690.66666666667;2021-03-26T03:00:00+01:00
1293;22623.83333333333;2021-03-26T04:00:00+01:00
1293;23152.33333333333;2021-03-26T05:00:00+01:00
1293;25421.33333333333;2021-03-26T06:00:00+01:00
1293;28409.83333333333;2021-03-26T07:00:00+01:00
1293;30799.5;2021-03-26T08:00:00+01:00
1293;32052.66666666667;2021-03-26T09:00:00+01:00
1293;32191.66666666667;2021-03-26T10:00:00+01:00
1293;31994.66666666667;2021-03-26T11:00:00+01:00
1293;31779.16666666667;2021-03-26T12:00:00+01:00
1293;31593.0;2021-03-26T13:00:00+01:00
1293;30718.83333333333;2021-03-26T14:00:00+01:00
1293;29785.5;2021-03-26T15:00:00+01:00
1293;29276.5;2021-03-26T16:00:00+01:00
1293;28783.5;2021-03-26T17:00:00+01:00
1293;28674.83333333333;2021-03-26T18:00:00+01:00
1293;30173.5;2021-03-26T19:00:00+01:00
1293;32260.33333333333;2021-03-26T20:00:00+01:00
1293;31978.33333333333;2021-03-26T21:00:00+01:00
1293;29533.5;2021-03-26T22:00:00+01:00
1293;27387.0;2021-03-26T23:00:00+01:00
1293;25522.0;2021-03-27T00:00:00+01:00
1293;24036.83333333333;2021-03-27T01:00:00+01:00
1293;23015.66666666667;2021-03-27T02:00:00+01:00
1293;22417.66666666667;2021-03-27T03:00:00+01:00
1293;22085.33333333333;2021-03-27T04:00:00+01:00
1293;22062.83333333333;2021-03-27T05:00:00+01:00
1293;22602.16666666667;2021-03-27T06:00:00+01:00
1293;23281.5;2021-03-27T07:00:00+01:00
1293;25128.33333333333;2021-03-27T08:00:00+01:00
1293;27180.0;2021-03-27T09:00:00+01:00
1293;28540.83333333333;2021-03-27T10:00:00+01:00
1293;28781.66666666667;2021-03-27T11:00:00+01:00
1293;28329.33333333333;2021-03-27T12:00:00+01:00
1293;28302.16666666667;2021-03-27T13:00:00+01:00
1293;27799.16666666667;2021-03-27T14:00:00+01:00
1293;26414.33333333333;2021-03-27T15:00:00+01:00
1293;25480.5;2021-03-27T16:00:00+01:00
1293;24870.5;2021-03-27T17:00:00+01:00
1293;24687.33333333333;2021-03-27T18:00:00+01:00
1293;26295.33333333333;2021-03-27T19:00:00+01:00
1293;28564.16666666667;2021-03-27T20:00:00+01:00
1293;29035.33333333333;2021-03-27T21:00:00+01:00
1293;27555.33333333333;2021-03-27T22:00:00+01:00
1293;25355.66666666667;2021-03-27T23:00:00+01:00
1293;23358.5;2021-03-28T00:00:00+01:00
1293;21830.33333333333;2021-03-28T01:00:00+01:00
1293;20930.16666666667;2021-03-28T03:00:00+02:00
1293;20312.33333333333;2021-03-28T04:00:00+02:00
1293;20042.0;2021-03-28T05:00:00+02:00
1293;20511.83333333333;2021-03-28T06:00:00+02:00
1293;21061.66666666667;2021-03-28T07:00:00+02:00
1293;21156.16666666667;2021-03-28T08:00:00+02:00
1293;22702.5;2021-03-28T09:00:00+02:00
1293;24715.5;2021-03-28T10:00:00+02:00
1293;25764.66666666667;2021-03-28T11:00:00+02:00
1293;25809.83333333333;2021-03-28T12:00:00+02:00
1293;25704.83333333333;2021-03-28T13:00:00+02:00
1293;25652.16666666667;2021-03-28T14:00:00+02:00
1293;24453.5;2021-03-28T15:00:00+02:00
1293;23517.66666666667;2021-03-28T16:00:00+02:00
1293;22948.33333333333;2021-03-28T17:00:00+02:00
1293;22834.33333333333;2021-03-28T18:00:00+02:00
1293;23424.16666666667;2021-03-28T19:00:00+02:00
1293;25536.83333333333;2021-03-28T20:00:00+02:00
1293;28375.66666666667;2021-03-28T21:00:00+02:00
1293;27501.0;2021-03-28T22:00:00+02:00
1293;25741.83333333333;2021-03-28T23:00:00+02:00
1293;23949.66666666667;2021-03-29T00:00:00+02:00
1293;22382.5;2021-03-29T01:00:00+02:00
1293;21385.33333333333;2021-03-29T02:00:00+02:00
1293;20889.83333333333;2021-03-29T03:00:00+02:00
1293;20863.5;2021-03-29T04:00:00+02:00
1293;21436.66666666667;2021-03-29T05:00:00+02:00
1293;23963.83333333333;2021-03-29T06:00:00+02:00
1293;27334.66666666667;2021-03-29T07:00:00+02:00
1293;29286.16666666667;2021-03-29T08:00:00+02:00
1293;30992.0;2021-03-29T09:00:00+02:00
1293;31658.0;2021-03-29T10:00:00+02:00
1293;31408.33333333333;2021-03-29T11:00:00+02:00
1293;31372.5;2021-03-29T12:00:00+02:00
1293;31253.0;2021-03-29T13:00:00+02:00
1293;30714.0;2021-03-29T14:00:00+02:00
1293;29594.16666666667;2021-03-29T15:00:00+02:00
1293;28924.83333333333;2021-03-29T16:00:00+02:00
1293;28552.33333333333;2021-03-29T17:00:00+02:00
1293;27988.83333333333;2021-03-29T18:00:00+02:00
1293;28112.83333333333;2021-03-29T19:00:00+02:00
1293;29949.33333333333;2021-03-29T20:00:00+02:00
1293;31852.16666666667;2021-03-29T21:00:00+02:00
1293;29577.0;2021-03-29T22:00:00+02:00
1293;26969.66666666667;2021-03-29T23:00:00+02:00
1293;25411.66666666667;2021-03-30T00:00:00+02:00
1293;23880.5;2021-03-30T01:00:00+02:00
1293;22784.16666666667;2021-03-30T02:00:00+02:00
1293;22349.16666666667;2021-03-30T03:00:00+02:00
1293;22124.83333333333;2021-03-30T04:00:00+02:00
1293;22438.5;2021-03-30T05:00:00+02:00
1293;24457.0;2021-03-30T06:00:00+02:00
1293;27385.83333333333;2021-03-30T07:00:00+02:00
1293;29092.66666666667;2021-03-30T08:00:00+02:00
1293;30618.33333333333;2021-03-30T09:00:00+02:00
1293;31246.5;2021-03-30T10:00:00+02:00
1293;31260.0;2021-03-30T11:00:00+02:00
1293;31421.16666666667;2021-03-30T12:00:00+02:00
1293;31195.33333333333;2021-03-30T13:00:00+02:00
1293;30422.16666666667;2021-03-30T14:00:00+02:00
1293;29166.33333333333;2021-03-30T15:00:00+02:00
1293;28373.5;2021-03-30T16:00:00+02:00
1293;27953.5;2021-03-30T17:00:00+02:00
1293;27614.0;2021-03-30T18:00:00+02:00
1293;27899.16666666667;2021-03-30T19:00:00+02:00
1293;29684.83333333333;2021-03-30T20:00:00+02:00
1293;31294.83333333333;2021-03-30T21:00:00+02:00
1293;29170.66666666667;2021-03-30T22:00:00+02:00
1293;26857.5;2021-03-30T23:00:00+02:00
1293;25090.66666666667;2021-03-31T00:00:00+02:00
1293;23528.83333333333;2021-03-31T01:00:00+02:00
1293;22396.5;2021-03-31T02:00:00+02:00
1293;22133.0;2021-03-31T03:00:00+02:00
1293;21865.33333333333;2021-03-31T04:00:00+02:00
1293;22096.66666666667;2021-03-31T05:00:00+02:00
1293;24266.66666666667;2021-03-31T06:00:00+02:00
1293;27267.5;2021-03-31T07:00:00+02:00
1293;28898.33333333333;2021-03-31T08:00:00+02:00
1293;30243.0;2021-03-31T09:00:00+02:00
1293;30629.33333333333;2021-03-31T10:00:00+02:00
1293;30737.5;2021-03-31T11:00:00+02:00
1293;30493.66666666667;2021-03-31T12:00:00+02:00
1293;30329.66666666667;2021-03-31T13:00:00+02:00
1293;29646.16666666667;2021-03-31T14:00:00+02:00
1293;28432.0;2021-03-31T15:00:00+02:00
1293;27899.66666666667;2021-03-31T16:00:00+02:00
1293;27437.5;2021-03-31T17:00:00+02:00
1293;26977.33333333333;2021-03-31T18:00:00+02:00
1293;26943.66666666667;2021-03-31T19:00:00+02:00
1293;28334.66666666667;2021-03-31T20:00:00+02:00
1293;30273.16666666667;2021-03-31T21:00:00+02:00
1293;27981.66666666667;2021-03-31T22:00:00+02:00
1293;25726.16666666667;2021-03-31T23:00:00+02:00
1293;24070.16666666667;2021-04-01T00:00:00+02:00
1293;22554.83333333333;2021-04-01T01:00:00+02:00
1293;21446.0;2021-04-01T02:00:00+02:00
1293;20818.0;2021-04-01T03:00:00+02:00
1293;20540.33333333333;2021-04-01T04:00:00+02:00
1293;20516.16666666667;2021-04-01T05:00:00+02:00
1293;21282.66666666667;2021-04-01T06:00:00+02:00
1293;22455.0;2021-04-01T07:00:00+02:00
1293;23086.83333333333;2021-04-01T08:00:00+02:00
1293;25091.16666666667;2021-04-01T09:00:00+02:00
1293;26320.83333333333;2021-04-01T10:00:00+02:00
1293;26635.16666666667;2021-04-01T11:00:00+02:00
1293;26669.5;2021-04-01T12:00:00+02:00
1293;26736.83333333333;2021-04-01T13:00:00+02:00
1293;26278.0;2021-04-01T14:00:00+02:00
1293;24904.5;2021-04-01T15:00:00+02:00
1293;23864.66666666667;2021-04-01T16:00:00+02:00
1293;23366.0;2021-04-01T17:00:00+02:00
1293;23121.5;2021-04-01T18:00:00+02:00
1293;23396.0;2021-04-01T19:00:00+02:00
1293;24909.66666666667;2021-04-01T20:00:00+02:00
1293;27375.66666666667;2021-04-01T21:00:00+02:00
1293;26028.16666666667;2021-04-01T22:00:00+02:00
1293;23970.33333333333;2021-04-01T23:00:00+02:00
1293;22319.5;2021-04-02T00:00:00+02:00
1293;20847.33333333333;2021-04-02T01:00:00+02:00
1293;19816.33333333333;2021-04-02T02:00:00+02:00
1293;19265.83333333333;2021-04-02T03:00:00+02:00
1293;18935.0;2021-04-02T04:00:00+02:00
1293;18910.66666666667;2021-04-02T05:00:00+02:00
1293;19316.83333333333;2021-04-02T06:00:00+02:00
1293;19998.0;2021-04-02T07:00:00+02:00
1293;20113.83333333333;2021-04-02T08:00:00+02:00
1293;21923.16666666667;2021-04-02T09:00:00+02:00
1293;23541.0;2021-04-02T10:00:00+02:00
1293;24156.5;2021-04-02T11:00:00+02:00
1293;24357.16666666667;2021-04-02T12:00:00+02:00
1293;24418.16666666667;2021-04-02T13:00:00+02:00
1293;24142.16666666667;2021-04-02T14:00:00+02:00
1293;22708.83333333333;2021-04-02T15:00:00+02:00
1293;21897.66666666667;2021-04-02T16:00:00+02:00
1293;21420.66666666667;2021-04-02T17:00:00+02:00
1293;21477.0;2021-04-02T18:00:00+02:00
1293;21652.5;2021-04-02T19:00:00+02:00
1293;23531.5;2021-04-02T20:00:00+02:00
1293;25966.16666666667;2021-04-02T21:00:00+02:00
1293;25166.66666666667;2021-04-02T22:00:00+02:00
1293;23196.83333333333;2021-04-02T23:00:00+02:00
1293;21809.5;2021-04-03T00:00:00+02:00
1293;20467.0;2021-04-03T01:00:00+02:00
1293;19507.0;2021-04-03T02:00:00+02:00
1293;19115.66666666667;2021-04-03T03:00:00+02:00
1293;18856.16666666667;2021-04-03T04:00:00+02:00
1293;19055.16666666667;2021-04-03T05:00:00+02:00
1293;19676.16666666667;2021-04-03T06:00:00+02:00
1293;20606.66666666667;2021-04-03T07:00:00+02:00
1293;21491.0;2021-04-03T08:00:00+02:00
1293;23612.83333333333;2021-04-03T09:00:00+02:00
1293;25175.33333333333;2021-04-03T10:00:00+02:00
1293;25584.5;2021-04-03T11:00:00+02:00
1293;25488.5;2021-04-03T12:00:00+02:00
1293;25485.5;2021-04-03T13:00:00+02:00
1293;25261.5;2021-04-03T14:00:00+02:00
1293;23960.33333333333;2021-04-03T15:00:00+02:00
1293;23128.5;2021-04-03T16:00:00+02:00
1293;22729.66666666667;2021-04-03T17:00:00+02:00
1293;22743.83333333333;2021-04-03T18:00:00+02:00
1293;23033.0;2021-04-03T19:00:00+02:00
1293;24390.0;2021-04-03T20:00:00+02:00
1293;26940.5;2021-04-03T21:00:00+02:00
1293;25678.66666666667;2021-04-03T22:00:00+02:00
1293;23602.16666666667;2021-04-03T23:00:00+02:00
1293;21946.83333333333;2021-04-04T00:00:00+02:00
1293;20336.83333333333;2021-04-04T01:00:00+02:00
1293;19447.0;2021-04-04T02:00:00+02:00
1293;18841.66666666667;2021-04-04T03:00:00+02:00
1293;18571.5;2021-04-04T04:00:00+02:00
1293;18497.16666666667;2021-04-04T05:00:00+02:00
1293;18921.33333333333;2021-04-04T06:00:00+02:00
1293;19282.5;2021-04-04T07:00:00+02:00
1293;19547.33333333333;2021-04-04T08:00:00+02:00
1293;21419.66666666667;2021-04-04T09:00:00+02:00
1293;23308.0;2021-04-04T10:00:00+02:00
1293;23998.0;2021-04-04T11:00:00+02:00
1293;23919.33333333333;2021-04-04T12:00:00+02:00
1293;24026.0;2021-04-04T13:00:00+02:00
1293;23940.83333333333;2021-04-04T14:00:00+02:00
1293;22505.66666666667;2021-04-04T15:00:00+02:00
1293;21764.66666666667;2021-04-04T16:00:00+02:00
1293;21202.33333333333;2021-04-04T17:00:00+02:00
1293;21210.5;2021-04-04T18:00:00+02:00
1293;21752.33333333333;2021-04-04T19:00:00+02:00
1293;23412.83333333333;2021-04-04T20:00:00+02:00
1293;26234.16666666667;2021-04-04T21:00:00+02:00
1293;25287.5;2021-04-04T22:00:00+02:00
1293;23304.16666666667;2021-04-04T23:00:00+02:00
1293;21736.83333333333;2021-04-05T00:00:00+02:00
1293;20199.33333333333;2021-04-05T01:00:00+02:00
1293;19401.5;2021-04-05T02:00:00+02:00
1293;18895.83333333333;2021-04-05T03:00:00+02:00
1293;18754.5;2021-04-05T04:00:00+02:00
1293;19039.33333333333;2021-04-05T05:00:00+02:00
1293;20444.66666666667;2021-04-05T06:00:00+02:00
1293;22738.0;2021-04-05T07:00:00+02:00
1293;24127.66666666667;2021-04-05T08:00:00+02:00
1293;25902.0;2021-04-05T09:00:00+02:00
1293;26482.66666666667;2021-04-05T10:00:00+02:00
1293;26474.5;2021-04-05T11:00:00+02:00
1293;26425.16666666667;2021-04-05T12:00:00+02:00
1293;26452.66666666667;2021-04-05T13:00:00+02:00
1293;26259.5;2021-04-05T14:00:00+02:00
1293;25049.16666666667;2021-04-05T15:00:00+02:00
1293;24463.16666666667;2021-04-05T16:00:00+02:00
1293;24158.0;2021-04-05T17:00:00+02:00
1293;24123.0;2021-04-05T18:00:00+02:00
1293;24511.83333333333;2021-04-05T19:00:00+02:00
1293;26129.5;2021-04-05T20:00:00+02:00
1293;28842.16666666667;2021-04-05T21:00:00+02:00
1293;26997.33333333333;2021-04-05T22:00:00+02:00
1293;24612.83333333333;2021-04-05T23:00:00+02:00
1293;22866.33333333333;2021-04-06T00:00:00+02:00
1293;21697.33333333333;2021-04-06T01:00:00+02:00
1293;21002.5;2021-04-06T02:00:00+02:00
1293;20570.0;2021-04-06T03:00:00+02:00
1293;20538.0;2021-04-06T04:00:00+02:00
1293;21081.5;2021-04-06T05:00:00+02:00
1293;23353.5;2021-04-06T06:00:00+02:00
1293;26720.83333333333;2021-04-06T07:00:00+02:00
1293;28760.16666666667;2021-04-06T08:00:00+02:00
1293;30063.66666666667;2021-04-06T09:00:00+02:00
1293;30398.5;2021-04-06T10:00:00+02:00
1293;30527.66666666667;2021-04-06T11:00:00+02:00
1293;30541.0;2021-04-06T12:00:00+02:00
1293;30633.33333333333;2021-04-06T13:00:00+02:00
1293;30045.33333333333;2021-04-06T14:00:00+02:00
1293;28939.16666666667;2021-04-06T15:00:00+02:00
1293;28287.33333333333;2021-04-06T16:00:00+02:00
1293;28099.16666666667;2021-04-06T17:00:00+02:00
1293;27983.5;2021-04-06T18:00:00+02:00
1293;28168.0;2021-04-06T19:00:00+02:00
1293;29772.33333333333;2021-04-06T20:00:00+02:00
1293;31662.0;2021-04-06T21:00:00+02:00
1293;28909.83333333333;2021-04-06T22:00:00+02:00
1293;26370.83333333333;2021-04-06T23:00:00+02:00
1293;24725.66666666667;2021-04-07T00:00:00+02:00
1293;23333.0;2021-04-07T01:00:00+02:00
1293;22573.83333333333;2021-04-07T02:00:00+02:00
1293;22097.66666666667;2021-04-07T03:00:00+02:00
1293;22059.5;2021-04-07T04:00:00+02:00
1293;22491.83333333333;2021-04-07T05:00:00+02:00
1293;24678.5;2021-04-07T06:00:00+02:00
1293;27900.0;2021-04-07T07:00:00+02:00
1293;29840.0;2021-04-07T08:00:00+02:00
1293;31228.0;2021-04-07T09:00:00+02:00
1293;31419.66666666667;2021-04-07T10:00:00+02:00
1293;31478.33333333333;2021-04-07T11:00:00+02:00
1293;31698.16666666667;2021-04-07T12:00:00+02:00
1293;31534.33333333333;2021-04-07T13:00:00+02:00
1293;30697.83333333333;2021-04-07T14:00:00+02:00
1293;29485.5;2021-04-07T15:00:00+02:00
1293;28969.33333333333;2021-04-07T16:00:00+02:00
1293;28811.5;2021-04-07T17:00:00+02:00
1293;28789.16666666667;2021-04-07T18:00:00+02:00
1293;29130.33333333333;2021-04-07T19:00:00+02:00
1293;30610.0;2021-04-07T20:00:00+02:00
1293;32248.83333333333;2021-04-07T21:00:00+02:00
1293;29588.33333333333;2021-04-07T22:00:00+02:00
1293;26984.66666666667;2021-04-07T23:00:00+02:00
1293;25242.16666666667;2021-04-08T00:00:00+02:00
1293;23906.33333333333;2021-04-08T01:00:00+02:00
1293;22860.33333333333;2021-04-08T02:00:00+02:00
1293;22492.66666666667;2021-04-08T03:00:00+02:00
1293;22465.5;2021-04-08T04:00:00+02:00
1293;22762.83333333333;2021-04-08T05:00:00+02:00
1293;25077.0;2021-04-08T06:00:00+02:00
1293;28571.0;2021-04-08T07:00:00+02:00
1293;30308.66666666667;2021-04-08T08:00:00+02:00
1293;31812.83333333333;2021-04-08T09:00:00+02:00
1293;31946.83333333333;2021-04-08T10:00:00+02:00
1293;32085.0;2021-04-08T11:00:00+02:00
1293;32110.16666666667;2021-04-08T12:00:00+02:00
1293;31856.83333333333;2021-04-08T13:00:00+02:00
1293;30713.33333333333;2021-04-08T14:00:00+02:00
1293;29444.0;2021-04-08T15:00:00+02:00
1293;29019.16666666667;2021-04-08T16:00:00+02:00
1293;28692.66666666667;2021-04-08T17:00:00+02:00
1293;28427.33333333333;2021-04-08T18:00:00+02:00
1293;28821.66666666667;2021-04-08T19:00:00+02:00
1293;30482.83333333333;2021-04-08T20:00:00+02:00
1293;32232.83333333333;2021-04-08T21:00:00+02:00
1293;29659.66666666667;2021-04-08T22:00:00+02:00
1293;26824.83333333333;2021-04-08T23:00:00+02:00
1293;25086.16666666667;2021-04-09T00:00:00+02:00
1293;23686.16666666667;2021-04-09T01:00:00+02:00
1293;22824.5;2021-04-09T02:00:00+02:00
1293;22406.33333333333;2021-04-09T03:00:00+02:00
1293;22222.83333333333;2021-04-09T04:00:00+02:00
1293;22600.16666666667;2021-04-09T05:00:00+02:00
1293;24776.83333333333;2021-04-09T06:00:00+02:00
1293;27957.5;2021-04-09T07:00:00+02:00
1293;29994.66666666667;2021-04-09T08:00:00+02:00
1293;31516.83333333333;2021-04-09T09:00:00+02:00
1293;32259.66666666667;2021-04-09T10:00:00+02:00
1293;32572.33333333333;2021-04-09T11:00:00+02:00
1293;32694.0;2021-04-09T12:00:00+02:00
1293;32538.83333333333;2021-04-09T13:00:00+02:00
1293;31696.33333333333;2021-04-09T14:00:00+02:00
1293;30375.33333333333;2021-04-09T15:00:00+02:00
1293;29467.5;2021-04-09T16:00:00+02:00
1293;29039.83333333333;2021-04-09T17:00:00+02:00
1293;28679.33333333333;2021-04-09T18:00:00+02:00
1293;28783.5;2021-04-09T19:00:00+02:00
1293;29940.33333333333;2021-04-09T20:00:00+02:00
1293;31335.16666666667;2021-04-09T21:00:00+02:00
1293;28930.33333333333;2021-04-09T22:00:00+02:00
1293;26689.16666666667;2021-04-09T23:00:00+02:00
1293;25027.66666666667;2021-04-10T00:00:00+02:00
1293;23559.0;2021-04-10T01:00:00+02:00
1293;22311.0;2021-04-10T02:00:00+02:00
1293;21854.0;2021-04-10T03:00:00+02:00
1293;21542.0;2021-04-10T04:00:00+02:00
1293;21363.5;2021-04-10T05:00:00+02:00
1293;21786.83333333333;2021-04-10T06:00:00+02:00
1293;22603.16666666667;2021-04-10T07:00:00+02:00
1293;23558.0;2021-04-10T08:00:00+02:00
1293;26098.5;2021-04-10T09:00:00+02:00
1293;27907.5;2021-04-10T10:00:00+02:00
1293;28560.33333333333;2021-04-10T11:00:00+02:00
1293;28787.16666666667;2021-04-10T12:00:00+02:00
1293;28952.83333333333;2021-04-10T13:00:00+02:00
1293;28315.5;2021-04-10T14:00:00+02:00
1293;26677.83333333333;2021-04-10T15:00:00+02:00
1293;25405.0;2021-04-10T16:00:00+02:00
1293;24914.66666666667;2021-04-10T17:00:00+02:00
1293;24644.66666666667;2021-04-10T18:00:00+02:00
1293;25061.5;2021-04-10T19:00:00+02:00
1293;26546.83333333333;2021-04-10T20:00:00+02:00
1293;28867.5;2021-04-10T21:00:00+02:00
1293;27181.16666666667;2021-04-10T22:00:00+02:00
1293;24928.16666666667;2021-04-10T23:00:00+02:00
1293;23104.66666666667;2021-04-11T00:00:00+02:00
1293;21512.83333333333;2021-04-11T01:00:00+02:00
1293;20308.0;2021-04-11T02:00:00+02:00
1293;19771.66666666667;2021-04-11T03:00:00+02:00
1293;19501.5;2021-04-11T04:00:00+02:00
1293;19465.0;2021-04-11T05:00:00+02:00
1293;19755.0;2021-04-11T06:00:00+02:00
1293;20084.0;2021-04-11T07:00:00+02:00
1293;20559.0;2021-04-11T08:00:00+02:00
1293;22732.66666666667;2021-04-11T09:00:00+02:00
1293;24667.33333333333;2021-04-11T10:00:00+02:00
1293;25810.33333333333;2021-04-11T11:00:00+02:00
1293;26050.33333333333;2021-04-11T12:00:00+02:00
1293;26513.16666666667;2021-04-11T13:00:00+02:00
1293;26601.33333333333;2021-04-11T14:00:00+02:00
1293;24864.5;2021-04-11T15:00:00+02:00
1293;23569.16666666667;2021-04-11T16:00:00+02:00
1293;23207.5;2021-04-11T17:00:00+02:00
1293;23345.16666666667;2021-04-11T18:00:00+02:00
1293;23957.5;2021-04-11T19:00:00+02:00
1293;25570.83333333333;2021-04-11T20:00:00+02:00
1293;28145.33333333333;2021-04-11T21:00:00+02:00
1293;26883.83333333333;2021-04-11T22:00:00+02:00
1293;24977.66666666667;2021-04-11T23:00:00+02:00
1293;23203.83333333333;2021-04-12T00:00:00+02:00
1293;21793.16666666667;2021-04-12T01:00:00+02:00
1293;20964.16666666667;2021-04-12T02:00:00+02:00
1293;20569.5;2021-04-12T03:00:00+02:00
1293;20586.66666666667;2021-04-12T04:00:00+02:00
1293;21213.5;2021-04-12T05:00:00+02:00
1293;23701.0;2021-04-12T06:00:00+02:00
1293;27159.16666666667;2021-04-12T07:00:00+02:00
1293;29435.33333333333;2021-04-12T08:00:00+02:00
1293;30900.83333333333;2021-04-12T09:00:00+02:00
1293;31390.83333333333;2021-04-12T10:00:00+02:00
1293;31383.83333333333;2021-04-12T11:00:00+02:00
1293;31431.5;2021-04-12T12:00:00+02:00
1293;31214.33333333333;2021-04-12T13:00:00+02:00
1293;30557.0;2021-04-12T14:00:00+02:00
1293;29548.33333333333;2021-04-12T15:00:00+02:00
1293;28772.5;2021-04-12T16:00:00+02:00
1293;28332.83333333333;2021-04-12T17:00:00+02:00
1293;28066.66666666667;2021-04-12T18:00:00+02:00
1293;28483.66666666667;2021-04-12T19:00:00+02:00
1293;29815.83333333333;2021-04-12T20:00:00+02:00
1293;31790.83333333333;2021-04-12T21:00:00+02:00
1293;29506.33333333333;2021-04-12T22:00:00+02:00
1293;26806.33333333333;2021-04-12T23:00:00+02:00
1293;24850.0;2021-04-13T00:00:00+02:00
1293;23475.66666666667;2021-04-13T01:00:00+02:00
1293;22611.5;2021-04-13T02:00:00+02:00
1293;22343.33333333333;2021-04-13T03:00:00+02:00
1293;22164.16666666667;2021-04-13T04:00:00+02:00
1293;22710.83333333333;2021-04-13T05:00:00+02:00
1293;25055.66666666667;2021-04-13T06:00:00+02:00
1293;28447.33333333333;2021-04-13T07:00:00+02:00
1293;30663.0;2021-04-13T08:00:00+02:00
1293;31644.83333333333;2021-04-13T09:00:00+02:00
1293;32565.66666666667;2021-04-13T10:00:00+02:00
1293;32727.83333333333;2021-04-13T11:00:00+02:00
1293;32684.66666666667;2021-04-13T12:00:00+02:00
1293;32442.0;2021-04-13T13:00:00+02:00
1293;31377.16666666667;2021-04-13T14:00:00+02:00
1293;30224.0;2021-04-13T15:00:00+02:00
1293;29689.5;2021-04-13T16:00:00+02:00
1293;29433.33333333333;2021-04-13T17:00:00+02:00
1293;29300.0;2021-04-13T18:00:00+02:00
1293;29739.5;2021-04-13T19:00:00+02:00
1293;31191.0;2021-04-13T20:00:00+02:00
1293;32553.5;2021-04-13T21:00:00+02:00
1293;29699.0;2021-04-13T22:00:00+02:00
1293;27125.33333333333;2021-04-13T23:00:00+02:00
1293;25346.66666666667;2021-04-14T00:00:00+02:00
1293;23929.16666666667;2021-04-14T01:00:00+02:00
1293;22902.0;2021-04-14T02:00:00+02:00
1293;22512.0;2021-04-14T03:00:00+02:00
1293;22321.83333333333;2021-04-14T04:00:00+02:00
1293;22867.83333333333;2021-04-14T05:00:00+02:00
1293;25256.66666666667;2021-04-14T06:00:00+02:00
1293;28601.33333333333;2021-04-14T07:00:00+02:00
1293;30567.33333333333;2021-04-14T08:00:00+02:00
1293;31576.83333333333;2021-04-14T09:00:00+02:00
1293;31895.16666666667;2021-04-14T10:00:00+02:00
1293;32085.0;2021-04-14T11:00:00+02:00
1293;32184.33333333333;2021-04-14T12:00:00+02:00
1293;31760.5;2021-04-14T13:00:00+02:00
1293;30758.0;2021-04-14T14:00:00+02:00
1293;29676.0;2021-04-14T15:00:00+02:00
1293;29301.5;2021-04-14T16:00:00+02:00
1293;28988.5;2021-04-14T17:00:00+02:00
1293;28835.5;2021-04-14T18:00:00+02:00
1293;29509.16666666667;2021-04-14T19:00:00+02:00
1293;31062.0;2021-04-14T20:00:00+02:00
1293;32487.33333333333;2021-04-14T21:00:00+02:00
1293;29576.16666666667;2021-04-14T22:00:00+02:00
1293;26952.83333333333;2021-04-14T23:00:00+02:00
1293;25213.0;2021-04-15T00:00:00+02:00
1293;23930.16666666667;2021-04-15T01:00:00+02:00
1293;23043.16666666667;2021-04-15T02:00:00+02:00
1293;22745.33333333333;2021-04-15T03:00:00+02:00
1293;22527.0;2021-04-15T04:00:00+02:00
1293;23029.5;2021-04-15T05:00:00+02:00
1293;25324.0;2021-04-15T06:00:00+02:00
1293;28230.33333333333;2021-04-15T07:00:00+02:00
1293;30258.5;2021-04-15T08:00:00+02:00
1293;31659.66666666667;2021-04-15T09:00:00+02:00
1293;32291.33333333333;2021-04-15T10:00:00+02:00
1293;32505.66666666667;2021-04-15T11:00:00+02:00
1293;32367.16666666667;2021-04-15T12:00:00+02:00
1293;32310.66666666667;2021-04-15T13:00:00+02:00
1293;31355.33333333333;2021-04-15T14:00:00+02:00
1293;30326.33333333333;2021-04-15T15:00:00+02:00
1293;29727.16666666667;2021-04-15T16:00:00+02:00
1293;29323.16666666667;2021-04-15T17:00:00+02:00
1293;29091.16666666667;2021-04-15T18:00:00+02:00
1293;29680.66666666667;2021-04-15T19:00:00+02:00
1293;31193.5;2021-04-15T20:00:00+02:00
1293;32483.83333333333;2021-04-15T21:00:00+02:00
1293;29891.33333333333;2021-04-15T22:00:00+02:00
1293;27230.66666666667;2021-04-15T23:00:00+02:00
1293;25435.33333333333;2021-04-16T00:00:00+02:00
1293;24125.83333333333;2021-04-16T01:00:00+02:00
1293;23092.83333333333;2021-04-16T02:00:00+02:00
1293;22691.66666666667;2021-04-16T03:00:00+02:00
1293;22550.16666666667;2021-04-16T04:00:00+02:00
1293;22936.33333333333;2021-04-16T05:00:00+02:00
1293;25168.16666666667;2021-04-16T06:00:00+02:00
1293;28301.16666666667;2021-04-16T07:00:00+02:00
1293;30363.83333333333;2021-04-16T08:00:00+02:00
1293;31660.66666666667;2021-04-16T09:00:00+02:00
1293;32090.66666666667;2021-04-16T10:00:00+02:00
1293;31855.33333333333;2021-04-16T11:00:00+02:00
1293;31770.16666666667;2021-04-16T12:00:00+02:00
1293;31339.83333333333;2021-04-16T13:00:00+02:00
1293;30625.66666666667;2021-04-16T14:00:00+02:00
1293;29564.5;2021-04-16T15:00:00+02:00
1293;28885.16666666667;2021-04-16T16:00:00+02:00
1293;28634.83333333333;2021-04-16T17:00:00+02:00
1293;28483.33333333333;2021-04-16T18:00:00+02:00
1293;28662.0;2021-04-16T19:00:00+02:00
1293;29991.0;2021-04-16T20:00:00+02:00
1293;31666.66666666667;2021-04-16T21:00:00+02:00
1293;29582.33333333333;2021-04-16T22:00:00+02:00
1293;27110.66666666667;2021-04-16T23:00:00+02:00
1293;25377.66666666667;2021-04-17T00:00:00+02:00
1293;23658.66666666667;2021-04-17T01:00:00+02:00
1293;22490.33333333333;2021-04-17T02:00:00+02:00
1293;21991.0;2021-04-17T03:00:00+02:00
1293;21734.83333333333;2021-04-17T04:00:00+02:00
1293;21657.5;2021-04-17T05:00:00+02:00
1293;22055.16666666667;2021-04-17T06:00:00+02:00
1293;22892.33333333333;2021-04-17T07:00:00+02:00
1293;24171.5;2021-04-17T08:00:00+02:00
1293;26677.5;2021-04-17T09:00:00+02:00
1293;28023.16666666667;2021-04-17T10:00:00+02:00
1293;28305.0;2021-04-17T11:00:00+02:00
1293;28087.5;2021-04-17T12:00:00+02:00
1293;28146.0;2021-04-17T13:00:00+02:00
1293;27782.66666666667;2021-04-17T14:00:00+02:00
1293;26407.0;2021-04-17T15:00:00+02:00
1293;25234.5;2021-04-17T16:00:00+02:00
1293;24733.5;2021-04-17T17:00:00+02:00
1293;24576.0;2021-04-17T18:00:00+02:00
1293;24902.16666666667;2021-04-17T19:00:00+02:00
1293;26179.16666666667;2021-04-17T20:00:00+02:00
1293;28619.66666666667;2021-04-17T21:00:00+02:00
1293;27556.0;2021-04-17T22:00:00+02:00
1293;25502.33333333333;2021-04-17T23:00:00+02:00
1293;23589.66666666667;2021-04-18T00:00:00+02:00
1293;21925.5;2021-04-18T01:00:00+02:00
1293;20805.33333333333;2021-04-18T02:00:00+02:00
1293;20268.16666666667;2021-04-18T03:00:00+02:00
1293;20008.33333333333;2021-04-18T04:00:00+02:00
1293;19881.66666666667;2021-04-18T05:00:00+02:00
1293;20098.16666666667;2021-04-18T06:00:00+02:00
1293;20430.33333333333;2021-04-18T07:00:00+02:00
1293;20975.16666666667;2021-04-18T08:00:00+02:00
1293;22987.16666666667;2021-04-18T09:00:00+02:00
1293;24794.83333333333;2021-04-18T10:00:00+02:00
1293;25464.83333333333;2021-04-18T11:00:00+02:00
1293;25577.83333333333;2021-04-18T12:00:00+02:00
1293;25821.66666666667;2021-04-18T13:00:00+02:00
1293;25650.66666666667;2021-04-18T14:00:00+02:00
1293;24269.83333333333;2021-04-18T15:00:00+02:00
1293;23191.66666666667;2021-04-18T16:00:00+02:00
1293;22873.83333333333;2021-04-18T17:00:00+02:00
1293;22808.66666666667;2021-04-18T18:00:00+02:00
1293;23700.83333333333;2021-04-18T19:00:00+02:00
1293;25568.66666666667;2021-04-18T20:00:00+02:00
1293;28076.66666666667;2021-04-18T21:00:00+02:00
1293;27046.0;2021-04-18T22:00:00+02:00
1293;25219.0;2021-04-18T23:00:00+02:00
1293;23310.0;2021-04-19T00:00:00+02:00
1293;21885.83333333333;2021-04-19T01:00:00+02:00
1293;21094.83333333333;2021-04-19T02:00:00+02:00
1293;20718.0;2021-04-19T03:00:00+02:00
1293;20880.16666666667;2021-04-19T04:00:00+02:00
1293;21474.5;2021-04-19T05:00:00+02:00
1293;24335.83333333333;2021-04-19T06:00:00+02:00
1293;27724.66666666667;2021-04-19T07:00:00+02:00
1293;30284.5;2021-04-19T08:00:00+02:00
1293;31466.83333333333;2021-04-19T09:00:00+02:00
1293;31982.33333333333;2021-04-19T10:00:00+02:00
1293;31851.33333333333;2021-04-19T11:00:00+02:00
1293;31742.83333333333;2021-04-19T12:00:00+02:00
1293;31463.83333333333;2021-04-19T13:00:00+02:00
1293;30628.66666666667;2021-04-19T14:00:00+02:00
1293;29489.5;2021-04-19T15:00:00+02:00
1293;29085.16666666667;2021-04-19T16:00:00+02:00
1293;28595.0;2021-04-19T17:00:00+02:00
1293;28614.83333333333;2021-04-19T18:00:00+02:00
1293;29279.66666666667;2021-04-19T19:00:00+02:00
1293;30662.0;2021-04-19T20:00:00+02:00
1293;32075.5;2021-04-19T21:00:00+02:00
1293;29581.0;2021-04-19T22:00:00+02:00
1293;26799.33333333333;2021-04-19T23:00:00+02:00
1293;25069.0;2021-04-20T00:00:00+02:00
1293;23676.5;2021-04-20T01:00:00+02:00
1293;22853.33333333333;2021-04-20T02:00:00+02:00
1293;22458.33333333333;2021-04-20T03:00:00+02:00
1293;22257.5;2021-04-20T04:00:00+02:00
1293;22759.33333333333;2021-04-20T05:00:00+02:00
1293;24822.16666666667;2021-04-20T06:00:00+02:00
1293;28135.16666666667;2021-04-20T07:00:00+02:00
1293;30139.0;2021-04-20T08:00:00+02:00
1293;31386.66666666667;2021-04-20T09:00:00+02:00
1293;31770.66666666667;2021-04-20T10:00:00+02:00
1293;31669.83333333333;2021-04-20T11:00:00+02:00
1293;31694.5;2021-04-20T12:00:00+02:00
1293;31583.83333333333;2021-04-20T13:00:00+02:00
1293;30862.83333333333;2021-04-20T14:00:00+02:00
1293;30073.83333333333;2021-04-20T15:00:00+02:00
1293;29463.66666666667;2021-04-20T16:00:00+02:00
1293;29228.83333333333;2021-04-20T17:00:00+02:00
1293;28993.16666666667;2021-04-20T18:00:00+02:00
1293;29427.0;2021-04-20T19:00:00+02:00
1293;30765.16666666667;2021-04-20T20:00:00+02:00
1293;31970.0;2021-04-20T21:00:00+02:00
1293;29464.66666666667;2021-04-20T22:00:00+02:00
1293;26835.0;2021-04-20T23:00:00+02:00
1293;25238.66666666667;2021-04-21T00:00:00+02:00
1293;23991.66666666667;2021-04-21T01:00:00+02:00
1293;23014.33333333333;2021-04-21T02:00:00+02:00
1293;22652.16666666667;2021-04-21T03:00:00+02:00
1293;22525.33333333333;2021-04-21T04:00:00+02:00
1293;22954.66666666667;2021-04-21T05:00:00+02:00
1293;24936.16666666667;2021-04-21T06:00:00+02:00
1293;28055.33333333333;2021-04-21T07:00:00+02:00
1293;30081.66666666667;2021-04-21T08:00:00+02:00
1293;31251.0;2021-04-21T09:00:00+02:00
1293;31660.5;2021-04-21T10:00:00+02:00
1293;31650.33333333333;2021-04-21T11:00:00+02:00
1293;31681.5;2021-04-21T12:00:00+02:00
1293;31505.5;2021-04-21T13:00:00+02:00
1293;30744.5;2021-04-21T14:00:00+02:00
1293;29792.5;2021-04-21T15:00:00+02:00
1293;29155.16666666667;2021-04-21T16:00:00+02:00
1293;29110.0;2021-04-21T17:00:00+02:00
1293;28804.16666666667;2021-04-21T18:00:00+02:00
1293;29327.83333333333;2021-04-21T19:00:00+02:00
1293;30841.5;2021-04-21T20:00:00+02:00
1293;32030.83333333333;2021-04-21T21:00:00+02:00
1293;29593.0;2021-04-21T22:00:00+02:00
1293;26904.5;2021-04-21T23:00:00+02:00
1293;25409.66666666667;2021-04-22T00:00:00+02:00
1293;23842.5;2021-04-22T01:00:00+02:00
1293;22953.33333333333;2021-04-22T02:00:00+02:00
1293;22406.33333333333;2021-04-22T03:00:00+02:00
1293;22300.66666666667;2021-04-22T04:00:00+02:00
1293;22831.33333333333;2021-04-22T05:00:00+02:00
1293;25066.33333333333;2021-04-22T06:00:00+02:00
1293;28042.33333333333;2021-04-22T07:00:00+02:00
1293;30304.5;2021-04-22T08:00:00+02:00
1293;31577.33333333333;2021-04-22T09:00:00+02:00
1293;32145.33333333333;2021-04-22T10:00:00+02:00
1293;32179.83333333333;2021-04-22T11:00:00+02:00
1293;32309.83333333333;2021-04-22T12:00:00+02:00
1293;32390.5;2021-04-22T13:00:00+02:00
1293;31379.0;2021-04-22T14:00:00+02:00
1293;30195.0;2021-04-22T15:00:00+02:00
1293;29650.83333333333;2021-04-22T16:00:00+02:00
1293;29146.66666666667;2021-04-22T17:00:00+02:00
1293;28851.5;2021-04-22T18:00:00+02:00
1293;29127.66666666667;2021-04-22T19:00:00+02:00
1293;30260.5;2021-04-22T20:00:00+02:00
1293;31674.33333333333;2021-04-22T21:00:00+02:00
1293;29521.83333333333;2021-04-22T22:00:00+02:00
1293;26664.66666666667;2021-04-22T23:00:00+02:00
1293;24975.66666666667;2021-04-23T00:00:00+02:00
1293;23449.5;2021-04-23T01:00:00+02:00
1293;22589.83333333333;2021-04-23T02:00:00+02:00
1293;22261.66666666667;2021-04-23T03:00:00+02:00
1293;22005.66666666667;2021-04-23T04:00:00+02:00
1293;22284.16666666667;2021-04-23T05:00:00+02:00
1293;24457.5;2021-04-23T06:00:00+02:00
1293;27228.16666666667;2021-04-23T07:00:00+02:00
1293;29221.66666666667;2021-04-23T08:00:00+02:00
1293;30149.66666666667;2021-04-23T09:00:00+02:00
1293;30419.5;2021-04-23T10:00:00+02:00
1293;30550.33333333333;2021-04-23T11:00:00+02:00
1293;30739.5;2021-04-23T12:00:00+02:00
1293;30766.83333333333;2021-04-23T13:00:00+02:00
1293;29762.5;2021-04-23T14:00:00+02:00
1293;28782.5;2021-04-23T15:00:00+02:00
1293;28027.0;2021-04-23T16:00:00+02:00
1293;27486.33333333333;2021-04-23T17:00:00+02:00
1293;27339.33333333333;2021-04-23T18:00:00+02:00
1293;27262.5;2021-04-23T19:00:00+02:00
1293;28252.83333333333;2021-04-23T20:00:00+02:00
1293;29824.83333333333;2021-04-23T21:00:00+02:00
1293;28195.16666666667;2021-04-23T22:00:00+02:00
1293;25994.0;2021-04-23T23:00:00+02:00
1293;24417.0;2021-04-24T00:00:00+02:00
1293;22960.66666666667;2021-04-24T01:00:00+02:00
1293;22001.83333333333;2021-04-24T02:00:00+02:00
1293;21241.16666666667;2021-04-24T03:00:00+02:00
1293;21026.66666666667;2021-04-24T04:00:00+02:00
1293;20976.33333333333;2021-04-24T05:00:00+02:00
1293;21410.16666666667;2021-04-24T06:00:00+02:00
1293;21948.66666666667;2021-04-24T07:00:00+02:00
1293;23198.0;2021-04-24T08:00:00+02:00
1293;25572.83333333333;2021-04-24T09:00:00+02:00
1293;27088.16666666667;2021-04-24T10:00:00+02:00
1293;27582.0;2021-04-24T11:00:00+02:00
1293;27684.16666666667;2021-04-24T12:00:00+02:00
1293;27914.66666666667;2021-04-24T13:00:00+02:00
1293;27356.83333333333;2021-04-24T14:00:00+02:00
1293;25945.16666666667;2021-04-24T15:00:00+02:00
1293;24929.5;2021-04-24T16:00:00+02:00
1293;24246.83333333333;2021-04-24T17:00:00+02:00
1293;24145.16666666667;2021-04-24T18:00:00+02:00
1293;24474.33333333333;2021-04-24T19:00:00+02:00
1293;25506.66666666667;2021-04-24T20:00:00+02:00
1293;27633.33333333333;2021-04-24T21:00:00+02:00
1293;26506.66666666667;2021-04-24T22:00:00+02:00
1293;24556.0;2021-04-24T23:00:00+02:00
1293;22846.0;2021-04-25T00:00:00+02:00
1293;21210.66666666667;2021-04-25T01:00:00+02:00
1293;20237.0;2021-04-25T02:00:00+02:00
1293;19748.66666666667;2021-04-25T03:00:00+02:00
1293;19615.33333333333;2021-04-25T04:00:00+02:00
1293;19583.0;2021-04-25T05:00:00+02:00
1293;19631.66666666667;2021-04-25T06:00:00+02:00
1293;19726.33333333333;2021-04-25T07:00:00+02:00
1293;20515.16666666667;2021-04-25T08:00:00+02:00
1293;22641.66666666667;2021-04-25T09:00:00+02:00
1293;24723.66666666667;2021-04-25T10:00:00+02:00
1293;25717.0;2021-04-25T11:00:00+02:00
1293;26211.0;2021-04-25T12:00:00+02:00
1293;26588.33333333333;2021-04-25T13:00:00+02:00
1293;26249.16666666667;2021-04-25T14:00:00+02:00
1293;24538.5;2021-04-25T15:00:00+02:00
1293;23513.0;2021-04-25T16:00:00+02:00
1293;23111.66666666667;2021-04-25T17:00:00+02:00
1293;23271.5;2021-04-25T18:00:00+02:00
1293;23985.66666666667;2021-04-25T19:00:00+02:00
1293;25864.16666666667;2021-04-25T20:00:00+02:00
1293;27808.0;2021-04-25T21:00:00+02:00
1293;26809.5;2021-04-25T22:00:00+02:00
1293;24837.16666666667;2021-04-25T23:00:00+02:00
1293;23005.0;2021-04-26T00:00:00+02:00
1293;21701.66666666667;2021-04-26T01:00:00+02:00
1293;20820.16666666667;2021-04-26T02:00:00+02:00
1293;20395.5;2021-04-26T03:00:00+02:00
1293;20558.0;2021-04-26T04:00:00+02:00
1293;21194.5;2021-04-26T05:00:00+02:00
1293;23655.0;2021-04-26T06:00:00+02:00
1293;26729.0;2021-04-26T07:00:00+02:00
1293;29120.16666666667;2021-04-26T08:00:00+02:00
1293;30552.33333333333;2021-04-26T09:00:00+02:00
1293;31251.66666666667;2021-04-26T10:00:00+02:00
1293;31460.33333333333;2021-04-26T11:00:00+02:00
1293;31922.0;2021-04-26T12:00:00+02:00
1293;31771.66666666667;2021-04-26T13:00:00+02:00
1293;30916.5;2021-04-26T14:00:00+02:00
1293;29752.33333333333;2021-04-26T15:00:00+02:00
1293;29210.0;2021-04-26T16:00:00+02:00
1293;28963.83333333333;2021-04-26T17:00:00+02:00
1293;28616.0;2021-04-26T18:00:00+02:00
1293;29022.5;2021-04-26T19:00:00+02:00
1293;30121.16666666667;2021-04-26T20:00:00+02:00
1293;31211.0;2021-04-26T21:00:00+02:00
1293;29164.83333333333;2021-04-26T22:00:00+02:00
1293;26464.83333333333;2021-04-26T23:00:00+02:00
1293;24698.16666666667;2021-04-27T00:00:00+02:00
1293;23272.66666666667;2021-04-27T01:00:00+02:00
1293;22433.83333333333;2021-04-27T02:00:00+02:00
1293;22035.5;2021-04-27T03:00:00+02:00
1293;21986.83333333333;2021-04-27T04:00:00+02:00
1293;22557.5;2021-04-27T05:00:00+02:00
1293;24495.66666666667;2021-04-27T06:00:00+02:00
1293;27364.33333333333;2021-04-27T07:00:00+02:00
1293;29968.5;2021-04-27T08:00:00+02:00
1293;31202.66666666667;2021-04-27T09:00:00+02:00
1293;31607.33333333333;2021-04-27T10:00:00+02:00
1293;31842.5;2021-04-27T11:00:00+02:00
1293;32052.5;2021-04-27T12:00:00+02:00
1293;31708.5;2021-04-27T13:00:00+02:00
1293;30778.16666666667;2021-04-27T14:00:00+02:00
1293;29748.16666666667;2021-04-27T15:00:00+02:00
1293;29053.0;2021-04-27T16:00:00+02:00
1293;28758.66666666667;2021-04-27T17:00:00+02:00
1293;28642.5;2021-04-27T18:00:00+02:00
1293;29294.83333333333;2021-04-27T19:00:00+02:00
1293;30360.33333333333;2021-04-27T20:00:00+02:00
1293;31366.5;2021-04-27T21:00:00+02:00
1293;29180.66666666667;2021-04-27T22:00:00+02:00
1293;26504.66666666667;2021-04-27T23:00:00+02:00
1293;24807.66666666667;2021-04-28T00:00:00+02:00
1293;23277.16666666667;2021-04-28T01:00:00+02:00
1293;22375.16666666667;2021-04-28T02:00:00+02:00
1293;21887.33333333333;2021-04-28T03:00:00+02:00
1293;21914.83333333333;2021-04-28T04:00:00+02:00
1293;22226.5;2021-04-28T05:00:00+02:00
1293;24400.16666666667;2021-04-28T06:00:00+02:00
1293;27338.0;2021-04-28T07:00:00+02:00
1293;29614.33333333333;2021-04-28T08:00:00+02:00
1293;30844.33333333333;2021-04-28T09:00:00+02:00
1293;31190.16666666667;2021-04-28T10:00:00+02:00
1293;31200.33333333333;2021-04-28T11:00:00+02:00
1293;31375.83333333333;2021-04-28T12:00:00+02:00
1293;31294.16666666667;2021-04-28T13:00:00+02:00
1293;30390.83333333333;2021-04-28T14:00:00+02:00
1293;29369.16666666667;2021-04-28T15:00:00+02:00
1293;28861.5;2021-04-28T16:00:00+02:00
1293;28460.16666666667;2021-04-28T17:00:00+02:00
1293;28364.66666666667;2021-04-28T18:00:00+02:00
1293;28723.66666666667;2021-04-28T19:00:00+02:00
1293;29696.66666666667;2021-04-28T20:00:00+02:00
1293;30967.5;2021-04-28T21:00:00+02:00
1293;28976.83333333333;2021-04-28T22:00:00+02:00
1293;26390.33333333333;2021-04-28T23:00:00+02:00
1293;24609.5;2021-04-29T00:00:00+02:00
1293;23085.33333333333;2021-04-29T01:00:00+02:00
1293;22173.5;2021-04-29T02:00:00+02:00
1293;21764.33333333333;2021-04-29T03:00:00+02:00
1293;21890.5;2021-04-29T04:00:00+02:00
1293;22203.33333333333;2021-04-29T05:00:00+02:00
1293;24437.66666666667;2021-04-29T06:00:00+02:00
1293;27216.0;2021-04-29T07:00:00+02:00
1293;29493.16666666667;2021-04-29T08:00:00+02:00
1293;30671.83333333333;2021-04-29T09:00:00+02:00
1293;31307.66666666667;2021-04-29T10:00:00+02:00
1293;31374.16666666667;2021-04-29T11:00:00+02:00
1293;31453.0;2021-04-29T12:00:00+02:00
1293;31367.5;2021-04-29T13:00:00+02:00
1293;30561.83333333333;2021-04-29T14:00:00+02:00
1293;29520.0;2021-04-29T15:00:00+02:00
1293;28955.0;2021-04-29T16:00:00+02:00
1293;28706.0;2021-04-29T17:00:00+02:00
1293;28347.16666666667;2021-04-29T18:00:00+02:00
1293;28428.66666666667;2021-04-29T19:00:00+02:00
1293;29435.5;2021-04-29T20:00:00+02:00
1293;30942.0;2021-04-29T21:00:00+02:00
1293;28974.0;2021-04-29T22:00:00+02:00
1293;26408.0;2021-04-29T23:00:00+02:00
1293;24579.66666666667;2021-04-30T00:00:00+02:00
1293;23149.5;2021-04-30T01:00:00+02:00
1293;22216.0;2021-04-30T02:00:00+02:00
1293;21873.0;2021-04-30T03:00:00+02:00
1293;21802.33333333333;2021-04-30T04:00:00+02:00
1293;22261.83333333333;2021-04-30T05:00:00+02:00
1293;24446.0;2021-04-30T06:00:00+02:00
1293;27111.16666666667;2021-04-30T07:00:00+02:00
1293;29249.33333333333;2021-04-30T08:00:00+02:00
1293;30408.83333333333;2021-04-30T09:00:00+02:00
1293;30552.33333333333;2021-04-30T10:00:00+02:00
1293;30491.83333333333;2021-04-30T11:00:00+02:00
1293;30673.83333333333;2021-04-30T12:00:00+02:00
1293;30690.83333333333;2021-04-30T13:00:00+02:00
1293;29994.0;2021-04-30T14:00:00+02:00
1293;28975.66666666667;2021-04-30T15:00:00+02:00
1293;28384.33333333333;2021-04-30T16:00:00+02:00
1293;27762.83333333333;2021-04-30T17:00:00+02:00
1293;27550.0;2021-04-30T18:00:00+02:00
1293;27585.5;2021-04-30T19:00:00+02:00
1293;28425.33333333333;2021-04-30T20:00:00+02:00
1293;29752.16666666667;2021-04-30T21:00:00+02:00
1293;28091.5;2021-04-30T22:00:00+02:00
1293;25794.16666666667;2021-04-30T23:00:00+02:00
1293;23946.0;2021-05-01T00:00:00+02:00
1293;22338.5;2021-05-01T01:00:00+02:00
1293;21193.66666666667;2021-05-01T02:00:00+02:00
1293;20519.16666666667;2021-05-01T03:00:00+02:00
1293;20132.66666666667;2021-05-01T04:00:00+02:00
1293;19856.33333333333;2021-05-01T05:00:00+02:00
1293;19720.0;2021-05-01T06:00:00+02:00
1293;19848.83333333333;2021-05-01T07:00:00+02:00
1293;20922.83333333333;2021-05-01T08:00:00+02:00
1293;22967.33333333333;2021-05-01T09:00:00+02:00
1293;24627.5;2021-05-01T10:00:00+02:00
1293;25195.16666666667;2021-05-01T11:00:00+02:00
1293;25152.0;2021-05-01T12:00:00+02:00
1293;25397.33333333333;2021-05-01T13:00:00+02:00
1293;25001.83333333333;2021-05-01T14:00:00+02:00
1293;23501.5;2021-05-01T15:00:00+02:00
1293;22550.66666666667;2021-05-01T16:00:00+02:00
1293;21930.0;2021-05-01T17:00:00+02:00
1293;21693.83333333333;2021-05-01T18:00:00+02:00
1293;22105.66666666667;2021-05-01T19:00:00+02:00
1293;23018.66666666667;2021-05-01T20:00:00+02:00
1293;25274.83333333333;2021-05-01T21:00:00+02:00
1293;25041.16666666667;2021-05-01T22:00:00+02:00
1293;23472.66666666667;2021-05-01T23:00:00+02:00
1293;21631.83333333333;2021-05-02T00:00:00+02:00
1293;20109.16666666667;2021-05-02T01:00:00+02:00
1293;19153.66666666667;2021-05-02T02:00:00+02:00
1293;18619.83333333333;2021-05-02T03:00:00+02:00
1293;18429.33333333333;2021-05-02T04:00:00+02:00
1293;18453.83333333333;2021-05-02T05:00:00+02:00
1293;18944.33333333333;2021-05-02T06:00:00+02:00
1293;18934.16666666667;2021-05-02T07:00:00+02:00
1293;19937.66666666667;2021-05-02T08:00:00+02:00
1293;21893.66666666667;2021-05-02T09:00:00+02:00
1293;23692.5;2021-05-02T10:00:00+02:00
1293;24387.66666666667;2021-05-02T11:00:00+02:00
1293;24505.0;2021-05-02T12:00:00+02:00
1293;24484.16666666667;2021-05-02T13:00:00+02:00
1293;24270.33333333333;2021-05-02T14:00:00+02:00
1293;22706.66666666667;2021-05-02T15:00:00+02:00
1293;21999.83333333333;2021-05-02T16:00:00+02:00
1293;21723.0;2021-05-02T17:00:00+02:00
1293;21760.5;2021-05-02T18:00:00+02:00
1293;22333.33333333333;2021-05-02T19:00:00+02:00
1293;23621.66666666667;2021-05-02T20:00:00+02:00
1293;26021.0;2021-05-02T21:00:00+02:00
1293;25770.0;2021-05-02T22:00:00+02:00
1293;23917.16666666667;2021-05-02T23:00:00+02:00
1293;22049.16666666667;2021-05-03T00:00:00+02:00
1293;20863.66666666667;2021-05-03T01:00:00+02:00
1293;20064.83333333333;2021-05-03T02:00:00+02:00
1293;19650.33333333333;2021-05-03T03:00:00+02:00
1293;19708.66666666667;2021-05-03T04:00:00+02:00
1293;20307.66666666667;2021-05-03T05:00:00+02:00
1293;22660.66666666667;2021-05-03T06:00:00+02:00
1293;25476.33333333333;2021-05-03T07:00:00+02:00
1293;27757.0;2021-05-03T08:00:00+02:00
1293;29238.0;2021-05-03T09:00:00+02:00
1293;29771.16666666667;2021-05-03T10:00:00+02:00
1293;30102.5;2021-05-03T11:00:00+02:00
1293;30359.0;2021-05-03T12:00:00+02:00
1293;30409.16666666667;2021-05-03T13:00:00+02:00
1293;29717.5;2021-05-03T14:00:00+02:00
1293;28719.33333333333;2021-05-03T15:00:00+02:00
1293;28033.5;2021-05-03T16:00:00+02:00
1293;27485.5;2021-05-03T17:00:00+02:00
1293;27191.33333333333;2021-05-03T18:00:00+02:00
1293;27627.33333333333;2021-05-03T19:00:00+02:00
1293;28845.5;2021-05-03T20:00:00+02:00
1293;30452.16666666667;2021-05-03T21:00:00+02:00
1293;28735.0;2021-05-03T22:00:00+02:00
1293;26216.5;2021-05-03T23:00:00+02:00
1293;24529.66666666667;2021-05-04T00:00:00+02:00
1293;23152.83333333333;2021-05-04T01:00:00+02:00
1293;22271.16666666667;2021-05-04T02:00:00+02:00
1293;21920.33333333333;2021-05-04T03:00:00+02:00
1293;21774.0;2021-05-04T04:00:00+02:00
1293;22363.83333333333;2021-05-04T05:00:00+02:00
1293;24419.0;2021-05-04T06:00:00+02:00
1293;27027.66666666667;2021-05-04T07:00:00+02:00
1293;29356.66666666667;2021-05-04T08:00:00+02:00
1293;30498.5;2021-05-04T09:00:00+02:00
1293;31019.83333333333;2021-05-04T10:00:00+02:00
1293;30856.33333333333;2021-05-04T11:00:00+02:00
1293;30826.66666666667;2021-05-04T12:00:00+02:00
1293;30758.0;2021-05-04T13:00:00+02:00
1293;29850.83333333333;2021-05-04T14:00:00+02:00
1293;28705.16666666667;2021-05-04T15:00:00+02:00
1293;28305.0;2021-05-04T16:00:00+02:00
1293;28044.5;2021-05-04T17:00:00+02:00
1293;27815.16666666667;2021-05-04T18:00:00+02:00
1293;27980.0;2021-05-04T19:00:00+02:00
1293;29028.16666666667;2021-05-04T20:00:00+02:00
1293;30623.83333333333;2021-05-04T21:00:00+02:00
1293;28923.16666666667;2021-05-04T22:00:00+02:00
1293;26383.16666666667;2021-05-04T23:00:00+02:00
1293;24639.66666666667;2021-05-05T00:00:00+02:00
1293;23415.66666666667;2021-05-05T01:00:00+02:00
1293;22438.83333333333;2021-05-05T02:00:00+02:00
1293;22074.16666666667;2021-05-05T03:00:00+02:00
1293;22092.0;2021-05-05T04:00:00+02:00
1293;22582.33333333333;2021-05-05T05:00:00+02:00
1293;24672.16666666667;2021-05-05T06:00:00+02:00
1293;27301.66666666667;2021-05-05T07:00:00+02:00
1293;29412.0;2021-05-05T08:00:00+02:00
1293;30407.83333333333;2021-05-05T09:00:00+02:00
1293;30567.33333333333;2021-05-05T10:00:00+02:00
1293;30612.33333333333;2021-05-05T11:00:00+02:00
1293;30860.33333333333;2021-05-05T12:00:00+02:00
1293;30731.66666666667;2021-05-05T13:00:00+02:00
1293;30100.83333333333;2021-05-05T14:00:00+02:00
1293;28902.83333333333;2021-05-05T15:00:00+02:00
1293;28367.83333333333;2021-05-05T16:00:00+02:00
1293;28050.66666666667;2021-05-05T17:00:00+02:00
1293;27862.0;2021-05-05T18:00:00+02:00
1293;28120.33333333333;2021-05-05T19:00:00+02:00
1293;29127.5;2021-05-05T20:00:00+02:00
1293;30465.66666666667;2021-05-05T21:00:00+02:00
1293;28770.83333333333;2021-05-05T22:00:00+02:00
1293;26235.83333333333;2021-05-05T23:00:00+02:00
1293;24718.5;2021-05-06T00:00:00+02:00
1293;23400.0;2021-05-06T01:00:00+02:00
1293;22498.5;2021-05-06T02:00:00+02:00
1293;22055.5;2021-05-06T03:00:00+02:00
1293;21970.66666666667;2021-05-06T04:00:00+02:00
1293;22516.5;2021-05-06T05:00:00+02:00
1293;24394.33333333333;2021-05-06T06:00:00+02:00
1293;27140.66666666667;2021-05-06T07:00:00+02:00
1293;29036.33333333333;2021-05-06T08:00:00+02:00
1293;29906.16666666667;2021-05-06T09:00:00+02:00
1293;30007.16666666667;2021-05-06T10:00:00+02:00
1293;30161.0;2021-05-06T11:00:00+02:00
1293;30619.5;2021-05-06T12:00:00+02:00
1293;30492.83333333333;2021-05-06T13:00:00+02:00
1293;29692.66666666667;2021-05-06T14:00:00+02:00
1293;28647.33333333333;2021-05-06T15:00:00+02:00
1293;28289.66666666667;2021-05-06T16:00:00+02:00
1293;28116.66666666667;2021-05-06T17:00:00+02:00
1293;27966.83333333333;2021-05-06T18:00:00+02:00
1293;28188.83333333333;2021-05-06T19:00:00+02:00
1293;29191.66666666667;2021-05-06T20:00:00+02:00
1293;30273.0;2021-05-06T21:00:00+02:00
1293;28616.66666666667;2021-05-06T22:00:00+02:00
1293;26050.66666666667;2021-05-06T23:00:00+02:00
1293;24607.5;2021-05-07T00:00:00+02:00
1293;23163.66666666667;2021-05-07T01:00:00+02:00
1293;22401.5;2021-05-07T02:00:00+02:00
1293;22124.16666666667;2021-05-07T03:00:00+02:00
1293;22141.5;2021-05-07T04:00:00+02:00
1293;22566.33333333333;2021-05-07T05:00:00+02:00
1293;24259.66666666667;2021-05-07T06:00:00+02:00
1293;26840.16666666667;2021-05-07T07:00:00+02:00
1293;28694.0;2021-05-07T08:00:00+02:00
1293;29694.5;2021-05-07T09:00:00+02:00
1293;30043.33333333333;2021-05-07T10:00:00+02:00
1293;30264.16666666667;2021-05-07T11:00:00+02:00
1293;30583.16666666667;2021-05-07T12:00:00+02:00
1293;30550.33333333333;2021-05-07T13:00:00+02:00
1293;29553.5;2021-05-07T14:00:00+02:00
1293;28426.33333333333;2021-05-07T15:00:00+02:00
1293;27951.0;2021-05-07T16:00:00+02:00
1293;27867.83333333333;2021-05-07T17:00:00+02:00
1293;27555.0;2021-05-07T18:00:00+02:00
1293;27541.66666666667;2021-05-07T19:00:00+02:00
1293;27981.66666666667;2021-05-07T20:00:00+02:00
1293;29069.33333333333;2021-05-07T21:00:00+02:00
1293;27839.33333333333;2021-05-07T22:00:00+02:00
1293;25755.16666666667;2021-05-07T23:00:00+02:00
1293;24273.5;2021-05-08T00:00:00+02:00
1293;22891.0;2021-05-08T01:00:00+02:00
1293;21847.5;2021-05-08T02:00:00+02:00
1293;21358.83333333333;2021-05-08T03:00:00+02:00
1293;21093.16666666667;2021-05-08T04:00:00+02:00
1293;21087.33333333333;2021-05-08T05:00:00+02:00
1293;21276.0;2021-05-08T06:00:00+02:00
1293;21707.0;2021-05-08T07:00:00+02:00
1293;23268.0;2021-05-08T08:00:00+02:00
1293;25338.0;2021-05-08T09:00:00+02:00
1293;26615.83333333333;2021-05-08T10:00:00+02:00
1293;26910.83333333333;2021-05-08T11:00:00+02:00
1293;27024.16666666667;2021-05-08T12:00:00+02:00
1293;27061.66666666667;2021-05-08T13:00:00+02:00
1293;26575.66666666667;2021-05-08T14:00:00+02:00
1293;25176.16666666667;2021-05-08T15:00:00+02:00
1293;24333.83333333333;2021-05-08T16:00:00+02:00
1293;23870.5;2021-05-08T17:00:00+02:00
1293;23808.83333333333;2021-05-08T18:00:00+02:00
1293;24142.5;2021-05-08T19:00:00+02:00
1293;24574.16666666667;2021-05-08T20:00:00+02:00
1293;26113.16666666667;2021-05-08T21:00:00+02:00
1293;25751.5;2021-05-08T22:00:00+02:00
1293;23871.33333333333;2021-05-08T23:00:00+02:00
1293;22226.16666666667;2021-05-09T00:00:00+02:00
1293;21257.83333333333;2021-05-09T01:00:00+02:00
1293;20205.83333333333;2021-05-09T02:00:00+02:00
1293;19726.83333333333;2021-05-09T03:00:00+02:00
1293;19561.16666666667;2021-05-09T04:00:00+02:00
1293;19521.33333333333;2021-05-09T05:00:00+02:00
1293;19590.33333333333;2021-05-09T06:00:00+02:00
1293;19495.5;2021-05-09T07:00:00+02:00
1293;20408.83333333333;2021-05-09T08:00:00+02:00
1293;22014.5;2021-05-09T09:00:00+02:00
1293;23740.83333333333;2021-05-09T10:00:00+02:00
1293;24690.33333333333;2021-05-09T11:00:00+02:00
1293;25214.33333333333;2021-05-09T12:00:00+02:00
1293;25685.5;2021-05-09T13:00:00+02:00
1293;25502.33333333333;2021-05-09T14:00:00+02:00
1293;23794.33333333333;2021-05-09T15:00:00+02:00
1293;22805.16666666667;2021-05-09T16:00:00+02:00
1293;22309.0;2021-05-09T17:00:00+02:00
1293;22569.5;2021-05-09T18:00:00+02:00
1293;23301.66666666667;2021-05-09T19:00:00+02:00
1293;24411.33333333333;2021-05-09T20:00:00+02:00
1293;25994.33333333333;2021-05-09T21:00:00+02:00
1293;25635.16666666667;2021-05-09T22:00:00+02:00
1293;23949.66666666667;2021-05-09T23:00:00+02:00
1293;22335.83333333333;2021-05-10T00:00:00+02:00
1293;21104.83333333333;2021-05-10T01:00:00+02:00
1293;20541.66666666667;2021-05-10T02:00:00+02:00
1293;20173.83333333333;2021-05-10T03:00:00+02:00
1293;20269.16666666667;2021-05-10T04:00:00+02:00
1293;20959.5;2021-05-10T05:00:00+02:00
1293;23304.16666666667;2021-05-10T06:00:00+02:00
1293;25903.66666666667;2021-05-10T07:00:00+02:00
1293;28311.16666666667;2021-05-10T08:00:00+02:00
1293;29307.0;2021-05-10T09:00:00+02:00
1293;29682.83333333333;2021-05-10T10:00:00+02:00
1293;30008.66666666667;2021-05-10T11:00:00+02:00
1293;30283.0;2021-05-10T12:00:00+02:00
1293;30340.83333333333;2021-05-10T13:00:00+02:00
1293;29695.5;2021-05-10T14:00:00+02:00
1293;28553.33333333333;2021-05-10T15:00:00+02:00
1293;28122.5;2021-05-10T16:00:00+02:00
1293;28024.5;2021-05-10T17:00:00+02:00
1293;27882.16666666667;2021-05-10T18:00:00+02:00
1293;28083.0;2021-05-10T19:00:00+02:00
1293;29082.0;2021-05-10T20:00:00+02:00
1293;30135.83333333333;2021-05-10T21:00:00+02:00
1293;28377.5;2021-05-10T22:00:00+02:00
1293;25851.33333333333;2021-05-10T23:00:00+02:00
1293;24379.83333333333;2021-05-11T00:00:00+02:00
1293;23036.83333333333;2021-05-11T01:00:00+02:00
1293;22431.16666666667;2021-05-11T02:00:00+02:00
1293;22062.83333333333;2021-05-11T03:00:00+02:00
1293;21987.0;2021-05-11T04:00:00+02:00
1293;22508.0;2021-05-11T05:00:00+02:00
1293;24229.83333333333;2021-05-11T06:00:00+02:00
1293;26701.33333333333;2021-05-11T07:00:00+02:00
1293;28970.83333333333;2021-05-11T08:00:00+02:00
1293;29955.5;2021-05-11T09:00:00+02:00
1293;30249.33333333333;2021-05-11T10:00:00+02:00
1293;30560.33333333333;2021-05-11T11:00:00+02:00
1293;30675.33333333333;2021-05-11T12:00:00+02:00
1293;30661.0;2021-05-11T13:00:00+02:00
1293;29941.83333333333;2021-05-11T14:00:00+02:00
1293;28915.33333333333;2021-05-11T15:00:00+02:00
1293;28380.33333333333;2021-05-11T16:00:00+02:00
1293;28041.16666666667;2021-05-11T17:00:00+02:00
1293;27750.16666666667;2021-05-11T18:00:00+02:00
1293;27919.5;2021-05-11T19:00:00+02:00
1293;28721.5;2021-05-11T20:00:00+02:00
1293;30066.66666666667;2021-05-11T21:00:00+02:00
1293;28586.66666666667;2021-05-11T22:00:00+02:00
1293;26227.66666666667;2021-05-11T23:00:00+02:00
1293;24769.66666666667;2021-05-12T00:00:00+02:00
1293;23420.16666666667;2021-05-12T01:00:00+02:00
1293;22586.83333333333;2021-05-12T02:00:00+02:00
1293;22286.66666666667;2021-05-12T03:00:00+02:00
1293;22170.83333333333;2021-05-12T04:00:00+02:00
1293;22589.16666666667;2021-05-12T05:00:00+02:00
1293;24517.33333333333;2021-05-12T06:00:00+02:00
1293;27013.5;2021-05-12T07:00:00+02:00
1293;29075.0;2021-05-12T08:00:00+02:00
1293;30007.5;2021-05-12T09:00:00+02:00
1293;30287.83333333333;2021-05-12T10:00:00+02:00
1293;30201.0;2021-05-12T11:00:00+02:00
1293;30444.83333333333;2021-05-12T12:00:00+02:00
1293;30510.33333333333;2021-05-12T13:00:00+02:00
1293;29764.16666666667;2021-05-12T14:00:00+02:00
1293;28692.16666666667;2021-05-12T15:00:00+02:00
1293;28247.33333333333;2021-05-12T16:00:00+02:00
1293;28059.0;2021-05-12T17:00:00+02:00
1293;28078.83333333333;2021-05-12T18:00:00+02:00
1293;28196.33333333333;2021-05-12T19:00:00+02:00
1293;28875.0;2021-05-12T20:00:00+02:00
1293;30156.0;2021-05-12T21:00:00+02:00
1293;28704.16666666667;2021-05-12T22:00:00+02:00
1293;26247.33333333333;2021-05-12T23:00:00+02:00
1293;25040.66666666667;2021-05-13T00:00:00+02:00
1293;23767.5;2021-05-13T01:00:00+02:00
1293;22867.33333333333;2021-05-13T02:00:00+02:00
1293;22416.66666666667;2021-05-13T03:00:00+02:00
1293;22327.5;2021-05-13T04:00:00+02:00
1293;22660.5;2021-05-13T05:00:00+02:00
1293;24593.16666666667;2021-05-13T06:00:00+02:00
1293;26935.16666666667;2021-05-13T07:00:00+02:00
1293;28839.5;2021-05-13T08:00:00+02:00
1293;29667.0;2021-05-13T09:00:00+02:00
1293;30131.33333333333;2021-05-13T10:00:00+02:00
1293;30388.0;2021-05-13T11:00:00+02:00
1293;30745.5;2021-05-13T12:00:00+02:00
1293;30811.33333333333;2021-05-13T13:00:00+02:00
1293;30080.5;2021-05-13T14:00:00+02:00
1293;29249.33333333333;2021-05-13T15:00:00+02:00
1293;28942.66666666667;2021-05-13T16:00:00+02:00
1293;28838.0;2021-05-13T17:00:00+02:00
1293;28714.0;2021-05-13T18:00:00+02:00
1293;28842.5;2021-05-13T19:00:00+02:00
1293;29454.66666666667;2021-05-13T20:00:00+02:00
1293;30617.33333333333;2021-05-13T21:00:00+02:00
1293;29187.16666666667;2021-05-13T22:00:00+02:00
1293;26915.16666666667;2021-05-13T23:00:00+02:00
1293;25199.66666666667;2021-05-14T00:00:00+02:00
1293;23751.16666666667;2021-05-14T01:00:00+02:00
1293;22777.0;2021-05-14T02:00:00+02:00
1293;22514.33333333333;2021-05-14T03:00:00+02:00
1293;22275.0;2021-05-14T04:00:00+02:00
1293;22764.83333333333;2021-05-14T05:00:00+02:00
1293;24545.5;2021-05-14T06:00:00+02:00
1293;26874.5;2021-05-14T07:00:00+02:00
1293;28862.66666666667;2021-05-14T08:00:00+02:00
1293;29940.0;2021-05-14T09:00:00+02:00
1293;30281.5;2021-05-14T10:00:00+02:00
1293;30560.83333333333;2021-05-14T11:00:00+02:00
1293;30708.5;2021-05-14T12:00:00+02:00
1293;30524.0;2021-05-14T13:00:00+02:00
1293;29834.5;2021-05-14T14:00:00+02:00
1293;28613.66666666667;2021-05-14T15:00:00+02:00
1293;28190.0;2021-05-14T16:00:00+02:00
1293;27850.16666666667;2021-05-14T17:00:00+02:00
1293;27756.33333333333;2021-05-14T18:00:00+02:00
1293;27786.33333333333;2021-05-14T19:00:00+02:00
1293;28122.83333333333;2021-05-14T20:00:00+02:00
1293;29246.66666666667;2021-05-14T21:00:00+02:00
1293;28140.66666666667;2021-05-14T22:00:00+02:00
1293;25895.5;2021-05-14T23:00:00+02:00
1293;24565.33333333333;2021-05-15T00:00:00+02:00
1293;23132.0;2021-05-15T01:00:00+02:00
1293;21941.33333333333;2021-05-15T02:00:00+02:00
1293;21427.33333333333;2021-05-15T03:00:00+02:00
1293;21081.5;2021-05-15T04:00:00+02:00
1293;20890.16666666667;2021-05-15T05:00:00+02:00
1293;20971.5;2021-05-15T06:00:00+02:00
1293;21332.5;2021-05-15T07:00:00+02:00
1293;23124.66666666667;2021-05-15T08:00:00+02:00
1293;25378.66666666667;2021-05-15T09:00:00+02:00
1293;26867.5;2021-05-15T10:00:00+02:00
1293;27201.33333333333;2021-05-15T11:00:00+02:00
1293;27443.83333333333;2021-05-15T12:00:00+02:00
1293;27717.83333333333;2021-05-15T13:00:00+02:00
1293;27216.5;2021-05-15T14:00:00+02:00
1293;25793.83333333333;2021-05-15T15:00:00+02:00
1293;24919.66666666667;2021-05-15T16:00:00+02:00
1293;24543.16666666667;2021-05-15T17:00:00+02:00
1293;24386.5;2021-05-15T18:00:00+02:00
1293;24618.66666666667;2021-05-15T19:00:00+02:00
1293;25085.66666666667;2021-05-15T20:00:00+02:00
1293;26360.33333333333;2021-05-15T21:00:00+02:00
1293;25948.5;2021-05-15T22:00:00+02:00
1293;24263.33333333333;2021-05-15T23:00:00+02:00
1293;22833.16666666667;2021-05-16T00:00:00+02:00
1293;21402.5;2021-05-16T01:00:00+02:00
1293;20552.16666666667;2021-05-16T02:00:00+02:00
1293;19800.5;2021-05-16T03:00:00+02:00
1293;19435.0;2021-05-16T04:00:00+02:00
1293;19420.33333333333;2021-05-16T05:00:00+02:00
1293;19714.33333333333;2021-05-16T06:00:00+02:00
1293;19395.83333333333;2021-05-16T07:00:00+02:00
1293;20674.83333333333;2021-05-16T08:00:00+02:00
1293;22390.66666666667;2021-05-16T09:00:00+02:00
1293;23970.66666666667;2021-05-16T10:00:00+02:00
1293;24875.0;2021-05-16T11:00:00+02:00
1293;25147.66666666667;2021-05-16T12:00:00+02:00
1293;25565.0;2021-05-16T13:00:00+02:00
1293;25327.66666666667;2021-05-16T14:00:00+02:00
1293;23981.0;2021-05-16T15:00:00+02:00
1293;23188.16666666667;2021-05-16T16:00:00+02:00
1293;23169.83333333333;2021-05-16T17:00:00+02:00
1293;23087.66666666667;2021-05-16T18:00:00+02:00
1293;23430.0;2021-05-16T19:00:00+02:00
1293;24302.83333333333;2021-05-16T20:00:00+02:00
1293;25957.16666666667;2021-05-16T21:00:00+02:00
1293;25906.33333333333;2021-05-16T22:00:00+02:00
1293;24365.66666666667;2021-05-16T23:00:00+02:00
1293;22958.66666666667;2021-05-17T00:00:00+02:00
1293;21496.83333333333;2021-05-17T01:00:00+02:00
1293;20851.16666666667;2021-05-17T02:00:00+02:00
1293;20528.83333333333;2021-05-17T03:00:00+02:00
1293;20471.0;2021-05-17T04:00:00+02:00
1293;21099.66666666667;2021-05-17T05:00:00+02:00
1293;23118.66666666667;2021-05-17T06:00:00+02:00
1293;25602.16666666667;2021-05-17T07:00:00+02:00
1293;27605.5;2021-05-17T08:00:00+02:00
1293;28717.33333333333;2021-05-17T09:00:00+02:00
1293;29475.16666666667;2021-05-17T10:00:00+02:00
1293;29838.16666666667;2021-05-17T11:00:00+02:00
1293;30216.5;2021-05-17T12:00:00+02:00
1293;30360.83333333333;2021-05-17T13:00:00+02:00
1293;29665.83333333333;2021-05-17T14:00:00+02:00
1293;28605.0;2021-05-17T15:00:00+02:00
1293;28081.33333333333;2021-05-17T16:00:00+02:00
1293;27991.16666666667;2021-05-17T17:00:00+02:00
1293;27999.33333333333;2021-05-17T18:00:00+02:00
1293;28221.83333333333;2021-05-17T19:00:00+02:00
1293;28728.33333333333;2021-05-17T20:00:00+02:00
1293;29596.16666666667;2021-05-17T21:00:00+02:00
1293;28448.66666666667;2021-05-17T22:00:00+02:00
1293;26066.16666666667;2021-05-17T23:00:00+02:00
1293;24579.16666666667;2021-05-18T00:00:00+02:00
1293;23447.5;2021-05-18T01:00:00+02:00
1293;22748.33333333333;2021-05-18T02:00:00+02:00
1293;22300.5;2021-05-18T03:00:00+02:00
1293;22135.83333333333;2021-05-18T04:00:00+02:00
1293;22475.33333333333;2021-05-18T05:00:00+02:00
1293;24357.33333333333;2021-05-18T06:00:00+02:00
1293;26771.16666666667;2021-05-18T07:00:00+02:00
1293;28863.16666666667;2021-05-18T08:00:00+02:00
1293;29853.83333333333;2021-05-18T09:00:00+02:00
1293;30364.5;2021-05-18T10:00:00+02:00
1293;30533.5;2021-05-18T11:00:00+02:00
1293;30886.33333333333;2021-05-18T12:00:00+02:00
1293;31013.83333333333;2021-05-18T13:00:00+02:00
1293;30413.66666666667;2021-05-18T14:00:00+02:00
1293;29445.66666666667;2021-05-18T15:00:00+02:00
1293;29134.16666666667;2021-05-18T16:00:00+02:00
1293;29258.83333333333;2021-05-18T17:00:00+02:00
1293;29210.83333333333;2021-05-18T18:00:00+02:00
1293;29288.33333333333;2021-05-18T19:00:00+02:00
1293;29795.5;2021-05-18T20:00:00+02:00
1293;30477.16666666667;2021-05-18T21:00:00+02:00
1293;29119.16666666667;2021-05-18T22:00:00+02:00
1293;26618.0;2021-05-18T23:00:00+02:00
1293;25305.0;2021-05-19T00:00:00+02:00
1293;24001.33333333333;2021-05-19T01:00:00+02:00
1293;23157.5;2021-05-19T02:00:00+02:00
1293;22525.33333333333;2021-05-19T03:00:00+02:00
1293;22572.83333333333;2021-05-19T04:00:00+02:00
1293;23036.0;2021-05-19T05:00:00+02:00
1293;24647.33333333333;2021-05-19T06:00:00+02:00
1293;26892.66666666667;2021-05-19T07:00:00+02:00
1293;28763.0;2021-05-19T08:00:00+02:00
1293;29786.33333333333;2021-05-19T09:00:00+02:00
1293;30298.83333333333;2021-05-19T10:00:00+02:00
1293;30727.16666666667;2021-05-19T11:00:00+02:00
1293;31021.0;2021-05-19T12:00:00+02:00
1293;31241.16666666667;2021-05-19T13:00:00+02:00
1293;30451.0;2021-05-19T14:00:00+02:00
1293;29725.5;2021-05-19T15:00:00+02:00
1293;29347.83333333333;2021-05-19T16:00:00+02:00
1293;29412.16666666667;2021-05-19T17:00:00+02:00
1293;29176.83333333333;2021-05-19T18:00:00+02:00
1293;29182.0;2021-05-19T19:00:00+02:00
1293;29686.66666666667;2021-05-19T20:00:00+02:00
1293;30333.66666666667;2021-05-19T21:00:00+02:00
1293;29218.33333333333;2021-05-19T22:00:00+02:00
1293;26600.0;2021-05-19T23:00:00+02:00
1293;25149.5;2021-05-20T00:00:00+02:00
1293;23955.5;2021-05-20T01:00:00+02:00
1293;23119.0;2021-05-20T02:00:00+02:00
1293;22737.5;2021-05-20T03:00:00+02:00
1293;22537.16666666667;2021-05-20T04:00:00+02:00
1293;22929.16666666667;2021-05-20T05:00:00+02:00
1293;24695.0;2021-05-20T06:00:00+02:00
1293;27038.66666666667;2021-05-20T07:00:00+02:00
1293;28906.66666666667;2021-05-20T08:00:00+02:00
1293;29931.0;2021-05-20T09:00:00+02:00
1293;30261.83333333333;2021-05-20T10:00:00+02:00
1293;30453.0;2021-05-20T11:00:00+02:00
1293;30686.5;2021-05-20T12:00:00+02:00
1293;30791.66666666667;2021-05-20T13:00:00+02:00
1293;30429.5;2021-05-20T14:00:00+02:00
1293;29442.0;2021-05-20T15:00:00+02:00
1293;29117.0;2021-05-20T16:00:00+02:00
1293;29063.33333333333;2021-05-20T17:00:00+02:00
1293;28989.33333333333;2021-05-20T18:00:00+02:00
1293;28901.5;2021-05-20T19:00:00+02:00
1293;29309.33333333333;2021-05-20T20:00:00+02:00
1293;30198.0;2021-05-20T21:00:00+02:00
1293;28914.66666666667;2021-05-20T22:00:00+02:00
1293;26569.66666666667;2021-05-20T23:00:00+02:00
1293;25076.0;2021-05-21T00:00:00+02:00
1293;23826.33333333333;2021-05-21T01:00:00+02:00
1293;22898.83333333333;2021-05-21T02:00:00+02:00
1293;22536.5;2021-05-21T03:00:00+02:00
1293;22237.5;2021-05-21T04:00:00+02:00
1293;22775.0;2021-05-21T05:00:00+02:00
1293;24247.16666666667;2021-05-21T06:00:00+02:00
1293;26597.33333333333;2021-05-21T07:00:00+02:00
1293;28532.66666666667;2021-05-21T08:00:00+02:00
1293;29585.83333333333;2021-05-21T09:00:00+02:00
1293;30179.83333333333;2021-05-21T10:00:00+02:00
1293;30583.16666666667;2021-05-21T11:00:00+02:00
1293;30989.66666666667;2021-05-21T12:00:00+02:00
1293;31193.5;2021-05-21T13:00:00+02:00
1293;30313.5;2021-05-21T14:00:00+02:00
1293;29339.5;2021-05-21T15:00:00+02:00
1293;29030.16666666667;2021-05-21T16:00:00+02:00
1293;28772.66666666667;2021-05-21T17:00:00+02:00
1293;28496.83333333333;2021-05-21T18:00:00+02:00
1293;28593.83333333333;2021-05-21T19:00:00+02:00
1293;28654.66666666667;2021-05-21T20:00:00+02:00
1293;29414.66666666667;2021-05-21T21:00:00+02:00
1293;28460.0;2021-05-21T22:00:00+02:00
1293;26312.33333333333;2021-05-21T23:00:00+02:00
1293;24955.16666666667;2021-05-22T00:00:00+02:00
1293;23520.16666666667;2021-05-22T01:00:00+02:00
1293;22491.5;2021-05-22T02:00:00+02:00
1293;21979.66666666667;2021-05-22T03:00:00+02:00
1293;21565.16666666667;2021-05-22T04:00:00+02:00
1293;21400.5;2021-05-22T05:00:00+02:00
1293;21451.5;2021-05-22T06:00:00+02:00
1293;21839.83333333333;2021-05-22T07:00:00+02:00
1293;23466.83333333333;2021-05-22T08:00:00+02:00
1293;25370.0;2021-05-22T09:00:00+02:00
1293;26799.16666666667;2021-05-22T10:00:00+02:00
1293;27256.83333333333;2021-05-22T11:00:00+02:00
1293;27264.83333333333;2021-05-22T12:00:00+02:00
1293;27329.16666666667;2021-05-22T13:00:00+02:00
1293;26894.66666666667;2021-05-22T14:00:00+02:00
1293;25500.5;2021-05-22T15:00:00+02:00
1293;24587.66666666667;2021-05-22T16:00:00+02:00
1293;24249.33333333333;2021-05-22T17:00:00+02:00
1293;24183.33333333333;2021-05-22T18:00:00+02:00
1293;24375.33333333333;2021-05-22T19:00:00+02:00
1293;24877.0;2021-05-22T20:00:00+02:00
1293;26105.83333333333;2021-05-22T21:00:00+02:00
1293;25904.66666666667;2021-05-22T22:00:00+02:00
1293;24225.0;2021-05-22T23:00:00+02:00
1293;22879.33333333333;2021-05-23T00:00:00+02:00
1293;21487.0;2021-05-23T01:00:00+02:00
1293;20537.0;2021-05-23T02:00:00+02:00
1293;20004.83333333333;2021-05-23T03:00:00+02:00
1293;19597.83333333333;2021-05-23T04:00:00+02:00
1293;19519.33333333333;2021-05-23T05:00:00+02:00
1293;19700.0;2021-05-23T06:00:00+02:00
1293;19444.0;2021-05-23T07:00:00+02:00
1293;20592.66666666667;2021-05-23T08:00:00+02:00
1293;22085.5;2021-05-23T09:00:00+02:00
1293;23571.5;2021-05-23T10:00:00+02:00
1293;24281.16666666667;2021-05-23T11:00:00+02:00
1293;24984.66666666667;2021-05-23T12:00:00+02:00
1293;25241.83333333333;2021-05-23T13:00:00+02:00
1293;25284.0;2021-05-23T14:00:00+02:00
1293;23642.0;2021-05-23T15:00:00+02:00
1293;22776.5;2021-05-23T16:00:00+02:00
1293;22152.33333333333;2021-05-23T17:00:00+02:00
1293;22374.5;2021-05-23T18:00:00+02:00
1293;23051.83333333333;2021-05-23T19:00:00+02:00
1293;24008.33333333333;2021-05-23T20:00:00+02:00
1293;25463.33333333333;2021-05-23T21:00:00+02:00
1293;25687.33333333333;2021-05-23T22:00:00+02:00
1293;23875.0;2021-05-23T23:00:00+02:00
1293;22322.0;2021-05-24T00:00:00+02:00
1293;21063.5;2021-05-24T01:00:00+02:00
1293;20238.5;2021-05-24T02:00:00+02:00
1293;19860.33333333333;2021-05-24T03:00:00+02:00
1293;19854.83333333333;2021-05-24T04:00:00+02:00
1293;20575.83333333333;2021-05-24T05:00:00+02:00
1293;22486.16666666667;2021-05-24T06:00:00+02:00
1293;24872.33333333333;2021-05-24T07:00:00+02:00
1293;26909.33333333333;2021-05-24T08:00:00+02:00
1293;27927.0;2021-05-24T09:00:00+02:00
1293;28607.66666666667;2021-05-24T10:00:00+02:00
1293;28961.66666666667;2021-05-24T11:00:00+02:00
1293;29295.5;2021-05-24T12:00:00+02:00
1293;29595.66666666667;2021-05-24T13:00:00+02:00
1293;28861.66666666667;2021-05-24T14:00:00+02:00
1293;27980.33333333333;2021-05-24T15:00:00+02:00
1293;27607.83333333333;2021-05-24T16:00:00+02:00
1293;27413.66666666667;2021-05-24T17:00:00+02:00
1293;27196.16666666667;2021-05-24T18:00:00+02:00
1293;27342.5;2021-05-24T19:00:00+02:00
1293;27964.83333333333;2021-05-24T20:00:00+02:00
1293;29122.16666666667;2021-05-24T21:00:00+02:00
1293;28206.16666666667;2021-05-24T22:00:00+02:00
1293;25947.16666666667;2021-05-24T23:00:00+02:00
1293;24405.0;2021-05-25T00:00:00+02:00
1293;23064.83333333333;2021-05-25T01:00:00+02:00
1293;22177.66666666667;2021-05-25T02:00:00+02:00
1293;22028.5;2021-05-25T03:00:00+02:00
1293;21908.83333333333;2021-05-25T04:00:00+02:00
1293;22169.0;2021-05-25T05:00:00+02:00
1293;23967.16666666667;2021-05-25T06:00:00+02:00
1293;26284.0;2021-05-25T07:00:00+02:00
1293;28463.5;2021-05-25T08:00:00+02:00
1293;29605.0;2021-05-25T09:00:00+02:00
1293;30047.33333333333;2021-05-25T10:00:00+02:00
1293;30314.5;2021-05-25T11:00:00+02:00
1293;30779.33333333333;2021-05-25T12:00:00+02:00
1293;30745.66666666667;2021-05-25T13:00:00+02:00
1293;29896.16666666667;2021-05-25T14:00:00+02:00
1293;28920.0;2021-05-25T15:00:00+02:00
1293;28508.33333333333;2021-05-25T16:00:00+02:00
1293;28498.0;2021-05-25T17:00:00+02:00
1293;28332.5;2021-05-25T18:00:00+02:00
1293;28502.33333333333;2021-05-25T19:00:00+02:00
1293;28964.33333333333;2021-05-25T20:00:00+02:00
1293;29615.33333333333;2021-05-25T21:00:00+02:00
1293;28714.5;2021-05-25T22:00:00+02:00
1293;26346.33333333333;2021-05-25T23:00:00+02:00
1293;24886.33333333333;2021-05-26T00:00:00+02:00
1293;23705.83333333333;2021-05-26T01:00:00+02:00
1293;22786.33333333333;2021-05-26T02:00:00+02:00
1293;22415.0;2021-05-26T03:00:00+02:00
1293;22262.66666666667;2021-05-26T04:00:00+02:00
1293;22640.83333333333;2021-05-26T05:00:00+02:00
1293;24493.83333333333;2021-05-26T06:00:00+02:00
1293;26796.66666666667;2021-05-26T07:00:00+02:00
1293;28646.33333333333;2021-05-26T08:00:00+02:00
1293;29593.83333333333;2021-05-26T09:00:00+02:00
1293;30242.5;2021-05-26T10:00:00+02:00
1293;30686.0;2021-05-26T11:00:00+02:00
1293;31076.83333333333;2021-05-26T12:00:00+02:00
1293;31231.33333333333;2021-05-26T13:00:00+02:00
1293;30360.83333333333;2021-05-26T14:00:00+02:00
1293;29427.5;2021-05-26T15:00:00+02:00
1293;29029.83333333333;2021-05-26T16:00:00+02:00
1293;29037.66666666667;2021-05-26T17:00:00+02:00
1293;28854.66666666667;2021-05-26T18:00:00+02:00
1293;28708.33333333333;2021-05-26T19:00:00+02:00
1293;29032.33333333333;2021-05-26T20:00:00+02:00
1293;29741.5;2021-05-26T21:00:00+02:00
1293;28666.66666666667;2021-05-26T22:00:00+02:00
1293;26292.66666666667;2021-05-26T23:00:00+02:00
1293;24990.83333333333;2021-05-27T00:00:00+02:00
1293;23701.83333333333;2021-05-27T01:00:00+02:00
1293;22980.66666666667;2021-05-27T02:00:00+02:00
1293;22550.83333333333;2021-05-27T03:00:00+02:00
1293;22374.83333333333;2021-05-27T04:00:00+02:00
1293;22730.5;2021-05-27T05:00:00+02:00
1293;24478.16666666667;2021-05-27T06:00:00+02:00
1293;26698.0;2021-05-27T07:00:00+02:00
1293;28786.16666666667;2021-05-27T08:00:00+02:00
1293;29828.16666666667;2021-05-27T09:00:00+02:00
1293;30439.66666666667;2021-05-27T10:00:00+02:00
1293;30606.33333333333;2021-05-27T11:00:00+02:00
1293;31011.33333333333;2021-05-27T12:00:00+02:00
1293;31173.33333333333;2021-05-27T13:00:00+02:00
1293;30602.83333333333;2021-05-27T14:00:00+02:00
1293;29725.33333333333;2021-05-27T15:00:00+02:00
1293;29249.0;2021-05-27T16:00:00+02:00
1293;29090.66666666667;2021-05-27T17:00:00+02:00
1293;28782.5;2021-05-27T18:00:00+02:00
1293;28715.33333333333;2021-05-27T19:00:00+02:00
1293;29365.0;2021-05-27T20:00:00+02:00
1293;29973.16666666667;2021-05-27T21:00:00+02:00
1293;28700.0;2021-05-27T22:00:00+02:00
1293;26281.0;2021-05-27T23:00:00+02:00
1293;24853.5;2021-05-28T00:00:00+02:00
1293;23682.33333333333;2021-05-28T01:00:00+02:00
1293;22854.16666666667;2021-05-28T02:00:00+02:00
1293;22441.16666666667;2021-05-28T03:00:00+02:00
1293;22272.0;2021-05-28T04:00:00+02:00
1293;22606.16666666667;2021-05-28T05:00:00+02:00
1293;24317.33333333333;2021-05-28T06:00:00+02:00
1293;26654.5;2021-05-28T07:00:00+02:00
1293;28773.66666666667;2021-05-28T08:00:00+02:00
1293;29834.66666666667;2021-05-28T09:00:00+02:00
1293;30413.0;2021-05-28T10:00:00+02:00
1293;30613.0;2021-05-28T11:00:00+02:00
1293;31053.83333333333;2021-05-28T12:00:00+02:00
1293;31001.0;2021-05-28T13:00:00+02:00
1293;30147.16666666667;2021-05-28T14:00:00+02:00
1293;29085.33333333333;2021-05-28T15:00:00+02:00
1293;28664.16666666667;2021-05-28T16:00:00+02:00
1293;28507.33333333333;2021-05-28T17:00:00+02:00
1293;28398.83333333333;2021-05-28T18:00:00+02:00
1293;28285.66666666667;2021-05-28T19:00:00+02:00
1293;28234.0;2021-05-28T20:00:00+02:00
1293;28587.0;2021-05-28T21:00:00+02:00
1293;27833.0;2021-05-28T22:00:00+02:00
1293;25959.83333333333;2021-05-28T23:00:00+02:00
1293;24809.0;2021-05-29T00:00:00+02:00
1293;23438.16666666667;2021-05-29T01:00:00+02:00
1293;22357.16666666667;2021-05-29T02:00:00+02:00
1293;21927.33333333333;2021-05-29T03:00:00+02:00
1293;21608.33333333333;2021-05-29T04:00:00+02:00
1293;21397.83333333333;2021-05-29T05:00:00+02:00
1293;21425.0;2021-05-29T06:00:00+02:00
1293;21917.16666666667;2021-05-29T07:00:00+02:00
1293;23629.16666666667;2021-05-29T08:00:00+02:00
1293;25545.0;2021-05-29T09:00:00+02:00
1293;26956.66666666667;2021-05-29T10:00:00+02:00
1293;27664.83333333333;2021-05-29T11:00:00+02:00
1293;28008.83333333333;2021-05-29T12:00:00+02:00
1293;28045.5;2021-05-29T13:00:00+02:00
1293;27360.83333333333;2021-05-29T14:00:00+02:00
1293;26181.83333333333;2021-05-29T15:00:00+02:00
1293;25514.5;2021-05-29T16:00:00+02:00
1293;25210.66666666667;2021-05-29T17:00:00+02:00
1293;24981.5;2021-05-29T18:00:00+02:00
1293;24970.16666666667;2021-05-29T19:00:00+02:00
1293;25330.5;2021-05-29T20:00:00+02:00
1293;26346.0;2021-05-29T21:00:00+02:00
1293;26192.33333333333;2021-05-29T22:00:00+02:00
1293;24557.33333333333;2021-05-29T23:00:00+02:00
1293;23131.0;2021-05-30T00:00:00+02:00
1293;21726.83333333333;2021-05-30T01:00:00+02:00
1293;20648.66666666667;2021-05-30T02:00:00+02:00
1293;20070.83333333333;2021-05-30T03:00:00+02:00
1293;19711.16666666667;2021-05-30T04:00:00+02:00
1293;19698.83333333333;2021-05-30T05:00:00+02:00
1293;19799.0;2021-05-30T06:00:00+02:00
1293;19573.83333333333;2021-05-30T07:00:00+02:00
1293;20486.66666666667;2021-05-30T08:00:00+02:00
1293;22324.33333333333;2021-05-30T09:00:00+02:00
1293;23794.66666666667;2021-05-30T10:00:00+02:00
1293;24735.33333333333;2021-05-30T11:00:00+02:00
1293;25085.5;2021-05-30T12:00:00+02:00
1293;25610.5;2021-05-30T13:00:00+02:00
1293;25519.83333333333;2021-05-30T14:00:00+02:00
1293;24372.16666666667;2021-05-30T15:00:00+02:00
1293;23331.5;2021-05-30T16:00:00+02:00
1293;23157.33333333333;2021-05-30T17:00:00+02:00
1293;23221.33333333333;2021-05-30T18:00:00+02:00
1293;23741.33333333333;2021-05-30T19:00:00+02:00
1293;24586.0;2021-05-30T20:00:00+02:00
1293;25777.5;2021-05-30T21:00:00+02:00
1293;26113.83333333333;2021-05-30T22:00:00+02:00
1293;24625.33333333333;2021-05-30T23:00:00+02:00
1293;23005.83333333333;2021-05-31T00:00:00+02:00
1293;21725.5;2021-05-31T01:00:00+02:00
1293;21007.66666666667;2021-05-31T02:00:00+02:00
1293;20660.5;2021-05-31T03:00:00+02:00
1293;20668.0;2021-05-31T04:00:00+02:00
1293;21195.5;2021-05-31T05:00:00+02:00
1293;23344.5;2021-05-31T06:00:00+02:00
1293;25726.83333333333;2021-05-31T07:00:00+02:00
1293;27594.5;2021-05-31T08:00:00+02:00
1293;29105.33333333333;2021-05-31T09:00:00+02:00
1293;30022.83333333333;2021-05-31T10:00:00+02:00
1293;30655.0;2021-05-31T11:00:00+02:00
1293;30975.16666666667;2021-05-31T12:00:00+02:00
1293;31287.33333333333;2021-05-31T13:00:00+02:00
1293;30665.16666666667;2021-05-31T14:00:00+02:00
1293;29919.0;2021-05-31T15:00:00+02:00
1293;29586.66666666667;2021-05-31T16:00:00+02:00
1293;29540.83333333333;2021-05-31T17:00:00+02:00
1293;29243.33333333333;2021-05-31T18:00:00+02:00
1293;29354.33333333333;2021-05-31T19:00:00+02:00
1293;29979.33333333333;2021-05-31T20:00:00+02:00
1293;30594.16666666667;2021-05-31T21:00:00+02:00
1293;29271.16666666667;2021-05-31T22:00:00+02:00
1293;26675.66666666667;2021-05-31T23:00:00+02:00
1293;25213.5;2021-06-01T00:00:00+02:00
1293;24103.83333333333;2021-06-01T01:00:00+02:00
1293;23162.33333333333;2021-06-01T02:00:00+02:00
1293;22747.66666666667;2021-06-01T03:00:00+02:00
1293;22663.83333333333;2021-06-01T04:00:00+02:00
1293;22959.16666666667;2021-06-01T05:00:00+02:00
1293;24630.33333333333;2021-06-01T06:00:00+02:00
1293;26857.33333333333;2021-06-01T07:00:00+02:00
1293;28900.33333333333;2021-06-01T08:00:00+02:00
1293;29954.33333333333;2021-06-01T09:00:00+02:00
1293;30557.83333333333;2021-06-01T10:00:00+02:00
1293;30880.0;2021-06-01T11:00:00+02:00
1293;31475.16666666667;2021-06-01T12:00:00+02:00
1293;31377.16666666667;2021-06-01T13:00:00+02:00
1293;30805.33333333333;2021-06-01T14:00:00+02:00
1293;29720.0;2021-06-01T15:00:00+02:00
1293;29283.66666666667;2021-06-01T16:00:00+02:00
1293;29140.66666666667;2021-06-01T17:00:00+02:00
1293;28715.33333333333;2021-06-01T18:00:00+02:00
1293;28678.5;2021-06-01T19:00:00+02:00
1293;28983.66666666667;2021-06-01T20:00:00+02:00
1293;29252.33333333333;2021-06-01T21:00:00+02:00
1293;28661.66666666667;2021-06-01T22:00:00+02:00
1293;26450.5;2021-06-01T23:00:00+02:00
1293;25571.33333333333;2021-06-02T00:00:00+02:00
1293;24305.16666666667;2021-06-02T01:00:00+02:00
1293;23269.83333333333;2021-06-02T02:00:00+02:00
1293;22755.16666666667;2021-06-02T03:00:00+02:00
1293;22694.16666666667;2021-06-02T04:00:00+02:00
1293;23173.83333333333;2021-06-02T05:00:00+02:00
1293;24836.16666666667;2021-06-02T06:00:00+02:00
1293;27123.83333333333;2021-06-02T07:00:00+02:00
1293;29036.83333333333;2021-06-02T08:00:00+02:00
1293;29764.5;2021-06-02T09:00:00+02:00
1293;30071.5;2021-06-02T10:00:00+02:00
1293;30465.0;2021-06-02T11:00:00+02:00
1293;31037.83333333333;2021-06-02T12:00:00+02:00
1293;31332.83333333333;2021-06-02T13:00:00+02:00
1293;31037.33333333333;2021-06-02T14:00:00+02:00
1293;30115.5;2021-06-02T15:00:00+02:00
1293;29736.16666666667;2021-06-02T16:00:00+02:00
1293;29732.66666666667;2021-06-02T17:00:00+02:00
1293;29171.33333333333;2021-06-02T18:00:00+02:00
1293;29063.0;2021-06-02T19:00:00+02:00
1293;29243.33333333333;2021-06-02T20:00:00+02:00
1293;29270.16666666667;2021-06-02T21:00:00+02:00
1293;28868.16666666667;2021-06-02T22:00:00+02:00
1293;26552.0;2021-06-02T23:00:00+02:00
1293;25887.66666666667;2021-06-03T00:00:00+02:00
1293;24552.83333333333;2021-06-03T01:00:00+02:00
1293;23511.83333333333;2021-06-03T02:00:00+02:00
1293;22968.66666666667;2021-06-03T03:00:00+02:00
1293;22877.0;2021-06-03T04:00:00+02:00
1293;23230.0;2021-06-03T05:00:00+02:00
1293;24741.16666666667;2021-06-03T06:00:00+02:00
1293;26951.66666666667;2021-06-03T07:00:00+02:00
1293;28553.83333333333;2021-06-03T08:00:00+02:00
1293;29310.33333333333;2021-06-03T09:00:00+02:00
1293;29970.0;2021-06-03T10:00:00+02:00
1293;30422.0;2021-06-03T11:00:00+02:00
1293;30845.16666666667;2021-06-03T12:00:00+02:00
1293;31040.66666666667;2021-06-03T13:00:00+02:00
1293;30966.5;2021-06-03T14:00:00+02:00
1293;30027.66666666667;2021-06-03T15:00:00+02:00
1293;29649.83333333333;2021-06-03T16:00:00+02:00
1293;29263.5;2021-06-03T17:00:00+02:00
1293;28819.66666666667;2021-06-03T18:00:00+02:00
1293;28613.0;2021-06-03T19:00:00+02:00
1293;29018.0;2021-06-03T20:00:00+02:00
1293;29202.5;2021-06-03T21:00:00+02:00
1293;28919.83333333333;2021-06-03T22:00:00+02:00
1293;26720.0;2021-06-03T23:00:00+02:00
1293;25777.0;2021-06-04T00:00:00+02:00
1293;24686.66666666667;2021-06-04T01:00:00+02:00
1293;23593.0;2021-06-04T02:00:00+02:00
1293;23025.0;2021-06-04T03:00:00+02:00
1293;22724.16666666667;2021-06-04T04:00:00+02:00
1293;23208.83333333333;2021-06-04T05:00:00+02:00
1293;24726.33333333333;2021-06-04T06:00:00+02:00
1293;27129.66666666667;2021-06-04T07:00:00+02:00
1293;28848.33333333333;2021-06-04T08:00:00+02:00
1293;29578.5;2021-06-04T09:00:00+02:00
1293;30074.83333333333;2021-06-04T10:00:00+02:00
1293;30484.83333333333;2021-06-04T11:00:00+02:00
1293;30799.83333333333;2021-06-04T12:00:00+02:00
1293;30954.33333333333;2021-06-04T13:00:00+02:00
1293;30493.5;2021-06-04T14:00:00+02:00
1293;29462.66666666667;2021-06-04T15:00:00+02:00
1293;28985.83333333333;2021-06-04T16:00:00+02:00
1293;28846.0;2021-06-04T17:00:00+02:00
1293;28288.5;2021-06-04T18:00:00+02:00
1293;28096.0;2021-06-04T19:00:00+02:00
1293;28070.83333333333;2021-06-04T20:00:00+02:00
1293;28236.66666666667;2021-06-04T21:00:00+02:00
1293;27820.5;2021-06-04T22:00:00+02:00
1293;25954.5;2021-06-04T23:00:00+02:00
1293;25362.33333333333;2021-06-05T00:00:00+02:00
1293;24151.33333333333;2021-06-05T01:00:00+02:00
1293;22858.16666666667;2021-06-05T02:00:00+02:00
1293;22150.33333333333;2021-06-05T03:00:00+02:00
1293;21726.5;2021-06-05T04:00:00+02:00
1293;21497.16666666667;2021-06-05T05:00:00+02:00
1293;21634.83333333333;2021-06-05T06:00:00+02:00
1293;21958.0;2021-06-05T07:00:00+02:00
1293;23458.16666666667;2021-06-05T08:00:00+02:00
1293;25307.66666666667;2021-06-05T09:00:00+02:00
1293;26728.66666666667;2021-06-05T10:00:00+02:00
1293;27389.83333333333;2021-06-05T11:00:00+02:00
1293;27467.33333333333;2021-06-05T12:00:00+02:00
1293;27706.33333333333;2021-06-05T13:00:00+02:00
1293;27124.0;2021-06-05T14:00:00+02:00
1293;25721.33333333333;2021-06-05T15:00:00+02:00
1293;24993.66666666667;2021-06-05T16:00:00+02:00
1293;24454.5;2021-06-05T17:00:00+02:00
1293;24367.83333333333;2021-06-05T18:00:00+02:00
1293;24422.5;2021-06-05T19:00:00+02:00
1293;25016.5;2021-06-05T20:00:00+02:00
1293;25897.16666666667;2021-06-05T21:00:00+02:00
1293;25939.5;2021-06-05T22:00:00+02:00
1293;24248.5;2021-06-05T23:00:00+02:00
1293;22727.83333333333;2021-06-06T00:00:00+02:00
1293;21390.5;2021-06-06T01:00:00+02:00
1293;20294.0;2021-06-06T02:00:00+02:00
1293;19760.33333333333;2021-06-06T03:00:00+02:00
1293;19507.33333333333;2021-06-06T04:00:00+02:00
1293;19366.5;2021-06-06T05:00:00+02:00
1293;19450.83333333333;2021-06-06T06:00:00+02:00
1293;19324.66666666667;2021-06-06T07:00:00+02:00
1293;20388.16666666667;2021-06-06T08:00:00+02:00
1293;22063.83333333333;2021-06-06T09:00:00+02:00
1293;23572.33333333333;2021-06-06T10:00:00+02:00
1293;24182.16666666667;2021-06-06T11:00:00+02:00
1293;24583.66666666667;2021-06-06T12:00:00+02:00
1293;25100.66666666667;2021-06-06T13:00:00+02:00
1293;25189.33333333333;2021-06-06T14:00:00+02:00
1293;23943.5;2021-06-06T15:00:00+02:00
1293;23125.5;2021-06-06T16:00:00+02:00
1293;22848.66666666667;2021-06-06T17:00:00+02:00
1293;23142.5;2021-06-06T18:00:00+02:00
1293;23670.33333333333;2021-06-06T19:00:00+02:00
1293;24473.0;2021-06-06T20:00:00+02:00
1293;25822.16666666667;2021-06-06T21:00:00+02:00
1293;26793.0;2021-06-06T22:00:00+02:00
1293;25067.66666666667;2021-06-06T23:00:00+02:00
1293;23647.83333333333;2021-06-07T00:00:00+02:00
1293;22234.33333333333;2021-06-07T01:00:00+02:00
1293;21235.0;2021-06-07T02:00:00+02:00
1293;20904.33333333333;2021-06-07T03:00:00+02:00
1293;20922.66666666667;2021-06-07T04:00:00+02:00
1293;21390.66666666667;2021-06-07T05:00:00+02:00
1293;23380.16666666667;2021-06-07T06:00:00+02:00
1293;25833.5;2021-06-07T07:00:00+02:00
1293;28177.66666666667;2021-06-07T08:00:00+02:00
1293;29193.0;2021-06-07T09:00:00+02:00
1293;29798.33333333333;2021-06-07T10:00:00+02:00
1293;30327.33333333333;2021-06-07T11:00:00+02:00
1293;31013.66666666667;2021-06-07T12:00:00+02:00
1293;31521.0;2021-06-07T13:00:00+02:00
1293;31364.5;2021-06-07T14:00:00+02:00
1293;30628.0;2021-06-07T15:00:00+02:00
1293;30357.33333333333;2021-06-07T16:00:00+02:00
1293;30320.5;2021-06-07T17:00:00+02:00
1293;29849.5;2021-06-07T18:00:00+02:00
1293;29718.33333333333;2021-06-07T19:00:00+02:00
1293;29747.5;2021-06-07T20:00:00+02:00
1293;29724.83333333333;2021-06-07T21:00:00+02:00
1293;29310.0;2021-06-07T22:00:00+02:00
1293;27120.16666666667;2021-06-07T23:00:00+02:00
1293;26153.5;2021-06-08T00:00:00+02:00
1293;24882.5;2021-06-08T01:00:00+02:00
1293;23771.83333333333;2021-06-08T02:00:00+02:00
1293;23289.83333333333;2021-06-08T03:00:00+02:00
1293;23145.0;2021-06-08T04:00:00+02:00
1293;23469.5;2021-06-08T05:00:00+02:00
1293;25029.5;2021-06-08T06:00:00+02:00
1293;27396.16666666667;2021-06-08T07:00:00+02:00
1293;29309.33333333333;2021-06-08T08:00:00+02:00
1293;30284.83333333333;2021-06-08T09:00:00+02:00
1293;30827.0;2021-06-08T10:00:00+02:00
1293;31285.16666666667;2021-06-08T11:00:00+02:00
1293;32130.0;2021-06-08T12:00:00+02:00
1293;32497.66666666667;2021-06-08T13:00:00+02:00
1293;32295.0;2021-06-08T14:00:00+02:00
1293;31556.5;2021-06-08T15:00:00+02:00
1293;31359.66666666667;2021-06-08T16:00:00+02:00
1293;31146.16666666667;2021-06-08T17:00:00+02:00
1293;30650.16666666667;2021-06-08T18:00:00+02:00
1293;30345.5;2021-06-08T19:00:00+02:00
1293;30246.5;2021-06-08T20:00:00+02:00
1293;29986.0;2021-06-08T21:00:00+02:00
1293;29582.66666666667;2021-06-08T22:00:00+02:00
1293;27577.16666666667;2021-06-08T23:00:00+02:00
1293;26700.33333333333;2021-06-09T00:00:00+02:00
1293;25476.0;2021-06-09T01:00:00+02:00
1293;24386.83333333333;2021-06-09T02:00:00+02:00
1293;23719.16666666667;2021-06-09T03:00:00+02:00
1293;23647.0;2021-06-09T04:00:00+02:00
1293;23893.83333333333;2021-06-09T05:00:00+02:00
1293;25361.83333333333;2021-06-09T06:00:00+02:00
1293;27652.83333333333;2021-06-09T07:00:00+02:00
1293;29387.83333333333;2021-06-09T08:00:00+02:00
1293;30445.16666666667;2021-06-09T09:00:00+02:00
1293;31148.5;2021-06-09T10:00:00+02:00
1293;31831.83333333333;2021-06-09T11:00:00+02:00
1293;32611.5;2021-06-09T12:00:00+02:00
1293;32897.66666666667;2021-06-09T13:00:00+02:00
1293;32824.5;2021-06-09T14:00:00+02:00
1293;32097.16666666667;2021-06-09T15:00:00+02:00
1293;31787.0;2021-06-09T16:00:00+02:00
1293;31698.16666666667;2021-06-09T17:00:00+02:00
1293;30901.33333333333;2021-06-09T18:00:00+02:00
1293;30776.16666666667;2021-06-09T19:00:00+02:00
1293;30662.33333333333;2021-06-09T20:00:00+02:00
1293;30337.66666666667;2021-06-09T21:00:00+02:00
1293;30147.83333333333;2021-06-09T22:00:00+02:00
1293;27890.83333333333;2021-06-09T23:00:00+02:00
1293;26925.5;2021-06-10T00:00:00+02:00
1293;25506.5;2021-06-10T01:00:00+02:00
1293;24501.16666666667;2021-06-10T02:00:00+02:00
1293;24009.83333333333;2021-06-10T03:00:00+02:00
1293;23903.16666666667;2021-06-10T04:00:00+02:00
1293;24111.66666666667;2021-06-10T05:00:00+02:00
1293;25756.83333333333;2021-06-10T06:00:00+02:00
1293;28062.66666666667;2021-06-10T07:00:00+02:00
1293;29740.0;2021-06-10T08:00:00+02:00
1293;30858.83333333333;2021-06-10T09:00:00+02:00
1293;31365.16666666667;2021-06-10T10:00:00+02:00
1293;31973.66666666667;2021-06-10T11:00:00+02:00
1293;32830.66666666667;2021-06-10T12:00:00+02:00
1293;33186.33333333334;2021-06-10T13:00:00+02:00
1293;33301.83333333334;2021-06-10T14:00:00+02:00
1293;32756.83333333333;2021-06-10T15:00:00+02:00
1293;32467.16666666667;2021-06-10T16:00:00+02:00
1293;32379.16666666667;2021-06-10T17:00:00+02:00
1293;31566.0;2021-06-10T18:00:00+02:00
1293;31290.16666666667;2021-06-10T19:00:00+02:00
1293;30937.16666666667;2021-06-10T20:00:00+02:00
1293;30644.66666666667;2021-06-10T21:00:00+02:00
1293;30169.16666666667;2021-06-10T22:00:00+02:00
1293;28130.66666666667;2021-06-10T23:00:00+02:00
1293;27064.83333333333;2021-06-11T00:00:00+02:00
1293;25907.83333333333;2021-06-11T01:00:00+02:00
1293;24670.5;2021-06-11T02:00:00+02:00
1293;23966.16666666667;2021-06-11T03:00:00+02:00
1293;23759.66666666667;2021-06-11T04:00:00+02:00
1293;24035.33333333333;2021-06-11T05:00:00+02:00
1293;25575.16666666667;2021-06-11T06:00:00+02:00
1293;27934.33333333333;2021-06-11T07:00:00+02:00
1293;29853.33333333333;2021-06-11T08:00:00+02:00
1293;30862.16666666667;2021-06-11T09:00:00+02:00
1293;31551.5;2021-06-11T10:00:00+02:00
1293;32287.5;2021-06-11T11:00:00+02:00
1293;32982.16666666667;2021-06-11T12:00:00+02:00
1293;33252.66666666667;2021-06-11T13:00:00+02:00
1293;32933.5;2021-06-11T14:00:00+02:00
1293;32129.33333333333;2021-06-11T15:00:00+02:00
1293;31700.83333333333;2021-06-11T16:00:00+02:00
1293;31368.0;2021-06-11T17:00:00+02:00
1293;30755.33333333333;2021-06-11T18:00:00+02:00
1293;30315.0;2021-06-11T19:00:00+02:00
1293;29827.33333333333;2021-06-11T20:00:00+02:00
1293;29577.33333333333;2021-06-11T21:00:00+02:00
1293;28956.66666666667;2021-06-11T22:00:00+02:00
1293;27102.66666666667;2021-06-11T23:00:00+02:00
1293;26378.16666666667;2021-06-12T00:00:00+02:00
1293;25211.5;2021-06-12T01:00:00+02:00
1293;24076.66666666667;2021-06-12T02:00:00+02:00
1293;23331.0;2021-06-12T03:00:00+02:00
1293;22958.16666666667;2021-06-12T04:00:00+02:00
1293;22674.16666666667;2021-06-12T05:00:00+02:00
1293;22752.33333333333;2021-06-12T06:00:00+02:00
1293;23176.83333333333;2021-06-12T07:00:00+02:00
1293;24981.16666666667;2021-06-12T08:00:00+02:00
1293;27005.0;2021-06-12T09:00:00+02:00
1293;28253.16666666667;2021-06-12T10:00:00+02:00
1293;28763.5;2021-06-12T11:00:00+02:00
1293;29168.33333333333;2021-06-12T12:00:00+02:00
1293;29501.5;2021-06-12T13:00:00+02:00
1293;29002.5;2021-06-12T14:00:00+02:00
1293;27984.0;2021-06-12T15:00:00+02:00
1293;27402.16666666667;2021-06-12T16:00:00+02:00
1293;27180.66666666667;2021-06-12T17:00:00+02:00
1293;27034.5;2021-06-12T18:00:00+02:00
1293;27173.16666666667;2021-06-12T19:00:00+02:00
1293;27376.5;2021-06-12T20:00:00+02:00
1293;27591.33333333333;2021-06-12T21:00:00+02:00
1293;27535.0;2021-06-12T22:00:00+02:00
1293;25889.66666666667;2021-06-12T23:00:00+02:00
1293;24521.83333333333;2021-06-13T00:00:00+02:00
1293;23011.66666666667;2021-06-13T01:00:00+02:00
1293;21977.0;2021-06-13T02:00:00+02:00
1293;21419.16666666667;2021-06-13T03:00:00+02:00
1293;20956.5;2021-06-13T04:00:00+02:00
1293;20750.16666666667;2021-06-13T05:00:00+02:00
1293;20862.0;2021-06-13T06:00:00+02:00
1293;20650.66666666667;2021-06-13T07:00:00+02:00
1293;21745.16666666667;2021-06-13T08:00:00+02:00
1293;23357.83333333333;2021-06-13T09:00:00+02:00
1293;24809.0;2021-06-13T10:00:00+02:00
1293;25841.0;2021-06-13T11:00:00+02:00
1293;26452.5;2021-06-13T12:00:00+02:00
1293;27037.33333333333;2021-06-13T13:00:00+02:00
1293;27284.0;2021-06-13T14:00:00+02:00
1293;26131.66666666667;2021-06-13T15:00:00+02:00
1293;25583.16666666667;2021-06-13T16:00:00+02:00
1293;25325.33333333333;2021-06-13T17:00:00+02:00
1293;25606.66666666667;2021-06-13T18:00:00+02:00
1293;25950.5;2021-06-13T19:00:00+02:00
1293;26481.5;2021-06-13T20:00:00+02:00
1293;27420.66666666667;2021-06-13T21:00:00+02:00
1293;28105.16666666667;2021-06-13T22:00:00+02:00
1293;26609.83333333333;2021-06-13T23:00:00+02:00
1293;24815.0;2021-06-14T00:00:00+02:00
1293;23531.33333333333;2021-06-14T01:00:00+02:00
1293;22713.5;2021-06-14T02:00:00+02:00
1293;22253.0;2021-06-14T03:00:00+02:00
1293;22067.16666666667;2021-06-14T04:00:00+02:00
1293;22675.83333333333;2021-06-14T05:00:00+02:00
1293;24905.5;2021-06-14T06:00:00+02:00
1293;27512.83333333333;2021-06-14T07:00:00+02:00
1293;29523.0;2021-06-14T08:00:00+02:00
1293;30976.16666666667;2021-06-14T09:00:00+02:00
1293;31961.5;2021-06-14T10:00:00+02:00
1293;32822.83333333334;2021-06-14T11:00:00+02:00
1293;33666.0;2021-06-14T12:00:00+02:00
1293;34172.33333333334;2021-06-14T13:00:00+02:00
1293;34182.83333333334;2021-06-14T14:00:00+02:00
1293;33621.5;2021-06-14T15:00:00+02:00
1293;33414.66666666667;2021-06-14T16:00:00+02:00
1293;33257.83333333334;2021-06-14T17:00:00+02:00
1293;32308.66666666667;2021-06-14T18:00:00+02:00
1293;32060.33333333333;2021-06-14T19:00:00+02:00
1293;31973.33333333333;2021-06-14T20:00:00+02:00
1293;31575.0;2021-06-14T21:00:00+02:00
1293;30932.16666666667;2021-06-14T22:00:00+02:00
1293;28605.66666666667;2021-06-14T23:00:00+02:00
1293;27289.66666666667;2021-06-15T00:00:00+02:00
1293;26065.16666666667;2021-06-15T01:00:00+02:00
1293;24974.0;2021-06-15T02:00:00+02:00
1293;24325.83333333333;2021-06-15T03:00:00+02:00
1293;24119.5;2021-06-15T04:00:00+02:00
1293;24487.83333333333;2021-06-15T05:00:00+02:00
1293;26218.5;2021-06-15T06:00:00+02:00
1293;28723.33333333333;2021-06-15T07:00:00+02:00
1293;30693.33333333333;2021-06-15T08:00:00+02:00
1293;32141.33333333333;2021-06-15T09:00:00+02:00
1293;33008.16666666667;2021-06-15T10:00:00+02:00
1293;33501.66666666667;2021-06-15T11:00:00+02:00
1293;34107.83333333334;2021-06-15T12:00:00+02:00
1293;34600.66666666667;2021-06-15T13:00:00+02:00
1293;34320.0;2021-06-15T14:00:00+02:00
1293;33760.66666666667;2021-06-15T15:00:00+02:00
1293;33642.33333333334;2021-06-15T16:00:00+02:00
1293;33182.5;2021-06-15T17:00:00+02:00
1293;32633.83333333333;2021-06-15T18:00:00+02:00
1293;32211.0;2021-06-15T19:00:00+02:00
1293;31876.83333333333;2021-06-15T20:00:00+02:00
1293;31588.0;2021-06-15T21:00:00+02:00
1293;30840.83333333333;2021-06-15T22:00:00+02:00
1293;28702.33333333333;2021-06-15T23:00:00+02:00
1293;27575.33333333333;2021-06-16T00:00:00+02:00
1293;26155.5;2021-06-16T01:00:00+02:00
1293;25120.66666666667;2021-06-16T02:00:00+02:00
1293;24553.0;2021-06-16T03:00:00+02:00
1293;24240.83333333333;2021-06-16T04:00:00+02:00
1293;24655.0;2021-06-16T05:00:00+02:00
1293;26427.5;2021-06-16T06:00:00+02:00
1293;28921.83333333333;2021-06-16T07:00:00+02:00
1293;30772.0;2021-06-16T08:00:00+02:00
1293;32053.0;2021-06-16T09:00:00+02:00
1293;32727.33333333333;2021-06-16T10:00:00+02:00
1293;33235.0;2021-06-16T11:00:00+02:00
1293;33700.5;2021-06-16T12:00:00+02:00
1293;33981.33333333334;2021-06-16T13:00:00+02:00
1293;33836.5;2021-06-16T14:00:00+02:00
1293;33222.66666666667;2021-06-16T15:00:00+02:00
1293;32924.0;2021-06-16T16:00:00+02:00
1293;32739.0;2021-06-16T17:00:00+02:00
1293;31915.5;2021-06-16T18:00:00+02:00
1293;31515.83333333333;2021-06-16T19:00:00+02:00
1293;31224.83333333333;2021-06-16T20:00:00+02:00
1293;30746.16666666667;2021-06-16T21:00:00+02:00
1293;30199.5;2021-06-16T22:00:00+02:00
1293;27839.33333333333;2021-06-16T23:00:00+02:00
1293;27088.33333333333;2021-06-17T00:00:00+02:00
1293;25800.16666666667;2021-06-17T01:00:00+02:00
1293;24673.33333333333;2021-06-17T02:00:00+02:00
1293;24230.16666666667;2021-06-17T03:00:00+02:00
1293;23902.66666666667;2021-06-17T04:00:00+02:00
1293;24336.16666666667;2021-06-17T05:00:00+02:00
1293;25883.83333333333;2021-06-17T06:00:00+02:00
1293;28230.0;2021-06-17T07:00:00+02:00
1293;30143.66666666667;2021-06-17T08:00:00+02:00
1293;31355.33333333333;2021-06-17T09:00:00+02:00
1293;31818.0;2021-06-17T10:00:00+02:00
1293;32219.83333333333;2021-06-17T11:00:00+02:00
1293;32683.33333333333;2021-06-17T12:00:00+02:00
1293;32552.0;2021-06-17T13:00:00+02:00
1293;31867.5;2021-06-17T14:00:00+02:00
1293;31168.5;2021-06-17T15:00:00+02:00
1293;30539.33333333333;2021-06-17T16:00:00+02:00
1293;30456.5;2021-06-17T17:00:00+02:00
1293;30078.0;2021-06-17T18:00:00+02:00
1293;29837.33333333333;2021-06-17T19:00:00+02:00
1293;29962.83333333333;2021-06-17T20:00:00+02:00
1293;29863.0;2021-06-17T21:00:00+02:00
1293;29485.33333333333;2021-06-17T22:00:00+02:00
1293;27305.33333333333;2021-06-17T23:00:00+02:00
1293;26283.5;2021-06-18T00:00:00+02:00
1293;25025.5;2021-06-18T01:00:00+02:00
1293;24005.0;2021-06-18T02:00:00+02:00
1293;23587.66666666667;2021-06-18T03:00:00+02:00
1293;23248.5;2021-06-18T04:00:00+02:00
1293;23723.33333333333;2021-06-18T05:00:00+02:00
1293;25375.5;2021-06-18T06:00:00+02:00
1293;27797.5;2021-06-18T07:00:00+02:00
1293;29804.83333333333;2021-06-18T08:00:00+02:00
1293;30854.16666666667;2021-06-18T09:00:00+02:00
1293;31296.33333333333;2021-06-18T10:00:00+02:00
1293;31622.0;2021-06-18T11:00:00+02:00
1293;32207.16666666667;2021-06-18T12:00:00+02:00
1293;32354.0;2021-06-18T13:00:00+02:00
1293;31914.83333333333;2021-06-18T14:00:00+02:00
1293;30909.0;2021-06-18T15:00:00+02:00
1293;30384.16666666667;2021-06-18T16:00:00+02:00
1293;29995.5;2021-06-18T17:00:00+02:00
1293;29412.5;2021-06-18T18:00:00+02:00
1293;29319.83333333333;2021-06-18T19:00:00+02:00
1293;29174.0;2021-06-18T20:00:00+02:00
1293;28906.83333333333;2021-06-18T21:00:00+02:00
1293;28642.83333333333;2021-06-18T22:00:00+02:00
1293;26732.83333333333;2021-06-18T23:00:00+02:00
1293;26163.33333333333;2021-06-19T00:00:00+02:00
1293;24839.5;2021-06-19T01:00:00+02:00
1293;23715.33333333333;2021-06-19T02:00:00+02:00
1293;22938.16666666667;2021-06-19T03:00:00+02:00
1293;22535.16666666667;2021-06-19T04:00:00+02:00
1293;22300.16666666667;2021-06-19T05:00:00+02:00
1293;22411.33333333333;2021-06-19T06:00:00+02:00
1293;22864.5;2021-06-19T07:00:00+02:00
1293;24434.33333333333;2021-06-19T08:00:00+02:00
1293;26304.83333333333;2021-06-19T09:00:00+02:00
1293;27840.16666666667;2021-06-19T10:00:00+02:00
1293;28127.83333333333;2021-06-19T11:00:00+02:00
1293;28129.16666666667;2021-06-19T12:00:00+02:00
1293;28312.66666666667;2021-06-19T13:00:00+02:00
1293;28057.0;2021-06-19T14:00:00+02:00
1293;26759.66666666667;2021-06-19T15:00:00+02:00
1293;25800.33333333333;2021-06-19T16:00:00+02:00
1293;25662.66666666667;2021-06-19T17:00:00+02:00
1293;25483.5;2021-06-19T18:00:00+02:00
1293;25736.5;2021-06-19T19:00:00+02:00
1293;26246.0;2021-06-19T20:00:00+02:00
1293;26701.0;2021-06-19T21:00:00+02:00
1293;26697.5;2021-06-19T22:00:00+02:00
1293;25224.83333333333;2021-06-19T23:00:00+02:00
1293;23763.16666666667;2021-06-20T00:00:00+02:00
1293;22376.66666666667;2021-06-20T01:00:00+02:00
1293;21287.5;2021-06-20T02:00:00+02:00
1293;20738.0;2021-06-20T03:00:00+02:00
1293;20273.16666666667;2021-06-20T04:00:00+02:00
1293;20097.66666666667;2021-06-20T05:00:00+02:00
1293;20094.66666666667;2021-06-20T06:00:00+02:00
1293;19921.5;2021-06-20T07:00:00+02:00
1293;20975.33333333333;2021-06-20T08:00:00+02:00
1293;22615.5;2021-06-20T09:00:00+02:00
1293;24110.5;2021-06-20T10:00:00+02:00
1293;24791.0;2021-06-20T11:00:00+02:00
1293;25170.66666666667;2021-06-20T12:00:00+02:00
1293;25702.33333333333;2021-06-20T13:00:00+02:00
1293;25663.66666666667;2021-06-20T14:00:00+02:00
1293;24323.66666666667;2021-06-20T15:00:00+02:00
1293;23317.83333333333;2021-06-20T16:00:00+02:00
1293;23336.33333333333;2021-06-20T17:00:00+02:00
1293;23845.5;2021-06-20T18:00:00+02:00
1293;24372.16666666667;2021-06-20T19:00:00+02:00
1293;24882.5;2021-06-20T20:00:00+02:00
1293;26049.66666666667;2021-06-20T21:00:00+02:00
1293;26897.83333333333;2021-06-20T22:00:00+02:00
1293;25262.33333333333;2021-06-20T23:00:00+02:00
1293;23822.5;2021-06-21T00:00:00+02:00
1293;22510.33333333333;2021-06-21T01:00:00+02:00
1293;21618.83333333333;2021-06-21T02:00:00+02:00
1293;21278.83333333333;2021-06-21T03:00:00+02:00
1293;21227.33333333333;2021-06-21T04:00:00+02:00
1293;21814.0;2021-06-21T05:00:00+02:00
1293;23899.83333333333;2021-06-21T06:00:00+02:00
1293;26380.66666666667;2021-06-21T07:00:00+02:00
1293;28480.5;2021-06-21T08:00:00+02:00
1293;29527.16666666667;2021-06-21T09:00:00+02:00
1293;30105.0;2021-06-21T10:00:00+02:00
1293;30592.5;2021-06-21T11:00:00+02:00
1293;31206.5;2021-06-21T12:00:00+02:00
1293;31472.5;2021-06-21T13:00:00+02:00
1293;31346.66666666667;2021-06-21T14:00:00+02:00
1293;30400.16666666667;2021-06-21T15:00:00+02:00
1293;30271.66666666667;2021-06-21T16:00:00+02:00
1293;30331.33333333333;2021-06-21T17:00:00+02:00
1293;29912.5;2021-06-21T18:00:00+02:00
1293;29513.66666666667;2021-06-21T19:00:00+02:00
1293;29383.33333333333;2021-06-21T20:00:00+02:00
1293;29237.0;2021-06-21T21:00:00+02:00
1293;28806.66666666667;2021-06-21T22:00:00+02:00
1293;26860.5;2021-06-21T23:00:00+02:00
1293;25812.33333333333;2021-06-22T00:00:00+02:00
1293;24662.33333333333;2021-06-22T01:00:00+02:00
1293;23726.0;2021-06-22T02:00:00+02:00
1293;23028.5;2021-06-22T03:00:00+02:00
1293;22936.33333333333;2021-06-22T04:00:00+02:00
1293;23063.16666666667;2021-06-22T05:00:00+02:00
1293;24967.5;2021-06-22T06:00:00+02:00
1293;27313.83333333333;2021-06-22T07:00:00+02:00
1293;29169.83333333333;2021-06-22T08:00:00+02:00
1293;30230.66666666667;2021-06-22T09:00:00+02:00
1293;30714.0;2021-06-22T10:00:00+02:00
1293;31204.66666666667;2021-06-22T11:00:00+02:00
1293;31727.66666666667;2021-06-22T12:00:00+02:00
1293;31711.33333333333;2021-06-22T13:00:00+02:00
1293;31376.5;2021-06-22T14:00:00+02:00
1293;30368.16666666667;2021-06-22T15:00:00+02:00
1293;30140.5;2021-06-22T16:00:00+02:00
1293;30000.66666666667;2021-06-22T17:00:00+02:00
1293;29505.33333333333;2021-06-22T18:00:00+02:00
1293;29192.66666666667;2021-06-22T19:00:00+02:00
1293;29352.5;2021-06-22T20:00:00+02:00
1293;29359.5;2021-06-22T21:00:00+02:00
1293;29039.66666666667;2021-06-22T22:00:00+02:00
1293;26953.83333333333;2021-06-22T23:00:00+02:00
1293;26016.66666666667;2021-06-23T00:00:00+02:00
1293;24922.66666666667;2021-06-23T01:00:00+02:00
1293;23838.83333333333;2021-06-23T02:00:00+02:00
1293;23422.66666666667;2021-06-23T03:00:00+02:00
1293;23170.33333333333;2021-06-23T04:00:00+02:00
1293;23479.16666666667;2021-06-23T05:00:00+02:00
1293;25163.5;2021-06-23T06:00:00+02:00
1293;27211.83333333333;2021-06-23T07:00:00+02:00
1293;28649.16666666667;2021-06-23T08:00:00+02:00
1293;29621.83333333333;2021-06-23T09:00:00+02:00
1293;30333.0;2021-06-23T10:00:00+02:00
1293;30581.66666666667;2021-06-23T11:00:00+02:00
1293;31035.0;2021-06-23T12:00:00+02:00
1293;31379.66666666667;2021-06-23T13:00:00+02:00
1293;30819.66666666667;2021-06-23T14:00:00+02:00
1293;29770.33333333333;2021-06-23T15:00:00+02:00
1293;29176.66666666667;2021-06-23T16:00:00+02:00
1293;29081.33333333333;2021-06-23T17:00:00+02:00
1293;28724.16666666667;2021-06-23T18:00:00+02:00
1293;28368.66666666667;2021-06-23T19:00:00+02:00
1293;28086.33333333333;2021-06-23T20:00:00+02:00
1293;27966.33333333333;2021-06-23T21:00:00+02:00
1293;27565.16666666667;2021-06-23T22:00:00+02:00
1293;25792.16666666667;2021-06-23T23:00:00+02:00
1293;25213.83333333333;2021-06-24T00:00:00+02:00
1293;24178.66666666667;2021-06-24T01:00:00+02:00
1293;23131.5;2021-06-24T02:00:00+02:00
1293;22535.5;2021-06-24T03:00:00+02:00
1293;22211.83333333333;2021-06-24T04:00:00+02:00
1293;22343.83333333333;2021-06-24T05:00:00+02:00
1293;23401.33333333333;2021-06-24T06:00:00+02:00
1293;24844.33333333333;2021-06-24T07:00:00+02:00
1293;26081.16666666667;2021-06-24T08:00:00+02:00
1293;27174.16666666667;2021-06-24T09:00:00+02:00
1293;28015.33333333333;2021-06-24T10:00:00+02:00
1293;28467.66666666667;2021-06-24T11:00:00+02:00
1293;28812.33333333333;2021-06-24T12:00:00+02:00
1293;29399.33333333333;2021-06-24T13:00:00+02:00
1293;29367.0;2021-06-24T14:00:00+02:00
1293;28473.0;2021-06-24T15:00:00+02:00
1293;28048.33333333333;2021-06-24T16:00:00+02:00
1293;27817.5;2021-06-24T17:00:00+02:00
1293;27575.5;2021-06-24T18:00:00+02:00
1293;27686.33333333333;2021-06-24T19:00:00+02:00
1293;27500.0;2021-06-24T20:00:00+02:00
1293;27713.83333333333;2021-06-24T21:00:00+02:00
1293;27969.0;2021-06-24T22:00:00+02:00
1293;26434.0;2021-06-24T23:00:00+02:00
1293;25566.83333333333;2021-06-25T00:00:00+02:00
1293;24157.66666666667;2021-06-25T01:00:00+02:00
1293;23158.5;2021-06-25T02:00:00+02:00
1293;22658.33333333333;2021-06-25T03:00:00+02:00
1293;22553.5;2021-06-25T04:00:00+02:00
1293;22714.16666666667;2021-06-25T05:00:00+02:00
1293;24255.83333333333;2021-06-25T06:00:00+02:00
1293;25966.0;2021-06-25T07:00:00+02:00
1293;27661.16666666667;2021-06-25T08:00:00+02:00
1293;28915.5;2021-06-25T09:00:00+02:00
1293;29586.16666666667;2021-06-25T10:00:00+02:00
1293;30075.66666666667;2021-06-25T11:00:00+02:00
1293;30677.0;2021-06-25T12:00:00+02:00
1293;31064.33333333333;2021-06-25T13:00:00+02:00
1293;31098.0;2021-06-25T14:00:00+02:00
1293;30074.66666666667;2021-06-25T15:00:00+02:00
1293;29606.83333333333;2021-06-25T16:00:00+02:00
1293;29458.66666666667;2021-06-25T17:00:00+02:00
1293;29107.66666666667;2021-06-25T18:00:00+02:00
1293;29095.33333333333;2021-06-25T19:00:00+02:00
1293;28952.0;2021-06-25T20:00:00+02:00
1293;28546.16666666667;2021-06-25T21:00:00+02:00
1293;28389.5;2021-06-25T22:00:00+02:00
1293;26686.83333333333;2021-06-25T23:00:00+02:00
1293;25828.83333333333;2021-06-26T00:00:00+02:00
1293;24571.5;2021-06-26T01:00:00+02:00
1293;23383.83333333333;2021-06-26T02:00:00+02:00
1293;22533.83333333333;2021-06-26T03:00:00+02:00
1293;22095.83333333333;2021-06-26T04:00:00+02:00
1293;22036.83333333333;2021-06-26T05:00:00+02:00
1293;22109.83333333333;2021-06-26T06:00:00+02:00
1293;22360.83333333333;2021-06-26T07:00:00+02:00
1293;23933.16666666667;2021-06-26T08:00:00+02:00
1293;25889.83333333333;2021-06-26T09:00:00+02:00
1293;27266.66666666667;2021-06-26T10:00:00+02:00
1293;27961.5;2021-06-26T11:00:00+02:00
1293;28400.33333333333;2021-06-26T12:00:00+02:00
1293;28723.33333333333;2021-06-26T13:00:00+02:00
1293;28557.16666666667;2021-06-26T14:00:00+02:00
1293;27376.0;2021-06-26T15:00:00+02:00
1293;26764.5;2021-06-26T16:00:00+02:00
1293;26470.5;2021-06-26T17:00:00+02:00
1293;26497.5;2021-06-26T18:00:00+02:00
1293;26531.16666666667;2021-06-26T19:00:00+02:00
1293;26690.83333333333;2021-06-26T20:00:00+02:00
1293;27156.83333333333;2021-06-26T21:00:00+02:00
1293;27276.5;2021-06-26T22:00:00+02:00
1293;25717.66666666667;2021-06-26T23:00:00+02:00
1293;24325.83333333333;2021-06-27T00:00:00+02:00
1293;22950.0;2021-06-27T01:00:00+02:00
1293;21736.5;2021-06-27T02:00:00+02:00
1293;21126.83333333333;2021-06-27T03:00:00+02:00
1293;20641.33333333333;2021-06-27T04:00:00+02:00
1293;20342.0;2021-06-27T05:00:00+02:00
1293;20302.33333333333;2021-06-27T06:00:00+02:00
1293;20249.83333333333;2021-06-27T07:00:00+02:00
1293;21268.66666666667;2021-06-27T08:00:00+02:00
1293;22784.33333333333;2021-06-27T09:00:00+02:00
1293;24282.0;2021-06-27T10:00:00+02:00
1293;25259.5;2021-06-27T11:00:00+02:00
1293;25713.33333333333;2021-06-27T12:00:00+02:00
1293;26167.0;2021-06-27T13:00:00+02:00
1293;26339.0;2021-06-27T14:00:00+02:00
1293;25373.33333333333;2021-06-27T15:00:00+02:00
1293;24774.0;2021-06-27T16:00:00+02:00
1293;24422.16666666667;2021-06-27T17:00:00+02:00
1293;24710.0;2021-06-27T18:00:00+02:00
1293;24975.66666666667;2021-06-27T19:00:00+02:00
1293;25461.5;2021-06-27T20:00:00+02:00
1293;26498.0;2021-06-27T21:00:00+02:00
1293;27273.66666666667;2021-06-27T22:00:00+02:00
1293;25802.83333333333;2021-06-27T23:00:00+02:00
1293;24229.66666666667;2021-06-28T00:00:00+02:00
1293;22952.83333333333;2021-06-28T01:00:00+02:00
1293;21862.0;2021-06-28T02:00:00+02:00
1293;21335.33333333333;2021-06-28T03:00:00+02:00
1293;21389.5;2021-06-28T04:00:00+02:00
1293;21825.0;2021-06-28T05:00:00+02:00
1293;23802.5;2021-06-28T06:00:00+02:00
1293;25943.33333333333;2021-06-28T07:00:00+02:00
1293;28011.5;2021-06-28T08:00:00+02:00
1293;29626.5;2021-06-28T09:00:00+02:00
1293;30450.83333333333;2021-06-28T10:00:00+02:00
1293;31094.0;2021-06-28T11:00:00+02:00
1293;31545.0;2021-06-28T12:00:00+02:00
1293;32152.33333333333;2021-06-28T13:00:00+02:00
1293;32134.66666666667;2021-06-28T14:00:00+02:00
1293;31264.0;2021-06-28T15:00:00+02:00
1293;31172.5;2021-06-28T16:00:00+02:00
1293;31127.16666666667;2021-06-28T17:00:00+02:00
1293;30703.33333333333;2021-06-28T18:00:00+02:00
1293;30110.5;2021-06-28T19:00:00+02:00
1293;29911.16666666667;2021-06-28T20:00:00+02:00
1293;29688.16666666667;2021-06-28T21:00:00+02:00
1293;29385.16666666667;2021-06-28T22:00:00+02:00
1293;27548.66666666667;2021-06-28T23:00:00+02:00
1293;26622.0;2021-06-29T00:00:00+02:00
1293;25242.83333333333;2021-06-29T01:00:00+02:00
1293;24328.0;2021-06-29T02:00:00+02:00
1293;23672.33333333333;2021-06-29T03:00:00+02:00
1293;23511.0;2021-06-29T04:00:00+02:00
1293;23796.0;2021-06-29T05:00:00+02:00
1293;25419.5;2021-06-29T06:00:00+02:00
1293;27258.5;2021-06-29T07:00:00+02:00
1293;29099.16666666667;2021-06-29T08:00:00+02:00
1293;30428.5;2021-06-29T09:00:00+02:00
1293;31371.5;2021-06-29T10:00:00+02:00
1293;32001.0;2021-06-29T11:00:00+02:00
1293;32393.33333333333;2021-06-29T12:00:00+02:00
1293;32566.33333333333;2021-06-29T13:00:00+02:00
1293;32305.83333333333;2021-06-29T14:00:00+02:00
1293;31551.83333333333;2021-06-29T15:00:00+02:00
1293;31205.66666666667;2021-06-29T16:00:00+02:00
1293;31158.66666666667;2021-06-29T17:00:00+02:00
1293;30774.16666666667;2021-06-29T18:00:00+02:00
1293;30592.0;2021-06-29T19:00:00+02:00
1293;30351.66666666667;2021-06-29T20:00:00+02:00
1293;30034.0;2021-06-29T21:00:00+02:00
1293;29821.16666666667;2021-06-29T22:00:00+02:00
1293;27874.66666666667;2021-06-29T23:00:00+02:00
1293;27090.83333333333;2021-06-30T00:00:00+02:00
1293;25829.66666666667;2021-06-30T01:00:00+02:00
1293;24563.16666666667;2021-06-30T02:00:00+02:00
1293;24175.5;2021-06-30T03:00:00+02:00
1293;23963.5;2021-06-30T04:00:00+02:00
1293;24245.5;2021-06-30T05:00:00+02:00
1293;25909.33333333333;2021-06-30T06:00:00+02:00
1293;28159.66666666667;2021-06-30T07:00:00+02:00
1293;29653.83333333333;2021-06-30T08:00:00+02:00
1293;31118.83333333333;2021-06-30T09:00:00+02:00
1293;31998.5;2021-06-30T10:00:00+02:00
1293;32561.5;2021-06-30T11:00:00+02:00
1293;33207.5;2021-06-30T12:00:00+02:00
1293;33504.16666666667;2021-06-30T13:00:00+02:00
1293;33381.66666666667;2021-06-30T14:00:00+02:00
1293;32605.16666666667;2021-06-30T15:00:00+02:00
1293;32309.66666666667;2021-06-30T16:00:00+02:00
1293;32290.83333333333;2021-06-30T17:00:00+02:00
1293;31803.0;2021-06-30T18:00:00+02:00
1293;31382.66666666667;2021-06-30T19:00:00+02:00
1293;30794.83333333333;2021-06-30T20:00:00+02:00
1293;30574.0;2021-06-30T21:00:00+02:00
1293;30361.0;2021-06-30T22:00:00+02:00
1293;28366.16666666667;2021-06-30T23:00:00+02:00
1293;27554.16666666667;2021-07-01T00:00:00+02:00
1293;26141.83333333333;2021-07-01T01:00:00+02:00
1293;24937.66666666667;2021-07-01T02:00:00+02:00
1293;24375.5;2021-07-01T03:00:00+02:00
1293;24253.66666666667;2021-07-01T04:00:00+02:00
1293;24380.83333333333;2021-07-01T05:00:00+02:00
1293;26036.5;2021-07-01T06:00:00+02:00
1293;27830.16666666667;2021-07-01T07:00:00+02:00
1293;29341.16666666667;2021-07-01T08:00:00+02:00
1293;30594.0;2021-07-01T09:00:00+02:00
1293;31492.5;2021-07-01T10:00:00+02:00
1293;32296.16666666667;2021-07-01T11:00:00+02:00
1293;33069.5;2021-07-01T12:00:00+02:00
1293;33599.0;2021-07-01T13:00:00+02:00
1293;33734.66666666667;2021-07-01T14:00:00+02:00
1293;33003.33333333334;2021-07-01T15:00:00+02:00
1293;32638.66666666667;2021-07-01T16:00:00+02:00
1293;32535.16666666667;2021-07-01T17:00:00+02:00
1293;31829.83333333333;2021-07-01T18:00:00+02:00
1293;31290.5;2021-07-01T19:00:00+02:00
1293;30870.83333333333;2021-07-01T20:00:00+02:00
1293;30501.16666666667;2021-07-01T21:00:00+02:00
1293;30218.5;2021-07-01T22:00:00+02:00
1293;28531.5;2021-07-01T23:00:00+02:00
1293;27838.83333333333;2021-07-02T00:00:00+02:00
1293;26473.66666666667;2021-07-02T01:00:00+02:00
1293;25168.83333333333;2021-07-02T02:00:00+02:00
1293;24516.66666666667;2021-07-02T03:00:00+02:00
1293;24393.5;2021-07-02T04:00:00+02:00
1293;24633.66666666667;2021-07-02T05:00:00+02:00
1293;26138.5;2021-07-02T06:00:00+02:00
1293;28151.5;2021-07-02T07:00:00+02:00
1293;29559.66666666667;2021-07-02T08:00:00+02:00
1293;30805.5;2021-07-02T09:00:00+02:00
1293;31983.33333333333;2021-07-02T10:00:00+02:00
1293;32664.5;2021-07-02T11:00:00+02:00
1293;33508.0;2021-07-02T12:00:00+02:00
1293;34091.83333333334;2021-07-02T13:00:00+02:00
1293;33950.83333333334;2021-07-02T14:00:00+02:00
1293;33041.83333333334;2021-07-02T15:00:00+02:00
1293;32662.0;2021-07-02T16:00:00+02:00
1293;32491.0;2021-07-02T17:00:00+02:00
1293;32095.0;2021-07-02T18:00:00+02:00
1293;31646.33333333333;2021-07-02T19:00:00+02:00
1293;30968.16666666667;2021-07-02T20:00:00+02:00
1293;30202.5;2021-07-02T21:00:00+02:00
1293;29801.66666666667;2021-07-02T22:00:00+02:00
1293;27818.83333333333;2021-07-02T23:00:00+02:00
1293;27426.5;2021-07-03T00:00:00+02:00
1293;26063.83333333333;2021-07-03T01:00:00+02:00
1293;24650.16666666667;2021-07-03T02:00:00+02:00
1293;23906.66666666667;2021-07-03T03:00:00+02:00
1293;23350.83333333333;2021-07-03T04:00:00+02:00
1293;23117.0;2021-07-03T05:00:00+02:00
1293;23308.0;2021-07-03T06:00:00+02:00
1293;23553.0;2021-07-03T07:00:00+02:00
1293;24943.83333333333;2021-07-03T08:00:00+02:00
1293;27071.33333333333;2021-07-03T09:00:00+02:00
1293;28678.66666666667;2021-07-03T10:00:00+02:00
1293;29574.16666666667;2021-07-03T11:00:00+02:00
1293;29928.33333333333;2021-07-03T12:00:00+02:00
1293;30448.33333333333;2021-07-03T13:00:00+02:00
1293;30476.0;2021-07-03T14:00:00+02:00
1293;29430.16666666667;2021-07-03T15:00:00+02:00
1293;28771.83333333333;2021-07-03T16:00:00+02:00
1293;28496.5;2021-07-03T17:00:00+02:00
1293;28611.33333333333;2021-07-03T18:00:00+02:00
1293;28727.33333333333;2021-07-03T19:00:00+02:00
1293;28572.83333333333;2021-07-03T20:00:00+02:00
1293;28690.83333333333;2021-07-03T21:00:00+02:00
1293;28769.5;2021-07-03T22:00:00+02:00
1293;27106.83333333333;2021-07-03T23:00:00+02:00
1293;25653.66666666667;2021-07-04T00:00:00+02:00
1293;24230.66666666667;2021-07-04T01:00:00+02:00
1293;22979.16666666667;2021-07-04T02:00:00+02:00
1293;22309.66666666667;2021-07-04T03:00:00+02:00
1293;21912.66666666667;2021-07-04T04:00:00+02:00
1293;21688.5;2021-07-04T05:00:00+02:00
1293;21615.66666666667;2021-07-04T06:00:00+02:00
1293;21364.33333333333;2021-07-04T07:00:00+02:00
1293;22449.0;2021-07-04T08:00:00+02:00
1293;23913.0;2021-07-04T09:00:00+02:00
1293;25619.33333333333;2021-07-04T10:00:00+02:00
1293;26589.33333333333;2021-07-04T11:00:00+02:00
1293;27397.5;2021-07-04T12:00:00+02:00
1293;28061.16666666667;2021-07-04T13:00:00+02:00
1293;28499.16666666667;2021-07-04T14:00:00+02:00
1293;27700.33333333333;2021-07-04T15:00:00+02:00
1293;27068.0;2021-07-04T16:00:00+02:00
1293;26829.16666666667;2021-07-04T17:00:00+02:00
1293;26968.5;2021-07-04T18:00:00+02:00
1293;27444.16666666667;2021-07-04T19:00:00+02:00
1293;27750.66666666667;2021-07-04T20:00:00+02:00
1293;28306.33333333333;2021-07-04T21:00:00+02:00
1293;29402.66666666667;2021-07-04T22:00:00+02:00
1293;27968.0;2021-07-04T23:00:00+02:00
1293;26309.33333333333;2021-07-05T00:00:00+02:00
1293;24603.33333333333;2021-07-05T01:00:00+02:00
1293;23525.66666666667;2021-07-05T02:00:00+02:00
1293;23028.16666666667;2021-07-05T03:00:00+02:00
1293;22845.16666666667;2021-07-05T04:00:00+02:00
1293;23380.16666666667;2021-07-05T05:00:00+02:00
1293;25374.66666666667;2021-07-05T06:00:00+02:00
1293;27676.16666666667;2021-07-05T07:00:00+02:00
1293;29645.5;2021-07-05T08:00:00+02:00
1293;31182.5;2021-07-05T09:00:00+02:00
1293;32439.33333333333;2021-07-05T10:00:00+02:00
1293;33551.33333333334;2021-07-05T11:00:00+02:00
1293;34299.83333333334;2021-07-05T12:00:00+02:00
1293;35146.83333333334;2021-07-05T13:00:00+02:00
1293;35365.33333333334;2021-07-05T14:00:00+02:00
1293;34777.0;2021-07-05T15:00:00+02:00
1293;34503.33333333334;2021-07-05T16:00:00+02:00
1293;34415.0;2021-07-05T17:00:00+02:00
1293;33553.83333333334;2021-07-05T18:00:00+02:00
1293;32894.83333333334;2021-07-05T19:00:00+02:00
1293;32280.66666666667;2021-07-05T20:00:00+02:00
1293;31761.66666666667;2021-07-05T21:00:00+02:00
1293;31384.66666666667;2021-07-05T22:00:00+02:00
1293;29232.33333333333;2021-07-05T23:00:00+02:00
1293;28381.66666666667;2021-07-06T00:00:00+02:00
1293;26945.33333333333;2021-07-06T01:00:00+02:00
1293;25701.0;2021-07-06T02:00:00+02:00
1293;25215.0;2021-07-06T03:00:00+02:00
1293;24823.66666666667;2021-07-06T04:00:00+02:00
1293;25054.66666666667;2021-07-06T05:00:00+02:00
1293;26591.0;2021-07-06T06:00:00+02:00
1293;28508.16666666667;2021-07-06T07:00:00+02:00
1293;30065.5;2021-07-06T08:00:00+02:00
1293;31640.66666666667;2021-07-06T09:00:00+02:00
1293;32739.66666666667;2021-07-06T10:00:00+02:00
1293;33471.16666666667;2021-07-06T11:00:00+02:00
1293;34268.5;2021-07-06T12:00:00+02:00
1293;34940.0;2021-07-06T13:00:00+02:00
1293;34855.0;2021-07-06T14:00:00+02:00
1293;34135.66666666667;2021-07-06T15:00:00+02:00
1293;33604.0;2021-07-06T16:00:00+02:00
1293;33308.16666666667;2021-07-06T17:00:00+02:00
1293;32314.16666666667;2021-07-06T18:00:00+02:00
1293;31818.83333333333;2021-07-06T19:00:00+02:00
1293;31742.33333333333;2021-07-06T20:00:00+02:00
1293;31090.0;2021-07-06T21:00:00+02:00
1293;30288.16666666667;2021-07-06T22:00:00+02:00
1293;28819.83333333333;2021-07-06T23:00:00+02:00
1293;28249.66666666667;2021-07-07T00:00:00+02:00
1293;26632.0;2021-07-07T01:00:00+02:00
1293;25351.83333333333;2021-07-07T02:00:00+02:00
1293;24624.5;2021-07-07T03:00:00+02:00
1293;24326.83333333333;2021-07-07T04:00:00+02:00
1293;24702.5;2021-07-07T05:00:00+02:00
1293;26184.83333333333;2021-07-07T06:00:00+02:00
1293;28178.5;2021-07-07T07:00:00+02:00
1293;29604.5;2021-07-07T08:00:00+02:00
1293;30909.33333333333;2021-07-07T09:00:00+02:00
1293;31777.33333333333;2021-07-07T10:00:00+02:00
1293;32270.16666666667;2021-07-07T11:00:00+02:00
1293;32745.5;2021-07-07T12:00:00+02:00
1293;32990.16666666667;2021-07-07T13:00:00+02:00
1293;33068.0;2021-07-07T14:00:00+02:00
1293;32406.5;2021-07-07T15:00:00+02:00
1293;31654.5;2021-07-07T16:00:00+02:00
1293;31386.83333333333;2021-07-07T17:00:00+02:00
1293;30373.5;2021-07-07T18:00:00+02:00
1293;30200.83333333333;2021-07-07T19:00:00+02:00
1293;30278.16666666667;2021-07-07T20:00:00+02:00
1293;30155.66666666667;2021-07-07T21:00:00+02:00
1293;30136.5;2021-07-07T22:00:00+02:00
1293;28296.0;2021-07-07T23:00:00+02:00
1293;27450.5;2021-07-08T00:00:00+02:00
1293;26202.0;2021-07-08T01:00:00+02:00
1293;24906.5;2021-07-08T02:00:00+02:00
1293;24268.0;2021-07-08T03:00:00+02:00
1293;24110.5;2021-07-08T04:00:00+02:00
1293;24202.66666666667;2021-07-08T05:00:00+02:00
1293;25741.33333333333;2021-07-08T06:00:00+02:00
1293;27568.33333333333;2021-07-08T07:00:00+02:00
1293;29094.5;2021-07-08T08:00:00+02:00
1293;30153.5;2021-07-08T09:00:00+02:00
1293;30844.0;2021-07-08T10:00:00+02:00
1293;31503.16666666667;2021-07-08T11:00:00+02:00
1293;32273.0;2021-07-08T12:00:00+02:00
1293;32690.33333333333;2021-07-08T13:00:00+02:00
1293;32746.66666666667;2021-07-08T14:00:00+02:00
1293;32039.5;2021-07-08T15:00:00+02:00
1293;31841.66666666667;2021-07-08T16:00:00+02:00
1293;31605.5;2021-07-08T17:00:00+02:00
1293;30996.66666666667;2021-07-08T18:00:00+02:00
1293;30623.16666666667;2021-07-08T19:00:00+02:00
1293;30325.16666666667;2021-07-08T20:00:00+02:00
1293;30177.33333333333;2021-07-08T21:00:00+02:00
1293;30185.0;2021-07-08T22:00:00+02:00
1293;28340.83333333333;2021-07-08T23:00:00+02:00
1293;27740.83333333333;2021-07-09T00:00:00+02:00
1293;26469.83333333333;2021-07-09T01:00:00+02:00
1293;25256.5;2021-07-09T02:00:00+02:00
1293;24754.83333333333;2021-07-09T03:00:00+02:00
1293;24491.66666666667;2021-07-09T04:00:00+02:00
1293;24568.66666666667;2021-07-09T05:00:00+02:00
1293;26177.33333333333;2021-07-09T06:00:00+02:00
1293;28110.0;2021-07-09T07:00:00+02:00
1293;29522.5;2021-07-09T08:00:00+02:00
1293;30809.5;2021-07-09T09:00:00+02:00
1293;31766.5;2021-07-09T10:00:00+02:00
1293;32417.66666666667;2021-07-09T11:00:00+02:00
1293;33164.0;2021-07-09T12:00:00+02:00
1293;33666.33333333334;2021-07-09T13:00:00+02:00
1293;33611.0;2021-07-09T14:00:00+02:00
1293;32838.33333333334;2021-07-09T15:00:00+02:00
1293;32475.33333333333;2021-07-09T16:00:00+02:00
1293;32221.33333333333;2021-07-09T17:00:00+02:00
1293;31403.66666666667;2021-07-09T18:00:00+02:00
1293;31119.0;2021-07-09T19:00:00+02:00
1293;30638.0;2021-07-09T20:00:00+02:00
1293;30209.66666666667;2021-07-09T21:00:00+02:00
1293;29802.5;2021-07-09T22:00:00+02:00
1293;28138.5;2021-07-09T23:00:00+02:00
1293;27513.33333333333;2021-07-10T00:00:00+02:00
1293;26096.0;2021-07-10T01:00:00+02:00
1293;25010.66666666667;2021-07-10T02:00:00+02:00
1293;24003.83333333333;2021-07-10T03:00:00+02:00
1293;23657.16666666667;2021-07-10T04:00:00+02:00
1293;23313.5;2021-07-10T05:00:00+02:00
1293;23463.16666666667;2021-07-10T06:00:00+02:00
1293;23706.83333333333;2021-07-10T07:00:00+02:00
1293;25201.83333333333;2021-07-10T08:00:00+02:00
1293;26903.16666666667;2021-07-10T09:00:00+02:00
1293;28511.33333333333;2021-07-10T10:00:00+02:00
1293;29480.0;2021-07-10T11:00:00+02:00
1293;29970.66666666667;2021-07-10T12:00:00+02:00
1293;30552.16666666667;2021-07-10T13:00:00+02:00
1293;30519.0;2021-07-10T14:00:00+02:00
1293;29761.66666666667;2021-07-10T15:00:00+02:00
1293;29273.66666666667;2021-07-10T16:00:00+02:00
1293;29048.0;2021-07-10T17:00:00+02:00
1293;28999.66666666667;2021-07-10T18:00:00+02:00
1293;29282.16666666667;2021-07-10T19:00:00+02:00
1293;29550.66666666667;2021-07-10T20:00:00+02:00
1293;29858.66666666667;2021-07-10T21:00:00+02:00
1293;29614.16666666667;2021-07-10T22:00:00+02:00
1293;27934.5;2021-07-10T23:00:00+02:00
1293;26526.0;2021-07-11T00:00:00+02:00
1293;24956.33333333333;2021-07-11T01:00:00+02:00
1293;23557.0;2021-07-11T02:00:00+02:00
1293;22793.83333333333;2021-07-11T03:00:00+02:00
1293;22215.33333333333;2021-07-11T04:00:00+02:00
1293;22052.83333333333;2021-07-11T05:00:00+02:00
1293;21902.0;2021-07-11T06:00:00+02:00
1293;21546.5;2021-07-11T07:00:00+02:00
1293;22392.66666666667;2021-07-11T08:00:00+02:00
1293;23916.83333333333;2021-07-11T09:00:00+02:00
1293;25396.0;2021-07-11T10:00:00+02:00
1293;26480.83333333333;2021-07-11T11:00:00+02:00
1293;27269.16666666667;2021-07-11T12:00:00+02:00
1293;28189.0;2021-07-11T13:00:00+02:00
1293;28918.5;2021-07-11T14:00:00+02:00
1293;28711.16666666667;2021-07-11T15:00:00+02:00
1293;28063.83333333333;2021-07-11T16:00:00+02:00
1293;27632.83333333333;2021-07-11T17:00:00+02:00
1293;27731.66666666667;2021-07-11T18:00:00+02:00
1293;27857.16666666667;2021-07-11T19:00:00+02:00
1293;28591.33333333333;2021-07-11T20:00:00+02:00
1293;29371.83333333333;2021-07-11T21:00:00+02:00
1293;30199.33333333333;2021-07-11T22:00:00+02:00
1293;28708.5;2021-07-11T23:00:00+02:00
1293;26992.33333333333;2021-07-12T00:00:00+02:00
1293;25332.66666666667;2021-07-12T01:00:00+02:00
1293;24130.83333333333;2021-07-12T02:00:00+02:00
1293;23544.33333333333;2021-07-12T03:00:00+02:00
1293;23303.66666666667;2021-07-12T04:00:00+02:00
1293;23498.0;2021-07-12T05:00:00+02:00
1293;25429.5;2021-07-12T06:00:00+02:00
1293;27626.16666666667;2021-07-12T07:00:00+02:00
1293;29691.5;2021-07-12T08:00:00+02:00
1293;31217.5;2021-07-12T09:00:00+02:00
1293;32312.83333333333;2021-07-12T10:00:00+02:00
1293;33458.5;2021-07-12T11:00:00+02:00
1293;34365.0;2021-07-12T12:00:00+02:00
1293;35096.16666666667;2021-07-12T13:00:00+02:00
1293;35254.83333333334;2021-07-12T14:00:00+02:00
1293;34443.0;2021-07-12T15:00:00+02:00
1293;33892.66666666667;2021-07-12T16:00:00+02:00
1293;33437.33333333334;2021-07-12T17:00:00+02:00
1293;32443.33333333333;2021-07-12T18:00:00+02:00
1293;31881.16666666667;2021-07-12T19:00:00+02:00
1293;31434.66666666667;2021-07-12T20:00:00+02:00
1293;31094.66666666667;2021-07-12T21:00:00+02:00
1293;30986.83333333333;2021-07-12T22:00:00+02:00
1293;28834.5;2021-07-12T23:00:00+02:00
1293;28038.83333333333;2021-07-13T00:00:00+02:00
1293;26564.16666666667;2021-07-13T01:00:00+02:00
1293;25336.83333333333;2021-07-13T02:00:00+02:00
1293;24692.33333333333;2021-07-13T03:00:00+02:00
1293;24399.0;2021-07-13T04:00:00+02:00
1293;24566.83333333333;2021-07-13T05:00:00+02:00
1293;26109.33333333333;2021-07-13T06:00:00+02:00
1293;27845.33333333333;2021-07-13T07:00:00+02:00
1293;29396.66666666667;2021-07-13T08:00:00+02:00
1293;30494.66666666667;2021-07-13T09:00:00+02:00
1293;31296.0;2021-07-13T10:00:00+02:00
1293;31846.16666666667;2021-07-13T11:00:00+02:00
1293;32365.5;2021-07-13T12:00:00+02:00
1293;32757.83333333333;2021-07-13T13:00:00+02:00
1293;32859.83333333334;2021-07-13T14:00:00+02:00
1293;32135.5;2021-07-13T15:00:00+02:00
1293;31759.66666666667;2021-07-13T16:00:00+02:00
1293;31544.83333333333;2021-07-13T17:00:00+02:00
1293;30858.66666666667;2021-07-13T18:00:00+02:00
1293;30467.83333333333;2021-07-13T19:00:00+02:00
1293;30399.33333333333;2021-07-13T20:00:00+02:00
1293;30356.66666666667;2021-07-13T21:00:00+02:00
1293;30241.83333333333;2021-07-13T22:00:00+02:00
1293;28408.33333333333;2021-07-13T23:00:00+02:00
1293;27553.0;2021-07-14T00:00:00+02:00
1293;26396.66666666667;2021-07-14T01:00:00+02:00
1293;25220.16666666667;2021-07-14T02:00:00+02:00
1293;24364.83333333333;2021-07-14T03:00:00+02:00
1293;24227.16666666667;2021-07-14T04:00:00+02:00
1293;24445.0;2021-07-14T05:00:00+02:00
1293;26141.83333333333;2021-07-14T06:00:00+02:00
1293;27927.0;2021-07-14T07:00:00+02:00
1293;29349.33333333333;2021-07-14T08:00:00+02:00
1293;30321.5;2021-07-14T09:00:00+02:00
1293;31160.83333333333;2021-07-14T10:00:00+02:00
1293;31860.16666666667;2021-07-14T11:00:00+02:00
1293;32579.0;2021-07-14T12:00:00+02:00
1293;33040.83333333334;2021-07-14T13:00:00+02:00
1293;33010.16666666667;2021-07-14T14:00:00+02:00
1293;32291.5;2021-07-14T15:00:00+02:00
1293;31909.16666666667;2021-07-14T16:00:00+02:00
1293;31606.16666666667;2021-07-14T17:00:00+02:00
1293;30795.83333333333;2021-07-14T18:00:00+02:00
1293;30522.83333333333;2021-07-14T19:00:00+02:00
1293;30279.33333333333;2021-07-14T20:00:00+02:00
1293;30361.16666666667;2021-07-14T21:00:00+02:00
1293;30235.5;2021-07-14T22:00:00+02:00
1293;28299.5;2021-07-14T23:00:00+02:00
1293;27631.0;2021-07-15T00:00:00+02:00
1293;26393.5;2021-07-15T01:00:00+02:00
1293;25176.0;2021-07-15T02:00:00+02:00
1293;24653.16666666667;2021-07-15T03:00:00+02:00
1293;24385.66666666667;2021-07-15T04:00:00+02:00
1293;24643.66666666667;2021-07-15T05:00:00+02:00
1293;26299.83333333333;2021-07-15T06:00:00+02:00
1293;28057.66666666667;2021-07-15T07:00:00+02:00
1293;29137.33333333333;2021-07-15T08:00:00+02:00
1293;30001.33333333333;2021-07-15T09:00:00+02:00
1293;30932.83333333333;2021-07-15T10:00:00+02:00
1293;32053.83333333333;2021-07-15T11:00:00+02:00
1293;32750.5;2021-07-15T12:00:00+02:00
1293;33238.66666666667;2021-07-15T13:00:00+02:00
1293;33391.0;2021-07-15T14:00:00+02:00
1293;32897.66666666667;2021-07-15T15:00:00+02:00
1293;32617.5;2021-07-15T16:00:00+02:00
1293;32465.33333333333;2021-07-15T17:00:00+02:00
1293;31545.5;2021-07-15T18:00:00+02:00
1293;31144.5;2021-07-15T19:00:00+02:00
1293;30896.33333333333;2021-07-15T20:00:00+02:00
1293;30741.16666666667;2021-07-15T21:00:00+02:00
1293;30720.0;2021-07-15T22:00:00+02:00
1293;28778.0;2021-07-15T23:00:00+02:00
1293;28090.33333333333;2021-07-16T00:00:00+02:00
1293;26899.0;2021-07-16T01:00:00+02:00
1293;25679.66666666667;2021-07-16T02:00:00+02:00
1293;24943.0;2021-07-16T03:00:00+02:00
1293;24855.33333333333;2021-07-16T04:00:00+02:00
1293;24906.66666666667;2021-07-16T05:00:00+02:00
1293;26613.16666666667;2021-07-16T06:00:00+02:00
1293;28246.5;2021-07-16T07:00:00+02:00
1293;29573.66666666667;2021-07-16T08:00:00+02:00
1293;30671.33333333333;2021-07-16T09:00:00+02:00
1293;31680.5;2021-07-16T10:00:00+02:00
1293;32552.33333333333;2021-07-16T11:00:00+02:00
1293;33373.0;2021-07-16T12:00:00+02:00
1293;33951.16666666667;2021-07-16T13:00:00+02:00
1293;33946.66666666667;2021-07-16T14:00:00+02:00
1293;33247.16666666667;2021-07-16T15:00:00+02:00
1293;32959.16666666667;2021-07-16T16:00:00+02:00
1293;32828.0;2021-07-16T17:00:00+02:00
1293;31916.16666666667;2021-07-16T18:00:00+02:00
1293;31535.33333333333;2021-07-16T19:00:00+02:00
1293;31217.66666666667;2021-07-16T20:00:00+02:00
1293;30777.0;2021-07-16T21:00:00+02:00
1293;30571.66666666667;2021-07-16T22:00:00+02:00
1293;28885.5;2021-07-16T23:00:00+02:00
1293;28259.5;2021-07-17T00:00:00+02:00
1293;26923.33333333333;2021-07-17T01:00:00+02:00
1293;25515.83333333333;2021-07-17T02:00:00+02:00
1293;24535.83333333333;2021-07-17T03:00:00+02:00
1293;23946.33333333333;2021-07-17T04:00:00+02:00
1293;23684.0;2021-07-17T05:00:00+02:00
1293;23849.66666666667;2021-07-17T06:00:00+02:00
1293;23959.16666666667;2021-07-17T07:00:00+02:00
1293;25246.5;2021-07-17T08:00:00+02:00
1293;26957.66666666667;2021-07-17T09:00:00+02:00
1293;28605.5;2021-07-17T10:00:00+02:00
1293;29573.5;2021-07-17T11:00:00+02:00
1293;30231.83333333333;2021-07-17T12:00:00+02:00
1293;30764.66666666667;2021-07-17T13:00:00+02:00
1293;30938.83333333333;2021-07-17T14:00:00+02:00
1293;30261.5;2021-07-17T15:00:00+02:00
1293;29580.83333333333;2021-07-17T16:00:00+02:00
1293;29352.66666666667;2021-07-17T17:00:00+02:00
1293;29273.66666666667;2021-07-17T18:00:00+02:00
1293;29424.66666666667;2021-07-17T19:00:00+02:00
1293;29494.66666666667;2021-07-17T20:00:00+02:00
1293;29633.5;2021-07-17T21:00:00+02:00
1293;29660.83333333333;2021-07-17T22:00:00+02:00
1293;28010.83333333333;2021-07-17T23:00:00+02:00
1293;26463.5;2021-07-18T00:00:00+02:00
1293;24964.5;2021-07-18T01:00:00+02:00
1293;23593.16666666667;2021-07-18T02:00:00+02:00
1293;22676.66666666667;2021-07-18T03:00:00+02:00
1293;22103.83333333333;2021-07-18T04:00:00+02:00
1293;21862.33333333333;2021-07-18T05:00:00+02:00
1293;21955.83333333333;2021-07-18T06:00:00+02:00
1293;21704.0;2021-07-18T07:00:00+02:00
1293;22421.5;2021-07-18T08:00:00+02:00
1293;24003.0;2021-07-18T09:00:00+02:00
1293;25493.0;2021-07-18T10:00:00+02:00
1293;26468.83333333333;2021-07-18T11:00:00+02:00
1293;27141.16666666667;2021-07-18T12:00:00+02:00
1293;28168.16666666667;2021-07-18T13:00:00+02:00
1293;28693.66666666667;2021-07-18T14:00:00+02:00
1293;28123.33333333333;2021-07-18T15:00:00+02:00
1293;27599.33333333333;2021-07-18T16:00:00+02:00
1293;27352.5;2021-07-18T17:00:00+02:00
1293;27513.16666666667;2021-07-18T18:00:00+02:00
1293;27898.66666666667;2021-07-18T19:00:00+02:00
1293;28276.33333333333;2021-07-18T20:00:00+02:00
1293;29028.0;2021-07-18T21:00:00+02:00
1293;29953.5;2021-07-18T22:00:00+02:00
1293;28359.83333333333;2021-07-18T23:00:00+02:00
1293;26657.66666666667;2021-07-19T00:00:00+02:00
1293;25200.33333333333;2021-07-19T01:00:00+02:00
1293;23941.83333333333;2021-07-19T02:00:00+02:00
1293;23240.33333333333;2021-07-19T03:00:00+02:00
1293;23176.83333333333;2021-07-19T04:00:00+02:00
1293;23712.66666666667;2021-07-19T05:00:00+02:00
1293;25922.16666666667;2021-07-19T06:00:00+02:00
1293;28120.33333333333;2021-07-19T07:00:00+02:00
1293;29958.83333333333;2021-07-19T08:00:00+02:00
1293;31530.66666666667;2021-07-19T09:00:00+02:00
1293;32824.0;2021-07-19T10:00:00+02:00
1293;33912.66666666667;2021-07-19T11:00:00+02:00
1293;34970.83333333334;2021-07-19T12:00:00+02:00
1293;35530.16666666667;2021-07-19T13:00:00+02:00
1293;35640.66666666667;2021-07-19T14:00:00+02:00
1293;35273.66666666667;2021-07-19T15:00:00+02:00
1293;35026.33333333334;2021-07-19T16:00:00+02:00
1293;34729.83333333334;2021-07-19T17:00:00+02:00
1293;33799.5;2021-07-19T18:00:00+02:00
1293;33037.16666666667;2021-07-19T19:00:00+02:00
1293;32499.0;2021-07-19T20:00:00+02:00
1293;32244.16666666667;2021-07-19T21:00:00+02:00
1293;31899.16666666667;2021-07-19T22:00:00+02:00
1293;29751.16666666667;2021-07-19T23:00:00+02:00
1293;29082.33333333333;2021-07-20T00:00:00+02:00
1293;27648.5;2021-07-20T01:00:00+02:00
1293;26355.5;2021-07-20T02:00:00+02:00
1293;25664.66666666667;2021-07-20T03:00:00+02:00
1293;25353.83333333333;2021-07-20T04:00:00+02:00
1293;25672.0;2021-07-20T05:00:00+02:00
1293;27207.0;2021-07-20T06:00:00+02:00
1293;28882.0;2021-07-20T07:00:00+02:00
1293;30274.66666666667;2021-07-20T08:00:00+02:00
1293;31611.0;2021-07-20T09:00:00+02:00
1293;32964.83333333334;2021-07-20T10:00:00+02:00
1293;33808.66666666667;2021-07-20T11:00:00+02:00
1293;34999.5;2021-07-20T12:00:00+02:00
1293;35623.83333333334;2021-07-20T13:00:00+02:00
1293;35802.83333333334;2021-07-20T14:00:00+02:00
1293;35245.83333333334;2021-07-20T15:00:00+02:00
1293;34859.5;2021-07-20T16:00:00+02:00
1293;34693.5;2021-07-20T17:00:00+02:00
1293;33666.16666666667;2021-07-20T18:00:00+02:00
1293;32954.0;2021-07-20T19:00:00+02:00
1293;32502.33333333333;2021-07-20T20:00:00+02:00
1293;32222.16666666667;2021-07-20T21:00:00+02:00
1293;31979.0;2021-07-20T22:00:00+02:00
1293;30022.66666666667;2021-07-20T23:00:00+02:00
1293;29063.16666666667;2021-07-21T00:00:00+02:00
1293;27515.5;2021-07-21T01:00:00+02:00
1293;26290.16666666667;2021-07-21T02:00:00+02:00
1293;25744.33333333333;2021-07-21T03:00:00+02:00
1293;25459.33333333333;2021-07-21T04:00:00+02:00
1293;25720.33333333333;2021-07-21T05:00:00+02:00
1293;27331.0;2021-07-21T06:00:00+02:00
1293;29174.0;2021-07-21T07:00:00+02:00
1293;30586.16666666667;2021-07-21T08:00:00+02:00
1293;32077.66666666667;2021-07-21T09:00:00+02:00
1293;33365.33333333334;2021-07-21T10:00:00+02:00
1293;34435.5;2021-07-21T11:00:00+02:00
1293;35378.5;2021-07-21T12:00:00+02:00
1293;36095.0;2021-07-21T13:00:00+02:00
1293;36425.0;2021-07-21T14:00:00+02:00
1293;36004.33333333334;2021-07-21T15:00:00+02:00
1293;35667.83333333334;2021-07-21T16:00:00+02:00
1293;35390.16666666667;2021-07-21T17:00:00+02:00
1293;34483.83333333334;2021-07-21T18:00:00+02:00
1293;33769.83333333334;2021-07-21T19:00:00+02:00
1293;33118.33333333334;2021-07-21T20:00:00+02:00
1293;32651.83333333333;2021-07-21T21:00:00+02:00
1293;32481.83333333333;2021-07-21T22:00:00+02:00
1293;30593.5;2021-07-21T23:00:00+02:00
1293;29661.0;2021-07-22T00:00:00+02:00
1293;28268.33333333333;2021-07-22T01:00:00+02:00
1293;26768.33333333333;2021-07-22T02:00:00+02:00
1293;25898.5;2021-07-22T03:00:00+02:00
1293;25610.33333333333;2021-07-22T04:00:00+02:00
1293;25854.83333333333;2021-07-22T05:00:00+02:00
1293;27487.16666666667;2021-07-22T06:00:00+02:00
1293;29277.16666666667;2021-07-22T07:00:00+02:00
1293;30642.5;2021-07-22T08:00:00+02:00
1293;32095.5;2021-07-22T09:00:00+02:00
1293;33537.33333333334;2021-07-22T10:00:00+02:00
1293;34693.16666666667;2021-07-22T11:00:00+02:00
1293;35881.0;2021-07-22T12:00:00+02:00
1293;36711.33333333334;2021-07-22T13:00:00+02:00
1293;37069.5;2021-07-22T14:00:00+02:00
1293;36733.0;2021-07-22T15:00:00+02:00
1293;36395.33333333334;2021-07-22T16:00:00+02:00
1293;36054.83333333334;2021-07-22T17:00:00+02:00
1293;34994.5;2021-07-22T18:00:00+02:00
1293;34328.0;2021-07-22T19:00:00+02:00
1293;33612.66666666667;2021-07-22T20:00:00+02:00
1293;33262.33333333334;2021-07-22T21:00:00+02:00
1293;33054.0;2021-07-22T22:00:00+02:00
1293;30995.33333333333;2021-07-22T23:00:00+02:00
1293;30347.5;2021-07-23T00:00:00+02:00
1293;28725.5;2021-07-23T01:00:00+02:00
1293;27281.0;2021-07-23T02:00:00+02:00
1293;26245.33333333333;2021-07-23T03:00:00+02:00
1293;25856.5;2021-07-23T04:00:00+02:00
1293;25981.5;2021-07-23T05:00:00+02:00
1293;27547.5;2021-07-23T06:00:00+02:00
1293;29298.16666666667;2021-07-23T07:00:00+02:00
1293;30778.5;2021-07-23T08:00:00+02:00
1293;32152.33333333333;2021-07-23T09:00:00+02:00
1293;33395.0;2021-07-23T10:00:00+02:00
1293;34414.66666666667;2021-07-23T11:00:00+02:00
1293;35467.66666666667;2021-07-23T12:00:00+02:00
1293;36218.16666666667;2021-07-23T13:00:00+02:00
1293;36583.0;2021-07-23T14:00:00+02:00
1293;35928.33333333334;2021-07-23T15:00:00+02:00
1293;35444.0;2021-07-23T16:00:00+02:00
1293;34950.33333333334;2021-07-23T17:00:00+02:00
1293;33810.83333333334;2021-07-23T18:00:00+02:00
1293;33220.0;2021-07-23T19:00:00+02:00
1293;32605.33333333333;2021-07-23T20:00:00+02:00
1293;31975.16666666667;2021-07-23T21:00:00+02:00
1293;31618.5;2021-07-23T22:00:00+02:00
1293;29776.16666666667;2021-07-23T23:00:00+02:00
1293;29286.16666666667;2021-07-24T00:00:00+02:00
1293;28019.83333333333;2021-07-24T01:00:00+02:00
1293;26372.66666666667;2021-07-24T02:00:00+02:00
1293;25346.33333333333;2021-07-24T03:00:00+02:00
1293;24752.83333333333;2021-07-24T04:00:00+02:00
1293;24357.66666666667;2021-07-24T05:00:00+02:00
1293;24383.0;2021-07-24T06:00:00+02:00
1293;24406.83333333333;2021-07-24T07:00:00+02:00
1293;25646.83333333333;2021-07-24T08:00:00+02:00
1293;27497.83333333333;2021-07-24T09:00:00+02:00
1293;29183.33333333333;2021-07-24T10:00:00+02:00
1293;30093.33333333333;2021-07-24T11:00:00+02:00
1293;30814.83333333333;2021-07-24T12:00:00+02:00
1293;31356.66666666667;2021-07-24T13:00:00+02:00
1293;31458.66666666667;2021-07-24T14:00:00+02:00
1293;30662.66666666667;2021-07-24T15:00:00+02:00
1293;29544.0;2021-07-24T16:00:00+02:00
1293;28601.5;2021-07-24T17:00:00+02:00
1293;28919.33333333333;2021-07-24T18:00:00+02:00
1293;28922.0;2021-07-24T19:00:00+02:00
1293;28945.0;2021-07-24T20:00:00+02:00
1293;29148.5;2021-07-24T21:00:00+02:00
1293;29113.0;2021-07-24T22:00:00+02:00
1293;27460.5;2021-07-24T23:00:00+02:00
1293;26245.33333333333;2021-07-25T00:00:00+02:00
1293;24774.0;2021-07-25T01:00:00+02:00
1293;23500.83333333333;2021-07-25T02:00:00+02:00
1293;22743.16666666667;2021-07-25T03:00:00+02:00
1293;22220.0;2021-07-25T04:00:00+02:00
1293;21967.66666666667;2021-07-25T05:00:00+02:00
1293;22007.0;2021-07-25T06:00:00+02:00
1293;21586.5;2021-07-25T07:00:00+02:00
1293;22276.33333333333;2021-07-25T08:00:00+02:00
1293;23724.83333333333;2021-07-25T09:00:00+02:00
1293;25030.83333333333;2021-07-25T10:00:00+02:00
1293;26079.83333333333;2021-07-25T11:00:00+02:00
1293;26805.66666666667;2021-07-25T12:00:00+02:00
1293;27697.16666666667;2021-07-25T13:00:00+02:00
1293;28188.33333333333;2021-07-25T14:00:00+02:00
1293;27641.66666666667;2021-07-25T15:00:00+02:00
1293;27161.0;2021-07-25T16:00:00+02:00
1293;26874.33333333333;2021-07-25T17:00:00+02:00
1293;26856.66666666667;2021-07-25T18:00:00+02:00
1293;26852.83333333333;2021-07-25T19:00:00+02:00
1293;27330.5;2021-07-25T20:00:00+02:00
1293;28326.0;2021-07-25T21:00:00+02:00
1293;29412.0;2021-07-25T22:00:00+02:00
1293;27971.66666666667;2021-07-25T23:00:00+02:00
1293;26645.0;2021-07-26T00:00:00+02:00
1293;25161.33333333333;2021-07-26T01:00:00+02:00
1293;24106.0;2021-07-26T02:00:00+02:00
1293;23454.5;2021-07-26T03:00:00+02:00
1293;23374.0;2021-07-26T04:00:00+02:00
1293;23797.5;2021-07-26T05:00:00+02:00
1293;25971.5;2021-07-26T06:00:00+02:00
1293;27854.66666666667;2021-07-26T07:00:00+02:00
1293;29401.83333333333;2021-07-26T08:00:00+02:00
1293;30701.5;2021-07-26T09:00:00+02:00
1293;31812.66666666667;2021-07-26T10:00:00+02:00
1293;32416.16666666667;2021-07-26T11:00:00+02:00
1293;33113.5;2021-07-26T12:00:00+02:00
1293;33536.83333333334;2021-07-26T13:00:00+02:00
1293;33514.5;2021-07-26T14:00:00+02:00
1293;32686.16666666667;2021-07-26T15:00:00+02:00
1293;32396.66666666667;2021-07-26T16:00:00+02:00
1293;32193.5;2021-07-26T17:00:00+02:00
1293;31398.66666666667;2021-07-26T18:00:00+02:00
1293;31027.5;2021-07-26T19:00:00+02:00
1293;30635.5;2021-07-26T20:00:00+02:00
1293;30516.5;2021-07-26T21:00:00+02:00
1293;30431.33333333333;2021-07-26T22:00:00+02:00
1293;28374.66666666667;2021-07-26T23:00:00+02:00
1293;27630.66666666667;2021-07-27T00:00:00+02:00
1293;26376.16666666667;2021-07-27T01:00:00+02:00
1293;25182.0;2021-07-27T02:00:00+02:00
1293;24605.16666666667;2021-07-27T03:00:00+02:00
1293;24315.83333333333;2021-07-27T04:00:00+02:00
1293;24725.16666666667;2021-07-27T05:00:00+02:00
1293;26467.16666666667;2021-07-27T06:00:00+02:00
1293;28269.66666666667;2021-07-27T07:00:00+02:00
1293;29529.66666666667;2021-07-27T08:00:00+02:00
1293;30895.5;2021-07-27T09:00:00+02:00
1293;32061.16666666667;2021-07-27T10:00:00+02:00
1293;32901.0;2021-07-27T11:00:00+02:00
1293;33698.83333333334;2021-07-27T12:00:00+02:00
1293;34515.83333333334;2021-07-27T13:00:00+02:00
1293;34492.5;2021-07-27T14:00:00+02:00
1293;33834.16666666667;2021-07-27T15:00:00+02:00
1293;33580.16666666667;2021-07-27T16:00:00+02:00
1293;33347.16666666667;2021-07-27T17:00:00+02:00
1293;32481.33333333333;2021-07-27T18:00:00+02:00
1293;32159.5;2021-07-27T19:00:00+02:00
1293;31711.5;2021-07-27T20:00:00+02:00
1293;31701.5;2021-07-27T21:00:00+02:00
1293;31428.16666666667;2021-07-27T22:00:00+02:00
1293;29426.66666666667;2021-07-27T23:00:00+02:00
1293;28780.83333333333;2021-07-28T00:00:00+02:00
1293;27268.5;2021-07-28T01:00:00+02:00
1293;25838.16666666667;2021-07-28T02:00:00+02:00
1293;25013.66666666667;2021-07-28T03:00:00+02:00
1293;24713.33333333333;2021-07-28T04:00:00+02:00
1293;25032.33333333333;2021-07-28T05:00:00+02:00
1293;26856.33333333333;2021-07-28T06:00:00+02:00
1293;28555.5;2021-07-28T07:00:00+02:00
1293;29932.5;2021-07-28T08:00:00+02:00
1293;31219.5;2021-07-28T09:00:00+02:00
1293;32222.0;2021-07-28T10:00:00+02:00
1293;33267.0;2021-07-28T11:00:00+02:00
1293;34190.0;2021-07-28T12:00:00+02:00
1293;34968.0;2021-07-28T13:00:00+02:00
1293;35113.0;2021-07-28T14:00:00+02:00
1293;34588.83333333334;2021-07-28T15:00:00+02:00
1293;34189.83333333334;2021-07-28T16:00:00+02:00
1293;33907.83333333334;2021-07-28T17:00:00+02:00
1293;32953.0;2021-07-28T18:00:00+02:00
1293;32344.16666666667;2021-07-28T19:00:00+02:00
1293;31735.33333333333;2021-07-28T20:00:00+02:00
1293;31684.33333333333;2021-07-28T21:00:00+02:00
1293;31366.83333333333;2021-07-28T22:00:00+02:00
1293;29508.0;2021-07-28T23:00:00+02:00
1293;28826.83333333333;2021-07-29T00:00:00+02:00
1293;27439.83333333333;2021-07-29T01:00:00+02:00
1293;26183.5;2021-07-29T02:00:00+02:00
1293;25291.0;2021-07-29T03:00:00+02:00
1293;24995.5;2021-07-29T04:00:00+02:00
1293;25213.0;2021-07-29T05:00:00+02:00
1293;27016.5;2021-07-29T06:00:00+02:00
1293;28652.66666666667;2021-07-29T07:00:00+02:00
1293;30035.66666666667;2021-07-29T08:00:00+02:00
1293;31543.0;2021-07-29T09:00:00+02:00
1293;32801.5;2021-07-29T10:00:00+02:00
1293;33822.0;2021-07-29T11:00:00+02:00
1293;34579.33333333334;2021-07-29T12:00:00+02:00
1293;35347.66666666667;2021-07-29T13:00:00+02:00
1293;35717.16666666667;2021-07-29T14:00:00+02:00
1293;35340.83333333334;2021-07-29T15:00:00+02:00
1293;35062.83333333334;2021-07-29T16:00:00+02:00
1293;34847.16666666667;2021-07-29T17:00:00+02:00
1293;33865.83333333334;2021-07-29T18:00:00+02:00
1293;33137.16666666667;2021-07-29T19:00:00+02:00
1293;32620.0;2021-07-29T20:00:00+02:00
1293;32337.16666666667;2021-07-29T21:00:00+02:00
1293;31970.33333333333;2021-07-29T22:00:00+02:00
1293;30163.83333333333;2021-07-29T23:00:00+02:00
1293;29491.16666666667;2021-07-30T00:00:00+02:00
1293;27919.66666666667;2021-07-30T01:00:00+02:00
1293;26557.16666666667;2021-07-30T02:00:00+02:00
1293;25820.33333333333;2021-07-30T03:00:00+02:00
1293;25368.83333333333;2021-07-30T04:00:00+02:00
1293;25654.66666666667;2021-07-30T05:00:00+02:00
1293;27326.83333333333;2021-07-30T06:00:00+02:00
1293;29014.5;2021-07-30T07:00:00+02:00
1293;30092.5;2021-07-30T08:00:00+02:00
1293;31445.66666666667;2021-07-30T09:00:00+02:00
1293;32674.66666666667;2021-07-30T10:00:00+02:00
1293;33690.83333333334;2021-07-30T11:00:00+02:00
1293;34408.33333333334;2021-07-30T12:00:00+02:00
1293;35091.16666666667;2021-07-30T13:00:00+02:00
1293;35201.16666666667;2021-07-30T14:00:00+02:00
1293;34453.66666666667;2021-07-30T15:00:00+02:00
1293;33999.83333333334;2021-07-30T16:00:00+02:00
1293;33692.0;2021-07-30T17:00:00+02:00
1293;32725.83333333333;2021-07-30T18:00:00+02:00
1293;32108.66666666667;2021-07-30T19:00:00+02:00
1293;31370.83333333333;2021-07-30T20:00:00+02:00
1293;31082.33333333333;2021-07-30T21:00:00+02:00
1293;30540.83333333333;2021-07-30T22:00:00+02:00
1293;28601.83333333333;2021-07-30T23:00:00+02:00
1293;28120.5;2021-07-31T00:00:00+02:00
1293;26903.0;2021-07-31T01:00:00+02:00
1293;25296.0;2021-07-31T02:00:00+02:00
1293;24427.66666666667;2021-07-31T03:00:00+02:00
1293;23905.16666666667;2021-07-31T04:00:00+02:00
1293;23649.66666666667;2021-07-31T05:00:00+02:00
1293;23708.5;2021-07-31T06:00:00+02:00
1293;23979.33333333333;2021-07-31T07:00:00+02:00
1293;25090.0;2021-07-31T08:00:00+02:00
1293;26820.33333333333;2021-07-31T09:00:00+02:00
1293;28346.33333333333;2021-07-31T10:00:00+02:00
1293;29002.33333333333;2021-07-31T11:00:00+02:00
1293;29493.16666666667;2021-07-31T12:00:00+02:00
1293;29896.33333333333;2021-07-31T13:00:00+02:00
1293;29662.16666666667;2021-07-31T14:00:00+02:00
1293;28601.5;2021-07-31T15:00:00+02:00
1293;27969.83333333333;2021-07-31T16:00:00+02:00
1293;27666.5;2021-07-31T17:00:00+02:00
1293;27586.16666666667;2021-07-31T18:00:00+02:00
1293;27484.16666666667;2021-07-31T19:00:00+02:00
1293;27575.33333333333;2021-07-31T20:00:00+02:00
1293;28254.0;2021-07-31T21:00:00+02:00
1293;27795.66666666667;2021-07-31T22:00:00+02:00
1293;26194.5;2021-07-31T23:00:00+02:00
1293;24766.33333333333;2021-08-01T00:00:00+02:00
1293;23481.66666666667;2021-08-01T01:00:00+02:00
1293;22312.83333333333;2021-08-01T02:00:00+02:00
1293;21565.5;2021-08-01T03:00:00+02:00
1293;21081.83333333333;2021-08-01T04:00:00+02:00
1293;21079.0;2021-08-01T05:00:00+02:00
1293;21238.16666666667;2021-08-01T06:00:00+02:00
1293;20843.16666666667;2021-08-01T07:00:00+02:00
1293;21472.0;2021-08-01T08:00:00+02:00
1293;22837.83333333333;2021-08-01T09:00:00+02:00
1293;23971.0;2021-08-01T10:00:00+02:00
1293;24716.0;2021-08-01T11:00:00+02:00
1293;25140.33333333333;2021-08-01T12:00:00+02:00
1293;25739.0;2021-08-01T13:00:00+02:00
1293;26161.5;2021-08-01T14:00:00+02:00
1293;25370.83333333333;2021-08-01T15:00:00+02:00
1293;24806.5;2021-08-01T16:00:00+02:00
1293;24487.0;2021-08-01T17:00:00+02:00
1293;24425.0;2021-08-01T18:00:00+02:00
1293;24730.33333333333;2021-08-01T19:00:00+02:00
1293;25301.33333333333;2021-08-01T20:00:00+02:00
1293;26675.0;2021-08-01T21:00:00+02:00
1293;27222.5;2021-08-01T22:00:00+02:00
1293;25699.33333333333;2021-08-01T23:00:00+02:00
1293;24329.66666666667;2021-08-02T00:00:00+02:00
1293;23072.16666666667;2021-08-02T01:00:00+02:00
1293;22057.16666666667;2021-08-02T02:00:00+02:00
1293;21515.66666666667;2021-08-02T03:00:00+02:00
1293;21478.33333333333;2021-08-02T04:00:00+02:00
1293;22052.5;2021-08-02T05:00:00+02:00
1293;23945.16666666667;2021-08-02T06:00:00+02:00
1293;25549.66666666667;2021-08-02T07:00:00+02:00
1293;27069.83333333333;2021-08-02T08:00:00+02:00
1293;28449.83333333333;2021-08-02T09:00:00+02:00
1293;29356.5;2021-08-02T10:00:00+02:00
1293;30005.66666666667;2021-08-02T11:00:00+02:00
1293;30678.66666666667;2021-08-02T12:00:00+02:00
1293;31365.33333333333;2021-08-02T13:00:00+02:00
1293;31299.83333333333;2021-08-02T14:00:00+02:00
1293;30323.16666666667;2021-08-02T15:00:00+02:00
1293;29768.33333333333;2021-08-02T16:00:00+02:00
1293;29691.0;2021-08-02T17:00:00+02:00
1293;29078.83333333333;2021-08-02T18:00:00+02:00
1293;28894.5;2021-08-02T19:00:00+02:00
1293;28821.5;2021-08-02T20:00:00+02:00
1293;29594.83333333333;2021-08-02T21:00:00+02:00
1293;29283.0;2021-08-02T22:00:00+02:00
1293;27267.83333333333;2021-08-02T23:00:00+02:00
1293;25988.5;2021-08-03T00:00:00+02:00
1293;24763.33333333333;2021-08-03T01:00:00+02:00
1293;23666.5;2021-08-03T02:00:00+02:00
1293;23198.16666666667;2021-08-03T03:00:00+02:00
1293;23014.66666666667;2021-08-03T04:00:00+02:00
1293;23233.0;2021-08-03T05:00:00+02:00
1293;24811.5;2021-08-03T06:00:00+02:00
1293;26465.66666666667;2021-08-03T07:00:00+02:00
1293;27751.83333333333;2021-08-03T08:00:00+02:00
1293;29106.66666666667;2021-08-03T09:00:00+02:00
1293;30219.66666666667;2021-08-03T10:00:00+02:00
1293;30968.16666666667;2021-08-03T11:00:00+02:00
1293;31706.16666666667;2021-08-03T12:00:00+02:00
1293;32260.5;2021-08-03T13:00:00+02:00
1293;32110.33333333333;2021-08-03T14:00:00+02:00
1293;31150.5;2021-08-03T15:00:00+02:00
1293;30510.16666666667;2021-08-03T16:00:00+02:00
1293;30389.66666666667;2021-08-03T17:00:00+02:00
1293;29847.33333333333;2021-08-03T18:00:00+02:00
1293;29622.83333333333;2021-08-03T19:00:00+02:00
1293;29400.0;2021-08-03T20:00:00+02:00
1293;30056.0;2021-08-03T21:00:00+02:00
1293;29578.0;2021-08-03T22:00:00+02:00
1293;27602.5;2021-08-03T23:00:00+02:00
1293;26705.16666666667;2021-08-04T00:00:00+02:00
1293;25494.0;2021-08-04T01:00:00+02:00
1293;24208.16666666667;2021-08-04T02:00:00+02:00
1293;23613.66666666667;2021-08-04T03:00:00+02:00
1293;23440.5;2021-08-04T04:00:00+02:00
1293;23787.16666666667;2021-08-04T05:00:00+02:00
1293;25267.16666666667;2021-08-04T06:00:00+02:00
1293;26749.16666666667;2021-08-04T07:00:00+02:00
1293;27978.16666666667;2021-08-04T08:00:00+02:00
1293;29374.33333333333;2021-08-04T09:00:00+02:00
1293;30550.16666666667;2021-08-04T10:00:00+02:00
1293;31145.33333333333;2021-08-04T11:00:00+02:00
1293;31974.16666666667;2021-08-04T12:00:00+02:00
1293;32587.83333333333;2021-08-04T13:00:00+02:00
1293;32639.0;2021-08-04T14:00:00+02:00
1293;31794.83333333333;2021-08-04T15:00:00+02:00
1293;31378.0;2021-08-04T16:00:00+02:00
1293;31047.33333333333;2021-08-04T17:00:00+02:00
1293;30386.83333333333;2021-08-04T18:00:00+02:00
1293;30004.16666666667;2021-08-04T19:00:00+02:00
1293;29807.16666666667;2021-08-04T20:00:00+02:00
1293;30270.83333333333;2021-08-04T21:00:00+02:00
1293;29871.66666666667;2021-08-04T22:00:00+02:00
1293;27901.83333333333;2021-08-04T23:00:00+02:00
1293;27056.0;2021-08-05T00:00:00+02:00
1293;25697.33333333333;2021-08-05T01:00:00+02:00
1293;24496.83333333333;2021-08-05T02:00:00+02:00
1293;23851.66666666667;2021-08-05T03:00:00+02:00
1293;23624.0;2021-08-05T04:00:00+02:00
1293;23884.16666666667;2021-08-05T05:00:00+02:00
1293;25558.83333333333;2021-08-05T06:00:00+02:00
1293;26927.5;2021-08-05T07:00:00+02:00
1293;27940.5;2021-08-05T08:00:00+02:00
1293;29378.83333333333;2021-08-05T09:00:00+02:00
1293;30609.5;2021-08-05T10:00:00+02:00
1293;31231.83333333333;2021-08-05T11:00:00+02:00
1293;32098.16666666667;2021-08-05T12:00:00+02:00
1293;32789.16666666667;2021-08-05T13:00:00+02:00
1293;33080.33333333334;2021-08-05T14:00:00+02:00
1293;32237.5;2021-08-05T15:00:00+02:00
1293;32055.33333333333;2021-08-05T16:00:00+02:00
1293;31906.0;2021-08-05T17:00:00+02:00
1293;31424.5;2021-08-05T18:00:00+02:00
1293;31083.33333333333;2021-08-05T19:00:00+02:00
1293;30588.66666666667;2021-08-05T20:00:00+02:00
1293;30884.33333333333;2021-08-05T21:00:00+02:00
1293;30419.5;2021-08-05T22:00:00+02:00
1293;28578.16666666667;2021-08-05T23:00:00+02:00
1293;27560.33333333333;2021-08-06T00:00:00+02:00
1293;26047.83333333333;2021-08-06T01:00:00+02:00
1293;24824.0;2021-08-06T02:00:00+02:00
1293;24081.5;2021-08-06T03:00:00+02:00
1293;23714.83333333333;2021-08-06T04:00:00+02:00
1293;23980.0;2021-08-06T05:00:00+02:00
1293;25359.0;2021-08-06T06:00:00+02:00
1293;26771.33333333333;2021-08-06T07:00:00+02:00
1293;27885.33333333333;2021-08-06T08:00:00+02:00
1293;29431.83333333333;2021-08-06T09:00:00+02:00
1293;30744.66666666667;2021-08-06T10:00:00+02:00
1293;31493.66666666667;2021-08-06T11:00:00+02:00
1293;32212.66666666667;2021-08-06T12:00:00+02:00
1293;32678.5;2021-08-06T13:00:00+02:00
1293;32612.83333333333;2021-08-06T14:00:00+02:00
1293;31758.16666666667;2021-08-06T15:00:00+02:00
1293;31430.0;2021-08-06T16:00:00+02:00
1293;31185.33333333333;2021-08-06T17:00:00+02:00
1293;30639.5;2021-08-06T18:00:00+02:00
1293;30258.0;2021-08-06T19:00:00+02:00
1293;29925.83333333333;2021-08-06T20:00:00+02:00
1293;30102.66666666667;2021-08-06T21:00:00+02:00
1293;29663.0;2021-08-06T22:00:00+02:00
1293;27728.33333333333;2021-08-06T23:00:00+02:00
1293;26946.33333333333;2021-08-07T00:00:00+02:00
1293;25756.16666666667;2021-08-07T01:00:00+02:00
1293;24312.66666666667;2021-08-07T02:00:00+02:00
1293;23531.66666666667;2021-08-07T03:00:00+02:00
1293;22957.5;2021-08-07T04:00:00+02:00
1293;22733.83333333333;2021-08-07T05:00:00+02:00
1293;23089.33333333333;2021-08-07T06:00:00+02:00
1293;23224.0;2021-08-07T07:00:00+02:00
1293;24211.66666666667;2021-08-07T08:00:00+02:00
1293;25931.66666666667;2021-08-07T09:00:00+02:00
1293;27505.0;2021-08-07T10:00:00+02:00
1293;28306.16666666667;2021-08-07T11:00:00+02:00
1293;28855.0;2021-08-07T12:00:00+02:00
1293;29601.0;2021-08-07T13:00:00+02:00
1293;29740.83333333333;2021-08-07T14:00:00+02:00
1293;28945.33333333333;2021-08-07T15:00:00+02:00
1293;28391.5;2021-08-07T16:00:00+02:00
1293;27847.0;2021-08-07T17:00:00+02:00
1293;27445.0;2021-08-07T18:00:00+02:00
1293;27584.16666666667;2021-08-07T19:00:00+02:00
1293;27675.33333333333;2021-08-07T20:00:00+02:00
1293;28548.16666666667;2021-08-07T21:00:00+02:00
1293;28062.5;2021-08-07T22:00:00+02:00
1293;26404.16666666667;2021-08-07T23:00:00+02:00
1293;25097.66666666667;2021-08-08T00:00:00+02:00
1293;23700.66666666667;2021-08-08T01:00:00+02:00
1293;22482.0;2021-08-08T02:00:00+02:00
1293;21720.0;2021-08-08T03:00:00+02:00
1293;21366.16666666667;2021-08-08T04:00:00+02:00
1293;21162.16666666667;2021-08-08T05:00:00+02:00
1293;21125.16666666667;2021-08-08T06:00:00+02:00
1293;20924.5;2021-08-08T07:00:00+02:00
1293;21430.83333333333;2021-08-08T08:00:00+02:00
1293;22699.33333333333;2021-08-08T09:00:00+02:00
1293;24041.16666666667;2021-08-08T10:00:00+02:00
1293;24953.66666666667;2021-08-08T11:00:00+02:00
1293;25472.66666666667;2021-08-08T12:00:00+02:00
1293;26172.33333333333;2021-08-08T13:00:00+02:00
1293;26457.5;2021-08-08T14:00:00+02:00
1293;25814.5;2021-08-08T15:00:00+02:00
1293;25163.5;2021-08-08T16:00:00+02:00
1293;24865.83333333333;2021-08-08T17:00:00+02:00
1293;24973.66666666667;2021-08-08T18:00:00+02:00
1293;25181.0;2021-08-08T19:00:00+02:00
1293;25659.33333333333;2021-08-08T20:00:00+02:00
1293;27005.5;2021-08-08T21:00:00+02:00
1293;27416.66666666667;2021-08-08T22:00:00+02:00
1293;25883.0;2021-08-08T23:00:00+02:00
1293;24484.66666666667;2021-08-09T00:00:00+02:00
1293;23077.83333333333;2021-08-09T01:00:00+02:00
1293;22148.66666666667;2021-08-09T02:00:00+02:00
1293;21723.0;2021-08-09T03:00:00+02:00
1293;21501.5;2021-08-09T04:00:00+02:00
1293;21879.5;2021-08-09T05:00:00+02:00
1293;23471.66666666667;2021-08-09T06:00:00+02:00
1293;25062.16666666667;2021-08-09T07:00:00+02:00
1293;26429.66666666667;2021-08-09T08:00:00+02:00
1293;27858.33333333333;2021-08-09T09:00:00+02:00
1293;28860.83333333333;2021-08-09T10:00:00+02:00
1293;29460.5;2021-08-09T11:00:00+02:00
1293;30087.0;2021-08-09T12:00:00+02:00
1293;30831.5;2021-08-09T13:00:00+02:00
1293;30947.0;2021-08-09T14:00:00+02:00
1293;30193.83333333333;2021-08-09T15:00:00+02:00
1293;30016.16666666667;2021-08-09T16:00:00+02:00
1293;29955.0;2021-08-09T17:00:00+02:00
1293;29310.66666666667;2021-08-09T18:00:00+02:00
1293;29077.16666666667;2021-08-09T19:00:00+02:00
1293;28801.66666666667;2021-08-09T20:00:00+02:00
1293;29550.0;2021-08-09T21:00:00+02:00
1293;29164.5;2021-08-09T22:00:00+02:00
1293;27392.83333333333;2021-08-09T23:00:00+02:00
1293;26379.66666666667;2021-08-10T00:00:00+02:00
1293;25107.16666666667;2021-08-10T01:00:00+02:00
1293;23930.16666666667;2021-08-10T02:00:00+02:00
1293;23317.0;2021-08-10T03:00:00+02:00
1293;23002.83333333333;2021-08-10T04:00:00+02:00
1293;23245.33333333333;2021-08-10T05:00:00+02:00
1293;24496.33333333333;2021-08-10T06:00:00+02:00
1293;25803.0;2021-08-10T07:00:00+02:00
1293;26779.5;2021-08-10T08:00:00+02:00
1293;28172.66666666667;2021-08-10T09:00:00+02:00
1293;29310.5;2021-08-10T10:00:00+02:00
1293;30087.83333333333;2021-08-10T11:00:00+02:00
1293;30818.5;2021-08-10T12:00:00+02:00
1293;31621.5;2021-08-10T13:00:00+02:00
1293;31819.5;2021-08-10T14:00:00+02:00
1293;31131.0;2021-08-10T15:00:00+02:00
1293;30780.83333333333;2021-08-10T16:00:00+02:00
1293;30534.5;2021-08-10T17:00:00+02:00
1293;30139.16666666667;2021-08-10T18:00:00+02:00
1293;29949.0;2021-08-10T19:00:00+02:00
1293;29677.33333333333;2021-08-10T20:00:00+02:00
1293;30425.5;2021-08-10T21:00:00+02:00
1293;29752.83333333333;2021-08-10T22:00:00+02:00
1293;27807.0;2021-08-10T23:00:00+02:00
1293;26856.0;2021-08-11T00:00:00+02:00
1293;25607.5;2021-08-11T01:00:00+02:00
1293;24416.83333333333;2021-08-11T02:00:00+02:00
1293;23787.83333333333;2021-08-11T03:00:00+02:00
1293;23451.5;2021-08-11T04:00:00+02:00
1293;23713.83333333333;2021-08-11T05:00:00+02:00
1293;25215.5;2021-08-11T06:00:00+02:00
1293;26613.0;2021-08-11T07:00:00+02:00
1293;27675.66666666667;2021-08-11T08:00:00+02:00
1293;29195.83333333333;2021-08-11T09:00:00+02:00
1293;30213.83333333333;2021-08-11T10:00:00+02:00
1293;31241.16666666667;2021-08-11T11:00:00+02:00
1293;32054.83333333333;2021-08-11T12:00:00+02:00
1293;32948.33333333334;2021-08-11T13:00:00+02:00
1293;33239.66666666667;2021-08-11T14:00:00+02:00
1293;32768.5;2021-08-11T15:00:00+02:00
1293;32590.33333333333;2021-08-11T16:00:00+02:00
1293;32178.83333333333;2021-08-11T17:00:00+02:00
1293;31571.0;2021-08-11T18:00:00+02:00
1293;31135.0;2021-08-11T19:00:00+02:00
1293;31103.66666666667;2021-08-11T20:00:00+02:00
1293;31560.33333333333;2021-08-11T21:00:00+02:00
1293;30877.0;2021-08-11T22:00:00+02:00
1293;28968.0;2021-08-11T23:00:00+02:00
1293;28143.16666666667;2021-08-12T00:00:00+02:00
1293;26662.0;2021-08-12T01:00:00+02:00
1293;25386.83333333333;2021-08-12T02:00:00+02:00
1293;24591.0;2021-08-12T03:00:00+02:00
1293;24102.5;2021-08-12T04:00:00+02:00
1293;24130.66666666667;2021-08-12T05:00:00+02:00
1293;25597.0;2021-08-12T06:00:00+02:00
1293;27105.5;2021-08-12T07:00:00+02:00
1293;27857.66666666667;2021-08-12T08:00:00+02:00
1293;29771.66666666667;2021-08-12T09:00:00+02:00
1293;30927.66666666667;2021-08-12T10:00:00+02:00
1293;31852.83333333333;2021-08-12T11:00:00+02:00
1293;32966.83333333334;2021-08-12T12:00:00+02:00
1293;33835.33333333334;2021-08-12T13:00:00+02:00
1293;34295.5;2021-08-12T14:00:00+02:00
1293;33879.83333333334;2021-08-12T15:00:00+02:00
1293;33514.33333333334;2021-08-12T16:00:00+02:00
1293;33204.5;2021-08-12T17:00:00+02:00
1293;32580.83333333333;2021-08-12T18:00:00+02:00
1293;32203.0;2021-08-12T19:00:00+02:00
1293;31781.0;2021-08-12T20:00:00+02:00
1293;32409.66666666667;2021-08-12T21:00:00+02:00
1293;31913.5;2021-08-12T22:00:00+02:00
1293;29910.0;2021-08-12T23:00:00+02:00
1293;28888.16666666667;2021-08-13T00:00:00+02:00
1293;27259.5;2021-08-13T01:00:00+02:00
1293;25782.16666666667;2021-08-13T02:00:00+02:00
1293;24865.33333333333;2021-08-13T03:00:00+02:00
1293;24554.5;2021-08-13T04:00:00+02:00
1293;24586.5;2021-08-13T05:00:00+02:00
1293;25861.16666666667;2021-08-13T06:00:00+02:00
1293;27013.16666666667;2021-08-13T07:00:00+02:00
1293;27853.66666666667;2021-08-13T08:00:00+02:00
1293;29651.16666666667;2021-08-13T09:00:00+02:00
1293;31030.16666666667;2021-08-13T10:00:00+02:00
1293;32233.0;2021-08-13T11:00:00+02:00
1293;33300.66666666667;2021-08-13T12:00:00+02:00
1293;34200.66666666667;2021-08-13T13:00:00+02:00
1293;34722.83333333334;2021-08-13T14:00:00+02:00
1293;34224.16666666667;2021-08-13T15:00:00+02:00
1293;33773.16666666667;2021-08-13T16:00:00+02:00
1293;33337.33333333334;2021-08-13T17:00:00+02:00
1293;32730.66666666667;2021-08-13T18:00:00+02:00
1293;32326.83333333333;2021-08-13T19:00:00+02:00
1293;32030.66666666667;2021-08-13T20:00:00+02:00
1293;32483.5;2021-08-13T21:00:00+02:00
1293;31806.33333333333;2021-08-13T22:00:00+02:00
1293;29928.16666666667;2021-08-13T23:00:00+02:00
1293;29142.0;2021-08-14T00:00:00+02:00
1293;27585.0;2021-08-14T01:00:00+02:00
1293;26102.83333333333;2021-08-14T02:00:00+02:00
1293;25081.33333333333;2021-08-14T03:00:00+02:00
1293;24491.5;2021-08-14T04:00:00+02:00
1293;24257.66666666667;2021-08-14T05:00:00+02:00
1293;24465.66666666667;2021-08-14T06:00:00+02:00
1293;24648.0;2021-08-14T07:00:00+02:00
1293;25302.16666666667;2021-08-14T08:00:00+02:00
1293;27418.0;2021-08-14T09:00:00+02:00
1293;29206.83333333333;2021-08-14T10:00:00+02:00
1293;30362.83333333333;2021-08-14T11:00:00+02:00
1293;31319.83333333333;2021-08-14T12:00:00+02:00
1293;32266.66666666667;2021-08-14T13:00:00+02:00
1293;32841.33333333334;2021-08-14T14:00:00+02:00
1293;32484.66666666667;2021-08-14T15:00:00+02:00
1293;32072.5;2021-08-14T16:00:00+02:00
1293;31666.5;2021-08-14T17:00:00+02:00
1293;31433.0;2021-08-14T18:00:00+02:00
1293;31168.33333333333;2021-08-14T19:00:00+02:00
1293;31149.5;2021-08-14T20:00:00+02:00
1293;32043.0;2021-08-14T21:00:00+02:00
1293;31305.16666666667;2021-08-14T22:00:00+02:00
1293;29543.66666666667;2021-08-14T23:00:00+02:00
1293;28087.33333333333;2021-08-15T00:00:00+02:00
1293;26454.0;2021-08-15T01:00:00+02:00
1293;25063.16666666667;2021-08-15T02:00:00+02:00
1293;24029.5;2021-08-15T03:00:00+02:00
1293;23464.5;2021-08-15T04:00:00+02:00
1293;22961.5;2021-08-15T05:00:00+02:00
1293;22844.0;2021-08-15T06:00:00+02:00
1293;22719.5;2021-08-15T07:00:00+02:00
1293;22998.33333333333;2021-08-15T08:00:00+02:00
1293;24446.66666666667;2021-08-15T09:00:00+02:00
1293;26023.16666666667;2021-08-15T10:00:00+02:00
1293;27212.5;2021-08-15T11:00:00+02:00
1293;28622.66666666667;2021-08-15T12:00:00+02:00
1293;29718.33333333333;2021-08-15T13:00:00+02:00
1293;30443.83333333333;2021-08-15T14:00:00+02:00
1293;30186.0;2021-08-15T15:00:00+02:00
1293;29825.66666666667;2021-08-15T16:00:00+02:00
1293;29565.33333333333;2021-08-15T17:00:00+02:00
1293;29688.83333333333;2021-08-15T18:00:00+02:00
1293;29635.16666666667;2021-08-15T19:00:00+02:00
1293;29796.0;2021-08-15T20:00:00+02:00
1293;31034.83333333333;2021-08-15T21:00:00+02:00
1293;31120.0;2021-08-15T22:00:00+02:00
1293;29501.5;2021-08-15T23:00:00+02:00
1293;27811.0;2021-08-16T00:00:00+02:00
1293;26214.83333333333;2021-08-16T01:00:00+02:00
1293;24895.16666666667;2021-08-16T02:00:00+02:00
1293;24015.83333333333;2021-08-16T03:00:00+02:00
1293;23627.83333333333;2021-08-16T04:00:00+02:00
1293;23714.33333333333;2021-08-16T05:00:00+02:00
1293;24782.33333333333;2021-08-16T06:00:00+02:00
1293;25847.5;2021-08-16T07:00:00+02:00
1293;26485.33333333333;2021-08-16T08:00:00+02:00
1293;28050.33333333333;2021-08-16T09:00:00+02:00
1293;29266.5;2021-08-16T10:00:00+02:00
1293;30303.5;2021-08-16T11:00:00+02:00
1293;31283.83333333333;2021-08-16T12:00:00+02:00
1293;32330.83333333333;2021-08-16T13:00:00+02:00
1293;33038.83333333334;2021-08-16T14:00:00+02:00
1293;32668.66666666667;2021-08-16T15:00:00+02:00
1293;32305.66666666667;2021-08-16T16:00:00+02:00
1293;31878.83333333333;2021-08-16T17:00:00+02:00
1293;31181.83333333333;2021-08-16T18:00:00+02:00
1293;30578.0;2021-08-16T19:00:00+02:00
1293;30431.33333333333;2021-08-16T20:00:00+02:00
1293;31183.5;2021-08-16T21:00:00+02:00
1293;30697.33333333333;2021-08-16T22:00:00+02:00
1293;28785.83333333333;2021-08-16T23:00:00+02:00
1293;27812.16666666667;2021-08-17T00:00:00+02:00
1293;26338.66666666667;2021-08-17T01:00:00+02:00
1293;25069.16666666667;2021-08-17T02:00:00+02:00
1293;24290.83333333333;2021-08-17T03:00:00+02:00
1293;23834.16666666667;2021-08-17T04:00:00+02:00
1293;23925.16666666667;2021-08-17T05:00:00+02:00
1293;25096.33333333333;2021-08-17T06:00:00+02:00
1293;26457.5;2021-08-17T07:00:00+02:00
1293;27127.83333333333;2021-08-17T08:00:00+02:00
1293;28560.0;2021-08-17T09:00:00+02:00
1293;29597.0;2021-08-17T10:00:00+02:00
1293;30487.0;2021-08-17T11:00:00+02:00
1293;31295.0;2021-08-17T12:00:00+02:00
1293;31997.5;2021-08-17T13:00:00+02:00
1293;32361.83333333333;2021-08-17T14:00:00+02:00
1293;31770.83333333333;2021-08-17T15:00:00+02:00
1293;31625.66666666667;2021-08-17T16:00:00+02:00
1293;31276.5;2021-08-17T17:00:00+02:00
1293;30660.5;2021-08-17T18:00:00+02:00
1293;30225.83333333333;2021-08-17T19:00:00+02:00
1293;29968.0;2021-08-17T20:00:00+02:00
1293;30779.5;2021-08-17T21:00:00+02:00
1293;29912.16666666667;2021-08-17T22:00:00+02:00
1293;28020.66666666667;2021-08-17T23:00:00+02:00
1293;27128.16666666667;2021-08-18T00:00:00+02:00
1293;25874.83333333333;2021-08-18T01:00:00+02:00
1293;24785.66666666667;2021-08-18T02:00:00+02:00
1293;24043.0;2021-08-18T03:00:00+02:00
1293;23817.33333333333;2021-08-18T04:00:00+02:00
1293;23838.83333333333;2021-08-18T05:00:00+02:00
1293;25145.5;2021-08-18T06:00:00+02:00
1293;26442.83333333333;2021-08-18T07:00:00+02:00
1293;27219.5;2021-08-18T08:00:00+02:00
1293;28574.16666666667;2021-08-18T09:00:00+02:00
1293;29681.16666666667;2021-08-18T10:00:00+02:00
1293;30285.33333333333;2021-08-18T11:00:00+02:00
1293;31133.16666666667;2021-08-18T12:00:00+02:00
1293;31866.5;2021-08-18T13:00:00+02:00
1293;32249.66666666667;2021-08-18T14:00:00+02:00
1293;31718.0;2021-08-18T15:00:00+02:00
1293;31378.83333333333;2021-08-18T16:00:00+02:00
1293;31201.0;2021-08-18T17:00:00+02:00
1293;30475.5;2021-08-18T18:00:00+02:00
1293;29921.5;2021-08-18T19:00:00+02:00
1293;29753.5;2021-08-18T20:00:00+02:00
1293;30645.16666666667;2021-08-18T21:00:00+02:00
1293;29713.33333333333;2021-08-18T22:00:00+02:00
1293;27917.66666666667;2021-08-18T23:00:00+02:00
1293;27159.83333333333;2021-08-19T00:00:00+02:00
1293;25779.66666666667;2021-08-19T01:00:00+02:00
1293;24550.83333333333;2021-08-19T02:00:00+02:00
1293;23848.0;2021-08-19T03:00:00+02:00
1293;23601.5;2021-08-19T04:00:00+02:00
1293;23670.16666666667;2021-08-19T05:00:00+02:00
1293;25063.5;2021-08-19T06:00:00+02:00
1293;26585.66666666667;2021-08-19T07:00:00+02:00
1293;27285.16666666667;2021-08-19T08:00:00+02:00
1293;28646.66666666667;2021-08-19T09:00:00+02:00
1293;29680.83333333333;2021-08-19T10:00:00+02:00
1293;30255.83333333333;2021-08-19T11:00:00+02:00
1293;31061.66666666667;2021-08-19T12:00:00+02:00
1293;31873.5;2021-08-19T13:00:00+02:00
1293;32119.0;2021-08-19T14:00:00+02:00
1293;31599.5;2021-08-19T15:00:00+02:00
1293;31013.5;2021-08-19T16:00:00+02:00
1293;30883.66666666667;2021-08-19T17:00:00+02:00
1293;30255.83333333333;2021-08-19T18:00:00+02:00
1293;29814.16666666667;2021-08-19T19:00:00+02:00
1293;29615.0;2021-08-19T20:00:00+02:00
1293;30561.66666666667;2021-08-19T21:00:00+02:00
1293;29567.83333333333;2021-08-19T22:00:00+02:00
1293;27683.16666666667;2021-08-19T23:00:00+02:00
1293;26984.33333333333;2021-08-20T00:00:00+02:00
1293;25634.33333333333;2021-08-20T01:00:00+02:00
1293;24433.33333333333;2021-08-20T02:00:00+02:00
1293;23845.0;2021-08-20T03:00:00+02:00
1293;23517.83333333333;2021-08-20T04:00:00+02:00
1293;23537.83333333333;2021-08-20T05:00:00+02:00
1293;24958.83333333333;2021-08-20T06:00:00+02:00
1293;26238.5;2021-08-20T07:00:00+02:00
1293;27140.66666666667;2021-08-20T08:00:00+02:00
1293;28677.83333333333;2021-08-20T09:00:00+02:00
1293;29909.0;2021-08-20T10:00:00+02:00
1293;30813.0;2021-08-20T11:00:00+02:00
1293;31584.0;2021-08-20T12:00:00+02:00
1293;32268.16666666667;2021-08-20T13:00:00+02:00
1293;32469.33333333333;2021-08-20T14:00:00+02:00
1293;31774.0;2021-08-20T15:00:00+02:00
1293;31313.0;2021-08-20T16:00:00+02:00
1293;31086.33333333333;2021-08-20T17:00:00+02:00
1293;30531.33333333333;2021-08-20T18:00:00+02:00
1293;30127.33333333333;2021-08-20T19:00:00+02:00
1293;29801.0;2021-08-20T20:00:00+02:00
1293;30656.83333333333;2021-08-20T21:00:00+02:00
1293;29486.16666666667;2021-08-20T22:00:00+02:00
1293;27484.33333333333;2021-08-20T23:00:00+02:00
1293;26736.66666666667;2021-08-21T00:00:00+02:00
1293;25622.5;2021-08-21T01:00:00+02:00
1293;24251.0;2021-08-21T02:00:00+02:00
1293;23342.83333333333;2021-08-21T03:00:00+02:00
1293;22814.33333333333;2021-08-21T04:00:00+02:00
1293;22504.0;2021-08-21T05:00:00+02:00
1293;22886.83333333333;2021-08-21T06:00:00+02:00
1293;23077.83333333333;2021-08-21T07:00:00+02:00
1293;23929.66666666667;2021-08-21T08:00:00+02:00
1293;25718.0;2021-08-21T09:00:00+02:00
1293;27423.5;2021-08-21T10:00:00+02:00
1293;28266.16666666667;2021-08-21T11:00:00+02:00
1293;28888.66666666667;2021-08-21T12:00:00+02:00
1293;29620.83333333333;2021-08-21T13:00:00+02:00
1293;29920.33333333333;2021-08-21T14:00:00+02:00
1293;29540.33333333333;2021-08-21T15:00:00+02:00
1293;28965.5;2021-08-21T16:00:00+02:00
1293;28522.33333333333;2021-08-21T17:00:00+02:00
1293;28487.83333333333;2021-08-21T18:00:00+02:00
1293;28297.66666666667;2021-08-21T19:00:00+02:00
1293;28397.83333333333;2021-08-21T20:00:00+02:00
1293;29616.33333333333;2021-08-21T21:00:00+02:00
1293;28562.33333333333;2021-08-21T22:00:00+02:00
1293;26876.0;2021-08-21T23:00:00+02:00
1293;25527.83333333333;2021-08-22T00:00:00+02:00
1293;24087.5;2021-08-22T01:00:00+02:00
1293;23071.5;2021-08-22T02:00:00+02:00
1293;22131.33333333333;2021-08-22T03:00:00+02:00
1293;21529.66666666667;2021-08-22T04:00:00+02:00
1293;21416.0;2021-08-22T05:00:00+02:00
1293;21534.83333333333;2021-08-22T06:00:00+02:00
1293;21368.66666666667;2021-08-22T07:00:00+02:00
1293;21530.16666666667;2021-08-22T08:00:00+02:00
1293;22965.33333333333;2021-08-22T09:00:00+02:00
1293;24248.16666666667;2021-08-22T10:00:00+02:00
1293;25127.16666666667;2021-08-22T11:00:00+02:00
1293;25909.66666666667;2021-08-22T12:00:00+02:00
1293;27246.16666666667;2021-08-22T13:00:00+02:00
1293;27995.83333333333;2021-08-22T14:00:00+02:00
1293;27633.33333333333;2021-08-22T15:00:00+02:00
1293;27089.16666666667;2021-08-22T16:00:00+02:00
1293;26888.16666666667;2021-08-22T17:00:00+02:00
1293;26898.66666666667;2021-08-22T18:00:00+02:00
1293;27020.0;2021-08-22T19:00:00+02:00
1293;27341.16666666667;2021-08-22T20:00:00+02:00
1293;29161.33333333333;2021-08-22T21:00:00+02:00
1293;28993.66666666667;2021-08-22T22:00:00+02:00
1293;27454.33333333333;2021-08-22T23:00:00+02:00
1293;26054.16666666667;2021-08-23T00:00:00+02:00
1293;24571.33333333333;2021-08-23T01:00:00+02:00
1293;23367.66666666667;2021-08-23T02:00:00+02:00
1293;22718.5;2021-08-23T03:00:00+02:00
1293;22576.0;2021-08-23T04:00:00+02:00
1293;22670.5;2021-08-23T05:00:00+02:00
1293;24619.83333333333;2021-08-23T06:00:00+02:00
1293;26643.16666666667;2021-08-23T07:00:00+02:00
1293;27883.83333333333;2021-08-23T08:00:00+02:00
1293;29528.16666666667;2021-08-23T09:00:00+02:00
1293;30850.5;2021-08-23T10:00:00+02:00
1293;31587.0;2021-08-23T11:00:00+02:00
1293;32535.33333333333;2021-08-23T12:00:00+02:00
1293;33524.16666666667;2021-08-23T13:00:00+02:00
1293;33907.83333333334;2021-08-23T14:00:00+02:00
1293;33237.16666666667;2021-08-23T15:00:00+02:00
1293;32931.66666666667;2021-08-23T16:00:00+02:00
1293;32576.0;2021-08-23T17:00:00+02:00
1293;31780.16666666667;2021-08-23T18:00:00+02:00
1293;31128.0;2021-08-23T19:00:00+02:00
1293;30933.16666666667;2021-08-23T20:00:00+02:00
1293;32004.66666666667;2021-08-23T21:00:00+02:00
1293;30828.5;2021-08-23T22:00:00+02:00
1293;28704.83333333333;2021-08-23T23:00:00+02:00
1293;27912.33333333333;2021-08-24T00:00:00+02:00
1293;26678.5;2021-08-24T01:00:00+02:00
1293;25438.0;2021-08-24T02:00:00+02:00
1293;24828.0;2021-08-24T03:00:00+02:00
1293;24439.83333333333;2021-08-24T04:00:00+02:00
1293;24547.5;2021-08-24T05:00:00+02:00
1293;25988.16666666667;2021-08-24T06:00:00+02:00
1293;27859.83333333333;2021-08-24T07:00:00+02:00
1293;28792.83333333333;2021-08-24T08:00:00+02:00
1293;30267.33333333333;2021-08-24T09:00:00+02:00
1293;31117.83333333333;2021-08-24T10:00:00+02:00
1293;31766.16666666667;2021-08-24T11:00:00+02:00
1293;32725.16666666667;2021-08-24T12:00:00+02:00
1293;33392.0;2021-08-24T13:00:00+02:00
1293;33445.16666666667;2021-08-24T14:00:00+02:00
1293;32662.66666666667;2021-08-24T15:00:00+02:00
1293;32139.83333333333;2021-08-24T16:00:00+02:00
1293;31905.16666666667;2021-08-24T17:00:00+02:00
1293;31202.5;2021-08-24T18:00:00+02:00
1293;30848.66666666667;2021-08-24T19:00:00+02:00
1293;30728.5;2021-08-24T20:00:00+02:00
1293;31629.66666666667;2021-08-24T21:00:00+02:00
1293;30168.0;2021-08-24T22:00:00+02:00
1293;28026.66666666667;2021-08-24T23:00:00+02:00
1293;27095.33333333333;2021-08-25T00:00:00+02:00
1293;25808.0;2021-08-25T01:00:00+02:00
1293;24773.16666666667;2021-08-25T02:00:00+02:00
1293;24016.83333333333;2021-08-25T03:00:00+02:00
1293;23800.5;2021-08-25T04:00:00+02:00
1293;23979.16666666667;2021-08-25T05:00:00+02:00
1293;25794.5;2021-08-25T06:00:00+02:00
1293;27462.33333333333;2021-08-25T07:00:00+02:00
1293;28363.33333333333;2021-08-25T08:00:00+02:00
1293;29930.0;2021-08-25T09:00:00+02:00
1293;31034.0;2021-08-25T10:00:00+02:00
1293;31756.5;2021-08-25T11:00:00+02:00
1293;32586.66666666667;2021-08-25T12:00:00+02:00
1293;33193.66666666667;2021-08-25T13:00:00+02:00
1293;33230.66666666667;2021-08-25T14:00:00+02:00
1293;32429.66666666667;2021-08-25T15:00:00+02:00
1293;31943.0;2021-08-25T16:00:00+02:00
1293;31655.0;2021-08-25T17:00:00+02:00
1293;30972.83333333333;2021-08-25T18:00:00+02:00
1293;30545.5;2021-08-25T19:00:00+02:00
1293;30598.33333333333;2021-08-25T20:00:00+02:00
1293;31382.33333333333;2021-08-25T21:00:00+02:00
1293;29995.16666666667;2021-08-25T22:00:00+02:00
1293;28058.0;2021-08-25T23:00:00+02:00
1293;27104.66666666667;2021-08-26T00:00:00+02:00
1293;25953.33333333333;2021-08-26T01:00:00+02:00
1293;24798.16666666667;2021-08-26T02:00:00+02:00
1293;24084.0;2021-08-26T03:00:00+02:00
1293;23864.66666666667;2021-08-26T04:00:00+02:00
1293;24028.0;2021-08-26T05:00:00+02:00
1293;25751.66666666667;2021-08-26T06:00:00+02:00
1293;27405.33333333333;2021-08-26T07:00:00+02:00
1293;28470.33333333333;2021-08-26T08:00:00+02:00
1293;29887.5;2021-08-26T09:00:00+02:00
1293;31042.5;2021-08-26T10:00:00+02:00
1293;32068.0;2021-08-26T11:00:00+02:00
1293;32927.0;2021-08-26T12:00:00+02:00
1293;33739.83333333334;2021-08-26T13:00:00+02:00
1293;34005.66666666667;2021-08-26T14:00:00+02:00
1293;33329.16666666667;2021-08-26T15:00:00+02:00
1293;32995.5;2021-08-26T16:00:00+02:00
1293;32496.66666666667;2021-08-26T17:00:00+02:00
1293;31833.83333333333;2021-08-26T18:00:00+02:00
1293;31247.83333333333;2021-08-26T19:00:00+02:00
1293;31121.5;2021-08-26T20:00:00+02:00
1293;32174.83333333333;2021-08-26T21:00:00+02:00
1293;30849.5;2021-08-26T22:00:00+02:00
1293;28696.5;2021-08-26T23:00:00+02:00
1293;27722.0;2021-08-27T00:00:00+02:00
1293;26541.0;2021-08-27T01:00:00+02:00
1293;25145.0;2021-08-27T02:00:00+02:00
1293;24515.16666666667;2021-08-27T03:00:00+02:00
1293;24191.16666666667;2021-08-27T04:00:00+02:00
1293;24436.16666666667;2021-08-27T05:00:00+02:00
1293;25895.16666666667;2021-08-27T06:00:00+02:00
1293;27763.83333333333;2021-08-27T07:00:00+02:00
1293;28581.0;2021-08-27T08:00:00+02:00
1293;30163.83333333333;2021-08-27T09:00:00+02:00
1293;31325.5;2021-08-27T10:00:00+02:00
1293;32422.83333333333;2021-08-27T11:00:00+02:00
1293;33255.5;2021-08-27T12:00:00+02:00
1293;33960.66666666667;2021-08-27T13:00:00+02:00
1293;34009.33333333334;2021-08-27T14:00:00+02:00
1293;33364.16666666667;2021-08-27T15:00:00+02:00
1293;32814.66666666667;2021-08-27T16:00:00+02:00
1293;32513.5;2021-08-27T17:00:00+02:00
1293;32013.16666666667;2021-08-27T18:00:00+02:00
1293;31340.66666666667;2021-08-27T19:00:00+02:00
1293;30891.5;2021-08-27T20:00:00+02:00
1293;31817.66666666667;2021-08-27T21:00:00+02:00
1293;30156.16666666667;2021-08-27T22:00:00+02:00
1293;28234.16666666667;2021-08-27T23:00:00+02:00
1293;27446.66666666667;2021-08-28T00:00:00+02:00
1293;26153.5;2021-08-28T01:00:00+02:00
1293;24866.16666666667;2021-08-28T02:00:00+02:00
1293;23957.66666666667;2021-08-28T03:00:00+02:00
1293;23394.33333333333;2021-08-28T04:00:00+02:00
1293;23154.5;2021-08-28T05:00:00+02:00
1293;23426.83333333333;2021-08-28T06:00:00+02:00
1293;23751.5;2021-08-28T07:00:00+02:00
1293;24212.83333333333;2021-08-28T08:00:00+02:00
1293;25961.16666666667;2021-08-28T09:00:00+02:00
1293;27237.83333333333;2021-08-28T10:00:00+02:00
1293;28160.16666666667;2021-08-28T11:00:00+02:00
1293;28632.83333333333;2021-08-28T12:00:00+02:00
1293;29228.83333333333;2021-08-28T13:00:00+02:00
1293;29338.0;2021-08-28T14:00:00+02:00
1293;28676.33333333333;2021-08-28T15:00:00+02:00
1293;28198.16666666667;2021-08-28T16:00:00+02:00
1293;27951.5;2021-08-28T17:00:00+02:00
1293;27849.0;2021-08-28T18:00:00+02:00
1293;27790.33333333333;2021-08-28T19:00:00+02:00
1293;27996.5;2021-08-28T20:00:00+02:00
1293;29391.83333333333;2021-08-28T21:00:00+02:00
1293;28114.0;2021-08-28T22:00:00+02:00
1293;26416.0;2021-08-28T23:00:00+02:00
1293;25061.0;2021-08-29T00:00:00+02:00
1293;23691.5;2021-08-29T01:00:00+02:00
1293;22428.83333333333;2021-08-29T02:00:00+02:00
1293;21555.33333333333;2021-08-29T03:00:00+02:00
1293;21265.0;2021-08-29T04:00:00+02:00
1293;21032.66666666667;2021-08-29T05:00:00+02:00
1293;21187.5;2021-08-29T06:00:00+02:00
1293;21390.83333333333;2021-08-29T07:00:00+02:00
1293;21562.66666666667;2021-08-29T08:00:00+02:00
1293;22807.16666666667;2021-08-29T09:00:00+02:00
1293;23938.5;2021-08-29T10:00:00+02:00
1293;25068.5;2021-08-29T11:00:00+02:00
1293;25920.33333333333;2021-08-29T12:00:00+02:00
1293;26635.16666666667;2021-08-29T13:00:00+02:00
1293;27020.83333333333;2021-08-29T14:00:00+02:00
1293;26345.83333333333;2021-08-29T15:00:00+02:00
1293;25845.83333333333;2021-08-29T16:00:00+02:00
1293;25644.83333333333;2021-08-29T17:00:00+02:00
1293;25766.5;2021-08-29T18:00:00+02:00
1293;25808.83333333333;2021-08-29T19:00:00+02:00
1293;26416.16666666667;2021-08-29T20:00:00+02:00
1293;28353.66666666667;2021-08-29T21:00:00+02:00
1293;27805.16666666667;2021-08-29T22:00:00+02:00
1293;26173.16666666667;2021-08-29T23:00:00+02:00
1293;24923.83333333333;2021-08-30T00:00:00+02:00
1293;23751.0;2021-08-30T01:00:00+02:00
1293;22739.66666666667;2021-08-30T02:00:00+02:00
1293;22240.0;2021-08-30T03:00:00+02:00
1293;22025.33333333333;2021-08-30T04:00:00+02:00
1293;22393.0;2021-08-30T05:00:00+02:00
1293;24602.83333333333;2021-08-30T06:00:00+02:00
1293;27060.66666666667;2021-08-30T07:00:00+02:00
1293;28226.0;2021-08-30T08:00:00+02:00
1293;29661.16666666667;2021-08-30T09:00:00+02:00
1293;30610.66666666667;2021-08-30T10:00:00+02:00
1293;31407.33333333333;2021-08-30T11:00:00+02:00
1293;32298.5;2021-08-30T12:00:00+02:00
1293;32963.66666666667;2021-08-30T13:00:00+02:00
1293;32958.5;2021-08-30T14:00:00+02:00
1293;32011.16666666667;2021-08-30T15:00:00+02:00
1293;31621.0;2021-08-30T16:00:00+02:00
1293;31209.83333333333;2021-08-30T17:00:00+02:00
1293;30607.0;2021-08-30T18:00:00+02:00
1293;30298.83333333333;2021-08-30T19:00:00+02:00
1293;30241.83333333333;2021-08-30T20:00:00+02:00
1293;31575.0;2021-08-30T21:00:00+02:00
1293;29841.5;2021-08-30T22:00:00+02:00
1293;27932.16666666667;2021-08-30T23:00:00+02:00
1293;26928.16666666667;2021-08-31T00:00:00+02:00
1293;25864.83333333333;2021-08-31T01:00:00+02:00
1293;24693.5;2021-08-31T02:00:00+02:00
1293;24082.0;2021-08-31T03:00:00+02:00
1293;23810.33333333333;2021-08-31T04:00:00+02:00
1293;24156.16666666667;2021-08-31T05:00:00+02:00
1293;25854.66666666667;2021-08-31T06:00:00+02:00
1293;28066.66666666667;2021-08-31T07:00:00+02:00
1293;28987.5;2021-08-31T08:00:00+02:00
1293;30516.66666666667;2021-08-31T09:00:00+02:00
1293;31502.33333333333;2021-08-31T10:00:00+02:00
1293;32404.33333333333;2021-08-31T11:00:00+02:00
1293;33084.0;2021-08-31T12:00:00+02:00
1293;33777.5;2021-08-31T13:00:00+02:00
1293;33880.83333333334;2021-08-31T14:00:00+02:00
1293;32894.0;2021-08-31T15:00:00+02:00
1293;32373.66666666667;2021-08-31T16:00:00+02:00
1293;32003.33333333333;2021-08-31T17:00:00+02:00
1293;31407.0;2021-08-31T18:00:00+02:00
1293;30836.66666666667;2021-08-31T19:00:00+02:00
1293;31008.16666666667;2021-08-31T20:00:00+02:00
1293;32060.83333333333;2021-08-31T21:00:00+02:00
1293;30292.66666666667;2021-08-31T22:00:00+02:00
1293;28063.66666666667;2021-08-31T23:00:00+02:00
1293;27279.33333333333;2021-09-01T00:00:00+02:00
1293;26063.16666666667;2021-09-01T01:00:00+02:00
1293;25051.66666666667;2021-09-01T02:00:00+02:00
1293;24410.66666666667;2021-09-01T03:00:00+02:00
1293;24238.5;2021-09-01T04:00:00+02:00
1293;24345.16666666667;2021-09-01T05:00:00+02:00
1293;26001.0;2021-09-01T06:00:00+02:00
1293;28349.5;2021-09-01T07:00:00+02:00
1293;29400.16666666667;2021-09-01T08:00:00+02:00
1293;30835.16666666667;2021-09-01T09:00:00+02:00
1293;31681.0;2021-09-01T10:00:00+02:00
1293;32354.5;2021-09-01T11:00:00+02:00
1293;32900.0;2021-09-01T12:00:00+02:00
1293;33439.5;2021-09-01T13:00:00+02:00
1293;32990.33333333334;2021-09-01T14:00:00+02:00
1293;31985.5;2021-09-01T15:00:00+02:00
1293;31364.0;2021-09-01T16:00:00+02:00
1293;31007.33333333333;2021-09-01T17:00:00+02:00
1293;30323.83333333333;2021-09-01T18:00:00+02:00
1293;29742.16666666667;2021-09-01T19:00:00+02:00
1293;30222.66666666667;2021-09-01T20:00:00+02:00
1293;31362.5;2021-09-01T21:00:00+02:00
1293;29296.83333333333;2021-09-01T22:00:00+02:00
1293;27321.16666666667;2021-09-01T23:00:00+02:00
1293;26382.83333333333;2021-09-02T00:00:00+02:00
1293;25212.5;2021-09-02T01:00:00+02:00
1293;24176.33333333333;2021-09-02T02:00:00+02:00
1293;23711.83333333333;2021-09-02T03:00:00+02:00
1293;23465.5;2021-09-02T04:00:00+02:00
1293;23870.83333333333;2021-09-02T05:00:00+02:00
1293;25444.83333333333;2021-09-02T06:00:00+02:00
1293;27927.66666666667;2021-09-02T07:00:00+02:00
1293;29088.66666666667;2021-09-02T08:00:00+02:00
1293;30509.5;2021-09-02T09:00:00+02:00
1293;31209.33333333333;2021-09-02T10:00:00+02:00
1293;31694.66666666667;2021-09-02T11:00:00+02:00
1293;32452.0;2021-09-02T12:00:00+02:00
1293;32974.83333333334;2021-09-02T13:00:00+02:00
1293;32691.0;2021-09-02T14:00:00+02:00
1293;31633.0;2021-09-02T15:00:00+02:00
1293;31271.83333333333;2021-09-02T16:00:00+02:00
1293;31170.0;2021-09-02T17:00:00+02:00
1293;30585.33333333333;2021-09-02T18:00:00+02:00
1293;30235.83333333333;2021-09-02T19:00:00+02:00
1293;30412.0;2021-09-02T20:00:00+02:00
1293;31485.0;2021-09-02T21:00:00+02:00
1293;29455.66666666667;2021-09-02T22:00:00+02:00
1293;27495.16666666667;2021-09-02T23:00:00+02:00
1293;26631.0;2021-09-03T00:00:00+02:00
1293;25300.5;2021-09-03T01:00:00+02:00
1293;24261.5;2021-09-03T02:00:00+02:00
1293;23792.0;2021-09-03T03:00:00+02:00
1293;23608.83333333333;2021-09-03T04:00:00+02:00
1293;23820.0;2021-09-03T05:00:00+02:00
1293;25379.5;2021-09-03T06:00:00+02:00
1293;27737.16666666667;2021-09-03T07:00:00+02:00
1293;29009.0;2021-09-03T08:00:00+02:00
1293;30364.83333333333;2021-09-03T09:00:00+02:00
1293;31310.66666666667;2021-09-03T10:00:00+02:00
1293;31984.33333333333;2021-09-03T11:00:00+02:00
1293;32521.33333333333;2021-09-03T12:00:00+02:00
1293;33107.83333333334;2021-09-03T13:00:00+02:00
1293;32896.83333333334;2021-09-03T14:00:00+02:00
1293;31734.0;2021-09-03T15:00:00+02:00
1293;31188.83333333333;2021-09-03T16:00:00+02:00
1293;30846.16666666667;2021-09-03T17:00:00+02:00
1293;30467.5;2021-09-03T18:00:00+02:00
1293;30080.16666666667;2021-09-03T19:00:00+02:00
1293;30214.66666666667;2021-09-03T20:00:00+02:00
1293;31050.66666666667;2021-09-03T21:00:00+02:00
1293;29125.16666666667;2021-09-03T22:00:00+02:00
1293;27117.16666666667;2021-09-03T23:00:00+02:00
1293;26329.5;2021-09-04T00:00:00+02:00
1293;25022.0;2021-09-04T01:00:00+02:00
1293;23908.0;2021-09-04T02:00:00+02:00
1293;23083.5;2021-09-04T03:00:00+02:00
1293;22560.83333333333;2021-09-04T04:00:00+02:00
1293;22382.33333333333;2021-09-04T05:00:00+02:00
1293;22644.16666666667;2021-09-04T06:00:00+02:00
1293;23078.66666666667;2021-09-04T07:00:00+02:00
1293;23629.66666666667;2021-09-04T08:00:00+02:00
1293;25402.33333333333;2021-09-04T09:00:00+02:00
1293;26964.33333333333;2021-09-04T10:00:00+02:00
1293;27832.5;2021-09-04T11:00:00+02:00
1293;28268.66666666667;2021-09-04T12:00:00+02:00
1293;28778.16666666667;2021-09-04T13:00:00+02:00
1293;28750.5;2021-09-04T14:00:00+02:00
1293;27954.83333333333;2021-09-04T15:00:00+02:00
1293;27238.83333333333;2021-09-04T16:00:00+02:00
1293;27093.16666666667;2021-09-04T17:00:00+02:00
1293;26998.0;2021-09-04T18:00:00+02:00
1293;26951.33333333333;2021-09-04T19:00:00+02:00
1293;27552.83333333333;2021-09-04T20:00:00+02:00
1293;28917.16666666667;2021-09-04T21:00:00+02:00
1293;27447.0;2021-09-04T22:00:00+02:00
1293;25764.0;2021-09-04T23:00:00+02:00
1293;24474.33333333333;2021-09-05T00:00:00+02:00
1293;23138.16666666667;2021-09-05T01:00:00+02:00
1293;22032.5;2021-09-05T02:00:00+02:00
1293;21175.0;2021-09-05T03:00:00+02:00
1293;20685.0;2021-09-05T04:00:00+02:00
1293;20660.5;2021-09-05T05:00:00+02:00
1293;20972.33333333333;2021-09-05T06:00:00+02:00
1293;21082.83333333333;2021-09-05T07:00:00+02:00
1293;21208.0;2021-09-05T08:00:00+02:00
1293;22690.66666666667;2021-09-05T09:00:00+02:00
1293;24273.83333333333;2021-09-05T10:00:00+02:00
1293;25350.33333333333;2021-09-05T11:00:00+02:00
1293;26010.83333333333;2021-09-05T12:00:00+02:00
1293;26876.16666666667;2021-09-05T13:00:00+02:00
1293;27343.83333333333;2021-09-05T14:00:00+02:00
1293;26672.83333333333;2021-09-05T15:00:00+02:00
1293;26162.16666666667;2021-09-05T16:00:00+02:00
1293;25904.0;2021-09-05T17:00:00+02:00
1293;26136.5;2021-09-05T18:00:00+02:00
1293;26326.16666666667;2021-09-05T19:00:00+02:00
1293;26965.66666666667;2021-09-05T20:00:00+02:00
1293;28931.33333333333;2021-09-05T21:00:00+02:00
1293;28077.5;2021-09-05T22:00:00+02:00
1293;26374.66666666667;2021-09-05T23:00:00+02:00
1293;25106.16666666667;2021-09-06T00:00:00+02:00
1293;23745.16666666667;2021-09-06T01:00:00+02:00
1293;22929.33333333333;2021-09-06T02:00:00+02:00
1293;22475.33333333333;2021-09-06T03:00:00+02:00
1293;22318.5;2021-09-06T04:00:00+02:00
1293;22698.83333333333;2021-09-06T05:00:00+02:00
1293;25196.16666666667;2021-09-06T06:00:00+02:00
1293;27846.16666666667;2021-09-06T07:00:00+02:00
1293;29460.16666666667;2021-09-06T08:00:00+02:00
1293;31119.83333333333;2021-09-06T09:00:00+02:00
1293;32170.33333333333;2021-09-06T10:00:00+02:00
1293;33019.33333333334;2021-09-06T11:00:00+02:00
1293;33736.66666666667;2021-09-06T12:00:00+02:00
1293;34505.5;2021-09-06T13:00:00+02:00
1293;34703.33333333334;2021-09-06T14:00:00+02:00
1293;34051.16666666667;2021-09-06T15:00:00+02:00
1293;33791.16666666667;2021-09-06T16:00:00+02:00
1293;33387.5;2021-09-06T17:00:00+02:00
1293;32698.83333333333;2021-09-06T18:00:00+02:00
1293;32201.5;2021-09-06T19:00:00+02:00
1293;32214.33333333333;2021-09-06T20:00:00+02:00
1293;33105.16666666667;2021-09-06T21:00:00+02:00
1293;30795.33333333333;2021-09-06T22:00:00+02:00
1293;28522.5;2021-09-06T23:00:00+02:00
1293;27531.66666666667;2021-09-07T00:00:00+02:00
1293;26192.0;2021-09-07T01:00:00+02:00
1293;25035.5;2021-09-07T02:00:00+02:00
1293;24552.0;2021-09-07T03:00:00+02:00
1293;24326.66666666667;2021-09-07T04:00:00+02:00
1293;24549.0;2021-09-07T05:00:00+02:00
1293;26319.66666666667;2021-09-07T06:00:00+02:00
1293;29018.5;2021-09-07T07:00:00+02:00
1293;30377.33333333333;2021-09-07T08:00:00+02:00
1293;32069.83333333333;2021-09-07T09:00:00+02:00
1293;32971.0;2021-09-07T10:00:00+02:00
1293;33462.83333333334;2021-09-07T11:00:00+02:00
1293;34131.83333333334;2021-09-07T12:00:00+02:00
1293;34774.5;2021-09-07T13:00:00+02:00
1293;34731.66666666667;2021-09-07T14:00:00+02:00
1293;33801.83333333334;2021-09-07T15:00:00+02:00
1293;33569.16666666667;2021-09-07T16:00:00+02:00
1293;33512.83333333334;2021-09-07T17:00:00+02:00
1293;32751.0;2021-09-07T18:00:00+02:00
1293;32057.66666666667;2021-09-07T19:00:00+02:00
1293;32335.16666666667;2021-09-07T20:00:00+02:00
1293;33102.5;2021-09-07T21:00:00+02:00
1293;30756.5;2021-09-07T22:00:00+02:00
1293;28648.16666666667;2021-09-07T23:00:00+02:00
1293;27632.83333333333;2021-09-08T00:00:00+02:00
1293;26375.0;2021-09-08T01:00:00+02:00
1293;25226.33333333333;2021-09-08T02:00:00+02:00
1293;24493.5;2021-09-08T03:00:00+02:00
1293;24373.16666666667;2021-09-08T04:00:00+02:00
1293;24611.33333333333;2021-09-08T05:00:00+02:00
1293;26077.83333333333;2021-09-08T06:00:00+02:00
1293;28491.33333333333;2021-09-08T07:00:00+02:00
1293;29685.5;2021-09-08T08:00:00+02:00
1293;30803.33333333333;2021-09-08T09:00:00+02:00
1293;31787.83333333333;2021-09-08T10:00:00+02:00
1293;32470.5;2021-09-08T11:00:00+02:00
1293;33130.66666666667;2021-09-08T12:00:00+02:00
1293;33602.5;2021-09-08T13:00:00+02:00
1293;33540.33333333334;2021-09-08T14:00:00+02:00
1293;32675.16666666667;2021-09-08T15:00:00+02:00
1293;32459.83333333333;2021-09-08T16:00:00+02:00
1293;32142.33333333333;2021-09-08T17:00:00+02:00
1293;31652.66666666667;2021-09-08T18:00:00+02:00
1293;31185.66666666667;2021-09-08T19:00:00+02:00
1293;31555.33333333333;2021-09-08T20:00:00+02:00
1293;32341.83333333333;2021-09-08T21:00:00+02:00
1293;30456.66666666667;2021-09-08T22:00:00+02:00
1293;28254.16666666667;2021-09-08T23:00:00+02:00
1293;27312.66666666667;2021-09-09T00:00:00+02:00
1293;26017.66666666667;2021-09-09T01:00:00+02:00
1293;25033.5;2021-09-09T02:00:00+02:00
1293;24522.33333333333;2021-09-09T03:00:00+02:00
1293;24295.66666666667;2021-09-09T04:00:00+02:00
1293;24587.66666666667;2021-09-09T05:00:00+02:00
1293;26390.0;2021-09-09T06:00:00+02:00
1293;28994.0;2021-09-09T07:00:00+02:00
1293;30089.5;2021-09-09T08:00:00+02:00
1293;31290.83333333333;2021-09-09T09:00:00+02:00
1293;32357.16666666667;2021-09-09T10:00:00+02:00
1293;32854.0;2021-09-09T11:00:00+02:00
1293;33472.16666666667;2021-09-09T12:00:00+02:00
1293;34038.33333333334;2021-09-09T13:00:00+02:00
1293;33830.83333333334;2021-09-09T14:00:00+02:00
1293;32852.0;2021-09-09T15:00:00+02:00
1293;32522.0;2021-09-09T16:00:00+02:00
1293;32155.33333333333;2021-09-09T17:00:00+02:00
1293;31648.83333333333;2021-09-09T18:00:00+02:00
1293;31212.66666666667;2021-09-09T19:00:00+02:00
1293;31750.0;2021-09-09T20:00:00+02:00
1293;32303.66666666667;2021-09-09T21:00:00+02:00
1293;30171.33333333333;2021-09-09T22:00:00+02:00
1293;27951.83333333333;2021-09-09T23:00:00+02:00
1293;27065.66666666667;2021-09-10T00:00:00+02:00
1293;25800.0;2021-09-10T01:00:00+02:00
1293;24697.33333333333;2021-09-10T02:00:00+02:00
1293;24307.33333333333;2021-09-10T03:00:00+02:00
1293;24277.16666666667;2021-09-10T04:00:00+02:00
1293;24511.16666666667;2021-09-10T05:00:00+02:00
1293;26217.0;2021-09-10T06:00:00+02:00
1293;28966.16666666667;2021-09-10T07:00:00+02:00
1293;30050.66666666667;2021-09-10T08:00:00+02:00
1293;31051.66666666667;2021-09-10T09:00:00+02:00
1293;31732.0;2021-09-10T10:00:00+02:00
1293;32326.33333333333;2021-09-10T11:00:00+02:00
1293;33154.33333333334;2021-09-10T12:00:00+02:00
1293;33296.0;2021-09-10T13:00:00+02:00
1293;32870.66666666667;2021-09-10T14:00:00+02:00
1293;31884.5;2021-09-10T15:00:00+02:00
1293;31407.0;2021-09-10T16:00:00+02:00
1293;31077.83333333333;2021-09-10T17:00:00+02:00
1293;30603.83333333333;2021-09-10T18:00:00+02:00
1293;30254.83333333333;2021-09-10T19:00:00+02:00
1293;30621.0;2021-09-10T20:00:00+02:00
1293;31062.0;2021-09-10T21:00:00+02:00
1293;28935.0;2021-09-10T22:00:00+02:00
1293;27090.83333333333;2021-09-10T23:00:00+02:00
1293;26288.0;2021-09-11T00:00:00+02:00
1293;25194.66666666667;2021-09-11T01:00:00+02:00
1293;24150.66666666667;2021-09-11T02:00:00+02:00
1293;23285.5;2021-09-11T03:00:00+02:00
1293;22971.83333333333;2021-09-11T04:00:00+02:00
1293;22592.0;2021-09-11T05:00:00+02:00
1293;22832.16666666667;2021-09-11T06:00:00+02:00
1293;23594.33333333333;2021-09-11T07:00:00+02:00
1293;24093.83333333333;2021-09-11T08:00:00+02:00
1293;25676.0;2021-09-11T09:00:00+02:00
1293;27159.0;2021-09-11T10:00:00+02:00
1293;27673.66666666667;2021-09-11T11:00:00+02:00
1293;28217.0;2021-09-11T12:00:00+02:00
1293;28736.5;2021-09-11T13:00:00+02:00
1293;28724.66666666667;2021-09-11T14:00:00+02:00
1293;27737.5;2021-09-11T15:00:00+02:00
1293;27151.33333333333;2021-09-11T16:00:00+02:00
1293;27026.16666666667;2021-09-11T17:00:00+02:00
1293;27026.66666666667;2021-09-11T18:00:00+02:00
1293;26786.0;2021-09-11T19:00:00+02:00
1293;27960.83333333333;2021-09-11T20:00:00+02:00
1293;29069.83333333333;2021-09-11T21:00:00+02:00
1293;27557.5;2021-09-11T22:00:00+02:00
1293;26058.16666666667;2021-09-11T23:00:00+02:00
1293;24712.0;2021-09-12T00:00:00+02:00
1293;23463.83333333333;2021-09-12T01:00:00+02:00
1293;22376.33333333333;2021-09-12T02:00:00+02:00
1293;21637.66666666667;2021-09-12T03:00:00+02:00
1293;21352.16666666667;2021-09-12T04:00:00+02:00
1293;21070.5;2021-09-12T05:00:00+02:00
1293;21058.0;2021-09-12T06:00:00+02:00
1293;21326.33333333333;2021-09-12T07:00:00+02:00
1293;21497.83333333333;2021-09-12T08:00:00+02:00
1293;22977.16666666667;2021-09-12T09:00:00+02:00
1293;24149.33333333333;2021-09-12T10:00:00+02:00
1293;25205.0;2021-09-12T11:00:00+02:00
1293;25843.66666666667;2021-09-12T12:00:00+02:00
1293;26657.83333333333;2021-09-12T13:00:00+02:00
1293;27123.5;2021-09-12T14:00:00+02:00
1293;26175.0;2021-09-12T15:00:00+02:00
1293;25715.16666666667;2021-09-12T16:00:00+02:00
1293;25542.66666666667;2021-09-12T17:00:00+02:00
1293;25693.66666666667;2021-09-12T18:00:00+02:00
1293;25841.0;2021-09-12T19:00:00+02:00
1293;27321.5;2021-09-12T20:00:00+02:00
1293;28775.16666666667;2021-09-12T21:00:00+02:00
1293;27801.33333333333;2021-09-12T22:00:00+02:00
1293;26039.66666666667;2021-09-12T23:00:00+02:00
1293;24582.83333333333;2021-09-13T00:00:00+02:00
1293;23444.66666666667;2021-09-13T01:00:00+02:00
1293;22569.0;2021-09-13T02:00:00+02:00
1293;22104.16666666667;2021-09-13T03:00:00+02:00
1293;22092.83333333333;2021-09-13T04:00:00+02:00
1293;22612.83333333333;2021-09-13T05:00:00+02:00
1293;24867.16666666667;2021-09-13T06:00:00+02:00
1293;27976.5;2021-09-13T07:00:00+02:00
1293;29562.5;2021-09-13T08:00:00+02:00
1293;30713.0;2021-09-13T09:00:00+02:00
1293;31776.0;2021-09-13T10:00:00+02:00
1293;32331.16666666667;2021-09-13T11:00:00+02:00
1293;32887.83333333334;2021-09-13T12:00:00+02:00
1293;33298.5;2021-09-13T13:00:00+02:00
1293;32813.66666666667;2021-09-13T14:00:00+02:00
1293;31913.83333333333;2021-09-13T15:00:00+02:00
1293;31741.0;2021-09-13T16:00:00+02:00
1293;31314.16666666667;2021-09-13T17:00:00+02:00
1293;30627.66666666667;2021-09-13T18:00:00+02:00
1293;30474.66666666667;2021-09-13T19:00:00+02:00
1293;31682.33333333333;2021-09-13T20:00:00+02:00
1293;32112.16666666667;2021-09-13T21:00:00+02:00
1293;29697.66666666667;2021-09-13T22:00:00+02:00
1293;27550.83333333333;2021-09-13T23:00:00+02:00
1293;26416.5;2021-09-14T00:00:00+02:00
1293;25454.83333333333;2021-09-14T01:00:00+02:00
1293;24559.0;2021-09-14T02:00:00+02:00
1293;24106.16666666667;2021-09-14T03:00:00+02:00
1293;24057.5;2021-09-14T04:00:00+02:00
1293;24331.33333333333;2021-09-14T05:00:00+02:00
1293;26176.33333333333;2021-09-14T06:00:00+02:00
1293;29034.66666666667;2021-09-14T07:00:00+02:00
1293;30503.16666666667;2021-09-14T08:00:00+02:00
1293;31553.0;2021-09-14T09:00:00+02:00
1293;32018.66666666667;2021-09-14T10:00:00+02:00
1293;32781.83333333334;2021-09-14T11:00:00+02:00
1293;33270.33333333334;2021-09-14T12:00:00+02:00
1293;33341.33333333334;2021-09-14T13:00:00+02:00
1293;32835.83333333334;2021-09-14T14:00:00+02:00
1293;31961.0;2021-09-14T15:00:00+02:00
1293;31550.5;2021-09-14T16:00:00+02:00
1293;31061.66666666667;2021-09-14T17:00:00+02:00
1293;30426.66666666667;2021-09-14T18:00:00+02:00
1293;30425.5;2021-09-14T19:00:00+02:00
1293;31694.83333333333;2021-09-14T20:00:00+02:00
1293;31831.0;2021-09-14T21:00:00+02:00
1293;29468.33333333333;2021-09-14T22:00:00+02:00
1293;27266.83333333333;2021-09-14T23:00:00+02:00
1293;26140.83333333333;2021-09-15T00:00:00+02:00
1293;24942.66666666667;2021-09-15T01:00:00+02:00
1293;24148.66666666667;2021-09-15T02:00:00+02:00
1293;23587.83333333333;2021-09-15T03:00:00+02:00
1293;23389.66666666667;2021-09-15T04:00:00+02:00
1293;23739.66666666667;2021-09-15T05:00:00+02:00
1293;25738.66666666667;2021-09-15T06:00:00+02:00
1293;28617.16666666667;2021-09-15T07:00:00+02:00
1293;30003.16666666667;2021-09-15T08:00:00+02:00
1293;30799.33333333333;2021-09-15T09:00:00+02:00
1293;31687.66666666667;2021-09-15T10:00:00+02:00
1293;32132.0;2021-09-15T11:00:00+02:00
1293;32715.33333333333;2021-09-15T12:00:00+02:00
1293;33039.0;2021-09-15T13:00:00+02:00
1293;32664.83333333333;2021-09-15T14:00:00+02:00
1293;31725.0;2021-09-15T15:00:00+02:00
1293;31290.5;2021-09-15T16:00:00+02:00
1293;31303.0;2021-09-15T17:00:00+02:00
1293;30983.0;2021-09-15T18:00:00+02:00
1293;30755.83333333333;2021-09-15T19:00:00+02:00
1293;31684.0;2021-09-15T20:00:00+02:00
1293;31959.66666666667;2021-09-15T21:00:00+02:00
1293;29337.83333333333;2021-09-15T22:00:00+02:00
1293;26979.66666666667;2021-09-15T23:00:00+02:00
1293;25939.16666666667;2021-09-16T00:00:00+02:00
1293;24780.83333333333;2021-09-16T01:00:00+02:00
1293;23803.5;2021-09-16T02:00:00+02:00
1293;23295.16666666667;2021-09-16T03:00:00+02:00
1293;23070.66666666667;2021-09-16T04:00:00+02:00
1293;23390.0;2021-09-16T05:00:00+02:00
1293;25221.16666666667;2021-09-16T06:00:00+02:00
1293;28287.83333333333;2021-09-16T07:00:00+02:00
1293;29233.83333333333;2021-09-16T08:00:00+02:00
1293;30064.5;2021-09-16T09:00:00+02:00
1293;30615.83333333333;2021-09-16T10:00:00+02:00
1293;30899.0;2021-09-16T11:00:00+02:00
1293;31365.5;2021-09-16T12:00:00+02:00
1293;31594.16666666667;2021-09-16T13:00:00+02:00
1293;31273.66666666667;2021-09-16T14:00:00+02:00
1293;30843.16666666667;2021-09-16T15:00:00+02:00
1293;30605.16666666667;2021-09-16T16:00:00+02:00
1293;30471.83333333333;2021-09-16T17:00:00+02:00
1293;29755.66666666667;2021-09-16T18:00:00+02:00
1293;29386.33333333333;2021-09-16T19:00:00+02:00
1293;30559.66666666667;2021-09-16T20:00:00+02:00
1293;30950.66666666667;2021-09-16T21:00:00+02:00
1293;28560.83333333333;2021-09-16T22:00:00+02:00
1293;26323.33333333333;2021-09-16T23:00:00+02:00
1293;25481.16666666667;2021-09-17T00:00:00+02:00
1293;24294.33333333333;2021-09-17T01:00:00+02:00
1293;23394.5;2021-09-17T02:00:00+02:00
1293;22983.16666666667;2021-09-17T03:00:00+02:00
1293;22963.5;2021-09-17T04:00:00+02:00
1293;23100.66666666667;2021-09-17T05:00:00+02:00
1293;24961.0;2021-09-17T06:00:00+02:00
1293;27932.83333333333;2021-09-17T07:00:00+02:00
1293;28980.66666666667;2021-09-17T08:00:00+02:00
1293;29837.83333333333;2021-09-17T09:00:00+02:00
1293;30276.66666666667;2021-09-17T10:00:00+02:00
1293;30685.5;2021-09-17T11:00:00+02:00
1293;31259.33333333333;2021-09-17T12:00:00+02:00
1293;31589.16666666667;2021-09-17T13:00:00+02:00
1293;31371.16666666667;2021-09-17T14:00:00+02:00
1293;30517.0;2021-09-17T15:00:00+02:00
1293;30006.66666666667;2021-09-17T16:00:00+02:00
1293;29953.83333333333;2021-09-17T17:00:00+02:00
1293;29530.5;2021-09-17T18:00:00+02:00
1293;29178.16666666667;2021-09-17T19:00:00+02:00
1293;30175.0;2021-09-17T20:00:00+02:00
1293;30449.5;2021-09-17T21:00:00+02:00
1293;28173.16666666667;2021-09-17T22:00:00+02:00
1293;26188.33333333333;2021-09-17T23:00:00+02:00
1293;25218.33333333333;2021-09-18T00:00:00+02:00
1293;24021.33333333333;2021-09-18T01:00:00+02:00
1293;22874.16666666667;2021-09-18T02:00:00+02:00
1293;22252.5;2021-09-18T03:00:00+02:00
1293;21921.66666666667;2021-09-18T04:00:00+02:00
1293;21655.83333333333;2021-09-18T05:00:00+02:00
1293;21926.33333333333;2021-09-18T06:00:00+02:00
1293;22807.33333333333;2021-09-18T07:00:00+02:00
1293;23504.16666666667;2021-09-18T08:00:00+02:00
1293;25191.33333333333;2021-09-18T09:00:00+02:00
1293;26490.33333333333;2021-09-18T10:00:00+02:00
1293;27031.83333333333;2021-09-18T11:00:00+02:00
1293;27432.16666666667;2021-09-18T12:00:00+02:00
1293;27711.33333333333;2021-09-18T13:00:00+02:00
1293;27294.66666666667;2021-09-18T14:00:00+02:00
1293;26042.0;2021-09-18T15:00:00+02:00
1293;25273.83333333333;2021-09-18T16:00:00+02:00
1293;25086.16666666667;2021-09-18T17:00:00+02:00
1293;25180.33333333333;2021-09-18T18:00:00+02:00
1293;25313.33333333333;2021-09-18T19:00:00+02:00
1293;26818.66666666667;2021-09-18T20:00:00+02:00
1293;27699.66666666667;2021-09-18T21:00:00+02:00
1293;25887.5;2021-09-18T22:00:00+02:00
1293;24291.33333333333;2021-09-18T23:00:00+02:00
1293;23006.16666666667;2021-09-19T00:00:00+02:00
1293;21737.0;2021-09-19T01:00:00+02:00
1293;20733.33333333333;2021-09-19T02:00:00+02:00
1293;20284.66666666667;2021-09-19T03:00:00+02:00
1293;19978.0;2021-09-19T04:00:00+02:00
1293;19825.66666666667;2021-09-19T05:00:00+02:00
1293;19951.5;2021-09-19T06:00:00+02:00
1293;20258.0;2021-09-19T07:00:00+02:00
1293;20359.16666666667;2021-09-19T08:00:00+02:00
1293;21784.5;2021-09-19T09:00:00+02:00
1293;23072.83333333333;2021-09-19T10:00:00+02:00
1293;23898.16666666667;2021-09-19T11:00:00+02:00
1293;24246.83333333333;2021-09-19T12:00:00+02:00
1293;24849.5;2021-09-19T13:00:00+02:00
1293;24957.0;2021-09-19T14:00:00+02:00
1293;23956.16666666667;2021-09-19T15:00:00+02:00
1293;23372.66666666667;2021-09-19T16:00:00+02:00
1293;23110.66666666667;2021-09-19T17:00:00+02:00
1293;23441.16666666667;2021-09-19T18:00:00+02:00
1293;23785.0;2021-09-19T19:00:00+02:00
1293;25911.16666666667;2021-09-19T20:00:00+02:00
1293;27124.83333333333;2021-09-19T21:00:00+02:00
1293;25915.83333333333;2021-09-19T22:00:00+02:00
1293;24369.33333333333;2021-09-19T23:00:00+02:00
1293;22917.83333333333;2021-09-20T00:00:00+02:00
1293;21879.33333333333;2021-09-20T01:00:00+02:00
1293;21049.5;2021-09-20T02:00:00+02:00
1293;20669.0;2021-09-20T03:00:00+02:00
1293;20751.16666666667;2021-09-20T04:00:00+02:00
1293;21273.66666666667;2021-09-20T05:00:00+02:00
1293;23604.0;2021-09-20T06:00:00+02:00
1293;26925.33333333333;2021-09-20T07:00:00+02:00
1293;28136.5;2021-09-20T08:00:00+02:00
1293;28990.5;2021-09-20T09:00:00+02:00
1293;29351.66666666667;2021-09-20T10:00:00+02:00
1293;29832.66666666667;2021-09-20T11:00:00+02:00
1293;30378.33333333333;2021-09-20T12:00:00+02:00
1293;30717.5;2021-09-20T13:00:00+02:00
1293;30499.33333333333;2021-09-20T14:00:00+02:00
1293;29672.0;2021-09-20T15:00:00+02:00
1293;29269.16666666667;2021-09-20T16:00:00+02:00
1293;29324.0;2021-09-20T17:00:00+02:00
1293;28865.66666666667;2021-09-20T18:00:00+02:00
1293;28786.0;2021-09-20T19:00:00+02:00
1293;30275.0;2021-09-20T20:00:00+02:00
1293;30526.66666666667;2021-09-20T21:00:00+02:00
1293;27811.5;2021-09-20T22:00:00+02:00
1293;25662.83333333333;2021-09-20T23:00:00+02:00
1293;24437.5;2021-09-21T00:00:00+02:00
1293;23502.16666666667;2021-09-21T01:00:00+02:00
1293;22630.0;2021-09-21T02:00:00+02:00
1293;22156.83333333333;2021-09-21T03:00:00+02:00
1293;22080.33333333333;2021-09-21T04:00:00+02:00
1293;22537.66666666667;2021-09-21T05:00:00+02:00
1293;24305.5;2021-09-21T06:00:00+02:00
1293;27318.0;2021-09-21T07:00:00+02:00
1293;28470.33333333333;2021-09-21T08:00:00+02:00
1293;29235.16666666667;2021-09-21T09:00:00+02:00
1293;29202.66666666667;2021-09-21T10:00:00+02:00
1293;29526.83333333333;2021-09-21T11:00:00+02:00
1293;30122.66666666667;2021-09-21T12:00:00+02:00
1293;30255.16666666667;2021-09-21T13:00:00+02:00
1293;29841.83333333333;2021-09-21T14:00:00+02:00
1293;28837.5;2021-09-21T15:00:00+02:00
1293;28563.16666666667;2021-09-21T16:00:00+02:00
1293;28502.83333333333;2021-09-21T17:00:00+02:00
1293;27990.5;2021-09-21T18:00:00+02:00
1293;28115.33333333333;2021-09-21T19:00:00+02:00
1293;29959.66666666667;2021-09-21T20:00:00+02:00
1293;30395.16666666667;2021-09-21T21:00:00+02:00
1293;27782.16666666667;2021-09-21T22:00:00+02:00
1293;25530.83333333333;2021-09-21T23:00:00+02:00
1293;24545.0;2021-09-22T00:00:00+02:00
1293;23534.0;2021-09-22T01:00:00+02:00
1293;22703.66666666667;2021-09-22T02:00:00+02:00
1293;22435.33333333333;2021-09-22T03:00:00+02:00
1293;22409.66666666667;2021-09-22T04:00:00+02:00
1293;22781.33333333333;2021-09-22T05:00:00+02:00
1293;24805.16666666667;2021-09-22T06:00:00+02:00
1293;27945.33333333333;2021-09-22T07:00:00+02:00
1293;29011.0;2021-09-22T08:00:00+02:00
1293;29501.83333333333;2021-09-22T09:00:00+02:00
1293;29957.66666666667;2021-09-22T10:00:00+02:00
1293;30124.5;2021-09-22T11:00:00+02:00
1293;30402.33333333333;2021-09-22T12:00:00+02:00
1293;30519.66666666667;2021-09-22T13:00:00+02:00
1293;30160.33333333333;2021-09-22T14:00:00+02:00
1293;29352.16666666667;2021-09-22T15:00:00+02:00
1293;28676.66666666667;2021-09-22T16:00:00+02:00
1293;28654.33333333333;2021-09-22T17:00:00+02:00
1293;28298.66666666667;2021-09-22T18:00:00+02:00
1293;28487.16666666667;2021-09-22T19:00:00+02:00
1293;30393.0;2021-09-22T20:00:00+02:00
1293;30444.83333333333;2021-09-22T21:00:00+02:00
1293;27862.16666666667;2021-09-22T22:00:00+02:00
1293;25478.5;2021-09-22T23:00:00+02:00
1293;24691.33333333333;2021-09-23T00:00:00+02:00
1293;23617.0;2021-09-23T01:00:00+02:00
1293;22771.33333333333;2021-09-23T02:00:00+02:00
1293;22431.66666666667;2021-09-23T03:00:00+02:00
1293;22167.16666666667;2021-09-23T04:00:00+02:00
1293;22653.0;2021-09-23T05:00:00+02:00
1293;24603.16666666667;2021-09-23T06:00:00+02:00
1293;27702.83333333333;2021-09-23T07:00:00+02:00
1293;28835.0;2021-09-23T08:00:00+02:00
1293;29631.0;2021-09-23T09:00:00+02:00
1293;29973.83333333333;2021-09-23T10:00:00+02:00
1293;30114.16666666667;2021-09-23T11:00:00+02:00
1293;30534.33333333333;2021-09-23T12:00:00+02:00
1293;30739.16666666667;2021-09-23T13:00:00+02:00
1293;30110.16666666667;2021-09-23T14:00:00+02:00
1293;29395.33333333333;2021-09-23T15:00:00+02:00
1293;29041.83333333333;2021-09-23T16:00:00+02:00
1293;28862.83333333333;2021-09-23T17:00:00+02:00
1293;28500.0;2021-09-23T18:00:00+02:00
1293;28565.0;2021-09-23T19:00:00+02:00
1293;30432.5;2021-09-23T20:00:00+02:00
1293;30472.0;2021-09-23T21:00:00+02:00
1293;28001.5;2021-09-23T22:00:00+02:00
1293;25777.5;2021-09-23T23:00:00+02:00
1293;24867.16666666667;2021-09-24T00:00:00+02:00
1293;23876.0;2021-09-24T01:00:00+02:00
1293;23077.16666666667;2021-09-24T02:00:00+02:00
1293;22607.33333333333;2021-09-24T03:00:00+02:00
1293;22423.33333333333;2021-09-24T04:00:00+02:00
1293;22678.83333333333;2021-09-24T05:00:00+02:00
1293;24604.33333333333;2021-09-24T06:00:00+02:00
1293;27479.33333333333;2021-09-24T07:00:00+02:00
1293;28591.16666666667;2021-09-24T08:00:00+02:00
1293;29388.5;2021-09-24T09:00:00+02:00
1293;30013.33333333333;2021-09-24T10:00:00+02:00
1293;30351.66666666667;2021-09-24T11:00:00+02:00
1293;30799.5;2021-09-24T12:00:00+02:00
1293;30779.5;2021-09-24T13:00:00+02:00
1293;30128.5;2021-09-24T14:00:00+02:00
1293;29194.5;2021-09-24T15:00:00+02:00
1293;28629.33333333333;2021-09-24T16:00:00+02:00
1293;28349.66666666667;2021-09-24T17:00:00+02:00
1293;27998.0;2021-09-24T18:00:00+02:00
1293;27994.0;2021-09-24T19:00:00+02:00
1293;29747.83333333333;2021-09-24T20:00:00+02:00
1293;29709.16666666667;2021-09-24T21:00:00+02:00
1293;27427.83333333333;2021-09-24T22:00:00+02:00
1293;25486.16666666667;2021-09-24T23:00:00+02:00
1293;24664.0;2021-09-25T00:00:00+02:00
1293;23559.33333333333;2021-09-25T01:00:00+02:00
1293;22462.0;2021-09-25T02:00:00+02:00
1293;21824.5;2021-09-25T03:00:00+02:00
1293;21414.5;2021-09-25T04:00:00+02:00
1293;21325.5;2021-09-25T05:00:00+02:00
1293;21713.33333333333;2021-09-25T06:00:00+02:00
1293;22756.33333333333;2021-09-25T07:00:00+02:00
1293;23326.83333333333;2021-09-25T08:00:00+02:00
1293;25054.0;2021-09-25T09:00:00+02:00
1293;26502.33333333333;2021-09-25T10:00:00+02:00
1293;27024.66666666667;2021-09-25T11:00:00+02:00
1293;27323.0;2021-09-25T12:00:00+02:00
1293;27698.16666666667;2021-09-25T13:00:00+02:00
1293;27231.16666666667;2021-09-25T14:00:00+02:00
1293;25839.83333333333;2021-09-25T15:00:00+02:00
1293;25014.16666666667;2021-09-25T16:00:00+02:00
1293;24911.33333333333;2021-09-25T17:00:00+02:00
1293;24805.83333333333;2021-09-25T18:00:00+02:00
1293;25244.83333333333;2021-09-25T19:00:00+02:00
1293;27004.16666666667;2021-09-25T20:00:00+02:00
1293;27369.16666666667;2021-09-25T21:00:00+02:00
1293;25374.83333333333;2021-09-25T22:00:00+02:00
1293;23922.0;2021-09-25T23:00:00+02:00
1293;22632.5;2021-09-26T00:00:00+02:00
1293;21377.33333333333;2021-09-26T01:00:00+02:00
1293;20344.66666666667;2021-09-26T02:00:00+02:00
1293;19919.66666666667;2021-09-26T03:00:00+02:00
1293;19632.33333333333;2021-09-26T04:00:00+02:00
1293;19491.5;2021-09-26T05:00:00+02:00
1293;19645.66666666667;2021-09-26T06:00:00+02:00
1293;20196.33333333333;2021-09-26T07:00:00+02:00
1293;20289.33333333333;2021-09-26T08:00:00+02:00
1293;21698.83333333333;2021-09-26T09:00:00+02:00
1293;23158.5;2021-09-26T10:00:00+02:00
1293;23801.66666666667;2021-09-26T11:00:00+02:00
1293;24353.66666666667;2021-09-26T12:00:00+02:00
1293;24892.16666666667;2021-09-26T13:00:00+02:00
1293;25072.16666666667;2021-09-26T14:00:00+02:00
1293;23916.0;2021-09-26T15:00:00+02:00
1293;23297.16666666667;2021-09-26T16:00:00+02:00
1293;22979.33333333333;2021-09-26T17:00:00+02:00
1293;23190.33333333333;2021-09-26T18:00:00+02:00
1293;23683.5;2021-09-26T19:00:00+02:00
1293;26173.5;2021-09-26T20:00:00+02:00
1293;27053.0;2021-09-26T21:00:00+02:00
1293;25391.83333333333;2021-09-26T22:00:00+02:00
1293;23851.66666666667;2021-09-26T23:00:00+02:00
1293;22749.0;2021-09-27T00:00:00+02:00
1293;21483.5;2021-09-27T01:00:00+02:00
1293;20891.83333333333;2021-09-27T02:00:00+02:00
1293;20595.16666666667;2021-09-27T03:00:00+02:00
1293;20572.5;2021-09-27T04:00:00+02:00
1293;21132.0;2021-09-27T05:00:00+02:00
1293;23406.33333333333;2021-09-27T06:00:00+02:00
1293;27033.16666666667;2021-09-27T07:00:00+02:00
1293;28327.66666666667;2021-09-27T08:00:00+02:00
1293;28865.16666666667;2021-09-27T09:00:00+02:00
1293;29186.0;2021-09-27T10:00:00+02:00
1293;29777.66666666667;2021-09-27T11:00:00+02:00
1293;30505.5;2021-09-27T12:00:00+02:00
1293;30887.16666666667;2021-09-27T13:00:00+02:00
1293;30600.66666666667;2021-09-27T14:00:00+02:00
1293;29726.5;2021-09-27T15:00:00+02:00
1293;29598.5;2021-09-27T16:00:00+02:00
1293;29566.5;2021-09-27T17:00:00+02:00
1293;29072.16666666667;2021-09-27T18:00:00+02:00
1293;28935.83333333333;2021-09-27T19:00:00+02:00
1293;30870.66666666667;2021-09-27T20:00:00+02:00
1293;30828.0;2021-09-27T21:00:00+02:00
1293;28163.0;2021-09-27T22:00:00+02:00
1293;25582.33333333333;2021-09-27T23:00:00+02:00
1293;24730.83333333333;2021-09-28T00:00:00+02:00
1293;23746.0;2021-09-28T01:00:00+02:00
1293;23040.0;2021-09-28T02:00:00+02:00
1293;22613.66666666667;2021-09-28T03:00:00+02:00
1293;22453.0;2021-09-28T04:00:00+02:00
1293;22746.5;2021-09-28T05:00:00+02:00
1293;24934.16666666667;2021-09-28T06:00:00+02:00
1293;27912.16666666667;2021-09-28T07:00:00+02:00
1293;29019.33333333333;2021-09-28T08:00:00+02:00
1293;29774.33333333333;2021-09-28T09:00:00+02:00
1293;30224.16666666667;2021-09-28T10:00:00+02:00
1293;30719.66666666667;2021-09-28T11:00:00+02:00
1293;31166.66666666667;2021-09-28T12:00:00+02:00
1293;31319.33333333333;2021-09-28T13:00:00+02:00
1293;30825.16666666667;2021-09-28T14:00:00+02:00
1293;30138.16666666667;2021-09-28T15:00:00+02:00
1293;29867.0;2021-09-28T16:00:00+02:00
1293;29875.66666666667;2021-09-28T17:00:00+02:00
1293;29282.33333333333;2021-09-28T18:00:00+02:00
1293;29440.33333333333;2021-09-28T19:00:00+02:00
1293;31243.16666666667;2021-09-28T20:00:00+02:00
1293;31001.0;2021-09-28T21:00:00+02:00
1293;28271.0;2021-09-28T22:00:00+02:00
1293;26087.5;2021-09-28T23:00:00+02:00
1293;25169.33333333333;2021-09-29T00:00:00+02:00
1293;24011.83333333333;2021-09-29T01:00:00+02:00
1293;23268.0;2021-09-29T02:00:00+02:00
1293;22818.0;2021-09-29T03:00:00+02:00
1293;22664.5;2021-09-29T04:00:00+02:00
1293;22983.16666666667;2021-09-29T05:00:00+02:00
1293;25150.33333333333;2021-09-29T06:00:00+02:00
1293;28257.16666666667;2021-09-29T07:00:00+02:00
1293;29396.0;2021-09-29T08:00:00+02:00
1293;29912.0;2021-09-29T09:00:00+02:00
1293;29958.0;2021-09-29T10:00:00+02:00
1293;30501.83333333333;2021-09-29T11:00:00+02:00
1293;31232.0;2021-09-29T12:00:00+02:00
1293;31382.5;2021-09-29T13:00:00+02:00
1293;30786.83333333333;2021-09-29T14:00:00+02:00
1293;30062.66666666667;2021-09-29T15:00:00+02:00
1293;29783.0;2021-09-29T16:00:00+02:00
1293;29560.33333333333;2021-09-29T17:00:00+02:00
1293;29040.5;2021-09-29T18:00:00+02:00
1293;29147.33333333333;2021-09-29T19:00:00+02:00
1293;31171.16666666667;2021-09-29T20:00:00+02:00
1293;30884.83333333333;2021-09-29T21:00:00+02:00
1293;28014.83333333333;2021-09-29T22:00:00+02:00
1293;25781.5;2021-09-29T23:00:00+02:00
1293;24768.16666666667;2021-09-30T00:00:00+02:00
1293;23664.66666666667;2021-09-30T01:00:00+02:00
1293;23041.0;2021-09-30T02:00:00+02:00
1293;22579.0;2021-09-30T03:00:00+02:00
1293;22305.16666666667;2021-09-30T04:00:00+02:00
1293;22750.5;2021-09-30T05:00:00+02:00
1293;24737.0;2021-09-30T06:00:00+02:00
1293;27660.0;2021-09-30T07:00:00+02:00
1293;28844.5;2021-09-30T08:00:00+02:00
1293;29467.0;2021-09-30T09:00:00+02:00
1293;29771.66666666667;2021-09-30T10:00:00+02:00
1293;30236.33333333333;2021-09-30T11:00:00+02:00
1293;30595.66666666667;2021-09-30T12:00:00+02:00
1293;30921.5;2021-09-30T13:00:00+02:00
1293;30458.0;2021-09-30T14:00:00+02:00
1293;29932.66666666667;2021-09-30T15:00:00+02:00
1293;29626.83333333333;2021-09-30T16:00:00+02:00
1293;29599.0;2021-09-30T17:00:00+02:00
1293;29014.66666666667;2021-09-30T18:00:00+02:00
1293;29066.16666666667;2021-09-30T19:00:00+02:00
1293;31033.16666666667;2021-09-30T20:00:00+02:00
1293;30829.16666666667;2021-09-30T21:00:00+02:00
1293;28229.66666666667;2021-09-30T22:00:00+02:00
1293;25931.33333333333;2021-09-30T23:00:00+02:00
1293;25144.16666666667;2021-10-01T00:00:00+02:00
1293;24100.5;2021-10-01T01:00:00+02:00
1293;23195.33333333333;2021-10-01T02:00:00+02:00
1293;22876.16666666667;2021-10-01T03:00:00+02:00
1293;22520.66666666667;2021-10-01T04:00:00+02:00
1293;22760.16666666667;2021-10-01T05:00:00+02:00
1293;24667.33333333333;2021-10-01T06:00:00+02:00
1293;27775.0;2021-10-01T07:00:00+02:00
1293;28947.33333333333;2021-10-01T08:00:00+02:00
1293;29513.16666666667;2021-10-01T09:00:00+02:00
1293;29904.66666666667;2021-10-01T10:00:00+02:00
1293;30240.33333333333;2021-10-01T11:00:00+02:00
1293;30698.16666666667;2021-10-01T12:00:00+02:00
1293;30933.16666666667;2021-10-01T13:00:00+02:00
1293;30304.66666666667;2021-10-01T14:00:00+02:00
1293;29409.83333333333;2021-10-01T15:00:00+02:00
1293;28986.83333333333;2021-10-01T16:00:00+02:00
1293;28773.33333333333;2021-10-01T17:00:00+02:00
1293;28364.33333333333;2021-10-01T18:00:00+02:00
1293;28337.5;2021-10-01T19:00:00+02:00
1293;29997.16666666667;2021-10-01T20:00:00+02:00
1293;29591.33333333333;2021-10-01T21:00:00+02:00
1293;27316.16666666667;2021-10-01T22:00:00+02:00
1293;25380.66666666667;2021-10-01T23:00:00+02:00
1293;24646.0;2021-10-02T00:00:00+02:00
1293;23517.33333333333;2021-10-02T01:00:00+02:00
1293;22356.66666666667;2021-10-02T02:00:00+02:00
1293;21755.33333333333;2021-10-02T03:00:00+02:00
1293;21374.5;2021-10-02T04:00:00+02:00
1293;21119.16666666667;2021-10-02T05:00:00+02:00
1293;21469.66666666667;2021-10-02T06:00:00+02:00
1293;22461.16666666667;2021-10-02T07:00:00+02:00
1293;23220.33333333333;2021-10-02T08:00:00+02:00
1293;24961.33333333333;2021-10-02T09:00:00+02:00
1293;26225.0;2021-10-02T10:00:00+02:00
1293;26520.83333333333;2021-10-02T11:00:00+02:00
1293;26772.83333333333;2021-10-02T12:00:00+02:00
1293;27036.0;2021-10-02T13:00:00+02:00
1293;26665.83333333333;2021-10-02T14:00:00+02:00
1293;25480.83333333333;2021-10-02T15:00:00+02:00
1293;24656.16666666667;2021-10-02T16:00:00+02:00
1293;24396.5;2021-10-02T17:00:00+02:00
1293;24501.5;2021-10-02T18:00:00+02:00
1293;25029.16666666667;2021-10-02T19:00:00+02:00
1293;27102.16666666667;2021-10-02T20:00:00+02:00
1293;27185.5;2021-10-02T21:00:00+02:00
1293;25428.83333333333;2021-10-02T22:00:00+02:00
1293;23808.33333333333;2021-10-02T23:00:00+02:00
1293;22630.0;2021-10-03T00:00:00+02:00
1293;21513.5;2021-10-03T01:00:00+02:00
1293;20422.5;2021-10-03T02:00:00+02:00
1293;19872.5;2021-10-03T03:00:00+02:00
1293;19687.33333333333;2021-10-03T04:00:00+02:00
1293;19683.83333333333;2021-10-03T05:00:00+02:00
1293;19847.5;2021-10-03T06:00:00+02:00
1293;20495.5;2021-10-03T07:00:00+02:00
1293;20664.33333333333;2021-10-03T08:00:00+02:00
1293;21879.66666666667;2021-10-03T09:00:00+02:00
1293;23475.16666666667;2021-10-03T10:00:00+02:00
1293;24540.33333333333;2021-10-03T11:00:00+02:00
1293;24957.0;2021-10-03T12:00:00+02:00
1293;25370.5;2021-10-03T13:00:00+02:00
1293;25240.66666666667;2021-10-03T14:00:00+02:00
1293;23551.66666666667;2021-10-03T15:00:00+02:00
1293;22651.66666666667;2021-10-03T16:00:00+02:00
1293;22560.16666666667;2021-10-03T17:00:00+02:00
1293;22598.83333333333;2021-10-03T18:00:00+02:00
1293;23402.16666666667;2021-10-03T19:00:00+02:00
1293;25889.5;2021-10-03T20:00:00+02:00
1293;26250.33333333333;2021-10-03T21:00:00+02:00
1293;24885.0;2021-10-03T22:00:00+02:00
1293;23178.66666666667;2021-10-03T23:00:00+02:00
1293;21942.5;2021-10-04T00:00:00+02:00
1293;20959.16666666667;2021-10-04T01:00:00+02:00
1293;20333.16666666667;2021-10-04T02:00:00+02:00
1293;19997.66666666667;2021-10-04T03:00:00+02:00
1293;20187.16666666667;2021-10-04T04:00:00+02:00
1293;20699.83333333333;2021-10-04T05:00:00+02:00
1293;22864.16666666667;2021-10-04T06:00:00+02:00
1293;26268.66666666667;2021-10-04T07:00:00+02:00
1293;27585.16666666667;2021-10-04T08:00:00+02:00
1293;28303.33333333333;2021-10-04T09:00:00+02:00
1293;28707.5;2021-10-04T10:00:00+02:00
1293;28924.16666666667;2021-10-04T11:00:00+02:00
1293;29114.16666666667;2021-10-04T12:00:00+02:00
1293;29135.66666666667;2021-10-04T13:00:00+02:00
1293;28687.33333333333;2021-10-04T14:00:00+02:00
1293;27889.33333333333;2021-10-04T15:00:00+02:00
1293;27507.5;2021-10-04T16:00:00+02:00
1293;27325.33333333333;2021-10-04T17:00:00+02:00
1293;26899.5;2021-10-04T18:00:00+02:00
1293;27260.5;2021-10-04T19:00:00+02:00
1293;29751.16666666667;2021-10-04T20:00:00+02:00
1293;29530.33333333333;2021-10-04T21:00:00+02:00
1293;26987.83333333333;2021-10-04T22:00:00+02:00
1293;24751.66666666667;2021-10-04T23:00:00+02:00
1293;23910.0;2021-10-05T00:00:00+02:00
1293;22950.5;2021-10-05T01:00:00+02:00
1293;22120.83333333333;2021-10-05T02:00:00+02:00
1293;21622.66666666667;2021-10-05T03:00:00+02:00
1293;21396.83333333333;2021-10-05T04:00:00+02:00
1293;21834.66666666667;2021-10-05T05:00:00+02:00
1293;23831.66666666667;2021-10-05T06:00:00+02:00
1293;27098.66666666667;2021-10-05T07:00:00+02:00
1293;28376.33333333333;2021-10-05T08:00:00+02:00
1293;28793.0;2021-10-05T09:00:00+02:00
1293;28816.66666666667;2021-10-05T10:00:00+02:00
1293;29148.83333333333;2021-10-05T11:00:00+02:00
1293;29659.16666666667;2021-10-05T12:00:00+02:00
1293;29956.5;2021-10-05T13:00:00+02:00
1293;29359.5;2021-10-05T14:00:00+02:00
1293;28682.0;2021-10-05T15:00:00+02:00
1293;28305.16666666667;2021-10-05T16:00:00+02:00
1293;28214.0;2021-10-05T17:00:00+02:00
1293;27848.33333333333;2021-10-05T18:00:00+02:00
1293;28419.83333333333;2021-10-05T19:00:00+02:00
1293;30762.5;2021-10-05T20:00:00+02:00
1293;30313.83333333333;2021-10-05T21:00:00+02:00
1293;27752.0;2021-10-05T22:00:00+02:00
1293;25379.83333333333;2021-10-05T23:00:00+02:00
1293;24455.66666666667;2021-10-06T00:00:00+02:00
1293;23392.5;2021-10-06T01:00:00+02:00
1293;22651.0;2021-10-06T02:00:00+02:00
1293;22269.66666666667;2021-10-06T03:00:00+02:00
1293;22271.5;2021-10-06T04:00:00+02:00
1293;22711.83333333333;2021-10-06T05:00:00+02:00
1293;24753.83333333333;2021-10-06T06:00:00+02:00
1293;27970.33333333333;2021-10-06T07:00:00+02:00
1293;29298.5;2021-10-06T08:00:00+02:00
1293;29621.83333333333;2021-10-06T09:00:00+02:00
1293;29926.33333333333;2021-10-06T10:00:00+02:00
1293;30177.66666666667;2021-10-06T11:00:00+02:00
1293;30581.5;2021-10-06T12:00:00+02:00
1293;30675.5;2021-10-06T13:00:00+02:00
1293;30181.83333333333;2021-10-06T14:00:00+02:00
1293;29341.0;2021-10-06T15:00:00+02:00
1293;28939.83333333333;2021-10-06T16:00:00+02:00
1293;28919.16666666667;2021-10-06T17:00:00+02:00
1293;28317.33333333333;2021-10-06T18:00:00+02:00
1293;28517.83333333333;2021-10-06T19:00:00+02:00
1293;30885.83333333333;2021-10-06T20:00:00+02:00
1293;30491.0;2021-10-06T21:00:00+02:00
1293;28024.33333333333;2021-10-06T22:00:00+02:00
1293;25641.66666666667;2021-10-06T23:00:00+02:00
1293;24633.33333333333;2021-10-07T00:00:00+02:00
1293;23528.66666666667;2021-10-07T01:00:00+02:00
1293;22721.66666666667;2021-10-07T02:00:00+02:00
1293;22344.83333333333;2021-10-07T03:00:00+02:00
1293;22294.0;2021-10-07T04:00:00+02:00
1293;22638.83333333333;2021-10-07T05:00:00+02:00
1293;24526.83333333333;2021-10-07T06:00:00+02:00
1293;27555.5;2021-10-07T07:00:00+02:00
1293;28674.66666666667;2021-10-07T08:00:00+02:00
1293;29158.66666666667;2021-10-07T09:00:00+02:00
1293;29473.0;2021-10-07T10:00:00+02:00
1293;29463.33333333333;2021-10-07T11:00:00+02:00
1293;29989.66666666667;2021-10-07T12:00:00+02:00
1293;30029.5;2021-10-07T13:00:00+02:00
1293;29665.66666666667;2021-10-07T14:00:00+02:00
1293;28781.83333333333;2021-10-07T15:00:00+02:00
1293;28589.83333333333;2021-10-07T16:00:00+02:00
1293;28550.33333333333;2021-10-07T17:00:00+02:00
1293;28157.5;2021-10-07T18:00:00+02:00
1293;28328.33333333333;2021-10-07T19:00:00+02:00
1293;30398.83333333333;2021-10-07T20:00:00+02:00
1293;30185.16666666667;2021-10-07T21:00:00+02:00
1293;27596.5;2021-10-07T22:00:00+02:00
1293;25432.83333333333;2021-10-07T23:00:00+02:00
1293;24618.5;2021-10-08T00:00:00+02:00
1293;23723.83333333333;2021-10-08T01:00:00+02:00
1293;22706.66666666667;2021-10-08T02:00:00+02:00
1293;22401.33333333333;2021-10-08T03:00:00+02:00
1293;22055.66666666667;2021-10-08T04:00:00+02:00
1293;22563.0;2021-10-08T05:00:00+02:00
1293;24303.83333333333;2021-10-08T06:00:00+02:00
1293;27473.83333333333;2021-10-08T07:00:00+02:00
1293;28546.5;2021-10-08T08:00:00+02:00
1293;28999.0;2021-10-08T09:00:00+02:00
1293;29151.83333333333;2021-10-08T10:00:00+02:00
1293;29582.5;2021-10-08T11:00:00+02:00
1293;29929.16666666667;2021-10-08T12:00:00+02:00
1293;30075.0;2021-10-08T13:00:00+02:00
1293;29489.66666666667;2021-10-08T14:00:00+02:00
1293;28718.16666666667;2021-10-08T15:00:00+02:00
1293;28309.83333333333;2021-10-08T16:00:00+02:00
1293;28135.5;2021-10-08T17:00:00+02:00
1293;27713.83333333333;2021-10-08T18:00:00+02:00
1293;28090.33333333333;2021-10-08T19:00:00+02:00
1293;29870.16666666667;2021-10-08T20:00:00+02:00
1293;29305.5;2021-10-08T21:00:00+02:00
1293;27111.83333333333;2021-10-08T22:00:00+02:00
1293;25190.83333333333;2021-10-08T23:00:00+02:00
1293;24256.83333333333;2021-10-09T00:00:00+02:00
1293;23290.16666666667;2021-10-09T01:00:00+02:00
1293;22092.5;2021-10-09T02:00:00+02:00
1293;21499.66666666667;2021-10-09T03:00:00+02:00
1293;21299.33333333333;2021-10-09T04:00:00+02:00
1293;21073.0;2021-10-09T05:00:00+02:00
1293;21199.33333333333;2021-10-09T06:00:00+02:00
1293;22171.5;2021-10-09T07:00:00+02:00
1293;23052.16666666667;2021-10-09T08:00:00+02:00
1293;24657.33333333333;2021-10-09T09:00:00+02:00
1293;25893.66666666667;2021-10-09T10:00:00+02:00
1293;26214.66666666667;2021-10-09T11:00:00+02:00
1293;26373.16666666667;2021-10-09T12:00:00+02:00
1293;26429.5;2021-10-09T13:00:00+02:00
1293;26048.83333333333;2021-10-09T14:00:00+02:00
1293;24871.66666666667;2021-10-09T15:00:00+02:00
1293;24088.0;2021-10-09T16:00:00+02:00
1293;24017.5;2021-10-09T17:00:00+02:00
1293;23833.66666666667;2021-10-09T18:00:00+02:00
1293;24553.16666666667;2021-10-09T19:00:00+02:00
1293;26683.33333333333;2021-10-09T20:00:00+02:00
1293;26757.16666666667;2021-10-09T21:00:00+02:00
1293;25016.33333333333;2021-10-09T22:00:00+02:00
1293;23554.5;2021-10-09T23:00:00+02:00
1293;22207.66666666667;2021-10-10T00:00:00+02:00
1293;21062.16666666667;2021-10-10T01:00:00+02:00
1293;20191.5;2021-10-10T02:00:00+02:00
1293;19616.66666666667;2021-10-10T03:00:00+02:00
1293;19252.16666666667;2021-10-10T04:00:00+02:00
1293;19109.16666666667;2021-10-10T05:00:00+02:00
1293;19335.66666666667;2021-10-10T06:00:00+02:00
1293;19955.83333333333;2021-10-10T07:00:00+02:00
1293;20262.66666666667;2021-10-10T08:00:00+02:00
1293;21491.5;2021-10-10T09:00:00+02:00
1293;22928.0;2021-10-10T10:00:00+02:00
1293;23578.5;2021-10-10T11:00:00+02:00
1293;23652.16666666667;2021-10-10T12:00:00+02:00
1293;24030.33333333333;2021-10-10T13:00:00+02:00
1293;24111.0;2021-10-10T14:00:00+02:00
1293;22907.16666666667;2021-10-10T15:00:00+02:00
1293;22245.16666666667;2021-10-10T16:00:00+02:00
1293;22005.66666666667;2021-10-10T17:00:00+02:00
1293;22205.16666666667;2021-10-10T18:00:00+02:00
1293;23030.83333333333;2021-10-10T19:00:00+02:00
1293;25512.0;2021-10-10T20:00:00+02:00
1293;25702.0;2021-10-10T21:00:00+02:00
1293;24380.5;2021-10-10T22:00:00+02:00
1293;22859.83333333333;2021-10-10T23:00:00+02:00
1293;21402.5;2021-10-11T00:00:00+02:00
1293;20503.33333333333;2021-10-11T01:00:00+02:00
1293;19660.33333333333;2021-10-11T02:00:00+02:00
1293;19423.16666666667;2021-10-11T03:00:00+02:00
1293;19316.5;2021-10-11T04:00:00+02:00
1293;19668.16666666667;2021-10-11T05:00:00+02:00
1293;21292.5;2021-10-11T06:00:00+02:00
1293;23518.5;2021-10-11T07:00:00+02:00
1293;24656.33333333333;2021-10-11T08:00:00+02:00
1293;25477.0;2021-10-11T09:00:00+02:00
1293;26287.66666666667;2021-10-11T10:00:00+02:00
1293;26241.33333333333;2021-10-11T11:00:00+02:00
1293;26570.0;2021-10-11T12:00:00+02:00
1293;27069.33333333333;2021-10-11T13:00:00+02:00
1293;26889.16666666667;2021-10-11T14:00:00+02:00
1293;25854.33333333333;2021-10-11T15:00:00+02:00
1293;25370.5;2021-10-11T16:00:00+02:00
1293;25440.0;2021-10-11T17:00:00+02:00
1293;25227.0;2021-10-11T18:00:00+02:00
1293;25732.16666666667;2021-10-11T19:00:00+02:00
1293;27615.83333333333;2021-10-11T20:00:00+02:00
1293;27184.33333333333;2021-10-11T21:00:00+02:00
1293;25262.16666666667;2021-10-11T22:00:00+02:00
1293;23304.5;2021-10-11T23:00:00+02:00
1293;22499.33333333333;2021-10-12T00:00:00+02:00
1293;21436.16666666667;2021-10-12T01:00:00+02:00
1293;20483.66666666667;2021-10-12T02:00:00+02:00
1293;20038.66666666667;2021-10-12T03:00:00+02:00
1293;19683.16666666667;2021-10-12T04:00:00+02:00
1293;19724.0;2021-10-12T05:00:00+02:00
1293;19982.5;2021-10-12T06:00:00+02:00
1293;20669.0;2021-10-12T07:00:00+02:00
1293;20842.5;2021-10-12T08:00:00+02:00
1293;21912.33333333333;2021-10-12T09:00:00+02:00
1293;23169.33333333333;2021-10-12T10:00:00+02:00
1293;23776.33333333333;2021-10-12T11:00:00+02:00
1293;24072.0;2021-10-12T12:00:00+02:00
1293;24434.16666666667;2021-10-12T13:00:00+02:00
1293;24443.83333333333;2021-10-12T14:00:00+02:00
1293;23142.83333333333;2021-10-12T15:00:00+02:00
1293;22658.16666666667;2021-10-12T16:00:00+02:00
1293;22489.66666666667;2021-10-12T17:00:00+02:00
1293;22636.83333333333;2021-10-12T18:00:00+02:00
1293;23664.66666666667;2021-10-12T19:00:00+02:00
1293;26357.83333333333;2021-10-12T20:00:00+02:00
1293;26365.33333333333;2021-10-12T21:00:00+02:00
1293;25027.16666666667;2021-10-12T22:00:00+02:00
1293;23320.16666666667;2021-10-12T23:00:00+02:00
1293;22405.16666666667;2021-10-13T00:00:00+02:00
1293;21548.5;2021-10-13T01:00:00+02:00
1293;20743.5;2021-10-13T02:00:00+02:00
1293;20146.0;2021-10-13T03:00:00+02:00
1293;20099.5;2021-10-13T04:00:00+02:00
1293;20718.83333333333;2021-10-13T05:00:00+02:00
1293;23189.33333333333;2021-10-13T06:00:00+02:00
1293;26688.66666666667;2021-10-13T07:00:00+02:00
1293;28271.16666666667;2021-10-13T08:00:00+02:00
1293;28819.66666666667;2021-10-13T09:00:00+02:00
1293;28957.33333333333;2021-10-13T10:00:00+02:00
1293;29132.66666666667;2021-10-13T11:00:00+02:00
1293;29476.66666666667;2021-10-13T12:00:00+02:00
1293;29727.0;2021-10-13T13:00:00+02:00
1293;29068.33333333333;2021-10-13T14:00:00+02:00
1293;28485.66666666667;2021-10-13T15:00:00+02:00
1293;28159.66666666667;2021-10-13T16:00:00+02:00
1293;28079.16666666667;2021-10-13T17:00:00+02:00
1293;27637.0;2021-10-13T18:00:00+02:00
1293;28374.16666666667;2021-10-13T19:00:00+02:00
1293;30699.83333333333;2021-10-13T20:00:00+02:00
1293;30153.33333333333;2021-10-13T21:00:00+02:00
1293;27352.33333333333;2021-10-13T22:00:00+02:00
1293;25135.66666666667;2021-10-13T23:00:00+02:00
1293;24028.5;2021-10-14T00:00:00+02:00
1293;22980.16666666667;2021-10-14T01:00:00+02:00
1293;22053.33333333333;2021-10-14T02:00:00+02:00
1293;21751.5;2021-10-14T03:00:00+02:00
1293;21718.5;2021-10-14T04:00:00+02:00
1293;22064.83333333333;2021-10-14T05:00:00+02:00
1293;24071.5;2021-10-14T06:00:00+02:00
1293;27355.33333333333;2021-10-14T07:00:00+02:00
1293;28881.0;2021-10-14T08:00:00+02:00
1293;29006.83333333333;2021-10-14T09:00:00+02:00
1293;28627.83333333333;2021-10-14T10:00:00+02:00
1293;28409.5;2021-10-14T11:00:00+02:00
1293;28775.83333333333;2021-10-14T12:00:00+02:00
1293;29106.16666666667;2021-10-14T13:00:00+02:00
1293;28633.33333333333;2021-10-14T14:00:00+02:00
1293;27823.83333333333;2021-10-14T15:00:00+02:00
1293;27798.66666666667;2021-10-14T16:00:00+02:00
1293;27603.66666666667;2021-10-14T17:00:00+02:00
1293;27699.66666666667;2021-10-14T18:00:00+02:00
1293;28640.83333333333;2021-10-14T19:00:00+02:00
1293;30754.16666666667;2021-10-14T20:00:00+02:00
1293;30229.5;2021-10-14T21:00:00+02:00
1293;27601.33333333333;2021-10-14T22:00:00+02:00
1293;25386.16666666667;2021-10-14T23:00:00+02:00
1293;24357.5;2021-10-15T00:00:00+02:00
1293;23268.83333333333;2021-10-15T01:00:00+02:00
1293;22484.16666666667;2021-10-15T02:00:00+02:00
1293;22076.33333333333;2021-10-15T03:00:00+02:00
1293;21821.66666666667;2021-10-15T04:00:00+02:00
1293;22149.0;2021-10-15T05:00:00+02:00
1293;24317.5;2021-10-15T06:00:00+02:00
1293;27536.83333333333;2021-10-15T07:00:00+02:00
1293;28980.0;2021-10-15T08:00:00+02:00
1293;29419.0;2021-10-15T09:00:00+02:00
1293;29634.33333333333;2021-10-15T10:00:00+02:00
1293;29905.33333333333;2021-10-15T11:00:00+02:00
1293;30188.5;2021-10-15T12:00:00+02:00
1293;30211.16666666667;2021-10-15T13:00:00+02:00
1293;29770.33333333333;2021-10-15T14:00:00+02:00
1293;28858.5;2021-10-15T15:00:00+02:00
1293;28415.5;2021-10-15T16:00:00+02:00
1293;28103.66666666667;2021-10-15T17:00:00+02:00
1293;27740.83333333333;2021-10-15T18:00:00+02:00
1293;28396.66666666667;2021-10-15T19:00:00+02:00
1293;30052.0;2021-10-15T20:00:00+02:00
1293;29287.66666666667;2021-10-15T21:00:00+02:00
1293;27129.83333333333;2021-10-15T22:00:00+02:00
1293;24970.5;2021-10-15T23:00:00+02:00
1293;24102.33333333333;2021-10-16T00:00:00+02:00
1293;22987.0;2021-10-16T01:00:00+02:00
1293;21951.5;2021-10-16T02:00:00+02:00
1293;21426.5;2021-10-16T03:00:00+02:00
1293;21054.16666666667;2021-10-16T04:00:00+02:00
1293;20752.33333333333;2021-10-16T05:00:00+02:00
1293;21341.16666666667;2021-10-16T06:00:00+02:00
1293;22465.5;2021-10-16T07:00:00+02:00
1293;23555.83333333333;2021-10-16T08:00:00+02:00
1293;25084.0;2021-10-16T09:00:00+02:00
1293;26477.83333333333;2021-10-16T10:00:00+02:00
1293;26880.5;2021-10-16T11:00:00+02:00
1293;26903.16666666667;2021-10-16T12:00:00+02:00
1293;27067.5;2021-10-16T13:00:00+02:00
1293;26674.5;2021-10-16T14:00:00+02:00
1293;25372.5;2021-10-16T15:00:00+02:00
1293;24339.66666666667;2021-10-16T16:00:00+02:00
1293;24129.5;2021-10-16T17:00:00+02:00
1293;24070.5;2021-10-16T18:00:00+02:00
1293;24955.66666666667;2021-10-16T19:00:00+02:00
1293;26902.16666666667;2021-10-16T20:00:00+02:00
1293;26701.0;2021-10-16T21:00:00+02:00
1293;25098.0;2021-10-16T22:00:00+02:00
1293;23484.83333333333;2021-10-16T23:00:00+02:00
1293;22303.0;2021-10-17T00:00:00+02:00
1293;21238.16666666667;2021-10-17T01:00:00+02:00
1293;20265.5;2021-10-17T02:00:00+02:00
1293;19646.83333333333;2021-10-17T03:00:00+02:00
1293;19389.16666666667;2021-10-17T04:00:00+02:00
1293;19266.66666666667;2021-10-17T05:00:00+02:00
1293;19409.5;2021-10-17T06:00:00+02:00
1293;20015.16666666667;2021-10-17T07:00:00+02:00
1293;20454.66666666667;2021-10-17T08:00:00+02:00
1293;21734.33333333333;2021-10-17T09:00:00+02:00
1293;23417.5;2021-10-17T10:00:00+02:00
1293;24141.66666666667;2021-10-17T11:00:00+02:00
1293;24520.66666666667;2021-10-17T12:00:00+02:00
1293;24923.5;2021-10-17T13:00:00+02:00
1293;25009.5;2021-10-17T14:00:00+02:00
1293;23578.16666666667;2021-10-17T15:00:00+02:00
1293;22850.83333333333;2021-10-17T16:00:00+02:00
1293;22641.33333333333;2021-10-17T17:00:00+02:00
1293;22733.66666666667;2021-10-17T18:00:00+02:00
1293;24110.0;2021-10-17T19:00:00+02:00
1293;26591.16666666667;2021-10-17T20:00:00+02:00
1293;26586.33333333333;2021-10-17T21:00:00+02:00
1293;25271.5;2021-10-17T22:00:00+02:00
1293;23714.0;2021-10-17T23:00:00+02:00
1293;22309.83333333333;2021-10-18T00:00:00+02:00
1293;21411.0;2021-10-18T01:00:00+02:00
1293;20572.33333333333;2021-10-18T02:00:00+02:00
1293;20293.66666666667;2021-10-18T03:00:00+02:00
1293;20428.83333333333;2021-10-18T04:00:00+02:00
1293;20840.66666666667;2021-10-18T05:00:00+02:00
1293;23508.66666666667;2021-10-18T06:00:00+02:00
1293;26979.16666666667;2021-10-18T07:00:00+02:00
1293;28723.0;2021-10-18T08:00:00+02:00
1293;29142.0;2021-10-18T09:00:00+02:00
1293;29575.5;2021-10-18T10:00:00+02:00
1293;29789.66666666667;2021-10-18T11:00:00+02:00
1293;30164.33333333333;2021-10-18T12:00:00+02:00
1293;30388.33333333333;2021-10-18T13:00:00+02:00
1293;29950.83333333333;2021-10-18T14:00:00+02:00
1293;29175.33333333333;2021-10-18T15:00:00+02:00
1293;28779.16666666667;2021-10-18T16:00:00+02:00
1293;28594.16666666667;2021-10-18T17:00:00+02:00
1293;28143.5;2021-10-18T18:00:00+02:00
1293;29098.16666666667;2021-10-18T19:00:00+02:00
1293;31142.0;2021-10-18T20:00:00+02:00
1293;30330.83333333333;2021-10-18T21:00:00+02:00
1293;27794.66666666667;2021-10-18T22:00:00+02:00
1293;25394.33333333333;2021-10-18T23:00:00+02:00
1293;24510.66666666667;2021-10-19T00:00:00+02:00
1293;23531.33333333333;2021-10-19T01:00:00+02:00
1293;22610.16666666667;2021-10-19T02:00:00+02:00
1293;22281.0;2021-10-19T03:00:00+02:00
1293;22193.33333333333;2021-10-19T04:00:00+02:00
1293;22540.16666666667;2021-10-19T05:00:00+02:00
1293;24750.0;2021-10-19T06:00:00+02:00
1293;27937.0;2021-10-19T07:00:00+02:00
1293;29401.83333333333;2021-10-19T08:00:00+02:00
1293;29658.83333333333;2021-10-19T09:00:00+02:00
1293;29964.16666666667;2021-10-19T10:00:00+02:00
1293;29999.16666666667;2021-10-19T11:00:00+02:00
1293;30216.16666666667;2021-10-19T12:00:00+02:00
1293;30302.0;2021-10-19T13:00:00+02:00
1293;29905.66666666667;2021-10-19T14:00:00+02:00
1293;29207.83333333333;2021-10-19T15:00:00+02:00
1293;28912.33333333333;2021-10-19T16:00:00+02:00
1293;28829.5;2021-10-19T17:00:00+02:00
1293;28346.16666666667;2021-10-19T18:00:00+02:00
1293;29046.16666666667;2021-10-19T19:00:00+02:00
1293;31011.5;2021-10-19T20:00:00+02:00
1293;30275.83333333333;2021-10-19T21:00:00+02:00
1293;27877.83333333333;2021-10-19T22:00:00+02:00
1293;25587.66666666667;2021-10-19T23:00:00+02:00
1293;24671.66666666667;2021-10-20T00:00:00+02:00
1293;23518.83333333333;2021-10-20T01:00:00+02:00
1293;22746.0;2021-10-20T02:00:00+02:00
1293;22372.66666666667;2021-10-20T03:00:00+02:00
1293;22127.5;2021-10-20T04:00:00+02:00
1293;22489.5;2021-10-20T05:00:00+02:00
1293;24584.0;2021-10-20T06:00:00+02:00
1293;27705.83333333333;2021-10-20T07:00:00+02:00
1293;29239.66666666667;2021-10-20T08:00:00+02:00
1293;29485.33333333333;2021-10-20T09:00:00+02:00
1293;29845.16666666667;2021-10-20T10:00:00+02:00
1293;30143.0;2021-10-20T11:00:00+02:00
1293;30389.66666666667;2021-10-20T12:00:00+02:00
1293;30434.33333333333;2021-10-20T13:00:00+02:00
1293;29956.16666666667;2021-10-20T14:00:00+02:00
1293;29177.16666666667;2021-10-20T15:00:00+02:00
1293;28890.0;2021-10-20T16:00:00+02:00
1293;28563.83333333333;2021-10-20T17:00:00+02:00
1293;28301.83333333333;2021-10-20T18:00:00+02:00
1293;29294.0;2021-10-20T19:00:00+02:00
1293;31082.66666666667;2021-10-20T20:00:00+02:00
1293;30303.16666666667;2021-10-20T21:00:00+02:00
1293;27662.0;2021-10-20T22:00:00+02:00
1293;25313.33333333333;2021-10-20T23:00:00+02:00
1293;24481.5;2021-10-21T00:00:00+02:00
1293;23361.16666666667;2021-10-21T01:00:00+02:00
1293;22493.83333333333;2021-10-21T02:00:00+02:00
1293;22170.83333333333;2021-10-21T03:00:00+02:00
1293;22005.16666666667;2021-10-21T04:00:00+02:00
1293;22288.0;2021-10-21T05:00:00+02:00
1293;24241.0;2021-10-21T06:00:00+02:00
1293;27574.16666666667;2021-10-21T07:00:00+02:00
1293;29353.16666666667;2021-10-21T08:00:00+02:00
1293;29517.5;2021-10-21T09:00:00+02:00
1293;29824.5;2021-10-21T10:00:00+02:00
1293;30045.0;2021-10-21T11:00:00+02:00
1293;30300.0;2021-10-21T12:00:00+02:00
1293;30329.16666666667;2021-10-21T13:00:00+02:00
1293;29741.33333333333;2021-10-21T14:00:00+02:00
1293;28971.83333333333;2021-10-21T15:00:00+02:00
1293;28551.33333333333;2021-10-21T16:00:00+02:00
1293;28379.83333333333;2021-10-21T17:00:00+02:00
1293;28049.83333333333;2021-10-21T18:00:00+02:00
1293;29077.0;2021-10-21T19:00:00+02:00
1293;30734.0;2021-10-21T20:00:00+02:00
1293;29987.5;2021-10-21T21:00:00+02:00
1293;27446.5;2021-10-21T22:00:00+02:00
1293;25311.16666666667;2021-10-21T23:00:00+02:00
1293;24308.83333333333;2021-10-22T00:00:00+02:00
1293;23206.16666666667;2021-10-22T01:00:00+02:00
1293;22307.33333333333;2021-10-22T02:00:00+02:00
1293;22123.16666666667;2021-10-22T03:00:00+02:00
1293;22066.5;2021-10-22T04:00:00+02:00
1293;22261.5;2021-10-22T05:00:00+02:00
1293;24494.83333333333;2021-10-22T06:00:00+02:00
1293;27714.16666666667;2021-10-22T07:00:00+02:00
1293;29189.33333333333;2021-10-22T08:00:00+02:00
1293;29516.33333333333;2021-10-22T09:00:00+02:00
1293;29789.83333333333;2021-10-22T10:00:00+02:00
1293;29870.0;2021-10-22T11:00:00+02:00
1293;30090.33333333333;2021-10-22T12:00:00+02:00
1293;30033.83333333333;2021-10-22T13:00:00+02:00
1293;29450.16666666667;2021-10-22T14:00:00+02:00
1293;28484.33333333333;2021-10-22T15:00:00+02:00
1293;27839.16666666667;2021-10-22T16:00:00+02:00
1293;27606.5;2021-10-22T17:00:00+02:00
1293;27217.83333333333;2021-10-22T18:00:00+02:00
1293;28197.33333333333;2021-10-22T19:00:00+02:00
1293;29707.16666666667;2021-10-22T20:00:00+02:00
1293;28963.83333333333;2021-10-22T21:00:00+02:00
1293;26519.66666666667;2021-10-22T22:00:00+02:00
1293;24730.0;2021-10-22T23:00:00+02:00
1293;23955.83333333333;2021-10-23T00:00:00+02:00
1293;22807.16666666667;2021-10-23T01:00:00+02:00
1293;21880.66666666667;2021-10-23T02:00:00+02:00
1293;21208.33333333333;2021-10-23T03:00:00+02:00
1293;20880.0;2021-10-23T04:00:00+02:00
1293;20795.16666666667;2021-10-23T05:00:00+02:00
1293;21086.0;2021-10-23T06:00:00+02:00
1293;22158.66666666667;2021-10-23T07:00:00+02:00
1293;23328.33333333333;2021-10-23T08:00:00+02:00
1293;24897.33333333333;2021-10-23T09:00:00+02:00
1293;26196.33333333333;2021-10-23T10:00:00+02:00
1293;26513.16666666667;2021-10-23T11:00:00+02:00
1293;26690.83333333333;2021-10-23T12:00:00+02:00
1293;26696.16666666667;2021-10-23T13:00:00+02:00
1293;26319.33333333333;2021-10-23T14:00:00+02:00
1293;25051.5;2021-10-23T15:00:00+02:00
1293;24242.16666666667;2021-10-23T16:00:00+02:00
1293;24093.83333333333;2021-10-23T17:00:00+02:00
1293;23741.16666666667;2021-10-23T18:00:00+02:00
1293;24995.16666666667;2021-10-23T19:00:00+02:00
1293;26825.0;2021-10-23T20:00:00+02:00
1293;26791.33333333333;2021-10-23T21:00:00+02:00
1293;25056.33333333333;2021-10-23T22:00:00+02:00
1293;23431.83333333333;2021-10-23T23:00:00+02:00
1293;22118.83333333333;2021-10-24T00:00:00+02:00
1293;20931.83333333333;2021-10-24T01:00:00+02:00
1293;19941.83333333333;2021-10-24T02:00:00+02:00
1293;19525.16666666667;2021-10-24T03:00:00+02:00
1293;19150.16666666667;2021-10-24T04:00:00+02:00
1293;18992.0;2021-10-24T05:00:00+02:00
1293;19251.0;2021-10-24T06:00:00+02:00
1293;19874.5;2021-10-24T07:00:00+02:00
1293;20430.66666666667;2021-10-24T08:00:00+02:00
1293;21669.0;2021-10-24T09:00:00+02:00
1293;23297.16666666667;2021-10-24T10:00:00+02:00
1293;23933.66666666667;2021-10-24T11:00:00+02:00
1293;24315.66666666667;2021-10-24T12:00:00+02:00
1293;24665.83333333333;2021-10-24T13:00:00+02:00
1293;24661.33333333333;2021-10-24T14:00:00+02:00
1293;23403.83333333333;2021-10-24T15:00:00+02:00
1293;22714.0;2021-10-24T16:00:00+02:00
1293;22436.83333333333;2021-10-24T17:00:00+02:00
1293;22517.83333333333;2021-10-24T18:00:00+02:00
1293;24260.0;2021-10-24T19:00:00+02:00
1293;26422.33333333333;2021-10-24T20:00:00+02:00
1293;26601.83333333333;2021-10-24T21:00:00+02:00
1293;25106.5;2021-10-24T22:00:00+02:00
1293;23416.66666666667;2021-10-24T23:00:00+02:00
1293;21963.16666666667;2021-10-25T00:00:00+02:00
1293;20982.66666666667;2021-10-25T01:00:00+02:00
1293;20279.33333333333;2021-10-25T02:00:00+02:00
1293;20054.0;2021-10-25T03:00:00+02:00
1293;20040.83333333333;2021-10-25T04:00:00+02:00
1293;20649.0;2021-10-25T05:00:00+02:00
1293;23182.5;2021-10-25T06:00:00+02:00
1293;26864.16666666667;2021-10-25T07:00:00+02:00
1293;29039.66666666667;2021-10-25T08:00:00+02:00
1293;29335.66666666667;2021-10-25T09:00:00+02:00
1293;29627.5;2021-10-25T10:00:00+02:00
1293;29576.0;2021-10-25T11:00:00+02:00
1293;29866.16666666667;2021-10-25T12:00:00+02:00
1293;30001.33333333333;2021-10-25T13:00:00+02:00
1293;29495.83333333333;2021-10-25T14:00:00+02:00
1293;28680.66666666667;2021-10-25T15:00:00+02:00
1293;28245.5;2021-10-25T16:00:00+02:00
1293;28069.83333333333;2021-10-25T17:00:00+02:00
1293;27823.66666666667;2021-10-25T18:00:00+02:00
1293;29280.16666666667;2021-10-25T19:00:00+02:00
1293;31217.0;2021-10-25T20:00:00+02:00
1293;30359.83333333333;2021-10-25T21:00:00+02:00
1293;27713.83333333333;2021-10-25T22:00:00+02:00
1293;25314.0;2021-10-25T23:00:00+02:00
1293;24318.66666666667;2021-10-26T00:00:00+02:00
1293;23169.66666666667;2021-10-26T01:00:00+02:00
1293;22328.5;2021-10-26T02:00:00+02:00
1293;21998.5;2021-10-26T03:00:00+02:00
1293;21808.33333333333;2021-10-26T04:00:00+02:00
1293;22278.66666666667;2021-10-26T05:00:00+02:00
1293;24375.5;2021-10-26T06:00:00+02:00
1293;27652.5;2021-10-26T07:00:00+02:00
1293;29720.83333333333;2021-10-26T08:00:00+02:00
1293;29934.16666666667;2021-10-26T09:00:00+02:00
1293;30190.0;2021-10-26T10:00:00+02:00
1293;30221.33333333333;2021-10-26T11:00:00+02:00
1293;30615.33333333333;2021-10-26T12:00:00+02:00
1293;30708.16666666667;2021-10-26T13:00:00+02:00
1293;30123.66666666667;2021-10-26T14:00:00+02:00
1293;29132.5;2021-10-26T15:00:00+02:00
1293;28617.83333333333;2021-10-26T16:00:00+02:00
1293;28264.5;2021-10-26T17:00:00+02:00
1293;27820.16666666667;2021-10-26T18:00:00+02:00
1293;29411.33333333333;2021-10-26T19:00:00+02:00
1293;31273.5;2021-10-26T20:00:00+02:00
1293;30617.83333333333;2021-10-26T21:00:00+02:00
1293;27991.5;2021-10-26T22:00:00+02:00
1293;25654.5;2021-10-26T23:00:00+02:00
1293;24476.0;2021-10-27T00:00:00+02:00
1293;23393.5;2021-10-27T01:00:00+02:00
1293;22479.5;2021-10-27T02:00:00+02:00
1293;21944.16666666667;2021-10-27T03:00:00+02:00
1293;22085.5;2021-10-27T04:00:00+02:00
1293;22364.33333333333;2021-10-27T05:00:00+02:00
1293;24533.5;2021-10-27T06:00:00+02:00
1293;27877.0;2021-10-27T07:00:00+02:00
1293;29663.16666666667;2021-10-27T08:00:00+02:00
1293;29912.0;2021-10-27T09:00:00+02:00
1293;30133.33333333333;2021-10-27T10:00:00+02:00
1293;30138.66666666667;2021-10-27T11:00:00+02:00
1293;30184.83333333333;2021-10-27T12:00:00+02:00
1293;30098.0;2021-10-27T13:00:00+02:00
1293;29604.5;2021-10-27T14:00:00+02:00
1293;28801.33333333333;2021-10-27T15:00:00+02:00
1293;28355.5;2021-10-27T16:00:00+02:00
1293;28274.33333333333;2021-10-27T17:00:00+02:00
1293;27881.83333333333;2021-10-27T18:00:00+02:00
1293;29433.33333333333;2021-10-27T19:00:00+02:00
1293;31253.33333333333;2021-10-27T20:00:00+02:00
1293;30496.5;2021-10-27T21:00:00+02:00
1293;27852.66666666667;2021-10-27T22:00:00+02:00
1293;25468.66666666667;2021-10-27T23:00:00+02:00
1293;24249.66666666667;2021-10-28T00:00:00+02:00
1293;22984.16666666667;2021-10-28T01:00:00+02:00
1293;22278.16666666667;2021-10-28T02:00:00+02:00
1293;21870.66666666667;2021-10-28T03:00:00+02:00
1293;21761.66666666667;2021-10-28T04:00:00+02:00
1293;22100.33333333333;2021-10-28T05:00:00+02:00
1293;24149.83333333333;2021-10-28T06:00:00+02:00
1293;27737.66666666667;2021-10-28T07:00:00+02:00
1293;29855.0;2021-10-28T08:00:00+02:00
1293;29974.16666666667;2021-10-28T09:00:00+02:00
1293;30044.83333333333;2021-10-28T10:00:00+02:00
1293;29896.83333333333;2021-10-28T11:00:00+02:00
1293;29954.83333333333;2021-10-28T12:00:00+02:00
1293;29737.33333333333;2021-10-28T13:00:00+02:00
1293;29228.5;2021-10-28T14:00:00+02:00
1293;28556.0;2021-10-28T15:00:00+02:00
1293;28521.33333333333;2021-10-28T16:00:00+02:00
1293;28313.5;2021-10-28T17:00:00+02:00
1293;28294.5;2021-10-28T18:00:00+02:00
1293;30089.33333333333;2021-10-28T19:00:00+02:00
1293;31673.5;2021-10-28T20:00:00+02:00
1293;30996.0;2021-10-28T21:00:00+02:00
1293;28284.5;2021-10-28T22:00:00+02:00
1293;26041.0;2021-10-28T23:00:00+02:00
1293;24835.16666666667;2021-10-29T00:00:00+02:00
1293;23506.83333333333;2021-10-29T01:00:00+02:00
1293;22682.5;2021-10-29T02:00:00+02:00
1293;22205.0;2021-10-29T03:00:00+02:00
1293;22111.5;2021-10-29T04:00:00+02:00
1293;22485.0;2021-10-29T05:00:00+02:00
1293;24473.0;2021-10-29T06:00:00+02:00
1293;27817.0;2021-10-29T07:00:00+02:00
1293;29775.66666666667;2021-10-29T08:00:00+02:00
1293;29973.0;2021-10-29T09:00:00+02:00
1293;30385.66666666667;2021-10-29T10:00:00+02:00
1293;30570.0;2021-10-29T11:00:00+02:00
1293;30820.5;2021-10-29T12:00:00+02:00
1293;30743.83333333333;2021-10-29T13:00:00+02:00
1293;30153.66666666667;2021-10-29T14:00:00+02:00
1293;29187.5;2021-10-29T15:00:00+02:00
1293;28703.66666666667;2021-10-29T16:00:00+02:00
1293;28368.33333333333;2021-10-29T17:00:00+02:00
1293;28210.66666666667;2021-10-29T18:00:00+02:00
1293;29626.83333333333;2021-10-29T19:00:00+02:00
1293;30556.5;2021-10-29T20:00:00+02:00
1293;29880.66666666667;2021-10-29T21:00:00+02:00
1293;27664.66666666667;2021-10-29T22:00:00+02:00
1293;25556.66666666667;2021-10-29T23:00:00+02:00
1293;24461.66666666667;2021-10-30T00:00:00+02:00
1293;23402.5;2021-10-30T01:00:00+02:00
1293;22322.33333333333;2021-10-30T02:00:00+02:00
1293;21846.33333333333;2021-10-30T03:00:00+02:00
1293;21373.5;2021-10-30T04:00:00+02:00
1293;21272.33333333333;2021-10-30T05:00:00+02:00
1293;21795.33333333333;2021-10-30T06:00:00+02:00
1293;22963.5;2021-10-30T07:00:00+02:00
1293;24339.33333333333;2021-10-30T08:00:00+02:00
1293;25674.33333333333;2021-10-30T09:00:00+02:00
1293;27253.5;2021-10-30T10:00:00+02:00
1293;27577.5;2021-10-30T11:00:00+02:00
1293;27784.16666666667;2021-10-30T12:00:00+02:00
1293;27989.0;2021-10-30T13:00:00+02:00
1293;27374.33333333333;2021-10-30T14:00:00+02:00
1293;25775.83333333333;2021-10-30T15:00:00+02:00
1293;24934.0;2021-10-30T16:00:00+02:00
1293;24499.0;2021-10-30T17:00:00+02:00
1293;24509.33333333333;2021-10-30T18:00:00+02:00
1293;25829.16666666667;2021-10-30T19:00:00+02:00
1293;27173.16666666667;2021-10-30T20:00:00+02:00
1293;27183.33333333333;2021-10-30T21:00:00+02:00
1293;25576.83333333333;2021-10-30T22:00:00+02:00
1293;23946.33333333333;2021-10-30T23:00:00+02:00
1293;22547.0;2021-10-31T00:00:00+02:00
1293;21265.0;2021-10-31T01:00:00+02:00
1293;20321.333;2021-10-31T02:00:00+02:00
1293;19827.83333333333;2021-10-31T02:00:00+01:00
1293;19493.66666666667;2021-10-31T03:00:00+01:00
1293;19117.83333333333;2021-10-31T04:00:00+01:00
1293;19261.5;2021-10-31T05:00:00+01:00
1293;19644.33333333333;2021-10-31T06:00:00+01:00
1293;20292.16666666667;2021-10-31T07:00:00+01:00
1293;21148.83333333333;2021-10-31T08:00:00+01:00
1293;22850.66666666667;2021-10-31T09:00:00+01:00
1293;24023.66666666667;2021-10-31T10:00:00+01:00
1293;24447.0;2021-10-31T11:00:00+01:00
1293;24684.16666666667;2021-10-31T12:00:00+01:00
1293;25196.33333333333;2021-10-31T13:00:00+01:00
1293;24981.16666666667;2021-10-31T14:00:00+01:00
1293;23728.66666666667;2021-10-31T15:00:00+01:00
1293;23117.16666666667;2021-10-31T16:00:00+01:00
1293;23125.66666666667;2021-10-31T17:00:00+01:00
1293;24430.16666666667;2021-10-31T18:00:00+01:00
1293;25283.33333333333;2021-10-31T19:00:00+01:00
1293;25518.33333333333;2021-10-31T20:00:00+01:00
1293;25309.0;2021-10-31T21:00:00+01:00
1293;24204.5;2021-10-31T22:00:00+01:00
1293;22760.0;2021-10-31T23:00:00+01:00
1293;21708.66666666667;2021-11-01T00:00:00+01:00
1293;20611.16666666667;2021-11-01T01:00:00+01:00
1293;19822.66666666667;2021-11-01T02:00:00+01:00
1293;19167.0;2021-11-01T03:00:00+01:00
1293;19152.0;2021-11-01T04:00:00+01:00
1293;19250.83333333333;2021-11-01T05:00:00+01:00
1293;19596.33333333333;2021-11-01T06:00:00+01:00
1293;20133.5;2021-11-01T07:00:00+01:00
1293;20828.16666666667;2021-11-01T08:00:00+01:00
1293;22530.16666666667;2021-11-01T09:00:00+01:00
1293;23840.0;2021-11-01T10:00:00+01:00
1293;24290.5;2021-11-01T11:00:00+01:00
1293;24532.66666666667;2021-11-01T12:00:00+01:00
1293;24984.33333333333;2021-11-01T13:00:00+01:00
1293;25007.0;2021-11-01T14:00:00+01:00
1293;23656.5;2021-11-01T15:00:00+01:00
1293;23086.66666666667;2021-11-01T16:00:00+01:00
1293;22994.16666666667;2021-11-01T17:00:00+01:00
1293;24641.16666666667;2021-11-01T18:00:00+01:00
1293;26146.5;2021-11-01T19:00:00+01:00
1293;26583.83333333333;2021-11-01T20:00:00+01:00
1293;26180.0;2021-11-01T21:00:00+01:00
1293;24537.33333333333;2021-11-01T22:00:00+01:00
1293;22970.0;2021-11-01T23:00:00+01:00
1293;21786.33333333333;2021-11-02T00:00:00+01:00
1293;20588.66666666667;2021-11-02T01:00:00+01:00
1293;19956.83333333333;2021-11-02T02:00:00+01:00
1293;19822.5;2021-11-02T03:00:00+01:00
1293;20020.83333333333;2021-11-02T04:00:00+01:00
1293;20732.33333333333;2021-11-02T05:00:00+01:00
1293;23205.5;2021-11-02T06:00:00+01:00
1293;26525.5;2021-11-02T07:00:00+01:00
1293;28344.33333333333;2021-11-02T08:00:00+01:00
1293;29027.66666666667;2021-11-02T09:00:00+01:00
1293;29274.83333333333;2021-11-02T10:00:00+01:00
1293;29381.0;2021-11-02T11:00:00+01:00
1293;29728.16666666667;2021-11-02T12:00:00+01:00
1293;30113.16666666667;2021-11-02T13:00:00+01:00
1293;29648.16666666667;2021-11-02T14:00:00+01:00
1293;29139.5;2021-11-02T15:00:00+01:00
1293;28685.5;2021-11-02T16:00:00+01:00
1293;28798.66666666667;2021-11-02T17:00:00+01:00
1293;29989.66666666667;2021-11-02T18:00:00+01:00
1293;31067.66666666667;2021-11-02T19:00:00+01:00
1293;31310.5;2021-11-02T20:00:00+01:00
1293;30264.16666666667;2021-11-02T21:00:00+01:00
1293;27630.5;2021-11-02T22:00:00+01:00
1293;25369.5;2021-11-02T23:00:00+01:00
1293;24233.33333333333;2021-11-03T00:00:00+01:00
1293;23087.0;2021-11-03T01:00:00+01:00
1293;22228.0;2021-11-03T02:00:00+01:00
1293;21906.5;2021-11-03T03:00:00+01:00
1293;21847.5;2021-11-03T04:00:00+01:00
1293;22264.16666666667;2021-11-03T05:00:00+01:00
1293;24262.66666666667;2021-11-03T06:00:00+01:00
1293;27622.66666666667;2021-11-03T07:00:00+01:00
1293;29122.33333333333;2021-11-03T08:00:00+01:00
1293;29864.0;2021-11-03T09:00:00+01:00
1293;30147.16666666667;2021-11-03T10:00:00+01:00
1293;30234.83333333333;2021-11-03T11:00:00+01:00
1293;30643.66666666667;2021-11-03T12:00:00+01:00
1293;30773.33333333333;2021-11-03T13:00:00+01:00
1293;30512.83333333333;2021-11-03T14:00:00+01:00
1293;29724.16666666667;2021-11-03T15:00:00+01:00
1293;29349.66666666667;2021-11-03T16:00:00+01:00
1293;29332.16666666667;2021-11-03T17:00:00+01:00
1293;30454.83333333333;2021-11-03T18:00:00+01:00
1293;31677.66666666667;2021-11-03T19:00:00+01:00
1293;32038.83333333333;2021-11-03T20:00:00+01:00
1293;31068.0;2021-11-03T21:00:00+01:00
1293;28221.5;2021-11-03T22:00:00+01:00
1293;25966.0;2021-11-03T23:00:00+01:00
1293;24621.33333333333;2021-11-04T00:00:00+01:00
1293;23538.16666666667;2021-11-04T01:00:00+01:00
1293;22732.0;2021-11-04T02:00:00+01:00
1293;22274.33333333333;2021-11-04T03:00:00+01:00
1293;22058.16666666667;2021-11-04T04:00:00+01:00
1293;22510.66666666667;2021-11-04T05:00:00+01:00
1293;24758.66666666667;2021-11-04T06:00:00+01:00
1293;28034.33333333333;2021-11-04T07:00:00+01:00
1293;29685.0;2021-11-04T08:00:00+01:00
1293;30376.0;2021-11-04T09:00:00+01:00
1293;30533.66666666667;2021-11-04T10:00:00+01:00
1293;30396.83333333333;2021-11-04T11:00:00+01:00
1293;30527.5;2021-11-04T12:00:00+01:00
1293;30762.66666666667;2021-11-04T13:00:00+01:00
1293;30426.33333333333;2021-11-04T14:00:00+01:00
1293;29780.0;2021-11-04T15:00:00+01:00
1293;29550.0;2021-11-04T16:00:00+01:00
1293;29487.0;2021-11-04T17:00:00+01:00
1293;30822.66666666667;2021-11-04T18:00:00+01:00
1293;32143.66666666667;2021-11-04T19:00:00+01:00
1293;32544.83333333333;2021-11-04T20:00:00+01:00
1293;31553.0;2021-11-04T21:00:00+01:00
1293;28732.83333333333;2021-11-04T22:00:00+01:00
1293;26141.66666666667;2021-11-04T23:00:00+01:00
1293;24953.0;2021-11-05T00:00:00+01:00
1293;23795.0;2021-11-05T01:00:00+01:00
1293;22851.33333333333;2021-11-05T02:00:00+01:00
1293;22461.83333333333;2021-11-05T03:00:00+01:00
1293;22378.16666666667;2021-11-05T04:00:00+01:00
1293;22903.16666666667;2021-11-05T05:00:00+01:00
1293;25214.33333333333;2021-11-05T06:00:00+01:00
1293;28713.5;2021-11-05T07:00:00+01:00
1293;30314.0;2021-11-05T08:00:00+01:00
1293;31164.83333333333;2021-11-05T09:00:00+01:00
1293;31111.33333333333;2021-11-05T10:00:00+01:00
1293;31193.5;2021-11-05T11:00:00+01:00
1293;31291.66666666667;2021-11-05T12:00:00+01:00
1293;31172.33333333333;2021-11-05T13:00:00+01:00
1293;30708.66666666667;2021-11-05T14:00:00+01:00
1293;29959.66666666667;2021-11-05T15:00:00+01:00
1293;29559.33333333333;2021-11-05T16:00:00+01:00
1293;29583.0;2021-11-05T17:00:00+01:00
1293;30920.83333333333;2021-11-05T18:00:00+01:00
1293;31895.5;2021-11-05T19:00:00+01:00
1293;31952.33333333333;2021-11-05T20:00:00+01:00
1293;31245.16666666667;2021-11-05T21:00:00+01:00
1293;28747.66666666667;2021-11-05T22:00:00+01:00
1293;26417.33333333333;2021-11-05T23:00:00+01:00
1293;25445.33333333333;2021-11-06T00:00:00+01:00
1293;23976.33333333333;2021-11-06T01:00:00+01:00
1293;22893.33333333333;2021-11-06T02:00:00+01:00
1293;22203.0;2021-11-06T03:00:00+01:00
1293;21885.83333333333;2021-11-06T04:00:00+01:00
1293;21788.33333333333;2021-11-06T05:00:00+01:00
1293;22366.33333333333;2021-11-06T06:00:00+01:00
1293;23339.66666666667;2021-11-06T07:00:00+01:00
1293;24706.5;2021-11-06T08:00:00+01:00
1293;26781.83333333333;2021-11-06T09:00:00+01:00
1293;27926.5;2021-11-06T10:00:00+01:00
1293;28029.83333333333;2021-11-06T11:00:00+01:00
1293;27916.66666666667;2021-11-06T12:00:00+01:00
1293;28037.16666666667;2021-11-06T13:00:00+01:00
1293;27787.66666666667;2021-11-06T14:00:00+01:00
1293;26750.16666666667;2021-11-06T15:00:00+01:00
1293;25980.5;2021-11-06T16:00:00+01:00
1293;25799.16666666667;2021-11-06T17:00:00+01:00
1293;27520.16666666667;2021-11-06T18:00:00+01:00
1293;28759.66666666667;2021-11-06T19:00:00+01:00
1293;29395.0;2021-11-06T20:00:00+01:00
1293;29343.66666666667;2021-11-06T21:00:00+01:00
1293;27518.83333333333;2021-11-06T22:00:00+01:00
1293;25553.16666666667;2021-11-06T23:00:00+01:00
1293;23793.0;2021-11-07T00:00:00+01:00
1293;22391.5;2021-11-07T01:00:00+01:00
1293;21327.33333333333;2021-11-07T02:00:00+01:00
1293;20660.16666666667;2021-11-07T03:00:00+01:00
1293;20468.33333333333;2021-11-07T04:00:00+01:00
1293;20430.83333333333;2021-11-07T05:00:00+01:00
1293;20977.5;2021-11-07T06:00:00+01:00
1293;21300.0;2021-11-07T07:00:00+01:00
1293;21768.83333333333;2021-11-07T08:00:00+01:00
1293;23704.83333333333;2021-11-07T09:00:00+01:00
1293;25263.33333333333;2021-11-07T10:00:00+01:00
1293;25785.66666666667;2021-11-07T11:00:00+01:00
1293;25962.16666666667;2021-11-07T12:00:00+01:00
1293;26306.0;2021-11-07T13:00:00+01:00
1293;26286.83333333333;2021-11-07T14:00:00+01:00
1293;25235.83333333333;2021-11-07T15:00:00+01:00
1293;24496.16666666667;2021-11-07T16:00:00+01:00
1293;24356.83333333333;2021-11-07T17:00:00+01:00
1293;26510.5;2021-11-07T18:00:00+01:00
1293;28142.66666666667;2021-11-07T19:00:00+01:00
1293;29144.0;2021-11-07T20:00:00+01:00
1293;29097.16666666667;2021-11-07T21:00:00+01:00
1293;27617.5;2021-11-07T22:00:00+01:00
1293;25413.33333333333;2021-11-07T23:00:00+01:00
1293;23616.5;2021-11-08T00:00:00+01:00
1293;22189.16666666667;2021-11-08T01:00:00+01:00
1293;21513.5;2021-11-08T02:00:00+01:00
1293;21244.16666666667;2021-11-08T03:00:00+01:00
1293;21057.33333333333;2021-11-08T04:00:00+01:00
1293;21919.83333333333;2021-11-08T05:00:00+01:00
1293;24746.5;2021-11-08T06:00:00+01:00
1293;28667.83333333333;2021-11-08T07:00:00+01:00
1293;30523.5;2021-11-08T08:00:00+01:00
1293;31237.16666666667;2021-11-08T09:00:00+01:00
1293;31417.0;2021-11-08T10:00:00+01:00
1293;31348.0;2021-11-08T11:00:00+01:00
1293;31478.0;2021-11-08T12:00:00+01:00
1293;31488.33333333333;2021-11-08T13:00:00+01:00
1293;31196.0;2021-11-08T14:00:00+01:00
1293;30565.0;2021-11-08T15:00:00+01:00
1293;30179.0;2021-11-08T16:00:00+01:00
1293;30018.33333333333;2021-11-08T17:00:00+01:00
1293;31692.33333333333;2021-11-08T18:00:00+01:00
1293;32926.5;2021-11-08T19:00:00+01:00
1293;33422.33333333334;2021-11-08T20:00:00+01:00
1293;32609.33333333333;2021-11-08T21:00:00+01:00
1293;29821.5;2021-11-08T22:00:00+01:00
1293;27182.0;2021-11-08T23:00:00+01:00
1293;25817.83333333333;2021-11-09T00:00:00+01:00
1293;24469.16666666667;2021-11-09T01:00:00+01:00
1293;23545.83333333333;2021-11-09T02:00:00+01:00
1293;22982.33333333333;2021-11-09T03:00:00+01:00
1293;22917.5;2021-11-09T04:00:00+01:00
1293;23467.66666666667;2021-11-09T05:00:00+01:00
1293;25762.83333333333;2021-11-09T06:00:00+01:00
1293;29132.83333333333;2021-11-09T07:00:00+01:00
1293;30724.66666666667;2021-11-09T08:00:00+01:00
1293;31215.66666666667;2021-11-09T09:00:00+01:00
1293;31208.33333333333;2021-11-09T10:00:00+01:00
1293;31064.5;2021-11-09T11:00:00+01:00
1293;30991.33333333333;2021-11-09T12:00:00+01:00
1293;31083.16666666667;2021-11-09T13:00:00+01:00
1293;30688.0;2021-11-09T14:00:00+01:00
1293;30187.5;2021-11-09T15:00:00+01:00
1293;30041.0;2021-11-09T16:00:00+01:00
1293;30238.16666666667;2021-11-09T17:00:00+01:00
1293;31700.5;2021-11-09T18:00:00+01:00
1293;32839.33333333334;2021-11-09T19:00:00+01:00
1293;33361.16666666667;2021-11-09T20:00:00+01:00
1293;32595.16666666667;2021-11-09T21:00:00+01:00
1293;29920.83333333333;2021-11-09T22:00:00+01:00
1293;27250.0;2021-11-09T23:00:00+01:00
1293;25815.0;2021-11-10T00:00:00+01:00
1293;24400.33333333333;2021-11-10T01:00:00+01:00
1293;23403.5;2021-11-10T02:00:00+01:00
1293;22964.16666666667;2021-11-10T03:00:00+01:00
1293;22872.83333333333;2021-11-10T04:00:00+01:00
1293;23501.5;2021-11-10T05:00:00+01:00
1293;25982.16666666667;2021-11-10T06:00:00+01:00
1293;29706.0;2021-11-10T07:00:00+01:00
1293;31409.33333333333;2021-11-10T08:00:00+01:00
1293;31907.16666666667;2021-11-10T09:00:00+01:00
1293;32168.66666666667;2021-11-10T10:00:00+01:00
1293;32117.66666666667;2021-11-10T11:00:00+01:00
1293;32087.83333333333;2021-11-10T12:00:00+01:00
1293;32281.83333333333;2021-11-10T13:00:00+01:00
1293;31810.33333333333;2021-11-10T14:00:00+01:00
1293;31135.83333333333;2021-11-10T15:00:00+01:00
1293;30687.83333333333;2021-11-10T16:00:00+01:00
1293;30702.66666666667;2021-11-10T17:00:00+01:00
1293;32071.0;2021-11-10T18:00:00+01:00
1293;33165.83333333334;2021-11-10T19:00:00+01:00
1293;33625.16666666667;2021-11-10T20:00:00+01:00
1293;32750.66666666667;2021-11-10T21:00:00+01:00
1293;30060.83333333333;2021-11-10T22:00:00+01:00
1293;27308.83333333333;2021-11-10T23:00:00+01:00
1293;25885.66666666667;2021-11-11T00:00:00+01:00
1293;24547.16666666667;2021-11-11T01:00:00+01:00
1293;23637.16666666667;2021-11-11T02:00:00+01:00
1293;23079.83333333333;2021-11-11T03:00:00+01:00
1293;23167.33333333333;2021-11-11T04:00:00+01:00
1293;23674.83333333333;2021-11-11T05:00:00+01:00
1293;26112.83333333333;2021-11-11T06:00:00+01:00
1293;29751.83333333333;2021-11-11T07:00:00+01:00
1293;31339.5;2021-11-11T08:00:00+01:00
1293;31934.16666666667;2021-11-11T09:00:00+01:00
1293;32189.5;2021-11-11T10:00:00+01:00
1293;32027.16666666667;2021-11-11T11:00:00+01:00
1293;32090.16666666667;2021-11-11T12:00:00+01:00
1293;32159.0;2021-11-11T13:00:00+01:00
1293;31736.66666666667;2021-11-11T14:00:00+01:00
1293;31097.66666666667;2021-11-11T15:00:00+01:00
1293;30823.33333333333;2021-11-11T16:00:00+01:00
1293;30843.83333333333;2021-11-11T17:00:00+01:00
1293;32295.5;2021-11-11T18:00:00+01:00
1293;33167.33333333334;2021-11-11T19:00:00+01:00
1293;33588.83333333334;2021-11-11T20:00:00+01:00
1293;32698.0;2021-11-11T21:00:00+01:00
1293;30028.5;2021-11-11T22:00:00+01:00
1293;27528.33333333333;2021-11-11T23:00:00+01:00
1293;26089.0;2021-11-12T00:00:00+01:00
1293;24812.0;2021-11-12T01:00:00+01:00
1293;23729.0;2021-11-12T02:00:00+01:00
1293;23357.33333333333;2021-11-12T03:00:00+01:00
1293;23247.83333333333;2021-11-12T04:00:00+01:00
1293;23878.66666666667;2021-11-12T05:00:00+01:00
1293;26225.5;2021-11-12T06:00:00+01:00
1293;29820.16666666667;2021-11-12T07:00:00+01:00
1293;31265.0;2021-11-12T08:00:00+01:00
1293;31897.5;2021-11-12T09:00:00+01:00
1293;32164.0;2021-11-12T10:00:00+01:00
1293;32092.5;2021-11-12T11:00:00+01:00
1293;31992.5;2021-11-12T12:00:00+01:00
1293;31863.5;2021-11-12T13:00:00+01:00
1293;31252.16666666667;2021-11-12T14:00:00+01:00
1293;30585.5;2021-11-12T15:00:00+01:00
1293;30285.5;2021-11-12T16:00:00+01:00
1293;30238.0;2021-11-12T17:00:00+01:00
1293;31522.66666666667;2021-11-12T18:00:00+01:00
1293;32206.0;2021-11-12T19:00:00+01:00
1293;32364.66666666667;2021-11-12T20:00:00+01:00
1293;31744.5;2021-11-12T21:00:00+01:00
1293;29528.5;2021-11-12T22:00:00+01:00
1293;27069.83333333333;2021-11-12T23:00:00+01:00
1293;25943.83333333333;2021-11-13T00:00:00+01:00
1293;24331.83333333333;2021-11-13T01:00:00+01:00
1293;23201.16666666667;2021-11-13T02:00:00+01:00
1293;22431.16666666667;2021-11-13T03:00:00+01:00
1293;22164.0;2021-11-13T04:00:00+01:00
1293;21997.33333333333;2021-11-13T05:00:00+01:00
1293;22462.66666666667;2021-11-13T06:00:00+01:00
1293;23570.66666666667;2021-11-13T07:00:00+01:00
1293;24638.5;2021-11-13T08:00:00+01:00
1293;26758.83333333333;2021-11-13T09:00:00+01:00
1293;27952.66666666667;2021-11-13T10:00:00+01:00
1293;27914.83333333333;2021-11-13T11:00:00+01:00
1293;27784.16666666667;2021-11-13T12:00:00+01:00
1293;27789.0;2021-11-13T13:00:00+01:00
1293;27402.5;2021-11-13T14:00:00+01:00
1293;26211.5;2021-11-13T15:00:00+01:00
1293;25585.5;2021-11-13T16:00:00+01:00
1293;25605.33333333333;2021-11-13T17:00:00+01:00
1293;27574.16666666667;2021-11-13T18:00:00+01:00
1293;28414.33333333333;2021-11-13T19:00:00+01:00
1293;29173.66666666667;2021-11-13T20:00:00+01:00
1293;29075.83333333333;2021-11-13T21:00:00+01:00
1293;27243.66666666667;2021-11-13T22:00:00+01:00
1293;25279.33333333333;2021-11-13T23:00:00+01:00
1293;23823.66666666667;2021-11-14T00:00:00+01:00
1293;22501.0;2021-11-14T01:00:00+01:00
1293;21237.5;2021-11-14T02:00:00+01:00
1293;20693.0;2021-11-14T03:00:00+01:00
1293;20366.0;2021-11-14T04:00:00+01:00
1293;20444.33333333333;2021-11-14T05:00:00+01:00
1293;20848.83333333333;2021-11-14T06:00:00+01:00
1293;21124.5;2021-11-14T07:00:00+01:00
1293;21565.16666666667;2021-11-14T08:00:00+01:00
1293;23230.5;2021-11-14T09:00:00+01:00
1293;24654.0;2021-11-14T10:00:00+01:00
1293;25109.83333333333;2021-11-14T11:00:00+01:00
1293;25247.33333333333;2021-11-14T12:00:00+01:00
1293;25755.16666666667;2021-11-14T13:00:00+01:00
1293;25828.83333333333;2021-11-14T14:00:00+01:00
1293;24790.16666666667;2021-11-14T15:00:00+01:00
1293;24164.66666666667;2021-11-14T16:00:00+01:00
1293;24134.5;2021-11-14T17:00:00+01:00
1293;26533.66666666667;2021-11-14T18:00:00+01:00
1293;28025.33333333333;2021-11-14T19:00:00+01:00
1293;29153.66666666667;2021-11-14T20:00:00+01:00
1293;29136.0;2021-11-14T21:00:00+01:00
1293;27504.66666666667;2021-11-14T22:00:00+01:00
1293;25328.0;2021-11-14T23:00:00+01:00
1293;23724.66666666667;2021-11-15T00:00:00+01:00
1293;22273.5;2021-11-15T01:00:00+01:00
1293;21732.16666666667;2021-11-15T02:00:00+01:00
1293;21318.16666666667;2021-11-15T03:00:00+01:00
1293;21318.66666666667;2021-11-15T04:00:00+01:00
1293;21845.5;2021-11-15T05:00:00+01:00
1293;24696.83333333333;2021-11-15T06:00:00+01:00
1293;28990.66666666667;2021-11-15T07:00:00+01:00
1293;30763.83333333333;2021-11-15T08:00:00+01:00
1293;31377.16666666667;2021-11-15T09:00:00+01:00
1293;31609.16666666667;2021-11-15T10:00:00+01:00
1293;31497.66666666667;2021-11-15T11:00:00+01:00
1293;31660.16666666667;2021-11-15T12:00:00+01:00
1293;31720.0;2021-11-15T13:00:00+01:00
1293;31440.16666666667;2021-11-15T14:00:00+01:00
1293;30913.16666666667;2021-11-15T15:00:00+01:00
1293;30658.16666666667;2021-11-15T16:00:00+01:00
1293;30537.83333333333;2021-11-15T17:00:00+01:00
1293;31678.0;2021-11-15T18:00:00+01:00
1293;33196.5;2021-11-15T19:00:00+01:00
1293;33620.66666666667;2021-11-15T20:00:00+01:00
1293;32866.33333333334;2021-11-15T21:00:00+01:00
1293;30163.66666666667;2021-11-15T22:00:00+01:00
1293;27327.83333333333;2021-11-15T23:00:00+01:00
1293;26054.66666666667;2021-11-16T00:00:00+01:00
1293;24714.5;2021-11-16T01:00:00+01:00
1293;23629.0;2021-11-16T02:00:00+01:00
1293;23300.83333333333;2021-11-16T03:00:00+01:00
1293;23110.66666666667;2021-11-16T04:00:00+01:00
1293;23577.83333333333;2021-11-16T05:00:00+01:00
1293;26103.16666666667;2021-11-16T06:00:00+01:00
1293;29874.33333333333;2021-11-16T07:00:00+01:00
1293;31547.0;2021-11-16T08:00:00+01:00
1293;32165.5;2021-11-16T09:00:00+01:00
1293;32456.66666666667;2021-11-16T10:00:00+01:00
1293;32415.33333333333;2021-11-16T11:00:00+01:00
1293;32292.33333333333;2021-11-16T12:00:00+01:00
1293;32474.33333333333;2021-11-16T13:00:00+01:00
1293;31937.5;2021-11-16T14:00:00+01:00
1293;31414.5;2021-11-16T15:00:00+01:00
1293;31043.66666666667;2021-11-16T16:00:00+01:00
1293;31317.33333333333;2021-11-16T17:00:00+01:00
1293;32911.0;2021-11-16T18:00:00+01:00
1293;33730.5;2021-11-16T19:00:00+01:00
1293;34301.66666666667;2021-11-16T20:00:00+01:00
1293;33226.66666666667;2021-11-16T21:00:00+01:00
1293;30432.33333333333;2021-11-16T22:00:00+01:00
1293;27574.66666666667;2021-11-16T23:00:00+01:00
1293;26130.66666666667;2021-11-17T00:00:00+01:00
1293;24839.33333333333;2021-11-17T01:00:00+01:00
1293;23692.83333333333;2021-11-17T02:00:00+01:00
1293;23000.33333333333;2021-11-17T03:00:00+01:00
1293;23142.0;2021-11-17T04:00:00+01:00
1293;23716.83333333333;2021-11-17T05:00:00+01:00
1293;26068.33333333333;2021-11-17T06:00:00+01:00
1293;30172.0;2021-11-17T07:00:00+01:00
1293;31983.83333333333;2021-11-17T08:00:00+01:00
1293;32190.66666666667;2021-11-17T09:00:00+01:00
1293;32225.33333333333;2021-11-17T10:00:00+01:00
1293;32112.33333333333;2021-11-17T11:00:00+01:00
1293;32064.66666666667;2021-11-17T12:00:00+01:00
1293;32259.16666666667;2021-11-17T13:00:00+01:00
1293;31722.33333333333;2021-11-17T14:00:00+01:00
1293;31535.0;2021-11-17T15:00:00+01:00
1293;30903.33333333333;2021-11-17T16:00:00+01:00
1293;31200.16666666667;2021-11-17T17:00:00+01:00
1293;33014.0;2021-11-17T18:00:00+01:00
1293;34011.5;2021-11-17T19:00:00+01:00
1293;34373.0;2021-11-17T20:00:00+01:00
1293;33432.5;2021-11-17T21:00:00+01:00
1293;30631.16666666667;2021-11-17T22:00:00+01:00
1293;27852.66666666667;2021-11-17T23:00:00+01:00
1293;26229.83333333333;2021-11-18T00:00:00+01:00
1293;24847.16666666667;2021-11-18T01:00:00+01:00
1293;23685.33333333333;2021-11-18T02:00:00+01:00
1293;23435.66666666667;2021-11-18T03:00:00+01:00
1293;23301.5;2021-11-18T04:00:00+01:00
1293;23911.0;2021-11-18T05:00:00+01:00
1293;26495.16666666667;2021-11-18T06:00:00+01:00
1293;30290.83333333333;2021-11-18T07:00:00+01:00
1293;31976.66666666667;2021-11-18T08:00:00+01:00
1293;32647.0;2021-11-18T09:00:00+01:00
1293;32948.33333333334;2021-11-18T10:00:00+01:00
1293;32887.5;2021-11-18T11:00:00+01:00
1293;32799.83333333334;2021-11-18T12:00:00+01:00
1293;32950.0;2021-11-18T13:00:00+01:00
1293;32364.0;2021-11-18T14:00:00+01:00
1293;31662.5;2021-11-18T15:00:00+01:00
1293;31286.16666666667;2021-11-18T16:00:00+01:00
1293;31696.0;2021-11-18T17:00:00+01:00
1293;33159.5;2021-11-18T18:00:00+01:00
1293;34028.66666666667;2021-11-18T19:00:00+01:00
1293;34430.16666666667;2021-11-18T20:00:00+01:00
1293;33346.16666666667;2021-11-18T21:00:00+01:00
1293;30633.33333333333;2021-11-18T22:00:00+01:00
1293;27820.16666666667;2021-11-18T23:00:00+01:00
1293;26536.16666666667;2021-11-19T00:00:00+01:00
1293;25108.83333333333;2021-11-19T01:00:00+01:00
1293;24032.16666666667;2021-11-19T02:00:00+01:00
1293;23604.66666666667;2021-11-19T03:00:00+01:00
1293;23501.66666666667;2021-11-19T04:00:00+01:00
1293;24139.0;2021-11-19T05:00:00+01:00
1293;26671.0;2021-11-19T06:00:00+01:00
1293;30802.0;2021-11-19T07:00:00+01:00
1293;32349.16666666667;2021-11-19T08:00:00+01:00
1293;33148.0;2021-11-19T09:00:00+01:00
1293;33278.0;2021-11-19T10:00:00+01:00
1293;33008.83333333334;2021-11-19T11:00:00+01:00
1293;32896.66666666667;2021-11-19T12:00:00+01:00
1293;32921.66666666667;2021-11-19T13:00:00+01:00
1293;32128.0;2021-11-19T14:00:00+01:00
1293;31340.16666666667;2021-11-19T15:00:00+01:00
1293;31088.33333333333;2021-11-19T16:00:00+01:00
1293;31250.0;2021-11-19T17:00:00+01:00
1293;32785.83333333334;2021-11-19T18:00:00+01:00
1293;33294.66666666667;2021-11-19T19:00:00+01:00
1293;33334.66666666667;2021-11-19T20:00:00+01:00
1293;32466.33333333333;2021-11-19T21:00:00+01:00
1293;29968.33333333333;2021-11-19T22:00:00+01:00
1293;27752.0;2021-11-19T23:00:00+01:00
1293;26348.33333333333;2021-11-20T00:00:00+01:00
1293;24820.83333333333;2021-11-20T01:00:00+01:00
1293;23548.66666666667;2021-11-20T02:00:00+01:00
1293;22738.0;2021-11-20T03:00:00+01:00
1293;22569.66666666667;2021-11-20T04:00:00+01:00
1293;22445.33333333333;2021-11-20T05:00:00+01:00
1293;22853.66666666667;2021-11-20T06:00:00+01:00
1293;24080.33333333333;2021-11-20T07:00:00+01:00
1293;25267.33333333333;2021-11-20T08:00:00+01:00
1293;27629.0;2021-11-20T09:00:00+01:00
1293;29205.16666666667;2021-11-20T10:00:00+01:00
1293;29601.0;2021-11-20T11:00:00+01:00
1293;29850.5;2021-11-20T12:00:00+01:00
1293;29951.16666666667;2021-11-20T13:00:00+01:00
1293;29746.0;2021-11-20T14:00:00+01:00
1293;28596.0;2021-11-20T15:00:00+01:00
1293;27674.66666666667;2021-11-20T16:00:00+01:00
1293;27609.83333333333;2021-11-20T17:00:00+01:00
1293;29132.5;2021-11-20T18:00:00+01:00
1293;29595.66666666667;2021-11-20T19:00:00+01:00
1293;29978.0;2021-11-20T20:00:00+01:00
1293;29660.5;2021-11-20T21:00:00+01:00
1293;27968.0;2021-11-20T22:00:00+01:00
1293;25945.5;2021-11-20T23:00:00+01:00
1293;24393.0;2021-11-21T00:00:00+01:00
1293;22890.33333333333;2021-11-21T01:00:00+01:00
1293;21619.0;2021-11-21T02:00:00+01:00
1293;21004.0;2021-11-21T03:00:00+01:00
1293;20624.33333333333;2021-11-21T04:00:00+01:00
1293;20527.5;2021-11-21T05:00:00+01:00
1293;20974.33333333333;2021-11-21T06:00:00+01:00
1293;21466.16666666667;2021-11-21T07:00:00+01:00
1293;21976.0;2021-11-21T08:00:00+01:00
1293;23793.33333333333;2021-11-21T09:00:00+01:00
1293;25510.16666666667;2021-11-21T10:00:00+01:00
1293;26310.5;2021-11-21T11:00:00+01:00
1293;26528.0;2021-11-21T12:00:00+01:00
1293;27020.83333333333;2021-11-21T13:00:00+01:00
1293;27197.0;2021-11-21T14:00:00+01:00
1293;25829.33333333333;2021-11-21T15:00:00+01:00
1293;25193.0;2021-11-21T16:00:00+01:00
1293;25429.16666666667;2021-11-21T17:00:00+01:00
1293;27329.66666666667;2021-11-21T18:00:00+01:00
1293;28439.83333333333;2021-11-21T19:00:00+01:00
1293;29436.16666666667;2021-11-21T20:00:00+01:00
1293;29292.0;2021-11-21T21:00:00+01:00
1293;27667.5;2021-11-21T22:00:00+01:00
1293;25598.66666666667;2021-11-21T23:00:00+01:00
1293;24006.83333333333;2021-11-22T00:00:00+01:00
1293;22606.66666666667;2021-11-22T01:00:00+01:00
1293;21760.16666666667;2021-11-22T02:00:00+01:00
1293;21322.5;2021-11-22T03:00:00+01:00
1293;21381.0;2021-11-22T04:00:00+01:00
1293;22170.83333333333;2021-11-22T05:00:00+01:00
1293;24854.66666666667;2021-11-22T06:00:00+01:00
1293;28892.66666666667;2021-11-22T07:00:00+01:00
1293;31247.0;2021-11-22T08:00:00+01:00
1293;32320.33333333333;2021-11-22T09:00:00+01:00
1293;32854.0;2021-11-22T10:00:00+01:00
1293;33038.5;2021-11-22T11:00:00+01:00
1293;33249.16666666667;2021-11-22T12:00:00+01:00
1293;33410.66666666667;2021-11-22T13:00:00+01:00
1293;33199.0;2021-11-22T14:00:00+01:00
1293;32673.5;2021-11-22T15:00:00+01:00
1293;32533.33333333333;2021-11-22T16:00:00+01:00
1293;32840.33333333334;2021-11-22T17:00:00+01:00
1293;33958.66666666667;2021-11-22T18:00:00+01:00
1293;34414.66666666667;2021-11-22T19:00:00+01:00
1293;34705.66666666667;2021-11-22T20:00:00+01:00
1293;33498.0;2021-11-22T21:00:00+01:00
1293;30470.16666666667;2021-11-22T22:00:00+01:00
1293;27702.66666666667;2021-11-22T23:00:00+01:00
1293;26252.33333333333;2021-11-23T00:00:00+01:00
1293;24902.5;2021-11-23T01:00:00+01:00
1293;23744.83333333333;2021-11-23T02:00:00+01:00
1293;23159.0;2021-11-23T03:00:00+01:00
1293;23156.0;2021-11-23T04:00:00+01:00
1293;23777.33333333333;2021-11-23T05:00:00+01:00
1293;26414.33333333333;2021-11-23T06:00:00+01:00
1293;30563.5;2021-11-23T07:00:00+01:00
1293;32356.83333333333;2021-11-23T08:00:00+01:00
1293;32880.5;2021-11-23T09:00:00+01:00
1293;33137.83333333334;2021-11-23T10:00:00+01:00
1293;33053.66666666667;2021-11-23T11:00:00+01:00
1293;33497.16666666667;2021-11-23T12:00:00+01:00
1293;34285.5;2021-11-23T13:00:00+01:00
1293;33953.16666666667;2021-11-23T14:00:00+01:00
1293;33467.66666666667;2021-11-23T15:00:00+01:00
1293;33270.16666666667;2021-11-23T16:00:00+01:00
1293;33479.5;2021-11-23T17:00:00+01:00
1293;34751.66666666667;2021-11-23T18:00:00+01:00
1293;35146.33333333334;2021-11-23T19:00:00+01:00
1293;35569.5;2021-11-23T20:00:00+01:00
1293;34253.16666666667;2021-11-23T21:00:00+01:00
1293;31379.83333333333;2021-11-23T22:00:00+01:00
1293;28496.0;2021-11-23T23:00:00+01:00
1293;26833.5;2021-11-24T00:00:00+01:00
1293;25282.0;2021-11-24T01:00:00+01:00
1293;24063.83333333333;2021-11-24T02:00:00+01:00
1293;23693.83333333333;2021-11-24T03:00:00+01:00
1293;23616.83333333333;2021-11-24T04:00:00+01:00
1293;24201.33333333333;2021-11-24T05:00:00+01:00
1293;26723.5;2021-11-24T06:00:00+01:00
1293;30921.33333333333;2021-11-24T07:00:00+01:00
1293;33155.0;2021-11-24T08:00:00+01:00
1293;34199.0;2021-11-24T09:00:00+01:00
1293;34726.66666666667;2021-11-24T10:00:00+01:00
1293;34833.5;2021-11-24T11:00:00+01:00
1293;34771.66666666667;2021-11-24T12:00:00+01:00
1293;34918.83333333334;2021-11-24T13:00:00+01:00
1293;34451.83333333334;2021-11-24T14:00:00+01:00
1293;33705.66666666667;2021-11-24T15:00:00+01:00
1293;33457.33333333334;2021-11-24T16:00:00+01:00
1293;33636.66666666667;2021-11-24T17:00:00+01:00
1293;34803.16666666667;2021-11-24T18:00:00+01:00
1293;35371.33333333334;2021-11-24T19:00:00+01:00
1293;35764.0;2021-11-24T20:00:00+01:00
1293;34774.5;2021-11-24T21:00:00+01:00
1293;31949.66666666667;2021-11-24T22:00:00+01:00
1293;28992.0;2021-11-24T23:00:00+01:00
1293;27145.83333333333;2021-11-25T00:00:00+01:00
1293;25411.66666666667;2021-11-25T01:00:00+01:00
1293;24222.33333333333;2021-11-25T02:00:00+01:00
1293;23678.66666666667;2021-11-25T03:00:00+01:00
1293;23703.33333333333;2021-11-25T04:00:00+01:00
1293;24469.0;2021-11-25T05:00:00+01:00
1293;26983.66666666667;2021-11-25T06:00:00+01:00
1293;30961.0;2021-11-25T07:00:00+01:00
1293;33139.83333333334;2021-11-25T08:00:00+01:00
1293;33800.0;2021-11-25T09:00:00+01:00
1293;34366.16666666667;2021-11-25T10:00:00+01:00
1293;34233.33333333334;2021-11-25T11:00:00+01:00
1293;34266.0;2021-11-25T12:00:00+01:00
1293;34412.0;2021-11-25T13:00:00+01:00
1293;34034.33333333334;2021-11-25T14:00:00+01:00
1293;33532.33333333334;2021-11-25T15:00:00+01:00
1293;33290.83333333334;2021-11-25T16:00:00+01:00
1293;33647.66666666667;2021-11-25T17:00:00+01:00
1293;35040.16666666667;2021-11-25T18:00:00+01:00
1293;35733.33333333334;2021-11-25T19:00:00+01:00
1293;35854.16666666667;2021-11-25T20:00:00+01:00
1293;34921.5;2021-11-25T21:00:00+01:00
1293;32174.33333333333;2021-11-25T22:00:00+01:00
1293;29044.33333333333;2021-11-25T23:00:00+01:00
1293;27383.5;2021-11-26T00:00:00+01:00
1293;25726.33333333333;2021-11-26T01:00:00+01:00
1293;24534.66666666667;2021-11-26T02:00:00+01:00
1293;24035.5;2021-11-26T03:00:00+01:00
1293;23823.33333333333;2021-11-26T04:00:00+01:00
1293;24526.33333333333;2021-11-26T05:00:00+01:00
1293;26971.66666666667;2021-11-26T06:00:00+01:00
1293;31331.16666666667;2021-11-26T07:00:00+01:00
1293;33444.0;2021-11-26T08:00:00+01:00
1293;34317.16666666667;2021-11-26T09:00:00+01:00
1293;34508.5;2021-11-26T10:00:00+01:00
1293;34393.83333333334;2021-11-26T11:00:00+01:00
1293;33931.83333333334;2021-11-26T12:00:00+01:00
1293;33891.66666666667;2021-11-26T13:00:00+01:00
1293;33527.33333333334;2021-11-26T14:00:00+01:00
1293;32969.83333333334;2021-11-26T15:00:00+01:00
1293;32693.0;2021-11-26T16:00:00+01:00
1293;32731.5;2021-11-26T17:00:00+01:00
1293;34354.83333333334;2021-11-26T18:00:00+01:00
1293;34754.0;2021-11-26T19:00:00+01:00
1293;34853.33333333334;2021-11-26T20:00:00+01:00
1293;34083.5;2021-11-26T21:00:00+01:00
1293;31629.5;2021-11-26T22:00:00+01:00
1293;29272.33333333333;2021-11-26T23:00:00+01:00
1293;27587.16666666667;2021-11-27T00:00:00+01:00
1293;25626.0;2021-11-27T01:00:00+01:00
1293;24341.16666666667;2021-11-27T02:00:00+01:00
1293;23534.16666666667;2021-11-27T03:00:00+01:00
1293;23124.0;2021-11-27T04:00:00+01:00
1293;23044.83333333333;2021-11-27T05:00:00+01:00
1293;23540.5;2021-11-27T06:00:00+01:00
1293;24897.66666666667;2021-11-27T07:00:00+01:00
1293;26137.83333333333;2021-11-27T08:00:00+01:00
1293;28607.16666666667;2021-11-27T09:00:00+01:00
1293;30357.0;2021-11-27T10:00:00+01:00
1293;30597.5;2021-11-27T11:00:00+01:00
1293;30583.83333333333;2021-11-27T12:00:00+01:00
1293;30977.16666666667;2021-11-27T13:00:00+01:00
1293;30879.66666666667;2021-11-27T14:00:00+01:00
1293;29868.66666666667;2021-11-27T15:00:00+01:00
1293;29353.5;2021-11-27T16:00:00+01:00
1293;29466.66666666667;2021-11-27T17:00:00+01:00
1293;31142.16666666667;2021-11-27T18:00:00+01:00
1293;31729.0;2021-11-27T19:00:00+01:00
1293;32308.33333333333;2021-11-27T20:00:00+01:00
1293;32147.83333333333;2021-11-27T21:00:00+01:00
1293;30245.16666666667;2021-11-27T22:00:00+01:00
1293;27984.66666666667;2021-11-27T23:00:00+01:00
1293;26003.5;2021-11-28T00:00:00+01:00
1293;24138.5;2021-11-28T01:00:00+01:00
1293;22810.83333333333;2021-11-28T02:00:00+01:00
1293;21943.0;2021-11-28T03:00:00+01:00
1293;21470.33333333333;2021-11-28T04:00:00+01:00
1293;21548.0;2021-11-28T05:00:00+01:00
1293;21858.5;2021-11-28T06:00:00+01:00
1293;22591.33333333333;2021-11-28T07:00:00+01:00
1293;23393.5;2021-11-28T08:00:00+01:00
1293;25557.66666666667;2021-11-28T09:00:00+01:00
1293;27565.16666666667;2021-11-28T10:00:00+01:00
1293;28535.66666666667;2021-11-28T11:00:00+01:00
1293;28995.33333333333;2021-11-28T12:00:00+01:00
1293;29687.66666666667;2021-11-28T13:00:00+01:00
1293;29941.66666666667;2021-11-28T14:00:00+01:00
1293;28773.16666666667;2021-11-28T15:00:00+01:00
1293;27996.0;2021-11-28T16:00:00+01:00
1293;28383.83333333333;2021-11-28T17:00:00+01:00
1293;30592.66666666667;2021-11-28T18:00:00+01:00
1293;31845.16666666667;2021-11-28T19:00:00+01:00
1293;32742.33333333333;2021-11-28T20:00:00+01:00
1293;32550.33333333333;2021-11-28T21:00:00+01:00
1293;30478.66666666667;2021-11-28T22:00:00+01:00
1293;27728.5;2021-11-28T23:00:00+01:00
1293;25552.16666666667;2021-11-29T00:00:00+01:00
1293;23844.83333333333;2021-11-29T01:00:00+01:00
1293;22748.83333333333;2021-11-29T02:00:00+01:00
1293;22419.83333333333;2021-11-29T03:00:00+01:00
1293;22282.0;2021-11-29T04:00:00+01:00
1293;23009.83333333333;2021-11-29T05:00:00+01:00
1293;25971.16666666667;2021-11-29T06:00:00+01:00
1293;30581.0;2021-11-29T07:00:00+01:00
1293;33175.0;2021-11-29T08:00:00+01:00
1293;34030.83333333334;2021-11-29T09:00:00+01:00
1293;34704.16666666667;2021-11-29T10:00:00+01:00
1293;34557.66666666667;2021-11-29T11:00:00+01:00
1293;34557.33333333334;2021-11-29T12:00:00+01:00
1293;34706.66666666667;2021-11-29T13:00:00+01:00
1293;34284.66666666667;2021-11-29T14:00:00+01:00
1293;33857.33333333334;2021-11-29T15:00:00+01:00
1293;33630.33333333334;2021-11-29T16:00:00+01:00
1293;33863.33333333334;2021-11-29T17:00:00+01:00
1293;35325.83333333334;2021-11-29T18:00:00+01:00
1293;35924.83333333334;2021-11-29T19:00:00+01:00
1293;36324.0;2021-11-29T20:00:00+01:00
1293;35494.83333333334;2021-11-29T21:00:00+01:00
1293;32739.33333333333;2021-11-29T22:00:00+01:00
1293;29608.83333333333;2021-11-29T23:00:00+01:00
1293;27624.33333333333;2021-11-30T00:00:00+01:00
1293;25915.5;2021-11-30T01:00:00+01:00
1293;24718.83333333333;2021-11-30T02:00:00+01:00
1293;24315.5;2021-11-30T03:00:00+01:00
1293;24232.0;2021-11-30T04:00:00+01:00
1293;24778.33333333333;2021-11-30T05:00:00+01:00
1293;27473.33333333333;2021-11-30T06:00:00+01:00
1293;31762.5;2021-11-30T07:00:00+01:00
1293;34142.0;2021-11-30T08:00:00+01:00
1293;34760.83333333334;2021-11-30T09:00:00+01:00
1293;35020.33333333334;2021-11-30T10:00:00+01:00
1293;34617.33333333334;2021-11-30T11:00:00+01:00
1293;34352.5;2021-11-30T12:00:00+01:00
1293;34254.16666666667;2021-11-30T13:00:00+01:00
1293;33632.0;2021-11-30T14:00:00+01:00
1293;33155.83333333334;2021-11-30T15:00:00+01:00
1293;32748.83333333333;2021-11-30T16:00:00+01:00
1293;33190.0;2021-11-30T17:00:00+01:00
1293;34967.83333333334;2021-11-30T18:00:00+01:00
1293;35699.83333333334;2021-11-30T19:00:00+01:00
1293;36216.5;2021-11-30T20:00:00+01:00
1293;35435.83333333334;2021-11-30T21:00:00+01:00
1293;32607.66666666667;2021-11-30T22:00:00+01:00
1293;29424.5;2021-11-30T23:00:00+01:00
1293;27543.0;2021-12-01T00:00:00+01:00
1293;25809.83333333333;2021-12-01T01:00:00+01:00
1293;24631.16666666667;2021-12-01T02:00:00+01:00
1293;23931.33333333333;2021-12-01T03:00:00+01:00
1293;23805.0;2021-12-01T04:00:00+01:00
1293;24580.16666666667;2021-12-01T05:00:00+01:00
1293;27058.83333333333;2021-12-01T06:00:00+01:00
1293;31783.33333333333;2021-12-01T07:00:00+01:00
1293;34010.66666666667;2021-12-01T08:00:00+01:00
1293;34725.5;2021-12-01T09:00:00+01:00
1293;35062.83333333334;2021-12-01T10:00:00+01:00
1293;34652.5;2021-12-01T11:00:00+01:00
1293;34614.16666666667;2021-12-01T12:00:00+01:00
1293;34770.83333333334;2021-12-01T13:00:00+01:00
1293;34372.66666666667;2021-12-01T14:00:00+01:00
1293;33942.66666666667;2021-12-01T15:00:00+01:00
1293;33902.66666666667;2021-12-01T16:00:00+01:00
1293;34419.16666666667;2021-12-01T17:00:00+01:00
1293;35654.5;2021-12-01T18:00:00+01:00
1293;36194.16666666667;2021-12-01T19:00:00+01:00
1293;36371.66666666667;2021-12-01T20:00:00+01:00
1293;35441.0;2021-12-01T21:00:00+01:00
1293;32448.33333333333;2021-12-01T22:00:00+01:00
1293;29552.0;2021-12-01T23:00:00+01:00
1293;27734.5;2021-12-02T00:00:00+01:00
1293;25999.83333333333;2021-12-02T01:00:00+01:00
1293;24900.33333333333;2021-12-02T02:00:00+01:00
1293;24371.66666666667;2021-12-02T03:00:00+01:00
1293;24229.83333333333;2021-12-02T04:00:00+01:00
1293;24815.33333333333;2021-12-02T05:00:00+01:00
1293;27280.0;2021-12-02T06:00:00+01:00
1293;31536.66666666667;2021-12-02T07:00:00+01:00
1293;33581.0;2021-12-02T08:00:00+01:00
1293;34468.5;2021-12-02T09:00:00+01:00
1293;34504.0;2021-12-02T10:00:00+01:00
1293;34366.66666666667;2021-12-02T11:00:00+01:00
1293;34497.33333333334;2021-12-02T12:00:00+01:00
1293;34739.83333333334;2021-12-02T13:00:00+01:00
1293;34253.66666666667;2021-12-02T14:00:00+01:00
1293;33941.66666666667;2021-12-02T15:00:00+01:00
1293;33602.33333333334;2021-12-02T16:00:00+01:00
1293;34105.5;2021-12-02T17:00:00+01:00
1293;35645.33333333334;2021-12-02T18:00:00+01:00
1293;36408.33333333334;2021-12-02T19:00:00+01:00
1293;36826.33333333334;2021-12-02T20:00:00+01:00
1293;35775.16666666667;2021-12-02T21:00:00+01:00
1293;32977.0;2021-12-02T22:00:00+01:00
1293;30001.66666666667;2021-12-02T23:00:00+01:00
1293;28009.33333333333;2021-12-03T00:00:00+01:00
1293;26477.33333333333;2021-12-03T01:00:00+01:00
1293;25177.33333333333;2021-12-03T02:00:00+01:00
1293;24622.0;2021-12-03T03:00:00+01:00
1293;24611.66666666667;2021-12-03T04:00:00+01:00
1293;25193.83333333333;2021-12-03T05:00:00+01:00
1293;27665.5;2021-12-03T06:00:00+01:00
1293;31986.33333333333;2021-12-03T07:00:00+01:00
1293;34149.83333333334;2021-12-03T08:00:00+01:00
1293;34718.33333333334;2021-12-03T09:00:00+01:00
1293;34881.16666666667;2021-12-03T10:00:00+01:00
1293;34314.16666666667;2021-12-03T11:00:00+01:00
1293;34106.66666666667;2021-12-03T12:00:00+01:00
1293;34002.5;2021-12-03T13:00:00+01:00
1293;33470.5;2021-12-03T14:00:00+01:00
1293;32741.33333333333;2021-12-03T15:00:00+01:00
1293;32509.66666666667;2021-12-03T16:00:00+01:00
1293;33023.5;2021-12-03T17:00:00+01:00
1293;34691.16666666667;2021-12-03T18:00:00+01:00
1293;34992.66666666667;2021-12-03T19:00:00+01:00
1293;35142.0;2021-12-03T20:00:00+01:00
1293;34257.16666666667;2021-12-03T21:00:00+01:00
1293;31920.83333333333;2021-12-03T22:00:00+01:00
1293;29555.83333333333;2021-12-03T23:00:00+01:00
1293;28049.0;2021-12-04T00:00:00+01:00
1293;26139.66666666667;2021-12-04T01:00:00+01:00
1293;24673.66666666667;2021-12-04T02:00:00+01:00
1293;23818.66666666667;2021-12-04T03:00:00+01:00
1293;23433.5;2021-12-04T04:00:00+01:00
1293;23366.16666666667;2021-12-04T05:00:00+01:00
1293;24019.16666666667;2021-12-04T06:00:00+01:00
1293;25401.83333333333;2021-12-04T07:00:00+01:00
1293;26646.83333333333;2021-12-04T08:00:00+01:00
1293;28953.16666666667;2021-12-04T09:00:00+01:00
1293;30354.5;2021-12-04T10:00:00+01:00
1293;30327.0;2021-12-04T11:00:00+01:00
1293;30154.0;2021-12-04T12:00:00+01:00
1293;30225.33333333333;2021-12-04T13:00:00+01:00
1293;30130.5;2021-12-04T14:00:00+01:00
1293;29202.83333333333;2021-12-04T15:00:00+01:00
1293;28690.16666666667;2021-12-04T16:00:00+01:00
1293;28883.83333333333;2021-12-04T17:00:00+01:00
1293;30768.66666666667;2021-12-04T18:00:00+01:00
1293;31223.83333333333;2021-12-04T19:00:00+01:00
1293;31744.33333333333;2021-12-04T20:00:00+01:00
1293;31597.5;2021-12-04T21:00:00+01:00
1293;29761.83333333333;2021-12-04T22:00:00+01:00
1293;27543.66666666667;2021-12-04T23:00:00+01:00
1293;25556.0;2021-12-05T00:00:00+01:00
1293;23645.33333333333;2021-12-05T01:00:00+01:00
1293;22486.66666666667;2021-12-05T02:00:00+01:00
1293;21822.33333333333;2021-12-05T03:00:00+01:00
1293;21335.66666666667;2021-12-05T04:00:00+01:00
1293;21431.5;2021-12-05T05:00:00+01:00
1293;21862.16666666667;2021-12-05T06:00:00+01:00
1293;22748.16666666667;2021-12-05T07:00:00+01:00
1293;23399.5;2021-12-05T08:00:00+01:00
1293;25236.5;2021-12-05T09:00:00+01:00
1293;27016.0;2021-12-05T10:00:00+01:00
1293;27703.83333333333;2021-12-05T11:00:00+01:00
1293;27831.5;2021-12-05T12:00:00+01:00
1293;28207.5;2021-12-05T13:00:00+01:00
1293;28381.66666666667;2021-12-05T14:00:00+01:00
1293;27203.16666666667;2021-12-05T15:00:00+01:00
1293;26669.0;2021-12-05T16:00:00+01:00
1293;26940.33333333333;2021-12-05T17:00:00+01:00
1293;28884.0;2021-12-05T18:00:00+01:00
1293;29717.83333333333;2021-12-05T19:00:00+01:00
1293;30234.83333333333;2021-12-05T20:00:00+01:00
1293;30500.16666666667;2021-12-05T21:00:00+01:00
1293;29240.83333333333;2021-12-05T22:00:00+01:00
1293;27285.83333333333;2021-12-05T23:00:00+01:00
1293;25465.16666666667;2021-12-06T00:00:00+01:00
1293;23591.0;2021-12-06T01:00:00+01:00
1293;22331.0;2021-12-06T02:00:00+01:00
1293;21592.16666666667;2021-12-06T03:00:00+01:00
1293;21277.5;2021-12-06T04:00:00+01:00
1293;21495.5;2021-12-06T05:00:00+01:00
1293;22347.5;2021-12-06T06:00:00+01:00
1293;23483.33333333333;2021-12-06T07:00:00+01:00
1293;24420.0;2021-12-06T08:00:00+01:00
1293;26002.66666666667;2021-12-06T09:00:00+01:00
1293;27472.83333333333;2021-12-06T10:00:00+01:00
1293;27942.83333333333;2021-12-06T11:00:00+01:00
1293;27905.83333333333;2021-12-06T12:00:00+01:00
1293;28328.5;2021-12-06T13:00:00+01:00
1293;28415.83333333333;2021-12-06T14:00:00+01:00
1293;27601.0;2021-12-06T15:00:00+01:00
1293;26938.5;2021-12-06T16:00:00+01:00
1293;27309.16666666667;2021-12-06T17:00:00+01:00
1293;29388.16666666667;2021-12-06T18:00:00+01:00
1293;30199.33333333333;2021-12-06T19:00:00+01:00
1293;30989.5;2021-12-06T20:00:00+01:00
1293;31321.16666666667;2021-12-06T21:00:00+01:00
1293;30027.83333333333;2021-12-06T22:00:00+01:00
1293;27534.0;2021-12-06T23:00:00+01:00
1293;25646.33333333333;2021-12-07T00:00:00+01:00
1293;23899.0;2021-12-07T01:00:00+01:00
1293;22446.5;2021-12-07T02:00:00+01:00
1293;21835.5;2021-12-07T03:00:00+01:00
1293;21578.5;2021-12-07T04:00:00+01:00
1293;21815.5;2021-12-07T05:00:00+01:00
1293;23678.0;2021-12-07T06:00:00+01:00
1293;26285.0;2021-12-07T07:00:00+01:00
1293;28070.83333333333;2021-12-07T08:00:00+01:00
1293;29619.16666666667;2021-12-07T09:00:00+01:00
1293;30677.5;2021-12-07T10:00:00+01:00
1293;30676.66666666667;2021-12-07T11:00:00+01:00
1293;30604.0;2021-12-07T12:00:00+01:00
1293;31004.0;2021-12-07T13:00:00+01:00
1293;30863.66666666667;2021-12-07T14:00:00+01:00
1293;30075.0;2021-12-07T15:00:00+01:00
1293;29755.0;2021-12-07T16:00:00+01:00
1293;30176.0;2021-12-07T17:00:00+01:00
1293;31500.66666666667;2021-12-07T18:00:00+01:00
1293;32054.33333333333;2021-12-07T19:00:00+01:00
1293;32299.5;2021-12-07T20:00:00+01:00
1293;31683.16666666667;2021-12-07T21:00:00+01:00
1293;29686.33333333333;2021-12-07T22:00:00+01:00
1293;27209.83333333333;2021-12-07T23:00:00+01:00
1293;25672.5;2021-12-08T00:00:00+01:00
1293;24009.83333333333;2021-12-08T01:00:00+01:00
1293;22679.33333333333;2021-12-08T02:00:00+01:00
1293;21968.0;2021-12-08T03:00:00+01:00
1293;21572.5;2021-12-08T04:00:00+01:00
1293;21600.33333333333;2021-12-08T05:00:00+01:00
1293;22473.66666666667;2021-12-08T06:00:00+01:00
1293;23647.66666666667;2021-12-08T07:00:00+01:00
1293;24282.5;2021-12-08T08:00:00+01:00
1293;25963.0;2021-12-08T09:00:00+01:00
1293;27702.33333333333;2021-12-08T10:00:00+01:00
1293;28496.83333333333;2021-12-08T11:00:00+01:00
1293;28861.0;2021-12-08T12:00:00+01:00
1293;29578.66666666667;2021-12-08T13:00:00+01:00
1293;29663.83333333333;2021-12-08T14:00:00+01:00
1293;28469.66666666667;2021-12-08T15:00:00+01:00
1293;27793.5;2021-12-08T16:00:00+01:00
1293;28023.16666666667;2021-12-08T17:00:00+01:00
1293;30202.16666666667;2021-12-08T18:00:00+01:00
1293;31006.0;2021-12-08T19:00:00+01:00
1293;32081.0;2021-12-08T20:00:00+01:00
1293;31882.16666666667;2021-12-08T21:00:00+01:00
1293;29982.33333333333;2021-12-08T22:00:00+01:00
1293;27468.83333333333;2021-12-08T23:00:00+01:00
1293;25598.0;2021-12-09T00:00:00+01:00
1293;23911.0;2021-12-09T01:00:00+01:00
1293;22821.16666666667;2021-12-09T02:00:00+01:00
1293;22422.5;2021-12-09T03:00:00+01:00
1293;22296.5;2021-12-09T04:00:00+01:00
1293;23018.83333333333;2021-12-09T05:00:00+01:00
1293;26020.66666666667;2021-12-09T06:00:00+01:00
1293;30670.83333333333;2021-12-09T07:00:00+01:00
1293;33290.66666666667;2021-12-09T08:00:00+01:00
1293;34179.16666666667;2021-12-09T09:00:00+01:00
1293;34916.66666666667;2021-12-09T10:00:00+01:00
1293;34724.33333333334;2021-12-09T11:00:00+01:00
1293;34616.5;2021-12-09T12:00:00+01:00
1293;34724.83333333334;2021-12-09T13:00:00+01:00
1293;34159.16666666667;2021-12-09T14:00:00+01:00
1293;33916.0;2021-12-09T15:00:00+01:00
1293;33724.66666666667;2021-12-09T16:00:00+01:00
1293;34086.0;2021-12-09T17:00:00+01:00
1293;35443.0;2021-12-09T18:00:00+01:00
1293;35788.0;2021-12-09T19:00:00+01:00
1293;36027.16666666667;2021-12-09T20:00:00+01:00
1293;35005.66666666667;2021-12-09T21:00:00+01:00
1293;32225.16666666667;2021-12-09T22:00:00+01:00
1293;29158.33333333333;2021-12-09T23:00:00+01:00
1293;27196.33333333333;2021-12-10T00:00:00+01:00
1293;25401.83333333333;2021-12-10T01:00:00+01:00
1293;24140.83333333333;2021-12-10T02:00:00+01:00
1293;23616.16666666667;2021-12-10T03:00:00+01:00
1293;23388.5;2021-12-10T04:00:00+01:00
1293;23982.5;2021-12-10T05:00:00+01:00
1293;26599.83333333333;2021-12-10T06:00:00+01:00
1293;30835.33333333333;2021-12-10T07:00:00+01:00
1293;33094.33333333334;2021-12-10T08:00:00+01:00
1293;33692.83333333334;2021-12-10T09:00:00+01:00
1293;34318.16666666667;2021-12-10T10:00:00+01:00
1293;34113.0;2021-12-10T11:00:00+01:00
1293;34070.83333333334;2021-12-10T12:00:00+01:00
1293;34130.33333333334;2021-12-10T13:00:00+01:00
1293;33636.16666666667;2021-12-10T14:00:00+01:00
1293;33109.83333333334;2021-12-10T15:00:00+01:00
1293;32729.0;2021-12-10T16:00:00+01:00
1293;32987.16666666667;2021-12-10T17:00:00+01:00
1293;34279.0;2021-12-10T18:00:00+01:00
1293;34506.83333333334;2021-12-10T19:00:00+01:00
1293;34694.5;2021-12-10T20:00:00+01:00
1293;33803.0;2021-12-10T21:00:00+01:00
1293;31321.0;2021-12-10T22:00:00+01:00
1293;28813.5;2021-12-10T23:00:00+01:00
1293;27394.83333333333;2021-12-11T00:00:00+01:00
1293;25664.66666666667;2021-12-11T01:00:00+01:00
1293;24315.66666666667;2021-12-11T02:00:00+01:00
1293;23520.83333333333;2021-12-11T03:00:00+01:00
1293;23145.33333333333;2021-12-11T04:00:00+01:00
1293;23027.66666666667;2021-12-11T05:00:00+01:00
1293;23650.5;2021-12-11T06:00:00+01:00
1293;24946.66666666667;2021-12-11T07:00:00+01:00
1293;26189.5;2021-12-11T08:00:00+01:00
1293;28282.33333333333;2021-12-11T09:00:00+01:00
1293;29817.83333333333;2021-12-11T10:00:00+01:00
1293;29949.66666666667;2021-12-11T11:00:00+01:00
1293;29824.83333333333;2021-12-11T12:00:00+01:00
1293;29869.0;2021-12-11T13:00:00+01:00
1293;29572.16666666667;2021-12-11T14:00:00+01:00
1293;28504.0;2021-12-11T15:00:00+01:00
1293;27787.0;2021-12-11T16:00:00+01:00
1293;27926.16666666667;2021-12-11T17:00:00+01:00
1293;29819.16666666667;2021-12-11T18:00:00+01:00
1293;30557.0;2021-12-11T19:00:00+01:00
1293;30991.83333333333;2021-12-11T20:00:00+01:00
1293;30862.83333333333;2021-12-11T21:00:00+01:00
1293;29243.83333333333;2021-12-11T22:00:00+01:00
1293;27302.5;2021-12-11T23:00:00+01:00
1293;25645.16666666667;2021-12-12T00:00:00+01:00
1293;24046.33333333333;2021-12-12T01:00:00+01:00
1293;22687.0;2021-12-12T02:00:00+01:00
1293;21835.66666666667;2021-12-12T03:00:00+01:00
1293;21446.16666666667;2021-12-12T04:00:00+01:00
1293;21237.33333333333;2021-12-12T05:00:00+01:00
1293;21644.5;2021-12-12T06:00:00+01:00
1293;22428.5;2021-12-12T07:00:00+01:00
1293;23010.66666666667;2021-12-12T08:00:00+01:00
1293;24596.66666666667;2021-12-12T09:00:00+01:00
1293;26310.0;2021-12-12T10:00:00+01:00
1293;26707.83333333333;2021-12-12T11:00:00+01:00
1293;26845.16666666667;2021-12-12T12:00:00+01:00
1293;27262.16666666667;2021-12-12T13:00:00+01:00
1293;27474.0;2021-12-12T14:00:00+01:00
1293;26449.66666666667;2021-12-12T15:00:00+01:00
1293;25699.33333333333;2021-12-12T16:00:00+01:00
1293;25907.83333333333;2021-12-12T17:00:00+01:00
1293;28285.33333333333;2021-12-12T18:00:00+01:00
1293;29447.66666666667;2021-12-12T19:00:00+01:00
1293;30537.16666666667;2021-12-12T20:00:00+01:00
1293;30468.5;2021-12-12T21:00:00+01:00
1293;28991.16666666667;2021-12-12T22:00:00+01:00
1293;26644.83333333333;2021-12-12T23:00:00+01:00
1293;24774.0;2021-12-13T00:00:00+01:00
1293;23314.66666666667;2021-12-13T01:00:00+01:00
1293;22397.5;2021-12-13T02:00:00+01:00
1293;22090.16666666667;2021-12-13T03:00:00+01:00
1293;22122.0;2021-12-13T04:00:00+01:00
1293;22834.83333333333;2021-12-13T05:00:00+01:00
1293;25865.0;2021-12-13T06:00:00+01:00
1293;30448.66666666667;2021-12-13T07:00:00+01:00
1293;33075.83333333334;2021-12-13T08:00:00+01:00
1293;33648.83333333334;2021-12-13T09:00:00+01:00
1293;34000.16666666667;2021-12-13T10:00:00+01:00
1293;33799.33333333334;2021-12-13T11:00:00+01:00
1293;33605.0;2021-12-13T12:00:00+01:00
1293;33396.66666666667;2021-12-13T13:00:00+01:00
1293;32761.83333333333;2021-12-13T14:00:00+01:00
1293;32260.16666666667;2021-12-13T15:00:00+01:00
1293;32144.5;2021-12-13T16:00:00+01:00
1293;32561.0;2021-12-13T17:00:00+01:00
1293;34150.66666666667;2021-12-13T18:00:00+01:00
1293;34906.66666666667;2021-12-13T19:00:00+01:00
1293;35361.83333333334;2021-12-13T20:00:00+01:00
1293;34664.66666666667;2021-12-13T21:00:00+01:00
1293;31812.16666666667;2021-12-13T22:00:00+01:00
1293;28771.16666666667;2021-12-13T23:00:00+01:00
1293;27017.83333333333;2021-12-14T00:00:00+01:00
1293;25507.66666666667;2021-12-14T01:00:00+01:00
1293;24300.66666666667;2021-12-14T02:00:00+01:00
1293;23804.66666666667;2021-12-14T03:00:00+01:00
1293;23737.83333333333;2021-12-14T04:00:00+01:00
1293;24391.5;2021-12-14T05:00:00+01:00
1293;26968.0;2021-12-14T06:00:00+01:00
1293;31326.33333333333;2021-12-14T07:00:00+01:00
1293;34084.66666666667;2021-12-14T08:00:00+01:00
1293;34450.66666666667;2021-12-14T09:00:00+01:00
1293;34582.83333333334;2021-12-14T10:00:00+01:00
1293;34373.83333333334;2021-12-14T11:00:00+01:00
1293;34060.33333333334;2021-12-14T12:00:00+01:00
1293;33783.66666666667;2021-12-14T13:00:00+01:00
1293;33199.0;2021-12-14T14:00:00+01:00
1293;32809.16666666667;2021-12-14T15:00:00+01:00
1293;32548.83333333333;2021-12-14T16:00:00+01:00
1293;32923.16666666667;2021-12-14T17:00:00+01:00
1293;34617.33333333334;2021-12-14T18:00:00+01:00
1293;35436.16666666667;2021-12-14T19:00:00+01:00
1293;35854.16666666667;2021-12-14T20:00:00+01:00
1293;34981.83333333334;2021-12-14T21:00:00+01:00
1293;32150.16666666667;2021-12-14T22:00:00+01:00
1293;29122.0;2021-12-14T23:00:00+01:00
1293;27423.16666666667;2021-12-15T00:00:00+01:00
1293;25658.66666666667;2021-12-15T01:00:00+01:00
1293;24658.66666666667;2021-12-15T02:00:00+01:00
1293;24111.66666666667;2021-12-15T03:00:00+01:00
1293;23992.0;2021-12-15T04:00:00+01:00
1293;24630.33333333333;2021-12-15T05:00:00+01:00
1293;27176.0;2021-12-15T06:00:00+01:00
1293;31545.66666666667;2021-12-15T07:00:00+01:00
1293;34055.0;2021-12-15T08:00:00+01:00
1293;34409.66666666667;2021-12-15T09:00:00+01:00
1293;34684.0;2021-12-15T10:00:00+01:00
1293;34260.0;2021-12-15T11:00:00+01:00
1293;34032.66666666667;2021-12-15T12:00:00+01:00
1293;33949.83333333334;2021-12-15T13:00:00+01:00
1293;33384.33333333334;2021-12-15T14:00:00+01:00
1293;32832.83333333334;2021-12-15T15:00:00+01:00
1293;32535.5;2021-12-15T16:00:00+01:00
1293;33035.0;2021-12-15T17:00:00+01:00
1293;34689.5;2021-12-15T18:00:00+01:00
1293;35382.16666666667;2021-12-15T19:00:00+01:00
1293;35731.5;2021-12-15T20:00:00+01:00
1293;34873.83333333334;2021-12-15T21:00:00+01:00
1293;32048.33333333333;2021-12-15T22:00:00+01:00
1293;29115.0;2021-12-15T23:00:00+01:00
1293;27309.33333333333;2021-12-16T00:00:00+01:00
1293;25605.0;2021-12-16T01:00:00+01:00
1293;24433.83333333333;2021-12-16T02:00:00+01:00
1293;23926.0;2021-12-16T03:00:00+01:00
1293;23853.16666666667;2021-12-16T04:00:00+01:00
1293;24697.33333333333;2021-12-16T05:00:00+01:00
1293;27071.66666666667;2021-12-16T06:00:00+01:00
1293;31294.33333333333;2021-12-16T07:00:00+01:00
1293;33565.16666666667;2021-12-16T08:00:00+01:00
1293;34282.66666666667;2021-12-16T09:00:00+01:00
1293;34897.0;2021-12-16T10:00:00+01:00
1293;34658.33333333334;2021-12-16T11:00:00+01:00
1293;34423.5;2021-12-16T12:00:00+01:00
1293;34431.66666666667;2021-12-16T13:00:00+01:00
1293;33858.0;2021-12-16T14:00:00+01:00
1293;33428.0;2021-12-16T15:00:00+01:00
1293;33171.16666666667;2021-12-16T16:00:00+01:00
1293;33511.0;2021-12-16T17:00:00+01:00
1293;35005.83333333334;2021-12-16T18:00:00+01:00
1293;35701.16666666667;2021-12-16T19:00:00+01:00
1293;35823.33333333334;2021-12-16T20:00:00+01:00
1293;35028.0;2021-12-16T21:00:00+01:00
1293;32176.83333333333;2021-12-16T22:00:00+01:00
1293;29306.0;2021-12-16T23:00:00+01:00
1293;27555.33333333333;2021-12-17T00:00:00+01:00
1293;25838.33333333333;2021-12-17T01:00:00+01:00
1293;24717.5;2021-12-17T02:00:00+01:00
1293;24182.83333333333;2021-12-17T03:00:00+01:00
1293;23993.16666666667;2021-12-17T04:00:00+01:00
1293;24483.16666666667;2021-12-17T05:00:00+01:00
1293;27010.33333333333;2021-12-17T06:00:00+01:00
1293;31263.5;2021-12-17T07:00:00+01:00
1293;33811.16666666667;2021-12-17T08:00:00+01:00
1293;34519.66666666667;2021-12-17T09:00:00+01:00
1293;34995.0;2021-12-17T10:00:00+01:00
1293;34715.33333333334;2021-12-17T11:00:00+01:00
1293;34469.5;2021-12-17T12:00:00+01:00
1293;34251.0;2021-12-17T13:00:00+01:00
1293;33545.5;2021-12-17T14:00:00+01:00
1293;32776.66666666667;2021-12-17T15:00:00+01:00
1293;32349.33333333333;2021-12-17T16:00:00+01:00
1293;32665.33333333333;2021-12-17T17:00:00+01:00
1293;34232.83333333334;2021-12-17T18:00:00+01:00
1293;34566.0;2021-12-17T19:00:00+01:00
1293;34650.83333333334;2021-12-17T20:00:00+01:00
1293;33833.16666666667;2021-12-17T21:00:00+01:00
1293;31480.16666666667;2021-12-17T22:00:00+01:00
1293;28984.0;2021-12-17T23:00:00+01:00
1293;27483.66666666667;2021-12-18T00:00:00+01:00
1293;25818.66666666667;2021-12-18T01:00:00+01:00
1293;24351.0;2021-12-18T02:00:00+01:00
1293;23414.0;2021-12-18T03:00:00+01:00
1293;23022.16666666667;2021-12-18T04:00:00+01:00
1293;23022.33333333333;2021-12-18T05:00:00+01:00
1293;23589.5;2021-12-18T06:00:00+01:00
1293;25053.33333333333;2021-12-18T07:00:00+01:00
1293;26672.16666666667;2021-12-18T08:00:00+01:00
1293;28745.33333333333;2021-12-18T09:00:00+01:00
1293;30530.83333333333;2021-12-18T10:00:00+01:00
1293;30722.66666666667;2021-12-18T11:00:00+01:00
1293;30478.66666666667;2021-12-18T12:00:00+01:00
1293;30650.5;2021-12-18T13:00:00+01:00
1293;30316.16666666667;2021-12-18T14:00:00+01:00
1293;29562.83333333333;2021-12-18T15:00:00+01:00
1293;28835.5;2021-12-18T16:00:00+01:00
1293;29010.16666666667;2021-12-18T17:00:00+01:00
1293;30504.83333333333;2021-12-18T18:00:00+01:00
1293;30962.66666666667;2021-12-18T19:00:00+01:00
1293;31363.33333333333;2021-12-18T20:00:00+01:00
1293;31089.33333333333;2021-12-18T21:00:00+01:00
1293;29479.66666666667;2021-12-18T22:00:00+01:00
1293;27384.33333333333;2021-12-18T23:00:00+01:00
1293;25490.0;2021-12-19T00:00:00+01:00
1293;23777.83333333333;2021-12-19T01:00:00+01:00
1293;22369.83333333333;2021-12-19T02:00:00+01:00
1293;21721.0;2021-12-19T03:00:00+01:00
1293;21164.0;2021-12-19T04:00:00+01:00
1293;21185.5;2021-12-19T05:00:00+01:00
1293;21608.0;2021-12-19T06:00:00+01:00
1293;22344.16666666667;2021-12-19T07:00:00+01:00
1293;23113.66666666667;2021-12-19T08:00:00+01:00
1293;24890.16666666667;2021-12-19T09:00:00+01:00
1293;26966.33333333333;2021-12-19T10:00:00+01:00
1293;27571.0;2021-12-19T11:00:00+01:00
1293;27843.33333333333;2021-12-19T12:00:00+01:00
1293;28195.66666666667;2021-12-19T13:00:00+01:00
1293;28487.66666666667;2021-12-19T14:00:00+01:00
1293;27375.83333333333;2021-12-19T15:00:00+01:00
1293;26795.5;2021-12-19T16:00:00+01:00
1293;27013.16666666667;2021-12-19T17:00:00+01:00
1293;29062.5;2021-12-19T18:00:00+01:00
1293;30325.5;2021-12-19T19:00:00+01:00
1293;30994.0;2021-12-19T20:00:00+01:00
1293;31001.0;2021-12-19T21:00:00+01:00
1293;29409.5;2021-12-19T22:00:00+01:00
1293;27033.0;2021-12-19T23:00:00+01:00
1293;25069.5;2021-12-20T00:00:00+01:00
1293;23617.83333333333;2021-12-20T01:00:00+01:00
1293;22607.83333333333;2021-12-20T02:00:00+01:00
1293;22162.83333333333;2021-12-20T03:00:00+01:00
1293;22097.33333333333;2021-12-20T04:00:00+01:00
1293;22953.83333333333;2021-12-20T05:00:00+01:00
1293;25865.16666666667;2021-12-20T06:00:00+01:00
1293;30261.66666666667;2021-12-20T07:00:00+01:00
1293;33187.83333333334;2021-12-20T08:00:00+01:00
1293;34308.83333333334;2021-12-20T09:00:00+01:00
1293;34835.5;2021-12-20T10:00:00+01:00
1293;34608.16666666667;2021-12-20T11:00:00+01:00
1293;34609.5;2021-12-20T12:00:00+01:00
1293;34603.66666666667;2021-12-20T13:00:00+01:00
1293;34018.16666666667;2021-12-20T14:00:00+01:00
1293;33289.0;2021-12-20T15:00:00+01:00
1293;33067.5;2021-12-20T16:00:00+01:00
1293;33490.66666666667;2021-12-20T17:00:00+01:00
1293;34702.5;2021-12-20T18:00:00+01:00
1293;35324.66666666667;2021-12-20T19:00:00+01:00
1293;35672.83333333334;2021-12-20T20:00:00+01:00
1293;34866.33333333334;2021-12-20T21:00:00+01:00
1293;31934.16666666667;2021-12-20T22:00:00+01:00
1293;28960.16666666667;2021-12-20T23:00:00+01:00
1293;26969.66666666667;2021-12-21T00:00:00+01:00
1293;25324.83333333333;2021-12-21T01:00:00+01:00
1293;23950.0;2021-12-21T02:00:00+01:00
1293;23453.5;2021-12-21T03:00:00+01:00
1293;23436.33333333333;2021-12-21T04:00:00+01:00
1293;23916.0;2021-12-21T05:00:00+01:00
1293;26354.66666666667;2021-12-21T06:00:00+01:00
1293;30410.0;2021-12-21T07:00:00+01:00
1293;33128.33333333334;2021-12-21T08:00:00+01:00
1293;33929.66666666667;2021-12-21T09:00:00+01:00
1293;34510.5;2021-12-21T10:00:00+01:00
1293;34173.16666666667;2021-12-21T11:00:00+01:00
1293;33902.16666666667;2021-12-21T12:00:00+01:00
1293;33952.66666666667;2021-12-21T13:00:00+01:00
1293;33484.83333333334;2021-12-21T14:00:00+01:00
1293;32876.5;2021-12-21T15:00:00+01:00
1293;32557.5;2021-12-21T16:00:00+01:00
1293;32764.83333333333;2021-12-21T17:00:00+01:00
1293;33971.66666666667;2021-12-21T18:00:00+01:00
1293;34618.0;2021-12-21T19:00:00+01:00
1293;34983.0;2021-12-21T20:00:00+01:00
1293;34298.66666666667;2021-12-21T21:00:00+01:00
1293;31485.66666666667;2021-12-21T22:00:00+01:00
1293;28649.33333333333;2021-12-21T23:00:00+01:00
1293;26705.66666666667;2021-12-22T00:00:00+01:00
1293;24857.5;2021-12-22T01:00:00+01:00
1293;23704.0;2021-12-22T02:00:00+01:00
1293;23103.16666666667;2021-12-22T03:00:00+01:00
1293;23025.66666666667;2021-12-22T04:00:00+01:00
1293;23519.83333333333;2021-12-22T05:00:00+01:00
1293;25805.16666666667;2021-12-22T06:00:00+01:00
1293;29630.0;2021-12-22T07:00:00+01:00
1293;32184.5;2021-12-22T08:00:00+01:00
1293;33279.5;2021-12-22T09:00:00+01:00
1293;34027.5;2021-12-22T10:00:00+01:00
1293;33806.5;2021-12-22T11:00:00+01:00
1293;33672.33333333334;2021-12-22T12:00:00+01:00
1293;33593.66666666667;2021-12-22T13:00:00+01:00
1293;32938.5;2021-12-22T14:00:00+01:00
1293;32327.66666666667;2021-12-22T15:00:00+01:00
1293;31955.66666666667;2021-12-22T16:00:00+01:00
1293;32239.0;2021-12-22T17:00:00+01:00
1293;33592.33333333334;2021-12-22T18:00:00+01:00
1293;34004.16666666667;2021-12-22T19:00:00+01:00
1293;33991.66666666667;2021-12-22T20:00:00+01:00
1293;33133.5;2021-12-22T21:00:00+01:00
1293;30567.66666666667;2021-12-22T22:00:00+01:00
1293;27747.16666666667;2021-12-22T23:00:00+01:00
1293;25885.33333333333;2021-12-23T00:00:00+01:00
1293;24084.33333333333;2021-12-23T01:00:00+01:00
1293;22958.16666666667;2021-12-23T02:00:00+01:00
1293;22382.5;2021-12-23T03:00:00+01:00
1293;22176.33333333333;2021-12-23T04:00:00+01:00
1293;22583.66666666667;2021-12-23T05:00:00+01:00
1293;24646.83333333333;2021-12-23T06:00:00+01:00
1293;27869.66666666667;2021-12-23T07:00:00+01:00
1293;30089.0;2021-12-23T08:00:00+01:00
1293;31507.83333333333;2021-12-23T09:00:00+01:00
1293;32477.16666666667;2021-12-23T10:00:00+01:00
1293;32497.33333333333;2021-12-23T11:00:00+01:00
1293;32408.5;2021-12-23T12:00:00+01:00
1293;32573.0;2021-12-23T13:00:00+01:00
1293;32241.66666666667;2021-12-23T14:00:00+01:00
1293;31279.5;2021-12-23T15:00:00+01:00
1293;30782.0;2021-12-23T16:00:00+01:00
1293;30866.0;2021-12-23T17:00:00+01:00
1293;31766.16666666667;2021-12-23T18:00:00+01:00
1293;31962.66666666667;2021-12-23T19:00:00+01:00
1293;31933.33333333333;2021-12-23T20:00:00+01:00
1293;31340.5;2021-12-23T21:00:00+01:00
1293;28998.5;2021-12-23T22:00:00+01:00
1293;26605.0;2021-12-23T23:00:00+01:00
1293;24775.5;2021-12-24T00:00:00+01:00
1293;23027.0;2021-12-24T01:00:00+01:00
1293;21573.16666666667;2021-12-24T02:00:00+01:00
1293;20701.33333333333;2021-12-24T03:00:00+01:00
1293;20158.0;2021-12-24T04:00:00+01:00
1293;20356.0;2021-12-24T05:00:00+01:00
1293;21151.16666666667;2021-12-24T06:00:00+01:00
1293;23136.66666666667;2021-12-24T07:00:00+01:00
1293;24725.5;2021-12-24T08:00:00+01:00
1293;26606.0;2021-12-24T09:00:00+01:00
1293;27980.66666666667;2021-12-24T10:00:00+01:00
1293;28233.16666666667;2021-12-24T11:00:00+01:00
1293;28173.83333333333;2021-12-24T12:00:00+01:00
1293;28024.0;2021-12-24T13:00:00+01:00
1293;27623.16666666667;2021-12-24T14:00:00+01:00
1293;26445.0;2021-12-24T15:00:00+01:00
1293;25795.16666666667;2021-12-24T16:00:00+01:00
1293;25874.5;2021-12-24T17:00:00+01:00
1293;27490.0;2021-12-24T18:00:00+01:00
1293;27797.83333333333;2021-12-24T19:00:00+01:00
1293;27191.0;2021-12-24T20:00:00+01:00
1293;25809.16666666667;2021-12-24T21:00:00+01:00
1293;23076.33333333333;2021-12-24T22:00:00+01:00
1293;21913.0;2021-12-24T23:00:00+01:00
1293;21453.16666666667;2021-12-25T00:00:00+01:00
1293;20440.16666666667;2021-12-25T01:00:00+01:00
1293;19102.33333333333;2021-12-25T02:00:00+01:00
1293;18071.66666666667;2021-12-25T03:00:00+01:00
1293;17563.83333333333;2021-12-25T04:00:00+01:00
1293;17454.0;2021-12-25T05:00:00+01:00
1293;17596.5;2021-12-25T06:00:00+01:00
1293;17976.16666666667;2021-12-25T07:00:00+01:00
1293;18281.16666666667;2021-12-25T08:00:00+01:00
1293;19520.16666666667;2021-12-25T09:00:00+01:00
1293;21600.33333333333;2021-12-25T10:00:00+01:00
1293;23054.83333333333;2021-12-25T11:00:00+01:00
1293;23739.83333333333;2021-12-25T12:00:00+01:00
1293;24321.66666666667;2021-12-25T13:00:00+01:00
1293;24088.66666666667;2021-12-25T14:00:00+01:00
1293;22323.33333333333;2021-12-25T15:00:00+01:00
1293;21721.16666666667;2021-12-25T16:00:00+01:00
1293;21866.16666666667;2021-12-25T17:00:00+01:00
1293;23486.16666666667;2021-12-25T18:00:00+01:00
1293;24193.16666666667;2021-12-25T19:00:00+01:00
1293;24738.83333333333;2021-12-25T20:00:00+01:00
1293;25045.5;2021-12-25T21:00:00+01:00
1293;24278.83333333333;2021-12-25T22:00:00+01:00
1293;22772.0;2021-12-25T23:00:00+01:00
1293;21347.66666666667;2021-12-26T00:00:00+01:00
1293;19628.33333333333;2021-12-26T01:00:00+01:00
1293;18520.5;2021-12-26T02:00:00+01:00
1293;17928.16666666667;2021-12-26T03:00:00+01:00
1293;17643.16666666667;2021-12-26T04:00:00+01:00
1293;17715.0;2021-12-26T05:00:00+01:00
1293;18338.0;2021-12-26T06:00:00+01:00
1293;19203.16666666667;2021-12-26T07:00:00+01:00
1293;19739.16666666667;2021-12-26T08:00:00+01:00
1293;21176.66666666667;2021-12-26T09:00:00+01:00
1293;23339.83333333333;2021-12-26T10:00:00+01:00
1293;24539.16666666667;2021-12-26T11:00:00+01:00
1293;25065.83333333333;2021-12-26T12:00:00+01:00
1293;25859.0;2021-12-26T13:00:00+01:00
1293;26100.83333333333;2021-12-26T14:00:00+01:00
1293;24820.66666666667;2021-12-26T15:00:00+01:00
1293;24012.83333333333;2021-12-26T16:00:00+01:00
1293;24053.33333333333;2021-12-26T17:00:00+01:00
1293;25827.16666666667;2021-12-26T18:00:00+01:00
1293;26490.66666666667;2021-12-26T19:00:00+01:00
1293;27140.83333333333;2021-12-26T20:00:00+01:00
1293;27257.33333333333;2021-12-26T21:00:00+01:00
1293;25833.16666666667;2021-12-26T22:00:00+01:00
1293;23762.66666666667;2021-12-26T23:00:00+01:00
1293;22244.66666666667;2021-12-27T00:00:00+01:00
1293;20655.5;2021-12-27T01:00:00+01:00
1293;19560.33333333333;2021-12-27T02:00:00+01:00
1293;19059.5;2021-12-27T03:00:00+01:00
1293;18909.33333333333;2021-12-27T04:00:00+01:00
1293;19350.5;2021-12-27T05:00:00+01:00
1293;21330.83333333333;2021-12-27T06:00:00+01:00
1293;23956.33333333333;2021-12-27T07:00:00+01:00
1293;25940.16666666667;2021-12-27T08:00:00+01:00
1293;27473.5;2021-12-27T09:00:00+01:00
1293;28483.16666666667;2021-12-27T10:00:00+01:00
1293;28561.16666666667;2021-12-27T11:00:00+01:00
1293;28684.66666666667;2021-12-27T12:00:00+01:00
1293;28919.0;2021-12-27T13:00:00+01:00
1293;28873.16666666667;2021-12-27T14:00:00+01:00
1293;27902.0;2021-12-27T15:00:00+01:00
1293;27462.66666666667;2021-12-27T16:00:00+01:00
1293;27603.33333333333;2021-12-27T17:00:00+01:00
1293;28940.33333333333;2021-12-27T18:00:00+01:00
1293;29575.0;2021-12-27T19:00:00+01:00
1293;29757.16666666667;2021-12-27T20:00:00+01:00
1293;29389.5;2021-12-27T21:00:00+01:00
1293;27142.83333333333;2021-12-27T22:00:00+01:00
1293;24666.5;2021-12-27T23:00:00+01:00
1293;23359.16666666667;2021-12-28T00:00:00+01:00
1293;21955.66666666667;2021-12-28T01:00:00+01:00
1293;20812.33333333333;2021-12-28T02:00:00+01:00
1293;20215.16666666667;2021-12-28T03:00:00+01:00
1293;20030.5;2021-12-28T04:00:00+01:00
1293;20446.66666666667;2021-12-28T05:00:00+01:00
1293;22163.0;2021-12-28T06:00:00+01:00
1293;24613.0;2021-12-28T07:00:00+01:00
1293;26350.66666666667;2021-12-28T08:00:00+01:00
1293;27620.0;2021-12-28T09:00:00+01:00
1293;28555.66666666667;2021-12-28T10:00:00+01:00
1293;28542.83333333333;2021-12-28T11:00:00+01:00
1293;28397.5;2021-12-28T12:00:00+01:00
1293;28751.33333333333;2021-12-28T13:00:00+01:00
1293;28509.66666666667;2021-12-28T14:00:00+01:00
1293;27546.5;2021-12-28T15:00:00+01:00
1293;27059.16666666667;2021-12-28T16:00:00+01:00
1293;27150.0;2021-12-28T17:00:00+01:00
1293;28691.5;2021-12-28T18:00:00+01:00
1293;29409.5;2021-12-28T19:00:00+01:00
1293;29864.0;2021-12-28T20:00:00+01:00
1293;29495.66666666667;2021-12-28T21:00:00+01:00
1293;27214.0;2021-12-28T22:00:00+01:00
1293;24774.66666666667;2021-12-28T23:00:00+01:00
1293;23397.5;2021-12-29T00:00:00+01:00
1293;21772.83333333333;2021-12-29T01:00:00+01:00
1293;20725.33333333333;2021-12-29T02:00:00+01:00
1293;20150.66666666667;2021-12-29T03:00:00+01:00
1293;19956.33333333333;2021-12-29T04:00:00+01:00
1293;20341.66666666667;2021-12-29T05:00:00+01:00
1293;22096.83333333333;2021-12-29T06:00:00+01:00
1293;24616.33333333333;2021-12-29T07:00:00+01:00
1293;26440.16666666667;2021-12-29T08:00:00+01:00
1293;27566.66666666667;2021-12-29T09:00:00+01:00
1293;28069.33333333333;2021-12-29T10:00:00+01:00
1293;27832.66666666667;2021-12-29T11:00:00+01:00
1293;27644.66666666667;2021-12-29T12:00:00+01:00
1293;27720.5;2021-12-29T13:00:00+01:00
1293;27450.16666666667;2021-12-29T14:00:00+01:00
1293;26456.33333333333;2021-12-29T15:00:00+01:00
1293;26259.83333333333;2021-12-29T16:00:00+01:00
1293;26868.66666666667;2021-12-29T17:00:00+01:00
1293;28790.16666666667;2021-12-29T18:00:00+01:00
1293;29589.5;2021-12-29T19:00:00+01:00
1293;29907.33333333333;2021-12-29T20:00:00+01:00
1293;29541.5;2021-12-29T21:00:00+01:00
1293;27323.66666666667;2021-12-29T22:00:00+01:00
1293;24968.16666666667;2021-12-29T23:00:00+01:00
1293;23417.33333333333;2021-12-30T00:00:00+01:00
1293;21859.16666666667;2021-12-30T01:00:00+01:00
1293;20561.33333333333;2021-12-30T02:00:00+01:00
1293;20015.5;2021-12-30T03:00:00+01:00
1293;19888.83333333333;2021-12-30T04:00:00+01:00
1293;20304.16666666667;2021-12-30T05:00:00+01:00
1293;22010.5;2021-12-30T06:00:00+01:00
1293;24577.5;2021-12-30T07:00:00+01:00
1293;26442.0;2021-12-30T08:00:00+01:00
1293;27590.5;2021-12-30T09:00:00+01:00
1293;28046.5;2021-12-30T10:00:00+01:00
1293;27650.5;2021-12-30T11:00:00+01:00
1293;27306.5;2021-12-30T12:00:00+01:00
1293;27817.16666666667;2021-12-30T13:00:00+01:00
1293;27532.16666666667;2021-12-30T14:00:00+01:00
1293;26452.5;2021-12-30T15:00:00+01:00
1293;26098.16666666667;2021-12-30T16:00:00+01:00
1293;26726.5;2021-12-30T17:00:00+01:00
1293;28895.5;2021-12-30T18:00:00+01:00
1293;29660.16666666667;2021-12-30T19:00:00+01:00
1293;29943.5;2021-12-30T20:00:00+01:00
1293;29586.16666666667;2021-12-30T21:00:00+01:00
1293;27541.16666666667;2021-12-30T22:00:00+01:00
1293;24983.16666666667;2021-12-30T23:00:00+01:00
1293;23438.16666666667;2021-12-31T00:00:00+01:00
1293;21815.33333333333;2021-12-31T01:00:00+01:00
1293;20458.0;2021-12-31T02:00:00+01:00
1293;19825.0;2021-12-31T03:00:00+01:00
1293;19615.0;2021-12-31T04:00:00+01:00
1293;19727.33333333333;2021-12-31T05:00:00+01:00
1293;20654.16666666667;2021-12-31T06:00:00+01:00
1293;22458.83333333333;2021-12-31T07:00:00+01:00
1293;23784.16666666667;2021-12-31T08:00:00+01:00
1293;25290.16666666667;2021-12-31T09:00:00+01:00
1293;26395.83333333333;2021-12-31T10:00:00+01:00
1293;26059.33333333333;2021-12-31T11:00:00+01:00
1293;25655.33333333333;2021-12-31T12:00:00+01:00
1293;25427.5;2021-12-31T13:00:00+01:00
1293;25168.5;2021-12-31T14:00:00+01:00
1293;24379.0;2021-12-31T15:00:00+01:00
1293;23910.5;2021-12-31T16:00:00+01:00
1293;24332.5;2021-12-31T17:00:00+01:00
1293;26787.0;2021-12-31T18:00:00+01:00
1293;27849.5;2021-12-31T19:00:00+01:00
1293;27653.16666666667;2021-12-31T20:00:00+01:00
1293;26746.5;2021-12-31T21:00:00+01:00
1293;23952.66666666667;2021-12-31T22:00:00+01:00
1293;22324.83333333333;2021-12-31T23:00:00+01:00
