datetime,value
2022-01-01 00:00:00+01:00,204.51
2022-01-01 01:00:00+01:00,171.35
2022-01-01 02:00:00+01:00,172.7
2022-01-01 03:00:00+01:00,156.07
2022-01-01 04:00:00+01:00,159.08
2022-01-01 05:00:00+01:00,157.28
2022-01-01 06:00:00+01:00,158.87
2022-01-01 07:00:00+01:00,157.58
2022-01-01 08:00:00+01:00,156.18
2022-01-01 09:00:00+01:00,118.96
2022-01-01 10:00:00+01:00,122.06
2022-01-01 11:00:00+01:00,127.97
2022-01-01 12:00:00+01:00,139.9
2022-01-01 13:00:00+01:00,141.95
2022-01-01 14:00:00+01:00,143.48
2022-01-01 15:00:00+01:00,147.69
2022-01-01 16:00:00+01:00,172.14
2022-01-01 17:00:00+01:00,212.24
2022-01-01 18:00:00+01:00,240.74
2022-01-01 19:00:00+01:00,244.33
2022-01-01 20:00:00+01:00,247.11
2022-01-01 21:00:00+01:00,248.38
2022-01-01 22:00:00+01:00,248.88
2022-01-01 23:00:00+01:00,229.1
2022-01-02 00:00:00+01:00,186.21
2022-01-02 01:00:00+01:00,168.59
2022-01-02 02:00:00+01:00,164.36
2022-01-02 03:00:00+01:00,168.8
2022-01-02 04:00:00+01:00,173.15
2022-01-02 05:00:00+01:00,167.53
2022-01-02 06:00:00+01:00,170.81
2022-01-02 07:00:00+01:00,183.78
2022-01-02 08:00:00+01:00,165.48
2022-01-02 09:00:00+01:00,160.64
2022-01-02 10:00:00+01:00,153.62
2022-01-02 11:00:00+01:00,141.37
2022-01-02 12:00:00+01:00,141.13
2022-01-02 13:00:00+01:00,147.85
2022-01-02 14:00:00+01:00,154.49
2022-01-02 15:00:00+01:00,148.14
2022-01-02 16:00:00+01:00,159.93
2022-01-02 17:00:00+01:00,210.37
2022-01-02 18:00:00+01:00,252.85
2022-01-02 19:00:00+01:00,255.34
2022-01-02 20:00:00+01:00,267.48
2022-01-02 21:00:00+01:00,268.11
2022-01-02 22:00:00+01:00,247.7
2022-01-02 23:00:00+01:00,232.27
2022-01-03 00:00:00+01:00,237.41
2022-01-03 01:00:00+01:00,215.14
2022-01-03 02:00:00+01:00,208.71
2022-01-03 03:00:00+01:00,203.75
2022-01-03 04:00:00+01:00,196.49
2022-01-03 05:00:00+01:00,200.68
2022-01-03 06:00:00+01:00,202.87
2022-01-03 07:00:00+01:00,206.64
2022-01-03 08:00:00+01:00,265.11
2022-01-03 09:00:00+01:00,257.98
2022-01-03 10:00:00+01:00,229.55
2022-01-03 11:00:00+01:00,288.37
2022-01-03 12:00:00+01:00,284.07
2022-01-03 13:00:00+01:00,276.19
2022-01-03 14:00:00+01:00,189.77
2022-01-03 15:00:00+01:00,173.26
2022-01-03 16:00:00+01:00,190.3
2022-01-03 17:00:00+01:00,217.17
2022-01-03 18:00:00+01:00,250.45
2022-01-03 19:00:00+01:00,326.48
2022-01-03 20:00:00+01:00,295.16
2022-01-03 21:00:00+01:00,281.1
2022-01-03 22:00:00+01:00,248.43
2022-01-03 23:00:00+01:00,164.71
2022-01-04 00:00:00+01:00,174.65
2022-01-04 01:00:00+01:00,163.91
2022-01-04 02:00:00+01:00,161.68
2022-01-04 03:00:00+01:00,153.58
2022-01-04 04:00:00+01:00,152.68
2022-01-04 05:00:00+01:00,163.79
2022-01-04 06:00:00+01:00,206.56
2022-01-04 07:00:00+01:00,207.43
2022-01-04 08:00:00+01:00,252.67
2022-01-04 09:00:00+01:00,265.2
2022-01-04 10:00:00+01:00,332.83
2022-01-04 11:00:00+01:00,323.75
2022-01-04 12:00:00+01:00,323.76
2022-01-04 13:00:00+01:00,320.06
2022-01-04 14:00:00+01:00,301.32
2022-01-04 15:00:00+01:00,225.99
2022-01-04 16:00:00+01:00,228.76
2022-01-04 17:00:00+01:00,238.3
2022-01-04 18:00:00+01:00,331.5
2022-01-04 19:00:00+01:00,324.57
2022-01-04 20:00:00+01:00,299.28
2022-01-04 21:00:00+01:00,291.42
2022-01-04 22:00:00+01:00,280.58
2022-01-04 23:00:00+01:00,174.07
2022-01-05 00:00:00+01:00,166.59
2022-01-05 01:00:00+01:00,149.69
2022-01-05 02:00:00+01:00,125.37
2022-01-05 03:00:00+01:00,114.73
2022-01-05 04:00:00+01:00,119.0
2022-01-05 05:00:00+01:00,138.39
2022-01-05 06:00:00+01:00,225.58
2022-01-05 07:00:00+01:00,262.78
2022-01-05 08:00:00+01:00,290.49
2022-01-05 09:00:00+01:00,292.89
2022-01-05 10:00:00+01:00,355.7
2022-01-05 11:00:00+01:00,348.34
2022-01-05 12:00:00+01:00,345.65
2022-01-05 13:00:00+01:00,342.63
2022-01-05 14:00:00+01:00,271.42
2022-01-05 15:00:00+01:00,277.27
2022-01-05 16:00:00+01:00,286.09
2022-01-05 17:00:00+01:00,291.59
2022-01-05 18:00:00+01:00,377.89
2022-01-05 19:00:00+01:00,408.58
2022-01-05 20:00:00+01:00,399.05
2022-01-05 21:00:00+01:00,372.09
2022-01-05 22:00:00+01:00,359.58
2022-01-05 23:00:00+01:00,283.57
2022-01-06 00:00:00+01:00,273.97
2022-01-06 01:00:00+01:00,274.38
2022-01-06 02:00:00+01:00,260.05
2022-01-06 03:00:00+01:00,247.79
2022-01-06 04:00:00+01:00,235.25
2022-01-06 05:00:00+01:00,265.43
2022-01-06 06:00:00+01:00,274.4
2022-01-06 07:00:00+01:00,285.48
2022-01-06 08:00:00+01:00,288.54
2022-01-06 09:00:00+01:00,282.62
2022-01-06 10:00:00+01:00,272.53
2022-01-06 11:00:00+01:00,262.94
2022-01-06 12:00:00+01:00,259.46
2022-01-06 13:00:00+01:00,259.12
2022-01-06 14:00:00+01:00,250.31
2022-01-06 15:00:00+01:00,245.51
2022-01-06 16:00:00+01:00,261.18
2022-01-06 17:00:00+01:00,284.0
2022-01-06 18:00:00+01:00,347.92
2022-01-06 19:00:00+01:00,352.09
2022-01-06 20:00:00+01:00,318.89
2022-01-06 21:00:00+01:00,292.36
2022-01-06 22:00:00+01:00,276.92
2022-01-06 23:00:00+01:00,272.25
2022-01-07 00:00:00+01:00,281.47
2022-01-07 01:00:00+01:00,254.67
2022-01-07 02:00:00+01:00,244.39
2022-01-07 03:00:00+01:00,227.46
2022-01-07 04:00:00+01:00,225.3
2022-01-07 05:00:00+01:00,226.36
2022-01-07 06:00:00+01:00,225.44
2022-01-07 07:00:00+01:00,276.05
2022-01-07 08:00:00+01:00,329.12
2022-01-07 09:00:00+01:00,335.97
2022-01-07 10:00:00+01:00,392.01
2022-01-07 11:00:00+01:00,383.69
2022-01-07 12:00:00+01:00,364.74
2022-01-07 13:00:00+01:00,359.73
2022-01-07 14:00:00+01:00,285.33
2022-01-07 15:00:00+01:00,290.13
2022-01-07 16:00:00+01:00,303.09
2022-01-07 17:00:00+01:00,332.49
2022-01-07 18:00:00+01:00,422.83
2022-01-07 19:00:00+01:00,410.28
2022-01-07 20:00:00+01:00,404.24
2022-01-07 21:00:00+01:00,405.34
2022-01-07 22:00:00+01:00,328.15
2022-01-07 23:00:00+01:00,304.51
2022-01-08 00:00:00+01:00,347.83
2022-01-08 01:00:00+01:00,314.43
2022-01-08 02:00:00+01:00,292.02
2022-01-08 03:00:00+01:00,288.61
2022-01-08 04:00:00+01:00,276.73
2022-01-08 05:00:00+01:00,276.13
2022-01-08 06:00:00+01:00,274.28
2022-01-08 07:00:00+01:00,280.59
2022-01-08 08:00:00+01:00,284.15
2022-01-08 09:00:00+01:00,295.87
2022-01-08 10:00:00+01:00,289.82
2022-01-08 11:00:00+01:00,273.62
2022-01-08 12:00:00+01:00,263.92
2022-01-08 13:00:00+01:00,239.43
2022-01-08 14:00:00+01:00,221.52
2022-01-08 15:00:00+01:00,214.72
2022-01-08 16:00:00+01:00,217.44
2022-01-08 17:00:00+01:00,249.06
2022-01-08 18:00:00+01:00,267.87
2022-01-08 19:00:00+01:00,269.97
2022-01-08 20:00:00+01:00,269.94
2022-01-08 21:00:00+01:00,270.0
2022-01-08 22:00:00+01:00,243.49
2022-01-08 23:00:00+01:00,199.53
2022-01-09 00:00:00+01:00,161.24
2022-01-09 01:00:00+01:00,140.56
2022-01-09 02:00:00+01:00,129.35
2022-01-09 03:00:00+01:00,100.83
2022-01-09 04:00:00+01:00,90.1
2022-01-09 05:00:00+01:00,94.5
2022-01-09 06:00:00+01:00,123.58
2022-01-09 07:00:00+01:00,140.44
2022-01-09 08:00:00+01:00,157.19
2022-01-09 09:00:00+01:00,192.05
2022-01-09 10:00:00+01:00,188.28
2022-01-09 11:00:00+01:00,163.06
2022-01-09 12:00:00+01:00,102.19
2022-01-09 13:00:00+01:00,102.17
2022-01-09 14:00:00+01:00,87.97
2022-01-09 15:00:00+01:00,36.35
2022-01-09 16:00:00+01:00,136.04
2022-01-09 17:00:00+01:00,217.44
2022-01-09 18:00:00+01:00,271.74
2022-01-09 19:00:00+01:00,306.97
2022-01-09 20:00:00+01:00,295.63
2022-01-09 21:00:00+01:00,275.39
2022-01-09 22:00:00+01:00,278.99
2022-01-09 23:00:00+01:00,251.28
2022-01-10 00:00:00+01:00,262.58
2022-01-10 01:00:00+01:00,227.99
2022-01-10 02:00:00+01:00,220.69
2022-01-10 03:00:00+01:00,222.04
2022-01-10 04:00:00+01:00,222.81
2022-01-10 05:00:00+01:00,238.49
2022-01-10 06:00:00+01:00,263.71
2022-01-10 07:00:00+01:00,287.76
2022-01-10 08:00:00+01:00,320.99
2022-01-10 09:00:00+01:00,326.44
2022-01-10 10:00:00+01:00,323.19
2022-01-10 11:00:00+01:00,380.14
2022-01-10 12:00:00+01:00,372.89
2022-01-10 13:00:00+01:00,365.22
2022-01-10 14:00:00+01:00,353.5
2022-01-10 15:00:00+01:00,278.82
2022-01-10 16:00:00+01:00,306.79
2022-01-10 17:00:00+01:00,347.18
2022-01-10 18:00:00+01:00,453.92
2022-01-10 19:00:00+01:00,464.32
2022-01-10 20:00:00+01:00,432.73
2022-01-10 21:00:00+01:00,403.78
2022-01-10 22:00:00+01:00,374.5
2022-01-10 23:00:00+01:00,284.01
2022-01-11 00:00:00+01:00,271.37
2022-01-11 01:00:00+01:00,262.8
2022-01-11 02:00:00+01:00,257.57
2022-01-11 03:00:00+01:00,252.26
2022-01-11 04:00:00+01:00,254.89
2022-01-11 05:00:00+01:00,265.92
2022-01-11 06:00:00+01:00,280.93
2022-01-11 07:00:00+01:00,285.84
2022-01-11 08:00:00+01:00,337.72
2022-01-11 09:00:00+01:00,336.95
2022-01-11 10:00:00+01:00,395.7
2022-01-11 11:00:00+01:00,358.79
2022-01-11 12:00:00+01:00,352.51
2022-01-11 13:00:00+01:00,352.21
2022-01-11 14:00:00+01:00,352.79
2022-01-11 15:00:00+01:00,284.13
2022-01-11 16:00:00+01:00,291.96
2022-01-11 17:00:00+01:00,330.71
2022-01-11 18:00:00+01:00,352.98
2022-01-11 19:00:00+01:00,424.91
2022-01-11 20:00:00+01:00,426.54
2022-01-11 21:00:00+01:00,406.36
2022-01-11 22:00:00+01:00,316.68
2022-01-11 23:00:00+01:00,299.02
2022-01-12 00:00:00+01:00,252.57
2022-01-12 01:00:00+01:00,242.36
2022-01-12 02:00:00+01:00,239.97
2022-01-12 03:00:00+01:00,234.51
2022-01-12 04:00:00+01:00,232.98
2022-01-12 05:00:00+01:00,246.66
2022-01-12 06:00:00+01:00,237.68
2022-01-12 07:00:00+01:00,251.55
2022-01-12 08:00:00+01:00,297.34
2022-01-12 09:00:00+01:00,282.57
2022-01-12 10:00:00+01:00,274.93
2022-01-12 11:00:00+01:00,340.62
2022-01-12 12:00:00+01:00,341.34
2022-01-12 13:00:00+01:00,342.06
2022-01-12 14:00:00+01:00,272.99
2022-01-12 15:00:00+01:00,276.45
2022-01-12 16:00:00+01:00,278.14
2022-01-12 17:00:00+01:00,310.78
2022-01-12 18:00:00+01:00,415.28
2022-01-12 19:00:00+01:00,421.94
2022-01-12 20:00:00+01:00,412.67
2022-01-12 21:00:00+01:00,376.95
2022-01-12 22:00:00+01:00,297.3
2022-01-12 23:00:00+01:00,282.89
2022-01-13 00:00:00+01:00,244.57
2022-01-13 01:00:00+01:00,245.44
2022-01-13 02:00:00+01:00,245.66
2022-01-13 03:00:00+01:00,240.19
2022-01-13 04:00:00+01:00,245.14
2022-01-13 05:00:00+01:00,244.02
2022-01-13 06:00:00+01:00,246.5
2022-01-13 07:00:00+01:00,275.44
2022-01-13 08:00:00+01:00,309.59
2022-01-13 09:00:00+01:00,309.08
2022-01-13 10:00:00+01:00,369.03
2022-01-13 11:00:00+01:00,364.75
2022-01-13 12:00:00+01:00,361.85
2022-01-13 13:00:00+01:00,362.08
2022-01-13 14:00:00+01:00,292.98
2022-01-13 15:00:00+01:00,294.03
2022-01-13 16:00:00+01:00,302.86
2022-01-13 17:00:00+01:00,315.15
2022-01-13 18:00:00+01:00,351.63
2022-01-13 19:00:00+01:00,425.48
2022-01-13 20:00:00+01:00,413.21
2022-01-13 21:00:00+01:00,387.42
2022-01-13 22:00:00+01:00,303.65
2022-01-13 23:00:00+01:00,293.17
2022-01-14 00:00:00+01:00,262.33
2022-01-14 01:00:00+01:00,257.81
2022-01-14 02:00:00+01:00,254.54
2022-01-14 03:00:00+01:00,250.59
2022-01-14 04:00:00+01:00,250.46
2022-01-14 05:00:00+01:00,255.15
2022-01-14 06:00:00+01:00,262.76
2022-01-14 07:00:00+01:00,256.91
2022-01-14 08:00:00+01:00,287.49
2022-01-14 09:00:00+01:00,285.57
2022-01-14 10:00:00+01:00,275.15
2022-01-14 11:00:00+01:00,323.78
2022-01-14 12:00:00+01:00,321.34
2022-01-14 13:00:00+01:00,322.12
2022-01-14 14:00:00+01:00,253.24
2022-01-14 15:00:00+01:00,256.64
2022-01-14 16:00:00+01:00,279.03
2022-01-14 17:00:00+01:00,290.66
2022-01-14 18:00:00+01:00,380.39
2022-01-14 19:00:00+01:00,390.62
2022-01-14 20:00:00+01:00,392.52
2022-01-14 21:00:00+01:00,381.72
2022-01-14 22:00:00+01:00,302.64
2022-01-14 23:00:00+01:00,290.79
2022-01-15 00:00:00+01:00,286.34
2022-01-15 01:00:00+01:00,280.74
2022-01-15 02:00:00+01:00,276.22
2022-01-15 03:00:00+01:00,261.41
2022-01-15 04:00:00+01:00,257.56
2022-01-15 05:00:00+01:00,259.8
2022-01-15 06:00:00+01:00,265.11
2022-01-15 07:00:00+01:00,283.23
2022-01-15 08:00:00+01:00,287.55
2022-01-15 09:00:00+01:00,286.87
2022-01-15 10:00:00+01:00,279.47
2022-01-15 11:00:00+01:00,269.61
2022-01-15 12:00:00+01:00,262.24
2022-01-15 13:00:00+01:00,251.89
2022-01-15 14:00:00+01:00,256.25
2022-01-15 15:00:00+01:00,270.9
2022-01-15 16:00:00+01:00,278.89
2022-01-15 17:00:00+01:00,296.71
2022-01-15 18:00:00+01:00,339.66
2022-01-15 19:00:00+01:00,331.75
2022-01-15 20:00:00+01:00,309.71
2022-01-15 21:00:00+01:00,291.49
2022-01-15 22:00:00+01:00,285.12
2022-01-15 23:00:00+01:00,278.81
2022-01-16 00:00:00+01:00,292.17
2022-01-16 01:00:00+01:00,283.61
2022-01-16 02:00:00+01:00,275.19
2022-01-16 03:00:00+01:00,263.91
2022-01-16 04:00:00+01:00,251.8
2022-01-16 05:00:00+01:00,251.56
2022-01-16 06:00:00+01:00,263.84
2022-01-16 07:00:00+01:00,262.57
2022-01-16 08:00:00+01:00,260.29
2022-01-16 09:00:00+01:00,262.43
2022-01-16 10:00:00+01:00,259.01
2022-01-16 11:00:00+01:00,257.84
2022-01-16 12:00:00+01:00,259.23
2022-01-16 13:00:00+01:00,246.34
2022-01-16 14:00:00+01:00,242.96
2022-01-16 15:00:00+01:00,250.75
2022-01-16 16:00:00+01:00,257.96
2022-01-16 17:00:00+01:00,286.23
2022-01-16 18:00:00+01:00,327.88
2022-01-16 19:00:00+01:00,337.73
2022-01-16 20:00:00+01:00,327.41
2022-01-16 21:00:00+01:00,315.98
2022-01-16 22:00:00+01:00,292.21
2022-01-16 23:00:00+01:00,272.93
2022-01-17 00:00:00+01:00,323.78
2022-01-17 01:00:00+01:00,316.03
2022-01-17 02:00:00+01:00,305.12
2022-01-17 03:00:00+01:00,284.72
2022-01-17 04:00:00+01:00,277.28
2022-01-17 05:00:00+01:00,292.58
2022-01-17 06:00:00+01:00,316.88
2022-01-17 07:00:00+01:00,338.24
2022-01-17 08:00:00+01:00,355.17
2022-01-17 09:00:00+01:00,342.04
2022-01-17 10:00:00+01:00,325.26
2022-01-17 11:00:00+01:00,388.12
2022-01-17 12:00:00+01:00,387.93
2022-01-17 13:00:00+01:00,387.66
2022-01-17 14:00:00+01:00,317.12
2022-01-17 15:00:00+01:00,312.18
2022-01-17 16:00:00+01:00,320.12
2022-01-17 17:00:00+01:00,337.36
2022-01-17 18:00:00+01:00,426.45
2022-01-17 19:00:00+01:00,452.94
2022-01-17 20:00:00+01:00,443.98
2022-01-17 21:00:00+01:00,421.58
2022-01-17 22:00:00+01:00,342.39
2022-01-17 23:00:00+01:00,321.27
2022-01-18 00:00:00+01:00,274.9
2022-01-18 01:00:00+01:00,263.97
2022-01-18 02:00:00+01:00,261.72
2022-01-18 03:00:00+01:00,254.94
2022-01-18 04:00:00+01:00,254.54
2022-01-18 05:00:00+01:00,266.85
2022-01-18 06:00:00+01:00,285.77
2022-01-18 07:00:00+01:00,284.6
2022-01-18 08:00:00+01:00,320.16
2022-01-18 09:00:00+01:00,315.06
2022-01-18 10:00:00+01:00,370.24
2022-01-18 11:00:00+01:00,365.35
2022-01-18 12:00:00+01:00,364.3
2022-01-18 13:00:00+01:00,364.08
2022-01-18 14:00:00+01:00,293.84
2022-01-18 15:00:00+01:00,291.0
2022-01-18 16:00:00+01:00,299.61
2022-01-18 17:00:00+01:00,317.06
2022-01-18 18:00:00+01:00,415.06
2022-01-18 19:00:00+01:00,437.62
2022-01-18 20:00:00+01:00,422.39
2022-01-18 21:00:00+01:00,399.87
2022-01-18 22:00:00+01:00,314.33
2022-01-18 23:00:00+01:00,300.99
2022-01-19 00:00:00+01:00,285.53
2022-01-19 01:00:00+01:00,277.15
2022-01-19 02:00:00+01:00,263.58
2022-01-19 03:00:00+01:00,252.6
2022-01-19 04:00:00+01:00,246.87
2022-01-19 05:00:00+01:00,253.39
2022-01-19 06:00:00+01:00,283.32
2022-01-19 07:00:00+01:00,283.32
2022-01-19 08:00:00+01:00,323.8
2022-01-19 09:00:00+01:00,313.19
2022-01-19 10:00:00+01:00,294.57
2022-01-19 11:00:00+01:00,353.64
2022-01-19 12:00:00+01:00,354.0
2022-01-19 13:00:00+01:00,353.48
2022-01-19 14:00:00+01:00,321.63
2022-01-19 15:00:00+01:00,252.4
2022-01-19 16:00:00+01:00,258.48
2022-01-19 17:00:00+01:00,299.64
2022-01-19 18:00:00+01:00,394.94
2022-01-19 19:00:00+01:00,420.19
2022-01-19 20:00:00+01:00,414.15
2022-01-19 21:00:00+01:00,376.62
2022-01-19 22:00:00+01:00,361.08
2022-01-19 23:00:00+01:00,271.45
2022-01-20 00:00:00+01:00,251.49
2022-01-20 01:00:00+01:00,243.45
2022-01-20 02:00:00+01:00,238.02
2022-01-20 03:00:00+01:00,228.79
2022-01-20 04:00:00+01:00,224.97
2022-01-20 05:00:00+01:00,233.69
2022-01-20 06:00:00+01:00,239.8
2022-01-20 07:00:00+01:00,260.2
2022-01-20 08:00:00+01:00,299.63
2022-01-20 09:00:00+01:00,297.33
2022-01-20 10:00:00+01:00,283.27
2022-01-20 11:00:00+01:00,327.45
2022-01-20 12:00:00+01:00,312.27
2022-01-20 13:00:00+01:00,311.84
2022-01-20 14:00:00+01:00,232.53
2022-01-20 15:00:00+01:00,230.31
2022-01-20 16:00:00+01:00,235.18
2022-01-20 17:00:00+01:00,282.53
2022-01-20 18:00:00+01:00,368.64
2022-01-20 19:00:00+01:00,397.01
2022-01-20 20:00:00+01:00,374.67
2022-01-20 21:00:00+01:00,361.96
2022-01-20 22:00:00+01:00,265.64
2022-01-20 23:00:00+01:00,254.68
2022-01-21 00:00:00+01:00,233.85
2022-01-21 01:00:00+01:00,216.26
2022-01-21 02:00:00+01:00,212.2
2022-01-21 03:00:00+01:00,206.58
2022-01-21 04:00:00+01:00,206.71
2022-01-21 05:00:00+01:00,211.39
2022-01-21 06:00:00+01:00,211.08
2022-01-21 07:00:00+01:00,234.42
2022-01-21 08:00:00+01:00,282.92
2022-01-21 09:00:00+01:00,281.32
2022-01-21 10:00:00+01:00,325.92
2022-01-21 11:00:00+01:00,300.52
2022-01-21 12:00:00+01:00,298.9
2022-01-21 13:00:00+01:00,299.64
2022-01-21 14:00:00+01:00,299.43
2022-01-21 15:00:00+01:00,229.58
2022-01-21 16:00:00+01:00,234.39
2022-01-21 17:00:00+01:00,260.97
2022-01-21 18:00:00+01:00,357.05
2022-01-21 19:00:00+01:00,367.78
2022-01-21 20:00:00+01:00,367.68
2022-01-21 21:00:00+01:00,362.3
2022-01-21 22:00:00+01:00,284.51
2022-01-21 23:00:00+01:00,265.13
2022-01-22 00:00:00+01:00,250.79
2022-01-22 01:00:00+01:00,232.75
2022-01-22 02:00:00+01:00,225.44
2022-01-22 03:00:00+01:00,224.91
2022-01-22 04:00:00+01:00,225.77
2022-01-22 05:00:00+01:00,226.49
2022-01-22 06:00:00+01:00,226.48
2022-01-22 07:00:00+01:00,223.71
2022-01-22 08:00:00+01:00,218.94
2022-01-22 09:00:00+01:00,232.9
2022-01-22 10:00:00+01:00,237.72
2022-01-22 11:00:00+01:00,231.8
2022-01-22 12:00:00+01:00,232.61
2022-01-22 13:00:00+01:00,240.96
2022-01-22 14:00:00+01:00,240.02
2022-01-22 15:00:00+01:00,243.07
2022-01-22 16:00:00+01:00,248.01
2022-01-22 17:00:00+01:00,262.64
2022-01-22 18:00:00+01:00,291.05
2022-01-22 19:00:00+01:00,312.41
2022-01-22 20:00:00+01:00,290.17
2022-01-22 21:00:00+01:00,271.51
2022-01-22 22:00:00+01:00,260.42
2022-01-22 23:00:00+01:00,254.37
2022-01-23 00:00:00+01:00,257.17
2022-01-23 01:00:00+01:00,250.48
2022-01-23 02:00:00+01:00,249.52
2022-01-23 03:00:00+01:00,241.23
2022-01-23 04:00:00+01:00,241.41
2022-01-23 05:00:00+01:00,241.95
2022-01-23 06:00:00+01:00,240.03
2022-01-23 07:00:00+01:00,249.73
2022-01-23 08:00:00+01:00,248.5
2022-01-23 09:00:00+01:00,251.2
2022-01-23 10:00:00+01:00,248.09
2022-01-23 11:00:00+01:00,247.91
2022-01-23 12:00:00+01:00,247.79
2022-01-23 13:00:00+01:00,236.08
2022-01-23 14:00:00+01:00,234.32
2022-01-23 15:00:00+01:00,242.62
2022-01-23 16:00:00+01:00,249.99
2022-01-23 17:00:00+01:00,276.59
2022-01-23 18:00:00+01:00,306.34
2022-01-23 19:00:00+01:00,312.17
2022-01-23 20:00:00+01:00,317.45
2022-01-23 21:00:00+01:00,315.09
2022-01-23 22:00:00+01:00,285.17
2022-01-23 23:00:00+01:00,262.72
2022-01-24 00:00:00+01:00,249.33
2022-01-24 01:00:00+01:00,239.32
2022-01-24 02:00:00+01:00,239.36
2022-01-24 03:00:00+01:00,238.31
2022-01-24 04:00:00+01:00,238.13
2022-01-24 05:00:00+01:00,251.93
2022-01-24 06:00:00+01:00,287.75
2022-01-24 07:00:00+01:00,297.0
2022-01-24 08:00:00+01:00,330.04
2022-01-24 09:00:00+01:00,329.6
2022-01-24 10:00:00+01:00,323.07
2022-01-24 11:00:00+01:00,386.12
2022-01-24 12:00:00+01:00,382.44
2022-01-24 13:00:00+01:00,381.98
2022-01-24 14:00:00+01:00,311.45
2022-01-24 15:00:00+01:00,313.7
2022-01-24 16:00:00+01:00,315.98
2022-01-24 17:00:00+01:00,326.48
2022-01-24 18:00:00+01:00,427.61
2022-01-24 19:00:00+01:00,467.41
2022-01-24 20:00:00+01:00,441.56
2022-01-24 21:00:00+01:00,412.17
2022-01-24 22:00:00+01:00,325.75
2022-01-24 23:00:00+01:00,302.83
2022-01-25 00:00:00+01:00,282.25
2022-01-25 01:00:00+01:00,275.1
2022-01-25 02:00:00+01:00,264.92
2022-01-25 03:00:00+01:00,256.25
2022-01-25 04:00:00+01:00,259.69
2022-01-25 05:00:00+01:00,278.47
2022-01-25 06:00:00+01:00,285.65
2022-01-25 07:00:00+01:00,284.85
2022-01-25 08:00:00+01:00,321.06
2022-01-25 09:00:00+01:00,318.77
2022-01-25 10:00:00+01:00,308.03
2022-01-25 11:00:00+01:00,371.59
2022-01-25 12:00:00+01:00,367.41
2022-01-25 13:00:00+01:00,363.67
2022-01-25 14:00:00+01:00,294.81
2022-01-25 15:00:00+01:00,300.04
2022-01-25 16:00:00+01:00,308.6
2022-01-25 17:00:00+01:00,315.64
2022-01-25 18:00:00+01:00,326.67
2022-01-25 19:00:00+01:00,408.5
2022-01-25 20:00:00+01:00,418.71
2022-01-25 21:00:00+01:00,402.0
2022-01-25 22:00:00+01:00,319.16
2022-01-25 23:00:00+01:00,301.86
2022-01-26 00:00:00+01:00,312.52
2022-01-26 01:00:00+01:00,302.14
2022-01-26 02:00:00+01:00,299.76
2022-01-26 03:00:00+01:00,295.52
2022-01-26 04:00:00+01:00,292.19
2022-01-26 05:00:00+01:00,300.7
2022-01-26 06:00:00+01:00,295.78
2022-01-26 07:00:00+01:00,297.92
2022-01-26 08:00:00+01:00,329.43
2022-01-26 09:00:00+01:00,328.73
2022-01-26 10:00:00+01:00,391.85
2022-01-26 11:00:00+01:00,389.78
2022-01-26 12:00:00+01:00,386.45
2022-01-26 13:00:00+01:00,384.91
2022-01-26 14:00:00+01:00,311.4
2022-01-26 15:00:00+01:00,311.96
2022-01-26 16:00:00+01:00,318.95
2022-01-26 17:00:00+01:00,323.81
2022-01-26 18:00:00+01:00,332.07
2022-01-26 19:00:00+01:00,406.79
2022-01-26 20:00:00+01:00,409.0
2022-01-26 21:00:00+01:00,402.78
2022-01-26 22:00:00+01:00,394.11
2022-01-26 23:00:00+01:00,314.89
2022-01-27 00:00:00+01:00,304.14
2022-01-27 01:00:00+01:00,296.8
2022-01-27 02:00:00+01:00,297.33
2022-01-27 03:00:00+01:00,288.96
2022-01-27 04:00:00+01:00,286.26
2022-01-27 05:00:00+01:00,285.57
2022-01-27 06:00:00+01:00,285.07
2022-01-27 07:00:00+01:00,296.33
2022-01-27 08:00:00+01:00,336.13
2022-01-27 09:00:00+01:00,335.59
2022-01-27 10:00:00+01:00,321.13
2022-01-27 11:00:00+01:00,380.99
2022-01-27 12:00:00+01:00,381.72
2022-01-27 13:00:00+01:00,382.65
2022-01-27 14:00:00+01:00,377.78
2022-01-27 15:00:00+01:00,307.5
2022-01-27 16:00:00+01:00,314.14
2022-01-27 17:00:00+01:00,324.13
2022-01-27 18:00:00+01:00,402.6
2022-01-27 19:00:00+01:00,408.73
2022-01-27 20:00:00+01:00,408.35
2022-01-27 21:00:00+01:00,396.25
2022-01-27 22:00:00+01:00,370.92
2022-01-27 23:00:00+01:00,311.08
2022-01-28 00:00:00+01:00,296.54
2022-01-28 01:00:00+01:00,284.79
2022-01-28 02:00:00+01:00,272.6
2022-01-28 03:00:00+01:00,261.3
2022-01-28 04:00:00+01:00,249.81
2022-01-28 05:00:00+01:00,265.98
2022-01-28 06:00:00+01:00,284.92
2022-01-28 07:00:00+01:00,302.66
2022-01-28 08:00:00+01:00,338.03
2022-01-28 09:00:00+01:00,331.89
2022-01-28 10:00:00+01:00,381.4
2022-01-28 11:00:00+01:00,371.02
2022-01-28 12:00:00+01:00,366.52
2022-01-28 13:00:00+01:00,360.3
2022-01-28 14:00:00+01:00,269.76
2022-01-28 15:00:00+01:00,282.44
2022-01-28 16:00:00+01:00,297.23
2022-01-28 17:00:00+01:00,325.17
2022-01-28 18:00:00+01:00,409.48
2022-01-28 19:00:00+01:00,417.29
2022-01-28 20:00:00+01:00,410.91
2022-01-28 21:00:00+01:00,398.32
2022-01-28 22:00:00+01:00,317.93
2022-01-28 23:00:00+01:00,305.71
2022-01-29 00:00:00+01:00,294.96
2022-01-29 01:00:00+01:00,284.75
2022-01-29 02:00:00+01:00,265.76
2022-01-29 03:00:00+01:00,274.17
2022-01-29 04:00:00+01:00,271.47
2022-01-29 05:00:00+01:00,264.71
2022-01-29 06:00:00+01:00,276.13
2022-01-29 07:00:00+01:00,293.85
2022-01-29 08:00:00+01:00,307.43
2022-01-29 09:00:00+01:00,299.95
2022-01-29 10:00:00+01:00,296.65
2022-01-29 11:00:00+01:00,278.01
2022-01-29 12:00:00+01:00,274.02
2022-01-29 13:00:00+01:00,267.76
2022-01-29 14:00:00+01:00,262.15
2022-01-29 15:00:00+01:00,232.93
2022-01-29 16:00:00+01:00,236.31
2022-01-29 17:00:00+01:00,284.67
2022-01-29 18:00:00+01:00,314.93
2022-01-29 19:00:00+01:00,334.11
2022-01-29 20:00:00+01:00,330.18
2022-01-29 21:00:00+01:00,330.98
2022-01-29 22:00:00+01:00,320.09
2022-01-29 23:00:00+01:00,314.67
2022-01-30 00:00:00+01:00,304.97
2022-01-30 01:00:00+01:00,291.38
2022-01-30 02:00:00+01:00,288.54
2022-01-30 03:00:00+01:00,280.4
2022-01-30 04:00:00+01:00,280.15
2022-01-30 05:00:00+01:00,286.32
2022-01-30 06:00:00+01:00,287.69
2022-01-30 07:00:00+01:00,295.99
2022-01-30 08:00:00+01:00,288.33
2022-01-30 09:00:00+01:00,295.76
2022-01-30 10:00:00+01:00,285.69
2022-01-30 11:00:00+01:00,292.22
2022-01-30 12:00:00+01:00,297.32
2022-01-30 13:00:00+01:00,281.04
2022-01-30 14:00:00+01:00,272.23
2022-01-30 15:00:00+01:00,268.21
2022-01-30 16:00:00+01:00,284.73
2022-01-30 17:00:00+01:00,295.63
2022-01-30 18:00:00+01:00,333.08
2022-01-30 19:00:00+01:00,335.26
2022-01-30 20:00:00+01:00,341.68
2022-01-30 21:00:00+01:00,338.23
2022-01-30 22:00:00+01:00,327.69
2022-01-30 23:00:00+01:00,320.6
2022-01-31 00:00:00+01:00,314.53
2022-01-31 01:00:00+01:00,294.05
2022-01-31 02:00:00+01:00,261.57
2022-01-31 03:00:00+01:00,246.41
2022-01-31 04:00:00+01:00,231.94
2022-01-31 05:00:00+01:00,230.97
2022-01-31 06:00:00+01:00,254.82
2022-01-31 07:00:00+01:00,302.5
2022-01-31 08:00:00+01:00,340.36
2022-01-31 09:00:00+01:00,340.34
2022-01-31 10:00:00+01:00,403.58
2022-01-31 11:00:00+01:00,397.53
2022-01-31 12:00:00+01:00,391.02
2022-01-31 13:00:00+01:00,372.61
2022-01-31 14:00:00+01:00,356.11
2022-01-31 15:00:00+01:00,271.97
2022-01-31 16:00:00+01:00,275.01
2022-01-31 17:00:00+01:00,328.62
2022-01-31 18:00:00+01:00,414.35
2022-01-31 19:00:00+01:00,421.93
2022-01-31 20:00:00+01:00,414.11
2022-01-31 21:00:00+01:00,400.92
2022-01-31 22:00:00+01:00,307.8
2022-01-31 23:00:00+01:00,289.9
2022-02-01 00:00:00+01:00,269.75
2022-02-01 01:00:00+01:00,254.72
2022-02-01 02:00:00+01:00,256.65
2022-02-01 03:00:00+01:00,250.77
2022-02-01 04:00:00+01:00,231.66
2022-02-01 05:00:00+01:00,244.66
2022-02-01 06:00:00+01:00,253.19
2022-02-01 07:00:00+01:00,288.09
2022-02-01 08:00:00+01:00,339.6
2022-02-01 09:00:00+01:00,319.94
2022-02-01 10:00:00+01:00,346.46
2022-02-01 11:00:00+01:00,340.41
2022-02-01 12:00:00+01:00,340.71
2022-02-01 13:00:00+01:00,338.41
2022-02-01 14:00:00+01:00,339.07
2022-02-01 15:00:00+01:00,247.66
2022-02-01 16:00:00+01:00,273.02
2022-02-01 17:00:00+01:00,302.83
2022-02-01 18:00:00+01:00,409.55
2022-02-01 19:00:00+01:00,414.82
2022-02-01 20:00:00+01:00,411.13
2022-02-01 21:00:00+01:00,381.1
2022-02-01 22:00:00+01:00,285.4
2022-02-01 23:00:00+01:00,282.16
2022-02-02 00:00:00+01:00,237.57
2022-02-02 01:00:00+01:00,233.6
2022-02-02 02:00:00+01:00,224.99
2022-02-02 03:00:00+01:00,223.38
2022-02-02 04:00:00+01:00,225.26
2022-02-02 05:00:00+01:00,233.37
2022-02-02 06:00:00+01:00,236.94
2022-02-02 07:00:00+01:00,278.96
2022-02-02 08:00:00+01:00,306.59
2022-02-02 09:00:00+01:00,308.96
2022-02-02 10:00:00+01:00,286.23
2022-02-02 11:00:00+01:00,339.26
2022-02-02 12:00:00+01:00,342.91
2022-02-02 13:00:00+01:00,340.58
2022-02-02 14:00:00+01:00,269.23
2022-02-02 15:00:00+01:00,269.03
2022-02-02 16:00:00+01:00,281.29
2022-02-02 17:00:00+01:00,325.66
2022-02-02 18:00:00+01:00,433.01
2022-02-02 19:00:00+01:00,431.42
2022-02-02 20:00:00+01:00,432.36
2022-02-02 21:00:00+01:00,430.7
2022-02-02 22:00:00+01:00,392.51
2022-02-02 23:00:00+01:00,295.09
2022-02-03 00:00:00+01:00,275.23
2022-02-03 01:00:00+01:00,246.22
2022-02-03 02:00:00+01:00,239.8
2022-02-03 03:00:00+01:00,235.37
2022-02-03 04:00:00+01:00,228.84
2022-02-03 05:00:00+01:00,237.42
2022-02-03 06:00:00+01:00,248.14
2022-02-03 07:00:00+01:00,290.88
2022-02-03 08:00:00+01:00,331.22
2022-02-03 09:00:00+01:00,314.08
2022-02-03 10:00:00+01:00,360.62
2022-02-03 11:00:00+01:00,355.72
2022-02-03 12:00:00+01:00,344.73
2022-02-03 13:00:00+01:00,335.92
2022-02-03 14:00:00+01:00,332.1
2022-02-03 15:00:00+01:00,264.07
2022-02-03 16:00:00+01:00,278.17
2022-02-03 17:00:00+01:00,308.59
2022-02-03 18:00:00+01:00,327.75
2022-02-03 19:00:00+01:00,403.97
2022-02-03 20:00:00+01:00,395.7
2022-02-03 21:00:00+01:00,378.43
2022-02-03 22:00:00+01:00,350.61
2022-02-03 23:00:00+01:00,271.05
2022-02-04 00:00:00+01:00,252.39
2022-02-04 01:00:00+01:00,236.6
2022-02-04 02:00:00+01:00,236.55
2022-02-04 03:00:00+01:00,222.44
2022-02-04 04:00:00+01:00,221.69
2022-02-04 05:00:00+01:00,221.06
2022-02-04 06:00:00+01:00,233.22
2022-02-04 07:00:00+01:00,274.65
2022-02-04 08:00:00+01:00,311.12
2022-02-04 09:00:00+01:00,311.28
2022-02-04 10:00:00+01:00,370.7
2022-02-04 11:00:00+01:00,345.7
2022-02-04 12:00:00+01:00,334.52
2022-02-04 13:00:00+01:00,321.52
2022-02-04 14:00:00+01:00,251.48
2022-02-04 15:00:00+01:00,245.8
2022-02-04 16:00:00+01:00,253.32
2022-02-04 17:00:00+01:00,274.52
2022-02-04 18:00:00+01:00,305.66
2022-02-04 19:00:00+01:00,391.25
2022-02-04 20:00:00+01:00,383.67
2022-02-04 21:00:00+01:00,379.1
2022-02-04 22:00:00+01:00,351.97
2022-02-04 23:00:00+01:00,263.27
2022-02-05 00:00:00+01:00,279.07
2022-02-05 01:00:00+01:00,280.66
2022-02-05 02:00:00+01:00,253.17
2022-02-05 03:00:00+01:00,253.94
2022-02-05 04:00:00+01:00,245.55
2022-02-05 05:00:00+01:00,244.77
2022-02-05 06:00:00+01:00,253.28
2022-02-05 07:00:00+01:00,252.74
2022-02-05 08:00:00+01:00,276.09
2022-02-05 09:00:00+01:00,265.53
2022-02-05 10:00:00+01:00,270.48
2022-02-05 11:00:00+01:00,239.23
2022-02-05 12:00:00+01:00,240.49
2022-02-05 13:00:00+01:00,238.54
2022-02-05 14:00:00+01:00,222.22
2022-02-05 15:00:00+01:00,219.17
2022-02-05 16:00:00+01:00,226.27
2022-02-05 17:00:00+01:00,231.9
2022-02-05 18:00:00+01:00,285.79
2022-02-05 19:00:00+01:00,288.5
2022-02-05 20:00:00+01:00,285.67
2022-02-05 21:00:00+01:00,283.06
2022-02-05 22:00:00+01:00,266.84
2022-02-05 23:00:00+01:00,245.16
2022-02-06 00:00:00+01:00,247.75
2022-02-06 01:00:00+01:00,239.11
2022-02-06 02:00:00+01:00,239.46
2022-02-06 03:00:00+01:00,240.15
2022-02-06 04:00:00+01:00,238.36
2022-02-06 05:00:00+01:00,244.13
2022-02-06 06:00:00+01:00,243.88
2022-02-06 07:00:00+01:00,241.68
2022-02-06 08:00:00+01:00,238.32
2022-02-06 09:00:00+01:00,231.54
2022-02-06 10:00:00+01:00,227.87
2022-02-06 11:00:00+01:00,227.63
2022-02-06 12:00:00+01:00,231.43
2022-02-06 13:00:00+01:00,229.72
2022-02-06 14:00:00+01:00,229.96
2022-02-06 15:00:00+01:00,224.75
2022-02-06 16:00:00+01:00,228.95
2022-02-06 17:00:00+01:00,237.55
2022-02-06 18:00:00+01:00,290.83
2022-02-06 19:00:00+01:00,305.14
2022-02-06 20:00:00+01:00,311.57
2022-02-06 21:00:00+01:00,297.53
2022-02-06 22:00:00+01:00,286.36
2022-02-06 23:00:00+01:00,246.01
2022-02-07 00:00:00+01:00,246.43
2022-02-07 01:00:00+01:00,237.53
2022-02-07 02:00:00+01:00,236.08
2022-02-07 03:00:00+01:00,236.29
2022-02-07 04:00:00+01:00,225.29
2022-02-07 05:00:00+01:00,239.67
2022-02-07 06:00:00+01:00,266.18
2022-02-07 07:00:00+01:00,300.52
2022-02-07 08:00:00+01:00,341.75
2022-02-07 09:00:00+01:00,334.51
2022-02-07 10:00:00+01:00,386.31
2022-02-07 11:00:00+01:00,363.56
2022-02-07 12:00:00+01:00,350.08
2022-02-07 13:00:00+01:00,347.57
2022-02-07 14:00:00+01:00,266.18
2022-02-07 15:00:00+01:00,262.58
2022-02-07 16:00:00+01:00,268.89
2022-02-07 17:00:00+01:00,288.47
2022-02-07 18:00:00+01:00,326.45
2022-02-07 19:00:00+01:00,398.94
2022-02-07 20:00:00+01:00,393.71
2022-02-07 21:00:00+01:00,384.23
2022-02-07 22:00:00+01:00,277.52
2022-02-07 23:00:00+01:00,267.46
2022-02-08 00:00:00+01:00,237.25
2022-02-08 01:00:00+01:00,235.56
2022-02-08 02:00:00+01:00,231.53
2022-02-08 03:00:00+01:00,227.97
2022-02-08 04:00:00+01:00,238.58
2022-02-08 05:00:00+01:00,242.66
2022-02-08 06:00:00+01:00,247.82
2022-02-08 07:00:00+01:00,302.38
2022-02-08 08:00:00+01:00,339.18
2022-02-08 09:00:00+01:00,319.69
2022-02-08 10:00:00+01:00,362.25
2022-02-08 11:00:00+01:00,336.31
2022-02-08 12:00:00+01:00,332.08
2022-02-08 13:00:00+01:00,327.3
2022-02-08 14:00:00+01:00,322.81
2022-02-08 15:00:00+01:00,253.55
2022-02-08 16:00:00+01:00,261.75
2022-02-08 17:00:00+01:00,295.07
2022-02-08 18:00:00+01:00,402.59
2022-02-08 19:00:00+01:00,410.03
2022-02-08 20:00:00+01:00,396.55
2022-02-08 21:00:00+01:00,390.91
2022-02-08 22:00:00+01:00,359.79
2022-02-08 23:00:00+01:00,278.08
2022-02-09 00:00:00+01:00,250.09
2022-02-09 01:00:00+01:00,244.14
2022-02-09 02:00:00+01:00,244.04
2022-02-09 03:00:00+01:00,242.98
2022-02-09 04:00:00+01:00,241.75
2022-02-09 05:00:00+01:00,240.89
2022-02-09 06:00:00+01:00,258.56
2022-02-09 07:00:00+01:00,298.31
2022-02-09 08:00:00+01:00,336.22
2022-02-09 09:00:00+01:00,321.14
2022-02-09 10:00:00+01:00,302.05
2022-02-09 11:00:00+01:00,350.73
2022-02-09 12:00:00+01:00,338.92
2022-02-09 13:00:00+01:00,332.78
2022-02-09 14:00:00+01:00,326.62
2022-02-09 15:00:00+01:00,263.67
2022-02-09 16:00:00+01:00,267.25
2022-02-09 17:00:00+01:00,302.46
2022-02-09 18:00:00+01:00,341.13
2022-02-09 19:00:00+01:00,418.43
2022-02-09 20:00:00+01:00,401.95
2022-02-09 21:00:00+01:00,397.76
2022-02-09 22:00:00+01:00,380.72
2022-02-09 23:00:00+01:00,286.1
2022-02-10 00:00:00+01:00,263.85
2022-02-10 01:00:00+01:00,250.57
2022-02-10 02:00:00+01:00,243.75
2022-02-10 03:00:00+01:00,228.72
2022-02-10 04:00:00+01:00,231.66
2022-02-10 05:00:00+01:00,229.77
2022-02-10 06:00:00+01:00,260.54
2022-02-10 07:00:00+01:00,291.29
2022-02-10 08:00:00+01:00,324.41
2022-02-10 09:00:00+01:00,312.13
2022-02-10 10:00:00+01:00,294.44
2022-02-10 11:00:00+01:00,352.56
2022-02-10 12:00:00+01:00,337.94
2022-02-10 13:00:00+01:00,321.33
2022-02-10 14:00:00+01:00,317.57
2022-02-10 15:00:00+01:00,257.97
2022-02-10 16:00:00+01:00,273.67
2022-02-10 17:00:00+01:00,297.71
2022-02-10 18:00:00+01:00,397.61
2022-02-10 19:00:00+01:00,406.74
2022-02-10 20:00:00+01:00,389.63
2022-02-10 21:00:00+01:00,379.85
2022-02-10 22:00:00+01:00,356.55
2022-02-10 23:00:00+01:00,272.43
2022-02-11 00:00:00+01:00,254.3
2022-02-11 01:00:00+01:00,233.71
2022-02-11 02:00:00+01:00,232.08
2022-02-11 03:00:00+01:00,222.96
2022-02-11 04:00:00+01:00,219.9
2022-02-11 05:00:00+01:00,225.95
2022-02-11 06:00:00+01:00,253.47
2022-02-11 07:00:00+01:00,277.19
2022-02-11 08:00:00+01:00,313.26
2022-02-11 09:00:00+01:00,306.51
2022-02-11 10:00:00+01:00,285.84
2022-02-11 11:00:00+01:00,335.57
2022-02-11 12:00:00+01:00,316.73
2022-02-11 13:00:00+01:00,315.76
2022-02-11 14:00:00+01:00,245.77
2022-02-11 15:00:00+01:00,244.02
2022-02-11 16:00:00+01:00,250.93
2022-02-11 17:00:00+01:00,287.92
2022-02-11 18:00:00+01:00,384.75
2022-02-11 19:00:00+01:00,400.75
2022-02-11 20:00:00+01:00,375.36
2022-02-11 21:00:00+01:00,368.8
2022-02-11 22:00:00+01:00,282.8
2022-02-11 23:00:00+01:00,274.21
2022-02-12 00:00:00+01:00,271.25
2022-02-12 01:00:00+01:00,273.69
2022-02-12 02:00:00+01:00,270.4
2022-02-12 03:00:00+01:00,268.52
2022-02-12 04:00:00+01:00,265.0
2022-02-12 05:00:00+01:00,256.14
2022-02-12 06:00:00+01:00,260.54
2022-02-12 07:00:00+01:00,268.56
2022-02-12 08:00:00+01:00,270.24
2022-02-12 09:00:00+01:00,265.81
2022-02-12 10:00:00+01:00,253.59
2022-02-12 11:00:00+01:00,231.33
2022-02-12 12:00:00+01:00,226.58
2022-02-12 13:00:00+01:00,215.34
2022-02-12 14:00:00+01:00,212.51
2022-02-12 15:00:00+01:00,212.31
2022-02-12 16:00:00+01:00,220.33
2022-02-12 17:00:00+01:00,249.78
2022-02-12 18:00:00+01:00,271.88
2022-02-12 19:00:00+01:00,292.88
2022-02-12 20:00:00+01:00,277.82
2022-02-12 21:00:00+01:00,271.58
2022-02-12 22:00:00+01:00,258.46
2022-02-12 23:00:00+01:00,245.87
2022-02-13 00:00:00+01:00,278.3
2022-02-13 01:00:00+01:00,277.96
2022-02-13 02:00:00+01:00,277.14
2022-02-13 03:00:00+01:00,251.82
2022-02-13 04:00:00+01:00,232.38
2022-02-13 05:00:00+01:00,232.54
2022-02-13 06:00:00+01:00,232.54
2022-02-13 07:00:00+01:00,253.18
2022-02-13 08:00:00+01:00,226.72
2022-02-13 09:00:00+01:00,220.5
2022-02-13 10:00:00+01:00,209.46
2022-02-13 11:00:00+01:00,192.64
2022-02-13 12:00:00+01:00,193.32
2022-02-13 13:00:00+01:00,157.18
2022-02-13 14:00:00+01:00,99.3
2022-02-13 15:00:00+01:00,126.88
2022-02-13 16:00:00+01:00,146.38
2022-02-13 17:00:00+01:00,170.7
2022-02-13 18:00:00+01:00,218.18
2022-02-13 19:00:00+01:00,235.1
2022-02-13 20:00:00+01:00,259.89
2022-02-13 21:00:00+01:00,259.75
2022-02-13 22:00:00+01:00,219.7
2022-02-13 23:00:00+01:00,219.59
2022-02-14 00:00:00+01:00,207.71
2022-02-14 01:00:00+01:00,207.03
2022-02-14 02:00:00+01:00,200.28
2022-02-14 03:00:00+01:00,160.61
2022-02-14 04:00:00+01:00,157.67
2022-02-14 05:00:00+01:00,207.59
2022-02-14 06:00:00+01:00,227.46
2022-02-14 07:00:00+01:00,275.68
2022-02-14 08:00:00+01:00,307.03
2022-02-14 09:00:00+01:00,312.08
2022-02-14 10:00:00+01:00,368.87
2022-02-14 11:00:00+01:00,347.99
2022-02-14 12:00:00+01:00,314.15
2022-02-14 13:00:00+01:00,305.37
2022-02-14 14:00:00+01:00,301.3
2022-02-14 15:00:00+01:00,228.46
2022-02-14 16:00:00+01:00,238.75
2022-02-14 17:00:00+01:00,275.46
2022-02-14 18:00:00+01:00,379.79
2022-02-14 19:00:00+01:00,409.2
2022-02-14 20:00:00+01:00,383.8
2022-02-14 21:00:00+01:00,376.59
2022-02-14 22:00:00+01:00,289.33
2022-02-14 23:00:00+01:00,272.85
2022-02-15 00:00:00+01:00,256.73
2022-02-15 01:00:00+01:00,249.54
2022-02-15 02:00:00+01:00,241.13
2022-02-15 03:00:00+01:00,234.96
2022-02-15 04:00:00+01:00,225.46
2022-02-15 05:00:00+01:00,230.16
2022-02-15 06:00:00+01:00,265.73
2022-02-15 07:00:00+01:00,295.43
2022-02-15 08:00:00+01:00,340.23
2022-02-15 09:00:00+01:00,327.37
2022-02-15 10:00:00+01:00,303.54
2022-02-15 11:00:00+01:00,351.58
2022-02-15 12:00:00+01:00,329.76
2022-02-15 13:00:00+01:00,304.53
2022-02-15 14:00:00+01:00,234.48
2022-02-15 15:00:00+01:00,235.1
2022-02-15 16:00:00+01:00,240.1
2022-02-15 17:00:00+01:00,268.47
2022-02-15 18:00:00+01:00,313.8
2022-02-15 19:00:00+01:00,396.37
2022-02-15 20:00:00+01:00,406.28
2022-02-15 21:00:00+01:00,394.78
2022-02-15 22:00:00+01:00,375.23
2022-02-15 23:00:00+01:00,248.64
2022-02-16 00:00:00+01:00,222.53
2022-02-16 01:00:00+01:00,215.83
2022-02-16 02:00:00+01:00,213.42
2022-02-16 03:00:00+01:00,205.82
2022-02-16 04:00:00+01:00,203.2
2022-02-16 05:00:00+01:00,206.45
2022-02-16 06:00:00+01:00,216.02
2022-02-16 07:00:00+01:00,269.29
2022-02-16 08:00:00+01:00,301.04
2022-02-16 09:00:00+01:00,296.66
2022-02-16 10:00:00+01:00,317.73
2022-02-16 11:00:00+01:00,303.91
2022-02-16 12:00:00+01:00,308.1
2022-02-16 13:00:00+01:00,296.27
2022-02-16 14:00:00+01:00,281.54
2022-02-16 15:00:00+01:00,207.07
2022-02-16 16:00:00+01:00,206.98
2022-02-16 17:00:00+01:00,235.94
2022-02-16 18:00:00+01:00,295.91
2022-02-16 19:00:00+01:00,379.84
2022-02-16 20:00:00+01:00,392.08
2022-02-16 21:00:00+01:00,380.25
2022-02-16 22:00:00+01:00,288.25
2022-02-16 23:00:00+01:00,247.15
2022-02-17 00:00:00+01:00,176.52
2022-02-17 01:00:00+01:00,175.76
2022-02-17 02:00:00+01:00,149.07
2022-02-17 03:00:00+01:00,143.6
2022-02-17 04:00:00+01:00,143.59
2022-02-17 05:00:00+01:00,157.44
2022-02-17 06:00:00+01:00,186.52
2022-02-17 07:00:00+01:00,216.48
2022-02-17 08:00:00+01:00,272.64
2022-02-17 09:00:00+01:00,267.61
2022-02-17 10:00:00+01:00,239.87
2022-02-17 11:00:00+01:00,291.48
2022-02-17 12:00:00+01:00,280.91
2022-02-17 13:00:00+01:00,266.3
2022-02-17 14:00:00+01:00,271.82
2022-02-17 15:00:00+01:00,195.34
2022-02-17 16:00:00+01:00,225.97
2022-02-17 17:00:00+01:00,232.67
2022-02-17 18:00:00+01:00,294.39
2022-02-17 19:00:00+01:00,395.89
2022-02-17 20:00:00+01:00,429.83
2022-02-17 21:00:00+01:00,393.45
2022-02-17 22:00:00+01:00,287.57
2022-02-17 23:00:00+01:00,274.28
2022-02-18 00:00:00+01:00,262.69
2022-02-18 01:00:00+01:00,258.79
2022-02-18 02:00:00+01:00,250.0
2022-02-18 03:00:00+01:00,238.29
2022-02-18 04:00:00+01:00,230.58
2022-02-18 05:00:00+01:00,229.52
2022-02-18 06:00:00+01:00,255.9
2022-02-18 07:00:00+01:00,264.96
2022-02-18 08:00:00+01:00,295.13
2022-02-18 09:00:00+01:00,289.24
2022-02-18 10:00:00+01:00,282.64
2022-02-18 11:00:00+01:00,345.17
2022-02-18 12:00:00+01:00,332.55
2022-02-18 13:00:00+01:00,323.71
2022-02-18 14:00:00+01:00,230.18
2022-02-18 15:00:00+01:00,224.11
2022-02-18 16:00:00+01:00,226.2
2022-02-18 17:00:00+01:00,230.39
2022-02-18 18:00:00+01:00,341.71
2022-02-18 19:00:00+01:00,352.08
2022-02-18 20:00:00+01:00,341.37
2022-02-18 21:00:00+01:00,324.77
2022-02-18 22:00:00+01:00,293.95
2022-02-18 23:00:00+01:00,217.3
2022-02-19 00:00:00+01:00,177.03
2022-02-19 01:00:00+01:00,160.43
2022-02-19 02:00:00+01:00,146.89
2022-02-19 03:00:00+01:00,123.65
2022-02-19 04:00:00+01:00,130.7
2022-02-19 05:00:00+01:00,147.22
2022-02-19 06:00:00+01:00,163.47
2022-02-19 07:00:00+01:00,187.85
2022-02-19 08:00:00+01:00,187.94
2022-02-19 09:00:00+01:00,217.69
2022-02-19 10:00:00+01:00,181.46
2022-02-19 11:00:00+01:00,171.88
2022-02-19 12:00:00+01:00,160.51
2022-02-19 13:00:00+01:00,160.03
2022-02-19 14:00:00+01:00,160.79
2022-02-19 15:00:00+01:00,149.21
2022-02-19 16:00:00+01:00,151.63
2022-02-19 17:00:00+01:00,174.57
2022-02-19 18:00:00+01:00,220.32
2022-02-19 19:00:00+01:00,251.2
2022-02-19 20:00:00+01:00,258.12
2022-02-19 21:00:00+01:00,258.75
2022-02-19 22:00:00+01:00,253.07
2022-02-19 23:00:00+01:00,245.13
2022-02-20 00:00:00+01:00,254.69
2022-02-20 01:00:00+01:00,235.04
2022-02-20 02:00:00+01:00,209.22
2022-02-20 03:00:00+01:00,200.68
2022-02-20 04:00:00+01:00,201.98
2022-02-20 05:00:00+01:00,207.58
2022-02-20 06:00:00+01:00,222.91
2022-02-20 07:00:00+01:00,234.01
2022-02-20 08:00:00+01:00,204.59
2022-02-20 09:00:00+01:00,190.18
2022-02-20 10:00:00+01:00,178.11
2022-02-20 11:00:00+01:00,171.3
2022-02-20 12:00:00+01:00,170.35
2022-02-20 13:00:00+01:00,171.29
2022-02-20 14:00:00+01:00,170.44
2022-02-20 15:00:00+01:00,167.84
2022-02-20 16:00:00+01:00,174.69
2022-02-20 17:00:00+01:00,185.01
2022-02-20 18:00:00+01:00,258.95
2022-02-20 19:00:00+01:00,277.43
2022-02-20 20:00:00+01:00,284.53
2022-02-20 21:00:00+01:00,281.95
2022-02-20 22:00:00+01:00,270.47
2022-02-20 23:00:00+01:00,260.45
2022-02-21 00:00:00+01:00,260.14
2022-02-21 01:00:00+01:00,225.73
2022-02-21 02:00:00+01:00,221.62
2022-02-21 03:00:00+01:00,208.26
2022-02-21 04:00:00+01:00,202.29
2022-02-21 05:00:00+01:00,217.09
2022-02-21 06:00:00+01:00,263.26
2022-02-21 07:00:00+01:00,280.67
2022-02-21 08:00:00+01:00,307.21
2022-02-21 09:00:00+01:00,300.42
2022-02-21 10:00:00+01:00,276.42
2022-02-21 11:00:00+01:00,313.86
2022-02-21 12:00:00+01:00,304.7
2022-02-21 13:00:00+01:00,287.73
2022-02-21 14:00:00+01:00,280.61
2022-02-21 15:00:00+01:00,194.0
2022-02-21 16:00:00+01:00,214.57
2022-02-21 17:00:00+01:00,239.29
2022-02-21 18:00:00+01:00,375.12
2022-02-21 19:00:00+01:00,383.26
2022-02-21 20:00:00+01:00,392.45
2022-02-21 21:00:00+01:00,381.32
2022-02-21 22:00:00+01:00,297.71
2022-02-21 23:00:00+01:00,266.39
2022-02-22 00:00:00+01:00,229.31
2022-02-22 01:00:00+01:00,224.71
2022-02-22 02:00:00+01:00,221.7
2022-02-22 03:00:00+01:00,220.06
2022-02-22 04:00:00+01:00,214.17
2022-02-22 05:00:00+01:00,221.24
2022-02-22 06:00:00+01:00,249.4
2022-02-22 07:00:00+01:00,257.81
2022-02-22 08:00:00+01:00,293.09
2022-02-22 09:00:00+01:00,279.64
2022-02-22 10:00:00+01:00,338.31
2022-02-22 11:00:00+01:00,318.47
2022-02-22 12:00:00+01:00,315.58
2022-02-22 13:00:00+01:00,301.63
2022-02-22 14:00:00+01:00,283.33
2022-02-22 15:00:00+01:00,209.37
2022-02-22 16:00:00+01:00,214.53
2022-02-22 17:00:00+01:00,235.2
2022-02-22 18:00:00+01:00,358.43
2022-02-22 19:00:00+01:00,368.09
2022-02-22 20:00:00+01:00,374.04
2022-02-22 21:00:00+01:00,362.45
2022-02-22 22:00:00+01:00,272.45
2022-02-22 23:00:00+01:00,250.81
2022-02-23 00:00:00+01:00,231.22
2022-02-23 01:00:00+01:00,228.12
2022-02-23 02:00:00+01:00,224.04
2022-02-23 03:00:00+01:00,220.35
2022-02-23 04:00:00+01:00,219.71
2022-02-23 05:00:00+01:00,226.81
2022-02-23 06:00:00+01:00,260.51
2022-02-23 07:00:00+01:00,267.43
2022-02-23 08:00:00+01:00,298.3
2022-02-23 09:00:00+01:00,295.96
2022-02-23 10:00:00+01:00,353.31
2022-02-23 11:00:00+01:00,341.18
2022-02-23 12:00:00+01:00,328.68
2022-02-23 13:00:00+01:00,320.77
2022-02-23 14:00:00+01:00,307.53
2022-02-23 15:00:00+01:00,242.21
2022-02-23 16:00:00+01:00,255.74
2022-02-23 17:00:00+01:00,286.72
2022-02-23 18:00:00+01:00,388.23
2022-02-23 19:00:00+01:00,394.01
2022-02-23 20:00:00+01:00,400.87
2022-02-23 21:00:00+01:00,376.88
2022-02-23 22:00:00+01:00,360.86
2022-02-23 23:00:00+01:00,287.17
2022-02-24 00:00:00+01:00,269.49
2022-02-24 01:00:00+01:00,270.56
2022-02-24 02:00:00+01:00,267.04
2022-02-24 03:00:00+01:00,264.72
2022-02-24 04:00:00+01:00,268.69
2022-02-24 05:00:00+01:00,267.08
2022-02-24 06:00:00+01:00,270.99
2022-02-24 07:00:00+01:00,273.78
2022-02-24 08:00:00+01:00,317.51
2022-02-24 09:00:00+01:00,300.16
2022-02-24 10:00:00+01:00,360.94
2022-02-24 11:00:00+01:00,358.93
2022-02-24 12:00:00+01:00,358.63
2022-02-24 13:00:00+01:00,354.61
2022-02-24 14:00:00+01:00,286.3
2022-02-24 15:00:00+01:00,270.49
2022-02-24 16:00:00+01:00,252.55
2022-02-24 17:00:00+01:00,266.93
2022-02-24 18:00:00+01:00,286.42
2022-02-24 19:00:00+01:00,373.22
2022-02-24 20:00:00+01:00,366.36
2022-02-24 21:00:00+01:00,360.03
2022-02-24 22:00:00+01:00,338.39
2022-02-24 23:00:00+01:00,235.73
2022-02-25 00:00:00+01:00,300.05
2022-02-25 01:00:00+01:00,263.35
2022-02-25 02:00:00+01:00,249.82
2022-02-25 03:00:00+01:00,226.42
2022-02-25 04:00:00+01:00,218.47
2022-02-25 05:00:00+01:00,237.67
2022-02-25 06:00:00+01:00,274.9
2022-02-25 07:00:00+01:00,338.49
2022-02-25 08:00:00+01:00,364.24
2022-02-25 09:00:00+01:00,363.8
2022-02-25 10:00:00+01:00,423.71
2022-02-25 11:00:00+01:00,403.9
2022-02-25 12:00:00+01:00,412.47
2022-02-25 13:00:00+01:00,397.71
2022-02-25 14:00:00+01:00,323.9
2022-02-25 15:00:00+01:00,318.89
2022-02-25 16:00:00+01:00,328.78
2022-02-25 17:00:00+01:00,353.91
2022-02-25 18:00:00+01:00,448.19
2022-02-25 19:00:00+01:00,473.25
2022-02-25 20:00:00+01:00,461.81
2022-02-25 21:00:00+01:00,445.28
2022-02-25 22:00:00+01:00,433.71
2022-02-25 23:00:00+01:00,360.61
2022-02-26 00:00:00+01:00,364.0
2022-02-26 01:00:00+01:00,346.09
2022-02-26 02:00:00+01:00,342.66
2022-02-26 03:00:00+01:00,328.89
2022-02-26 04:00:00+01:00,320.37
2022-02-26 05:00:00+01:00,319.23
2022-02-26 06:00:00+01:00,329.69
2022-02-26 07:00:00+01:00,343.14
2022-02-26 08:00:00+01:00,351.43
2022-02-26 09:00:00+01:00,336.24
2022-02-26 10:00:00+01:00,307.7
2022-02-26 11:00:00+01:00,304.99
2022-02-26 12:00:00+01:00,302.89
2022-02-26 13:00:00+01:00,298.75
2022-02-26 14:00:00+01:00,298.58
2022-02-26 15:00:00+01:00,300.62
2022-02-26 16:00:00+01:00,302.93
2022-02-26 17:00:00+01:00,327.86
2022-02-26 18:00:00+01:00,378.69
2022-02-26 19:00:00+01:00,379.04
2022-02-26 20:00:00+01:00,373.25
2022-02-26 21:00:00+01:00,376.17
2022-02-26 22:00:00+01:00,337.12
2022-02-26 23:00:00+01:00,331.71
2022-02-27 00:00:00+01:00,330.95
2022-02-27 01:00:00+01:00,328.27
2022-02-27 02:00:00+01:00,303.81
2022-02-27 03:00:00+01:00,301.1
2022-02-27 04:00:00+01:00,308.62
2022-02-27 05:00:00+01:00,315.91
2022-02-27 06:00:00+01:00,336.77
2022-02-27 07:00:00+01:00,336.92
2022-02-27 08:00:00+01:00,331.02
2022-02-27 09:00:00+01:00,327.29
2022-02-27 10:00:00+01:00,321.29
2022-02-27 11:00:00+01:00,314.02
2022-02-27 12:00:00+01:00,301.22
2022-02-27 13:00:00+01:00,314.44
2022-02-27 14:00:00+01:00,314.52
2022-02-27 15:00:00+01:00,271.99
2022-02-27 16:00:00+01:00,275.05
2022-02-27 17:00:00+01:00,302.26
2022-02-27 18:00:00+01:00,354.44
2022-02-27 19:00:00+01:00,379.62
2022-02-27 20:00:00+01:00,437.58
2022-02-27 21:00:00+01:00,437.11
2022-02-27 22:00:00+01:00,386.41
2022-02-27 23:00:00+01:00,352.61
2022-02-28 00:00:00+01:00,374.51
2022-02-28 01:00:00+01:00,370.2
2022-02-28 02:00:00+01:00,369.32
2022-02-28 03:00:00+01:00,370.91
2022-02-28 04:00:00+01:00,366.09
2022-02-28 05:00:00+01:00,367.94
2022-02-28 06:00:00+01:00,365.32
2022-02-28 07:00:00+01:00,401.68
2022-02-28 08:00:00+01:00,408.48
2022-02-28 09:00:00+01:00,380.56
2022-02-28 10:00:00+01:00,418.96
2022-02-28 11:00:00+01:00,374.67
2022-02-28 12:00:00+01:00,379.01
2022-02-28 13:00:00+01:00,375.95
2022-02-28 14:00:00+01:00,303.02
2022-02-28 15:00:00+01:00,303.42
2022-02-28 16:00:00+01:00,347.2
2022-02-28 17:00:00+01:00,379.33
2022-02-28 18:00:00+01:00,475.04
2022-02-28 19:00:00+01:00,496.98
2022-02-28 20:00:00+01:00,527.63
2022-02-28 21:00:00+01:00,501.97
2022-02-28 22:00:00+01:00,388.23
2022-02-28 23:00:00+01:00,377.11
2022-03-01 00:00:00+01:00,341.15
2022-03-01 01:00:00+01:00,332.83
2022-03-01 02:00:00+01:00,313.74
2022-03-01 03:00:00+01:00,294.06
2022-03-01 04:00:00+01:00,290.17
2022-03-01 05:00:00+01:00,298.85
2022-03-01 06:00:00+01:00,338.48
2022-03-01 07:00:00+01:00,369.83
2022-03-01 08:00:00+01:00,399.19
2022-03-01 09:00:00+01:00,386.21
2022-03-01 10:00:00+01:00,349.98
2022-03-01 11:00:00+01:00,377.43
2022-03-01 12:00:00+01:00,372.2
2022-03-01 13:00:00+01:00,366.81
2022-03-01 14:00:00+01:00,369.02
2022-03-01 15:00:00+01:00,299.92
2022-03-01 16:00:00+01:00,305.13
2022-03-01 17:00:00+01:00,348.68
2022-03-01 18:00:00+01:00,447.15
2022-03-01 19:00:00+01:00,484.59
2022-03-01 20:00:00+01:00,485.14
2022-03-01 21:00:00+01:00,460.54
2022-03-01 22:00:00+01:00,360.81
2022-03-01 23:00:00+01:00,355.89
2022-03-02 00:00:00+01:00,318.92
2022-03-02 01:00:00+01:00,318.92
2022-03-02 02:00:00+01:00,319.72
2022-03-02 03:00:00+01:00,305.83
2022-03-02 04:00:00+01:00,306.31
2022-03-02 05:00:00+01:00,321.2
2022-03-02 06:00:00+01:00,335.65
2022-03-02 07:00:00+01:00,364.6
2022-03-02 08:00:00+01:00,407.07
2022-03-02 09:00:00+01:00,384.59
2022-03-02 10:00:00+01:00,422.17
2022-03-02 11:00:00+01:00,407.71
2022-03-02 12:00:00+01:00,396.56
2022-03-02 13:00:00+01:00,372.27
2022-03-02 14:00:00+01:00,353.69
2022-03-02 15:00:00+01:00,281.27
2022-03-02 16:00:00+01:00,286.67
2022-03-02 17:00:00+01:00,309.61
2022-03-02 18:00:00+01:00,417.84
2022-03-02 19:00:00+01:00,447.34
2022-03-02 20:00:00+01:00,461.54
2022-03-02 21:00:00+01:00,442.56
2022-03-02 22:00:00+01:00,357.44
2022-03-02 23:00:00+01:00,343.18
2022-03-03 00:00:00+01:00,417.85
2022-03-03 01:00:00+01:00,413.35
2022-03-03 02:00:00+01:00,413.08
2022-03-03 03:00:00+01:00,404.39
2022-03-03 04:00:00+01:00,404.78
2022-03-03 05:00:00+01:00,427.28
2022-03-03 06:00:00+01:00,462.65
2022-03-03 07:00:00+01:00,487.09
2022-03-03 08:00:00+01:00,519.32
2022-03-03 09:00:00+01:00,468.74
2022-03-03 10:00:00+01:00,530.68
2022-03-03 11:00:00+01:00,529.18
2022-03-03 12:00:00+01:00,524.98
2022-03-03 13:00:00+01:00,518.35
2022-03-03 14:00:00+01:00,422.1
2022-03-03 15:00:00+01:00,418.59
2022-03-03 16:00:00+01:00,440.8
2022-03-03 17:00:00+01:00,452.78
2022-03-03 18:00:00+01:00,532.02
2022-03-03 19:00:00+01:00,540.17
2022-03-03 20:00:00+01:00,541.37
2022-03-03 21:00:00+01:00,530.51
2022-03-03 22:00:00+01:00,438.34
2022-03-03 23:00:00+01:00,361.08
2022-03-04 00:00:00+01:00,446.38
2022-03-04 01:00:00+01:00,360.02
2022-03-04 02:00:00+01:00,360.53
2022-03-04 03:00:00+01:00,358.1
2022-03-04 04:00:00+01:00,356.11
2022-03-04 05:00:00+01:00,357.67
2022-03-04 06:00:00+01:00,355.12
2022-03-04 07:00:00+01:00,463.77
2022-03-04 08:00:00+01:00,499.46
2022-03-04 09:00:00+01:00,484.33
2022-03-04 10:00:00+01:00,547.73
2022-03-04 11:00:00+01:00,501.02
2022-03-04 12:00:00+01:00,516.93
2022-03-04 13:00:00+01:00,478.42
2022-03-04 14:00:00+01:00,419.01
2022-03-04 15:00:00+01:00,439.82
2022-03-04 16:00:00+01:00,468.69
2022-03-04 17:00:00+01:00,500.96
2022-03-04 18:00:00+01:00,585.83
2022-03-04 19:00:00+01:00,606.36
2022-03-04 20:00:00+01:00,592.05
2022-03-04 21:00:00+01:00,582.01
2022-03-04 22:00:00+01:00,578.28
2022-03-04 23:00:00+01:00,494.44
2022-03-05 00:00:00+01:00,479.4
2022-03-05 01:00:00+01:00,469.51
2022-03-05 02:00:00+01:00,466.04
2022-03-05 03:00:00+01:00,445.71
2022-03-05 04:00:00+01:00,456.33
2022-03-05 05:00:00+01:00,464.85
2022-03-05 06:00:00+01:00,484.5
2022-03-05 07:00:00+01:00,487.84
2022-03-05 08:00:00+01:00,470.36
2022-03-05 09:00:00+01:00,455.32
2022-03-05 10:00:00+01:00,446.11
2022-03-05 11:00:00+01:00,442.95
2022-03-05 12:00:00+01:00,441.17
2022-03-05 13:00:00+01:00,447.5
2022-03-05 14:00:00+01:00,445.48
2022-03-05 15:00:00+01:00,387.95
2022-03-05 16:00:00+01:00,429.93
2022-03-05 17:00:00+01:00,479.88
2022-03-05 18:00:00+01:00,507.32
2022-03-05 19:00:00+01:00,510.99
2022-03-05 20:00:00+01:00,498.26
2022-03-05 21:00:00+01:00,487.49
2022-03-05 22:00:00+01:00,478.36
2022-03-05 23:00:00+01:00,458.84
2022-03-06 00:00:00+01:00,501.03
2022-03-06 01:00:00+01:00,469.12
2022-03-06 02:00:00+01:00,465.46
2022-03-06 03:00:00+01:00,455.81
2022-03-06 04:00:00+01:00,463.23
2022-03-06 05:00:00+01:00,466.94
2022-03-06 06:00:00+01:00,474.26
2022-03-06 07:00:00+01:00,494.02
2022-03-06 08:00:00+01:00,467.42
2022-03-06 09:00:00+01:00,496.4
2022-03-06 10:00:00+01:00,440.01
2022-03-06 11:00:00+01:00,433.84
2022-03-06 12:00:00+01:00,438.41
2022-03-06 13:00:00+01:00,423.03
2022-03-06 14:00:00+01:00,437.65
2022-03-06 15:00:00+01:00,429.55
2022-03-06 16:00:00+01:00,432.0
2022-03-06 17:00:00+01:00,486.08
2022-03-06 18:00:00+01:00,547.07
2022-03-06 19:00:00+01:00,568.18
2022-03-06 20:00:00+01:00,585.36
2022-03-06 21:00:00+01:00,585.85
2022-03-06 22:00:00+01:00,568.67
2022-03-06 23:00:00+01:00,565.1
2022-03-07 00:00:00+01:00,566.41
2022-03-07 01:00:00+01:00,553.54
2022-03-07 02:00:00+01:00,548.15
2022-03-07 03:00:00+01:00,531.62
2022-03-07 04:00:00+01:00,526.92
2022-03-07 05:00:00+01:00,552.5
2022-03-07 06:00:00+01:00,588.57
2022-03-07 07:00:00+01:00,616.65
2022-03-07 08:00:00+01:00,644.09
2022-03-07 09:00:00+01:00,612.2
2022-03-07 10:00:00+01:00,640.09
2022-03-07 11:00:00+01:00,638.74
2022-03-07 12:00:00+01:00,638.88
2022-03-07 13:00:00+01:00,634.58
2022-03-07 14:00:00+01:00,540.72
2022-03-07 15:00:00+01:00,492.99
2022-03-07 16:00:00+01:00,514.14
2022-03-07 17:00:00+01:00,577.71
2022-03-07 18:00:00+01:00,674.92
2022-03-07 19:00:00+01:00,710.78
2022-03-07 20:00:00+01:00,678.16
2022-03-07 21:00:00+01:00,649.17
2022-03-07 22:00:00+01:00,624.01
2022-03-07 23:00:00+01:00,503.56
2022-03-08 00:00:00+01:00,568.16
2022-03-08 01:00:00+01:00,576.32
2022-03-08 02:00:00+01:00,588.29
2022-03-08 03:00:00+01:00,561.63
2022-03-08 04:00:00+01:00,567.05
2022-03-08 05:00:00+01:00,579.88
2022-03-08 06:00:00+01:00,696.85
2022-03-08 07:00:00+01:00,744.25
2022-03-08 08:00:00+01:00,816.67
2022-03-08 09:00:00+01:00,755.51
2022-03-08 10:00:00+01:00,799.08
2022-03-08 11:00:00+01:00,755.51
2022-03-08 12:00:00+01:00,716.22
2022-03-08 13:00:00+01:00,650.36
2022-03-08 14:00:00+01:00,641.9
2022-03-08 15:00:00+01:00,573.91
2022-03-08 16:00:00+01:00,652.85
2022-03-08 17:00:00+01:00,768.36
2022-03-08 18:00:00+01:00,823.56
2022-03-08 19:00:00+01:00,954.01
2022-03-08 20:00:00+01:00,895.26
2022-03-08 21:00:00+01:00,891.42
2022-03-08 22:00:00+01:00,822.73
2022-03-08 23:00:00+01:00,766.61
2022-03-09 00:00:00+01:00,641.16
2022-03-09 01:00:00+01:00,577.89
2022-03-09 02:00:00+01:00,565.8
2022-03-09 03:00:00+01:00,555.37
2022-03-09 04:00:00+01:00,555.24
2022-03-09 05:00:00+01:00,567.05
2022-03-09 06:00:00+01:00,658.32
2022-03-09 07:00:00+01:00,714.12
2022-03-09 08:00:00+01:00,710.07
2022-03-09 09:00:00+01:00,636.58
2022-03-09 10:00:00+01:00,626.48
2022-03-09 11:00:00+01:00,576.56
2022-03-09 12:00:00+01:00,533.23
2022-03-09 13:00:00+01:00,528.84
2022-03-09 14:00:00+01:00,545.44
2022-03-09 15:00:00+01:00,508.58
2022-03-09 16:00:00+01:00,548.26
2022-03-09 17:00:00+01:00,660.09
2022-03-09 18:00:00+01:00,766.83
2022-03-09 19:00:00+01:00,827.93
2022-03-09 20:00:00+01:00,778.69
2022-03-09 21:00:00+01:00,769.34
2022-03-09 22:00:00+01:00,671.53
2022-03-09 23:00:00+01:00,618.99
2022-03-10 00:00:00+01:00,485.67
2022-03-10 01:00:00+01:00,423.92
2022-03-10 02:00:00+01:00,436.54
2022-03-10 03:00:00+01:00,436.62
2022-03-10 04:00:00+01:00,436.61
2022-03-10 05:00:00+01:00,443.96
2022-03-10 06:00:00+01:00,525.45
2022-03-10 07:00:00+01:00,539.99
2022-03-10 08:00:00+01:00,582.28
2022-03-10 09:00:00+01:00,539.46
2022-03-10 10:00:00+01:00,582.24
2022-03-10 11:00:00+01:00,530.54
2022-03-10 12:00:00+01:00,533.65
2022-03-10 13:00:00+01:00,514.98
2022-03-10 14:00:00+01:00,421.01
2022-03-10 15:00:00+01:00,421.76
2022-03-10 16:00:00+01:00,424.59
2022-03-10 17:00:00+01:00,503.84
2022-03-10 18:00:00+01:00,612.45
2022-03-10 19:00:00+01:00,642.77
2022-03-10 20:00:00+01:00,627.87
2022-03-10 21:00:00+01:00,604.22
2022-03-10 22:00:00+01:00,438.05
2022-03-10 23:00:00+01:00,434.96
2022-03-11 00:00:00+01:00,354.44
2022-03-11 01:00:00+01:00,334.51
2022-03-11 02:00:00+01:00,321.78
2022-03-11 03:00:00+01:00,281.52
2022-03-11 04:00:00+01:00,223.48
2022-03-11 05:00:00+01:00,244.18
2022-03-11 06:00:00+01:00,354.35
2022-03-11 07:00:00+01:00,384.5
2022-03-11 08:00:00+01:00,414.8
2022-03-11 09:00:00+01:00,405.94
2022-03-11 10:00:00+01:00,462.67
2022-03-11 11:00:00+01:00,432.59
2022-03-11 12:00:00+01:00,437.73
2022-03-11 13:00:00+01:00,429.75
2022-03-11 14:00:00+01:00,365.83
2022-03-11 15:00:00+01:00,365.48
2022-03-11 16:00:00+01:00,369.98
2022-03-11 17:00:00+01:00,401.07
2022-03-11 18:00:00+01:00,415.21
2022-03-11 19:00:00+01:00,530.12
2022-03-11 20:00:00+01:00,585.85
2022-03-11 21:00:00+01:00,593.09
2022-03-11 22:00:00+01:00,453.33
2022-03-11 23:00:00+01:00,437.23
2022-03-12 00:00:00+01:00,370.6
2022-03-12 01:00:00+01:00,365.9
2022-03-12 02:00:00+01:00,361.13
2022-03-12 03:00:00+01:00,326.98
2022-03-12 04:00:00+01:00,320.34
2022-03-12 05:00:00+01:00,334.89
2022-03-12 06:00:00+01:00,331.86
2022-03-12 07:00:00+01:00,349.82
2022-03-12 08:00:00+01:00,331.65
2022-03-12 09:00:00+01:00,304.26
2022-03-12 10:00:00+01:00,267.41
2022-03-12 11:00:00+01:00,259.33
2022-03-12 12:00:00+01:00,253.14
2022-03-12 13:00:00+01:00,253.06
2022-03-12 14:00:00+01:00,248.69
2022-03-12 15:00:00+01:00,252.13
2022-03-12 16:00:00+01:00,264.92
2022-03-12 17:00:00+01:00,280.62
2022-03-12 18:00:00+01:00,359.57
2022-03-12 19:00:00+01:00,366.05
2022-03-12 20:00:00+01:00,367.55
2022-03-12 21:00:00+01:00,356.08
2022-03-12 22:00:00+01:00,342.48
2022-03-12 23:00:00+01:00,334.92
2022-03-13 00:00:00+01:00,288.26
2022-03-13 01:00:00+01:00,290.99
2022-03-13 02:00:00+01:00,287.2
2022-03-13 03:00:00+01:00,269.1
2022-03-13 04:00:00+01:00,252.93
2022-03-13 05:00:00+01:00,284.58
2022-03-13 06:00:00+01:00,296.23
2022-03-13 07:00:00+01:00,297.88
2022-03-13 08:00:00+01:00,289.5
2022-03-13 09:00:00+01:00,320.76
2022-03-13 10:00:00+01:00,282.55
2022-03-13 11:00:00+01:00,276.41
2022-03-13 12:00:00+01:00,276.57
2022-03-13 13:00:00+01:00,318.31
2022-03-13 14:00:00+01:00,288.84
2022-03-13 15:00:00+01:00,290.6
2022-03-13 16:00:00+01:00,295.13
2022-03-13 17:00:00+01:00,332.5
2022-03-13 18:00:00+01:00,364.96
2022-03-13 19:00:00+01:00,452.38
2022-03-13 20:00:00+01:00,481.95
2022-03-13 21:00:00+01:00,436.44
2022-03-13 22:00:00+01:00,402.57
2022-03-13 23:00:00+01:00,383.85
2022-03-14 00:00:00+01:00,369.88
2022-03-14 01:00:00+01:00,360.39
2022-03-14 02:00:00+01:00,307.03
2022-03-14 03:00:00+01:00,299.77
2022-03-14 04:00:00+01:00,294.16
2022-03-14 05:00:00+01:00,304.93
2022-03-14 06:00:00+01:00,354.41
2022-03-14 07:00:00+01:00,360.13
2022-03-14 08:00:00+01:00,392.6
2022-03-14 09:00:00+01:00,384.78
2022-03-14 10:00:00+01:00,377.68
2022-03-14 11:00:00+01:00,438.22
2022-03-14 12:00:00+01:00,411.94
2022-03-14 13:00:00+01:00,368.92
2022-03-14 14:00:00+01:00,294.2
2022-03-14 15:00:00+01:00,295.33
2022-03-14 16:00:00+01:00,296.76
2022-03-14 17:00:00+01:00,298.22
2022-03-14 18:00:00+01:00,305.13
2022-03-14 19:00:00+01:00,428.44
2022-03-14 20:00:00+01:00,445.97
2022-03-14 21:00:00+01:00,444.48
2022-03-14 22:00:00+01:00,330.72
2022-03-14 23:00:00+01:00,303.46
2022-03-15 00:00:00+01:00,276.92
2022-03-15 01:00:00+01:00,277.01
2022-03-15 02:00:00+01:00,276.82
2022-03-15 03:00:00+01:00,277.89
2022-03-15 04:00:00+01:00,277.66
2022-03-15 05:00:00+01:00,277.74
2022-03-15 06:00:00+01:00,278.04
2022-03-15 07:00:00+01:00,305.85
2022-03-15 08:00:00+01:00,349.91
2022-03-15 09:00:00+01:00,344.89
2022-03-15 10:00:00+01:00,338.24
2022-03-15 11:00:00+01:00,407.15
2022-03-15 12:00:00+01:00,399.51
2022-03-15 13:00:00+01:00,398.44
2022-03-15 14:00:00+01:00,330.27
2022-03-15 15:00:00+01:00,339.15
2022-03-15 16:00:00+01:00,340.88
2022-03-15 17:00:00+01:00,341.87
2022-03-15 18:00:00+01:00,441.91
2022-03-15 19:00:00+01:00,464.01
2022-03-15 20:00:00+01:00,479.85
2022-03-15 21:00:00+01:00,472.04
2022-03-15 22:00:00+01:00,378.47
2022-03-15 23:00:00+01:00,358.19
2022-03-16 00:00:00+01:00,320.9
2022-03-16 01:00:00+01:00,321.57
2022-03-16 02:00:00+01:00,321.58
2022-03-16 03:00:00+01:00,307.67
2022-03-16 04:00:00+01:00,305.62
2022-03-16 05:00:00+01:00,320.29
2022-03-16 06:00:00+01:00,359.73
2022-03-16 07:00:00+01:00,372.25
2022-03-16 08:00:00+01:00,409.7
2022-03-16 09:00:00+01:00,387.38
2022-03-16 10:00:00+01:00,431.87
2022-03-16 11:00:00+01:00,418.03
2022-03-16 12:00:00+01:00,424.15
2022-03-16 13:00:00+01:00,423.84
2022-03-16 14:00:00+01:00,431.15
2022-03-16 15:00:00+01:00,361.67
2022-03-16 16:00:00+01:00,353.5
2022-03-16 17:00:00+01:00,364.38
2022-03-16 18:00:00+01:00,410.07
2022-03-16 19:00:00+01:00,421.5
2022-03-16 20:00:00+01:00,439.06
2022-03-16 21:00:00+01:00,421.68
2022-03-16 22:00:00+01:00,335.84
2022-03-16 23:00:00+01:00,274.14
2022-03-17 00:00:00+01:00,264.74
2022-03-17 01:00:00+01:00,257.03
2022-03-17 02:00:00+01:00,248.57
2022-03-17 03:00:00+01:00,245.58
2022-03-17 04:00:00+01:00,245.03
2022-03-17 05:00:00+01:00,249.42
2022-03-17 06:00:00+01:00,253.6
2022-03-17 07:00:00+01:00,300.85
2022-03-17 08:00:00+01:00,322.82
2022-03-17 09:00:00+01:00,307.36
2022-03-17 10:00:00+01:00,348.01
2022-03-17 11:00:00+01:00,337.14
2022-03-17 12:00:00+01:00,346.38
2022-03-17 13:00:00+01:00,345.57
2022-03-17 14:00:00+01:00,342.0
2022-03-17 15:00:00+01:00,284.84
2022-03-17 16:00:00+01:00,286.43
2022-03-17 17:00:00+01:00,313.53
2022-03-17 18:00:00+01:00,396.99
2022-03-17 19:00:00+01:00,434.2
2022-03-17 20:00:00+01:00,464.03
2022-03-17 21:00:00+01:00,419.67
2022-03-17 22:00:00+01:00,333.48
2022-03-17 23:00:00+01:00,330.2
2022-03-18 00:00:00+01:00,264.55
2022-03-18 01:00:00+01:00,263.49
2022-03-18 02:00:00+01:00,263.4
2022-03-18 03:00:00+01:00,264.26
2022-03-18 04:00:00+01:00,264.3
2022-03-18 05:00:00+01:00,266.23
2022-03-18 06:00:00+01:00,269.38
2022-03-18 07:00:00+01:00,308.95
2022-03-18 08:00:00+01:00,338.68
2022-03-18 09:00:00+01:00,331.26
2022-03-18 10:00:00+01:00,392.52
2022-03-18 11:00:00+01:00,375.7
2022-03-18 12:00:00+01:00,374.96
2022-03-18 13:00:00+01:00,361.04
2022-03-18 14:00:00+01:00,293.08
2022-03-18 15:00:00+01:00,310.28
2022-03-18 16:00:00+01:00,328.53
2022-03-18 17:00:00+01:00,337.9
2022-03-18 18:00:00+01:00,373.03
2022-03-18 19:00:00+01:00,456.27
2022-03-18 20:00:00+01:00,458.78
2022-03-18 21:00:00+01:00,450.62
2022-03-18 22:00:00+01:00,349.32
2022-03-18 23:00:00+01:00,309.69
2022-03-19 00:00:00+01:00,330.64
2022-03-19 01:00:00+01:00,323.01
2022-03-19 02:00:00+01:00,297.2
2022-03-19 03:00:00+01:00,268.94
2022-03-19 04:00:00+01:00,266.25
2022-03-19 05:00:00+01:00,266.77
2022-03-19 06:00:00+01:00,287.39
2022-03-19 07:00:00+01:00,272.79
2022-03-19 08:00:00+01:00,300.08
2022-03-19 09:00:00+01:00,296.36
2022-03-19 10:00:00+01:00,282.43
2022-03-19 11:00:00+01:00,244.02
2022-03-19 12:00:00+01:00,242.85
2022-03-19 13:00:00+01:00,238.12
2022-03-19 14:00:00+01:00,238.73
2022-03-19 15:00:00+01:00,239.74
2022-03-19 16:00:00+01:00,243.43
2022-03-19 17:00:00+01:00,252.68
2022-03-19 18:00:00+01:00,295.11
2022-03-19 19:00:00+01:00,359.01
2022-03-19 20:00:00+01:00,349.79
2022-03-19 21:00:00+01:00,325.69
2022-03-19 22:00:00+01:00,314.34
2022-03-19 23:00:00+01:00,312.52
2022-03-20 00:00:00+01:00,280.04
2022-03-20 01:00:00+01:00,286.85
2022-03-20 02:00:00+01:00,280.78
2022-03-20 03:00:00+01:00,271.11
2022-03-20 04:00:00+01:00,271.31
2022-03-20 05:00:00+01:00,271.93
2022-03-20 06:00:00+01:00,278.93
2022-03-20 07:00:00+01:00,288.97
2022-03-20 08:00:00+01:00,264.56
2022-03-20 09:00:00+01:00,259.1
2022-03-20 10:00:00+01:00,255.01
2022-03-20 11:00:00+01:00,254.09
2022-03-20 12:00:00+01:00,246.09
2022-03-20 13:00:00+01:00,247.26
2022-03-20 14:00:00+01:00,244.75
2022-03-20 15:00:00+01:00,244.19
2022-03-20 16:00:00+01:00,245.07
2022-03-20 17:00:00+01:00,248.81
2022-03-20 18:00:00+01:00,261.21
2022-03-20 19:00:00+01:00,304.99
2022-03-20 20:00:00+01:00,315.41
2022-03-20 21:00:00+01:00,313.44
2022-03-20 22:00:00+01:00,308.29
2022-03-20 23:00:00+01:00,259.59
2022-03-21 00:00:00+01:00,286.13
2022-03-21 01:00:00+01:00,262.99
2022-03-21 02:00:00+01:00,263.05
2022-03-21 03:00:00+01:00,261.44
2022-03-21 04:00:00+01:00,258.47
2022-03-21 05:00:00+01:00,263.16
2022-03-21 06:00:00+01:00,277.26
2022-03-21 07:00:00+01:00,307.53
2022-03-21 08:00:00+01:00,334.67
2022-03-21 09:00:00+01:00,332.47
2022-03-21 10:00:00+01:00,393.03
2022-03-21 11:00:00+01:00,364.87
2022-03-21 12:00:00+01:00,369.19
2022-03-21 13:00:00+01:00,363.7
2022-03-21 14:00:00+01:00,292.66
2022-03-21 15:00:00+01:00,294.46
2022-03-21 16:00:00+01:00,320.17
2022-03-21 17:00:00+01:00,334.74
2022-03-21 18:00:00+01:00,424.71
2022-03-21 19:00:00+01:00,440.07
2022-03-21 20:00:00+01:00,451.56
2022-03-21 21:00:00+01:00,421.41
2022-03-21 22:00:00+01:00,328.66
2022-03-21 23:00:00+01:00,317.37
2022-03-22 00:00:00+01:00,286.25
2022-03-22 01:00:00+01:00,279.76
2022-03-22 02:00:00+01:00,271.67
2022-03-22 03:00:00+01:00,262.51
2022-03-22 04:00:00+01:00,267.65
2022-03-22 05:00:00+01:00,281.42
2022-03-22 06:00:00+01:00,277.61
2022-03-22 07:00:00+01:00,309.19
2022-03-22 08:00:00+01:00,340.2
2022-03-22 09:00:00+01:00,329.02
2022-03-22 10:00:00+01:00,363.56
2022-03-22 11:00:00+01:00,356.88
2022-03-22 12:00:00+01:00,359.34
2022-03-22 13:00:00+01:00,338.94
2022-03-22 14:00:00+01:00,336.74
2022-03-22 15:00:00+01:00,274.52
2022-03-22 16:00:00+01:00,311.69
2022-03-22 17:00:00+01:00,331.93
2022-03-22 18:00:00+01:00,333.21
2022-03-22 19:00:00+01:00,415.34
2022-03-22 20:00:00+01:00,440.38
2022-03-22 21:00:00+01:00,414.55
2022-03-22 22:00:00+01:00,329.92
2022-03-22 23:00:00+01:00,296.78
2022-03-23 00:00:00+01:00,281.41
2022-03-23 01:00:00+01:00,248.9
2022-03-23 02:00:00+01:00,244.42
2022-03-23 03:00:00+01:00,240.85
2022-03-23 04:00:00+01:00,239.23
2022-03-23 05:00:00+01:00,240.18
2022-03-23 06:00:00+01:00,238.96
2022-03-23 07:00:00+01:00,289.14
2022-03-23 08:00:00+01:00,329.22
2022-03-23 09:00:00+01:00,321.08
2022-03-23 10:00:00+01:00,365.32
2022-03-23 11:00:00+01:00,354.46
2022-03-23 12:00:00+01:00,349.1
2022-03-23 13:00:00+01:00,339.83
2022-03-23 14:00:00+01:00,340.5
2022-03-23 15:00:00+01:00,279.67
2022-03-23 16:00:00+01:00,296.39
2022-03-23 17:00:00+01:00,300.58
2022-03-23 18:00:00+01:00,383.54
2022-03-23 19:00:00+01:00,398.97
2022-03-23 20:00:00+01:00,405.1
2022-03-23 21:00:00+01:00,401.23
2022-03-23 22:00:00+01:00,384.88
2022-03-23 23:00:00+01:00,296.84
2022-03-24 00:00:00+01:00,284.0
2022-03-24 01:00:00+01:00,277.15
2022-03-24 02:00:00+01:00,251.43
2022-03-24 03:00:00+01:00,245.71
2022-03-24 04:00:00+01:00,245.86
2022-03-24 05:00:00+01:00,259.66
2022-03-24 06:00:00+01:00,294.4
2022-03-24 07:00:00+01:00,301.41
2022-03-24 08:00:00+01:00,330.88
2022-03-24 09:00:00+01:00,329.41
2022-03-24 10:00:00+01:00,320.75
2022-03-24 11:00:00+01:00,370.11
2022-03-24 12:00:00+01:00,359.82
2022-03-24 13:00:00+01:00,361.38
2022-03-24 14:00:00+01:00,293.7
2022-03-24 15:00:00+01:00,291.93
2022-03-24 16:00:00+01:00,316.07
2022-03-24 17:00:00+01:00,329.57
2022-03-24 18:00:00+01:00,330.46
2022-03-24 19:00:00+01:00,406.47
2022-03-24 20:00:00+01:00,431.14
2022-03-24 21:00:00+01:00,407.77
2022-03-24 22:00:00+01:00,328.19
2022-03-24 23:00:00+01:00,319.38
2022-03-25 00:00:00+01:00,335.93
2022-03-25 01:00:00+01:00,319.66
2022-03-25 02:00:00+01:00,307.86
2022-03-25 03:00:00+01:00,303.84
2022-03-25 04:00:00+01:00,299.19
2022-03-25 05:00:00+01:00,326.28
2022-03-25 06:00:00+01:00,334.48
2022-03-25 07:00:00+01:00,352.73
2022-03-25 08:00:00+01:00,384.56
2022-03-25 09:00:00+01:00,382.94
2022-03-25 10:00:00+01:00,441.68
2022-03-25 11:00:00+01:00,421.21
2022-03-25 12:00:00+01:00,407.98
2022-03-25 13:00:00+01:00,404.34
2022-03-25 14:00:00+01:00,332.98
2022-03-25 15:00:00+01:00,319.16
2022-03-25 16:00:00+01:00,341.2
2022-03-25 17:00:00+01:00,372.03
2022-03-25 18:00:00+01:00,452.25
2022-03-25 19:00:00+01:00,467.82
2022-03-25 20:00:00+01:00,470.54
2022-03-25 21:00:00+01:00,449.98
2022-03-25 22:00:00+01:00,373.24
2022-03-25 23:00:00+01:00,371.35
2022-03-26 00:00:00+01:00,338.55
2022-03-26 01:00:00+01:00,327.07
2022-03-26 02:00:00+01:00,322.87
2022-03-26 03:00:00+01:00,299.04
2022-03-26 04:00:00+01:00,283.42
2022-03-26 05:00:00+01:00,289.92
2022-03-26 06:00:00+01:00,309.14
2022-03-26 07:00:00+01:00,286.85
2022-03-26 08:00:00+01:00,298.4
2022-03-26 09:00:00+01:00,288.69
2022-03-26 10:00:00+01:00,272.59
2022-03-26 11:00:00+01:00,253.46
2022-03-26 12:00:00+01:00,256.47
2022-03-26 13:00:00+01:00,273.34
2022-03-26 14:00:00+01:00,250.66
2022-03-26 15:00:00+01:00,252.56
2022-03-26 16:00:00+01:00,256.45
2022-03-26 17:00:00+01:00,293.88
2022-03-26 18:00:00+01:00,330.31
2022-03-26 19:00:00+01:00,365.82
2022-03-26 20:00:00+01:00,359.17
2022-03-26 21:00:00+01:00,357.9
2022-03-26 22:00:00+01:00,341.1
2022-03-26 23:00:00+01:00,335.19
2022-03-27 00:00:00+01:00,325.19
2022-03-27 01:00:00+01:00,309.72
2022-03-27 03:00:00+02:00,299.2
2022-03-27 04:00:00+02:00,284.09
2022-03-27 05:00:00+02:00,285.04
2022-03-27 06:00:00+02:00,284.1
2022-03-27 07:00:00+02:00,286.08
2022-03-27 08:00:00+02:00,286.82
2022-03-27 09:00:00+02:00,277.93
2022-03-27 10:00:00+02:00,261.77
2022-03-27 11:00:00+02:00,249.35
2022-03-27 12:00:00+02:00,241.99
2022-03-27 13:00:00+02:00,223.29
2022-03-27 14:00:00+02:00,232.67
2022-03-27 15:00:00+02:00,223.63
2022-03-27 16:00:00+02:00,224.86
2022-03-27 17:00:00+02:00,256.4
2022-03-27 18:00:00+02:00,283.13
2022-03-27 19:00:00+02:00,329.12
2022-03-27 20:00:00+02:00,355.56
2022-03-27 21:00:00+02:00,343.98
2022-03-27 22:00:00+02:00,331.06
2022-03-27 23:00:00+02:00,306.74
2022-03-28 00:00:00+02:00,282.96
2022-03-28 01:00:00+02:00,274.26
2022-03-28 02:00:00+02:00,269.73
2022-03-28 03:00:00+02:00,263.71
2022-03-28 04:00:00+02:00,263.16
2022-03-28 05:00:00+02:00,278.0
2022-03-28 06:00:00+02:00,306.8
2022-03-28 07:00:00+02:00,304.49
2022-03-28 08:00:00+02:00,334.77
2022-03-28 09:00:00+02:00,333.83
2022-03-28 10:00:00+02:00,326.86
2022-03-28 11:00:00+02:00,392.68
2022-03-28 12:00:00+02:00,388.44
2022-03-28 13:00:00+02:00,364.98
2022-03-28 14:00:00+02:00,293.7
2022-03-28 15:00:00+02:00,287.25
2022-03-28 16:00:00+02:00,287.2
2022-03-28 17:00:00+02:00,281.62
2022-03-28 18:00:00+02:00,396.77
2022-03-28 19:00:00+02:00,414.07
2022-03-28 20:00:00+02:00,454.03
2022-03-28 21:00:00+02:00,446.84
2022-03-28 22:00:00+02:00,416.11
2022-03-28 23:00:00+02:00,333.82
2022-03-29 00:00:00+02:00,304.49
2022-03-29 01:00:00+02:00,282.4
2022-03-29 02:00:00+02:00,276.49
2022-03-29 03:00:00+02:00,273.74
2022-03-29 04:00:00+02:00,277.25
2022-03-29 05:00:00+02:00,291.08
2022-03-29 06:00:00+02:00,326.39
2022-03-29 07:00:00+02:00,324.26
2022-03-29 08:00:00+02:00,366.77
2022-03-29 09:00:00+02:00,367.96
2022-03-29 10:00:00+02:00,360.84
2022-03-29 11:00:00+02:00,429.84
2022-03-29 12:00:00+02:00,428.44
2022-03-29 13:00:00+02:00,408.93
2022-03-29 14:00:00+02:00,329.94
2022-03-29 15:00:00+02:00,323.21
2022-03-29 16:00:00+02:00,318.76
2022-03-29 17:00:00+02:00,332.54
2022-03-29 18:00:00+02:00,402.17
2022-03-29 19:00:00+02:00,405.38
2022-03-29 20:00:00+02:00,419.21
2022-03-29 21:00:00+02:00,422.76
2022-03-29 22:00:00+02:00,338.83
2022-03-29 23:00:00+02:00,325.08
2022-03-30 00:00:00+02:00,334.68
2022-03-30 01:00:00+02:00,319.02
2022-03-30 02:00:00+02:00,309.03
2022-03-30 03:00:00+02:00,295.93
2022-03-30 04:00:00+02:00,299.89
2022-03-30 05:00:00+02:00,309.2
2022-03-30 06:00:00+02:00,324.72
2022-03-30 07:00:00+02:00,328.24
2022-03-30 08:00:00+02:00,371.47
2022-03-30 09:00:00+02:00,367.3
2022-03-30 10:00:00+02:00,352.95
2022-03-30 11:00:00+02:00,416.06
2022-03-30 12:00:00+02:00,412.39
2022-03-30 13:00:00+02:00,411.27
2022-03-30 14:00:00+02:00,408.92
2022-03-30 15:00:00+02:00,336.12
2022-03-30 16:00:00+02:00,327.61
2022-03-30 17:00:00+02:00,311.85
2022-03-30 18:00:00+02:00,320.62
2022-03-30 19:00:00+02:00,416.8
2022-03-30 20:00:00+02:00,436.35
2022-03-30 21:00:00+02:00,445.41
2022-03-30 22:00:00+02:00,356.15
2022-03-30 23:00:00+02:00,351.82
2022-03-31 00:00:00+02:00,346.53
2022-03-31 01:00:00+02:00,331.38
2022-03-31 02:00:00+02:00,330.63
2022-03-31 03:00:00+02:00,323.35
2022-03-31 04:00:00+02:00,317.1
2022-03-31 05:00:00+02:00,321.18
2022-03-31 06:00:00+02:00,326.83
2022-03-31 07:00:00+02:00,348.11
2022-03-31 08:00:00+02:00,382.16
2022-03-31 09:00:00+02:00,365.46
2022-03-31 10:00:00+02:00,342.81
2022-03-31 11:00:00+02:00,375.57
2022-03-31 12:00:00+02:00,341.65
2022-03-31 13:00:00+02:00,318.97
2022-03-31 14:00:00+02:00,261.85
2022-03-31 15:00:00+02:00,258.55
2022-03-31 16:00:00+02:00,249.57
2022-03-31 17:00:00+02:00,250.59
2022-03-31 18:00:00+02:00,316.42
2022-03-31 19:00:00+02:00,367.94
2022-03-31 20:00:00+02:00,418.66
2022-03-31 21:00:00+02:00,421.99
2022-03-31 22:00:00+02:00,346.61
2022-03-31 23:00:00+02:00,302.79
2022-04-01 00:00:00+02:00,276.94
2022-04-01 01:00:00+02:00,244.96
2022-04-01 02:00:00+02:00,239.73
2022-04-01 03:00:00+02:00,237.47
2022-04-01 04:00:00+02:00,241.91
2022-04-01 05:00:00+02:00,249.9
2022-04-01 06:00:00+02:00,263.59
2022-04-01 07:00:00+02:00,340.94
2022-04-01 08:00:00+02:00,390.17
2022-04-01 09:00:00+02:00,362.1
2022-04-01 10:00:00+02:00,380.96
2022-04-01 11:00:00+02:00,316.31
2022-04-01 12:00:00+02:00,317.18
2022-04-01 13:00:00+02:00,316.01
2022-04-01 14:00:00+02:00,264.6
2022-04-01 15:00:00+02:00,264.81
2022-04-01 16:00:00+02:00,260.84
2022-04-01 17:00:00+02:00,268.25
2022-04-01 18:00:00+02:00,277.28
2022-04-01 19:00:00+02:00,406.33
2022-04-01 20:00:00+02:00,441.54
2022-04-01 21:00:00+02:00,457.73
2022-04-01 22:00:00+02:00,394.4
2022-04-01 23:00:00+02:00,371.86
2022-04-02 00:00:00+02:00,364.74
2022-04-02 01:00:00+02:00,360.86
2022-04-02 02:00:00+02:00,357.03
2022-04-02 03:00:00+02:00,338.11
2022-04-02 04:00:00+02:00,337.56
2022-04-02 05:00:00+02:00,330.64
2022-04-02 06:00:00+02:00,341.38
2022-04-02 07:00:00+02:00,322.06
2022-04-02 08:00:00+02:00,332.65
2022-04-02 09:00:00+02:00,294.91
2022-04-02 10:00:00+02:00,230.13
2022-04-02 11:00:00+02:00,197.74
2022-04-02 12:00:00+02:00,191.18
2022-04-02 13:00:00+02:00,209.01
2022-04-02 14:00:00+02:00,195.12
2022-04-02 15:00:00+02:00,176.92
2022-04-02 16:00:00+02:00,169.96
2022-04-02 17:00:00+02:00,133.74
2022-04-02 18:00:00+02:00,230.51
2022-04-02 19:00:00+02:00,316.11
2022-04-02 20:00:00+02:00,364.43
2022-04-02 21:00:00+02:00,365.54
2022-04-02 22:00:00+02:00,362.07
2022-04-02 23:00:00+02:00,355.44
2022-04-03 00:00:00+02:00,361.08
2022-04-03 01:00:00+02:00,360.63
2022-04-03 02:00:00+02:00,361.16
2022-04-03 03:00:00+02:00,359.4
2022-04-03 04:00:00+02:00,339.7
2022-04-03 05:00:00+02:00,342.86
2022-04-03 06:00:00+02:00,354.26
2022-04-03 07:00:00+02:00,357.92
2022-04-03 08:00:00+02:00,356.67
2022-04-03 09:00:00+02:00,318.79
2022-04-03 10:00:00+02:00,277.47
2022-04-03 11:00:00+02:00,230.41
2022-04-03 12:00:00+02:00,219.17
2022-04-03 13:00:00+02:00,219.16
2022-04-03 14:00:00+02:00,218.94
2022-04-03 15:00:00+02:00,220.12
2022-04-03 16:00:00+02:00,184.44
2022-04-03 17:00:00+02:00,175.63
2022-04-03 18:00:00+02:00,221.9
2022-04-03 19:00:00+02:00,263.38
2022-04-03 20:00:00+02:00,340.45
2022-04-03 21:00:00+02:00,346.94
2022-04-03 22:00:00+02:00,329.89
2022-04-03 23:00:00+02:00,262.3
2022-04-04 00:00:00+02:00,258.46
2022-04-04 01:00:00+02:00,247.16
2022-04-04 02:00:00+02:00,240.8
2022-04-04 03:00:00+02:00,242.55
2022-04-04 04:00:00+02:00,254.89
2022-04-04 05:00:00+02:00,264.98
2022-04-04 06:00:00+02:00,337.56
2022-04-04 07:00:00+02:00,353.07
2022-04-04 08:00:00+02:00,387.71
2022-04-04 09:00:00+02:00,368.87
2022-04-04 10:00:00+02:00,400.61
2022-04-04 11:00:00+02:00,361.65
2022-04-04 12:00:00+02:00,393.35
2022-04-04 13:00:00+02:00,394.92
2022-04-04 14:00:00+02:00,401.47
2022-04-04 15:00:00+02:00,360.17
2022-04-04 16:00:00+02:00,359.43
2022-04-04 17:00:00+02:00,371.4
2022-04-04 18:00:00+02:00,369.25
2022-04-04 19:00:00+02:00,423.6
2022-04-04 20:00:00+02:00,432.54
2022-04-04 21:00:00+02:00,431.33
2022-04-04 22:00:00+02:00,378.06
2022-04-04 23:00:00+02:00,365.77
2022-04-05 00:00:00+02:00,306.14
2022-04-05 01:00:00+02:00,297.37
2022-04-05 02:00:00+02:00,269.0
2022-04-05 03:00:00+02:00,275.46
2022-04-05 04:00:00+02:00,283.55
2022-04-05 05:00:00+02:00,303.04
2022-04-05 06:00:00+02:00,280.67
2022-04-05 07:00:00+02:00,329.42
2022-04-05 08:00:00+02:00,361.62
2022-04-05 09:00:00+02:00,361.17
2022-04-05 10:00:00+02:00,364.97
2022-04-05 11:00:00+02:00,410.74
2022-04-05 12:00:00+02:00,413.1
2022-04-05 13:00:00+02:00,412.4
2022-04-05 14:00:00+02:00,368.3
2022-04-05 15:00:00+02:00,368.57
2022-04-05 16:00:00+02:00,366.82
2022-04-05 17:00:00+02:00,366.3
2022-04-05 18:00:00+02:00,373.37
2022-04-05 19:00:00+02:00,430.25
2022-04-05 20:00:00+02:00,441.57
2022-04-05 21:00:00+02:00,433.77
2022-04-05 22:00:00+02:00,431.24
2022-04-05 23:00:00+02:00,377.51
2022-04-06 00:00:00+02:00,342.39
2022-04-06 01:00:00+02:00,330.8
2022-04-06 02:00:00+02:00,327.36
2022-04-06 03:00:00+02:00,319.59
2022-04-06 04:00:00+02:00,323.15
2022-04-06 05:00:00+02:00,334.29
2022-04-06 06:00:00+02:00,358.6
2022-04-06 07:00:00+02:00,368.28
2022-04-06 08:00:00+02:00,417.15
2022-04-06 09:00:00+02:00,385.83
2022-04-06 10:00:00+02:00,375.7
2022-04-06 11:00:00+02:00,389.63
2022-04-06 12:00:00+02:00,380.8
2022-04-06 13:00:00+02:00,334.68
2022-04-06 14:00:00+02:00,300.78
2022-04-06 15:00:00+02:00,280.7
2022-04-06 16:00:00+02:00,276.04
2022-04-06 17:00:00+02:00,275.92
2022-04-06 18:00:00+02:00,277.67
2022-04-06 19:00:00+02:00,356.9
2022-04-06 20:00:00+02:00,415.15
2022-04-06 21:00:00+02:00,409.74
2022-04-06 22:00:00+02:00,350.98
2022-04-06 23:00:00+02:00,337.24
2022-04-07 00:00:00+02:00,312.85
2022-04-07 01:00:00+02:00,285.39
2022-04-07 02:00:00+02:00,268.62
2022-04-07 03:00:00+02:00,232.76
2022-04-07 04:00:00+02:00,225.27
2022-04-07 05:00:00+02:00,236.95
2022-04-07 06:00:00+02:00,287.6
2022-04-07 07:00:00+02:00,328.25
2022-04-07 08:00:00+02:00,366.0
2022-04-07 09:00:00+02:00,354.12
2022-04-07 10:00:00+02:00,384.55
2022-04-07 11:00:00+02:00,339.25
2022-04-07 12:00:00+02:00,314.04
2022-04-07 13:00:00+02:00,305.34
2022-04-07 14:00:00+02:00,252.87
2022-04-07 15:00:00+02:00,246.5
2022-04-07 16:00:00+02:00,248.03
2022-04-07 17:00:00+02:00,246.73
2022-04-07 18:00:00+02:00,261.36
2022-04-07 19:00:00+02:00,319.31
2022-04-07 20:00:00+02:00,405.85
2022-04-07 21:00:00+02:00,399.13
2022-04-07 22:00:00+02:00,387.77
2022-04-07 23:00:00+02:00,317.06
2022-04-08 00:00:00+02:00,276.9
2022-04-08 01:00:00+02:00,237.65
2022-04-08 02:00:00+02:00,224.15
2022-04-08 03:00:00+02:00,223.86
2022-04-08 04:00:00+02:00,224.24
2022-04-08 05:00:00+02:00,224.88
2022-04-08 06:00:00+02:00,230.99
2022-04-08 07:00:00+02:00,303.51
2022-04-08 08:00:00+02:00,343.08
2022-04-08 09:00:00+02:00,267.22
2022-04-08 10:00:00+02:00,225.35
2022-04-08 11:00:00+02:00,255.99
2022-04-08 12:00:00+02:00,205.7
2022-04-08 13:00:00+02:00,180.87
2022-04-08 14:00:00+02:00,111.25
2022-04-08 15:00:00+02:00,50.08
2022-04-08 16:00:00+02:00,50.77
2022-04-08 17:00:00+02:00,63.62
2022-04-08 18:00:00+02:00,214.95
2022-04-08 19:00:00+02:00,289.62
2022-04-08 20:00:00+02:00,382.35
2022-04-08 21:00:00+02:00,379.37
2022-04-08 22:00:00+02:00,382.57
2022-04-08 23:00:00+02:00,324.25
2022-04-09 00:00:00+02:00,302.47
2022-04-09 01:00:00+02:00,298.53
2022-04-09 02:00:00+02:00,302.47
2022-04-09 03:00:00+02:00,299.77
2022-04-09 04:00:00+02:00,302.42
2022-04-09 05:00:00+02:00,304.98
2022-04-09 06:00:00+02:00,301.33
2022-04-09 07:00:00+02:00,301.27
2022-04-09 08:00:00+02:00,298.61
2022-04-09 09:00:00+02:00,319.94
2022-04-09 10:00:00+02:00,291.9
2022-04-09 11:00:00+02:00,282.07
2022-04-09 12:00:00+02:00,284.56
2022-04-09 13:00:00+02:00,279.96
2022-04-09 14:00:00+02:00,271.12
2022-04-09 15:00:00+02:00,235.79
2022-04-09 16:00:00+02:00,235.68
2022-04-09 17:00:00+02:00,272.98
2022-04-09 18:00:00+02:00,299.44
2022-04-09 19:00:00+02:00,323.87
2022-04-09 20:00:00+02:00,364.41
2022-04-09 21:00:00+02:00,358.85
2022-04-09 22:00:00+02:00,347.47
2022-04-09 23:00:00+02:00,352.33
2022-04-10 00:00:00+02:00,351.01
2022-04-10 01:00:00+02:00,339.53
2022-04-10 02:00:00+02:00,350.52
2022-04-10 03:00:00+02:00,337.57
2022-04-10 04:00:00+02:00,329.76
2022-04-10 05:00:00+02:00,321.86
2022-04-10 06:00:00+02:00,328.15
2022-04-10 07:00:00+02:00,326.25
2022-04-10 08:00:00+02:00,324.72
2022-04-10 09:00:00+02:00,262.29
2022-04-10 10:00:00+02:00,197.53
2022-04-10 11:00:00+02:00,116.36
2022-04-10 12:00:00+02:00,28.21
2022-04-10 13:00:00+02:00,28.18
2022-04-10 14:00:00+02:00,28.2
2022-04-10 15:00:00+02:00,25.79
2022-04-10 16:00:00+02:00,26.42
2022-04-10 17:00:00+02:00,29.11
2022-04-10 18:00:00+02:00,45.03
2022-04-10 19:00:00+02:00,162.89
2022-04-10 20:00:00+02:00,286.65
2022-04-10 21:00:00+02:00,316.44
2022-04-10 22:00:00+02:00,303.35
2022-04-10 23:00:00+02:00,270.35
2022-04-11 00:00:00+02:00,203.38
2022-04-11 01:00:00+02:00,167.5
2022-04-11 02:00:00+02:00,149.34
2022-04-11 03:00:00+02:00,156.97
2022-04-11 04:00:00+02:00,176.15
2022-04-11 05:00:00+02:00,213.48
2022-04-11 06:00:00+02:00,219.8
2022-04-11 07:00:00+02:00,319.81
2022-04-11 08:00:00+02:00,361.44
2022-04-11 09:00:00+02:00,337.01
2022-04-11 10:00:00+02:00,339.75
2022-04-11 11:00:00+02:00,268.05
2022-04-11 12:00:00+02:00,233.59
2022-04-11 13:00:00+02:00,195.31
2022-04-11 14:00:00+02:00,118.35
2022-04-11 15:00:00+02:00,111.42
2022-04-11 16:00:00+02:00,120.62
2022-04-11 17:00:00+02:00,179.98
2022-04-11 18:00:00+02:00,225.21
2022-04-11 19:00:00+02:00,373.24
2022-04-11 20:00:00+02:00,403.3
2022-04-11 21:00:00+02:00,404.51
2022-04-11 22:00:00+02:00,342.78
2022-04-11 23:00:00+02:00,298.19
2022-04-12 00:00:00+02:00,276.97
2022-04-12 01:00:00+02:00,246.85
2022-04-12 02:00:00+02:00,247.79
2022-04-12 03:00:00+02:00,242.99
2022-04-12 04:00:00+02:00,246.05
2022-04-12 05:00:00+02:00,253.03
2022-04-12 06:00:00+02:00,288.41
2022-04-12 07:00:00+02:00,308.52
2022-04-12 08:00:00+02:00,343.55
2022-04-12 09:00:00+02:00,334.29
2022-04-12 10:00:00+02:00,381.08
2022-04-12 11:00:00+02:00,374.19
2022-04-12 12:00:00+02:00,369.89
2022-04-12 13:00:00+02:00,364.11
2022-04-12 14:00:00+02:00,322.35
2022-04-12 15:00:00+02:00,323.16
2022-04-12 16:00:00+02:00,323.3
2022-04-12 17:00:00+02:00,313.38
2022-04-12 18:00:00+02:00,332.54
2022-04-12 19:00:00+02:00,395.94
2022-04-12 20:00:00+02:00,416.19
2022-04-12 21:00:00+02:00,411.76
2022-04-12 22:00:00+02:00,405.47
2022-04-12 23:00:00+02:00,345.96
2022-04-13 00:00:00+02:00,300.27
2022-04-13 01:00:00+02:00,290.25
2022-04-13 02:00:00+02:00,280.93
2022-04-13 03:00:00+02:00,261.03
2022-04-13 04:00:00+02:00,248.66
2022-04-13 05:00:00+02:00,270.2
2022-04-13 06:00:00+02:00,310.61
2022-04-13 07:00:00+02:00,317.75
2022-04-13 08:00:00+02:00,353.36
2022-04-13 09:00:00+02:00,336.28
2022-04-13 10:00:00+02:00,320.9
2022-04-13 11:00:00+02:00,357.54
2022-04-13 12:00:00+02:00,348.77
2022-04-13 13:00:00+02:00,323.67
2022-04-13 14:00:00+02:00,270.9
2022-04-13 15:00:00+02:00,268.39
2022-04-13 16:00:00+02:00,275.31
2022-04-13 17:00:00+02:00,301.67
2022-04-13 18:00:00+02:00,343.95
2022-04-13 19:00:00+02:00,372.54
2022-04-13 20:00:00+02:00,383.46
2022-04-13 21:00:00+02:00,385.23
2022-04-13 22:00:00+02:00,333.51
2022-04-13 23:00:00+02:00,313.09
2022-04-14 00:00:00+02:00,291.91
2022-04-14 01:00:00+02:00,266.01
2022-04-14 02:00:00+02:00,260.35
2022-04-14 03:00:00+02:00,259.75
2022-04-14 04:00:00+02:00,261.96
2022-04-14 05:00:00+02:00,267.19
2022-04-14 06:00:00+02:00,304.46
2022-04-14 07:00:00+02:00,306.81
2022-04-14 08:00:00+02:00,339.75
2022-04-14 09:00:00+02:00,323.46
2022-04-14 10:00:00+02:00,293.59
2022-04-14 11:00:00+02:00,320.7
2022-04-14 12:00:00+02:00,311.28
2022-04-14 13:00:00+02:00,316.25
2022-04-14 14:00:00+02:00,318.09
2022-04-14 15:00:00+02:00,271.43
2022-04-14 16:00:00+02:00,271.03
2022-04-14 17:00:00+02:00,282.08
2022-04-14 18:00:00+02:00,359.26
2022-04-14 19:00:00+02:00,375.81
2022-04-14 20:00:00+02:00,405.83
2022-04-14 21:00:00+02:00,393.7
2022-04-14 22:00:00+02:00,387.39
2022-04-14 23:00:00+02:00,322.83
2022-04-15 00:00:00+02:00,274.52
2022-04-15 01:00:00+02:00,265.48
2022-04-15 02:00:00+02:00,262.97
2022-04-15 03:00:00+02:00,260.87
2022-04-15 04:00:00+02:00,259.76
2022-04-15 05:00:00+02:00,265.41
2022-04-15 06:00:00+02:00,272.52
2022-04-15 07:00:00+02:00,288.36
2022-04-15 08:00:00+02:00,329.67
2022-04-15 09:00:00+02:00,317.06
2022-04-15 10:00:00+02:00,316.26
2022-04-15 11:00:00+02:00,291.17
2022-04-15 12:00:00+02:00,291.17
2022-04-15 13:00:00+02:00,288.2
2022-04-15 14:00:00+02:00,232.35
2022-04-15 15:00:00+02:00,229.63
2022-04-15 16:00:00+02:00,235.35
2022-04-15 17:00:00+02:00,253.72
2022-04-15 18:00:00+02:00,328.34
2022-04-15 19:00:00+02:00,364.26
2022-04-15 20:00:00+02:00,366.88
2022-04-15 21:00:00+02:00,365.16
2022-04-15 22:00:00+02:00,367.18
2022-04-15 23:00:00+02:00,299.06
2022-04-16 00:00:00+02:00,281.63
2022-04-16 01:00:00+02:00,250.87
2022-04-16 02:00:00+02:00,239.91
2022-04-16 03:00:00+02:00,251.25
2022-04-16 04:00:00+02:00,252.42
2022-04-16 05:00:00+02:00,251.93
2022-04-16 06:00:00+02:00,266.63
2022-04-16 07:00:00+02:00,268.25
2022-04-16 08:00:00+02:00,251.92
2022-04-16 09:00:00+02:00,225.96
2022-04-16 10:00:00+02:00,192.43
2022-04-16 11:00:00+02:00,164.61
2022-04-16 12:00:00+02:00,140.32
2022-04-16 13:00:00+02:00,128.58
2022-04-16 14:00:00+02:00,76.31
2022-04-16 15:00:00+02:00,75.54
2022-04-16 16:00:00+02:00,104.92
2022-04-16 17:00:00+02:00,154.42
2022-04-16 18:00:00+02:00,195.45
2022-04-16 19:00:00+02:00,233.08
2022-04-16 20:00:00+02:00,258.43
2022-04-16 21:00:00+02:00,256.27
2022-04-16 22:00:00+02:00,231.19
2022-04-16 23:00:00+02:00,224.2
2022-04-17 00:00:00+02:00,222.17
2022-04-17 01:00:00+02:00,203.38
2022-04-17 02:00:00+02:00,195.03
2022-04-17 03:00:00+02:00,194.62
2022-04-17 04:00:00+02:00,207.61
2022-04-17 05:00:00+02:00,214.47
2022-04-17 06:00:00+02:00,219.18
2022-04-17 07:00:00+02:00,241.71
2022-04-17 08:00:00+02:00,201.45
2022-04-17 09:00:00+02:00,153.31
2022-04-17 10:00:00+02:00,116.93
2022-04-17 11:00:00+02:00,101.54
2022-04-17 12:00:00+02:00,89.7
2022-04-17 13:00:00+02:00,63.17
2022-04-17 14:00:00+02:00,46.71
2022-04-17 15:00:00+02:00,40.69
2022-04-17 16:00:00+02:00,57.95
2022-04-17 17:00:00+02:00,117.48
2022-04-17 18:00:00+02:00,154.0
2022-04-17 19:00:00+02:00,235.53
2022-04-17 20:00:00+02:00,241.56
2022-04-17 21:00:00+02:00,238.43
2022-04-17 22:00:00+02:00,219.59
2022-04-17 23:00:00+02:00,208.37
2022-04-18 00:00:00+02:00,151.22
2022-04-18 01:00:00+02:00,146.16
2022-04-18 02:00:00+02:00,153.57
2022-04-18 03:00:00+02:00,157.57
2022-04-18 04:00:00+02:00,161.77
2022-04-18 05:00:00+02:00,169.07
2022-04-18 06:00:00+02:00,169.63
2022-04-18 07:00:00+02:00,171.75
2022-04-18 08:00:00+02:00,198.28
2022-04-18 09:00:00+02:00,190.02
2022-04-18 10:00:00+02:00,211.06
2022-04-18 11:00:00+02:00,199.97
2022-04-18 12:00:00+02:00,205.48
2022-04-18 13:00:00+02:00,170.23
2022-04-18 14:00:00+02:00,104.43
2022-04-18 15:00:00+02:00,123.81
2022-04-18 16:00:00+02:00,146.76
2022-04-18 17:00:00+02:00,131.69
2022-04-18 18:00:00+02:00,184.17
2022-04-18 19:00:00+02:00,214.34
2022-04-18 20:00:00+02:00,320.87
2022-04-18 21:00:00+02:00,340.18
2022-04-18 22:00:00+02:00,299.75
2022-04-18 23:00:00+02:00,224.38
2022-04-19 00:00:00+02:00,164.08
2022-04-19 01:00:00+02:00,139.61
2022-04-19 02:00:00+02:00,134.73
2022-04-19 03:00:00+02:00,137.58
2022-04-19 04:00:00+02:00,137.85
2022-04-19 05:00:00+02:00,139.72
2022-04-19 06:00:00+02:00,185.59
2022-04-19 07:00:00+02:00,203.73
2022-04-19 08:00:00+02:00,245.02
2022-04-19 09:00:00+02:00,226.16
2022-04-19 10:00:00+02:00,261.79
2022-04-19 11:00:00+02:00,245.32
2022-04-19 12:00:00+02:00,227.92
2022-04-19 13:00:00+02:00,212.25
2022-04-19 14:00:00+02:00,146.98
2022-04-19 15:00:00+02:00,132.0
2022-04-19 16:00:00+02:00,116.89
2022-04-19 17:00:00+02:00,112.62
2022-04-19 18:00:00+02:00,173.26
2022-04-19 19:00:00+02:00,197.34
2022-04-19 20:00:00+02:00,261.98
2022-04-19 21:00:00+02:00,270.69
2022-04-19 22:00:00+02:00,262.9
2022-04-19 23:00:00+02:00,160.93
2022-04-20 00:00:00+02:00,166.23
2022-04-20 01:00:00+02:00,142.29
2022-04-20 02:00:00+02:00,122.5
2022-04-20 03:00:00+02:00,113.93
2022-04-20 04:00:00+02:00,119.37
2022-04-20 05:00:00+02:00,131.12
2022-04-20 06:00:00+02:00,140.11
2022-04-20 07:00:00+02:00,189.97
2022-04-20 08:00:00+02:00,220.22
2022-04-20 09:00:00+02:00,211.35
2022-04-20 10:00:00+02:00,236.23
2022-04-20 11:00:00+02:00,192.51
2022-04-20 12:00:00+02:00,173.59
2022-04-20 13:00:00+02:00,162.91
2022-04-20 14:00:00+02:00,140.14
2022-04-20 15:00:00+02:00,60.83
2022-04-20 16:00:00+02:00,57.28
2022-04-20 17:00:00+02:00,58.09
2022-04-20 18:00:00+02:00,137.67
2022-04-20 19:00:00+02:00,176.38
2022-04-20 20:00:00+02:00,216.2
2022-04-20 21:00:00+02:00,258.35
2022-04-20 22:00:00+02:00,190.34
2022-04-20 23:00:00+02:00,155.86
2022-04-21 00:00:00+02:00,200.68
2022-04-21 01:00:00+02:00,193.92
2022-04-21 02:00:00+02:00,196.05
2022-04-21 03:00:00+02:00,202.78
2022-04-21 04:00:00+02:00,209.6
2022-04-21 05:00:00+02:00,222.96
2022-04-21 06:00:00+02:00,227.23
2022-04-21 07:00:00+02:00,257.32
2022-04-21 08:00:00+02:00,293.25
2022-04-21 09:00:00+02:00,247.4
2022-04-21 10:00:00+02:00,228.91
2022-04-21 11:00:00+02:00,266.5
2022-04-21 12:00:00+02:00,260.31
2022-04-21 13:00:00+02:00,258.28
2022-04-21 14:00:00+02:00,167.01
2022-04-21 15:00:00+02:00,166.04
2022-04-21 16:00:00+02:00,167.64
2022-04-21 17:00:00+02:00,191.26
2022-04-21 18:00:00+02:00,272.32
2022-04-21 19:00:00+02:00,298.71
2022-04-21 20:00:00+02:00,349.57
2022-04-21 21:00:00+02:00,341.97
2022-04-21 22:00:00+02:00,275.6
2022-04-21 23:00:00+02:00,262.37
2022-04-22 00:00:00+02:00,268.36
2022-04-22 01:00:00+02:00,255.42
2022-04-22 02:00:00+02:00,241.21
2022-04-22 03:00:00+02:00,233.88
2022-04-22 04:00:00+02:00,230.61
2022-04-22 05:00:00+02:00,246.68
2022-04-22 06:00:00+02:00,276.58
2022-04-22 07:00:00+02:00,298.23
2022-04-22 08:00:00+02:00,333.92
2022-04-22 09:00:00+02:00,295.74
2022-04-22 10:00:00+02:00,351.19
2022-04-22 11:00:00+02:00,328.22
2022-04-22 12:00:00+02:00,324.14
2022-04-22 13:00:00+02:00,322.64
2022-04-22 14:00:00+02:00,275.85
2022-04-22 15:00:00+02:00,277.14
2022-04-22 16:00:00+02:00,278.83
2022-04-22 17:00:00+02:00,278.87
2022-04-22 18:00:00+02:00,279.55
2022-04-22 19:00:00+02:00,333.1
2022-04-22 20:00:00+02:00,332.72
2022-04-22 21:00:00+02:00,335.34
2022-04-22 22:00:00+02:00,286.27
2022-04-22 23:00:00+02:00,273.92
2022-04-23 00:00:00+02:00,228.21
2022-04-23 01:00:00+02:00,224.19
2022-04-23 02:00:00+02:00,222.73
2022-04-23 03:00:00+02:00,197.6
2022-04-23 04:00:00+02:00,180.03
2022-04-23 05:00:00+02:00,175.74
2022-04-23 06:00:00+02:00,189.24
2022-04-23 07:00:00+02:00,170.98
2022-04-23 08:00:00+02:00,127.26
2022-04-23 09:00:00+02:00,106.91
2022-04-23 10:00:00+02:00,86.37
2022-04-23 11:00:00+02:00,28.91
2022-04-23 12:00:00+02:00,26.72
2022-04-23 13:00:00+02:00,26.66
2022-04-23 14:00:00+02:00,26.99
2022-04-23 15:00:00+02:00,25.19
2022-04-23 16:00:00+02:00,25.99
2022-04-23 17:00:00+02:00,26.02
2022-04-23 18:00:00+02:00,32.69
2022-04-23 19:00:00+02:00,50.18
2022-04-23 20:00:00+02:00,165.39
2022-04-23 21:00:00+02:00,218.19
2022-04-23 22:00:00+02:00,231.24
2022-04-23 23:00:00+02:00,218.92
2022-04-24 00:00:00+02:00,196.73
2022-04-24 01:00:00+02:00,170.09
2022-04-24 02:00:00+02:00,170.01
2022-04-24 03:00:00+02:00,170.31
2022-04-24 04:00:00+02:00,164.45
2022-04-24 05:00:00+02:00,176.76
2022-04-24 06:00:00+02:00,194.59
2022-04-24 07:00:00+02:00,201.22
2022-04-24 08:00:00+02:00,218.43
2022-04-24 09:00:00+02:00,204.35
2022-04-24 10:00:00+02:00,164.67
2022-04-24 11:00:00+02:00,152.21
2022-04-24 12:00:00+02:00,155.79
2022-04-24 13:00:00+02:00,175.0
2022-04-24 14:00:00+02:00,160.52
2022-04-24 15:00:00+02:00,153.93
2022-04-24 16:00:00+02:00,148.95
2022-04-24 17:00:00+02:00,161.27
2022-04-24 18:00:00+02:00,221.35
2022-04-24 19:00:00+02:00,256.89
2022-04-24 20:00:00+02:00,280.74
2022-04-24 21:00:00+02:00,312.81
2022-04-24 22:00:00+02:00,312.68
2022-04-24 23:00:00+02:00,302.46
2022-04-25 00:00:00+02:00,330.01
2022-04-25 01:00:00+02:00,328.22
2022-04-25 02:00:00+02:00,318.22
2022-04-25 03:00:00+02:00,308.11
2022-04-25 04:00:00+02:00,301.13
2022-04-25 05:00:00+02:00,297.16
2022-04-25 06:00:00+02:00,299.63
2022-04-25 07:00:00+02:00,324.59
2022-04-25 08:00:00+02:00,369.7
2022-04-25 09:00:00+02:00,318.55
2022-04-25 10:00:00+02:00,295.4
2022-04-25 11:00:00+02:00,320.84
2022-04-25 12:00:00+02:00,295.52
2022-04-25 13:00:00+02:00,291.55
2022-04-25 14:00:00+02:00,287.5
2022-04-25 15:00:00+02:00,238.46
2022-04-25 16:00:00+02:00,240.66
2022-04-25 17:00:00+02:00,253.19
2022-04-25 18:00:00+02:00,282.89
2022-04-25 19:00:00+02:00,360.09
2022-04-25 20:00:00+02:00,408.74
2022-04-25 21:00:00+02:00,391.8
2022-04-25 22:00:00+02:00,337.37
2022-04-25 23:00:00+02:00,315.61
2022-04-26 00:00:00+02:00,292.98
2022-04-26 01:00:00+02:00,290.77
2022-04-26 02:00:00+02:00,281.44
2022-04-26 03:00:00+02:00,269.81
2022-04-26 04:00:00+02:00,273.73
2022-04-26 05:00:00+02:00,294.32
2022-04-26 06:00:00+02:00,313.2
2022-04-26 07:00:00+02:00,314.92
2022-04-26 08:00:00+02:00,347.84
2022-04-26 09:00:00+02:00,326.2
2022-04-26 10:00:00+02:00,362.81
2022-04-26 11:00:00+02:00,349.8
2022-04-26 12:00:00+02:00,342.18
2022-04-26 13:00:00+02:00,331.29
2022-04-26 14:00:00+02:00,275.56
2022-04-26 15:00:00+02:00,278.96
2022-04-26 16:00:00+02:00,283.17
2022-04-26 17:00:00+02:00,303.4
2022-04-26 18:00:00+02:00,306.89
2022-04-26 19:00:00+02:00,371.82
2022-04-26 20:00:00+02:00,397.56
2022-04-26 21:00:00+02:00,397.34
2022-04-26 22:00:00+02:00,338.67
2022-04-26 23:00:00+02:00,330.48
2022-04-27 00:00:00+02:00,263.38
2022-04-27 01:00:00+02:00,259.11
2022-04-27 02:00:00+02:00,251.21
2022-04-27 03:00:00+02:00,250.17
2022-04-27 04:00:00+02:00,252.75
2022-04-27 05:00:00+02:00,266.8
2022-04-27 06:00:00+02:00,302.94
2022-04-27 07:00:00+02:00,314.4
2022-04-27 08:00:00+02:00,360.44
2022-04-27 09:00:00+02:00,334.17
2022-04-27 10:00:00+02:00,311.48
2022-04-27 11:00:00+02:00,335.39
2022-04-27 12:00:00+02:00,323.89
2022-04-27 13:00:00+02:00,313.96
2022-04-27 14:00:00+02:00,260.4
2022-04-27 15:00:00+02:00,261.32
2022-04-27 16:00:00+02:00,263.23
2022-04-27 17:00:00+02:00,282.7
2022-04-27 18:00:00+02:00,300.31
2022-04-27 19:00:00+02:00,363.3
2022-04-27 20:00:00+02:00,383.38
2022-04-27 21:00:00+02:00,380.31
2022-04-27 22:00:00+02:00,314.89
2022-04-27 23:00:00+02:00,304.43
2022-04-28 00:00:00+02:00,272.09
2022-04-28 01:00:00+02:00,260.35
2022-04-28 02:00:00+02:00,253.7
2022-04-28 03:00:00+02:00,260.65
2022-04-28 04:00:00+02:00,259.5
2022-04-28 05:00:00+02:00,278.58
2022-04-28 06:00:00+02:00,312.08
2022-04-28 07:00:00+02:00,325.46
2022-04-28 08:00:00+02:00,361.84
2022-04-28 09:00:00+02:00,332.92
2022-04-28 10:00:00+02:00,347.62
2022-04-28 11:00:00+02:00,332.78
2022-04-28 12:00:00+02:00,324.07
2022-04-28 13:00:00+02:00,313.81
2022-04-28 14:00:00+02:00,265.32
2022-04-28 15:00:00+02:00,268.39
2022-04-28 16:00:00+02:00,270.57
2022-04-28 17:00:00+02:00,295.67
2022-04-28 18:00:00+02:00,305.02
2022-04-28 19:00:00+02:00,367.31
2022-04-28 20:00:00+02:00,383.66
2022-04-28 21:00:00+02:00,395.61
2022-04-28 22:00:00+02:00,381.69
2022-04-28 23:00:00+02:00,301.17
2022-04-29 00:00:00+02:00,254.96
2022-04-29 01:00:00+02:00,255.29
2022-04-29 02:00:00+02:00,256.76
2022-04-29 03:00:00+02:00,258.82
2022-04-29 04:00:00+02:00,261.32
2022-04-29 05:00:00+02:00,270.57
2022-04-29 06:00:00+02:00,288.16
2022-04-29 07:00:00+02:00,303.0
2022-04-29 08:00:00+02:00,338.66
2022-04-29 09:00:00+02:00,311.31
2022-04-29 10:00:00+02:00,331.39
2022-04-29 11:00:00+02:00,319.53
2022-04-29 12:00:00+02:00,308.27
2022-04-29 13:00:00+02:00,303.14
2022-04-29 14:00:00+02:00,301.2
2022-04-29 15:00:00+02:00,256.81
2022-04-29 16:00:00+02:00,268.7
2022-04-29 17:00:00+02:00,277.93
2022-04-29 18:00:00+02:00,277.19
2022-04-29 19:00:00+02:00,343.44
2022-04-29 20:00:00+02:00,381.63
2022-04-29 21:00:00+02:00,381.38
2022-04-29 22:00:00+02:00,323.34
2022-04-29 23:00:00+02:00,298.42
2022-04-30 00:00:00+02:00,254.98
2022-04-30 01:00:00+02:00,241.69
2022-04-30 02:00:00+02:00,245.5
2022-04-30 03:00:00+02:00,246.4
2022-04-30 04:00:00+02:00,250.04
2022-04-30 05:00:00+02:00,254.85
2022-04-30 06:00:00+02:00,260.02
2022-04-30 07:00:00+02:00,265.27
2022-04-30 08:00:00+02:00,267.29
2022-04-30 09:00:00+02:00,242.69
2022-04-30 10:00:00+02:00,220.01
2022-04-30 11:00:00+02:00,215.86
2022-04-30 12:00:00+02:00,216.28
2022-04-30 13:00:00+02:00,213.54
2022-04-30 14:00:00+02:00,206.4
2022-04-30 15:00:00+02:00,200.75
2022-04-30 16:00:00+02:00,186.23
2022-04-30 17:00:00+02:00,179.07
2022-04-30 18:00:00+02:00,212.4
2022-04-30 19:00:00+02:00,224.28
2022-04-30 20:00:00+02:00,265.97
2022-04-30 21:00:00+02:00,284.65
2022-04-30 22:00:00+02:00,269.78
2022-04-30 23:00:00+02:00,242.14
2022-05-01 00:00:00+02:00,257.91
2022-05-01 01:00:00+02:00,255.88
2022-05-01 02:00:00+02:00,257.39
2022-05-01 03:00:00+02:00,256.58
2022-05-01 04:00:00+02:00,264.22
2022-05-01 05:00:00+02:00,269.51
2022-05-01 06:00:00+02:00,261.56
2022-05-01 07:00:00+02:00,262.05
2022-05-01 08:00:00+02:00,249.7
2022-05-01 09:00:00+02:00,239.95
2022-05-01 10:00:00+02:00,230.36
2022-05-01 11:00:00+02:00,220.46
2022-05-01 12:00:00+02:00,217.34
2022-05-01 13:00:00+02:00,197.58
2022-05-01 14:00:00+02:00,185.82
2022-05-01 15:00:00+02:00,180.1
2022-05-01 16:00:00+02:00,166.54
2022-05-01 17:00:00+02:00,140.16
2022-05-01 18:00:00+02:00,181.8
2022-05-01 19:00:00+02:00,218.24
2022-05-01 20:00:00+02:00,266.73
2022-05-01 21:00:00+02:00,282.01
2022-05-01 22:00:00+02:00,277.71
2022-05-01 23:00:00+02:00,264.99
2022-05-02 00:00:00+02:00,248.84
2022-05-02 01:00:00+02:00,253.06
2022-05-02 02:00:00+02:00,253.31
2022-05-02 03:00:00+02:00,257.01
2022-05-02 04:00:00+02:00,259.36
2022-05-02 05:00:00+02:00,271.38
2022-05-02 06:00:00+02:00,266.89
2022-05-02 07:00:00+02:00,267.03
2022-05-02 08:00:00+02:00,291.86
2022-05-02 09:00:00+02:00,279.55
2022-05-02 10:00:00+02:00,307.1
2022-05-02 11:00:00+02:00,278.98
2022-05-02 12:00:00+02:00,298.69
2022-05-02 13:00:00+02:00,304.04
2022-05-02 14:00:00+02:00,300.59
2022-05-02 15:00:00+02:00,239.24
2022-05-02 16:00:00+02:00,233.36
2022-05-02 17:00:00+02:00,224.5
2022-05-02 18:00:00+02:00,276.56
2022-05-02 19:00:00+02:00,278.22
2022-05-02 20:00:00+02:00,324.24
2022-05-02 21:00:00+02:00,333.86
2022-05-02 22:00:00+02:00,282.21
2022-05-02 23:00:00+02:00,279.84
2022-05-03 00:00:00+02:00,197.84
2022-05-03 01:00:00+02:00,204.75
2022-05-03 02:00:00+02:00,239.95
2022-05-03 03:00:00+02:00,245.24
2022-05-03 04:00:00+02:00,247.91
2022-05-03 05:00:00+02:00,249.09
2022-05-03 06:00:00+02:00,206.76
2022-05-03 07:00:00+02:00,252.11
2022-05-03 08:00:00+02:00,283.78
2022-05-03 09:00:00+02:00,269.7
2022-05-03 10:00:00+02:00,287.47
2022-05-03 11:00:00+02:00,308.38
2022-05-03 12:00:00+02:00,310.04
2022-05-03 13:00:00+02:00,308.32
2022-05-03 14:00:00+02:00,249.68
2022-05-03 15:00:00+02:00,267.69
2022-05-03 16:00:00+02:00,269.2
2022-05-03 17:00:00+02:00,269.36
2022-05-03 18:00:00+02:00,266.44
2022-05-03 19:00:00+02:00,324.7
2022-05-03 20:00:00+02:00,331.03
2022-05-03 21:00:00+02:00,341.32
2022-05-03 22:00:00+02:00,332.04
2022-05-03 23:00:00+02:00,270.59
2022-05-04 00:00:00+02:00,253.96
2022-05-04 01:00:00+02:00,251.12
2022-05-04 02:00:00+02:00,254.21
2022-05-04 03:00:00+02:00,257.72
2022-05-04 04:00:00+02:00,258.79
2022-05-04 05:00:00+02:00,258.18
2022-05-04 06:00:00+02:00,257.14
2022-05-04 07:00:00+02:00,259.53
2022-05-04 08:00:00+02:00,291.76
2022-05-04 09:00:00+02:00,273.55
2022-05-04 10:00:00+02:00,260.99
2022-05-04 11:00:00+02:00,298.95
2022-05-04 12:00:00+02:00,316.75
2022-05-04 13:00:00+02:00,315.81
2022-05-04 14:00:00+02:00,271.48
2022-05-04 15:00:00+02:00,277.05
2022-05-04 16:00:00+02:00,277.39
2022-05-04 17:00:00+02:00,277.14
2022-05-04 18:00:00+02:00,319.79
2022-05-04 19:00:00+02:00,320.45
2022-05-04 20:00:00+02:00,329.01
2022-05-04 21:00:00+02:00,335.04
2022-05-04 22:00:00+02:00,328.49
2022-05-04 23:00:00+02:00,272.83
2022-05-05 00:00:00+02:00,246.95
2022-05-05 01:00:00+02:00,241.82
2022-05-05 02:00:00+02:00,237.57
2022-05-05 03:00:00+02:00,247.25
2022-05-05 04:00:00+02:00,255.79
2022-05-05 05:00:00+02:00,254.5
2022-05-05 06:00:00+02:00,253.2
2022-05-05 07:00:00+02:00,261.44
2022-05-05 08:00:00+02:00,294.39
2022-05-05 09:00:00+02:00,277.78
2022-05-05 10:00:00+02:00,318.58
2022-05-05 11:00:00+02:00,281.98
2022-05-05 12:00:00+02:00,294.94
2022-05-05 13:00:00+02:00,293.0
2022-05-05 14:00:00+02:00,228.75
2022-05-05 15:00:00+02:00,231.56
2022-05-05 16:00:00+02:00,229.18
2022-05-05 17:00:00+02:00,231.59
2022-05-05 18:00:00+02:00,240.93
2022-05-05 19:00:00+02:00,311.78
2022-05-05 20:00:00+02:00,334.71
2022-05-05 21:00:00+02:00,344.89
2022-05-05 22:00:00+02:00,287.5
2022-05-05 23:00:00+02:00,278.59
2022-05-06 00:00:00+02:00,267.19
2022-05-06 01:00:00+02:00,266.59
2022-05-06 02:00:00+02:00,262.78
2022-05-06 03:00:00+02:00,261.48
2022-05-06 04:00:00+02:00,264.31
2022-05-06 05:00:00+02:00,270.65
2022-05-06 06:00:00+02:00,269.63
2022-05-06 07:00:00+02:00,272.77
2022-05-06 08:00:00+02:00,297.69
2022-05-06 09:00:00+02:00,275.69
2022-05-06 10:00:00+02:00,320.14
2022-05-06 11:00:00+02:00,311.84
2022-05-06 12:00:00+02:00,308.1
2022-05-06 13:00:00+02:00,296.3
2022-05-06 14:00:00+02:00,233.94
2022-05-06 15:00:00+02:00,233.62
2022-05-06 16:00:00+02:00,223.87
2022-05-06 17:00:00+02:00,222.88
2022-05-06 18:00:00+02:00,227.07
2022-05-06 19:00:00+02:00,321.71
2022-05-06 20:00:00+02:00,331.76
2022-05-06 21:00:00+02:00,352.23
2022-05-06 22:00:00+02:00,300.4
2022-05-06 23:00:00+02:00,285.73
2022-05-07 00:00:00+02:00,257.94
2022-05-07 01:00:00+02:00,255.61
2022-05-07 02:00:00+02:00,255.91
2022-05-07 03:00:00+02:00,255.39
2022-05-07 04:00:00+02:00,255.48
2022-05-07 05:00:00+02:00,256.64
2022-05-07 06:00:00+02:00,257.17
2022-05-07 07:00:00+02:00,261.09
2022-05-07 08:00:00+02:00,255.49
2022-05-07 09:00:00+02:00,213.97
2022-05-07 10:00:00+02:00,197.27
2022-05-07 11:00:00+02:00,189.06
2022-05-07 12:00:00+02:00,187.62
2022-05-07 13:00:00+02:00,187.73
2022-05-07 14:00:00+02:00,183.69
2022-05-07 15:00:00+02:00,188.06
2022-05-07 16:00:00+02:00,187.39
2022-05-07 17:00:00+02:00,188.99
2022-05-07 18:00:00+02:00,203.94
2022-05-07 19:00:00+02:00,256.94
2022-05-07 20:00:00+02:00,270.29
2022-05-07 21:00:00+02:00,278.6
2022-05-07 22:00:00+02:00,271.46
2022-05-07 23:00:00+02:00,254.39
2022-05-08 00:00:00+02:00,262.3
2022-05-08 01:00:00+02:00,250.15
2022-05-08 02:00:00+02:00,252.7
2022-05-08 03:00:00+02:00,248.68
2022-05-08 04:00:00+02:00,246.2
2022-05-08 05:00:00+02:00,249.61
2022-05-08 06:00:00+02:00,247.92
2022-05-08 07:00:00+02:00,249.53
2022-05-08 08:00:00+02:00,241.98
2022-05-08 09:00:00+02:00,213.07
2022-05-08 10:00:00+02:00,179.62
2022-05-08 11:00:00+02:00,159.55
2022-05-08 12:00:00+02:00,165.46
2022-05-08 13:00:00+02:00,153.09
2022-05-08 14:00:00+02:00,146.6
2022-05-08 15:00:00+02:00,130.75
2022-05-08 16:00:00+02:00,154.52
2022-05-08 17:00:00+02:00,194.44
2022-05-08 18:00:00+02:00,229.81
2022-05-08 19:00:00+02:00,260.43
2022-05-08 20:00:00+02:00,274.28
2022-05-08 21:00:00+02:00,287.47
2022-05-08 22:00:00+02:00,272.31
2022-05-08 23:00:00+02:00,264.65
2022-05-09 00:00:00+02:00,261.48
2022-05-09 01:00:00+02:00,254.96
2022-05-09 02:00:00+02:00,253.99
2022-05-09 03:00:00+02:00,249.27
2022-05-09 04:00:00+02:00,252.26
2022-05-09 05:00:00+02:00,268.96
2022-05-09 06:00:00+02:00,277.11
2022-05-09 07:00:00+02:00,284.64
2022-05-09 08:00:00+02:00,307.94
2022-05-09 09:00:00+02:00,289.28
2022-05-09 10:00:00+02:00,314.37
2022-05-09 11:00:00+02:00,310.3
2022-05-09 12:00:00+02:00,314.26
2022-05-09 13:00:00+02:00,312.89
2022-05-09 14:00:00+02:00,260.33
2022-05-09 15:00:00+02:00,256.14
2022-05-09 16:00:00+02:00,264.91
2022-05-09 17:00:00+02:00,276.59
2022-05-09 18:00:00+02:00,324.0
2022-05-09 19:00:00+02:00,330.95
2022-05-09 20:00:00+02:00,347.25
2022-05-09 21:00:00+02:00,371.48
2022-05-09 22:00:00+02:00,354.84
2022-05-09 23:00:00+02:00,291.64
2022-05-10 00:00:00+02:00,266.2
2022-05-10 01:00:00+02:00,257.71
2022-05-10 02:00:00+02:00,251.25
2022-05-10 03:00:00+02:00,253.03
2022-05-10 04:00:00+02:00,253.89
2022-05-10 05:00:00+02:00,257.3
2022-05-10 06:00:00+02:00,280.61
2022-05-10 07:00:00+02:00,290.55
2022-05-10 08:00:00+02:00,318.68
2022-05-10 09:00:00+02:00,292.32
2022-05-10 10:00:00+02:00,327.29
2022-05-10 11:00:00+02:00,315.61
2022-05-10 12:00:00+02:00,308.36
2022-05-10 13:00:00+02:00,297.19
2022-05-10 14:00:00+02:00,299.17
2022-05-10 15:00:00+02:00,245.85
2022-05-10 16:00:00+02:00,250.77
2022-05-10 17:00:00+02:00,266.81
2022-05-10 18:00:00+02:00,280.93
2022-05-10 19:00:00+02:00,336.86
2022-05-10 20:00:00+02:00,351.58
2022-05-10 21:00:00+02:00,355.77
2022-05-10 22:00:00+02:00,351.83
2022-05-10 23:00:00+02:00,299.15
2022-05-11 00:00:00+02:00,254.56
2022-05-11 01:00:00+02:00,241.45
2022-05-11 02:00:00+02:00,235.25
2022-05-11 03:00:00+02:00,229.98
2022-05-11 04:00:00+02:00,230.9
2022-05-11 05:00:00+02:00,237.34
2022-05-11 06:00:00+02:00,269.01
2022-05-11 07:00:00+02:00,278.49
2022-05-11 08:00:00+02:00,304.58
2022-05-11 09:00:00+02:00,269.32
2022-05-11 10:00:00+02:00,293.97
2022-05-11 11:00:00+02:00,281.81
2022-05-11 12:00:00+02:00,275.6
2022-05-11 13:00:00+02:00,272.51
2022-05-11 14:00:00+02:00,273.06
2022-05-11 15:00:00+02:00,220.92
2022-05-11 16:00:00+02:00,222.11
2022-05-11 17:00:00+02:00,224.74
2022-05-11 18:00:00+02:00,282.17
2022-05-11 19:00:00+02:00,289.68
2022-05-11 20:00:00+02:00,337.1
2022-05-11 21:00:00+02:00,336.79
2022-05-11 22:00:00+02:00,277.22
2022-05-11 23:00:00+02:00,263.65
2022-05-12 00:00:00+02:00,207.94
2022-05-12 01:00:00+02:00,209.83
2022-05-12 02:00:00+02:00,210.6
2022-05-12 03:00:00+02:00,208.83
2022-05-12 04:00:00+02:00,211.06
2022-05-12 05:00:00+02:00,220.68
2022-05-12 06:00:00+02:00,262.3
2022-05-12 07:00:00+02:00,260.44
2022-05-12 08:00:00+02:00,295.17
2022-05-12 09:00:00+02:00,280.69
2022-05-12 10:00:00+02:00,273.28
2022-05-12 11:00:00+02:00,298.72
2022-05-12 12:00:00+02:00,285.5
2022-05-12 13:00:00+02:00,274.0
2022-05-12 14:00:00+02:00,228.13
2022-05-12 15:00:00+02:00,230.62
2022-05-12 16:00:00+02:00,231.85
2022-05-12 17:00:00+02:00,234.37
2022-05-12 18:00:00+02:00,255.14
2022-05-12 19:00:00+02:00,319.47
2022-05-12 20:00:00+02:00,333.78
2022-05-12 21:00:00+02:00,345.98
2022-05-12 22:00:00+02:00,346.33
2022-05-12 23:00:00+02:00,287.18
2022-05-13 00:00:00+02:00,257.41
2022-05-13 01:00:00+02:00,252.58
2022-05-13 02:00:00+02:00,238.87
2022-05-13 03:00:00+02:00,227.72
2022-05-13 04:00:00+02:00,236.51
2022-05-13 05:00:00+02:00,256.16
2022-05-13 06:00:00+02:00,280.19
2022-05-13 07:00:00+02:00,294.27
2022-05-13 08:00:00+02:00,320.21
2022-05-13 09:00:00+02:00,297.7
2022-05-13 10:00:00+02:00,324.75
2022-05-13 11:00:00+02:00,315.4
2022-05-13 12:00:00+02:00,308.31
2022-05-13 13:00:00+02:00,298.36
2022-05-13 14:00:00+02:00,230.16
2022-05-13 15:00:00+02:00,232.34
2022-05-13 16:00:00+02:00,233.74
2022-05-13 17:00:00+02:00,232.25
2022-05-13 18:00:00+02:00,312.78
2022-05-13 19:00:00+02:00,342.5
2022-05-13 20:00:00+02:00,350.35
2022-05-13 21:00:00+02:00,348.6
2022-05-13 22:00:00+02:00,299.57
2022-05-13 23:00:00+02:00,298.68
2022-05-14 00:00:00+02:00,266.07
2022-05-14 01:00:00+02:00,268.45
2022-05-14 02:00:00+02:00,262.2
2022-05-14 03:00:00+02:00,268.12
2022-05-14 04:00:00+02:00,254.21
2022-05-14 05:00:00+02:00,247.45
2022-05-14 06:00:00+02:00,253.43
2022-05-14 07:00:00+02:00,244.52
2022-05-14 08:00:00+02:00,231.59
2022-05-14 09:00:00+02:00,204.54
2022-05-14 10:00:00+02:00,199.37
2022-05-14 11:00:00+02:00,197.12
2022-05-14 12:00:00+02:00,196.57
2022-05-14 13:00:00+02:00,179.98
2022-05-14 14:00:00+02:00,174.02
2022-05-14 15:00:00+02:00,175.57
2022-05-14 16:00:00+02:00,189.88
2022-05-14 17:00:00+02:00,204.96
2022-05-14 18:00:00+02:00,257.09
2022-05-14 19:00:00+02:00,279.38
2022-05-14 20:00:00+02:00,296.65
2022-05-14 21:00:00+02:00,294.9
2022-05-14 22:00:00+02:00,290.03
2022-05-14 23:00:00+02:00,273.4
2022-05-15 00:00:00+02:00,267.2
2022-05-15 01:00:00+02:00,251.79
2022-05-15 02:00:00+02:00,242.65
2022-05-15 03:00:00+02:00,234.16
2022-05-15 04:00:00+02:00,231.1
2022-05-15 05:00:00+02:00,231.32
2022-05-15 06:00:00+02:00,223.12
2022-05-15 07:00:00+02:00,219.33
2022-05-15 08:00:00+02:00,213.47
2022-05-15 09:00:00+02:00,156.38
2022-05-15 10:00:00+02:00,133.15
2022-05-15 11:00:00+02:00,126.23
2022-05-15 12:00:00+02:00,109.02
2022-05-15 13:00:00+02:00,75.35
2022-05-15 14:00:00+02:00,43.24
2022-05-15 15:00:00+02:00,28.66
2022-05-15 16:00:00+02:00,27.12
2022-05-15 17:00:00+02:00,27.55
2022-05-15 18:00:00+02:00,44.88
2022-05-15 19:00:00+02:00,205.93
2022-05-15 20:00:00+02:00,269.51
2022-05-15 21:00:00+02:00,274.16
2022-05-15 22:00:00+02:00,264.95
2022-05-15 23:00:00+02:00,246.95
2022-05-16 00:00:00+02:00,230.97
2022-05-16 01:00:00+02:00,222.83
2022-05-16 02:00:00+02:00,224.02
2022-05-16 03:00:00+02:00,226.74
2022-05-16 04:00:00+02:00,226.06
2022-05-16 05:00:00+02:00,238.65
2022-05-16 06:00:00+02:00,285.27
2022-05-16 07:00:00+02:00,301.98
2022-05-16 08:00:00+02:00,321.66
2022-05-16 09:00:00+02:00,302.66
2022-05-16 10:00:00+02:00,327.26
2022-05-16 11:00:00+02:00,299.76
2022-05-16 12:00:00+02:00,293.17
2022-05-16 13:00:00+02:00,280.31
2022-05-16 14:00:00+02:00,226.35
2022-05-16 15:00:00+02:00,229.73
2022-05-16 16:00:00+02:00,231.22
2022-05-16 17:00:00+02:00,231.77
2022-05-16 18:00:00+02:00,232.38
2022-05-16 19:00:00+02:00,319.17
2022-05-16 20:00:00+02:00,351.94
2022-05-16 21:00:00+02:00,367.27
2022-05-16 22:00:00+02:00,363.12
2022-05-16 23:00:00+02:00,307.27
2022-05-17 00:00:00+02:00,250.5
2022-05-17 01:00:00+02:00,245.19
2022-05-17 02:00:00+02:00,239.38
2022-05-17 03:00:00+02:00,236.4
2022-05-17 04:00:00+02:00,241.76
2022-05-17 05:00:00+02:00,255.04
2022-05-17 06:00:00+02:00,283.28
2022-05-17 07:00:00+02:00,291.42
2022-05-17 08:00:00+02:00,312.69
2022-05-17 09:00:00+02:00,281.84
2022-05-17 10:00:00+02:00,246.43
2022-05-17 11:00:00+02:00,272.55
2022-05-17 12:00:00+02:00,271.46
2022-05-17 13:00:00+02:00,270.28
2022-05-17 14:00:00+02:00,224.86
2022-05-17 15:00:00+02:00,228.7
2022-05-17 16:00:00+02:00,230.5
2022-05-17 17:00:00+02:00,239.42
2022-05-17 18:00:00+02:00,304.79
2022-05-17 19:00:00+02:00,345.51
2022-05-17 20:00:00+02:00,370.01
2022-05-17 21:00:00+02:00,389.16
2022-05-17 22:00:00+02:00,323.41
2022-05-17 23:00:00+02:00,312.04
2022-05-18 00:00:00+02:00,253.35
2022-05-18 01:00:00+02:00,234.15
2022-05-18 02:00:00+02:00,227.13
2022-05-18 03:00:00+02:00,225.05
2022-05-18 04:00:00+02:00,222.17
2022-05-18 05:00:00+02:00,228.69
2022-05-18 06:00:00+02:00,273.65
2022-05-18 07:00:00+02:00,287.38
2022-05-18 08:00:00+02:00,312.4
2022-05-18 09:00:00+02:00,292.42
2022-05-18 10:00:00+02:00,277.03
2022-05-18 11:00:00+02:00,285.86
2022-05-18 12:00:00+02:00,282.64
2022-05-18 13:00:00+02:00,278.19
2022-05-18 14:00:00+02:00,279.66
2022-05-18 15:00:00+02:00,237.68
2022-05-18 16:00:00+02:00,239.75
2022-05-18 17:00:00+02:00,243.86
2022-05-18 18:00:00+02:00,297.28
2022-05-18 19:00:00+02:00,333.9
2022-05-18 20:00:00+02:00,351.21
2022-05-18 21:00:00+02:00,356.99
2022-05-18 22:00:00+02:00,300.59
2022-05-18 23:00:00+02:00,265.49
2022-05-19 00:00:00+02:00,241.71
2022-05-19 01:00:00+02:00,230.33
2022-05-19 02:00:00+02:00,226.0
2022-05-19 03:00:00+02:00,222.39
2022-05-19 04:00:00+02:00,224.36
2022-05-19 05:00:00+02:00,231.68
2022-05-19 06:00:00+02:00,274.97
2022-05-19 07:00:00+02:00,288.24
2022-05-19 08:00:00+02:00,313.06
2022-05-19 09:00:00+02:00,287.4
2022-05-19 10:00:00+02:00,316.13
2022-05-19 11:00:00+02:00,284.73
2022-05-19 12:00:00+02:00,279.75
2022-05-19 13:00:00+02:00,275.56
2022-05-19 14:00:00+02:00,228.0
2022-05-19 15:00:00+02:00,226.83
2022-05-19 16:00:00+02:00,227.16
2022-05-19 17:00:00+02:00,231.48
2022-05-19 18:00:00+02:00,283.58
2022-05-19 19:00:00+02:00,299.3
2022-05-19 20:00:00+02:00,344.65
2022-05-19 21:00:00+02:00,357.48
2022-05-19 22:00:00+02:00,301.91
2022-05-19 23:00:00+02:00,288.16
2022-05-20 00:00:00+02:00,258.01
2022-05-20 01:00:00+02:00,243.56
2022-05-20 02:00:00+02:00,237.61
2022-05-20 03:00:00+02:00,237.99
2022-05-20 04:00:00+02:00,239.73
2022-05-20 05:00:00+02:00,261.64
2022-05-20 06:00:00+02:00,280.13
2022-05-20 07:00:00+02:00,281.66
2022-05-20 08:00:00+02:00,313.6
2022-05-20 09:00:00+02:00,297.69
2022-05-20 10:00:00+02:00,322.19
2022-05-20 11:00:00+02:00,315.75
2022-05-20 12:00:00+02:00,310.05
2022-05-20 13:00:00+02:00,303.16
2022-05-20 14:00:00+02:00,293.85
2022-05-20 15:00:00+02:00,242.34
2022-05-20 16:00:00+02:00,250.71
2022-05-20 17:00:00+02:00,261.46
2022-05-20 18:00:00+02:00,335.27
2022-05-20 19:00:00+02:00,349.73
2022-05-20 20:00:00+02:00,351.58
2022-05-20 21:00:00+02:00,336.81
2022-05-20 22:00:00+02:00,326.48
2022-05-20 23:00:00+02:00,261.36
2022-05-21 00:00:00+02:00,223.08
2022-05-21 01:00:00+02:00,212.26
2022-05-21 02:00:00+02:00,213.22
2022-05-21 03:00:00+02:00,212.27
2022-05-21 04:00:00+02:00,210.53
2022-05-21 05:00:00+02:00,211.65
2022-05-21 06:00:00+02:00,210.47
2022-05-21 07:00:00+02:00,210.71
2022-05-21 08:00:00+02:00,212.5
2022-05-21 09:00:00+02:00,214.65
2022-05-21 10:00:00+02:00,219.13
2022-05-21 11:00:00+02:00,215.06
2022-05-21 12:00:00+02:00,210.32
2022-05-21 13:00:00+02:00,206.41
2022-05-21 14:00:00+02:00,203.02
2022-05-21 15:00:00+02:00,204.26
2022-05-21 16:00:00+02:00,203.61
2022-05-21 17:00:00+02:00,208.32
2022-05-21 18:00:00+02:00,222.21
2022-05-21 19:00:00+02:00,252.81
2022-05-21 20:00:00+02:00,273.82
2022-05-21 21:00:00+02:00,278.79
2022-05-21 22:00:00+02:00,277.28
2022-05-21 23:00:00+02:00,265.43
2022-05-22 00:00:00+02:00,265.43
2022-05-22 01:00:00+02:00,228.52
2022-05-22 02:00:00+02:00,223.26
2022-05-22 03:00:00+02:00,227.18
2022-05-22 04:00:00+02:00,227.8
2022-05-22 05:00:00+02:00,232.3
2022-05-22 06:00:00+02:00,238.17
2022-05-22 07:00:00+02:00,238.0
2022-05-22 08:00:00+02:00,236.12
2022-05-22 09:00:00+02:00,217.56
2022-05-22 10:00:00+02:00,208.47
2022-05-22 11:00:00+02:00,199.73
2022-05-22 12:00:00+02:00,187.72
2022-05-22 13:00:00+02:00,179.44
2022-05-22 14:00:00+02:00,132.98
2022-05-22 15:00:00+02:00,139.46
2022-05-22 16:00:00+02:00,174.94
2022-05-22 17:00:00+02:00,185.17
2022-05-22 18:00:00+02:00,199.97
2022-05-22 19:00:00+02:00,218.41
2022-05-22 20:00:00+02:00,273.79
2022-05-22 21:00:00+02:00,277.65
2022-05-22 22:00:00+02:00,267.31
2022-05-22 23:00:00+02:00,263.64
2022-05-23 00:00:00+02:00,246.28
2022-05-23 01:00:00+02:00,231.59
2022-05-23 02:00:00+02:00,223.1
2022-05-23 03:00:00+02:00,225.06
2022-05-23 04:00:00+02:00,224.82
2022-05-23 05:00:00+02:00,225.34
2022-05-23 06:00:00+02:00,255.57
2022-05-23 07:00:00+02:00,276.87
2022-05-23 08:00:00+02:00,312.87
2022-05-23 09:00:00+02:00,292.41
2022-05-23 10:00:00+02:00,286.65
2022-05-23 11:00:00+02:00,315.91
2022-05-23 12:00:00+02:00,303.35
2022-05-23 13:00:00+02:00,301.8
2022-05-23 14:00:00+02:00,245.67
2022-05-23 15:00:00+02:00,250.88
2022-05-23 16:00:00+02:00,249.16
2022-05-23 17:00:00+02:00,255.21
2022-05-23 18:00:00+02:00,299.64
2022-05-23 19:00:00+02:00,335.9
2022-05-23 20:00:00+02:00,331.29
2022-05-23 21:00:00+02:00,333.37
2022-05-23 22:00:00+02:00,284.68
2022-05-23 23:00:00+02:00,255.51
2022-05-24 00:00:00+02:00,219.42
2022-05-24 01:00:00+02:00,214.91
2022-05-24 02:00:00+02:00,217.11
2022-05-24 03:00:00+02:00,221.73
2022-05-24 04:00:00+02:00,224.57
2022-05-24 05:00:00+02:00,236.64
2022-05-24 06:00:00+02:00,258.1
2022-05-24 07:00:00+02:00,260.52
2022-05-24 08:00:00+02:00,293.94
2022-05-24 09:00:00+02:00,264.73
2022-05-24 10:00:00+02:00,302.93
2022-05-24 11:00:00+02:00,290.16
2022-05-24 12:00:00+02:00,301.18
2022-05-24 13:00:00+02:00,288.7
2022-05-24 14:00:00+02:00,236.51
2022-05-24 15:00:00+02:00,236.74
2022-05-24 16:00:00+02:00,236.29
2022-05-24 17:00:00+02:00,240.78
2022-05-24 18:00:00+02:00,284.15
2022-05-24 19:00:00+02:00,284.21
2022-05-24 20:00:00+02:00,316.49
2022-05-24 21:00:00+02:00,341.77
2022-05-24 22:00:00+02:00,288.83
2022-05-24 23:00:00+02:00,262.95
2022-05-25 00:00:00+02:00,247.32
2022-05-25 01:00:00+02:00,240.37
2022-05-25 02:00:00+02:00,233.06
2022-05-25 03:00:00+02:00,232.82
2022-05-25 04:00:00+02:00,235.28
2022-05-25 05:00:00+02:00,240.74
2022-05-25 06:00:00+02:00,276.25
2022-05-25 07:00:00+02:00,286.53
2022-05-25 08:00:00+02:00,311.78
2022-05-25 09:00:00+02:00,291.5
2022-05-25 10:00:00+02:00,313.9
2022-05-25 11:00:00+02:00,295.27
2022-05-25 12:00:00+02:00,306.32
2022-05-25 13:00:00+02:00,305.94
2022-05-25 14:00:00+02:00,236.98
2022-05-25 15:00:00+02:00,240.44
2022-05-25 16:00:00+02:00,238.01
2022-05-25 17:00:00+02:00,239.99
2022-05-25 18:00:00+02:00,294.34
2022-05-25 19:00:00+02:00,315.86
2022-05-25 20:00:00+02:00,336.65
2022-05-25 21:00:00+02:00,342.12
2022-05-25 22:00:00+02:00,337.6
2022-05-25 23:00:00+02:00,274.74
2022-05-26 00:00:00+02:00,232.8
2022-05-26 01:00:00+02:00,225.87
2022-05-26 02:00:00+02:00,218.61
2022-05-26 03:00:00+02:00,210.01
2022-05-26 04:00:00+02:00,209.9
2022-05-26 05:00:00+02:00,211.54
2022-05-26 06:00:00+02:00,240.18
2022-05-26 07:00:00+02:00,249.38
2022-05-26 08:00:00+02:00,272.06
2022-05-26 09:00:00+02:00,235.02
2022-05-26 10:00:00+02:00,283.06
2022-05-26 11:00:00+02:00,295.02
2022-05-26 12:00:00+02:00,283.76
2022-05-26 13:00:00+02:00,272.6
2022-05-26 14:00:00+02:00,276.66
2022-05-26 15:00:00+02:00,228.76
2022-05-26 16:00:00+02:00,231.88
2022-05-26 17:00:00+02:00,238.84
2022-05-26 18:00:00+02:00,283.44
2022-05-26 19:00:00+02:00,323.09
2022-05-26 20:00:00+02:00,329.87
2022-05-26 21:00:00+02:00,342.04
2022-05-26 22:00:00+02:00,292.88
2022-05-26 23:00:00+02:00,294.44
2022-05-27 00:00:00+02:00,226.17
2022-05-27 01:00:00+02:00,203.82
2022-05-27 02:00:00+02:00,202.11
2022-05-27 03:00:00+02:00,204.44
2022-05-27 04:00:00+02:00,204.59
2022-05-27 05:00:00+02:00,205.64
2022-05-27 06:00:00+02:00,230.54
2022-05-27 07:00:00+02:00,240.19
2022-05-27 08:00:00+02:00,278.4
2022-05-27 09:00:00+02:00,259.03
2022-05-27 10:00:00+02:00,285.35
2022-05-27 11:00:00+02:00,287.26
2022-05-27 12:00:00+02:00,281.86
2022-05-27 13:00:00+02:00,279.87
2022-05-27 14:00:00+02:00,231.18
2022-05-27 15:00:00+02:00,223.43
2022-05-27 16:00:00+02:00,221.49
2022-05-27 17:00:00+02:00,220.18
2022-05-27 18:00:00+02:00,217.96
2022-05-27 19:00:00+02:00,289.87
2022-05-27 20:00:00+02:00,329.56
2022-05-27 21:00:00+02:00,341.62
2022-05-27 22:00:00+02:00,284.94
2022-05-27 23:00:00+02:00,269.22
2022-05-28 00:00:00+02:00,217.46
2022-05-28 01:00:00+02:00,205.51
2022-05-28 02:00:00+02:00,216.67
2022-05-28 03:00:00+02:00,208.34
2022-05-28 04:00:00+02:00,211.64
2022-05-28 05:00:00+02:00,222.84
2022-05-28 06:00:00+02:00,237.17
2022-05-28 07:00:00+02:00,239.79
2022-05-28 08:00:00+02:00,228.94
2022-05-28 09:00:00+02:00,225.6
2022-05-28 10:00:00+02:00,205.08
2022-05-28 11:00:00+02:00,204.78
2022-05-28 12:00:00+02:00,213.37
2022-05-28 13:00:00+02:00,212.03
2022-05-28 14:00:00+02:00,206.39
2022-05-28 15:00:00+02:00,207.09
2022-05-28 16:00:00+02:00,195.89
2022-05-28 17:00:00+02:00,199.09
2022-05-28 18:00:00+02:00,212.35
2022-05-28 19:00:00+02:00,217.31
2022-05-28 20:00:00+02:00,271.44
2022-05-28 21:00:00+02:00,285.41
2022-05-28 22:00:00+02:00,271.99
2022-05-28 23:00:00+02:00,258.36
2022-05-29 00:00:00+02:00,238.46
2022-05-29 01:00:00+02:00,238.97
2022-05-29 02:00:00+02:00,223.09
2022-05-29 03:00:00+02:00,220.02
2022-05-29 04:00:00+02:00,216.55
2022-05-29 05:00:00+02:00,228.29
2022-05-29 06:00:00+02:00,246.18
2022-05-29 07:00:00+02:00,228.02
2022-05-29 08:00:00+02:00,201.56
2022-05-29 09:00:00+02:00,189.54
2022-05-29 10:00:00+02:00,185.62
2022-05-29 11:00:00+02:00,190.49
2022-05-29 12:00:00+02:00,185.7
2022-05-29 13:00:00+02:00,178.21
2022-05-29 14:00:00+02:00,167.15
2022-05-29 15:00:00+02:00,168.47
2022-05-29 16:00:00+02:00,168.47
2022-05-29 17:00:00+02:00,191.68
2022-05-29 18:00:00+02:00,200.48
2022-05-29 19:00:00+02:00,238.52
2022-05-29 20:00:00+02:00,270.04
2022-05-29 21:00:00+02:00,277.35
2022-05-29 22:00:00+02:00,280.13
2022-05-29 23:00:00+02:00,267.24
2022-05-30 00:00:00+02:00,257.95
2022-05-30 01:00:00+02:00,258.79
2022-05-30 02:00:00+02:00,253.86
2022-05-30 03:00:00+02:00,252.62
2022-05-30 04:00:00+02:00,250.88
2022-05-30 05:00:00+02:00,255.69
2022-05-30 06:00:00+02:00,285.83
2022-05-30 07:00:00+02:00,283.69
2022-05-30 08:00:00+02:00,310.58
2022-05-30 09:00:00+02:00,288.06
2022-05-30 10:00:00+02:00,328.52
2022-05-30 11:00:00+02:00,313.51
2022-05-30 12:00:00+02:00,313.32
2022-05-30 13:00:00+02:00,305.09
2022-05-30 14:00:00+02:00,256.1
2022-05-30 15:00:00+02:00,250.98
2022-05-30 16:00:00+02:00,239.82
2022-05-30 17:00:00+02:00,257.52
2022-05-30 18:00:00+02:00,309.47
2022-05-30 19:00:00+02:00,334.54
2022-05-30 20:00:00+02:00,363.08
2022-05-30 21:00:00+02:00,374.34
2022-05-30 22:00:00+02:00,323.6
2022-05-30 23:00:00+02:00,307.19
2022-05-31 00:00:00+02:00,274.89
2022-05-31 01:00:00+02:00,269.15
2022-05-31 02:00:00+02:00,268.41
2022-05-31 03:00:00+02:00,269.81
2022-05-31 04:00:00+02:00,268.56
2022-05-31 05:00:00+02:00,264.71
2022-05-31 06:00:00+02:00,285.3
2022-05-31 07:00:00+02:00,306.15
2022-05-31 08:00:00+02:00,331.87
2022-05-31 09:00:00+02:00,301.89
2022-05-31 10:00:00+02:00,281.2
2022-05-31 11:00:00+02:00,318.43
2022-05-31 12:00:00+02:00,309.37
2022-05-31 13:00:00+02:00,297.22
2022-05-31 14:00:00+02:00,307.83
2022-05-31 15:00:00+02:00,252.49
2022-05-31 16:00:00+02:00,253.08
2022-05-31 17:00:00+02:00,260.38
2022-05-31 18:00:00+02:00,316.47
2022-05-31 19:00:00+02:00,343.44
2022-05-31 20:00:00+02:00,366.05
2022-05-31 21:00:00+02:00,371.49
2022-05-31 22:00:00+02:00,367.68
2022-05-31 23:00:00+02:00,306.9
2022-06-01 00:00:00+02:00,270.19
2022-06-01 01:00:00+02:00,260.25
2022-06-01 02:00:00+02:00,252.3
2022-06-01 03:00:00+02:00,248.31
2022-06-01 04:00:00+02:00,241.41
2022-06-01 05:00:00+02:00,245.41
2022-06-01 06:00:00+02:00,280.37
2022-06-01 07:00:00+02:00,301.01
2022-06-01 08:00:00+02:00,322.57
2022-06-01 09:00:00+02:00,299.73
2022-06-01 10:00:00+02:00,279.09
2022-06-01 11:00:00+02:00,322.75
2022-06-01 12:00:00+02:00,313.28
2022-06-01 13:00:00+02:00,295.17
2022-06-01 14:00:00+02:00,240.89
2022-06-01 15:00:00+02:00,238.18
2022-06-01 16:00:00+02:00,235.87
2022-06-01 17:00:00+02:00,239.01
2022-06-01 18:00:00+02:00,293.73
2022-06-01 19:00:00+02:00,323.13
2022-06-01 20:00:00+02:00,374.36
2022-06-01 21:00:00+02:00,390.76
2022-06-01 22:00:00+02:00,329.82
2022-06-01 23:00:00+02:00,310.08
2022-06-02 00:00:00+02:00,295.26
2022-06-02 01:00:00+02:00,293.11
2022-06-02 02:00:00+02:00,281.36
2022-06-02 03:00:00+02:00,281.99
2022-06-02 04:00:00+02:00,273.63
2022-06-02 05:00:00+02:00,274.6
2022-06-02 06:00:00+02:00,289.25
2022-06-02 07:00:00+02:00,292.28
2022-06-02 08:00:00+02:00,310.97
2022-06-02 09:00:00+02:00,263.8
2022-06-02 10:00:00+02:00,243.89
2022-06-02 11:00:00+02:00,292.21
2022-06-02 12:00:00+02:00,292.3
2022-06-02 13:00:00+02:00,286.3
2022-06-02 14:00:00+02:00,235.62
2022-06-02 15:00:00+02:00,236.11
2022-06-02 16:00:00+02:00,241.55
2022-06-02 17:00:00+02:00,246.22
2022-06-02 18:00:00+02:00,338.05
2022-06-02 19:00:00+02:00,354.13
2022-06-02 20:00:00+02:00,364.36
2022-06-02 21:00:00+02:00,385.32
2022-06-02 22:00:00+02:00,336.93
2022-06-02 23:00:00+02:00,322.33
2022-06-03 00:00:00+02:00,292.23
2022-06-03 01:00:00+02:00,287.9
2022-06-03 02:00:00+02:00,283.96
2022-06-03 03:00:00+02:00,282.14
2022-06-03 04:00:00+02:00,270.4
2022-06-03 05:00:00+02:00,272.83
2022-06-03 06:00:00+02:00,284.28
2022-06-03 07:00:00+02:00,289.52
2022-06-03 08:00:00+02:00,314.79
2022-06-03 09:00:00+02:00,301.97
2022-06-03 10:00:00+02:00,290.34
2022-06-03 11:00:00+02:00,326.81
2022-06-03 12:00:00+02:00,306.53
2022-06-03 13:00:00+02:00,291.44
2022-06-03 14:00:00+02:00,235.42
2022-06-03 15:00:00+02:00,235.95
2022-06-03 16:00:00+02:00,239.96
2022-06-03 17:00:00+02:00,244.66
2022-06-03 18:00:00+02:00,258.39
2022-06-03 19:00:00+02:00,332.72
2022-06-03 20:00:00+02:00,345.41
2022-06-03 21:00:00+02:00,362.97
2022-06-03 22:00:00+02:00,368.02
2022-06-03 23:00:00+02:00,318.24
2022-06-04 00:00:00+02:00,290.99
2022-06-04 01:00:00+02:00,292.67
2022-06-04 02:00:00+02:00,273.45
2022-06-04 03:00:00+02:00,268.18
2022-06-04 04:00:00+02:00,260.46
2022-06-04 05:00:00+02:00,268.56
2022-06-04 06:00:00+02:00,268.34
2022-06-04 07:00:00+02:00,277.14
2022-06-04 08:00:00+02:00,256.45
2022-06-04 09:00:00+02:00,240.83
2022-06-04 10:00:00+02:00,243.49
2022-06-04 11:00:00+02:00,237.53
2022-06-04 12:00:00+02:00,227.73
2022-06-04 13:00:00+02:00,223.82
2022-06-04 14:00:00+02:00,215.67
2022-06-04 15:00:00+02:00,201.81
2022-06-04 16:00:00+02:00,198.46
2022-06-04 17:00:00+02:00,203.53
2022-06-04 18:00:00+02:00,226.19
2022-06-04 19:00:00+02:00,244.96
2022-06-04 20:00:00+02:00,261.74
2022-06-04 21:00:00+02:00,298.58
2022-06-04 22:00:00+02:00,303.88
2022-06-04 23:00:00+02:00,297.23
2022-06-05 00:00:00+02:00,291.15
2022-06-05 01:00:00+02:00,273.48
2022-06-05 02:00:00+02:00,265.9
2022-06-05 03:00:00+02:00,271.05
2022-06-05 04:00:00+02:00,267.68
2022-06-05 05:00:00+02:00,273.43
2022-06-05 06:00:00+02:00,271.78
2022-06-05 07:00:00+02:00,264.7
2022-06-05 08:00:00+02:00,237.75
2022-06-05 09:00:00+02:00,217.53
2022-06-05 10:00:00+02:00,213.16
2022-06-05 11:00:00+02:00,212.86
2022-06-05 12:00:00+02:00,211.12
2022-06-05 13:00:00+02:00,211.26
2022-06-05 14:00:00+02:00,209.88
2022-06-05 15:00:00+02:00,206.46
2022-06-05 16:00:00+02:00,200.32
2022-06-05 17:00:00+02:00,207.1
2022-06-05 18:00:00+02:00,210.99
2022-06-05 19:00:00+02:00,216.61
2022-06-05 20:00:00+02:00,256.86
2022-06-05 21:00:00+02:00,296.74
2022-06-05 22:00:00+02:00,299.76
2022-06-05 23:00:00+02:00,289.43
2022-06-06 00:00:00+02:00,265.88
2022-06-06 01:00:00+02:00,248.52
2022-06-06 02:00:00+02:00,236.32
2022-06-06 03:00:00+02:00,237.08
2022-06-06 04:00:00+02:00,234.45
2022-06-06 05:00:00+02:00,236.74
2022-06-06 06:00:00+02:00,263.3
2022-06-06 07:00:00+02:00,272.85
2022-06-06 08:00:00+02:00,287.14
2022-06-06 09:00:00+02:00,257.25
2022-06-06 10:00:00+02:00,252.89
2022-06-06 11:00:00+02:00,295.35
2022-06-06 12:00:00+02:00,290.59
2022-06-06 13:00:00+02:00,289.14
2022-06-06 14:00:00+02:00,243.74
2022-06-06 15:00:00+02:00,240.45
2022-06-06 16:00:00+02:00,238.24
2022-06-06 17:00:00+02:00,236.99
2022-06-06 18:00:00+02:00,238.88
2022-06-06 19:00:00+02:00,320.86
2022-06-06 20:00:00+02:00,336.04
2022-06-06 21:00:00+02:00,362.9
2022-06-06 22:00:00+02:00,362.24
2022-06-06 23:00:00+02:00,292.77
2022-06-07 00:00:00+02:00,252.86
2022-06-07 01:00:00+02:00,234.24
2022-06-07 02:00:00+02:00,221.16
2022-06-07 03:00:00+02:00,218.07
2022-06-07 04:00:00+02:00,216.64
2022-06-07 05:00:00+02:00,215.36
2022-06-07 06:00:00+02:00,213.23
2022-06-07 07:00:00+02:00,261.55
2022-06-07 08:00:00+02:00,291.22
2022-06-07 09:00:00+02:00,278.49
2022-06-07 10:00:00+02:00,309.8
2022-06-07 11:00:00+02:00,309.66
2022-06-07 12:00:00+02:00,308.9
2022-06-07 13:00:00+02:00,295.73
2022-06-07 14:00:00+02:00,283.24
2022-06-07 15:00:00+02:00,225.92
2022-06-07 16:00:00+02:00,225.02
2022-06-07 17:00:00+02:00,235.35
2022-06-07 18:00:00+02:00,241.29
2022-06-07 19:00:00+02:00,311.71
2022-06-07 20:00:00+02:00,348.58
2022-06-07 21:00:00+02:00,350.06
2022-06-07 22:00:00+02:00,341.53
2022-06-07 23:00:00+02:00,282.97
2022-06-08 00:00:00+02:00,232.49
2022-06-08 01:00:00+02:00,215.46
2022-06-08 02:00:00+02:00,212.45
2022-06-08 03:00:00+02:00,214.96
2022-06-08 04:00:00+02:00,214.69
2022-06-08 05:00:00+02:00,217.37
2022-06-08 06:00:00+02:00,241.19
2022-06-08 07:00:00+02:00,258.48
2022-06-08 08:00:00+02:00,286.0
2022-06-08 09:00:00+02:00,272.73
2022-06-08 10:00:00+02:00,254.93
2022-06-08 11:00:00+02:00,300.91
2022-06-08 12:00:00+02:00,286.28
2022-06-08 13:00:00+02:00,279.29
2022-06-08 14:00:00+02:00,225.12
2022-06-08 15:00:00+02:00,222.17
2022-06-08 16:00:00+02:00,222.14
2022-06-08 17:00:00+02:00,223.94
2022-06-08 18:00:00+02:00,275.68
2022-06-08 19:00:00+02:00,303.33
2022-06-08 20:00:00+02:00,332.12
2022-06-08 21:00:00+02:00,330.93
2022-06-08 22:00:00+02:00,282.92
2022-06-08 23:00:00+02:00,269.64
2022-06-09 00:00:00+02:00,232.13
2022-06-09 01:00:00+02:00,211.05
2022-06-09 02:00:00+02:00,204.68
2022-06-09 03:00:00+02:00,206.0
2022-06-09 04:00:00+02:00,206.23
2022-06-09 05:00:00+02:00,210.84
2022-06-09 06:00:00+02:00,240.32
2022-06-09 07:00:00+02:00,260.2
2022-06-09 08:00:00+02:00,286.12
2022-06-09 09:00:00+02:00,266.39
2022-06-09 10:00:00+02:00,256.76
2022-06-09 11:00:00+02:00,295.47
2022-06-09 12:00:00+02:00,293.7
2022-06-09 13:00:00+02:00,283.2
2022-06-09 14:00:00+02:00,222.41
2022-06-09 15:00:00+02:00,219.12
2022-06-09 16:00:00+02:00,214.71
2022-06-09 17:00:00+02:00,216.58
2022-06-09 18:00:00+02:00,275.92
2022-06-09 19:00:00+02:00,302.98
2022-06-09 20:00:00+02:00,319.45
2022-06-09 21:00:00+02:00,329.26
2022-06-09 22:00:00+02:00,329.1
2022-06-09 23:00:00+02:00,261.5
2022-06-10 00:00:00+02:00,242.53
2022-06-10 01:00:00+02:00,222.4
2022-06-10 02:00:00+02:00,215.84
2022-06-10 03:00:00+02:00,216.38
2022-06-10 04:00:00+02:00,216.77
2022-06-10 05:00:00+02:00,235.26
2022-06-10 06:00:00+02:00,253.81
2022-06-10 07:00:00+02:00,258.76
2022-06-10 08:00:00+02:00,284.83
2022-06-10 09:00:00+02:00,267.38
2022-06-10 10:00:00+02:00,251.57
2022-06-10 11:00:00+02:00,307.08
2022-06-10 12:00:00+02:00,312.78
2022-06-10 13:00:00+02:00,306.06
2022-06-10 14:00:00+02:00,295.73
2022-06-10 15:00:00+02:00,237.07
2022-06-10 16:00:00+02:00,237.29
2022-06-10 17:00:00+02:00,265.14
2022-06-10 18:00:00+02:00,272.92
2022-06-10 19:00:00+02:00,330.31
2022-06-10 20:00:00+02:00,342.67
2022-06-10 21:00:00+02:00,338.22
2022-06-10 22:00:00+02:00,289.42
2022-06-10 23:00:00+02:00,278.6
2022-06-11 00:00:00+02:00,254.81
2022-06-11 01:00:00+02:00,251.62
2022-06-11 02:00:00+02:00,244.35
2022-06-11 03:00:00+02:00,247.44
2022-06-11 04:00:00+02:00,248.03
2022-06-11 05:00:00+02:00,248.35
2022-06-11 06:00:00+02:00,247.56
2022-06-11 07:00:00+02:00,245.51
2022-06-11 08:00:00+02:00,232.31
2022-06-11 09:00:00+02:00,213.88
2022-06-11 10:00:00+02:00,217.42
2022-06-11 11:00:00+02:00,219.69
2022-06-11 12:00:00+02:00,210.44
2022-06-11 13:00:00+02:00,207.09
2022-06-11 14:00:00+02:00,207.22
2022-06-11 15:00:00+02:00,204.2
2022-06-11 16:00:00+02:00,213.4
2022-06-11 17:00:00+02:00,226.52
2022-06-11 18:00:00+02:00,216.0
2022-06-11 19:00:00+02:00,242.0
2022-06-11 20:00:00+02:00,263.53
2022-06-11 21:00:00+02:00,286.06
2022-06-11 22:00:00+02:00,285.93
2022-06-11 23:00:00+02:00,265.92
2022-06-12 00:00:00+02:00,248.31
2022-06-12 01:00:00+02:00,238.13
2022-06-12 02:00:00+02:00,229.18
2022-06-12 03:00:00+02:00,221.28
2022-06-12 04:00:00+02:00,222.72
2022-06-12 05:00:00+02:00,226.07
2022-06-12 06:00:00+02:00,230.2
2022-06-12 07:00:00+02:00,229.62
2022-06-12 08:00:00+02:00,217.98
2022-06-12 09:00:00+02:00,205.91
2022-06-12 10:00:00+02:00,195.97
2022-06-12 11:00:00+02:00,193.0
2022-06-12 12:00:00+02:00,188.13
2022-06-12 13:00:00+02:00,190.24
2022-06-12 14:00:00+02:00,189.24
2022-06-12 15:00:00+02:00,137.51
2022-06-12 16:00:00+02:00,101.33
2022-06-12 17:00:00+02:00,190.55
2022-06-12 18:00:00+02:00,207.75
2022-06-12 19:00:00+02:00,237.55
2022-06-12 20:00:00+02:00,256.29
2022-06-12 21:00:00+02:00,272.89
2022-06-12 22:00:00+02:00,276.94
2022-06-12 23:00:00+02:00,270.0
2022-06-13 00:00:00+02:00,246.82
2022-06-13 01:00:00+02:00,228.03
2022-06-13 02:00:00+02:00,209.11
2022-06-13 03:00:00+02:00,208.15
2022-06-13 04:00:00+02:00,212.54
2022-06-13 05:00:00+02:00,217.53
2022-06-13 06:00:00+02:00,245.49
2022-06-13 07:00:00+02:00,254.61
2022-06-13 08:00:00+02:00,273.84
2022-06-13 09:00:00+02:00,266.11
2022-06-13 10:00:00+02:00,313.62
2022-06-13 11:00:00+02:00,315.02
2022-06-13 12:00:00+02:00,320.48
2022-06-13 13:00:00+02:00,320.77
2022-06-13 14:00:00+02:00,271.71
2022-06-13 15:00:00+02:00,267.0
2022-06-13 16:00:00+02:00,266.21
2022-06-13 17:00:00+02:00,268.9
2022-06-13 18:00:00+02:00,322.29
2022-06-13 19:00:00+02:00,343.71
2022-06-13 20:00:00+02:00,363.15
2022-06-13 21:00:00+02:00,361.43
2022-06-13 22:00:00+02:00,311.59
2022-06-13 23:00:00+02:00,296.95
2022-06-14 00:00:00+02:00,266.95
2022-06-14 01:00:00+02:00,266.34
2022-06-14 02:00:00+02:00,254.41
2022-06-14 03:00:00+02:00,249.73
2022-06-14 04:00:00+02:00,244.74
2022-06-14 05:00:00+02:00,248.96
2022-06-14 06:00:00+02:00,261.12
2022-06-14 07:00:00+02:00,274.29
2022-06-14 08:00:00+02:00,300.68
2022-06-14 09:00:00+02:00,291.95
2022-06-14 10:00:00+02:00,332.44
2022-06-14 11:00:00+02:00,317.75
2022-06-14 12:00:00+02:00,313.79
2022-06-14 13:00:00+02:00,313.36
2022-06-14 14:00:00+02:00,313.38
2022-06-14 15:00:00+02:00,258.4
2022-06-14 16:00:00+02:00,268.77
2022-06-14 17:00:00+02:00,271.23
2022-06-14 18:00:00+02:00,325.92
2022-06-14 19:00:00+02:00,340.65
2022-06-14 20:00:00+02:00,361.8
2022-06-14 21:00:00+02:00,366.25
2022-06-14 22:00:00+02:00,309.93
2022-06-14 23:00:00+02:00,292.87
2022-06-15 00:00:00+02:00,311.85
2022-06-15 01:00:00+02:00,310.04
2022-06-15 02:00:00+02:00,309.45
2022-06-15 03:00:00+02:00,308.39
2022-06-15 04:00:00+02:00,309.25
2022-06-15 05:00:00+02:00,317.24
2022-06-15 06:00:00+02:00,306.79
2022-06-15 07:00:00+02:00,301.17
2022-06-15 08:00:00+02:00,318.53
2022-06-15 09:00:00+02:00,293.99
2022-06-15 10:00:00+02:00,323.21
2022-06-15 11:00:00+02:00,318.03
2022-06-15 12:00:00+02:00,318.49
2022-06-15 13:00:00+02:00,319.3
2022-06-15 14:00:00+02:00,267.74
2022-06-15 15:00:00+02:00,257.79
2022-06-15 16:00:00+02:00,261.46
2022-06-15 17:00:00+02:00,260.72
2022-06-15 18:00:00+02:00,261.87
2022-06-15 19:00:00+02:00,328.61
2022-06-15 20:00:00+02:00,356.12
2022-06-15 21:00:00+02:00,358.24
2022-06-15 22:00:00+02:00,357.38
2022-06-15 23:00:00+02:00,282.86
2022-06-16 00:00:00+02:00,351.79
2022-06-16 01:00:00+02:00,327.79
2022-06-16 02:00:00+02:00,325.78
2022-06-16 03:00:00+02:00,329.18
2022-06-16 04:00:00+02:00,333.76
2022-06-16 05:00:00+02:00,343.87
2022-06-16 06:00:00+02:00,337.22
2022-06-16 07:00:00+02:00,350.95
2022-06-16 08:00:00+02:00,365.2
2022-06-16 09:00:00+02:00,327.58
2022-06-16 10:00:00+02:00,366.39
2022-06-16 11:00:00+02:00,354.13
2022-06-16 12:00:00+02:00,351.11
2022-06-16 13:00:00+02:00,351.57
2022-06-16 14:00:00+02:00,343.12
2022-06-16 15:00:00+02:00,297.18
2022-06-16 16:00:00+02:00,298.73
2022-06-16 17:00:00+02:00,310.6
2022-06-16 18:00:00+02:00,314.51
2022-06-16 19:00:00+02:00,405.0
2022-06-16 20:00:00+02:00,418.49
2022-06-16 21:00:00+02:00,428.98
2022-06-16 22:00:00+02:00,433.57
2022-06-16 23:00:00+02:00,379.63
2022-06-17 00:00:00+02:00,366.15
2022-06-17 01:00:00+02:00,362.99
2022-06-17 02:00:00+02:00,357.71
2022-06-17 03:00:00+02:00,356.93
2022-06-17 04:00:00+02:00,359.79
2022-06-17 05:00:00+02:00,357.71
2022-06-17 06:00:00+02:00,351.59
2022-06-17 07:00:00+02:00,352.26
2022-06-17 08:00:00+02:00,361.21
2022-06-17 09:00:00+02:00,344.42
2022-06-17 10:00:00+02:00,332.99
2022-06-17 11:00:00+02:00,368.45
2022-06-17 12:00:00+02:00,365.07
2022-06-17 13:00:00+02:00,360.42
2022-06-17 14:00:00+02:00,344.66
2022-06-17 15:00:00+02:00,295.38
2022-06-17 16:00:00+02:00,295.86
2022-06-17 17:00:00+02:00,299.3
2022-06-17 18:00:00+02:00,311.02
2022-06-17 19:00:00+02:00,387.79
2022-06-17 20:00:00+02:00,410.82
2022-06-17 21:00:00+02:00,423.98
2022-06-17 22:00:00+02:00,380.13
2022-06-17 23:00:00+02:00,372.88
2022-06-18 00:00:00+02:00,382.47
2022-06-18 01:00:00+02:00,349.78
2022-06-18 02:00:00+02:00,340.4
2022-06-18 03:00:00+02:00,341.76
2022-06-18 04:00:00+02:00,345.85
2022-06-18 05:00:00+02:00,343.84
2022-06-18 06:00:00+02:00,333.59
2022-06-18 07:00:00+02:00,318.78
2022-06-18 08:00:00+02:00,273.88
2022-06-18 09:00:00+02:00,249.12
2022-06-18 10:00:00+02:00,248.11
2022-06-18 11:00:00+02:00,223.01
2022-06-18 12:00:00+02:00,200.13
2022-06-18 13:00:00+02:00,192.8
2022-06-18 14:00:00+02:00,176.32
2022-06-18 15:00:00+02:00,169.65
2022-06-18 16:00:00+02:00,164.59
2022-06-18 17:00:00+02:00,167.43
2022-06-18 18:00:00+02:00,178.45
2022-06-18 19:00:00+02:00,206.71
2022-06-18 20:00:00+02:00,256.64
2022-06-18 21:00:00+02:00,286.58
2022-06-18 22:00:00+02:00,304.92
2022-06-18 23:00:00+02:00,293.12
2022-06-19 00:00:00+02:00,322.01
2022-06-19 01:00:00+02:00,311.57
2022-06-19 02:00:00+02:00,304.47
2022-06-19 03:00:00+02:00,296.16
2022-06-19 04:00:00+02:00,274.58
2022-06-19 05:00:00+02:00,257.95
2022-06-19 06:00:00+02:00,259.74
2022-06-19 07:00:00+02:00,259.43
2022-06-19 08:00:00+02:00,234.59
2022-06-19 09:00:00+02:00,201.14
2022-06-19 10:00:00+02:00,164.99
2022-06-19 11:00:00+02:00,150.8
2022-06-19 12:00:00+02:00,146.69
2022-06-19 13:00:00+02:00,145.94
2022-06-19 14:00:00+02:00,139.0
2022-06-19 15:00:00+02:00,120.93
2022-06-19 16:00:00+02:00,104.71
2022-06-19 17:00:00+02:00,130.53
2022-06-19 18:00:00+02:00,163.73
2022-06-19 19:00:00+02:00,204.77
2022-06-19 20:00:00+02:00,281.14
2022-06-19 21:00:00+02:00,332.16
2022-06-19 22:00:00+02:00,384.06
2022-06-19 23:00:00+02:00,376.31
2022-06-20 00:00:00+02:00,389.8
2022-06-20 01:00:00+02:00,392.63
2022-06-20 02:00:00+02:00,400.82
2022-06-20 03:00:00+02:00,405.91
2022-06-20 04:00:00+02:00,408.32
2022-06-20 05:00:00+02:00,394.56
2022-06-20 06:00:00+02:00,377.08
2022-06-20 07:00:00+02:00,374.73
2022-06-20 08:00:00+02:00,382.65
2022-06-20 09:00:00+02:00,349.03
2022-06-20 10:00:00+02:00,380.44
2022-06-20 11:00:00+02:00,346.4
2022-06-20 12:00:00+02:00,333.98
2022-06-20 13:00:00+02:00,312.4
2022-06-20 14:00:00+02:00,300.72
2022-06-20 15:00:00+02:00,243.5
2022-06-20 16:00:00+02:00,235.21
2022-06-20 17:00:00+02:00,243.75
2022-06-20 18:00:00+02:00,302.24
2022-06-20 19:00:00+02:00,332.24
2022-06-20 20:00:00+02:00,382.49
2022-06-20 21:00:00+02:00,412.94
2022-06-20 22:00:00+02:00,384.52
2022-06-20 23:00:00+02:00,372.82
2022-06-21 00:00:00+02:00,394.39
2022-06-21 01:00:00+02:00,384.5
2022-06-21 02:00:00+02:00,393.01
2022-06-21 03:00:00+02:00,395.99
2022-06-21 04:00:00+02:00,404.89
2022-06-21 05:00:00+02:00,405.49
2022-06-21 06:00:00+02:00,388.95
2022-06-21 07:00:00+02:00,393.17
2022-06-21 08:00:00+02:00,396.51
2022-06-21 09:00:00+02:00,351.73
2022-06-21 10:00:00+02:00,372.93
2022-06-21 11:00:00+02:00,361.29
2022-06-21 12:00:00+02:00,353.63
2022-06-21 13:00:00+02:00,343.44
2022-06-21 14:00:00+02:00,338.26
2022-06-21 15:00:00+02:00,284.43
2022-06-21 16:00:00+02:00,286.37
2022-06-21 17:00:00+02:00,287.52
2022-06-21 18:00:00+02:00,340.08
2022-06-21 19:00:00+02:00,350.69
2022-06-21 20:00:00+02:00,382.41
2022-06-21 21:00:00+02:00,427.6
2022-06-21 22:00:00+02:00,386.47
2022-06-21 23:00:00+02:00,364.88
2022-06-22 00:00:00+02:00,360.8
2022-06-22 01:00:00+02:00,363.96
2022-06-22 02:00:00+02:00,363.7
2022-06-22 03:00:00+02:00,368.89
2022-06-22 04:00:00+02:00,378.86
2022-06-22 05:00:00+02:00,387.14
2022-06-22 06:00:00+02:00,375.09
2022-06-22 07:00:00+02:00,388.15
2022-06-22 08:00:00+02:00,394.71
2022-06-22 09:00:00+02:00,352.06
2022-06-22 10:00:00+02:00,386.27
2022-06-22 11:00:00+02:00,375.32
2022-06-22 12:00:00+02:00,370.35
2022-06-22 13:00:00+02:00,366.74
2022-06-22 14:00:00+02:00,356.89
2022-06-22 15:00:00+02:00,299.74
2022-06-22 16:00:00+02:00,300.53
2022-06-22 17:00:00+02:00,304.46
2022-06-22 18:00:00+02:00,360.21
2022-06-22 19:00:00+02:00,390.13
2022-06-22 20:00:00+02:00,434.27
2022-06-22 21:00:00+02:00,461.88
2022-06-22 22:00:00+02:00,422.63
2022-06-22 23:00:00+02:00,421.17
2022-06-23 00:00:00+02:00,412.52
2022-06-23 01:00:00+02:00,414.64
2022-06-23 02:00:00+02:00,399.32
2022-06-23 03:00:00+02:00,404.05
2022-06-23 04:00:00+02:00,405.09
2022-06-23 05:00:00+02:00,402.77
2022-06-23 06:00:00+02:00,383.64
2022-06-23 07:00:00+02:00,389.31
2022-06-23 08:00:00+02:00,392.17
2022-06-23 09:00:00+02:00,346.09
2022-06-23 10:00:00+02:00,373.7
2022-06-23 11:00:00+02:00,363.99
2022-06-23 12:00:00+02:00,356.52
2022-06-23 13:00:00+02:00,342.64
2022-06-23 14:00:00+02:00,279.19
2022-06-23 15:00:00+02:00,281.23
2022-06-23 16:00:00+02:00,278.96
2022-06-23 17:00:00+02:00,281.84
2022-06-23 18:00:00+02:00,333.16
2022-06-23 19:00:00+02:00,342.42
2022-06-23 20:00:00+02:00,372.62
2022-06-23 21:00:00+02:00,423.71
2022-06-23 22:00:00+02:00,441.17
2022-06-23 23:00:00+02:00,375.08
2022-06-24 00:00:00+02:00,354.52
2022-06-24 01:00:00+02:00,346.29
2022-06-24 02:00:00+02:00,345.19
2022-06-24 03:00:00+02:00,341.25
2022-06-24 04:00:00+02:00,335.75
2022-06-24 05:00:00+02:00,328.36
2022-06-24 06:00:00+02:00,313.84
2022-06-24 07:00:00+02:00,321.81
2022-06-24 08:00:00+02:00,300.53
2022-06-24 09:00:00+02:00,264.9
2022-06-24 10:00:00+02:00,297.13
2022-06-24 11:00:00+02:00,291.36
2022-06-24 12:00:00+02:00,289.25
2022-06-24 13:00:00+02:00,286.68
2022-06-24 14:00:00+02:00,240.29
2022-06-24 15:00:00+02:00,240.74
2022-06-24 16:00:00+02:00,240.72
2022-06-24 17:00:00+02:00,246.72
2022-06-24 18:00:00+02:00,301.77
2022-06-24 19:00:00+02:00,326.33
2022-06-24 20:00:00+02:00,381.81
2022-06-24 21:00:00+02:00,414.37
2022-06-24 22:00:00+02:00,426.09
2022-06-24 23:00:00+02:00,387.79
2022-06-25 00:00:00+02:00,356.41
2022-06-25 01:00:00+02:00,357.38
2022-06-25 02:00:00+02:00,362.53
2022-06-25 03:00:00+02:00,365.28
2022-06-25 04:00:00+02:00,366.05
2022-06-25 05:00:00+02:00,361.58
2022-06-25 06:00:00+02:00,352.57
2022-06-25 07:00:00+02:00,336.69
2022-06-25 08:00:00+02:00,294.6
2022-06-25 09:00:00+02:00,266.69
2022-06-25 10:00:00+02:00,241.43
2022-06-25 11:00:00+02:00,220.05
2022-06-25 12:00:00+02:00,200.57
2022-06-25 13:00:00+02:00,195.69
2022-06-25 14:00:00+02:00,183.68
2022-06-25 15:00:00+02:00,155.67
2022-06-25 16:00:00+02:00,143.67
2022-06-25 17:00:00+02:00,148.44
2022-06-25 18:00:00+02:00,167.92
2022-06-25 19:00:00+02:00,200.74
2022-06-25 20:00:00+02:00,238.49
2022-06-25 21:00:00+02:00,281.25
2022-06-25 22:00:00+02:00,288.54
2022-06-25 23:00:00+02:00,282.18
2022-06-26 00:00:00+02:00,267.06
2022-06-26 01:00:00+02:00,273.87
2022-06-26 02:00:00+02:00,286.81
2022-06-26 03:00:00+02:00,296.36
2022-06-26 04:00:00+02:00,302.66
2022-06-26 05:00:00+02:00,307.12
2022-06-26 06:00:00+02:00,310.77
2022-06-26 07:00:00+02:00,303.37
2022-06-26 08:00:00+02:00,268.95
2022-06-26 09:00:00+02:00,262.76
2022-06-26 10:00:00+02:00,230.5
2022-06-26 11:00:00+02:00,180.0
2022-06-26 12:00:00+02:00,182.03
2022-06-26 13:00:00+02:00,175.32
2022-06-26 14:00:00+02:00,173.44
2022-06-26 15:00:00+02:00,162.34
2022-06-26 16:00:00+02:00,149.2
2022-06-26 17:00:00+02:00,143.11
2022-06-26 18:00:00+02:00,151.18
2022-06-26 19:00:00+02:00,170.09
2022-06-26 20:00:00+02:00,212.72
2022-06-26 21:00:00+02:00,231.97
2022-06-26 22:00:00+02:00,243.42
2022-06-26 23:00:00+02:00,233.07
2022-06-27 00:00:00+02:00,254.95
2022-06-27 01:00:00+02:00,246.46
2022-06-27 02:00:00+02:00,241.43
2022-06-27 03:00:00+02:00,238.88
2022-06-27 04:00:00+02:00,247.34
2022-06-27 05:00:00+02:00,258.53
2022-06-27 06:00:00+02:00,266.25
2022-06-27 07:00:00+02:00,283.72
2022-06-27 08:00:00+02:00,295.39
2022-06-27 09:00:00+02:00,263.11
2022-06-27 10:00:00+02:00,253.88
2022-06-27 11:00:00+02:00,296.65
2022-06-27 12:00:00+02:00,300.99
2022-06-27 13:00:00+02:00,299.94
2022-06-27 14:00:00+02:00,248.06
2022-06-27 15:00:00+02:00,240.86
2022-06-27 16:00:00+02:00,237.66
2022-06-27 17:00:00+02:00,241.43
2022-06-27 18:00:00+02:00,296.07
2022-06-27 19:00:00+02:00,316.31
2022-06-27 20:00:00+02:00,351.19
2022-06-27 21:00:00+02:00,368.86
2022-06-27 22:00:00+02:00,323.53
2022-06-27 23:00:00+02:00,317.37
2022-06-28 00:00:00+02:00,320.61
2022-06-28 01:00:00+02:00,316.27
2022-06-28 02:00:00+02:00,322.43
2022-06-28 03:00:00+02:00,337.46
2022-06-28 04:00:00+02:00,349.68
2022-06-28 05:00:00+02:00,369.44
2022-06-28 06:00:00+02:00,371.86
2022-06-28 07:00:00+02:00,372.27
2022-06-28 08:00:00+02:00,378.69
2022-06-28 09:00:00+02:00,344.04
2022-06-28 10:00:00+02:00,366.68
2022-06-28 11:00:00+02:00,358.42
2022-06-28 12:00:00+02:00,359.88
2022-06-28 13:00:00+02:00,362.31
2022-06-28 14:00:00+02:00,305.73
2022-06-28 15:00:00+02:00,305.65
2022-06-28 16:00:00+02:00,304.93
2022-06-28 17:00:00+02:00,307.73
2022-06-28 18:00:00+02:00,355.73
2022-06-28 19:00:00+02:00,367.15
2022-06-28 20:00:00+02:00,409.17
2022-06-28 21:00:00+02:00,418.89
2022-06-28 22:00:00+02:00,377.18
2022-06-28 23:00:00+02:00,378.18
2022-06-29 00:00:00+02:00,338.25
2022-06-29 01:00:00+02:00,338.88
2022-06-29 02:00:00+02:00,332.92
2022-06-29 03:00:00+02:00,339.8
2022-06-29 04:00:00+02:00,343.39
2022-06-29 05:00:00+02:00,351.61
2022-06-29 06:00:00+02:00,356.09
2022-06-29 07:00:00+02:00,338.25
2022-06-29 08:00:00+02:00,346.29
2022-06-29 09:00:00+02:00,303.74
2022-06-29 10:00:00+02:00,278.8
2022-06-29 11:00:00+02:00,315.19
2022-06-29 12:00:00+02:00,310.16
2022-06-29 13:00:00+02:00,305.77
2022-06-29 14:00:00+02:00,299.14
2022-06-29 15:00:00+02:00,232.25
2022-06-29 16:00:00+02:00,222.0
2022-06-29 17:00:00+02:00,219.86
2022-06-29 18:00:00+02:00,264.93
2022-06-29 19:00:00+02:00,284.3
2022-06-29 20:00:00+02:00,317.78
2022-06-29 21:00:00+02:00,329.74
2022-06-29 22:00:00+02:00,286.91
2022-06-29 23:00:00+02:00,292.51
2022-06-30 00:00:00+02:00,275.79
2022-06-30 01:00:00+02:00,278.33
2022-06-30 02:00:00+02:00,286.7
2022-06-30 03:00:00+02:00,294.35
2022-06-30 04:00:00+02:00,297.05
2022-06-30 05:00:00+02:00,292.23
2022-06-30 06:00:00+02:00,292.27
2022-06-30 07:00:00+02:00,287.03
2022-06-30 08:00:00+02:00,294.16
2022-06-30 09:00:00+02:00,273.93
2022-06-30 10:00:00+02:00,263.39
2022-06-30 11:00:00+02:00,297.43
2022-06-30 12:00:00+02:00,290.49
2022-06-30 13:00:00+02:00,280.45
2022-06-30 14:00:00+02:00,274.46
2022-06-30 15:00:00+02:00,223.46
2022-06-30 16:00:00+02:00,213.33
2022-06-30 17:00:00+02:00,214.05
2022-06-30 18:00:00+02:00,264.93
2022-06-30 19:00:00+02:00,289.38
2022-06-30 20:00:00+02:00,334.77
2022-06-30 21:00:00+02:00,356.92
2022-06-30 22:00:00+02:00,363.31
2022-06-30 23:00:00+02:00,316.76
2022-07-01 00:00:00+02:00,292.96
2022-07-01 01:00:00+02:00,302.91
2022-07-01 02:00:00+02:00,306.42
2022-07-01 03:00:00+02:00,312.48
2022-07-01 04:00:00+02:00,319.53
2022-07-01 05:00:00+02:00,320.99
2022-07-01 06:00:00+02:00,311.29
2022-07-01 07:00:00+02:00,304.31
2022-07-01 08:00:00+02:00,308.04
2022-07-01 09:00:00+02:00,294.5
2022-07-01 10:00:00+02:00,335.77
2022-07-01 11:00:00+02:00,335.37
2022-07-01 12:00:00+02:00,340.31
2022-07-01 13:00:00+02:00,335.61
2022-07-01 14:00:00+02:00,279.65
2022-07-01 15:00:00+02:00,274.08
2022-07-01 16:00:00+02:00,269.77
2022-07-01 17:00:00+02:00,269.87
2022-07-01 18:00:00+02:00,257.04
2022-07-01 19:00:00+02:00,331.51
2022-07-01 20:00:00+02:00,351.0
2022-07-01 21:00:00+02:00,362.02
2022-07-01 22:00:00+02:00,314.04
2022-07-01 23:00:00+02:00,312.49
2022-07-02 00:00:00+02:00,330.02
2022-07-02 01:00:00+02:00,335.52
2022-07-02 02:00:00+02:00,351.36
2022-07-02 03:00:00+02:00,356.33
2022-07-02 04:00:00+02:00,366.19
2022-07-02 05:00:00+02:00,373.57
2022-07-02 06:00:00+02:00,375.33
2022-07-02 07:00:00+02:00,355.68
2022-07-02 08:00:00+02:00,323.18
2022-07-02 09:00:00+02:00,277.63
2022-07-02 10:00:00+02:00,265.48
2022-07-02 11:00:00+02:00,243.95
2022-07-02 12:00:00+02:00,229.61
2022-07-02 13:00:00+02:00,229.48
2022-07-02 14:00:00+02:00,218.17
2022-07-02 15:00:00+02:00,218.16
2022-07-02 16:00:00+02:00,216.55
2022-07-02 17:00:00+02:00,220.94
2022-07-02 18:00:00+02:00,234.93
2022-07-02 19:00:00+02:00,265.08
2022-07-02 20:00:00+02:00,293.77
2022-07-02 21:00:00+02:00,310.01
2022-07-02 22:00:00+02:00,311.41
2022-07-02 23:00:00+02:00,316.59
2022-07-03 00:00:00+02:00,332.91
2022-07-03 01:00:00+02:00,336.15
2022-07-03 02:00:00+02:00,340.8
2022-07-03 03:00:00+02:00,343.3
2022-07-03 04:00:00+02:00,342.96
2022-07-03 05:00:00+02:00,350.91
2022-07-03 06:00:00+02:00,352.36
2022-07-03 07:00:00+02:00,312.62
2022-07-03 08:00:00+02:00,274.57
2022-07-03 09:00:00+02:00,236.66
2022-07-03 10:00:00+02:00,215.15
2022-07-03 11:00:00+02:00,195.13
2022-07-03 12:00:00+02:00,219.22
2022-07-03 13:00:00+02:00,217.87
2022-07-03 14:00:00+02:00,209.46
2022-07-03 15:00:00+02:00,191.12
2022-07-03 16:00:00+02:00,183.9
2022-07-03 17:00:00+02:00,188.47
2022-07-03 18:00:00+02:00,217.19
2022-07-03 19:00:00+02:00,243.02
2022-07-03 20:00:00+02:00,290.18
2022-07-03 21:00:00+02:00,305.97
2022-07-03 22:00:00+02:00,320.71
2022-07-03 23:00:00+02:00,316.18
2022-07-04 00:00:00+02:00,362.53
2022-07-04 01:00:00+02:00,371.69
2022-07-04 02:00:00+02:00,372.14
2022-07-04 03:00:00+02:00,371.92
2022-07-04 04:00:00+02:00,375.97
2022-07-04 05:00:00+02:00,370.9
2022-07-04 06:00:00+02:00,366.48
2022-07-04 07:00:00+02:00,352.6
2022-07-04 08:00:00+02:00,357.71
2022-07-04 09:00:00+02:00,332.89
2022-07-04 10:00:00+02:00,372.74
2022-07-04 11:00:00+02:00,360.82
2022-07-04 12:00:00+02:00,361.6
2022-07-04 13:00:00+02:00,359.83
2022-07-04 14:00:00+02:00,356.33
2022-07-04 15:00:00+02:00,301.47
2022-07-04 16:00:00+02:00,293.78
2022-07-04 17:00:00+02:00,287.96
2022-07-04 18:00:00+02:00,284.09
2022-07-04 19:00:00+02:00,342.03
2022-07-04 20:00:00+02:00,373.14
2022-07-04 21:00:00+02:00,380.66
2022-07-04 22:00:00+02:00,378.5
2022-07-04 23:00:00+02:00,323.36
2022-07-05 00:00:00+02:00,317.72
2022-07-05 01:00:00+02:00,300.55
2022-07-05 02:00:00+02:00,300.68
2022-07-05 03:00:00+02:00,307.36
2022-07-05 04:00:00+02:00,305.29
2022-07-05 05:00:00+02:00,304.14
2022-07-05 06:00:00+02:00,307.6
2022-07-05 07:00:00+02:00,322.53
2022-07-05 08:00:00+02:00,334.66
2022-07-05 09:00:00+02:00,314.3
2022-07-05 10:00:00+02:00,354.95
2022-07-05 11:00:00+02:00,347.26
2022-07-05 12:00:00+02:00,345.61
2022-07-05 13:00:00+02:00,345.13
2022-07-05 14:00:00+02:00,290.9
2022-07-05 15:00:00+02:00,269.29
2022-07-05 16:00:00+02:00,267.09
2022-07-05 17:00:00+02:00,268.48
2022-07-05 18:00:00+02:00,319.51
2022-07-05 19:00:00+02:00,327.15
2022-07-05 20:00:00+02:00,363.54
2022-07-05 21:00:00+02:00,382.11
2022-07-05 22:00:00+02:00,379.95
2022-07-05 23:00:00+02:00,319.02
2022-07-06 00:00:00+02:00,306.2
2022-07-06 01:00:00+02:00,283.67
2022-07-06 02:00:00+02:00,287.1
2022-07-06 03:00:00+02:00,295.75
2022-07-06 04:00:00+02:00,298.18
2022-07-06 05:00:00+02:00,299.41
2022-07-06 06:00:00+02:00,323.26
2022-07-06 07:00:00+02:00,328.32
2022-07-06 08:00:00+02:00,337.36
2022-07-06 09:00:00+02:00,309.42
2022-07-06 10:00:00+02:00,356.49
2022-07-06 11:00:00+02:00,345.45
2022-07-06 12:00:00+02:00,346.51
2022-07-06 13:00:00+02:00,345.02
2022-07-06 14:00:00+02:00,286.29
2022-07-06 15:00:00+02:00,270.62
2022-07-06 16:00:00+02:00,259.46
2022-07-06 17:00:00+02:00,257.55
2022-07-06 18:00:00+02:00,282.75
2022-07-06 19:00:00+02:00,357.55
2022-07-06 20:00:00+02:00,381.74
2022-07-06 21:00:00+02:00,391.43
2022-07-06 22:00:00+02:00,393.1
2022-07-06 23:00:00+02:00,342.25
2022-07-07 00:00:00+02:00,290.8
2022-07-07 01:00:00+02:00,262.87
2022-07-07 02:00:00+02:00,250.13
2022-07-07 03:00:00+02:00,251.06
2022-07-07 04:00:00+02:00,252.17
2022-07-07 05:00:00+02:00,248.85
2022-07-07 06:00:00+02:00,246.9
2022-07-07 07:00:00+02:00,236.61
2022-07-07 08:00:00+02:00,245.93
2022-07-07 09:00:00+02:00,233.48
2022-07-07 10:00:00+02:00,274.1
2022-07-07 11:00:00+02:00,269.91
2022-07-07 12:00:00+02:00,270.4
2022-07-07 13:00:00+02:00,269.7
2022-07-07 14:00:00+02:00,221.52
2022-07-07 15:00:00+02:00,221.76
2022-07-07 16:00:00+02:00,221.67
2022-07-07 17:00:00+02:00,221.82
2022-07-07 18:00:00+02:00,223.36
2022-07-07 19:00:00+02:00,283.2
2022-07-07 20:00:00+02:00,340.33
2022-07-07 21:00:00+02:00,359.78
2022-07-07 22:00:00+02:00,357.1
2022-07-07 23:00:00+02:00,293.81
2022-07-08 00:00:00+02:00,308.59
2022-07-08 01:00:00+02:00,306.85
2022-07-08 02:00:00+02:00,290.96
2022-07-08 03:00:00+02:00,284.55
2022-07-08 04:00:00+02:00,289.94
2022-07-08 05:00:00+02:00,298.16
2022-07-08 06:00:00+02:00,319.24
2022-07-08 07:00:00+02:00,326.72
2022-07-08 08:00:00+02:00,339.72
2022-07-08 09:00:00+02:00,299.71
2022-07-08 10:00:00+02:00,336.14
2022-07-08 11:00:00+02:00,347.21
2022-07-08 12:00:00+02:00,354.25
2022-07-08 13:00:00+02:00,358.84
2022-07-08 14:00:00+02:00,300.06
2022-07-08 15:00:00+02:00,295.56
2022-07-08 16:00:00+02:00,284.75
2022-07-08 17:00:00+02:00,281.05
2022-07-08 18:00:00+02:00,331.18
2022-07-08 19:00:00+02:00,354.62
2022-07-08 20:00:00+02:00,387.64
2022-07-08 21:00:00+02:00,392.76
2022-07-08 22:00:00+02:00,393.85
2022-07-08 23:00:00+02:00,346.9
2022-07-09 00:00:00+02:00,346.26
2022-07-09 01:00:00+02:00,351.17
2022-07-09 02:00:00+02:00,360.78
2022-07-09 03:00:00+02:00,377.19
2022-07-09 04:00:00+02:00,390.59
2022-07-09 05:00:00+02:00,396.92
2022-07-09 06:00:00+02:00,413.83
2022-07-09 07:00:00+02:00,392.79
2022-07-09 08:00:00+02:00,356.3
2022-07-09 09:00:00+02:00,305.55
2022-07-09 10:00:00+02:00,282.08
2022-07-09 11:00:00+02:00,273.9
2022-07-09 12:00:00+02:00,276.13
2022-07-09 13:00:00+02:00,277.21
2022-07-09 14:00:00+02:00,275.64
2022-07-09 15:00:00+02:00,272.6
2022-07-09 16:00:00+02:00,270.96
2022-07-09 17:00:00+02:00,270.82
2022-07-09 18:00:00+02:00,277.38
2022-07-09 19:00:00+02:00,286.16
2022-07-09 20:00:00+02:00,329.35
2022-07-09 21:00:00+02:00,350.58
2022-07-09 22:00:00+02:00,354.28
2022-07-09 23:00:00+02:00,348.79
2022-07-10 00:00:00+02:00,369.11
2022-07-10 01:00:00+02:00,384.89
2022-07-10 02:00:00+02:00,406.27
2022-07-10 03:00:00+02:00,430.66
2022-07-10 04:00:00+02:00,446.28
2022-07-10 05:00:00+02:00,456.76
2022-07-10 06:00:00+02:00,463.81
2022-07-10 07:00:00+02:00,466.51
2022-07-10 08:00:00+02:00,395.65
2022-07-10 09:00:00+02:00,344.2
2022-07-10 10:00:00+02:00,316.5
2022-07-10 11:00:00+02:00,304.49
2022-07-10 12:00:00+02:00,294.99
2022-07-10 13:00:00+02:00,295.04
2022-07-10 14:00:00+02:00,292.73
2022-07-10 15:00:00+02:00,287.87
2022-07-10 16:00:00+02:00,289.92
2022-07-10 17:00:00+02:00,289.28
2022-07-10 18:00:00+02:00,287.05
2022-07-10 19:00:00+02:00,291.17
2022-07-10 20:00:00+02:00,348.0
2022-07-10 21:00:00+02:00,368.29
2022-07-10 22:00:00+02:00,378.78
2022-07-10 23:00:00+02:00,372.83
2022-07-11 00:00:00+02:00,395.35
2022-07-11 01:00:00+02:00,410.71
2022-07-11 02:00:00+02:00,418.5
2022-07-11 03:00:00+02:00,404.66
2022-07-11 04:00:00+02:00,415.38
2022-07-11 05:00:00+02:00,433.58
2022-07-11 06:00:00+02:00,426.62
2022-07-11 07:00:00+02:00,405.3
2022-07-11 08:00:00+02:00,410.04
2022-07-11 09:00:00+02:00,377.0
2022-07-11 10:00:00+02:00,356.07
2022-07-11 11:00:00+02:00,392.54
2022-07-11 12:00:00+02:00,391.44
2022-07-11 13:00:00+02:00,388.63
2022-07-11 14:00:00+02:00,330.71
2022-07-11 15:00:00+02:00,319.7
2022-07-11 16:00:00+02:00,319.39
2022-07-11 17:00:00+02:00,322.64
2022-07-11 18:00:00+02:00,383.39
2022-07-11 19:00:00+02:00,406.61
2022-07-11 20:00:00+02:00,434.46
2022-07-11 21:00:00+02:00,458.63
2022-07-11 22:00:00+02:00,402.25
2022-07-11 23:00:00+02:00,397.87
2022-07-12 00:00:00+02:00,397.57
2022-07-12 01:00:00+02:00,388.24
2022-07-12 02:00:00+02:00,397.16
2022-07-12 03:00:00+02:00,387.4
2022-07-12 04:00:00+02:00,388.27
2022-07-12 05:00:00+02:00,391.37
2022-07-12 06:00:00+02:00,397.99
2022-07-12 07:00:00+02:00,392.06
2022-07-12 08:00:00+02:00,392.25
2022-07-12 09:00:00+02:00,362.61
2022-07-12 10:00:00+02:00,402.35
2022-07-12 11:00:00+02:00,397.22
2022-07-12 12:00:00+02:00,396.2
2022-07-12 13:00:00+02:00,396.06
2022-07-12 14:00:00+02:00,348.48
2022-07-12 15:00:00+02:00,351.74
2022-07-12 16:00:00+02:00,355.03
2022-07-12 17:00:00+02:00,360.3
2022-07-12 18:00:00+02:00,374.23
2022-07-12 19:00:00+02:00,440.26
2022-07-12 20:00:00+02:00,472.75
2022-07-12 21:00:00+02:00,483.42
2022-07-12 22:00:00+02:00,435.92
2022-07-12 23:00:00+02:00,427.66
2022-07-13 00:00:00+02:00,416.13
2022-07-13 01:00:00+02:00,419.48
2022-07-13 02:00:00+02:00,416.45
2022-07-13 03:00:00+02:00,418.88
2022-07-13 04:00:00+02:00,437.15
2022-07-13 05:00:00+02:00,454.53
2022-07-13 06:00:00+02:00,434.27
2022-07-13 07:00:00+02:00,440.85
2022-07-13 08:00:00+02:00,434.63
2022-07-13 09:00:00+02:00,389.18
2022-07-13 10:00:00+02:00,381.74
2022-07-13 11:00:00+02:00,419.13
2022-07-13 12:00:00+02:00,419.5
2022-07-13 13:00:00+02:00,417.06
2022-07-13 14:00:00+02:00,407.36
2022-07-13 15:00:00+02:00,357.64
2022-07-13 16:00:00+02:00,349.92
2022-07-13 17:00:00+02:00,352.43
2022-07-13 18:00:00+02:00,395.35
2022-07-13 19:00:00+02:00,416.42
2022-07-13 20:00:00+02:00,453.5
2022-07-13 21:00:00+02:00,471.52
2022-07-13 22:00:00+02:00,474.29
2022-07-13 23:00:00+02:00,432.45
2022-07-14 00:00:00+02:00,417.91
2022-07-14 01:00:00+02:00,419.29
2022-07-14 02:00:00+02:00,433.13
2022-07-14 03:00:00+02:00,436.49
2022-07-14 04:00:00+02:00,444.27
2022-07-14 05:00:00+02:00,451.56
2022-07-14 06:00:00+02:00,444.13
2022-07-14 07:00:00+02:00,427.97
2022-07-14 08:00:00+02:00,426.42
2022-07-14 09:00:00+02:00,401.63
2022-07-14 10:00:00+02:00,386.84
2022-07-14 11:00:00+02:00,421.66
2022-07-14 12:00:00+02:00,419.36
2022-07-14 13:00:00+02:00,415.58
2022-07-14 14:00:00+02:00,410.23
2022-07-14 15:00:00+02:00,360.55
2022-07-14 16:00:00+02:00,351.62
2022-07-14 17:00:00+02:00,338.91
2022-07-14 18:00:00+02:00,341.68
2022-07-14 19:00:00+02:00,392.95
2022-07-14 20:00:00+02:00,405.44
2022-07-14 21:00:00+02:00,435.47
2022-07-14 22:00:00+02:00,376.21
2022-07-14 23:00:00+02:00,374.11
2022-07-15 00:00:00+02:00,365.88
2022-07-15 01:00:00+02:00,382.88
2022-07-15 02:00:00+02:00,398.98
2022-07-15 03:00:00+02:00,408.37
2022-07-15 04:00:00+02:00,413.39
2022-07-15 05:00:00+02:00,419.77
2022-07-15 06:00:00+02:00,413.26
2022-07-15 07:00:00+02:00,391.42
2022-07-15 08:00:00+02:00,395.28
2022-07-15 09:00:00+02:00,367.7
2022-07-15 10:00:00+02:00,407.39
2022-07-15 11:00:00+02:00,381.21
2022-07-15 12:00:00+02:00,397.14
2022-07-15 13:00:00+02:00,394.21
2022-07-15 14:00:00+02:00,343.91
2022-07-15 15:00:00+02:00,343.85
2022-07-15 16:00:00+02:00,345.38
2022-07-15 17:00:00+02:00,345.96
2022-07-15 18:00:00+02:00,401.18
2022-07-15 19:00:00+02:00,415.91
2022-07-15 20:00:00+02:00,460.54
2022-07-15 21:00:00+02:00,477.34
2022-07-15 22:00:00+02:00,430.4
2022-07-15 23:00:00+02:00,431.73
2022-07-16 00:00:00+02:00,402.99
2022-07-16 01:00:00+02:00,403.84
2022-07-16 02:00:00+02:00,414.23
2022-07-16 03:00:00+02:00,406.46
2022-07-16 04:00:00+02:00,427.11
2022-07-16 05:00:00+02:00,435.82
2022-07-16 06:00:00+02:00,429.66
2022-07-16 07:00:00+02:00,419.85
2022-07-16 08:00:00+02:00,389.68
2022-07-16 09:00:00+02:00,343.8
2022-07-16 10:00:00+02:00,320.92
2022-07-16 11:00:00+02:00,307.13
2022-07-16 12:00:00+02:00,300.03
2022-07-16 13:00:00+02:00,295.49
2022-07-16 14:00:00+02:00,294.06
2022-07-16 15:00:00+02:00,296.63
2022-07-16 16:00:00+02:00,297.1
2022-07-16 17:00:00+02:00,302.03
2022-07-16 18:00:00+02:00,302.22
2022-07-16 19:00:00+02:00,306.12
2022-07-16 20:00:00+02:00,368.84
2022-07-16 21:00:00+02:00,388.4
2022-07-16 22:00:00+02:00,390.7
2022-07-16 23:00:00+02:00,390.19
2022-07-17 00:00:00+02:00,293.2
2022-07-17 01:00:00+02:00,301.37
2022-07-17 02:00:00+02:00,322.72
2022-07-17 03:00:00+02:00,340.35
2022-07-17 04:00:00+02:00,348.57
2022-07-17 05:00:00+02:00,354.78
2022-07-17 06:00:00+02:00,364.83
2022-07-17 07:00:00+02:00,368.02
2022-07-17 08:00:00+02:00,331.64
2022-07-17 09:00:00+02:00,265.99
2022-07-17 10:00:00+02:00,232.35
2022-07-17 11:00:00+02:00,213.25
2022-07-17 12:00:00+02:00,215.77
2022-07-17 13:00:00+02:00,227.81
2022-07-17 14:00:00+02:00,222.83
2022-07-17 15:00:00+02:00,217.86
2022-07-17 16:00:00+02:00,211.39
2022-07-17 17:00:00+02:00,212.08
2022-07-17 18:00:00+02:00,229.54
2022-07-17 19:00:00+02:00,243.9
2022-07-17 20:00:00+02:00,299.35
2022-07-17 21:00:00+02:00,326.51
2022-07-17 22:00:00+02:00,336.74
2022-07-17 23:00:00+02:00,328.95
2022-07-18 00:00:00+02:00,320.35
2022-07-18 01:00:00+02:00,298.88
2022-07-18 02:00:00+02:00,315.71
2022-07-18 03:00:00+02:00,325.48
2022-07-18 04:00:00+02:00,324.9
2022-07-18 05:00:00+02:00,319.55
2022-07-18 06:00:00+02:00,323.71
2022-07-18 07:00:00+02:00,328.21
2022-07-18 08:00:00+02:00,332.71
2022-07-18 09:00:00+02:00,314.28
2022-07-18 10:00:00+02:00,331.34
2022-07-18 11:00:00+02:00,308.67
2022-07-18 12:00:00+02:00,304.36
2022-07-18 13:00:00+02:00,300.29
2022-07-18 14:00:00+02:00,242.94
2022-07-18 15:00:00+02:00,228.15
2022-07-18 16:00:00+02:00,228.83
2022-07-18 17:00:00+02:00,222.89
2022-07-18 18:00:00+02:00,289.75
2022-07-18 19:00:00+02:00,294.04
2022-07-18 20:00:00+02:00,314.24
2022-07-18 21:00:00+02:00,319.9
2022-07-18 22:00:00+02:00,274.61
2022-07-18 23:00:00+02:00,286.74
2022-07-19 00:00:00+02:00,289.88
2022-07-19 01:00:00+02:00,273.28
2022-07-19 02:00:00+02:00,271.45
2022-07-19 03:00:00+02:00,267.2
2022-07-19 04:00:00+02:00,286.88
2022-07-19 05:00:00+02:00,286.5
2022-07-19 06:00:00+02:00,295.86
2022-07-19 07:00:00+02:00,302.62
2022-07-19 08:00:00+02:00,312.53
2022-07-19 09:00:00+02:00,293.02
2022-07-19 10:00:00+02:00,270.29
2022-07-19 11:00:00+02:00,307.49
2022-07-19 12:00:00+02:00,308.37
2022-07-19 13:00:00+02:00,304.69
2022-07-19 14:00:00+02:00,250.55
2022-07-19 15:00:00+02:00,238.09
2022-07-19 16:00:00+02:00,241.35
2022-07-19 17:00:00+02:00,244.81
2022-07-19 18:00:00+02:00,252.25
2022-07-19 19:00:00+02:00,324.79
2022-07-19 20:00:00+02:00,356.69
2022-07-19 21:00:00+02:00,372.6
2022-07-19 22:00:00+02:00,330.31
2022-07-19 23:00:00+02:00,330.85
2022-07-20 00:00:00+02:00,304.27
2022-07-20 01:00:00+02:00,314.26
2022-07-20 02:00:00+02:00,316.59
2022-07-20 03:00:00+02:00,326.24
2022-07-20 04:00:00+02:00,330.88
2022-07-20 05:00:00+02:00,330.29
2022-07-20 06:00:00+02:00,324.97
2022-07-20 07:00:00+02:00,308.5
2022-07-20 08:00:00+02:00,312.19
2022-07-20 09:00:00+02:00,283.67
2022-07-20 10:00:00+02:00,323.62
2022-07-20 11:00:00+02:00,324.66
2022-07-20 12:00:00+02:00,335.52
2022-07-20 13:00:00+02:00,335.89
2022-07-20 14:00:00+02:00,334.63
2022-07-20 15:00:00+02:00,288.71
2022-07-20 16:00:00+02:00,284.58
2022-07-20 17:00:00+02:00,274.89
2022-07-20 18:00:00+02:00,318.82
2022-07-20 19:00:00+02:00,330.14
2022-07-20 20:00:00+02:00,352.28
2022-07-20 21:00:00+02:00,358.78
2022-07-20 22:00:00+02:00,359.6
2022-07-20 23:00:00+02:00,310.11
2022-07-21 00:00:00+02:00,298.44
2022-07-21 01:00:00+02:00,300.37
2022-07-21 02:00:00+02:00,288.15
2022-07-21 03:00:00+02:00,284.63
2022-07-21 04:00:00+02:00,294.33
2022-07-21 05:00:00+02:00,312.24
2022-07-21 06:00:00+02:00,324.45
2022-07-21 07:00:00+02:00,312.38
2022-07-21 08:00:00+02:00,319.46
2022-07-21 09:00:00+02:00,300.0
2022-07-21 10:00:00+02:00,288.34
2022-07-21 11:00:00+02:00,329.1
2022-07-21 12:00:00+02:00,334.93
2022-07-21 13:00:00+02:00,332.66
2022-07-21 14:00:00+02:00,273.94
2022-07-21 15:00:00+02:00,268.0
2022-07-21 16:00:00+02:00,268.23
2022-07-21 17:00:00+02:00,273.63
2022-07-21 18:00:00+02:00,277.98
2022-07-21 19:00:00+02:00,344.12
2022-07-21 20:00:00+02:00,356.54
2022-07-21 21:00:00+02:00,360.48
2022-07-21 22:00:00+02:00,314.0
2022-07-21 23:00:00+02:00,321.52
2022-07-22 00:00:00+02:00,301.05
2022-07-22 01:00:00+02:00,307.73
2022-07-22 02:00:00+02:00,289.33
2022-07-22 03:00:00+02:00,293.12
2022-07-22 04:00:00+02:00,297.58
2022-07-22 05:00:00+02:00,315.39
2022-07-22 06:00:00+02:00,322.92
2022-07-22 07:00:00+02:00,305.04
2022-07-22 08:00:00+02:00,314.67
2022-07-22 09:00:00+02:00,302.06
2022-07-22 10:00:00+02:00,295.83
2022-07-22 11:00:00+02:00,341.09
2022-07-22 12:00:00+02:00,338.79
2022-07-22 13:00:00+02:00,333.29
2022-07-22 14:00:00+02:00,317.09
2022-07-22 15:00:00+02:00,261.26
2022-07-22 16:00:00+02:00,251.01
2022-07-22 17:00:00+02:00,243.71
2022-07-22 18:00:00+02:00,288.02
2022-07-22 19:00:00+02:00,294.59
2022-07-22 20:00:00+02:00,330.27
2022-07-22 21:00:00+02:00,346.87
2022-07-22 22:00:00+02:00,347.71
2022-07-22 23:00:00+02:00,280.11
2022-07-23 00:00:00+02:00,317.54
2022-07-23 01:00:00+02:00,318.34
2022-07-23 02:00:00+02:00,325.93
2022-07-23 03:00:00+02:00,331.79
2022-07-23 04:00:00+02:00,340.86
2022-07-23 05:00:00+02:00,349.16
2022-07-23 06:00:00+02:00,351.98
2022-07-23 07:00:00+02:00,353.68
2022-07-23 08:00:00+02:00,329.91
2022-07-23 09:00:00+02:00,299.7
2022-07-23 10:00:00+02:00,279.0
2022-07-23 11:00:00+02:00,278.49
2022-07-23 12:00:00+02:00,277.6
2022-07-23 13:00:00+02:00,277.85
2022-07-23 14:00:00+02:00,275.59
2022-07-23 15:00:00+02:00,273.13
2022-07-23 16:00:00+02:00,266.97
2022-07-23 17:00:00+02:00,267.94
2022-07-23 18:00:00+02:00,279.87
2022-07-23 19:00:00+02:00,303.92
2022-07-23 20:00:00+02:00,334.34
2022-07-23 21:00:00+02:00,380.43
2022-07-23 22:00:00+02:00,389.7
2022-07-23 23:00:00+02:00,367.75
2022-07-24 00:00:00+02:00,360.42
2022-07-24 01:00:00+02:00,373.09
2022-07-24 02:00:00+02:00,388.22
2022-07-24 03:00:00+02:00,402.11
2022-07-24 04:00:00+02:00,414.6
2022-07-24 05:00:00+02:00,421.37
2022-07-24 06:00:00+02:00,427.86
2022-07-24 07:00:00+02:00,415.34
2022-07-24 08:00:00+02:00,359.51
2022-07-24 09:00:00+02:00,301.17
2022-07-24 10:00:00+02:00,259.46
2022-07-24 11:00:00+02:00,248.88
2022-07-24 12:00:00+02:00,246.69
2022-07-24 13:00:00+02:00,242.69
2022-07-24 14:00:00+02:00,237.16
2022-07-24 15:00:00+02:00,218.1
2022-07-24 16:00:00+02:00,209.2
2022-07-24 17:00:00+02:00,202.34
2022-07-24 18:00:00+02:00,218.17
2022-07-24 19:00:00+02:00,249.7
2022-07-24 20:00:00+02:00,298.79
2022-07-24 21:00:00+02:00,316.73
2022-07-24 22:00:00+02:00,341.06
2022-07-24 23:00:00+02:00,331.98
2022-07-25 00:00:00+02:00,371.17
2022-07-25 01:00:00+02:00,373.8
2022-07-25 02:00:00+02:00,379.74
2022-07-25 03:00:00+02:00,387.35
2022-07-25 04:00:00+02:00,394.57
2022-07-25 05:00:00+02:00,392.58
2022-07-25 06:00:00+02:00,373.45
2022-07-25 07:00:00+02:00,365.26
2022-07-25 08:00:00+02:00,371.67
2022-07-25 09:00:00+02:00,349.26
2022-07-25 10:00:00+02:00,329.4
2022-07-25 11:00:00+02:00,367.52
2022-07-25 12:00:00+02:00,362.93
2022-07-25 13:00:00+02:00,359.54
2022-07-25 14:00:00+02:00,300.95
2022-07-25 15:00:00+02:00,288.81
2022-07-25 16:00:00+02:00,264.47
2022-07-25 17:00:00+02:00,262.63
2022-07-25 18:00:00+02:00,312.97
2022-07-25 19:00:00+02:00,321.61
2022-07-25 20:00:00+02:00,369.99
2022-07-25 21:00:00+02:00,377.13
2022-07-25 22:00:00+02:00,332.76
2022-07-25 23:00:00+02:00,334.91
2022-07-26 00:00:00+02:00,320.11
2022-07-26 01:00:00+02:00,314.54
2022-07-26 02:00:00+02:00,314.39
2022-07-26 03:00:00+02:00,321.56
2022-07-26 04:00:00+02:00,326.34
2022-07-26 05:00:00+02:00,325.57
2022-07-26 06:00:00+02:00,340.62
2022-07-26 07:00:00+02:00,333.41
2022-07-26 08:00:00+02:00,344.39
2022-07-26 09:00:00+02:00,316.84
2022-07-26 10:00:00+02:00,353.92
2022-07-26 11:00:00+02:00,355.83
2022-07-26 12:00:00+02:00,361.07
2022-07-26 13:00:00+02:00,365.36
2022-07-26 14:00:00+02:00,356.01
2022-07-26 15:00:00+02:00,298.04
2022-07-26 16:00:00+02:00,286.45
2022-07-26 17:00:00+02:00,276.42
2022-07-26 18:00:00+02:00,314.17
2022-07-26 19:00:00+02:00,331.49
2022-07-26 20:00:00+02:00,367.06
2022-07-26 21:00:00+02:00,377.36
2022-07-26 22:00:00+02:00,335.3
2022-07-26 23:00:00+02:00,335.24
2022-07-27 00:00:00+02:00,311.6
2022-07-27 01:00:00+02:00,310.35
2022-07-27 02:00:00+02:00,307.75
2022-07-27 03:00:00+02:00,311.86
2022-07-27 04:00:00+02:00,319.42
2022-07-27 05:00:00+02:00,330.05
2022-07-27 06:00:00+02:00,339.58
2022-07-27 07:00:00+02:00,344.14
2022-07-27 08:00:00+02:00,358.33
2022-07-27 09:00:00+02:00,331.14
2022-07-27 10:00:00+02:00,302.6
2022-07-27 11:00:00+02:00,349.83
2022-07-27 12:00:00+02:00,361.3
2022-07-27 13:00:00+02:00,366.11
2022-07-27 14:00:00+02:00,359.95
2022-07-27 15:00:00+02:00,317.91
2022-07-27 16:00:00+02:00,313.88
2022-07-27 17:00:00+02:00,314.57
2022-07-27 18:00:00+02:00,348.73
2022-07-27 19:00:00+02:00,373.31
2022-07-27 20:00:00+02:00,387.62
2022-07-27 21:00:00+02:00,394.5
2022-07-27 22:00:00+02:00,394.42
2022-07-27 23:00:00+02:00,350.85
2022-07-28 00:00:00+02:00,389.07
2022-07-28 01:00:00+02:00,403.44
2022-07-28 02:00:00+02:00,412.75
2022-07-28 03:00:00+02:00,424.17
2022-07-28 04:00:00+02:00,430.67
2022-07-28 05:00:00+02:00,433.4
2022-07-28 06:00:00+02:00,415.93
2022-07-28 07:00:00+02:00,402.81
2022-07-28 08:00:00+02:00,407.22
2022-07-28 09:00:00+02:00,369.21
2022-07-28 10:00:00+02:00,399.78
2022-07-28 11:00:00+02:00,398.48
2022-07-28 12:00:00+02:00,407.26
2022-07-28 13:00:00+02:00,403.31
2022-07-28 14:00:00+02:00,341.68
2022-07-28 15:00:00+02:00,333.01
2022-07-28 16:00:00+02:00,331.14
2022-07-28 17:00:00+02:00,332.84
2022-07-28 18:00:00+02:00,327.91
2022-07-28 19:00:00+02:00,393.55
2022-07-28 20:00:00+02:00,420.33
2022-07-28 21:00:00+02:00,431.07
2022-07-28 22:00:00+02:00,382.01
2022-07-28 23:00:00+02:00,383.66
2022-07-29 00:00:00+02:00,374.72
2022-07-29 01:00:00+02:00,384.24
2022-07-29 02:00:00+02:00,392.37
2022-07-29 03:00:00+02:00,394.98
2022-07-29 04:00:00+02:00,403.73
2022-07-29 05:00:00+02:00,408.07
2022-07-29 06:00:00+02:00,401.94
2022-07-29 07:00:00+02:00,393.79
2022-07-29 08:00:00+02:00,401.26
2022-07-29 09:00:00+02:00,361.28
2022-07-29 10:00:00+02:00,337.37
2022-07-29 11:00:00+02:00,378.31
2022-07-29 12:00:00+02:00,386.61
2022-07-29 13:00:00+02:00,385.77
2022-07-29 14:00:00+02:00,325.17
2022-07-29 15:00:00+02:00,321.34
2022-07-29 16:00:00+02:00,314.96
2022-07-29 17:00:00+02:00,304.78
2022-07-29 18:00:00+02:00,306.29
2022-07-29 19:00:00+02:00,380.05
2022-07-29 20:00:00+02:00,422.28
2022-07-29 21:00:00+02:00,430.65
2022-07-29 22:00:00+02:00,427.47
2022-07-29 23:00:00+02:00,361.46
2022-07-30 00:00:00+02:00,335.59
2022-07-30 01:00:00+02:00,338.62
2022-07-30 02:00:00+02:00,333.79
2022-07-30 03:00:00+02:00,331.07
2022-07-30 04:00:00+02:00,316.01
2022-07-30 05:00:00+02:00,319.91
2022-07-30 06:00:00+02:00,316.86
2022-07-30 07:00:00+02:00,318.94
2022-07-30 08:00:00+02:00,295.99
2022-07-30 09:00:00+02:00,269.46
2022-07-30 10:00:00+02:00,254.25
2022-07-30 11:00:00+02:00,247.47
2022-07-30 12:00:00+02:00,243.19
2022-07-30 13:00:00+02:00,244.06
2022-07-30 14:00:00+02:00,243.46
2022-07-30 15:00:00+02:00,244.98
2022-07-30 16:00:00+02:00,246.89
2022-07-30 17:00:00+02:00,244.24
2022-07-30 18:00:00+02:00,250.5
2022-07-30 19:00:00+02:00,283.96
2022-07-30 20:00:00+02:00,295.52
2022-07-30 21:00:00+02:00,302.51
2022-07-30 22:00:00+02:00,305.25
2022-07-30 23:00:00+02:00,310.48
2022-07-31 00:00:00+02:00,264.57
2022-07-31 01:00:00+02:00,262.16
2022-07-31 02:00:00+02:00,267.68
2022-07-31 03:00:00+02:00,267.65
2022-07-31 04:00:00+02:00,284.96
2022-07-31 05:00:00+02:00,291.14
2022-07-31 06:00:00+02:00,298.12
2022-07-31 07:00:00+02:00,299.54
2022-07-31 08:00:00+02:00,263.43
2022-07-31 09:00:00+02:00,237.95
2022-07-31 10:00:00+02:00,199.91
2022-07-31 11:00:00+02:00,190.7
2022-07-31 12:00:00+02:00,197.95
2022-07-31 13:00:00+02:00,198.2
2022-07-31 14:00:00+02:00,208.33
2022-07-31 15:00:00+02:00,210.66
2022-07-31 16:00:00+02:00,207.99
2022-07-31 17:00:00+02:00,206.6
2022-07-31 18:00:00+02:00,218.38
2022-07-31 19:00:00+02:00,240.11
2022-07-31 20:00:00+02:00,285.36
2022-07-31 21:00:00+02:00,296.71
2022-07-31 22:00:00+02:00,313.74
2022-07-31 23:00:00+02:00,301.51
2022-08-01 00:00:00+02:00,312.87
2022-08-01 01:00:00+02:00,318.09
2022-08-01 02:00:00+02:00,323.54
2022-08-01 03:00:00+02:00,327.24
2022-08-01 04:00:00+02:00,330.48
2022-08-01 05:00:00+02:00,332.58
2022-08-01 06:00:00+02:00,333.42
2022-08-01 07:00:00+02:00,326.38
2022-08-01 08:00:00+02:00,339.74
2022-08-01 09:00:00+02:00,309.51
2022-08-01 10:00:00+02:00,317.23
2022-08-01 11:00:00+02:00,317.49
2022-08-01 12:00:00+02:00,318.81
2022-08-01 13:00:00+02:00,331.01
2022-08-01 14:00:00+02:00,335.26
2022-08-01 15:00:00+02:00,285.69
2022-08-01 16:00:00+02:00,284.44
2022-08-01 17:00:00+02:00,293.33
2022-08-01 18:00:00+02:00,343.98
2022-08-01 19:00:00+02:00,359.1
2022-08-01 20:00:00+02:00,372.92
2022-08-01 21:00:00+02:00,378.0
2022-08-01 22:00:00+02:00,335.5
2022-08-01 23:00:00+02:00,336.44
2022-08-02 00:00:00+02:00,341.26
2022-08-02 01:00:00+02:00,348.44
2022-08-02 02:00:00+02:00,351.26
2022-08-02 03:00:00+02:00,361.3
2022-08-02 04:00:00+02:00,374.74
2022-08-02 05:00:00+02:00,375.49
2022-08-02 06:00:00+02:00,375.16
2022-08-02 07:00:00+02:00,359.79
2022-08-02 08:00:00+02:00,366.32
2022-08-02 09:00:00+02:00,333.8
2022-08-02 10:00:00+02:00,298.51
2022-08-02 11:00:00+02:00,343.11
2022-08-02 12:00:00+02:00,339.81
2022-08-02 13:00:00+02:00,347.5
2022-08-02 14:00:00+02:00,357.42
2022-08-02 15:00:00+02:00,308.81
2022-08-02 16:00:00+02:00,310.53
2022-08-02 17:00:00+02:00,315.6
2022-08-02 18:00:00+02:00,366.81
2022-08-02 19:00:00+02:00,387.36
2022-08-02 20:00:00+02:00,404.17
2022-08-02 21:00:00+02:00,417.74
2022-08-02 22:00:00+02:00,372.06
2022-08-02 23:00:00+02:00,376.46
2022-08-03 00:00:00+02:00,366.44
2022-08-03 01:00:00+02:00,374.96
2022-08-03 02:00:00+02:00,374.4
2022-08-03 03:00:00+02:00,375.69
2022-08-03 04:00:00+02:00,377.65
2022-08-03 05:00:00+02:00,380.28
2022-08-03 06:00:00+02:00,380.85
2022-08-03 07:00:00+02:00,378.21
2022-08-03 08:00:00+02:00,383.05
2022-08-03 09:00:00+02:00,345.02
2022-08-03 10:00:00+02:00,352.42
2022-08-03 11:00:00+02:00,339.65
2022-08-03 12:00:00+02:00,341.72
2022-08-03 13:00:00+02:00,330.88
2022-08-03 14:00:00+02:00,333.51
2022-08-03 15:00:00+02:00,280.99
2022-08-03 16:00:00+02:00,280.82
2022-08-03 17:00:00+02:00,287.12
2022-08-03 18:00:00+02:00,292.3
2022-08-03 19:00:00+02:00,379.03
2022-08-03 20:00:00+02:00,407.77
2022-08-03 21:00:00+02:00,417.32
2022-08-03 22:00:00+02:00,421.76
2022-08-03 23:00:00+02:00,379.86
2022-08-04 00:00:00+02:00,358.2
2022-08-04 01:00:00+02:00,362.08
2022-08-04 02:00:00+02:00,367.19
2022-08-04 03:00:00+02:00,363.68
2022-08-04 04:00:00+02:00,362.81
2022-08-04 05:00:00+02:00,374.04
2022-08-04 06:00:00+02:00,370.18
2022-08-04 07:00:00+02:00,368.32
2022-08-04 08:00:00+02:00,373.84
2022-08-04 09:00:00+02:00,339.02
2022-08-04 10:00:00+02:00,362.97
2022-08-04 11:00:00+02:00,355.19
2022-08-04 12:00:00+02:00,348.94
2022-08-04 13:00:00+02:00,344.02
2022-08-04 14:00:00+02:00,283.86
2022-08-04 15:00:00+02:00,276.64
2022-08-04 16:00:00+02:00,272.39
2022-08-04 17:00:00+02:00,272.33
2022-08-04 18:00:00+02:00,322.25
2022-08-04 19:00:00+02:00,347.66
2022-08-04 20:00:00+02:00,379.59
2022-08-04 21:00:00+02:00,392.19
2022-08-04 22:00:00+02:00,394.97
2022-08-04 23:00:00+02:00,339.07
2022-08-05 00:00:00+02:00,333.06
2022-08-05 01:00:00+02:00,306.76
2022-08-05 02:00:00+02:00,309.1
2022-08-05 03:00:00+02:00,316.62
2022-08-05 04:00:00+02:00,322.3
2022-08-05 05:00:00+02:00,319.57
2022-08-05 06:00:00+02:00,313.89
2022-08-05 07:00:00+02:00,310.5
2022-08-05 08:00:00+02:00,319.71
2022-08-05 09:00:00+02:00,302.65
2022-08-05 10:00:00+02:00,328.08
2022-08-05 11:00:00+02:00,322.68
2022-08-05 12:00:00+02:00,325.17
2022-08-05 13:00:00+02:00,333.78
2022-08-05 14:00:00+02:00,277.86
2022-08-05 15:00:00+02:00,275.87
2022-08-05 16:00:00+02:00,274.95
2022-08-05 17:00:00+02:00,275.45
2022-08-05 18:00:00+02:00,294.18
2022-08-05 19:00:00+02:00,360.64
2022-08-05 20:00:00+02:00,381.02
2022-08-05 21:00:00+02:00,386.04
2022-08-05 22:00:00+02:00,392.08
2022-08-05 23:00:00+02:00,356.12
2022-08-06 00:00:00+02:00,305.19
2022-08-06 01:00:00+02:00,293.06
2022-08-06 02:00:00+02:00,288.52
2022-08-06 03:00:00+02:00,295.07
2022-08-06 04:00:00+02:00,333.88
2022-08-06 05:00:00+02:00,342.47
2022-08-06 06:00:00+02:00,361.1
2022-08-06 07:00:00+02:00,366.73
2022-08-06 08:00:00+02:00,340.48
2022-08-06 09:00:00+02:00,290.32
2022-08-06 10:00:00+02:00,255.19
2022-08-06 11:00:00+02:00,244.75
2022-08-06 12:00:00+02:00,241.12
2022-08-06 13:00:00+02:00,248.31
2022-08-06 14:00:00+02:00,248.96
2022-08-06 15:00:00+02:00,250.25
2022-08-06 16:00:00+02:00,244.09
2022-08-06 17:00:00+02:00,241.91
2022-08-06 18:00:00+02:00,243.79
2022-08-06 19:00:00+02:00,290.77
2022-08-06 20:00:00+02:00,321.28
2022-08-06 21:00:00+02:00,334.55
2022-08-06 22:00:00+02:00,331.6
2022-08-06 23:00:00+02:00,337.53
2022-08-07 00:00:00+02:00,353.02
2022-08-07 01:00:00+02:00,359.96
2022-08-07 02:00:00+02:00,354.62
2022-08-07 03:00:00+02:00,361.11
2022-08-07 04:00:00+02:00,385.78
2022-08-07 05:00:00+02:00,407.73
2022-08-07 06:00:00+02:00,413.75
2022-08-07 07:00:00+02:00,389.53
2022-08-07 08:00:00+02:00,351.2
2022-08-07 09:00:00+02:00,269.9
2022-08-07 10:00:00+02:00,222.33
2022-08-07 11:00:00+02:00,202.43
2022-08-07 12:00:00+02:00,218.28
2022-08-07 13:00:00+02:00,197.06
2022-08-07 14:00:00+02:00,186.44
2022-08-07 15:00:00+02:00,208.39
2022-08-07 16:00:00+02:00,237.4
2022-08-07 17:00:00+02:00,241.83
2022-08-07 18:00:00+02:00,246.36
2022-08-07 19:00:00+02:00,266.11
2022-08-07 20:00:00+02:00,327.43
2022-08-07 21:00:00+02:00,328.41
2022-08-07 22:00:00+02:00,331.81
2022-08-07 23:00:00+02:00,340.1
2022-08-08 00:00:00+02:00,374.32
2022-08-08 01:00:00+02:00,387.41
2022-08-08 02:00:00+02:00,381.7
2022-08-08 03:00:00+02:00,379.59
2022-08-08 04:00:00+02:00,387.81
2022-08-08 05:00:00+02:00,397.08
2022-08-08 06:00:00+02:00,399.1
2022-08-08 07:00:00+02:00,379.48
2022-08-08 08:00:00+02:00,395.81
2022-08-08 09:00:00+02:00,355.84
2022-08-08 10:00:00+02:00,367.1
2022-08-08 11:00:00+02:00,356.38
2022-08-08 12:00:00+02:00,361.93
2022-08-08 13:00:00+02:00,360.12
2022-08-08 14:00:00+02:00,345.5
2022-08-08 15:00:00+02:00,291.76
2022-08-08 16:00:00+02:00,288.9
2022-08-08 17:00:00+02:00,292.54
2022-08-08 18:00:00+02:00,303.24
2022-08-08 19:00:00+02:00,379.87
2022-08-08 20:00:00+02:00,401.29
2022-08-08 21:00:00+02:00,407.39
2022-08-08 22:00:00+02:00,413.46
2022-08-08 23:00:00+02:00,365.71
2022-08-09 00:00:00+02:00,376.13
2022-08-09 01:00:00+02:00,385.09
2022-08-09 02:00:00+02:00,372.88
2022-08-09 03:00:00+02:00,372.61
2022-08-09 04:00:00+02:00,377.48
2022-08-09 05:00:00+02:00,379.61
2022-08-09 06:00:00+02:00,383.38
2022-08-09 07:00:00+02:00,380.85
2022-08-09 08:00:00+02:00,386.81
2022-08-09 09:00:00+02:00,349.9
2022-08-09 10:00:00+02:00,374.14
2022-08-09 11:00:00+02:00,355.55
2022-08-09 12:00:00+02:00,359.27
2022-08-09 13:00:00+02:00,365.0
2022-08-09 14:00:00+02:00,342.85
2022-08-09 15:00:00+02:00,293.77
2022-08-09 16:00:00+02:00,290.07
2022-08-09 17:00:00+02:00,299.95
2022-08-09 18:00:00+02:00,323.65
2022-08-09 19:00:00+02:00,385.71
2022-08-09 20:00:00+02:00,411.83
2022-08-09 21:00:00+02:00,419.15
2022-08-09 22:00:00+02:00,380.25
2022-08-09 23:00:00+02:00,396.86
2022-08-10 00:00:00+02:00,366.93
2022-08-10 01:00:00+02:00,377.79
2022-08-10 02:00:00+02:00,378.79
2022-08-10 03:00:00+02:00,373.36
2022-08-10 04:00:00+02:00,396.09
2022-08-10 05:00:00+02:00,403.53
2022-08-10 06:00:00+02:00,390.65
2022-08-10 07:00:00+02:00,382.21
2022-08-10 08:00:00+02:00,391.07
2022-08-10 09:00:00+02:00,366.75
2022-08-10 10:00:00+02:00,392.42
2022-08-10 11:00:00+02:00,359.23
2022-08-10 12:00:00+02:00,342.45
2022-08-10 13:00:00+02:00,339.7
2022-08-10 14:00:00+02:00,291.5
2022-08-10 15:00:00+02:00,289.18
2022-08-10 16:00:00+02:00,294.58
2022-08-10 17:00:00+02:00,308.25
2022-08-10 18:00:00+02:00,376.49
2022-08-10 19:00:00+02:00,391.0
2022-08-10 20:00:00+02:00,415.51
2022-08-10 21:00:00+02:00,423.66
2022-08-10 22:00:00+02:00,427.87
2022-08-10 23:00:00+02:00,394.18
2022-08-11 00:00:00+02:00,385.66
2022-08-11 01:00:00+02:00,394.97
2022-08-11 02:00:00+02:00,396.7
2022-08-11 03:00:00+02:00,392.83
2022-08-11 04:00:00+02:00,399.41
2022-08-11 05:00:00+02:00,403.13
2022-08-11 06:00:00+02:00,393.78
2022-08-11 07:00:00+02:00,390.07
2022-08-11 08:00:00+02:00,394.93
2022-08-11 09:00:00+02:00,361.1
2022-08-11 10:00:00+02:00,333.41
2022-08-11 11:00:00+02:00,361.19
2022-08-11 12:00:00+02:00,357.84
2022-08-11 13:00:00+02:00,359.02
2022-08-11 14:00:00+02:00,289.04
2022-08-11 15:00:00+02:00,283.82
2022-08-11 16:00:00+02:00,285.79
2022-08-11 17:00:00+02:00,303.36
2022-08-11 18:00:00+02:00,368.8
2022-08-11 19:00:00+02:00,386.93
2022-08-11 20:00:00+02:00,410.18
2022-08-11 21:00:00+02:00,421.7
2022-08-11 22:00:00+02:00,380.02
2022-08-11 23:00:00+02:00,390.73
2022-08-12 00:00:00+02:00,408.06
2022-08-12 01:00:00+02:00,413.0
2022-08-12 02:00:00+02:00,423.02
2022-08-12 03:00:00+02:00,432.62
2022-08-12 04:00:00+02:00,440.23
2022-08-12 05:00:00+02:00,445.0
2022-08-12 06:00:00+02:00,428.19
2022-08-12 07:00:00+02:00,420.83
2022-08-12 08:00:00+02:00,425.27
2022-08-12 09:00:00+02:00,387.95
2022-08-12 10:00:00+02:00,410.3
2022-08-12 11:00:00+02:00,388.46
2022-08-12 12:00:00+02:00,385.31
2022-08-12 13:00:00+02:00,389.15
2022-08-12 14:00:00+02:00,373.43
2022-08-12 15:00:00+02:00,306.78
2022-08-12 16:00:00+02:00,306.43
2022-08-12 17:00:00+02:00,313.31
2022-08-12 18:00:00+02:00,333.67
2022-08-12 19:00:00+02:00,410.68
2022-08-12 20:00:00+02:00,435.08
2022-08-12 21:00:00+02:00,453.15
2022-08-12 22:00:00+02:00,458.77
2022-08-12 23:00:00+02:00,421.69
2022-08-13 00:00:00+02:00,430.1
2022-08-13 01:00:00+02:00,443.44
2022-08-13 02:00:00+02:00,463.64
2022-08-13 03:00:00+02:00,473.5
2022-08-13 04:00:00+02:00,484.78
2022-08-13 05:00:00+02:00,489.48
2022-08-13 06:00:00+02:00,488.57
2022-08-13 07:00:00+02:00,483.41
2022-08-13 08:00:00+02:00,447.21
2022-08-13 09:00:00+02:00,409.42
2022-08-13 10:00:00+02:00,377.22
2022-08-13 11:00:00+02:00,309.79
2022-08-13 12:00:00+02:00,306.04
2022-08-13 13:00:00+02:00,282.08
2022-08-13 14:00:00+02:00,260.4
2022-08-13 15:00:00+02:00,259.78
2022-08-13 16:00:00+02:00,261.08
2022-08-13 17:00:00+02:00,261.05
2022-08-13 18:00:00+02:00,264.41
2022-08-13 19:00:00+02:00,318.55
2022-08-13 20:00:00+02:00,341.33
2022-08-13 21:00:00+02:00,346.72
2022-08-13 22:00:00+02:00,353.53
2022-08-13 23:00:00+02:00,371.97
2022-08-14 00:00:00+02:00,409.56
2022-08-14 01:00:00+02:00,426.06
2022-08-14 02:00:00+02:00,442.61
2022-08-14 03:00:00+02:00,461.41
2022-08-14 04:00:00+02:00,474.79
2022-08-14 05:00:00+02:00,481.67
2022-08-14 06:00:00+02:00,480.81
2022-08-14 07:00:00+02:00,470.21
2022-08-14 08:00:00+02:00,419.85
2022-08-14 09:00:00+02:00,318.64
2022-08-14 10:00:00+02:00,272.28
2022-08-14 11:00:00+02:00,251.91
2022-08-14 12:00:00+02:00,242.15
2022-08-14 13:00:00+02:00,238.52
2022-08-14 14:00:00+02:00,234.08
2022-08-14 15:00:00+02:00,228.39
2022-08-14 16:00:00+02:00,205.98
2022-08-14 17:00:00+02:00,203.61
2022-08-14 18:00:00+02:00,215.81
2022-08-14 19:00:00+02:00,241.28
2022-08-14 20:00:00+02:00,342.79
2022-08-14 21:00:00+02:00,351.02
2022-08-14 22:00:00+02:00,353.89
2022-08-14 23:00:00+02:00,357.48
2022-08-15 00:00:00+02:00,373.76
2022-08-15 01:00:00+02:00,383.33
2022-08-15 02:00:00+02:00,380.51
2022-08-15 03:00:00+02:00,361.66
2022-08-15 04:00:00+02:00,354.25
2022-08-15 05:00:00+02:00,355.46
2022-08-15 06:00:00+02:00,399.48
2022-08-15 07:00:00+02:00,395.0
2022-08-15 08:00:00+02:00,368.29
2022-08-15 09:00:00+02:00,306.52
2022-08-15 10:00:00+02:00,248.87
2022-08-15 11:00:00+02:00,227.74
2022-08-15 12:00:00+02:00,228.98
2022-08-15 13:00:00+02:00,232.23
2022-08-15 14:00:00+02:00,234.07
2022-08-15 15:00:00+02:00,239.33
2022-08-15 16:00:00+02:00,233.39
2022-08-15 17:00:00+02:00,229.69
2022-08-15 18:00:00+02:00,234.31
2022-08-15 19:00:00+02:00,316.25
2022-08-15 20:00:00+02:00,338.24
2022-08-15 21:00:00+02:00,351.9
2022-08-15 22:00:00+02:00,355.06
2022-08-15 23:00:00+02:00,357.52
2022-08-16 00:00:00+02:00,381.71
2022-08-16 01:00:00+02:00,391.21
2022-08-16 02:00:00+02:00,389.63
2022-08-16 03:00:00+02:00,398.97
2022-08-16 04:00:00+02:00,373.03
2022-08-16 05:00:00+02:00,359.24
2022-08-16 06:00:00+02:00,372.06
2022-08-16 07:00:00+02:00,369.87
2022-08-16 08:00:00+02:00,376.68
2022-08-16 09:00:00+02:00,323.34
2022-08-16 10:00:00+02:00,311.57
2022-08-16 11:00:00+02:00,322.33
2022-08-16 12:00:00+02:00,302.97
2022-08-16 13:00:00+02:00,294.61
2022-08-16 14:00:00+02:00,281.24
2022-08-16 15:00:00+02:00,225.32
2022-08-16 16:00:00+02:00,225.42
2022-08-16 17:00:00+02:00,226.75
2022-08-16 18:00:00+02:00,278.55
2022-08-16 19:00:00+02:00,301.6
2022-08-16 20:00:00+02:00,380.51
2022-08-16 21:00:00+02:00,400.31
2022-08-16 22:00:00+02:00,362.23
2022-08-16 23:00:00+02:00,369.06
2022-08-17 00:00:00+02:00,347.19
2022-08-17 01:00:00+02:00,357.34
2022-08-17 02:00:00+02:00,357.4
2022-08-17 03:00:00+02:00,361.32
2022-08-17 04:00:00+02:00,363.33
2022-08-17 05:00:00+02:00,370.38
2022-08-17 06:00:00+02:00,375.05
2022-08-17 07:00:00+02:00,362.73
2022-08-17 08:00:00+02:00,380.79
2022-08-17 09:00:00+02:00,330.04
2022-08-17 10:00:00+02:00,322.53
2022-08-17 11:00:00+02:00,298.87
2022-08-17 12:00:00+02:00,300.63
2022-08-17 13:00:00+02:00,316.34
2022-08-17 14:00:00+02:00,314.49
2022-08-17 15:00:00+02:00,249.13
2022-08-17 16:00:00+02:00,245.62
2022-08-17 17:00:00+02:00,243.46
2022-08-17 18:00:00+02:00,240.99
2022-08-17 19:00:00+02:00,313.82
2022-08-17 20:00:00+02:00,373.71
2022-08-17 21:00:00+02:00,394.35
2022-08-17 22:00:00+02:00,341.51
2022-08-17 23:00:00+02:00,325.3
2022-08-18 00:00:00+02:00,316.77
2022-08-18 01:00:00+02:00,317.63
2022-08-18 02:00:00+02:00,320.45
2022-08-18 03:00:00+02:00,298.23
2022-08-18 04:00:00+02:00,300.3
2022-08-18 05:00:00+02:00,311.1
2022-08-18 06:00:00+02:00,328.14
2022-08-18 07:00:00+02:00,332.41
2022-08-18 08:00:00+02:00,348.58
2022-08-18 09:00:00+02:00,293.45
2022-08-18 10:00:00+02:00,284.98
2022-08-18 11:00:00+02:00,278.52
2022-08-18 12:00:00+02:00,280.88
2022-08-18 13:00:00+02:00,280.29
2022-08-18 14:00:00+02:00,280.49
2022-08-18 15:00:00+02:00,228.66
2022-08-18 16:00:00+02:00,227.42
2022-08-18 17:00:00+02:00,228.29
2022-08-18 18:00:00+02:00,236.8
2022-08-18 19:00:00+02:00,331.93
2022-08-18 20:00:00+02:00,385.63
2022-08-18 21:00:00+02:00,406.79
2022-08-18 22:00:00+02:00,353.4
2022-08-18 23:00:00+02:00,347.97
2022-08-19 00:00:00+02:00,307.31
2022-08-19 01:00:00+02:00,284.46
2022-08-19 02:00:00+02:00,283.39
2022-08-19 03:00:00+02:00,263.46
2022-08-19 04:00:00+02:00,265.94
2022-08-19 05:00:00+02:00,268.76
2022-08-19 06:00:00+02:00,327.86
2022-08-19 07:00:00+02:00,332.06
2022-08-19 08:00:00+02:00,344.01
2022-08-19 09:00:00+02:00,277.87
2022-08-19 10:00:00+02:00,228.73
2022-08-19 11:00:00+02:00,273.6
2022-08-19 12:00:00+02:00,292.78
2022-08-19 13:00:00+02:00,311.07
2022-08-19 14:00:00+02:00,310.72
2022-08-19 15:00:00+02:00,277.04
2022-08-19 16:00:00+02:00,285.34
2022-08-19 17:00:00+02:00,289.31
2022-08-19 18:00:00+02:00,356.18
2022-08-19 19:00:00+02:00,375.13
2022-08-19 20:00:00+02:00,422.13
2022-08-19 21:00:00+02:00,471.3
2022-08-19 22:00:00+02:00,433.64
2022-08-19 23:00:00+02:00,364.55
2022-08-20 00:00:00+02:00,392.18
2022-08-20 01:00:00+02:00,398.68
2022-08-20 02:00:00+02:00,423.76
2022-08-20 03:00:00+02:00,436.9
2022-08-20 04:00:00+02:00,447.82
2022-08-20 05:00:00+02:00,456.07
2022-08-20 06:00:00+02:00,451.55
2022-08-20 07:00:00+02:00,449.82
2022-08-20 08:00:00+02:00,421.28
2022-08-20 09:00:00+02:00,367.76
2022-08-20 10:00:00+02:00,321.96
2022-08-20 11:00:00+02:00,300.29
2022-08-20 12:00:00+02:00,300.8
2022-08-20 13:00:00+02:00,308.85
2022-08-20 14:00:00+02:00,297.33
2022-08-20 15:00:00+02:00,278.25
2022-08-20 16:00:00+02:00,261.31
2022-08-20 17:00:00+02:00,267.54
2022-08-20 18:00:00+02:00,305.74
2022-08-20 19:00:00+02:00,347.49
2022-08-20 20:00:00+02:00,373.45
2022-08-20 21:00:00+02:00,427.86
2022-08-20 22:00:00+02:00,425.41
2022-08-20 23:00:00+02:00,396.85
2022-08-21 00:00:00+02:00,450.7
2022-08-21 01:00:00+02:00,461.11
2022-08-21 02:00:00+02:00,471.99
2022-08-21 03:00:00+02:00,483.93
2022-08-21 04:00:00+02:00,496.41
2022-08-21 05:00:00+02:00,503.29
2022-08-21 06:00:00+02:00,497.51
2022-08-21 07:00:00+02:00,505.34
2022-08-21 08:00:00+02:00,479.31
2022-08-21 09:00:00+02:00,381.3
2022-08-21 10:00:00+02:00,295.1
2022-08-21 11:00:00+02:00,240.39
2022-08-21 12:00:00+02:00,231.91
2022-08-21 13:00:00+02:00,228.72
2022-08-21 14:00:00+02:00,213.78
2022-08-21 15:00:00+02:00,194.45
2022-08-21 16:00:00+02:00,181.03
2022-08-21 17:00:00+02:00,125.37
2022-08-21 18:00:00+02:00,176.02
2022-08-21 19:00:00+02:00,213.77
2022-08-21 20:00:00+02:00,305.53
2022-08-21 21:00:00+02:00,347.22
2022-08-21 22:00:00+02:00,346.12
2022-08-21 23:00:00+02:00,354.17
2022-08-22 00:00:00+02:00,401.81
2022-08-22 01:00:00+02:00,397.3
2022-08-22 02:00:00+02:00,387.74
2022-08-22 03:00:00+02:00,373.3
2022-08-22 04:00:00+02:00,371.72
2022-08-22 05:00:00+02:00,380.88
2022-08-22 06:00:00+02:00,406.07
2022-08-22 07:00:00+02:00,415.39
2022-08-22 08:00:00+02:00,419.59
2022-08-22 09:00:00+02:00,370.58
2022-08-22 10:00:00+02:00,356.94
2022-08-22 11:00:00+02:00,329.81
2022-08-22 12:00:00+02:00,332.3
2022-08-22 13:00:00+02:00,362.93
2022-08-22 14:00:00+02:00,361.15
2022-08-22 15:00:00+02:00,292.52
2022-08-22 16:00:00+02:00,291.78
2022-08-22 17:00:00+02:00,291.93
2022-08-22 18:00:00+02:00,381.15
2022-08-22 19:00:00+02:00,430.34
2022-08-22 20:00:00+02:00,465.31
2022-08-22 21:00:00+02:00,496.39
2022-08-22 22:00:00+02:00,432.15
2022-08-22 23:00:00+02:00,418.76
2022-08-23 00:00:00+02:00,471.28
2022-08-23 01:00:00+02:00,466.71
2022-08-23 02:00:00+02:00,450.71
2022-08-23 03:00:00+02:00,466.3
2022-08-23 04:00:00+02:00,476.47
2022-08-23 05:00:00+02:00,486.07
2022-08-23 06:00:00+02:00,504.33
2022-08-23 07:00:00+02:00,490.67
2022-08-23 08:00:00+02:00,498.84
2022-08-23 09:00:00+02:00,423.96
2022-08-23 10:00:00+02:00,408.3
2022-08-23 11:00:00+02:00,452.59
2022-08-23 12:00:00+02:00,460.45
2022-08-23 13:00:00+02:00,478.86
2022-08-23 14:00:00+02:00,483.06
2022-08-23 15:00:00+02:00,430.93
2022-08-23 16:00:00+02:00,423.3
2022-08-23 17:00:00+02:00,431.02
2022-08-23 18:00:00+02:00,460.57
2022-08-23 19:00:00+02:00,552.52
2022-08-23 20:00:00+02:00,597.33
2022-08-23 21:00:00+02:00,610.31
2022-08-23 22:00:00+02:00,566.21
2022-08-23 23:00:00+02:00,575.43
2022-08-24 00:00:00+02:00,617.5
2022-08-24 01:00:00+02:00,640.05
2022-08-24 02:00:00+02:00,670.26
2022-08-24 03:00:00+02:00,683.64
2022-08-24 04:00:00+02:00,692.88
2022-08-24 05:00:00+02:00,681.87
2022-08-24 06:00:00+02:00,624.35
2022-08-24 07:00:00+02:00,624.82
2022-08-24 08:00:00+02:00,623.24
2022-08-24 09:00:00+02:00,558.55
2022-08-24 10:00:00+02:00,511.3
2022-08-24 11:00:00+02:00,493.36
2022-08-24 12:00:00+02:00,484.42
2022-08-24 13:00:00+02:00,487.58
2022-08-24 14:00:00+02:00,426.72
2022-08-24 15:00:00+02:00,418.28
2022-08-24 16:00:00+02:00,422.18
2022-08-24 17:00:00+02:00,430.63
2022-08-24 18:00:00+02:00,446.83
2022-08-24 19:00:00+02:00,579.65
2022-08-24 20:00:00+02:00,614.08
2022-08-24 21:00:00+02:00,625.97
2022-08-24 22:00:00+02:00,632.26
2022-08-24 23:00:00+02:00,617.25
2022-08-25 00:00:00+02:00,599.66
2022-08-25 01:00:00+02:00,567.87
2022-08-25 02:00:00+02:00,594.34
2022-08-25 03:00:00+02:00,599.86
2022-08-25 04:00:00+02:00,603.08
2022-08-25 05:00:00+02:00,594.22
2022-08-25 06:00:00+02:00,570.11
2022-08-25 07:00:00+02:00,573.01
2022-08-25 08:00:00+02:00,560.84
2022-08-25 09:00:00+02:00,507.1
2022-08-25 10:00:00+02:00,468.03
2022-08-25 11:00:00+02:00,448.59
2022-08-25 12:00:00+02:00,437.53
2022-08-25 13:00:00+02:00,441.1
2022-08-25 14:00:00+02:00,381.26
2022-08-25 15:00:00+02:00,379.8
2022-08-25 16:00:00+02:00,372.96
2022-08-25 17:00:00+02:00,374.99
2022-08-25 18:00:00+02:00,434.71
2022-08-25 19:00:00+02:00,456.42
2022-08-25 20:00:00+02:00,532.99
2022-08-25 21:00:00+02:00,534.14
2022-08-25 22:00:00+02:00,491.91
2022-08-25 23:00:00+02:00,480.15
2022-08-26 00:00:00+02:00,472.04
2022-08-26 01:00:00+02:00,419.63
2022-08-26 02:00:00+02:00,413.05
2022-08-26 03:00:00+02:00,413.83
2022-08-26 04:00:00+02:00,413.78
2022-08-26 05:00:00+02:00,417.11
2022-08-26 06:00:00+02:00,407.81
2022-08-26 07:00:00+02:00,446.35
2022-08-26 08:00:00+02:00,424.28
2022-08-26 09:00:00+02:00,358.93
2022-08-26 10:00:00+02:00,374.09
2022-08-26 11:00:00+02:00,373.06
2022-08-26 12:00:00+02:00,390.25
2022-08-26 13:00:00+02:00,457.33
2022-08-26 14:00:00+02:00,410.32
2022-08-26 15:00:00+02:00,416.65
2022-08-26 16:00:00+02:00,426.19
2022-08-26 17:00:00+02:00,426.73
2022-08-26 18:00:00+02:00,434.13
2022-08-26 19:00:00+02:00,502.51
2022-08-26 20:00:00+02:00,526.74
2022-08-26 21:00:00+02:00,548.29
2022-08-26 22:00:00+02:00,549.81
2022-08-26 23:00:00+02:00,504.72
2022-08-27 00:00:00+02:00,492.82
2022-08-27 01:00:00+02:00,497.35
2022-08-27 02:00:00+02:00,494.44
2022-08-27 03:00:00+02:00,508.86
2022-08-27 04:00:00+02:00,531.02
2022-08-27 05:00:00+02:00,553.12
2022-08-27 06:00:00+02:00,568.16
2022-08-27 07:00:00+02:00,557.06
2022-08-27 08:00:00+02:00,507.94
2022-08-27 09:00:00+02:00,445.72
2022-08-27 10:00:00+02:00,405.18
2022-08-27 11:00:00+02:00,389.13
2022-08-27 12:00:00+02:00,381.83
2022-08-27 13:00:00+02:00,381.23
2022-08-27 14:00:00+02:00,385.12
2022-08-27 15:00:00+02:00,391.42
2022-08-27 16:00:00+02:00,400.21
2022-08-27 17:00:00+02:00,407.64
2022-08-27 18:00:00+02:00,414.83
2022-08-27 19:00:00+02:00,491.04
2022-08-27 20:00:00+02:00,544.13
2022-08-27 21:00:00+02:00,555.8
2022-08-27 22:00:00+02:00,563.93
2022-08-27 23:00:00+02:00,581.64
2022-08-28 00:00:00+02:00,583.67
2022-08-28 01:00:00+02:00,620.71
2022-08-28 02:00:00+02:00,630.15
2022-08-28 03:00:00+02:00,643.31
2022-08-28 04:00:00+02:00,648.32
2022-08-28 05:00:00+02:00,658.28
2022-08-28 06:00:00+02:00,665.19
2022-08-28 07:00:00+02:00,603.53
2022-08-28 08:00:00+02:00,558.46
2022-08-28 09:00:00+02:00,479.59
2022-08-28 10:00:00+02:00,349.8
2022-08-28 11:00:00+02:00,292.37
2022-08-28 12:00:00+02:00,298.97
2022-08-28 13:00:00+02:00,300.95
2022-08-28 14:00:00+02:00,295.33
2022-08-28 15:00:00+02:00,304.97
2022-08-28 16:00:00+02:00,309.96
2022-08-28 17:00:00+02:00,347.72
2022-08-28 18:00:00+02:00,381.39
2022-08-28 19:00:00+02:00,422.89
2022-08-28 20:00:00+02:00,532.4
2022-08-28 21:00:00+02:00,517.71
2022-08-28 22:00:00+02:00,522.59
2022-08-28 23:00:00+02:00,548.79
2022-08-29 00:00:00+02:00,596.89
2022-08-29 01:00:00+02:00,602.59
2022-08-29 02:00:00+02:00,582.71
2022-08-29 03:00:00+02:00,567.13
2022-08-29 04:00:00+02:00,597.43
2022-08-29 05:00:00+02:00,608.11
2022-08-29 06:00:00+02:00,612.67
2022-08-29 07:00:00+02:00,601.67
2022-08-29 08:00:00+02:00,605.98
2022-08-29 09:00:00+02:00,556.32
2022-08-29 10:00:00+02:00,549.51
2022-08-29 11:00:00+02:00,499.77
2022-08-29 12:00:00+02:00,471.01
2022-08-29 13:00:00+02:00,444.78
2022-08-29 14:00:00+02:00,436.54
2022-08-29 15:00:00+02:00,382.99
2022-08-29 16:00:00+02:00,389.99
2022-08-29 17:00:00+02:00,402.11
2022-08-29 18:00:00+02:00,460.87
2022-08-29 19:00:00+02:00,589.37
2022-08-29 20:00:00+02:00,625.61
2022-08-29 21:00:00+02:00,644.2
2022-08-29 22:00:00+02:00,655.31
2022-08-29 23:00:00+02:00,624.5
2022-08-30 00:00:00+02:00,643.84
2022-08-30 01:00:00+02:00,669.87
2022-08-30 02:00:00+02:00,687.88
2022-08-30 03:00:00+02:00,699.73
2022-08-30 04:00:00+02:00,712.6
2022-08-30 05:00:00+02:00,697.44
2022-08-30 06:00:00+02:00,665.76
2022-08-30 07:00:00+02:00,637.57
2022-08-30 08:00:00+02:00,637.65
2022-08-30 09:00:00+02:00,577.86
2022-08-30 10:00:00+02:00,523.38
2022-08-30 11:00:00+02:00,540.83
2022-08-30 12:00:00+02:00,518.42
2022-08-30 13:00:00+02:00,509.5
2022-08-30 14:00:00+02:00,499.09
2022-08-30 15:00:00+02:00,433.22
2022-08-30 16:00:00+02:00,437.18
2022-08-30 17:00:00+02:00,455.93
2022-08-30 18:00:00+02:00,479.57
2022-08-30 19:00:00+02:00,590.86
2022-08-30 20:00:00+02:00,627.87
2022-08-30 21:00:00+02:00,623.52
2022-08-30 22:00:00+02:00,593.27
2022-08-30 23:00:00+02:00,623.33
2022-08-31 00:00:00+02:00,660.89
2022-08-31 01:00:00+02:00,679.88
2022-08-31 02:00:00+02:00,680.76
2022-08-31 03:00:00+02:00,688.42
2022-08-31 04:00:00+02:00,697.54
2022-08-31 05:00:00+02:00,706.28
2022-08-31 06:00:00+02:00,679.98
2022-08-31 07:00:00+02:00,681.14
2022-08-31 08:00:00+02:00,670.34
2022-08-31 09:00:00+02:00,618.38
2022-08-31 10:00:00+02:00,598.84
2022-08-31 11:00:00+02:00,550.3
2022-08-31 12:00:00+02:00,533.96
2022-08-31 13:00:00+02:00,531.77
2022-08-31 14:00:00+02:00,482.75
2022-08-31 15:00:00+02:00,486.76
2022-08-31 16:00:00+02:00,488.55
2022-08-31 17:00:00+02:00,492.97
2022-08-31 18:00:00+02:00,550.01
2022-08-31 19:00:00+02:00,597.44
2022-08-31 20:00:00+02:00,658.67
2022-08-31 21:00:00+02:00,655.64
2022-08-31 22:00:00+02:00,612.76
2022-08-31 23:00:00+02:00,618.73
2022-09-01 00:00:00+02:00,589.7
2022-09-01 01:00:00+02:00,603.66
2022-09-01 02:00:00+02:00,615.71
2022-09-01 03:00:00+02:00,628.07
2022-09-01 04:00:00+02:00,647.94
2022-09-01 05:00:00+02:00,660.17
2022-09-01 06:00:00+02:00,646.15
2022-09-01 07:00:00+02:00,637.39
2022-09-01 08:00:00+02:00,640.19
2022-09-01 09:00:00+02:00,598.13
2022-09-01 10:00:00+02:00,589.48
2022-09-01 11:00:00+02:00,549.84
2022-09-01 12:00:00+02:00,534.35
2022-09-01 13:00:00+02:00,527.36
2022-09-01 14:00:00+02:00,464.7
2022-09-01 15:00:00+02:00,437.94
2022-09-01 16:00:00+02:00,444.4
2022-09-01 17:00:00+02:00,455.92
2022-09-01 18:00:00+02:00,539.15
2022-09-01 19:00:00+02:00,603.16
2022-09-01 20:00:00+02:00,627.87
2022-09-01 21:00:00+02:00,648.45
2022-09-01 22:00:00+02:00,598.0
2022-09-01 23:00:00+02:00,596.46
2022-09-02 00:00:00+02:00,494.16
2022-09-02 01:00:00+02:00,502.1
2022-09-02 02:00:00+02:00,523.5
2022-09-02 03:00:00+02:00,537.58
2022-09-02 04:00:00+02:00,540.05
2022-09-02 05:00:00+02:00,535.43
2022-09-02 06:00:00+02:00,518.91
2022-09-02 07:00:00+02:00,548.28
2022-09-02 08:00:00+02:00,558.56
2022-09-02 09:00:00+02:00,516.38
2022-09-02 10:00:00+02:00,493.37
2022-09-02 11:00:00+02:00,465.71
2022-09-02 12:00:00+02:00,463.21
2022-09-02 13:00:00+02:00,453.94
2022-09-02 14:00:00+02:00,445.69
2022-09-02 15:00:00+02:00,389.19
2022-09-02 16:00:00+02:00,381.37
2022-09-02 17:00:00+02:00,380.44
2022-09-02 18:00:00+02:00,399.24
2022-09-02 19:00:00+02:00,477.93
2022-09-02 20:00:00+02:00,546.64
2022-09-02 21:00:00+02:00,551.16
2022-09-02 22:00:00+02:00,474.55
2022-09-02 23:00:00+02:00,470.97
2022-09-03 00:00:00+02:00,400.31
2022-09-03 01:00:00+02:00,422.07
2022-09-03 02:00:00+02:00,430.35
2022-09-03 03:00:00+02:00,449.36
2022-09-03 04:00:00+02:00,485.83
2022-09-03 05:00:00+02:00,499.46
2022-09-03 06:00:00+02:00,509.36
2022-09-03 07:00:00+02:00,502.3
2022-09-03 08:00:00+02:00,479.52
2022-09-03 09:00:00+02:00,400.84
2022-09-03 10:00:00+02:00,324.81
2022-09-03 11:00:00+02:00,301.37
2022-09-03 12:00:00+02:00,289.29
2022-09-03 13:00:00+02:00,279.71
2022-09-03 14:00:00+02:00,256.9
2022-09-03 15:00:00+02:00,220.59
2022-09-03 16:00:00+02:00,185.41
2022-09-03 17:00:00+02:00,192.04
2022-09-03 18:00:00+02:00,252.82
2022-09-03 19:00:00+02:00,305.09
2022-09-03 20:00:00+02:00,388.91
2022-09-03 21:00:00+02:00,428.51
2022-09-03 22:00:00+02:00,440.83
2022-09-03 23:00:00+02:00,415.95
2022-09-04 00:00:00+02:00,334.19
2022-09-04 01:00:00+02:00,331.43
2022-09-04 02:00:00+02:00,331.93
2022-09-04 03:00:00+02:00,349.65
2022-09-04 04:00:00+02:00,352.13
2022-09-04 05:00:00+02:00,349.6
2022-09-04 06:00:00+02:00,369.44
2022-09-04 07:00:00+02:00,372.12
2022-09-04 08:00:00+02:00,361.55
2022-09-04 09:00:00+02:00,291.25
2022-09-04 10:00:00+02:00,178.53
2022-09-04 11:00:00+02:00,148.03
2022-09-04 12:00:00+02:00,134.11
2022-09-04 13:00:00+02:00,134.34
2022-09-04 14:00:00+02:00,115.47
2022-09-04 15:00:00+02:00,79.6
2022-09-04 16:00:00+02:00,64.71
2022-09-04 17:00:00+02:00,54.58
2022-09-04 18:00:00+02:00,131.63
2022-09-04 19:00:00+02:00,198.26
2022-09-04 20:00:00+02:00,294.12
2022-09-04 21:00:00+02:00,349.78
2022-09-04 22:00:00+02:00,359.15
2022-09-04 23:00:00+02:00,352.13
2022-09-05 00:00:00+02:00,357.74
2022-09-05 01:00:00+02:00,360.35
2022-09-05 02:00:00+02:00,359.87
2022-09-05 03:00:00+02:00,355.19
2022-09-05 04:00:00+02:00,359.27
2022-09-05 05:00:00+02:00,347.63
2022-09-05 06:00:00+02:00,345.19
2022-09-05 07:00:00+02:00,345.89
2022-09-05 08:00:00+02:00,362.84
2022-09-05 09:00:00+02:00,338.4
2022-09-05 10:00:00+02:00,359.74
2022-09-05 11:00:00+02:00,321.62
2022-09-05 12:00:00+02:00,295.77
2022-09-05 13:00:00+02:00,285.41
2022-09-05 14:00:00+02:00,278.13
2022-09-05 15:00:00+02:00,212.48
2022-09-05 16:00:00+02:00,211.05
2022-09-05 17:00:00+02:00,223.88
2022-09-05 18:00:00+02:00,289.36
2022-09-05 19:00:00+02:00,368.17
2022-09-05 20:00:00+02:00,400.61
2022-09-05 21:00:00+02:00,463.52
2022-09-05 22:00:00+02:00,395.78
2022-09-05 23:00:00+02:00,368.66
2022-09-06 00:00:00+02:00,405.76
2022-09-06 01:00:00+02:00,365.0
2022-09-06 02:00:00+02:00,376.15
2022-09-06 03:00:00+02:00,381.55
2022-09-06 04:00:00+02:00,388.34
2022-09-06 05:00:00+02:00,381.22
2022-09-06 06:00:00+02:00,366.32
2022-09-06 07:00:00+02:00,434.01
2022-09-06 08:00:00+02:00,451.2
2022-09-06 09:00:00+02:00,399.01
2022-09-06 10:00:00+02:00,320.86
2022-09-06 11:00:00+02:00,353.13
2022-09-06 12:00:00+02:00,348.86
2022-09-06 13:00:00+02:00,343.27
2022-09-06 14:00:00+02:00,293.3
2022-09-06 15:00:00+02:00,295.0
2022-09-06 16:00:00+02:00,297.05
2022-09-06 17:00:00+02:00,302.97
2022-09-06 18:00:00+02:00,363.25
2022-09-06 19:00:00+02:00,462.0
2022-09-06 20:00:00+02:00,508.18
2022-09-06 21:00:00+02:00,522.99
2022-09-06 22:00:00+02:00,515.51
2022-09-06 23:00:00+02:00,477.2
2022-09-07 00:00:00+02:00,307.49
2022-09-07 01:00:00+02:00,308.05
2022-09-07 02:00:00+02:00,311.29
2022-09-07 03:00:00+02:00,314.49
2022-09-07 04:00:00+02:00,316.04
2022-09-07 05:00:00+02:00,313.98
2022-09-07 06:00:00+02:00,307.38
2022-09-07 07:00:00+02:00,365.6
2022-09-07 08:00:00+02:00,388.16
2022-09-07 09:00:00+02:00,301.11
2022-09-07 10:00:00+02:00,304.05
2022-09-07 11:00:00+02:00,291.07
2022-09-07 12:00:00+02:00,280.49
2022-09-07 13:00:00+02:00,265.2
2022-09-07 14:00:00+02:00,223.07
2022-09-07 15:00:00+02:00,170.67
2022-09-07 16:00:00+02:00,167.58
2022-09-07 17:00:00+02:00,176.59
2022-09-07 18:00:00+02:00,213.4
2022-09-07 19:00:00+02:00,300.13
2022-09-07 20:00:00+02:00,377.57
2022-09-07 21:00:00+02:00,414.34
2022-09-07 22:00:00+02:00,356.08
2022-09-07 23:00:00+02:00,322.96
2022-09-08 00:00:00+02:00,298.93
2022-09-08 01:00:00+02:00,315.07
2022-09-08 02:00:00+02:00,319.88
2022-09-08 03:00:00+02:00,307.67
2022-09-08 04:00:00+02:00,310.0
2022-09-08 05:00:00+02:00,306.02
2022-09-08 06:00:00+02:00,298.93
2022-09-08 07:00:00+02:00,314.06
2022-09-08 08:00:00+02:00,348.3
2022-09-08 09:00:00+02:00,318.91
2022-09-08 10:00:00+02:00,350.82
2022-09-08 11:00:00+02:00,339.36
2022-09-08 12:00:00+02:00,336.41
2022-09-08 13:00:00+02:00,334.93
2022-09-08 14:00:00+02:00,323.28
2022-09-08 15:00:00+02:00,265.82
2022-09-08 16:00:00+02:00,260.97
2022-09-08 17:00:00+02:00,267.41
2022-09-08 18:00:00+02:00,336.47
2022-09-08 19:00:00+02:00,357.4
2022-09-08 20:00:00+02:00,411.71
2022-09-08 21:00:00+02:00,470.89
2022-09-08 22:00:00+02:00,374.0
2022-09-08 23:00:00+02:00,354.64
2022-09-09 00:00:00+02:00,354.06
2022-09-09 01:00:00+02:00,350.39
2022-09-09 02:00:00+02:00,350.78
2022-09-09 03:00:00+02:00,350.03
2022-09-09 04:00:00+02:00,349.18
2022-09-09 05:00:00+02:00,347.78
2022-09-09 06:00:00+02:00,318.25
2022-09-09 07:00:00+02:00,348.77
2022-09-09 08:00:00+02:00,381.79
2022-09-09 09:00:00+02:00,325.49
2022-09-09 10:00:00+02:00,266.98
2022-09-09 11:00:00+02:00,295.43
2022-09-09 12:00:00+02:00,289.8
2022-09-09 13:00:00+02:00,287.72
2022-09-09 14:00:00+02:00,295.64
2022-09-09 15:00:00+02:00,247.18
2022-09-09 16:00:00+02:00,243.88
2022-09-09 17:00:00+02:00,248.84
2022-09-09 18:00:00+02:00,246.98
2022-09-09 19:00:00+02:00,359.78
2022-09-09 20:00:00+02:00,450.4
2022-09-09 21:00:00+02:00,466.73
2022-09-09 22:00:00+02:00,394.32
2022-09-09 23:00:00+02:00,341.46
2022-09-10 00:00:00+02:00,405.43
2022-09-10 01:00:00+02:00,396.73
2022-09-10 02:00:00+02:00,389.24
2022-09-10 03:00:00+02:00,397.93
2022-09-10 04:00:00+02:00,401.17
2022-09-10 05:00:00+02:00,403.24
2022-09-10 06:00:00+02:00,397.28
2022-09-10 07:00:00+02:00,389.05
2022-09-10 08:00:00+02:00,373.21
2022-09-10 09:00:00+02:00,334.49
2022-09-10 10:00:00+02:00,272.86
2022-09-10 11:00:00+02:00,272.42
2022-09-10 12:00:00+02:00,271.68
2022-09-10 13:00:00+02:00,270.33
2022-09-10 14:00:00+02:00,255.98
2022-09-10 15:00:00+02:00,241.14
2022-09-10 16:00:00+02:00,239.51
2022-09-10 17:00:00+02:00,258.06
2022-09-10 18:00:00+02:00,296.53
2022-09-10 19:00:00+02:00,338.28
2022-09-10 20:00:00+02:00,432.38
2022-09-10 21:00:00+02:00,492.96
2022-09-10 22:00:00+02:00,445.62
2022-09-10 23:00:00+02:00,397.11
2022-09-11 00:00:00+02:00,444.08
2022-09-11 01:00:00+02:00,445.71
2022-09-11 02:00:00+02:00,453.69
2022-09-11 03:00:00+02:00,458.87
2022-09-11 04:00:00+02:00,462.06
2022-09-11 05:00:00+02:00,461.64
2022-09-11 06:00:00+02:00,456.13
2022-09-11 07:00:00+02:00,447.16
2022-09-11 08:00:00+02:00,397.12
2022-09-11 09:00:00+02:00,355.05
2022-09-11 10:00:00+02:00,270.71
2022-09-11 11:00:00+02:00,233.84
2022-09-11 12:00:00+02:00,220.87
2022-09-11 13:00:00+02:00,212.16
2022-09-11 14:00:00+02:00,196.38
2022-09-11 15:00:00+02:00,196.8
2022-09-11 16:00:00+02:00,196.69
2022-09-11 17:00:00+02:00,199.72
2022-09-11 18:00:00+02:00,233.92
2022-09-11 19:00:00+02:00,328.84
2022-09-11 20:00:00+02:00,359.76
2022-09-11 21:00:00+02:00,422.37
2022-09-11 22:00:00+02:00,392.89
2022-09-11 23:00:00+02:00,378.99
2022-09-12 00:00:00+02:00,405.7
2022-09-12 01:00:00+02:00,382.97
2022-09-12 02:00:00+02:00,382.35
2022-09-12 03:00:00+02:00,372.1
2022-09-12 04:00:00+02:00,375.13
2022-09-12 05:00:00+02:00,370.03
2022-09-12 06:00:00+02:00,373.3
2022-09-12 07:00:00+02:00,389.85
2022-09-12 08:00:00+02:00,417.6
2022-09-12 09:00:00+02:00,419.01
2022-09-12 10:00:00+02:00,432.78
2022-09-12 11:00:00+02:00,391.41
2022-09-12 12:00:00+02:00,368.78
2022-09-12 13:00:00+02:00,361.25
2022-09-12 14:00:00+02:00,282.7
2022-09-12 15:00:00+02:00,285.24
2022-09-12 16:00:00+02:00,314.6
2022-09-12 17:00:00+02:00,338.44
2022-09-12 18:00:00+02:00,367.36
2022-09-12 19:00:00+02:00,440.62
2022-09-12 20:00:00+02:00,461.09
2022-09-12 21:00:00+02:00,479.91
2022-09-12 22:00:00+02:00,429.05
2022-09-12 23:00:00+02:00,363.85
2022-09-13 00:00:00+02:00,283.99
2022-09-13 01:00:00+02:00,279.04
2022-09-13 02:00:00+02:00,276.01
2022-09-13 03:00:00+02:00,261.25
2022-09-13 04:00:00+02:00,253.87
2022-09-13 05:00:00+02:00,247.97
2022-09-13 06:00:00+02:00,244.43
2022-09-13 07:00:00+02:00,256.95
2022-09-13 08:00:00+02:00,286.69
2022-09-13 09:00:00+02:00,289.65
2022-09-13 10:00:00+02:00,324.0
2022-09-13 11:00:00+02:00,309.85
2022-09-13 12:00:00+02:00,305.85
2022-09-13 13:00:00+02:00,303.6
2022-09-13 14:00:00+02:00,252.88
2022-09-13 15:00:00+02:00,257.75
2022-09-13 16:00:00+02:00,265.08
2022-09-13 17:00:00+02:00,273.74
2022-09-13 18:00:00+02:00,342.69
2022-09-13 19:00:00+02:00,401.48
2022-09-13 20:00:00+02:00,441.66
2022-09-13 21:00:00+02:00,447.95
2022-09-13 22:00:00+02:00,398.27
2022-09-13 23:00:00+02:00,354.78
2022-09-14 00:00:00+02:00,283.37
2022-09-14 01:00:00+02:00,286.85
2022-09-14 02:00:00+02:00,283.57
2022-09-14 03:00:00+02:00,288.66
2022-09-14 04:00:00+02:00,293.46
2022-09-14 05:00:00+02:00,303.53
2022-09-14 06:00:00+02:00,302.98
2022-09-14 07:00:00+02:00,318.19
2022-09-14 08:00:00+02:00,366.9
2022-09-14 09:00:00+02:00,348.18
2022-09-14 10:00:00+02:00,367.81
2022-09-14 11:00:00+02:00,329.86
2022-09-14 12:00:00+02:00,333.19
2022-09-14 13:00:00+02:00,320.99
2022-09-14 14:00:00+02:00,270.27
2022-09-14 15:00:00+02:00,271.82
2022-09-14 16:00:00+02:00,279.51
2022-09-14 17:00:00+02:00,285.77
2022-09-14 18:00:00+02:00,368.13
2022-09-14 19:00:00+02:00,437.56
2022-09-14 20:00:00+02:00,482.72
2022-09-14 21:00:00+02:00,515.03
2022-09-14 22:00:00+02:00,497.62
2022-09-14 23:00:00+02:00,426.12
2022-09-15 00:00:00+02:00,419.51
2022-09-15 01:00:00+02:00,434.85
2022-09-15 02:00:00+02:00,434.76
2022-09-15 03:00:00+02:00,429.15
2022-09-15 04:00:00+02:00,442.97
2022-09-15 05:00:00+02:00,437.82
2022-09-15 06:00:00+02:00,426.46
2022-09-15 07:00:00+02:00,412.93
2022-09-15 08:00:00+02:00,443.03
2022-09-15 09:00:00+02:00,413.9
2022-09-15 10:00:00+02:00,435.36
2022-09-15 11:00:00+02:00,429.5
2022-09-15 12:00:00+02:00,425.5
2022-09-15 13:00:00+02:00,422.68
2022-09-15 14:00:00+02:00,423.0
2022-09-15 15:00:00+02:00,375.21
2022-09-15 16:00:00+02:00,367.71
2022-09-15 17:00:00+02:00,375.67
2022-09-15 18:00:00+02:00,435.3
2022-09-15 19:00:00+02:00,466.26
2022-09-15 20:00:00+02:00,480.88
2022-09-15 21:00:00+02:00,485.63
2022-09-15 22:00:00+02:00,463.86
2022-09-15 23:00:00+02:00,402.63
2022-09-16 00:00:00+02:00,402.86
2022-09-16 01:00:00+02:00,404.02
2022-09-16 02:00:00+02:00,396.13
2022-09-16 03:00:00+02:00,392.95
2022-09-16 04:00:00+02:00,393.04
2022-09-16 05:00:00+02:00,398.57
2022-09-16 06:00:00+02:00,394.39
2022-09-16 07:00:00+02:00,390.65
2022-09-16 08:00:00+02:00,409.12
2022-09-16 09:00:00+02:00,377.87
2022-09-16 10:00:00+02:00,341.0
2022-09-16 11:00:00+02:00,385.27
2022-09-16 12:00:00+02:00,381.45
2022-09-16 13:00:00+02:00,377.66
2022-09-16 14:00:00+02:00,301.34
2022-09-16 15:00:00+02:00,295.01
2022-09-16 16:00:00+02:00,298.27
2022-09-16 17:00:00+02:00,295.98
2022-09-16 18:00:00+02:00,354.09
2022-09-16 19:00:00+02:00,396.93
2022-09-16 20:00:00+02:00,420.54
2022-09-16 21:00:00+02:00,421.66
2022-09-16 22:00:00+02:00,358.17
2022-09-16 23:00:00+02:00,326.69
2022-09-17 00:00:00+02:00,274.0
2022-09-17 01:00:00+02:00,247.47
2022-09-17 02:00:00+02:00,242.91
2022-09-17 03:00:00+02:00,245.3
2022-09-17 04:00:00+02:00,249.06
2022-09-17 05:00:00+02:00,251.38
2022-09-17 06:00:00+02:00,248.87
2022-09-17 07:00:00+02:00,246.68
2022-09-17 08:00:00+02:00,242.84
2022-09-17 09:00:00+02:00,186.61
2022-09-17 10:00:00+02:00,128.49
2022-09-17 11:00:00+02:00,108.66
2022-09-17 12:00:00+02:00,121.96
2022-09-17 13:00:00+02:00,136.64
2022-09-17 14:00:00+02:00,146.94
2022-09-17 15:00:00+02:00,153.88
2022-09-17 16:00:00+02:00,167.96
2022-09-17 17:00:00+02:00,183.18
2022-09-17 18:00:00+02:00,217.81
2022-09-17 19:00:00+02:00,282.21
2022-09-17 20:00:00+02:00,324.81
2022-09-17 21:00:00+02:00,349.11
2022-09-17 22:00:00+02:00,288.2
2022-09-17 23:00:00+02:00,291.56
2022-09-18 00:00:00+02:00,267.38
2022-09-18 01:00:00+02:00,271.39
2022-09-18 02:00:00+02:00,271.91
2022-09-18 03:00:00+02:00,262.3
2022-09-18 04:00:00+02:00,292.3
2022-09-18 05:00:00+02:00,292.39
2022-09-18 06:00:00+02:00,296.41
2022-09-18 07:00:00+02:00,309.07
2022-09-18 08:00:00+02:00,293.81
2022-09-18 09:00:00+02:00,250.1
2022-09-18 10:00:00+02:00,180.94
2022-09-18 11:00:00+02:00,163.56
2022-09-18 12:00:00+02:00,161.5
2022-09-18 13:00:00+02:00,161.67
2022-09-18 14:00:00+02:00,160.58
2022-09-18 15:00:00+02:00,133.4
2022-09-18 16:00:00+02:00,168.42
2022-09-18 17:00:00+02:00,188.32
2022-09-18 18:00:00+02:00,255.37
2022-09-18 19:00:00+02:00,283.45
2022-09-18 20:00:00+02:00,307.72
2022-09-18 21:00:00+02:00,329.81
2022-09-18 22:00:00+02:00,309.11
2022-09-18 23:00:00+02:00,316.25
2022-09-19 00:00:00+02:00,323.31
2022-09-19 01:00:00+02:00,303.04
2022-09-19 02:00:00+02:00,300.54
2022-09-19 03:00:00+02:00,301.21
2022-09-19 04:00:00+02:00,316.53
2022-09-19 05:00:00+02:00,323.14
2022-09-19 06:00:00+02:00,334.77
2022-09-19 07:00:00+02:00,342.06
2022-09-19 08:00:00+02:00,377.15
2022-09-19 09:00:00+02:00,354.71
2022-09-19 10:00:00+02:00,386.96
2022-09-19 11:00:00+02:00,379.48
2022-09-19 12:00:00+02:00,377.05
2022-09-19 13:00:00+02:00,375.38
2022-09-19 14:00:00+02:00,371.3
2022-09-19 15:00:00+02:00,320.78
2022-09-19 16:00:00+02:00,327.82
2022-09-19 17:00:00+02:00,327.85
2022-09-19 18:00:00+02:00,344.91
2022-09-19 19:00:00+02:00,404.7
2022-09-19 20:00:00+02:00,453.97
2022-09-19 21:00:00+02:00,435.44
2022-09-19 22:00:00+02:00,358.71
2022-09-19 23:00:00+02:00,343.15
2022-09-20 00:00:00+02:00,340.05
2022-09-20 01:00:00+02:00,314.41
2022-09-20 02:00:00+02:00,308.01
2022-09-20 03:00:00+02:00,312.45
2022-09-20 04:00:00+02:00,317.55
2022-09-20 05:00:00+02:00,325.01
2022-09-20 06:00:00+02:00,331.59
2022-09-20 07:00:00+02:00,346.85
2022-09-20 08:00:00+02:00,371.2
2022-09-20 09:00:00+02:00,348.75
2022-09-20 10:00:00+02:00,298.77
2022-09-20 11:00:00+02:00,318.42
2022-09-20 12:00:00+02:00,316.45
2022-09-20 13:00:00+02:00,315.38
2022-09-20 14:00:00+02:00,311.21
2022-09-20 15:00:00+02:00,264.61
2022-09-20 16:00:00+02:00,267.8
2022-09-20 17:00:00+02:00,271.34
2022-09-20 18:00:00+02:00,283.12
2022-09-20 19:00:00+02:00,389.61
2022-09-20 20:00:00+02:00,404.76
2022-09-20 21:00:00+02:00,403.97
2022-09-20 22:00:00+02:00,357.22
2022-09-20 23:00:00+02:00,306.7
2022-09-21 00:00:00+02:00,284.6
2022-09-21 01:00:00+02:00,281.86
2022-09-21 02:00:00+02:00,292.38
2022-09-21 03:00:00+02:00,293.07
2022-09-21 04:00:00+02:00,295.74
2022-09-21 05:00:00+02:00,295.59
2022-09-21 06:00:00+02:00,296.29
2022-09-21 07:00:00+02:00,309.33
2022-09-21 08:00:00+02:00,349.05
2022-09-21 09:00:00+02:00,322.68
2022-09-21 10:00:00+02:00,343.89
2022-09-21 11:00:00+02:00,329.29
2022-09-21 12:00:00+02:00,336.0
2022-09-21 13:00:00+02:00,335.37
2022-09-21 14:00:00+02:00,273.48
2022-09-21 15:00:00+02:00,275.06
2022-09-21 16:00:00+02:00,279.18
2022-09-21 17:00:00+02:00,297.23
2022-09-21 18:00:00+02:00,366.07
2022-09-21 19:00:00+02:00,407.53
2022-09-21 20:00:00+02:00,412.17
2022-09-21 21:00:00+02:00,411.09
2022-09-21 22:00:00+02:00,336.62
2022-09-21 23:00:00+02:00,318.02
2022-09-22 00:00:00+02:00,357.04
2022-09-22 01:00:00+02:00,377.26
2022-09-22 02:00:00+02:00,384.0
2022-09-22 03:00:00+02:00,388.94
2022-09-22 04:00:00+02:00,392.72
2022-09-22 05:00:00+02:00,389.31
2022-09-22 06:00:00+02:00,364.61
2022-09-22 07:00:00+02:00,375.18
2022-09-22 08:00:00+02:00,426.1
2022-09-22 09:00:00+02:00,380.72
2022-09-22 10:00:00+02:00,391.41
2022-09-22 11:00:00+02:00,377.38
2022-09-22 12:00:00+02:00,373.21
2022-09-22 13:00:00+02:00,368.95
2022-09-22 14:00:00+02:00,355.08
2022-09-22 15:00:00+02:00,296.07
2022-09-22 16:00:00+02:00,298.46
2022-09-22 17:00:00+02:00,324.77
2022-09-22 18:00:00+02:00,386.86
2022-09-22 19:00:00+02:00,417.0
2022-09-22 20:00:00+02:00,498.26
2022-09-22 21:00:00+02:00,485.62
2022-09-22 22:00:00+02:00,382.64
2022-09-22 23:00:00+02:00,385.4
2022-09-23 00:00:00+02:00,359.64
2022-09-23 01:00:00+02:00,363.87
2022-09-23 02:00:00+02:00,350.46
2022-09-23 03:00:00+02:00,345.42
2022-09-23 04:00:00+02:00,344.84
2022-09-23 05:00:00+02:00,340.24
2022-09-23 06:00:00+02:00,315.52
2022-09-23 07:00:00+02:00,367.8
2022-09-23 08:00:00+02:00,387.33
2022-09-23 09:00:00+02:00,335.27
2022-09-23 10:00:00+02:00,275.68
2022-09-23 11:00:00+02:00,300.49
2022-09-23 12:00:00+02:00,291.57
2022-09-23 13:00:00+02:00,290.19
2022-09-23 14:00:00+02:00,240.41
2022-09-23 15:00:00+02:00,242.06
2022-09-23 16:00:00+02:00,245.47
2022-09-23 17:00:00+02:00,250.69
2022-09-23 18:00:00+02:00,276.15
2022-09-23 19:00:00+02:00,385.85
2022-09-23 20:00:00+02:00,412.57
2022-09-23 21:00:00+02:00,409.62
2022-09-23 22:00:00+02:00,378.95
2022-09-23 23:00:00+02:00,306.62
2022-09-24 00:00:00+02:00,287.72
2022-09-24 01:00:00+02:00,278.97
2022-09-24 02:00:00+02:00,266.61
2022-09-24 03:00:00+02:00,264.41
2022-09-24 04:00:00+02:00,264.81
2022-09-24 05:00:00+02:00,256.34
2022-09-24 06:00:00+02:00,251.54
2022-09-24 07:00:00+02:00,244.1
2022-09-24 08:00:00+02:00,244.98
2022-09-24 09:00:00+02:00,226.33
2022-09-24 10:00:00+02:00,201.47
2022-09-24 11:00:00+02:00,150.39
2022-09-24 12:00:00+02:00,137.33
2022-09-24 13:00:00+02:00,132.8
2022-09-24 14:00:00+02:00,121.6
2022-09-24 15:00:00+02:00,116.79
2022-09-24 16:00:00+02:00,102.89
2022-09-24 17:00:00+02:00,109.21
2022-09-24 18:00:00+02:00,132.74
2022-09-24 19:00:00+02:00,206.18
2022-09-24 20:00:00+02:00,255.84
2022-09-24 21:00:00+02:00,253.11
2022-09-24 22:00:00+02:00,218.98
2022-09-24 23:00:00+02:00,217.37
2022-09-25 00:00:00+02:00,179.6
2022-09-25 01:00:00+02:00,188.05
2022-09-25 02:00:00+02:00,173.61
2022-09-25 03:00:00+02:00,183.68
2022-09-25 04:00:00+02:00,189.82
2022-09-25 05:00:00+02:00,196.45
2022-09-25 06:00:00+02:00,185.93
2022-09-25 07:00:00+02:00,180.45
2022-09-25 08:00:00+02:00,150.44
2022-09-25 09:00:00+02:00,138.76
2022-09-25 10:00:00+02:00,70.91
2022-09-25 11:00:00+02:00,44.1
2022-09-25 12:00:00+02:00,44.42
2022-09-25 13:00:00+02:00,57.86
2022-09-25 14:00:00+02:00,56.71
2022-09-25 15:00:00+02:00,41.03
2022-09-25 16:00:00+02:00,40.57
2022-09-25 17:00:00+02:00,39.59
2022-09-25 18:00:00+02:00,93.55
2022-09-25 19:00:00+02:00,179.09
2022-09-25 20:00:00+02:00,219.22
2022-09-25 21:00:00+02:00,226.5
2022-09-25 22:00:00+02:00,217.61
2022-09-25 23:00:00+02:00,175.31
2022-09-26 00:00:00+02:00,170.59
2022-09-26 01:00:00+02:00,165.72
2022-09-26 02:00:00+02:00,164.01
2022-09-26 03:00:00+02:00,178.69
2022-09-26 04:00:00+02:00,185.79
2022-09-26 05:00:00+02:00,192.5
2022-09-26 06:00:00+02:00,181.52
2022-09-26 07:00:00+02:00,207.7
2022-09-26 08:00:00+02:00,261.14
2022-09-26 09:00:00+02:00,243.3
2022-09-26 10:00:00+02:00,219.84
2022-09-26 11:00:00+02:00,252.64
2022-09-26 12:00:00+02:00,262.23
2022-09-26 13:00:00+02:00,263.85
2022-09-26 14:00:00+02:00,256.59
2022-09-26 15:00:00+02:00,193.7
2022-09-26 16:00:00+02:00,188.5
2022-09-26 17:00:00+02:00,201.31
2022-09-26 18:00:00+02:00,265.05
2022-09-26 19:00:00+02:00,297.36
2022-09-26 20:00:00+02:00,390.26
2022-09-26 21:00:00+02:00,380.1
2022-09-26 22:00:00+02:00,272.94
2022-09-26 23:00:00+02:00,249.64
2022-09-27 00:00:00+02:00,270.23
2022-09-27 01:00:00+02:00,271.31
2022-09-27 02:00:00+02:00,270.97
2022-09-27 03:00:00+02:00,260.16
2022-09-27 04:00:00+02:00,218.7
2022-09-27 05:00:00+02:00,207.81
2022-09-27 06:00:00+02:00,239.67
2022-09-27 07:00:00+02:00,236.97
2022-09-27 08:00:00+02:00,256.32
2022-09-27 09:00:00+02:00,228.5
2022-09-27 10:00:00+02:00,215.9
2022-09-27 11:00:00+02:00,171.3
2022-09-27 12:00:00+02:00,170.44
2022-09-27 13:00:00+02:00,160.04
2022-09-27 14:00:00+02:00,99.58
2022-09-27 15:00:00+02:00,77.66
2022-09-27 16:00:00+02:00,76.77
2022-09-27 17:00:00+02:00,94.62
2022-09-27 18:00:00+02:00,132.65
2022-09-27 19:00:00+02:00,272.49
2022-09-27 20:00:00+02:00,305.9
2022-09-27 21:00:00+02:00,324.0
2022-09-27 22:00:00+02:00,304.04
2022-09-27 23:00:00+02:00,253.93
2022-09-28 00:00:00+02:00,218.34
2022-09-28 01:00:00+02:00,207.52
2022-09-28 02:00:00+02:00,211.53
2022-09-28 03:00:00+02:00,209.32
2022-09-28 04:00:00+02:00,194.6
2022-09-28 05:00:00+02:00,189.08
2022-09-28 06:00:00+02:00,194.85
2022-09-28 07:00:00+02:00,219.47
2022-09-28 08:00:00+02:00,243.09
2022-09-28 09:00:00+02:00,219.52
2022-09-28 10:00:00+02:00,236.37
2022-09-28 11:00:00+02:00,210.71
2022-09-28 12:00:00+02:00,202.01
2022-09-28 13:00:00+02:00,179.07
2022-09-28 14:00:00+02:00,108.88
2022-09-28 15:00:00+02:00,93.55
2022-09-28 16:00:00+02:00,88.5
2022-09-28 17:00:00+02:00,105.4
2022-09-28 18:00:00+02:00,139.63
2022-09-28 19:00:00+02:00,233.71
2022-09-28 20:00:00+02:00,315.04
2022-09-28 21:00:00+02:00,352.77
2022-09-28 22:00:00+02:00,290.32
2022-09-28 23:00:00+02:00,226.18
2022-09-29 00:00:00+02:00,191.12
2022-09-29 01:00:00+02:00,185.76
2022-09-29 02:00:00+02:00,174.47
2022-09-29 03:00:00+02:00,162.56
2022-09-29 04:00:00+02:00,158.74
2022-09-29 05:00:00+02:00,157.38
2022-09-29 06:00:00+02:00,174.93
2022-09-29 07:00:00+02:00,206.52
2022-09-29 08:00:00+02:00,244.15
2022-09-29 09:00:00+02:00,207.86
2022-09-29 10:00:00+02:00,221.84
2022-09-29 11:00:00+02:00,201.01
2022-09-29 12:00:00+02:00,201.55
2022-09-29 13:00:00+02:00,201.69
2022-09-29 14:00:00+02:00,152.0
2022-09-29 15:00:00+02:00,147.95
2022-09-29 16:00:00+02:00,151.18
2022-09-29 17:00:00+02:00,163.64
2022-09-29 18:00:00+02:00,231.65
2022-09-29 19:00:00+02:00,257.53
2022-09-29 20:00:00+02:00,319.13
2022-09-29 21:00:00+02:00,345.62
2022-09-29 22:00:00+02:00,274.16
2022-09-29 23:00:00+02:00,206.64
2022-09-30 00:00:00+02:00,160.97
2022-09-30 01:00:00+02:00,160.11
2022-09-30 02:00:00+02:00,164.31
2022-09-30 03:00:00+02:00,165.58
2022-09-30 04:00:00+02:00,172.26
2022-09-30 05:00:00+02:00,175.78
2022-09-30 06:00:00+02:00,213.73
2022-09-30 07:00:00+02:00,252.25
2022-09-30 08:00:00+02:00,277.39
2022-09-30 09:00:00+02:00,224.23
2022-09-30 10:00:00+02:00,218.35
2022-09-30 11:00:00+02:00,200.68
2022-09-30 12:00:00+02:00,203.86
2022-09-30 13:00:00+02:00,208.06
2022-09-30 14:00:00+02:00,157.54
2022-09-30 15:00:00+02:00,158.07
2022-09-30 16:00:00+02:00,161.04
2022-09-30 17:00:00+02:00,174.53
2022-09-30 18:00:00+02:00,249.59
2022-09-30 19:00:00+02:00,321.04
2022-09-30 20:00:00+02:00,379.68
2022-09-30 21:00:00+02:00,404.5
2022-09-30 22:00:00+02:00,320.41
2022-09-30 23:00:00+02:00,314.79
2022-10-01 00:00:00+02:00,285.15
2022-10-01 01:00:00+02:00,212.14
2022-10-01 02:00:00+02:00,197.78
2022-10-01 03:00:00+02:00,189.82
2022-10-01 04:00:00+02:00,182.52
2022-10-01 05:00:00+02:00,182.55
2022-10-01 06:00:00+02:00,201.53
2022-10-01 07:00:00+02:00,206.68
2022-10-01 08:00:00+02:00,241.49
2022-10-01 09:00:00+02:00,240.37
2022-10-01 10:00:00+02:00,186.23
2022-10-01 11:00:00+02:00,175.2
2022-10-01 12:00:00+02:00,169.3
2022-10-01 13:00:00+02:00,160.52
2022-10-01 14:00:00+02:00,143.16
2022-10-01 15:00:00+02:00,149.82
2022-10-01 16:00:00+02:00,163.24
2022-10-01 17:00:00+02:00,182.27
2022-10-01 18:00:00+02:00,231.37
2022-10-01 19:00:00+02:00,300.42
2022-10-01 20:00:00+02:00,341.35
2022-10-01 21:00:00+02:00,301.85
2022-10-01 22:00:00+02:00,288.95
2022-10-01 23:00:00+02:00,272.79
2022-10-02 00:00:00+02:00,303.24
2022-10-02 01:00:00+02:00,265.52
2022-10-02 02:00:00+02:00,277.82
2022-10-02 03:00:00+02:00,264.04
2022-10-02 04:00:00+02:00,233.64
2022-10-02 05:00:00+02:00,265.07
2022-10-02 06:00:00+02:00,303.29
2022-10-02 07:00:00+02:00,286.47
2022-10-02 08:00:00+02:00,263.09
2022-10-02 09:00:00+02:00,226.94
2022-10-02 10:00:00+02:00,174.71
2022-10-02 11:00:00+02:00,156.77
2022-10-02 12:00:00+02:00,165.39
2022-10-02 13:00:00+02:00,165.46
2022-10-02 14:00:00+02:00,150.0
2022-10-02 15:00:00+02:00,164.86
2022-10-02 16:00:00+02:00,167.15
2022-10-02 17:00:00+02:00,175.26
2022-10-02 18:00:00+02:00,232.29
2022-10-02 19:00:00+02:00,264.78
2022-10-02 20:00:00+02:00,319.74
2022-10-02 21:00:00+02:00,340.02
2022-10-02 22:00:00+02:00,278.44
2022-10-02 23:00:00+02:00,281.53
2022-10-03 00:00:00+02:00,319.96
2022-10-03 01:00:00+02:00,314.76
2022-10-03 02:00:00+02:00,320.24
2022-10-03 03:00:00+02:00,326.72
2022-10-03 04:00:00+02:00,333.19
2022-10-03 05:00:00+02:00,336.06
2022-10-03 06:00:00+02:00,318.31
2022-10-03 07:00:00+02:00,320.0
2022-10-03 08:00:00+02:00,378.0
2022-10-03 09:00:00+02:00,340.18
2022-10-03 10:00:00+02:00,313.86
2022-10-03 11:00:00+02:00,348.04
2022-10-03 12:00:00+02:00,344.34
2022-10-03 13:00:00+02:00,340.15
2022-10-03 14:00:00+02:00,281.35
2022-10-03 15:00:00+02:00,282.14
2022-10-03 16:00:00+02:00,289.86
2022-10-03 17:00:00+02:00,306.33
2022-10-03 18:00:00+02:00,365.22
2022-10-03 19:00:00+02:00,386.32
2022-10-03 20:00:00+02:00,456.84
2022-10-03 21:00:00+02:00,454.79
2022-10-03 22:00:00+02:00,399.32
2022-10-03 23:00:00+02:00,348.45
2022-10-04 00:00:00+02:00,385.06
2022-10-04 01:00:00+02:00,369.68
2022-10-04 02:00:00+02:00,377.34
2022-10-04 03:00:00+02:00,358.7
2022-10-04 04:00:00+02:00,369.73
2022-10-04 05:00:00+02:00,384.82
2022-10-04 06:00:00+02:00,387.33
2022-10-04 07:00:00+02:00,423.11
2022-10-04 08:00:00+02:00,456.14
2022-10-04 09:00:00+02:00,427.27
2022-10-04 10:00:00+02:00,362.82
2022-10-04 11:00:00+02:00,336.27
2022-10-04 12:00:00+02:00,329.06
2022-10-04 13:00:00+02:00,331.28
2022-10-04 14:00:00+02:00,329.33
2022-10-04 15:00:00+02:00,277.32
2022-10-04 16:00:00+02:00,279.78
2022-10-04 17:00:00+02:00,294.69
2022-10-04 18:00:00+02:00,390.12
2022-10-04 19:00:00+02:00,476.84
2022-10-04 20:00:00+02:00,512.53
2022-10-04 21:00:00+02:00,493.98
2022-10-04 22:00:00+02:00,489.79
2022-10-04 23:00:00+02:00,409.06
2022-10-05 00:00:00+02:00,424.64
2022-10-05 01:00:00+02:00,390.4
2022-10-05 02:00:00+02:00,364.37
2022-10-05 03:00:00+02:00,352.4
2022-10-05 04:00:00+02:00,326.29
2022-10-05 05:00:00+02:00,352.23
2022-10-05 06:00:00+02:00,372.45
2022-10-05 07:00:00+02:00,435.95
2022-10-05 08:00:00+02:00,465.54
2022-10-05 09:00:00+02:00,394.74
2022-10-05 10:00:00+02:00,308.6
2022-10-05 11:00:00+02:00,335.94
2022-10-05 12:00:00+02:00,331.67
2022-10-05 13:00:00+02:00,330.32
2022-10-05 14:00:00+02:00,282.41
2022-10-05 15:00:00+02:00,286.7
2022-10-05 16:00:00+02:00,291.82
2022-10-05 17:00:00+02:00,299.9
2022-10-05 18:00:00+02:00,363.5
2022-10-05 19:00:00+02:00,444.93
2022-10-05 20:00:00+02:00,474.37
2022-10-05 21:00:00+02:00,440.22
2022-10-05 22:00:00+02:00,331.53
2022-10-05 23:00:00+02:00,315.52
2022-10-06 00:00:00+02:00,227.38
2022-10-06 01:00:00+02:00,223.47
2022-10-06 02:00:00+02:00,213.49
2022-10-06 03:00:00+02:00,210.58
2022-10-06 04:00:00+02:00,204.75
2022-10-06 05:00:00+02:00,202.94
2022-10-06 06:00:00+02:00,200.55
2022-10-06 07:00:00+02:00,218.68
2022-10-06 08:00:00+02:00,261.99
2022-10-06 09:00:00+02:00,237.47
2022-10-06 10:00:00+02:00,265.78
2022-10-06 11:00:00+02:00,250.51
2022-10-06 12:00:00+02:00,248.34
2022-10-06 13:00:00+02:00,253.96
2022-10-06 14:00:00+02:00,213.94
2022-10-06 15:00:00+02:00,217.83
2022-10-06 16:00:00+02:00,220.82
2022-10-06 17:00:00+02:00,233.99
2022-10-06 18:00:00+02:00,302.76
2022-10-06 19:00:00+02:00,380.88
2022-10-06 20:00:00+02:00,420.37
2022-10-06 21:00:00+02:00,430.5
2022-10-06 22:00:00+02:00,400.64
2022-10-06 23:00:00+02:00,321.34
2022-10-07 00:00:00+02:00,298.94
2022-10-07 01:00:00+02:00,293.89
2022-10-07 02:00:00+02:00,279.01
2022-10-07 03:00:00+02:00,281.61
2022-10-07 04:00:00+02:00,313.0
2022-10-07 05:00:00+02:00,311.99
2022-10-07 06:00:00+02:00,327.3
2022-10-07 07:00:00+02:00,328.94
2022-10-07 08:00:00+02:00,398.64
2022-10-07 09:00:00+02:00,372.5
2022-10-07 10:00:00+02:00,359.32
2022-10-07 11:00:00+02:00,322.97
2022-10-07 12:00:00+02:00,314.9
2022-10-07 13:00:00+02:00,306.05
2022-10-07 14:00:00+02:00,297.83
2022-10-07 15:00:00+02:00,249.88
2022-10-07 16:00:00+02:00,250.62
2022-10-07 17:00:00+02:00,279.19
2022-10-07 18:00:00+02:00,318.97
2022-10-07 19:00:00+02:00,422.23
2022-10-07 20:00:00+02:00,460.41
2022-10-07 21:00:00+02:00,428.04
2022-10-07 22:00:00+02:00,394.42
2022-10-07 23:00:00+02:00,321.0
2022-10-08 00:00:00+02:00,302.37
2022-10-08 01:00:00+02:00,290.97
2022-10-08 02:00:00+02:00,269.35
2022-10-08 03:00:00+02:00,264.55
2022-10-08 04:00:00+02:00,263.16
2022-10-08 05:00:00+02:00,256.61
2022-10-08 06:00:00+02:00,251.9
2022-10-08 07:00:00+02:00,247.83
2022-10-08 08:00:00+02:00,239.78
2022-10-08 09:00:00+02:00,218.56
2022-10-08 10:00:00+02:00,191.51
2022-10-08 11:00:00+02:00,162.87
2022-10-08 12:00:00+02:00,159.44
2022-10-08 13:00:00+02:00,168.74
2022-10-08 14:00:00+02:00,173.56
2022-10-08 15:00:00+02:00,174.91
2022-10-08 16:00:00+02:00,180.06
2022-10-08 17:00:00+02:00,193.39
2022-10-08 18:00:00+02:00,220.85
2022-10-08 19:00:00+02:00,280.23
2022-10-08 20:00:00+02:00,311.71
2022-10-08 21:00:00+02:00,323.61
2022-10-08 22:00:00+02:00,297.54
2022-10-08 23:00:00+02:00,291.4
2022-10-09 00:00:00+02:00,281.31
2022-10-09 01:00:00+02:00,258.4
2022-10-09 02:00:00+02:00,243.57
2022-10-09 03:00:00+02:00,229.88
2022-10-09 04:00:00+02:00,233.01
2022-10-09 05:00:00+02:00,236.46
2022-10-09 06:00:00+02:00,239.69
2022-10-09 07:00:00+02:00,242.52
2022-10-09 08:00:00+02:00,217.58
2022-10-09 09:00:00+02:00,200.89
2022-10-09 10:00:00+02:00,178.22
2022-10-09 11:00:00+02:00,155.79
2022-10-09 12:00:00+02:00,152.18
2022-10-09 13:00:00+02:00,155.0
2022-10-09 14:00:00+02:00,149.27
2022-10-09 15:00:00+02:00,153.91
2022-10-09 16:00:00+02:00,155.48
2022-10-09 17:00:00+02:00,169.67
2022-10-09 18:00:00+02:00,188.64
2022-10-09 19:00:00+02:00,269.17
2022-10-09 20:00:00+02:00,323.76
2022-10-09 21:00:00+02:00,337.9
2022-10-09 22:00:00+02:00,317.0
2022-10-09 23:00:00+02:00,289.66
2022-10-10 00:00:00+02:00,242.45
2022-10-10 01:00:00+02:00,239.8
2022-10-10 02:00:00+02:00,241.76
2022-10-10 03:00:00+02:00,246.58
2022-10-10 04:00:00+02:00,245.85
2022-10-10 05:00:00+02:00,243.04
2022-10-10 06:00:00+02:00,243.05
2022-10-10 07:00:00+02:00,282.69
2022-10-10 08:00:00+02:00,349.57
2022-10-10 09:00:00+02:00,337.82
2022-10-10 10:00:00+02:00,366.78
2022-10-10 11:00:00+02:00,334.47
2022-10-10 12:00:00+02:00,328.73
2022-10-10 13:00:00+02:00,329.51
2022-10-10 14:00:00+02:00,330.08
2022-10-10 15:00:00+02:00,283.9
2022-10-10 16:00:00+02:00,286.35
2022-10-10 17:00:00+02:00,302.97
2022-10-10 18:00:00+02:00,337.42
2022-10-10 19:00:00+02:00,434.73
2022-10-10 20:00:00+02:00,468.76
2022-10-10 21:00:00+02:00,409.73
2022-10-10 22:00:00+02:00,404.43
2022-10-10 23:00:00+02:00,320.88
2022-10-11 00:00:00+02:00,335.93
2022-10-11 01:00:00+02:00,309.78
2022-10-11 02:00:00+02:00,298.35
2022-10-11 03:00:00+02:00,290.91
2022-10-11 04:00:00+02:00,283.87
2022-10-11 05:00:00+02:00,286.5
2022-10-11 06:00:00+02:00,278.88
2022-10-11 07:00:00+02:00,316.98
2022-10-11 08:00:00+02:00,346.39
2022-10-11 09:00:00+02:00,335.1
2022-10-11 10:00:00+02:00,318.64
2022-10-11 11:00:00+02:00,343.8
2022-10-11 12:00:00+02:00,323.28
2022-10-11 13:00:00+02:00,317.89
2022-10-11 14:00:00+02:00,269.17
2022-10-11 15:00:00+02:00,270.81
2022-10-11 16:00:00+02:00,278.9
2022-10-11 17:00:00+02:00,308.67
2022-10-11 18:00:00+02:00,363.69
2022-10-11 19:00:00+02:00,375.73
2022-10-11 20:00:00+02:00,432.68
2022-10-11 21:00:00+02:00,413.35
2022-10-11 22:00:00+02:00,384.23
2022-10-11 23:00:00+02:00,292.49
2022-10-12 00:00:00+02:00,340.29
2022-10-12 01:00:00+02:00,317.45
2022-10-12 02:00:00+02:00,296.88
2022-10-12 03:00:00+02:00,298.25
2022-10-12 04:00:00+02:00,299.93
2022-10-12 05:00:00+02:00,297.61
2022-10-12 06:00:00+02:00,290.46
2022-10-12 07:00:00+02:00,271.28
2022-10-12 08:00:00+02:00,264.15
2022-10-12 09:00:00+02:00,257.5
2022-10-12 10:00:00+02:00,243.36
2022-10-12 11:00:00+02:00,215.53
2022-10-12 12:00:00+02:00,205.56
2022-10-12 13:00:00+02:00,210.93
2022-10-12 14:00:00+02:00,214.69
2022-10-12 15:00:00+02:00,211.26
2022-10-12 16:00:00+02:00,213.8
2022-10-12 17:00:00+02:00,236.62
2022-10-12 18:00:00+02:00,249.06
2022-10-12 19:00:00+02:00,252.84
2022-10-12 20:00:00+02:00,320.33
2022-10-12 21:00:00+02:00,324.81
2022-10-12 22:00:00+02:00,308.35
2022-10-12 23:00:00+02:00,279.45
2022-10-13 00:00:00+02:00,277.94
2022-10-13 01:00:00+02:00,284.48
2022-10-13 02:00:00+02:00,289.07
2022-10-13 03:00:00+02:00,297.01
2022-10-13 04:00:00+02:00,301.64
2022-10-13 05:00:00+02:00,295.01
2022-10-13 06:00:00+02:00,289.91
2022-10-13 07:00:00+02:00,323.74
2022-10-13 08:00:00+02:00,353.9
2022-10-13 09:00:00+02:00,332.06
2022-10-13 10:00:00+02:00,301.52
2022-10-13 11:00:00+02:00,286.41
2022-10-13 12:00:00+02:00,277.77
2022-10-13 13:00:00+02:00,276.55
2022-10-13 14:00:00+02:00,280.11
2022-10-13 15:00:00+02:00,230.26
2022-10-13 16:00:00+02:00,234.38
2022-10-13 17:00:00+02:00,247.36
2022-10-13 18:00:00+02:00,323.55
2022-10-13 19:00:00+02:00,380.47
2022-10-13 20:00:00+02:00,379.96
2022-10-13 21:00:00+02:00,387.92
2022-10-13 22:00:00+02:00,358.21
2022-10-13 23:00:00+02:00,308.41
2022-10-14 00:00:00+02:00,303.61
2022-10-14 01:00:00+02:00,276.28
2022-10-14 02:00:00+02:00,269.23
2022-10-14 03:00:00+02:00,256.79
2022-10-14 04:00:00+02:00,255.88
2022-10-14 05:00:00+02:00,255.25
2022-10-14 06:00:00+02:00,255.29
2022-10-14 07:00:00+02:00,286.33
2022-10-14 08:00:00+02:00,315.72
2022-10-14 09:00:00+02:00,298.58
2022-10-14 10:00:00+02:00,236.68
2022-10-14 11:00:00+02:00,262.33
2022-10-14 12:00:00+02:00,259.04
2022-10-14 13:00:00+02:00,256.45
2022-10-14 14:00:00+02:00,257.26
2022-10-14 15:00:00+02:00,206.84
2022-10-14 16:00:00+02:00,212.06
2022-10-14 17:00:00+02:00,228.49
2022-10-14 18:00:00+02:00,265.68
2022-10-14 19:00:00+02:00,377.9
2022-10-14 20:00:00+02:00,384.29
2022-10-14 21:00:00+02:00,402.33
2022-10-14 22:00:00+02:00,339.45
2022-10-14 23:00:00+02:00,335.96
2022-10-15 00:00:00+02:00,249.78
2022-10-15 01:00:00+02:00,237.61
2022-10-15 02:00:00+02:00,237.02
2022-10-15 03:00:00+02:00,239.09
2022-10-15 04:00:00+02:00,239.71
2022-10-15 05:00:00+02:00,239.97
2022-10-15 06:00:00+02:00,235.48
2022-10-15 07:00:00+02:00,233.54
2022-10-15 08:00:00+02:00,234.21
2022-10-15 09:00:00+02:00,216.5
2022-10-15 10:00:00+02:00,205.22
2022-10-15 11:00:00+02:00,156.48
2022-10-15 12:00:00+02:00,143.96
2022-10-15 13:00:00+02:00,140.44
2022-10-15 14:00:00+02:00,128.56
2022-10-15 15:00:00+02:00,113.53
2022-10-15 16:00:00+02:00,113.93
2022-10-15 17:00:00+02:00,130.58
2022-10-15 18:00:00+02:00,161.48
2022-10-15 19:00:00+02:00,216.02
2022-10-15 20:00:00+02:00,258.43
2022-10-15 21:00:00+02:00,244.5
2022-10-15 22:00:00+02:00,240.64
2022-10-15 23:00:00+02:00,227.33
2022-10-16 00:00:00+02:00,188.7
2022-10-16 01:00:00+02:00,170.48
2022-10-16 02:00:00+02:00,171.56
2022-10-16 03:00:00+02:00,176.41
2022-10-16 04:00:00+02:00,135.11
2022-10-16 05:00:00+02:00,135.15
2022-10-16 06:00:00+02:00,142.11
2022-10-16 07:00:00+02:00,173.32
2022-10-16 08:00:00+02:00,163.99
2022-10-16 09:00:00+02:00,185.1
2022-10-16 10:00:00+02:00,169.16
2022-10-16 11:00:00+02:00,123.57
2022-10-16 12:00:00+02:00,116.88
2022-10-16 13:00:00+02:00,113.92
2022-10-16 14:00:00+02:00,111.02
2022-10-16 15:00:00+02:00,109.93
2022-10-16 16:00:00+02:00,114.11
2022-10-16 17:00:00+02:00,114.63
2022-10-16 18:00:00+02:00,158.38
2022-10-16 19:00:00+02:00,167.56
2022-10-16 20:00:00+02:00,201.1
2022-10-16 21:00:00+02:00,198.28
2022-10-16 22:00:00+02:00,191.66
2022-10-16 23:00:00+02:00,183.11
2022-10-17 00:00:00+02:00,188.56
2022-10-17 01:00:00+02:00,171.3
2022-10-17 02:00:00+02:00,161.39
2022-10-17 03:00:00+02:00,142.97
2022-10-17 04:00:00+02:00,143.08
2022-10-17 05:00:00+02:00,170.54
2022-10-17 06:00:00+02:00,198.85
2022-10-17 07:00:00+02:00,236.47
2022-10-17 08:00:00+02:00,296.15
2022-10-17 09:00:00+02:00,279.36
2022-10-17 10:00:00+02:00,294.17
2022-10-17 11:00:00+02:00,261.13
2022-10-17 12:00:00+02:00,236.65
2022-10-17 13:00:00+02:00,226.29
2022-10-17 14:00:00+02:00,220.03
2022-10-17 15:00:00+02:00,169.22
2022-10-17 16:00:00+02:00,179.24
2022-10-17 17:00:00+02:00,191.59
2022-10-17 18:00:00+02:00,275.51
2022-10-17 19:00:00+02:00,301.64
2022-10-17 20:00:00+02:00,339.06
2022-10-17 21:00:00+02:00,325.67
2022-10-17 22:00:00+02:00,253.39
2022-10-17 23:00:00+02:00,234.31
2022-10-18 00:00:00+02:00,189.76
2022-10-18 01:00:00+02:00,148.23
2022-10-18 02:00:00+02:00,138.98
2022-10-18 03:00:00+02:00,134.38
2022-10-18 04:00:00+02:00,129.64
2022-10-18 05:00:00+02:00,123.67
2022-10-18 06:00:00+02:00,166.79
2022-10-18 07:00:00+02:00,194.1
2022-10-18 08:00:00+02:00,233.8
2022-10-18 09:00:00+02:00,224.03
2022-10-18 10:00:00+02:00,241.41
2022-10-18 11:00:00+02:00,189.73
2022-10-18 12:00:00+02:00,180.99
2022-10-18 13:00:00+02:00,164.76
2022-10-18 14:00:00+02:00,107.98
2022-10-18 15:00:00+02:00,106.02
2022-10-18 16:00:00+02:00,114.86
2022-10-18 17:00:00+02:00,144.36
2022-10-18 18:00:00+02:00,252.01
2022-10-18 19:00:00+02:00,264.58
2022-10-18 20:00:00+02:00,284.76
2022-10-18 21:00:00+02:00,278.83
2022-10-18 22:00:00+02:00,269.05
2022-10-18 23:00:00+02:00,166.58
2022-10-19 00:00:00+02:00,157.68
2022-10-19 01:00:00+02:00,145.58
2022-10-19 02:00:00+02:00,101.48
2022-10-19 03:00:00+02:00,92.77
2022-10-19 04:00:00+02:00,85.98
2022-10-19 05:00:00+02:00,79.04
2022-10-19 06:00:00+02:00,78.01
2022-10-19 07:00:00+02:00,94.22
2022-10-19 08:00:00+02:00,177.78
2022-10-19 09:00:00+02:00,128.86
2022-10-19 10:00:00+02:00,118.77
2022-10-19 11:00:00+02:00,155.61
2022-10-19 12:00:00+02:00,149.2
2022-10-19 13:00:00+02:00,148.36
2022-10-19 14:00:00+02:00,99.65
2022-10-19 15:00:00+02:00,100.5
2022-10-19 16:00:00+02:00,107.33
2022-10-19 17:00:00+02:00,121.67
2022-10-19 18:00:00+02:00,171.11
2022-10-19 19:00:00+02:00,221.11
2022-10-19 20:00:00+02:00,248.01
2022-10-19 21:00:00+02:00,232.53
2022-10-19 22:00:00+02:00,170.66
2022-10-19 23:00:00+02:00,126.91
2022-10-20 00:00:00+02:00,104.81
2022-10-20 01:00:00+02:00,97.66
2022-10-20 02:00:00+02:00,94.98
2022-10-20 03:00:00+02:00,90.68
2022-10-20 04:00:00+02:00,93.45
2022-10-20 05:00:00+02:00,92.18
2022-10-20 06:00:00+02:00,97.11
2022-10-20 07:00:00+02:00,129.73
2022-10-20 08:00:00+02:00,176.77
2022-10-20 09:00:00+02:00,178.56
2022-10-20 10:00:00+02:00,208.26
2022-10-20 11:00:00+02:00,195.01
2022-10-20 12:00:00+02:00,176.14
2022-10-20 13:00:00+02:00,172.67
2022-10-20 14:00:00+02:00,121.65
2022-10-20 15:00:00+02:00,117.23
2022-10-20 16:00:00+02:00,124.51
2022-10-20 17:00:00+02:00,132.53
2022-10-20 18:00:00+02:00,198.61
2022-10-20 19:00:00+02:00,203.7
2022-10-20 20:00:00+02:00,229.65
2022-10-20 21:00:00+02:00,220.18
2022-10-20 22:00:00+02:00,198.71
2022-10-20 23:00:00+02:00,128.91
2022-10-21 00:00:00+02:00,120.01
2022-10-21 01:00:00+02:00,106.04
2022-10-21 02:00:00+02:00,103.0
2022-10-21 03:00:00+02:00,103.99
2022-10-21 04:00:00+02:00,112.15
2022-10-21 05:00:00+02:00,117.73
2022-10-21 06:00:00+02:00,124.99
2022-10-21 07:00:00+02:00,144.08
2022-10-21 08:00:00+02:00,180.22
2022-10-21 09:00:00+02:00,178.22
2022-10-21 10:00:00+02:00,172.37
2022-10-21 11:00:00+02:00,217.75
2022-10-21 12:00:00+02:00,214.49
2022-10-21 13:00:00+02:00,210.9
2022-10-21 14:00:00+02:00,162.54
2022-10-21 15:00:00+02:00,163.18
2022-10-21 16:00:00+02:00,166.77
2022-10-21 17:00:00+02:00,173.52
2022-10-21 18:00:00+02:00,215.62
2022-10-21 19:00:00+02:00,225.03
2022-10-21 20:00:00+02:00,290.2
2022-10-21 21:00:00+02:00,245.6
2022-10-21 22:00:00+02:00,222.56
2022-10-21 23:00:00+02:00,176.28
2022-10-22 00:00:00+02:00,189.19
2022-10-22 01:00:00+02:00,167.6
2022-10-22 02:00:00+02:00,154.67
2022-10-22 03:00:00+02:00,156.59
2022-10-22 04:00:00+02:00,145.36
2022-10-22 05:00:00+02:00,142.75
2022-10-22 06:00:00+02:00,161.04
2022-10-22 07:00:00+02:00,158.19
2022-10-22 08:00:00+02:00,168.18
2022-10-22 09:00:00+02:00,168.5
2022-10-22 10:00:00+02:00,149.04
2022-10-22 11:00:00+02:00,156.1
2022-10-22 12:00:00+02:00,136.38
2022-10-22 13:00:00+02:00,117.61
2022-10-22 14:00:00+02:00,104.03
2022-10-22 15:00:00+02:00,89.18
2022-10-22 16:00:00+02:00,84.99
2022-10-22 17:00:00+02:00,97.38
2022-10-22 18:00:00+02:00,109.95
2022-10-22 19:00:00+02:00,156.41
2022-10-22 20:00:00+02:00,180.81
2022-10-22 21:00:00+02:00,174.77
2022-10-22 22:00:00+02:00,158.07
2022-10-22 23:00:00+02:00,123.91
2022-10-23 00:00:00+02:00,118.28
2022-10-23 01:00:00+02:00,111.0
2022-10-23 02:00:00+02:00,101.61
2022-10-23 03:00:00+02:00,103.66
2022-10-23 04:00:00+02:00,103.59
2022-10-23 05:00:00+02:00,104.03
2022-10-23 06:00:00+02:00,102.09
2022-10-23 07:00:00+02:00,108.89
2022-10-23 08:00:00+02:00,108.76
2022-10-23 09:00:00+02:00,112.83
2022-10-23 10:00:00+02:00,103.9
2022-10-23 11:00:00+02:00,99.36
2022-10-23 12:00:00+02:00,93.58
2022-10-23 13:00:00+02:00,84.8
2022-10-23 14:00:00+02:00,44.63
2022-10-23 15:00:00+02:00,34.2
2022-10-23 16:00:00+02:00,34.7
2022-10-23 17:00:00+02:00,93.61
2022-10-23 18:00:00+02:00,125.97
2022-10-23 19:00:00+02:00,161.25
2022-10-23 20:00:00+02:00,172.8
2022-10-23 21:00:00+02:00,181.67
2022-10-23 22:00:00+02:00,174.58
2022-10-23 23:00:00+02:00,153.0
2022-10-24 00:00:00+02:00,128.68
2022-10-24 01:00:00+02:00,118.55
2022-10-24 02:00:00+02:00,120.1
2022-10-24 03:00:00+02:00,135.66
2022-10-24 04:00:00+02:00,122.51
2022-10-24 05:00:00+02:00,123.36
2022-10-24 06:00:00+02:00,147.7
2022-10-24 07:00:00+02:00,154.6
2022-10-24 08:00:00+02:00,191.1
2022-10-24 09:00:00+02:00,187.82
2022-10-24 10:00:00+02:00,171.28
2022-10-24 11:00:00+02:00,213.87
2022-10-24 12:00:00+02:00,195.34
2022-10-24 13:00:00+02:00,188.15
2022-10-24 14:00:00+02:00,142.46
2022-10-24 15:00:00+02:00,143.83
2022-10-24 16:00:00+02:00,151.4
2022-10-24 17:00:00+02:00,174.71
2022-10-24 18:00:00+02:00,194.97
2022-10-24 19:00:00+02:00,260.43
2022-10-24 20:00:00+02:00,296.53
2022-10-24 21:00:00+02:00,267.2
2022-10-24 22:00:00+02:00,233.1
2022-10-24 23:00:00+02:00,154.82
2022-10-25 00:00:00+02:00,150.05
2022-10-25 01:00:00+02:00,125.48
2022-10-25 02:00:00+02:00,118.82
2022-10-25 03:00:00+02:00,109.53
2022-10-25 04:00:00+02:00,107.82
2022-10-25 05:00:00+02:00,107.84
2022-10-25 06:00:00+02:00,118.52
2022-10-25 07:00:00+02:00,150.51
2022-10-25 08:00:00+02:00,203.34
2022-10-25 09:00:00+02:00,186.14
2022-10-25 10:00:00+02:00,211.53
2022-10-25 11:00:00+02:00,208.06
2022-10-25 12:00:00+02:00,201.29
2022-10-25 13:00:00+02:00,187.4
2022-10-25 14:00:00+02:00,185.19
2022-10-25 15:00:00+02:00,138.67
2022-10-25 16:00:00+02:00,143.4
2022-10-25 17:00:00+02:00,163.01
2022-10-25 18:00:00+02:00,228.3
2022-10-25 19:00:00+02:00,239.74
2022-10-25 20:00:00+02:00,261.88
2022-10-25 21:00:00+02:00,231.9
2022-10-25 22:00:00+02:00,176.6
2022-10-25 23:00:00+02:00,171.53
2022-10-26 00:00:00+02:00,126.15
2022-10-26 01:00:00+02:00,121.12
2022-10-26 02:00:00+02:00,117.04
2022-10-26 03:00:00+02:00,117.11
2022-10-26 04:00:00+02:00,116.9
2022-10-26 05:00:00+02:00,120.66
2022-10-26 06:00:00+02:00,123.35
2022-10-26 07:00:00+02:00,171.8
2022-10-26 08:00:00+02:00,210.39
2022-10-26 09:00:00+02:00,193.37
2022-10-26 10:00:00+02:00,185.53
2022-10-26 11:00:00+02:00,214.42
2022-10-26 12:00:00+02:00,205.94
2022-10-26 13:00:00+02:00,192.97
2022-10-26 14:00:00+02:00,148.41
2022-10-26 15:00:00+02:00,147.83
2022-10-26 16:00:00+02:00,154.93
2022-10-26 17:00:00+02:00,178.61
2022-10-26 18:00:00+02:00,239.25
2022-10-26 19:00:00+02:00,256.56
2022-10-26 20:00:00+02:00,246.09
2022-10-26 21:00:00+02:00,215.97
2022-10-26 22:00:00+02:00,154.14
2022-10-26 23:00:00+02:00,144.07
2022-10-27 00:00:00+02:00,134.05
2022-10-27 01:00:00+02:00,135.28
2022-10-27 02:00:00+02:00,136.19
2022-10-27 03:00:00+02:00,130.31
2022-10-27 04:00:00+02:00,128.52
2022-10-27 05:00:00+02:00,132.95
2022-10-27 06:00:00+02:00,144.82
2022-10-27 07:00:00+02:00,171.3
2022-10-27 08:00:00+02:00,242.08
2022-10-27 09:00:00+02:00,202.66
2022-10-27 10:00:00+02:00,190.45
2022-10-27 11:00:00+02:00,226.16
2022-10-27 12:00:00+02:00,209.55
2022-10-27 13:00:00+02:00,205.1
2022-10-27 14:00:00+02:00,199.58
2022-10-27 15:00:00+02:00,149.21
2022-10-27 16:00:00+02:00,150.27
2022-10-27 17:00:00+02:00,170.71
2022-10-27 18:00:00+02:00,245.77
2022-10-27 19:00:00+02:00,262.84
2022-10-27 20:00:00+02:00,250.05
2022-10-27 21:00:00+02:00,241.66
2022-10-27 22:00:00+02:00,240.29
2022-10-27 23:00:00+02:00,164.42
2022-10-28 00:00:00+02:00,127.35
2022-10-28 01:00:00+02:00,126.77
2022-10-28 02:00:00+02:00,125.42
2022-10-28 03:00:00+02:00,125.61
2022-10-28 04:00:00+02:00,126.55
2022-10-28 05:00:00+02:00,126.98
2022-10-28 06:00:00+02:00,147.95
2022-10-28 07:00:00+02:00,171.41
2022-10-28 08:00:00+02:00,205.8
2022-10-28 09:00:00+02:00,197.95
2022-10-28 10:00:00+02:00,240.95
2022-10-28 11:00:00+02:00,219.75
2022-10-28 12:00:00+02:00,210.37
2022-10-28 13:00:00+02:00,204.83
2022-10-28 14:00:00+02:00,161.01
2022-10-28 15:00:00+02:00,153.84
2022-10-28 16:00:00+02:00,167.01
2022-10-28 17:00:00+02:00,188.1
2022-10-28 18:00:00+02:00,193.36
2022-10-28 19:00:00+02:00,246.63
2022-10-28 20:00:00+02:00,243.91
2022-10-28 21:00:00+02:00,240.05
2022-10-28 22:00:00+02:00,169.58
2022-10-28 23:00:00+02:00,156.36
2022-10-29 00:00:00+02:00,132.75
2022-10-29 01:00:00+02:00,130.86
2022-10-29 02:00:00+02:00,128.8
2022-10-29 03:00:00+02:00,126.02
2022-10-29 04:00:00+02:00,125.12
2022-10-29 05:00:00+02:00,124.58
2022-10-29 06:00:00+02:00,130.47
2022-10-29 07:00:00+02:00,143.25
2022-10-29 08:00:00+02:00,156.01
2022-10-29 09:00:00+02:00,147.63
2022-10-29 10:00:00+02:00,131.55
2022-10-29 11:00:00+02:00,121.95
2022-10-29 12:00:00+02:00,118.04
2022-10-29 13:00:00+02:00,113.61
2022-10-29 14:00:00+02:00,118.01
2022-10-29 15:00:00+02:00,120.5
2022-10-29 16:00:00+02:00,121.2
2022-10-29 17:00:00+02:00,144.62
2022-10-29 18:00:00+02:00,174.78
2022-10-29 19:00:00+02:00,179.1
2022-10-29 20:00:00+02:00,171.71
2022-10-29 21:00:00+02:00,172.21
2022-10-29 22:00:00+02:00,166.22
2022-10-29 23:00:00+02:00,161.01
2022-10-30 00:00:00+02:00,182.58
2022-10-30 01:00:00+02:00,145.76
2022-10-30 02:00:00+02:00,141.93
2022-10-30 02:00:00+01:00,144.4
2022-10-30 03:00:00+01:00,143.88
2022-10-30 04:00:00+01:00,141.4
2022-10-30 05:00:00+01:00,140.16
2022-10-30 06:00:00+01:00,145.31
2022-10-30 07:00:00+01:00,151.16
2022-10-30 08:00:00+01:00,154.62
2022-10-30 09:00:00+01:00,176.62
2022-10-30 10:00:00+01:00,177.42
2022-10-30 11:00:00+01:00,171.37
2022-10-30 12:00:00+01:00,169.9
2022-10-30 13:00:00+01:00,171.19
2022-10-30 14:00:00+01:00,164.61
2022-10-30 15:00:00+01:00,164.57
2022-10-30 16:00:00+01:00,179.52
2022-10-30 17:00:00+01:00,197.09
2022-10-30 18:00:00+01:00,215.87
2022-10-30 19:00:00+01:00,251.4
2022-10-30 20:00:00+01:00,281.03
2022-10-30 21:00:00+01:00,262.43
2022-10-30 22:00:00+01:00,200.08
2022-10-30 23:00:00+01:00,186.49
2022-10-31 00:00:00+01:00,214.45
2022-10-31 01:00:00+01:00,206.56
2022-10-31 02:00:00+01:00,173.92
2022-10-31 03:00:00+01:00,174.53
2022-10-31 04:00:00+01:00,174.23
2022-10-31 05:00:00+01:00,179.44
2022-10-31 06:00:00+01:00,199.29
2022-10-31 07:00:00+01:00,217.07
2022-10-31 08:00:00+01:00,248.7
2022-10-31 09:00:00+01:00,225.68
2022-10-31 10:00:00+01:00,208.62
2022-10-31 11:00:00+01:00,255.54
2022-10-31 12:00:00+01:00,255.26
2022-10-31 13:00:00+01:00,259.68
2022-10-31 14:00:00+01:00,225.86
2022-10-31 15:00:00+01:00,244.25
2022-10-31 16:00:00+01:00,244.98
2022-10-31 17:00:00+01:00,315.6
2022-10-31 18:00:00+01:00,259.15
2022-10-31 19:00:00+01:00,307.44
2022-10-31 20:00:00+01:00,357.19
2022-10-31 21:00:00+01:00,377.58
2022-10-31 22:00:00+01:00,350.29
2022-10-31 23:00:00+01:00,285.66
2022-11-01 00:00:00+01:00,208.72
2022-11-01 01:00:00+01:00,193.8
2022-11-01 02:00:00+01:00,168.98
2022-11-01 03:00:00+01:00,169.23
2022-11-01 04:00:00+01:00,167.7
2022-11-01 05:00:00+01:00,163.07
2022-11-01 06:00:00+01:00,165.78
2022-11-01 07:00:00+01:00,163.47
2022-11-01 08:00:00+01:00,162.67
2022-11-01 09:00:00+01:00,159.99
2022-11-01 10:00:00+01:00,146.89
2022-11-01 11:00:00+01:00,135.77
2022-11-01 12:00:00+01:00,140.31
2022-11-01 13:00:00+01:00,132.97
2022-11-01 14:00:00+01:00,133.58
2022-11-01 15:00:00+01:00,140.96
2022-11-01 16:00:00+01:00,158.92
2022-11-01 17:00:00+01:00,194.75
2022-11-01 18:00:00+01:00,209.05
2022-11-01 19:00:00+01:00,209.18
2022-11-01 20:00:00+01:00,251.16
2022-11-01 21:00:00+01:00,253.81
2022-11-01 22:00:00+01:00,213.7
2022-11-01 23:00:00+01:00,198.94
2022-11-02 00:00:00+01:00,167.28
2022-11-02 01:00:00+01:00,166.09
2022-11-02 02:00:00+01:00,161.52
2022-11-02 03:00:00+01:00,161.69
2022-11-02 04:00:00+01:00,161.26
2022-11-02 05:00:00+01:00,163.98
2022-11-02 06:00:00+01:00,182.71
2022-11-02 07:00:00+01:00,206.5
2022-11-02 08:00:00+01:00,239.75
2022-11-02 09:00:00+01:00,208.27
2022-11-02 10:00:00+01:00,189.74
2022-11-02 11:00:00+01:00,226.83
2022-11-02 12:00:00+01:00,225.14
2022-11-02 13:00:00+01:00,222.73
2022-11-02 14:00:00+01:00,229.52
2022-11-02 15:00:00+01:00,182.24
2022-11-02 16:00:00+01:00,206.12
2022-11-02 17:00:00+01:00,256.24
2022-11-02 18:00:00+01:00,317.95
2022-11-02 19:00:00+01:00,314.5
2022-11-02 20:00:00+01:00,324.99
2022-11-02 21:00:00+01:00,277.35
2022-11-02 22:00:00+01:00,202.76
2022-11-02 23:00:00+01:00,187.87
2022-11-03 00:00:00+01:00,161.15
2022-11-03 01:00:00+01:00,145.85
2022-11-03 02:00:00+01:00,140.26
2022-11-03 03:00:00+01:00,135.48
2022-11-03 04:00:00+01:00,130.98
2022-11-03 05:00:00+01:00,133.11
2022-11-03 06:00:00+01:00,136.68
2022-11-03 07:00:00+01:00,148.3
2022-11-03 08:00:00+01:00,197.97
2022-11-03 09:00:00+01:00,184.17
2022-11-03 10:00:00+01:00,216.02
2022-11-03 11:00:00+01:00,221.32
2022-11-03 12:00:00+01:00,235.76
2022-11-03 13:00:00+01:00,239.44
2022-11-03 14:00:00+01:00,197.33
2022-11-03 15:00:00+01:00,198.15
2022-11-03 16:00:00+01:00,206.92
2022-11-03 17:00:00+01:00,212.03
2022-11-03 18:00:00+01:00,244.7
2022-11-03 19:00:00+01:00,270.84
2022-11-03 20:00:00+01:00,250.57
2022-11-03 21:00:00+01:00,245.1
2022-11-03 22:00:00+01:00,243.54
2022-11-03 23:00:00+01:00,180.77
2022-11-04 00:00:00+01:00,208.38
2022-11-04 01:00:00+01:00,207.12
2022-11-04 02:00:00+01:00,206.72
2022-11-04 03:00:00+01:00,198.29
2022-11-04 04:00:00+01:00,181.71
2022-11-04 05:00:00+01:00,194.86
2022-11-04 06:00:00+01:00,210.58
2022-11-04 07:00:00+01:00,220.96
2022-11-04 08:00:00+01:00,244.0
2022-11-04 09:00:00+01:00,225.76
2022-11-04 10:00:00+01:00,205.3
2022-11-04 11:00:00+01:00,233.37
2022-11-04 12:00:00+01:00,226.62
2022-11-04 13:00:00+01:00,220.91
2022-11-04 14:00:00+01:00,173.36
2022-11-04 15:00:00+01:00,173.41
2022-11-04 16:00:00+01:00,209.84
2022-11-04 17:00:00+01:00,235.15
2022-11-04 18:00:00+01:00,307.98
2022-11-04 19:00:00+01:00,357.28
2022-11-04 20:00:00+01:00,330.38
2022-11-04 21:00:00+01:00,320.79
2022-11-04 22:00:00+01:00,310.75
2022-11-04 23:00:00+01:00,246.19
2022-11-05 00:00:00+01:00,218.37
2022-11-05 01:00:00+01:00,203.41
2022-11-05 02:00:00+01:00,187.32
2022-11-05 03:00:00+01:00,185.21
2022-11-05 04:00:00+01:00,185.84
2022-11-05 05:00:00+01:00,185.69
2022-11-05 06:00:00+01:00,182.74
2022-11-05 07:00:00+01:00,188.04
2022-11-05 08:00:00+01:00,184.09
2022-11-05 09:00:00+01:00,164.8
2022-11-05 10:00:00+01:00,158.58
2022-11-05 11:00:00+01:00,151.53
2022-11-05 12:00:00+01:00,156.57
2022-11-05 13:00:00+01:00,159.99
2022-11-05 14:00:00+01:00,159.79
2022-11-05 15:00:00+01:00,159.53
2022-11-05 16:00:00+01:00,171.32
2022-11-05 17:00:00+01:00,229.4
2022-11-05 18:00:00+01:00,243.89
2022-11-05 19:00:00+01:00,232.66
2022-11-05 20:00:00+01:00,216.88
2022-11-05 21:00:00+01:00,215.38
2022-11-05 22:00:00+01:00,194.06
2022-11-05 23:00:00+01:00,179.67
2022-11-06 00:00:00+01:00,188.65
2022-11-06 01:00:00+01:00,180.96
2022-11-06 02:00:00+01:00,161.14
2022-11-06 03:00:00+01:00,144.82
2022-11-06 04:00:00+01:00,140.52
2022-11-06 05:00:00+01:00,144.85
2022-11-06 06:00:00+01:00,145.0
2022-11-06 07:00:00+01:00,151.19
2022-11-06 08:00:00+01:00,154.37
2022-11-06 09:00:00+01:00,142.55
2022-11-06 10:00:00+01:00,136.69
2022-11-06 11:00:00+01:00,140.47
2022-11-06 12:00:00+01:00,136.36
2022-11-06 13:00:00+01:00,139.81
2022-11-06 14:00:00+01:00,141.61
2022-11-06 15:00:00+01:00,143.97
2022-11-06 16:00:00+01:00,154.68
2022-11-06 17:00:00+01:00,185.24
2022-11-06 18:00:00+01:00,203.24
2022-11-06 19:00:00+01:00,189.82
2022-11-06 20:00:00+01:00,188.96
2022-11-06 21:00:00+01:00,193.45
2022-11-06 22:00:00+01:00,185.25
2022-11-06 23:00:00+01:00,178.93
2022-11-07 00:00:00+01:00,191.62
2022-11-07 01:00:00+01:00,146.05
2022-11-07 02:00:00+01:00,146.46
2022-11-07 03:00:00+01:00,145.46
2022-11-07 04:00:00+01:00,143.41
2022-11-07 05:00:00+01:00,150.62
2022-11-07 06:00:00+01:00,177.14
2022-11-07 07:00:00+01:00,201.37
2022-11-07 08:00:00+01:00,233.09
2022-11-07 09:00:00+01:00,214.66
2022-11-07 10:00:00+01:00,164.6
2022-11-07 11:00:00+01:00,208.84
2022-11-07 12:00:00+01:00,206.51
2022-11-07 13:00:00+01:00,203.21
2022-11-07 14:00:00+01:00,206.1
2022-11-07 15:00:00+01:00,159.8
2022-11-07 16:00:00+01:00,170.81
2022-11-07 17:00:00+01:00,217.36
2022-11-07 18:00:00+01:00,221.72
2022-11-07 19:00:00+01:00,276.92
2022-11-07 20:00:00+01:00,265.31
2022-11-07 21:00:00+01:00,236.8
2022-11-07 22:00:00+01:00,213.64
2022-11-07 23:00:00+01:00,167.5
2022-11-08 00:00:00+01:00,137.31
2022-11-08 01:00:00+01:00,127.92
2022-11-08 02:00:00+01:00,125.57
2022-11-08 03:00:00+01:00,118.16
2022-11-08 04:00:00+01:00,108.41
2022-11-08 05:00:00+01:00,131.62
2022-11-08 06:00:00+01:00,138.68
2022-11-08 07:00:00+01:00,177.48
2022-11-08 08:00:00+01:00,208.99
2022-11-08 09:00:00+01:00,186.99
2022-11-08 10:00:00+01:00,177.78
2022-11-08 11:00:00+01:00,206.57
2022-11-08 12:00:00+01:00,204.49
2022-11-08 13:00:00+01:00,205.48
2022-11-08 14:00:00+01:00,211.33
2022-11-08 15:00:00+01:00,169.38
2022-11-08 16:00:00+01:00,201.05
2022-11-08 17:00:00+01:00,216.41
2022-11-08 18:00:00+01:00,274.69
2022-11-08 19:00:00+01:00,277.46
2022-11-08 20:00:00+01:00,263.76
2022-11-08 21:00:00+01:00,239.8
2022-11-08 22:00:00+01:00,245.0
2022-11-08 23:00:00+01:00,179.51
2022-11-09 00:00:00+01:00,148.57
2022-11-09 01:00:00+01:00,142.42
2022-11-09 02:00:00+01:00,141.76
2022-11-09 03:00:00+01:00,137.92
2022-11-09 04:00:00+01:00,138.13
2022-11-09 05:00:00+01:00,144.67
2022-11-09 06:00:00+01:00,172.19
2022-11-09 07:00:00+01:00,197.38
2022-11-09 08:00:00+01:00,235.5
2022-11-09 09:00:00+01:00,224.16
2022-11-09 10:00:00+01:00,255.34
2022-11-09 11:00:00+01:00,243.37
2022-11-09 12:00:00+01:00,243.21
2022-11-09 13:00:00+01:00,241.01
2022-11-09 14:00:00+01:00,195.78
2022-11-09 15:00:00+01:00,199.53
2022-11-09 16:00:00+01:00,226.53
2022-11-09 17:00:00+01:00,243.92
2022-11-09 18:00:00+01:00,297.67
2022-11-09 19:00:00+01:00,319.66
2022-11-09 20:00:00+01:00,283.85
2022-11-09 21:00:00+01:00,271.14
2022-11-09 22:00:00+01:00,206.18
2022-11-09 23:00:00+01:00,200.42
2022-11-10 00:00:00+01:00,180.85
2022-11-10 01:00:00+01:00,178.23
2022-11-10 02:00:00+01:00,174.01
2022-11-10 03:00:00+01:00,168.97
2022-11-10 04:00:00+01:00,167.68
2022-11-10 05:00:00+01:00,182.5
2022-11-10 06:00:00+01:00,193.67
2022-11-10 07:00:00+01:00,209.57
2022-11-10 08:00:00+01:00,244.48
2022-11-10 09:00:00+01:00,224.77
2022-11-10 10:00:00+01:00,210.56
2022-11-10 11:00:00+01:00,238.95
2022-11-10 12:00:00+01:00,239.51
2022-11-10 13:00:00+01:00,238.26
2022-11-10 14:00:00+01:00,186.48
2022-11-10 15:00:00+01:00,188.71
2022-11-10 16:00:00+01:00,216.58
2022-11-10 17:00:00+01:00,245.49
2022-11-10 18:00:00+01:00,269.52
2022-11-10 19:00:00+01:00,342.39
2022-11-10 20:00:00+01:00,331.82
2022-11-10 21:00:00+01:00,306.39
2022-11-10 22:00:00+01:00,229.43
2022-11-10 23:00:00+01:00,221.31
2022-11-11 00:00:00+01:00,196.71
2022-11-11 01:00:00+01:00,195.4
2022-11-11 02:00:00+01:00,183.34
2022-11-11 03:00:00+01:00,162.84
2022-11-11 04:00:00+01:00,156.82
2022-11-11 05:00:00+01:00,164.93
2022-11-11 06:00:00+01:00,170.08
2022-11-11 07:00:00+01:00,193.54
2022-11-11 08:00:00+01:00,220.02
2022-11-11 09:00:00+01:00,200.99
2022-11-11 10:00:00+01:00,232.52
2022-11-11 11:00:00+01:00,222.33
2022-11-11 12:00:00+01:00,221.51
2022-11-11 13:00:00+01:00,217.9
2022-11-11 14:00:00+01:00,214.74
2022-11-11 15:00:00+01:00,167.48
2022-11-11 16:00:00+01:00,181.68
2022-11-11 17:00:00+01:00,211.05
2022-11-11 18:00:00+01:00,208.92
2022-11-11 19:00:00+01:00,263.37
2022-11-11 20:00:00+01:00,268.87
2022-11-11 21:00:00+01:00,258.37
2022-11-11 22:00:00+01:00,199.39
2022-11-11 23:00:00+01:00,168.78
2022-11-12 00:00:00+01:00,171.74
2022-11-12 01:00:00+01:00,139.07
2022-11-12 02:00:00+01:00,133.48
2022-11-12 03:00:00+01:00,135.02
2022-11-12 04:00:00+01:00,134.41
2022-11-12 05:00:00+01:00,133.71
2022-11-12 06:00:00+01:00,131.46
2022-11-12 07:00:00+01:00,131.18
2022-11-12 08:00:00+01:00,132.28
2022-11-12 09:00:00+01:00,130.42
2022-11-12 10:00:00+01:00,121.01
2022-11-12 11:00:00+01:00,115.73
2022-11-12 12:00:00+01:00,113.5
2022-11-12 13:00:00+01:00,112.56
2022-11-12 14:00:00+01:00,113.81
2022-11-12 15:00:00+01:00,114.68
2022-11-12 16:00:00+01:00,126.0
2022-11-12 17:00:00+01:00,167.52
2022-11-12 18:00:00+01:00,196.6
2022-11-12 19:00:00+01:00,213.95
2022-11-12 20:00:00+01:00,236.44
2022-11-12 21:00:00+01:00,217.84
2022-11-12 22:00:00+01:00,202.94
2022-11-12 23:00:00+01:00,195.44
2022-11-13 00:00:00+01:00,195.86
2022-11-13 01:00:00+01:00,188.32
2022-11-13 02:00:00+01:00,183.17
2022-11-13 03:00:00+01:00,181.61
2022-11-13 04:00:00+01:00,191.68
2022-11-13 05:00:00+01:00,192.65
2022-11-13 06:00:00+01:00,190.8
2022-11-13 07:00:00+01:00,198.93
2022-11-13 08:00:00+01:00,189.45
2022-11-13 09:00:00+01:00,173.61
2022-11-13 10:00:00+01:00,156.63
2022-11-13 11:00:00+01:00,146.97
2022-11-13 12:00:00+01:00,145.39
2022-11-13 13:00:00+01:00,146.9
2022-11-13 14:00:00+01:00,144.57
2022-11-13 15:00:00+01:00,143.77
2022-11-13 16:00:00+01:00,157.38
2022-11-13 17:00:00+01:00,181.66
2022-11-13 18:00:00+01:00,213.13
2022-11-13 19:00:00+01:00,225.75
2022-11-13 20:00:00+01:00,211.25
2022-11-13 21:00:00+01:00,202.74
2022-11-13 22:00:00+01:00,209.75
2022-11-13 23:00:00+01:00,187.76
2022-11-14 00:00:00+01:00,209.49
2022-11-14 01:00:00+01:00,202.56
2022-11-14 02:00:00+01:00,187.89
2022-11-14 03:00:00+01:00,184.66
2022-11-14 04:00:00+01:00,177.33
2022-11-14 05:00:00+01:00,209.83
2022-11-14 06:00:00+01:00,197.9
2022-11-14 07:00:00+01:00,209.62
2022-11-14 08:00:00+01:00,251.33
2022-11-14 09:00:00+01:00,251.66
2022-11-14 10:00:00+01:00,235.05
2022-11-14 11:00:00+01:00,271.47
2022-11-14 12:00:00+01:00,260.17
2022-11-14 13:00:00+01:00,234.31
2022-11-14 14:00:00+01:00,230.52
2022-11-14 15:00:00+01:00,182.86
2022-11-14 16:00:00+01:00,190.08
2022-11-14 17:00:00+01:00,225.59
2022-11-14 18:00:00+01:00,280.47
2022-11-14 19:00:00+01:00,280.56
2022-11-14 20:00:00+01:00,286.12
2022-11-14 21:00:00+01:00,274.79
2022-11-14 22:00:00+01:00,187.15
2022-11-14 23:00:00+01:00,177.72
2022-11-15 00:00:00+01:00,160.61
2022-11-15 01:00:00+01:00,141.54
2022-11-15 02:00:00+01:00,137.45
2022-11-15 03:00:00+01:00,137.71
2022-11-15 04:00:00+01:00,135.16
2022-11-15 05:00:00+01:00,132.52
2022-11-15 06:00:00+01:00,137.83
2022-11-15 07:00:00+01:00,145.98
2022-11-15 08:00:00+01:00,185.26
2022-11-15 09:00:00+01:00,180.85
2022-11-15 10:00:00+01:00,164.27
2022-11-15 11:00:00+01:00,206.67
2022-11-15 12:00:00+01:00,204.18
2022-11-15 13:00:00+01:00,202.44
2022-11-15 14:00:00+01:00,156.01
2022-11-15 15:00:00+01:00,158.54
2022-11-15 16:00:00+01:00,172.44
2022-11-15 17:00:00+01:00,196.29
2022-11-15 18:00:00+01:00,262.64
2022-11-15 19:00:00+01:00,268.25
2022-11-15 20:00:00+01:00,275.41
2022-11-15 21:00:00+01:00,273.34
2022-11-15 22:00:00+01:00,202.92
2022-11-15 23:00:00+01:00,174.31
2022-11-16 00:00:00+01:00,131.66
2022-11-16 01:00:00+01:00,129.61
2022-11-16 02:00:00+01:00,127.23
2022-11-16 03:00:00+01:00,128.41
2022-11-16 04:00:00+01:00,131.03
2022-11-16 05:00:00+01:00,128.93
2022-11-16 06:00:00+01:00,129.49
2022-11-16 07:00:00+01:00,154.24
2022-11-16 08:00:00+01:00,187.47
2022-11-16 09:00:00+01:00,188.36
2022-11-16 10:00:00+01:00,171.02
2022-11-16 11:00:00+01:00,220.74
2022-11-16 12:00:00+01:00,208.76
2022-11-16 13:00:00+01:00,203.85
2022-11-16 14:00:00+01:00,205.49
2022-11-16 15:00:00+01:00,163.2
2022-11-16 16:00:00+01:00,174.56
2022-11-16 17:00:00+01:00,170.36
2022-11-16 18:00:00+01:00,180.81
2022-11-16 19:00:00+01:00,231.3
2022-11-16 20:00:00+01:00,233.91
2022-11-16 21:00:00+01:00,234.89
2022-11-16 22:00:00+01:00,225.99
2022-11-16 23:00:00+01:00,150.87
2022-11-17 00:00:00+01:00,80.41
2022-11-17 01:00:00+01:00,54.24
2022-11-17 02:00:00+01:00,35.97
2022-11-17 03:00:00+01:00,35.23
2022-11-17 04:00:00+01:00,38.08
2022-11-17 05:00:00+01:00,59.5
2022-11-17 06:00:00+01:00,88.17
2022-11-17 07:00:00+01:00,127.57
2022-11-17 08:00:00+01:00,153.78
2022-11-17 09:00:00+01:00,147.52
2022-11-17 10:00:00+01:00,181.85
2022-11-17 11:00:00+01:00,178.92
2022-11-17 12:00:00+01:00,175.45
2022-11-17 13:00:00+01:00,174.37
2022-11-17 14:00:00+01:00,127.52
2022-11-17 15:00:00+01:00,140.65
2022-11-17 16:00:00+01:00,150.85
2022-11-17 17:00:00+01:00,163.34
2022-11-17 18:00:00+01:00,190.94
2022-11-17 19:00:00+01:00,239.98
2022-11-17 20:00:00+01:00,247.65
2022-11-17 21:00:00+01:00,253.78
2022-11-17 22:00:00+01:00,245.17
2022-11-17 23:00:00+01:00,193.31
2022-11-18 00:00:00+01:00,149.21
2022-11-18 01:00:00+01:00,152.1
2022-11-18 02:00:00+01:00,159.17
2022-11-18 03:00:00+01:00,161.57
2022-11-18 04:00:00+01:00,164.41
2022-11-18 05:00:00+01:00,167.12
2022-11-18 06:00:00+01:00,162.0
2022-11-18 07:00:00+01:00,186.46
2022-11-18 08:00:00+01:00,328.66
2022-11-18 09:00:00+01:00,190.6
2022-11-18 10:00:00+01:00,230.99
2022-11-18 11:00:00+01:00,228.84
2022-11-18 12:00:00+01:00,228.37
2022-11-18 13:00:00+01:00,214.09
2022-11-18 14:00:00+01:00,144.03
2022-11-18 15:00:00+01:00,135.52
2022-11-18 16:00:00+01:00,139.87
2022-11-18 17:00:00+01:00,164.89
2022-11-18 18:00:00+01:00,210.34
2022-11-18 19:00:00+01:00,213.55
2022-11-18 20:00:00+01:00,215.93
2022-11-18 21:00:00+01:00,211.74
2022-11-18 22:00:00+01:00,165.42
2022-11-18 23:00:00+01:00,142.75
2022-11-19 00:00:00+01:00,91.46
2022-11-19 01:00:00+01:00,72.27
2022-11-19 02:00:00+01:00,73.01
2022-11-19 03:00:00+01:00,74.14
2022-11-19 04:00:00+01:00,75.45
2022-11-19 05:00:00+01:00,75.55
2022-11-19 06:00:00+01:00,77.8
2022-11-19 07:00:00+01:00,83.83
2022-11-19 08:00:00+01:00,89.67
2022-11-19 09:00:00+01:00,77.64
2022-11-19 10:00:00+01:00,72.63
2022-11-19 11:00:00+01:00,44.37
2022-11-19 12:00:00+01:00,41.25
2022-11-19 13:00:00+01:00,54.68
2022-11-19 14:00:00+01:00,65.39
2022-11-19 15:00:00+01:00,69.9
2022-11-19 16:00:00+01:00,73.58
2022-11-19 17:00:00+01:00,128.47
2022-11-19 18:00:00+01:00,144.49
2022-11-19 19:00:00+01:00,149.17
2022-11-19 20:00:00+01:00,154.7
2022-11-19 21:00:00+01:00,153.6
2022-11-19 22:00:00+01:00,144.07
2022-11-19 23:00:00+01:00,144.16
2022-11-20 00:00:00+01:00,132.8
2022-11-20 01:00:00+01:00,116.11
2022-11-20 02:00:00+01:00,99.87
2022-11-20 03:00:00+01:00,98.4
2022-11-20 04:00:00+01:00,101.15
2022-11-20 05:00:00+01:00,102.06
2022-11-20 06:00:00+01:00,130.98
2022-11-20 07:00:00+01:00,139.5
2022-11-20 08:00:00+01:00,141.56
2022-11-20 09:00:00+01:00,139.73
2022-11-20 10:00:00+01:00,139.71
2022-11-20 11:00:00+01:00,131.95
2022-11-20 12:00:00+01:00,124.48
2022-11-20 13:00:00+01:00,127.4
2022-11-20 14:00:00+01:00,111.91
2022-11-20 15:00:00+01:00,98.54
2022-11-20 16:00:00+01:00,140.53
2022-11-20 17:00:00+01:00,145.07
2022-11-20 18:00:00+01:00,158.31
2022-11-20 19:00:00+01:00,191.49
2022-11-20 20:00:00+01:00,202.48
2022-11-20 21:00:00+01:00,176.22
2022-11-20 22:00:00+01:00,146.46
2022-11-20 23:00:00+01:00,125.28
2022-11-21 00:00:00+01:00,137.59
2022-11-21 01:00:00+01:00,100.1
2022-11-21 02:00:00+01:00,87.74
2022-11-21 03:00:00+01:00,79.57
2022-11-21 04:00:00+01:00,80.98
2022-11-21 05:00:00+01:00,80.22
2022-11-21 06:00:00+01:00,83.78
2022-11-21 07:00:00+01:00,126.6
2022-11-21 08:00:00+01:00,150.69
2022-11-21 09:00:00+01:00,152.2
2022-11-21 10:00:00+01:00,148.82
2022-11-21 11:00:00+01:00,196.95
2022-11-21 12:00:00+01:00,198.87
2022-11-21 13:00:00+01:00,197.09
2022-11-21 14:00:00+01:00,128.44
2022-11-21 15:00:00+01:00,115.14
2022-11-21 16:00:00+01:00,118.18
2022-11-21 17:00:00+01:00,130.42
2022-11-21 18:00:00+01:00,150.96
2022-11-21 19:00:00+01:00,194.89
2022-11-21 20:00:00+01:00,194.97
2022-11-21 21:00:00+01:00,200.37
2022-11-21 22:00:00+01:00,167.09
2022-11-21 23:00:00+01:00,104.2
2022-11-22 00:00:00+01:00,74.41
2022-11-22 01:00:00+01:00,73.15
2022-11-22 02:00:00+01:00,75.22
2022-11-22 03:00:00+01:00,76.75
2022-11-22 04:00:00+01:00,79.63
2022-11-22 05:00:00+01:00,78.65
2022-11-22 06:00:00+01:00,79.48
2022-11-22 07:00:00+01:00,118.36
2022-11-22 08:00:00+01:00,155.37
2022-11-22 09:00:00+01:00,154.19
2022-11-22 10:00:00+01:00,183.45
2022-11-22 11:00:00+01:00,161.55
2022-11-22 12:00:00+01:00,156.41
2022-11-22 13:00:00+01:00,153.19
2022-11-22 14:00:00+01:00,156.1
2022-11-22 15:00:00+01:00,116.05
2022-11-22 16:00:00+01:00,132.49
2022-11-22 17:00:00+01:00,153.64
2022-11-22 18:00:00+01:00,202.33
2022-11-22 19:00:00+01:00,208.09
2022-11-22 20:00:00+01:00,209.29
2022-11-22 21:00:00+01:00,200.88
2022-11-22 22:00:00+01:00,130.79
2022-11-22 23:00:00+01:00,99.54
2022-11-23 00:00:00+01:00,93.52
2022-11-23 01:00:00+01:00,22.6
2022-11-23 02:00:00+01:00,17.05
2022-11-23 03:00:00+01:00,12.19
2022-11-23 04:00:00+01:00,11.68
2022-11-23 05:00:00+01:00,12.8
2022-11-23 06:00:00+01:00,62.43
2022-11-23 07:00:00+01:00,112.39
2022-11-23 08:00:00+01:00,150.97
2022-11-23 09:00:00+01:00,154.93
2022-11-23 10:00:00+01:00,153.7
2022-11-23 11:00:00+01:00,202.51
2022-11-23 12:00:00+01:00,204.24
2022-11-23 13:00:00+01:00,206.94
2022-11-23 14:00:00+01:00,163.04
2022-11-23 15:00:00+01:00,174.95
2022-11-23 16:00:00+01:00,196.94
2022-11-23 17:00:00+01:00,202.86
2022-11-23 18:00:00+01:00,255.33
2022-11-23 19:00:00+01:00,266.88
2022-11-23 20:00:00+01:00,283.81
2022-11-23 21:00:00+01:00,272.59
2022-11-23 22:00:00+01:00,218.64
2022-11-23 23:00:00+01:00,199.91
2022-11-24 00:00:00+01:00,210.04
2022-11-24 01:00:00+01:00,187.1
2022-11-24 02:00:00+01:00,182.54
2022-11-24 03:00:00+01:00,177.29
2022-11-24 04:00:00+01:00,176.13
2022-11-24 05:00:00+01:00,171.25
2022-11-24 06:00:00+01:00,183.07
2022-11-24 07:00:00+01:00,202.66
2022-11-24 08:00:00+01:00,216.31
2022-11-24 09:00:00+01:00,209.26
2022-11-24 10:00:00+01:00,244.28
2022-11-24 11:00:00+01:00,234.29
2022-11-24 12:00:00+01:00,236.7
2022-11-24 13:00:00+01:00,241.58
2022-11-24 14:00:00+01:00,196.46
2022-11-24 15:00:00+01:00,209.37
2022-11-24 16:00:00+01:00,232.92
2022-11-24 17:00:00+01:00,238.18
2022-11-24 18:00:00+01:00,298.08
2022-11-24 19:00:00+01:00,330.85
2022-11-24 20:00:00+01:00,339.1
2022-11-24 21:00:00+01:00,331.43
2022-11-24 22:00:00+01:00,244.57
2022-11-24 23:00:00+01:00,236.7
2022-11-25 00:00:00+01:00,235.27
2022-11-25 01:00:00+01:00,216.87
2022-11-25 02:00:00+01:00,197.91
2022-11-25 03:00:00+01:00,185.32
2022-11-25 04:00:00+01:00,180.98
2022-11-25 05:00:00+01:00,184.58
2022-11-25 06:00:00+01:00,192.06
2022-11-25 07:00:00+01:00,213.91
2022-11-25 08:00:00+01:00,249.76
2022-11-25 09:00:00+01:00,243.7
2022-11-25 10:00:00+01:00,293.69
2022-11-25 11:00:00+01:00,281.57
2022-11-25 12:00:00+01:00,251.45
2022-11-25 13:00:00+01:00,240.22
2022-11-25 14:00:00+01:00,225.22
2022-11-25 15:00:00+01:00,180.43
2022-11-25 16:00:00+01:00,226.69
2022-11-25 17:00:00+01:00,257.47
2022-11-25 18:00:00+01:00,306.04
2022-11-25 19:00:00+01:00,320.73
2022-11-25 20:00:00+01:00,330.54
2022-11-25 21:00:00+01:00,317.19
2022-11-25 22:00:00+01:00,256.67
2022-11-25 23:00:00+01:00,262.08
2022-11-26 00:00:00+01:00,213.45
2022-11-26 01:00:00+01:00,177.47
2022-11-26 02:00:00+01:00,189.36
2022-11-26 03:00:00+01:00,185.82
2022-11-26 04:00:00+01:00,185.31
2022-11-26 05:00:00+01:00,184.64
2022-11-26 06:00:00+01:00,204.84
2022-11-26 07:00:00+01:00,203.01
2022-11-26 08:00:00+01:00,209.21
2022-11-26 09:00:00+01:00,202.19
2022-11-26 10:00:00+01:00,178.25
2022-11-26 11:00:00+01:00,156.53
2022-11-26 12:00:00+01:00,157.5
2022-11-26 13:00:00+01:00,160.22
2022-11-26 14:00:00+01:00,159.81
2022-11-26 15:00:00+01:00,162.58
2022-11-26 16:00:00+01:00,209.93
2022-11-26 17:00:00+01:00,230.79
2022-11-26 18:00:00+01:00,249.18
2022-11-26 19:00:00+01:00,252.75
2022-11-26 20:00:00+01:00,260.75
2022-11-26 21:00:00+01:00,257.52
2022-11-26 22:00:00+01:00,242.33
2022-11-26 23:00:00+01:00,242.68
2022-11-27 00:00:00+01:00,234.58
2022-11-27 01:00:00+01:00,232.24
2022-11-27 02:00:00+01:00,223.67
2022-11-27 03:00:00+01:00,197.53
2022-11-27 04:00:00+01:00,199.2
2022-11-27 05:00:00+01:00,197.54
2022-11-27 06:00:00+01:00,195.1
2022-11-27 07:00:00+01:00,204.6
2022-11-27 08:00:00+01:00,195.53
2022-11-27 09:00:00+01:00,172.8
2022-11-27 10:00:00+01:00,154.38
2022-11-27 11:00:00+01:00,147.11
2022-11-27 12:00:00+01:00,146.77
2022-11-27 13:00:00+01:00,154.62
2022-11-27 14:00:00+01:00,155.41
2022-11-27 15:00:00+01:00,159.96
2022-11-27 16:00:00+01:00,183.38
2022-11-27 17:00:00+01:00,222.64
2022-11-27 18:00:00+01:00,225.77
2022-11-27 19:00:00+01:00,226.06
2022-11-27 20:00:00+01:00,224.11
2022-11-27 21:00:00+01:00,214.41
2022-11-27 22:00:00+01:00,202.27
2022-11-27 23:00:00+01:00,169.81
2022-11-28 00:00:00+01:00,166.97
2022-11-28 01:00:00+01:00,161.27
2022-11-28 02:00:00+01:00,151.6
2022-11-28 03:00:00+01:00,150.96
2022-11-28 04:00:00+01:00,141.41
2022-11-28 05:00:00+01:00,130.07
2022-11-28 06:00:00+01:00,140.37
2022-11-28 07:00:00+01:00,149.67
2022-11-28 08:00:00+01:00,195.96
2022-11-28 09:00:00+01:00,165.97
2022-11-28 10:00:00+01:00,152.56
2022-11-28 11:00:00+01:00,194.2
2022-11-28 12:00:00+01:00,182.88
2022-11-28 13:00:00+01:00,165.63
2022-11-28 14:00:00+01:00,165.87
2022-11-28 15:00:00+01:00,137.2
2022-11-28 16:00:00+01:00,158.79
2022-11-28 17:00:00+01:00,184.18
2022-11-28 18:00:00+01:00,222.04
2022-11-28 19:00:00+01:00,281.55
2022-11-28 20:00:00+01:00,304.44
2022-11-28 21:00:00+01:00,295.98
2022-11-28 22:00:00+01:00,282.81
2022-11-28 23:00:00+01:00,219.29
2022-11-29 00:00:00+01:00,188.71
2022-11-29 01:00:00+01:00,173.82
2022-11-29 02:00:00+01:00,171.73
2022-11-29 03:00:00+01:00,174.31
2022-11-29 04:00:00+01:00,172.8
2022-11-29 05:00:00+01:00,171.16
2022-11-29 06:00:00+01:00,186.19
2022-11-29 07:00:00+01:00,213.98
2022-11-29 08:00:00+01:00,231.94
2022-11-29 09:00:00+01:00,196.11
2022-11-29 10:00:00+01:00,175.09
2022-11-29 11:00:00+01:00,220.76
2022-11-29 12:00:00+01:00,223.41
2022-11-29 13:00:00+01:00,222.8
2022-11-29 14:00:00+01:00,175.01
2022-11-29 15:00:00+01:00,178.15
2022-11-29 16:00:00+01:00,223.75
2022-11-29 17:00:00+01:00,245.53
2022-11-29 18:00:00+01:00,320.77
2022-11-29 19:00:00+01:00,344.75
2022-11-29 20:00:00+01:00,352.19
2022-11-29 21:00:00+01:00,329.14
2022-11-29 22:00:00+01:00,261.38
2022-11-29 23:00:00+01:00,261.24
2022-11-30 00:00:00+01:00,240.23
2022-11-30 01:00:00+01:00,246.87
2022-11-30 02:00:00+01:00,259.5
2022-11-30 03:00:00+01:00,264.29
2022-11-30 04:00:00+01:00,264.72
2022-11-30 05:00:00+01:00,262.21
2022-11-30 06:00:00+01:00,251.45
2022-11-30 07:00:00+01:00,256.91
2022-11-30 08:00:00+01:00,289.9
2022-11-30 09:00:00+01:00,274.77
2022-11-30 10:00:00+01:00,317.3
2022-11-30 11:00:00+01:00,315.9
2022-11-30 12:00:00+01:00,316.69
2022-11-30 13:00:00+01:00,316.89
2022-11-30 14:00:00+01:00,314.14
2022-11-30 15:00:00+01:00,273.61
2022-11-30 16:00:00+01:00,279.64
2022-11-30 17:00:00+01:00,313.31
2022-11-30 18:00:00+01:00,322.91
2022-11-30 19:00:00+01:00,378.03
2022-11-30 20:00:00+01:00,377.51
2022-11-30 21:00:00+01:00,377.53
2022-11-30 22:00:00+01:00,355.03
2022-11-30 23:00:00+01:00,276.03
2022-12-01 00:00:00+01:00,294.87
2022-12-01 01:00:00+01:00,279.62
2022-12-01 02:00:00+01:00,289.24
2022-12-01 03:00:00+01:00,291.84
2022-12-01 04:00:00+01:00,274.74
2022-12-01 05:00:00+01:00,279.32
2022-12-01 06:00:00+01:00,280.77
2022-12-01 07:00:00+01:00,268.49
2022-12-01 08:00:00+01:00,299.74
2022-12-01 09:00:00+01:00,292.39
2022-12-01 10:00:00+01:00,275.31
2022-12-01 11:00:00+01:00,320.33
2022-12-01 12:00:00+01:00,319.69
2022-12-01 13:00:00+01:00,326.02
2022-12-01 14:00:00+01:00,275.8
2022-12-01 15:00:00+01:00,278.98
2022-12-01 16:00:00+01:00,277.53
2022-12-01 17:00:00+01:00,292.71
2022-12-01 18:00:00+01:00,351.3
2022-12-01 19:00:00+01:00,354.9
2022-12-01 20:00:00+01:00,359.34
2022-12-01 21:00:00+01:00,347.31
2022-12-01 22:00:00+01:00,289.53
2022-12-01 23:00:00+01:00,277.12
2022-12-02 00:00:00+01:00,279.07
2022-12-02 01:00:00+01:00,281.67
2022-12-02 02:00:00+01:00,282.55
2022-12-02 03:00:00+01:00,287.8
2022-12-02 04:00:00+01:00,289.22
2022-12-02 05:00:00+01:00,293.89
2022-12-02 06:00:00+01:00,290.26
2022-12-02 07:00:00+01:00,295.79
2022-12-02 08:00:00+01:00,313.02
2022-12-02 09:00:00+01:00,282.32
2022-12-02 10:00:00+01:00,250.56
2022-12-02 11:00:00+01:00,289.03
2022-12-02 12:00:00+01:00,293.35
2022-12-02 13:00:00+01:00,319.97
2022-12-02 14:00:00+01:00,267.63
2022-12-02 15:00:00+01:00,256.03
2022-12-02 16:00:00+01:00,294.92
2022-12-02 17:00:00+01:00,339.65
2022-12-02 18:00:00+01:00,404.08
2022-12-02 19:00:00+01:00,403.72
2022-12-02 20:00:00+01:00,404.32
2022-12-02 21:00:00+01:00,398.78
2022-12-02 22:00:00+01:00,394.77
2022-12-02 23:00:00+01:00,350.95
2022-12-03 00:00:00+01:00,266.11
2022-12-03 01:00:00+01:00,252.32
2022-12-03 02:00:00+01:00,249.17
2022-12-03 03:00:00+01:00,256.45
2022-12-03 04:00:00+01:00,262.27
2022-12-03 05:00:00+01:00,262.21
2022-12-03 06:00:00+01:00,261.57
2022-12-03 07:00:00+01:00,265.2
2022-12-03 08:00:00+01:00,271.14
2022-12-03 09:00:00+01:00,254.85
2022-12-03 10:00:00+01:00,227.78
2022-12-03 11:00:00+01:00,208.62
2022-12-03 12:00:00+01:00,204.8
2022-12-03 13:00:00+01:00,211.02
2022-12-03 14:00:00+01:00,213.72
2022-12-03 15:00:00+01:00,219.45
2022-12-03 16:00:00+01:00,218.42
2022-12-03 17:00:00+01:00,240.26
2022-12-03 18:00:00+01:00,260.55
2022-12-03 19:00:00+01:00,264.78
2022-12-03 20:00:00+01:00,267.51
2022-12-03 21:00:00+01:00,265.57
2022-12-03 22:00:00+01:00,263.28
2022-12-03 23:00:00+01:00,270.79
2022-12-04 00:00:00+01:00,324.87
2022-12-04 01:00:00+01:00,327.45
2022-12-04 02:00:00+01:00,340.23
2022-12-04 03:00:00+01:00,341.76
2022-12-04 04:00:00+01:00,339.1
2022-12-04 05:00:00+01:00,338.93
2022-12-04 06:00:00+01:00,343.46
2022-12-04 07:00:00+01:00,330.24
2022-12-04 08:00:00+01:00,323.92
2022-12-04 09:00:00+01:00,318.1
2022-12-04 10:00:00+01:00,298.8
2022-12-04 11:00:00+01:00,288.07
2022-12-04 12:00:00+01:00,280.91
2022-12-04 13:00:00+01:00,283.69
2022-12-04 14:00:00+01:00,285.73
2022-12-04 15:00:00+01:00,292.22
2022-12-04 16:00:00+01:00,311.48
2022-12-04 17:00:00+01:00,338.06
2022-12-04 18:00:00+01:00,367.49
2022-12-04 19:00:00+01:00,388.27
2022-12-04 20:00:00+01:00,387.58
2022-12-04 21:00:00+01:00,346.64
2022-12-04 22:00:00+01:00,316.52
2022-12-04 23:00:00+01:00,303.08
2022-12-05 00:00:00+01:00,385.4
2022-12-05 01:00:00+01:00,335.6
2022-12-05 02:00:00+01:00,320.65
2022-12-05 03:00:00+01:00,321.78
2022-12-05 04:00:00+01:00,315.36
2022-12-05 05:00:00+01:00,314.45
2022-12-05 06:00:00+01:00,300.0
2022-12-05 07:00:00+01:00,359.48
2022-12-05 08:00:00+01:00,383.56
2022-12-05 09:00:00+01:00,380.48
2022-12-05 10:00:00+01:00,418.77
2022-12-05 11:00:00+01:00,414.86
2022-12-05 12:00:00+01:00,406.38
2022-12-05 13:00:00+01:00,407.89
2022-12-05 14:00:00+01:00,414.38
2022-12-05 15:00:00+01:00,358.63
2022-12-05 16:00:00+01:00,362.45
2022-12-05 17:00:00+01:00,372.13
2022-12-05 18:00:00+01:00,436.95
2022-12-05 19:00:00+01:00,443.35
2022-12-05 20:00:00+01:00,450.23
2022-12-05 21:00:00+01:00,450.64
2022-12-05 22:00:00+01:00,438.72
2022-12-05 23:00:00+01:00,382.91
2022-12-06 00:00:00+01:00,369.23
2022-12-06 01:00:00+01:00,385.1
2022-12-06 02:00:00+01:00,394.4
2022-12-06 03:00:00+01:00,404.41
2022-12-06 04:00:00+01:00,410.55
2022-12-06 05:00:00+01:00,419.76
2022-12-06 06:00:00+01:00,406.64
2022-12-06 07:00:00+01:00,382.55
2022-12-06 08:00:00+01:00,367.7
2022-12-06 09:00:00+01:00,353.91
2022-12-06 10:00:00+01:00,349.13
2022-12-06 11:00:00+01:00,339.77
2022-12-06 12:00:00+01:00,342.88
2022-12-06 13:00:00+01:00,348.07
2022-12-06 14:00:00+01:00,350.55
2022-12-06 15:00:00+01:00,352.84
2022-12-06 16:00:00+01:00,373.94
2022-12-06 17:00:00+01:00,369.37
2022-12-06 18:00:00+01:00,376.85
2022-12-06 19:00:00+01:00,391.05
2022-12-06 20:00:00+01:00,405.39
2022-12-06 21:00:00+01:00,398.81
2022-12-06 22:00:00+01:00,383.5
2022-12-06 23:00:00+01:00,376.22
2022-12-07 00:00:00+01:00,372.93
2022-12-07 01:00:00+01:00,386.81
2022-12-07 02:00:00+01:00,403.31
2022-12-07 03:00:00+01:00,412.5
2022-12-07 04:00:00+01:00,416.03
2022-12-07 05:00:00+01:00,403.31
2022-12-07 06:00:00+01:00,372.04
2022-12-07 07:00:00+01:00,348.87
2022-12-07 08:00:00+01:00,371.61
2022-12-07 09:00:00+01:00,365.16
2022-12-07 10:00:00+01:00,404.23
2022-12-07 11:00:00+01:00,385.94
2022-12-07 12:00:00+01:00,384.7
2022-12-07 13:00:00+01:00,381.67
2022-12-07 14:00:00+01:00,379.47
2022-12-07 15:00:00+01:00,334.72
2022-12-07 16:00:00+01:00,333.97
2022-12-07 17:00:00+01:00,342.23
2022-12-07 18:00:00+01:00,352.9
2022-12-07 19:00:00+01:00,398.2
2022-12-07 20:00:00+01:00,386.29
2022-12-07 21:00:00+01:00,381.29
2022-12-07 22:00:00+01:00,383.54
2022-12-07 23:00:00+01:00,327.66
2022-12-08 00:00:00+01:00,273.87
2022-12-08 01:00:00+01:00,260.96
2022-12-08 02:00:00+01:00,260.53
2022-12-08 03:00:00+01:00,263.89
2022-12-08 04:00:00+01:00,263.55
2022-12-08 05:00:00+01:00,263.33
2022-12-08 06:00:00+01:00,260.79
2022-12-08 07:00:00+01:00,257.37
2022-12-08 08:00:00+01:00,254.55
2022-12-08 09:00:00+01:00,248.45
2022-12-08 10:00:00+01:00,227.2
2022-12-08 11:00:00+01:00,220.87
2022-12-08 12:00:00+01:00,220.44
2022-12-08 13:00:00+01:00,221.14
2022-12-08 14:00:00+01:00,218.9
2022-12-08 15:00:00+01:00,216.91
2022-12-08 16:00:00+01:00,231.98
2022-12-08 17:00:00+01:00,250.26
2022-12-08 18:00:00+01:00,263.16
2022-12-08 19:00:00+01:00,274.0
2022-12-08 20:00:00+01:00,275.32
2022-12-08 21:00:00+01:00,262.05
2022-12-08 22:00:00+01:00,243.77
2022-12-08 23:00:00+01:00,217.41
2022-12-09 00:00:00+01:00,272.6
2022-12-09 01:00:00+01:00,279.27
2022-12-09 02:00:00+01:00,283.75
2022-12-09 03:00:00+01:00,286.53
2022-12-09 04:00:00+01:00,286.09
2022-12-09 05:00:00+01:00,285.15
2022-12-09 06:00:00+01:00,276.37
2022-12-09 07:00:00+01:00,310.5
2022-12-09 08:00:00+01:00,333.22
2022-12-09 09:00:00+01:00,318.39
2022-12-09 10:00:00+01:00,350.05
2022-12-09 11:00:00+01:00,348.82
2022-12-09 12:00:00+01:00,335.97
2022-12-09 13:00:00+01:00,341.15
2022-12-09 14:00:00+01:00,349.09
2022-12-09 15:00:00+01:00,308.14
2022-12-09 16:00:00+01:00,313.71
2022-12-09 17:00:00+01:00,321.92
2022-12-09 18:00:00+01:00,320.87
2022-12-09 19:00:00+01:00,371.45
2022-12-09 20:00:00+01:00,367.99
2022-12-09 21:00:00+01:00,360.69
2022-12-09 22:00:00+01:00,288.72
2022-12-09 23:00:00+01:00,275.8
2022-12-10 00:00:00+01:00,230.39
2022-12-10 01:00:00+01:00,232.41
2022-12-10 02:00:00+01:00,220.19
2022-12-10 03:00:00+01:00,198.92
2022-12-10 04:00:00+01:00,196.62
2022-12-10 05:00:00+01:00,197.07
2022-12-10 06:00:00+01:00,222.45
2022-12-10 07:00:00+01:00,231.22
2022-12-10 08:00:00+01:00,226.1
2022-12-10 09:00:00+01:00,217.18
2022-12-10 10:00:00+01:00,206.34
2022-12-10 11:00:00+01:00,202.5
2022-12-10 12:00:00+01:00,200.42
2022-12-10 13:00:00+01:00,200.59
2022-12-10 14:00:00+01:00,201.0
2022-12-10 15:00:00+01:00,205.82
2022-12-10 16:00:00+01:00,213.9
2022-12-10 17:00:00+01:00,234.52
2022-12-10 18:00:00+01:00,274.01
2022-12-10 19:00:00+01:00,297.45
2022-12-10 20:00:00+01:00,311.78
2022-12-10 21:00:00+01:00,312.83
2022-12-10 22:00:00+01:00,311.63
2022-12-10 23:00:00+01:00,301.97
2022-12-11 00:00:00+01:00,330.78
2022-12-11 01:00:00+01:00,292.25
2022-12-11 02:00:00+01:00,276.59
2022-12-11 03:00:00+01:00,280.75
2022-12-11 04:00:00+01:00,284.46
2022-12-11 05:00:00+01:00,287.58
2022-12-11 06:00:00+01:00,287.7
2022-12-11 07:00:00+01:00,288.23
2022-12-11 08:00:00+01:00,300.22
2022-12-11 09:00:00+01:00,305.68
2022-12-11 10:00:00+01:00,298.75
2022-12-11 11:00:00+01:00,286.01
2022-12-11 12:00:00+01:00,269.05
2022-12-11 13:00:00+01:00,272.52
2022-12-11 14:00:00+01:00,278.79
2022-12-11 15:00:00+01:00,270.85
2022-12-11 16:00:00+01:00,284.7
2022-12-11 17:00:00+01:00,296.91
2022-12-11 18:00:00+01:00,311.18
2022-12-11 19:00:00+01:00,311.9
2022-12-11 20:00:00+01:00,314.93
2022-12-11 21:00:00+01:00,312.13
2022-12-11 22:00:00+01:00,297.19
2022-12-11 23:00:00+01:00,280.49
2022-12-12 00:00:00+01:00,219.71
2022-12-12 01:00:00+01:00,187.98
2022-12-12 02:00:00+01:00,193.66
2022-12-12 03:00:00+01:00,192.83
2022-12-12 04:00:00+01:00,186.2
2022-12-12 05:00:00+01:00,184.28
2022-12-12 06:00:00+01:00,198.59
2022-12-12 07:00:00+01:00,208.14
2022-12-12 08:00:00+01:00,239.95
2022-12-12 09:00:00+01:00,237.85
2022-12-12 10:00:00+01:00,273.13
2022-12-12 11:00:00+01:00,252.37
2022-12-12 12:00:00+01:00,248.65
2022-12-12 13:00:00+01:00,225.52
2022-12-12 14:00:00+01:00,176.8
2022-12-12 15:00:00+01:00,176.14
2022-12-12 16:00:00+01:00,183.32
2022-12-12 17:00:00+01:00,201.92
2022-12-12 18:00:00+01:00,259.1
2022-12-12 19:00:00+01:00,270.92
2022-12-12 20:00:00+01:00,277.97
2022-12-12 21:00:00+01:00,268.75
2022-12-12 22:00:00+01:00,208.04
2022-12-12 23:00:00+01:00,180.42
2022-12-13 00:00:00+01:00,42.25
2022-12-13 01:00:00+01:00,43.51
2022-12-13 02:00:00+01:00,44.78
2022-12-13 03:00:00+01:00,45.43
2022-12-13 04:00:00+01:00,51.09
2022-12-13 05:00:00+01:00,49.88
2022-12-13 06:00:00+01:00,148.37
2022-12-13 07:00:00+01:00,165.69
2022-12-13 08:00:00+01:00,232.56
2022-12-13 09:00:00+01:00,245.86
2022-12-13 10:00:00+01:00,290.46
2022-12-13 11:00:00+01:00,286.08
2022-12-13 12:00:00+01:00,293.57
2022-12-13 13:00:00+01:00,297.13
2022-12-13 14:00:00+01:00,294.1
2022-12-13 15:00:00+01:00,256.48
2022-12-13 16:00:00+01:00,256.31
2022-12-13 17:00:00+01:00,245.79
2022-12-13 18:00:00+01:00,295.04
2022-12-13 19:00:00+01:00,299.1
2022-12-13 20:00:00+01:00,304.58
2022-12-13 21:00:00+01:00,288.77
2022-12-13 22:00:00+01:00,245.13
2022-12-13 23:00:00+01:00,180.18
2022-12-14 00:00:00+01:00,44.71
2022-12-14 01:00:00+01:00,44.05
2022-12-14 02:00:00+01:00,44.52
2022-12-14 03:00:00+01:00,45.43
2022-12-14 04:00:00+01:00,37.21
2022-12-14 05:00:00+01:00,36.33
2022-12-14 06:00:00+01:00,46.26
2022-12-14 07:00:00+01:00,119.82
2022-12-14 08:00:00+01:00,151.97
2022-12-14 09:00:00+01:00,163.74
2022-12-14 10:00:00+01:00,203.45
2022-12-14 11:00:00+01:00,201.74
2022-12-14 12:00:00+01:00,203.21
2022-12-14 13:00:00+01:00,206.02
2022-12-14 14:00:00+01:00,161.46
2022-12-14 15:00:00+01:00,177.25
2022-12-14 16:00:00+01:00,197.99
2022-12-14 17:00:00+01:00,229.24
2022-12-14 18:00:00+01:00,314.68
2022-12-14 19:00:00+01:00,348.63
2022-12-14 20:00:00+01:00,352.67
2022-12-14 21:00:00+01:00,308.92
2022-12-14 22:00:00+01:00,208.94
2022-12-14 23:00:00+01:00,166.65
2022-12-15 00:00:00+01:00,206.98
2022-12-15 01:00:00+01:00,165.84
2022-12-15 02:00:00+01:00,159.71
2022-12-15 03:00:00+01:00,161.66
2022-12-15 04:00:00+01:00,163.71
2022-12-15 05:00:00+01:00,174.79
2022-12-15 06:00:00+01:00,218.38
2022-12-15 07:00:00+01:00,264.57
2022-12-15 08:00:00+01:00,272.45
2022-12-15 09:00:00+01:00,263.43
2022-12-15 10:00:00+01:00,252.39
2022-12-15 11:00:00+01:00,292.84
2022-12-15 12:00:00+01:00,294.94
2022-12-15 13:00:00+01:00,294.46
2022-12-15 14:00:00+01:00,245.78
2022-12-15 15:00:00+01:00,250.21
2022-12-15 16:00:00+01:00,255.35
2022-12-15 17:00:00+01:00,279.92
2022-12-15 18:00:00+01:00,293.11
2022-12-15 19:00:00+01:00,377.89
2022-12-15 20:00:00+01:00,367.97
2022-12-15 21:00:00+01:00,327.83
2022-12-15 22:00:00+01:00,261.16
2022-12-15 23:00:00+01:00,250.78
2022-12-16 00:00:00+01:00,225.96
2022-12-16 01:00:00+01:00,220.66
2022-12-16 02:00:00+01:00,212.13
2022-12-16 03:00:00+01:00,204.42
2022-12-16 04:00:00+01:00,199.63
2022-12-16 05:00:00+01:00,201.95
2022-12-16 06:00:00+01:00,203.44
2022-12-16 07:00:00+01:00,202.05
2022-12-16 08:00:00+01:00,242.98
2022-12-16 09:00:00+01:00,234.32
2022-12-16 10:00:00+01:00,228.51
2022-12-16 11:00:00+01:00,267.29
2022-12-16 12:00:00+01:00,268.94
2022-12-16 13:00:00+01:00,269.87
2022-12-16 14:00:00+01:00,219.38
2022-12-16 15:00:00+01:00,226.18
2022-12-16 16:00:00+01:00,250.95
2022-12-16 17:00:00+01:00,252.33
2022-12-16 18:00:00+01:00,265.32
2022-12-16 19:00:00+01:00,316.64
2022-12-16 20:00:00+01:00,319.46
2022-12-16 21:00:00+01:00,317.55
2022-12-16 22:00:00+01:00,308.5
2022-12-16 23:00:00+01:00,258.85
2022-12-17 00:00:00+01:00,268.35
2022-12-17 01:00:00+01:00,279.27
2022-12-17 02:00:00+01:00,284.9
2022-12-17 03:00:00+01:00,280.72
2022-12-17 04:00:00+01:00,282.41
2022-12-17 05:00:00+01:00,285.05
2022-12-17 06:00:00+01:00,281.81
2022-12-17 07:00:00+01:00,249.23
2022-12-17 08:00:00+01:00,253.43
2022-12-17 09:00:00+01:00,251.65
2022-12-17 10:00:00+01:00,230.4
2022-12-17 11:00:00+01:00,225.88
2022-12-17 12:00:00+01:00,223.16
2022-12-17 13:00:00+01:00,219.06
2022-12-17 14:00:00+01:00,207.81
2022-12-17 15:00:00+01:00,210.82
2022-12-17 16:00:00+01:00,229.49
2022-12-17 17:00:00+01:00,244.74
2022-12-17 18:00:00+01:00,262.44
2022-12-17 19:00:00+01:00,263.11
2022-12-17 20:00:00+01:00,263.08
2022-12-17 21:00:00+01:00,254.14
2022-12-17 22:00:00+01:00,239.54
2022-12-17 23:00:00+01:00,218.26
2022-12-18 00:00:00+01:00,229.34
2022-12-18 01:00:00+01:00,192.3
2022-12-18 02:00:00+01:00,200.26
2022-12-18 03:00:00+01:00,199.23
2022-12-18 04:00:00+01:00,194.75
2022-12-18 05:00:00+01:00,189.37
2022-12-18 06:00:00+01:00,190.66
2022-12-18 07:00:00+01:00,185.29
2022-12-18 08:00:00+01:00,183.72
2022-12-18 09:00:00+01:00,167.64
2022-12-18 10:00:00+01:00,153.07
2022-12-18 11:00:00+01:00,148.6
2022-12-18 12:00:00+01:00,143.74
2022-12-18 13:00:00+01:00,145.11
2022-12-18 14:00:00+01:00,144.03
2022-12-18 15:00:00+01:00,143.11
2022-12-18 16:00:00+01:00,152.62
2022-12-18 17:00:00+01:00,173.82
2022-12-18 18:00:00+01:00,171.5
2022-12-18 19:00:00+01:00,165.48
2022-12-18 20:00:00+01:00,167.0
2022-12-18 21:00:00+01:00,160.65
2022-12-18 22:00:00+01:00,148.45
2022-12-18 23:00:00+01:00,154.15
2022-12-19 00:00:00+01:00,143.13
2022-12-19 01:00:00+01:00,123.01
2022-12-19 02:00:00+01:00,113.03
2022-12-19 03:00:00+01:00,112.7
2022-12-19 04:00:00+01:00,113.05
2022-12-19 05:00:00+01:00,112.58
2022-12-19 06:00:00+01:00,125.97
2022-12-19 07:00:00+01:00,137.84
2022-12-19 08:00:00+01:00,180.25
2022-12-19 09:00:00+01:00,175.99
2022-12-19 10:00:00+01:00,198.05
2022-12-19 11:00:00+01:00,195.63
2022-12-19 12:00:00+01:00,193.91
2022-12-19 13:00:00+01:00,193.59
2022-12-19 14:00:00+01:00,146.55
2022-12-19 15:00:00+01:00,148.69
2022-12-19 16:00:00+01:00,172.04
2022-12-19 17:00:00+01:00,194.83
2022-12-19 18:00:00+01:00,252.12
2022-12-19 19:00:00+01:00,258.9
2022-12-19 20:00:00+01:00,264.1
2022-12-19 21:00:00+01:00,251.41
2022-12-19 22:00:00+01:00,169.5
2022-12-19 23:00:00+01:00,143.08
2022-12-20 00:00:00+01:00,96.73
2022-12-20 01:00:00+01:00,53.59
2022-12-20 02:00:00+01:00,48.97
2022-12-20 03:00:00+01:00,50.16
2022-12-20 04:00:00+01:00,48.48
2022-12-20 05:00:00+01:00,49.42
2022-12-20 06:00:00+01:00,49.16
2022-12-20 07:00:00+01:00,109.58
2022-12-20 08:00:00+01:00,168.01
2022-12-20 09:00:00+01:00,172.02
2022-12-20 10:00:00+01:00,166.93
2022-12-20 11:00:00+01:00,210.25
2022-12-20 12:00:00+01:00,210.14
2022-12-20 13:00:00+01:00,199.84
2022-12-20 14:00:00+01:00,191.39
2022-12-20 15:00:00+01:00,162.56
2022-12-20 16:00:00+01:00,166.54
2022-12-20 17:00:00+01:00,173.66
2022-12-20 18:00:00+01:00,222.77
2022-12-20 19:00:00+01:00,229.39
2022-12-20 20:00:00+01:00,223.44
2022-12-20 21:00:00+01:00,214.49
2022-12-20 22:00:00+01:00,195.17
2022-12-20 23:00:00+01:00,116.94
2022-12-21 00:00:00+01:00,105.05
2022-12-21 01:00:00+01:00,94.67
2022-12-21 02:00:00+01:00,83.96
2022-12-21 03:00:00+01:00,80.82
2022-12-21 04:00:00+01:00,80.6
2022-12-21 05:00:00+01:00,95.26
2022-12-21 06:00:00+01:00,100.4
2022-12-21 07:00:00+01:00,103.17
2022-12-21 08:00:00+01:00,141.27
2022-12-21 09:00:00+01:00,143.83
2022-12-21 10:00:00+01:00,134.73
2022-12-21 11:00:00+01:00,162.4
2022-12-21 12:00:00+01:00,161.25
2022-12-21 13:00:00+01:00,159.86
2022-12-21 14:00:00+01:00,157.73
2022-12-21 15:00:00+01:00,116.96
2022-12-21 16:00:00+01:00,132.95
2022-12-21 17:00:00+01:00,148.49
2022-12-21 18:00:00+01:00,203.42
2022-12-21 19:00:00+01:00,209.25
2022-12-21 20:00:00+01:00,212.84
2022-12-21 21:00:00+01:00,204.93
2022-12-21 22:00:00+01:00,132.29
2022-12-21 23:00:00+01:00,122.29
2022-12-22 00:00:00+01:00,67.0
2022-12-22 01:00:00+01:00,75.81
2022-12-22 02:00:00+01:00,74.5
2022-12-22 03:00:00+01:00,78.99
2022-12-22 04:00:00+01:00,81.51
2022-12-22 05:00:00+01:00,84.48
2022-12-22 06:00:00+01:00,84.43
2022-12-22 07:00:00+01:00,88.47
2022-12-22 08:00:00+01:00,127.83
2022-12-22 09:00:00+01:00,131.4
2022-12-22 10:00:00+01:00,119.17
2022-12-22 11:00:00+01:00,158.06
2022-12-22 12:00:00+01:00,149.96
2022-12-22 13:00:00+01:00,149.75
2022-12-22 14:00:00+01:00,101.57
2022-12-22 15:00:00+01:00,103.57
2022-12-22 16:00:00+01:00,121.05
2022-12-22 17:00:00+01:00,121.34
2022-12-22 18:00:00+01:00,135.26
2022-12-22 19:00:00+01:00,186.17
2022-12-22 20:00:00+01:00,186.85
2022-12-22 21:00:00+01:00,184.67
2022-12-22 22:00:00+01:00,123.49
2022-12-22 23:00:00+01:00,101.92
2022-12-23 00:00:00+01:00,42.01
2022-12-23 01:00:00+01:00,38.24
2022-12-23 02:00:00+01:00,40.0
2022-12-23 03:00:00+01:00,41.47
2022-12-23 04:00:00+01:00,40.88
2022-12-23 05:00:00+01:00,40.18
2022-12-23 06:00:00+01:00,42.97
2022-12-23 07:00:00+01:00,47.74
2022-12-23 08:00:00+01:00,80.38
2022-12-23 09:00:00+01:00,77.35
2022-12-23 10:00:00+01:00,64.2
2022-12-23 11:00:00+01:00,113.33
2022-12-23 12:00:00+01:00,108.2
2022-12-23 13:00:00+01:00,109.65
2022-12-23 14:00:00+01:00,61.11
2022-12-23 15:00:00+01:00,66.39
2022-12-23 16:00:00+01:00,61.93
2022-12-23 17:00:00+01:00,86.81
2022-12-23 18:00:00+01:00,166.73
2022-12-23 19:00:00+01:00,172.7
2022-12-23 20:00:00+01:00,176.66
2022-12-23 21:00:00+01:00,166.82
2022-12-23 22:00:00+01:00,101.25
2022-12-23 23:00:00+01:00,76.17
2022-12-24 00:00:00+01:00,95.83
2022-12-24 01:00:00+01:00,72.93
2022-12-24 02:00:00+01:00,73.83
2022-12-24 03:00:00+01:00,76.55
2022-12-24 04:00:00+01:00,76.99
2022-12-24 05:00:00+01:00,78.56
2022-12-24 06:00:00+01:00,77.76
2022-12-24 07:00:00+01:00,73.63
2022-12-24 08:00:00+01:00,96.11
2022-12-24 09:00:00+01:00,89.9
2022-12-24 10:00:00+01:00,84.27
2022-12-24 11:00:00+01:00,62.07
2022-12-24 12:00:00+01:00,59.17
2022-12-24 13:00:00+01:00,58.56
2022-12-24 14:00:00+01:00,57.09
2022-12-24 15:00:00+01:00,58.5
2022-12-24 16:00:00+01:00,78.84
2022-12-24 17:00:00+01:00,91.55
2022-12-24 18:00:00+01:00,152.79
2022-12-24 19:00:00+01:00,106.32
2022-12-24 20:00:00+01:00,92.32
2022-12-24 21:00:00+01:00,78.4
2022-12-24 22:00:00+01:00,57.04
2022-12-24 23:00:00+01:00,55.37
2022-12-25 00:00:00+01:00,46.11
2022-12-25 01:00:00+01:00,47.52
2022-12-25 02:00:00+01:00,49.2
2022-12-25 03:00:00+01:00,53.38
2022-12-25 04:00:00+01:00,55.57
2022-12-25 05:00:00+01:00,55.39
2022-12-25 06:00:00+01:00,54.55
2022-12-25 07:00:00+01:00,51.17
2022-12-25 08:00:00+01:00,48.71
2022-12-25 09:00:00+01:00,52.75
2022-12-25 10:00:00+01:00,45.59
2022-12-25 11:00:00+01:00,42.33
2022-12-25 12:00:00+01:00,42.62
2022-12-25 13:00:00+01:00,43.04
2022-12-25 14:00:00+01:00,43.77
2022-12-25 15:00:00+01:00,47.6
2022-12-25 16:00:00+01:00,47.91
2022-12-25 17:00:00+01:00,63.91
2022-12-25 18:00:00+01:00,82.66
2022-12-25 19:00:00+01:00,83.18
2022-12-25 20:00:00+01:00,87.16
2022-12-25 21:00:00+01:00,87.76
2022-12-25 22:00:00+01:00,89.2
2022-12-25 23:00:00+01:00,88.04
2022-12-26 00:00:00+01:00,112.08
2022-12-26 01:00:00+01:00,106.48
2022-12-26 02:00:00+01:00,105.35
2022-12-26 03:00:00+01:00,102.9
2022-12-26 04:00:00+01:00,103.54
2022-12-26 05:00:00+01:00,108.17
2022-12-26 06:00:00+01:00,102.32
2022-12-26 07:00:00+01:00,102.48
2022-12-26 08:00:00+01:00,130.06
2022-12-26 09:00:00+01:00,128.2
2022-12-26 10:00:00+01:00,132.2
2022-12-26 11:00:00+01:00,177.92
2022-12-26 12:00:00+01:00,173.55
2022-12-26 13:00:00+01:00,173.53
2022-12-26 14:00:00+01:00,177.65
2022-12-26 15:00:00+01:00,134.41
2022-12-26 16:00:00+01:00,157.34
2022-12-26 17:00:00+01:00,206.07
2022-12-26 18:00:00+01:00,305.36
2022-12-26 19:00:00+01:00,330.96
2022-12-26 20:00:00+01:00,282.4
2022-12-26 21:00:00+01:00,271.05
2022-12-26 22:00:00+01:00,240.94
2022-12-26 23:00:00+01:00,215.08
2022-12-27 00:00:00+01:00,142.74
2022-12-27 01:00:00+01:00,156.4
2022-12-27 02:00:00+01:00,146.27
2022-12-27 03:00:00+01:00,130.81
2022-12-27 04:00:00+01:00,131.52
2022-12-27 05:00:00+01:00,152.89
2022-12-27 06:00:00+01:00,164.04
2022-12-27 07:00:00+01:00,179.45
2022-12-27 08:00:00+01:00,237.12
2022-12-27 09:00:00+01:00,239.63
2022-12-27 10:00:00+01:00,251.52
2022-12-27 11:00:00+01:00,207.08
2022-12-27 12:00:00+01:00,206.85
2022-12-27 13:00:00+01:00,200.78
2022-12-27 14:00:00+01:00,144.08
2022-12-27 15:00:00+01:00,159.48
2022-12-27 16:00:00+01:00,179.25
2022-12-27 17:00:00+01:00,241.94
2022-12-27 18:00:00+01:00,298.13
2022-12-27 19:00:00+01:00,290.87
2022-12-27 20:00:00+01:00,276.62
2022-12-27 21:00:00+01:00,254.1
2022-12-27 22:00:00+01:00,183.22
2022-12-27 23:00:00+01:00,176.59
2022-12-28 00:00:00+01:00,87.4
2022-12-28 01:00:00+01:00,82.09
2022-12-28 02:00:00+01:00,78.11
2022-12-28 03:00:00+01:00,76.32
2022-12-28 04:00:00+01:00,69.44
2022-12-28 05:00:00+01:00,68.19
2022-12-28 06:00:00+01:00,72.47
2022-12-28 07:00:00+01:00,89.39
2022-12-28 08:00:00+01:00,128.37
2022-12-28 09:00:00+01:00,121.03
2022-12-28 10:00:00+01:00,153.6
2022-12-28 11:00:00+01:00,142.5
2022-12-28 12:00:00+01:00,136.03
2022-12-28 13:00:00+01:00,133.02
2022-12-28 14:00:00+01:00,126.62
2022-12-28 15:00:00+01:00,84.9
2022-12-28 16:00:00+01:00,101.81
2022-12-28 17:00:00+01:00,120.14
2022-12-28 18:00:00+01:00,137.83
2022-12-28 19:00:00+01:00,188.63
2022-12-28 20:00:00+01:00,172.56
2022-12-28 21:00:00+01:00,157.63
2022-12-28 22:00:00+01:00,96.8
2022-12-28 23:00:00+01:00,78.27
2022-12-29 00:00:00+01:00,46.13
2022-12-29 01:00:00+01:00,49.35
2022-12-29 02:00:00+01:00,49.75
2022-12-29 03:00:00+01:00,52.54
2022-12-29 04:00:00+01:00,52.0
2022-12-29 05:00:00+01:00,50.65
2022-12-29 06:00:00+01:00,48.78
2022-12-29 07:00:00+01:00,46.48
2022-12-29 08:00:00+01:00,82.4
2022-12-29 09:00:00+01:00,84.09
2022-12-29 10:00:00+01:00,76.13
2022-12-29 11:00:00+01:00,123.66
2022-12-29 12:00:00+01:00,124.5
2022-12-29 13:00:00+01:00,123.82
2022-12-29 14:00:00+01:00,122.25
2022-12-29 15:00:00+01:00,76.69
2022-12-29 16:00:00+01:00,78.6
2022-12-29 17:00:00+01:00,78.98
2022-12-29 18:00:00+01:00,87.28
2022-12-29 19:00:00+01:00,133.08
2022-12-29 20:00:00+01:00,132.32
2022-12-29 21:00:00+01:00,128.53
2022-12-29 22:00:00+01:00,126.19
2022-12-29 23:00:00+01:00,67.99
2022-12-30 00:00:00+01:00,37.31
2022-12-30 01:00:00+01:00,41.78
2022-12-30 02:00:00+01:00,41.39
2022-12-30 03:00:00+01:00,43.36
2022-12-30 04:00:00+01:00,42.64
2022-12-30 05:00:00+01:00,42.91
2022-12-30 06:00:00+01:00,44.39
2022-12-30 07:00:00+01:00,40.52
2022-12-30 08:00:00+01:00,58.79
2022-12-30 09:00:00+01:00,59.63
2022-12-30 10:00:00+01:00,102.49
2022-12-30 11:00:00+01:00,102.98
2022-12-30 12:00:00+01:00,103.55
2022-12-30 13:00:00+01:00,103.19
2022-12-30 14:00:00+01:00,56.31
2022-12-30 15:00:00+01:00,55.96
2022-12-30 16:00:00+01:00,59.41
2022-12-30 17:00:00+01:00,62.13
2022-12-30 18:00:00+01:00,121.75
2022-12-30 19:00:00+01:00,121.56
2022-12-30 20:00:00+01:00,113.69
2022-12-30 21:00:00+01:00,102.12
2022-12-30 22:00:00+01:00,106.6
2022-12-30 23:00:00+01:00,61.15
2022-12-31 00:00:00+01:00,43.44
2022-12-31 01:00:00+01:00,45.97
2022-12-31 02:00:00+01:00,49.46
2022-12-31 03:00:00+01:00,47.57
2022-12-31 04:00:00+01:00,45.72
2022-12-31 05:00:00+01:00,45.43
2022-12-31 06:00:00+01:00,49.14
2022-12-31 07:00:00+01:00,50.06
2022-12-31 08:00:00+01:00,49.92
2022-12-31 09:00:00+01:00,38.87
2022-12-31 10:00:00+01:00,27.61
2022-12-31 11:00:00+01:00,25.87
2022-12-31 12:00:00+01:00,25.8
2022-12-31 13:00:00+01:00,27.31
2022-12-31 14:00:00+01:00,27.98
2022-12-31 15:00:00+01:00,28.01
2022-12-31 16:00:00+01:00,32.99
2022-12-31 17:00:00+01:00,29.93
2022-12-31 18:00:00+01:00,47.37
2022-12-31 19:00:00+01:00,44.38
2022-12-31 20:00:00+01:00,34.02
2022-12-31 21:00:00+01:00,30.89
2022-12-31 22:00:00+01:00,32.12
2022-12-31 23:00:00+01:00,32.68
